x,y,z,qx,qy,qz,qw,u
0.05332,0.29582,0.14123,0.50184,0.50156,-0.48646,0.50985,0.00400
0.05332,0.29581,0.14123,0.50184,0.50156,-0.48646,0.50985,0.01200
0.05332,0.29580,0.14123,0.50184,0.50156,-0.48646,0.50985,0.02400
0.05332,0.29578,0.14123,0.50184,0.50156,-0.48646,0.50985,0.04000
0.05332,0.29576,0.14123,0.50184,0.50156,-0.48646,0.50985,0.06000
0.05332,0.29574,0.14123,0.50184,0.50156,-0.48646,0.50985,0.08400
0.05332,0.29571,0.14123,0.50184,0.50156,-0.48646,0.50985,0.11200
0.05332,0.29568,0.14123,0.50184,0.50156,-0.48646,0.50985,0.14400
0.05332,0.29564,0.14123,0.50184,0.50156,-0.48646,0.50985,0.18000
0.05332,0.29560,0.14123,0.50184,0.50156,-0.48646,0.50985,0.22000
0.05332,0.29556,0.14123,0.50184,0.50156,-0.48646,0.50985,0.26400
0.05332,0.29551,0.14123,0.50184,0.50156,-0.48646,0.50985,0.31200
0.05333,0.29546,0.14123,0.50184,0.50156,-0.48646,0.50985,0.36400
0.05333,0.29540,0.14123,0.50184,0.50156,-0.48646,0.50985,0.42000
0.05333,0.29534,0.14123,0.50184,0.50156,-0.48646,0.50985,0.48000
0.05333,0.29528,0.14123,0.50184,0.50156,-0.48646,0.50985,0.54400
0.05333,0.29521,0.14123,0.50184,0.50156,-0.48646,0.50985,0.61200
0.05333,0.29514,0.14123,0.50184,0.50156,-0.48646,0.50985,0.68400
0.05333,0.29506,0.14123,0.50184,0.50156,-0.48646,0.50985,0.76000
0.05334,0.29498,0.14124,0.50184,0.50156,-0.48646,0.50985,0.84000
0.05334,0.29490,0.14124,0.50184,0.50156,-0.48646,0.50985,0.92400
0.05334,0.29481,0.14124,0.50184,0.50156,-0.48646,0.50985,1.01200
0.05334,0.29472,0.14124,0.50184,0.50156,-0.48646,0.50985,1.10400
0.05334,0.29462,0.14124,0.50184,0.50156,-0.48646,0.50985,1.20000
0.05335,0.29452,0.14124,0.50184,0.50156,-0.48646,0.50985,1.30000
0.05335,0.29442,0.14123,0.50184,0.50156,-0.48646,0.50985,1.40000
0.05335,0.29432,0.14123,0.50184,0.50156,-0.48646,0.50985,1.50000
0.05335,0.29422,0.14123,0.50184,0.50156,-0.48646,0.50985,1.60000
0.05336,0.29412,0.14123,0.50184,0.50156,-0.48646,0.50985,1.70000
0.05336,0.29402,0.14123,0.50184,0.50156,-0.48646,0.50985,1.80000
0.05336,0.29392,0.14123,0.50184,0.50156,-0.48646,0.50985,1.90000
0.05336,0.29382,0.14123,0.50184,0.50156,-0.48646,0.50985,2.00000
0.05337,0.29372,0.14123,0.50184,0.50156,-0.48646,0.50985,2.10000
0.05337,0.29362,0.14123,0.50184,0.50156,-0.48646,0.50985,2.20000
0.05337,0.29352,0.14123,0.50184,0.50156,-0.48646,0.50985,2.30000
0.05337,0.29342,0.14123,0.50184,0.50156,-0.48646,0.50985,2.40000
0.05337,0.29332,0.14124,0.50184,0.50156,-0.48646,0.50985,2.50000
0.05338,0.29322,0.14124,0.50184,0.50156,-0.48646,0.50985,2.60000
0.05338,0.29312,0.14124,0.50184,0.50156,-0.48646,0.50985,2.70000
0.05338,0.29302,0.14124,0.50184,0.50156,-0.48646,0.50985,2.80000
0.05338,0.29292,0.14123,0.50184,0.50156,-0.48646,0.50985,2.90000
0.05339,0.29282,0.14123,0.50184,0.50156,-0.48646,0.50985,3.00000
0.05339,0.29272,0.14123,0.50184,0.50156,-0.48646,0.50985,3.10000
0.05339,0.29262,0.14123,0.50184,0.50156,-0.48646,0.50985,3.20000
0.05339,0.29252,0.14123,0.50184,0.50156,-0.48646,0.50985,3.30000
0.05340,0.29242,0.14123,0.50184,0.50156,-0.48646,0.50985,3.40000
0.05340,0.29232,0.14123,0.50184,0.50156,-0.48646,0.50985,3.50000
0.05340,0.29222,0.14123,0.50184,0.50156,-0.48646,0.50985,3.60000
0.05340,0.29212,0.14123,0.50184,0.50156,-0.48646,0.50985,3.70000
0.05340,0.29202,0.14123,0.50184,0.50156,-0.48646,0.50985,3.80000
0.05341,0.29192,0.14123,0.50184,0.50156,-0.48646,0.50985,3.90000
0.05341,0.29182,0.14123,0.50184,0.50156,-0.48646,0.50985,4.00000
0.05341,0.29172,0.14124,0.50184,0.50156,-0.48646,0.50985,4.10000
0.05341,0.29162,0.14124,0.50184,0.50156,-0.48646,0.50985,4.20000
0.05342,0.29152,0.14124,0.50184,0.50156,-0.48646,0.50985,4.30000
0.05342,0.29142,0.14123,0.50184,0.50156,-0.48646,0.50985,4.40000
0.05342,0.29132,0.14123,0.50184,0.50156,-0.48646,0.50985,4.50000
0.05342,0.29122,0.14123,0.50184,0.50156,-0.48646,0.50985,4.60000
0.05343,0.29112,0.14123,0.50184,0.50156,-0.48646,0.50985,4.70000
0.05343,0.29102,0.14123,0.50184,0.50156,-0.48646,0.50985,4.80000
0.05343,0.29092,0.14123,0.50184,0.50156,-0.48646,0.50985,4.90000
0.05343,0.29082,0.14123,0.50184,0.50156,-0.48646,0.50985,5.00000
0.05343,0.29072,0.14123,0.50184,0.50156,-0.48646,0.50985,5.10000
0.05344,0.29062,0.14123,0.50184,0.50156,-0.48646,0.50985,5.20000
0.05344,0.29052,0.14123,0.50184,0.50156,-0.48646,0.50985,5.30000
0.05344,0.29042,0.14123,0.50184,0.50156,-0.48646,0.50985,5.40000
0.05344,0.29032,0.14123,0.50184,0.50156,-0.48646,0.50985,5.50000
0.05345,0.29022,0.14123,0.50184,0.50156,-0.48646,0.50985,5.60000
0.05345,0.29012,0.14124,0.50184,0.50156,-0.48646,0.50985,5.70000
0.05345,0.29002,0.14123,0.50184,0.50156,-0.48646,0.50985,5.80000
0.05345,0.28992,0.14123,0.50184,0.50156,-0.48646,0.50985,5.90000
0.05346,0.28982,0.14123,0.50184,0.50156,-0.48646,0.50985,6.00000
0.05346,0.28972,0.14123,0.50184,0.50156,-0.48646,0.50985,6.10000
0.05346,0.28962,0.14123,0.50184,0.50156,-0.48646,0.50985,6.20000
0.05346,0.28952,0.14123,0.50184,0.50156,-0.48646,0.50985,6.30000
0.05346,0.28942,0.14123,0.50184,0.50156,-0.48646,0.50985,6.40000
0.05347,0.28932,0.14123,0.50184,0.50156,-0.48646,0.50985,6.50000
0.05347,0.28922,0.14123,0.50184,0.50156,-0.48646,0.50985,6.60000
0.05347,0.28912,0.14123,0.50184,0.50156,-0.48646,0.50985,6.70000
0.05347,0.28902,0.14123,0.50184,0.50156,-0.48646,0.50985,6.80000
0.05348,0.28892,0.14123,0.50184,0.50156,-0.48646,0.50985,6.90000
0.05348,0.28882,0.14123,0.50184,0.50156,-0.48646,0.50985,7.00000
0.05348,0.28872,0.14123,0.50184,0.50156,-0.48646,0.50985,7.10000
0.05348,0.28862,0.14123,0.50184,0.50156,-0.48646,0.50985,7.20000
0.05349,0.28852,0.14123,0.50184,0.50156,-0.48646,0.50985,7.30000
0.05349,0.28842,0.14123,0.50184,0.50156,-0.48646,0.50985,7.40000
0.05349,0.28832,0.14123,0.50184,0.50156,-0.48646,0.50985,7.50000
0.05349,0.28822,0.14123,0.50184,0.50156,-0.48646,0.50985,7.60000
0.05349,0.28812,0.14123,0.50184,0.50156,-0.48646,0.50985,7.70000
0.05350,0.28802,0.14123,0.50184,0.50156,-0.48646,0.50985,7.80000
0.05350,0.28792,0.14123,0.50184,0.50156,-0.48646,0.50985,7.90000
0.05350,0.28782,0.14123,0.50184,0.50156,-0.48646,0.50985,8.00000
0.05350,0.28772,0.14123,0.50184,0.50156,-0.48646,0.50985,8.10000
0.05351,0.28762,0.14123,0.50184,0.50156,-0.48646,0.50985,8.20000
0.05351,0.28752,0.14123,0.50184,0.50156,-0.48646,0.50985,8.30000
0.05351,0.28742,0.14123,0.50184,0.50156,-0.48646,0.50985,8.40000
0.05351,0.28732,0.14123,0.50184,0.50156,-0.48646,0.50985,8.50000
0.05352,0.28722,0.14123,0.50184,0.50156,-0.48646,0.50985,8.60000
0.05352,0.28712,0.14123,0.50184,0.50156,-0.48646,0.50985,8.70000
0.05352,0.28702,0.14122,0.50184,0.50156,-0.48646,0.50985,8.80000
0.05352,0.28692,0.14123,0.50184,0.50156,-0.48646,0.50985,8.90000
0.05352,0.28682,0.14123,0.50184,0.50156,-0.48646,0.50985,9.00000
0.05353,0.28672,0.14123,0.50184,0.50156,-0.48646,0.50985,9.10000
0.05353,0.28662,0.14123,0.50184,0.50156,-0.48646,0.50985,9.20000
0.05353,0.28652,0.14123,0.50184,0.50156,-0.48646,0.50985,9.30000
0.05353,0.28642,0.14123,0.50184,0.50156,-0.48646,0.50985,9.40000
0.05354,0.28632,0.14123,0.50184,0.50156,-0.48646,0.50985,9.50000
0.05354,0.28622,0.14123,0.50184,0.50156,-0.48646,0.50985,9.60000
0.05354,0.28612,0.14123,0.50184,0.50156,-0.48646,0.50985,9.70000
0.05354,0.28602,0.14123,0.50184,0.50156,-0.48646,0.50985,9.80000
0.05355,0.28592,0.14123,0.50184,0.50156,-0.48646,0.50985,9.90000
0.05355,0.28582,0.14123,0.50184,0.50156,-0.48646,0.50985,10.00000
0.05355,0.28572,0.14123,0.50184,0.50156,-0.48646,0.50985,10.10000
0.05355,0.28562,0.14122,0.50184,0.50156,-0.48646,0.50985,10.20000
0.05355,0.28552,0.14122,0.50184,0.50156,-0.48646,0.50985,10.30000
0.05356,0.28542,0.14122,0.50184,0.50156,-0.48646,0.50985,10.40000
0.05356,0.28532,0.14123,0.50184,0.50156,-0.48646,0.50985,10.50000
0.05356,0.28522,0.14123,0.50184,0.50156,-0.48646,0.50985,10.60000
0.05356,0.28512,0.14123,0.50184,0.50156,-0.48646,0.50985,10.70000
0.05357,0.28502,0.14123,0.50184,0.50156,-0.48646,0.50985,10.80000
0.05357,0.28492,0.14123,0.50184,0.50156,-0.48646,0.50985,10.90000
0.05357,0.28482,0.14123,0.50184,0.50156,-0.48646,0.50985,11.00000
0.05357,0.28472,0.14123,0.50184,0.50156,-0.48646,0.50985,11.10000
0.05358,0.28462,0.14123,0.50184,0.50156,-0.48646,0.50985,11.20000
0.05358,0.28452,0.14123,0.50184,0.50156,-0.48646,0.50985,11.30000
0.05358,0.28442,0.14123,0.50184,0.50156,-0.48646,0.50985,11.40000
0.05358,0.28432,0.14123,0.50184,0.50156,-0.48646,0.50985,11.50000
0.05358,0.28422,0.14123,0.50184,0.50156,-0.48646,0.50985,11.60000
0.05359,0.28412,0.14122,0.50184,0.50156,-0.48646,0.50985,11.70000
0.05359,0.28402,0.14122,0.50184,0.50156,-0.48646,0.50985,11.80000
0.05359,0.28392,0.14122,0.50184,0.50156,-0.48646,0.50985,11.90000
0.05359,0.28382,0.14122,0.50184,0.50156,-0.48646,0.50985,12.00000
0.05360,0.28372,0.14122,0.50184,0.50156,-0.48646,0.50985,12.10000
0.05360,0.28362,0.14123,0.50184,0.50156,-0.48646,0.50985,12.20000
0.05360,0.28352,0.14123,0.50184,0.50156,-0.48646,0.50985,12.30000
0.05360,0.28342,0.14123,0.50184,0.50156,-0.48646,0.50985,12.40000
0.05361,0.28332,0.14123,0.50184,0.50156,-0.48646,0.50985,12.50000
0.05361,0.28322,0.14123,0.50184,0.50156,-0.48646,0.50985,12.60000
0.05361,0.28312,0.14123,0.50184,0.50156,-0.48646,0.50985,12.70000
0.05361,0.28302,0.14123,0.50184,0.50156,-0.48646,0.50985,12.80000
0.05361,0.28292,0.14123,0.50184,0.50156,-0.48646,0.50985,12.90000
0.05362,0.28282,0.14123,0.50184,0.50156,-0.48646,0.50985,13.00000
0.05362,0.28272,0.14123,0.50184,0.50156,-0.48646,0.50985,13.10000
0.05362,0.28262,0.14122,0.50184,0.50156,-0.48646,0.50985,13.20000
0.05362,0.28252,0.14122,0.50184,0.50156,-0.48646,0.50985,13.30000
0.05363,0.28242,0.14122,0.50184,0.50156,-0.48646,0.50985,13.40000
0.05363,0.28232,0.14122,0.50184,0.50156,-0.48646,0.50985,13.50000
0.05363,0.28222,0.14122,0.50184,0.50156,-0.48646,0.50985,13.60000
0.05363,0.28212,0.14122,0.50184,0.50156,-0.48646,0.50985,13.70000
0.05364,0.28202,0.14123,0.50184,0.50156,-0.48646,0.50985,13.80000
0.05364,0.28192,0.14123,0.50184,0.50156,-0.48646,0.50985,13.90000
0.05364,0.28182,0.14123,0.50184,0.50156,-0.48646,0.50985,14.00000
0.05364,0.28172,0.14123,0.50184,0.50156,-0.48646,0.50985,14.10000
0.05364,0.28162,0.14123,0.50184,0.50156,-0.48646,0.50985,14.20000
0.05365,0.28152,0.14123,0.50184,0.50156,-0.48646,0.50985,14.30000
0.05365,0.28142,0.14123,0.50184,0.50156,-0.48646,0.50985,14.40000
0.05365,0.28132,0.14123,0.50184,0.50156,-0.48646,0.50985,14.50000
0.05365,0.28122,0.14122,0.50184,0.50156,-0.48646,0.50985,14.60000
0.05366,0.28112,0.14122,0.50184,0.50156,-0.48646,0.50985,14.70000
0.05366,0.28102,0.14122,0.50184,0.50156,-0.48646,0.50985,14.80000
0.05366,0.28092,0.14122,0.50184,0.50156,-0.48646,0.50985,14.90000
0.05366,0.28082,0.14122,0.50184,0.50156,-0.48646,0.50985,15.00000
0.05367,0.28072,0.14122,0.50184,0.50156,-0.48646,0.50985,15.10000
0.05367,0.28062,0.14122,0.50184,0.50156,-0.48646,0.50985,15.20000
0.05367,0.28052,0.14122,0.50184,0.50156,-0.48646,0.50985,15.30000
0.05367,0.28042,0.14123,0.50184,0.50156,-0.48646,0.50985,15.40000
0.05367,0.28032,0.14123,0.50184,0.50156,-0.48646,0.50985,15.50000
0.05368,0.28022,0.14123,0.50184,0.50156,-0.48646,0.50985,15.60000
0.05368,0.28012,0.14123,0.50184,0.50156,-0.48646,0.50985,15.70000
0.05368,0.28002,0.14123,0.50184,0.50156,-0.48646,0.50985,15.80000
0.05368,0.27992,0.14123,0.50184,0.50156,-0.48646,0.50985,15.90000
0.05369,0.27982,0.14123,0.50184,0.50156,-0.48646,0.50985,16.00000
0.05369,0.27972,0.14122,0.50184,0.50156,-0.48646,0.50985,16.10000
0.05369,0.27962,0.14122,0.50184,0.50156,-0.48646,0.50985,16.20000
0.05369,0.27952,0.14122,0.50184,0.50156,-0.48646,0.50985,16.30000
0.05370,0.27942,0.14122,0.50184,0.50156,-0.48646,0.50985,16.40000
0.05370,0.27932,0.14122,0.50184,0.50156,-0.48646,0.50985,16.50000
0.05370,0.27922,0.14122,0.50184,0.50156,-0.48646,0.50985,16.60000
0.05370,0.27912,0.14122,0.50184,0.50156,-0.48646,0.50985,16.70000
0.05370,0.27902,0.14122,0.50184,0.50156,-0.48646,0.50985,16.80000
0.05371,0.27892,0.14122,0.50184,0.50156,-0.48646,0.50985,16.90000
0.05371,0.27882,0.14123,0.50184,0.50156,-0.48646,0.50985,17.00000
0.05371,0.27872,0.14123,0.50184,0.50156,-0.48646,0.50985,17.10000
0.05371,0.27862,0.14123,0.50184,0.50156,-0.48646,0.50985,17.20000
0.05372,0.27852,0.14123,0.50184,0.50156,-0.48646,0.50985,17.30000
0.05372,0.27842,0.14123,0.50184,0.50156,-0.48646,0.50985,17.40000
0.05372,0.27833,0.14123,0.50184,0.50156,-0.48646,0.50985,17.50000
0.05372,0.27823,0.14122,0.50184,0.50156,-0.48646,0.50985,17.60000
0.05373,0.27813,0.14122,0.50184,0.50156,-0.48646,0.50985,17.70000
0.05373,0.27803,0.14122,0.50184,0.50156,-0.48646,0.50985,17.80000
0.05373,0.27793,0.14122,0.50184,0.50156,-0.48646,0.50985,17.90000
0.05373,0.27783,0.14122,0.50184,0.50156,-0.48646,0.50985,18.00000
0.05373,0.27773,0.14122,0.50184,0.50156,-0.48646,0.50985,18.10000
0.05374,0.27763,0.14122,0.50184,0.50156,-0.48646,0.50985,18.20000
0.05374,0.27753,0.14122,0.50184,0.50156,-0.48646,0.50985,18.30000
0.05374,0.27743,0.14122,0.50184,0.50156,-0.48646,0.50985,18.40000
0.05374,0.27733,0.14122,0.50184,0.50156,-0.48646,0.50985,18.50000
0.05375,0.27723,0.14123,0.50184,0.50156,-0.48646,0.50985,18.60000
0.05375,0.27713,0.14123,0.50184,0.50156,-0.48646,0.50985,18.70000
0.05375,0.27703,0.14123,0.50184,0.50156,-0.48646,0.50985,18.80000
0.05375,0.27693,0.14123,0.50184,0.50156,-0.48646,0.50985,18.90000
0.05375,0.27683,0.14122,0.50184,0.50156,-0.48646,0.50985,19.00000
0.05376,0.27673,0.14122,0.50184,0.50156,-0.48646,0.50985,19.10000
0.05376,0.27663,0.14122,0.50184,0.50156,-0.48646,0.50985,19.20000
0.05376,0.27653,0.14122,0.50184,0.50156,-0.48646,0.50985,19.30000
0.05376,0.27643,0.14122,0.50184,0.50156,-0.48646,0.50985,19.40000
0.05377,0.27633,0.14122,0.50184,0.50156,-0.48646,0.50985,19.50000
0.05377,0.27623,0.14122,0.50184,0.50156,-0.48646,0.50985,19.60000
0.05377,0.27613,0.14122,0.50184,0.50156,-0.48646,0.50985,19.70000
0.05377,0.27603,0.14122,0.50184,0.50156,-0.48646,0.50985,19.80000
0.05378,0.27593,0.14122,0.50184,0.50156,-0.48646,0.50985,19.90000
0.05378,0.27583,0.14122,0.50184,0.50156,-0.48646,0.50985,20.00000
0.05378,0.27573,0.14122,0.50184,0.50156,-0.48646,0.50985,20.10000
0.05378,0.27563,0.14123,0.50184,0.50156,-0.48646,0.50985,20.20000
0.05378,0.27553,0.14123,0.50184,0.50156,-0.48646,0.50985,20.30000
0.05379,0.27543,0.14123,0.50184,0.50156,-0.48646,0.50985,20.40000
0.05379,0.27533,0.14122,0.50184,0.50156,-0.48646,0.50985,20.50000
0.05379,0.27523,0.14122,0.50184,0.50156,-0.48646,0.50985,20.60000
0.05379,0.27513,0.14122,0.50184,0.50156,-0.48646,0.50985,20.70000
0.05380,0.27503,0.14122,0.50184,0.50156,-0.48646,0.50985,20.80000
0.05380,0.27493,0.14122,0.50184,0.50156,-0.48646,0.50985,20.90000
0.05380,0.27483,0.14122,0.50184,0.50156,-0.48646,0.50985,21.00000
0.05380,0.27473,0.14122,0.50184,0.50156,-0.48646,0.50985,21.10000
0.05381,0.27463,0.14122,0.50184,0.50156,-0.48646,0.50985,21.20000
0.05381,0.27453,0.14122,0.50184,0.50156,-0.48646,0.50985,21.30000
0.05381,0.27443,0.14122,0.50184,0.50156,-0.48646,0.50985,21.40000
0.05381,0.27433,0.14122,0.50184,0.50156,-0.48646,0.50985,21.50000
0.05382,0.27423,0.14122,0.50184,0.50156,-0.48646,0.50985,21.60000
0.05382,0.27413,0.14122,0.50184,0.50156,-0.48646,0.50985,21.70000
0.05382,0.27403,0.14123,0.50184,0.50156,-0.48646,0.50985,21.80000
0.05382,0.27393,0.14123,0.50184,0.50156,-0.48646,0.50985,21.90000
0.05382,0.27383,0.14122,0.50184,0.50156,-0.48646,0.50985,22.00000
0.05383,0.27373,0.14122,0.50184,0.50156,-0.48646,0.50985,22.10000
0.05383,0.27363,0.14122,0.50184,0.50156,-0.48646,0.50985,22.20000
0.05383,0.27353,0.14122,0.50184,0.50156,-0.48646,0.50985,22.30000
0.05383,0.27343,0.14122,0.50184,0.50156,-0.48646,0.50985,22.40000
0.05384,0.27333,0.14122,0.50184,0.50156,-0.48646,0.50985,22.50000
0.05384,0.27323,0.14122,0.50184,0.50156,-0.48646,0.50985,22.60000
0.05384,0.27313,0.14122,0.50184,0.50156,-0.48646,0.50985,22.70000
0.05384,0.27303,0.14122,0.50184,0.50156,-0.48646,0.50985,22.80000
0.05384,0.27293,0.14122,0.50184,0.50156,-0.48646,0.50985,22.90000
0.05385,0.27283,0.14122,0.50184,0.50156,-0.48646,0.50985,23.00000
0.05385,0.27273,0.14122,0.50184,0.50156,-0.48646,0.50985,23.10000
0.05385,0.27263,0.14122,0.50184,0.50156,-0.48646,0.50985,23.20000
0.05385,0.27253,0.14122,0.50184,0.50156,-0.48646,0.50985,23.30000
0.05386,0.27243,0.14122,0.50184,0.50156,-0.48646,0.50985,23.40000
0.05386,0.27233,0.14122,0.50184,0.50156,-0.48646,0.50985,23.50000
0.05386,0.27223,0.14122,0.50184,0.50156,-0.48646,0.50985,23.60000
0.05386,0.27213,0.14122,0.50184,0.50156,-0.48646,0.50985,23.70000
0.05387,0.27203,0.14122,0.50184,0.50156,-0.48646,0.50985,23.80000
0.05387,0.27193,0.14122,0.50184,0.50156,-0.48646,0.50985,23.90000
0.05387,0.27183,0.14122,0.50184,0.50156,-0.48646,0.50985,24.00000
0.05387,0.27173,0.14122,0.50184,0.50156,-0.48646,0.50985,24.10000
0.05387,0.27163,0.14122,0.50184,0.50156,-0.48646,0.50985,24.20000
0.05388,0.27153,0.14122,0.50184,0.50156,-0.48646,0.50985,24.30000
0.05388,0.27143,0.14122,0.50184,0.50156,-0.48646,0.50985,24.40000
0.05388,0.27133,0.14122,0.50184,0.50156,-0.48646,0.50985,24.50000
0.05388,0.27123,0.14122,0.50184,0.50156,-0.48646,0.50985,24.60000
0.05389,0.27113,0.14122,0.50184,0.50156,-0.48646,0.50985,24.70000
0.05389,0.27103,0.14122,0.50184,0.50156,-0.48646,0.50985,24.80000
0.05389,0.27093,0.14121,0.50184,0.50156,-0.48646,0.50985,24.90000
0.05389,0.27083,0.14121,0.50184,0.50156,-0.48646,0.50985,25.00000
0.05390,0.27073,0.14122,0.50184,0.50156,-0.48646,0.50985,25.10000
0.05390,0.27063,0.14122,0.50184,0.50156,-0.48646,0.50985,25.20000
0.05390,0.27053,0.14122,0.50184,0.50156,-0.48646,0.50985,25.30000
0.05390,0.27043,0.14122,0.50184,0.50156,-0.48646,0.50985,25.40000
0.05390,0.27033,0.14122,0.50184,0.50156,-0.48646,0.50985,25.50000
0.05391,0.27023,0.14122,0.50184,0.50156,-0.48646,0.50985,25.60000
0.05391,0.27013,0.14122,0.50184,0.50156,-0.48646,0.50985,25.70000
0.05391,0.27003,0.14122,0.50184,0.50156,-0.48646,0.50985,25.80000
0.05391,0.26993,0.14122,0.50184,0.50156,-0.48646,0.50985,25.90000
0.05392,0.26983,0.14122,0.50184,0.50156,-0.48646,0.50985,26.00000
0.05392,0.26973,0.14122,0.50184,0.50156,-0.48646,0.50985,26.10000
0.05392,0.26963,0.14122,0.50184,0.50156,-0.48646,0.50985,26.20000
0.05392,0.26953,0.14122,0.50184,0.50156,-0.48646,0.50985,26.30000
0.05393,0.26943,0.14121,0.50184,0.50156,-0.48646,0.50985,26.40000
0.05393,0.26933,0.14121,0.50184,0.50156,-0.48646,0.50985,26.50000
0.05393,0.26923,0.14121,0.50184,0.50156,-0.48646,0.50985,26.60000
0.05393,0.26913,0.14122,0.50184,0.50156,-0.48646,0.50985,26.70000
0.05393,0.26903,0.14122,0.50184,0.50156,-0.48646,0.50985,26.80000
0.05394,0.26893,0.14122,0.50184,0.50156,-0.48646,0.50985,26.90000
0.05394,0.26883,0.14122,0.50184,0.50156,-0.48646,0.50985,27.00000
0.05394,0.26873,0.14122,0.50184,0.50156,-0.48646,0.50985,27.10000
0.05394,0.26863,0.14122,0.50184,0.50156,-0.48646,0.50985,27.20000
0.05395,0.26853,0.14122,0.50184,0.50156,-0.48646,0.50985,27.30000
0.05395,0.26843,0.14122,0.50184,0.50156,-0.48646,0.50985,27.40000
0.05395,0.26833,0.14122,0.50184,0.50156,-0.48646,0.50985,27.50000
0.05395,0.26823,0.14122,0.50184,0.50156,-0.48646,0.50985,27.60000
0.05396,0.26813,0.14122,0.50184,0.50156,-0.48646,0.50985,27.70000
0.05396,0.26803,0.14121,0.50184,0.50156,-0.48646,0.50985,27.80000
0.05396,0.26793,0.14121,0.50184,0.50156,-0.48646,0.50985,27.90000
0.05396,0.26783,0.14121,0.50184,0.50156,-0.48646,0.50985,28.00000
0.05396,0.26773,0.14121,0.50184,0.50156,-0.48646,0.50985,28.10000
0.05397,0.26763,0.14121,0.50184,0.50156,-0.48646,0.50985,28.20000
0.05397,0.26753,0.14122,0.50184,0.50156,-0.48646,0.50985,28.30000
0.05397,0.26743,0.14122,0.50184,0.50156,-0.48646,0.50985,28.40000
0.05397,0.26733,0.14122,0.50184,0.50156,-0.48646,0.50985,28.50000
0.05398,0.26723,0.14122,0.50184,0.50156,-0.48646,0.50985,28.60000
0.05398,0.26713,0.14122,0.50184,0.50156,-0.48646,0.50985,28.70000
0.05398,0.26703,0.14122,0.50184,0.50156,-0.48646,0.50985,28.80000
0.05398,0.26693,0.14122,0.50184,0.50156,-0.48646,0.50985,28.90000
0.05399,0.26683,0.14122,0.50184,0.50156,-0.48646,0.50985,29.00000
0.05399,0.26673,0.14122,0.50184,0.50156,-0.48646,0.50985,29.10000
0.05399,0.26663,0.14122,0.50184,0.50156,-0.48646,0.50985,29.20000
0.05399,0.26653,0.14121,0.50184,0.50156,-0.48646,0.50985,29.30000
0.05399,0.26643,0.14121,0.50184,0.50156,-0.48646,0.50985,29.40000
0.05400,0.26633,0.14121,0.50184,0.50156,-0.48646,0.50985,29.50000
0.05400,0.26623,0.14121,0.50184,0.50156,-0.48646,0.50985,29.60000
0.05400,0.26613,0.14121,0.50184,0.50156,-0.48646,0.50985,29.70000
0.05400,0.26603,0.14121,0.50184,0.50156,-0.48646,0.50985,29.80000
0.05401,0.26593,0.14122,0.50184,0.50156,-0.48646,0.50985,29.90000
0.05401,0.26583,0.14122,0.50184,0.50156,-0.48646,0.50985,30.00000
0.05401,0.26573,0.14122,0.50184,0.50156,-0.48646,0.50985,30.10000
0.05401,0.26563,0.14122,0.50184,0.50156,-0.48646,0.50985,30.20000
0.05402,0.26553,0.14122,0.50184,0.50156,-0.48646,0.50985,30.30000
0.05402,0.26543,0.14122,0.50184,0.50156,-0.48646,0.50985,30.40000
0.05402,0.26533,0.14122,0.50184,0.50156,-0.48646,0.50985,30.50000
0.05402,0.26523,0.14122,0.50184,0.50156,-0.48646,0.50985,30.60000
0.05402,0.26513,0.14122,0.50184,0.50156,-0.48646,0.50985,30.70000
0.05403,0.26503,0.14121,0.50184,0.50156,-0.48646,0.50985,30.80000
0.05403,0.26493,0.14121,0.50184,0.50156,-0.48646,0.50985,30.90000
0.05403,0.26483,0.14121,0.50184,0.50156,-0.48646,0.50985,31.00000
0.05403,0.26473,0.14121,0.50184,0.50156,-0.48646,0.50985,31.10000
0.05404,0.26463,0.14121,0.50184,0.50156,-0.48646,0.50985,31.20000
0.05404,0.26453,0.14121,0.50184,0.50156,-0.48646,0.50985,31.30000
0.05404,0.26443,0.14121,0.50184,0.50156,-0.48646,0.50985,31.40000
0.05404,0.26433,0.14122,0.50184,0.50156,-0.48646,0.50985,31.50000
0.05405,0.26423,0.14122,0.50184,0.50156,-0.48646,0.50985,31.60000
0.05405,0.26413,0.14122,0.50184,0.50156,-0.48646,0.50985,31.70000
0.05405,0.26403,0.14122,0.50184,0.50156,-0.48646,0.50985,31.80000
0.05405,0.26393,0.14122,0.50184,0.50156,-0.48646,0.50985,31.90000
0.05405,0.26383,0.14122,0.50184,0.50156,-0.48646,0.50985,32.00000
0.05406,0.26373,0.14122,0.50184,0.50156,-0.48646,0.50985,32.10000
0.05406,0.26363,0.14121,0.50184,0.50156,-0.48646,0.50985,32.20000
0.05406,0.26353,0.14121,0.50184,0.50156,-0.48646,0.50985,32.30000
0.05406,0.26343,0.14121,0.50184,0.50156,-0.48646,0.50985,32.40000
0.05407,0.26333,0.14121,0.50184,0.50156,-0.48646,0.50985,32.50000
0.05407,0.26323,0.14121,0.50184,0.50156,-0.48646,0.50985,32.60000
0.05407,0.26313,0.14121,0.50184,0.50156,-0.48646,0.50985,32.70000
0.05407,0.26303,0.14121,0.50184,0.50156,-0.48646,0.50985,32.80000
0.05408,0.26293,0.14121,0.50184,0.50156,-0.48646,0.50985,32.90000
0.05408,0.26283,0.14121,0.50184,0.50156,-0.48646,0.50985,33.00000
0.05408,0.26273,0.14122,0.50184,0.50156,-0.48646,0.50985,33.10000
0.05408,0.26263,0.14122,0.50184,0.50156,-0.48646,0.50985,33.20000
0.05408,0.26253,0.14122,0.50184,0.50156,-0.48646,0.50985,33.30000
0.05409,0.26243,0.14122,0.50184,0.50156,-0.48646,0.50985,33.40000
0.05409,0.26233,0.14122,0.50184,0.50156,-0.48646,0.50985,33.50000
0.05409,0.26223,0.14122,0.50184,0.50156,-0.48646,0.50985,33.60000
0.05409,0.26213,0.14121,0.50184,0.50156,-0.48646,0.50985,33.70000
0.05410,0.26203,0.14121,0.50184,0.50156,-0.48646,0.50985,33.80000
0.05410,0.26193,0.14121,0.50184,0.50156,-0.48646,0.50985,33.90000
0.05410,0.26183,0.14121,0.50184,0.50156,-0.48646,0.50985,34.00000
0.05410,0.26173,0.14121,0.50184,0.50156,-0.48646,0.50985,34.10000
0.05411,0.26163,0.14121,0.50184,0.50156,-0.48646,0.50985,34.20000
0.05411,0.26153,0.14121,0.50184,0.50156,-0.48646,0.50985,34.30000
0.05411,0.26143,0.14121,0.50184,0.50156,-0.48646,0.50985,34.40000
0.05411,0.26133,0.14121,0.50184,0.50156,-0.48646,0.50985,34.50000
0.05411,0.26123,0.14121,0.50184,0.50156,-0.48646,0.50985,34.60000
0.05412,0.26113,0.14122,0.50184,0.50156,-0.48646,0.50985,34.70000
0.05412,0.26103,0.14122,0.50184,0.50156,-0.48646,0.50985,34.80000
0.05412,0.26093,0.14122,0.50184,0.50156,-0.48646,0.50985,34.90000
0.05412,0.26083,0.14122,0.50184,0.50156,-0.48646,0.50985,35.00000
0.05413,0.26073,0.14122,0.50184,0.50156,-0.48646,0.50985,35.10000
0.05413,0.26063,0.14121,0.50184,0.50156,-0.48646,0.50985,35.20000
0.05413,0.26053,0.14121,0.50184,0.50156,-0.48646,0.50985,35.30000
0.05413,0.26043,0.14121,0.50184,0.50156,-0.48646,0.50985,35.40000
0.05414,0.26033,0.14121,0.50184,0.50156,-0.48646,0.50985,35.50000
0.05414,0.26023,0.14121,0.50184,0.50156,-0.48646,0.50985,35.60000
0.05414,0.26013,0.14121,0.50184,0.50156,-0.48646,0.50985,35.70000
0.05414,0.26003,0.14121,0.50184,0.50156,-0.48646,0.50985,35.80000
0.05414,0.25993,0.14121,0.50184,0.50156,-0.48646,0.50985,35.90000
0.05415,0.25983,0.14121,0.50184,0.50156,-0.48646,0.50985,36.00000
0.05415,0.25973,0.14121,0.50184,0.50156,-0.48646,0.50985,36.10000
0.05415,0.25963,0.14121,0.50184,0.50156,-0.48646,0.50985,36.20000
0.05415,0.25953,0.14121,0.50184,0.50156,-0.48646,0.50985,36.30000
0.05416,0.25943,0.14122,0.50184,0.50156,-0.48646,0.50985,36.40000
0.05416,0.25933,0.14122,0.50184,0.50156,-0.48646,0.50985,36.50000
0.05416,0.25923,0.14121,0.50184,0.50156,-0.48646,0.50985,36.60000
0.05416,0.25913,0.14121,0.50184,0.50156,-0.48646,0.50985,36.70000
0.05417,0.25903,0.14121,0.50184,0.50156,-0.48646,0.50985,36.80000
0.05417,0.25893,0.14121,0.50184,0.50156,-0.48646,0.50985,36.90000
0.05417,0.25883,0.14121,0.50184,0.50156,-0.48646,0.50985,37.00000
0.05417,0.25873,0.14121,0.50184,0.50156,-0.48646,0.50985,37.10000
0.05417,0.25863,0.14121,0.50184,0.50156,-0.48646,0.50985,37.20000
0.05418,0.25853,0.14121,0.50184,0.50156,-0.48646,0.50985,37.30000
0.05418,0.25843,0.14121,0.50184,0.50156,-0.48646,0.50985,37.40000
0.05418,0.25833,0.14121,0.50184,0.50156,-0.48646,0.50985,37.50000
0.05418,0.25823,0.14121,0.50184,0.50156,-0.48646,0.50985,37.60000
0.05419,0.25813,0.14121,0.50184,0.50156,-0.48646,0.50985,37.70000
0.05419,0.25803,0.14121,0.50184,0.50156,-0.48646,0.50985,37.80000
0.05419,0.25793,0.14121,0.50184,0.50156,-0.48646,0.50985,37.90000
0.05419,0.25783,0.14122,0.50184,0.50156,-0.48646,0.50985,38.00000
0.05420,0.25773,0.14121,0.50184,0.50156,-0.48646,0.50985,38.10000
0.05420,0.25763,0.14121,0.50184,0.50156,-0.48646,0.50985,38.20000
0.05420,0.25753,0.14121,0.50184,0.50156,-0.48646,0.50985,38.30000
0.05420,0.25743,0.14121,0.50184,0.50156,-0.48646,0.50985,38.40000
0.05420,0.25733,0.14121,0.50184,0.50156,-0.48646,0.50985,38.50000
0.05421,0.25723,0.14121,0.50184,0.50156,-0.48646,0.50985,38.60000
0.05421,0.25713,0.14121,0.50184,0.50156,-0.48646,0.50985,38.70000
0.05421,0.25703,0.14121,0.50184,0.50156,-0.48646,0.50985,38.80000
0.05421,0.25693,0.14121,0.50184,0.50156,-0.48646,0.50985,38.90000
0.05422,0.25683,0.14121,0.50184,0.50156,-0.48646,0.50985,39.00000
0.05422,0.25673,0.14121,0.50184,0.50156,-0.48646,0.50985,39.10000
0.05422,0.25663,0.14121,0.50184,0.50156,-0.48646,0.50985,39.20000
0.05422,0.25653,0.14121,0.50184,0.50156,-0.48646,0.50985,39.30000
0.05423,0.25643,0.14121,0.50184,0.50156,-0.48646,0.50985,39.40000
0.05423,0.25633,0.14121,0.50184,0.50156,-0.48646,0.50985,39.50000
0.05423,0.25623,0.14121,0.50184,0.50156,-0.48646,0.50985,39.60000
0.05423,0.25613,0.14121,0.50184,0.50156,-0.48646,0.50985,39.70000
0.05423,0.25603,0.14121,0.50184,0.50156,-0.48646,0.50985,39.80000
0.05424,0.25593,0.14121,0.50184,0.50156,-0.48646,0.50985,39.90000
0.05424,0.25583,0.14121,0.50184,0.50156,-0.48646,0.50985,40.00000
0.05424,0.25573,0.14121,0.50184,0.50156,-0.48646,0.50985,40.10000
0.05424,0.25563,0.14121,0.50184,0.50156,-0.48646,0.50985,40.20000
0.05425,0.25553,0.14121,0.50184,0.50156,-0.48646,0.50985,40.30000
0.05425,0.25543,0.14121,0.50184,0.50156,-0.48646,0.50985,40.40000
0.05425,0.25533,0.14121,0.50184,0.50156,-0.48646,0.50985,40.50000
0.05425,0.25523,0.14121,0.50184,0.50156,-0.48646,0.50985,40.60000
0.05426,0.25513,0.14121,0.50184,0.50156,-0.48646,0.50985,40.70000
0.05426,0.25503,0.14121,0.50184,0.50156,-0.48646,0.50985,40.80000
0.05426,0.25493,0.14121,0.50184,0.50156,-0.48646,0.50985,40.90000
0.05426,0.25483,0.14120,0.50184,0.50156,-0.48646,0.50985,41.00000
0.05426,0.25473,0.14120,0.50184,0.50156,-0.48646,0.50985,41.10000
0.05427,0.25463,0.14121,0.50184,0.50156,-0.48646,0.50985,41.20000
0.05427,0.25453,0.14121,0.50184,0.50156,-0.48646,0.50985,41.30000
0.05427,0.25443,0.14121,0.50184,0.50156,-0.48646,0.50985,41.40000
0.05427,0.25433,0.14121,0.50184,0.50156,-0.48646,0.50985,41.50000
0.05428,0.25423,0.14121,0.50184,0.50156,-0.48646,0.50985,41.60000
0.05428,0.25413,0.14121,0.50184,0.50156,-0.48646,0.50985,41.70000
0.05428,0.25403,0.14121,0.50184,0.50156,-0.48646,0.50985,41.80000
0.05428,0.25393,0.14121,0.50184,0.50156,-0.48646,0.50985,41.90000
0.05429,0.25383,0.14121,0.50184,0.50156,-0.48646,0.50985,42.00000
0.05429,0.25373,0.14121,0.50184,0.50156,-0.48646,0.50985,42.10000
0.05429,0.25363,0.14121,0.50184,0.50156,-0.48646,0.50985,42.20000
0.05429,0.25353,0.14121,0.50184,0.50156,-0.48646,0.50985,42.30000
0.05429,0.25343,0.14121,0.50184,0.50156,-0.48646,0.50985,42.40000
0.05430,0.25333,0.14120,0.50184,0.50156,-0.48646,0.50985,42.50000
0.05430,0.25323,0.14120,0.50184,0.50156,-0.48646,0.50985,42.60000
0.05430,0.25313,0.14120,0.50184,0.50156,-0.48646,0.50985,42.70000
0.05430,0.25303,0.14121,0.50184,0.50156,-0.48646,0.50985,42.80000
0.05431,0.25293,0.14121,0.50184,0.50156,-0.48646,0.50985,42.90000
0.05431,0.25283,0.14121,0.50184,0.50156,-0.48646,0.50985,43.00000
0.05431,0.25273,0.14121,0.50184,0.50156,-0.48646,0.50985,43.10000
0.05431,0.25263,0.14121,0.50184,0.50156,-0.48646,0.50985,43.20000
0.05432,0.25253,0.14121,0.50184,0.50156,-0.48646,0.50985,43.30000
0.05432,0.25243,0.14121,0.50184,0.50156,-0.48646,0.50985,43.40000
0.05432,0.25233,0.14121,0.50184,0.50156,-0.48646,0.50985,43.50000
0.05432,0.25223,0.14121,0.50184,0.50156,-0.48646,0.50985,43.60000
0.05432,0.25213,0.14121,0.50184,0.50156,-0.48646,0.50985,43.70000
0.05433,0.25203,0.14121,0.50184,0.50156,-0.48646,0.50985,43.80000
0.05433,0.25193,0.14121,0.50184,0.50156,-0.48646,0.50985,43.90000
0.05433,0.25183,0.14120,0.50184,0.50156,-0.48646,0.50985,44.00000
0.05433,0.25173,0.14120,0.50184,0.50156,-0.48646,0.50985,44.10000
0.05434,0.25163,0.14120,0.50184,0.50156,-0.48646,0.50985,44.20000
0.05434,0.25153,0.14120,0.50184,0.50156,-0.48646,0.50985,44.30000
0.05434,0.25143,0.14121,0.50184,0.50156,-0.48646,0.50985,44.40000
0.05434,0.25133,0.14121,0.50184,0.50156,-0.48646,0.50985,44.50000
0.05435,0.25123,0.14121,0.50184,0.50156,-0.48646,0.50985,44.60000
0.05435,0.25113,0.14121,0.50184,0.50156,-0.48646,0.50985,44.70000
0.05435,0.25103,0.14121,0.50184,0.50156,-0.48646,0.50985,44.80000
0.05435,0.25093,0.14121,0.50184,0.50156,-0.48646,0.50985,44.90000
0.05435,0.25083,0.14121,0.50184,0.50156,-0.48646,0.50985,45.00000
0.05436,0.25073,0.14121,0.50184,0.50156,-0.48646,0.50985,45.10000
0.05436,0.25063,0.14121,0.50184,0.50156,-0.48646,0.50985,45.20000
0.05436,0.25053,0.14121,0.50184,0.50156,-0.48646,0.50985,45.30000
0.05436,0.25043,0.14120,0.50184,0.50156,-0.48646,0.50985,45.40000
0.05437,0.25033,0.14120,0.50184,0.50156,-0.48646,0.50985,45.50000
0.05437,0.25023,0.14120,0.50184,0.50156,-0.48646,0.50985,45.60000
0.05437,0.25013,0.14120,0.50184,0.50156,-0.48646,0.50985,45.70000
0.05437,0.25003,0.14120,0.50184,0.50156,-0.48646,0.50985,45.80000
0.05438,0.24993,0.14120,0.50184,0.50156,-0.48646,0.50985,45.90000
0.05438,0.24983,0.14121,0.50184,0.50156,-0.48646,0.50985,46.00000
0.05438,0.24973,0.14121,0.50184,0.50156,-0.48646,0.50985,46.10000
0.05438,0.24963,0.14121,0.50184,0.50156,-0.48646,0.50985,46.20000
0.05438,0.24953,0.14121,0.50184,0.50156,-0.48646,0.50985,46.30000
0.05439,0.24943,0.14121,0.50184,0.50156,-0.48646,0.50985,46.40000
0.05439,0.24933,0.14121,0.50184,0.50156,-0.48646,0.50985,46.50000
0.05439,0.24923,0.14121,0.50184,0.50156,-0.48646,0.50985,46.60000
0.05439,0.24913,0.14121,0.50184,0.50156,-0.48646,0.50985,46.70000
0.05440,0.24903,0.14121,0.50184,0.50156,-0.48646,0.50985,46.80000
0.05440,0.24893,0.14120,0.50184,0.50156,-0.48646,0.50985,46.90000
0.05440,0.24883,0.14120,0.50184,0.50156,-0.48646,0.50985,47.00000
0.05440,0.24873,0.14120,0.50184,0.50156,-0.48646,0.50985,47.10000
0.05441,0.24863,0.14120,0.50184,0.50156,-0.48646,0.50985,47.20000
0.05441,0.24853,0.14120,0.50184,0.50156,-0.48646,0.50985,47.30000
0.05441,0.24843,0.14120,0.50184,0.50156,-0.48646,0.50985,47.40000
0.05441,0.24833,0.14120,0.50184,0.50156,-0.48646,0.50985,47.50000
0.05441,0.24823,0.14121,0.50184,0.50156,-0.48646,0.50985,47.60000
0.05442,0.24813,0.14121,0.50184,0.50156,-0.48646,0.50985,47.70000
0.05442,0.24803,0.14121,0.50184,0.50156,-0.48646,0.50985,47.80000
0.05442,0.24793,0.14121,0.50184,0.50156,-0.48646,0.50985,47.90000
0.05442,0.24783,0.14121,0.50184,0.50156,-0.48646,0.50985,48.00000
0.05443,0.24773,0.14121,0.50184,0.50156,-0.48646,0.50985,48.10000
0.05443,0.24763,0.14121,0.50184,0.50156,-0.48646,0.50985,48.20000
0.05443,0.24753,0.14121,0.50184,0.50156,-0.48646,0.50985,48.30000
0.05443,0.24743,0.14120,0.50184,0.50156,-0.48646,0.50985,48.40000
0.05444,0.24733,0.14120,0.50184,0.50156,-0.48646,0.50985,48.50000
0.05444,0.24723,0.14120,0.50184,0.50156,-0.48646,0.50985,48.60000
0.05444,0.24713,0.14120,0.50184,0.50156,-0.48646,0.50985,48.70000
0.05444,0.24703,0.14120,0.50184,0.50156,-0.48646,0.50985,48.80000
0.05444,0.24693,0.14120,0.50184,0.50156,-0.48646,0.50985,48.90000
0.05445,0.24683,0.14120,0.50184,0.50156,-0.48646,0.50985,49.00000
0.05445,0.24673,0.14120,0.50184,0.50156,-0.48646,0.50985,49.10000
0.05445,0.24663,0.14120,0.50184,0.50156,-0.48646,0.50985,49.20000
0.05445,0.24653,0.14121,0.50184,0.50156,-0.48646,0.50985,49.30000
0.05446,0.24643,0.14121,0.50184,0.50156,-0.48646,0.50985,49.40000
0.05446,0.24633,0.14121,0.50184,0.50156,-0.48646,0.50985,49.50000
0.05446,0.24623,0.14121,0.50184,0.50156,-0.48646,0.50985,49.60000
0.05446,0.24613,0.14121,0.50184,0.50156,-0.48646,0.50985,49.70000
0.05446,0.24603,0.14120,0.50184,0.50156,-0.48646,0.50985,49.80000
0.05447,0.24593,0.14120,0.50184,0.50156,-0.48646,0.50985,49.90000
0.05447,0.24583,0.14120,0.50184,0.50156,-0.48646,0.50985,50.00000
0.05447,0.24573,0.14120,0.50184,0.50156,-0.48646,0.50985,50.10000
0.05447,0.24563,0.14120,0.50184,0.50156,-0.48646,0.50985,50.20000
0.05448,0.24553,0.14120,0.50184,0.50156,-0.48646,0.50985,50.30000
0.05448,0.24543,0.14120,0.50184,0.50156,-0.48646,0.50985,50.40000
0.05448,0.24533,0.14120,0.50184,0.50156,-0.48646,0.50985,50.50000
0.05448,0.24523,0.14120,0.50184,0.50156,-0.48646,0.50985,50.60000
0.05449,0.24513,0.14120,0.50184,0.50156,-0.48646,0.50985,50.70000
0.05449,0.24503,0.14120,0.50184,0.50156,-0.48646,0.50985,50.80000
0.05449,0.24493,0.14121,0.50184,0.50156,-0.48646,0.50985,50.90000
0.05449,0.24483,0.14121,0.50184,0.50156,-0.48646,0.50985,51.00000
0.05449,0.24473,0.14121,0.50184,0.50156,-0.48646,0.50985,51.10000
0.05450,0.24463,0.14121,0.50184,0.50156,-0.48646,0.50985,51.20000
0.05450,0.24453,0.14120,0.50184,0.50156,-0.48646,0.50985,51.30000
0.05450,0.24443,0.14120,0.50184,0.50156,-0.48646,0.50985,51.40000
0.05450,0.24433,0.14120,0.50184,0.50156,-0.48646,0.50985,51.50000
0.05451,0.24423,0.14120,0.50184,0.50156,-0.48646,0.50985,51.60000
0.05451,0.24413,0.14120,0.50184,0.50156,-0.48646,0.50985,51.70000
0.05451,0.24403,0.14120,0.50184,0.50156,-0.48646,0.50985,51.80000
0.05451,0.24393,0.14120,0.50184,0.50156,-0.48646,0.50985,51.90000
0.05452,0.24383,0.14120,0.50184,0.50156,-0.48646,0.50985,52.00000
0.05452,0.24373,0.14120,0.50184,0.50156,-0.48646,0.50985,52.10000
0.05452,0.24363,0.14120,0.50184,0.50156,-0.48646,0.50985,52.20000
0.05452,0.24353,0.14120,0.50184,0.50156,-0.48646,0.50985,52.30000
0.05453,0.24343,0.14120,0.50184,0.50156,-0.48646,0.50985,52.40000
0.05453,0.24333,0.14121,0.50184,0.50156,-0.48646,0.50985,52.50000
0.05453,0.24323,0.14121,0.50184,0.50156,-0.48646,0.50985,52.60000
0.05453,0.24313,0.14121,0.50184,0.50156,-0.48646,0.50985,52.70000
0.05453,0.24303,0.14120,0.50184,0.50156,-0.48646,0.50985,52.80000
0.05454,0.24293,0.14120,0.50184,0.50156,-0.48646,0.50985,52.90000
0.05454,0.24283,0.14120,0.50184,0.50156,-0.48646,0.50985,53.00000
0.05454,0.24273,0.14120,0.50184,0.50156,-0.48646,0.50985,53.10000
0.05454,0.24263,0.14120,0.50184,0.50156,-0.48646,0.50985,53.20000
0.05455,0.24253,0.14120,0.50184,0.50156,-0.48646,0.50985,53.30000
0.05455,0.24243,0.14120,0.50184,0.50156,-0.48646,0.50985,53.40000
0.05455,0.24233,0.14120,0.50184,0.50156,-0.48646,0.50985,53.50000
0.05455,0.24223,0.14120,0.50184,0.50156,-0.48646,0.50985,53.60000
0.05455,0.24213,0.14120,0.50184,0.50156,-0.48646,0.50985,53.70000
0.05456,0.24203,0.14120,0.50184,0.50156,-0.48646,0.50985,53.80000
0.05456,0.24193,0.14120,0.50184,0.50156,-0.48646,0.50985,53.90000
0.05456,0.24183,0.14120,0.50184,0.50156,-0.48646,0.50985,54.00000
0.05456,0.24173,0.14121,0.50184,0.50156,-0.48646,0.50985,54.10000
0.05457,0.24163,0.14120,0.50184,0.50156,-0.48646,0.50985,54.20000
0.05457,0.24153,0.14120,0.50184,0.50156,-0.48646,0.50985,54.30000
0.05457,0.24143,0.14120,0.50184,0.50156,-0.48646,0.50985,54.40000
0.05457,0.24133,0.14120,0.50184,0.50156,-0.48646,0.50985,54.50000
0.05458,0.24123,0.14120,0.50184,0.50156,-0.48646,0.50985,54.60000
0.05458,0.24113,0.14120,0.50184,0.50156,-0.48646,0.50985,54.70000
0.05458,0.24103,0.14120,0.50184,0.50156,-0.48646,0.50985,54.80000
0.05458,0.24093,0.14120,0.50184,0.50156,-0.48646,0.50985,54.90000
0.05458,0.24083,0.14120,0.50184,0.50156,-0.48646,0.50985,55.00000
0.05459,0.24073,0.14120,0.50184,0.50156,-0.48646,0.50985,55.10000
0.05459,0.24063,0.14120,0.50184,0.50156,-0.48646,0.50985,55.20000
0.05459,0.24053,0.14120,0.50184,0.50156,-0.48646,0.50985,55.30000
0.05459,0.24043,0.14120,0.50184,0.50156,-0.48646,0.50985,55.40000
0.05460,0.24033,0.14120,0.50184,0.50156,-0.48646,0.50985,55.50000
0.05460,0.24023,0.14120,0.50184,0.50156,-0.48646,0.50985,55.60000
0.05460,0.24013,0.14120,0.50184,0.50156,-0.48646,0.50985,55.70000
0.05460,0.24003,0.14120,0.50184,0.50156,-0.48646,0.50985,55.80000
0.05461,0.23993,0.14120,0.50184,0.50156,-0.48646,0.50985,55.90000
0.05461,0.23983,0.14120,0.50184,0.50156,-0.48646,0.50985,56.00000
0.05461,0.23973,0.14120,0.50184,0.50156,-0.48646,0.50985,56.10000
0.05461,0.23963,0.14120,0.50184,0.50156,-0.48646,0.50985,56.20000
0.05461,0.23953,0.14120,0.50184,0.50156,-0.48646,0.50985,56.30000
0.05462,0.23943,0.14120,0.50184,0.50156,-0.48646,0.50985,56.40000
0.05462,0.23933,0.14120,0.50184,0.50156,-0.48646,0.50985,56.50000
0.05462,0.23923,0.14120,0.50184,0.50156,-0.48646,0.50985,56.60000
0.05462,0.23913,0.14120,0.50184,0.50156,-0.48646,0.50985,56.70000
0.05463,0.23903,0.14120,0.50184,0.50156,-0.48646,0.50985,56.80000
0.05463,0.23893,0.14120,0.50184,0.50156,-0.48646,0.50985,56.90000
0.05463,0.23883,0.14120,0.50184,0.50156,-0.48646,0.50985,57.00000
0.05463,0.23873,0.14120,0.50184,0.50156,-0.48646,0.50985,57.10000
0.05464,0.23863,0.14119,0.50184,0.50156,-0.48646,0.50985,57.20000
0.05464,0.23853,0.14120,0.50184,0.50156,-0.48646,0.50985,57.30000
0.05464,0.23843,0.14120,0.50184,0.50156,-0.48646,0.50985,57.40000
0.05464,0.23833,0.14120,0.50184,0.50156,-0.48646,0.50985,57.50000
0.05464,0.23823,0.14120,0.50184,0.50156,-0.48646,0.50985,57.60000
0.05465,0.23813,0.14120,0.50184,0.50156,-0.48646,0.50985,57.70000
0.05465,0.23803,0.14120,0.50184,0.50156,-0.48646,0.50985,57.80000
0.05465,0.23793,0.14120,0.50184,0.50156,-0.48646,0.50985,57.90000
0.05465,0.23784,0.14120,0.50184,0.50156,-0.48646,0.50985,58.00000
0.05466,0.23774,0.14120,0.50184,0.50156,-0.48646,0.50985,58.10000
0.05466,0.23764,0.14120,0.50184,0.50156,-0.48646,0.50985,58.20000
0.05466,0.23754,0.14120,0.50184,0.50156,-0.48646,0.50985,58.30000
0.05466,0.23744,0.14120,0.50184,0.50156,-0.48646,0.50985,58.40000
0.05467,0.23734,0.14120,0.50184,0.50156,-0.48646,0.50985,58.50000
0.05467,0.23724,0.14119,0.50184,0.50156,-0.48646,0.50985,58.60000
0.05467,0.23714,0.14119,0.50184,0.50156,-0.48646,0.50985,58.70000
0.05467,0.23704,0.14119,0.50184,0.50156,-0.48646,0.50985,58.80000
0.05467,0.23694,0.14120,0.50184,0.50156,-0.48646,0.50985,58.90000
0.05468,0.23684,0.14120,0.50184,0.50156,-0.48646,0.50985,59.00000
0.05468,0.23674,0.14120,0.50184,0.50156,-0.48646,0.50985,59.10000
0.05468,0.23664,0.14120,0.50184,0.50156,-0.48646,0.50985,59.20000
0.05468,0.23654,0.14120,0.50184,0.50156,-0.48646,0.50985,59.30000
0.05469,0.23644,0.14120,0.50184,0.50156,-0.48646,0.50985,59.40000
0.05469,0.23634,0.14120,0.50184,0.50156,-0.48646,0.50985,59.50000
0.05469,0.23624,0.14120,0.50184,0.50156,-0.48646,0.50985,59.60000
0.05469,0.23614,0.14120,0.50184,0.50156,-0.48646,0.50985,59.70000
0.05470,0.23604,0.14120,0.50184,0.50156,-0.48646,0.50985,59.80000
0.05470,0.23594,0.14120,0.50184,0.50156,-0.48646,0.50985,59.90000
0.05470,0.23584,0.14120,0.50184,0.50156,-0.48646,0.50985,60.00000
0.05470,0.23574,0.14119,0.50184,0.50156,-0.48646,0.50985,60.10000
0.05470,0.23564,0.14119,0.50184,0.50156,-0.48646,0.50985,60.20000
0.05471,0.23554,0.14119,0.50184,0.50156,-0.48646,0.50985,60.30000
0.05471,0.23544,0.14119,0.50184,0.50156,-0.48646,0.50985,60.40000
0.05471,0.23534,0.14119,0.50184,0.50156,-0.48646,0.50985,60.50000
0.05471,0.23524,0.14120,0.50184,0.50156,-0.48646,0.50985,60.60000
0.05472,0.23514,0.14120,0.50184,0.50156,-0.48646,0.50985,60.70000
0.05472,0.23504,0.14120,0.50184,0.50156,-0.48646,0.50985,60.80000
0.05472,0.23494,0.14120,0.50184,0.50156,-0.48646,0.50985,60.90000
0.05472,0.23484,0.14120,0.50184,0.50156,-0.48646,0.50985,61.00000
0.05473,0.23474,0.14120,0.50184,0.50156,-0.48646,0.50985,61.10000
0.05473,0.23464,0.14120,0.50184,0.50156,-0.48646,0.50985,61.20000
0.05473,0.23454,0.14120,0.50184,0.50156,-0.48646,0.50985,61.30000
0.05473,0.23444,0.14120,0.50184,0.50156,-0.48646,0.50985,61.40000
0.05473,0.23434,0.14120,0.50184,0.50156,-0.48646,0.50985,61.50000
0.05474,0.23424,0.14119,0.50184,0.50156,-0.48646,0.50985,61.60000
0.05474,0.23414,0.14119,0.50184,0.50156,-0.48646,0.50985,61.70000
0.05474,0.23404,0.14119,0.50184,0.50156,-0.48646,0.50985,61.80000
0.05474,0.23394,0.14119,0.50184,0.50156,-0.48646,0.50985,61.90000
0.05475,0.23384,0.14119,0.50184,0.50156,-0.48646,0.50985,62.00000
0.05475,0.23374,0.14119,0.50184,0.50156,-0.48646,0.50985,62.10000
0.05475,0.23364,0.14120,0.50184,0.50156,-0.48646,0.50985,62.20000
0.05475,0.23354,0.14120,0.50184,0.50156,-0.48646,0.50985,62.30000
0.05476,0.23344,0.14120,0.50184,0.50156,-0.48646,0.50985,62.40000
0.05476,0.23334,0.14120,0.50184,0.50156,-0.48646,0.50985,62.50000
0.05476,0.23324,0.14120,0.50184,0.50156,-0.48646,0.50985,62.60000
0.05476,0.23314,0.14120,0.50184,0.50156,-0.48646,0.50985,62.70000
0.05476,0.23304,0.14120,0.50184,0.50156,-0.48646,0.50985,62.80000
0.05477,0.23294,0.14120,0.50184,0.50156,-0.48646,0.50985,62.90000
0.05477,0.23284,0.14119,0.50184,0.50156,-0.48646,0.50985,63.00000
0.05477,0.23274,0.14119,0.50184,0.50156,-0.48646,0.50985,63.10000
0.05477,0.23264,0.14119,0.50184,0.50156,-0.48646,0.50985,63.20000
0.05478,0.23254,0.14119,0.50184,0.50156,-0.48646,0.50985,63.30000
0.05478,0.23244,0.14119,0.50184,0.50156,-0.48646,0.50985,63.40000
0.05478,0.23234,0.14119,0.50184,0.50156,-0.48646,0.50985,63.50000
0.05478,0.23224,0.14119,0.50184,0.50156,-0.48646,0.50985,63.60000
0.05479,0.23214,0.14119,0.50184,0.50156,-0.48646,0.50985,63.70000
0.05479,0.23204,0.14120,0.50184,0.50156,-0.48646,0.50985,63.80000
0.05479,0.23194,0.14120,0.50184,0.50156,-0.48646,0.50985,63.90000
0.05479,0.23184,0.14120,0.50184,0.50156,-0.48646,0.50985,64.00000
0.05479,0.23174,0.14120,0.50184,0.50156,-0.48646,0.50985,64.10000
0.05480,0.23164,0.14120,0.50184,0.50156,-0.48646,0.50985,64.20000
0.05480,0.23154,0.14120,0.50184,0.50156,-0.48646,0.50985,64.30000
0.05480,0.23144,0.14120,0.50184,0.50156,-0.48646,0.50985,64.40000
0.05480,0.23134,0.14119,0.50184,0.50156,-0.48646,0.50985,64.50000
0.05481,0.23124,0.14119,0.50184,0.50156,-0.48646,0.50985,64.60000
0.05481,0.23114,0.14119,0.50184,0.50156,-0.48646,0.50985,64.70000
0.05481,0.23104,0.14119,0.50184,0.50156,-0.48646,0.50985,64.80000
0.05481,0.23094,0.14119,0.50184,0.50156,-0.48646,0.50985,64.90000
0.05482,0.23084,0.14119,0.50184,0.50156,-0.48646,0.50985,65.00000
0.05482,0.23074,0.14119,0.50184,0.50156,-0.48646,0.50985,65.10000
0.05482,0.23064,0.14119,0.50184,0.50156,-0.48646,0.50985,65.20000
0.05482,0.23054,0.14119,0.50184,0.50156,-0.48646,0.50985,65.30000
0.05482,0.23044,0.14120,0.50184,0.50156,-0.48646,0.50985,65.40000
0.05483,0.23034,0.14120,0.50184,0.50156,-0.48646,0.50985,65.50000
0.05483,0.23024,0.14120,0.50184,0.50156,-0.48646,0.50985,65.60000
0.05483,0.23014,0.14120,0.50184,0.50156,-0.48646,0.50985,65.70000
0.05483,0.23004,0.14120,0.50184,0.50156,-0.48646,0.50985,65.80000
0.05484,0.22994,0.14120,0.50184,0.50156,-0.48646,0.50985,65.90000
0.05484,0.22984,0.14119,0.50184,0.50156,-0.48646,0.50985,66.00000
0.05484,0.22974,0.14119,0.50184,0.50156,-0.48646,0.50985,66.10000
0.05484,0.22964,0.14119,0.50184,0.50156,-0.48646,0.50985,66.20000
0.05485,0.22954,0.14119,0.50184,0.50156,-0.48646,0.50985,66.30000
0.05485,0.22944,0.14119,0.50184,0.50156,-0.48646,0.50985,66.40000
0.05485,0.22934,0.14119,0.50184,0.50156,-0.48646,0.50985,66.50000
0.05485,0.22924,0.14119,0.50184,0.50156,-0.48646,0.50985,66.60000
0.05485,0.22914,0.14119,0.50184,0.50156,-0.48646,0.50985,66.70000
0.05486,0.22904,0.14119,0.50184,0.50156,-0.48646,0.50985,66.80000
0.05486,0.22894,0.14119,0.50184,0.50156,-0.48646,0.50985,66.90000
0.05486,0.22884,0.14120,0.50184,0.50156,-0.48646,0.50985,67.00000
0.05486,0.22874,0.14120,0.50184,0.50156,-0.48646,0.50985,67.10000
0.05487,0.22864,0.14120,0.50184,0.50156,-0.48646,0.50985,67.20000
0.05487,0.22854,0.14120,0.50184,0.50156,-0.48646,0.50985,67.30000
0.05487,0.22844,0.14119,0.50184,0.50156,-0.48646,0.50985,67.40000
0.05487,0.22834,0.14119,0.50184,0.50156,-0.48646,0.50985,67.50000
0.05488,0.22824,0.14119,0.50184,0.50156,-0.48646,0.50985,67.60000
0.05488,0.22814,0.14119,0.50184,0.50156,-0.48646,0.50985,67.70000
0.05488,0.22804,0.14119,0.50184,0.50156,-0.48646,0.50985,67.80000
0.05488,0.22794,0.14119,0.50184,0.50156,-0.48646,0.50985,67.90000
0.05488,0.22784,0.14119,0.50184,0.50156,-0.48646,0.50985,68.00000
0.05489,0.22774,0.14119,0.50184,0.50156,-0.48646,0.50985,68.10000
0.05489,0.22764,0.14119,0.50184,0.50156,-0.48646,0.50985,68.20000
0.05489,0.22754,0.14119,0.50184,0.50156,-0.48646,0.50985,68.30000
0.05489,0.22744,0.14119,0.50184,0.50156,-0.48646,0.50985,68.40000
0.05490,0.22734,0.14119,0.50184,0.50156,-0.48646,0.50985,68.50000
0.05490,0.22724,0.14120,0.50184,0.50156,-0.48646,0.50985,68.60000
0.05490,0.22714,0.14120,0.50184,0.50156,-0.48646,0.50985,68.70000
0.05490,0.22704,0.14120,0.50184,0.50156,-0.48646,0.50985,68.80000
0.05491,0.22694,0.14119,0.50184,0.50156,-0.48646,0.50985,68.90000
0.05491,0.22684,0.14119,0.50184,0.50156,-0.48646,0.50985,69.00000
0.05491,0.22674,0.14119,0.50184,0.50156,-0.48646,0.50985,69.10000
0.05491,0.22664,0.14119,0.50184,0.50156,-0.48646,0.50985,69.20000
0.05491,0.22654,0.14119,0.50184,0.50156,-0.48646,0.50985,69.30000
0.05492,0.22644,0.14119,0.50184,0.50156,-0.48646,0.50985,69.40000
0.05492,0.22634,0.14119,0.50184,0.50156,-0.48646,0.50985,69.50000
0.05492,0.22624,0.14119,0.50184,0.50156,-0.48646,0.50985,69.60000
0.05492,0.22614,0.14119,0.50184,0.50156,-0.48646,0.50985,69.70000
0.05493,0.22604,0.14119,0.50184,0.50156,-0.48646,0.50985,69.80000
0.05493,0.22594,0.14119,0.50184,0.50156,-0.48646,0.50985,69.90000
0.05493,0.22584,0.14119,0.50184,0.50156,-0.48646,0.50985,70.00000
0.05493,0.22574,0.14119,0.50184,0.50156,-0.48646,0.50985,70.10000
0.05494,0.22564,0.14120,0.50184,0.50156,-0.48646,0.50985,70.20000
0.05494,0.22554,0.14120,0.50184,0.50156,-0.48646,0.50985,70.30000
0.05494,0.22544,0.14119,0.50184,0.50156,-0.48646,0.50985,70.40000
0.05494,0.22534,0.14119,0.50184,0.50156,-0.48646,0.50985,70.50000
0.05494,0.22524,0.14119,0.50184,0.50156,-0.48646,0.50985,70.60000
0.05495,0.22514,0.14119,0.50184,0.50156,-0.48646,0.50985,70.70000
0.05495,0.22504,0.14119,0.50184,0.50156,-0.48646,0.50985,70.80000
0.05495,0.22494,0.14119,0.50184,0.50156,-0.48646,0.50985,70.90000
0.05495,0.22484,0.14119,0.50184,0.50156,-0.48646,0.50985,71.00000
0.05496,0.22474,0.14119,0.50184,0.50156,-0.48646,0.50985,71.10000
0.05496,0.22464,0.14119,0.50184,0.50156,-0.48646,0.50985,71.20000
0.05496,0.22454,0.14119,0.50184,0.50156,-0.48646,0.50985,71.30000
0.05496,0.22444,0.14119,0.50184,0.50156,-0.48646,0.50985,71.40000
0.05497,0.22434,0.14119,0.50184,0.50156,-0.48646,0.50985,71.50000
0.05497,0.22424,0.14119,0.50184,0.50156,-0.48646,0.50985,71.60000
0.05497,0.22414,0.14119,0.50184,0.50156,-0.48646,0.50985,71.70000
0.05497,0.22404,0.14119,0.50184,0.50156,-0.48646,0.50985,71.80000
0.05497,0.22394,0.14119,0.50184,0.50156,-0.48646,0.50985,71.90000
0.05498,0.22384,0.14119,0.50184,0.50156,-0.48646,0.50985,72.00000
0.05498,0.22374,0.14119,0.50184,0.50156,-0.48646,0.50985,72.10000
0.05498,0.22364,0.14119,0.50184,0.50156,-0.48646,0.50985,72.20000
0.05498,0.22354,0.14119,0.50184,0.50156,-0.48646,0.50985,72.30000
0.05499,0.22344,0.14119,0.50184,0.50156,-0.48646,0.50985,72.40000
0.05499,0.22334,0.14119,0.50184,0.50156,-0.48646,0.50985,72.50000
0.05499,0.22324,0.14119,0.50184,0.50156,-0.48646,0.50985,72.60000
0.05499,0.22314,0.14119,0.50184,0.50156,-0.48646,0.50985,72.70000
0.05500,0.22304,0.14119,0.50184,0.50156,-0.48646,0.50985,72.80000
0.05500,0.22294,0.14119,0.50184,0.50156,-0.48646,0.50985,72.90000
0.05500,0.22284,0.14119,0.50184,0.50156,-0.48646,0.50985,73.00000
0.05500,0.22274,0.14119,0.50184,0.50156,-0.48646,0.50985,73.10000
0.05500,0.22264,0.14119,0.50184,0.50156,-0.48646,0.50985,73.20000
0.05501,0.22254,0.14118,0.50184,0.50156,-0.48646,0.50985,73.30000
0.05501,0.22244,0.14118,0.50184,0.50156,-0.48646,0.50985,73.40000
0.05501,0.22234,0.14119,0.50184,0.50156,-0.48646,0.50985,73.50000
0.05501,0.22224,0.14119,0.50184,0.50156,-0.48646,0.50985,73.60000
0.05502,0.22214,0.14119,0.50184,0.50156,-0.48646,0.50985,73.70000
0.05502,0.22204,0.14119,0.50184,0.50156,-0.48646,0.50985,73.80000
0.05502,0.22194,0.14119,0.50184,0.50156,-0.48646,0.50985,73.90000
0.05502,0.22184,0.14119,0.50184,0.50156,-0.48646,0.50985,74.00000
0.05503,0.22174,0.14119,0.50184,0.50156,-0.48646,0.50985,74.10000
0.05503,0.22164,0.14119,0.50184,0.50156,-0.48646,0.50985,74.20000
0.05503,0.22154,0.14119,0.50184,0.50156,-0.48646,0.50985,74.30000
0.05503,0.22144,0.14119,0.50184,0.50156,-0.48646,0.50985,74.40000
0.05503,0.22134,0.14119,0.50184,0.50156,-0.48646,0.50985,74.50000
0.05504,0.22124,0.14119,0.50184,0.50156,-0.48646,0.50985,74.60000
0.05504,0.22114,0.14119,0.50184,0.50156,-0.48646,0.50985,74.70000
0.05504,0.22104,0.14118,0.50184,0.50156,-0.48646,0.50985,74.80000
0.05504,0.22094,0.14118,0.50184,0.50156,-0.48646,0.50985,74.90000
0.05505,0.22084,0.14118,0.50184,0.50156,-0.48646,0.50985,75.00000
0.05505,0.22074,0.14119,0.50184,0.50156,-0.48646,0.50985,75.10000
0.05505,0.22064,0.14119,0.50184,0.50156,-0.48646,0.50985,75.20000
0.05505,0.22054,0.14119,0.50184,0.50156,-0.48646,0.50985,75.30000
0.05506,0.22044,0.14119,0.50184,0.50156,-0.48646,0.50985,75.40000
0.05506,0.22034,0.14119,0.50184,0.50156,-0.48646,0.50985,75.50000
0.05506,0.22024,0.14119,0.50184,0.50156,-0.48646,0.50985,75.60000
0.05506,0.22014,0.14119,0.50184,0.50156,-0.48646,0.50985,75.70000
0.05506,0.22004,0.14119,0.50184,0.50156,-0.48646,0.50985,75.80000
0.05507,0.21994,0.14119,0.50184,0.50156,-0.48646,0.50985,75.90000
0.05507,0.21984,0.14119,0.50184,0.50156,-0.48646,0.50985,76.00000
0.05507,0.21974,0.14119,0.50184,0.50156,-0.48646,0.50985,76.10000
0.05507,0.21964,0.14118,0.50184,0.50156,-0.48646,0.50985,76.20000
0.05508,0.21954,0.14118,0.50184,0.50156,-0.48646,0.50985,76.30000
0.05508,0.21944,0.14118,0.50184,0.50156,-0.48646,0.50985,76.40000
0.05508,0.21934,0.14118,0.50184,0.50156,-0.48646,0.50985,76.50000
0.05508,0.21924,0.14118,0.50184,0.50156,-0.48646,0.50985,76.60000
0.05508,0.21914,0.14119,0.50184,0.50156,-0.48646,0.50985,76.70000
0.05509,0.21904,0.14119,0.50184,0.50156,-0.48646,0.50985,76.80000
0.05509,0.21894,0.14119,0.50184,0.50156,-0.48646,0.50985,76.90000
0.05509,0.21884,0.14119,0.50184,0.50156,-0.48646,0.50985,77.00000
0.05509,0.21874,0.14119,0.50184,0.50156,-0.48646,0.50985,77.10000
0.05510,0.21864,0.14119,0.50184,0.50156,-0.48646,0.50985,77.20000
0.05510,0.21854,0.14119,0.50184,0.50156,-0.48646,0.50985,77.30000
0.05510,0.21844,0.14119,0.50184,0.50156,-0.48646,0.50985,77.40000
0.05510,0.21834,0.14119,0.50184,0.50156,-0.48646,0.50985,77.50000
0.05511,0.21824,0.14119,0.50184,0.50156,-0.48646,0.50985,77.60000
0.05511,0.21814,0.14118,0.50184,0.50156,-0.48646,0.50985,77.70000
0.05511,0.21804,0.14118,0.50184,0.50156,-0.48646,0.50985,77.80000
0.05511,0.21794,0.14118,0.50184,0.50156,-0.48646,0.50985,77.90000
0.05512,0.21784,0.14118,0.50184,0.50156,-0.48646,0.50985,78.00000
0.05512,0.21774,0.14118,0.50184,0.50156,-0.48646,0.50985,78.10000
0.05512,0.21764,0.14118,0.50184,0.50156,-0.48646,0.50985,78.20000
0.05512,0.21754,0.14119,0.50184,0.50156,-0.48646,0.50985,78.30000
0.05512,0.21744,0.14119,0.50184,0.50156,-0.48646,0.50985,78.40000
0.05513,0.21734,0.14119,0.50184,0.50156,-0.48646,0.50985,78.50000
0.05513,0.21724,0.14119,0.50184,0.50156,-0.48646,0.50985,78.60000
0.05513,0.21714,0.14119,0.50184,0.50156,-0.48646,0.50985,78.70000
0.05513,0.21704,0.14119,0.50184,0.50156,-0.48646,0.50985,78.80000
0.05514,0.21694,0.14119,0.50184,0.50156,-0.48646,0.50985,78.90000
0.05514,0.21684,0.14119,0.50184,0.50156,-0.48646,0.50985,79.00000
0.05514,0.21674,0.14119,0.50184,0.50156,-0.48646,0.50985,79.10000
0.05514,0.21664,0.14118,0.50184,0.50156,-0.48646,0.50985,79.20000
0.05515,0.21654,0.14118,0.50184,0.50156,-0.48646,0.50985,79.30000
0.05515,0.21644,0.14118,0.50184,0.50156,-0.48646,0.50985,79.40000
0.05515,0.21634,0.14118,0.50184,0.50156,-0.48646,0.50985,79.50000
0.05515,0.21624,0.14118,0.50184,0.50156,-0.48646,0.50985,79.60000
0.05515,0.21614,0.14118,0.50184,0.50156,-0.48646,0.50985,79.70000
0.05516,0.21604,0.14118,0.50184,0.50156,-0.48646,0.50985,79.80000
0.05516,0.21594,0.14119,0.50184,0.50156,-0.48646,0.50985,79.90000
0.05516,0.21584,0.14119,0.50184,0.50156,-0.48646,0.50985,80.00000
0.05516,0.21574,0.14119,0.50184,0.50156,-0.48646,0.50985,80.10000
0.05517,0.21564,0.14119,0.50184,0.50156,-0.48646,0.50985,80.20000
0.05517,0.21554,0.14119,0.50184,0.50156,-0.48646,0.50985,80.30000
0.05517,0.21544,0.14119,0.50184,0.50156,-0.48646,0.50985,80.40000
0.05517,0.21534,0.14119,0.50184,0.50156,-0.48646,0.50985,80.50000
0.05517,0.21524,0.14118,0.50184,0.50156,-0.48646,0.50985,80.60000
0.05518,0.21514,0.14118,0.50184,0.50156,-0.48646,0.50985,80.70000
0.05518,0.21504,0.14118,0.50184,0.50156,-0.48646,0.50985,80.80000
0.05518,0.21494,0.14118,0.50184,0.50156,-0.48646,0.50985,80.90000
0.05518,0.21484,0.14118,0.50184,0.50156,-0.48646,0.50985,81.00000
0.05519,0.21474,0.14118,0.50184,0.50156,-0.48646,0.50985,81.10000
0.05519,0.21464,0.14118,0.50184,0.50156,-0.48646,0.50985,81.20000
0.05519,0.21454,0.14118,0.50184,0.50156,-0.48646,0.50985,81.30000
0.05519,0.21444,0.14118,0.50184,0.50156,-0.48646,0.50985,81.40000
0.05520,0.21434,0.14119,0.50184,0.50156,-0.48646,0.50985,81.50000
0.05520,0.21424,0.14119,0.50184,0.50156,-0.48646,0.50985,81.60000
0.05520,0.21414,0.14119,0.50184,0.50156,-0.48646,0.50985,81.70000
0.05520,0.21404,0.14119,0.50184,0.50156,-0.48646,0.50985,81.80000
0.05520,0.21394,0.14119,0.50184,0.50156,-0.48646,0.50985,81.90000
0.05521,0.21384,0.14119,0.50184,0.50156,-0.48646,0.50985,82.00000
0.05521,0.21374,0.14118,0.50184,0.50156,-0.48646,0.50985,82.10000
0.05521,0.21364,0.14118,0.50184,0.50156,-0.48646,0.50985,82.20000
0.05521,0.21354,0.14118,0.50184,0.50156,-0.48646,0.50985,82.30000
0.05522,0.21344,0.14118,0.50184,0.50156,-0.48646,0.50985,82.40000
0.05522,0.21334,0.14118,0.50184,0.50156,-0.48646,0.50985,82.50000
0.05522,0.21324,0.14118,0.50184,0.50156,-0.48646,0.50985,82.60000
0.05522,0.21314,0.14118,0.50184,0.50156,-0.48646,0.50985,82.70000
0.05523,0.21304,0.14118,0.50184,0.50156,-0.48646,0.50985,82.80000
0.05523,0.21294,0.14118,0.50184,0.50156,-0.48646,0.50985,82.90000
0.05523,0.21284,0.14118,0.50184,0.50156,-0.48646,0.50985,83.00000
0.05523,0.21274,0.14119,0.50184,0.50156,-0.48646,0.50985,83.10000
0.05523,0.21264,0.14119,0.50184,0.50156,-0.48646,0.50985,83.20000
0.05524,0.21254,0.14119,0.50184,0.50156,-0.48646,0.50985,83.30000
0.05524,0.21244,0.14119,0.50184,0.50156,-0.48646,0.50985,83.40000
0.05524,0.21234,0.14119,0.50184,0.50156,-0.48646,0.50985,83.50000
0.05524,0.21224,0.14118,0.50184,0.50156,-0.48646,0.50985,83.60000
0.05525,0.21214,0.14118,0.50184,0.50156,-0.48646,0.50985,83.70000
0.05525,0.21204,0.14118,0.50184,0.50156,-0.48646,0.50985,83.80000
0.05525,0.21194,0.14118,0.50184,0.50156,-0.48646,0.50985,83.90000
0.05525,0.21184,0.14118,0.50184,0.50156,-0.48646,0.50985,84.00000
0.05526,0.21174,0.14118,0.50184,0.50156,-0.48646,0.50985,84.10000
0.05526,0.21164,0.14118,0.50184,0.50156,-0.48646,0.50985,84.20000
0.05526,0.21154,0.14118,0.50184,0.50156,-0.48646,0.50985,84.30000
0.05526,0.21144,0.14118,0.50184,0.50156,-0.48646,0.50985,84.40000
0.05526,0.21134,0.14118,0.50184,0.50156,-0.48646,0.50985,84.50000
0.05527,0.21124,0.14118,0.50184,0.50156,-0.48646,0.50985,84.60000
0.05527,0.21114,0.14118,0.50184,0.50156,-0.48646,0.50985,84.70000
0.05527,0.21104,0.14119,0.50184,0.50156,-0.48646,0.50985,84.80000
0.05527,0.21094,0.14119,0.50184,0.50156,-0.48646,0.50985,84.90000
0.05528,0.21084,0.14118,0.50184,0.50156,-0.48646,0.50985,85.00000
0.05528,0.21074,0.14118,0.50184,0.50156,-0.48646,0.50985,85.10000
0.05528,0.21064,0.14118,0.50184,0.50156,-0.48646,0.50985,85.20000
0.05528,0.21054,0.14118,0.50184,0.50156,-0.48646,0.50985,85.30000
0.05529,0.21044,0.14118,0.50184,0.50156,-0.48646,0.50985,85.40000
0.05529,0.21034,0.14118,0.50184,0.50156,-0.48646,0.50985,85.50000
0.05529,0.21024,0.14118,0.50184,0.50156,-0.48646,0.50985,85.60000
0.05529,0.21014,0.14118,0.50184,0.50156,-0.48646,0.50985,85.70000
0.05529,0.21004,0.14118,0.50184,0.50156,-0.48646,0.50985,85.80000
0.05530,0.20994,0.14118,0.50184,0.50156,-0.48646,0.50985,85.90000
0.05530,0.20984,0.14118,0.50184,0.50156,-0.48646,0.50985,86.00000
0.05530,0.20974,0.14118,0.50184,0.50156,-0.48646,0.50985,86.10000
0.05530,0.20964,0.14118,0.50184,0.50156,-0.48646,0.50985,86.20000
0.05531,0.20954,0.14118,0.50184,0.50156,-0.48646,0.50985,86.30000
0.05531,0.20944,0.14119,0.50184,0.50156,-0.48646,0.50985,86.40000
0.05531,0.20934,0.14118,0.50184,0.50156,-0.48646,0.50985,86.50000
0.05531,0.20924,0.14118,0.50184,0.50156,-0.48646,0.50985,86.60000
0.05532,0.20914,0.14118,0.50184,0.50156,-0.48646,0.50985,86.70000
0.05532,0.20904,0.14118,0.50184,0.50156,-0.48646,0.50985,86.80000
0.05532,0.20894,0.14118,0.50184,0.50156,-0.48646,0.50985,86.90000
0.05532,0.20884,0.14118,0.50184,0.50156,-0.48646,0.50985,87.00000
0.05532,0.20874,0.14118,0.50184,0.50156,-0.48646,0.50985,87.10000
0.05533,0.20864,0.14118,0.50184,0.50156,-0.48646,0.50985,87.20000
0.05533,0.20854,0.14118,0.50184,0.50156,-0.48646,0.50985,87.30000
0.05533,0.20844,0.14118,0.50184,0.50156,-0.48646,0.50985,87.40000
0.05533,0.20834,0.14118,0.50184,0.50156,-0.48646,0.50985,87.50000
0.05534,0.20824,0.14118,0.50184,0.50156,-0.48646,0.50985,87.60000
0.05534,0.20814,0.14118,0.50184,0.50156,-0.48646,0.50985,87.70000
0.05534,0.20804,0.14118,0.50184,0.50156,-0.48646,0.50985,87.80000
0.05534,0.20794,0.14118,0.50184,0.50156,-0.48646,0.50985,87.90000
0.05535,0.20784,0.14118,0.50184,0.50156,-0.48646,0.50985,88.00000
0.05535,0.20774,0.14118,0.50184,0.50156,-0.48646,0.50985,88.10000
0.05535,0.20764,0.14118,0.50184,0.50156,-0.48646,0.50985,88.20000
0.05535,0.20754,0.14118,0.50184,0.50156,-0.48646,0.50985,88.30000
0.05535,0.20744,0.14118,0.50184,0.50156,-0.48646,0.50985,88.40000
0.05536,0.20734,0.14118,0.50184,0.50156,-0.48646,0.50985,88.50000
0.05536,0.20724,0.14118,0.50184,0.50156,-0.48646,0.50985,88.60000
0.05536,0.20714,0.14118,0.50184,0.50156,-0.48646,0.50985,88.70000
0.05536,0.20704,0.14118,0.50184,0.50156,-0.48646,0.50985,88.80000
0.05537,0.20694,0.14118,0.50184,0.50156,-0.48646,0.50985,88.90000
0.05537,0.20684,0.14118,0.50184,0.50156,-0.48646,0.50985,89.00000
0.05537,0.20674,0.14118,0.50184,0.50156,-0.48646,0.50985,89.10000
0.05537,0.20664,0.14118,0.50184,0.50156,-0.48646,0.50985,89.20000
0.05538,0.20654,0.14118,0.50184,0.50156,-0.48646,0.50985,89.30000
0.05538,0.20644,0.14117,0.50184,0.50156,-0.48646,0.50985,89.40000
0.05538,0.20634,0.14117,0.50184,0.50156,-0.48646,0.50985,89.50000
0.05538,0.20624,0.14118,0.50184,0.50156,-0.48646,0.50985,89.60000
0.05538,0.20614,0.14118,0.50184,0.50156,-0.48646,0.50985,89.70000
0.05539,0.20604,0.14118,0.50184,0.50156,-0.48646,0.50985,89.80000
0.05539,0.20594,0.14118,0.50184,0.50156,-0.48646,0.50985,89.90000
0.05539,0.20584,0.14118,0.50184,0.50156,-0.48646,0.50985,90.00000
0.05539,0.20574,0.14118,0.50184,0.50156,-0.48646,0.50985,90.10000
0.05540,0.20564,0.14118,0.50184,0.50156,-0.48646,0.50985,90.20000
0.05540,0.20554,0.14118,0.50184,0.50156,-0.48646,0.50985,90.30000
0.05540,0.20544,0.14118,0.50184,0.50156,-0.48646,0.50985,90.40000
0.05540,0.20534,0.14118,0.50184,0.50156,-0.48646,0.50985,90.50000
0.05541,0.20524,0.14118,0.50184,0.50156,-0.48646,0.50985,90.60000
0.05541,0.20514,0.14118,0.50184,0.50156,-0.48646,0.50985,90.70000
0.05541,0.20504,0.14118,0.50184,0.50156,-0.48646,0.50985,90.80000
0.05541,0.20494,0.14117,0.50184,0.50156,-0.48646,0.50985,90.90000
0.05541,0.20484,0.14117,0.50184,0.50156,-0.48646,0.50985,91.00000
0.05542,0.20474,0.14117,0.50184,0.50156,-0.48646,0.50985,91.10000
0.05542,0.20464,0.14118,0.50184,0.50156,-0.48646,0.50985,91.20000
0.05542,0.20454,0.14118,0.50184,0.50156,-0.48646,0.50985,91.30000
0.05542,0.20444,0.14118,0.50184,0.50156,-0.48646,0.50985,91.40000
0.05543,0.20434,0.14118,0.50184,0.50156,-0.48646,0.50985,91.50000
0.05543,0.20424,0.14118,0.50184,0.50156,-0.48646,0.50985,91.60000
0.05543,0.20414,0.14118,0.50184,0.50156,-0.48646,0.50985,91.70000
0.05543,0.20404,0.14118,0.50184,0.50156,-0.48646,0.50985,91.80000
0.05544,0.20394,0.14118,0.50184,0.50156,-0.48646,0.50985,91.90000
0.05544,0.20384,0.14118,0.50184,0.50156,-0.48646,0.50985,92.00000
0.05544,0.20374,0.14118,0.50184,0.50156,-0.48646,0.50985,92.10000
0.05544,0.20364,0.14118,0.50184,0.50156,-0.48646,0.50985,92.20000
0.05544,0.20354,0.14118,0.50184,0.50156,-0.48646,0.50985,92.30000
0.05545,0.20344,0.14117,0.50184,0.50156,-0.48646,0.50985,92.40000
0.05545,0.20334,0.14117,0.50184,0.50156,-0.48646,0.50985,92.50000
0.05545,0.20324,0.14117,0.50184,0.50156,-0.48646,0.50985,92.60000
0.05545,0.20314,0.14117,0.50184,0.50156,-0.48646,0.50985,92.70000
0.05546,0.20304,0.14118,0.50184,0.50156,-0.48646,0.50985,92.80000
0.05546,0.20294,0.14118,0.50184,0.50156,-0.48646,0.50985,92.90000
0.05546,0.20284,0.14118,0.50184,0.50156,-0.48646,0.50985,93.00000
0.05546,0.20274,0.14118,0.50184,0.50156,-0.48646,0.50985,93.10000
0.05547,0.20264,0.14118,0.50184,0.50156,-0.48646,0.50985,93.20000
0.05547,0.20254,0.14118,0.50184,0.50156,-0.48646,0.50985,93.30000
0.05547,0.20244,0.14118,0.50184,0.50156,-0.48646,0.50985,93.40000
0.05547,0.20234,0.14118,0.50184,0.50156,-0.48646,0.50985,93.50000
0.05547,0.20224,0.14118,0.50184,0.50156,-0.48646,0.50985,93.60000
0.05548,0.20214,0.14118,0.50184,0.50156,-0.48646,0.50985,93.70000
0.05548,0.20204,0.14117,0.50184,0.50156,-0.48646,0.50985,93.80000
0.05548,0.20194,0.14117,0.50184,0.50156,-0.48646,0.50985,93.90000
0.05548,0.20184,0.14117,0.50184,0.50156,-0.48646,0.50985,94.00000
0.05549,0.20174,0.14117,0.50184,0.50156,-0.48646,0.50985,94.10000
0.05549,0.20164,0.14117,0.50184,0.50156,-0.48646,0.50985,94.20000
0.05549,0.20154,0.14117,0.50184,0.50156,-0.48646,0.50985,94.30000
0.05549,0.20144,0.14118,0.50184,0.50156,-0.48646,0.50985,94.40000
0.05550,0.20134,0.14118,0.50184,0.50156,-0.48646,0.50985,94.50000
0.05550,0.20124,0.14118,0.50184,0.50156,-0.48646,0.50985,94.60000
0.05550,0.20114,0.14118,0.50184,0.50156,-0.48646,0.50985,94.70000
0.05550,0.20104,0.14118,0.50184,0.50156,-0.48646,0.50985,94.80000
0.05550,0.20094,0.14118,0.50184,0.50156,-0.48646,0.50985,94.90000
0.05551,0.20084,0.14118,0.50184,0.50156,-0.48646,0.50985,95.00000
0.05551,0.20074,0.14118,0.50184,0.50156,-0.48646,0.50985,95.10000
0.05551,0.20064,0.14118,0.50184,0.50156,-0.48646,0.50985,95.20000
0.05551,0.20054,0.14117,0.50184,0.50156,-0.48646,0.50985,95.30000
0.05552,0.20044,0.14117,0.50184,0.50156,-0.48646,0.50985,95.40000
0.05552,0.20034,0.14117,0.50184,0.50156,-0.48646,0.50985,95.50000
0.05552,0.20024,0.14117,0.50184,0.50156,-0.48646,0.50985,95.60000
0.05552,0.20014,0.14117,0.50184,0.50156,-0.48646,0.50985,95.70000
0.05553,0.20004,0.14117,0.50184,0.50156,-0.48646,0.50985,95.80000
0.05553,0.19994,0.14117,0.50184,0.50156,-0.48646,0.50985,95.90000
0.05553,0.19984,0.14118,0.50184,0.50156,-0.48646,0.50985,96.00000
0.05553,0.19974,0.14118,0.50184,0.50156,-0.48646,0.50985,96.10000
0.05553,0.19964,0.14118,0.50184,0.50156,-0.48646,0.50985,96.20000
0.05554,0.19954,0.14118,0.50184,0.50156,-0.48646,0.50985,96.30000
0.05554,0.19944,0.14118,0.50184,0.50156,-0.48646,0.50985,96.40000
0.05554,0.19934,0.14118,0.50184,0.50156,-0.48646,0.50985,96.50000
0.05554,0.19924,0.14118,0.50184,0.50156,-0.48646,0.50985,96.60000
0.05555,0.19914,0.14118,0.50184,0.50156,-0.48646,0.50985,96.70000
0.05555,0.19904,0.14117,0.50184,0.50156,-0.48646,0.50985,96.80000
0.05555,0.19894,0.14117,0.50184,0.50156,-0.48646,0.50985,96.90000
0.05555,0.19884,0.14117,0.50184,0.50156,-0.48646,0.50985,97.00000
0.05556,0.19874,0.14117,0.50184,0.50156,-0.48646,0.50985,97.10000
0.05556,0.19864,0.14117,0.50184,0.50156,-0.48646,0.50985,97.20000
0.05556,0.19854,0.14117,0.50184,0.50156,-0.48646,0.50985,97.30000
0.05556,0.19844,0.14117,0.50184,0.50156,-0.48646,0.50985,97.40000
0.05556,0.19834,0.14117,0.50184,0.50156,-0.48646,0.50985,97.50000
0.05557,0.19824,0.14117,0.50184,0.50156,-0.48646,0.50985,97.60000
0.05557,0.19814,0.14118,0.50184,0.50156,-0.48646,0.50985,97.70000
0.05557,0.19804,0.14118,0.50184,0.50156,-0.48646,0.50985,97.80000
0.05557,0.19794,0.14118,0.50184,0.50156,-0.48646,0.50985,97.90000
0.05558,0.19784,0.14118,0.50184,0.50156,-0.48646,0.50985,98.00000
0.05558,0.19774,0.14118,0.50184,0.50156,-0.48646,0.50985,98.10000
0.05558,0.19764,0.14117,0.50184,0.50156,-0.48646,0.50985,98.20000
0.05558,0.19754,0.14117,0.50184,0.50156,-0.48646,0.50985,98.30000
0.05559,0.19744,0.14117,0.50184,0.50156,-0.48646,0.50985,98.40000
0.05559,0.19735,0.14117,0.50184,0.50156,-0.48646,0.50985,98.50000
0.05559,0.19725,0.14117,0.50184,0.50156,-0.48646,0.50985,98.60000
0.05559,0.19715,0.14117,0.50184,0.50156,-0.48646,0.50985,98.70000
0.05559,0.19705,0.14117,0.50184,0.50156,-0.48646,0.50985,98.80000
0.05560,0.19695,0.14117,0.50184,0.50156,-0.48646,0.50985,98.90000
0.05560,0.19685,0.14117,0.50184,0.50156,-0.48646,0.50985,99.00000
0.05560,0.19675,0.14117,0.50184,0.50156,-0.48646,0.50985,99.10000
0.05560,0.19665,0.14117,0.50184,0.50156,-0.48646,0.50985,99.20000
0.05561,0.19655,0.14118,0.50184,0.50156,-0.48646,0.50985,99.30000
0.05561,0.19645,0.14118,0.50184,0.50156,-0.48646,0.50985,99.40000
0.05561,0.19635,0.14118,0.50184,0.50156,-0.48646,0.50985,99.50000
0.05561,0.19625,0.14118,0.50184,0.50156,-0.48646,0.50985,99.60000
0.05562,0.19615,0.14117,0.50184,0.50156,-0.48646,0.50985,99.70000
0.05562,0.19605,0.14117,0.50184,0.50156,-0.48646,0.50985,99.80000
0.05562,0.19595,0.14117,0.50184,0.50156,-0.48646,0.50985,99.90000
0.05562,0.19585,0.14117,0.50184,0.50156,-0.48646,0.50985,100.00000
0.05562,0.19575,0.14117,0.50184,0.50156,-0.48646,0.50985,100.10000
0.05563,0.19565,0.14117,0.50184,0.50156,-0.48646,0.50985,100.20000
0.05563,0.19555,0.14117,0.50184,0.50156,-0.48646,0.50985,100.30000
0.05563,0.19545,0.14117,0.50184,0.50156,-0.48646,0.50985,100.40000
0.05563,0.19535,0.14117,0.50184,0.50156,-0.48646,0.50985,100.50000
0.05564,0.19525,0.14117,0.50184,0.50156,-0.48646,0.50985,100.60000
0.05564,0.19515,0.14117,0.50184,0.50156,-0.48646,0.50985,100.70000
0.05564,0.19505,0.14117,0.50184,0.50156,-0.48646,0.50985,100.80000
0.05564,0.19495,0.14118,0.50184,0.50156,-0.48646,0.50985,100.90000
0.05565,0.19485,0.14118,0.50184,0.50156,-0.48646,0.50985,101.00000
0.05565,0.19475,0.14118,0.50184,0.50156,-0.48646,0.50985,101.10000
0.05565,0.19465,0.14117,0.50184,0.50156,-0.48646,0.50985,101.20000
0.05565,0.19455,0.14117,0.50184,0.50156,-0.48646,0.50985,101.30000
0.05565,0.19445,0.14117,0.50184,0.50156,-0.48646,0.50985,101.40000
0.05566,0.19435,0.14117,0.50184,0.50156,-0.48646,0.50985,101.50000
0.05566,0.19425,0.14117,0.50184,0.50156,-0.48646,0.50985,101.60000
0.05566,0.19415,0.14117,0.50184,0.50156,-0.48646,0.50985,101.70000
0.05566,0.19405,0.14117,0.50184,0.50156,-0.48646,0.50985,101.80000
0.05567,0.19395,0.14117,0.50184,0.50156,-0.48646,0.50985,101.90000
0.05567,0.19385,0.14117,0.50184,0.50156,-0.48646,0.50985,102.00000
0.05567,0.19375,0.14117,0.50184,0.50156,-0.48646,0.50985,102.10000
0.05567,0.19365,0.14117,0.50184,0.50156,-0.48646,0.50985,102.20000
0.05568,0.19355,0.14117,0.50184,0.50156,-0.48646,0.50985,102.30000
0.05568,0.19345,0.14117,0.50184,0.50156,-0.48646,0.50985,102.40000
0.05568,0.19335,0.14118,0.50184,0.50156,-0.48646,0.50985,102.50000
0.05568,0.19325,0.14117,0.50184,0.50156,-0.48646,0.50985,102.60000
0.05568,0.19315,0.14117,0.50184,0.50156,-0.48646,0.50985,102.70000
0.05569,0.19305,0.14117,0.50184,0.50156,-0.48646,0.50985,102.80000
0.05569,0.19295,0.14117,0.50184,0.50156,-0.48646,0.50985,102.90000
0.05569,0.19285,0.14117,0.50184,0.50156,-0.48646,0.50985,103.00000
0.05569,0.19275,0.14117,0.50184,0.50156,-0.48646,0.50985,103.10000
0.05570,0.19265,0.14117,0.50184,0.50156,-0.48646,0.50985,103.20000
0.05570,0.19255,0.14117,0.50184,0.50156,-0.48646,0.50985,103.30000
0.05570,0.19245,0.14117,0.50184,0.50156,-0.48646,0.50985,103.40000
0.05570,0.19235,0.14117,0.50184,0.50156,-0.48646,0.50985,103.50000
0.05571,0.19225,0.14117,0.50184,0.50156,-0.48646,0.50985,103.60000
0.05571,0.19215,0.14117,0.50184,0.50156,-0.48646,0.50985,103.70000
0.05571,0.19205,0.14117,0.50184,0.50156,-0.48646,0.50985,103.80000
0.05571,0.19195,0.14117,0.50184,0.50156,-0.48646,0.50985,103.90000
0.05571,0.19185,0.14117,0.50184,0.50156,-0.48646,0.50985,104.00000
0.05572,0.19175,0.14117,0.50184,0.50156,-0.48646,0.50985,104.10000
0.05572,0.19165,0.14117,0.50184,0.50156,-0.48646,0.50985,104.20000
0.05572,0.19155,0.14117,0.50184,0.50156,-0.48646,0.50985,104.30000
0.05572,0.19145,0.14117,0.50184,0.50156,-0.48646,0.50985,104.40000
0.05573,0.19135,0.14117,0.50184,0.50156,-0.48646,0.50985,104.50000
0.05573,0.19125,0.14117,0.50184,0.50156,-0.48646,0.50985,104.60000
0.05573,0.19115,0.14117,0.50184,0.50156,-0.48646,0.50985,104.70000
0.05573,0.19105,0.14117,0.50184,0.50156,-0.48646,0.50985,104.80000
0.05574,0.19095,0.14117,0.50184,0.50156,-0.48646,0.50985,104.90000
0.05574,0.19085,0.14117,0.50184,0.50156,-0.48646,0.50985,105.00000
0.05574,0.19075,0.14117,0.50184,0.50156,-0.48646,0.50985,105.10000
0.05574,0.19065,0.14117,0.50184,0.50156,-0.48646,0.50985,105.20000
0.05574,0.19055,0.14117,0.50184,0.50156,-0.48646,0.50985,105.30000
0.05575,0.19045,0.14117,0.50184,0.50156,-0.48646,0.50985,105.40000
0.05575,0.19035,0.14117,0.50184,0.50156,-0.48646,0.50985,105.50000
0.05575,0.19025,0.14116,0.50184,0.50156,-0.48646,0.50985,105.60000
0.05575,0.19015,0.14117,0.50184,0.50156,-0.48646,0.50985,105.70000
0.05576,0.19005,0.14117,0.50184,0.50156,-0.48646,0.50985,105.80000
0.05576,0.18995,0.14117,0.50184,0.50156,-0.48646,0.50985,105.90000
0.05576,0.18985,0.14117,0.50184,0.50156,-0.48646,0.50985,106.00000
0.05576,0.18975,0.14117,0.50184,0.50156,-0.48646,0.50985,106.10000
0.05576,0.18965,0.14117,0.50184,0.50156,-0.48646,0.50985,106.20000
0.05577,0.18955,0.14117,0.50184,0.50156,-0.48646,0.50985,106.30000
0.05577,0.18945,0.14117,0.50184,0.50156,-0.48646,0.50985,106.40000
0.05577,0.18935,0.14117,0.50184,0.50156,-0.48646,0.50985,106.50000
0.05577,0.18925,0.14117,0.50184,0.50156,-0.48646,0.50985,106.60000
0.05578,0.18915,0.14117,0.50184,0.50156,-0.48646,0.50985,106.70000
0.05578,0.18905,0.14117,0.50184,0.50156,-0.48646,0.50985,106.80000
0.05578,0.18895,0.14117,0.50184,0.50156,-0.48646,0.50985,106.90000
0.05578,0.18885,0.14116,0.50184,0.50156,-0.48646,0.50985,107.00000
0.05579,0.18875,0.14116,0.50184,0.50156,-0.48646,0.50985,107.10000
0.05579,0.18865,0.14116,0.50184,0.50156,-0.48646,0.50985,107.20000
0.05579,0.18855,0.14117,0.50184,0.50156,-0.48646,0.50985,107.30000
0.05579,0.18845,0.14117,0.50184,0.50156,-0.48646,0.50985,107.40000
0.05579,0.18835,0.14117,0.50184,0.50156,-0.48646,0.50985,107.50000
0.05580,0.18825,0.14117,0.50184,0.50156,-0.48646,0.50985,107.60000
0.05580,0.18815,0.14117,0.50184,0.50156,-0.48646,0.50985,107.70000
0.05580,0.18805,0.14117,0.50184,0.50156,-0.48646,0.50985,107.80000
0.05580,0.18795,0.14117,0.50184,0.50156,-0.48646,0.50985,107.90000
0.05581,0.18785,0.14117,0.50184,0.50156,-0.48646,0.50985,108.00000
0.05581,0.18775,0.14117,0.50184,0.50156,-0.48646,0.50985,108.10000
0.05581,0.18765,0.14117,0.50184,0.50156,-0.48646,0.50985,108.20000
0.05581,0.18755,0.14117,0.50184,0.50156,-0.48646,0.50985,108.30000
0.05582,0.18745,0.14117,0.50184,0.50156,-0.48646,0.50985,108.40000
0.05582,0.18735,0.14116,0.50184,0.50156,-0.48646,0.50985,108.50000
0.05582,0.18725,0.14116,0.50184,0.50156,-0.48646,0.50985,108.60000
0.05582,0.18715,0.14116,0.50184,0.50156,-0.48646,0.50985,108.70000
0.05583,0.18705,0.14116,0.50184,0.50156,-0.48646,0.50985,108.80000
0.05583,0.18695,0.14116,0.50184,0.50156,-0.48646,0.50985,108.90000
0.05583,0.18685,0.14117,0.50184,0.50156,-0.48646,0.50985,109.00000
0.05583,0.18675,0.14117,0.50184,0.50156,-0.48646,0.50985,109.10000
0.05583,0.18665,0.14117,0.50184,0.50156,-0.48646,0.50985,109.20000
0.05584,0.18655,0.14117,0.50184,0.50156,-0.48646,0.50985,109.30000
0.05584,0.18645,0.14117,0.50184,0.50156,-0.48646,0.50985,109.40000
0.05584,0.18635,0.14117,0.50184,0.50156,-0.48646,0.50985,109.50000
0.05584,0.18625,0.14117,0.50184,0.50156,-0.48646,0.50985,109.60000
0.05585,0.18615,0.14117,0.50184,0.50156,-0.48646,0.50985,109.70000
0.05585,0.18605,0.14117,0.50184,0.50156,-0.48646,0.50985,109.80000
0.05585,0.18595,0.14117,0.50184,0.50156,-0.48646,0.50985,109.90000
0.05585,0.18585,0.14116,0.50184,0.50156,-0.48646,0.50985,110.00000
0.05585,0.18575,0.14116,0.50184,0.50156,-0.48646,0.50985,110.10000
0.05586,0.18565,0.14116,0.50184,0.50156,-0.48646,0.50985,110.20000
0.05586,0.18555,0.14116,0.50184,0.50156,-0.48646,0.50985,110.30000
0.05586,0.18545,0.14116,0.50184,0.50156,-0.48646,0.50985,110.40000
0.05586,0.18535,0.14116,0.50184,0.50156,-0.48646,0.50985,110.50000
0.05587,0.18525,0.14117,0.50184,0.50156,-0.48646,0.50985,110.60000
0.05587,0.18515,0.14117,0.50184,0.50156,-0.48646,0.50985,110.70000
0.05587,0.18505,0.14117,0.50184,0.50156,-0.48646,0.50985,110.80000
0.05587,0.18495,0.14117,0.50184,0.50156,-0.48646,0.50985,110.90000
0.05588,0.18485,0.14117,0.50184,0.50156,-0.48646,0.50985,111.00000
0.05588,0.18475,0.14117,0.50184,0.50156,-0.48646,0.50985,111.10000
0.05588,0.18465,0.14117,0.50184,0.50156,-0.48646,0.50985,111.20000
0.05588,0.18455,0.14117,0.50184,0.50156,-0.48646,0.50985,111.30000
0.05588,0.18445,0.14116,0.50184,0.50156,-0.48646,0.50985,111.40000
0.05589,0.18435,0.14116,0.50184,0.50156,-0.48646,0.50985,111.50000
0.05589,0.18425,0.14116,0.50184,0.50156,-0.48646,0.50985,111.60000
0.05589,0.18415,0.14116,0.50184,0.50156,-0.48646,0.50985,111.70000
0.05589,0.18405,0.14116,0.50184,0.50156,-0.48646,0.50985,111.80000
0.05590,0.18395,0.14116,0.50184,0.50156,-0.48646,0.50985,111.90000
0.05590,0.18385,0.14116,0.50184,0.50156,-0.48646,0.50985,112.00000
0.05590,0.18375,0.14116,0.50184,0.50156,-0.48646,0.50985,112.10000
0.05590,0.18365,0.14117,0.50184,0.50156,-0.48646,0.50985,112.20000
0.05591,0.18355,0.14117,0.50184,0.50156,-0.48646,0.50985,112.30000
0.05591,0.18345,0.14117,0.50184,0.50156,-0.48646,0.50985,112.40000
0.05591,0.18335,0.14117,0.50184,0.50156,-0.48646,0.50985,112.50000
0.05591,0.18325,0.14117,0.50184,0.50156,-0.48646,0.50985,112.60000
0.05591,0.18315,0.14117,0.50184,0.50156,-0.48646,0.50985,112.70000
0.05592,0.18305,0.14117,0.50184,0.50156,-0.48646,0.50985,112.80000
0.05592,0.18295,0.14116,0.50184,0.50156,-0.48646,0.50985,112.90000
0.05592,0.18285,0.14116,0.50184,0.50156,-0.48646,0.50985,113.00000
0.05592,0.18275,0.14116,0.50184,0.50156,-0.48646,0.50985,113.10000
0.05593,0.18265,0.14116,0.50184,0.50156,-0.48646,0.50985,113.20000
0.05593,0.18255,0.14116,0.50184,0.50156,-0.48646,0.50985,113.30000
0.05593,0.18245,0.14116,0.50184,0.50156,-0.48646,0.50985,113.40000
0.05593,0.18235,0.14116,0.50184,0.50156,-0.48646,0.50985,113.50000
0.05594,0.18225,0.14116,0.50184,0.50156,-0.48646,0.50985,113.60000
0.05594,0.18215,0.14116,0.50184,0.50156,-0.48646,0.50985,113.70000
0.05594,0.18205,0.14117,0.50184,0.50156,-0.48646,0.50985,113.80000
0.05594,0.18195,0.14117,0.50184,0.50156,-0.48646,0.50985,113.90000
0.05594,0.18185,0.14117,0.50184,0.50156,-0.48646,0.50985,114.00000
0.05595,0.18175,0.14117,0.50184,0.50156,-0.48646,0.50985,114.10000
0.05595,0.18165,0.14117,0.50184,0.50156,-0.48646,0.50985,114.20000
0.05595,0.18155,0.14117,0.50184,0.50156,-0.48646,0.50985,114.30000
0.05595,0.18145,0.14116,0.50184,0.50156,-0.48646,0.50985,114.40000
0.05596,0.18135,0.14116,0.50184,0.50156,-0.48646,0.50985,114.50000
0.05596,0.18125,0.14116,0.50184,0.50156,-0.48646,0.50985,114.60000
0.05596,0.18115,0.14116,0.50184,0.50156,-0.48646,0.50985,114.70000
0.05596,0.18105,0.14116,0.50184,0.50156,-0.48646,0.50985,114.80000
0.05597,0.18095,0.14116,0.50184,0.50156,-0.48646,0.50985,114.90000
0.05597,0.18085,0.14116,0.50184,0.50156,-0.48646,0.50985,115.00000
0.05597,0.18075,0.14116,0.50184,0.50156,-0.48646,0.50985,115.10000
0.05597,0.18065,0.14116,0.50184,0.50156,-0.48646,0.50985,115.20000
0.05597,0.18055,0.14116,0.50184,0.50156,-0.48646,0.50985,115.30000
0.05598,0.18045,0.14117,0.50184,0.50156,-0.48646,0.50985,115.40000
0.05598,0.18035,0.14117,0.50184,0.50156,-0.48646,0.50985,115.50000
0.05598,0.18025,0.14117,0.50184,0.50156,-0.48646,0.50985,115.60000
0.05598,0.18015,0.14117,0.50184,0.50156,-0.48646,0.50985,115.70000
0.05599,0.18005,0.14116,0.50184,0.50156,-0.48646,0.50985,115.80000
0.05599,0.17995,0.14116,0.50184,0.50156,-0.48646,0.50985,115.90000
0.05599,0.17985,0.14116,0.50184,0.50156,-0.48646,0.50985,116.00000
0.05599,0.17975,0.14116,0.50184,0.50156,-0.48646,0.50985,116.10000
0.05600,0.17965,0.14116,0.50184,0.50156,-0.48646,0.50985,116.20000
0.05600,0.17955,0.14116,0.50184,0.50156,-0.48646,0.50985,116.30000
0.05600,0.17945,0.14116,0.50184,0.50156,-0.48646,0.50985,116.40000
0.05600,0.17935,0.14116,0.50184,0.50156,-0.48646,0.50985,116.50000
0.05600,0.17925,0.14116,0.50184,0.50156,-0.48646,0.50985,116.60000
0.05601,0.17915,0.14116,0.50184,0.50156,-0.48646,0.50985,116.70000
0.05601,0.17905,0.14116,0.50184,0.50156,-0.48646,0.50985,116.80000
0.05601,0.17895,0.14116,0.50184,0.50156,-0.48646,0.50985,116.90000
0.05601,0.17885,0.14117,0.50184,0.50156,-0.48646,0.50985,117.00000
0.05602,0.17875,0.14117,0.50184,0.50156,-0.48646,0.50985,117.10000
0.05602,0.17865,0.14117,0.50184,0.50156,-0.48646,0.50985,117.20000
0.05602,0.17855,0.14116,0.50184,0.50156,-0.48646,0.50985,117.30000
0.05602,0.17845,0.14116,0.50184,0.50156,-0.48646,0.50985,117.40000
0.05603,0.17835,0.14116,0.50184,0.50156,-0.48646,0.50985,117.50000
0.05603,0.17825,0.14116,0.50184,0.50156,-0.48646,0.50985,117.60000
0.05603,0.17815,0.14116,0.50184,0.50156,-0.48646,0.50985,117.70000
0.05603,0.17805,0.14116,0.50184,0.50156,-0.48646,0.50985,117.80000
0.05603,0.17795,0.14116,0.50184,0.50156,-0.48646,0.50985,117.90000
0.05604,0.17785,0.14116,0.50184,0.50156,-0.48646,0.50985,118.00000
0.05604,0.17775,0.14116,0.50184,0.50156,-0.48646,0.50985,118.10000
0.05604,0.17765,0.14116,0.50184,0.50156,-0.48646,0.50985,118.20000
0.05604,0.17755,0.14116,0.50184,0.50156,-0.48646,0.50985,118.30000
0.05605,0.17745,0.14116,0.50184,0.50156,-0.48646,0.50985,118.40000
0.05605,0.17735,0.14116,0.50184,0.50156,-0.48646,0.50985,118.50000
0.05605,0.17725,0.14117,0.50184,0.50156,-0.48646,0.50985,118.60000
0.05605,0.17715,0.14117,0.50184,0.50156,-0.48646,0.50985,118.70000
0.05606,0.17705,0.14116,0.50184,0.50156,-0.48646,0.50985,118.80000
0.05606,0.17695,0.14116,0.50184,0.50156,-0.48646,0.50985,118.90000
0.05606,0.17685,0.14116,0.50184,0.50156,-0.48646,0.50985,119.00000
0.05606,0.17675,0.14116,0.50184,0.50156,-0.48646,0.50985,119.10000
0.05606,0.17665,0.14116,0.50184,0.50156,-0.48646,0.50985,119.20000
0.05607,0.17655,0.14116,0.50184,0.50156,-0.48646,0.50985,119.30000
0.05607,0.17645,0.14116,0.50184,0.50156,-0.48646,0.50985,119.40000
0.05607,0.17635,0.14116,0.50184,0.50156,-0.48646,0.50985,119.50000
0.05607,0.17625,0.14116,0.50184,0.50156,-0.48646,0.50985,119.60000
0.05608,0.17615,0.14116,0.50184,0.50156,-0.48646,0.50985,119.70000
0.05608,0.17605,0.14116,0.50184,0.50156,-0.48646,0.50985,119.80000
0.05608,0.17595,0.14116,0.50184,0.50156,-0.48646,0.50985,119.90000
0.05608,0.17585,0.14116,0.50184,0.50156,-0.48646,0.50985,120.00000
0.05609,0.17575,0.14116,0.50184,0.50156,-0.48646,0.50985,120.10000
0.05609,0.17565,0.14116,0.50184,0.50156,-0.48646,0.50985,120.20000
0.05609,0.17555,0.14116,0.50184,0.50156,-0.48646,0.50985,120.30000
0.05609,0.17545,0.14116,0.50184,0.50156,-0.48646,0.50985,120.40000
0.05609,0.17535,0.14116,0.50184,0.50156,-0.48646,0.50985,120.50000
0.05610,0.17525,0.14116,0.50184,0.50156,-0.48646,0.50985,120.60000
0.05610,0.17515,0.14116,0.50184,0.50156,-0.48646,0.50985,120.70000
0.05610,0.17505,0.14116,0.50184,0.50156,-0.48646,0.50985,120.80000
0.05610,0.17495,0.14116,0.50184,0.50156,-0.48646,0.50985,120.90000
0.05611,0.17485,0.14116,0.50184,0.50156,-0.48646,0.50985,121.00000
0.05611,0.17475,0.14116,0.50184,0.50156,-0.48646,0.50985,121.10000
0.05611,0.17465,0.14116,0.50184,0.50156,-0.48646,0.50985,121.20000
0.05611,0.17455,0.14116,0.50184,0.50156,-0.48646,0.50985,121.30000
0.05612,0.17445,0.14116,0.50184,0.50156,-0.48646,0.50985,121.40000
0.05612,0.17435,0.14116,0.50184,0.50156,-0.48646,0.50985,121.50000
0.05612,0.17425,0.14116,0.50184,0.50156,-0.48646,0.50985,121.60000
0.05612,0.17415,0.14115,0.50184,0.50156,-0.48646,0.50985,121.70000
0.05612,0.17405,0.14115,0.50184,0.50156,-0.48646,0.50985,121.80000
0.05613,0.17395,0.14116,0.50184,0.50156,-0.48646,0.50985,121.90000
0.05613,0.17385,0.14116,0.50184,0.50156,-0.48646,0.50985,122.00000
0.05613,0.17375,0.14116,0.50184,0.50156,-0.48646,0.50985,122.10000
0.05613,0.17365,0.14116,0.50184,0.50156,-0.48646,0.50985,122.20000
0.05614,0.17355,0.14116,0.50184,0.50156,-0.48646,0.50985,122.30000
0.05614,0.17345,0.14116,0.50184,0.50156,-0.48646,0.50985,122.40000
0.05614,0.17335,0.14116,0.50184,0.50156,-0.48646,0.50985,122.50000
0.05614,0.17325,0.14116,0.50184,0.50156,-0.48646,0.50985,122.60000
0.05615,0.17315,0.14116,0.50184,0.50156,-0.48646,0.50985,122.70000
0.05615,0.17305,0.14116,0.50184,0.50156,-0.48646,0.50985,122.80000
0.05615,0.17295,0.14116,0.50184,0.50156,-0.48646,0.50985,122.90000
0.05615,0.17285,0.14116,0.50184,0.50156,-0.48646,0.50985,123.00000
0.05615,0.17275,0.14116,0.50184,0.50156,-0.48646,0.50985,123.10000
0.05616,0.17265,0.14115,0.50184,0.50156,-0.48646,0.50985,123.20000
0.05616,0.17255,0.14115,0.50184,0.50156,-0.48646,0.50985,123.30000
0.05616,0.17245,0.14115,0.50184,0.50156,-0.48646,0.50985,123.40000
0.05616,0.17235,0.14116,0.50184,0.50156,-0.48646,0.50985,123.50000
0.05617,0.17225,0.14116,0.50184,0.50156,-0.48646,0.50985,123.60000
0.05617,0.17215,0.14116,0.50184,0.50156,-0.48646,0.50985,123.70000
0.05617,0.17205,0.14116,0.50184,0.50156,-0.48646,0.50985,123.80000
0.05617,0.17195,0.14116,0.50184,0.50156,-0.48646,0.50985,123.90000
0.05618,0.17185,0.14116,0.50184,0.50156,-0.48646,0.50985,124.00000
0.05618,0.17175,0.14116,0.50184,0.50156,-0.48646,0.50985,124.10000
0.05618,0.17165,0.14116,0.50184,0.50156,-0.48646,0.50985,124.20000
0.05618,0.17155,0.14116,0.50184,0.50156,-0.48646,0.50985,124.30000
0.05618,0.17145,0.14116,0.50184,0.50156,-0.48646,0.50985,124.40000
0.05619,0.17135,0.14116,0.50184,0.50156,-0.48646,0.50985,124.50000
0.05619,0.17125,0.14115,0.50184,0.50156,-0.48646,0.50985,124.60000
0.05619,0.17115,0.14115,0.50184,0.50156,-0.48646,0.50985,124.70000
0.05619,0.17105,0.14115,0.50184,0.50156,-0.48646,0.50985,124.80000
0.05620,0.17095,0.14115,0.50184,0.50156,-0.48646,0.50985,124.90000
0.05620,0.17085,0.14115,0.50184,0.50156,-0.48646,0.50985,125.00000
0.05620,0.17075,0.14116,0.50184,0.50156,-0.48646,0.50985,125.10000
0.05620,0.17065,0.14116,0.50184,0.50156,-0.48646,0.50985,125.20000
0.05621,0.17055,0.14116,0.50184,0.50156,-0.48646,0.50985,125.30000
0.05621,0.17045,0.14116,0.50184,0.50156,-0.48646,0.50985,125.40000
0.05621,0.17035,0.14116,0.50184,0.50156,-0.48646,0.50985,125.50000
0.05621,0.17025,0.14116,0.50184,0.50156,-0.48646,0.50985,125.60000
0.05621,0.17015,0.14116,0.50184,0.50156,-0.48646,0.50985,125.70000
0.05622,0.17005,0.14116,0.50184,0.50156,-0.48646,0.50985,125.80000
0.05622,0.16995,0.14116,0.50184,0.50156,-0.48646,0.50985,125.90000
0.05622,0.16985,0.14116,0.50184,0.50156,-0.48646,0.50985,126.00000
0.05622,0.16975,0.14115,0.50184,0.50156,-0.48646,0.50985,126.10000
0.05623,0.16965,0.14115,0.50184,0.50156,-0.48646,0.50985,126.20000
0.05623,0.16955,0.14115,0.50184,0.50156,-0.48646,0.50985,126.30000
0.05623,0.16945,0.14115,0.50184,0.50156,-0.48646,0.50985,126.40000
0.05623,0.16935,0.14115,0.50184,0.50156,-0.48646,0.50985,126.50000
0.05624,0.16925,0.14115,0.50184,0.50156,-0.48646,0.50985,126.60000
0.05624,0.16915,0.14116,0.50184,0.50156,-0.48646,0.50985,126.70000
0.05624,0.16905,0.14116,0.50184,0.50156,-0.48646,0.50985,126.80000
0.05624,0.16895,0.14116,0.50184,0.50156,-0.48646,0.50985,126.90000
0.05624,0.16885,0.14116,0.50184,0.50156,-0.48646,0.50985,127.00000
0.05625,0.16875,0.14116,0.50184,0.50156,-0.48646,0.50985,127.10000
0.05625,0.16865,0.14116,0.50184,0.50156,-0.48646,0.50985,127.20000
0.05625,0.16855,0.14116,0.50184,0.50156,-0.48646,0.50985,127.30000
0.05625,0.16845,0.14116,0.50184,0.50156,-0.48646,0.50985,127.40000
0.05626,0.16835,0.14116,0.50184,0.50156,-0.48646,0.50985,127.50000
0.05626,0.16825,0.14115,0.50184,0.50156,-0.48646,0.50985,127.60000
0.05626,0.16815,0.14115,0.50184,0.50156,-0.48646,0.50985,127.70000
0.05626,0.16805,0.14115,0.50184,0.50156,-0.48646,0.50985,127.80000
0.05627,0.16795,0.14115,0.50184,0.50156,-0.48646,0.50985,127.90000
0.05627,0.16785,0.14115,0.50184,0.50156,-0.48646,0.50985,128.00000
0.05627,0.16775,0.14115,0.50184,0.50156,-0.48646,0.50985,128.10000
0.05627,0.16765,0.14115,0.50184,0.50156,-0.48646,0.50985,128.20000
0.05627,0.16755,0.14116,0.50184,0.50156,-0.48646,0.50985,128.30000
0.05628,0.16745,0.14116,0.50184,0.50156,-0.48646,0.50985,128.40000
0.05628,0.16735,0.14116,0.50184,0.50156,-0.48646,0.50985,128.50000
0.05628,0.16725,0.14116,0.50184,0.50156,-0.48646,0.50985,128.60000
0.05628,0.16715,0.14116,0.50184,0.50156,-0.48646,0.50985,128.70000
0.05629,0.16705,0.14116,0.50184,0.50156,-0.48646,0.50985,128.80000
0.05629,0.16695,0.14116,0.50184,0.50156,-0.48646,0.50985,128.90000
0.05629,0.16685,0.14115,0.50184,0.50156,-0.48646,0.50985,129.00000
0.05629,0.16675,0.14115,0.50184,0.50156,-0.48646,0.50985,129.10000
0.05630,0.16665,0.14115,0.50184,0.50156,-0.48646,0.50985,129.20000
0.05630,0.16655,0.14115,0.50184,0.50156,-0.48646,0.50985,129.30000
0.05630,0.16645,0.14115,0.50184,0.50156,-0.48646,0.50985,129.40000
0.05630,0.16635,0.14115,0.50184,0.50156,-0.48646,0.50985,129.50000
0.05630,0.16625,0.14115,0.50184,0.50156,-0.48646,0.50985,129.60000
0.05631,0.16615,0.14115,0.50184,0.50156,-0.48646,0.50985,129.70000
0.05631,0.16605,0.14115,0.50184,0.50156,-0.48646,0.50985,129.80000
0.05631,0.16595,0.14116,0.50184,0.50156,-0.48646,0.50985,129.90000
0.05631,0.16585,0.14116,0.50184,0.50156,-0.48646,0.50985,130.00000
0.05632,0.16575,0.14116,0.50184,0.50156,-0.48646,0.50985,130.10000
0.05632,0.16565,0.14116,0.50184,0.50156,-0.48646,0.50985,130.20000
0.05632,0.16555,0.14116,0.50184,0.50156,-0.48646,0.50985,130.30000
0.05632,0.16545,0.14116,0.50184,0.50156,-0.48646,0.50985,130.40000
0.05633,0.16535,0.14115,0.50184,0.50156,-0.48646,0.50985,130.50000
0.05633,0.16525,0.14115,0.50184,0.50156,-0.48646,0.50985,130.60000
0.05633,0.16515,0.14115,0.50184,0.50156,-0.48646,0.50985,130.70000
0.05633,0.16505,0.14115,0.50184,0.50156,-0.48646,0.50985,130.80000
0.05633,0.16495,0.14115,0.50184,0.50156,-0.48646,0.50985,130.90000
0.05634,0.16485,0.14115,0.50184,0.50156,-0.48646,0.50985,131.00000
0.05634,0.16475,0.14115,0.50184,0.50156,-0.48646,0.50985,131.10000
0.05634,0.16465,0.14115,0.50184,0.50156,-0.48646,0.50985,131.20000
0.05634,0.16455,0.14115,0.50184,0.50156,-0.48646,0.50985,131.30000
0.05635,0.16445,0.14115,0.50184,0.50156,-0.48646,0.50985,131.40000
0.05635,0.16435,0.14116,0.50184,0.50156,-0.48646,0.50985,131.50000
0.05635,0.16425,0.14116,0.50184,0.50156,-0.48646,0.50985,131.60000
0.05635,0.16415,0.14116,0.50184,0.50156,-0.48646,0.50985,131.70000
0.05636,0.16405,0.14116,0.50184,0.50156,-0.48646,0.50985,131.80000
0.05636,0.16395,0.14116,0.50184,0.50156,-0.48646,0.50985,131.90000
0.05636,0.16385,0.14115,0.50184,0.50156,-0.48646,0.50985,132.00000
0.05636,0.16375,0.14115,0.50184,0.50156,-0.48646,0.50985,132.10000
0.05636,0.16365,0.14115,0.50184,0.50156,-0.48646,0.50985,132.20000
0.05637,0.16355,0.14115,0.50184,0.50156,-0.48646,0.50985,132.30000
0.05637,0.16345,0.14115,0.50184,0.50156,-0.48646,0.50985,132.40000
0.05637,0.16335,0.14115,0.50184,0.50156,-0.48646,0.50985,132.50000
0.05637,0.16325,0.14115,0.50184,0.50156,-0.48646,0.50985,132.60000
0.05638,0.16315,0.14115,0.50184,0.50156,-0.48646,0.50985,132.70000
0.05638,0.16305,0.14115,0.50184,0.50156,-0.48646,0.50985,132.80000
0.05638,0.16295,0.14115,0.50184,0.50156,-0.48646,0.50985,132.90000
0.05638,0.16285,0.14115,0.50184,0.50156,-0.48646,0.50985,133.00000
0.05639,0.16275,0.14115,0.50184,0.50156,-0.48646,0.50985,133.10000
0.05639,0.16265,0.14116,0.50184,0.50156,-0.48646,0.50985,133.20000
0.05639,0.16255,0.14116,0.50184,0.50156,-0.48646,0.50985,133.30000
0.05639,0.16245,0.14115,0.50184,0.50156,-0.48646,0.50985,133.40000
0.05639,0.16235,0.14115,0.50184,0.50156,-0.48646,0.50985,133.50000
0.05640,0.16225,0.14115,0.50184,0.50156,-0.48646,0.50985,133.60000
0.05640,0.16215,0.14115,0.50184,0.50156,-0.48646,0.50985,133.70000
0.05640,0.16205,0.14115,0.50184,0.50156,-0.48646,0.50985,133.80000
0.05640,0.16195,0.14115,0.50184,0.50156,-0.48646,0.50985,133.90000
0.05641,0.16185,0.14115,0.50184,0.50156,-0.48646,0.50985,134.00000
0.05641,0.16175,0.14115,0.50184,0.50156,-0.48646,0.50985,134.10000
0.05641,0.16165,0.14115,0.50184,0.50156,-0.48646,0.50985,134.20000
0.05641,0.16155,0.14115,0.50184,0.50156,-0.48646,0.50985,134.30000
0.05642,0.16145,0.14115,0.50184,0.50156,-0.48646,0.50985,134.40000
0.05642,0.16135,0.14115,0.50184,0.50156,-0.48646,0.50985,134.50000
0.05642,0.16125,0.14115,0.50184,0.50156,-0.48646,0.50985,134.60000
0.05642,0.16115,0.14115,0.50184,0.50156,-0.48646,0.50985,134.70000
0.05642,0.16105,0.14116,0.50184,0.50156,-0.48646,0.50985,134.80000
0.05643,0.16095,0.14115,0.50184,0.50156,-0.48646,0.50985,134.90000
0.05643,0.16085,0.14115,0.50184,0.50156,-0.48646,0.50985,135.00000
0.05643,0.16075,0.14115,0.50184,0.50156,-0.48646,0.50985,135.10000
0.05643,0.16065,0.14115,0.50184,0.50156,-0.48646,0.50985,135.20000
0.05644,0.16055,0.14115,0.50184,0.50156,-0.48646,0.50985,135.30000
0.05644,0.16045,0.14115,0.50184,0.50156,-0.48646,0.50985,135.40000
0.05644,0.16035,0.14115,0.50184,0.50156,-0.48646,0.50985,135.50000
0.05644,0.16025,0.14115,0.50184,0.50156,-0.48646,0.50985,135.60000
0.05645,0.16015,0.14115,0.50184,0.50156,-0.48646,0.50985,135.70000
0.05645,0.16005,0.14115,0.50184,0.50156,-0.48646,0.50985,135.80000
0.05645,0.15995,0.14115,0.50184,0.50156,-0.48646,0.50985,135.90000
0.05645,0.15985,0.14115,0.50184,0.50156,-0.48646,0.50985,136.00000
0.05645,0.15975,0.14115,0.50184,0.50156,-0.48646,0.50985,136.10000
0.05646,0.15965,0.14115,0.50184,0.50156,-0.48646,0.50985,136.20000
0.05646,0.15955,0.14115,0.50184,0.50156,-0.48646,0.50985,136.30000
0.05646,0.15945,0.14115,0.50184,0.50156,-0.48646,0.50985,136.40000
0.05646,0.15935,0.14115,0.50184,0.50156,-0.48646,0.50985,136.50000
0.05647,0.15925,0.14115,0.50184,0.50156,-0.48646,0.50985,136.60000
0.05647,0.15915,0.14115,0.50184,0.50156,-0.48646,0.50985,136.70000
0.05647,0.15905,0.14115,0.50184,0.50156,-0.48646,0.50985,136.80000
0.05647,0.15895,0.14115,0.50184,0.50156,-0.48646,0.50985,136.90000
0.05647,0.15885,0.14115,0.50184,0.50156,-0.48646,0.50985,137.00000
0.05648,0.15875,0.14115,0.50184,0.50156,-0.48646,0.50985,137.10000
0.05648,0.15865,0.14115,0.50184,0.50156,-0.48646,0.50985,137.20000
0.05648,0.15855,0.14115,0.50184,0.50156,-0.48646,0.50985,137.30000
0.05648,0.15845,0.14115,0.50184,0.50156,-0.48646,0.50985,137.40000
0.05649,0.15835,0.14115,0.50184,0.50156,-0.48646,0.50985,137.50000
0.05649,0.15825,0.14115,0.50184,0.50156,-0.48646,0.50985,137.60000
0.05649,0.15815,0.14115,0.50184,0.50156,-0.48646,0.50985,137.70000
0.05649,0.15805,0.14114,0.50184,0.50156,-0.48646,0.50985,137.80000
0.05650,0.15795,0.14114,0.50184,0.50156,-0.48646,0.50985,137.90000
0.05650,0.15785,0.14115,0.50184,0.50156,-0.48646,0.50985,138.00000
0.05650,0.15775,0.14115,0.50184,0.50156,-0.48646,0.50985,138.10000
0.05650,0.15765,0.14115,0.50184,0.50156,-0.48646,0.50985,138.20000
0.05650,0.15755,0.14115,0.50184,0.50156,-0.48646,0.50985,138.30000
0.05651,0.15745,0.14115,0.50184,0.50156,-0.48646,0.50985,138.40000
0.05651,0.15735,0.14115,0.50184,0.50156,-0.48646,0.50985,138.50000
0.05651,0.15725,0.14115,0.50184,0.50156,-0.48646,0.50985,138.60000
0.05651,0.15715,0.14115,0.50184,0.50156,-0.48646,0.50985,138.70000
0.05652,0.15705,0.14115,0.50184,0.50156,-0.48646,0.50985,138.80000
0.05652,0.15695,0.14115,0.50184,0.50156,-0.48646,0.50985,138.90000
0.05652,0.15686,0.14115,0.50184,0.50156,-0.48646,0.50985,139.00000
0.05652,0.15676,0.14115,0.50184,0.50156,-0.48646,0.50985,139.10000
0.05653,0.15666,0.14115,0.50184,0.50156,-0.48646,0.50985,139.20000
0.05653,0.15656,0.14114,0.50184,0.50156,-0.48646,0.50985,139.30000
0.05653,0.15646,0.14114,0.50184,0.50156,-0.48646,0.50985,139.40000
0.05653,0.15636,0.14114,0.50184,0.50156,-0.48646,0.50985,139.50000
0.05653,0.15626,0.14115,0.50184,0.50156,-0.48646,0.50985,139.60000
0.05654,0.15616,0.14115,0.50184,0.50156,-0.48646,0.50985,139.70000
0.05654,0.15606,0.14115,0.50184,0.50156,-0.48646,0.50985,139.80000
0.05654,0.15596,0.14115,0.50184,0.50156,-0.48646,0.50985,139.90000
0.05654,0.15586,0.14115,0.50184,0.50156,-0.48646,0.50985,140.00000
0.05655,0.15576,0.14115,0.50184,0.50156,-0.48646,0.50985,140.10000
0.05655,0.15566,0.14115,0.50184,0.50156,-0.48646,0.50985,140.20000
0.05655,0.15556,0.14115,0.50184,0.50156,-0.48646,0.50985,140.30000
0.05655,0.15546,0.14115,0.50184,0.50156,-0.48646,0.50985,140.40000
0.05656,0.15536,0.14115,0.50184,0.50156,-0.48646,0.50985,140.50000
0.05656,0.15526,0.14115,0.50184,0.50156,-0.48646,0.50985,140.60000
0.05656,0.15516,0.14115,0.50184,0.50156,-0.48646,0.50985,140.70000
0.05656,0.15506,0.14114,0.50184,0.50156,-0.48646,0.50985,140.80000
0.05656,0.15496,0.14114,0.50184,0.50156,-0.48646,0.50985,140.90000
0.05657,0.15486,0.14114,0.50184,0.50156,-0.48646,0.50985,141.00000
0.05657,0.15476,0.14114,0.50184,0.50156,-0.48646,0.50985,141.10000
0.05657,0.15466,0.14115,0.50184,0.50156,-0.48646,0.50985,141.20000
0.05657,0.15456,0.14115,0.50184,0.50156,-0.48646,0.50985,141.30000
0.05658,0.15446,0.14115,0.50184,0.50156,-0.48646,0.50985,141.40000
0.05658,0.15436,0.14115,0.50184,0.50156,-0.48646,0.50985,141.50000
0.05658,0.15426,0.14115,0.50184,0.50156,-0.48646,0.50985,141.60000
0.05658,0.15416,0.14115,0.50184,0.50156,-0.48646,0.50985,141.70000
0.05659,0.15406,0.14115,0.50184,0.50156,-0.48646,0.50985,141.80000
0.05659,0.15396,0.14115,0.50184,0.50156,-0.48646,0.50985,141.90000
0.05659,0.15386,0.14115,0.50184,0.50156,-0.48646,0.50985,142.00000
0.05659,0.15376,0.14115,0.50184,0.50156,-0.48646,0.50985,142.10000
0.05659,0.15366,0.14114,0.50184,0.50156,-0.48646,0.50985,142.20000
0.05660,0.15356,0.14114,0.50184,0.50156,-0.48646,0.50985,142.30000
0.05660,0.15346,0.14114,0.50184,0.50156,-0.48646,0.50985,142.40000
0.05660,0.15336,0.14114,0.50184,0.50156,-0.48646,0.50985,142.50000
0.05660,0.15326,0.14114,0.50184,0.50156,-0.48646,0.50985,142.60000
0.05661,0.15316,0.14114,0.50184,0.50156,-0.48646,0.50985,142.70000
0.05661,0.15306,0.14115,0.50184,0.50156,-0.48646,0.50985,142.80000
0.05661,0.15296,0.14115,0.50184,0.50156,-0.48646,0.50985,142.90000
0.05661,0.15286,0.14115,0.50184,0.50156,-0.48646,0.50985,143.00000
0.05662,0.15276,0.14115,0.50184,0.50156,-0.48646,0.50985,143.10000
0.05662,0.15266,0.14115,0.50184,0.50156,-0.48646,0.50985,143.20000
0.05662,0.15256,0.14115,0.50184,0.50156,-0.48646,0.50985,143.30000
0.05662,0.15246,0.14115,0.50184,0.50156,-0.48646,0.50985,143.40000
0.05662,0.15236,0.14115,0.50184,0.50156,-0.48646,0.50985,143.50000
0.05663,0.15226,0.14115,0.50184,0.50156,-0.48646,0.50985,143.60000
0.05663,0.15216,0.14114,0.50184,0.50156,-0.48646,0.50985,143.70000
0.05663,0.15206,0.14114,0.50184,0.50156,-0.48646,0.50985,143.80000
0.05663,0.15196,0.14114,0.50184,0.50156,-0.48646,0.50985,143.90000
0.05664,0.15186,0.14114,0.50184,0.50156,-0.48646,0.50985,144.00000
0.05664,0.15176,0.14114,0.50184,0.50156,-0.48646,0.50985,144.10000
0.05664,0.15166,0.14114,0.50184,0.50156,-0.48646,0.50985,144.20000
0.05664,0.15156,0.14114,0.50184,0.50156,-0.48646,0.50985,144.30000
0.05665,0.15146,0.14115,0.50184,0.50156,-0.48646,0.50985,144.40000
0.05665,0.15136,0.14115,0.50184,0.50156,-0.48646,0.50985,144.50000
0.05665,0.15126,0.14115,0.50184,0.50156,-0.48646,0.50985,144.60000
0.05665,0.15116,0.14115,0.50184,0.50156,-0.48646,0.50985,144.70000
0.05665,0.15106,0.14115,0.50184,0.50156,-0.48646,0.50985,144.80000
0.05666,0.15096,0.14115,0.50184,0.50156,-0.48646,0.50985,144.90000
0.05666,0.15086,0.14115,0.50184,0.50156,-0.48646,0.50985,145.00000
0.05666,0.15076,0.14115,0.50184,0.50156,-0.48646,0.50985,145.10000
0.05666,0.15066,0.14114,0.50184,0.50156,-0.48646,0.50985,145.20000
0.05667,0.15056,0.14114,0.50184,0.50156,-0.48646,0.50985,145.30000
0.05667,0.15046,0.14114,0.50184,0.50156,-0.48646,0.50985,145.40000
0.05667,0.15036,0.14114,0.50184,0.50156,-0.48646,0.50985,145.50000
0.05667,0.15026,0.14114,0.50184,0.50156,-0.48646,0.50985,145.60000
0.05668,0.15016,0.14114,0.50184,0.50156,-0.48646,0.50985,145.70000
0.05668,0.15006,0.14114,0.50184,0.50156,-0.48646,0.50985,145.80000
0.05668,0.14996,0.14114,0.50184,0.50156,-0.48646,0.50985,145.90000
0.05668,0.14986,0.14114,0.50184,0.50156,-0.48646,0.50985,146.00000
0.05668,0.14976,0.14115,0.50184,0.50156,-0.48646,0.50985,146.10000
0.05669,0.14966,0.14115,0.50184,0.50156,-0.48646,0.50985,146.20000
0.05669,0.14956,0.14115,0.50184,0.50156,-0.48646,0.50985,146.30000
0.05669,0.14946,0.14115,0.50184,0.50156,-0.48646,0.50985,146.40000
0.05669,0.14936,0.14115,0.50184,0.50156,-0.48646,0.50985,146.50000
0.05670,0.14926,0.14114,0.50184,0.50156,-0.48646,0.50985,146.60000
0.05670,0.14916,0.14114,0.50184,0.50156,-0.48646,0.50985,146.70000
0.05670,0.14906,0.14114,0.50184,0.50156,-0.48646,0.50985,146.80000
0.05670,0.14896,0.14114,0.50184,0.50156,-0.48646,0.50985,146.90000
0.05671,0.14886,0.14114,0.50184,0.50156,-0.48646,0.50985,147.00000
0.05671,0.14876,0.14114,0.50184,0.50156,-0.48646,0.50985,147.10000
0.05671,0.14866,0.14114,0.50184,0.50156,-0.48646,0.50985,147.20000
0.05671,0.14856,0.14114,0.50184,0.50156,-0.48646,0.50985,147.30000
0.05671,0.14846,0.14114,0.50184,0.50156,-0.48646,0.50985,147.40000
0.05672,0.14836,0.14114,0.50184,0.50156,-0.48646,0.50985,147.50000
0.05672,0.14826,0.14114,0.50184,0.50156,-0.48646,0.50985,147.60000
0.05672,0.14816,0.14115,0.50184,0.50156,-0.48646,0.50985,147.70000
0.05672,0.14806,0.14115,0.50184,0.50156,-0.48646,0.50985,147.80000
0.05673,0.14796,0.14115,0.50184,0.50156,-0.48646,0.50985,147.90000
0.05673,0.14786,0.14115,0.50184,0.50156,-0.48646,0.50985,148.00000
0.05673,0.14776,0.14114,0.50184,0.50156,-0.48646,0.50985,148.10000
0.05673,0.14766,0.14114,0.50184,0.50156,-0.48646,0.50985,148.20000
0.05674,0.14756,0.14114,0.50184,0.50156,-0.48646,0.50985,148.30000
0.05674,0.14746,0.14114,0.50184,0.50156,-0.48646,0.50985,148.40000
0.05674,0.14736,0.14114,0.50184,0.50156,-0.48646,0.50985,148.50000
0.05674,0.14726,0.14114,0.50184,0.50156,-0.48646,0.50985,148.60000
0.05674,0.14716,0.14114,0.50184,0.50156,-0.48646,0.50985,148.70000
0.05675,0.14706,0.14114,0.50184,0.50156,-0.48646,0.50985,148.80000
0.05675,0.14696,0.14114,0.50184,0.50156,-0.48646,0.50985,148.90000
0.05675,0.14686,0.14114,0.50184,0.50156,-0.48646,0.50985,149.00000
0.05675,0.14676,0.14114,0.50184,0.50156,-0.48646,0.50985,149.10000
0.05676,0.14666,0.14114,0.50184,0.50156,-0.48646,0.50985,149.20000
0.05676,0.14656,0.14115,0.50184,0.50156,-0.48646,0.50985,149.30000
0.05676,0.14646,0.14115,0.50184,0.50156,-0.48646,0.50985,149.40000
0.05676,0.14636,0.14115,0.50184,0.50156,-0.48646,0.50985,149.50000
0.05677,0.14626,0.14114,0.50184,0.50156,-0.48646,0.50985,149.60000
0.05677,0.14616,0.14114,0.50184,0.50156,-0.48646,0.50985,149.70000
0.05677,0.14606,0.14114,0.50184,0.50156,-0.48646,0.50985,149.80000
0.05677,0.14596,0.14114,0.50184,0.50156,-0.48646,0.50985,149.90000
0.05677,0.14586,0.14114,0.50184,0.50156,-0.48646,0.50985,150.00000
0.05678,0.14576,0.14114,0.50184,0.50156,-0.48646,0.50985,150.10000
0.05678,0.14566,0.14114,0.50184,0.50156,-0.48646,0.50985,150.20000
0.05678,0.14556,0.14114,0.50184,0.50156,-0.48646,0.50985,150.30000
0.05678,0.14546,0.14114,0.50184,0.50156,-0.48646,0.50985,150.40000
0.05679,0.14536,0.14114,0.50184,0.50156,-0.48646,0.50985,150.50000
0.05679,0.14526,0.14114,0.50184,0.50156,-0.48646,0.50985,150.60000
0.05679,0.14516,0.14114,0.50184,0.50156,-0.48646,0.50985,150.70000
0.05679,0.14506,0.14114,0.50184,0.50156,-0.48646,0.50985,150.80000
0.05680,0.14496,0.14115,0.50184,0.50156,-0.48646,0.50985,150.90000
0.05680,0.14486,0.14114,0.50184,0.50156,-0.48646,0.50985,151.00000
0.05680,0.14476,0.14114,0.50184,0.50156,-0.48646,0.50985,151.10000
0.05680,0.14466,0.14114,0.50184,0.50156,-0.48646,0.50985,151.20000
0.05680,0.14456,0.14114,0.50184,0.50156,-0.48646,0.50985,151.30000
0.05681,0.14446,0.14114,0.50184,0.50156,-0.48646,0.50985,151.40000
0.05681,0.14436,0.14114,0.50184,0.50156,-0.48646,0.50985,151.50000
0.05681,0.14426,0.14114,0.50184,0.50156,-0.48646,0.50985,151.60000
0.05681,0.14416,0.14114,0.50184,0.50156,-0.48646,0.50985,151.70000
0.05682,0.14406,0.14114,0.50184,0.50156,-0.48646,0.50985,151.80000
0.05682,0.14396,0.14114,0.50184,0.50156,-0.48646,0.50985,151.90000
0.05682,0.14386,0.14114,0.50184,0.50156,-0.48646,0.50985,152.00000
0.05682,0.14376,0.14114,0.50184,0.50156,-0.48646,0.50985,152.10000
0.05683,0.14366,0.14114,0.50184,0.50156,-0.48646,0.50985,152.20000
0.05683,0.14356,0.14114,0.50184,0.50156,-0.48646,0.50985,152.30000
0.05683,0.14346,0.14114,0.50184,0.50156,-0.48646,0.50985,152.40000
0.05683,0.14336,0.14114,0.50184,0.50156,-0.48646,0.50985,152.50000
0.05683,0.14326,0.14114,0.50184,0.50156,-0.48646,0.50985,152.60000
0.05684,0.14316,0.14114,0.50184,0.50156,-0.48646,0.50985,152.70000
0.05684,0.14306,0.14114,0.50184,0.50156,-0.48646,0.50985,152.80000
0.05684,0.14296,0.14114,0.50184,0.50156,-0.48646,0.50985,152.90000
0.05684,0.14286,0.14114,0.50184,0.50156,-0.48646,0.50985,153.00000
0.05685,0.14276,0.14114,0.50184,0.50156,-0.48646,0.50985,153.10000
0.05685,0.14266,0.14114,0.50184,0.50156,-0.48646,0.50985,153.20000
0.05685,0.14256,0.14114,0.50184,0.50156,-0.48646,0.50985,153.30000
0.05685,0.14246,0.14114,0.50184,0.50156,-0.48646,0.50985,153.40000
0.05686,0.14236,0.14114,0.50184,0.50156,-0.48646,0.50985,153.50000
0.05686,0.14226,0.14114,0.50184,0.50156,-0.48646,0.50985,153.60000
0.05686,0.14216,0.14114,0.50184,0.50156,-0.48646,0.50985,153.70000
0.05686,0.14206,0.14114,0.50184,0.50156,-0.48646,0.50985,153.80000
0.05686,0.14196,0.14114,0.50184,0.50156,-0.48646,0.50985,153.90000
0.05687,0.14186,0.14113,0.50184,0.50156,-0.48646,0.50985,154.00000
0.05687,0.14176,0.14114,0.50184,0.50156,-0.48646,0.50985,154.10000
0.05687,0.14166,0.14114,0.50184,0.50156,-0.48646,0.50985,154.20000
0.05687,0.14156,0.14114,0.50184,0.50156,-0.48646,0.50985,154.30000
0.05688,0.14146,0.14114,0.50184,0.50156,-0.48646,0.50985,154.40000
0.05688,0.14136,0.14114,0.50184,0.50156,-0.48646,0.50985,154.50000
0.05688,0.14126,0.14114,0.50184,0.50156,-0.48646,0.50985,154.60000
0.05688,0.14116,0.14114,0.50184,0.50156,-0.48646,0.50985,154.70000
0.05689,0.14106,0.14114,0.50184,0.50156,-0.48646,0.50985,154.80000
0.05689,0.14096,0.14114,0.50184,0.50156,-0.48646,0.50985,154.90000
0.05689,0.14086,0.14114,0.50184,0.50156,-0.48646,0.50985,155.00000
0.05689,0.14076,0.14114,0.50184,0.50156,-0.48646,0.50985,155.10000
0.05689,0.14066,0.14114,0.50184,0.50156,-0.48646,0.50985,155.20000
0.05690,0.14056,0.14114,0.50184,0.50156,-0.48646,0.50985,155.30000
0.05690,0.14046,0.14113,0.50184,0.50156,-0.48646,0.50985,155.40000
0.05690,0.14036,0.14113,0.50184,0.50156,-0.48646,0.50985,155.50000
0.05690,0.14026,0.14113,0.50184,0.50156,-0.48646,0.50985,155.60000
0.05691,0.14016,0.14114,0.50184,0.50156,-0.48646,0.50985,155.70000
0.05691,0.14006,0.14114,0.50184,0.50156,-0.48646,0.50985,155.80000
0.05691,0.13996,0.14114,0.50184,0.50156,-0.48646,0.50985,155.90000
0.05691,0.13986,0.14114,0.50184,0.50156,-0.48646,0.50985,156.00000
0.05692,0.13976,0.14114,0.50184,0.50156,-0.48646,0.50985,156.10000
0.05692,0.13966,0.14114,0.50184,0.50156,-0.48646,0.50985,156.20000
0.05692,0.13956,0.14114,0.50184,0.50156,-0.48646,0.50985,156.30000
0.05692,0.13946,0.14114,0.50184,0.50156,-0.48646,0.50985,156.40000
0.05692,0.13936,0.14114,0.50184,0.50156,-0.48646,0.50985,156.50000
0.05693,0.13926,0.14114,0.50184,0.50156,-0.48646,0.50985,156.60000
0.05693,0.13916,0.14114,0.50184,0.50156,-0.48646,0.50985,156.70000
0.05693,0.13906,0.14114,0.50184,0.50156,-0.48646,0.50985,156.80000
0.05693,0.13896,0.14113,0.50184,0.50156,-0.48646,0.50985,156.90000
0.05694,0.13886,0.14113,0.50184,0.50156,-0.48646,0.50985,157.00000
0.05694,0.13876,0.14113,0.50184,0.50156,-0.48646,0.50985,157.10000
0.05694,0.13866,0.14113,0.50184,0.50156,-0.48646,0.50985,157.20000
0.05694,0.13856,0.14113,0.50184,0.50156,-0.48646,0.50985,157.30000
0.05695,0.13846,0.14114,0.50184,0.50156,-0.48646,0.50985,157.40000
0.05695,0.13836,0.14114,0.50184,0.50156,-0.48646,0.50985,157.50000
0.05695,0.13826,0.14114,0.50184,0.50156,-0.48646,0.50985,157.60000
0.05695,0.13816,0.14114,0.50184,0.50156,-0.48646,0.50985,157.70000
0.05695,0.13806,0.14114,0.50184,0.50156,-0.48646,0.50985,157.80000
0.05696,0.13796,0.14114,0.50184,0.50156,-0.48646,0.50985,157.90000
0.05696,0.13786,0.14114,0.50184,0.50156,-0.48646,0.50985,158.00000
0.05696,0.13776,0.14114,0.50184,0.50156,-0.48646,0.50985,158.10000
0.05696,0.13766,0.14114,0.50184,0.50156,-0.48646,0.50985,158.20000
0.05697,0.13756,0.14114,0.50184,0.50156,-0.48646,0.50985,158.30000
0.05697,0.13746,0.14113,0.50184,0.50156,-0.48646,0.50985,158.40000
0.05697,0.13736,0.14113,0.50184,0.50156,-0.48646,0.50985,158.50000
0.05697,0.13726,0.14113,0.50184,0.50156,-0.48646,0.50985,158.60000
0.05698,0.13716,0.14113,0.50184,0.50156,-0.48646,0.50985,158.70000
0.05698,0.13706,0.14113,0.50184,0.50156,-0.48646,0.50985,158.80000
0.05698,0.13696,0.14113,0.50184,0.50156,-0.48646,0.50985,158.90000
0.05698,0.13686,0.14114,0.50184,0.50156,-0.48646,0.50985,159.00000
0.05698,0.13676,0.14114,0.50184,0.50156,-0.48646,0.50985,159.10000
0.05699,0.13666,0.14114,0.50184,0.50156,-0.48646,0.50985,159.20000
0.05699,0.13656,0.14114,0.50184,0.50156,-0.48646,0.50985,159.30000
0.05699,0.13646,0.14114,0.50184,0.50156,-0.48646,0.50985,159.40000
0.05699,0.13636,0.14114,0.50184,0.50156,-0.48646,0.50985,159.50000
0.05700,0.13626,0.14114,0.50184,0.50156,-0.48646,0.50985,159.60000
0.05700,0.13616,0.14114,0.50184,0.50156,-0.48646,0.50985,159.70000
0.05700,0.13606,0.14113,0.50184,0.50156,-0.48646,0.50985,159.80000
0.05700,0.13596,0.14113,0.50184,0.50156,-0.48646,0.50985,159.90000
0.05701,0.13586,0.14113,0.50184,0.50156,-0.48646,0.50985,160.00000
0.05701,0.13576,0.14113,0.50184,0.50156,-0.48646,0.50985,160.10000
0.05701,0.13566,0.14113,0.50184,0.50156,-0.48646,0.50985,160.20000
0.05701,0.13556,0.14113,0.50184,0.50156,-0.48646,0.50985,160.30000
0.05701,0.13546,0.14113,0.50184,0.50156,-0.48646,0.50985,160.40000
0.05702,0.13536,0.14113,0.50184,0.50156,-0.48646,0.50985,160.50000
0.05702,0.13526,0.14114,0.50184,0.50156,-0.48646,0.50985,160.60000
0.05702,0.13516,0.14114,0.50184,0.50156,-0.48646,0.50985,160.70000
0.05702,0.13506,0.14114,0.50184,0.50156,-0.48646,0.50985,160.80000
0.05703,0.13496,0.14114,0.50184,0.50156,-0.48646,0.50985,160.90000
0.05703,0.13486,0.14114,0.50184,0.50156,-0.48646,0.50985,161.00000
0.05703,0.13476,0.14114,0.50184,0.50156,-0.48646,0.50985,161.10000
0.05703,0.13466,0.14114,0.50184,0.50156,-0.48646,0.50985,161.20000
0.05704,0.13456,0.14113,0.50184,0.50156,-0.48646,0.50985,161.30000
0.05704,0.13446,0.14113,0.50184,0.50156,-0.48646,0.50985,161.40000
0.05704,0.13436,0.14113,0.50184,0.50156,-0.48646,0.50985,161.50000
0.05704,0.13426,0.14113,0.50184,0.50156,-0.48646,0.50985,161.60000
0.05704,0.13416,0.14113,0.50184,0.50156,-0.48646,0.50985,161.70000
0.05705,0.13406,0.14113,0.50184,0.50156,-0.48646,0.50985,161.80000
0.05705,0.13396,0.14113,0.50184,0.50156,-0.48646,0.50985,161.90000
0.05705,0.13386,0.14113,0.50184,0.50156,-0.48646,0.50985,162.00000
0.05705,0.13376,0.14113,0.50184,0.50156,-0.48646,0.50985,162.10000
0.05706,0.13366,0.14114,0.50184,0.50156,-0.48646,0.50985,162.20000
0.05706,0.13356,0.14114,0.50184,0.50156,-0.48646,0.50985,162.30000
0.05706,0.13346,0.14114,0.50184,0.50156,-0.48646,0.50985,162.40000
0.05706,0.13336,0.14114,0.50184,0.50156,-0.48646,0.50985,162.50000
0.05707,0.13326,0.14114,0.50184,0.50156,-0.48646,0.50985,162.60000
0.05707,0.13316,0.14114,0.50184,0.50156,-0.48646,0.50985,162.70000
0.05707,0.13306,0.14113,0.50184,0.50156,-0.48646,0.50985,162.80000
0.05707,0.13296,0.14113,0.50184,0.50156,-0.48646,0.50985,162.90000
0.05707,0.13286,0.14113,0.50184,0.50156,-0.48646,0.50985,163.00000
0.05708,0.13276,0.14113,0.50184,0.50156,-0.48646,0.50985,163.10000
0.05708,0.13266,0.14113,0.50184,0.50156,-0.48646,0.50985,163.20000
0.05708,0.13256,0.14113,0.50184,0.50156,-0.48646,0.50985,163.30000
0.05708,0.13246,0.14113,0.50184,0.50156,-0.48646,0.50985,163.40000
0.05709,0.13236,0.14113,0.50184,0.50156,-0.48646,0.50985,163.50000
0.05709,0.13226,0.14113,0.50184,0.50156,-0.48646,0.50985,163.60000
0.05709,0.13216,0.14113,0.50184,0.50156,-0.48646,0.50985,163.70000
0.05709,0.13206,0.14114,0.50184,0.50156,-0.48646,0.50985,163.80000
0.05709,0.13196,0.14114,0.50184,0.50156,-0.48646,0.50985,163.90000
0.05710,0.13186,0.14114,0.50184,0.50156,-0.48646,0.50985,164.00000
0.05710,0.13176,0.14114,0.50184,0.50156,-0.48646,0.50985,164.10000
0.05710,0.13166,0.14113,0.50184,0.50156,-0.48646,0.50985,164.20000
0.05710,0.13156,0.14113,0.50184,0.50156,-0.48646,0.50985,164.30000
0.05711,0.13146,0.14113,0.50184,0.50156,-0.48646,0.50985,164.40000
0.05711,0.13136,0.14113,0.50184,0.50156,-0.48646,0.50985,164.50000
0.05711,0.13126,0.14113,0.50184,0.50156,-0.48646,0.50985,164.60000
0.05711,0.13116,0.14113,0.50184,0.50156,-0.48646,0.50985,164.70000
0.05712,0.13106,0.14113,0.50184,0.50156,-0.48646,0.50985,164.80000
0.05712,0.13096,0.14113,0.50184,0.50156,-0.48646,0.50985,164.90000
0.05712,0.13086,0.14113,0.50184,0.50156,-0.48646,0.50985,165.00000
0.05712,0.13076,0.14113,0.50184,0.50156,-0.48646,0.50985,165.10000
0.05713,0.13066,0.14113,0.50184,0.50156,-0.48646,0.50985,165.20000
0.05713,0.13056,0.14113,0.50184,0.50156,-0.48646,0.50985,165.30000
0.05713,0.13046,0.14114,0.50184,0.50156,-0.48646,0.50985,165.40000
0.05713,0.13036,0.14114,0.50184,0.50156,-0.48646,0.50985,165.50000
0.05713,0.13026,0.14114,0.50184,0.50156,-0.48646,0.50985,165.60000
0.05714,0.13016,0.14113,0.50184,0.50156,-0.48646,0.50985,165.70000
0.05714,0.13006,0.14113,0.50184,0.50156,-0.48646,0.50985,165.80000
0.05714,0.12996,0.14113,0.50184,0.50156,-0.48646,0.50985,165.90000
0.05714,0.12986,0.14113,0.50184,0.50156,-0.48646,0.50985,166.00000
0.05715,0.12976,0.14113,0.50184,0.50156,-0.48646,0.50985,166.10000
0.05715,0.12966,0.14113,0.50184,0.50156,-0.48646,0.50985,166.20000
0.05715,0.12956,0.14113,0.50184,0.50156,-0.48646,0.50985,166.30000
0.05715,0.12946,0.14113,0.50184,0.50156,-0.48646,0.50985,166.40000
0.05715,0.12936,0.14113,0.50184,0.50156,-0.48646,0.50985,166.50000
0.05716,0.12926,0.14113,0.50184,0.50156,-0.48646,0.50985,166.60000
0.05716,0.12916,0.14113,0.50184,0.50156,-0.48646,0.50985,166.70000
0.05716,0.12906,0.14113,0.50184,0.50156,-0.48646,0.50985,166.80000
0.05716,0.12896,0.14113,0.50184,0.50156,-0.48646,0.50985,166.90000
0.05717,0.12886,0.14114,0.50184,0.50156,-0.48646,0.50985,167.00000
0.05717,0.12876,0.14114,0.50184,0.50156,-0.48646,0.50985,167.10000
0.05717,0.12866,0.14113,0.50184,0.50156,-0.48646,0.50985,167.20000
0.05717,0.12856,0.14113,0.50184,0.50156,-0.48646,0.50985,167.30000
0.05718,0.12846,0.14113,0.50184,0.50156,-0.48646,0.50985,167.40000
0.05718,0.12836,0.14113,0.50184,0.50156,-0.48646,0.50985,167.50000
0.05718,0.12826,0.14113,0.50184,0.50156,-0.48646,0.50985,167.60000
0.05718,0.12816,0.14113,0.50184,0.50156,-0.48646,0.50985,167.70000
0.05718,0.12806,0.14113,0.50184,0.50156,-0.48646,0.50985,167.80000
0.05719,0.12796,0.14113,0.50184,0.50156,-0.48646,0.50985,167.90000
0.05719,0.12786,0.14113,0.50184,0.50156,-0.48646,0.50985,168.00000
0.05719,0.12776,0.14113,0.50184,0.50156,-0.48646,0.50985,168.10000
0.05719,0.12766,0.14113,0.50184,0.50156,-0.48646,0.50985,168.20000
0.05720,0.12756,0.14113,0.50184,0.50156,-0.48646,0.50985,168.30000
0.05720,0.12746,0.14113,0.50184,0.50156,-0.48646,0.50985,168.40000
0.05720,0.12736,0.14113,0.50184,0.50156,-0.48646,0.50985,168.50000
0.05720,0.12726,0.14113,0.50184,0.50156,-0.48646,0.50985,168.60000
0.05721,0.12716,0.14113,0.50184,0.50156,-0.48646,0.50985,168.70000
0.05721,0.12706,0.14113,0.50184,0.50156,-0.48646,0.50985,168.80000
0.05721,0.12696,0.14113,0.50184,0.50156,-0.48646,0.50985,168.90000
0.05721,0.12686,0.14113,0.50184,0.50156,-0.48646,0.50985,169.00000
0.05721,0.12676,0.14113,0.50184,0.50156,-0.48646,0.50985,169.10000
0.05722,0.12666,0.14113,0.50184,0.50156,-0.48646,0.50985,169.20000
0.05722,0.12656,0.14113,0.50184,0.50156,-0.48646,0.50985,169.30000
0.05722,0.12646,0.14113,0.50184,0.50156,-0.48646,0.50985,169.40000
0.05722,0.12636,0.14113,0.50184,0.50156,-0.48646,0.50985,169.50000
0.05723,0.12626,0.14113,0.50184,0.50156,-0.48646,0.50985,169.60000
0.05723,0.12616,0.14113,0.50184,0.50156,-0.48646,0.50985,169.70000
0.05723,0.12606,0.14113,0.50184,0.50156,-0.48646,0.50985,169.80000
0.05723,0.12596,0.14113,0.50184,0.50156,-0.48646,0.50985,169.90000
0.05724,0.12586,0.14113,0.50184,0.50156,-0.48646,0.50985,170.00000
0.05724,0.12576,0.14112,0.50184,0.50156,-0.48646,0.50985,170.10000
0.05724,0.12566,0.14112,0.50184,0.50156,-0.48646,0.50985,170.20000
0.05724,0.12556,0.14113,0.50184,0.50156,-0.48646,0.50985,170.30000
0.05724,0.12546,0.14113,0.50184,0.50156,-0.48646,0.50985,170.40000
0.05725,0.12536,0.14113,0.50184,0.50156,-0.48646,0.50985,170.50000
0.05725,0.12526,0.14113,0.50184,0.50156,-0.48646,0.50985,170.60000
0.05725,0.12516,0.14113,0.50184,0.50156,-0.48646,0.50985,170.70000
0.05725,0.12506,0.14113,0.50184,0.50156,-0.48646,0.50985,170.80000
0.05726,0.12496,0.14113,0.50184,0.50156,-0.48646,0.50985,170.90000
0.05726,0.12486,0.14113,0.50184,0.50156,-0.48646,0.50985,171.00000
0.05726,0.12476,0.14113,0.50184,0.50156,-0.48646,0.50985,171.10000
0.05726,0.12466,0.14113,0.50184,0.50156,-0.48646,0.50985,171.20000
0.05727,0.12456,0.14113,0.50184,0.50156,-0.48646,0.50985,171.30000
0.05727,0.12446,0.14113,0.50184,0.50156,-0.48646,0.50985,171.40000
0.05727,0.12436,0.14113,0.50184,0.50156,-0.48646,0.50985,171.50000
0.05727,0.12426,0.14112,0.50184,0.50156,-0.48646,0.50985,171.60000
0.05727,0.12416,0.14112,0.50184,0.50156,-0.48646,0.50985,171.70000
0.05728,0.12406,0.14112,0.50184,0.50156,-0.48646,0.50985,171.80000
0.05728,0.12396,0.14113,0.50184,0.50156,-0.48646,0.50985,171.90000
0.05728,0.12386,0.14113,0.50184,0.50156,-0.48646,0.50985,172.00000
0.05728,0.12376,0.14113,0.50184,0.50156,-0.48646,0.50985,172.10000
0.05729,0.12366,0.14113,0.50184,0.50156,-0.48646,0.50985,172.20000
0.05729,0.12356,0.14113,0.50184,0.50156,-0.48646,0.50985,172.30000
0.05729,0.12346,0.14113,0.50184,0.50156,-0.48646,0.50985,172.40000
0.05729,0.12336,0.14113,0.50184,0.50156,-0.48646,0.50985,172.50000
0.05730,0.12326,0.14113,0.50184,0.50156,-0.48646,0.50985,172.60000
0.05730,0.12316,0.14113,0.50184,0.50156,-0.48646,0.50985,172.70000
0.05730,0.12306,0.14113,0.50184,0.50156,-0.48646,0.50985,172.80000
0.05730,0.12296,0.14113,0.50184,0.50156,-0.48646,0.50985,172.90000
0.05730,0.12286,0.14113,0.50184,0.50156,-0.48646,0.50985,173.00000
0.05731,0.12276,0.14112,0.50184,0.50156,-0.48646,0.50985,173.10000
0.05731,0.12266,0.14112,0.50184,0.50156,-0.48646,0.50985,173.20000
0.05731,0.12256,0.14112,0.50184,0.50156,-0.48646,0.50985,173.30000
0.05731,0.12246,0.14112,0.50184,0.50156,-0.48646,0.50985,173.40000
0.05732,0.12236,0.14113,0.50184,0.50156,-0.48646,0.50985,173.50000
0.05732,0.12226,0.14113,0.50184,0.50156,-0.48646,0.50985,173.60000
0.05732,0.12216,0.14113,0.50184,0.50156,-0.48646,0.50985,173.70000
0.05732,0.12206,0.14113,0.50184,0.50156,-0.48646,0.50985,173.80000
0.05733,0.12196,0.14113,0.50184,0.50156,-0.48646,0.50985,173.90000
0.05733,0.12186,0.14113,0.50184,0.50156,-0.48646,0.50985,174.00000
0.05733,0.12176,0.14113,0.50184,0.50156,-0.48646,0.50985,174.10000
0.05733,0.12166,0.14113,0.50184,0.50156,-0.48646,0.50985,174.20000
0.05733,0.12156,0.14113,0.50184,0.50156,-0.48646,0.50985,174.30000
0.05734,0.12146,0.14113,0.50184,0.50156,-0.48646,0.50985,174.40000
0.05734,0.12136,0.14112,0.50184,0.50156,-0.48646,0.50985,174.50000
0.05734,0.12126,0.14112,0.50184,0.50156,-0.48646,0.50985,174.60000
0.05734,0.12116,0.14112,0.50184,0.50156,-0.48646,0.50985,174.70000
0.05735,0.12106,0.14112,0.50184,0.50156,-0.48646,0.50985,174.80000
0.05735,0.12096,0.14112,0.50184,0.50156,-0.48646,0.50985,174.90000
0.05735,0.12086,0.14112,0.50184,0.50156,-0.48646,0.50985,175.00000
0.05735,0.12076,0.14113,0.50184,0.50156,-0.48646,0.50985,175.10000
0.05736,0.12066,0.14113,0.50184,0.50156,-0.48646,0.50985,175.20000
0.05736,0.12056,0.14113,0.50184,0.50156,-0.48646,0.50985,175.30000
0.05736,0.12046,0.14113,0.50184,0.50156,-0.48646,0.50985,175.40000
0.05736,0.12036,0.14113,0.50184,0.50156,-0.48646,0.50985,175.50000
0.05736,0.12026,0.14113,0.50184,0.50156,-0.48646,0.50985,175.60000
0.05737,0.12016,0.14113,0.50184,0.50156,-0.48646,0.50985,175.70000
0.05737,0.12006,0.14113,0.50184,0.50156,-0.48646,0.50985,175.80000
0.05737,0.11996,0.14113,0.50184,0.50156,-0.48646,0.50985,175.90000
0.05737,0.11986,0.14112,0.50184,0.50156,-0.48646,0.50985,176.00000
0.05738,0.11976,0.14112,0.50184,0.50156,-0.48646,0.50985,176.10000
0.05738,0.11966,0.14112,0.50184,0.50156,-0.48646,0.50985,176.20000
0.05738,0.11956,0.14112,0.50184,0.50156,-0.48646,0.50985,176.30000
0.05738,0.11946,0.14112,0.50184,0.50156,-0.48646,0.50985,176.40000
0.05739,0.11936,0.14112,0.50184,0.50156,-0.48646,0.50985,176.50000
0.05739,0.11926,0.14112,0.50184,0.50156,-0.48646,0.50985,176.60000
0.05739,0.11916,0.14113,0.50184,0.50156,-0.48646,0.50985,176.70000
0.05739,0.11906,0.14113,0.50184,0.50156,-0.48646,0.50985,176.80000
0.05739,0.11896,0.14113,0.50184,0.50156,-0.48646,0.50985,176.90000
0.05740,0.11886,0.14113,0.50184,0.50156,-0.48646,0.50985,177.00000
0.05740,0.11876,0.14113,0.50184,0.50156,-0.48646,0.50985,177.10000
0.05740,0.11866,0.14113,0.50184,0.50156,-0.48646,0.50985,177.20000
0.05740,0.11856,0.14113,0.50184,0.50156,-0.48646,0.50985,177.30000
0.05741,0.11846,0.14113,0.50184,0.50156,-0.48646,0.50985,177.40000
0.05741,0.11836,0.14112,0.50184,0.50156,-0.48646,0.50985,177.50000
0.05741,0.11826,0.14112,0.50184,0.50156,-0.48646,0.50985,177.60000
0.05741,0.11816,0.14112,0.50184,0.50156,-0.48646,0.50985,177.70000
0.05742,0.11806,0.14112,0.50184,0.50156,-0.48646,0.50985,177.80000
0.05742,0.11796,0.14112,0.50184,0.50156,-0.48646,0.50985,177.90000
0.05742,0.11786,0.14112,0.50184,0.50156,-0.48646,0.50985,178.00000
0.05742,0.11776,0.14112,0.50184,0.50156,-0.48646,0.50985,178.10000
0.05742,0.11766,0.14112,0.50184,0.50156,-0.48646,0.50985,178.20000
0.05743,0.11756,0.14113,0.50184,0.50156,-0.48646,0.50985,178.30000
0.05743,0.11746,0.14113,0.50184,0.50156,-0.48646,0.50985,178.40000
0.05743,0.11736,0.14113,0.50184,0.50156,-0.48646,0.50985,178.50000
0.05743,0.11726,0.14113,0.50184,0.50156,-0.48646,0.50985,178.60000
0.05744,0.11716,0.14113,0.50184,0.50156,-0.48646,0.50985,178.70000
0.05744,0.11706,0.14113,0.50184,0.50156,-0.48646,0.50985,178.80000
0.05744,0.11696,0.14112,0.50184,0.50156,-0.48646,0.50985,178.90000
0.05744,0.11686,0.14112,0.50184,0.50156,-0.48646,0.50985,179.00000
0.05745,0.11676,0.14112,0.50184,0.50156,-0.48646,0.50985,179.10000
0.05745,0.11666,0.14112,0.50184,0.50156,-0.48646,0.50985,179.20000
0.05745,0.11656,0.14112,0.50184,0.50156,-0.48646,0.50985,179.30000
0.05745,0.11646,0.14112,0.50184,0.50156,-0.48646,0.50985,179.40000
0.05745,0.11637,0.14112,0.50184,0.50156,-0.48646,0.50985,179.50000
0.05746,0.11627,0.14112,0.50184,0.50156,-0.48646,0.50985,179.60000
0.05746,0.11617,0.14112,0.50184,0.50156,-0.48646,0.50985,179.70000
0.05746,0.11607,0.14112,0.50184,0.50156,-0.48646,0.50985,179.80000
0.05746,0.11597,0.14113,0.50184,0.50156,-0.48646,0.50985,179.90000
0.05747,0.11587,0.14113,0.50184,0.50156,-0.48646,0.50985,180.00000
0.05747,0.11577,0.14113,0.50184,0.50156,-0.48646,0.50985,180.10000
0.05747,0.11567,0.14113,0.50184,0.50156,-0.48646,0.50985,180.20000
0.05747,0.11557,0.14113,0.50184,0.50156,-0.48646,0.50985,180.30000
0.05748,0.11547,0.14112,0.50184,0.50156,-0.48646,0.50985,180.40000
0.05748,0.11537,0.14112,0.50184,0.50156,-0.48646,0.50985,180.50000
0.05748,0.11527,0.14112,0.50184,0.50156,-0.48646,0.50985,180.60000
0.05748,0.11517,0.14112,0.50184,0.50156,-0.48646,0.50985,180.70000
0.05748,0.11507,0.14112,0.50184,0.50156,-0.48646,0.50985,180.80000
0.05749,0.11497,0.14112,0.50184,0.50156,-0.48646,0.50985,180.90000
0.05749,0.11487,0.14112,0.50184,0.50156,-0.48646,0.50985,181.00000
0.05749,0.11477,0.14112,0.50184,0.50156,-0.48646,0.50985,181.10000
0.05749,0.11467,0.14112,0.50184,0.50156,-0.48646,0.50985,181.20000
0.05750,0.11457,0.14112,0.50184,0.50156,-0.48646,0.50985,181.30000
0.05750,0.11447,0.14112,0.50184,0.50156,-0.48646,0.50985,181.40000
0.05750,0.11437,0.14112,0.50184,0.50156,-0.48646,0.50985,181.50000
0.05750,0.11427,0.14113,0.50184,0.50156,-0.48646,0.50985,181.60000
0.05751,0.11417,0.14113,0.50184,0.50156,-0.48646,0.50985,181.70000
0.05751,0.11407,0.14113,0.50184,0.50156,-0.48646,0.50985,181.80000
0.05751,0.11397,0.14112,0.50184,0.50156,-0.48646,0.50985,181.90000
0.05751,0.11387,0.14112,0.50184,0.50156,-0.48646,0.50985,182.00000
0.05751,0.11377,0.14112,0.50184,0.50156,-0.48646,0.50985,182.10000
0.05752,0.11367,0.14112,0.50184,0.50156,-0.48646,0.50985,182.20000
0.05752,0.11357,0.14112,0.50184,0.50156,-0.48646,0.50985,182.30000
0.05752,0.11347,0.14112,0.50184,0.50156,-0.48646,0.50985,182.40000
0.05752,0.11337,0.14112,0.50184,0.50156,-0.48646,0.50985,182.50000
0.05753,0.11327,0.14112,0.50184,0.50156,-0.48646,0.50985,182.60000
0.05753,0.11317,0.14112,0.50184,0.50156,-0.48646,0.50985,182.70000
0.05753,0.11307,0.14112,0.50184,0.50156,-0.48646,0.50985,182.80000
0.05753,0.11297,0.14112,0.50184,0.50156,-0.48646,0.50985,182.90000
0.05754,0.11287,0.14112,0.50184,0.50156,-0.48646,0.50985,183.00000
0.05754,0.11277,0.14112,0.50184,0.50156,-0.48646,0.50985,183.10000
0.05754,0.11267,0.14113,0.50184,0.50156,-0.48646,0.50985,183.20000
0.05754,0.11257,0.14112,0.50184,0.50156,-0.48646,0.50985,183.30000
0.05754,0.11247,0.14112,0.50184,0.50156,-0.48646,0.50985,183.40000
0.05755,0.11237,0.14112,0.50184,0.50156,-0.48646,0.50985,183.50000
0.05755,0.11227,0.14112,0.50184,0.50156,-0.48646,0.50985,183.60000
0.05755,0.11217,0.14112,0.50184,0.50156,-0.48646,0.50985,183.70000
0.05755,0.11207,0.14112,0.50184,0.50156,-0.48646,0.50985,183.80000
0.05756,0.11197,0.14112,0.50184,0.50156,-0.48646,0.50985,183.90000
0.05756,0.11187,0.14112,0.50184,0.50156,-0.48646,0.50985,184.00000
0.05756,0.11177,0.14112,0.50184,0.50156,-0.48646,0.50985,184.10000
0.05756,0.11167,0.14112,0.50184,0.50156,-0.48646,0.50985,184.20000
0.05757,0.11157,0.14112,0.50184,0.50156,-0.48646,0.50985,184.30000
0.05757,0.11147,0.14112,0.50184,0.50156,-0.48646,0.50985,184.40000
0.05757,0.11137,0.14112,0.50184,0.50156,-0.48646,0.50985,184.50000
0.05757,0.11127,0.14112,0.50184,0.50156,-0.48646,0.50985,184.60000
0.05757,0.11117,0.14112,0.50184,0.50156,-0.48646,0.50985,184.70000
0.05758,0.11107,0.14112,0.50184,0.50156,-0.48646,0.50985,184.80000
0.05758,0.11097,0.14112,0.50184,0.50156,-0.48646,0.50985,184.90000
0.05758,0.11087,0.14112,0.50184,0.50156,-0.48646,0.50985,185.00000
0.05758,0.11077,0.14112,0.50184,0.50156,-0.48646,0.50985,185.10000
0.05759,0.11067,0.14112,0.50184,0.50156,-0.48646,0.50985,185.20000
0.05759,0.11057,0.14112,0.50184,0.50156,-0.48646,0.50985,185.30000
0.05759,0.11047,0.14112,0.50184,0.50156,-0.48646,0.50985,185.40000
0.05759,0.11037,0.14112,0.50184,0.50156,-0.48646,0.50985,185.50000
0.05760,0.11027,0.14112,0.50184,0.50156,-0.48646,0.50985,185.60000
0.05760,0.11017,0.14112,0.50184,0.50156,-0.48646,0.50985,185.70000
0.05760,0.11007,0.14112,0.50184,0.50156,-0.48646,0.50985,185.80000
0.05760,0.10997,0.14112,0.50184,0.50156,-0.48646,0.50985,185.90000
0.05760,0.10987,0.14112,0.50184,0.50156,-0.48646,0.50985,186.00000
0.05761,0.10977,0.14112,0.50184,0.50156,-0.48646,0.50985,186.10000
0.05761,0.10967,0.14112,0.50184,0.50156,-0.48646,0.50985,186.20000
0.05761,0.10957,0.14111,0.50184,0.50156,-0.48646,0.50985,186.30000
0.05761,0.10947,0.14112,0.50184,0.50156,-0.48646,0.50985,186.40000
0.05762,0.10937,0.14112,0.50184,0.50156,-0.48646,0.50985,186.50000
0.05762,0.10927,0.14112,0.50184,0.50156,-0.48646,0.50985,186.60000
0.05762,0.10917,0.14112,0.50184,0.50156,-0.48646,0.50985,186.70000
0.05762,0.10907,0.14112,0.50184,0.50156,-0.48646,0.50985,186.80000
0.05763,0.10897,0.14112,0.50184,0.50156,-0.48646,0.50985,186.90000
0.05763,0.10887,0.14112,0.50184,0.50156,-0.48646,0.50985,187.00000
0.05763,0.10877,0.14112,0.50184,0.50156,-0.48646,0.50985,187.10000
0.05763,0.10867,0.14112,0.50184,0.50156,-0.48646,0.50985,187.20000
0.05763,0.10857,0.14112,0.50184,0.50156,-0.48646,0.50985,187.30000
0.05764,0.10847,0.14112,0.50184,0.50156,-0.48646,0.50985,187.40000
0.05764,0.10837,0.14112,0.50184,0.50156,-0.48646,0.50985,187.50000
0.05764,0.10827,0.14112,0.50184,0.50156,-0.48646,0.50985,187.60000
0.05764,0.10817,0.14111,0.50184,0.50156,-0.48646,0.50985,187.70000
0.05765,0.10807,0.14111,0.50184,0.50156,-0.48646,0.50985,187.80000
0.05765,0.10797,0.14111,0.50184,0.50156,-0.48646,0.50985,187.90000
0.05765,0.10787,0.14112,0.50184,0.50156,-0.48646,0.50985,188.00000
0.05765,0.10777,0.14112,0.50184,0.50156,-0.48646,0.50985,188.10000
0.05766,0.10767,0.14112,0.50184,0.50156,-0.48646,0.50985,188.20000
0.05766,0.10757,0.14112,0.50184,0.50156,-0.48646,0.50985,188.30000
0.05766,0.10747,0.14112,0.50184,0.50156,-0.48646,0.50985,188.40000
0.05766,0.10737,0.14112,0.50184,0.50156,-0.48646,0.50985,188.50000
0.05766,0.10727,0.14112,0.50184,0.50156,-0.48646,0.50985,188.60000
0.05767,0.10717,0.14112,0.50184,0.50156,-0.48646,0.50985,188.70000
0.05767,0.10707,0.14112,0.50184,0.50156,-0.48646,0.50985,188.80000
0.05767,0.10697,0.14112,0.50184,0.50156,-0.48646,0.50985,188.90000
0.05767,0.10687,0.14112,0.50184,0.50156,-0.48646,0.50985,189.00000
0.05768,0.10677,0.14112,0.50184,0.50156,-0.48646,0.50985,189.10000
0.05768,0.10667,0.14111,0.50184,0.50156,-0.48646,0.50985,189.20000
0.05768,0.10657,0.14111,0.50184,0.50156,-0.48646,0.50985,189.30000
0.05768,0.10647,0.14111,0.50184,0.50156,-0.48646,0.50985,189.40000
0.05769,0.10637,0.14111,0.50184,0.50156,-0.48646,0.50985,189.50000
0.05769,0.10627,0.14112,0.50184,0.50156,-0.48646,0.50985,189.60000
0.05769,0.10617,0.14112,0.50184,0.50156,-0.48646,0.50985,189.70000
0.05769,0.10607,0.14112,0.50184,0.50156,-0.48646,0.50985,189.80000
0.05769,0.10597,0.14112,0.50184,0.50156,-0.48646,0.50985,189.90000
0.05770,0.10587,0.14112,0.50184,0.50156,-0.48646,0.50985,190.00000
0.05770,0.10577,0.14112,0.50184,0.50156,-0.48646,0.50985,190.10000
0.05770,0.10567,0.14112,0.50184,0.50156,-0.48646,0.50985,190.20000
0.05770,0.10557,0.14112,0.50184,0.50156,-0.48646,0.50985,190.30000
0.05771,0.10547,0.14112,0.50184,0.50156,-0.48646,0.50985,190.40000
0.05771,0.10537,0.14112,0.50184,0.50156,-0.48646,0.50985,190.50000
0.05771,0.10527,0.14112,0.50184,0.50156,-0.48646,0.50985,190.60000
0.05771,0.10517,0.14111,0.50184,0.50156,-0.48646,0.50985,190.70000
0.05772,0.10507,0.14111,0.50184,0.50156,-0.48646,0.50985,190.80000
0.05772,0.10497,0.14111,0.50184,0.50156,-0.48646,0.50985,190.90000
0.05772,0.10487,0.14111,0.50184,0.50156,-0.48646,0.50985,191.00000
0.05772,0.10477,0.14111,0.50184,0.50156,-0.48646,0.50985,191.10000
0.05772,0.10467,0.14112,0.50184,0.50156,-0.48646,0.50985,191.20000
0.05773,0.10457,0.14112,0.50184,0.50156,-0.48646,0.50985,191.30000
0.05773,0.10447,0.14112,0.50184,0.50156,-0.48646,0.50985,191.40000
0.05773,0.10437,0.14112,0.50184,0.50156,-0.48646,0.50985,191.50000
0.05773,0.10427,0.14112,0.50184,0.50156,-0.48646,0.50985,191.60000
0.05774,0.10417,0.14112,0.50184,0.50156,-0.48646,0.50985,191.70000
0.05774,0.10407,0.14112,0.50184,0.50156,-0.48646,0.50985,191.80000
0.05774,0.10397,0.14112,0.50184,0.50156,-0.48646,0.50985,191.90000
0.05774,0.10387,0.14112,0.50184,0.50156,-0.48646,0.50985,192.00000
0.05775,0.10377,0.14111,0.50184,0.50156,-0.48646,0.50985,192.10000
0.05775,0.10367,0.14111,0.50184,0.50156,-0.48646,0.50985,192.20000
0.05775,0.10357,0.14111,0.50184,0.50156,-0.48646,0.50985,192.30000
0.05775,0.10347,0.14111,0.50184,0.50156,-0.48646,0.50985,192.40000
0.05775,0.10337,0.14111,0.50184,0.50156,-0.48646,0.50985,192.50000
0.05776,0.10327,0.14111,0.50184,0.50156,-0.48646,0.50985,192.60000
0.05776,0.10317,0.14111,0.50184,0.50156,-0.48646,0.50985,192.70000
0.05776,0.10307,0.14112,0.50184,0.50156,-0.48646,0.50985,192.80000
0.05776,0.10297,0.14112,0.50184,0.50156,-0.48646,0.50985,192.90000
0.05777,0.10287,0.14112,0.50184,0.50156,-0.48646,0.50985,193.00000
0.05777,0.10277,0.14112,0.50184,0.50156,-0.48646,0.50985,193.10000
0.05777,0.10267,0.14112,0.50184,0.50156,-0.48646,0.50985,193.20000
0.05777,0.10257,0.14112,0.50184,0.50156,-0.48646,0.50985,193.30000
0.05777,0.10247,0.14112,0.50184,0.50156,-0.48646,0.50985,193.40000
0.05778,0.10237,0.14112,0.50184,0.50156,-0.48646,0.50985,193.50000
0.05778,0.10227,0.14111,0.50184,0.50156,-0.48646,0.50985,193.60000
0.05778,0.10217,0.14111,0.50184,0.50156,-0.48646,0.50985,193.70000
0.05778,0.10207,0.14111,0.50184,0.50156,-0.48646,0.50985,193.80000
0.05779,0.10197,0.14111,0.50184,0.50156,-0.48646,0.50985,193.90000
0.05779,0.10187,0.14111,0.50184,0.50156,-0.48646,0.50985,194.00000
0.05779,0.10177,0.14111,0.50184,0.50156,-0.48646,0.50985,194.10000
0.05779,0.10167,0.14111,0.50184,0.50156,-0.48646,0.50985,194.20000
0.05780,0.10157,0.14111,0.50184,0.50156,-0.48646,0.50985,194.30000
0.05780,0.10147,0.14111,0.50184,0.50156,-0.48646,0.50985,194.40000
0.05780,0.10137,0.14112,0.50184,0.50156,-0.48646,0.50985,194.50000
0.05780,0.10127,0.14112,0.50184,0.50156,-0.48646,0.50985,194.60000
0.05780,0.10117,0.14112,0.50184,0.50156,-0.48646,0.50985,194.70000
0.05781,0.10107,0.14112,0.50184,0.50156,-0.48646,0.50985,194.80000
0.05781,0.10097,0.14112,0.50184,0.50156,-0.48646,0.50985,194.90000
0.05781,0.10087,0.14112,0.50184,0.50156,-0.48646,0.50985,195.00000
0.05781,0.10077,0.14111,0.50184,0.50156,-0.48646,0.50985,195.10000
0.05782,0.10067,0.14111,0.50184,0.50156,-0.48646,0.50985,195.20000
0.05782,0.10057,0.14111,0.50184,0.50156,-0.48646,0.50985,195.30000
0.05782,0.10047,0.14111,0.50184,0.50156,-0.48646,0.50985,195.40000
0.05782,0.10037,0.14111,0.50184,0.50156,-0.48646,0.50985,195.50000
0.05783,0.10027,0.14111,0.50184,0.50156,-0.48646,0.50985,195.60000
0.05783,0.10017,0.14111,0.50184,0.50156,-0.48646,0.50985,195.70000
0.05783,0.10007,0.14111,0.50184,0.50156,-0.48646,0.50985,195.80000
0.05783,0.09997,0.14111,0.50184,0.50156,-0.48646,0.50985,195.90000
0.05784,0.09987,0.14111,0.50184,0.50156,-0.48646,0.50985,196.00000
0.05784,0.09977,0.14112,0.50184,0.50156,-0.48646,0.50985,196.10000
0.05784,0.09967,0.14112,0.50184,0.50156,-0.48646,0.50985,196.20000
0.05784,0.09957,0.14112,0.50184,0.50156,-0.48646,0.50985,196.30000
0.05784,0.09947,0.14112,0.50184,0.50156,-0.48646,0.50985,196.40000
0.05785,0.09937,0.14111,0.50184,0.50156,-0.48646,0.50985,196.50000
0.05785,0.09927,0.14111,0.50184,0.50156,-0.48646,0.50985,196.60000
0.05785,0.09917,0.14111,0.50184,0.50156,-0.48646,0.50985,196.70000
0.05785,0.09907,0.14111,0.50184,0.50156,-0.48646,0.50985,196.80000
0.05786,0.09897,0.14111,0.50184,0.50156,-0.48646,0.50985,196.90000
0.05786,0.09887,0.14111,0.50184,0.50156,-0.48646,0.50985,197.00000
0.05786,0.09877,0.14111,0.50184,0.50156,-0.48646,0.50985,197.10000
0.05786,0.09867,0.14111,0.50184,0.50156,-0.48646,0.50985,197.20000
0.05786,0.09857,0.14111,0.50184,0.50156,-0.48646,0.50985,197.30000
0.05787,0.09847,0.14111,0.50184,0.50156,-0.48646,0.50985,197.40000
0.05787,0.09837,0.14111,0.50184,0.50156,-0.48646,0.50985,197.50000
0.05787,0.09827,0.14111,0.50184,0.50156,-0.48646,0.50985,197.60000
0.05787,0.09817,0.14112,0.50184,0.50156,-0.48646,0.50985,197.70000
0.05788,0.09807,0.14112,0.50184,0.50156,-0.48646,0.50985,197.80000
0.05788,0.09797,0.14112,0.50184,0.50156,-0.48646,0.50985,197.90000
0.05788,0.09787,0.14111,0.50184,0.50156,-0.48646,0.50985,198.00000
0.05788,0.09777,0.14111,0.50184,0.50156,-0.48646,0.50985,198.10000
0.05789,0.09767,0.14111,0.50184,0.50156,-0.48646,0.50985,198.20000
0.05789,0.09757,0.14111,0.50184,0.50156,-0.48646,0.50985,198.30000
0.05789,0.09747,0.14111,0.50184,0.50156,-0.48646,0.50985,198.40000
0.05789,0.09737,0.14111,0.50184,0.50156,-0.48646,0.50985,198.50000
0.05789,0.09727,0.14111,0.50184,0.50156,-0.48646,0.50985,198.60000
0.05790,0.09717,0.14111,0.50184,0.50156,-0.48646,0.50985,198.70000
0.05790,0.09707,0.14111,0.50184,0.50156,-0.48646,0.50985,198.80000
0.05790,0.09697,0.14111,0.50184,0.50156,-0.48646,0.50985,198.90000
0.05790,0.09687,0.14111,0.50184,0.50156,-0.48646,0.50985,199.00000
0.05791,0.09677,0.14111,0.50184,0.50156,-0.48646,0.50985,199.10000
0.05791,0.09667,0.14111,0.50184,0.50156,-0.48646,0.50985,199.20000
0.05791,0.09657,0.14112,0.50184,0.50156,-0.48646,0.50985,199.30000
0.05791,0.09647,0.14112,0.50184,0.50156,-0.48646,0.50985,199.40000
0.05792,0.09637,0.14111,0.50184,0.50156,-0.48646,0.50985,199.50000
0.05792,0.09627,0.14111,0.50184,0.50156,-0.48646,0.50985,199.60000
0.05792,0.09617,0.14111,0.50184,0.50156,-0.48646,0.50985,199.70000
0.05792,0.09607,0.14111,0.50184,0.50156,-0.48646,0.50985,199.80000
0.05792,0.09597,0.14111,0.50184,0.50156,-0.48646,0.50985,199.90000
0.05793,0.09587,0.14111,0.50184,0.50156,-0.48646,0.50985,200.00000
0.05793,0.09577,0.14111,0.50184,0.50156,-0.48646,0.50985,200.10000
0.05793,0.09567,0.14111,0.50184,0.50156,-0.48646,0.50985,200.20000
0.05793,0.09557,0.14111,0.50184,0.50156,-0.48646,0.50985,200.30000
0.05794,0.09547,0.14111,0.50184,0.50156,-0.48646,0.50985,200.40000
0.05794,0.09537,0.14111,0.50184,0.50156,-0.48646,0.50985,200.50000
0.05794,0.09527,0.14111,0.50184,0.50156,-0.48646,0.50985,200.60000
0.05794,0.09517,0.14111,0.50184,0.50156,-0.48646,0.50985,200.70000
0.05795,0.09507,0.14111,0.50184,0.50156,-0.48646,0.50985,200.80000
0.05795,0.09497,0.14111,0.50184,0.50156,-0.48646,0.50985,200.90000
0.05795,0.09487,0.14111,0.50184,0.50156,-0.48646,0.50985,201.00000
0.05795,0.09477,0.14111,0.50184,0.50156,-0.48646,0.50985,201.10000
0.05795,0.09467,0.14111,0.50184,0.50156,-0.48646,0.50985,201.20000
0.05796,0.09457,0.14111,0.50184,0.50156,-0.48646,0.50985,201.30000
0.05796,0.09447,0.14111,0.50184,0.50156,-0.48646,0.50985,201.40000
0.05796,0.09437,0.14111,0.50184,0.50156,-0.48646,0.50985,201.50000
0.05796,0.09427,0.14111,0.50184,0.50156,-0.48646,0.50985,201.60000
0.05797,0.09417,0.14111,0.50184,0.50156,-0.48646,0.50985,201.70000
0.05797,0.09407,0.14111,0.50184,0.50156,-0.48646,0.50985,201.80000
0.05797,0.09397,0.14111,0.50184,0.50156,-0.48646,0.50985,201.90000
0.05797,0.09387,0.14111,0.50184,0.50156,-0.48646,0.50985,202.00000
0.05798,0.09377,0.14111,0.50184,0.50156,-0.48646,0.50985,202.10000
0.05798,0.09367,0.14111,0.50184,0.50156,-0.48646,0.50985,202.20000
0.05798,0.09357,0.14111,0.50184,0.50156,-0.48646,0.50985,202.30000
0.05798,0.09347,0.14110,0.50184,0.50156,-0.48646,0.50985,202.40000
0.05798,0.09337,0.14111,0.50184,0.50156,-0.48646,0.50985,202.50000
0.05799,0.09327,0.14111,0.50184,0.50156,-0.48646,0.50985,202.60000
0.05799,0.09317,0.14111,0.50184,0.50156,-0.48646,0.50985,202.70000
0.05799,0.09307,0.14111,0.50184,0.50156,-0.48646,0.50985,202.80000
0.05799,0.09297,0.14111,0.50184,0.50156,-0.48646,0.50985,202.90000
0.05800,0.09287,0.14111,0.50184,0.50156,-0.48646,0.50985,203.00000
0.05800,0.09277,0.14111,0.50184,0.50156,-0.48646,0.50985,203.10000
0.05800,0.09267,0.14111,0.50184,0.50156,-0.48646,0.50985,203.20000
0.05800,0.09257,0.14111,0.50184,0.50156,-0.48646,0.50985,203.30000
0.05801,0.09247,0.14111,0.50184,0.50156,-0.48646,0.50985,203.40000
0.05801,0.09237,0.14111,0.50184,0.50156,-0.48646,0.50985,203.50000
0.05801,0.09227,0.14111,0.50184,0.50156,-0.48646,0.50985,203.60000
0.05801,0.09217,0.14111,0.50184,0.50156,-0.48646,0.50985,203.70000
0.05801,0.09207,0.14111,0.50184,0.50156,-0.48646,0.50985,203.80000
0.05802,0.09197,0.14110,0.50184,0.50156,-0.48646,0.50985,203.90000
0.05802,0.09187,0.14110,0.50184,0.50156,-0.48646,0.50985,204.00000
0.05802,0.09177,0.14111,0.50184,0.50156,-0.48646,0.50985,204.10000
0.05802,0.09167,0.14111,0.50184,0.50156,-0.48646,0.50985,204.20000
0.05803,0.09157,0.14111,0.50184,0.50156,-0.48646,0.50985,204.30000
0.05803,0.09147,0.14111,0.50184,0.50156,-0.48646,0.50985,204.40000
0.05803,0.09137,0.14111,0.50184,0.50156,-0.48646,0.50985,204.50000
0.05803,0.09127,0.14111,0.50184,0.50156,-0.48646,0.50985,204.60000
0.05804,0.09117,0.14111,0.50184,0.50156,-0.48646,0.50985,204.70000
0.05804,0.09107,0.14111,0.50184,0.50156,-0.48646,0.50985,204.80000
0.05804,0.09097,0.14111,0.50184,0.50156,-0.48646,0.50985,204.90000
0.05804,0.09087,0.14111,0.50184,0.50156,-0.48646,0.50985,205.00000
0.05804,0.09077,0.14111,0.50184,0.50156,-0.48646,0.50985,205.10000
0.05805,0.09067,0.14111,0.50184,0.50156,-0.48646,0.50985,205.20000
0.05805,0.09057,0.14110,0.50184,0.50156,-0.48646,0.50985,205.30000
0.05805,0.09047,0.14110,0.50184,0.50156,-0.48646,0.50985,205.40000
0.05805,0.09037,0.14110,0.50184,0.50156,-0.48646,0.50985,205.50000
0.05806,0.09027,0.14110,0.50184,0.50156,-0.48646,0.50985,205.60000
0.05806,0.09017,0.14110,0.50184,0.50156,-0.48646,0.50985,205.70000
0.05806,0.09007,0.14111,0.50184,0.50156,-0.48646,0.50985,205.80000
0.05806,0.08997,0.14111,0.50184,0.50156,-0.48646,0.50985,205.90000
0.05807,0.08987,0.14111,0.50184,0.50156,-0.48646,0.50985,206.00000
0.05807,0.08977,0.14111,0.50184,0.50156,-0.48646,0.50985,206.10000
0.05807,0.08967,0.14111,0.50184,0.50156,-0.48646,0.50985,206.20000
0.05807,0.08957,0.14111,0.50184,0.50156,-0.48646,0.50985,206.30000
0.05807,0.08947,0.14111,0.50184,0.50156,-0.48646,0.50985,206.40000
0.05808,0.08937,0.14111,0.50184,0.50156,-0.48646,0.50985,206.50000
0.05808,0.08927,0.14111,0.50184,0.50156,-0.48646,0.50985,206.60000
0.05808,0.08917,0.14111,0.50184,0.50156,-0.48646,0.50985,206.70000
0.05808,0.08907,0.14110,0.50184,0.50156,-0.48646,0.50985,206.80000
0.05809,0.08897,0.14110,0.50184,0.50156,-0.48646,0.50985,206.90000
0.05809,0.08887,0.14110,0.50184,0.50156,-0.48646,0.50985,207.00000
0.05809,0.08877,0.14110,0.50184,0.50156,-0.48646,0.50985,207.10000
0.05809,0.08867,0.14110,0.50184,0.50156,-0.48646,0.50985,207.20000
0.05810,0.08857,0.14110,0.50184,0.50156,-0.48646,0.50985,207.30000
0.05810,0.08847,0.14111,0.50184,0.50156,-0.48646,0.50985,207.40000
0.05810,0.08837,0.14111,0.50184,0.50156,-0.48646,0.50985,207.50000
0.05810,0.08827,0.14111,0.50184,0.50156,-0.48646,0.50985,207.60000
0.05810,0.08817,0.14111,0.50184,0.50156,-0.48646,0.50985,207.70000
0.05811,0.08807,0.14111,0.50184,0.50156,-0.48646,0.50985,207.80000
0.05811,0.08797,0.14111,0.50184,0.50156,-0.48646,0.50985,207.90000
0.05811,0.08787,0.14111,0.50184,0.50156,-0.48646,0.50985,208.00000
0.05811,0.08777,0.14111,0.50184,0.50156,-0.48646,0.50985,208.10000
0.05812,0.08767,0.14111,0.50184,0.50156,-0.48646,0.50985,208.20000
0.05812,0.08757,0.14110,0.50184,0.50156,-0.48646,0.50985,208.30000
0.05812,0.08747,0.14110,0.50184,0.50156,-0.48646,0.50985,208.40000
0.05812,0.08737,0.14110,0.50184,0.50156,-0.48646,0.50985,208.50000
0.05813,0.08727,0.14110,0.50184,0.50156,-0.48646,0.50985,208.60000
0.05813,0.08717,0.14110,0.50184,0.50156,-0.48646,0.50985,208.70000
0.05813,0.08707,0.14110,0.50184,0.50156,-0.48646,0.50985,208.80000
0.05813,0.08697,0.14110,0.50184,0.50156,-0.48646,0.50985,208.90000
0.05813,0.08687,0.14111,0.50184,0.50156,-0.48646,0.50985,209.00000
0.05814,0.08677,0.14111,0.50184,0.50156,-0.48646,0.50985,209.10000
0.05814,0.08667,0.14111,0.50184,0.50156,-0.48646,0.50985,209.20000
0.05814,0.08657,0.14111,0.50184,0.50156,-0.48646,0.50985,209.30000
0.05814,0.08647,0.14111,0.50184,0.50156,-0.48646,0.50985,209.40000
0.05815,0.08637,0.14111,0.50184,0.50156,-0.48646,0.50985,209.50000
0.05815,0.08627,0.14111,0.50184,0.50156,-0.48646,0.50985,209.60000
0.05815,0.08617,0.14110,0.50184,0.50156,-0.48646,0.50985,209.70000
0.05815,0.08607,0.14110,0.50184,0.50156,-0.48646,0.50985,209.80000
0.05816,0.08597,0.14110,0.50184,0.50156,-0.48646,0.50985,209.90000
0.05816,0.08587,0.14110,0.50184,0.50156,-0.48646,0.50985,210.00000
0.05816,0.08577,0.14110,0.50184,0.50156,-0.48646,0.50985,210.10000
0.05816,0.08567,0.14110,0.50184,0.50156,-0.48646,0.50985,210.20000
0.05816,0.08557,0.14110,0.50184,0.50156,-0.48646,0.50985,210.30000
0.05817,0.08547,0.14110,0.50184,0.50156,-0.48646,0.50985,210.40000
0.05817,0.08537,0.14110,0.50184,0.50156,-0.48646,0.50985,210.50000
0.05817,0.08527,0.14111,0.50184,0.50156,-0.48646,0.50985,210.60000
0.05817,0.08517,0.14111,0.50184,0.50156,-0.48646,0.50985,210.70000
0.05818,0.08507,0.14111,0.50184,0.50156,-0.48646,0.50985,210.80000
0.05818,0.08497,0.14111,0.50184,0.50156,-0.48646,0.50985,210.90000
0.05818,0.08487,0.14111,0.50184,0.50156,-0.48646,0.50985,211.00000
0.05818,0.08477,0.14111,0.50184,0.50156,-0.48646,0.50985,211.10000
0.05819,0.08467,0.14110,0.50184,0.50156,-0.48646,0.50985,211.20000
0.05819,0.08457,0.14110,0.50184,0.50156,-0.48646,0.50985,211.30000
0.05819,0.08447,0.14110,0.50184,0.50156,-0.48646,0.50985,211.40000
0.05819,0.08437,0.14110,0.50184,0.50156,-0.48646,0.50985,211.50000
0.05819,0.08427,0.14110,0.50184,0.50156,-0.48646,0.50985,211.60000
0.05820,0.08417,0.14110,0.50184,0.50156,-0.48646,0.50985,211.70000
0.05820,0.08407,0.14110,0.50184,0.50156,-0.48646,0.50985,211.80000
0.05820,0.08397,0.14110,0.50184,0.50156,-0.48646,0.50985,211.90000
0.05820,0.08387,0.14110,0.50184,0.50156,-0.48646,0.50985,212.00000
0.05821,0.08377,0.14110,0.50184,0.50156,-0.48646,0.50985,212.10000
0.05821,0.08367,0.14111,0.50184,0.50156,-0.48646,0.50985,212.20000
0.05821,0.08357,0.14111,0.50184,0.50156,-0.48646,0.50985,212.30000
0.05821,0.08347,0.14111,0.50184,0.50156,-0.48646,0.50985,212.40000
0.05822,0.08337,0.14111,0.50184,0.50156,-0.48646,0.50985,212.50000
0.05822,0.08327,0.14111,0.50184,0.50156,-0.48646,0.50985,212.60000
0.05822,0.08317,0.14110,0.50184,0.50156,-0.48646,0.50985,212.70000
0.05822,0.08307,0.14110,0.50184,0.50156,-0.48646,0.50985,212.80000
0.05822,0.08297,0.14110,0.50184,0.50156,-0.48646,0.50985,212.90000
0.05823,0.08287,0.14110,0.50184,0.50156,-0.48646,0.50985,213.00000
0.05823,0.08277,0.14110,0.50184,0.50156,-0.48646,0.50985,213.10000
0.05823,0.08267,0.14110,0.50184,0.50156,-0.48646,0.50985,213.20000
0.05823,0.08257,0.14110,0.50184,0.50156,-0.48646,0.50985,213.30000
0.05824,0.08247,0.14110,0.50184,0.50156,-0.48646,0.50985,213.40000
0.05824,0.08237,0.14110,0.50184,0.50156,-0.48646,0.50985,213.50000
0.05824,0.08227,0.14110,0.50184,0.50156,-0.48646,0.50985,213.60000
0.05824,0.08217,0.14110,0.50184,0.50156,-0.48646,0.50985,213.70000
0.05825,0.08207,0.14111,0.50184,0.50156,-0.48646,0.50985,213.80000
0.05825,0.08197,0.14111,0.50184,0.50156,-0.48646,0.50985,213.90000
0.05825,0.08187,0.14111,0.50184,0.50156,-0.48646,0.50985,214.00000
0.05825,0.08177,0.14110,0.50184,0.50156,-0.48646,0.50985,214.10000
0.05825,0.08167,0.14110,0.50184,0.50156,-0.48646,0.50985,214.20000
0.05826,0.08157,0.14110,0.50184,0.50156,-0.48646,0.50985,214.30000
0.05826,0.08147,0.14110,0.50184,0.50156,-0.48646,0.50985,214.40000
0.05826,0.08137,0.14110,0.50184,0.50156,-0.48646,0.50985,214.50000
0.05826,0.08127,0.14110,0.50184,0.50156,-0.48646,0.50985,214.60000
0.05827,0.08117,0.14110,0.50184,0.50156,-0.48646,0.50985,214.70000
0.05827,0.08107,0.14110,0.50184,0.50156,-0.48646,0.50985,214.80000
0.05827,0.08097,0.14110,0.50184,0.50156,-0.48646,0.50985,214.90000
0.05827,0.08087,0.14110,0.50184,0.50156,-0.48646,0.50985,215.00000
0.05828,0.08077,0.14110,0.50184,0.50156,-0.48646,0.50985,215.10000
0.05828,0.08067,0.14110,0.50184,0.50156,-0.48646,0.50985,215.20000
0.05828,0.08057,0.14110,0.50184,0.50156,-0.48646,0.50985,215.30000
0.05828,0.08047,0.14111,0.50184,0.50156,-0.48646,0.50985,215.40000
0.05828,0.08037,0.14111,0.50184,0.50156,-0.48646,0.50985,215.50000
0.05829,0.08027,0.14110,0.50184,0.50156,-0.48646,0.50985,215.60000
0.05829,0.08017,0.14110,0.50184,0.50156,-0.48646,0.50985,215.70000
0.05829,0.08007,0.14110,0.50184,0.50156,-0.48646,0.50985,215.80000
0.05829,0.07997,0.14110,0.50184,0.50156,-0.48646,0.50985,215.90000
0.05830,0.07987,0.14110,0.50184,0.50156,-0.48646,0.50985,216.00000
0.05830,0.07977,0.14110,0.50184,0.50156,-0.48646,0.50985,216.10000
0.05830,0.07967,0.14110,0.50184,0.50156,-0.48646,0.50985,216.20000
0.05830,0.07957,0.14110,0.50184,0.50156,-0.48646,0.50985,216.30000
0.05831,0.07947,0.14110,0.50184,0.50156,-0.48646,0.50985,216.40000
0.05831,0.07937,0.14110,0.50184,0.50156,-0.48646,0.50985,216.50000
0.05831,0.07927,0.14110,0.50184,0.50156,-0.48646,0.50985,216.60000
0.05831,0.07917,0.14110,0.50184,0.50156,-0.48646,0.50985,216.70000
0.05831,0.07907,0.14110,0.50184,0.50156,-0.48646,0.50985,216.80000
0.05832,0.07897,0.14110,0.50184,0.50156,-0.48646,0.50985,216.90000
0.05832,0.07887,0.14111,0.50184,0.50156,-0.48646,0.50985,217.00000
0.05832,0.07877,0.14110,0.50184,0.50156,-0.48646,0.50985,217.10000
0.05832,0.07867,0.14110,0.50184,0.50156,-0.48646,0.50985,217.20000
0.05833,0.07857,0.14110,0.50184,0.50156,-0.48646,0.50985,217.30000
0.05833,0.07847,0.14110,0.50184,0.50156,-0.48646,0.50985,217.40000
0.05833,0.07837,0.14110,0.50184,0.50156,-0.48646,0.50985,217.50000
0.05833,0.07827,0.14110,0.50184,0.50156,-0.48646,0.50985,217.60000
0.05834,0.07817,0.14110,0.50184,0.50156,-0.48646,0.50985,217.70000
0.05834,0.07807,0.14110,0.50184,0.50156,-0.48646,0.50985,217.80000
0.05834,0.07797,0.14110,0.50184,0.50156,-0.48646,0.50985,217.90000
0.05834,0.07787,0.14110,0.50184,0.50156,-0.48646,0.50985,218.00000
0.05834,0.07777,0.14110,0.50184,0.50156,-0.48646,0.50985,218.10000
0.05835,0.07767,0.14110,0.50184,0.50156,-0.48646,0.50985,218.20000
0.05835,0.07757,0.14110,0.50184,0.50156,-0.48646,0.50985,218.30000
0.05835,0.07747,0.14110,0.50184,0.50156,-0.48646,0.50985,218.40000
0.05835,0.07737,0.14109,0.50184,0.50156,-0.48646,0.50985,218.50000
0.05836,0.07727,0.14109,0.50184,0.50156,-0.48646,0.50985,218.60000
0.05836,0.07717,0.14110,0.50184,0.50156,-0.48646,0.50985,218.70000
0.05836,0.07707,0.14110,0.50184,0.50156,-0.48646,0.50985,218.80000
0.05836,0.07697,0.14110,0.50184,0.50156,-0.48646,0.50985,218.90000
0.05837,0.07687,0.14110,0.50184,0.50156,-0.48646,0.50985,219.00000
0.05837,0.07677,0.14110,0.50184,0.50156,-0.48646,0.50985,219.10000
0.05837,0.07667,0.14110,0.50184,0.50156,-0.48646,0.50985,219.20000
0.05837,0.07657,0.14110,0.50184,0.50156,-0.48646,0.50985,219.30000
0.05837,0.07647,0.14110,0.50184,0.50156,-0.48646,0.50985,219.40000
0.05838,0.07637,0.14110,0.50184,0.50156,-0.48646,0.50985,219.50000
0.05838,0.07627,0.14110,0.50184,0.50156,-0.48646,0.50985,219.60000
0.05838,0.07617,0.14110,0.50184,0.50156,-0.48646,0.50985,219.70000
0.05838,0.07607,0.14110,0.50184,0.50156,-0.48646,0.50985,219.80000
0.05839,0.07597,0.14110,0.50184,0.50156,-0.48646,0.50985,219.90000
0.05839,0.07588,0.14109,0.50184,0.50156,-0.48646,0.50985,220.00000
0.05839,0.07578,0.14109,0.50184,0.50156,-0.48646,0.50985,220.10000
0.05839,0.07568,0.14109,0.50184,0.50156,-0.48646,0.50985,220.20000
0.05839,0.07558,0.14110,0.50184,0.50156,-0.48646,0.50985,220.30000
0.05840,0.07548,0.14110,0.50184,0.50156,-0.48646,0.50985,220.40000
0.05840,0.07538,0.14110,0.50184,0.50156,-0.48646,0.50985,220.50000
0.05840,0.07528,0.14110,0.50184,0.50156,-0.48646,0.50985,220.60000
0.05840,0.07518,0.14110,0.50184,0.50156,-0.48646,0.50985,220.70000
0.05841,0.07508,0.14110,0.50184,0.50156,-0.48646,0.50985,220.80000
0.05841,0.07498,0.14110,0.50184,0.50156,-0.48646,0.50985,220.90000
0.05841,0.07488,0.14110,0.50184,0.50156,-0.48646,0.50985,221.00000
0.05841,0.07478,0.14110,0.50184,0.50156,-0.48646,0.50985,221.10000
0.05842,0.07468,0.14110,0.50184,0.50156,-0.48646,0.50985,221.20000
0.05842,0.07458,0.14110,0.50184,0.50156,-0.48646,0.50985,221.30000
0.05842,0.07448,0.14110,0.50184,0.50156,-0.48646,0.50985,221.40000
0.05842,0.07438,0.14109,0.50184,0.50156,-0.48646,0.50985,221.50000
0.05843,0.07428,0.14109,0.50184,0.50156,-0.48646,0.50985,221.60000
0.05843,0.07418,0.14109,0.50184,0.50156,-0.48646,0.50985,221.70000
0.05843,0.07408,0.14109,0.50184,0.50156,-0.48646,0.50985,221.80000
0.05843,0.07398,0.14110,0.50184,0.50156,-0.48646,0.50985,221.90000
0.05843,0.07388,0.14110,0.50184,0.50156,-0.48646,0.50985,222.00000
0.05844,0.07378,0.14110,0.50184,0.50156,-0.48646,0.50985,222.10000
0.05844,0.07368,0.14110,0.50184,0.50156,-0.48646,0.50985,222.20000
0.05844,0.07358,0.14110,0.50184,0.50156,-0.48646,0.50985,222.30000
0.05844,0.07348,0.14110,0.50184,0.50156,-0.48646,0.50985,222.40000
0.05845,0.07338,0.14110,0.50184,0.50156,-0.48646,0.50985,222.50000
0.05845,0.07328,0.14110,0.50184,0.50156,-0.48646,0.50985,222.60000
0.05845,0.07318,0.14110,0.50184,0.50156,-0.48646,0.50985,222.70000
0.05845,0.07308,0.14110,0.50184,0.50156,-0.48646,0.50985,222.80000
0.05846,0.07298,0.14109,0.50184,0.50156,-0.48646,0.50985,222.90000
0.05846,0.07288,0.14109,0.50184,0.50156,-0.48646,0.50985,223.00000
0.05846,0.07278,0.14109,0.50184,0.50156,-0.48646,0.50985,223.10000
0.05846,0.07268,0.14109,0.50184,0.50156,-0.48646,0.50985,223.20000
0.05846,0.07258,0.14109,0.50184,0.50156,-0.48646,0.50985,223.30000
0.05847,0.07248,0.14109,0.50184,0.50156,-0.48646,0.50985,223.40000
0.05847,0.07238,0.14110,0.50184,0.50156,-0.48646,0.50985,223.50000
0.05847,0.07228,0.14110,0.50184,0.50156,-0.48646,0.50985,223.60000
0.05847,0.07218,0.14110,0.50184,0.50156,-0.48646,0.50985,223.70000
0.05848,0.07208,0.14110,0.50184,0.50156,-0.48646,0.50985,223.80000
0.05848,0.07198,0.14110,0.50184,0.50156,-0.48646,0.50985,223.90000
0.05848,0.07188,0.14110,0.50184,0.50156,-0.48646,0.50985,224.00000
0.05848,0.07178,0.14110,0.50184,0.50156,-0.48646,0.50985,224.10000
0.05848,0.07168,0.14110,0.50184,0.50156,-0.48646,0.50985,224.20000
0.05849,0.07158,0.14110,0.50184,0.50156,-0.48646,0.50985,224.30000
0.05849,0.07148,0.14109,0.50184,0.50156,-0.48646,0.50985,224.40000
0.05849,0.07138,0.14109,0.50184,0.50156,-0.48646,0.50985,224.50000
0.05849,0.07128,0.14109,0.50184,0.50156,-0.48646,0.50985,224.60000
0.05850,0.07118,0.14109,0.50184,0.50156,-0.48646,0.50985,224.70000
0.05850,0.07108,0.14109,0.50184,0.50156,-0.48646,0.50985,224.80000
0.05850,0.07098,0.14109,0.50184,0.50156,-0.48646,0.50985,224.90000
0.05850,0.07088,0.14109,0.50184,0.50156,-0.48646,0.50985,225.00000
0.05851,0.07078,0.14110,0.50184,0.50156,-0.48646,0.50985,225.10000
0.05851,0.07068,0.14110,0.50184,0.50156,-0.48646,0.50985,225.20000
0.05851,0.07058,0.14110,0.50184,0.50156,-0.48646,0.50985,225.30000
0.05851,0.07048,0.14110,0.50184,0.50156,-0.48646,0.50985,225.40000
0.05851,0.07038,0.14110,0.50184,0.50156,-0.48646,0.50985,225.50000
0.05852,0.07028,0.14110,0.50184,0.50156,-0.48646,0.50985,225.60000
0.05852,0.07018,0.14110,0.50184,0.50156,-0.48646,0.50985,225.70000
0.05852,0.07008,0.14110,0.50184,0.50156,-0.48646,0.50985,225.80000
0.05852,0.06998,0.14109,0.50184,0.50156,-0.48646,0.50985,225.90000
0.05853,0.06988,0.14109,0.50184,0.50156,-0.48646,0.50985,226.00000
0.05853,0.06978,0.14109,0.50184,0.50156,-0.48646,0.50985,226.10000
0.05853,0.06968,0.14109,0.50184,0.50156,-0.48646,0.50985,226.20000
0.05853,0.06958,0.14109,0.50184,0.50156,-0.48646,0.50985,226.30000
0.05854,0.06948,0.14109,0.50184,0.50156,-0.48646,0.50985,226.40000
0.05854,0.06938,0.14109,0.50184,0.50156,-0.48646,0.50985,226.50000
0.05854,0.06928,0.14109,0.50184,0.50156,-0.48646,0.50985,226.60000
0.05854,0.06918,0.14110,0.50184,0.50156,-0.48646,0.50985,226.70000
0.05854,0.06908,0.14110,0.50184,0.50156,-0.48646,0.50985,226.80000
0.05855,0.06898,0.14110,0.50184,0.50156,-0.48646,0.50985,226.90000
0.05855,0.06888,0.14110,0.50184,0.50156,-0.48646,0.50985,227.00000
0.05855,0.06878,0.14110,0.50184,0.50156,-0.48646,0.50985,227.10000
0.05855,0.06868,0.14110,0.50184,0.50156,-0.48646,0.50985,227.20000
0.05856,0.06858,0.14109,0.50184,0.50156,-0.48646,0.50985,227.30000
0.05856,0.06848,0.14109,0.50184,0.50156,-0.48646,0.50985,227.40000
0.05856,0.06838,0.14109,0.50184,0.50156,-0.48646,0.50985,227.50000
0.05856,0.06828,0.14109,0.50184,0.50156,-0.48646,0.50985,227.60000
0.05857,0.06818,0.14109,0.50184,0.50156,-0.48646,0.50985,227.70000
0.05857,0.06808,0.14109,0.50184,0.50156,-0.48646,0.50985,227.80000
0.05857,0.06798,0.14109,0.50184,0.50156,-0.48646,0.50985,227.90000
0.05857,0.06788,0.14109,0.50184,0.50156,-0.48646,0.50985,228.00000
0.05857,0.06778,0.14109,0.50184,0.50156,-0.48646,0.50985,228.10000
0.05858,0.06768,0.14109,0.50184,0.50156,-0.48646,0.50985,228.20000
0.05858,0.06758,0.14110,0.50184,0.50156,-0.48646,0.50985,228.30000
0.05858,0.06748,0.14110,0.50184,0.50156,-0.48646,0.50985,228.40000
0.05858,0.06738,0.14110,0.50184,0.50156,-0.48646,0.50985,228.50000
0.05859,0.06728,0.14110,0.50184,0.50156,-0.48646,0.50985,228.60000
0.05859,0.06718,0.14110,0.50184,0.50156,-0.48646,0.50985,228.70000
0.05859,0.06708,0.14109,0.50184,0.50156,-0.48646,0.50985,228.80000
0.05859,0.06698,0.14109,0.50184,0.50156,-0.48646,0.50985,228.90000
0.05860,0.06688,0.14109,0.50184,0.50156,-0.48646,0.50985,229.00000
0.05860,0.06678,0.14109,0.50184,0.50156,-0.48646,0.50985,229.10000
0.05860,0.06668,0.14109,0.50184,0.50156,-0.48646,0.50985,229.20000
0.05860,0.06658,0.14109,0.50184,0.50156,-0.48646,0.50985,229.30000
0.05860,0.06648,0.14109,0.50184,0.50156,-0.48646,0.50985,229.40000
0.05861,0.06638,0.14109,0.50184,0.50156,-0.48646,0.50985,229.50000
0.05861,0.06628,0.14109,0.50184,0.50156,-0.48646,0.50985,229.60000
0.05861,0.06618,0.14109,0.50184,0.50156,-0.48646,0.50985,229.70000
0.05861,0.06608,0.14109,0.50184,0.50156,-0.48646,0.50985,229.80000
0.05862,0.06598,0.14109,0.50184,0.50156,-0.48646,0.50985,229.90000
0.05862,0.06588,0.14110,0.50184,0.50156,-0.48646,0.50985,230.00000
0.05862,0.06578,0.14110,0.50184,0.50156,-0.48646,0.50985,230.10000
0.05862,0.06568,0.14110,0.50184,0.50156,-0.48646,0.50985,230.20000
0.05863,0.06558,0.14109,0.50184,0.50156,-0.48646,0.50985,230.30000
0.05863,0.06548,0.14109,0.50184,0.50156,-0.48646,0.50985,230.40000
0.05863,0.06538,0.14109,0.50184,0.50156,-0.48646,0.50985,230.50000
0.05863,0.06528,0.14109,0.50184,0.50156,-0.48646,0.50985,230.60000
0.05863,0.06518,0.14109,0.50184,0.50156,-0.48646,0.50985,230.70000
0.05864,0.06508,0.14109,0.50184,0.50156,-0.48646,0.50985,230.80000
0.05864,0.06498,0.14109,0.50184,0.50156,-0.48646,0.50985,230.90000
0.05864,0.06488,0.14109,0.50184,0.50156,-0.48646,0.50985,231.00000
0.05864,0.06478,0.14109,0.50184,0.50156,-0.48646,0.50985,231.10000
0.05865,0.06468,0.14109,0.50184,0.50156,-0.48646,0.50985,231.20000
0.05865,0.06458,0.14109,0.50184,0.50156,-0.48646,0.50985,231.30000
0.05865,0.06448,0.14109,0.50184,0.50156,-0.48646,0.50985,231.40000
0.05865,0.06438,0.14109,0.50184,0.50156,-0.48646,0.50985,231.50000
0.05866,0.06428,0.14110,0.50184,0.50156,-0.48646,0.50985,231.60000
0.05866,0.06418,0.14109,0.50184,0.50156,-0.48646,0.50985,231.70000
0.05866,0.06408,0.14109,0.50184,0.50156,-0.48646,0.50985,231.80000
0.05866,0.06398,0.14109,0.50184,0.50156,-0.48646,0.50985,231.90000
0.05866,0.06388,0.14109,0.50184,0.50156,-0.48646,0.50985,232.00000
0.05867,0.06378,0.14109,0.50184,0.50156,-0.48646,0.50985,232.10000
0.05867,0.06368,0.14109,0.50184,0.50156,-0.48646,0.50985,232.20000
0.05867,0.06358,0.14109,0.50184,0.50156,-0.48646,0.50985,232.30000
0.05867,0.06348,0.14109,0.50184,0.50156,-0.48646,0.50985,232.40000
0.05868,0.06338,0.14109,0.50184,0.50156,-0.48646,0.50985,232.50000
0.05868,0.06328,0.14109,0.50184,0.50156,-0.48646,0.50985,232.60000
0.05868,0.06318,0.14109,0.50184,0.50156,-0.48646,0.50985,232.70000
0.05868,0.06308,0.14109,0.50184,0.50156,-0.48646,0.50985,232.80000
0.05869,0.06298,0.14109,0.50184,0.50156,-0.48646,0.50985,232.90000
0.05869,0.06288,0.14109,0.50184,0.50156,-0.48646,0.50985,233.00000
0.05869,0.06278,0.14109,0.50184,0.50156,-0.48646,0.50985,233.10000
0.05869,0.06268,0.14109,0.50184,0.50156,-0.48646,0.50985,233.20000
0.05869,0.06258,0.14109,0.50184,0.50156,-0.48646,0.50985,233.30000
0.05870,0.06248,0.14109,0.50184,0.50156,-0.48646,0.50985,233.40000
0.05870,0.06238,0.14109,0.50184,0.50156,-0.48646,0.50985,233.50000
0.05870,0.06228,0.14109,0.50184,0.50156,-0.48646,0.50985,233.60000
0.05870,0.06218,0.14109,0.50184,0.50156,-0.48646,0.50985,233.70000
0.05871,0.06208,0.14109,0.50184,0.50156,-0.48646,0.50985,233.80000
0.05871,0.06198,0.14109,0.50184,0.50156,-0.48646,0.50985,233.90000
0.05871,0.06188,0.14109,0.50184,0.50156,-0.48646,0.50985,234.00000
0.05871,0.06178,0.14109,0.50184,0.50156,-0.48646,0.50985,234.10000
0.05872,0.06168,0.14109,0.50184,0.50156,-0.48646,0.50985,234.20000
0.05872,0.06158,0.14109,0.50184,0.50156,-0.48646,0.50985,234.30000
0.05872,0.06148,0.14109,0.50184,0.50156,-0.48646,0.50985,234.40000
0.05872,0.06138,0.14109,0.50184,0.50156,-0.48646,0.50985,234.50000
0.05872,0.06128,0.14109,0.50184,0.50156,-0.48646,0.50985,234.60000
0.05873,0.06118,0.14108,0.50184,0.50156,-0.48646,0.50985,234.70000
0.05873,0.06108,0.14109,0.50184,0.50156,-0.48646,0.50985,234.80000
0.05873,0.06098,0.14109,0.50184,0.50156,-0.48646,0.50985,234.90000
0.05873,0.06088,0.14109,0.50184,0.50156,-0.48646,0.50985,235.00000
0.05874,0.06078,0.14109,0.50184,0.50156,-0.48646,0.50985,235.10000
0.05874,0.06068,0.14109,0.50184,0.50156,-0.48646,0.50985,235.20000
0.05874,0.06058,0.14109,0.50184,0.50156,-0.48646,0.50985,235.30000
0.05874,0.06048,0.14109,0.50184,0.50156,-0.48646,0.50985,235.40000
0.05875,0.06038,0.14109,0.50184,0.50156,-0.48646,0.50985,235.50000
0.05875,0.06028,0.14109,0.50184,0.50156,-0.48646,0.50985,235.60000
0.05875,0.06018,0.14109,0.50184,0.50156,-0.48646,0.50985,235.70000
0.05875,0.06008,0.14109,0.50184,0.50156,-0.48646,0.50985,235.80000
0.05875,0.05998,0.14109,0.50184,0.50156,-0.48646,0.50985,235.90000
0.05876,0.05988,0.14109,0.50184,0.50156,-0.48646,0.50985,236.00000
0.05876,0.05978,0.14108,0.50184,0.50156,-0.48646,0.50985,236.10000
0.05876,0.05968,0.14108,0.50184,0.50156,-0.48646,0.50985,236.20000
0.05876,0.05958,0.14108,0.50184,0.50156,-0.48646,0.50985,236.30000
0.05877,0.05948,0.14109,0.50184,0.50156,-0.48646,0.50985,236.40000
0.05877,0.05938,0.14109,0.50184,0.50156,-0.48646,0.50985,236.50000
0.05877,0.05928,0.14109,0.50184,0.50156,-0.48646,0.50985,236.60000
0.05877,0.05918,0.14109,0.50184,0.50156,-0.48646,0.50985,236.70000
0.05878,0.05908,0.14109,0.50184,0.50156,-0.48646,0.50985,236.80000
0.05878,0.05898,0.14109,0.50184,0.50156,-0.48646,0.50985,236.90000
0.05878,0.05888,0.14109,0.50184,0.50156,-0.48646,0.50985,237.00000
0.05878,0.05878,0.14109,0.50184,0.50156,-0.48646,0.50985,237.10000
0.05878,0.05868,0.14109,0.50184,0.50156,-0.48646,0.50985,237.20000
0.05879,0.05858,0.14109,0.50184,0.50156,-0.48646,0.50985,237.30000
0.05879,0.05848,0.14109,0.50184,0.50156,-0.48646,0.50985,237.40000
0.05879,0.05838,0.14109,0.50184,0.50156,-0.48646,0.50985,237.50000
0.05879,0.05828,0.14108,0.50184,0.50156,-0.48646,0.50985,237.60000
0.05880,0.05818,0.14108,0.50184,0.50156,-0.48646,0.50985,237.70000
0.05880,0.05808,0.14108,0.50184,0.50156,-0.48646,0.50985,237.80000
0.05880,0.05798,0.14108,0.50184,0.50156,-0.48646,0.50985,237.90000
0.05880,0.05788,0.14109,0.50184,0.50156,-0.48646,0.50985,238.00000
0.05881,0.05778,0.14109,0.50184,0.50156,-0.48646,0.50985,238.10000
0.05881,0.05768,0.14109,0.50184,0.50156,-0.48646,0.50985,238.20000
0.05881,0.05758,0.14109,0.50184,0.50156,-0.48646,0.50985,238.30000
0.05881,0.05748,0.14109,0.50184,0.50156,-0.48646,0.50985,238.40000
0.05881,0.05738,0.14109,0.50184,0.50156,-0.48646,0.50985,238.50000
0.05882,0.05728,0.14109,0.50184,0.50156,-0.48646,0.50985,238.60000
0.05882,0.05718,0.14109,0.50184,0.50156,-0.48646,0.50985,238.70000
0.05882,0.05708,0.14109,0.50184,0.50156,-0.48646,0.50985,238.80000
0.05882,0.05698,0.14109,0.50184,0.50156,-0.48646,0.50985,238.90000
0.05883,0.05688,0.14109,0.50184,0.50156,-0.48646,0.50985,239.00000
0.05883,0.05678,0.14108,0.50184,0.50156,-0.48646,0.50985,239.10000
0.05883,0.05668,0.14108,0.50184,0.50156,-0.48646,0.50985,239.20000
0.05883,0.05658,0.14108,0.50184,0.50156,-0.48646,0.50985,239.30000
0.05884,0.05648,0.14108,0.50184,0.50156,-0.48646,0.50985,239.40000
0.05884,0.05638,0.14108,0.50184,0.50156,-0.48646,0.50985,239.50000
0.05884,0.05628,0.14109,0.50184,0.50156,-0.48646,0.50985,239.60000
0.05884,0.05618,0.14109,0.50184,0.50156,-0.48646,0.50985,239.70000
0.05884,0.05608,0.14109,0.50184,0.50156,-0.48646,0.50985,239.80000
0.05885,0.05598,0.14109,0.50184,0.50156,-0.48646,0.50985,239.90000
0.05885,0.05588,0.14109,0.50184,0.50156,-0.48646,0.50985,240.00000
0.05885,0.05578,0.14109,0.50184,0.50156,-0.48646,0.50985,240.10000
0.05885,0.05568,0.14109,0.50184,0.50156,-0.48646,0.50985,240.20000
0.05886,0.05558,0.14109,0.50184,0.50156,-0.48646,0.50985,240.30000
0.05886,0.05548,0.14109,0.50184,0.50156,-0.48646,0.50985,240.40000
0.05886,0.05538,0.14108,0.50184,0.50156,-0.48646,0.50985,240.50000
0.05886,0.05528,0.14108,0.50184,0.50156,-0.48646,0.50985,240.60000
0.05887,0.05518,0.14108,0.50184,0.50156,-0.48646,0.50985,240.70000
0.05887,0.05508,0.14108,0.50184,0.50156,-0.48646,0.50985,240.80000
0.05887,0.05498,0.14108,0.50184,0.50156,-0.48646,0.50985,240.90000
0.05887,0.05489,0.14108,0.50184,0.50156,-0.48646,0.50985,240.99600
0.05887,0.05480,0.14108,0.50184,0.50156,-0.48646,0.50985,241.08800
0.05888,0.05471,0.14108,0.50184,0.50156,-0.48646,0.50985,241.17600
0.05888,0.05462,0.14109,0.50184,0.50156,-0.48646,0.50985,241.26000
0.05888,0.05454,0.14109,0.50184,0.50156,-0.48646,0.50985,241.34000
0.05888,0.05447,0.14109,0.50184,0.50156,-0.48646,0.50985,241.41600
0.05888,0.05440,0.14109,0.50184,0.50156,-0.48646,0.50985,241.48800
0.05888,0.05433,0.14109,0.50184,0.50156,-0.48646,0.50985,241.55600
0.05889,0.05426,0.14109,0.50184,0.50156,-0.48646,0.50985,241.62000
0.05889,0.05420,0.14109,0.50184,0.50156,-0.48646,0.50985,241.68000
0.05889,0.05415,0.14109,0.50184,0.50156,-0.48646,0.50985,241.73600
0.05889,0.05410,0.14109,0.50184,0.50156,-0.48646,0.50985,241.78800
0.05889,0.05405,0.14109,0.50184,0.50156,-0.48646,0.50985,241.83600
0.05889,0.05400,0.14109,0.50184,0.50156,-0.48646,0.50985,241.88000
0.05889,0.05396,0.14109,0.50184,0.50156,-0.48646,0.50985,241.92000
0.05889,0.05393,0.14108,0.50184,0.50156,-0.48646,0.50985,241.95600
0.05889,0.05390,0.14108,0.50184,0.50156,-0.48646,0.50985,241.98800
0.05890,0.05387,0.14108,0.50184,0.50156,-0.48646,0.50985,242.01600
0.05890,0.05384,0.14108,0.50184,0.50156,-0.48646,0.50985,242.04000
0.05890,0.05382,0.14108,0.50184,0.50156,-0.48646,0.50985,242.06000
0.05890,0.05381,0.14108,0.50184,0.50156,-0.48646,0.50985,242.07600
0.05890,0.05380,0.14108,0.50184,0.50156,-0.48646,0.50985,242.08800
0.05890,0.05379,0.14108,0.50184,0.50156,-0.48646,0.50985,242.09600
0.05890,0.05378,0.14108,0.50184,0.50156,-0.48646,0.50985,242.10000
0.05890,0.05378,0.14108,0.50184,0.50156,-0.48646,0.50985,242.10000
0.05890,0.05379,0.14108,0.50184,0.50156,-0.48646,0.50985,242.10400
