x,y,z,px,py,pz,pw,u
-0.44200,-0.26500,0.13600,-0.50000,0.50000,0.50000,0.50000,0.00400
-0.44200,-0.26499,0.13600,-0.50000,0.50000,0.50000,0.50000,0.01200
-0.44200,-0.26498,0.13600,-0.50000,0.50000,0.50000,0.50000,0.02400
-0.44200,-0.26496,0.13600,-0.50000,0.50000,0.50000,0.50000,0.04000
-0.44200,-0.26494,0.13600,-0.50000,0.50000,0.50000,0.50000,0.06000
-0.44200,-0.26492,0.13600,-0.50000,0.50000,0.50000,0.50000,0.08400
-0.44200,-0.26489,0.13600,-0.50000,0.50000,0.50000,0.50000,0.11200
-0.44200,-0.26486,0.13600,-0.50000,0.50000,0.50000,0.50000,0.14400
-0.44200,-0.26482,0.13600,-0.50000,0.50000,0.50000,0.50000,0.18000
-0.44200,-0.26478,0.13600,-0.50000,0.50000,0.50000,0.50000,0.22000
-0.44200,-0.26474,0.13600,-0.50000,0.50000,0.50000,0.50000,0.26400
-0.44200,-0.26469,0.13600,-0.50000,0.50000,0.50000,0.50000,0.31200
-0.44200,-0.26464,0.13600,-0.50000,0.50000,0.50000,0.50000,0.36400
-0.44200,-0.26458,0.13600,-0.50000,0.50000,0.50000,0.50000,0.42000
-0.44200,-0.26452,0.13600,-0.50000,0.50000,0.50000,0.50000,0.48000
-0.44200,-0.26446,0.13600,-0.50000,0.50000,0.50000,0.50000,0.54400
-0.44200,-0.26439,0.13600,-0.50000,0.50000,0.50000,0.50000,0.61200
-0.44200,-0.26432,0.13600,-0.50000,0.50000,0.50000,0.50000,0.68400
-0.44200,-0.26424,0.13600,-0.50000,0.50000,0.50000,0.50000,0.76000
-0.44200,-0.26416,0.13601,-0.50000,0.50000,0.50000,0.50000,0.84000
-0.44200,-0.26408,0.13601,-0.50000,0.50000,0.50000,0.50000,0.92400
-0.44200,-0.26399,0.13601,-0.50000,0.50000,0.50000,0.50000,1.01200
-0.44200,-0.26390,0.13601,-0.50000,0.50000,0.50000,0.50000,1.10400
-0.44200,-0.26380,0.13601,-0.50000,0.50000,0.50000,0.50000,1.20000
-0.44200,-0.26370,0.13601,-0.50000,0.50000,0.50000,0.50000,1.30000
-0.44200,-0.26360,0.13601,-0.50000,0.50000,0.50000,0.50000,1.40000
-0.44200,-0.26350,0.13601,-0.50000,0.50000,0.50000,0.50000,1.50000
-0.44200,-0.26340,0.13601,-0.50000,0.50000,0.50000,0.50000,1.60000
-0.44200,-0.26330,0.13601,-0.50000,0.50000,0.50000,0.50000,1.70000
-0.44200,-0.26320,0.13601,-0.50000,0.50000,0.50000,0.50000,1.80000
-0.44200,-0.26310,0.13601,-0.50000,0.50000,0.50000,0.50000,1.90000
-0.44200,-0.26300,0.13601,-0.50000,0.50000,0.50000,0.50000,2.00000
-0.44200,-0.26290,0.13601,-0.50000,0.50000,0.50000,0.50000,2.10000
-0.44200,-0.26280,0.13601,-0.50000,0.50000,0.50000,0.50000,2.20000
-0.44200,-0.26270,0.13601,-0.50000,0.50000,0.50000,0.50000,2.30000
-0.44200,-0.26260,0.13601,-0.50000,0.50000,0.50000,0.50000,2.40000
-0.44200,-0.26250,0.13602,-0.50000,0.50000,0.50000,0.50000,2.50000
-0.44200,-0.26240,0.13602,-0.50000,0.50000,0.50000,0.50000,2.60000
-0.44200,-0.26230,0.13602,-0.50000,0.50000,0.50000,0.50000,2.70000
-0.44200,-0.26220,0.13602,-0.50000,0.50000,0.50000,0.50000,2.80000
-0.44200,-0.26210,0.13602,-0.50000,0.50000,0.50000,0.50000,2.90000
-0.44200,-0.26200,0.13602,-0.50000,0.50000,0.50000,0.50000,3.00000
-0.44200,-0.26190,0.13602,-0.50000,0.50000,0.50000,0.50000,3.10000
-0.44200,-0.26180,0.13602,-0.50000,0.50000,0.50000,0.50000,3.20000
-0.44200,-0.26170,0.13602,-0.50000,0.50000,0.50000,0.50000,3.30000
-0.44200,-0.26160,0.13602,-0.50000,0.50000,0.50000,0.50000,3.40000
-0.44200,-0.26150,0.13602,-0.50000,0.50000,0.50000,0.50000,3.50000
-0.44200,-0.26140,0.13602,-0.50000,0.50000,0.50000,0.50000,3.60000
-0.44200,-0.26130,0.13602,-0.50000,0.50000,0.50000,0.50000,3.70000
-0.44200,-0.26120,0.13602,-0.50000,0.50000,0.50000,0.50000,3.80000
-0.44200,-0.26110,0.13602,-0.50000,0.50000,0.50000,0.50000,3.90000
-0.44200,-0.26100,0.13602,-0.50000,0.50000,0.50000,0.50000,4.00000
-0.44200,-0.26090,0.13603,-0.50000,0.50000,0.50000,0.50000,4.10000
-0.44200,-0.26080,0.13603,-0.50000,0.50000,0.50000,0.50000,4.20000
-0.44200,-0.26070,0.13603,-0.50000,0.50000,0.50000,0.50000,4.30000
-0.44200,-0.26060,0.13603,-0.50000,0.50000,0.50000,0.50000,4.40000
-0.44200,-0.26050,0.13603,-0.50000,0.50000,0.50000,0.50000,4.50000
-0.44200,-0.26040,0.13603,-0.50000,0.50000,0.50000,0.50000,4.60000
-0.44200,-0.26030,0.13603,-0.50000,0.50000,0.50000,0.50000,4.70000
-0.44200,-0.26020,0.13603,-0.50000,0.50000,0.50000,0.50000,4.80000
-0.44200,-0.26010,0.13603,-0.50000,0.50000,0.50000,0.50000,4.90000
-0.44200,-0.26000,0.13603,-0.50000,0.50000,0.50000,0.50000,5.00000
-0.44200,-0.25990,0.13603,-0.50000,0.50000,0.50000,0.50000,5.10000
-0.44200,-0.25980,0.13603,-0.50000,0.50000,0.50000,0.50000,5.20000
-0.44200,-0.25970,0.13603,-0.50000,0.50000,0.50000,0.50000,5.30000
-0.44200,-0.25960,0.13603,-0.50000,0.50000,0.50000,0.50000,5.40000
-0.44200,-0.25950,0.13603,-0.50000,0.50000,0.50000,0.50000,5.50000
-0.44200,-0.25940,0.13603,-0.50000,0.50000,0.50000,0.50000,5.60000
-0.44200,-0.25930,0.13604,-0.50000,0.50000,0.50000,0.50000,5.70000
-0.44200,-0.25920,0.13604,-0.50000,0.50000,0.50000,0.50000,5.80000
-0.44200,-0.25910,0.13604,-0.50000,0.50000,0.50000,0.50000,5.90000
-0.44200,-0.25900,0.13604,-0.50000,0.50000,0.50000,0.50000,6.00000
-0.44200,-0.25890,0.13604,-0.50000,0.50000,0.50000,0.50000,6.10000
-0.44200,-0.25880,0.13604,-0.50000,0.50000,0.50000,0.50000,6.20000
-0.44200,-0.25870,0.13604,-0.50000,0.50000,0.50000,0.50000,6.30000
-0.44200,-0.25860,0.13604,-0.50000,0.50000,0.50000,0.50000,6.40000
-0.44200,-0.25850,0.13604,-0.50000,0.50000,0.50000,0.50000,6.50000
-0.44200,-0.25840,0.13604,-0.50000,0.50000,0.50000,0.50000,6.60000
-0.44200,-0.25830,0.13604,-0.50000,0.50000,0.50000,0.50000,6.70000
-0.44200,-0.25820,0.13604,-0.50000,0.50000,0.50000,0.50000,6.80000
-0.44200,-0.25810,0.13604,-0.50000,0.50000,0.50000,0.50000,6.90000
-0.44200,-0.25800,0.13604,-0.50000,0.50000,0.50000,0.50000,7.00000
-0.44200,-0.25790,0.13604,-0.50000,0.50000,0.50000,0.50000,7.10000
-0.44200,-0.25780,0.13604,-0.50000,0.50000,0.50000,0.50000,7.20000
-0.44200,-0.25770,0.13605,-0.50000,0.50000,0.50000,0.50000,7.30000
-0.44200,-0.25760,0.13605,-0.50000,0.50000,0.50000,0.50000,7.40000
-0.44200,-0.25750,0.13605,-0.50000,0.50000,0.50000,0.50000,7.50000
-0.44200,-0.25740,0.13605,-0.50000,0.50000,0.50000,0.50000,7.60000
-0.44200,-0.25730,0.13605,-0.50000,0.50000,0.50000,0.50000,7.70000
-0.44200,-0.25720,0.13605,-0.50000,0.50000,0.50000,0.50000,7.80000
-0.44200,-0.25710,0.13605,-0.50000,0.50000,0.50000,0.50000,7.90000
-0.44200,-0.25700,0.13605,-0.50000,0.50000,0.50000,0.50000,8.00000
-0.44200,-0.25690,0.13605,-0.50000,0.50000,0.50000,0.50000,8.10000
-0.44200,-0.25680,0.13605,-0.50000,0.50000,0.50000,0.50000,8.20000
-0.44200,-0.25670,0.13605,-0.50000,0.50000,0.50000,0.50000,8.30000
-0.44200,-0.25660,0.13605,-0.50000,0.50000,0.50000,0.50000,8.40000
-0.44200,-0.25650,0.13605,-0.50000,0.50000,0.50000,0.50000,8.50000
-0.44200,-0.25640,0.13605,-0.50000,0.50000,0.50000,0.50000,8.60000
-0.44200,-0.25630,0.13605,-0.50000,0.50000,0.50000,0.50000,8.70000
-0.44200,-0.25620,0.13605,-0.50000,0.50000,0.50000,0.50000,8.80000
-0.44200,-0.25610,0.13606,-0.50000,0.50000,0.50000,0.50000,8.90000
-0.44200,-0.25600,0.13606,-0.50000,0.50000,0.50000,0.50000,9.00000
-0.44200,-0.25590,0.13606,-0.50000,0.50000,0.50000,0.50000,9.10000
-0.44200,-0.25580,0.13606,-0.50000,0.50000,0.50000,0.50000,9.20000
-0.44200,-0.25570,0.13606,-0.50000,0.50000,0.50000,0.50000,9.30000
-0.44200,-0.25560,0.13606,-0.50000,0.50000,0.50000,0.50000,9.40000
-0.44200,-0.25550,0.13606,-0.50000,0.50000,0.50000,0.50000,9.50000
-0.44200,-0.25540,0.13606,-0.50000,0.50000,0.50000,0.50000,9.60000
-0.44200,-0.25530,0.13606,-0.50000,0.50000,0.50000,0.50000,9.70000
-0.44200,-0.25520,0.13606,-0.50000,0.50000,0.50000,0.50000,9.80000
-0.44200,-0.25510,0.13606,-0.50000,0.50000,0.50000,0.50000,9.90000
-0.44200,-0.25500,0.13606,-0.50000,0.50000,0.50000,0.50000,10.00000
-0.44200,-0.25490,0.13606,-0.50000,0.50000,0.50000,0.50000,10.10000
-0.44200,-0.25480,0.13606,-0.50000,0.50000,0.50000,0.50000,10.20000
-0.44200,-0.25470,0.13606,-0.50000,0.50000,0.50000,0.50000,10.30000
-0.44200,-0.25460,0.13606,-0.50000,0.50000,0.50000,0.50000,10.40000
-0.44200,-0.25450,0.13607,-0.50000,0.50000,0.50000,0.50000,10.50000
-0.44200,-0.25440,0.13607,-0.50000,0.50000,0.50000,0.50000,10.60000
-0.44200,-0.25430,0.13607,-0.50000,0.50000,0.50000,0.50000,10.70000
-0.44200,-0.25420,0.13607,-0.50000,0.50000,0.50000,0.50000,10.80000
-0.44200,-0.25410,0.13607,-0.50000,0.50000,0.50000,0.50000,10.90000
-0.44200,-0.25400,0.13607,-0.50000,0.50000,0.50000,0.50000,11.00000
-0.44200,-0.25390,0.13607,-0.50000,0.50000,0.50000,0.50000,11.10000
-0.44200,-0.25380,0.13607,-0.50000,0.50000,0.50000,0.50000,11.20000
-0.44200,-0.25370,0.13607,-0.50000,0.50000,0.50000,0.50000,11.30000
-0.44200,-0.25360,0.13607,-0.50000,0.50000,0.50000,0.50000,11.40000
-0.44200,-0.25350,0.13607,-0.50000,0.50000,0.50000,0.50000,11.50000
-0.44200,-0.25340,0.13607,-0.50000,0.50000,0.50000,0.50000,11.60000
-0.44200,-0.25330,0.13607,-0.50000,0.50000,0.50000,0.50000,11.70000
-0.44200,-0.25320,0.13607,-0.50000,0.50000,0.50000,0.50000,11.80000
-0.44200,-0.25310,0.13607,-0.50000,0.50000,0.50000,0.50000,11.90000
-0.44200,-0.25300,0.13607,-0.50000,0.50000,0.50000,0.50000,12.00000
-0.44200,-0.25290,0.13607,-0.50000,0.50000,0.50000,0.50000,12.10000
-0.44200,-0.25280,0.13608,-0.50000,0.50000,0.50000,0.50000,12.20000
-0.44200,-0.25270,0.13608,-0.50000,0.50000,0.50000,0.50000,12.30000
-0.44200,-0.25260,0.13608,-0.50000,0.50000,0.50000,0.50000,12.40000
-0.44200,-0.25250,0.13608,-0.50000,0.50000,0.50000,0.50000,12.50000
-0.44200,-0.25240,0.13608,-0.50000,0.50000,0.50000,0.50000,12.60000
-0.44200,-0.25230,0.13608,-0.50000,0.50000,0.50000,0.50000,12.70000
-0.44200,-0.25220,0.13608,-0.50000,0.50000,0.50000,0.50000,12.80000
-0.44200,-0.25210,0.13608,-0.50000,0.50000,0.50000,0.50000,12.90000
-0.44200,-0.25200,0.13608,-0.50000,0.50000,0.50000,0.50000,13.00000
-0.44200,-0.25190,0.13608,-0.50000,0.50000,0.50000,0.50000,13.10000
-0.44200,-0.25180,0.13608,-0.50000,0.50000,0.50000,0.50000,13.20000
-0.44200,-0.25170,0.13608,-0.50000,0.50000,0.50000,0.50000,13.30000
-0.44200,-0.25160,0.13608,-0.50000,0.50000,0.50000,0.50000,13.40000
-0.44200,-0.25150,0.13608,-0.50000,0.50000,0.50000,0.50000,13.50000
-0.44200,-0.25140,0.13608,-0.50000,0.50000,0.50000,0.50000,13.60000
-0.44200,-0.25130,0.13608,-0.50000,0.50000,0.50000,0.50000,13.70000
-0.44200,-0.25120,0.13609,-0.50000,0.50000,0.50000,0.50000,13.80000
-0.44200,-0.25110,0.13609,-0.50000,0.50000,0.50000,0.50000,13.90000
-0.44200,-0.25100,0.13609,-0.50000,0.50000,0.50000,0.50000,14.00000
-0.44200,-0.25090,0.13609,-0.50000,0.50000,0.50000,0.50000,14.10000
-0.44200,-0.25080,0.13609,-0.50000,0.50000,0.50000,0.50000,14.20000
-0.44200,-0.25070,0.13609,-0.50000,0.50000,0.50000,0.50000,14.30000
-0.44200,-0.25060,0.13609,-0.50000,0.50000,0.50000,0.50000,14.40000
-0.44200,-0.25050,0.13609,-0.50000,0.50000,0.50000,0.50000,14.50000
-0.44200,-0.25040,0.13609,-0.50000,0.50000,0.50000,0.50000,14.60000
-0.44200,-0.25030,0.13609,-0.50000,0.50000,0.50000,0.50000,14.70000
-0.44200,-0.25020,0.13609,-0.50000,0.50000,0.50000,0.50000,14.80000
-0.44200,-0.25010,0.13609,-0.50000,0.50000,0.50000,0.50000,14.90000
-0.44200,-0.25000,0.13609,-0.50000,0.50000,0.50000,0.50000,15.00000
-0.44200,-0.24990,0.13609,-0.50000,0.50000,0.50000,0.50000,15.10000
-0.44200,-0.24980,0.13609,-0.50000,0.50000,0.50000,0.50000,15.20000
-0.44200,-0.24970,0.13609,-0.50000,0.50000,0.50000,0.50000,15.30000
-0.44200,-0.24960,0.13610,-0.50000,0.50000,0.50000,0.50000,15.40000
-0.44200,-0.24950,0.13610,-0.50000,0.50000,0.50000,0.50000,15.50000
-0.44200,-0.24940,0.13610,-0.50000,0.50000,0.50000,0.50000,15.60000
-0.44200,-0.24930,0.13610,-0.50000,0.50000,0.50000,0.50000,15.70000
-0.44200,-0.24920,0.13610,-0.50000,0.50000,0.50000,0.50000,15.80000
-0.44200,-0.24910,0.13610,-0.50000,0.50000,0.50000,0.50000,15.90000
-0.44200,-0.24900,0.13610,-0.50000,0.50000,0.50000,0.50000,16.00000
-0.44200,-0.24890,0.13610,-0.50000,0.50000,0.50000,0.50000,16.10000
-0.44200,-0.24880,0.13610,-0.50000,0.50000,0.50000,0.50000,16.20000
-0.44200,-0.24870,0.13610,-0.50000,0.50000,0.50000,0.50000,16.30000
-0.44200,-0.24860,0.13610,-0.50000,0.50000,0.50000,0.50000,16.40000
-0.44200,-0.24850,0.13610,-0.50000,0.50000,0.50000,0.50000,16.50000
-0.44200,-0.24840,0.13610,-0.50000,0.50000,0.50000,0.50000,16.60000
-0.44200,-0.24830,0.13610,-0.50000,0.50000,0.50000,0.50000,16.70000
-0.44200,-0.24820,0.13610,-0.50000,0.50000,0.50000,0.50000,16.80000
-0.44200,-0.24810,0.13610,-0.50000,0.50000,0.50000,0.50000,16.90000
-0.44200,-0.24800,0.13611,-0.50000,0.50000,0.50000,0.50000,17.00000
-0.44200,-0.24790,0.13611,-0.50000,0.50000,0.50000,0.50000,17.10000
-0.44200,-0.24780,0.13611,-0.50000,0.50000,0.50000,0.50000,17.20000
-0.44200,-0.24770,0.13611,-0.50000,0.50000,0.50000,0.50000,17.30000
-0.44200,-0.24760,0.13611,-0.50000,0.50000,0.50000,0.50000,17.40000
-0.44200,-0.24750,0.13611,-0.50000,0.50000,0.50000,0.50000,17.50000
-0.44200,-0.24740,0.13611,-0.50000,0.50000,0.50000,0.50000,17.60000
-0.44200,-0.24730,0.13611,-0.50000,0.50000,0.50000,0.50000,17.70000
-0.44200,-0.24720,0.13611,-0.50000,0.50000,0.50000,0.50000,17.80000
-0.44200,-0.24710,0.13611,-0.50000,0.50000,0.50000,0.50000,17.90000
-0.44200,-0.24700,0.13611,-0.50000,0.50000,0.50000,0.50000,18.00000
-0.44200,-0.24690,0.13611,-0.50000,0.50000,0.50000,0.50000,18.10000
-0.44200,-0.24680,0.13611,-0.50000,0.50000,0.50000,0.50000,18.20000
-0.44200,-0.24670,0.13611,-0.50000,0.50000,0.50000,0.50000,18.30000
-0.44200,-0.24660,0.13611,-0.50000,0.50000,0.50000,0.50000,18.40000
-0.44200,-0.24650,0.13611,-0.50000,0.50000,0.50000,0.50000,18.50000
-0.44200,-0.24640,0.13612,-0.50000,0.50000,0.50000,0.50000,18.60000
-0.44200,-0.24630,0.13612,-0.50000,0.50000,0.50000,0.50000,18.70000
-0.44200,-0.24620,0.13612,-0.50000,0.50000,0.50000,0.50000,18.80000
-0.44200,-0.24610,0.13612,-0.50000,0.50000,0.50000,0.50000,18.90000
-0.44200,-0.24600,0.13612,-0.50000,0.50000,0.50000,0.50000,19.00000
-0.44200,-0.24590,0.13612,-0.50000,0.50000,0.50000,0.50000,19.10000
-0.44200,-0.24580,0.13612,-0.50000,0.50000,0.50000,0.50000,19.20000
-0.44200,-0.24570,0.13612,-0.50000,0.50000,0.50000,0.50000,19.30000
-0.44200,-0.24560,0.13612,-0.50000,0.50000,0.50000,0.50000,19.40000
-0.44200,-0.24550,0.13612,-0.50000,0.50000,0.50000,0.50000,19.50000
-0.44200,-0.24540,0.13612,-0.50000,0.50000,0.50000,0.50000,19.60000
-0.44200,-0.24530,0.13612,-0.50000,0.50000,0.50000,0.50000,19.70000
-0.44200,-0.24520,0.13612,-0.50000,0.50000,0.50000,0.50000,19.80000
-0.44200,-0.24510,0.13612,-0.50000,0.50000,0.50000,0.50000,19.90000
-0.44200,-0.24500,0.13612,-0.50000,0.50000,0.50000,0.50000,20.00000
-0.44200,-0.24490,0.13612,-0.50000,0.50000,0.50000,0.50000,20.10000
-0.44200,-0.24480,0.13613,-0.50000,0.50000,0.50000,0.50000,20.20000
-0.44200,-0.24470,0.13613,-0.50000,0.50000,0.50000,0.50000,20.30000
-0.44200,-0.24460,0.13613,-0.50000,0.50000,0.50000,0.50000,20.40000
-0.44200,-0.24450,0.13613,-0.50000,0.50000,0.50000,0.50000,20.50000
-0.44200,-0.24440,0.13613,-0.50000,0.50000,0.50000,0.50000,20.60000
-0.44200,-0.24430,0.13613,-0.50000,0.50000,0.50000,0.50000,20.70000
-0.44200,-0.24420,0.13613,-0.50000,0.50000,0.50000,0.50000,20.80000
-0.44200,-0.24410,0.13613,-0.50000,0.50000,0.50000,0.50000,20.90000
-0.44200,-0.24400,0.13613,-0.50000,0.50000,0.50000,0.50000,21.00000
-0.44200,-0.24390,0.13613,-0.50000,0.50000,0.50000,0.50000,21.10000
-0.44200,-0.24380,0.13613,-0.50000,0.50000,0.50000,0.50000,21.20000
-0.44200,-0.24370,0.13613,-0.50000,0.50000,0.50000,0.50000,21.30000
-0.44200,-0.24360,0.13613,-0.50000,0.50000,0.50000,0.50000,21.40000
-0.44200,-0.24350,0.13613,-0.50000,0.50000,0.50000,0.50000,21.50000
-0.44200,-0.24340,0.13613,-0.50000,0.50000,0.50000,0.50000,21.60000
-0.44200,-0.24330,0.13613,-0.50000,0.50000,0.50000,0.50000,21.70000
-0.44200,-0.24320,0.13614,-0.50000,0.50000,0.50000,0.50000,21.80000
-0.44200,-0.24310,0.13614,-0.50000,0.50000,0.50000,0.50000,21.90000
-0.44200,-0.24300,0.13614,-0.50000,0.50000,0.50000,0.50000,22.00000
-0.44200,-0.24290,0.13614,-0.50000,0.50000,0.50000,0.50000,22.10000
-0.44200,-0.24280,0.13614,-0.50000,0.50000,0.50000,0.50000,22.20000
-0.44200,-0.24270,0.13614,-0.50000,0.50000,0.50000,0.50000,22.30000
-0.44200,-0.24260,0.13614,-0.50000,0.50000,0.50000,0.50000,22.40000
-0.44200,-0.24250,0.13614,-0.50000,0.50000,0.50000,0.50000,22.50000
-0.44200,-0.24240,0.13614,-0.50000,0.50000,0.50000,0.50000,22.60000
-0.44200,-0.24230,0.13614,-0.50000,0.50000,0.50000,0.50000,22.70000
-0.44200,-0.24220,0.13614,-0.50000,0.50000,0.50000,0.50000,22.80000
-0.44200,-0.24210,0.13614,-0.50000,0.50000,0.50000,0.50000,22.90000
-0.44200,-0.24200,0.13614,-0.50000,0.50000,0.50000,0.50000,23.00000
-0.44200,-0.24190,0.13614,-0.50000,0.50000,0.50000,0.50000,23.10000
-0.44200,-0.24180,0.13614,-0.50000,0.50000,0.50000,0.50000,23.20000
-0.44200,-0.24170,0.13614,-0.50000,0.50000,0.50000,0.50000,23.30000
-0.44200,-0.24160,0.13615,-0.50000,0.50000,0.50000,0.50000,23.40000
-0.44200,-0.24150,0.13615,-0.50000,0.50000,0.50000,0.50000,23.50000
-0.44200,-0.24140,0.13615,-0.50000,0.50000,0.50000,0.50000,23.60000
-0.44200,-0.24130,0.13615,-0.50000,0.50000,0.50000,0.50000,23.70000
-0.44200,-0.24120,0.13615,-0.50000,0.50000,0.50000,0.50000,23.80000
-0.44200,-0.24110,0.13615,-0.50000,0.50000,0.50000,0.50000,23.90000
-0.44200,-0.24100,0.13615,-0.50000,0.50000,0.50000,0.50000,24.00000
-0.44200,-0.24090,0.13615,-0.50000,0.50000,0.50000,0.50000,24.10000
-0.44200,-0.24080,0.13615,-0.50000,0.50000,0.50000,0.50000,24.20000
-0.44200,-0.24070,0.13615,-0.50000,0.50000,0.50000,0.50000,24.30000
-0.44200,-0.24060,0.13615,-0.50000,0.50000,0.50000,0.50000,24.40000
-0.44200,-0.24050,0.13615,-0.50000,0.50000,0.50000,0.50000,24.50000
-0.44200,-0.24040,0.13615,-0.50000,0.50000,0.50000,0.50000,24.60000
-0.44200,-0.24030,0.13615,-0.50000,0.50000,0.50000,0.50000,24.70000
-0.44200,-0.24020,0.13615,-0.50000,0.50000,0.50000,0.50000,24.80000
-0.44200,-0.24010,0.13615,-0.50000,0.50000,0.50000,0.50000,24.90000
-0.44200,-0.24000,0.13615,-0.50000,0.50000,0.50000,0.50000,25.00000
-0.44200,-0.23990,0.13616,-0.50000,0.50000,0.50000,0.50000,25.10000
-0.44200,-0.23980,0.13616,-0.50000,0.50000,0.50000,0.50000,25.20000
-0.44200,-0.23970,0.13616,-0.50000,0.50000,0.50000,0.50000,25.30000
-0.44200,-0.23960,0.13616,-0.50000,0.50000,0.50000,0.50000,25.40000
-0.44200,-0.23950,0.13616,-0.50000,0.50000,0.50000,0.50000,25.50000
-0.44200,-0.23940,0.13616,-0.50000,0.50000,0.50000,0.50000,25.60000
-0.44200,-0.23930,0.13616,-0.50000,0.50000,0.50000,0.50000,25.70000
-0.44200,-0.23920,0.13616,-0.50000,0.50000,0.50000,0.50000,25.80000
-0.44200,-0.23910,0.13616,-0.50000,0.50000,0.50000,0.50000,25.90000
-0.44200,-0.23900,0.13616,-0.50000,0.50000,0.50000,0.50000,26.00000
-0.44200,-0.23890,0.13616,-0.50000,0.50000,0.50000,0.50000,26.10000
-0.44200,-0.23880,0.13616,-0.50000,0.50000,0.50000,0.50000,26.20000
-0.44200,-0.23870,0.13616,-0.50000,0.50000,0.50000,0.50000,26.30000
-0.44200,-0.23860,0.13616,-0.50000,0.50000,0.50000,0.50000,26.40000
-0.44200,-0.23850,0.13616,-0.50000,0.50000,0.50000,0.50000,26.50000
-0.44200,-0.23840,0.13616,-0.50000,0.50000,0.50000,0.50000,26.60000
-0.44200,-0.23830,0.13617,-0.50000,0.50000,0.50000,0.50000,26.70000
-0.44200,-0.23820,0.13617,-0.50000,0.50000,0.50000,0.50000,26.80000
-0.44200,-0.23810,0.13617,-0.50000,0.50000,0.50000,0.50000,26.90000
-0.44200,-0.23800,0.13617,-0.50000,0.50000,0.50000,0.50000,27.00000
-0.44200,-0.23790,0.13617,-0.50000,0.50000,0.50000,0.50000,27.10000
-0.44200,-0.23780,0.13617,-0.50000,0.50000,0.50000,0.50000,27.20000
-0.44200,-0.23770,0.13617,-0.50000,0.50000,0.50000,0.50000,27.30000
-0.44200,-0.23760,0.13617,-0.50000,0.50000,0.50000,0.50000,27.40000
-0.44200,-0.23750,0.13617,-0.50000,0.50000,0.50000,0.50000,27.50000
-0.44200,-0.23740,0.13617,-0.50000,0.50000,0.50000,0.50000,27.60000
-0.44200,-0.23730,0.13617,-0.50000,0.50000,0.50000,0.50000,27.70000
-0.44200,-0.23720,0.13617,-0.50000,0.50000,0.50000,0.50000,27.80000
-0.44200,-0.23710,0.13617,-0.50000,0.50000,0.50000,0.50000,27.90000
-0.44200,-0.23700,0.13617,-0.50000,0.50000,0.50000,0.50000,28.00000
-0.44200,-0.23690,0.13617,-0.50000,0.50000,0.50000,0.50000,28.10000
-0.44200,-0.23680,0.13617,-0.50000,0.50000,0.50000,0.50000,28.20000
-0.44200,-0.23670,0.13618,-0.50000,0.50000,0.50000,0.50000,28.30000
-0.44200,-0.23660,0.13618,-0.50000,0.50000,0.50000,0.50000,28.40000
-0.44200,-0.23650,0.13618,-0.50000,0.50000,0.50000,0.50000,28.50000
-0.44200,-0.23640,0.13618,-0.50000,0.50000,0.50000,0.50000,28.60000
-0.44200,-0.23630,0.13618,-0.50000,0.50000,0.50000,0.50000,28.70000
-0.44200,-0.23620,0.13618,-0.50000,0.50000,0.50000,0.50000,28.80000
-0.44200,-0.23610,0.13618,-0.50000,0.50000,0.50000,0.50000,28.90000
-0.44200,-0.23600,0.13618,-0.50000,0.50000,0.50000,0.50000,29.00000
-0.44200,-0.23590,0.13618,-0.50000,0.50000,0.50000,0.50000,29.10000
-0.44200,-0.23580,0.13618,-0.50000,0.50000,0.50000,0.50000,29.20000
-0.44200,-0.23570,0.13618,-0.50000,0.50000,0.50000,0.50000,29.30000
-0.44200,-0.23560,0.13618,-0.50000,0.50000,0.50000,0.50000,29.40000
-0.44200,-0.23550,0.13618,-0.50000,0.50000,0.50000,0.50000,29.50000
-0.44200,-0.23540,0.13618,-0.50000,0.50000,0.50000,0.50000,29.60000
-0.44200,-0.23530,0.13618,-0.50000,0.50000,0.50000,0.50000,29.70000
-0.44200,-0.23520,0.13618,-0.50000,0.50000,0.50000,0.50000,29.80000
-0.44200,-0.23510,0.13619,-0.50000,0.50000,0.50000,0.50000,29.90000
-0.44200,-0.23500,0.13619,-0.50000,0.50000,0.50000,0.50000,30.00000
-0.44200,-0.23490,0.13619,-0.50000,0.50000,0.50000,0.50000,30.10000
-0.44200,-0.23480,0.13619,-0.50000,0.50000,0.50000,0.50000,30.20000
-0.44200,-0.23470,0.13619,-0.50000,0.50000,0.50000,0.50000,30.30000
-0.44200,-0.23460,0.13619,-0.50000,0.50000,0.50000,0.50000,30.40000
-0.44200,-0.23450,0.13619,-0.50000,0.50000,0.50000,0.50000,30.50000
-0.44200,-0.23440,0.13619,-0.50000,0.50000,0.50000,0.50000,30.60000
-0.44200,-0.23430,0.13619,-0.50000,0.50000,0.50000,0.50000,30.70000
-0.44200,-0.23420,0.13619,-0.50000,0.50000,0.50000,0.50000,30.80000
-0.44200,-0.23410,0.13619,-0.50000,0.50000,0.50000,0.50000,30.90000
-0.44200,-0.23400,0.13619,-0.50000,0.50000,0.50000,0.50000,31.00000
-0.44200,-0.23390,0.13619,-0.50000,0.50000,0.50000,0.50000,31.10000
-0.44200,-0.23380,0.13619,-0.50000,0.50000,0.50000,0.50000,31.20000
-0.44200,-0.23370,0.13619,-0.50000,0.50000,0.50000,0.50000,31.30000
-0.44200,-0.23360,0.13619,-0.50000,0.50000,0.50000,0.50000,31.40000
-0.44200,-0.23350,0.13620,-0.50000,0.50000,0.50000,0.50000,31.50000
-0.44200,-0.23340,0.13620,-0.50000,0.50000,0.50000,0.50000,31.60000
-0.44200,-0.23330,0.13620,-0.50000,0.50000,0.50000,0.50000,31.70000
-0.44200,-0.23320,0.13620,-0.50000,0.50000,0.50000,0.50000,31.80000
-0.44200,-0.23310,0.13620,-0.50000,0.50000,0.50000,0.50000,31.90000
-0.44200,-0.23300,0.13620,-0.50000,0.50000,0.50000,0.50000,32.00000
-0.44200,-0.23290,0.13620,-0.50000,0.50000,0.50000,0.50000,32.10000
-0.44200,-0.23280,0.13620,-0.50000,0.50000,0.50000,0.50000,32.20000
-0.44200,-0.23270,0.13620,-0.50000,0.50000,0.50000,0.50000,32.30000
-0.44200,-0.23260,0.13620,-0.50000,0.50000,0.50000,0.50000,32.40000
-0.44200,-0.23250,0.13620,-0.50000,0.50000,0.50000,0.50000,32.50000
-0.44200,-0.23240,0.13620,-0.50000,0.50000,0.50000,0.50000,32.60000
-0.44200,-0.23230,0.13620,-0.50000,0.50000,0.50000,0.50000,32.70000
-0.44200,-0.23220,0.13620,-0.50000,0.50000,0.50000,0.50000,32.80000
-0.44200,-0.23210,0.13620,-0.50000,0.50000,0.50000,0.50000,32.90000
-0.44200,-0.23200,0.13620,-0.50000,0.50000,0.50000,0.50000,33.00000
-0.44200,-0.23190,0.13621,-0.50000,0.50000,0.50000,0.50000,33.10000
-0.44200,-0.23180,0.13621,-0.50000,0.50000,0.50000,0.50000,33.20000
-0.44200,-0.23170,0.13621,-0.50000,0.50000,0.50000,0.50000,33.30000
-0.44200,-0.23160,0.13621,-0.50000,0.50000,0.50000,0.50000,33.40000
-0.44200,-0.23150,0.13621,-0.50000,0.50000,0.50000,0.50000,33.50000
-0.44200,-0.23140,0.13621,-0.50000,0.50000,0.50000,0.50000,33.60000
-0.44200,-0.23130,0.13621,-0.50000,0.50000,0.50000,0.50000,33.70000
-0.44200,-0.23120,0.13621,-0.50000,0.50000,0.50000,0.50000,33.80000
-0.44200,-0.23110,0.13621,-0.50000,0.50000,0.50000,0.50000,33.90000
-0.44200,-0.23100,0.13621,-0.50000,0.50000,0.50000,0.50000,34.00000
-0.44200,-0.23090,0.13621,-0.50000,0.50000,0.50000,0.50000,34.10000
-0.44200,-0.23080,0.13621,-0.50000,0.50000,0.50000,0.50000,34.20000
-0.44200,-0.23070,0.13621,-0.50000,0.50000,0.50000,0.50000,34.30000
-0.44200,-0.23060,0.13621,-0.50000,0.50000,0.50000,0.50000,34.40000
-0.44200,-0.23050,0.13621,-0.50000,0.50000,0.50000,0.50000,34.50000
-0.44200,-0.23040,0.13621,-0.50000,0.50000,0.50000,0.50000,34.60000
-0.44200,-0.23030,0.13622,-0.50000,0.50000,0.50000,0.50000,34.70000
-0.44200,-0.23020,0.13622,-0.50000,0.50000,0.50000,0.50000,34.80000
-0.44200,-0.23010,0.13622,-0.50000,0.50000,0.50000,0.50000,34.90000
-0.44200,-0.23000,0.13622,-0.50000,0.50000,0.50000,0.50000,35.00000
-0.44200,-0.22990,0.13622,-0.50000,0.50000,0.50000,0.50000,35.10000
-0.44200,-0.22980,0.13622,-0.50000,0.50000,0.50000,0.50000,35.20000
-0.44200,-0.22970,0.13622,-0.50000,0.50000,0.50000,0.50000,35.30000
-0.44200,-0.22960,0.13622,-0.50000,0.50000,0.50000,0.50000,35.40000
-0.44200,-0.22950,0.13622,-0.50000,0.50000,0.50000,0.50000,35.50000
-0.44200,-0.22940,0.13622,-0.50000,0.50000,0.50000,0.50000,35.60000
-0.44200,-0.22930,0.13622,-0.50000,0.50000,0.50000,0.50000,35.70000
-0.44200,-0.22920,0.13622,-0.50000,0.50000,0.50000,0.50000,35.80000
-0.44200,-0.22910,0.13622,-0.50000,0.50000,0.50000,0.50000,35.90000
-0.44200,-0.22900,0.13622,-0.50000,0.50000,0.50000,0.50000,36.00000
-0.44200,-0.22890,0.13622,-0.50000,0.50000,0.50000,0.50000,36.10000
-0.44200,-0.22880,0.13622,-0.50000,0.50000,0.50000,0.50000,36.20000
-0.44200,-0.22870,0.13622,-0.50000,0.50000,0.50000,0.50000,36.30000
-0.44200,-0.22860,0.13623,-0.50000,0.50000,0.50000,0.50000,36.40000
-0.44200,-0.22850,0.13623,-0.50000,0.50000,0.50000,0.50000,36.50000
-0.44200,-0.22840,0.13623,-0.50000,0.50000,0.50000,0.50000,36.60000
-0.44200,-0.22830,0.13623,-0.50000,0.50000,0.50000,0.50000,36.70000
-0.44200,-0.22820,0.13623,-0.50000,0.50000,0.50000,0.50000,36.80000
-0.44200,-0.22810,0.13623,-0.50000,0.50000,0.50000,0.50000,36.90000
-0.44200,-0.22800,0.13623,-0.50000,0.50000,0.50000,0.50000,37.00000
-0.44200,-0.22790,0.13623,-0.50000,0.50000,0.50000,0.50000,37.10000
-0.44200,-0.22780,0.13623,-0.50000,0.50000,0.50000,0.50000,37.20000
-0.44200,-0.22770,0.13623,-0.50000,0.50000,0.50000,0.50000,37.30000
-0.44200,-0.22760,0.13623,-0.50000,0.50000,0.50000,0.50000,37.40000
-0.44200,-0.22750,0.13623,-0.50000,0.50000,0.50000,0.50000,37.50000
-0.44200,-0.22740,0.13623,-0.50000,0.50000,0.50000,0.50000,37.60000
-0.44200,-0.22730,0.13623,-0.50000,0.50000,0.50000,0.50000,37.70000
-0.44200,-0.22720,0.13623,-0.50000,0.50000,0.50000,0.50000,37.80000
-0.44200,-0.22710,0.13623,-0.50000,0.50000,0.50000,0.50000,37.90000
-0.44200,-0.22700,0.13624,-0.50000,0.50000,0.50000,0.50000,38.00000
-0.44200,-0.22690,0.13624,-0.50000,0.50000,0.50000,0.50000,38.10000
-0.44200,-0.22680,0.13624,-0.50000,0.50000,0.50000,0.50000,38.20000
-0.44200,-0.22670,0.13624,-0.50000,0.50000,0.50000,0.50000,38.30000
-0.44200,-0.22660,0.13624,-0.50000,0.50000,0.50000,0.50000,38.40000
-0.44200,-0.22650,0.13624,-0.50000,0.50000,0.50000,0.50000,38.50000
-0.44200,-0.22640,0.13624,-0.50000,0.50000,0.50000,0.50000,38.60000
-0.44200,-0.22630,0.13624,-0.50000,0.50000,0.50000,0.50000,38.70000
-0.44200,-0.22620,0.13624,-0.50000,0.50000,0.50000,0.50000,38.80000
-0.44200,-0.22610,0.13624,-0.50000,0.50000,0.50000,0.50000,38.90000
-0.44200,-0.22600,0.13624,-0.50000,0.50000,0.50000,0.50000,39.00000
-0.44200,-0.22590,0.13624,-0.50000,0.50000,0.50000,0.50000,39.10000
-0.44200,-0.22580,0.13624,-0.50000,0.50000,0.50000,0.50000,39.20000
-0.44200,-0.22570,0.13624,-0.50000,0.50000,0.50000,0.50000,39.30000
-0.44200,-0.22560,0.13624,-0.50000,0.50000,0.50000,0.50000,39.40000
-0.44200,-0.22550,0.13624,-0.50000,0.50000,0.50000,0.50000,39.50000
-0.44200,-0.22540,0.13625,-0.50000,0.50000,0.50000,0.50000,39.60000
-0.44200,-0.22530,0.13625,-0.50000,0.50000,0.50000,0.50000,39.70000
-0.44200,-0.22520,0.13625,-0.50000,0.50000,0.50000,0.50000,39.80000
-0.44200,-0.22510,0.13625,-0.50000,0.50000,0.50000,0.50000,39.90000
-0.44200,-0.22500,0.13625,-0.50000,0.50000,0.50000,0.50000,40.00000
-0.44200,-0.22490,0.13625,-0.50000,0.50000,0.50000,0.50000,40.10000
-0.44200,-0.22480,0.13625,-0.50000,0.50000,0.50000,0.50000,40.20000
-0.44200,-0.22470,0.13625,-0.50000,0.50000,0.50000,0.50000,40.30000
-0.44200,-0.22460,0.13625,-0.50000,0.50000,0.50000,0.50000,40.40000
-0.44200,-0.22450,0.13625,-0.50000,0.50000,0.50000,0.50000,40.50000
-0.44200,-0.22440,0.13625,-0.50000,0.50000,0.50000,0.50000,40.60000
-0.44200,-0.22430,0.13625,-0.50000,0.50000,0.50000,0.50000,40.70000
-0.44200,-0.22420,0.13625,-0.50000,0.50000,0.50000,0.50000,40.80000
-0.44200,-0.22410,0.13625,-0.50000,0.50000,0.50000,0.50000,40.90000
-0.44200,-0.22400,0.13625,-0.50000,0.50000,0.50000,0.50000,41.00000
-0.44200,-0.22390,0.13625,-0.50000,0.50000,0.50000,0.50000,41.10000
-0.44200,-0.22380,0.13626,-0.50000,0.50000,0.50000,0.50000,41.20000
-0.44200,-0.22370,0.13626,-0.50000,0.50000,0.50000,0.50000,41.30000
-0.44200,-0.22360,0.13626,-0.50000,0.50000,0.50000,0.50000,41.40000
-0.44200,-0.22350,0.13626,-0.50000,0.50000,0.50000,0.50000,41.50000
-0.44200,-0.22340,0.13626,-0.50000,0.50000,0.50000,0.50000,41.60000
-0.44200,-0.22330,0.13626,-0.50000,0.50000,0.50000,0.50000,41.70000
-0.44200,-0.22320,0.13626,-0.50000,0.50000,0.50000,0.50000,41.80000
-0.44200,-0.22310,0.13626,-0.50000,0.50000,0.50000,0.50000,41.90000
-0.44200,-0.22300,0.13626,-0.50000,0.50000,0.50000,0.50000,42.00000
-0.44200,-0.22290,0.13626,-0.50000,0.50000,0.50000,0.50000,42.10000
-0.44200,-0.22280,0.13626,-0.50000,0.50000,0.50000,0.50000,42.20000
-0.44200,-0.22270,0.13626,-0.50000,0.50000,0.50000,0.50000,42.30000
-0.44200,-0.22260,0.13626,-0.50000,0.50000,0.50000,0.50000,42.40000
-0.44200,-0.22250,0.13626,-0.50000,0.50000,0.50000,0.50000,42.50000
-0.44200,-0.22240,0.13626,-0.50000,0.50000,0.50000,0.50000,42.60000
-0.44200,-0.22230,0.13626,-0.50000,0.50000,0.50000,0.50000,42.70000
-0.44200,-0.22220,0.13627,-0.50000,0.50000,0.50000,0.50000,42.80000
-0.44200,-0.22210,0.13627,-0.50000,0.50000,0.50000,0.50000,42.90000
-0.44200,-0.22200,0.13627,-0.50000,0.50000,0.50000,0.50000,43.00000
-0.44200,-0.22190,0.13627,-0.50000,0.50000,0.50000,0.50000,43.10000
-0.44200,-0.22180,0.13627,-0.50000,0.50000,0.50000,0.50000,43.20000
-0.44200,-0.22170,0.13627,-0.50000,0.50000,0.50000,0.50000,43.30000
-0.44200,-0.22160,0.13627,-0.50000,0.50000,0.50000,0.50000,43.40000
-0.44200,-0.22150,0.13627,-0.50000,0.50000,0.50000,0.50000,43.50000
-0.44200,-0.22140,0.13627,-0.50000,0.50000,0.50000,0.50000,43.60000
-0.44200,-0.22130,0.13627,-0.50000,0.50000,0.50000,0.50000,43.70000
-0.44200,-0.22120,0.13627,-0.50000,0.50000,0.50000,0.50000,43.80000
-0.44200,-0.22110,0.13627,-0.50000,0.50000,0.50000,0.50000,43.90000
-0.44200,-0.22100,0.13627,-0.50000,0.50000,0.50000,0.50000,44.00000
-0.44200,-0.22090,0.13627,-0.50000,0.50000,0.50000,0.50000,44.10000
-0.44200,-0.22080,0.13627,-0.50000,0.50000,0.50000,0.50000,44.20000
-0.44200,-0.22070,0.13627,-0.50000,0.50000,0.50000,0.50000,44.30000
-0.44200,-0.22060,0.13628,-0.50000,0.50000,0.50000,0.50000,44.40000
-0.44200,-0.22050,0.13628,-0.50000,0.50000,0.50000,0.50000,44.50000
-0.44200,-0.22040,0.13628,-0.50000,0.50000,0.50000,0.50000,44.60000
-0.44200,-0.22030,0.13628,-0.50000,0.50000,0.50000,0.50000,44.70000
-0.44200,-0.22020,0.13628,-0.50000,0.50000,0.50000,0.50000,44.80000
-0.44200,-0.22010,0.13628,-0.50000,0.50000,0.50000,0.50000,44.90000
-0.44200,-0.22000,0.13628,-0.50000,0.50000,0.50000,0.50000,45.00000
-0.44200,-0.21990,0.13628,-0.50000,0.50000,0.50000,0.50000,45.10000
-0.44200,-0.21980,0.13628,-0.50000,0.50000,0.50000,0.50000,45.20000
-0.44200,-0.21970,0.13628,-0.50000,0.50000,0.50000,0.50000,45.30000
-0.44200,-0.21960,0.13628,-0.50000,0.50000,0.50000,0.50000,45.40000
-0.44200,-0.21950,0.13628,-0.50000,0.50000,0.50000,0.50000,45.50000
-0.44200,-0.21940,0.13628,-0.50000,0.50000,0.50000,0.50000,45.60000
-0.44200,-0.21930,0.13628,-0.50000,0.50000,0.50000,0.50000,45.70000
-0.44200,-0.21920,0.13628,-0.50000,0.50000,0.50000,0.50000,45.80000
-0.44200,-0.21910,0.13628,-0.50000,0.50000,0.50000,0.50000,45.90000
-0.44200,-0.21900,0.13629,-0.50000,0.50000,0.50000,0.50000,46.00000
-0.44200,-0.21890,0.13629,-0.50000,0.50000,0.50000,0.50000,46.10000
-0.44200,-0.21880,0.13629,-0.50000,0.50000,0.50000,0.50000,46.20000
-0.44200,-0.21870,0.13629,-0.50000,0.50000,0.50000,0.50000,46.30000
-0.44200,-0.21860,0.13629,-0.50000,0.50000,0.50000,0.50000,46.40000
-0.44200,-0.21850,0.13629,-0.50000,0.50000,0.50000,0.50000,46.50000
-0.44200,-0.21840,0.13629,-0.50000,0.50000,0.50000,0.50000,46.60000
-0.44200,-0.21830,0.13629,-0.50000,0.50000,0.50000,0.50000,46.70000
-0.44200,-0.21820,0.13629,-0.50000,0.50000,0.50000,0.50000,46.80000
-0.44200,-0.21810,0.13629,-0.50000,0.50000,0.50000,0.50000,46.90000
-0.44200,-0.21800,0.13629,-0.50000,0.50000,0.50000,0.50000,47.00000
-0.44200,-0.21790,0.13629,-0.50000,0.50000,0.50000,0.50000,47.10000
-0.44200,-0.21780,0.13629,-0.50000,0.50000,0.50000,0.50000,47.20000
-0.44200,-0.21770,0.13629,-0.50000,0.50000,0.50000,0.50000,47.30000
-0.44200,-0.21760,0.13629,-0.50000,0.50000,0.50000,0.50000,47.40000
-0.44200,-0.21750,0.13629,-0.50000,0.50000,0.50000,0.50000,47.50000
-0.44200,-0.21740,0.13630,-0.50000,0.50000,0.50000,0.50000,47.60000
-0.44200,-0.21730,0.13630,-0.50000,0.50000,0.50000,0.50000,47.70000
-0.44200,-0.21720,0.13630,-0.50000,0.50000,0.50000,0.50000,47.80000
-0.44200,-0.21710,0.13630,-0.50000,0.50000,0.50000,0.50000,47.90000
-0.44200,-0.21700,0.13630,-0.50000,0.50000,0.50000,0.50000,48.00000
-0.44200,-0.21690,0.13630,-0.50000,0.50000,0.50000,0.50000,48.10000
-0.44200,-0.21680,0.13630,-0.50000,0.50000,0.50000,0.50000,48.20000
-0.44200,-0.21670,0.13630,-0.50000,0.50000,0.50000,0.50000,48.30000
-0.44200,-0.21660,0.13630,-0.50000,0.50000,0.50000,0.50000,48.40000
-0.44200,-0.21650,0.13630,-0.50000,0.50000,0.50000,0.50000,48.50000
-0.44200,-0.21640,0.13630,-0.50000,0.50000,0.50000,0.50000,48.60000
-0.44200,-0.21630,0.13630,-0.50000,0.50000,0.50000,0.50000,48.70000
-0.44200,-0.21620,0.13630,-0.50000,0.50000,0.50000,0.50000,48.80000
-0.44200,-0.21610,0.13630,-0.50000,0.50000,0.50000,0.50000,48.90000
-0.44200,-0.21600,0.13630,-0.50000,0.50000,0.50000,0.50000,49.00000
-0.44200,-0.21590,0.13630,-0.50000,0.50000,0.50000,0.50000,49.10000
-0.44200,-0.21580,0.13630,-0.50000,0.50000,0.50000,0.50000,49.20000
-0.44200,-0.21570,0.13631,-0.50000,0.50000,0.50000,0.50000,49.30000
-0.44200,-0.21560,0.13631,-0.50000,0.50000,0.50000,0.50000,49.40000
-0.44200,-0.21550,0.13631,-0.50000,0.50000,0.50000,0.50000,49.50000
-0.44200,-0.21540,0.13631,-0.50000,0.50000,0.50000,0.50000,49.60000
-0.44200,-0.21530,0.13631,-0.50000,0.50000,0.50000,0.50000,49.70000
-0.44200,-0.21520,0.13631,-0.50000,0.50000,0.50000,0.50000,49.80000
-0.44200,-0.21510,0.13631,-0.50000,0.50000,0.50000,0.50000,49.90000
-0.44200,-0.21500,0.13631,-0.50000,0.50000,0.50000,0.50000,50.00000
-0.44200,-0.21490,0.13631,-0.50000,0.50000,0.50000,0.50000,50.10000
-0.44200,-0.21480,0.13631,-0.50000,0.50000,0.50000,0.50000,50.20000
-0.44200,-0.21470,0.13631,-0.50000,0.50000,0.50000,0.50000,50.30000
-0.44200,-0.21460,0.13631,-0.50000,0.50000,0.50000,0.50000,50.40000
-0.44200,-0.21450,0.13631,-0.50000,0.50000,0.50000,0.50000,50.50000
-0.44200,-0.21440,0.13631,-0.50000,0.50000,0.50000,0.50000,50.60000
-0.44200,-0.21430,0.13631,-0.50000,0.50000,0.50000,0.50000,50.70000
-0.44200,-0.21420,0.13631,-0.50000,0.50000,0.50000,0.50000,50.80000
-0.44200,-0.21410,0.13632,-0.50000,0.50000,0.50000,0.50000,50.90000
-0.44200,-0.21400,0.13632,-0.50000,0.50000,0.50000,0.50000,51.00000
-0.44200,-0.21390,0.13632,-0.50000,0.50000,0.50000,0.50000,51.10000
-0.44200,-0.21380,0.13632,-0.50000,0.50000,0.50000,0.50000,51.20000
-0.44200,-0.21370,0.13632,-0.50000,0.50000,0.50000,0.50000,51.30000
-0.44200,-0.21360,0.13632,-0.50000,0.50000,0.50000,0.50000,51.40000
-0.44200,-0.21350,0.13632,-0.50000,0.50000,0.50000,0.50000,51.50000
-0.44200,-0.21340,0.13632,-0.50000,0.50000,0.50000,0.50000,51.60000
-0.44200,-0.21330,0.13632,-0.50000,0.50000,0.50000,0.50000,51.70000
-0.44200,-0.21320,0.13632,-0.50000,0.50000,0.50000,0.50000,51.80000
-0.44200,-0.21310,0.13632,-0.50000,0.50000,0.50000,0.50000,51.90000
-0.44200,-0.21300,0.13632,-0.50000,0.50000,0.50000,0.50000,52.00000
-0.44200,-0.21290,0.13632,-0.50000,0.50000,0.50000,0.50000,52.10000
-0.44200,-0.21280,0.13632,-0.50000,0.50000,0.50000,0.50000,52.20000
-0.44200,-0.21270,0.13632,-0.50000,0.50000,0.50000,0.50000,52.30000
-0.44200,-0.21260,0.13632,-0.50000,0.50000,0.50000,0.50000,52.40000
-0.44200,-0.21250,0.13633,-0.50000,0.50000,0.50000,0.50000,52.50000
-0.44200,-0.21240,0.13633,-0.50000,0.50000,0.50000,0.50000,52.60000
-0.44200,-0.21230,0.13633,-0.50000,0.50000,0.50000,0.50000,52.70000
-0.44200,-0.21220,0.13633,-0.50000,0.50000,0.50000,0.50000,52.80000
-0.44200,-0.21210,0.13633,-0.50000,0.50000,0.50000,0.50000,52.90000
-0.44200,-0.21200,0.13633,-0.50000,0.50000,0.50000,0.50000,53.00000
-0.44200,-0.21190,0.13633,-0.50000,0.50000,0.50000,0.50000,53.10000
-0.44200,-0.21180,0.13633,-0.50000,0.50000,0.50000,0.50000,53.20000
-0.44200,-0.21170,0.13633,-0.50000,0.50000,0.50000,0.50000,53.30000
-0.44200,-0.21160,0.13633,-0.50000,0.50000,0.50000,0.50000,53.40000
-0.44200,-0.21150,0.13633,-0.50000,0.50000,0.50000,0.50000,53.50000
-0.44200,-0.21140,0.13633,-0.50000,0.50000,0.50000,0.50000,53.60000
-0.44200,-0.21130,0.13633,-0.50000,0.50000,0.50000,0.50000,53.70000
-0.44200,-0.21120,0.13633,-0.50000,0.50000,0.50000,0.50000,53.80000
-0.44200,-0.21110,0.13633,-0.50000,0.50000,0.50000,0.50000,53.90000
-0.44200,-0.21100,0.13633,-0.50000,0.50000,0.50000,0.50000,54.00000
-0.44200,-0.21090,0.13634,-0.50000,0.50000,0.50000,0.50000,54.10000
-0.44200,-0.21080,0.13634,-0.50000,0.50000,0.50000,0.50000,54.20000
-0.44200,-0.21070,0.13634,-0.50000,0.50000,0.50000,0.50000,54.30000
-0.44200,-0.21060,0.13634,-0.50000,0.50000,0.50000,0.50000,54.40000
-0.44200,-0.21050,0.13634,-0.50000,0.50000,0.50000,0.50000,54.50000
-0.44200,-0.21040,0.13634,-0.50000,0.50000,0.50000,0.50000,54.60000
-0.44200,-0.21030,0.13634,-0.50000,0.50000,0.50000,0.50000,54.70000
-0.44200,-0.21020,0.13634,-0.50000,0.50000,0.50000,0.50000,54.80000
-0.44200,-0.21010,0.13634,-0.50000,0.50000,0.50000,0.50000,54.90000
-0.44200,-0.21000,0.13634,-0.50000,0.50000,0.50000,0.50000,55.00000
-0.44200,-0.20990,0.13634,-0.50000,0.50000,0.50000,0.50000,55.10000
-0.44200,-0.20980,0.13634,-0.50000,0.50000,0.50000,0.50000,55.20000
-0.44200,-0.20970,0.13634,-0.50000,0.50000,0.50000,0.50000,55.30000
-0.44200,-0.20960,0.13634,-0.50000,0.50000,0.50000,0.50000,55.40000
-0.44200,-0.20950,0.13634,-0.50000,0.50000,0.50000,0.50000,55.50000
-0.44200,-0.20940,0.13634,-0.50000,0.50000,0.50000,0.50000,55.60000
-0.44200,-0.20930,0.13635,-0.50000,0.50000,0.50000,0.50000,55.70000
-0.44200,-0.20920,0.13635,-0.50000,0.50000,0.50000,0.50000,55.80000
-0.44200,-0.20910,0.13635,-0.50000,0.50000,0.50000,0.50000,55.90000
-0.44200,-0.20900,0.13635,-0.50000,0.50000,0.50000,0.50000,56.00000
-0.44200,-0.20890,0.13635,-0.50000,0.50000,0.50000,0.50000,56.10000
-0.44200,-0.20880,0.13635,-0.50000,0.50000,0.50000,0.50000,56.20000
-0.44200,-0.20870,0.13635,-0.50000,0.50000,0.50000,0.50000,56.30000
-0.44200,-0.20860,0.13635,-0.50000,0.50000,0.50000,0.50000,56.40000
-0.44200,-0.20850,0.13635,-0.50000,0.50000,0.50000,0.50000,56.50000
-0.44200,-0.20840,0.13635,-0.50000,0.50000,0.50000,0.50000,56.60000
-0.44200,-0.20830,0.13635,-0.50000,0.50000,0.50000,0.50000,56.70000
-0.44200,-0.20820,0.13635,-0.50000,0.50000,0.50000,0.50000,56.80000
-0.44200,-0.20810,0.13635,-0.50000,0.50000,0.50000,0.50000,56.90000
-0.44200,-0.20800,0.13635,-0.50000,0.50000,0.50000,0.50000,57.00000
-0.44200,-0.20790,0.13635,-0.50000,0.50000,0.50000,0.50000,57.10000
-0.44200,-0.20780,0.13635,-0.50000,0.50000,0.50000,0.50000,57.20000
-0.44200,-0.20770,0.13636,-0.50000,0.50000,0.50000,0.50000,57.30000
-0.44200,-0.20760,0.13636,-0.50000,0.50000,0.50000,0.50000,57.40000
-0.44200,-0.20750,0.13636,-0.50000,0.50000,0.50000,0.50000,57.50000
-0.44200,-0.20740,0.13636,-0.50000,0.50000,0.50000,0.50000,57.60000
-0.44200,-0.20730,0.13636,-0.50000,0.50000,0.50000,0.50000,57.70000
-0.44200,-0.20720,0.13636,-0.50000,0.50000,0.50000,0.50000,57.80000
-0.44200,-0.20710,0.13636,-0.50000,0.50000,0.50000,0.50000,57.90000
-0.44200,-0.20700,0.13636,-0.50000,0.50000,0.50000,0.50000,58.00000
-0.44200,-0.20690,0.13636,-0.50000,0.50000,0.50000,0.50000,58.10000
-0.44200,-0.20680,0.13636,-0.50000,0.50000,0.50000,0.50000,58.20000
-0.44200,-0.20670,0.13636,-0.50000,0.50000,0.50000,0.50000,58.30000
-0.44200,-0.20660,0.13636,-0.50000,0.50000,0.50000,0.50000,58.40000
-0.44200,-0.20650,0.13636,-0.50000,0.50000,0.50000,0.50000,58.50000
-0.44200,-0.20640,0.13636,-0.50000,0.50000,0.50000,0.50000,58.60000
-0.44200,-0.20630,0.13636,-0.50000,0.50000,0.50000,0.50000,58.70000
-0.44200,-0.20620,0.13636,-0.50000,0.50000,0.50000,0.50000,58.80000
-0.44200,-0.20610,0.13637,-0.50000,0.50000,0.50000,0.50000,58.90000
-0.44200,-0.20600,0.13637,-0.50000,0.50000,0.50000,0.50000,59.00000
-0.44200,-0.20590,0.13637,-0.50000,0.50000,0.50000,0.50000,59.10000
-0.44200,-0.20580,0.13637,-0.50000,0.50000,0.50000,0.50000,59.20000
-0.44200,-0.20570,0.13637,-0.50000,0.50000,0.50000,0.50000,59.30000
-0.44200,-0.20560,0.13637,-0.50000,0.50000,0.50000,0.50000,59.40000
-0.44200,-0.20550,0.13637,-0.50000,0.50000,0.50000,0.50000,59.50000
-0.44200,-0.20540,0.13637,-0.50000,0.50000,0.50000,0.50000,59.60000
-0.44200,-0.20530,0.13637,-0.50000,0.50000,0.50000,0.50000,59.70000
-0.44200,-0.20520,0.13637,-0.50000,0.50000,0.50000,0.50000,59.80000
-0.44200,-0.20510,0.13637,-0.50000,0.50000,0.50000,0.50000,59.90000
-0.44200,-0.20500,0.13637,-0.50000,0.50000,0.50000,0.50000,60.00000
-0.44200,-0.20490,0.13637,-0.50000,0.50000,0.50000,0.50000,60.10000
-0.44200,-0.20480,0.13637,-0.50000,0.50000,0.50000,0.50000,60.20000
-0.44200,-0.20470,0.13637,-0.50000,0.50000,0.50000,0.50000,60.30000
-0.44200,-0.20460,0.13637,-0.50000,0.50000,0.50000,0.50000,60.40000
-0.44200,-0.20450,0.13637,-0.50000,0.50000,0.50000,0.50000,60.50000
-0.44200,-0.20440,0.13638,-0.50000,0.50000,0.50000,0.50000,60.60000
-0.44200,-0.20430,0.13638,-0.50000,0.50000,0.50000,0.50000,60.70000
-0.44200,-0.20420,0.13638,-0.50000,0.50000,0.50000,0.50000,60.80000
-0.44200,-0.20410,0.13638,-0.50000,0.50000,0.50000,0.50000,60.90000
-0.44200,-0.20400,0.13638,-0.50000,0.50000,0.50000,0.50000,61.00000
-0.44200,-0.20390,0.13638,-0.50000,0.50000,0.50000,0.50000,61.10000
-0.44200,-0.20380,0.13638,-0.50000,0.50000,0.50000,0.50000,61.20000
-0.44200,-0.20370,0.13638,-0.50000,0.50000,0.50000,0.50000,61.30000
-0.44200,-0.20360,0.13638,-0.50000,0.50000,0.50000,0.50000,61.40000
-0.44200,-0.20350,0.13638,-0.50000,0.50000,0.50000,0.50000,61.50000
-0.44200,-0.20340,0.13638,-0.50000,0.50000,0.50000,0.50000,61.60000
-0.44200,-0.20330,0.13638,-0.50000,0.50000,0.50000,0.50000,61.70000
-0.44200,-0.20320,0.13638,-0.50000,0.50000,0.50000,0.50000,61.80000
-0.44200,-0.20310,0.13638,-0.50000,0.50000,0.50000,0.50000,61.90000
-0.44200,-0.20300,0.13638,-0.50000,0.50000,0.50000,0.50000,62.00000
-0.44200,-0.20290,0.13638,-0.50000,0.50000,0.50000,0.50000,62.10000
-0.44200,-0.20280,0.13639,-0.50000,0.50000,0.50000,0.50000,62.20000
-0.44200,-0.20270,0.13639,-0.50000,0.50000,0.50000,0.50000,62.30000
-0.44200,-0.20260,0.13639,-0.50000,0.50000,0.50000,0.50000,62.40000
-0.44200,-0.20250,0.13639,-0.50000,0.50000,0.50000,0.50000,62.50000
-0.44200,-0.20240,0.13639,-0.50000,0.50000,0.50000,0.50000,62.60000
-0.44200,-0.20230,0.13639,-0.50000,0.50000,0.50000,0.50000,62.70000
-0.44200,-0.20220,0.13639,-0.50000,0.50000,0.50000,0.50000,62.80000
-0.44200,-0.20210,0.13639,-0.50000,0.50000,0.50000,0.50000,62.90000
-0.44200,-0.20200,0.13639,-0.50000,0.50000,0.50000,0.50000,63.00000
-0.44200,-0.20190,0.13639,-0.50000,0.50000,0.50000,0.50000,63.10000
-0.44200,-0.20180,0.13639,-0.50000,0.50000,0.50000,0.50000,63.20000
-0.44200,-0.20170,0.13639,-0.50000,0.50000,0.50000,0.50000,63.30000
-0.44200,-0.20160,0.13639,-0.50000,0.50000,0.50000,0.50000,63.40000
-0.44200,-0.20150,0.13639,-0.50000,0.50000,0.50000,0.50000,63.50000
-0.44200,-0.20140,0.13639,-0.50000,0.50000,0.50000,0.50000,63.60000
-0.44200,-0.20130,0.13639,-0.50000,0.50000,0.50000,0.50000,63.70000
-0.44200,-0.20120,0.13640,-0.50000,0.50000,0.50000,0.50000,63.80000
-0.44200,-0.20110,0.13640,-0.50000,0.50000,0.50000,0.50000,63.90000
-0.44200,-0.20100,0.13640,-0.50000,0.50000,0.50000,0.50000,64.00000
-0.44200,-0.20090,0.13640,-0.50000,0.50000,0.50000,0.50000,64.10000
-0.44200,-0.20080,0.13640,-0.50000,0.50000,0.50000,0.50000,64.20000
-0.44200,-0.20070,0.13640,-0.50000,0.50000,0.50000,0.50000,64.30000
-0.44200,-0.20060,0.13640,-0.50000,0.50000,0.50000,0.50000,64.40000
-0.44200,-0.20050,0.13640,-0.50000,0.50000,0.50000,0.50000,64.50000
-0.44200,-0.20040,0.13640,-0.50000,0.50000,0.50000,0.50000,64.60000
-0.44200,-0.20030,0.13640,-0.50000,0.50000,0.50000,0.50000,64.70000
-0.44200,-0.20020,0.13640,-0.50000,0.50000,0.50000,0.50000,64.80000
-0.44200,-0.20010,0.13640,-0.50000,0.50000,0.50000,0.50000,64.90000
-0.44200,-0.20000,0.13640,-0.50000,0.50000,0.50000,0.50000,65.00000
-0.44200,-0.19990,0.13640,-0.50000,0.50000,0.50000,0.50000,65.10000
-0.44200,-0.19980,0.13640,-0.50000,0.50000,0.50000,0.50000,65.20000
-0.44200,-0.19970,0.13640,-0.50000,0.50000,0.50000,0.50000,65.30000
-0.44200,-0.19960,0.13641,-0.50000,0.50000,0.50000,0.50000,65.40000
-0.44200,-0.19950,0.13641,-0.50000,0.50000,0.50000,0.50000,65.50000
-0.44200,-0.19940,0.13641,-0.50000,0.50000,0.50000,0.50000,65.60000
-0.44200,-0.19930,0.13641,-0.50000,0.50000,0.50000,0.50000,65.70000
-0.44200,-0.19920,0.13641,-0.50000,0.50000,0.50000,0.50000,65.80000
-0.44200,-0.19910,0.13641,-0.50000,0.50000,0.50000,0.50000,65.90000
-0.44200,-0.19900,0.13641,-0.50000,0.50000,0.50000,0.50000,66.00000
-0.44200,-0.19890,0.13641,-0.50000,0.50000,0.50000,0.50000,66.10000
-0.44200,-0.19880,0.13641,-0.50000,0.50000,0.50000,0.50000,66.20000
-0.44200,-0.19870,0.13641,-0.50000,0.50000,0.50000,0.50000,66.30000
-0.44200,-0.19860,0.13641,-0.50000,0.50000,0.50000,0.50000,66.40000
-0.44200,-0.19850,0.13641,-0.50000,0.50000,0.50000,0.50000,66.50000
-0.44200,-0.19840,0.13641,-0.50000,0.50000,0.50000,0.50000,66.60000
-0.44200,-0.19830,0.13641,-0.50000,0.50000,0.50000,0.50000,66.70000
-0.44200,-0.19820,0.13641,-0.50000,0.50000,0.50000,0.50000,66.80000
-0.44200,-0.19810,0.13641,-0.50000,0.50000,0.50000,0.50000,66.90000
-0.44200,-0.19800,0.13642,-0.50000,0.50000,0.50000,0.50000,67.00000
-0.44200,-0.19790,0.13642,-0.50000,0.50000,0.50000,0.50000,67.10000
-0.44200,-0.19780,0.13642,-0.50000,0.50000,0.50000,0.50000,67.20000
-0.44200,-0.19770,0.13642,-0.50000,0.50000,0.50000,0.50000,67.30000
-0.44200,-0.19760,0.13642,-0.50000,0.50000,0.50000,0.50000,67.40000
-0.44200,-0.19750,0.13642,-0.50000,0.50000,0.50000,0.50000,67.50000
-0.44200,-0.19740,0.13642,-0.50000,0.50000,0.50000,0.50000,67.60000
-0.44200,-0.19730,0.13642,-0.50000,0.50000,0.50000,0.50000,67.70000
-0.44200,-0.19720,0.13642,-0.50000,0.50000,0.50000,0.50000,67.80000
-0.44200,-0.19710,0.13642,-0.50000,0.50000,0.50000,0.50000,67.90000
-0.44200,-0.19700,0.13642,-0.50000,0.50000,0.50000,0.50000,68.00000
-0.44200,-0.19690,0.13642,-0.50000,0.50000,0.50000,0.50000,68.10000
-0.44200,-0.19680,0.13642,-0.50000,0.50000,0.50000,0.50000,68.20000
-0.44200,-0.19670,0.13642,-0.50000,0.50000,0.50000,0.50000,68.30000
-0.44200,-0.19660,0.13642,-0.50000,0.50000,0.50000,0.50000,68.40000
-0.44200,-0.19650,0.13642,-0.50000,0.50000,0.50000,0.50000,68.50000
-0.44200,-0.19640,0.13643,-0.50000,0.50000,0.50000,0.50000,68.60000
-0.44200,-0.19630,0.13643,-0.50000,0.50000,0.50000,0.50000,68.70000
-0.44200,-0.19620,0.13643,-0.50000,0.50000,0.50000,0.50000,68.80000
-0.44200,-0.19610,0.13643,-0.50000,0.50000,0.50000,0.50000,68.90000
-0.44200,-0.19600,0.13643,-0.50000,0.50000,0.50000,0.50000,69.00000
-0.44200,-0.19590,0.13643,-0.50000,0.50000,0.50000,0.50000,69.10000
-0.44200,-0.19580,0.13643,-0.50000,0.50000,0.50000,0.50000,69.20000
-0.44200,-0.19570,0.13643,-0.50000,0.50000,0.50000,0.50000,69.30000
-0.44200,-0.19560,0.13643,-0.50000,0.50000,0.50000,0.50000,69.40000
-0.44200,-0.19550,0.13643,-0.50000,0.50000,0.50000,0.50000,69.50000
-0.44200,-0.19540,0.13643,-0.50000,0.50000,0.50000,0.50000,69.60000
-0.44200,-0.19530,0.13643,-0.50000,0.50000,0.50000,0.50000,69.70000
-0.44200,-0.19520,0.13643,-0.50000,0.50000,0.50000,0.50000,69.80000
-0.44200,-0.19510,0.13643,-0.50000,0.50000,0.50000,0.50000,69.90000
-0.44200,-0.19500,0.13643,-0.50000,0.50000,0.50000,0.50000,70.00000
-0.44200,-0.19490,0.13643,-0.50000,0.50000,0.50000,0.50000,70.10000
-0.44200,-0.19480,0.13644,-0.50000,0.50000,0.50000,0.50000,70.20000
-0.44200,-0.19470,0.13644,-0.50000,0.50000,0.50000,0.50000,70.30000
-0.44200,-0.19460,0.13644,-0.50000,0.50000,0.50000,0.50000,70.40000
-0.44200,-0.19450,0.13644,-0.50000,0.50000,0.50000,0.50000,70.50000
-0.44200,-0.19440,0.13644,-0.50000,0.50000,0.50000,0.50000,70.60000
-0.44200,-0.19430,0.13644,-0.50000,0.50000,0.50000,0.50000,70.70000
-0.44200,-0.19420,0.13644,-0.50000,0.50000,0.50000,0.50000,70.80000
-0.44200,-0.19410,0.13644,-0.50000,0.50000,0.50000,0.50000,70.90000
-0.44200,-0.19400,0.13644,-0.50000,0.50000,0.50000,0.50000,71.00000
-0.44200,-0.19390,0.13644,-0.50000,0.50000,0.50000,0.50000,71.10000
-0.44200,-0.19380,0.13644,-0.50000,0.50000,0.50000,0.50000,71.20000
-0.44200,-0.19370,0.13644,-0.50000,0.50000,0.50000,0.50000,71.30000
-0.44200,-0.19360,0.13644,-0.50000,0.50000,0.50000,0.50000,71.40000
-0.44200,-0.19350,0.13644,-0.50000,0.50000,0.50000,0.50000,71.50000
-0.44200,-0.19340,0.13644,-0.50000,0.50000,0.50000,0.50000,71.60000
-0.44200,-0.19330,0.13644,-0.50000,0.50000,0.50000,0.50000,71.70000
-0.44200,-0.19320,0.13645,-0.50000,0.50000,0.50000,0.50000,71.80000
-0.44200,-0.19310,0.13645,-0.50000,0.50000,0.50000,0.50000,71.90000
-0.44200,-0.19300,0.13645,-0.50000,0.50000,0.50000,0.50000,72.00000
-0.44200,-0.19290,0.13645,-0.50000,0.50000,0.50000,0.50000,72.10000
-0.44200,-0.19280,0.13645,-0.50000,0.50000,0.50000,0.50000,72.20000
-0.44200,-0.19270,0.13645,-0.50000,0.50000,0.50000,0.50000,72.30000
-0.44200,-0.19260,0.13645,-0.50000,0.50000,0.50000,0.50000,72.40000
-0.44200,-0.19250,0.13645,-0.50000,0.50000,0.50000,0.50000,72.50000
-0.44200,-0.19240,0.13645,-0.50000,0.50000,0.50000,0.50000,72.60000
-0.44200,-0.19230,0.13645,-0.50000,0.50000,0.50000,0.50000,72.70000
-0.44200,-0.19220,0.13645,-0.50000,0.50000,0.50000,0.50000,72.80000
-0.44200,-0.19210,0.13645,-0.50000,0.50000,0.50000,0.50000,72.90000
-0.44200,-0.19200,0.13645,-0.50000,0.50000,0.50000,0.50000,73.00000
-0.44200,-0.19190,0.13645,-0.50000,0.50000,0.50000,0.50000,73.10000
-0.44200,-0.19180,0.13645,-0.50000,0.50000,0.50000,0.50000,73.20000
-0.44200,-0.19170,0.13645,-0.50000,0.50000,0.50000,0.50000,73.30000
-0.44200,-0.19160,0.13645,-0.50000,0.50000,0.50000,0.50000,73.40000
-0.44200,-0.19150,0.13646,-0.50000,0.50000,0.50000,0.50000,73.50000
-0.44200,-0.19140,0.13646,-0.50000,0.50000,0.50000,0.50000,73.60000
-0.44200,-0.19130,0.13646,-0.50000,0.50000,0.50000,0.50000,73.70000
-0.44200,-0.19120,0.13646,-0.50000,0.50000,0.50000,0.50000,73.80000
-0.44200,-0.19110,0.13646,-0.50000,0.50000,0.50000,0.50000,73.90000
-0.44200,-0.19100,0.13646,-0.50000,0.50000,0.50000,0.50000,74.00000
-0.44200,-0.19090,0.13646,-0.50000,0.50000,0.50000,0.50000,74.10000
-0.44200,-0.19080,0.13646,-0.50000,0.50000,0.50000,0.50000,74.20000
-0.44200,-0.19070,0.13646,-0.50000,0.50000,0.50000,0.50000,74.30000
-0.44200,-0.19060,0.13646,-0.50000,0.50000,0.50000,0.50000,74.40000
-0.44200,-0.19050,0.13646,-0.50000,0.50000,0.50000,0.50000,74.50000
-0.44200,-0.19040,0.13646,-0.50000,0.50000,0.50000,0.50000,74.60000
-0.44200,-0.19030,0.13646,-0.50000,0.50000,0.50000,0.50000,74.70000
-0.44200,-0.19020,0.13646,-0.50000,0.50000,0.50000,0.50000,74.80000
-0.44200,-0.19010,0.13646,-0.50000,0.50000,0.50000,0.50000,74.90000
-0.44200,-0.19000,0.13646,-0.50000,0.50000,0.50000,0.50000,75.00000
-0.44200,-0.18990,0.13647,-0.50000,0.50000,0.50000,0.50000,75.10000
-0.44200,-0.18980,0.13647,-0.50000,0.50000,0.50000,0.50000,75.20000
-0.44200,-0.18970,0.13647,-0.50000,0.50000,0.50000,0.50000,75.30000
-0.44200,-0.18960,0.13647,-0.50000,0.50000,0.50000,0.50000,75.40000
-0.44200,-0.18950,0.13647,-0.50000,0.50000,0.50000,0.50000,75.50000
-0.44200,-0.18940,0.13647,-0.50000,0.50000,0.50000,0.50000,75.60000
-0.44200,-0.18930,0.13647,-0.50000,0.50000,0.50000,0.50000,75.70000
-0.44200,-0.18920,0.13647,-0.50000,0.50000,0.50000,0.50000,75.80000
-0.44200,-0.18910,0.13647,-0.50000,0.50000,0.50000,0.50000,75.90000
-0.44200,-0.18900,0.13647,-0.50000,0.50000,0.50000,0.50000,76.00000
-0.44200,-0.18890,0.13647,-0.50000,0.50000,0.50000,0.50000,76.10000
-0.44200,-0.18880,0.13647,-0.50000,0.50000,0.50000,0.50000,76.20000
-0.44200,-0.18870,0.13647,-0.50000,0.50000,0.50000,0.50000,76.30000
-0.44200,-0.18860,0.13647,-0.50000,0.50000,0.50000,0.50000,76.40000
-0.44200,-0.18850,0.13647,-0.50000,0.50000,0.50000,0.50000,76.50000
-0.44200,-0.18840,0.13647,-0.50000,0.50000,0.50000,0.50000,76.60000
-0.44200,-0.18830,0.13648,-0.50000,0.50000,0.50000,0.50000,76.70000
-0.44200,-0.18820,0.13648,-0.50000,0.50000,0.50000,0.50000,76.80000
-0.44200,-0.18810,0.13648,-0.50000,0.50000,0.50000,0.50000,76.90000
-0.44200,-0.18800,0.13648,-0.50000,0.50000,0.50000,0.50000,77.00000
-0.44200,-0.18790,0.13648,-0.50000,0.50000,0.50000,0.50000,77.10000
-0.44200,-0.18780,0.13648,-0.50000,0.50000,0.50000,0.50000,77.20000
-0.44200,-0.18770,0.13648,-0.50000,0.50000,0.50000,0.50000,77.30000
-0.44200,-0.18760,0.13648,-0.50000,0.50000,0.50000,0.50000,77.40000
-0.44200,-0.18750,0.13648,-0.50000,0.50000,0.50000,0.50000,77.50000
-0.44200,-0.18740,0.13648,-0.50000,0.50000,0.50000,0.50000,77.60000
-0.44200,-0.18730,0.13648,-0.50000,0.50000,0.50000,0.50000,77.70000
-0.44200,-0.18720,0.13648,-0.50000,0.50000,0.50000,0.50000,77.80000
-0.44200,-0.18710,0.13648,-0.50000,0.50000,0.50000,0.50000,77.90000
-0.44200,-0.18700,0.13648,-0.50000,0.50000,0.50000,0.50000,78.00000
-0.44200,-0.18690,0.13648,-0.50000,0.50000,0.50000,0.50000,78.10000
-0.44200,-0.18680,0.13648,-0.50000,0.50000,0.50000,0.50000,78.20000
-0.44200,-0.18670,0.13649,-0.50000,0.50000,0.50000,0.50000,78.30000
-0.44200,-0.18660,0.13649,-0.50000,0.50000,0.50000,0.50000,78.40000
-0.44200,-0.18650,0.13649,-0.50000,0.50000,0.50000,0.50000,78.50000
-0.44200,-0.18640,0.13649,-0.50000,0.50000,0.50000,0.50000,78.60000
-0.44200,-0.18630,0.13649,-0.50000,0.50000,0.50000,0.50000,78.70000
-0.44200,-0.18620,0.13649,-0.50000,0.50000,0.50000,0.50000,78.80000
-0.44200,-0.18610,0.13649,-0.50000,0.50000,0.50000,0.50000,78.90000
-0.44200,-0.18600,0.13649,-0.50000,0.50000,0.50000,0.50000,79.00000
-0.44200,-0.18590,0.13649,-0.50000,0.50000,0.50000,0.50000,79.10000
-0.44200,-0.18580,0.13649,-0.50000,0.50000,0.50000,0.50000,79.20000
-0.44200,-0.18570,0.13649,-0.50000,0.50000,0.50000,0.50000,79.30000
-0.44200,-0.18560,0.13649,-0.50000,0.50000,0.50000,0.50000,79.40000
-0.44200,-0.18550,0.13649,-0.50000,0.50000,0.50000,0.50000,79.50000
-0.44200,-0.18540,0.13649,-0.50000,0.50000,0.50000,0.50000,79.60000
-0.44200,-0.18530,0.13649,-0.50000,0.50000,0.50000,0.50000,79.70000
-0.44200,-0.18520,0.13649,-0.50000,0.50000,0.50000,0.50000,79.80000
-0.44200,-0.18510,0.13650,-0.50000,0.50000,0.50000,0.50000,79.90000
-0.44200,-0.18500,0.13650,-0.50000,0.50000,0.50000,0.50000,80.00000
-0.44200,-0.18490,0.13650,-0.50000,0.50000,0.50000,0.50000,80.10000
-0.44200,-0.18480,0.13650,-0.50000,0.50000,0.50000,0.50000,80.20000
-0.44200,-0.18470,0.13650,-0.50000,0.50000,0.50000,0.50000,80.30000
-0.44200,-0.18460,0.13650,-0.50000,0.50000,0.50000,0.50000,80.40000
-0.44200,-0.18450,0.13650,-0.50000,0.50000,0.50000,0.50000,80.50000
-0.44200,-0.18440,0.13650,-0.50000,0.50000,0.50000,0.50000,80.60000
-0.44200,-0.18430,0.13650,-0.50000,0.50000,0.50000,0.50000,80.70000
-0.44200,-0.18420,0.13650,-0.50000,0.50000,0.50000,0.50000,80.80000
-0.44200,-0.18410,0.13650,-0.50000,0.50000,0.50000,0.50000,80.90000
-0.44200,-0.18400,0.13650,-0.50000,0.50000,0.50000,0.50000,81.00000
-0.44200,-0.18390,0.13650,-0.50000,0.50000,0.50000,0.50000,81.10000
-0.44200,-0.18380,0.13650,-0.50000,0.50000,0.50000,0.50000,81.20000
-0.44200,-0.18370,0.13650,-0.50000,0.50000,0.50000,0.50000,81.30000
-0.44200,-0.18360,0.13650,-0.50000,0.50000,0.50000,0.50000,81.40000
-0.44200,-0.18350,0.13651,-0.50000,0.50000,0.50000,0.50000,81.50000
-0.44200,-0.18340,0.13651,-0.50000,0.50000,0.50000,0.50000,81.60000
-0.44200,-0.18330,0.13651,-0.50000,0.50000,0.50000,0.50000,81.70000
-0.44200,-0.18320,0.13651,-0.50000,0.50000,0.50000,0.50000,81.80000
-0.44200,-0.18310,0.13651,-0.50000,0.50000,0.50000,0.50000,81.90000
-0.44200,-0.18300,0.13651,-0.50000,0.50000,0.50000,0.50000,82.00000
-0.44200,-0.18290,0.13651,-0.50000,0.50000,0.50000,0.50000,82.10000
-0.44200,-0.18280,0.13651,-0.50000,0.50000,0.50000,0.50000,82.20000
-0.44200,-0.18270,0.13651,-0.50000,0.50000,0.50000,0.50000,82.30000
-0.44200,-0.18260,0.13651,-0.50000,0.50000,0.50000,0.50000,82.40000
-0.44200,-0.18250,0.13651,-0.50000,0.50000,0.50000,0.50000,82.50000
-0.44200,-0.18240,0.13651,-0.50000,0.50000,0.50000,0.50000,82.60000
-0.44200,-0.18230,0.13651,-0.50000,0.50000,0.50000,0.50000,82.70000
-0.44200,-0.18220,0.13651,-0.50000,0.50000,0.50000,0.50000,82.80000
-0.44200,-0.18210,0.13651,-0.50000,0.50000,0.50000,0.50000,82.90000
-0.44200,-0.18200,0.13651,-0.50000,0.50000,0.50000,0.50000,83.00000
-0.44200,-0.18190,0.13652,-0.50000,0.50000,0.50000,0.50000,83.10000
-0.44200,-0.18180,0.13652,-0.50000,0.50000,0.50000,0.50000,83.20000
-0.44200,-0.18170,0.13652,-0.50000,0.50000,0.50000,0.50000,83.30000
-0.44200,-0.18160,0.13652,-0.50000,0.50000,0.50000,0.50000,83.40000
-0.44200,-0.18150,0.13652,-0.50000,0.50000,0.50000,0.50000,83.50000
-0.44200,-0.18140,0.13652,-0.50000,0.50000,0.50000,0.50000,83.60000
-0.44200,-0.18130,0.13652,-0.50000,0.50000,0.50000,0.50000,83.70000
-0.44200,-0.18120,0.13652,-0.50000,0.50000,0.50000,0.50000,83.80000
-0.44200,-0.18110,0.13652,-0.50000,0.50000,0.50000,0.50000,83.90000
-0.44200,-0.18100,0.13652,-0.50000,0.50000,0.50000,0.50000,84.00000
-0.44200,-0.18090,0.13652,-0.50000,0.50000,0.50000,0.50000,84.10000
-0.44200,-0.18080,0.13652,-0.50000,0.50000,0.50000,0.50000,84.20000
-0.44200,-0.18070,0.13652,-0.50000,0.50000,0.50000,0.50000,84.30000
-0.44200,-0.18060,0.13652,-0.50000,0.50000,0.50000,0.50000,84.40000
-0.44200,-0.18050,0.13652,-0.50000,0.50000,0.50000,0.50000,84.50000
-0.44200,-0.18040,0.13652,-0.50000,0.50000,0.50000,0.50000,84.60000
-0.44200,-0.18030,0.13652,-0.50000,0.50000,0.50000,0.50000,84.70000
-0.44200,-0.18020,0.13653,-0.50000,0.50000,0.50000,0.50000,84.80000
-0.44200,-0.18010,0.13653,-0.50000,0.50000,0.50000,0.50000,84.90000
-0.44200,-0.18000,0.13653,-0.50000,0.50000,0.50000,0.50000,85.00000
-0.44200,-0.17990,0.13653,-0.50000,0.50000,0.50000,0.50000,85.10000
-0.44200,-0.17980,0.13653,-0.50000,0.50000,0.50000,0.50000,85.20000
-0.44200,-0.17970,0.13653,-0.50000,0.50000,0.50000,0.50000,85.30000
-0.44200,-0.17960,0.13653,-0.50000,0.50000,0.50000,0.50000,85.40000
-0.44200,-0.17950,0.13653,-0.50000,0.50000,0.50000,0.50000,85.50000
-0.44200,-0.17940,0.13653,-0.50000,0.50000,0.50000,0.50000,85.60000
-0.44200,-0.17930,0.13653,-0.50000,0.50000,0.50000,0.50000,85.70000
-0.44200,-0.17920,0.13653,-0.50000,0.50000,0.50000,0.50000,85.80000
-0.44200,-0.17910,0.13653,-0.50000,0.50000,0.50000,0.50000,85.90000
-0.44200,-0.17900,0.13653,-0.50000,0.50000,0.50000,0.50000,86.00000
-0.44200,-0.17890,0.13653,-0.50000,0.50000,0.50000,0.50000,86.10000
-0.44200,-0.17880,0.13653,-0.50000,0.50000,0.50000,0.50000,86.20000
-0.44200,-0.17870,0.13653,-0.50000,0.50000,0.50000,0.50000,86.30000
-0.44200,-0.17860,0.13654,-0.50000,0.50000,0.50000,0.50000,86.40000
-0.44200,-0.17850,0.13654,-0.50000,0.50000,0.50000,0.50000,86.50000
-0.44200,-0.17840,0.13654,-0.50000,0.50000,0.50000,0.50000,86.60000
-0.44200,-0.17830,0.13654,-0.50000,0.50000,0.50000,0.50000,86.70000
-0.44200,-0.17820,0.13654,-0.50000,0.50000,0.50000,0.50000,86.80000
-0.44200,-0.17810,0.13654,-0.50000,0.50000,0.50000,0.50000,86.90000
-0.44200,-0.17800,0.13654,-0.50000,0.50000,0.50000,0.50000,87.00000
-0.44200,-0.17790,0.13654,-0.50000,0.50000,0.50000,0.50000,87.10000
-0.44200,-0.17780,0.13654,-0.50000,0.50000,0.50000,0.50000,87.20000
-0.44200,-0.17770,0.13654,-0.50000,0.50000,0.50000,0.50000,87.30000
-0.44200,-0.17760,0.13654,-0.50000,0.50000,0.50000,0.50000,87.40000
-0.44200,-0.17750,0.13654,-0.50000,0.50000,0.50000,0.50000,87.50000
-0.44200,-0.17740,0.13654,-0.50000,0.50000,0.50000,0.50000,87.60000
-0.44200,-0.17730,0.13654,-0.50000,0.50000,0.50000,0.50000,87.70000
-0.44200,-0.17720,0.13654,-0.50000,0.50000,0.50000,0.50000,87.80000
-0.44200,-0.17710,0.13654,-0.50000,0.50000,0.50000,0.50000,87.90000
-0.44200,-0.17700,0.13655,-0.50000,0.50000,0.50000,0.50000,88.00000
-0.44200,-0.17690,0.13655,-0.50000,0.50000,0.50000,0.50000,88.10000
-0.44200,-0.17680,0.13655,-0.50000,0.50000,0.50000,0.50000,88.20000
-0.44200,-0.17670,0.13655,-0.50000,0.50000,0.50000,0.50000,88.30000
-0.44200,-0.17660,0.13655,-0.50000,0.50000,0.50000,0.50000,88.40000
-0.44200,-0.17650,0.13655,-0.50000,0.50000,0.50000,0.50000,88.50000
-0.44200,-0.17640,0.13655,-0.50000,0.50000,0.50000,0.50000,88.60000
-0.44200,-0.17630,0.13655,-0.50000,0.50000,0.50000,0.50000,88.70000
-0.44200,-0.17620,0.13655,-0.50000,0.50000,0.50000,0.50000,88.80000
-0.44200,-0.17610,0.13655,-0.50000,0.50000,0.50000,0.50000,88.90000
-0.44200,-0.17600,0.13655,-0.50000,0.50000,0.50000,0.50000,89.00000
-0.44200,-0.17590,0.13655,-0.50000,0.50000,0.50000,0.50000,89.10000
-0.44200,-0.17580,0.13655,-0.50000,0.50000,0.50000,0.50000,89.20000
-0.44200,-0.17570,0.13655,-0.50000,0.50000,0.50000,0.50000,89.30000
-0.44200,-0.17560,0.13655,-0.50000,0.50000,0.50000,0.50000,89.40000
-0.44200,-0.17550,0.13655,-0.50000,0.50000,0.50000,0.50000,89.50000
-0.44200,-0.17540,0.13656,-0.50000,0.50000,0.50000,0.50000,89.60000
-0.44200,-0.17530,0.13656,-0.50000,0.50000,0.50000,0.50000,89.70000
-0.44200,-0.17520,0.13656,-0.50000,0.50000,0.50000,0.50000,89.80000
-0.44200,-0.17510,0.13656,-0.50000,0.50000,0.50000,0.50000,89.90000
-0.44200,-0.17500,0.13656,-0.50000,0.50000,0.50000,0.50000,90.00000
-0.44200,-0.17490,0.13656,-0.50000,0.50000,0.50000,0.50000,90.10000
-0.44200,-0.17480,0.13656,-0.50000,0.50000,0.50000,0.50000,90.20000
-0.44200,-0.17470,0.13656,-0.50000,0.50000,0.50000,0.50000,90.30000
-0.44200,-0.17460,0.13656,-0.50000,0.50000,0.50000,0.50000,90.40000
-0.44200,-0.17450,0.13656,-0.50000,0.50000,0.50000,0.50000,90.50000
-0.44200,-0.17440,0.13656,-0.50000,0.50000,0.50000,0.50000,90.60000
-0.44200,-0.17430,0.13656,-0.50000,0.50000,0.50000,0.50000,90.70000
-0.44200,-0.17420,0.13656,-0.50000,0.50000,0.50000,0.50000,90.80000
-0.44200,-0.17410,0.13656,-0.50000,0.50000,0.50000,0.50000,90.90000
-0.44200,-0.17400,0.13656,-0.50000,0.50000,0.50000,0.50000,91.00000
-0.44200,-0.17390,0.13656,-0.50000,0.50000,0.50000,0.50000,91.10000
-0.44200,-0.17380,0.13657,-0.50000,0.50000,0.50000,0.50000,91.20000
-0.44200,-0.17370,0.13657,-0.50000,0.50000,0.50000,0.50000,91.30000
-0.44200,-0.17360,0.13657,-0.50000,0.50000,0.50000,0.50000,91.40000
-0.44200,-0.17350,0.13657,-0.50000,0.50000,0.50000,0.50000,91.50000
-0.44200,-0.17340,0.13657,-0.50000,0.50000,0.50000,0.50000,91.60000
-0.44200,-0.17330,0.13657,-0.50000,0.50000,0.50000,0.50000,91.70000
-0.44200,-0.17320,0.13657,-0.50000,0.50000,0.50000,0.50000,91.80000
-0.44200,-0.17310,0.13657,-0.50000,0.50000,0.50000,0.50000,91.90000
-0.44200,-0.17300,0.13657,-0.50000,0.50000,0.50000,0.50000,92.00000
-0.44200,-0.17290,0.13657,-0.50000,0.50000,0.50000,0.50000,92.10000
-0.44200,-0.17280,0.13657,-0.50000,0.50000,0.50000,0.50000,92.20000
-0.44200,-0.17270,0.13657,-0.50000,0.50000,0.50000,0.50000,92.30000
-0.44200,-0.17260,0.13657,-0.50000,0.50000,0.50000,0.50000,92.40000
-0.44200,-0.17250,0.13657,-0.50000,0.50000,0.50000,0.50000,92.50000
-0.44200,-0.17240,0.13657,-0.50000,0.50000,0.50000,0.50000,92.60000
-0.44200,-0.17230,0.13657,-0.50000,0.50000,0.50000,0.50000,92.70000
-0.44200,-0.17220,0.13658,-0.50000,0.50000,0.50000,0.50000,92.80000
-0.44200,-0.17210,0.13658,-0.50000,0.50000,0.50000,0.50000,92.90000
-0.44200,-0.17200,0.13658,-0.50000,0.50000,0.50000,0.50000,93.00000
-0.44200,-0.17190,0.13658,-0.50000,0.50000,0.50000,0.50000,93.10000
-0.44200,-0.17180,0.13658,-0.50000,0.50000,0.50000,0.50000,93.20000
-0.44200,-0.17170,0.13658,-0.50000,0.50000,0.50000,0.50000,93.30000
-0.44200,-0.17160,0.13658,-0.50000,0.50000,0.50000,0.50000,93.40000
-0.44200,-0.17150,0.13658,-0.50000,0.50000,0.50000,0.50000,93.50000
-0.44200,-0.17140,0.13658,-0.50000,0.50000,0.50000,0.50000,93.60000
-0.44200,-0.17130,0.13658,-0.50000,0.50000,0.50000,0.50000,93.70000
-0.44200,-0.17120,0.13658,-0.50000,0.50000,0.50000,0.50000,93.80000
-0.44200,-0.17110,0.13658,-0.50000,0.50000,0.50000,0.50000,93.90000
-0.44200,-0.17100,0.13658,-0.50000,0.50000,0.50000,0.50000,94.00000
-0.44200,-0.17090,0.13658,-0.50000,0.50000,0.50000,0.50000,94.10000
-0.44200,-0.17080,0.13658,-0.50000,0.50000,0.50000,0.50000,94.20000
-0.44200,-0.17070,0.13658,-0.50000,0.50000,0.50000,0.50000,94.30000
-0.44200,-0.17060,0.13659,-0.50000,0.50000,0.50000,0.50000,94.40000
-0.44200,-0.17050,0.13659,-0.50000,0.50000,0.50000,0.50000,94.50000
-0.44200,-0.17040,0.13659,-0.50000,0.50000,0.50000,0.50000,94.60000
-0.44200,-0.17030,0.13659,-0.50000,0.50000,0.50000,0.50000,94.70000
-0.44200,-0.17020,0.13659,-0.50000,0.50000,0.50000,0.50000,94.80000
-0.44200,-0.17010,0.13659,-0.50000,0.50000,0.50000,0.50000,94.90000
-0.44200,-0.17000,0.13659,-0.50000,0.50000,0.50000,0.50000,95.00000
-0.44200,-0.16990,0.13659,-0.50000,0.50000,0.50000,0.50000,95.10000
-0.44200,-0.16980,0.13659,-0.50000,0.50000,0.50000,0.50000,95.20000
-0.44200,-0.16970,0.13659,-0.50000,0.50000,0.50000,0.50000,95.30000
-0.44200,-0.16960,0.13659,-0.50000,0.50000,0.50000,0.50000,95.40000
-0.44200,-0.16950,0.13659,-0.50000,0.50000,0.50000,0.50000,95.50000
-0.44200,-0.16940,0.13659,-0.50000,0.50000,0.50000,0.50000,95.60000
-0.44200,-0.16930,0.13659,-0.50000,0.50000,0.50000,0.50000,95.70000
-0.44200,-0.16920,0.13659,-0.50000,0.50000,0.50000,0.50000,95.80000
-0.44200,-0.16910,0.13659,-0.50000,0.50000,0.50000,0.50000,95.90000
-0.44200,-0.16900,0.13660,-0.50000,0.50000,0.50000,0.50000,96.00000
-0.44200,-0.16890,0.13660,-0.50000,0.50000,0.50000,0.50000,96.10000
-0.44200,-0.16880,0.13660,-0.50000,0.50000,0.50000,0.50000,96.20000
-0.44200,-0.16870,0.13660,-0.50000,0.50000,0.50000,0.50000,96.30000
-0.44200,-0.16860,0.13660,-0.50000,0.50000,0.50000,0.50000,96.40000
-0.44200,-0.16850,0.13660,-0.50000,0.50000,0.50000,0.50000,96.50000
-0.44200,-0.16840,0.13660,-0.50000,0.50000,0.50000,0.50000,96.60000
-0.44200,-0.16830,0.13660,-0.50000,0.50000,0.50000,0.50000,96.70000
-0.44200,-0.16820,0.13660,-0.50000,0.50000,0.50000,0.50000,96.80000
-0.44200,-0.16810,0.13660,-0.50000,0.50000,0.50000,0.50000,96.90000
-0.44200,-0.16800,0.13660,-0.50000,0.50000,0.50000,0.50000,97.00000
-0.44200,-0.16790,0.13660,-0.50000,0.50000,0.50000,0.50000,97.10000
-0.44200,-0.16780,0.13660,-0.50000,0.50000,0.50000,0.50000,97.20000
-0.44200,-0.16770,0.13660,-0.50000,0.50000,0.50000,0.50000,97.30000
-0.44200,-0.16760,0.13660,-0.50000,0.50000,0.50000,0.50000,97.40000
-0.44200,-0.16750,0.13660,-0.50000,0.50000,0.50000,0.50000,97.50000
-0.44200,-0.16740,0.13660,-0.50000,0.50000,0.50000,0.50000,97.60000
-0.44200,-0.16730,0.13661,-0.50000,0.50000,0.50000,0.50000,97.70000
-0.44200,-0.16720,0.13661,-0.50000,0.50000,0.50000,0.50000,97.80000
-0.44200,-0.16710,0.13661,-0.50000,0.50000,0.50000,0.50000,97.90000
-0.44200,-0.16700,0.13661,-0.50000,0.50000,0.50000,0.50000,98.00000
-0.44200,-0.16690,0.13661,-0.50000,0.50000,0.50000,0.50000,98.10000
-0.44200,-0.16680,0.13661,-0.50000,0.50000,0.50000,0.50000,98.20000
-0.44200,-0.16670,0.13661,-0.50000,0.50000,0.50000,0.50000,98.30000
-0.44200,-0.16660,0.13661,-0.50000,0.50000,0.50000,0.50000,98.40000
-0.44200,-0.16650,0.13661,-0.50000,0.50000,0.50000,0.50000,98.50000
-0.44200,-0.16640,0.13661,-0.50000,0.50000,0.50000,0.50000,98.60000
-0.44200,-0.16630,0.13661,-0.50000,0.50000,0.50000,0.50000,98.70000
-0.44200,-0.16620,0.13661,-0.50000,0.50000,0.50000,0.50000,98.80000
-0.44200,-0.16610,0.13661,-0.50000,0.50000,0.50000,0.50000,98.90000
-0.44200,-0.16600,0.13661,-0.50000,0.50000,0.50000,0.50000,99.00000
-0.44200,-0.16590,0.13661,-0.50000,0.50000,0.50000,0.50000,99.10000
-0.44200,-0.16580,0.13661,-0.50000,0.50000,0.50000,0.50000,99.20000
-0.44200,-0.16570,0.13662,-0.50000,0.50000,0.50000,0.50000,99.30000
-0.44200,-0.16560,0.13662,-0.50000,0.50000,0.50000,0.50000,99.40000
-0.44200,-0.16550,0.13662,-0.50000,0.50000,0.50000,0.50000,99.50000
-0.44200,-0.16540,0.13662,-0.50000,0.50000,0.50000,0.50000,99.60000
-0.44200,-0.16530,0.13662,-0.50000,0.50000,0.50000,0.50000,99.70000
-0.44200,-0.16520,0.13662,-0.50000,0.50000,0.50000,0.50000,99.80000
-0.44200,-0.16510,0.13662,-0.50000,0.50000,0.50000,0.50000,99.90000
-0.44200,-0.16500,0.13662,-0.50000,0.50000,0.50000,0.50000,100.00000
-0.44200,-0.16490,0.13662,-0.50000,0.50000,0.50000,0.50000,100.10000
-0.44200,-0.16480,0.13662,-0.50000,0.50000,0.50000,0.50000,100.20000
-0.44200,-0.16470,0.13662,-0.50000,0.50000,0.50000,0.50000,100.30000
-0.44200,-0.16460,0.13662,-0.50000,0.50000,0.50000,0.50000,100.40000
-0.44200,-0.16450,0.13662,-0.50000,0.50000,0.50000,0.50000,100.50000
-0.44200,-0.16440,0.13662,-0.50000,0.50000,0.50000,0.50000,100.60000
-0.44200,-0.16430,0.13662,-0.50000,0.50000,0.50000,0.50000,100.70000
-0.44200,-0.16420,0.13662,-0.50000,0.50000,0.50000,0.50000,100.80000
-0.44200,-0.16410,0.13663,-0.50000,0.50000,0.50000,0.50000,100.90000
-0.44200,-0.16400,0.13663,-0.50000,0.50000,0.50000,0.50000,101.00000
-0.44200,-0.16390,0.13663,-0.50000,0.50000,0.50000,0.50000,101.10000
-0.44200,-0.16380,0.13663,-0.50000,0.50000,0.50000,0.50000,101.20000
-0.44200,-0.16370,0.13663,-0.50000,0.50000,0.50000,0.50000,101.30000
-0.44200,-0.16360,0.13663,-0.50000,0.50000,0.50000,0.50000,101.40000
-0.44200,-0.16350,0.13663,-0.50000,0.50000,0.50000,0.50000,101.50000
-0.44200,-0.16340,0.13663,-0.50000,0.50000,0.50000,0.50000,101.60000
-0.44200,-0.16330,0.13663,-0.50000,0.50000,0.50000,0.50000,101.70000
-0.44200,-0.16320,0.13663,-0.50000,0.50000,0.50000,0.50000,101.80000
-0.44200,-0.16310,0.13663,-0.50000,0.50000,0.50000,0.50000,101.90000
-0.44200,-0.16300,0.13663,-0.50000,0.50000,0.50000,0.50000,102.00000
-0.44200,-0.16290,0.13663,-0.50000,0.50000,0.50000,0.50000,102.10000
-0.44200,-0.16280,0.13663,-0.50000,0.50000,0.50000,0.50000,102.20000
-0.44200,-0.16270,0.13663,-0.50000,0.50000,0.50000,0.50000,102.30000
-0.44200,-0.16260,0.13663,-0.50000,0.50000,0.50000,0.50000,102.40000
-0.44200,-0.16250,0.13664,-0.50000,0.50000,0.50000,0.50000,102.50000
-0.44200,-0.16240,0.13664,-0.50000,0.50000,0.50000,0.50000,102.60000
-0.44200,-0.16230,0.13664,-0.50000,0.50000,0.50000,0.50000,102.70000
-0.44200,-0.16220,0.13664,-0.50000,0.50000,0.50000,0.50000,102.80000
-0.44200,-0.16210,0.13664,-0.50000,0.50000,0.50000,0.50000,102.90000
-0.44200,-0.16200,0.13664,-0.50000,0.50000,0.50000,0.50000,103.00000
-0.44200,-0.16190,0.13664,-0.50000,0.50000,0.50000,0.50000,103.10000
-0.44200,-0.16180,0.13664,-0.50000,0.50000,0.50000,0.50000,103.20000
-0.44200,-0.16170,0.13664,-0.50000,0.50000,0.50000,0.50000,103.30000
-0.44200,-0.16160,0.13664,-0.50000,0.50000,0.50000,0.50000,103.40000
-0.44200,-0.16150,0.13664,-0.50000,0.50000,0.50000,0.50000,103.50000
-0.44200,-0.16140,0.13664,-0.50000,0.50000,0.50000,0.50000,103.60000
-0.44200,-0.16130,0.13664,-0.50000,0.50000,0.50000,0.50000,103.70000
-0.44200,-0.16120,0.13664,-0.50000,0.50000,0.50000,0.50000,103.80000
-0.44200,-0.16110,0.13664,-0.50000,0.50000,0.50000,0.50000,103.90000
-0.44200,-0.16100,0.13664,-0.50000,0.50000,0.50000,0.50000,104.00000
-0.44200,-0.16090,0.13665,-0.50000,0.50000,0.50000,0.50000,104.10000
-0.44200,-0.16080,0.13665,-0.50000,0.50000,0.50000,0.50000,104.20000
-0.44200,-0.16070,0.13665,-0.50000,0.50000,0.50000,0.50000,104.30000
-0.44200,-0.16060,0.13665,-0.50000,0.50000,0.50000,0.50000,104.40000
-0.44200,-0.16050,0.13665,-0.50000,0.50000,0.50000,0.50000,104.50000
-0.44200,-0.16040,0.13665,-0.50000,0.50000,0.50000,0.50000,104.60000
-0.44200,-0.16030,0.13665,-0.50000,0.50000,0.50000,0.50000,104.70000
-0.44200,-0.16020,0.13665,-0.50000,0.50000,0.50000,0.50000,104.80000
-0.44200,-0.16010,0.13665,-0.50000,0.50000,0.50000,0.50000,104.90000
-0.44200,-0.16000,0.13665,-0.50000,0.50000,0.50000,0.50000,105.00000
-0.44200,-0.15990,0.13665,-0.50000,0.50000,0.50000,0.50000,105.10000
-0.44200,-0.15980,0.13665,-0.50000,0.50000,0.50000,0.50000,105.20000
-0.44200,-0.15970,0.13665,-0.50000,0.50000,0.50000,0.50000,105.30000
-0.44200,-0.15960,0.13665,-0.50000,0.50000,0.50000,0.50000,105.40000
-0.44200,-0.15950,0.13665,-0.50000,0.50000,0.50000,0.50000,105.50000
-0.44200,-0.15940,0.13665,-0.50000,0.50000,0.50000,0.50000,105.60000
-0.44200,-0.15930,0.13666,-0.50000,0.50000,0.50000,0.50000,105.70000
-0.44200,-0.15920,0.13666,-0.50000,0.50000,0.50000,0.50000,105.80000
-0.44200,-0.15910,0.13666,-0.50000,0.50000,0.50000,0.50000,105.90000
-0.44200,-0.15900,0.13666,-0.50000,0.50000,0.50000,0.50000,106.00000
-0.44200,-0.15890,0.13666,-0.50000,0.50000,0.50000,0.50000,106.10000
-0.44200,-0.15880,0.13666,-0.50000,0.50000,0.50000,0.50000,106.20000
-0.44200,-0.15870,0.13666,-0.50000,0.50000,0.50000,0.50000,106.30000
-0.44200,-0.15860,0.13666,-0.50000,0.50000,0.50000,0.50000,106.40000
-0.44200,-0.15850,0.13666,-0.50000,0.50000,0.50000,0.50000,106.50000
-0.44200,-0.15840,0.13666,-0.50000,0.50000,0.50000,0.50000,106.60000
-0.44200,-0.15830,0.13666,-0.50000,0.50000,0.50000,0.50000,106.70000
-0.44200,-0.15820,0.13666,-0.50000,0.50000,0.50000,0.50000,106.80000
-0.44200,-0.15810,0.13666,-0.50000,0.50000,0.50000,0.50000,106.90000
-0.44200,-0.15800,0.13666,-0.50000,0.50000,0.50000,0.50000,107.00000
-0.44200,-0.15790,0.13666,-0.50000,0.50000,0.50000,0.50000,107.10000
-0.44200,-0.15780,0.13666,-0.50000,0.50000,0.50000,0.50000,107.20000
-0.44200,-0.15770,0.13667,-0.50000,0.50000,0.50000,0.50000,107.30000
-0.44200,-0.15760,0.13667,-0.50000,0.50000,0.50000,0.50000,107.40000
-0.44200,-0.15750,0.13667,-0.50000,0.50000,0.50000,0.50000,107.50000
-0.44200,-0.15740,0.13667,-0.50000,0.50000,0.50000,0.50000,107.60000
-0.44200,-0.15730,0.13667,-0.50000,0.50000,0.50000,0.50000,107.70000
-0.44200,-0.15720,0.13667,-0.50000,0.50000,0.50000,0.50000,107.80000
-0.44200,-0.15710,0.13667,-0.50000,0.50000,0.50000,0.50000,107.90000
-0.44200,-0.15700,0.13667,-0.50000,0.50000,0.50000,0.50000,108.00000
-0.44200,-0.15690,0.13667,-0.50000,0.50000,0.50000,0.50000,108.10000
-0.44200,-0.15680,0.13667,-0.50000,0.50000,0.50000,0.50000,108.20000
-0.44200,-0.15670,0.13667,-0.50000,0.50000,0.50000,0.50000,108.30000
-0.44200,-0.15660,0.13667,-0.50000,0.50000,0.50000,0.50000,108.40000
-0.44200,-0.15650,0.13667,-0.50000,0.50000,0.50000,0.50000,108.50000
-0.44200,-0.15640,0.13667,-0.50000,0.50000,0.50000,0.50000,108.60000
-0.44200,-0.15630,0.13667,-0.50000,0.50000,0.50000,0.50000,108.70000
-0.44200,-0.15620,0.13667,-0.50000,0.50000,0.50000,0.50000,108.80000
-0.44200,-0.15610,0.13667,-0.50000,0.50000,0.50000,0.50000,108.90000
-0.44200,-0.15600,0.13668,-0.50000,0.50000,0.50000,0.50000,109.00000
-0.44200,-0.15590,0.13668,-0.50000,0.50000,0.50000,0.50000,109.10000
-0.44200,-0.15580,0.13668,-0.50000,0.50000,0.50000,0.50000,109.20000
-0.44200,-0.15570,0.13668,-0.50000,0.50000,0.50000,0.50000,109.30000
-0.44200,-0.15560,0.13668,-0.50000,0.50000,0.50000,0.50000,109.40000
-0.44200,-0.15550,0.13668,-0.50000,0.50000,0.50000,0.50000,109.50000
-0.44200,-0.15540,0.13668,-0.50000,0.50000,0.50000,0.50000,109.60000
-0.44200,-0.15530,0.13668,-0.50000,0.50000,0.50000,0.50000,109.70000
-0.44200,-0.15520,0.13668,-0.50000,0.50000,0.50000,0.50000,109.80000
-0.44200,-0.15510,0.13668,-0.50000,0.50000,0.50000,0.50000,109.90000
-0.44200,-0.15500,0.13668,-0.50000,0.50000,0.50000,0.50000,110.00000
-0.44200,-0.15490,0.13668,-0.50000,0.50000,0.50000,0.50000,110.10000
-0.44200,-0.15480,0.13668,-0.50000,0.50000,0.50000,0.50000,110.20000
-0.44200,-0.15470,0.13668,-0.50000,0.50000,0.50000,0.50000,110.30000
-0.44200,-0.15460,0.13668,-0.50000,0.50000,0.50000,0.50000,110.40000
-0.44200,-0.15450,0.13668,-0.50000,0.50000,0.50000,0.50000,110.50000
-0.44200,-0.15440,0.13669,-0.50000,0.50000,0.50000,0.50000,110.60000
-0.44200,-0.15430,0.13669,-0.50000,0.50000,0.50000,0.50000,110.70000
-0.44200,-0.15420,0.13669,-0.50000,0.50000,0.50000,0.50000,110.80000
-0.44200,-0.15410,0.13669,-0.50000,0.50000,0.50000,0.50000,110.90000
-0.44200,-0.15400,0.13669,-0.50000,0.50000,0.50000,0.50000,111.00000
-0.44200,-0.15390,0.13669,-0.50000,0.50000,0.50000,0.50000,111.10000
-0.44200,-0.15380,0.13669,-0.50000,0.50000,0.50000,0.50000,111.20000
-0.44200,-0.15370,0.13669,-0.50000,0.50000,0.50000,0.50000,111.30000
-0.44200,-0.15360,0.13669,-0.50000,0.50000,0.50000,0.50000,111.40000
-0.44200,-0.15350,0.13669,-0.50000,0.50000,0.50000,0.50000,111.50000
-0.44200,-0.15340,0.13669,-0.50000,0.50000,0.50000,0.50000,111.60000
-0.44200,-0.15330,0.13669,-0.50000,0.50000,0.50000,0.50000,111.70000
-0.44200,-0.15320,0.13669,-0.50000,0.50000,0.50000,0.50000,111.80000
-0.44200,-0.15310,0.13669,-0.50000,0.50000,0.50000,0.50000,111.90000
-0.44200,-0.15300,0.13669,-0.50000,0.50000,0.50000,0.50000,112.00000
-0.44200,-0.15290,0.13669,-0.50000,0.50000,0.50000,0.50000,112.10000
-0.44200,-0.15280,0.13670,-0.50000,0.50000,0.50000,0.50000,112.20000
-0.44200,-0.15270,0.13670,-0.50000,0.50000,0.50000,0.50000,112.30000
-0.44200,-0.15260,0.13670,-0.50000,0.50000,0.50000,0.50000,112.40000
-0.44200,-0.15250,0.13670,-0.50000,0.50000,0.50000,0.50000,112.50000
-0.44200,-0.15240,0.13670,-0.50000,0.50000,0.50000,0.50000,112.60000
-0.44200,-0.15230,0.13670,-0.50000,0.50000,0.50000,0.50000,112.70000
-0.44200,-0.15220,0.13670,-0.50000,0.50000,0.50000,0.50000,112.80000
-0.44200,-0.15210,0.13670,-0.50000,0.50000,0.50000,0.50000,112.90000
-0.44200,-0.15200,0.13670,-0.50000,0.50000,0.50000,0.50000,113.00000
-0.44200,-0.15190,0.13670,-0.50000,0.50000,0.50000,0.50000,113.10000
-0.44200,-0.15180,0.13670,-0.50000,0.50000,0.50000,0.50000,113.20000
-0.44200,-0.15170,0.13670,-0.50000,0.50000,0.50000,0.50000,113.30000
-0.44200,-0.15160,0.13670,-0.50000,0.50000,0.50000,0.50000,113.40000
-0.44200,-0.15150,0.13670,-0.50000,0.50000,0.50000,0.50000,113.50000
-0.44200,-0.15140,0.13670,-0.50000,0.50000,0.50000,0.50000,113.60000
-0.44200,-0.15130,0.13670,-0.50000,0.50000,0.50000,0.50000,113.70000
-0.44200,-0.15120,0.13671,-0.50000,0.50000,0.50000,0.50000,113.80000
-0.44200,-0.15110,0.13671,-0.50000,0.50000,0.50000,0.50000,113.90000
-0.44200,-0.15100,0.13671,-0.50000,0.50000,0.50000,0.50000,114.00000
-0.44200,-0.15090,0.13671,-0.50000,0.50000,0.50000,0.50000,114.10000
-0.44200,-0.15080,0.13671,-0.50000,0.50000,0.50000,0.50000,114.20000
-0.44200,-0.15070,0.13671,-0.50000,0.50000,0.50000,0.50000,114.30000
-0.44200,-0.15060,0.13671,-0.50000,0.50000,0.50000,0.50000,114.40000
-0.44200,-0.15050,0.13671,-0.50000,0.50000,0.50000,0.50000,114.50000
-0.44200,-0.15040,0.13671,-0.50000,0.50000,0.50000,0.50000,114.60000
-0.44200,-0.15030,0.13671,-0.50000,0.50000,0.50000,0.50000,114.70000
-0.44200,-0.15020,0.13671,-0.50000,0.50000,0.50000,0.50000,114.80000
-0.44200,-0.15010,0.13671,-0.50000,0.50000,0.50000,0.50000,114.90000
-0.44200,-0.15000,0.13671,-0.50000,0.50000,0.50000,0.50000,115.00000
-0.44200,-0.14990,0.13671,-0.50000,0.50000,0.50000,0.50000,115.10000
-0.44200,-0.14980,0.13671,-0.50000,0.50000,0.50000,0.50000,115.20000
-0.44200,-0.14970,0.13671,-0.50000,0.50000,0.50000,0.50000,115.30000
-0.44200,-0.14960,0.13672,-0.50000,0.50000,0.50000,0.50000,115.40000
-0.44200,-0.14950,0.13672,-0.50000,0.50000,0.50000,0.50000,115.50000
-0.44200,-0.14940,0.13672,-0.50000,0.50000,0.50000,0.50000,115.60000
-0.44200,-0.14930,0.13672,-0.50000,0.50000,0.50000,0.50000,115.70000
-0.44200,-0.14920,0.13672,-0.50000,0.50000,0.50000,0.50000,115.80000
-0.44200,-0.14910,0.13672,-0.50000,0.50000,0.50000,0.50000,115.90000
-0.44200,-0.14900,0.13672,-0.50000,0.50000,0.50000,0.50000,116.00000
-0.44200,-0.14890,0.13672,-0.50000,0.50000,0.50000,0.50000,116.10000
-0.44200,-0.14880,0.13672,-0.50000,0.50000,0.50000,0.50000,116.20000
-0.44200,-0.14870,0.13672,-0.50000,0.50000,0.50000,0.50000,116.30000
-0.44200,-0.14860,0.13672,-0.50000,0.50000,0.50000,0.50000,116.40000
-0.44200,-0.14850,0.13672,-0.50000,0.50000,0.50000,0.50000,116.50000
-0.44200,-0.14840,0.13672,-0.50000,0.50000,0.50000,0.50000,116.60000
-0.44200,-0.14830,0.13672,-0.50000,0.50000,0.50000,0.50000,116.70000
-0.44200,-0.14820,0.13672,-0.50000,0.50000,0.50000,0.50000,116.80000
-0.44200,-0.14810,0.13672,-0.50000,0.50000,0.50000,0.50000,116.90000
-0.44200,-0.14800,0.13673,-0.50000,0.50000,0.50000,0.50000,117.00000
-0.44200,-0.14790,0.13673,-0.50000,0.50000,0.50000,0.50000,117.10000
-0.44200,-0.14780,0.13673,-0.50000,0.50000,0.50000,0.50000,117.20000
-0.44200,-0.14770,0.13673,-0.50000,0.50000,0.50000,0.50000,117.30000
-0.44200,-0.14760,0.13673,-0.50000,0.50000,0.50000,0.50000,117.40000
-0.44200,-0.14750,0.13673,-0.50000,0.50000,0.50000,0.50000,117.50000
-0.44200,-0.14740,0.13673,-0.50000,0.50000,0.50000,0.50000,117.60000
-0.44200,-0.14730,0.13673,-0.50000,0.50000,0.50000,0.50000,117.70000
-0.44200,-0.14720,0.13673,-0.50000,0.50000,0.50000,0.50000,117.80000
-0.44200,-0.14710,0.13673,-0.50000,0.50000,0.50000,0.50000,117.90000
-0.44200,-0.14700,0.13673,-0.50000,0.50000,0.50000,0.50000,118.00000
-0.44200,-0.14690,0.13673,-0.50000,0.50000,0.50000,0.50000,118.10000
-0.44200,-0.14680,0.13673,-0.50000,0.50000,0.50000,0.50000,118.20000
-0.44200,-0.14670,0.13673,-0.50000,0.50000,0.50000,0.50000,118.30000
-0.44200,-0.14660,0.13673,-0.50000,0.50000,0.50000,0.50000,118.40000
-0.44200,-0.14650,0.13673,-0.50000,0.50000,0.50000,0.50000,118.50000
-0.44200,-0.14640,0.13674,-0.50000,0.50000,0.50000,0.50000,118.60000
-0.44200,-0.14630,0.13674,-0.50000,0.50000,0.50000,0.50000,118.70000
-0.44200,-0.14620,0.13674,-0.50000,0.50000,0.50000,0.50000,118.80000
-0.44200,-0.14610,0.13674,-0.50000,0.50000,0.50000,0.50000,118.90000
-0.44200,-0.14600,0.13674,-0.50000,0.50000,0.50000,0.50000,119.00000
-0.44200,-0.14590,0.13674,-0.50000,0.50000,0.50000,0.50000,119.10000
-0.44200,-0.14580,0.13674,-0.50000,0.50000,0.50000,0.50000,119.20000
-0.44200,-0.14570,0.13674,-0.50000,0.50000,0.50000,0.50000,119.30000
-0.44200,-0.14560,0.13674,-0.50000,0.50000,0.50000,0.50000,119.40000
-0.44200,-0.14550,0.13674,-0.50000,0.50000,0.50000,0.50000,119.50000
-0.44200,-0.14540,0.13674,-0.50000,0.50000,0.50000,0.50000,119.60000
-0.44200,-0.14530,0.13674,-0.50000,0.50000,0.50000,0.50000,119.70000
-0.44200,-0.14520,0.13674,-0.50000,0.50000,0.50000,0.50000,119.80000
-0.44200,-0.14510,0.13674,-0.50000,0.50000,0.50000,0.50000,119.90000
-0.44200,-0.14500,0.13674,-0.50000,0.50000,0.50000,0.50000,120.00000
-0.44200,-0.14490,0.13674,-0.50000,0.50000,0.50000,0.50000,120.10000
-0.44200,-0.14480,0.13675,-0.50000,0.50000,0.50000,0.50000,120.20000
-0.44200,-0.14470,0.13675,-0.50000,0.50000,0.50000,0.50000,120.30000
-0.44200,-0.14460,0.13675,-0.50000,0.50000,0.50000,0.50000,120.40000
-0.44200,-0.14450,0.13675,-0.50000,0.50000,0.50000,0.50000,120.50000
-0.44200,-0.14440,0.13675,-0.50000,0.50000,0.50000,0.50000,120.60000
-0.44200,-0.14430,0.13675,-0.50000,0.50000,0.50000,0.50000,120.70000
-0.44200,-0.14420,0.13675,-0.50000,0.50000,0.50000,0.50000,120.80000
-0.44200,-0.14410,0.13675,-0.50000,0.50000,0.50000,0.50000,120.90000
-0.44200,-0.14400,0.13675,-0.50000,0.50000,0.50000,0.50000,121.00000
-0.44200,-0.14390,0.13675,-0.50000,0.50000,0.50000,0.50000,121.10000
-0.44200,-0.14380,0.13675,-0.50000,0.50000,0.50000,0.50000,121.20000
-0.44200,-0.14370,0.13675,-0.50000,0.50000,0.50000,0.50000,121.30000
-0.44200,-0.14360,0.13675,-0.50000,0.50000,0.50000,0.50000,121.40000
-0.44200,-0.14350,0.13675,-0.50000,0.50000,0.50000,0.50000,121.50000
-0.44200,-0.14340,0.13675,-0.50000,0.50000,0.50000,0.50000,121.60000
-0.44200,-0.14330,0.13675,-0.50000,0.50000,0.50000,0.50000,121.70000
-0.44200,-0.14320,0.13675,-0.50000,0.50000,0.50000,0.50000,121.80000
-0.44200,-0.14310,0.13676,-0.50000,0.50000,0.50000,0.50000,121.90000
-0.44200,-0.14300,0.13676,-0.50000,0.50000,0.50000,0.50000,122.00000
-0.44200,-0.14290,0.13676,-0.50000,0.50000,0.50000,0.50000,122.10000
-0.44200,-0.14280,0.13676,-0.50000,0.50000,0.50000,0.50000,122.20000
-0.44200,-0.14270,0.13676,-0.50000,0.50000,0.50000,0.50000,122.30000
-0.44200,-0.14260,0.13676,-0.50000,0.50000,0.50000,0.50000,122.40000
-0.44200,-0.14250,0.13676,-0.50000,0.50000,0.50000,0.50000,122.50000
-0.44200,-0.14240,0.13676,-0.50000,0.50000,0.50000,0.50000,122.60000
-0.44200,-0.14230,0.13676,-0.50000,0.50000,0.50000,0.50000,122.70000
-0.44200,-0.14220,0.13676,-0.50000,0.50000,0.50000,0.50000,122.80000
-0.44200,-0.14210,0.13676,-0.50000,0.50000,0.50000,0.50000,122.90000
-0.44200,-0.14200,0.13676,-0.50000,0.50000,0.50000,0.50000,123.00000
-0.44200,-0.14190,0.13676,-0.50000,0.50000,0.50000,0.50000,123.10000
-0.44200,-0.14180,0.13676,-0.50000,0.50000,0.50000,0.50000,123.20000
-0.44200,-0.14170,0.13676,-0.50000,0.50000,0.50000,0.50000,123.30000
-0.44200,-0.14160,0.13676,-0.50000,0.50000,0.50000,0.50000,123.40000
-0.44200,-0.14150,0.13677,-0.50000,0.50000,0.50000,0.50000,123.50000
-0.44200,-0.14140,0.13677,-0.50000,0.50000,0.50000,0.50000,123.60000
-0.44200,-0.14130,0.13677,-0.50000,0.50000,0.50000,0.50000,123.70000
-0.44200,-0.14120,0.13677,-0.50000,0.50000,0.50000,0.50000,123.80000
-0.44200,-0.14110,0.13677,-0.50000,0.50000,0.50000,0.50000,123.90000
-0.44200,-0.14100,0.13677,-0.50000,0.50000,0.50000,0.50000,124.00000
-0.44200,-0.14090,0.13677,-0.50000,0.50000,0.50000,0.50000,124.10000
-0.44200,-0.14080,0.13677,-0.50000,0.50000,0.50000,0.50000,124.20000
-0.44200,-0.14070,0.13677,-0.50000,0.50000,0.50000,0.50000,124.30000
-0.44200,-0.14060,0.13677,-0.50000,0.50000,0.50000,0.50000,124.40000
-0.44200,-0.14050,0.13677,-0.50000,0.50000,0.50000,0.50000,124.50000
-0.44200,-0.14040,0.13677,-0.50000,0.50000,0.50000,0.50000,124.60000
-0.44200,-0.14030,0.13677,-0.50000,0.50000,0.50000,0.50000,124.70000
-0.44200,-0.14020,0.13677,-0.50000,0.50000,0.50000,0.50000,124.80000
-0.44200,-0.14010,0.13677,-0.50000,0.50000,0.50000,0.50000,124.90000
-0.44200,-0.14000,0.13677,-0.50000,0.50000,0.50000,0.50000,125.00000
-0.44200,-0.13990,0.13678,-0.50000,0.50000,0.50000,0.50000,125.10000
-0.44200,-0.13980,0.13678,-0.50000,0.50000,0.50000,0.50000,125.20000
-0.44200,-0.13970,0.13678,-0.50000,0.50000,0.50000,0.50000,125.30000
-0.44200,-0.13960,0.13678,-0.50000,0.50000,0.50000,0.50000,125.40000
-0.44200,-0.13950,0.13678,-0.50000,0.50000,0.50000,0.50000,125.50000
-0.44200,-0.13940,0.13678,-0.50000,0.50000,0.50000,0.50000,125.60000
-0.44200,-0.13930,0.13678,-0.50000,0.50000,0.50000,0.50000,125.70000
-0.44200,-0.13920,0.13678,-0.50000,0.50000,0.50000,0.50000,125.80000
-0.44200,-0.13910,0.13678,-0.50000,0.50000,0.50000,0.50000,125.90000
-0.44200,-0.13900,0.13678,-0.50000,0.50000,0.50000,0.50000,126.00000
-0.44200,-0.13890,0.13678,-0.50000,0.50000,0.50000,0.50000,126.10000
-0.44200,-0.13880,0.13678,-0.50000,0.50000,0.50000,0.50000,126.20000
-0.44200,-0.13870,0.13678,-0.50000,0.50000,0.50000,0.50000,126.30000
-0.44200,-0.13860,0.13678,-0.50000,0.50000,0.50000,0.50000,126.40000
-0.44200,-0.13850,0.13678,-0.50000,0.50000,0.50000,0.50000,126.50000
-0.44200,-0.13840,0.13678,-0.50000,0.50000,0.50000,0.50000,126.60000
-0.44200,-0.13830,0.13679,-0.50000,0.50000,0.50000,0.50000,126.70000
-0.44200,-0.13820,0.13679,-0.50000,0.50000,0.50000,0.50000,126.80000
-0.44200,-0.13810,0.13679,-0.50000,0.50000,0.50000,0.50000,126.90000
-0.44200,-0.13800,0.13679,-0.50000,0.50000,0.50000,0.50000,127.00000
-0.44200,-0.13790,0.13679,-0.50000,0.50000,0.50000,0.50000,127.10000
-0.44200,-0.13780,0.13679,-0.50000,0.50000,0.50000,0.50000,127.20000
-0.44200,-0.13770,0.13679,-0.50000,0.50000,0.50000,0.50000,127.30000
-0.44200,-0.13760,0.13679,-0.50000,0.50000,0.50000,0.50000,127.40000
-0.44200,-0.13750,0.13679,-0.50000,0.50000,0.50000,0.50000,127.50000
-0.44200,-0.13740,0.13679,-0.50000,0.50000,0.50000,0.50000,127.60000
-0.44200,-0.13730,0.13679,-0.50000,0.50000,0.50000,0.50000,127.70000
-0.44200,-0.13720,0.13679,-0.50000,0.50000,0.50000,0.50000,127.80000
-0.44200,-0.13710,0.13679,-0.50000,0.50000,0.50000,0.50000,127.90000
-0.44200,-0.13700,0.13679,-0.50000,0.50000,0.50000,0.50000,128.00000
-0.44200,-0.13690,0.13679,-0.50000,0.50000,0.50000,0.50000,128.10000
-0.44200,-0.13680,0.13679,-0.50000,0.50000,0.50000,0.50000,128.20000
-0.44200,-0.13670,0.13680,-0.50000,0.50000,0.50000,0.50000,128.30000
-0.44200,-0.13660,0.13680,-0.50000,0.50000,0.50000,0.50000,128.40000
-0.44200,-0.13650,0.13680,-0.50000,0.50000,0.50000,0.50000,128.50000
-0.44200,-0.13640,0.13680,-0.50000,0.50000,0.50000,0.50000,128.60000
-0.44200,-0.13630,0.13680,-0.50000,0.50000,0.50000,0.50000,128.70000
-0.44200,-0.13620,0.13680,-0.50000,0.50000,0.50000,0.50000,128.80000
-0.44200,-0.13610,0.13680,-0.50000,0.50000,0.50000,0.50000,128.90000
-0.44200,-0.13600,0.13680,-0.50000,0.50000,0.50000,0.50000,129.00000
-0.44200,-0.13590,0.13680,-0.50000,0.50000,0.50000,0.50000,129.10000
-0.44200,-0.13580,0.13680,-0.50000,0.50000,0.50000,0.50000,129.20000
-0.44200,-0.13570,0.13680,-0.50000,0.50000,0.50000,0.50000,129.30000
-0.44200,-0.13560,0.13680,-0.50000,0.50000,0.50000,0.50000,129.40000
-0.44200,-0.13550,0.13680,-0.50000,0.50000,0.50000,0.50000,129.50000
-0.44200,-0.13540,0.13680,-0.50000,0.50000,0.50000,0.50000,129.60000
-0.44200,-0.13530,0.13680,-0.50000,0.50000,0.50000,0.50000,129.70000
-0.44200,-0.13520,0.13680,-0.50000,0.50000,0.50000,0.50000,129.80000
-0.44200,-0.13510,0.13681,-0.50000,0.50000,0.50000,0.50000,129.90000
-0.44200,-0.13500,0.13681,-0.50000,0.50000,0.50000,0.50000,130.00000
-0.44200,-0.13490,0.13681,-0.50000,0.50000,0.50000,0.50000,130.10000
-0.44200,-0.13480,0.13681,-0.50000,0.50000,0.50000,0.50000,130.20000
-0.44200,-0.13470,0.13681,-0.50000,0.50000,0.50000,0.50000,130.30000
-0.44200,-0.13460,0.13681,-0.50000,0.50000,0.50000,0.50000,130.40000
-0.44200,-0.13450,0.13681,-0.50000,0.50000,0.50000,0.50000,130.50000
-0.44200,-0.13440,0.13681,-0.50000,0.50000,0.50000,0.50000,130.60000
-0.44200,-0.13430,0.13681,-0.50000,0.50000,0.50000,0.50000,130.70000
-0.44200,-0.13420,0.13681,-0.50000,0.50000,0.50000,0.50000,130.80000
-0.44200,-0.13410,0.13681,-0.50000,0.50000,0.50000,0.50000,130.90000
-0.44200,-0.13400,0.13681,-0.50000,0.50000,0.50000,0.50000,131.00000
-0.44200,-0.13390,0.13681,-0.50000,0.50000,0.50000,0.50000,131.10000
-0.44200,-0.13380,0.13681,-0.50000,0.50000,0.50000,0.50000,131.20000
-0.44200,-0.13370,0.13681,-0.50000,0.50000,0.50000,0.50000,131.30000
-0.44200,-0.13360,0.13681,-0.50000,0.50000,0.50000,0.50000,131.40000
-0.44200,-0.13350,0.13682,-0.50000,0.50000,0.50000,0.50000,131.50000
-0.44200,-0.13340,0.13682,-0.50000,0.50000,0.50000,0.50000,131.60000
-0.44200,-0.13330,0.13682,-0.50000,0.50000,0.50000,0.50000,131.70000
-0.44200,-0.13320,0.13682,-0.50000,0.50000,0.50000,0.50000,131.80000
-0.44200,-0.13310,0.13682,-0.50000,0.50000,0.50000,0.50000,131.90000
-0.44200,-0.13300,0.13682,-0.50000,0.50000,0.50000,0.50000,132.00000
-0.44200,-0.13290,0.13682,-0.50000,0.50000,0.50000,0.50000,132.10000
-0.44200,-0.13280,0.13682,-0.50000,0.50000,0.50000,0.50000,132.20000
-0.44200,-0.13270,0.13682,-0.50000,0.50000,0.50000,0.50000,132.30000
-0.44200,-0.13260,0.13682,-0.50000,0.50000,0.50000,0.50000,132.40000
-0.44200,-0.13250,0.13682,-0.50000,0.50000,0.50000,0.50000,132.50000
-0.44200,-0.13240,0.13682,-0.50000,0.50000,0.50000,0.50000,132.60000
-0.44200,-0.13230,0.13682,-0.50000,0.50000,0.50000,0.50000,132.70000
-0.44200,-0.13220,0.13682,-0.50000,0.50000,0.50000,0.50000,132.80000
-0.44200,-0.13210,0.13682,-0.50000,0.50000,0.50000,0.50000,132.90000
-0.44200,-0.13200,0.13682,-0.50000,0.50000,0.50000,0.50000,133.00000
-0.44200,-0.13190,0.13682,-0.50000,0.50000,0.50000,0.50000,133.10000
-0.44200,-0.13180,0.13683,-0.50000,0.50000,0.50000,0.50000,133.20000
-0.44200,-0.13170,0.13683,-0.50000,0.50000,0.50000,0.50000,133.30000
-0.44200,-0.13160,0.13683,-0.50000,0.50000,0.50000,0.50000,133.40000
-0.44200,-0.13150,0.13683,-0.50000,0.50000,0.50000,0.50000,133.50000
-0.44200,-0.13140,0.13683,-0.50000,0.50000,0.50000,0.50000,133.60000
-0.44200,-0.13130,0.13683,-0.50000,0.50000,0.50000,0.50000,133.70000
-0.44200,-0.13120,0.13683,-0.50000,0.50000,0.50000,0.50000,133.80000
-0.44200,-0.13110,0.13683,-0.50000,0.50000,0.50000,0.50000,133.90000
-0.44200,-0.13100,0.13683,-0.50000,0.50000,0.50000,0.50000,134.00000
-0.44200,-0.13090,0.13683,-0.50000,0.50000,0.50000,0.50000,134.10000
-0.44200,-0.13080,0.13683,-0.50000,0.50000,0.50000,0.50000,134.20000
-0.44200,-0.13070,0.13683,-0.50000,0.50000,0.50000,0.50000,134.30000
-0.44200,-0.13060,0.13683,-0.50000,0.50000,0.50000,0.50000,134.40000
-0.44200,-0.13050,0.13683,-0.50000,0.50000,0.50000,0.50000,134.50000
-0.44200,-0.13040,0.13683,-0.50000,0.50000,0.50000,0.50000,134.60000
-0.44200,-0.13030,0.13683,-0.50000,0.50000,0.50000,0.50000,134.70000
-0.44200,-0.13020,0.13684,-0.50000,0.50000,0.50000,0.50000,134.80000
-0.44200,-0.13010,0.13684,-0.50000,0.50000,0.50000,0.50000,134.90000
-0.44200,-0.13000,0.13684,-0.50000,0.50000,0.50000,0.50000,135.00000
-0.44200,-0.12990,0.13684,-0.50000,0.50000,0.50000,0.50000,135.10000
-0.44200,-0.12980,0.13684,-0.50000,0.50000,0.50000,0.50000,135.20000
-0.44200,-0.12970,0.13684,-0.50000,0.50000,0.50000,0.50000,135.30000
-0.44200,-0.12960,0.13684,-0.50000,0.50000,0.50000,0.50000,135.40000
-0.44200,-0.12950,0.13684,-0.50000,0.50000,0.50000,0.50000,135.50000
-0.44200,-0.12940,0.13684,-0.50000,0.50000,0.50000,0.50000,135.60000
-0.44200,-0.12930,0.13684,-0.50000,0.50000,0.50000,0.50000,135.70000
-0.44200,-0.12920,0.13684,-0.50000,0.50000,0.50000,0.50000,135.80000
-0.44200,-0.12910,0.13684,-0.50000,0.50000,0.50000,0.50000,135.90000
-0.44200,-0.12900,0.13684,-0.50000,0.50000,0.50000,0.50000,136.00000
-0.44200,-0.12890,0.13684,-0.50000,0.50000,0.50000,0.50000,136.10000
-0.44200,-0.12880,0.13684,-0.50000,0.50000,0.50000,0.50000,136.20000
-0.44200,-0.12870,0.13684,-0.50000,0.50000,0.50000,0.50000,136.30000
-0.44200,-0.12860,0.13685,-0.50000,0.50000,0.50000,0.50000,136.40000
-0.44200,-0.12850,0.13685,-0.50000,0.50000,0.50000,0.50000,136.50000
-0.44200,-0.12840,0.13685,-0.50000,0.50000,0.50000,0.50000,136.60000
-0.44200,-0.12830,0.13685,-0.50000,0.50000,0.50000,0.50000,136.70000
-0.44200,-0.12820,0.13685,-0.50000,0.50000,0.50000,0.50000,136.80000
-0.44200,-0.12810,0.13685,-0.50000,0.50000,0.50000,0.50000,136.90000
-0.44200,-0.12800,0.13685,-0.50000,0.50000,0.50000,0.50000,137.00000
-0.44200,-0.12790,0.13685,-0.50000,0.50000,0.50000,0.50000,137.10000
-0.44200,-0.12780,0.13685,-0.50000,0.50000,0.50000,0.50000,137.20000
-0.44200,-0.12770,0.13685,-0.50000,0.50000,0.50000,0.50000,137.30000
-0.44200,-0.12760,0.13685,-0.50000,0.50000,0.50000,0.50000,137.40000
-0.44200,-0.12750,0.13685,-0.50000,0.50000,0.50000,0.50000,137.50000
-0.44200,-0.12740,0.13685,-0.50000,0.50000,0.50000,0.50000,137.60000
-0.44200,-0.12730,0.13685,-0.50000,0.50000,0.50000,0.50000,137.70000
-0.44200,-0.12720,0.13685,-0.50000,0.50000,0.50000,0.50000,137.80000
-0.44200,-0.12710,0.13685,-0.50000,0.50000,0.50000,0.50000,137.90000
-0.44200,-0.12700,0.13686,-0.50000,0.50000,0.50000,0.50000,138.00000
-0.44200,-0.12690,0.13686,-0.50000,0.50000,0.50000,0.50000,138.10000
-0.44200,-0.12680,0.13686,-0.50000,0.50000,0.50000,0.50000,138.20000
-0.44200,-0.12670,0.13686,-0.50000,0.50000,0.50000,0.50000,138.30000
-0.44200,-0.12660,0.13686,-0.50000,0.50000,0.50000,0.50000,138.40000
-0.44200,-0.12650,0.13686,-0.50000,0.50000,0.50000,0.50000,138.50000
-0.44200,-0.12640,0.13686,-0.50000,0.50000,0.50000,0.50000,138.60000
-0.44200,-0.12630,0.13686,-0.50000,0.50000,0.50000,0.50000,138.70000
-0.44200,-0.12620,0.13686,-0.50000,0.50000,0.50000,0.50000,138.80000
-0.44200,-0.12610,0.13686,-0.50000,0.50000,0.50000,0.50000,138.90000
-0.44200,-0.12600,0.13686,-0.50000,0.50000,0.50000,0.50000,139.00000
-0.44200,-0.12590,0.13686,-0.50000,0.50000,0.50000,0.50000,139.10000
-0.44200,-0.12580,0.13686,-0.50000,0.50000,0.50000,0.50000,139.20000
-0.44200,-0.12570,0.13686,-0.50000,0.50000,0.50000,0.50000,139.30000
-0.44200,-0.12560,0.13686,-0.50000,0.50000,0.50000,0.50000,139.40000
-0.44200,-0.12550,0.13686,-0.50000,0.50000,0.50000,0.50000,139.50000
-0.44200,-0.12540,0.13687,-0.50000,0.50000,0.50000,0.50000,139.60000
-0.44200,-0.12530,0.13687,-0.50000,0.50000,0.50000,0.50000,139.70000
-0.44200,-0.12520,0.13687,-0.50000,0.50000,0.50000,0.50000,139.80000
-0.44200,-0.12510,0.13687,-0.50000,0.50000,0.50000,0.50000,139.90000
-0.44200,-0.12500,0.13687,-0.50000,0.50000,0.50000,0.50000,140.00000
-0.44200,-0.12490,0.13687,-0.50000,0.50000,0.50000,0.50000,140.10000
-0.44200,-0.12480,0.13687,-0.50000,0.50000,0.50000,0.50000,140.20000
-0.44200,-0.12470,0.13687,-0.50000,0.50000,0.50000,0.50000,140.30000
-0.44200,-0.12460,0.13687,-0.50000,0.50000,0.50000,0.50000,140.40000
-0.44200,-0.12450,0.13687,-0.50000,0.50000,0.50000,0.50000,140.50000
-0.44200,-0.12440,0.13687,-0.50000,0.50000,0.50000,0.50000,140.60000
-0.44200,-0.12430,0.13687,-0.50000,0.50000,0.50000,0.50000,140.70000
-0.44200,-0.12420,0.13687,-0.50000,0.50000,0.50000,0.50000,140.80000
-0.44200,-0.12410,0.13687,-0.50000,0.50000,0.50000,0.50000,140.90000
-0.44200,-0.12400,0.13687,-0.50000,0.50000,0.50000,0.50000,141.00000
-0.44200,-0.12390,0.13687,-0.50000,0.50000,0.50000,0.50000,141.10000
-0.44200,-0.12380,0.13688,-0.50000,0.50000,0.50000,0.50000,141.20000
-0.44200,-0.12370,0.13688,-0.50000,0.50000,0.50000,0.50000,141.30000
-0.44200,-0.12360,0.13688,-0.50000,0.50000,0.50000,0.50000,141.40000
-0.44200,-0.12350,0.13688,-0.50000,0.50000,0.50000,0.50000,141.50000
-0.44200,-0.12340,0.13688,-0.50000,0.50000,0.50000,0.50000,141.60000
-0.44200,-0.12330,0.13688,-0.50000,0.50000,0.50000,0.50000,141.70000
-0.44200,-0.12320,0.13688,-0.50000,0.50000,0.50000,0.50000,141.80000
-0.44200,-0.12310,0.13688,-0.50000,0.50000,0.50000,0.50000,141.90000
-0.44200,-0.12300,0.13688,-0.50000,0.50000,0.50000,0.50000,142.00000
-0.44200,-0.12290,0.13688,-0.50000,0.50000,0.50000,0.50000,142.10000
-0.44200,-0.12280,0.13688,-0.50000,0.50000,0.50000,0.50000,142.20000
-0.44200,-0.12270,0.13688,-0.50000,0.50000,0.50000,0.50000,142.30000
-0.44200,-0.12260,0.13688,-0.50000,0.50000,0.50000,0.50000,142.40000
-0.44200,-0.12250,0.13688,-0.50000,0.50000,0.50000,0.50000,142.50000
-0.44200,-0.12240,0.13688,-0.50000,0.50000,0.50000,0.50000,142.60000
-0.44200,-0.12230,0.13688,-0.50000,0.50000,0.50000,0.50000,142.70000
-0.44200,-0.12220,0.13689,-0.50000,0.50000,0.50000,0.50000,142.80000
-0.44200,-0.12210,0.13689,-0.50000,0.50000,0.50000,0.50000,142.90000
-0.44200,-0.12200,0.13689,-0.50000,0.50000,0.50000,0.50000,143.00000
-0.44200,-0.12190,0.13689,-0.50000,0.50000,0.50000,0.50000,143.10000
-0.44200,-0.12180,0.13689,-0.50000,0.50000,0.50000,0.50000,143.20000
-0.44200,-0.12170,0.13689,-0.50000,0.50000,0.50000,0.50000,143.30000
-0.44200,-0.12160,0.13689,-0.50000,0.50000,0.50000,0.50000,143.40000
-0.44200,-0.12150,0.13689,-0.50000,0.50000,0.50000,0.50000,143.50000
-0.44200,-0.12140,0.13689,-0.50000,0.50000,0.50000,0.50000,143.60000
-0.44200,-0.12130,0.13689,-0.50000,0.50000,0.50000,0.50000,143.70000
-0.44200,-0.12120,0.13689,-0.50000,0.50000,0.50000,0.50000,143.80000
-0.44200,-0.12110,0.13689,-0.50000,0.50000,0.50000,0.50000,143.90000
-0.44200,-0.12100,0.13689,-0.50000,0.50000,0.50000,0.50000,144.00000
-0.44200,-0.12090,0.13689,-0.50000,0.50000,0.50000,0.50000,144.10000
-0.44200,-0.12080,0.13689,-0.50000,0.50000,0.50000,0.50000,144.20000
-0.44200,-0.12070,0.13689,-0.50000,0.50000,0.50000,0.50000,144.30000
-0.44200,-0.12060,0.13690,-0.50000,0.50000,0.50000,0.50000,144.40000
-0.44200,-0.12050,0.13690,-0.50000,0.50000,0.50000,0.50000,144.50000
-0.44200,-0.12040,0.13690,-0.50000,0.50000,0.50000,0.50000,144.60000
-0.44200,-0.12030,0.13690,-0.50000,0.50000,0.50000,0.50000,144.70000
-0.44200,-0.12020,0.13690,-0.50000,0.50000,0.50000,0.50000,144.80000
-0.44200,-0.12010,0.13690,-0.50000,0.50000,0.50000,0.50000,144.90000
-0.44200,-0.12000,0.13690,-0.50000,0.50000,0.50000,0.50000,145.00000
-0.44200,-0.11990,0.13690,-0.50000,0.50000,0.50000,0.50000,145.10000
-0.44200,-0.11980,0.13690,-0.50000,0.50000,0.50000,0.50000,145.20000
-0.44200,-0.11970,0.13690,-0.50000,0.50000,0.50000,0.50000,145.30000
-0.44200,-0.11960,0.13690,-0.50000,0.50000,0.50000,0.50000,145.40000
-0.44200,-0.11950,0.13690,-0.50000,0.50000,0.50000,0.50000,145.50000
-0.44200,-0.11940,0.13690,-0.50000,0.50000,0.50000,0.50000,145.60000
-0.44200,-0.11930,0.13690,-0.50000,0.50000,0.50000,0.50000,145.70000
-0.44200,-0.11920,0.13690,-0.50000,0.50000,0.50000,0.50000,145.80000
-0.44200,-0.11910,0.13690,-0.50000,0.50000,0.50000,0.50000,145.90000
-0.44200,-0.11900,0.13690,-0.50000,0.50000,0.50000,0.50000,146.00000
-0.44200,-0.11890,0.13691,-0.50000,0.50000,0.50000,0.50000,146.10000
-0.44200,-0.11880,0.13691,-0.50000,0.50000,0.50000,0.50000,146.20000
-0.44200,-0.11870,0.13691,-0.50000,0.50000,0.50000,0.50000,146.30000
-0.44200,-0.11860,0.13691,-0.50000,0.50000,0.50000,0.50000,146.40000
-0.44200,-0.11850,0.13691,-0.50000,0.50000,0.50000,0.50000,146.50000
-0.44200,-0.11840,0.13691,-0.50000,0.50000,0.50000,0.50000,146.60000
-0.44200,-0.11830,0.13691,-0.50000,0.50000,0.50000,0.50000,146.70000
-0.44200,-0.11820,0.13691,-0.50000,0.50000,0.50000,0.50000,146.80000
-0.44200,-0.11810,0.13691,-0.50000,0.50000,0.50000,0.50000,146.90000
-0.44200,-0.11800,0.13691,-0.50000,0.50000,0.50000,0.50000,147.00000
-0.44200,-0.11790,0.13691,-0.50000,0.50000,0.50000,0.50000,147.10000
-0.44200,-0.11780,0.13691,-0.50000,0.50000,0.50000,0.50000,147.20000
-0.44200,-0.11770,0.13691,-0.50000,0.50000,0.50000,0.50000,147.30000
-0.44200,-0.11760,0.13691,-0.50000,0.50000,0.50000,0.50000,147.40000
-0.44200,-0.11750,0.13691,-0.50000,0.50000,0.50000,0.50000,147.50000
-0.44200,-0.11740,0.13691,-0.50000,0.50000,0.50000,0.50000,147.60000
-0.44200,-0.11730,0.13692,-0.50000,0.50000,0.50000,0.50000,147.70000
-0.44200,-0.11720,0.13692,-0.50000,0.50000,0.50000,0.50000,147.80000
-0.44200,-0.11710,0.13692,-0.50000,0.50000,0.50000,0.50000,147.90000
-0.44200,-0.11700,0.13692,-0.50000,0.50000,0.50000,0.50000,148.00000
-0.44200,-0.11690,0.13692,-0.50000,0.50000,0.50000,0.50000,148.10000
-0.44200,-0.11680,0.13692,-0.50000,0.50000,0.50000,0.50000,148.20000
-0.44200,-0.11670,0.13692,-0.50000,0.50000,0.50000,0.50000,148.30000
-0.44200,-0.11660,0.13692,-0.50000,0.50000,0.50000,0.50000,148.40000
-0.44200,-0.11650,0.13692,-0.50000,0.50000,0.50000,0.50000,148.50000
-0.44200,-0.11640,0.13692,-0.50000,0.50000,0.50000,0.50000,148.60000
-0.44200,-0.11630,0.13692,-0.50000,0.50000,0.50000,0.50000,148.70000
-0.44200,-0.11620,0.13692,-0.50000,0.50000,0.50000,0.50000,148.80000
-0.44200,-0.11610,0.13692,-0.50000,0.50000,0.50000,0.50000,148.90000
-0.44200,-0.11600,0.13692,-0.50000,0.50000,0.50000,0.50000,149.00000
-0.44200,-0.11590,0.13692,-0.50000,0.50000,0.50000,0.50000,149.10000
-0.44200,-0.11580,0.13692,-0.50000,0.50000,0.50000,0.50000,149.20000
-0.44200,-0.11570,0.13693,-0.50000,0.50000,0.50000,0.50000,149.30000
-0.44200,-0.11560,0.13693,-0.50000,0.50000,0.50000,0.50000,149.40000
-0.44200,-0.11550,0.13693,-0.50000,0.50000,0.50000,0.50000,149.50000
-0.44200,-0.11540,0.13693,-0.50000,0.50000,0.50000,0.50000,149.60000
-0.44200,-0.11530,0.13693,-0.50000,0.50000,0.50000,0.50000,149.70000
-0.44200,-0.11520,0.13693,-0.50000,0.50000,0.50000,0.50000,149.80000
-0.44200,-0.11510,0.13693,-0.50000,0.50000,0.50000,0.50000,149.90000
-0.44200,-0.11500,0.13693,-0.50000,0.50000,0.50000,0.50000,150.00000
-0.44200,-0.11490,0.13693,-0.50000,0.50000,0.50000,0.50000,150.10000
-0.44200,-0.11480,0.13693,-0.50000,0.50000,0.50000,0.50000,150.20000
-0.44200,-0.11470,0.13693,-0.50000,0.50000,0.50000,0.50000,150.30000
-0.44200,-0.11460,0.13693,-0.50000,0.50000,0.50000,0.50000,150.40000
-0.44200,-0.11450,0.13693,-0.50000,0.50000,0.50000,0.50000,150.50000
-0.44200,-0.11440,0.13693,-0.50000,0.50000,0.50000,0.50000,150.60000
-0.44200,-0.11430,0.13693,-0.50000,0.50000,0.50000,0.50000,150.70000
-0.44200,-0.11420,0.13693,-0.50000,0.50000,0.50000,0.50000,150.80000
-0.44200,-0.11410,0.13694,-0.50000,0.50000,0.50000,0.50000,150.90000
-0.44200,-0.11400,0.13694,-0.50000,0.50000,0.50000,0.50000,151.00000
-0.44200,-0.11390,0.13694,-0.50000,0.50000,0.50000,0.50000,151.10000
-0.44200,-0.11380,0.13694,-0.50000,0.50000,0.50000,0.50000,151.20000
-0.44200,-0.11370,0.13694,-0.50000,0.50000,0.50000,0.50000,151.30000
-0.44200,-0.11360,0.13694,-0.50000,0.50000,0.50000,0.50000,151.40000
-0.44200,-0.11350,0.13694,-0.50000,0.50000,0.50000,0.50000,151.50000
-0.44200,-0.11340,0.13694,-0.50000,0.50000,0.50000,0.50000,151.60000
-0.44200,-0.11330,0.13694,-0.50000,0.50000,0.50000,0.50000,151.70000
-0.44200,-0.11320,0.13694,-0.50000,0.50000,0.50000,0.50000,151.80000
-0.44200,-0.11310,0.13694,-0.50000,0.50000,0.50000,0.50000,151.90000
-0.44200,-0.11300,0.13694,-0.50000,0.50000,0.50000,0.50000,152.00000
-0.44200,-0.11290,0.13694,-0.50000,0.50000,0.50000,0.50000,152.10000
-0.44200,-0.11280,0.13694,-0.50000,0.50000,0.50000,0.50000,152.20000
-0.44200,-0.11270,0.13694,-0.50000,0.50000,0.50000,0.50000,152.30000
-0.44200,-0.11260,0.13694,-0.50000,0.50000,0.50000,0.50000,152.40000
-0.44200,-0.11250,0.13695,-0.50000,0.50000,0.50000,0.50000,152.50000
-0.44200,-0.11240,0.13695,-0.50000,0.50000,0.50000,0.50000,152.60000
-0.44200,-0.11230,0.13695,-0.50000,0.50000,0.50000,0.50000,152.70000
-0.44200,-0.11220,0.13695,-0.50000,0.50000,0.50000,0.50000,152.80000
-0.44200,-0.11210,0.13695,-0.50000,0.50000,0.50000,0.50000,152.90000
-0.44200,-0.11200,0.13695,-0.50000,0.50000,0.50000,0.50000,153.00000
-0.44200,-0.11190,0.13695,-0.50000,0.50000,0.50000,0.50000,153.10000
-0.44200,-0.11180,0.13695,-0.50000,0.50000,0.50000,0.50000,153.20000
-0.44200,-0.11170,0.13695,-0.50000,0.50000,0.50000,0.50000,153.30000
-0.44200,-0.11160,0.13695,-0.50000,0.50000,0.50000,0.50000,153.40000
-0.44200,-0.11150,0.13695,-0.50000,0.50000,0.50000,0.50000,153.50000
-0.44200,-0.11140,0.13695,-0.50000,0.50000,0.50000,0.50000,153.60000
-0.44200,-0.11130,0.13695,-0.50000,0.50000,0.50000,0.50000,153.70000
-0.44200,-0.11120,0.13695,-0.50000,0.50000,0.50000,0.50000,153.80000
-0.44200,-0.11110,0.13695,-0.50000,0.50000,0.50000,0.50000,153.90000
-0.44200,-0.11100,0.13695,-0.50000,0.50000,0.50000,0.50000,154.00000
-0.44200,-0.11090,0.13696,-0.50000,0.50000,0.50000,0.50000,154.10000
-0.44200,-0.11080,0.13696,-0.50000,0.50000,0.50000,0.50000,154.20000
-0.44200,-0.11070,0.13696,-0.50000,0.50000,0.50000,0.50000,154.30000
-0.44200,-0.11060,0.13696,-0.50000,0.50000,0.50000,0.50000,154.40000
-0.44200,-0.11050,0.13696,-0.50000,0.50000,0.50000,0.50000,154.50000
-0.44200,-0.11040,0.13696,-0.50000,0.50000,0.50000,0.50000,154.60000
-0.44200,-0.11030,0.13696,-0.50000,0.50000,0.50000,0.50000,154.70000
-0.44200,-0.11020,0.13696,-0.50000,0.50000,0.50000,0.50000,154.80000
-0.44200,-0.11010,0.13696,-0.50000,0.50000,0.50000,0.50000,154.90000
-0.44200,-0.11000,0.13696,-0.50000,0.50000,0.50000,0.50000,155.00000
-0.44200,-0.10990,0.13696,-0.50000,0.50000,0.50000,0.50000,155.10000
-0.44200,-0.10980,0.13696,-0.50000,0.50000,0.50000,0.50000,155.20000
-0.44200,-0.10970,0.13696,-0.50000,0.50000,0.50000,0.50000,155.30000
-0.44200,-0.10960,0.13696,-0.50000,0.50000,0.50000,0.50000,155.40000
-0.44200,-0.10950,0.13696,-0.50000,0.50000,0.50000,0.50000,155.50000
-0.44200,-0.10940,0.13696,-0.50000,0.50000,0.50000,0.50000,155.60000
-0.44200,-0.10930,0.13697,-0.50000,0.50000,0.50000,0.50000,155.70000
-0.44200,-0.10920,0.13697,-0.50000,0.50000,0.50000,0.50000,155.80000
-0.44200,-0.10910,0.13697,-0.50000,0.50000,0.50000,0.50000,155.90000
-0.44200,-0.10900,0.13697,-0.50000,0.50000,0.50000,0.50000,156.00000
-0.44200,-0.10890,0.13697,-0.50000,0.50000,0.50000,0.50000,156.10000
-0.44200,-0.10880,0.13697,-0.50000,0.50000,0.50000,0.50000,156.20000
-0.44200,-0.10870,0.13697,-0.50000,0.50000,0.50000,0.50000,156.30000
-0.44200,-0.10860,0.13697,-0.50000,0.50000,0.50000,0.50000,156.40000
-0.44200,-0.10850,0.13697,-0.50000,0.50000,0.50000,0.50000,156.50000
-0.44200,-0.10840,0.13697,-0.50000,0.50000,0.50000,0.50000,156.60000
-0.44200,-0.10830,0.13697,-0.50000,0.50000,0.50000,0.50000,156.70000
-0.44200,-0.10820,0.13697,-0.50000,0.50000,0.50000,0.50000,156.80000
-0.44200,-0.10810,0.13697,-0.50000,0.50000,0.50000,0.50000,156.90000
-0.44200,-0.10800,0.13697,-0.50000,0.50000,0.50000,0.50000,157.00000
-0.44200,-0.10790,0.13697,-0.50000,0.50000,0.50000,0.50000,157.10000
-0.44200,-0.10780,0.13697,-0.50000,0.50000,0.50000,0.50000,157.20000
-0.44200,-0.10770,0.13697,-0.50000,0.50000,0.50000,0.50000,157.30000
-0.44200,-0.10760,0.13698,-0.50000,0.50000,0.50000,0.50000,157.40000
-0.44200,-0.10750,0.13698,-0.50000,0.50000,0.50000,0.50000,157.50000
-0.44200,-0.10740,0.13698,-0.50000,0.50000,0.50000,0.50000,157.60000
-0.44200,-0.10730,0.13698,-0.50000,0.50000,0.50000,0.50000,157.70000
-0.44200,-0.10720,0.13698,-0.50000,0.50000,0.50000,0.50000,157.80000
-0.44200,-0.10710,0.13698,-0.50000,0.50000,0.50000,0.50000,157.90000
-0.44200,-0.10700,0.13698,-0.50000,0.50000,0.50000,0.50000,158.00000
-0.44200,-0.10690,0.13698,-0.50000,0.50000,0.50000,0.50000,158.10000
-0.44200,-0.10680,0.13698,-0.50000,0.50000,0.50000,0.50000,158.20000
-0.44200,-0.10670,0.13698,-0.50000,0.50000,0.50000,0.50000,158.30000
-0.44200,-0.10660,0.13698,-0.50000,0.50000,0.50000,0.50000,158.40000
-0.44200,-0.10650,0.13698,-0.50000,0.50000,0.50000,0.50000,158.50000
-0.44200,-0.10640,0.13698,-0.50000,0.50000,0.50000,0.50000,158.60000
-0.44200,-0.10630,0.13698,-0.50000,0.50000,0.50000,0.50000,158.70000
-0.44200,-0.10620,0.13698,-0.50000,0.50000,0.50000,0.50000,158.80000
-0.44200,-0.10610,0.13698,-0.50000,0.50000,0.50000,0.50000,158.90000
-0.44200,-0.10600,0.13699,-0.50000,0.50000,0.50000,0.50000,159.00000
-0.44200,-0.10590,0.13699,-0.50000,0.50000,0.50000,0.50000,159.10000
-0.44200,-0.10580,0.13699,-0.50000,0.50000,0.50000,0.50000,159.20000
-0.44200,-0.10570,0.13699,-0.50000,0.50000,0.50000,0.50000,159.30000
-0.44200,-0.10560,0.13699,-0.50000,0.50000,0.50000,0.50000,159.40000
-0.44200,-0.10550,0.13699,-0.50000,0.50000,0.50000,0.50000,159.50000
-0.44200,-0.10540,0.13699,-0.50000,0.50000,0.50000,0.50000,159.60000
-0.44200,-0.10530,0.13699,-0.50000,0.50000,0.50000,0.50000,159.70000
-0.44200,-0.10520,0.13699,-0.50000,0.50000,0.50000,0.50000,159.80000
-0.44200,-0.10510,0.13699,-0.50000,0.50000,0.50000,0.50000,159.90000
-0.44200,-0.10500,0.13699,-0.50000,0.50000,0.50000,0.50000,160.00000
-0.44200,-0.10490,0.13699,-0.50000,0.50000,0.50000,0.50000,160.10000
-0.44200,-0.10480,0.13699,-0.50000,0.50000,0.50000,0.50000,160.20000
-0.44200,-0.10470,0.13699,-0.50000,0.50000,0.50000,0.50000,160.30000
-0.44200,-0.10460,0.13699,-0.50000,0.50000,0.50000,0.50000,160.40000
-0.44200,-0.10450,0.13699,-0.50000,0.50000,0.50000,0.50000,160.50000
-0.44200,-0.10440,0.13700,-0.50000,0.50000,0.50000,0.50000,160.60000
-0.44200,-0.10430,0.13700,-0.50000,0.50000,0.50000,0.50000,160.70000
-0.44200,-0.10420,0.13700,-0.50000,0.50000,0.50000,0.50000,160.80000
-0.44200,-0.10410,0.13700,-0.50000,0.50000,0.50000,0.50000,160.90000
-0.44200,-0.10400,0.13700,-0.50000,0.50000,0.50000,0.50000,161.00000
-0.44200,-0.10390,0.13700,-0.50000,0.50000,0.50000,0.50000,161.10000
-0.44200,-0.10380,0.13700,-0.50000,0.50000,0.50000,0.50000,161.20000
-0.44200,-0.10370,0.13700,-0.50000,0.50000,0.50000,0.50000,161.30000
-0.44200,-0.10360,0.13700,-0.50000,0.50000,0.50000,0.50000,161.40000
-0.44200,-0.10350,0.13700,-0.50000,0.50000,0.50000,0.50000,161.50000
-0.44200,-0.10340,0.13700,-0.50000,0.50000,0.50000,0.50000,161.60000
-0.44200,-0.10330,0.13700,-0.50000,0.50000,0.50000,0.50000,161.70000
-0.44200,-0.10320,0.13700,-0.50000,0.50000,0.50000,0.50000,161.80000
-0.44200,-0.10310,0.13700,-0.50000,0.50000,0.50000,0.50000,161.90000
-0.44200,-0.10300,0.13700,-0.50000,0.50000,0.50000,0.50000,162.00000
-0.44200,-0.10290,0.13700,-0.50000,0.50000,0.50000,0.50000,162.10000
-0.44200,-0.10280,0.13701,-0.50000,0.50000,0.50000,0.50000,162.20000
-0.44200,-0.10270,0.13701,-0.50000,0.50000,0.50000,0.50000,162.30000
-0.44200,-0.10260,0.13701,-0.50000,0.50000,0.50000,0.50000,162.40000
-0.44200,-0.10250,0.13701,-0.50000,0.50000,0.50000,0.50000,162.50000
-0.44200,-0.10240,0.13701,-0.50000,0.50000,0.50000,0.50000,162.60000
-0.44200,-0.10230,0.13701,-0.50000,0.50000,0.50000,0.50000,162.70000
-0.44200,-0.10220,0.13701,-0.50000,0.50000,0.50000,0.50000,162.80000
-0.44200,-0.10210,0.13701,-0.50000,0.50000,0.50000,0.50000,162.90000
-0.44200,-0.10200,0.13701,-0.50000,0.50000,0.50000,0.50000,163.00000
-0.44200,-0.10190,0.13701,-0.50000,0.50000,0.50000,0.50000,163.10000
-0.44200,-0.10180,0.13701,-0.50000,0.50000,0.50000,0.50000,163.20000
-0.44200,-0.10170,0.13701,-0.50000,0.50000,0.50000,0.50000,163.30000
-0.44200,-0.10160,0.13701,-0.50000,0.50000,0.50000,0.50000,163.40000
-0.44200,-0.10150,0.13701,-0.50000,0.50000,0.50000,0.50000,163.50000
-0.44200,-0.10140,0.13701,-0.50000,0.50000,0.50000,0.50000,163.60000
-0.44200,-0.10130,0.13701,-0.50000,0.50000,0.50000,0.50000,163.70000
-0.44200,-0.10120,0.13702,-0.50000,0.50000,0.50000,0.50000,163.80000
-0.44200,-0.10110,0.13702,-0.50000,0.50000,0.50000,0.50000,163.90000
-0.44200,-0.10100,0.13702,-0.50000,0.50000,0.50000,0.50000,164.00000
-0.44200,-0.10090,0.13702,-0.50000,0.50000,0.50000,0.50000,164.10000
-0.44200,-0.10080,0.13702,-0.50000,0.50000,0.50000,0.50000,164.20000
-0.44200,-0.10070,0.13702,-0.50000,0.50000,0.50000,0.50000,164.30000
-0.44200,-0.10060,0.13702,-0.50000,0.50000,0.50000,0.50000,164.40000
-0.44200,-0.10050,0.13702,-0.50000,0.50000,0.50000,0.50000,164.50000
-0.44200,-0.10040,0.13702,-0.50000,0.50000,0.50000,0.50000,164.60000
-0.44200,-0.10030,0.13702,-0.50000,0.50000,0.50000,0.50000,164.70000
-0.44200,-0.10020,0.13702,-0.50000,0.50000,0.50000,0.50000,164.80000
-0.44200,-0.10010,0.13702,-0.50000,0.50000,0.50000,0.50000,164.90000
-0.44200,-0.10000,0.13702,-0.50000,0.50000,0.50000,0.50000,165.00000
-0.44200,-0.09990,0.13702,-0.50000,0.50000,0.50000,0.50000,165.10000
-0.44200,-0.09980,0.13702,-0.50000,0.50000,0.50000,0.50000,165.20000
-0.44200,-0.09970,0.13702,-0.50000,0.50000,0.50000,0.50000,165.30000
-0.44200,-0.09960,0.13703,-0.50000,0.50000,0.50000,0.50000,165.40000
-0.44200,-0.09950,0.13703,-0.50000,0.50000,0.50000,0.50000,165.50000
-0.44200,-0.09940,0.13703,-0.50000,0.50000,0.50000,0.50000,165.60000
-0.44200,-0.09930,0.13703,-0.50000,0.50000,0.50000,0.50000,165.70000
-0.44200,-0.09920,0.13703,-0.50000,0.50000,0.50000,0.50000,165.80000
-0.44200,-0.09910,0.13703,-0.50000,0.50000,0.50000,0.50000,165.90000
-0.44200,-0.09900,0.13703,-0.50000,0.50000,0.50000,0.50000,166.00000
-0.44200,-0.09890,0.13703,-0.50000,0.50000,0.50000,0.50000,166.10000
-0.44200,-0.09880,0.13703,-0.50000,0.50000,0.50000,0.50000,166.20000
-0.44200,-0.09870,0.13703,-0.50000,0.50000,0.50000,0.50000,166.30000
-0.44200,-0.09860,0.13703,-0.50000,0.50000,0.50000,0.50000,166.40000
-0.44200,-0.09850,0.13703,-0.50000,0.50000,0.50000,0.50000,166.50000
-0.44200,-0.09840,0.13703,-0.50000,0.50000,0.50000,0.50000,166.60000
-0.44200,-0.09830,0.13703,-0.50000,0.50000,0.50000,0.50000,166.70000
-0.44200,-0.09820,0.13703,-0.50000,0.50000,0.50000,0.50000,166.80000
-0.44200,-0.09810,0.13703,-0.50000,0.50000,0.50000,0.50000,166.90000
-0.44200,-0.09800,0.13704,-0.50000,0.50000,0.50000,0.50000,167.00000
-0.44200,-0.09790,0.13704,-0.50000,0.50000,0.50000,0.50000,167.10000
-0.44200,-0.09780,0.13704,-0.50000,0.50000,0.50000,0.50000,167.20000
-0.44200,-0.09770,0.13704,-0.50000,0.50000,0.50000,0.50000,167.30000
-0.44200,-0.09760,0.13704,-0.50000,0.50000,0.50000,0.50000,167.40000
-0.44200,-0.09750,0.13704,-0.50000,0.50000,0.50000,0.50000,167.50000
-0.44200,-0.09740,0.13704,-0.50000,0.50000,0.50000,0.50000,167.60000
-0.44200,-0.09730,0.13704,-0.50000,0.50000,0.50000,0.50000,167.70000
-0.44200,-0.09720,0.13704,-0.50000,0.50000,0.50000,0.50000,167.80000
-0.44200,-0.09710,0.13704,-0.50000,0.50000,0.50000,0.50000,167.90000
-0.44200,-0.09700,0.13704,-0.50000,0.50000,0.50000,0.50000,168.00000
-0.44200,-0.09690,0.13704,-0.50000,0.50000,0.50000,0.50000,168.10000
-0.44200,-0.09680,0.13704,-0.50000,0.50000,0.50000,0.50000,168.20000
-0.44200,-0.09670,0.13704,-0.50000,0.50000,0.50000,0.50000,168.30000
-0.44200,-0.09660,0.13704,-0.50000,0.50000,0.50000,0.50000,168.40000
-0.44200,-0.09650,0.13704,-0.50000,0.50000,0.50000,0.50000,168.50000
-0.44200,-0.09640,0.13705,-0.50000,0.50000,0.50000,0.50000,168.60000
-0.44200,-0.09630,0.13705,-0.50000,0.50000,0.50000,0.50000,168.70000
-0.44200,-0.09620,0.13705,-0.50000,0.50000,0.50000,0.50000,168.80000
-0.44200,-0.09610,0.13705,-0.50000,0.50000,0.50000,0.50000,168.90000
-0.44200,-0.09600,0.13705,-0.50000,0.50000,0.50000,0.50000,169.00000
-0.44200,-0.09590,0.13705,-0.50000,0.50000,0.50000,0.50000,169.10000
-0.44200,-0.09580,0.13705,-0.50000,0.50000,0.50000,0.50000,169.20000
-0.44200,-0.09570,0.13705,-0.50000,0.50000,0.50000,0.50000,169.30000
-0.44200,-0.09560,0.13705,-0.50000,0.50000,0.50000,0.50000,169.40000
-0.44200,-0.09550,0.13705,-0.50000,0.50000,0.50000,0.50000,169.50000
-0.44200,-0.09540,0.13705,-0.50000,0.50000,0.50000,0.50000,169.60000
-0.44200,-0.09530,0.13705,-0.50000,0.50000,0.50000,0.50000,169.70000
-0.44200,-0.09520,0.13705,-0.50000,0.50000,0.50000,0.50000,169.80000
-0.44200,-0.09510,0.13705,-0.50000,0.50000,0.50000,0.50000,169.90000
-0.44200,-0.09500,0.13705,-0.50000,0.50000,0.50000,0.50000,170.00000
-0.44200,-0.09490,0.13705,-0.50000,0.50000,0.50000,0.50000,170.10000
-0.44200,-0.09480,0.13705,-0.50000,0.50000,0.50000,0.50000,170.20000
-0.44200,-0.09470,0.13706,-0.50000,0.50000,0.50000,0.50000,170.30000
-0.44200,-0.09460,0.13706,-0.50000,0.50000,0.50000,0.50000,170.40000
-0.44200,-0.09450,0.13706,-0.50000,0.50000,0.50000,0.50000,170.50000
-0.44200,-0.09440,0.13706,-0.50000,0.50000,0.50000,0.50000,170.60000
-0.44200,-0.09430,0.13706,-0.50000,0.50000,0.50000,0.50000,170.70000
-0.44200,-0.09420,0.13706,-0.50000,0.50000,0.50000,0.50000,170.80000
-0.44200,-0.09410,0.13706,-0.50000,0.50000,0.50000,0.50000,170.90000
-0.44200,-0.09400,0.13706,-0.50000,0.50000,0.50000,0.50000,171.00000
-0.44200,-0.09390,0.13706,-0.50000,0.50000,0.50000,0.50000,171.10000
-0.44200,-0.09380,0.13706,-0.50000,0.50000,0.50000,0.50000,171.20000
-0.44200,-0.09370,0.13706,-0.50000,0.50000,0.50000,0.50000,171.30000
-0.44200,-0.09360,0.13706,-0.50000,0.50000,0.50000,0.50000,171.40000
-0.44200,-0.09350,0.13706,-0.50000,0.50000,0.50000,0.50000,171.50000
-0.44200,-0.09340,0.13706,-0.50000,0.50000,0.50000,0.50000,171.60000
-0.44200,-0.09330,0.13706,-0.50000,0.50000,0.50000,0.50000,171.70000
-0.44200,-0.09320,0.13706,-0.50000,0.50000,0.50000,0.50000,171.80000
-0.44200,-0.09310,0.13707,-0.50000,0.50000,0.50000,0.50000,171.90000
-0.44200,-0.09300,0.13707,-0.50000,0.50000,0.50000,0.50000,172.00000
-0.44200,-0.09290,0.13707,-0.50000,0.50000,0.50000,0.50000,172.10000
-0.44200,-0.09280,0.13707,-0.50000,0.50000,0.50000,0.50000,172.20000
-0.44200,-0.09270,0.13707,-0.50000,0.50000,0.50000,0.50000,172.30000
-0.44200,-0.09260,0.13707,-0.50000,0.50000,0.50000,0.50000,172.40000
-0.44200,-0.09250,0.13707,-0.50000,0.50000,0.50000,0.50000,172.50000
-0.44200,-0.09240,0.13707,-0.50000,0.50000,0.50000,0.50000,172.60000
-0.44200,-0.09230,0.13707,-0.50000,0.50000,0.50000,0.50000,172.70000
-0.44200,-0.09220,0.13707,-0.50000,0.50000,0.50000,0.50000,172.80000
-0.44200,-0.09210,0.13707,-0.50000,0.50000,0.50000,0.50000,172.90000
-0.44200,-0.09200,0.13707,-0.50000,0.50000,0.50000,0.50000,173.00000
-0.44200,-0.09190,0.13707,-0.50000,0.50000,0.50000,0.50000,173.10000
-0.44200,-0.09180,0.13707,-0.50000,0.50000,0.50000,0.50000,173.20000
-0.44200,-0.09170,0.13707,-0.50000,0.50000,0.50000,0.50000,173.30000
-0.44200,-0.09160,0.13707,-0.50000,0.50000,0.50000,0.50000,173.40000
-0.44200,-0.09150,0.13708,-0.50000,0.50000,0.50000,0.50000,173.50000
-0.44200,-0.09140,0.13708,-0.50000,0.50000,0.50000,0.50000,173.60000
-0.44200,-0.09130,0.13708,-0.50000,0.50000,0.50000,0.50000,173.70000
-0.44200,-0.09120,0.13708,-0.50000,0.50000,0.50000,0.50000,173.80000
-0.44200,-0.09110,0.13708,-0.50000,0.50000,0.50000,0.50000,173.90000
-0.44200,-0.09100,0.13708,-0.50000,0.50000,0.50000,0.50000,174.00000
-0.44200,-0.09090,0.13708,-0.50000,0.50000,0.50000,0.50000,174.10000
-0.44200,-0.09080,0.13708,-0.50000,0.50000,0.50000,0.50000,174.20000
-0.44200,-0.09070,0.13708,-0.50000,0.50000,0.50000,0.50000,174.30000
-0.44200,-0.09060,0.13708,-0.50000,0.50000,0.50000,0.50000,174.40000
-0.44200,-0.09050,0.13708,-0.50000,0.50000,0.50000,0.50000,174.50000
-0.44200,-0.09040,0.13708,-0.50000,0.50000,0.50000,0.50000,174.60000
-0.44200,-0.09030,0.13708,-0.50000,0.50000,0.50000,0.50000,174.70000
-0.44200,-0.09020,0.13708,-0.50000,0.50000,0.50000,0.50000,174.80000
-0.44200,-0.09010,0.13708,-0.50000,0.50000,0.50000,0.50000,174.90000
-0.44200,-0.09000,0.13708,-0.50000,0.50000,0.50000,0.50000,175.00000
-0.44200,-0.08990,0.13709,-0.50000,0.50000,0.50000,0.50000,175.10000
-0.44200,-0.08980,0.13709,-0.50000,0.50000,0.50000,0.50000,175.20000
-0.44200,-0.08970,0.13709,-0.50000,0.50000,0.50000,0.50000,175.30000
-0.44200,-0.08960,0.13709,-0.50000,0.50000,0.50000,0.50000,175.40000
-0.44200,-0.08950,0.13709,-0.50000,0.50000,0.50000,0.50000,175.50000
-0.44200,-0.08940,0.13709,-0.50000,0.50000,0.50000,0.50000,175.60000
-0.44200,-0.08930,0.13709,-0.50000,0.50000,0.50000,0.50000,175.70000
-0.44200,-0.08920,0.13709,-0.50000,0.50000,0.50000,0.50000,175.80000
-0.44200,-0.08910,0.13709,-0.50000,0.50000,0.50000,0.50000,175.90000
-0.44200,-0.08900,0.13709,-0.50000,0.50000,0.50000,0.50000,176.00000
-0.44200,-0.08890,0.13709,-0.50000,0.50000,0.50000,0.50000,176.10000
-0.44200,-0.08880,0.13709,-0.50000,0.50000,0.50000,0.50000,176.20000
-0.44200,-0.08870,0.13709,-0.50000,0.50000,0.50000,0.50000,176.30000
-0.44200,-0.08860,0.13709,-0.50000,0.50000,0.50000,0.50000,176.40000
-0.44200,-0.08850,0.13709,-0.50000,0.50000,0.50000,0.50000,176.50000
-0.44200,-0.08840,0.13709,-0.50000,0.50000,0.50000,0.50000,176.60000
-0.44200,-0.08830,0.13710,-0.50000,0.50000,0.50000,0.50000,176.70000
-0.44200,-0.08820,0.13710,-0.50000,0.50000,0.50000,0.50000,176.80000
-0.44200,-0.08810,0.13710,-0.50000,0.50000,0.50000,0.50000,176.90000
-0.44200,-0.08800,0.13710,-0.50000,0.50000,0.50000,0.50000,177.00000
-0.44200,-0.08790,0.13710,-0.50000,0.50000,0.50000,0.50000,177.10000
-0.44200,-0.08780,0.13710,-0.50000,0.50000,0.50000,0.50000,177.20000
-0.44200,-0.08770,0.13710,-0.50000,0.50000,0.50000,0.50000,177.30000
-0.44200,-0.08760,0.13710,-0.50000,0.50000,0.50000,0.50000,177.40000
-0.44200,-0.08750,0.13710,-0.50000,0.50000,0.50000,0.50000,177.50000
-0.44200,-0.08740,0.13710,-0.50000,0.50000,0.50000,0.50000,177.60000
-0.44200,-0.08730,0.13710,-0.50000,0.50000,0.50000,0.50000,177.70000
-0.44200,-0.08720,0.13710,-0.50000,0.50000,0.50000,0.50000,177.80000
-0.44200,-0.08710,0.13710,-0.50000,0.50000,0.50000,0.50000,177.90000
-0.44200,-0.08700,0.13710,-0.50000,0.50000,0.50000,0.50000,178.00000
-0.44200,-0.08690,0.13710,-0.50000,0.50000,0.50000,0.50000,178.10000
-0.44200,-0.08680,0.13710,-0.50000,0.50000,0.50000,0.50000,178.20000
-0.44200,-0.08670,0.13711,-0.50000,0.50000,0.50000,0.50000,178.30000
-0.44200,-0.08660,0.13711,-0.50000,0.50000,0.50000,0.50000,178.40000
-0.44200,-0.08650,0.13711,-0.50000,0.50000,0.50000,0.50000,178.50000
-0.44200,-0.08640,0.13711,-0.50000,0.50000,0.50000,0.50000,178.60000
-0.44200,-0.08630,0.13711,-0.50000,0.50000,0.50000,0.50000,178.70000
-0.44200,-0.08620,0.13711,-0.50000,0.50000,0.50000,0.50000,178.80000
-0.44200,-0.08610,0.13711,-0.50000,0.50000,0.50000,0.50000,178.90000
-0.44200,-0.08600,0.13711,-0.50000,0.50000,0.50000,0.50000,179.00000
-0.44200,-0.08590,0.13711,-0.50000,0.50000,0.50000,0.50000,179.10000
-0.44200,-0.08580,0.13711,-0.50000,0.50000,0.50000,0.50000,179.20000
-0.44200,-0.08570,0.13711,-0.50000,0.50000,0.50000,0.50000,179.30000
-0.44200,-0.08560,0.13711,-0.50000,0.50000,0.50000,0.50000,179.40000
-0.44200,-0.08550,0.13711,-0.50000,0.50000,0.50000,0.50000,179.50000
-0.44200,-0.08540,0.13711,-0.50000,0.50000,0.50000,0.50000,179.60000
-0.44200,-0.08530,0.13711,-0.50000,0.50000,0.50000,0.50000,179.70000
-0.44200,-0.08520,0.13711,-0.50000,0.50000,0.50000,0.50000,179.80000
-0.44200,-0.08510,0.13712,-0.50000,0.50000,0.50000,0.50000,179.90000
-0.44200,-0.08500,0.13712,-0.50000,0.50000,0.50000,0.50000,180.00000
-0.44200,-0.08490,0.13712,-0.50000,0.50000,0.50000,0.50000,180.10000
-0.44200,-0.08480,0.13712,-0.50000,0.50000,0.50000,0.50000,180.20000
-0.44200,-0.08470,0.13712,-0.50000,0.50000,0.50000,0.50000,180.30000
-0.44200,-0.08460,0.13712,-0.50000,0.50000,0.50000,0.50000,180.40000
-0.44200,-0.08450,0.13712,-0.50000,0.50000,0.50000,0.50000,180.50000
-0.44200,-0.08440,0.13712,-0.50000,0.50000,0.50000,0.50000,180.60000
-0.44200,-0.08430,0.13712,-0.50000,0.50000,0.50000,0.50000,180.70000
-0.44200,-0.08420,0.13712,-0.50000,0.50000,0.50000,0.50000,180.80000
-0.44200,-0.08410,0.13712,-0.50000,0.50000,0.50000,0.50000,180.90000
-0.44200,-0.08400,0.13712,-0.50000,0.50000,0.50000,0.50000,181.00000
-0.44200,-0.08390,0.13712,-0.50000,0.50000,0.50000,0.50000,181.10000
-0.44200,-0.08380,0.13712,-0.50000,0.50000,0.50000,0.50000,181.20000
-0.44200,-0.08370,0.13712,-0.50000,0.50000,0.50000,0.50000,181.30000
-0.44200,-0.08360,0.13712,-0.50000,0.50000,0.50000,0.50000,181.40000
-0.44200,-0.08350,0.13712,-0.50000,0.50000,0.50000,0.50000,181.50000
-0.44200,-0.08340,0.13713,-0.50000,0.50000,0.50000,0.50000,181.60000
-0.44200,-0.08330,0.13713,-0.50000,0.50000,0.50000,0.50000,181.70000
-0.44200,-0.08320,0.13713,-0.50000,0.50000,0.50000,0.50000,181.80000
-0.44200,-0.08310,0.13713,-0.50000,0.50000,0.50000,0.50000,181.90000
-0.44200,-0.08300,0.13713,-0.50000,0.50000,0.50000,0.50000,182.00000
-0.44200,-0.08290,0.13713,-0.50000,0.50000,0.50000,0.50000,182.10000
-0.44200,-0.08280,0.13713,-0.50000,0.50000,0.50000,0.50000,182.20000
-0.44200,-0.08270,0.13713,-0.50000,0.50000,0.50000,0.50000,182.30000
-0.44200,-0.08260,0.13713,-0.50000,0.50000,0.50000,0.50000,182.40000
-0.44200,-0.08250,0.13713,-0.50000,0.50000,0.50000,0.50000,182.50000
-0.44200,-0.08240,0.13713,-0.50000,0.50000,0.50000,0.50000,182.60000
-0.44200,-0.08230,0.13713,-0.50000,0.50000,0.50000,0.50000,182.70000
-0.44200,-0.08220,0.13713,-0.50000,0.50000,0.50000,0.50000,182.80000
-0.44200,-0.08210,0.13713,-0.50000,0.50000,0.50000,0.50000,182.90000
-0.44200,-0.08200,0.13713,-0.50000,0.50000,0.50000,0.50000,183.00000
-0.44200,-0.08190,0.13713,-0.50000,0.50000,0.50000,0.50000,183.10000
-0.44200,-0.08180,0.13714,-0.50000,0.50000,0.50000,0.50000,183.20000
-0.44200,-0.08170,0.13714,-0.50000,0.50000,0.50000,0.50000,183.30000
-0.44200,-0.08160,0.13714,-0.50000,0.50000,0.50000,0.50000,183.40000
-0.44200,-0.08150,0.13714,-0.50000,0.50000,0.50000,0.50000,183.50000
-0.44200,-0.08140,0.13714,-0.50000,0.50000,0.50000,0.50000,183.60000
-0.44200,-0.08130,0.13714,-0.50000,0.50000,0.50000,0.50000,183.70000
-0.44200,-0.08120,0.13714,-0.50000,0.50000,0.50000,0.50000,183.80000
-0.44200,-0.08110,0.13714,-0.50000,0.50000,0.50000,0.50000,183.90000
-0.44200,-0.08100,0.13714,-0.50000,0.50000,0.50000,0.50000,184.00000
-0.44200,-0.08090,0.13714,-0.50000,0.50000,0.50000,0.50000,184.10000
-0.44200,-0.08080,0.13714,-0.50000,0.50000,0.50000,0.50000,184.20000
-0.44200,-0.08070,0.13714,-0.50000,0.50000,0.50000,0.50000,184.30000
-0.44200,-0.08060,0.13714,-0.50000,0.50000,0.50000,0.50000,184.40000
-0.44200,-0.08050,0.13714,-0.50000,0.50000,0.50000,0.50000,184.50000
-0.44200,-0.08040,0.13714,-0.50000,0.50000,0.50000,0.50000,184.60000
-0.44200,-0.08030,0.13714,-0.50000,0.50000,0.50000,0.50000,184.70000
-0.44200,-0.08020,0.13715,-0.50000,0.50000,0.50000,0.50000,184.80000
-0.44200,-0.08010,0.13715,-0.50000,0.50000,0.50000,0.50000,184.90000
-0.44200,-0.08000,0.13715,-0.50000,0.50000,0.50000,0.50000,185.00000
-0.44200,-0.07990,0.13715,-0.50000,0.50000,0.50000,0.50000,185.10000
-0.44200,-0.07980,0.13715,-0.50000,0.50000,0.50000,0.50000,185.20000
-0.44200,-0.07970,0.13715,-0.50000,0.50000,0.50000,0.50000,185.30000
-0.44200,-0.07960,0.13715,-0.50000,0.50000,0.50000,0.50000,185.40000
-0.44200,-0.07950,0.13715,-0.50000,0.50000,0.50000,0.50000,185.50000
-0.44200,-0.07940,0.13715,-0.50000,0.50000,0.50000,0.50000,185.60000
-0.44200,-0.07930,0.13715,-0.50000,0.50000,0.50000,0.50000,185.70000
-0.44200,-0.07920,0.13715,-0.50000,0.50000,0.50000,0.50000,185.80000
-0.44200,-0.07910,0.13715,-0.50000,0.50000,0.50000,0.50000,185.90000
-0.44200,-0.07900,0.13715,-0.50000,0.50000,0.50000,0.50000,186.00000
-0.44200,-0.07890,0.13715,-0.50000,0.50000,0.50000,0.50000,186.10000
-0.44200,-0.07880,0.13715,-0.50000,0.50000,0.50000,0.50000,186.20000
-0.44200,-0.07870,0.13715,-0.50000,0.50000,0.50000,0.50000,186.30000
-0.44200,-0.07860,0.13716,-0.50000,0.50000,0.50000,0.50000,186.40000
-0.44200,-0.07850,0.13716,-0.50000,0.50000,0.50000,0.50000,186.50000
-0.44200,-0.07840,0.13716,-0.50000,0.50000,0.50000,0.50000,186.60000
-0.44200,-0.07830,0.13716,-0.50000,0.50000,0.50000,0.50000,186.70000
-0.44200,-0.07820,0.13716,-0.50000,0.50000,0.50000,0.50000,186.80000
-0.44200,-0.07810,0.13716,-0.50000,0.50000,0.50000,0.50000,186.90000
-0.44200,-0.07800,0.13716,-0.50000,0.50000,0.50000,0.50000,187.00000
-0.44200,-0.07790,0.13716,-0.50000,0.50000,0.50000,0.50000,187.10000
-0.44200,-0.07780,0.13716,-0.50000,0.50000,0.50000,0.50000,187.20000
-0.44200,-0.07770,0.13716,-0.50000,0.50000,0.50000,0.50000,187.30000
-0.44200,-0.07760,0.13716,-0.50000,0.50000,0.50000,0.50000,187.40000
-0.44200,-0.07750,0.13716,-0.50000,0.50000,0.50000,0.50000,187.50000
-0.44200,-0.07740,0.13716,-0.50000,0.50000,0.50000,0.50000,187.60000
-0.44200,-0.07730,0.13716,-0.50000,0.50000,0.50000,0.50000,187.70000
-0.44200,-0.07720,0.13716,-0.50000,0.50000,0.50000,0.50000,187.80000
-0.44200,-0.07710,0.13716,-0.50000,0.50000,0.50000,0.50000,187.90000
-0.44200,-0.07700,0.13717,-0.50000,0.50000,0.50000,0.50000,188.00000
-0.44200,-0.07690,0.13717,-0.50000,0.50000,0.50000,0.50000,188.10000
-0.44200,-0.07680,0.13717,-0.50000,0.50000,0.50000,0.50000,188.20000
-0.44200,-0.07670,0.13717,-0.50000,0.50000,0.50000,0.50000,188.30000
-0.44200,-0.07660,0.13717,-0.50000,0.50000,0.50000,0.50000,188.40000
-0.44200,-0.07650,0.13717,-0.50000,0.50000,0.50000,0.50000,188.50000
-0.44200,-0.07640,0.13717,-0.50000,0.50000,0.50000,0.50000,188.60000
-0.44200,-0.07630,0.13717,-0.50000,0.50000,0.50000,0.50000,188.70000
-0.44200,-0.07620,0.13717,-0.50000,0.50000,0.50000,0.50000,188.80000
-0.44200,-0.07610,0.13717,-0.50000,0.50000,0.50000,0.50000,188.90000
-0.44200,-0.07600,0.13717,-0.50000,0.50000,0.50000,0.50000,189.00000
-0.44200,-0.07590,0.13717,-0.50000,0.50000,0.50000,0.50000,189.10000
-0.44200,-0.07580,0.13717,-0.50000,0.50000,0.50000,0.50000,189.20000
-0.44200,-0.07570,0.13717,-0.50000,0.50000,0.50000,0.50000,189.30000
-0.44200,-0.07560,0.13717,-0.50000,0.50000,0.50000,0.50000,189.40000
-0.44200,-0.07550,0.13717,-0.50000,0.50000,0.50000,0.50000,189.50000
-0.44200,-0.07540,0.13718,-0.50000,0.50000,0.50000,0.50000,189.60000
-0.44200,-0.07530,0.13718,-0.50000,0.50000,0.50000,0.50000,189.70000
-0.44200,-0.07520,0.13718,-0.50000,0.50000,0.50000,0.50000,189.80000
-0.44200,-0.07510,0.13718,-0.50000,0.50000,0.50000,0.50000,189.90000
-0.44200,-0.07500,0.13718,-0.50000,0.50000,0.50000,0.50000,190.00000
-0.44200,-0.07490,0.13718,-0.50000,0.50000,0.50000,0.50000,190.10000
-0.44200,-0.07480,0.13718,-0.50000,0.50000,0.50000,0.50000,190.20000
-0.44200,-0.07470,0.13718,-0.50000,0.50000,0.50000,0.50000,190.30000
-0.44200,-0.07460,0.13718,-0.50000,0.50000,0.50000,0.50000,190.40000
-0.44200,-0.07450,0.13718,-0.50000,0.50000,0.50000,0.50000,190.50000
-0.44200,-0.07440,0.13718,-0.50000,0.50000,0.50000,0.50000,190.60000
-0.44200,-0.07430,0.13718,-0.50000,0.50000,0.50000,0.50000,190.70000
-0.44200,-0.07420,0.13718,-0.50000,0.50000,0.50000,0.50000,190.80000
-0.44200,-0.07410,0.13718,-0.50000,0.50000,0.50000,0.50000,190.90000
-0.44200,-0.07400,0.13718,-0.50000,0.50000,0.50000,0.50000,191.00000
-0.44200,-0.07390,0.13718,-0.50000,0.50000,0.50000,0.50000,191.10000
-0.44200,-0.07380,0.13719,-0.50000,0.50000,0.50000,0.50000,191.20000
-0.44200,-0.07370,0.13719,-0.50000,0.50000,0.50000,0.50000,191.30000
-0.44200,-0.07360,0.13719,-0.50000,0.50000,0.50000,0.50000,191.40000
-0.44200,-0.07350,0.13719,-0.50000,0.50000,0.50000,0.50000,191.50000
-0.44200,-0.07340,0.13719,-0.50000,0.50000,0.50000,0.50000,191.60000
-0.44200,-0.07330,0.13719,-0.50000,0.50000,0.50000,0.50000,191.70000
-0.44200,-0.07320,0.13719,-0.50000,0.50000,0.50000,0.50000,191.80000
-0.44200,-0.07310,0.13719,-0.50000,0.50000,0.50000,0.50000,191.90000
-0.44200,-0.07300,0.13719,-0.50000,0.50000,0.50000,0.50000,192.00000
-0.44200,-0.07290,0.13719,-0.50000,0.50000,0.50000,0.50000,192.10000
-0.44200,-0.07280,0.13719,-0.50000,0.50000,0.50000,0.50000,192.20000
-0.44200,-0.07270,0.13719,-0.50000,0.50000,0.50000,0.50000,192.30000
-0.44200,-0.07260,0.13719,-0.50000,0.50000,0.50000,0.50000,192.40000
-0.44200,-0.07250,0.13719,-0.50000,0.50000,0.50000,0.50000,192.50000
-0.44200,-0.07240,0.13719,-0.50000,0.50000,0.50000,0.50000,192.60000
-0.44200,-0.07230,0.13719,-0.50000,0.50000,0.50000,0.50000,192.70000
-0.44200,-0.07220,0.13720,-0.50000,0.50000,0.50000,0.50000,192.80000
-0.44200,-0.07210,0.13720,-0.50000,0.50000,0.50000,0.50000,192.90000
-0.44200,-0.07200,0.13720,-0.50000,0.50000,0.50000,0.50000,193.00000
-0.44200,-0.07190,0.13720,-0.50000,0.50000,0.50000,0.50000,193.10000
-0.44200,-0.07180,0.13720,-0.50000,0.50000,0.50000,0.50000,193.20000
-0.44200,-0.07170,0.13720,-0.50000,0.50000,0.50000,0.50000,193.30000
-0.44200,-0.07160,0.13720,-0.50000,0.50000,0.50000,0.50000,193.40000
-0.44200,-0.07150,0.13720,-0.50000,0.50000,0.50000,0.50000,193.50000
-0.44200,-0.07140,0.13720,-0.50000,0.50000,0.50000,0.50000,193.60000
-0.44200,-0.07130,0.13720,-0.50000,0.50000,0.50000,0.50000,193.70000
-0.44200,-0.07120,0.13720,-0.50000,0.50000,0.50000,0.50000,193.80000
-0.44200,-0.07110,0.13720,-0.50000,0.50000,0.50000,0.50000,193.90000
-0.44200,-0.07100,0.13720,-0.50000,0.50000,0.50000,0.50000,194.00000
-0.44200,-0.07090,0.13720,-0.50000,0.50000,0.50000,0.50000,194.10000
-0.44200,-0.07080,0.13720,-0.50000,0.50000,0.50000,0.50000,194.20000
-0.44200,-0.07070,0.13720,-0.50000,0.50000,0.50000,0.50000,194.30000
-0.44200,-0.07060,0.13720,-0.50000,0.50000,0.50000,0.50000,194.40000
-0.44200,-0.07050,0.13721,-0.50000,0.50000,0.50000,0.50000,194.50000
-0.44200,-0.07040,0.13721,-0.50000,0.50000,0.50000,0.50000,194.60000
-0.44200,-0.07030,0.13721,-0.50000,0.50000,0.50000,0.50000,194.70000
-0.44200,-0.07020,0.13721,-0.50000,0.50000,0.50000,0.50000,194.80000
-0.44200,-0.07010,0.13721,-0.50000,0.50000,0.50000,0.50000,194.90000
-0.44200,-0.07000,0.13721,-0.50000,0.50000,0.50000,0.50000,195.00000
-0.44200,-0.06990,0.13721,-0.50000,0.50000,0.50000,0.50000,195.10000
-0.44200,-0.06980,0.13721,-0.50000,0.50000,0.50000,0.50000,195.20000
-0.44200,-0.06970,0.13721,-0.50000,0.50000,0.50000,0.50000,195.30000
-0.44200,-0.06960,0.13721,-0.50000,0.50000,0.50000,0.50000,195.40000
-0.44200,-0.06950,0.13721,-0.50000,0.50000,0.50000,0.50000,195.50000
-0.44200,-0.06940,0.13721,-0.50000,0.50000,0.50000,0.50000,195.60000
-0.44200,-0.06930,0.13721,-0.50000,0.50000,0.50000,0.50000,195.70000
-0.44200,-0.06920,0.13721,-0.50000,0.50000,0.50000,0.50000,195.80000
-0.44200,-0.06910,0.13721,-0.50000,0.50000,0.50000,0.50000,195.90000
-0.44200,-0.06900,0.13721,-0.50000,0.50000,0.50000,0.50000,196.00000
-0.44200,-0.06890,0.13722,-0.50000,0.50000,0.50000,0.50000,196.10000
-0.44200,-0.06880,0.13722,-0.50000,0.50000,0.50000,0.50000,196.20000
-0.44200,-0.06870,0.13722,-0.50000,0.50000,0.50000,0.50000,196.30000
-0.44200,-0.06860,0.13722,-0.50000,0.50000,0.50000,0.50000,196.40000
-0.44200,-0.06850,0.13722,-0.50000,0.50000,0.50000,0.50000,196.50000
-0.44200,-0.06840,0.13722,-0.50000,0.50000,0.50000,0.50000,196.60000
-0.44200,-0.06830,0.13722,-0.50000,0.50000,0.50000,0.50000,196.70000
-0.44200,-0.06820,0.13722,-0.50000,0.50000,0.50000,0.50000,196.80000
-0.44200,-0.06810,0.13722,-0.50000,0.50000,0.50000,0.50000,196.90000
-0.44200,-0.06800,0.13722,-0.50000,0.50000,0.50000,0.50000,197.00000
-0.44200,-0.06790,0.13722,-0.50000,0.50000,0.50000,0.50000,197.10000
-0.44200,-0.06780,0.13722,-0.50000,0.50000,0.50000,0.50000,197.20000
-0.44200,-0.06770,0.13722,-0.50000,0.50000,0.50000,0.50000,197.30000
-0.44200,-0.06760,0.13722,-0.50000,0.50000,0.50000,0.50000,197.40000
-0.44200,-0.06750,0.13722,-0.50000,0.50000,0.50000,0.50000,197.50000
-0.44200,-0.06740,0.13722,-0.50000,0.50000,0.50000,0.50000,197.60000
-0.44200,-0.06730,0.13723,-0.50000,0.50000,0.50000,0.50000,197.70000
-0.44200,-0.06720,0.13723,-0.50000,0.50000,0.50000,0.50000,197.80000
-0.44200,-0.06710,0.13723,-0.50000,0.50000,0.50000,0.50000,197.90000
-0.44200,-0.06700,0.13723,-0.50000,0.50000,0.50000,0.50000,198.00000
-0.44200,-0.06690,0.13723,-0.50000,0.50000,0.50000,0.50000,198.10000
-0.44200,-0.06680,0.13723,-0.50000,0.50000,0.50000,0.50000,198.20000
-0.44200,-0.06670,0.13723,-0.50000,0.50000,0.50000,0.50000,198.30000
-0.44200,-0.06660,0.13723,-0.50000,0.50000,0.50000,0.50000,198.40000
-0.44200,-0.06650,0.13723,-0.50000,0.50000,0.50000,0.50000,198.50000
-0.44200,-0.06640,0.13723,-0.50000,0.50000,0.50000,0.50000,198.60000
-0.44200,-0.06630,0.13723,-0.50000,0.50000,0.50000,0.50000,198.70000
-0.44200,-0.06620,0.13723,-0.50000,0.50000,0.50000,0.50000,198.80000
-0.44200,-0.06610,0.13723,-0.50000,0.50000,0.50000,0.50000,198.90000
-0.44200,-0.06600,0.13723,-0.50000,0.50000,0.50000,0.50000,199.00000
-0.44200,-0.06590,0.13723,-0.50000,0.50000,0.50000,0.50000,199.10000
-0.44200,-0.06580,0.13723,-0.50000,0.50000,0.50000,0.50000,199.20000
-0.44200,-0.06570,0.13724,-0.50000,0.50000,0.50000,0.50000,199.30000
-0.44200,-0.06560,0.13724,-0.50000,0.50000,0.50000,0.50000,199.40000
-0.44200,-0.06550,0.13724,-0.50000,0.50000,0.50000,0.50000,199.50000
-0.44200,-0.06540,0.13724,-0.50000,0.50000,0.50000,0.50000,199.60000
-0.44200,-0.06530,0.13724,-0.50000,0.50000,0.50000,0.50000,199.70000
-0.44200,-0.06520,0.13724,-0.50000,0.50000,0.50000,0.50000,199.80000
-0.44200,-0.06510,0.13724,-0.50000,0.50000,0.50000,0.50000,199.90000
-0.44200,-0.06500,0.13724,-0.50000,0.50000,0.50000,0.50000,200.00000
-0.44200,-0.06490,0.13724,-0.50000,0.50000,0.50000,0.50000,200.10000
-0.44200,-0.06480,0.13724,-0.50000,0.50000,0.50000,0.50000,200.20000
-0.44200,-0.06470,0.13724,-0.50000,0.50000,0.50000,0.50000,200.30000
-0.44200,-0.06460,0.13724,-0.50000,0.50000,0.50000,0.50000,200.40000
-0.44200,-0.06450,0.13724,-0.50000,0.50000,0.50000,0.50000,200.50000
-0.44200,-0.06440,0.13724,-0.50000,0.50000,0.50000,0.50000,200.60000
-0.44200,-0.06430,0.13724,-0.50000,0.50000,0.50000,0.50000,200.70000
-0.44200,-0.06420,0.13724,-0.50000,0.50000,0.50000,0.50000,200.80000
-0.44200,-0.06410,0.13725,-0.50000,0.50000,0.50000,0.50000,200.90000
-0.44200,-0.06400,0.13725,-0.50000,0.50000,0.50000,0.50000,201.00000
-0.44200,-0.06390,0.13725,-0.50000,0.50000,0.50000,0.50000,201.10000
-0.44200,-0.06380,0.13725,-0.50000,0.50000,0.50000,0.50000,201.20000
-0.44200,-0.06370,0.13725,-0.50000,0.50000,0.50000,0.50000,201.30000
-0.44200,-0.06360,0.13725,-0.50000,0.50000,0.50000,0.50000,201.40000
-0.44200,-0.06350,0.13725,-0.50000,0.50000,0.50000,0.50000,201.50000
-0.44200,-0.06340,0.13725,-0.50000,0.50000,0.50000,0.50000,201.60000
-0.44200,-0.06330,0.13725,-0.50000,0.50000,0.50000,0.50000,201.70000
-0.44200,-0.06320,0.13725,-0.50000,0.50000,0.50000,0.50000,201.80000
-0.44200,-0.06310,0.13725,-0.50000,0.50000,0.50000,0.50000,201.90000
-0.44200,-0.06300,0.13725,-0.50000,0.50000,0.50000,0.50000,202.00000
-0.44200,-0.06290,0.13725,-0.50000,0.50000,0.50000,0.50000,202.10000
-0.44200,-0.06280,0.13725,-0.50000,0.50000,0.50000,0.50000,202.20000
-0.44200,-0.06270,0.13725,-0.50000,0.50000,0.50000,0.50000,202.30000
-0.44200,-0.06260,0.13725,-0.50000,0.50000,0.50000,0.50000,202.40000
-0.44200,-0.06250,0.13726,-0.50000,0.50000,0.50000,0.50000,202.50000
-0.44200,-0.06240,0.13726,-0.50000,0.50000,0.50000,0.50000,202.60000
-0.44200,-0.06230,0.13726,-0.50000,0.50000,0.50000,0.50000,202.70000
-0.44200,-0.06220,0.13726,-0.50000,0.50000,0.50000,0.50000,202.80000
-0.44200,-0.06210,0.13726,-0.50000,0.50000,0.50000,0.50000,202.90000
-0.44200,-0.06200,0.13726,-0.50000,0.50000,0.50000,0.50000,203.00000
-0.44200,-0.06190,0.13726,-0.50000,0.50000,0.50000,0.50000,203.10000
-0.44200,-0.06180,0.13726,-0.50000,0.50000,0.50000,0.50000,203.20000
-0.44200,-0.06170,0.13726,-0.50000,0.50000,0.50000,0.50000,203.30000
-0.44200,-0.06160,0.13726,-0.50000,0.50000,0.50000,0.50000,203.40000
-0.44200,-0.06150,0.13726,-0.50000,0.50000,0.50000,0.50000,203.50000
-0.44200,-0.06140,0.13726,-0.50000,0.50000,0.50000,0.50000,203.60000
-0.44200,-0.06130,0.13726,-0.50000,0.50000,0.50000,0.50000,203.70000
-0.44200,-0.06120,0.13726,-0.50000,0.50000,0.50000,0.50000,203.80000
-0.44200,-0.06110,0.13726,-0.50000,0.50000,0.50000,0.50000,203.90000
-0.44200,-0.06100,0.13726,-0.50000,0.50000,0.50000,0.50000,204.00000
-0.44200,-0.06090,0.13727,-0.50000,0.50000,0.50000,0.50000,204.10000
-0.44200,-0.06080,0.13727,-0.50000,0.50000,0.50000,0.50000,204.20000
-0.44200,-0.06070,0.13727,-0.50000,0.50000,0.50000,0.50000,204.30000
-0.44200,-0.06060,0.13727,-0.50000,0.50000,0.50000,0.50000,204.40000
-0.44200,-0.06050,0.13727,-0.50000,0.50000,0.50000,0.50000,204.50000
-0.44200,-0.06040,0.13727,-0.50000,0.50000,0.50000,0.50000,204.60000
-0.44200,-0.06030,0.13727,-0.50000,0.50000,0.50000,0.50000,204.70000
-0.44200,-0.06020,0.13727,-0.50000,0.50000,0.50000,0.50000,204.80000
-0.44200,-0.06010,0.13727,-0.50000,0.50000,0.50000,0.50000,204.90000
-0.44200,-0.06000,0.13727,-0.50000,0.50000,0.50000,0.50000,205.00000
-0.44200,-0.05990,0.13727,-0.50000,0.50000,0.50000,0.50000,205.10000
-0.44200,-0.05980,0.13727,-0.50000,0.50000,0.50000,0.50000,205.20000
-0.44200,-0.05970,0.13727,-0.50000,0.50000,0.50000,0.50000,205.30000
-0.44200,-0.05960,0.13727,-0.50000,0.50000,0.50000,0.50000,205.40000
-0.44200,-0.05950,0.13727,-0.50000,0.50000,0.50000,0.50000,205.50000
-0.44200,-0.05940,0.13727,-0.50000,0.50000,0.50000,0.50000,205.60000
-0.44200,-0.05930,0.13727,-0.50000,0.50000,0.50000,0.50000,205.70000
-0.44200,-0.05920,0.13728,-0.50000,0.50000,0.50000,0.50000,205.80000
-0.44200,-0.05910,0.13728,-0.50000,0.50000,0.50000,0.50000,205.90000
-0.44200,-0.05900,0.13728,-0.50000,0.50000,0.50000,0.50000,206.00000
-0.44200,-0.05890,0.13728,-0.50000,0.50000,0.50000,0.50000,206.10000
-0.44200,-0.05880,0.13728,-0.50000,0.50000,0.50000,0.50000,206.20000
-0.44200,-0.05870,0.13728,-0.50000,0.50000,0.50000,0.50000,206.30000
-0.44200,-0.05860,0.13728,-0.50000,0.50000,0.50000,0.50000,206.40000
-0.44200,-0.05850,0.13728,-0.50000,0.50000,0.50000,0.50000,206.50000
-0.44200,-0.05840,0.13728,-0.50000,0.50000,0.50000,0.50000,206.60000
-0.44200,-0.05830,0.13728,-0.50000,0.50000,0.50000,0.50000,206.70000
-0.44200,-0.05820,0.13728,-0.50000,0.50000,0.50000,0.50000,206.80000
-0.44200,-0.05810,0.13728,-0.50000,0.50000,0.50000,0.50000,206.90000
-0.44200,-0.05800,0.13728,-0.50000,0.50000,0.50000,0.50000,207.00000
-0.44200,-0.05790,0.13728,-0.50000,0.50000,0.50000,0.50000,207.10000
-0.44200,-0.05780,0.13728,-0.50000,0.50000,0.50000,0.50000,207.20000
-0.44200,-0.05770,0.13728,-0.50000,0.50000,0.50000,0.50000,207.30000
-0.44200,-0.05760,0.13729,-0.50000,0.50000,0.50000,0.50000,207.40000
-0.44200,-0.05750,0.13729,-0.50000,0.50000,0.50000,0.50000,207.50000
-0.44200,-0.05740,0.13729,-0.50000,0.50000,0.50000,0.50000,207.60000
-0.44200,-0.05730,0.13729,-0.50000,0.50000,0.50000,0.50000,207.70000
-0.44200,-0.05720,0.13729,-0.50000,0.50000,0.50000,0.50000,207.80000
-0.44200,-0.05710,0.13729,-0.50000,0.50000,0.50000,0.50000,207.90000
-0.44200,-0.05700,0.13729,-0.50000,0.50000,0.50000,0.50000,208.00000
-0.44200,-0.05690,0.13729,-0.50000,0.50000,0.50000,0.50000,208.10000
-0.44200,-0.05680,0.13729,-0.50000,0.50000,0.50000,0.50000,208.20000
-0.44200,-0.05670,0.13729,-0.50000,0.50000,0.50000,0.50000,208.30000
-0.44200,-0.05660,0.13729,-0.50000,0.50000,0.50000,0.50000,208.40000
-0.44200,-0.05650,0.13729,-0.50000,0.50000,0.50000,0.50000,208.50000
-0.44200,-0.05640,0.13729,-0.50000,0.50000,0.50000,0.50000,208.60000
-0.44200,-0.05630,0.13729,-0.50000,0.50000,0.50000,0.50000,208.70000
-0.44200,-0.05620,0.13729,-0.50000,0.50000,0.50000,0.50000,208.80000
-0.44200,-0.05610,0.13729,-0.50000,0.50000,0.50000,0.50000,208.90000
-0.44200,-0.05600,0.13730,-0.50000,0.50000,0.50000,0.50000,209.00000
-0.44200,-0.05590,0.13730,-0.50000,0.50000,0.50000,0.50000,209.10000
-0.44200,-0.05580,0.13730,-0.50000,0.50000,0.50000,0.50000,209.20000
-0.44200,-0.05570,0.13730,-0.50000,0.50000,0.50000,0.50000,209.30000
-0.44200,-0.05560,0.13730,-0.50000,0.50000,0.50000,0.50000,209.40000
-0.44200,-0.05550,0.13730,-0.50000,0.50000,0.50000,0.50000,209.50000
-0.44200,-0.05540,0.13730,-0.50000,0.50000,0.50000,0.50000,209.60000
-0.44200,-0.05530,0.13730,-0.50000,0.50000,0.50000,0.50000,209.70000
-0.44200,-0.05520,0.13730,-0.50000,0.50000,0.50000,0.50000,209.80000
-0.44200,-0.05510,0.13730,-0.50000,0.50000,0.50000,0.50000,209.90000
-0.44200,-0.05500,0.13730,-0.50000,0.50000,0.50000,0.50000,210.00000
-0.44200,-0.05490,0.13730,-0.50000,0.50000,0.50000,0.50000,210.10000
-0.44200,-0.05480,0.13730,-0.50000,0.50000,0.50000,0.50000,210.20000
-0.44200,-0.05470,0.13730,-0.50000,0.50000,0.50000,0.50000,210.30000
-0.44200,-0.05460,0.13730,-0.50000,0.50000,0.50000,0.50000,210.40000
-0.44200,-0.05450,0.13730,-0.50000,0.50000,0.50000,0.50000,210.50000
-0.44200,-0.05440,0.13731,-0.50000,0.50000,0.50000,0.50000,210.60000
-0.44200,-0.05430,0.13731,-0.50000,0.50000,0.50000,0.50000,210.70000
-0.44200,-0.05420,0.13731,-0.50000,0.50000,0.50000,0.50000,210.80000
-0.44200,-0.05410,0.13731,-0.50000,0.50000,0.50000,0.50000,210.90000
-0.44200,-0.05400,0.13731,-0.50000,0.50000,0.50000,0.50000,211.00000
-0.44200,-0.05390,0.13731,-0.50000,0.50000,0.50000,0.50000,211.10000
-0.44200,-0.05380,0.13731,-0.50000,0.50000,0.50000,0.50000,211.20000
-0.44200,-0.05370,0.13731,-0.50000,0.50000,0.50000,0.50000,211.30000
-0.44200,-0.05360,0.13731,-0.50000,0.50000,0.50000,0.50000,211.40000
-0.44200,-0.05350,0.13731,-0.50000,0.50000,0.50000,0.50000,211.50000
-0.44200,-0.05340,0.13731,-0.50000,0.50000,0.50000,0.50000,211.60000
-0.44200,-0.05330,0.13731,-0.50000,0.50000,0.50000,0.50000,211.70000
-0.44200,-0.05320,0.13731,-0.50000,0.50000,0.50000,0.50000,211.80000
-0.44200,-0.05310,0.13731,-0.50000,0.50000,0.50000,0.50000,211.90000
-0.44200,-0.05300,0.13731,-0.50000,0.50000,0.50000,0.50000,212.00000
-0.44200,-0.05290,0.13731,-0.50000,0.50000,0.50000,0.50000,212.10000
-0.44200,-0.05280,0.13732,-0.50000,0.50000,0.50000,0.50000,212.20000
-0.44200,-0.05270,0.13732,-0.50000,0.50000,0.50000,0.50000,212.30000
-0.44200,-0.05260,0.13732,-0.50000,0.50000,0.50000,0.50000,212.40000
-0.44200,-0.05250,0.13732,-0.50000,0.50000,0.50000,0.50000,212.50000
-0.44200,-0.05240,0.13732,-0.50000,0.50000,0.50000,0.50000,212.60000
-0.44200,-0.05230,0.13732,-0.50000,0.50000,0.50000,0.50000,212.70000
-0.44200,-0.05220,0.13732,-0.50000,0.50000,0.50000,0.50000,212.80000
-0.44200,-0.05210,0.13732,-0.50000,0.50000,0.50000,0.50000,212.90000
-0.44200,-0.05200,0.13732,-0.50000,0.50000,0.50000,0.50000,213.00000
-0.44200,-0.05190,0.13732,-0.50000,0.50000,0.50000,0.50000,213.10000
-0.44200,-0.05180,0.13732,-0.50000,0.50000,0.50000,0.50000,213.20000
-0.44200,-0.05170,0.13732,-0.50000,0.50000,0.50000,0.50000,213.30000
-0.44200,-0.05160,0.13732,-0.50000,0.50000,0.50000,0.50000,213.40000
-0.44200,-0.05150,0.13732,-0.50000,0.50000,0.50000,0.50000,213.50000
-0.44200,-0.05140,0.13732,-0.50000,0.50000,0.50000,0.50000,213.60000
-0.44200,-0.05130,0.13732,-0.50000,0.50000,0.50000,0.50000,213.70000
-0.44200,-0.05120,0.13733,-0.50000,0.50000,0.50000,0.50000,213.80000
-0.44200,-0.05110,0.13733,-0.50000,0.50000,0.50000,0.50000,213.90000
-0.44200,-0.05100,0.13733,-0.50000,0.50000,0.50000,0.50000,214.00000
-0.44200,-0.05090,0.13733,-0.50000,0.50000,0.50000,0.50000,214.10000
-0.44200,-0.05080,0.13733,-0.50000,0.50000,0.50000,0.50000,214.20000
-0.44200,-0.05070,0.13733,-0.50000,0.50000,0.50000,0.50000,214.30000
-0.44200,-0.05060,0.13733,-0.50000,0.50000,0.50000,0.50000,214.40000
-0.44200,-0.05050,0.13733,-0.50000,0.50000,0.50000,0.50000,214.50000
-0.44200,-0.05040,0.13733,-0.50000,0.50000,0.50000,0.50000,214.60000
-0.44200,-0.05030,0.13733,-0.50000,0.50000,0.50000,0.50000,214.70000
-0.44200,-0.05020,0.13733,-0.50000,0.50000,0.50000,0.50000,214.80000
-0.44200,-0.05010,0.13733,-0.50000,0.50000,0.50000,0.50000,214.90000
-0.44200,-0.05000,0.13733,-0.50000,0.50000,0.50000,0.50000,215.00000
-0.44200,-0.04990,0.13733,-0.50000,0.50000,0.50000,0.50000,215.10000
-0.44200,-0.04980,0.13733,-0.50000,0.50000,0.50000,0.50000,215.20000
-0.44200,-0.04970,0.13733,-0.50000,0.50000,0.50000,0.50000,215.30000
-0.44200,-0.04960,0.13734,-0.50000,0.50000,0.50000,0.50000,215.40000
-0.44200,-0.04950,0.13734,-0.50000,0.50000,0.50000,0.50000,215.50000
-0.44200,-0.04940,0.13734,-0.50000,0.50000,0.50000,0.50000,215.60000
-0.44200,-0.04930,0.13734,-0.50000,0.50000,0.50000,0.50000,215.70000
-0.44200,-0.04920,0.13734,-0.50000,0.50000,0.50000,0.50000,215.80000
-0.44200,-0.04910,0.13734,-0.50000,0.50000,0.50000,0.50000,215.90000
-0.44200,-0.04900,0.13734,-0.50000,0.50000,0.50000,0.50000,216.00000
-0.44200,-0.04890,0.13734,-0.50000,0.50000,0.50000,0.50000,216.10000
-0.44200,-0.04880,0.13734,-0.50000,0.50000,0.50000,0.50000,216.20000
-0.44200,-0.04870,0.13734,-0.50000,0.50000,0.50000,0.50000,216.30000
-0.44200,-0.04860,0.13734,-0.50000,0.50000,0.50000,0.50000,216.40000
-0.44200,-0.04850,0.13734,-0.50000,0.50000,0.50000,0.50000,216.50000
-0.44200,-0.04840,0.13734,-0.50000,0.50000,0.50000,0.50000,216.60000
-0.44200,-0.04830,0.13734,-0.50000,0.50000,0.50000,0.50000,216.70000
-0.44200,-0.04820,0.13734,-0.50000,0.50000,0.50000,0.50000,216.80000
-0.44200,-0.04810,0.13734,-0.50000,0.50000,0.50000,0.50000,216.90000
-0.44200,-0.04800,0.13735,-0.50000,0.50000,0.50000,0.50000,217.00000
-0.44200,-0.04790,0.13735,-0.50000,0.50000,0.50000,0.50000,217.10000
-0.44200,-0.04780,0.13735,-0.50000,0.50000,0.50000,0.50000,217.20000
-0.44200,-0.04770,0.13735,-0.50000,0.50000,0.50000,0.50000,217.30000
-0.44200,-0.04760,0.13735,-0.50000,0.50000,0.50000,0.50000,217.40000
-0.44200,-0.04750,0.13735,-0.50000,0.50000,0.50000,0.50000,217.50000
-0.44200,-0.04740,0.13735,-0.50000,0.50000,0.50000,0.50000,217.60000
-0.44200,-0.04730,0.13735,-0.50000,0.50000,0.50000,0.50000,217.70000
-0.44200,-0.04720,0.13735,-0.50000,0.50000,0.50000,0.50000,217.80000
-0.44200,-0.04710,0.13735,-0.50000,0.50000,0.50000,0.50000,217.90000
-0.44200,-0.04700,0.13735,-0.50000,0.50000,0.50000,0.50000,218.00000
-0.44200,-0.04690,0.13735,-0.50000,0.50000,0.50000,0.50000,218.10000
-0.44200,-0.04680,0.13735,-0.50000,0.50000,0.50000,0.50000,218.20000
-0.44200,-0.04670,0.13735,-0.50000,0.50000,0.50000,0.50000,218.30000
-0.44200,-0.04660,0.13735,-0.50000,0.50000,0.50000,0.50000,218.40000
-0.44200,-0.04650,0.13735,-0.50000,0.50000,0.50000,0.50000,218.50000
-0.44200,-0.04640,0.13735,-0.50000,0.50000,0.50000,0.50000,218.60000
-0.44200,-0.04630,0.13736,-0.50000,0.50000,0.50000,0.50000,218.70000
-0.44200,-0.04620,0.13736,-0.50000,0.50000,0.50000,0.50000,218.80000
-0.44200,-0.04610,0.13736,-0.50000,0.50000,0.50000,0.50000,218.90000
-0.44200,-0.04600,0.13736,-0.50000,0.50000,0.50000,0.50000,219.00000
-0.44200,-0.04590,0.13736,-0.50000,0.50000,0.50000,0.50000,219.10000
-0.44200,-0.04580,0.13736,-0.50000,0.50000,0.50000,0.50000,219.20000
-0.44200,-0.04570,0.13736,-0.50000,0.50000,0.50000,0.50000,219.30000
-0.44200,-0.04560,0.13736,-0.50000,0.50000,0.50000,0.50000,219.40000
-0.44200,-0.04550,0.13736,-0.50000,0.50000,0.50000,0.50000,219.50000
-0.44200,-0.04540,0.13736,-0.50000,0.50000,0.50000,0.50000,219.60000
-0.44200,-0.04530,0.13736,-0.50000,0.50000,0.50000,0.50000,219.70000
-0.44200,-0.04520,0.13736,-0.50000,0.50000,0.50000,0.50000,219.80000
-0.44200,-0.04510,0.13736,-0.50000,0.50000,0.50000,0.50000,219.90000
-0.44200,-0.04500,0.13736,-0.50000,0.50000,0.50000,0.50000,220.00000
-0.44200,-0.04490,0.13736,-0.50000,0.50000,0.50000,0.50000,220.10000
-0.44200,-0.04480,0.13736,-0.50000,0.50000,0.50000,0.50000,220.20000
-0.44200,-0.04470,0.13737,-0.50000,0.50000,0.50000,0.50000,220.30000
-0.44200,-0.04460,0.13737,-0.50000,0.50000,0.50000,0.50000,220.40000
-0.44200,-0.04450,0.13737,-0.50000,0.50000,0.50000,0.50000,220.50000
-0.44200,-0.04440,0.13737,-0.50000,0.50000,0.50000,0.50000,220.60000
-0.44200,-0.04430,0.13737,-0.50000,0.50000,0.50000,0.50000,220.70000
-0.44200,-0.04420,0.13737,-0.50000,0.50000,0.50000,0.50000,220.80000
-0.44200,-0.04410,0.13737,-0.50000,0.50000,0.50000,0.50000,220.90000
-0.44200,-0.04400,0.13737,-0.50000,0.50000,0.50000,0.50000,221.00000
-0.44200,-0.04390,0.13737,-0.50000,0.50000,0.50000,0.50000,221.10000
-0.44200,-0.04380,0.13737,-0.50000,0.50000,0.50000,0.50000,221.20000
-0.44200,-0.04370,0.13737,-0.50000,0.50000,0.50000,0.50000,221.30000
-0.44200,-0.04360,0.13737,-0.50000,0.50000,0.50000,0.50000,221.40000
-0.44200,-0.04350,0.13737,-0.50000,0.50000,0.50000,0.50000,221.50000
-0.44200,-0.04340,0.13737,-0.50000,0.50000,0.50000,0.50000,221.60000
-0.44200,-0.04330,0.13737,-0.50000,0.50000,0.50000,0.50000,221.70000
-0.44200,-0.04320,0.13737,-0.50000,0.50000,0.50000,0.50000,221.80000
-0.44200,-0.04310,0.13738,-0.50000,0.50000,0.50000,0.50000,221.90000
-0.44200,-0.04300,0.13738,-0.50000,0.50000,0.50000,0.50000,222.00000
-0.44200,-0.04290,0.13738,-0.50000,0.50000,0.50000,0.50000,222.10000
-0.44200,-0.04280,0.13738,-0.50000,0.50000,0.50000,0.50000,222.20000
-0.44200,-0.04270,0.13738,-0.50000,0.50000,0.50000,0.50000,222.30000
-0.44200,-0.04260,0.13738,-0.50000,0.50000,0.50000,0.50000,222.40000
-0.44200,-0.04250,0.13738,-0.50000,0.50000,0.50000,0.50000,222.50000
-0.44200,-0.04240,0.13738,-0.50000,0.50000,0.50000,0.50000,222.60000
-0.44200,-0.04230,0.13738,-0.50000,0.50000,0.50000,0.50000,222.70000
-0.44200,-0.04220,0.13738,-0.50000,0.50000,0.50000,0.50000,222.80000
-0.44200,-0.04210,0.13738,-0.50000,0.50000,0.50000,0.50000,222.90000
-0.44200,-0.04200,0.13738,-0.50000,0.50000,0.50000,0.50000,223.00000
-0.44200,-0.04190,0.13738,-0.50000,0.50000,0.50000,0.50000,223.10000
-0.44200,-0.04180,0.13738,-0.50000,0.50000,0.50000,0.50000,223.20000
-0.44200,-0.04170,0.13738,-0.50000,0.50000,0.50000,0.50000,223.30000
-0.44200,-0.04160,0.13738,-0.50000,0.50000,0.50000,0.50000,223.40000
-0.44200,-0.04150,0.13739,-0.50000,0.50000,0.50000,0.50000,223.50000
-0.44200,-0.04140,0.13739,-0.50000,0.50000,0.50000,0.50000,223.60000
-0.44200,-0.04130,0.13739,-0.50000,0.50000,0.50000,0.50000,223.70000
-0.44200,-0.04120,0.13739,-0.50000,0.50000,0.50000,0.50000,223.80000
-0.44200,-0.04110,0.13739,-0.50000,0.50000,0.50000,0.50000,223.90000
-0.44200,-0.04100,0.13739,-0.50000,0.50000,0.50000,0.50000,224.00000
-0.44200,-0.04090,0.13739,-0.50000,0.50000,0.50000,0.50000,224.10000
-0.44200,-0.04080,0.13739,-0.50000,0.50000,0.50000,0.50000,224.20000
-0.44200,-0.04070,0.13739,-0.50000,0.50000,0.50000,0.50000,224.30000
-0.44200,-0.04060,0.13739,-0.50000,0.50000,0.50000,0.50000,224.40000
-0.44200,-0.04050,0.13739,-0.50000,0.50000,0.50000,0.50000,224.50000
-0.44200,-0.04040,0.13739,-0.50000,0.50000,0.50000,0.50000,224.60000
-0.44200,-0.04030,0.13739,-0.50000,0.50000,0.50000,0.50000,224.70000
-0.44200,-0.04020,0.13739,-0.50000,0.50000,0.50000,0.50000,224.80000
-0.44200,-0.04010,0.13739,-0.50000,0.50000,0.50000,0.50000,224.90000
-0.44200,-0.04000,0.13739,-0.50000,0.50000,0.50000,0.50000,225.00000
-0.44200,-0.03990,0.13740,-0.50000,0.50000,0.50000,0.50000,225.10000
-0.44200,-0.03980,0.13740,-0.50000,0.50000,0.50000,0.50000,225.20000
-0.44200,-0.03970,0.13740,-0.50000,0.50000,0.50000,0.50000,225.30000
-0.44200,-0.03960,0.13740,-0.50000,0.50000,0.50000,0.50000,225.40000
-0.44200,-0.03950,0.13740,-0.50000,0.50000,0.50000,0.50000,225.50000
-0.44200,-0.03940,0.13740,-0.50000,0.50000,0.50000,0.50000,225.60000
-0.44200,-0.03930,0.13740,-0.50000,0.50000,0.50000,0.50000,225.70000
-0.44200,-0.03920,0.13740,-0.50000,0.50000,0.50000,0.50000,225.80000
-0.44200,-0.03910,0.13740,-0.50000,0.50000,0.50000,0.50000,225.90000
-0.44200,-0.03900,0.13740,-0.50000,0.50000,0.50000,0.50000,226.00000
-0.44200,-0.03890,0.13740,-0.50000,0.50000,0.50000,0.50000,226.10000
-0.44200,-0.03880,0.13740,-0.50000,0.50000,0.50000,0.50000,226.20000
-0.44200,-0.03870,0.13740,-0.50000,0.50000,0.50000,0.50000,226.30000
-0.44200,-0.03860,0.13740,-0.50000,0.50000,0.50000,0.50000,226.40000
-0.44200,-0.03850,0.13740,-0.50000,0.50000,0.50000,0.50000,226.50000
-0.44200,-0.03840,0.13740,-0.50000,0.50000,0.50000,0.50000,226.60000
-0.44200,-0.03830,0.13741,-0.50000,0.50000,0.50000,0.50000,226.70000
-0.44200,-0.03820,0.13741,-0.50000,0.50000,0.50000,0.50000,226.80000
-0.44200,-0.03810,0.13741,-0.50000,0.50000,0.50000,0.50000,226.90000
-0.44200,-0.03800,0.13741,-0.50000,0.50000,0.50000,0.50000,227.00000
-0.44200,-0.03790,0.13741,-0.50000,0.50000,0.50000,0.50000,227.10000
-0.44200,-0.03780,0.13741,-0.50000,0.50000,0.50000,0.50000,227.20000
-0.44200,-0.03770,0.13741,-0.50000,0.50000,0.50000,0.50000,227.30000
-0.44200,-0.03760,0.13741,-0.50000,0.50000,0.50000,0.50000,227.40000
-0.44200,-0.03750,0.13741,-0.50000,0.50000,0.50000,0.50000,227.50000
-0.44200,-0.03740,0.13741,-0.50000,0.50000,0.50000,0.50000,227.60000
-0.44200,-0.03730,0.13741,-0.50000,0.50000,0.50000,0.50000,227.70000
-0.44200,-0.03720,0.13741,-0.50000,0.50000,0.50000,0.50000,227.80000
-0.44200,-0.03710,0.13741,-0.50000,0.50000,0.50000,0.50000,227.90000
-0.44200,-0.03700,0.13741,-0.50000,0.50000,0.50000,0.50000,228.00000
-0.44200,-0.03690,0.13741,-0.50000,0.50000,0.50000,0.50000,228.10000
-0.44200,-0.03680,0.13741,-0.50000,0.50000,0.50000,0.50000,228.20000
-0.44200,-0.03670,0.13742,-0.50000,0.50000,0.50000,0.50000,228.30000
-0.44200,-0.03660,0.13742,-0.50000,0.50000,0.50000,0.50000,228.40000
-0.44200,-0.03650,0.13742,-0.50000,0.50000,0.50000,0.50000,228.50000
-0.44200,-0.03640,0.13742,-0.50000,0.50000,0.50000,0.50000,228.60000
-0.44200,-0.03630,0.13742,-0.50000,0.50000,0.50000,0.50000,228.70000
-0.44200,-0.03620,0.13742,-0.50000,0.50000,0.50000,0.50000,228.80000
-0.44200,-0.03610,0.13742,-0.50000,0.50000,0.50000,0.50000,228.90000
-0.44200,-0.03600,0.13742,-0.50000,0.50000,0.50000,0.50000,229.00000
-0.44200,-0.03590,0.13742,-0.50000,0.50000,0.50000,0.50000,229.10000
-0.44200,-0.03580,0.13742,-0.50000,0.50000,0.50000,0.50000,229.20000
-0.44200,-0.03570,0.13742,-0.50000,0.50000,0.50000,0.50000,229.30000
-0.44200,-0.03560,0.13742,-0.50000,0.50000,0.50000,0.50000,229.40000
-0.44200,-0.03550,0.13742,-0.50000,0.50000,0.50000,0.50000,229.50000
-0.44200,-0.03540,0.13742,-0.50000,0.50000,0.50000,0.50000,229.60000
-0.44200,-0.03530,0.13742,-0.50000,0.50000,0.50000,0.50000,229.70000
-0.44200,-0.03520,0.13742,-0.50000,0.50000,0.50000,0.50000,229.80000
-0.44200,-0.03510,0.13742,-0.50000,0.50000,0.50000,0.50000,229.90000
-0.44200,-0.03500,0.13743,-0.50000,0.50000,0.50000,0.50000,230.00000
-0.44200,-0.03490,0.13743,-0.50000,0.50000,0.50000,0.50000,230.10000
-0.44200,-0.03480,0.13743,-0.50000,0.50000,0.50000,0.50000,230.20000
-0.44200,-0.03470,0.13743,-0.50000,0.50000,0.50000,0.50000,230.30000
-0.44200,-0.03460,0.13743,-0.50000,0.50000,0.50000,0.50000,230.40000
-0.44200,-0.03450,0.13743,-0.50000,0.50000,0.50000,0.50000,230.50000
-0.44200,-0.03440,0.13743,-0.50000,0.50000,0.50000,0.50000,230.60000
-0.44200,-0.03430,0.13743,-0.50000,0.50000,0.50000,0.50000,230.70000
-0.44200,-0.03420,0.13743,-0.50000,0.50000,0.50000,0.50000,230.80000
-0.44200,-0.03410,0.13743,-0.50000,0.50000,0.50000,0.50000,230.90000
-0.44200,-0.03400,0.13743,-0.50000,0.50000,0.50000,0.50000,231.00000
-0.44200,-0.03390,0.13743,-0.50000,0.50000,0.50000,0.50000,231.10000
-0.44200,-0.03380,0.13743,-0.50000,0.50000,0.50000,0.50000,231.20000
-0.44200,-0.03370,0.13743,-0.50000,0.50000,0.50000,0.50000,231.30000
-0.44200,-0.03360,0.13743,-0.50000,0.50000,0.50000,0.50000,231.40000
-0.44200,-0.03350,0.13743,-0.50000,0.50000,0.50000,0.50000,231.50000
-0.44200,-0.03340,0.13744,-0.50000,0.50000,0.50000,0.50000,231.60000
-0.44200,-0.03330,0.13744,-0.50000,0.50000,0.50000,0.50000,231.70000
-0.44200,-0.03320,0.13744,-0.50000,0.50000,0.50000,0.50000,231.80000
-0.44200,-0.03310,0.13744,-0.50000,0.50000,0.50000,0.50000,231.90000
-0.44200,-0.03300,0.13744,-0.50000,0.50000,0.50000,0.50000,232.00000
-0.44200,-0.03290,0.13744,-0.50000,0.50000,0.50000,0.50000,232.10000
-0.44200,-0.03280,0.13744,-0.50000,0.50000,0.50000,0.50000,232.20000
-0.44200,-0.03270,0.13744,-0.50000,0.50000,0.50000,0.50000,232.30000
-0.44200,-0.03260,0.13744,-0.50000,0.50000,0.50000,0.50000,232.40000
-0.44200,-0.03250,0.13744,-0.50000,0.50000,0.50000,0.50000,232.50000
-0.44200,-0.03240,0.13744,-0.50000,0.50000,0.50000,0.50000,232.60000
-0.44200,-0.03230,0.13744,-0.50000,0.50000,0.50000,0.50000,232.70000
-0.44200,-0.03220,0.13744,-0.50000,0.50000,0.50000,0.50000,232.80000
-0.44200,-0.03210,0.13744,-0.50000,0.50000,0.50000,0.50000,232.90000
-0.44200,-0.03200,0.13744,-0.50000,0.50000,0.50000,0.50000,233.00000
-0.44200,-0.03190,0.13744,-0.50000,0.50000,0.50000,0.50000,233.10000
-0.44200,-0.03180,0.13745,-0.50000,0.50000,0.50000,0.50000,233.20000
-0.44200,-0.03170,0.13745,-0.50000,0.50000,0.50000,0.50000,233.30000
-0.44200,-0.03160,0.13745,-0.50000,0.50000,0.50000,0.50000,233.40000
-0.44200,-0.03150,0.13745,-0.50000,0.50000,0.50000,0.50000,233.50000
-0.44200,-0.03140,0.13745,-0.50000,0.50000,0.50000,0.50000,233.60000
-0.44200,-0.03130,0.13745,-0.50000,0.50000,0.50000,0.50000,233.70000
-0.44200,-0.03120,0.13745,-0.50000,0.50000,0.50000,0.50000,233.80000
-0.44200,-0.03110,0.13745,-0.50000,0.50000,0.50000,0.50000,233.90000
-0.44200,-0.03100,0.13745,-0.50000,0.50000,0.50000,0.50000,234.00000
-0.44200,-0.03090,0.13745,-0.50000,0.50000,0.50000,0.50000,234.10000
-0.44200,-0.03080,0.13745,-0.50000,0.50000,0.50000,0.50000,234.20000
-0.44200,-0.03070,0.13745,-0.50000,0.50000,0.50000,0.50000,234.30000
-0.44200,-0.03060,0.13745,-0.50000,0.50000,0.50000,0.50000,234.40000
-0.44200,-0.03050,0.13745,-0.50000,0.50000,0.50000,0.50000,234.50000
-0.44200,-0.03040,0.13745,-0.50000,0.50000,0.50000,0.50000,234.60000
-0.44200,-0.03030,0.13745,-0.50000,0.50000,0.50000,0.50000,234.70000
-0.44200,-0.03020,0.13746,-0.50000,0.50000,0.50000,0.50000,234.80000
-0.44200,-0.03010,0.13746,-0.50000,0.50000,0.50000,0.50000,234.90000
-0.44200,-0.03000,0.13746,-0.50000,0.50000,0.50000,0.50000,235.00000
-0.44200,-0.02990,0.13746,-0.50000,0.50000,0.50000,0.50000,235.10000
-0.44200,-0.02980,0.13746,-0.50000,0.50000,0.50000,0.50000,235.20000
-0.44200,-0.02970,0.13746,-0.50000,0.50000,0.50000,0.50000,235.30000
-0.44200,-0.02960,0.13746,-0.50000,0.50000,0.50000,0.50000,235.40000
-0.44200,-0.02950,0.13746,-0.50000,0.50000,0.50000,0.50000,235.50000
-0.44200,-0.02940,0.13746,-0.50000,0.50000,0.50000,0.50000,235.60000
-0.44200,-0.02930,0.13746,-0.50000,0.50000,0.50000,0.50000,235.70000
-0.44200,-0.02920,0.13746,-0.50000,0.50000,0.50000,0.50000,235.80000
-0.44200,-0.02910,0.13746,-0.50000,0.50000,0.50000,0.50000,235.90000
-0.44200,-0.02900,0.13746,-0.50000,0.50000,0.50000,0.50000,236.00000
-0.44200,-0.02890,0.13746,-0.50000,0.50000,0.50000,0.50000,236.10000
-0.44200,-0.02880,0.13746,-0.50000,0.50000,0.50000,0.50000,236.20000
-0.44200,-0.02870,0.13746,-0.50000,0.50000,0.50000,0.50000,236.30000
-0.44200,-0.02860,0.13747,-0.50000,0.50000,0.50000,0.50000,236.40000
-0.44200,-0.02850,0.13747,-0.50000,0.50000,0.50000,0.50000,236.50000
-0.44200,-0.02840,0.13747,-0.50000,0.50000,0.50000,0.50000,236.60000
-0.44200,-0.02830,0.13747,-0.50000,0.50000,0.50000,0.50000,236.70000
-0.44200,-0.02820,0.13747,-0.50000,0.50000,0.50000,0.50000,236.80000
-0.44200,-0.02810,0.13747,-0.50000,0.50000,0.50000,0.50000,236.90000
-0.44200,-0.02800,0.13747,-0.50000,0.50000,0.50000,0.50000,237.00000
-0.44200,-0.02790,0.13747,-0.50000,0.50000,0.50000,0.50000,237.10000
-0.44200,-0.02780,0.13747,-0.50000,0.50000,0.50000,0.50000,237.20000
-0.44200,-0.02770,0.13747,-0.50000,0.50000,0.50000,0.50000,237.30000
-0.44200,-0.02760,0.13747,-0.50000,0.50000,0.50000,0.50000,237.40000
-0.44200,-0.02750,0.13747,-0.50000,0.50000,0.50000,0.50000,237.50000
-0.44200,-0.02740,0.13747,-0.50000,0.50000,0.50000,0.50000,237.60000
-0.44200,-0.02730,0.13747,-0.50000,0.50000,0.50000,0.50000,237.70000
-0.44200,-0.02720,0.13747,-0.50000,0.50000,0.50000,0.50000,237.80000
-0.44200,-0.02710,0.13747,-0.50000,0.50000,0.50000,0.50000,237.90000
-0.44200,-0.02700,0.13748,-0.50000,0.50000,0.50000,0.50000,238.00000
-0.44200,-0.02690,0.13748,-0.50000,0.50000,0.50000,0.50000,238.10000
-0.44200,-0.02680,0.13748,-0.50000,0.50000,0.50000,0.50000,238.20000
-0.44200,-0.02670,0.13748,-0.50000,0.50000,0.50000,0.50000,238.30000
-0.44200,-0.02660,0.13748,-0.50000,0.50000,0.50000,0.50000,238.40000
-0.44200,-0.02650,0.13748,-0.50000,0.50000,0.50000,0.50000,238.50000
-0.44200,-0.02640,0.13748,-0.50000,0.50000,0.50000,0.50000,238.60000
-0.44200,-0.02630,0.13748,-0.50000,0.50000,0.50000,0.50000,238.70000
-0.44200,-0.02620,0.13748,-0.50000,0.50000,0.50000,0.50000,238.80000
-0.44200,-0.02610,0.13748,-0.50000,0.50000,0.50000,0.50000,238.90000
-0.44200,-0.02600,0.13748,-0.50000,0.50000,0.50000,0.50000,239.00000
-0.44200,-0.02590,0.13748,-0.50000,0.50000,0.50000,0.50000,239.10000
-0.44200,-0.02580,0.13748,-0.50000,0.50000,0.50000,0.50000,239.20000
-0.44200,-0.02570,0.13748,-0.50000,0.50000,0.50000,0.50000,239.30000
-0.44200,-0.02560,0.13748,-0.50000,0.50000,0.50000,0.50000,239.40000
-0.44200,-0.02550,0.13748,-0.50000,0.50000,0.50000,0.50000,239.50000
-0.44200,-0.02540,0.13749,-0.50000,0.50000,0.50000,0.50000,239.60000
-0.44200,-0.02530,0.13749,-0.50000,0.50000,0.50000,0.50000,239.70000
-0.44200,-0.02520,0.13749,-0.50000,0.50000,0.50000,0.50000,239.80000
-0.44200,-0.02510,0.13749,-0.50000,0.50000,0.50000,0.50000,239.90000
-0.44200,-0.02500,0.13749,-0.50000,0.50000,0.50000,0.50000,240.00000
-0.44200,-0.02490,0.13749,-0.50000,0.50000,0.50000,0.50000,240.10000
-0.44200,-0.02480,0.13749,-0.50000,0.50000,0.50000,0.50000,240.20000
-0.44200,-0.02470,0.13749,-0.50000,0.50000,0.50000,0.50000,240.30000
-0.44200,-0.02460,0.13749,-0.50000,0.50000,0.50000,0.50000,240.40000
-0.44200,-0.02450,0.13749,-0.50000,0.50000,0.50000,0.50000,240.50000
-0.44200,-0.02440,0.13749,-0.50000,0.50000,0.50000,0.50000,240.60000
-0.44200,-0.02430,0.13749,-0.50000,0.50000,0.50000,0.50000,240.70000
-0.44200,-0.02420,0.13749,-0.50000,0.50000,0.50000,0.50000,240.80000
-0.44200,-0.02410,0.13749,-0.50000,0.50000,0.50000,0.50000,240.90000
-0.44200,-0.02401,0.13749,-0.50000,0.50000,0.50000,0.50000,240.99600
-0.44200,-0.02392,0.13749,-0.50000,0.50000,0.50000,0.50000,241.08800
-0.44200,-0.02383,0.13749,-0.50000,0.50000,0.50000,0.50000,241.17600
-0.44200,-0.02374,0.13750,-0.50000,0.50000,0.50000,0.50000,241.26000
-0.44200,-0.02366,0.13750,-0.50000,0.50000,0.50000,0.50000,241.34000
-0.44200,-0.02359,0.13750,-0.50000,0.50000,0.50000,0.50000,241.41600
-0.44200,-0.02352,0.13750,-0.50000,0.50000,0.50000,0.50000,241.48800
-0.44200,-0.02345,0.13750,-0.50000,0.50000,0.50000,0.50000,241.55600
-0.44200,-0.02338,0.13750,-0.50000,0.50000,0.50000,0.50000,241.62000
-0.44200,-0.02332,0.13750,-0.50000,0.50000,0.50000,0.50000,241.68000
-0.44200,-0.02327,0.13750,-0.50000,0.50000,0.50000,0.50000,241.73600
-0.44200,-0.02322,0.13750,-0.50000,0.50000,0.50000,0.50000,241.78800
-0.44200,-0.02317,0.13750,-0.50000,0.50000,0.50000,0.50000,241.83600
-0.44200,-0.02312,0.13750,-0.50000,0.50000,0.50000,0.50000,241.88000
-0.44200,-0.02308,0.13750,-0.50000,0.50000,0.50000,0.50000,241.92000
-0.44200,-0.02305,0.13750,-0.50000,0.50000,0.50000,0.50000,241.95600
-0.44200,-0.02302,0.13750,-0.50000,0.50000,0.50000,0.50000,241.98800
-0.44200,-0.02299,0.13750,-0.50000,0.50000,0.50000,0.50000,242.01600
-0.44200,-0.02296,0.13750,-0.50000,0.50000,0.50000,0.50000,242.04000
-0.44200,-0.02294,0.13750,-0.50000,0.50000,0.50000,0.50000,242.06000
-0.44200,-0.02293,0.13750,-0.50000,0.50000,0.50000,0.50000,242.07600
-0.44200,-0.02292,0.13750,-0.50000,0.50000,0.50000,0.50000,242.08800
-0.44200,-0.02291,0.13750,-0.50000,0.50000,0.50000,0.50000,242.09600
-0.44200,-0.02290,0.13750,-0.50000,0.50000,0.50000,0.50000,242.10000
-0.44200,-0.02290,0.13750,-0.50000,0.50000,0.50000,0.50000,242.10000
-0.44200,-0.02291,0.13750,-0.50000,0.50000,0.50000,0.50000,242.10400
