x,y,z,qx,qy,qz,qw,u
0.08776,0.28640,0.07983,0.41279,0.42872,-0.54275,0.59264,0.00000
0.08776,0.28639,0.07984,0.41279,0.42873,-0.54275,0.59264,0.00800
0.08776,0.28638,0.07984,0.41280,0.42874,-0.54274,0.59263,0.02000
0.08776,0.28636,0.07984,0.41281,0.42875,-0.54273,0.59262,0.03600
0.08776,0.28634,0.07984,0.41282,0.42876,-0.54273,0.59261,0.05600
0.08776,0.28632,0.07985,0.41284,0.42878,-0.54271,0.59260,0.08000
0.08776,0.28629,0.07986,0.41286,0.42880,-0.54270,0.59258,0.10800
0.08777,0.28626,0.07987,0.41289,0.42883,-0.54268,0.59256,0.14000
0.08777,0.28623,0.07988,0.41291,0.42886,-0.54266,0.59254,0.17600
0.08777,0.28619,0.07989,0.41294,0.42889,-0.54264,0.59252,0.21600
0.08777,0.28615,0.07990,0.41297,0.42892,-0.54261,0.59249,0.26000
0.08778,0.28610,0.07992,0.41301,0.42896,-0.54259,0.59247,0.30800
0.08778,0.28605,0.07993,0.41304,0.42900,-0.54256,0.59244,0.36000
0.08778,0.28600,0.07995,0.41308,0.42904,-0.54253,0.59241,0.41600
0.08779,0.28594,0.07997,0.41313,0.42909,-0.54250,0.59237,0.47600
0.08779,0.28588,0.07999,0.41316,0.42913,-0.54247,0.59234,0.54000
0.08779,0.28582,0.08001,0.41321,0.42919,-0.54243,0.59230,0.60800
0.08780,0.28575,0.08003,0.41327,0.42925,-0.54239,0.59226,0.68000
0.08780,0.28568,0.08005,0.41332,0.42930,-0.54235,0.59222,0.75600
0.08781,0.28560,0.08008,0.41338,0.42937,-0.54230,0.59217,0.83600
0.08781,0.28552,0.08010,0.41344,0.42943,-0.54226,0.59212,0.92000
0.08782,0.28543,0.08013,0.41350,0.42950,-0.54221,0.59208,1.00800
0.08782,0.28535,0.08015,0.41357,0.42957,-0.54216,0.59203,1.10000
0.08783,0.28526,0.08017,0.41363,0.42964,-0.54211,0.59197,1.19600
0.08783,0.28516,0.08020,0.41371,0.42973,-0.54205,0.59191,1.29600
0.08784,0.28506,0.08023,0.41377,0.42980,-0.54200,0.59186,1.39600
0.08785,0.28497,0.08026,0.41384,0.42988,-0.54195,0.59180,1.49600
0.08785,0.28487,0.08029,0.41392,0.42995,-0.54189,0.59175,1.59600
0.08786,0.28478,0.08032,0.41399,0.43003,-0.54184,0.59169,1.69600
0.08786,0.28468,0.08035,0.41406,0.43011,-0.54178,0.59163,1.79600
0.08787,0.28459,0.08038,0.41413,0.43019,-0.54173,0.59158,1.89600
0.08788,0.28449,0.08041,0.41420,0.43027,-0.54168,0.59152,1.99600
0.08788,0.28440,0.08044,0.41427,0.43034,-0.54162,0.59146,2.09600
0.08789,0.28430,0.08047,0.41434,0.43042,-0.54157,0.59141,2.19600
0.08790,0.28420,0.08049,0.41441,0.43050,-0.54151,0.59135,2.29600
0.08790,0.28411,0.08052,0.41448,0.43057,-0.54146,0.59130,2.39600
0.08791,0.28401,0.08055,0.41456,0.43065,-0.54140,0.59124,2.49600
0.08791,0.28392,0.08058,0.41462,0.43073,-0.54135,0.59119,2.59600
0.08792,0.28382,0.08061,0.41469,0.43080,-0.54130,0.59113,2.69600
0.08792,0.28373,0.08064,0.41477,0.43088,-0.54124,0.59107,2.79600
0.08793,0.28363,0.08067,0.41483,0.43095,-0.54119,0.59102,2.89600
0.08794,0.28354,0.08069,0.41491,0.43104,-0.54113,0.59096,2.99600
0.08794,0.28344,0.08072,0.41497,0.43111,-0.54108,0.59091,3.09600
0.08795,0.28334,0.08075,0.41505,0.43119,-0.54103,0.59085,3.19600
0.08796,0.28324,0.08078,0.41512,0.43126,-0.54097,0.59079,3.29600
0.08796,0.28314,0.08080,0.41519,0.43135,-0.54092,0.59073,3.39600
0.08797,0.28305,0.08083,0.41526,0.43142,-0.54087,0.59068,3.49600
0.08797,0.28295,0.08086,0.41533,0.43150,-0.54081,0.59062,3.59600
0.08798,0.28286,0.08089,0.41540,0.43157,-0.54076,0.59057,3.69600
0.08799,0.28276,0.08092,0.41547,0.43165,-0.54070,0.59051,3.79600
0.08799,0.28266,0.08095,0.41554,0.43173,-0.54065,0.59045,3.89600
0.08800,0.28257,0.08098,0.41561,0.43181,-0.54059,0.59040,3.99600
0.08800,0.28247,0.08101,0.41568,0.43189,-0.54054,0.59034,4.09600
0.08801,0.28238,0.08103,0.41575,0.43196,-0.54048,0.59028,4.19600
0.08802,0.28228,0.08106,0.41582,0.43203,-0.54043,0.59023,4.29600
0.08802,0.28219,0.08109,0.41590,0.43212,-0.54037,0.59017,4.39600
0.08803,0.28209,0.08111,0.41596,0.43219,-0.54032,0.59012,4.49600
0.08803,0.28200,0.08114,0.41604,0.43227,-0.54026,0.59006,4.59600
0.08804,0.28190,0.08117,0.41610,0.43234,-0.54021,0.59000,4.69600
0.08805,0.28180,0.08120,0.41618,0.43242,-0.54016,0.58995,4.79600
0.08805,0.28171,0.08123,0.41625,0.43250,-0.54010,0.58989,4.89600
0.08806,0.28161,0.08126,0.41632,0.43258,-0.54005,0.58983,4.99600
0.08806,0.28152,0.08128,0.41639,0.43265,-0.54000,0.58978,5.09600
0.08807,0.28142,0.08131,0.41646,0.43273,-0.53994,0.58972,5.19600
0.08808,0.28132,0.08134,0.41652,0.43280,-0.53989,0.58967,5.29600
0.08808,0.28123,0.08137,0.41660,0.43289,-0.53983,0.58961,5.39600
0.08809,0.28113,0.08140,0.41667,0.43296,-0.53978,0.58955,5.49600
0.08809,0.28104,0.08142,0.41674,0.43304,-0.53972,0.58949,5.59600
0.08810,0.28094,0.08145,0.41681,0.43311,-0.53967,0.58944,5.69600
0.08811,0.28085,0.08148,0.41688,0.43319,-0.53962,0.58938,5.79600
0.08811,0.28075,0.08150,0.41695,0.43327,-0.53956,0.58932,5.89600
0.08812,0.28065,0.08153,0.41702,0.43335,-0.53951,0.58927,5.99600
0.08812,0.28056,0.08156,0.41710,0.43343,-0.53945,0.58921,6.09600
0.08813,0.28046,0.08159,0.41716,0.43350,-0.53940,0.58915,6.19600
0.08814,0.28037,0.08162,0.41723,0.43358,-0.53934,0.58910,6.29600
0.08814,0.28027,0.08165,0.41730,0.43366,-0.53929,0.58904,6.39600
0.08815,0.28017,0.08168,0.41737,0.43373,-0.53923,0.58898,6.49600
0.08816,0.28008,0.08170,0.41745,0.43381,-0.53918,0.58893,6.59600
0.08816,0.27998,0.08172,0.41752,0.43389,-0.53912,0.58887,6.69600
0.08817,0.27989,0.08175,0.41758,0.43396,-0.53907,0.58882,6.79600
0.08817,0.27979,0.08178,0.41766,0.43404,-0.53901,0.58876,6.89600
0.08818,0.27970,0.08181,0.41772,0.43411,-0.53896,0.58870,6.99600
0.08819,0.27960,0.08184,0.41780,0.43420,-0.53890,0.58864,7.09600
0.08819,0.27950,0.08186,0.41787,0.43427,-0.53885,0.58859,7.19600
0.08820,0.27941,0.08189,0.41794,0.43434,-0.53880,0.58853,7.29600
0.08820,0.27931,0.08192,0.41801,0.43442,-0.53874,0.58847,7.39600
0.08821,0.27922,0.08195,0.41808,0.43450,-0.53869,0.58842,7.49600
0.08822,0.27912,0.08198,0.41815,0.43458,-0.53863,0.58836,7.59600
0.08822,0.27902,0.08201,0.41822,0.43465,-0.53858,0.58830,7.69600
0.08823,0.27893,0.08202,0.41828,0.43473,-0.53853,0.58825,7.79600
0.08823,0.27883,0.08205,0.41836,0.43481,-0.53847,0.58819,7.89600
0.08824,0.27874,0.08208,0.41843,0.43489,-0.53841,0.58813,7.99600
0.08825,0.27864,0.08211,0.41850,0.43496,-0.53836,0.58807,8.09600
0.08825,0.27854,0.08214,0.41857,0.43504,-0.53830,0.58802,8.19600
0.08826,0.27845,0.08216,0.41864,0.43511,-0.53825,0.58797,8.29600
0.08827,0.27835,0.08219,0.41871,0.43519,-0.53819,0.58790,8.39600
0.08827,0.27826,0.08222,0.41878,0.43527,-0.53814,0.58785,8.49600
0.08828,0.27816,0.08225,0.41885,0.43534,-0.53809,0.58779,8.59600
0.08828,0.27806,0.08228,0.41892,0.43542,-0.53803,0.58774,8.69600
0.08829,0.27797,0.08230,0.41899,0.43550,-0.53798,0.58768,8.79600
0.08830,0.27787,0.08232,0.41906,0.43558,-0.53792,0.58762,8.89600
0.08830,0.27778,0.08235,0.41913,0.43565,-0.53787,0.58757,8.99600
0.08831,0.27768,0.08238,0.41920,0.43572,-0.53782,0.58751,9.09600
0.08831,0.27758,0.08240,0.41927,0.43581,-0.53776,0.58745,9.19600
0.08832,0.27749,0.08243,0.41934,0.43588,-0.53770,0.58739,9.29600
0.08833,0.27739,0.08246,0.41942,0.43596,-0.53765,0.58734,9.39600
0.08833,0.27730,0.08249,0.41949,0.43604,-0.53759,0.58728,9.49600
0.08834,0.27720,0.08252,0.41955,0.43611,-0.53754,0.58723,9.59600
0.08834,0.27710,0.08254,0.41963,0.43619,-0.53748,0.58716,9.69600
0.08835,0.27701,0.08257,0.41969,0.43626,-0.53743,0.58711,9.79600
0.08836,0.27691,0.08260,0.41976,0.43634,-0.53738,0.58705,9.89600
0.08836,0.27681,0.08262,0.41983,0.43642,-0.53732,0.58700,9.99600
0.08837,0.27672,0.08264,0.41990,0.43649,-0.53727,0.58694,10.09600
0.08838,0.27662,0.08267,0.41998,0.43658,-0.53721,0.58688,10.19600
0.08838,0.27653,0.08270,0.42004,0.43665,-0.53716,0.58682,10.29600
0.08839,0.27643,0.08273,0.42011,0.43672,-0.53710,0.58677,10.39600
0.08839,0.27633,0.08275,0.42019,0.43680,-0.53705,0.58671,10.49600
0.08840,0.27624,0.08278,0.42026,0.43688,-0.53699,0.58665,10.59600
0.08841,0.27614,0.08281,0.42032,0.43695,-0.53694,0.58660,10.69600
0.08841,0.27605,0.08284,0.42040,0.43703,-0.53688,0.58654,10.79600
0.08842,0.27595,0.08286,0.42046,0.43710,-0.53683,0.58649,10.89600
0.08842,0.27585,0.08288,0.42053,0.43718,-0.53677,0.58643,10.99600
0.08843,0.27576,0.08291,0.42061,0.43726,-0.53672,0.58637,11.09600
0.08844,0.27566,0.08293,0.42067,0.43734,-0.53666,0.58631,11.19600
0.08844,0.27556,0.08296,0.42075,0.43742,-0.53660,0.58625,11.29600
0.08845,0.27547,0.08299,0.42081,0.43749,-0.53655,0.58620,11.39600
0.08845,0.27537,0.08302,0.42088,0.43757,-0.53650,0.58614,11.49600
0.08846,0.27528,0.08304,0.42096,0.43764,-0.53644,0.58608,11.59600
0.08847,0.27518,0.08307,0.42103,0.43772,-0.53639,0.58603,11.69600
0.08847,0.27508,0.08310,0.42110,0.43780,-0.53633,0.58597,11.79600
0.08848,0.27499,0.08313,0.42117,0.43787,-0.53628,0.58591,11.89600
0.08849,0.27489,0.08315,0.42124,0.43795,-0.53622,0.58585,11.99600
0.08849,0.27479,0.08317,0.42130,0.43802,-0.53617,0.58580,12.09600
0.08850,0.27470,0.08320,0.42138,0.43810,-0.53611,0.58574,12.19600
0.08850,0.27460,0.08322,0.42144,0.43818,-0.53606,0.58569,12.29600
0.08851,0.27451,0.08325,0.42151,0.43825,-0.53601,0.58563,12.39600
0.08852,0.27441,0.08328,0.42159,0.43833,-0.53595,0.58557,12.49600
0.08852,0.27431,0.08330,0.42165,0.43841,-0.53589,0.58551,12.59600
0.08853,0.27422,0.08333,0.42173,0.43849,-0.53583,0.58545,12.69600
0.08853,0.27412,0.08336,0.42179,0.43856,-0.53578,0.58540,12.79600
0.08854,0.27402,0.08338,0.42186,0.43864,-0.53573,0.58534,12.89600
0.08855,0.27393,0.08341,0.42194,0.43872,-0.53567,0.58528,12.99600
0.08855,0.27383,0.08344,0.42201,0.43879,-0.53562,0.58523,13.09600
0.08856,0.27374,0.08346,0.42207,0.43887,-0.53556,0.58517,13.19600
0.08857,0.27364,0.08348,0.42215,0.43894,-0.53551,0.58511,13.29600
0.08857,0.27354,0.08351,0.42222,0.43902,-0.53545,0.58505,13.39600
0.08858,0.27345,0.08354,0.42228,0.43909,-0.53540,0.58500,13.49600
0.08858,0.27335,0.08356,0.42236,0.43917,-0.53534,0.58494,13.59600
0.08859,0.27325,0.08359,0.42243,0.43925,-0.53529,0.58488,13.69600
0.08860,0.27316,0.08362,0.42249,0.43932,-0.53523,0.58483,13.79600
0.08860,0.27306,0.08364,0.42257,0.43940,-0.53517,0.58476,13.89600
0.08861,0.27296,0.08367,0.42263,0.43947,-0.53512,0.58471,13.99600
0.08861,0.27287,0.08370,0.42270,0.43955,-0.53507,0.58465,14.09600
0.08862,0.27277,0.08372,0.42278,0.43963,-0.53501,0.58459,14.19600
0.08863,0.27268,0.08374,0.42284,0.43970,-0.53496,0.58454,14.29600
0.08863,0.27258,0.08376,0.42291,0.43978,-0.53490,0.58448,14.39600
0.08864,0.27248,0.08379,0.42298,0.43986,-0.53485,0.58442,14.49600
0.08865,0.27239,0.08382,0.42305,0.43993,-0.53479,0.58437,14.59600
0.08865,0.27229,0.08384,0.42312,0.44001,-0.53474,0.58431,14.69600
0.08866,0.27219,0.08387,0.42319,0.44009,-0.53468,0.58425,14.79600
0.08866,0.27210,0.08390,0.42326,0.44016,-0.53462,0.58419,14.89600
0.08867,0.27200,0.08392,0.42333,0.44024,-0.53457,0.58414,14.99600
0.08868,0.27190,0.08395,0.42340,0.44032,-0.53451,0.58408,15.09600
0.08868,0.27181,0.08398,0.42347,0.44039,-0.53446,0.58402,15.19600
0.08869,0.27171,0.08400,0.42354,0.44046,-0.53441,0.58397,15.29600
0.08869,0.27161,0.08402,0.42361,0.44055,-0.53435,0.58390,15.39600
0.08870,0.27152,0.08404,0.42368,0.44062,-0.53429,0.58385,15.49600
0.08871,0.27142,0.08407,0.42375,0.44069,-0.53424,0.58379,15.59600
0.08871,0.27132,0.08410,0.42382,0.44078,-0.53418,0.58373,15.69600
0.08872,0.27123,0.08412,0.42389,0.44085,-0.53413,0.58368,15.79600
0.08873,0.27113,0.08415,0.42396,0.44092,-0.53407,0.58362,15.89600
0.08873,0.27103,0.08417,0.42403,0.44100,-0.53402,0.58356,15.99600
0.08874,0.27094,0.08420,0.42410,0.44108,-0.53396,0.58350,16.09600
0.08874,0.27084,0.08423,0.42417,0.44115,-0.53391,0.58345,16.19600
0.08875,0.27075,0.08425,0.42424,0.44123,-0.53385,0.58339,16.29600
0.08876,0.27065,0.08428,0.42431,0.44131,-0.53379,0.58333,16.39600
0.08876,0.27055,0.08429,0.42438,0.44138,-0.53374,0.58327,16.49600
0.08877,0.27046,0.08432,0.42445,0.44146,-0.53368,0.58321,16.59600
0.08877,0.27036,0.08435,0.42452,0.44154,-0.53363,0.58316,16.69600
0.08878,0.27026,0.08437,0.42458,0.44161,-0.53358,0.58310,16.79600
0.08879,0.27017,0.08440,0.42466,0.44169,-0.53352,0.58304,16.89600
0.08879,0.27007,0.08442,0.42473,0.44177,-0.53346,0.58298,16.99600
0.08880,0.26997,0.08445,0.42479,0.44184,-0.53341,0.58293,17.09600
0.08881,0.26988,0.08448,0.42487,0.44192,-0.53335,0.58287,17.19600
0.08881,0.26978,0.08450,0.42494,0.44199,-0.53329,0.58281,17.29600
0.08882,0.26968,0.08453,0.42500,0.44207,-0.53324,0.58275,17.39600
0.08882,0.26959,0.08455,0.42508,0.44215,-0.53318,0.58269,17.49600
0.08883,0.26949,0.08457,0.42514,0.44222,-0.53313,0.58264,17.59600
0.08884,0.26939,0.08459,0.42521,0.44229,-0.53308,0.58258,17.69600
0.08884,0.26930,0.08462,0.42529,0.44238,-0.53302,0.58252,17.79600
0.08885,0.26920,0.08465,0.42535,0.44245,-0.53296,0.58246,17.89600
0.08886,0.26910,0.08467,0.42542,0.44252,-0.53291,0.58241,17.99600
0.08886,0.26901,0.08470,0.42550,0.44261,-0.53285,0.58234,18.09600
0.08887,0.26891,0.08472,0.42556,0.44268,-0.53280,0.58229,18.19600
0.08887,0.26881,0.08475,0.42563,0.44275,-0.53274,0.58223,18.29600
0.08888,0.26872,0.08477,0.42570,0.44282,-0.53269,0.58218,18.39600
0.08889,0.26862,0.08480,0.42577,0.44291,-0.53263,0.58212,18.49600
0.08889,0.26852,0.08482,0.42584,0.44298,-0.53257,0.58206,18.59600
0.08890,0.26843,0.08484,0.42591,0.44305,-0.53252,0.58201,18.69600
0.08891,0.26833,0.08486,0.42598,0.44313,-0.53246,0.58194,18.79600
0.08891,0.26823,0.08489,0.42605,0.44321,-0.53241,0.58188,18.89600
0.08892,0.26814,0.08492,0.42612,0.44328,-0.53235,0.58183,18.99600
0.08892,0.26804,0.08494,0.42619,0.44336,-0.53229,0.58177,19.09600
0.08893,0.26794,0.08497,0.42626,0.44344,-0.53224,0.58171,19.19600
0.08894,0.26785,0.08499,0.42632,0.44351,-0.53219,0.58166,19.29600
0.08894,0.26775,0.08502,0.42640,0.44359,-0.53213,0.58159,19.39600
0.08895,0.26765,0.08504,0.42647,0.44367,-0.53207,0.58154,19.49600
0.08896,0.26755,0.08507,0.42653,0.44374,-0.53202,0.58148,19.59600
0.08896,0.26746,0.08509,0.42660,0.44381,-0.53196,0.58142,19.69600
0.08897,0.26736,0.08511,0.42667,0.44389,-0.53191,0.58137,19.79600
0.08897,0.26726,0.08513,0.42674,0.44397,-0.53185,0.58131,19.89600
0.08898,0.26717,0.08516,0.42681,0.44404,-0.53180,0.58125,19.99600
0.08899,0.26707,0.08518,0.42688,0.44412,-0.53174,0.58119,20.09600
0.08899,0.26697,0.08521,0.42695,0.44420,-0.53168,0.58113,20.19600
0.08900,0.26688,0.08523,0.42702,0.44427,-0.53163,0.58108,20.29600
0.08900,0.26678,0.08526,0.42709,0.44435,-0.53157,0.58102,20.39600
0.08901,0.26668,0.08528,0.42716,0.44442,-0.53152,0.58096,20.49600
0.08902,0.26658,0.08531,0.42723,0.44450,-0.53146,0.58090,20.59600
0.08902,0.26648,0.08533,0.42729,0.44457,-0.53141,0.58085,20.69600
0.08903,0.26638,0.08535,0.42737,0.44465,-0.53135,0.58078,20.79600
0.08904,0.26629,0.08537,0.42744,0.44473,-0.53129,0.58073,20.89600
0.08904,0.26619,0.08540,0.42750,0.44480,-0.53124,0.58067,20.99600
0.08905,0.26609,0.08542,0.42758,0.44488,-0.53118,0.58061,21.09600
0.08905,0.26600,0.08545,0.42765,0.44496,-0.53112,0.58055,21.19600
0.08906,0.26590,0.08547,0.42771,0.44503,-0.53107,0.58050,21.29600
0.08907,0.26580,0.08550,0.42778,0.44510,-0.53102,0.58044,21.39600
0.08907,0.26570,0.08552,0.42786,0.44518,-0.53096,0.58038,21.49600
0.08908,0.26561,0.08554,0.42792,0.44526,-0.53090,0.58032,21.59600
0.08909,0.26551,0.08557,0.42799,0.44533,-0.53085,0.58026,21.69600
0.08909,0.26541,0.08559,0.42807,0.44541,-0.53079,0.58020,21.79600
0.08910,0.26532,0.08561,0.42813,0.44548,-0.53073,0.58015,21.89600
0.08910,0.26522,0.08563,0.42820,0.44556,-0.53068,0.58009,21.99600
0.08911,0.26512,0.08566,0.42827,0.44563,-0.53062,0.58003,22.09600
0.08912,0.26503,0.08568,0.42834,0.44571,-0.53057,0.57997,22.19600
0.08912,0.26493,0.08571,0.42841,0.44579,-0.53051,0.57991,22.29600
0.08913,0.26483,0.08573,0.42848,0.44586,-0.53045,0.57986,22.39600
0.08914,0.26474,0.08576,0.42855,0.44594,-0.53040,0.57980,22.49600
0.08914,0.26464,0.08578,0.42862,0.44601,-0.53034,0.57974,22.59600
0.08915,0.26454,0.08580,0.42869,0.44609,-0.53029,0.57968,22.69600
0.08915,0.26444,0.08583,0.42875,0.44616,-0.53023,0.57963,22.79600
0.08916,0.26435,0.08585,0.42882,0.44624,-0.53017,0.57956,22.89600
0.08917,0.26425,0.08587,0.42889,0.44632,-0.53012,0.57950,22.99600
0.08917,0.26415,0.08589,0.42896,0.44639,-0.53007,0.57945,23.09600
0.08918,0.26406,0.08592,0.42903,0.44647,-0.53001,0.57939,23.19600
0.08919,0.26396,0.08594,0.42910,0.44655,-0.52995,0.57933,23.29600
0.08919,0.26386,0.08596,0.42917,0.44662,-0.52990,0.57927,23.39600
0.08920,0.26377,0.08599,0.42924,0.44669,-0.52984,0.57922,23.49600
0.08920,0.26367,0.08601,0.42931,0.44677,-0.52978,0.57915,23.59600
0.08921,0.26357,0.08604,0.42937,0.44684,-0.52973,0.57910,23.69600
0.08922,0.26347,0.08606,0.42944,0.44692,-0.52967,0.57904,23.79600
0.08922,0.26338,0.08608,0.42951,0.44700,-0.52962,0.57898,23.89600
0.08923,0.26328,0.08611,0.42959,0.44708,-0.52956,0.57892,23.99600
0.08924,0.26318,0.08612,0.42965,0.44715,-0.52950,0.57886,24.09600
0.08924,0.26309,0.08615,0.42972,0.44722,-0.52945,0.57881,24.19600
0.08925,0.26299,0.08617,0.42980,0.44730,-0.52939,0.57874,24.29600
0.08926,0.26289,0.08619,0.42986,0.44737,-0.52933,0.57869,24.39600
0.08926,0.26279,0.08622,0.42993,0.44745,-0.52928,0.57863,24.49600
0.08927,0.26270,0.08624,0.43000,0.44753,-0.52922,0.57857,24.59600
0.08927,0.26260,0.08627,0.43007,0.44760,-0.52917,0.57851,24.69600
0.08928,0.26250,0.08629,0.43014,0.44768,-0.52911,0.57845,24.79600
0.08929,0.26241,0.08631,0.43021,0.44775,-0.52905,0.57840,24.89600
0.08929,0.26231,0.08634,0.43027,0.44782,-0.52900,0.57834,24.99600
0.08930,0.26221,0.08636,0.43035,0.44791,-0.52894,0.57828,25.09600
0.08931,0.26211,0.08638,0.43041,0.44798,-0.52888,0.57822,25.19600
0.08931,0.26202,0.08640,0.43048,0.44806,-0.52883,0.57816,25.29600
0.08932,0.26192,0.08642,0.43055,0.44813,-0.52878,0.57811,25.39600
0.08932,0.26182,0.08645,0.43062,0.44821,-0.52871,0.57804,25.49600
0.08933,0.26173,0.08647,0.43069,0.44828,-0.52866,0.57799,25.59600
0.08934,0.26163,0.08649,0.43076,0.44835,-0.52861,0.57793,25.69600
0.08934,0.26153,0.08652,0.43082,0.44843,-0.52855,0.57787,25.79600
0.08935,0.26143,0.08654,0.43090,0.44851,-0.52849,0.57781,25.89600
0.08936,0.26134,0.08656,0.43097,0.44859,-0.52843,0.57775,25.99600
0.08936,0.26124,0.08659,0.43103,0.44866,-0.52838,0.57770,26.09600
0.08937,0.26114,0.08661,0.43111,0.44874,-0.52832,0.57763,26.19600
0.08937,0.26105,0.08663,0.43118,0.44881,-0.52826,0.57757,26.29600
0.08938,0.26095,0.08665,0.43124,0.44888,-0.52821,0.57752,26.39600
0.08939,0.26085,0.08667,0.43131,0.44896,-0.52816,0.57746,26.49600
0.08939,0.26075,0.08670,0.43138,0.44904,-0.52809,0.57740,26.59600
0.08940,0.26066,0.08672,0.43145,0.44911,-0.52804,0.57734,26.69600
0.08941,0.26056,0.08674,0.43152,0.44919,-0.52799,0.57729,26.79600
0.08941,0.26046,0.08677,0.43158,0.44926,-0.52793,0.57723,26.89600
0.08942,0.26037,0.08679,0.43166,0.44934,-0.52787,0.57716,26.99600
0.08942,0.26027,0.08681,0.43172,0.44941,-0.52782,0.57711,27.09600
0.08943,0.26017,0.08684,0.43179,0.44949,-0.52776,0.57705,27.19600
0.08944,0.26007,0.08686,0.43186,0.44956,-0.52770,0.57699,27.29600
0.08944,0.25998,0.08687,0.43193,0.44964,-0.52765,0.57693,27.39600
0.08945,0.25988,0.08689,0.43200,0.44971,-0.52759,0.57687,27.49600
0.08946,0.25978,0.08692,0.43207,0.44979,-0.52753,0.57681,27.59600
0.08946,0.25968,0.08694,0.43214,0.44986,-0.52748,0.57676,27.69600
0.08947,0.25959,0.08696,0.43220,0.44993,-0.52742,0.57670,27.79600
0.08947,0.25949,0.08699,0.43228,0.45002,-0.52736,0.57664,27.89600
0.08948,0.25939,0.08701,0.43234,0.45009,-0.52731,0.57658,27.99600
0.08949,0.25930,0.08703,0.43241,0.45017,-0.52725,0.57652,28.09600
0.08949,0.25920,0.08706,0.43248,0.45024,-0.52720,0.57647,28.19600
0.08950,0.25910,0.08708,0.43255,0.45032,-0.52714,0.57640,28.29600
0.08951,0.25900,0.08709,0.43262,0.45039,-0.52708,0.57634,28.39600
0.08951,0.25891,0.08711,0.43269,0.45047,-0.52702,0.57628,28.49600
0.08952,0.25881,0.08714,0.43275,0.45054,-0.52697,0.57623,28.59600
0.08953,0.25871,0.08716,0.43283,0.45062,-0.52691,0.57617,28.69600
0.08953,0.25861,0.08718,0.43290,0.45069,-0.52685,0.57611,28.79600
0.08954,0.25852,0.08721,0.43296,0.45076,-0.52680,0.57605,28.89600
0.08954,0.25842,0.08723,0.43303,0.45084,-0.52675,0.57599,28.99600
0.08955,0.25832,0.08725,0.43310,0.45092,-0.52668,0.57593,29.09600
0.08956,0.25822,0.08727,0.43317,0.45100,-0.52663,0.57587,29.19600
0.08956,0.25813,0.08730,0.43324,0.45107,-0.52658,0.57582,29.29600
0.08957,0.25803,0.08732,0.43330,0.45114,-0.52652,0.57576,29.39600
0.08958,0.25793,0.08733,0.43337,0.45122,-0.52646,0.57570,29.49600
0.08958,0.25783,0.08736,0.43345,0.45130,-0.52640,0.57564,29.59600
0.08959,0.25774,0.08738,0.43351,0.45137,-0.52635,0.57558,29.69600
0.08959,0.25764,0.08740,0.43358,0.45144,-0.52629,0.57552,29.79600
0.08960,0.25754,0.08742,0.43365,0.45152,-0.52624,0.57546,29.89600
0.08961,0.25744,0.08745,0.43372,0.45160,-0.52617,0.57540,29.99600
0.08961,0.25735,0.08747,0.43379,0.45167,-0.52612,0.57534,30.09600
0.08962,0.25725,0.08749,0.43386,0.45174,-0.52606,0.57529,30.19600
0.08963,0.25715,0.08751,0.43392,0.45182,-0.52601,0.57523,30.29600
0.08963,0.25706,0.08754,0.43399,0.45189,-0.52595,0.57517,30.39600
0.08964,0.25696,0.08756,0.43406,0.45197,-0.52589,0.57511,30.49600
0.08965,0.25686,0.08757,0.43413,0.45204,-0.52584,0.57505,30.59600
0.08965,0.25676,0.08759,0.43420,0.45212,-0.52578,0.57499,30.69600
0.08966,0.25667,0.08761,0.43427,0.45219,-0.52572,0.57493,30.79600
0.08966,0.25657,0.08764,0.43434,0.45227,-0.52567,0.57487,30.89600
0.08967,0.25647,0.08766,0.43441,0.45235,-0.52561,0.57481,30.99600
0.08968,0.25637,0.08768,0.43447,0.45242,-0.52555,0.57475,31.09600
0.08968,0.25628,0.08770,0.43454,0.45250,-0.52550,0.57469,31.19600
0.08969,0.25618,0.08773,0.43461,0.45257,-0.52544,0.57464,31.29600
0.08970,0.25608,0.08775,0.43468,0.45265,-0.52538,0.57458,31.39600
0.08970,0.25598,0.08777,0.43475,0.45272,-0.52533,0.57452,31.49600
0.08971,0.25589,0.08779,0.43482,0.45280,-0.52527,0.57446,31.59600
0.08972,0.25579,0.08780,0.43488,0.45287,-0.52522,0.57440,31.69600
0.08972,0.25569,0.08783,0.43496,0.45295,-0.52516,0.57434,31.79600
0.08973,0.25559,0.08785,0.43502,0.45302,-0.52510,0.57428,31.89600
0.08973,0.25550,0.08787,0.43509,0.45310,-0.52504,0.57422,31.99600
0.08974,0.25540,0.08789,0.43516,0.45317,-0.52499,0.57416,32.09600
0.08975,0.25530,0.08791,0.43523,0.45324,-0.52493,0.57411,32.19600
0.08975,0.25520,0.08794,0.43530,0.45332,-0.52487,0.57404,32.29600
0.08976,0.25510,0.08796,0.43537,0.45340,-0.52481,0.57398,32.39600
0.08977,0.25501,0.08798,0.43544,0.45347,-0.52476,0.57392,32.49600
0.08977,0.25491,0.08800,0.43550,0.45354,-0.52470,0.57387,32.59600
0.08978,0.25481,0.08802,0.43557,0.45362,-0.52465,0.57381,32.69600
0.08979,0.25471,0.08804,0.43564,0.45370,-0.52459,0.57375,32.79600
0.08979,0.25462,0.08806,0.43571,0.45377,-0.52453,0.57369,32.89600
0.08980,0.25452,0.08808,0.43577,0.45384,-0.52448,0.57363,32.99600
0.08980,0.25442,0.08810,0.43584,0.45392,-0.52442,0.57357,33.09600
0.08981,0.25432,0.08812,0.43591,0.45399,-0.52436,0.57351,33.19600
0.08982,0.25423,0.08814,0.43599,0.45407,-0.52430,0.57345,33.29600
0.08982,0.25413,0.08817,0.43605,0.45415,-0.52424,0.57339,33.39600
0.08983,0.25403,0.08819,0.43612,0.45422,-0.52419,0.57333,33.49600
0.08984,0.25393,0.08821,0.43619,0.45429,-0.52413,0.57328,33.59600
0.08984,0.25384,0.08823,0.43625,0.45437,-0.52408,0.57322,33.69600
0.08985,0.25374,0.08824,0.43633,0.45445,-0.52402,0.57315,33.79600
0.08986,0.25364,0.08826,0.43639,0.45452,-0.52396,0.57310,33.89600
0.08986,0.25354,0.08829,0.43646,0.45459,-0.52391,0.57304,33.99600
0.08987,0.25345,0.08831,0.43653,0.45467,-0.52385,0.57298,34.09600
0.08987,0.25335,0.08833,0.43660,0.45474,-0.52379,0.57292,34.19600
0.08988,0.25325,0.08835,0.43667,0.45482,-0.52373,0.57285,34.29600
0.08989,0.25315,0.08837,0.43673,0.45489,-0.52368,0.57280,34.39600
0.08989,0.25305,0.08839,0.43680,0.45497,-0.52362,0.57274,34.49600
0.08990,0.25296,0.08841,0.43687,0.45504,-0.52356,0.57268,34.59600
0.08991,0.25286,0.08844,0.43694,0.45512,-0.52351,0.57262,34.69600
0.08991,0.25276,0.08846,0.43701,0.45519,-0.52345,0.57256,34.79600
0.08992,0.25266,0.08847,0.43708,0.45527,-0.52339,0.57250,34.89600
0.08992,0.25257,0.08849,0.43714,0.45534,-0.52333,0.57244,34.99600
0.08993,0.25247,0.08851,0.43721,0.45542,-0.52328,0.57238,35.09600
0.08994,0.25237,0.08853,0.43728,0.45549,-0.52322,0.57232,35.19600
0.08994,0.25227,0.08855,0.43734,0.45556,-0.52317,0.57227,35.29600
0.08995,0.25218,0.08857,0.43742,0.45564,-0.52311,0.57220,35.39600
0.08996,0.25208,0.08860,0.43749,0.45571,-0.52305,0.57214,35.49600
0.08996,0.25198,0.08862,0.43755,0.45579,-0.52299,0.57209,35.59600
0.08997,0.25188,0.08864,0.43762,0.45586,-0.52293,0.57203,35.69600
0.08998,0.25178,0.08866,0.43769,0.45593,-0.52288,0.57197,35.79600
0.08998,0.25169,0.08868,0.43776,0.45601,-0.52282,0.57191,35.89600
0.08999,0.25159,0.08869,0.43783,0.45609,-0.52276,0.57185,35.99600
0.09000,0.25149,0.08871,0.43790,0.45616,-0.52271,0.57179,36.09600
0.09000,0.25139,0.08873,0.43796,0.45624,-0.52265,0.57173,36.19600
0.09001,0.25130,0.08875,0.43803,0.45631,-0.52260,0.57167,36.29600
0.09001,0.25120,0.08877,0.43810,0.45638,-0.52254,0.57161,36.39600
0.09002,0.25110,0.08880,0.43817,0.45646,-0.52248,0.57155,36.49600
0.09003,0.25100,0.08882,0.43824,0.45654,-0.52242,0.57149,36.59600
0.09003,0.25090,0.08884,0.43831,0.45661,-0.52236,0.57143,36.69600
0.09004,0.25081,0.08886,0.43837,0.45668,-0.52231,0.57137,36.79600
0.09005,0.25071,0.08888,0.43844,0.45676,-0.52225,0.57131,36.89600
0.09005,0.25061,0.08890,0.43851,0.45684,-0.52219,0.57125,36.99600
0.09006,0.25051,0.08891,0.43858,0.45691,-0.52213,0.57119,37.09600
0.09007,0.25041,0.08893,0.43865,0.45698,-0.52208,0.57113,37.19600
0.09007,0.25032,0.08895,0.43872,0.45706,-0.52202,0.57107,37.29600
0.09008,0.25022,0.08897,0.43878,0.45713,-0.52197,0.57102,37.39600
0.09009,0.25012,0.08899,0.43885,0.45720,-0.52191,0.57096,37.49600
0.09009,0.25002,0.08901,0.43892,0.45728,-0.52185,0.57089,37.59600
0.09010,0.24993,0.08903,0.43899,0.45736,-0.52179,0.57083,37.69600
0.09010,0.24983,0.08905,0.43906,0.45743,-0.52173,0.57077,37.79600
0.09011,0.24973,0.08907,0.43912,0.45750,-0.52168,0.57072,37.89600
0.09012,0.24963,0.08910,0.43919,0.45758,-0.52162,0.57066,37.99600
0.09012,0.24953,0.08911,0.43926,0.45765,-0.52156,0.57060,38.09600
0.09013,0.24944,0.08913,0.43933,0.45773,-0.52150,0.57053,38.19600
0.09014,0.24934,0.08915,0.43940,0.45781,-0.52144,0.57047,38.29600
0.09014,0.24924,0.08917,0.43947,0.45788,-0.52139,0.57041,38.39600
0.09015,0.24914,0.08919,0.43953,0.45795,-0.52133,0.57036,38.49600
0.09016,0.24904,0.08921,0.43960,0.45802,-0.52128,0.57030,38.59600
0.09016,0.24895,0.08923,0.43966,0.45810,-0.52122,0.57024,38.69600
0.09017,0.24885,0.08925,0.43973,0.45817,-0.52116,0.57018,38.79600
0.09017,0.24875,0.08927,0.43981,0.45825,-0.52110,0.57011,38.89600
0.09018,0.24865,0.08929,0.43987,0.45833,-0.52104,0.57005,38.99600
0.09019,0.24856,0.08931,0.43994,0.45840,-0.52099,0.57000,39.09600
0.09019,0.24846,0.08932,0.44001,0.45847,-0.52093,0.56994,39.19600
0.09020,0.24836,0.08934,0.44007,0.45854,-0.52087,0.56988,39.29600
0.09021,0.24826,0.08936,0.44014,0.45862,-0.52082,0.56982,39.39600
0.09021,0.24816,0.08938,0.44022,0.45870,-0.52075,0.56975,39.49600
0.09022,0.24807,0.08940,0.44028,0.45877,-0.52070,0.56969,39.59600
0.09023,0.24797,0.08942,0.44035,0.45884,-0.52064,0.56964,39.69600
0.09023,0.24787,0.08944,0.44041,0.45892,-0.52059,0.56958,39.79600
0.09024,0.24777,0.08946,0.44048,0.45899,-0.52053,0.56952,39.89600
0.09025,0.24767,0.08948,0.44055,0.45907,-0.52047,0.56946,39.99600
0.09025,0.24758,0.08950,0.44062,0.45914,-0.52041,0.56940,40.09600
0.09026,0.24748,0.08952,0.44069,0.45922,-0.52035,0.56933,40.19600
0.09026,0.24738,0.08953,0.44075,0.45929,-0.52030,0.56928,40.29600
0.09027,0.24728,0.08955,0.44082,0.45936,-0.52024,0.56922,40.39600
0.09028,0.24718,0.08957,0.44089,0.45944,-0.52018,0.56916,40.49600
0.09028,0.24709,0.08959,0.44096,0.45951,-0.52013,0.56910,40.59600
0.09029,0.24699,0.08961,0.44103,0.45959,-0.52007,0.56904,40.69600
0.09030,0.24689,0.08963,0.44109,0.45966,-0.52001,0.56898,40.79600
0.09030,0.24679,0.08965,0.44116,0.45974,-0.51995,0.56892,40.89600
0.09031,0.24669,0.08967,0.44123,0.45981,-0.51990,0.56886,40.99600
0.09032,0.24660,0.08969,0.44130,0.45988,-0.51984,0.56880,41.09600
0.09032,0.24650,0.08971,0.44137,0.45996,-0.51978,0.56874,41.19600
0.09033,0.24640,0.08973,0.44143,0.46003,-0.51972,0.56868,41.29600
0.09034,0.24630,0.08974,0.44150,0.46011,-0.51967,0.56862,41.39600
0.09034,0.24620,0.08976,0.44157,0.46018,-0.51961,0.56856,41.49600
0.09035,0.24610,0.08978,0.44164,0.46026,-0.51955,0.56850,41.59600
0.09035,0.24601,0.08980,0.44171,0.46033,-0.51949,0.56844,41.69600
0.09036,0.24591,0.08981,0.44177,0.46040,-0.51943,0.56838,41.79600
0.09037,0.24581,0.08983,0.44184,0.46048,-0.51938,0.56832,41.89600
0.09037,0.24572,0.08985,0.44191,0.46055,-0.51932,0.56826,41.99600
0.09038,0.24562,0.08987,0.44198,0.46063,-0.51926,0.56820,42.09600
0.09039,0.24553,0.08989,0.44204,0.46070,-0.51920,0.56814,42.19600
0.09039,0.24543,0.08991,0.44211,0.46078,-0.51915,0.56808,42.29600
0.09040,0.24533,0.08992,0.44218,0.46085,-0.51909,0.56802,42.39600
0.09041,0.24523,0.08994,0.44225,0.46092,-0.51903,0.56796,42.49600
0.09041,0.24513,0.08996,0.44232,0.46100,-0.51897,0.56790,42.59600
0.09042,0.24504,0.08998,0.44238,0.46107,-0.51891,0.56784,42.69600
0.09043,0.24494,0.09000,0.44245,0.46115,-0.51886,0.56778,42.79600
0.09043,0.24484,0.09002,0.44252,0.46122,-0.51880,0.56772,42.89600
0.09044,0.24474,0.09004,0.44258,0.46129,-0.51875,0.56766,42.99600
0.09045,0.24464,0.09006,0.44265,0.46137,-0.51868,0.56760,43.09600
0.09045,0.24455,0.09008,0.44272,0.46144,-0.51863,0.56753,43.19600
0.09046,0.24445,0.09009,0.44279,0.46152,-0.51857,0.56747,43.29600
0.09046,0.24435,0.09011,0.44286,0.46159,-0.51851,0.56741,43.39600
0.09047,0.24425,0.09012,0.44292,0.46166,-0.51845,0.56735,43.49600
0.09048,0.24415,0.09014,0.44299,0.46174,-0.51839,0.56729,43.59600
0.09048,0.24405,0.09016,0.44306,0.46181,-0.51834,0.56723,43.69600
0.09049,0.24396,0.09018,0.44312,0.46188,-0.51828,0.56718,43.79600
0.09050,0.24386,0.09020,0.44320,0.46196,-0.51822,0.56711,43.89600
0.09050,0.24376,0.09022,0.44326,0.46204,-0.51816,0.56705,43.99600
0.09051,0.24366,0.09024,0.44333,0.46211,-0.51810,0.56699,44.09600
0.09052,0.24356,0.09026,0.44340,0.46218,-0.51805,0.56693,44.19600
0.09052,0.24347,0.09027,0.44347,0.46226,-0.51799,0.56687,44.29600
0.09053,0.24337,0.09029,0.44353,0.46233,-0.51793,0.56681,44.39600
0.09054,0.24327,0.09031,0.44360,0.46240,-0.51787,0.56675,44.49600
0.09054,0.24317,0.09032,0.44366,0.46247,-0.51782,0.56670,44.59600
0.09055,0.24307,0.09034,0.44374,0.46255,-0.51776,0.56663,44.69600
0.09055,0.24297,0.09036,0.44380,0.46263,-0.51770,0.56657,44.79600
0.09056,0.24288,0.09038,0.44387,0.46270,-0.51764,0.56651,44.89600
0.09057,0.24278,0.09040,0.44394,0.46278,-0.51758,0.56645,44.99600
0.09057,0.24268,0.09041,0.44401,0.46285,-0.51753,0.56639,45.09600
0.09058,0.24258,0.09043,0.44407,0.46292,-0.51747,0.56633,45.19600
0.09059,0.24248,0.09045,0.44414,0.46300,-0.51741,0.56627,45.29600
0.09059,0.24238,0.09047,0.44421,0.46307,-0.51735,0.56621,45.39600
0.09060,0.24229,0.09049,0.44427,0.46314,-0.51730,0.56615,45.49600
0.09061,0.24219,0.09051,0.44434,0.46321,-0.51724,0.56609,45.59600
0.09061,0.24209,0.09052,0.44441,0.46329,-0.51718,0.56603,45.69600
0.09062,0.24199,0.09053,0.44448,0.46337,-0.51712,0.56597,45.79600
0.09063,0.24189,0.09055,0.44455,0.46344,-0.51706,0.56590,45.89600
0.09063,0.24180,0.09057,0.44461,0.46351,-0.51700,0.56584,45.99600
0.09064,0.24170,0.09059,0.44468,0.46359,-0.51695,0.56578,46.09600
0.09065,0.24160,0.09061,0.44475,0.46366,-0.51689,0.56572,46.19600
0.09065,0.24150,0.09063,0.44482,0.46374,-0.51683,0.56566,46.29600
0.09066,0.24140,0.09064,0.44488,0.46381,-0.51677,0.56560,46.39600
0.09067,0.24130,0.09066,0.44495,0.46388,-0.51672,0.56555,46.49600
0.09067,0.24121,0.09068,0.44502,0.46396,-0.51665,0.56548,46.59600
0.09068,0.24111,0.09069,0.44509,0.46403,-0.51660,0.56542,46.69600
0.09068,0.24101,0.09071,0.44515,0.46411,-0.51654,0.56536,46.79600
0.09069,0.24091,0.09073,0.44522,0.46418,-0.51648,0.56530,46.89600
0.09070,0.24081,0.09074,0.44529,0.46425,-0.51642,0.56524,46.99600
0.09070,0.24071,0.09076,0.44536,0.46433,-0.51636,0.56518,47.09600
0.09071,0.24062,0.09078,0.44542,0.46440,-0.51631,0.56512,47.19600
0.09072,0.24052,0.09080,0.44549,0.46447,-0.51625,0.56506,47.29600
0.09072,0.24042,0.09082,0.44556,0.46455,-0.51619,0.56500,47.39600
0.09073,0.24032,0.09083,0.44562,0.46462,-0.51614,0.56494,47.49600
0.09074,0.24022,0.09085,0.44569,0.46469,-0.51608,0.56488,47.59600
0.09074,0.24012,0.09087,0.44576,0.46477,-0.51601,0.56481,47.69600
0.09075,0.24003,0.09088,0.44583,0.46484,-0.51596,0.56475,47.79600
0.09076,0.23993,0.09090,0.44590,0.46492,-0.51590,0.56469,47.89600
0.09076,0.23983,0.09091,0.44596,0.46499,-0.51584,0.56463,47.99600
0.09077,0.23973,0.09093,0.44603,0.46506,-0.51578,0.56457,48.09600
0.09078,0.23963,0.09095,0.44610,0.46514,-0.51572,0.56451,48.19600
0.09078,0.23953,0.09097,0.44617,0.46521,-0.51567,0.56445,48.29600
0.09079,0.23943,0.09099,0.44623,0.46528,-0.51561,0.56439,48.39600
0.09079,0.23934,0.09100,0.44630,0.46536,-0.51555,0.56433,48.49600
0.09080,0.23924,0.09102,0.44637,0.46543,-0.51549,0.56427,48.59600
0.09081,0.23914,0.09104,0.44643,0.46550,-0.51544,0.56421,48.69600
0.09081,0.23904,0.09106,0.44650,0.46558,-0.51537,0.56415,48.79600
0.09082,0.23894,0.09107,0.44657,0.46565,-0.51532,0.56409,48.89600
0.09083,0.23884,0.09108,0.44664,0.46573,-0.51526,0.56402,48.99600
0.09083,0.23875,0.09110,0.44670,0.46580,-0.51520,0.56396,49.09600
0.09084,0.23865,0.09112,0.44677,0.46587,-0.51514,0.56390,49.19600
0.09085,0.23855,0.09114,0.44684,0.46595,-0.51508,0.56384,49.29600
0.09085,0.23845,0.09115,0.44691,0.46602,-0.51502,0.56378,49.39600
0.09086,0.23835,0.09117,0.44697,0.46609,-0.51497,0.56372,49.49600
0.09087,0.23825,0.09119,0.44704,0.46617,-0.51491,0.56366,49.59600
0.09087,0.23816,0.09121,0.44711,0.46624,-0.51485,0.56360,49.69600
0.09088,0.23806,0.09122,0.44717,0.46632,-0.51479,0.56354,49.79600
0.09089,0.23796,0.09124,0.44724,0.46639,-0.51473,0.56348,49.89600
0.09089,0.23786,0.09125,0.44730,0.46646,-0.51468,0.56342,49.99600
0.09090,0.23776,0.09127,0.44738,0.46654,-0.51462,0.56336,50.09600
0.09091,0.23766,0.09128,0.44744,0.46661,-0.51456,0.56329,50.19600
0.09091,0.23756,0.09130,0.44751,0.46668,-0.51450,0.56323,50.29600
0.09092,0.23747,0.09132,0.44758,0.46676,-0.51444,0.56317,50.39600
0.09092,0.23737,0.09133,0.44764,0.46683,-0.51438,0.56311,50.49600
0.09093,0.23727,0.09135,0.44771,0.46690,-0.51432,0.56305,50.59600
0.09094,0.23717,0.09137,0.44778,0.46698,-0.51427,0.56299,50.69600
0.09094,0.23707,0.09139,0.44785,0.46705,-0.51421,0.56293,50.79600
0.09095,0.23697,0.09140,0.44791,0.46712,-0.51415,0.56287,50.89600
0.09096,0.23687,0.09141,0.44798,0.46720,-0.51409,0.56281,50.99600
0.09096,0.23678,0.09143,0.44805,0.46727,-0.51403,0.56275,51.09600
0.09097,0.23668,0.09144,0.44811,0.46734,-0.51397,0.56269,51.19600
0.09098,0.23658,0.09146,0.44818,0.46742,-0.51392,0.56262,51.29600
0.09098,0.23648,0.09148,0.44825,0.46749,-0.51386,0.56256,51.39600
0.09099,0.23638,0.09150,0.44831,0.46756,-0.51380,0.56250,51.49600
0.09100,0.23628,0.09151,0.44838,0.46764,-0.51374,0.56244,51.59600
0.09100,0.23619,0.09153,0.44845,0.46771,-0.51368,0.56238,51.69600
0.09101,0.23609,0.09155,0.44852,0.46778,-0.51362,0.56232,51.79600
0.09102,0.23599,0.09156,0.44858,0.46786,-0.51356,0.56226,51.89600
0.09102,0.23589,0.09158,0.44865,0.46793,-0.51351,0.56220,51.99600
0.09103,0.23579,0.09159,0.44872,0.46800,-0.51345,0.56214,52.09600
0.09104,0.23569,0.09160,0.44878,0.46808,-0.51339,0.56207,52.19600
0.09104,0.23559,0.09162,0.44885,0.46815,-0.51333,0.56201,52.29600
0.09105,0.23550,0.09164,0.44892,0.46822,-0.51327,0.56195,52.39600
0.09106,0.23540,0.09165,0.44898,0.46830,-0.51321,0.56189,52.49600
0.09106,0.23530,0.09167,0.44905,0.46837,-0.51315,0.56183,52.59600
0.09107,0.23520,0.09169,0.44912,0.46844,-0.51310,0.56177,52.69600
0.09108,0.23510,0.09171,0.44919,0.46852,-0.51304,0.56171,52.79600
0.09108,0.23500,0.09172,0.44925,0.46859,-0.51298,0.56165,52.89600
0.09109,0.23490,0.09174,0.44932,0.46866,-0.51292,0.56159,52.99600
0.09110,0.23480,0.09175,0.44939,0.46874,-0.51286,0.56153,53.09600
0.09110,0.23471,0.09176,0.44945,0.46881,-0.51280,0.56146,53.19600
0.09111,0.23461,0.09178,0.44952,0.46888,-0.51274,0.56140,53.29600
0.09111,0.23451,0.09179,0.44959,0.46896,-0.51269,0.56134,53.39600
0.09112,0.23441,0.09181,0.44965,0.46903,-0.51263,0.56128,53.49600
0.09113,0.23431,0.09183,0.44973,0.46911,-0.51256,0.56121,53.59600
0.09113,0.23421,0.09184,0.44979,0.46918,-0.51250,0.56115,53.69600
0.09114,0.23411,0.09186,0.44986,0.46926,-0.51245,0.56109,53.79600
0.09115,0.23402,0.09188,0.44993,0.46933,-0.51239,0.56103,53.89600
0.09115,0.23392,0.09189,0.44999,0.46940,-0.51233,0.56097,53.99600
0.09116,0.23382,0.09191,0.45006,0.46947,-0.51227,0.56091,54.09600
0.09117,0.23372,0.09192,0.45012,0.46954,-0.51222,0.56085,54.19600
0.09117,0.23362,0.09193,0.45019,0.46962,-0.51216,0.56079,54.29600
0.09118,0.23352,0.09195,0.45026,0.46969,-0.51210,0.56073,54.39600
0.09119,0.23342,0.09196,0.45032,0.46976,-0.51204,0.56067,54.49600
0.09119,0.23333,0.09198,0.45039,0.46984,-0.51198,0.56061,54.59600
0.09120,0.23323,0.09200,0.45046,0.46991,-0.51192,0.56055,54.69600
0.09121,0.23313,0.09201,0.45052,0.46998,-0.51186,0.56048,54.79600
0.09121,0.23303,0.09203,0.45059,0.47005,-0.51180,0.56042,54.89600
0.09122,0.23293,0.09205,0.45066,0.47013,-0.51175,0.56036,54.99600
0.09123,0.23283,0.09206,0.45072,0.47020,-0.51169,0.56030,55.09600
0.09123,0.23273,0.09208,0.45079,0.47027,-0.51163,0.56024,55.19600
0.09124,0.23263,0.09208,0.45086,0.47035,-0.51157,0.56018,55.29600
0.09125,0.23254,0.09210,0.45092,0.47042,-0.51151,0.56012,55.39600
0.09125,0.23244,0.09212,0.45099,0.47049,-0.51145,0.56005,55.49600
0.09126,0.23234,0.09213,0.45106,0.47057,-0.51139,0.55999,55.59600
0.09127,0.23224,0.09215,0.45112,0.47064,-0.51133,0.55993,55.69600
0.09127,0.23214,0.09216,0.45119,0.47071,-0.51128,0.55987,55.79600
0.09128,0.23204,0.09218,0.45126,0.47079,-0.51122,0.55981,55.89600
0.09129,0.23194,0.09220,0.45132,0.47086,-0.51116,0.55975,55.99600
0.09129,0.23184,0.09221,0.45139,0.47093,-0.51110,0.55969,56.09600
0.09130,0.23175,0.09223,0.45146,0.47100,-0.51104,0.55963,56.19600
0.09130,0.23165,0.09224,0.45152,0.47108,-0.51098,0.55956,56.29600
0.09131,0.23155,0.09225,0.45159,0.47115,-0.51092,0.55950,56.39600
0.09132,0.23145,0.09226,0.45166,0.47123,-0.51086,0.55944,56.49600
0.09132,0.23135,0.09228,0.45173,0.47130,-0.51080,0.55937,56.59600
0.09133,0.23125,0.09230,0.45179,0.47137,-0.51074,0.55931,56.69600
0.09134,0.23115,0.09231,0.45186,0.47145,-0.51068,0.55925,56.79600
0.09134,0.23105,0.09233,0.45193,0.47152,-0.51062,0.55919,56.89600
0.09135,0.23096,0.09234,0.45199,0.47159,-0.51056,0.55913,56.99600
0.09136,0.23086,0.09236,0.45206,0.47167,-0.51051,0.55907,57.09600
0.09136,0.23076,0.09237,0.45213,0.47174,-0.51045,0.55901,57.19600
0.09137,0.23066,0.09239,0.45219,0.47181,-0.51039,0.55894,57.29600
0.09138,0.23056,0.09240,0.45226,0.47189,-0.51033,0.55888,57.39600
0.09138,0.23046,0.09241,0.45233,0.47196,-0.51027,0.55882,57.49600
0.09139,0.23036,0.09243,0.45239,0.47203,-0.51021,0.55876,57.59600
0.09140,0.23026,0.09244,0.45246,0.47210,-0.51015,0.55870,57.69600
0.09140,0.23017,0.09246,0.45253,0.47218,-0.51009,0.55864,57.79600
0.09141,0.23007,0.09247,0.45259,0.47225,-0.51003,0.55857,57.89600
0.09142,0.22997,0.09249,0.45266,0.47232,-0.50997,0.55851,57.99600
0.09142,0.22987,0.09250,0.45273,0.47239,-0.50992,0.55845,58.09600
0.09143,0.22977,0.09252,0.45279,0.47247,-0.50986,0.55839,58.19600
0.09144,0.22967,0.09253,0.45286,0.47254,-0.50980,0.55833,58.29600
0.09144,0.22957,0.09255,0.45293,0.47261,-0.50974,0.55827,58.39600
0.09145,0.22947,0.09255,0.45299,0.47269,-0.50968,0.55821,58.49600
0.09146,0.22937,0.09257,0.45306,0.47276,-0.50962,0.55814,58.59600
0.09146,0.22928,0.09258,0.45313,0.47283,-0.50956,0.55808,58.69600
0.09147,0.22918,0.09260,0.45319,0.47290,-0.50950,0.55802,58.79600
0.09148,0.22908,0.09261,0.45326,0.47298,-0.50944,0.55796,58.89600
0.09148,0.22898,0.09263,0.45332,0.47305,-0.50938,0.55790,58.99600
0.09149,0.22888,0.09264,0.45339,0.47312,-0.50932,0.55784,59.09600
0.09150,0.22878,0.09266,0.45346,0.47320,-0.50927,0.55777,59.19600
0.09150,0.22868,0.09267,0.45352,0.47327,-0.50921,0.55771,59.29600
0.09151,0.22858,0.09269,0.45359,0.47334,-0.50915,0.55765,59.39600
0.09152,0.22850,0.09270,0.45366,0.47341,-0.50909,0.55759,59.49600
0.09152,0.22840,0.09271,0.45372,0.47349,-0.50903,0.55753,59.59600
0.09153,0.22830,0.09272,0.45379,0.47356,-0.50897,0.55747,59.69600
0.09154,0.22820,0.09274,0.45386,0.47363,-0.50891,0.55740,59.79600
0.09154,0.22810,0.09275,0.45392,0.47370,-0.50885,0.55734,59.89600
0.09155,0.22800,0.09277,0.45399,0.47378,-0.50879,0.55728,59.99600
0.09156,0.22790,0.09278,0.45405,0.47385,-0.50873,0.55722,60.09600
0.09156,0.22780,0.09280,0.45412,0.47392,-0.50867,0.55716,60.19600
0.09157,0.22770,0.09281,0.45419,0.47399,-0.50861,0.55709,60.29600
0.09157,0.22761,0.09283,0.45425,0.47407,-0.50856,0.55703,60.39600
0.09158,0.22751,0.09284,0.45432,0.47414,-0.50850,0.55697,60.49600
0.09159,0.22741,0.09286,0.45439,0.47421,-0.50844,0.55691,60.59600
0.09160,0.22731,0.09286,0.45446,0.47429,-0.50837,0.55684,60.69600
0.09160,0.22721,0.09288,0.45452,0.47436,-0.50831,0.55678,60.79600
0.09161,0.22711,0.09289,0.45459,0.47444,-0.50825,0.55672,60.89600
0.09161,0.22701,0.09291,0.45466,0.47451,-0.50820,0.55666,60.99600
0.09162,0.22691,0.09292,0.45472,0.47458,-0.50814,0.55660,61.09600
0.09163,0.22681,0.09294,0.45479,0.47465,-0.50808,0.55653,61.19600
0.09164,0.22671,0.09295,0.45485,0.47473,-0.50802,0.55647,61.29600
0.09164,0.22662,0.09296,0.45492,0.47480,-0.50796,0.55641,61.39600
0.09165,0.22652,0.09298,0.45499,0.47487,-0.50790,0.55635,61.49600
0.09165,0.22642,0.09299,0.45505,0.47494,-0.50784,0.55629,61.59600
0.09166,0.22632,0.09300,0.45512,0.47502,-0.50778,0.55622,61.69600
0.09167,0.22622,0.09301,0.45519,0.47509,-0.50772,0.55616,61.79600
0.09167,0.22612,0.09303,0.45525,0.47516,-0.50766,0.55610,61.89600
0.09168,0.22602,0.09304,0.45532,0.47523,-0.50760,0.55604,61.99600
0.09169,0.22592,0.09305,0.45538,0.47531,-0.50754,0.55598,62.09600
0.09169,0.22582,0.09307,0.45544,0.47537,-0.50749,0.55592,62.19600
0.09170,0.22573,0.09308,0.45551,0.47545,-0.50743,0.55586,62.29600
0.09171,0.22563,0.09310,0.45558,0.47552,-0.50737,0.55580,62.39600
0.09171,0.22553,0.09311,0.45564,0.47559,-0.50731,0.55573,62.49600
0.09172,0.22543,0.09313,0.45571,0.47566,-0.50725,0.55567,62.59600
0.09173,0.22533,0.09314,0.45578,0.47573,-0.50719,0.55561,62.69600
0.09173,0.22523,0.09314,0.45584,0.47581,-0.50713,0.55555,62.79600
0.09174,0.22513,0.09316,0.45591,0.47588,-0.50707,0.55549,62.89600
0.09175,0.22503,0.09317,0.45597,0.47595,-0.50701,0.55542,62.99600
0.09175,0.22493,0.09319,0.45604,0.47603,-0.50695,0.55536,63.09600
0.09176,0.22483,0.09320,0.45611,0.47610,-0.50689,0.55529,63.19600
0.09177,0.22474,0.09321,0.45618,0.47617,-0.50683,0.55523,63.29600
0.09177,0.22464,0.09323,0.45624,0.47625,-0.50677,0.55517,63.39600
0.09178,0.22454,0.09324,0.45631,0.47632,-0.50671,0.55511,63.49600
0.09179,0.22444,0.09326,0.45638,0.47639,-0.50665,0.55505,63.59600
0.09179,0.22434,0.09327,0.45644,0.47646,-0.50659,0.55498,63.69600
0.09180,0.22424,0.09327,0.45651,0.47654,-0.50653,0.55492,63.79600
0.09181,0.22414,0.09329,0.45657,0.47661,-0.50647,0.55486,63.89600
0.09181,0.22404,0.09330,0.45664,0.47668,-0.50641,0.55480,63.99600
0.09182,0.22394,0.09332,0.45671,0.47675,-0.50635,0.55474,64.09600
0.09183,0.22384,0.09333,0.45677,0.47683,-0.50629,0.55467,64.19600
0.09183,0.22374,0.09334,0.45684,0.47690,-0.50624,0.55461,64.29600
0.09184,0.22365,0.09336,0.45690,0.47697,-0.50618,0.55455,64.39600
0.09185,0.22355,0.09337,0.45697,0.47704,-0.50612,0.55449,64.49600
0.09185,0.22345,0.09338,0.45704,0.47712,-0.50606,0.55442,64.59600
0.09186,0.22335,0.09340,0.45710,0.47719,-0.50600,0.55436,64.69600
0.09187,0.22325,0.09341,0.45717,0.47726,-0.50593,0.55430,64.79600
0.09187,0.22315,0.09341,0.45724,0.47734,-0.50587,0.55423,64.89600
0.09188,0.22305,0.09343,0.45730,0.47741,-0.50581,0.55417,64.99600
0.09189,0.22295,0.09344,0.45736,0.47748,-0.50576,0.55411,65.09600
0.09189,0.22285,0.09346,0.45743,0.47755,-0.50570,0.55405,65.19600
0.09190,0.22275,0.09347,0.45750,0.47762,-0.50564,0.55399,65.29600
0.09191,0.22265,0.09348,0.45756,0.47769,-0.50558,0.55393,65.39600
0.09191,0.22256,0.09350,0.45763,0.47776,-0.50552,0.55386,65.49600
0.09192,0.22246,0.09351,0.45769,0.47784,-0.50546,0.55380,65.59600
0.09193,0.22236,0.09352,0.45776,0.47791,-0.50540,0.55374,65.69600
0.09193,0.22226,0.09354,0.45783,0.47798,-0.50534,0.55368,65.79600
0.09194,0.22216,0.09355,0.45789,0.47805,-0.50528,0.55362,65.89600
0.09195,0.22206,0.09355,0.45796,0.47813,-0.50522,0.55355,65.99600
0.09195,0.22196,0.09357,0.45803,0.47820,-0.50516,0.55349,66.09600
0.09196,0.22186,0.09358,0.45809,0.47827,-0.50510,0.55342,66.19600
0.09197,0.22176,0.09359,0.45816,0.47835,-0.50504,0.55336,66.29600
0.09197,0.22166,0.09360,0.45823,0.47842,-0.50498,0.55330,66.39600
0.09198,0.22156,0.09362,0.45829,0.47849,-0.50492,0.55324,66.49600
0.09199,0.22147,0.09363,0.45836,0.47856,-0.50486,0.55317,66.59600
0.09199,0.22137,0.09364,0.45842,0.47864,-0.50480,0.55311,66.69600
0.09200,0.22127,0.09366,0.45849,0.47871,-0.50474,0.55305,66.79600
0.09201,0.22117,0.09367,0.45855,0.47878,-0.50468,0.55299,66.89600
0.09201,0.22107,0.09367,0.45862,0.47885,-0.50463,0.55293,66.99600
0.09202,0.22097,0.09369,0.45868,0.47892,-0.50457,0.55287,67.09600
0.09203,0.22087,0.09370,0.45875,0.47899,-0.50451,0.55281,67.19600
0.09203,0.22077,0.09371,0.45882,0.47907,-0.50444,0.55274,67.29600
0.09204,0.22067,0.09373,0.45888,0.47914,-0.50438,0.55268,67.39600
0.09205,0.22057,0.09374,0.45895,0.47921,-0.50432,0.55261,67.49600
0.09205,0.22047,0.09375,0.45901,0.47928,-0.50426,0.55255,67.59600
0.09206,0.22037,0.09376,0.45908,0.47936,-0.50420,0.55249,67.69600
0.09207,0.22028,0.09378,0.45915,0.47943,-0.50414,0.55243,67.79600
0.09207,0.22018,0.09379,0.45921,0.47950,-0.50408,0.55236,67.89600
0.09208,0.22008,0.09380,0.45928,0.47957,-0.50402,0.55230,67.99600
0.09209,0.21998,0.09381,0.45934,0.47964,-0.50396,0.55224,68.09600
0.09209,0.21988,0.09382,0.45941,0.47972,-0.50390,0.55218,68.19600
0.09210,0.21978,0.09383,0.45947,0.47979,-0.50384,0.55211,68.29600
0.09211,0.21968,0.09384,0.45955,0.47986,-0.50378,0.55205,68.39600
0.09211,0.21958,0.09386,0.45961,0.47993,-0.50372,0.55199,68.49600
0.09212,0.21948,0.09387,0.45967,0.48000,-0.50366,0.55193,68.59600
0.09213,0.21938,0.09388,0.45974,0.48007,-0.50360,0.55186,68.69600
0.09213,0.21928,0.09389,0.45980,0.48015,-0.50354,0.55180,68.79600
0.09214,0.21918,0.09391,0.45987,0.48022,-0.50348,0.55174,68.89600
0.09215,0.21909,0.09392,0.45993,0.48029,-0.50342,0.55168,68.99600
0.09215,0.21899,0.09393,0.46000,0.48036,-0.50336,0.55161,69.09600
0.09216,0.21889,0.09393,0.46006,0.48043,-0.50330,0.55155,69.19600
0.09217,0.21879,0.09395,0.46014,0.48051,-0.50324,0.55148,69.29600
0.09217,0.21869,0.09396,0.46020,0.48058,-0.50318,0.55142,69.39600
0.09218,0.21859,0.09397,0.46027,0.48066,-0.50312,0.55136,69.49600
0.09219,0.21849,0.09398,0.46033,0.48073,-0.50306,0.55130,69.59600
0.09219,0.21840,0.09400,0.46040,0.48080,-0.50300,0.55123,69.69600
0.09220,0.21830,0.09401,0.46046,0.48087,-0.50294,0.55118,69.79600
0.09221,0.21820,0.09402,0.46052,0.48094,-0.50288,0.55111,69.89600
0.09221,0.21810,0.09403,0.46059,0.48101,-0.50282,0.55105,69.99600
0.09222,0.21800,0.09404,0.46065,0.48108,-0.50276,0.55099,70.09600
0.09223,0.21790,0.09405,0.46072,0.48116,-0.50270,0.55092,70.19600
0.09223,0.21781,0.09406,0.46079,0.48123,-0.50264,0.55086,70.29600
0.09224,0.21771,0.09407,0.46086,0.48130,-0.50258,0.55079,70.39600
0.09225,0.21761,0.09408,0.46092,0.48137,-0.50252,0.55073,70.49600
0.09225,0.21751,0.09410,0.46099,0.48144,-0.50246,0.55067,70.59600
0.09226,0.21741,0.09411,0.46105,0.48152,-0.50240,0.55061,70.69600
0.09227,0.21731,0.09412,0.46112,0.48159,-0.50234,0.55054,70.79600
0.09227,0.21721,0.09413,0.46118,0.48165,-0.50228,0.55049,70.89600
0.09228,0.21711,0.09414,0.46125,0.48173,-0.50222,0.55042,70.99600
0.09229,0.21701,0.09416,0.46131,0.48180,-0.50216,0.55036,71.09600
0.09229,0.21691,0.09417,0.46138,0.48187,-0.50210,0.55029,71.19600
0.09230,0.21681,0.09417,0.46144,0.48195,-0.50204,0.55023,71.29600
0.09231,0.21671,0.09418,0.46151,0.48202,-0.50198,0.55017,71.39600
0.09231,0.21661,0.09419,0.46158,0.48209,-0.50192,0.55010,71.49600
0.09232,0.21651,0.09420,0.46164,0.48216,-0.50186,0.55004,71.59600
0.09233,0.21642,0.09422,0.46171,0.48223,-0.50180,0.54998,71.69600
0.09233,0.21632,0.09423,0.46178,0.48231,-0.50173,0.54991,71.79600
0.09234,0.21622,0.09424,0.46184,0.48238,-0.50167,0.54985,71.89600
0.09235,0.21612,0.09425,0.46190,0.48245,-0.50162,0.54979,71.99600
0.09235,0.21602,0.09426,0.46197,0.48252,-0.50156,0.54973,72.09600
0.09236,0.21592,0.09428,0.46203,0.48259,-0.50150,0.54966,72.19600
0.09237,0.21582,0.09429,0.46210,0.48266,-0.50144,0.54960,72.29600
0.09237,0.21572,0.09429,0.46216,0.48273,-0.50138,0.54954,72.39600
0.09238,0.21562,0.09430,0.46223,0.48281,-0.50132,0.54948,72.49600
0.09239,0.21552,0.09431,0.46230,0.48288,-0.50125,0.54941,72.59600
0.09240,0.21542,0.09432,0.46236,0.48295,-0.50119,0.54935,72.69600
0.09240,0.21532,0.09433,0.46243,0.48303,-0.50113,0.54928,72.79600
0.09241,0.21522,0.09435,0.46249,0.48309,-0.50108,0.54922,72.89600
0.09242,0.21512,0.09436,0.46255,0.48316,-0.50102,0.54916,72.99600
0.09242,0.21502,0.09437,0.46262,0.48323,-0.50096,0.54910,73.09600
0.09243,0.21493,0.09438,0.46269,0.48331,-0.50090,0.54904,73.19600
0.09244,0.21483,0.09439,0.46276,0.48338,-0.50083,0.54897,73.29600
0.09244,0.21473,0.09439,0.46282,0.48345,-0.50077,0.54891,73.39600
0.09245,0.21463,0.09440,0.46289,0.48353,-0.50071,0.54884,73.49600
0.09246,0.21453,0.09442,0.46295,0.48360,-0.50065,0.54878,73.59600
0.09246,0.21443,0.09443,0.46302,0.48367,-0.50059,0.54872,73.69600
0.09247,0.21433,0.09444,0.46308,0.48374,-0.50053,0.54866,73.79600
0.09248,0.21423,0.09445,0.46314,0.48381,-0.50047,0.54859,73.89600
0.09248,0.21413,0.09446,0.46321,0.48388,-0.50041,0.54853,73.99600
0.09249,0.21403,0.09447,0.46328,0.48395,-0.50035,0.54846,74.09600
0.09250,0.21393,0.09448,0.46334,0.48403,-0.50029,0.54840,74.19600
0.09250,0.21383,0.09449,0.46341,0.48410,-0.50023,0.54834,74.29600
0.09251,0.21373,0.09451,0.46347,0.48417,-0.50017,0.54827,74.39600
0.09252,0.21363,0.09451,0.46354,0.48424,-0.50011,0.54821,74.49600
0.09252,0.21353,0.09452,0.46361,0.48432,-0.50004,0.54814,74.59600
0.09253,0.21343,0.09453,0.46367,0.48438,-0.49999,0.54809,74.69600
0.09254,0.21334,0.09454,0.46373,0.48445,-0.49993,0.54802,74.79600
0.09254,0.21324,0.09455,0.46380,0.48453,-0.49987,0.54796,74.89600
0.09255,0.21314,0.09456,0.46386,0.48460,-0.49981,0.54790,74.99600
0.09256,0.21304,0.09457,0.46393,0.48467,-0.49975,0.54783,75.09600
0.09256,0.21294,0.09458,0.46400,0.48475,-0.49968,0.54777,75.19600
0.09257,0.21284,0.09459,0.46406,0.48482,-0.49962,0.54770,75.29600
0.09258,0.21274,0.09461,0.46413,0.48489,-0.49956,0.54764,75.39600
0.09258,0.21264,0.09462,0.46419,0.48495,-0.49950,0.54758,75.49600
0.09259,0.21254,0.09462,0.46425,0.48503,-0.49944,0.54752,75.59600
0.09260,0.21244,0.09463,0.46432,0.48510,-0.49938,0.54745,75.69600
0.09260,0.21234,0.09464,0.46438,0.48517,-0.49932,0.54739,75.79600
0.09261,0.21224,0.09465,0.46445,0.48524,-0.49926,0.54732,75.89600
0.09262,0.21214,0.09466,0.46452,0.48532,-0.49920,0.54726,75.99600
0.09262,0.21204,0.09467,0.46458,0.48539,-0.49914,0.54720,76.09600
0.09263,0.21194,0.09468,0.46464,0.48545,-0.49908,0.54714,76.19600
0.09264,0.21184,0.09469,0.46471,0.48552,-0.49902,0.54708,76.29600
0.09264,0.21174,0.09470,0.46478,0.48560,-0.49896,0.54701,76.39600
0.09265,0.21165,0.09471,0.46484,0.48567,-0.49889,0.54694,76.49600
0.09266,0.21155,0.09471,0.46491,0.48574,-0.49883,0.54688,76.59600
0.09266,0.21145,0.09472,0.46497,0.48581,-0.49877,0.54682,76.69600
0.09267,0.21135,0.09473,0.46504,0.48589,-0.49871,0.54675,76.79600
0.09268,0.21125,0.09474,0.46510,0.48596,-0.49865,0.54669,76.89600
0.09268,0.21115,0.09476,0.46517,0.48603,-0.49859,0.54663,76.99600
0.09269,0.21105,0.09477,0.46523,0.48610,-0.49853,0.54656,77.09600
0.09270,0.21095,0.09478,0.46530,0.48617,-0.49847,0.54650,77.19600
0.09270,0.21085,0.09479,0.46536,0.48624,-0.49841,0.54644,77.29600
0.09271,0.21075,0.09480,0.46543,0.48631,-0.49835,0.54637,77.39600
0.09272,0.21065,0.09481,0.46549,0.48638,-0.49829,0.54631,77.49600
0.09272,0.21055,0.09482,0.46556,0.48646,-0.49822,0.54624,77.59600
0.09273,0.21046,0.09482,0.46562,0.48653,-0.49817,0.54619,77.69600
0.09274,0.21036,0.09483,0.46569,0.48660,-0.49811,0.54612,77.79600
0.09275,0.21026,0.09484,0.46575,0.48667,-0.49805,0.54606,77.89600
0.09275,0.21016,0.09485,0.46582,0.48674,-0.49799,0.54599,77.99600
0.09276,0.21006,0.09486,0.46589,0.48682,-0.49792,0.54593,78.09600
0.09277,0.20996,0.09487,0.46595,0.48689,-0.49786,0.54586,78.19600
0.09277,0.20986,0.09488,0.46601,0.48695,-0.49780,0.54580,78.29600
0.09278,0.20977,0.09489,0.46608,0.48702,-0.49774,0.54574,78.39600
0.09279,0.20967,0.09490,0.46614,0.48709,-0.49768,0.54568,78.49600
0.09279,0.20957,0.09491,0.46621,0.48717,-0.49762,0.54561,78.59600
0.09280,0.20947,0.09492,0.46627,0.48724,-0.49756,0.54555,78.69600
0.09281,0.20937,0.09492,0.46634,0.48731,-0.49750,0.54548,78.79600
0.09281,0.20927,0.09493,0.46640,0.48738,-0.49743,0.54542,78.89600
0.09282,0.20917,0.09494,0.46646,0.48745,-0.49738,0.54536,78.99600
0.09283,0.20907,0.09495,0.46653,0.48753,-0.49731,0.54529,79.09600
0.09283,0.20897,0.09496,0.46660,0.48760,-0.49725,0.54523,79.19600
0.09284,0.20887,0.09497,0.46666,0.48767,-0.49719,0.54517,79.29600
0.09285,0.20877,0.09498,0.46673,0.48774,-0.49713,0.54510,79.39600
0.09285,0.20867,0.09499,0.46679,0.48781,-0.49707,0.54504,79.49600
0.09286,0.20857,0.09500,0.46685,0.48787,-0.49701,0.54498,79.59600
0.09287,0.20847,0.09501,0.46692,0.48795,-0.49695,0.54491,79.69600
0.09287,0.20837,0.09501,0.46699,0.48802,-0.49689,0.54485,79.79600
0.09288,0.20827,0.09502,0.46705,0.48809,-0.49683,0.54478,79.89600
0.09289,0.20817,0.09503,0.46712,0.48816,-0.49677,0.54472,79.99600
0.09289,0.20807,0.09504,0.46719,0.48824,-0.49670,0.54465,80.09600
0.09290,0.20797,0.09505,0.46725,0.48831,-0.49665,0.54459,80.19600
0.09291,0.20787,0.09505,0.46731,0.48838,-0.49658,0.54453,80.29600
0.09291,0.20778,0.09506,0.46737,0.48845,-0.49652,0.54447,80.39600
0.09292,0.20768,0.09507,0.46744,0.48852,-0.49646,0.54440,80.49600
0.09293,0.20758,0.09508,0.46751,0.48859,-0.49640,0.54433,80.59600
0.09293,0.20748,0.09509,0.46757,0.48867,-0.49634,0.54427,80.69600
0.09294,0.20738,0.09510,0.46763,0.48873,-0.49628,0.54421,80.79600
0.09295,0.20728,0.09510,0.46770,0.48880,-0.49622,0.54415,80.89600
0.09295,0.20718,0.09511,0.46776,0.48887,-0.49616,0.54409,80.99600
0.09296,0.20708,0.09512,0.46783,0.48895,-0.49609,0.54402,81.09600
0.09297,0.20698,0.09513,0.46790,0.48902,-0.49603,0.54395,81.19600
0.09298,0.20688,0.09514,0.46796,0.48909,-0.49597,0.54389,81.29600
0.09298,0.20678,0.09515,0.46802,0.48916,-0.49591,0.54383,81.39600
0.09299,0.20668,0.09516,0.46809,0.48923,-0.49585,0.54377,81.49600
0.09300,0.20658,0.09517,0.46815,0.48930,-0.49579,0.54370,81.59600
0.09300,0.20648,0.09518,0.46822,0.48937,-0.49573,0.54363,81.69600
0.09301,0.20638,0.09519,0.46828,0.48944,-0.49567,0.54357,81.79600
0.09302,0.20628,0.09518,0.46835,0.48952,-0.49561,0.54351,81.89600
0.09302,0.20618,0.09519,0.46841,0.48959,-0.49554,0.54344,81.99600
0.09303,0.20608,0.09520,0.46848,0.48966,-0.49548,0.54338,82.09600
0.09304,0.20598,0.09521,0.46854,0.48973,-0.49542,0.54332,82.19600
0.09304,0.20588,0.09522,0.46861,0.48980,-0.49536,0.54325,82.29600
0.09305,0.20578,0.09523,0.46867,0.48987,-0.49530,0.54319,82.39600
0.09306,0.20568,0.09524,0.46873,0.48994,-0.49524,0.54313,82.49600
0.09306,0.20558,0.09525,0.46880,0.49001,-0.49518,0.54306,82.59600
0.09307,0.20548,0.09526,0.46886,0.49008,-0.49512,0.54300,82.69600
0.09308,0.20539,0.09527,0.46893,0.49015,-0.49506,0.54293,82.79600
0.09308,0.20529,0.09527,0.46900,0.49023,-0.49499,0.54287,82.89600
0.09309,0.20519,0.09527,0.46906,0.49029,-0.49493,0.54281,82.99600
0.09310,0.20509,0.09528,0.46912,0.49036,-0.49487,0.54274,83.09600
0.09310,0.20499,0.09529,0.46919,0.49043,-0.49481,0.54268,83.19600
0.09311,0.20489,0.09530,0.46926,0.49051,-0.49475,0.54261,83.29600
0.09312,0.20479,0.09531,0.46932,0.49058,-0.49469,0.54255,83.39600
0.09312,0.20469,0.09532,0.46938,0.49065,-0.49462,0.54248,83.49600
0.09313,0.20459,0.09533,0.46944,0.49072,-0.49457,0.54242,83.59600
0.09314,0.20449,0.09533,0.46951,0.49079,-0.49451,0.54236,83.69600
0.09315,0.20439,0.09534,0.46958,0.49086,-0.49444,0.54229,83.79600
0.09315,0.20429,0.09535,0.46964,0.49093,-0.49438,0.54223,83.89600
0.09316,0.20419,0.09536,0.46971,0.49100,-0.49432,0.54216,83.99600
0.09317,0.20409,0.09536,0.46977,0.49107,-0.49426,0.54210,84.09600
0.09317,0.20399,0.09537,0.46983,0.49114,-0.49420,0.54204,84.19600
0.09318,0.20389,0.09538,0.46990,0.49122,-0.49414,0.54197,84.29600
0.09319,0.20379,0.09539,0.46996,0.49129,-0.49407,0.54191,84.39600
0.09319,0.20370,0.09539,0.47003,0.49136,-0.49401,0.54184,84.49600
0.09320,0.20360,0.09540,0.47009,0.49143,-0.49395,0.54178,84.59600
0.09321,0.20350,0.09541,0.47016,0.49150,-0.49389,0.54172,84.69600
0.09321,0.20340,0.09542,0.47022,0.49157,-0.49383,0.54165,84.79600
0.09322,0.20330,0.09543,0.47028,0.49164,-0.49377,0.54159,84.89600
0.09323,0.20320,0.09544,0.47035,0.49171,-0.49370,0.54152,84.99600
0.09323,0.20310,0.09543,0.47041,0.49178,-0.49365,0.54146,85.09600
0.09324,0.20300,0.09544,0.47048,0.49185,-0.49359,0.54140,85.19600
0.09325,0.20290,0.09545,0.47054,0.49192,-0.49352,0.54133,85.29600
0.09325,0.20280,0.09546,0.47061,0.49200,-0.49346,0.54126,85.39600
0.09326,0.20271,0.09547,0.47067,0.49206,-0.49340,0.54120,85.49600
0.09327,0.20261,0.09548,0.47073,0.49213,-0.49334,0.54114,85.59600
0.09327,0.20251,0.09548,0.47080,0.49220,-0.49328,0.54108,85.69600
0.09328,0.20241,0.09549,0.47087,0.49228,-0.49321,0.54101,85.79600
0.09329,0.20231,0.09550,0.47093,0.49235,-0.49315,0.54094,85.89600
0.09329,0.20221,0.09551,0.47099,0.49241,-0.49310,0.54088,85.99600
0.09330,0.20211,0.09552,0.47105,0.49248,-0.49303,0.54082,86.09600
0.09331,0.20201,0.09551,0.47112,0.49256,-0.49297,0.54075,86.19600
0.09332,0.20191,0.09552,0.47119,0.49263,-0.49291,0.54069,86.29600
0.09332,0.20181,0.09553,0.47125,0.49270,-0.49285,0.54062,86.39600
0.09333,0.20171,0.09554,0.47132,0.49277,-0.49278,0.54056,86.49600
0.09334,0.20161,0.09555,0.47138,0.49284,-0.49272,0.54049,86.59600
0.09334,0.20151,0.09555,0.47144,0.49291,-0.49266,0.54043,86.69600
0.09335,0.20141,0.09556,0.47151,0.49298,-0.49260,0.54037,86.79600
0.09336,0.20131,0.09557,0.47157,0.49305,-0.49254,0.54030,86.89600
0.09336,0.20121,0.09558,0.47164,0.49312,-0.49248,0.54024,86.99600
0.09337,0.20111,0.09558,0.47170,0.49319,-0.49242,0.54017,87.09600
0.09338,0.20101,0.09558,0.47176,0.49326,-0.49235,0.54011,87.19600
0.09338,0.20091,0.09559,0.47183,0.49334,-0.49229,0.54004,87.29600
0.09339,0.20081,0.09560,0.47189,0.49340,-0.49223,0.53998,87.39600
0.09340,0.20071,0.09561,0.47196,0.49347,-0.49217,0.53992,87.49600
0.09340,0.20061,0.09561,0.47202,0.49354,-0.49211,0.53985,87.59600
0.09341,0.20051,0.09562,0.47209,0.49362,-0.49204,0.53978,87.69600
0.09342,0.20041,0.09563,0.47215,0.49368,-0.49199,0.53972,87.79600
0.09342,0.20031,0.09564,0.47221,0.49375,-0.49192,0.53966,87.89600
0.09343,0.20021,0.09564,0.47228,0.49383,-0.49186,0.53959,87.99600
0.09344,0.20011,0.09565,0.47235,0.49390,-0.49180,0.53953,88.09600
0.09345,0.20001,0.09566,0.47241,0.49397,-0.49174,0.53946,88.19600
0.09345,0.19991,0.09566,0.47247,0.49403,-0.49168,0.53940,88.29600
0.09346,0.19981,0.09566,0.47254,0.49411,-0.49161,0.53933,88.39600
0.09347,0.19971,0.09567,0.47260,0.49418,-0.49155,0.53927,88.49600
0.09347,0.19961,0.09568,0.47267,0.49425,-0.49149,0.53920,88.59600
0.09348,0.19952,0.09569,0.47272,0.49432,-0.49143,0.53915,88.69600
0.09349,0.19942,0.09569,0.47279,0.49439,-0.49137,0.53908,88.79600
0.09349,0.19932,0.09570,0.47286,0.49446,-0.49131,0.53901,88.89600
0.09350,0.19922,0.09571,0.47292,0.49453,-0.49124,0.53895,88.99600
0.09351,0.19912,0.09572,0.47298,0.49460,-0.49118,0.53888,89.09600
0.09351,0.19902,0.09572,0.47305,0.49467,-0.49112,0.53882,89.19600
0.09352,0.19892,0.09573,0.47311,0.49474,-0.49106,0.53875,89.29600
0.09353,0.19882,0.09573,0.47318,0.49481,-0.49100,0.53869,89.39600
0.09353,0.19872,0.09573,0.47324,0.49488,-0.49094,0.53863,89.49600
0.09354,0.19862,0.09574,0.47330,0.49495,-0.49087,0.53856,89.59600
0.09355,0.19852,0.09575,0.47337,0.49502,-0.49081,0.53850,89.69600
0.09355,0.19842,0.09576,0.47344,0.49510,-0.49075,0.53843,89.79600
0.09356,0.19832,0.09576,0.47350,0.49516,-0.49069,0.53837,89.89600
0.09357,0.19822,0.09577,0.47356,0.49523,-0.49063,0.53830,89.99600
0.09358,0.19812,0.09578,0.47363,0.49531,-0.49056,0.53823,90.09600
0.09358,0.19802,0.09578,0.47369,0.49538,-0.49050,0.53817,90.19600
0.09359,0.19792,0.09579,0.47375,0.49544,-0.49044,0.53811,90.29600
0.09360,0.19782,0.09579,0.47381,0.49551,-0.49038,0.53805,90.39600
0.09360,0.19773,0.09579,0.47388,0.49559,-0.49032,0.53798,90.49600
0.09361,0.19763,0.09580,0.47395,0.49566,-0.49025,0.53791,90.59600
0.09362,0.19753,0.09581,0.47401,0.49572,-0.49020,0.53785,90.69600
0.09362,0.19743,0.09582,0.47407,0.49580,-0.49013,0.53778,90.79600
0.09363,0.19733,0.09582,0.47414,0.49587,-0.49007,0.53772,90.89600
0.09364,0.19723,0.09583,0.47420,0.49594,-0.49001,0.53765,90.99600
0.09364,0.19713,0.09584,0.47427,0.49601,-0.48995,0.53759,91.09600
0.09365,0.19703,0.09584,0.47433,0.49608,-0.48988,0.53753,91.19600
0.09366,0.19693,0.09585,0.47439,0.49615,-0.48982,0.53746,91.29600
0.09366,0.19683,0.09586,0.47446,0.49622,-0.48976,0.53740,91.39600
0.09367,0.19673,0.09585,0.47452,0.49629,-0.48970,0.53733,91.49600
0.09368,0.19663,0.09586,0.47458,0.49636,-0.48964,0.53727,91.59600
0.09369,0.19653,0.09587,0.47465,0.49643,-0.48957,0.53720,91.69600
0.09369,0.19643,0.09587,0.47472,0.49650,-0.48951,0.53713,91.79600
0.09370,0.19633,0.09588,0.47478,0.49657,-0.48945,0.53707,91.89600
0.09371,0.19623,0.09589,0.47484,0.49664,-0.48939,0.53701,91.99600
0.09371,0.19613,0.09589,0.47491,0.49671,-0.48932,0.53694,92.09600
0.09372,0.19603,0.09590,0.47497,0.49678,-0.48926,0.53687,92.19600
0.09373,0.19593,0.09591,0.47503,0.49685,-0.48920,0.53681,92.29600
0.09373,0.19583,0.09591,0.47510,0.49692,-0.48914,0.53675,92.39600
0.09374,0.19573,0.09592,0.47516,0.49699,-0.48908,0.53668,92.49600
0.09375,0.19563,0.09591,0.47523,0.49706,-0.48901,0.53662,92.59600
0.09375,0.19553,0.09592,0.47528,0.49712,-0.48896,0.53656,92.69600
0.09376,0.19543,0.09593,0.47535,0.49720,-0.48889,0.53649,92.79600
0.09377,0.19533,0.09593,0.47542,0.49727,-0.48883,0.53642,92.89600
0.09377,0.19524,0.09594,0.47548,0.49733,-0.48877,0.53636,92.99600
0.09378,0.19514,0.09595,0.47554,0.49741,-0.48871,0.53629,93.09600
0.09379,0.19504,0.09595,0.47561,0.49748,-0.48864,0.53623,93.19600
0.09379,0.19494,0.09596,0.47567,0.49755,-0.48858,0.53616,93.29600
0.09380,0.19484,0.09596,0.47573,0.49762,-0.48852,0.53610,93.39600
0.09381,0.19474,0.09597,0.47580,0.49769,-0.48846,0.53603,93.49600
0.09382,0.19464,0.09597,0.47586,0.49776,-0.48840,0.53597,93.59600
0.09382,0.19454,0.09597,0.47593,0.49783,-0.48833,0.53590,93.69600
0.09383,0.19444,0.09598,0.47599,0.49790,-0.48827,0.53584,93.79600
0.09384,0.19434,0.09598,0.47605,0.49797,-0.48821,0.53577,93.89600
0.09384,0.19424,0.09599,0.47612,0.49804,-0.48814,0.53570,93.99600
0.09385,0.19414,0.09600,0.47618,0.49811,-0.48809,0.53565,94.09600
0.09386,0.19404,0.09600,0.47624,0.49818,-0.48802,0.53558,94.19600
0.09386,0.19394,0.09601,0.47631,0.49825,-0.48796,0.53551,94.29600
0.09387,0.19384,0.09601,0.47637,0.49832,-0.48790,0.53545,94.39600
0.09388,0.19374,0.09602,0.47643,0.49838,-0.48784,0.53539,94.49600
0.09388,0.19364,0.09603,0.47650,0.49846,-0.48777,0.53532,94.59600
0.09389,0.19354,0.09602,0.47656,0.49853,-0.48771,0.53525,94.69600
0.09390,0.19344,0.09603,0.47662,0.49859,-0.48765,0.53519,94.79600
0.09390,0.19334,0.09603,0.47669,0.49867,-0.48759,0.53512,94.89600
0.09391,0.19324,0.09604,0.47676,0.49874,-0.48752,0.53506,94.99600
0.09392,0.19314,0.09605,0.47682,0.49881,-0.48746,0.53499,95.09600
0.09393,0.19304,0.09605,0.47688,0.49888,-0.48740,0.53493,95.19600
0.09393,0.19294,0.09606,0.47695,0.49895,-0.48734,0.53486,95.29600
0.09394,0.19284,0.09606,0.47701,0.49902,-0.48728,0.53480,95.39600
0.09395,0.19274,0.09607,0.47707,0.49909,-0.48721,0.53473,95.49600
0.09395,0.19264,0.09607,0.47714,0.49916,-0.48715,0.53467,95.59600
0.09396,0.19254,0.09607,0.47720,0.49922,-0.48709,0.53460,95.69600
0.09397,0.19244,0.09607,0.47727,0.49930,-0.48702,0.53453,95.79600
0.09397,0.19234,0.09608,0.47733,0.49936,-0.48697,0.53447,95.89600
0.09398,0.19225,0.09609,0.47739,0.49943,-0.48690,0.53441,95.99600
0.09399,0.19215,0.09609,0.47746,0.49951,-0.48684,0.53434,96.09600
0.09399,0.19205,0.09610,0.47752,0.49957,-0.48678,0.53428,96.19600
0.09400,0.19195,0.09610,0.47758,0.49964,-0.48672,0.53421,96.29600
0.09401,0.19185,0.09611,0.47765,0.49972,-0.48665,0.53414,96.39600
0.09402,0.19175,0.09611,0.47771,0.49978,-0.48659,0.53408,96.49600
0.09402,0.19165,0.09612,0.47777,0.49986,-0.48653,0.53401,96.59600
0.09403,0.19155,0.09612,0.47784,0.49993,-0.48646,0.53395,96.69600
0.09404,0.19145,0.09612,0.47790,0.49999,-0.48640,0.53388,96.79600
0.09404,0.19135,0.09612,0.47796,0.50006,-0.48634,0.53382,96.89600
0.09405,0.19125,0.09613,0.47803,0.50013,-0.48628,0.53375,96.99600
0.09406,0.19115,0.09613,0.47809,0.50020,-0.48621,0.53369,97.09600
0.09406,0.19105,0.09614,0.47815,0.50027,-0.48615,0.53362,97.19600
0.09407,0.19095,0.09614,0.47822,0.50034,-0.48609,0.53356,97.29600
0.09408,0.19085,0.09615,0.47828,0.50041,-0.48603,0.53349,97.39600
0.09408,0.19075,0.09615,0.47834,0.50048,-0.48597,0.53343,97.49600
0.09409,0.19065,0.09616,0.47841,0.50055,-0.48590,0.53336,97.59600
0.09410,0.19055,0.09616,0.47847,0.50062,-0.48584,0.53330,97.69600
0.09410,0.19045,0.09617,0.47853,0.50069,-0.48578,0.53323,97.79600
0.09411,0.19035,0.09616,0.47860,0.50076,-0.48572,0.53317,97.89600
0.09412,0.19025,0.09617,0.47866,0.50083,-0.48565,0.53310,97.99600
0.09413,0.19015,0.09617,0.47873,0.50090,-0.48559,0.53303,98.09600
0.09413,0.19005,0.09618,0.47878,0.50097,-0.48553,0.53297,98.19600
0.09414,0.18995,0.09618,0.47885,0.50104,-0.48546,0.53290,98.29600
0.09415,0.18985,0.09619,0.47892,0.50111,-0.48540,0.53284,98.39600
0.09415,0.18975,0.09619,0.47897,0.50117,-0.48534,0.53278,98.49600
0.09416,0.18965,0.09620,0.47904,0.50125,-0.48528,0.53271,98.59600
0.09417,0.18955,0.09620,0.47911,0.50132,-0.48521,0.53264,98.69600
0.09417,0.18945,0.09621,0.47916,0.50138,-0.48516,0.53258,98.79600
0.09418,0.18935,0.09620,0.47923,0.50146,-0.48509,0.53251,98.89600
0.09419,0.18925,0.09621,0.47929,0.50153,-0.48503,0.53245,98.99600
0.09419,0.18915,0.09621,0.47936,0.50159,-0.48497,0.53238,99.09600
0.09420,0.18905,0.09622,0.47942,0.50166,-0.48490,0.53231,99.19600
0.09421,0.18895,0.09622,0.47948,0.50173,-0.48484,0.53225,99.29600
0.09422,0.18885,0.09623,0.47955,0.50180,-0.48478,0.53218,99.39600
0.09422,0.18875,0.09623,0.47961,0.50187,-0.48472,0.53212,99.49600
0.09423,0.18865,0.09624,0.47967,0.50194,-0.48465,0.53205,99.59600
0.09424,0.18855,0.09624,0.47974,0.50201,-0.48459,0.53199,99.69600
0.09424,0.18845,0.09624,0.47980,0.50208,-0.48453,0.53192,99.79600
0.09425,0.18836,0.09625,0.47987,0.50215,-0.48446,0.53185,99.89600
0.09426,0.18826,0.09624,0.47992,0.50222,-0.48440,0.53179,99.99600
0.09426,0.18816,0.09625,0.47999,0.50229,-0.48434,0.53173,100.09600
0.09427,0.18806,0.09625,0.48006,0.50236,-0.48427,0.53166,100.19600
0.09428,0.18796,0.09626,0.48011,0.50242,-0.48422,0.53160,100.29600
0.09428,0.18786,0.09626,0.48018,0.50250,-0.48415,0.53153,100.39600
0.09429,0.18776,0.09627,0.48024,0.50257,-0.48409,0.53146,100.49600
0.09430,0.18766,0.09627,0.48030,0.50263,-0.48403,0.53140,100.59600
0.09431,0.18756,0.09627,0.48037,0.50271,-0.48396,0.53133,100.69600
0.09431,0.18746,0.09628,0.48043,0.50278,-0.48390,0.53126,100.79600
0.09432,0.18736,0.09628,0.48049,0.50284,-0.48384,0.53120,100.89600
0.09433,0.18726,0.09628,0.48056,0.50291,-0.48377,0.53113,100.99600
0.09433,0.18717,0.09628,0.48062,0.50298,-0.48371,0.53107,101.09600
0.09434,0.18707,0.09628,0.48068,0.50305,-0.48365,0.53100,101.19600
0.09435,0.18697,0.09629,0.48075,0.50312,-0.48359,0.53094,101.29600
0.09435,0.18687,0.09629,0.48081,0.50319,-0.48352,0.53087,101.39600
0.09436,0.18677,0.09630,0.48087,0.50326,-0.48346,0.53081,101.49600
0.09437,0.18667,0.09630,0.48094,0.50333,-0.48340,0.53074,101.59600
0.09437,0.18657,0.09631,0.48100,0.50340,-0.48333,0.53067,101.69600
0.09438,0.18647,0.09631,0.48106,0.50347,-0.48327,0.53061,101.79600
0.09439,0.18637,0.09631,0.48112,0.50353,-0.48321,0.53055,101.89600
0.09440,0.18627,0.09632,0.48119,0.50361,-0.48314,0.53047,101.99600
0.09440,0.18617,0.09631,0.48125,0.50367,-0.48309,0.53041,102.09600
0.09441,0.18607,0.09631,0.48132,0.50375,-0.48302,0.53034,102.19600
0.09442,0.18597,0.09632,0.48138,0.50382,-0.48296,0.53028,102.29600
0.09442,0.18587,0.09632,0.48144,0.50388,-0.48290,0.53022,102.39600
0.09443,0.18577,0.09633,0.48151,0.50395,-0.48283,0.53015,102.49600
0.09444,0.18567,0.09633,0.48157,0.50402,-0.48277,0.53008,102.59600
0.09444,0.18557,0.09633,0.48163,0.50409,-0.48271,0.53002,102.69600
0.09445,0.18547,0.09634,0.48169,0.50416,-0.48264,0.52995,102.79600
0.09446,0.18537,0.09634,0.48175,0.50422,-0.48259,0.52989,102.89600
0.09446,0.18527,0.09634,0.48182,0.50430,-0.48252,0.52982,102.99600
0.09447,0.18517,0.09635,0.48188,0.50437,-0.48246,0.52975,103.09600
0.09448,0.18507,0.09634,0.48195,0.50444,-0.48239,0.52969,103.19600
0.09449,0.18497,0.09635,0.48201,0.50450,-0.48233,0.52962,103.29600
0.09449,0.18487,0.09635,0.48207,0.50457,-0.48227,0.52956,103.39600
0.09450,0.18477,0.09635,0.48213,0.50464,-0.48221,0.52949,103.49600
0.09451,0.18467,0.09636,0.48220,0.50471,-0.48214,0.52943,103.59600
0.09451,0.18457,0.09636,0.48226,0.50479,-0.48207,0.52936,103.69600
0.09452,0.18447,0.09636,0.48232,0.50485,-0.48202,0.52929,103.79600
0.09453,0.18437,0.09637,0.48239,0.50492,-0.48195,0.52922,103.89600
0.09453,0.18427,0.09637,0.48245,0.50499,-0.48189,0.52916,103.99600
0.09454,0.18417,0.09637,0.48251,0.50506,-0.48183,0.52910,104.09600
0.09455,0.18407,0.09637,0.48258,0.50513,-0.48176,0.52903,104.19600
0.09455,0.18397,0.09637,0.48264,0.50519,-0.48170,0.52897,104.29600
0.09456,0.18387,0.09637,0.48270,0.50527,-0.48164,0.52890,104.39600
0.09457,0.18377,0.09638,0.48277,0.50534,-0.48157,0.52883,104.49600
0.09458,0.18367,0.09638,0.48282,0.50540,-0.48152,0.52877,104.59600
0.09458,0.18357,0.09638,0.48289,0.50547,-0.48145,0.52870,104.69600
0.09459,0.18347,0.09639,0.48295,0.50554,-0.48138,0.52863,104.79600
0.09460,0.18337,0.09639,0.48302,0.50561,-0.48132,0.52857,104.89600
0.09460,0.18327,0.09639,0.48308,0.50568,-0.48126,0.52850,104.99600
0.09461,0.18317,0.09640,0.48315,0.50575,-0.48119,0.52843,105.09600
0.09462,0.18307,0.09640,0.48320,0.50582,-0.48113,0.52837,105.19600
0.09462,0.18297,0.09639,0.48327,0.50589,-0.48107,0.52830,105.29600
0.09463,0.18287,0.09639,0.48333,0.50595,-0.48101,0.52824,105.39600
0.09464,0.18277,0.09640,0.48339,0.50602,-0.48094,0.52817,105.49600
0.09465,0.18267,0.09640,0.48346,0.50610,-0.48088,0.52810,105.59600
0.09465,0.18258,0.09640,0.48352,0.50616,-0.48082,0.52804,105.69600
0.09466,0.18248,0.09641,0.48358,0.50623,-0.48075,0.52797,105.79600
0.09467,0.18238,0.09641,0.48365,0.50630,-0.48069,0.52790,105.89600
0.09467,0.18228,0.09641,0.48370,0.50637,-0.48063,0.52784,105.99600
0.09468,0.18218,0.09642,0.48377,0.50644,-0.48056,0.52777,106.09600
0.09469,0.18208,0.09642,0.48383,0.50650,-0.48050,0.52771,106.19600
0.09469,0.18198,0.09641,0.48390,0.50658,-0.48044,0.52764,106.29600
0.09470,0.18188,0.09641,0.48396,0.50665,-0.48037,0.52757,106.39600
0.09471,0.18178,0.09642,0.48402,0.50671,-0.48031,0.52751,106.49600
0.09471,0.18168,0.09642,0.48408,0.50678,-0.48025,0.52744,106.59600
0.09472,0.18158,0.09642,0.48414,0.50685,-0.48019,0.52738,106.69600
0.09473,0.18148,0.09642,0.48421,0.50692,-0.48012,0.52731,106.79600
0.09474,0.18138,0.09643,0.48427,0.50699,-0.48006,0.52725,106.89600
0.09474,0.18128,0.09643,0.48433,0.50706,-0.48000,0.52718,106.99600
0.09475,0.18118,0.09643,0.48440,0.50713,-0.47993,0.52711,107.09600
0.09476,0.18108,0.09644,0.48446,0.50720,-0.47987,0.52704,107.19600
0.09476,0.18098,0.09644,0.48452,0.50726,-0.47981,0.52698,107.29600
0.09477,0.18088,0.09643,0.48459,0.50734,-0.47974,0.52691,107.39600
0.09478,0.18078,0.09643,0.48464,0.50740,-0.47968,0.52685,107.49600
0.09478,0.18068,0.09644,0.48471,0.50747,-0.47962,0.52678,107.59600
0.09479,0.18058,0.09644,0.48477,0.50754,-0.47955,0.52671,107.69600
0.09480,0.18048,0.09644,0.48483,0.50761,-0.47949,0.52665,107.79600
0.09481,0.18038,0.09644,0.48490,0.50768,-0.47942,0.52658,107.89600
0.09481,0.18028,0.09644,0.48496,0.50774,-0.47937,0.52652,107.99600
0.09482,0.18018,0.09645,0.48502,0.50782,-0.47930,0.52645,108.09600
0.09483,0.18008,0.09645,0.48509,0.50788,-0.47924,0.52638,108.19600
0.09483,0.17998,0.09645,0.48515,0.50795,-0.47917,0.52632,108.29600
0.09484,0.17988,0.09645,0.48521,0.50802,-0.47911,0.52625,108.39600
0.09485,0.17978,0.09645,0.48527,0.50809,-0.47905,0.52618,108.49600
0.09485,0.17968,0.09645,0.48533,0.50816,-0.47898,0.52612,108.59600
0.09486,0.17958,0.09645,0.48540,0.50823,-0.47892,0.52605,108.69600
0.09487,0.17948,0.09645,0.48546,0.50829,-0.47886,0.52599,108.79600
0.09488,0.17938,0.09645,0.48552,0.50836,-0.47879,0.52592,108.89600
0.09488,0.17928,0.09646,0.48558,0.50843,-0.47873,0.52585,108.99600
0.09489,0.17918,0.09646,0.48565,0.50850,-0.47867,0.52579,109.09600
0.09490,0.17908,0.09646,0.48571,0.50857,-0.47860,0.52572,109.19600
0.09490,0.17898,0.09646,0.48577,0.50864,-0.47854,0.52566,109.29600
0.09491,0.17888,0.09646,0.48584,0.50871,-0.47847,0.52558,109.39600
0.09492,0.17878,0.09646,0.48589,0.50877,-0.47841,0.52552,109.49600
0.09492,0.17868,0.09646,0.48596,0.50885,-0.47835,0.52545,109.59600
0.09493,0.17858,0.09646,0.48602,0.50892,-0.47828,0.52539,109.69600
0.09494,0.17848,0.09646,0.48608,0.50898,-0.47823,0.52532,109.79600
0.09495,0.17838,0.09646,0.48615,0.50905,-0.47816,0.52525,109.89600
0.09495,0.17828,0.09647,0.48621,0.50911,-0.47810,0.52519,109.99600
0.09496,0.17818,0.09647,0.48627,0.50919,-0.47803,0.52512,110.09600
0.09497,0.17809,0.09647,0.48633,0.50925,-0.47797,0.52506,110.19600
0.09497,0.17799,0.09647,0.48640,0.50932,-0.47790,0.52499,110.29600
0.09498,0.17789,0.09647,0.48646,0.50939,-0.47784,0.52492,110.39600
0.09499,0.17779,0.09648,0.48652,0.50946,-0.47778,0.52486,110.49600
0.09499,0.17769,0.09647,0.48658,0.50953,-0.47771,0.52479,110.59600
0.09500,0.17759,0.09647,0.48665,0.50960,-0.47765,0.52472,110.69600
0.09501,0.17749,0.09647,0.48671,0.50967,-0.47759,0.52466,110.79600
0.09502,0.17739,0.09647,0.48677,0.50974,-0.47752,0.52459,110.89600
0.09502,0.17729,0.09647,0.48683,0.50980,-0.47746,0.52453,110.99600
0.09503,0.17719,0.09647,0.48690,0.50988,-0.47739,0.52445,111.09600
0.09504,0.17709,0.09648,0.48696,0.50994,-0.47734,0.52439,111.19600
0.09504,0.17699,0.09648,0.48702,0.51001,-0.47727,0.52432,111.29600
0.09505,0.17689,0.09648,0.48708,0.51008,-0.47721,0.52426,111.39600
0.09506,0.17679,0.09648,0.48715,0.51015,-0.47714,0.52419,111.49600
0.09506,0.17669,0.09647,0.48721,0.51022,-0.47708,0.52412,111.59600
0.09507,0.17659,0.09647,0.48727,0.51028,-0.47702,0.52406,111.69600
0.09508,0.17649,0.09647,0.48733,0.51035,-0.47695,0.52399,111.79600
0.09508,0.17639,0.09648,0.48739,0.51042,-0.47689,0.52393,111.89600
0.09509,0.17629,0.09648,0.48746,0.51049,-0.47682,0.52386,111.99600
0.09510,0.17619,0.09648,0.48751,0.51055,-0.47676,0.52380,112.09600
0.09511,0.17609,0.09648,0.48758,0.51063,-0.47670,0.52372,112.19600
0.09511,0.17599,0.09648,0.48764,0.51069,-0.47663,0.52366,112.29600
0.09512,0.17589,0.09648,0.48770,0.51076,-0.47657,0.52359,112.39600
0.09513,0.17579,0.09648,0.48777,0.51083,-0.47651,0.52352,112.49600
0.09513,0.17569,0.09648,0.48783,0.51090,-0.47644,0.52346,112.59600
0.09514,0.17559,0.09648,0.48789,0.51097,-0.47638,0.52339,112.69600
0.09515,0.17549,0.09648,0.48795,0.51103,-0.47632,0.52333,112.79600
0.09516,0.17539,0.09648,0.48801,0.51110,-0.47625,0.52326,112.89600
0.09516,0.17529,0.09648,0.48808,0.51117,-0.47619,0.52319,112.99600
0.09517,0.17519,0.09648,0.48814,0.51124,-0.47613,0.52313,113.09600
0.09518,0.17509,0.09648,0.48820,0.51131,-0.47606,0.52305,113.19600
0.09518,0.17499,0.09648,0.48826,0.51137,-0.47600,0.52299,113.29600
0.09519,0.17489,0.09648,0.48833,0.51145,-0.47593,0.52292,113.39600
0.09520,0.17479,0.09648,0.48839,0.51151,-0.47587,0.52286,113.49600
0.09520,0.17469,0.09649,0.48845,0.51158,-0.47580,0.52279,113.59600
0.09521,0.17459,0.09649,0.48851,0.51165,-0.47575,0.52273,113.69600
0.09522,0.17449,0.09648,0.48858,0.51172,-0.47568,0.52266,113.79600
0.09523,0.17439,0.09648,0.48864,0.51179,-0.47561,0.52259,113.89600
0.09523,0.17429,0.09648,0.48870,0.51185,-0.47555,0.52252,113.99600
0.09524,0.17419,0.09648,0.48876,0.51192,-0.47549,0.52246,114.09600
0.09525,0.17409,0.09648,0.48882,0.51199,-0.47542,0.52239,114.19600
0.09525,0.17399,0.09648,0.48889,0.51206,-0.47536,0.52232,114.29600
0.09526,0.17390,0.09648,0.48895,0.51213,-0.47530,0.52226,114.39600
0.09527,0.17380,0.09648,0.48901,0.51219,-0.47523,0.52219,114.49600
0.09527,0.17370,0.09648,0.48907,0.51226,-0.47517,0.52212,114.59600
0.09528,0.17360,0.09648,0.48913,0.51233,-0.47510,0.52206,114.69600
0.09529,0.17350,0.09647,0.48919,0.51240,-0.47504,0.52199,114.79600
0.09530,0.17340,0.09647,0.48926,0.51247,-0.47498,0.52192,114.89600
0.09530,0.17330,0.09647,0.48932,0.51254,-0.47491,0.52185,114.99600
0.09531,0.17320,0.09648,0.48938,0.51260,-0.47485,0.52179,115.09600
0.09532,0.17310,0.09648,0.48945,0.51267,-0.47478,0.52172,115.19600
0.09532,0.17300,0.09648,0.48950,0.51274,-0.47472,0.52166,115.29600
0.09533,0.17290,0.09648,0.48957,0.51281,-0.47465,0.52159,115.39600
0.09534,0.17280,0.09648,0.48963,0.51287,-0.47460,0.52152,115.49600
0.09534,0.17270,0.09648,0.48969,0.51295,-0.47453,0.52145,115.59600
0.09535,0.17260,0.09648,0.48975,0.51301,-0.47447,0.52139,115.69600
0.09536,0.17250,0.09648,0.48982,0.51308,-0.47440,0.52132,115.79600
0.09537,0.17240,0.09647,0.48988,0.51315,-0.47434,0.52125,115.89600
0.09537,0.17230,0.09647,0.48994,0.51322,-0.47427,0.52119,115.99600
0.09538,0.17220,0.09647,0.49000,0.51328,-0.47421,0.52112,116.09600
0.09539,0.17210,0.09647,0.49006,0.51335,-0.47415,0.52105,116.19600
0.09539,0.17200,0.09647,0.49013,0.51343,-0.47408,0.52098,116.29600
0.09540,0.17190,0.09647,0.49019,0.51349,-0.47402,0.52092,116.39600
0.09541,0.17180,0.09647,0.49025,0.51356,-0.47395,0.52085,116.49600
0.09541,0.17170,0.09647,0.49031,0.51362,-0.47389,0.52078,116.59600
0.09542,0.17160,0.09647,0.49038,0.51370,-0.47382,0.52071,116.69600
0.09543,0.17150,0.09647,0.49043,0.51376,-0.47376,0.52065,116.79600
0.09544,0.17140,0.09647,0.49050,0.51383,-0.47369,0.52058,116.89600
0.09544,0.17130,0.09646,0.49056,0.51389,-0.47364,0.52052,116.99600
0.09545,0.17120,0.09646,0.49062,0.51397,-0.47357,0.52045,117.09600
0.09546,0.17110,0.09646,0.49068,0.51403,-0.47351,0.52038,117.19600
0.09546,0.17100,0.09646,0.49074,0.51410,-0.47344,0.52031,117.29600
0.09547,0.17090,0.09646,0.49080,0.51416,-0.47338,0.52025,117.39600
0.09548,0.17080,0.09646,0.49087,0.51424,-0.47331,0.52018,117.49600
0.09548,0.17070,0.09646,0.49092,0.51430,-0.47325,0.52012,117.59600
0.09549,0.17060,0.09646,0.49099,0.51437,-0.47318,0.52004,117.69600
0.09550,0.17050,0.09646,0.49105,0.51444,-0.47312,0.51998,117.79600
0.09551,0.17040,0.09646,0.49111,0.51451,-0.47306,0.51991,117.89600
0.09551,0.17030,0.09645,0.49118,0.51458,-0.47299,0.51984,117.99600
0.09552,0.17020,0.09645,0.49124,0.51464,-0.47293,0.51978,118.09600
0.09553,0.17010,0.09645,0.49130,0.51472,-0.47286,0.51970,118.19600
0.09553,0.17000,0.09645,0.49136,0.51478,-0.47280,0.51964,118.29600
0.09554,0.16991,0.09645,0.49143,0.51485,-0.47273,0.51957,118.39600
0.09555,0.16981,0.09645,0.49148,0.51491,-0.47267,0.51951,118.49600
0.09556,0.16971,0.09645,0.49155,0.51499,-0.47260,0.51944,118.59600
0.09556,0.16961,0.09645,0.49161,0.51505,-0.47254,0.51938,118.69600
0.09557,0.16951,0.09645,0.49167,0.51512,-0.47248,0.51930,118.79600
0.09558,0.16941,0.09645,0.49173,0.51518,-0.47242,0.51924,118.89600
0.09558,0.16931,0.09644,0.49179,0.51526,-0.47235,0.51917,118.99600
0.09559,0.16921,0.09643,0.49186,0.51532,-0.47228,0.51910,119.09600
0.09560,0.16911,0.09643,0.49192,0.51539,-0.47222,0.51904,119.19600
0.09560,0.16901,0.09643,0.49198,0.51546,-0.47216,0.51897,119.29600
0.09561,0.16891,0.09643,0.49204,0.51553,-0.47209,0.51890,119.39600
0.09562,0.16881,0.09643,0.49210,0.51559,-0.47203,0.51883,119.49600
0.09563,0.16871,0.09643,0.49216,0.51566,-0.47196,0.51877,119.59600
0.09563,0.16861,0.09643,0.49222,0.51573,-0.47190,0.51870,119.69600
0.09564,0.16851,0.09643,0.49229,0.51580,-0.47184,0.51863,119.79600
0.09565,0.16841,0.09643,0.49235,0.51586,-0.47177,0.51857,119.89600
0.09565,0.16831,0.09643,0.49241,0.51593,-0.47171,0.51850,119.99600
0.09566,0.16821,0.09642,0.49247,0.51600,-0.47164,0.51843,120.09600
0.09567,0.16811,0.09642,0.49254,0.51607,-0.47158,0.51836,120.19600
0.09567,0.16801,0.09642,0.49259,0.51613,-0.47152,0.51830,120.29600
0.09568,0.16791,0.09641,0.49266,0.51621,-0.47145,0.51823,120.39600
0.09569,0.16781,0.09641,0.49271,0.51627,-0.47139,0.51816,120.49600
0.09570,0.16771,0.09641,0.49278,0.51634,-0.47132,0.51809,120.59600
0.09570,0.16761,0.09641,0.49284,0.51640,-0.47126,0.51803,120.69600
0.09571,0.16751,0.09641,0.49290,0.51647,-0.47119,0.51796,120.79600
0.09572,0.16741,0.09641,0.49296,0.51654,-0.47113,0.51789,120.89600
0.09572,0.16731,0.09641,0.49303,0.51661,-0.47106,0.51782,120.99600
0.09573,0.16721,0.09641,0.49309,0.51668,-0.47100,0.51776,121.09600
0.09574,0.16711,0.09640,0.49315,0.51674,-0.47093,0.51769,121.19600
0.09575,0.16701,0.09640,0.49321,0.51681,-0.47087,0.51762,121.29600
0.09575,0.16691,0.09639,0.49327,0.51688,-0.47081,0.51755,121.39600
0.09576,0.16681,0.09639,0.49333,0.51695,-0.47074,0.51749,121.49600
0.09577,0.16671,0.09639,0.49339,0.51701,-0.47068,0.51742,121.59600
0.09577,0.16661,0.09639,0.49345,0.51708,-0.47061,0.51735,121.69600
0.09578,0.16651,0.09639,0.49352,0.51715,-0.47055,0.51728,121.79600
0.09579,0.16641,0.09639,0.49358,0.51721,-0.47049,0.51722,121.89600
0.09579,0.16631,0.09639,0.49364,0.51729,-0.47042,0.51715,121.99600
0.09580,0.16621,0.09639,0.49370,0.51735,-0.47036,0.51708,122.09600
0.09581,0.16612,0.09638,0.49376,0.51742,-0.47029,0.51701,122.19600
0.09582,0.16602,0.09637,0.49382,0.51748,-0.47023,0.51695,122.29600
0.09582,0.16592,0.09637,0.49388,0.51755,-0.47016,0.51688,122.39600
0.09583,0.16582,0.09637,0.49395,0.51762,-0.47010,0.51681,122.49600
0.09584,0.16572,0.09637,0.49400,0.51769,-0.47004,0.51675,122.59600
0.09584,0.16562,0.09637,0.49407,0.51776,-0.46997,0.51667,122.69600
0.09585,0.16552,0.09637,0.49413,0.51782,-0.46991,0.51661,122.79600
0.09586,0.16542,0.09636,0.49419,0.51789,-0.46984,0.51654,122.89600
0.09587,0.16532,0.09636,0.49425,0.51795,-0.46978,0.51648,122.99600
0.09587,0.16522,0.09636,0.49431,0.51803,-0.46971,0.51641,123.09600
0.09588,0.16512,0.09636,0.49438,0.51809,-0.46965,0.51634,123.19600
0.09589,0.16502,0.09635,0.49444,0.51816,-0.46958,0.51627,123.29600
0.09589,0.16492,0.09635,0.49450,0.51823,-0.46952,0.51620,123.39600
0.09590,0.16482,0.09634,0.49456,0.51829,-0.46945,0.51614,123.49600
0.09591,0.16472,0.09634,0.49462,0.51836,-0.46939,0.51607,123.59600
0.09592,0.16462,0.09634,0.49469,0.51843,-0.46932,0.51600,123.69600
0.09592,0.16452,0.09634,0.49474,0.51850,-0.46926,0.51593,123.79600
0.09593,0.16442,0.09634,0.49481,0.51857,-0.46919,0.51586,123.89600
0.09594,0.16432,0.09634,0.49486,0.51863,-0.46913,0.51580,123.99600
0.09594,0.16422,0.09633,0.49493,0.51870,-0.46906,0.51573,124.09600
0.09595,0.16412,0.09633,0.49499,0.51876,-0.46900,0.51566,124.19600
0.09596,0.16402,0.09633,0.49505,0.51883,-0.46894,0.51560,124.29600
0.09596,0.16392,0.09632,0.49511,0.51890,-0.46887,0.51552,124.39600
0.09597,0.16382,0.09632,0.49517,0.51897,-0.46881,0.51546,124.49600
0.09598,0.16372,0.09631,0.49523,0.51904,-0.46874,0.51539,124.59600
0.09599,0.16362,0.09631,0.49529,0.51910,-0.46868,0.51533,124.69600
0.09599,0.16352,0.09631,0.49536,0.51917,-0.46861,0.51525,124.79600
0.09600,0.16342,0.09631,0.49542,0.51924,-0.46855,0.51519,124.89600
0.09601,0.16332,0.09631,0.49548,0.51931,-0.46848,0.51512,124.99600
0.09601,0.16322,0.09630,0.49554,0.51937,-0.46842,0.51505,125.09600
0.09602,0.16312,0.09630,0.49560,0.51944,-0.46835,0.51498,125.19600
0.09603,0.16302,0.09630,0.49566,0.51951,-0.46829,0.51492,125.29600
0.09604,0.16292,0.09629,0.49573,0.51958,-0.46822,0.51484,125.39600
0.09604,0.16282,0.09629,0.49578,0.51964,-0.46816,0.51478,125.49600
0.09605,0.16272,0.09628,0.49584,0.51971,-0.46810,0.51471,125.59600
0.09606,0.16262,0.09628,0.49590,0.51977,-0.46803,0.51465,125.69600
0.09606,0.16252,0.09628,0.49597,0.51984,-0.46797,0.51458,125.79600
0.09607,0.16243,0.09628,0.49603,0.51991,-0.46790,0.51451,125.89600
0.09608,0.16233,0.09627,0.49609,0.51997,-0.46784,0.51444,125.99600
0.09608,0.16223,0.09627,0.49615,0.52005,-0.46777,0.51437,126.09600
0.09609,0.16213,0.09627,0.49621,0.52011,-0.46771,0.51431,126.19600
0.09610,0.16203,0.09627,0.49627,0.52018,-0.46764,0.51424,126.29600
0.09611,0.16193,0.09626,0.49633,0.52025,-0.46758,0.51417,126.39600
0.09611,0.16183,0.09625,0.49639,0.52031,-0.46752,0.51411,126.49600
0.09612,0.16173,0.09625,0.49646,0.52038,-0.46745,0.51403,126.59600
0.09613,0.16163,0.09625,0.49651,0.52044,-0.46739,0.51397,126.69600
0.09613,0.16153,0.09624,0.49658,0.52051,-0.46732,0.51390,126.79600
0.09614,0.16143,0.09624,0.49664,0.52058,-0.46725,0.51383,126.89600
0.09615,0.16133,0.09624,0.49670,0.52065,-0.46719,0.51376,126.99600
0.09616,0.16123,0.09624,0.49676,0.52071,-0.46712,0.51369,127.09600
0.09616,0.16113,0.09623,0.49682,0.52078,-0.46706,0.51363,127.19600
0.09617,0.16103,0.09623,0.49688,0.52085,-0.46699,0.51356,127.29600
0.09618,0.16093,0.09623,0.49694,0.52092,-0.46693,0.51349,127.39600
0.09618,0.16083,0.09623,0.49700,0.52098,-0.46687,0.51342,127.49600
0.09619,0.16073,0.09621,0.49706,0.52105,-0.46680,0.51336,127.59600
0.09620,0.16063,0.09621,0.49713,0.52112,-0.46673,0.51328,127.69600
0.09621,0.16053,0.09621,0.49718,0.52118,-0.46667,0.51322,127.79600
0.09621,0.16043,0.09620,0.49725,0.52125,-0.46660,0.51315,127.89600
0.09622,0.16033,0.09620,0.49731,0.52132,-0.46654,0.51308,127.99600
0.09623,0.16023,0.09620,0.49737,0.52139,-0.46647,0.51301,128.09600
0.09623,0.16013,0.09620,0.49743,0.52145,-0.46641,0.51294,128.19600
0.09624,0.16003,0.09619,0.49749,0.52152,-0.46635,0.51288,128.29600
0.09625,0.15993,0.09619,0.49755,0.52159,-0.46628,0.51281,128.39600
0.09626,0.15983,0.09619,0.49761,0.52165,-0.46621,0.51274,128.49600
0.09626,0.15973,0.09617,0.49767,0.52172,-0.46615,0.51267,128.59600
0.09627,0.15963,0.09617,0.49774,0.52179,-0.46608,0.51260,128.69600
0.09628,0.15953,0.09617,0.49780,0.52185,-0.46602,0.51254,128.79600
0.09628,0.15943,0.09616,0.49786,0.52192,-0.46595,0.51247,128.89600
0.09629,0.15933,0.09616,0.49792,0.52199,-0.46589,0.51240,128.99600
0.09630,0.15923,0.09616,0.49798,0.52205,-0.46583,0.51233,129.09600
0.09630,0.15913,0.09616,0.49804,0.52212,-0.46576,0.51226,129.19600
0.09631,0.15903,0.09615,0.49810,0.52219,-0.46569,0.51219,129.29600
0.09632,0.15894,0.09615,0.49816,0.52225,-0.46563,0.51213,129.39600
0.09633,0.15884,0.09615,0.49822,0.52232,-0.46557,0.51206,129.49600
0.09633,0.15874,0.09614,0.49828,0.52239,-0.46550,0.51199,129.59600
0.09634,0.15864,0.09613,0.49834,0.52245,-0.46544,0.51193,129.69600
0.09635,0.15854,0.09613,0.49841,0.52253,-0.46537,0.51185,129.79600
0.09635,0.15844,0.09612,0.49846,0.52259,-0.46531,0.51179,129.89600
0.09636,0.15834,0.09612,0.49853,0.52266,-0.46524,0.51172,129.99600
0.09637,0.15824,0.09612,0.49859,0.52272,-0.46517,0.51165,130.09600
0.09638,0.15814,0.09611,0.49864,0.52279,-0.46511,0.51159,130.19600
0.09638,0.15804,0.09611,0.49871,0.52286,-0.46504,0.51151,130.29600
0.09639,0.15794,0.09610,0.49877,0.52292,-0.46498,0.51144,130.39600
0.09640,0.15784,0.09610,0.49883,0.52299,-0.46491,0.51138,130.49600
0.09640,0.15774,0.09610,0.49889,0.52306,-0.46485,0.51131,130.59600
0.09641,0.15764,0.09609,0.49895,0.52312,-0.46479,0.51125,130.69600
0.09642,0.15754,0.09608,0.49901,0.52319,-0.46472,0.51117,130.79600
0.09643,0.15744,0.09608,0.49907,0.52326,-0.46465,0.51110,130.89600
0.09643,0.15734,0.09607,0.49913,0.52332,-0.46459,0.51104,130.99600
0.09644,0.15724,0.09607,0.49919,0.52339,-0.46452,0.51097,131.09600
0.09645,0.15714,0.09607,0.49925,0.52346,-0.46446,0.51090,131.19600
0.09645,0.15704,0.09606,0.49931,0.52352,-0.46439,0.51083,131.29600
0.09646,0.15694,0.09606,0.49937,0.52359,-0.46433,0.51076,131.39600
0.09647,0.15684,0.09605,0.49944,0.52366,-0.46426,0.51069,131.49600
0.09648,0.15674,0.09605,0.49949,0.52372,-0.46420,0.51063,131.59600
0.09648,0.15664,0.09605,0.49956,0.52379,-0.46413,0.51055,131.69600
0.09649,0.15654,0.09603,0.49962,0.52386,-0.46406,0.51049,131.79600
0.09650,0.15644,0.09603,0.49967,0.52392,-0.46400,0.51042,131.89600
0.09650,0.15634,0.09603,0.49974,0.52399,-0.46393,0.51035,131.99600
0.09651,0.15624,0.09602,0.49980,0.52406,-0.46387,0.51028,132.09600
0.09652,0.15614,0.09602,0.49986,0.52412,-0.46381,0.51022,132.19600
0.09653,0.15604,0.09601,0.49992,0.52419,-0.46374,0.51015,132.29600
0.09653,0.15594,0.09601,0.49998,0.52426,-0.46367,0.51008,132.39600
0.09654,0.15584,0.09601,0.50004,0.52432,-0.46361,0.51001,132.49600
0.09655,0.15575,0.09600,0.50010,0.52439,-0.46354,0.50994,132.59600
0.09655,0.15565,0.09600,0.50016,0.52446,-0.46348,0.50987,132.69600
0.09656,0.15555,0.09599,0.50022,0.52452,-0.46341,0.50981,132.79600
0.09657,0.15546,0.09598,0.50028,0.52459,-0.46335,0.50974,132.89600
0.09657,0.15536,0.09598,0.50035,0.52466,-0.46328,0.50966,132.99600
0.09658,0.15526,0.09597,0.50040,0.52472,-0.46322,0.50960,133.09600
0.09659,0.15516,0.09597,0.50046,0.52479,-0.46315,0.50953,133.19600
0.09660,0.15506,0.09596,0.50052,0.52485,-0.46309,0.50946,133.29600
0.09660,0.15496,0.09596,0.50058,0.52492,-0.46302,0.50940,133.39600
0.09661,0.15486,0.09595,0.50065,0.52499,-0.46295,0.50932,133.49600
0.09662,0.15476,0.09595,0.50070,0.52505,-0.46289,0.50926,133.59600
0.09662,0.15466,0.09595,0.50076,0.52512,-0.46283,0.50919,133.69600
0.09663,0.15456,0.09594,0.50083,0.52519,-0.46276,0.50912,133.79600
0.09664,0.15446,0.09594,0.50088,0.52525,-0.46270,0.50905,133.89600
0.09665,0.15436,0.09592,0.50094,0.52532,-0.46263,0.50899,133.99600
0.09665,0.15426,0.09592,0.50101,0.52539,-0.46256,0.50891,134.09600
0.09666,0.15416,0.09591,0.50107,0.52546,-0.46250,0.50884,134.19600
0.09667,0.15406,0.09591,0.50113,0.52552,-0.46243,0.50878,134.29600
0.09667,0.15396,0.09590,0.50119,0.52559,-0.46237,0.50871,134.39600
0.09668,0.15386,0.09590,0.50125,0.52565,-0.46230,0.50864,134.49600
0.09669,0.15376,0.09589,0.50131,0.52572,-0.46224,0.50857,134.59600
0.09670,0.15366,0.09589,0.50137,0.52579,-0.46217,0.50850,134.69600
0.09670,0.15356,0.09589,0.50143,0.52586,-0.46210,0.50843,134.79600
0.09671,0.15346,0.09588,0.50149,0.52592,-0.46204,0.50837,134.89600
0.09672,0.15336,0.09587,0.50155,0.52598,-0.46198,0.50830,134.99600
0.09672,0.15326,0.09586,0.50161,0.52606,-0.46191,0.50822,135.09600
0.09673,0.15316,0.09586,0.50167,0.52612,-0.46185,0.50816,135.19600
0.09674,0.15306,0.09585,0.50173,0.52618,-0.46178,0.50809,135.29600
0.09675,0.15296,0.09585,0.50180,0.52625,-0.46171,0.50802,135.39600
0.09675,0.15286,0.09584,0.50185,0.52631,-0.46165,0.50796,135.49600
0.09676,0.15276,0.09584,0.50191,0.52638,-0.46158,0.50789,135.59600
0.09677,0.15266,0.09583,0.50198,0.52645,-0.46151,0.50781,135.69600
0.09677,0.15256,0.09583,0.50203,0.52651,-0.46145,0.50775,135.79600
0.09678,0.15246,0.09582,0.50210,0.52658,-0.46138,0.50768,135.89600
0.09679,0.15236,0.09582,0.50216,0.52665,-0.46132,0.50761,135.99600
0.09680,0.15226,0.09580,0.50221,0.52671,-0.46126,0.50754,136.09600
0.09680,0.15217,0.09580,0.50228,0.52678,-0.46119,0.50747,136.19600
0.09681,0.15207,0.09579,0.50234,0.52685,-0.46112,0.50740,136.29600
0.09682,0.15197,0.09579,0.50240,0.52691,-0.46106,0.50733,136.39600
0.09682,0.15187,0.09578,0.50246,0.52698,-0.46099,0.50726,136.49600
0.09683,0.15177,0.09578,0.50252,0.52705,-0.46093,0.50720,136.59600
0.09684,0.15167,0.09577,0.50258,0.52711,-0.46086,0.50713,136.69600
0.09685,0.15157,0.09577,0.50263,0.52718,-0.46080,0.50706,136.79600
0.09685,0.15147,0.09576,0.50269,0.52724,-0.46073,0.50699,136.89600
0.09686,0.15137,0.09576,0.50276,0.52731,-0.46066,0.50692,136.99600
0.09687,0.15127,0.09574,0.50281,0.52738,-0.46060,0.50685,137.09600
0.09687,0.15117,0.09574,0.50287,0.52744,-0.46053,0.50678,137.19600
0.09688,0.15107,0.09573,0.50294,0.52751,-0.46046,0.50671,137.29600
0.09689,0.15097,0.09573,0.50299,0.52757,-0.46040,0.50665,137.39600
0.09690,0.15087,0.09572,0.50305,0.52764,-0.46034,0.50658,137.49600
0.09690,0.15077,0.09572,0.50312,0.52771,-0.46027,0.50651,137.59600
0.09691,0.15067,0.09571,0.50318,0.52778,-0.46020,0.50644,137.69600
0.09692,0.15057,0.09570,0.50323,0.52784,-0.46014,0.50637,137.79600
0.09692,0.15047,0.09570,0.50330,0.52791,-0.46007,0.50630,137.89600
0.09693,0.15037,0.09569,0.50336,0.52797,-0.46001,0.50623,137.99600
0.09694,0.15027,0.09569,0.50341,0.52803,-0.45995,0.50617,138.09600
0.09695,0.15017,0.09567,0.50348,0.52810,-0.45988,0.50609,138.19600
0.09695,0.15007,0.09567,0.50354,0.52817,-0.45981,0.50602,138.29600
0.09696,0.14997,0.09566,0.50359,0.52823,-0.45975,0.50596,138.39600
0.09697,0.14987,0.09566,0.50366,0.52830,-0.45968,0.50589,138.49600
0.09697,0.14977,0.09565,0.50372,0.52837,-0.45961,0.50582,138.59600
0.09698,0.14967,0.09564,0.50378,0.52843,-0.45955,0.50575,138.69600
0.09699,0.14957,0.09564,0.50384,0.52850,-0.45948,0.50568,138.79600
0.09700,0.14947,0.09563,0.50390,0.52857,-0.45942,0.50561,138.89600
0.09700,0.14937,0.09563,0.50396,0.52863,-0.45935,0.50554,138.99600
0.09701,0.14927,0.09562,0.50402,0.52870,-0.45929,0.50547,139.09600
0.09702,0.14917,0.09562,0.50408,0.52876,-0.45922,0.50541,139.19600
0.09702,0.14907,0.09560,0.50414,0.52883,-0.45915,0.50534,139.29600
0.09703,0.14898,0.09559,0.50420,0.52890,-0.45908,0.50526,139.39600
0.09704,0.14888,0.09559,0.50425,0.52896,-0.45902,0.50520,139.49600
0.09705,0.14878,0.09558,0.50431,0.52903,-0.45896,0.50513,139.59600
0.09705,0.14868,0.09558,0.50438,0.52910,-0.45889,0.50506,139.69600
0.09706,0.14858,0.09557,0.50443,0.52916,-0.45883,0.50499,139.79600
0.09707,0.14848,0.09556,0.50449,0.52922,-0.45876,0.50492,139.89600
0.09707,0.14838,0.09556,0.50456,0.52929,-0.45869,0.50485,139.99600
0.09708,0.14828,0.09555,0.50462,0.52936,-0.45862,0.50478,140.09600
0.09709,0.14818,0.09555,0.50467,0.52942,-0.45856,0.50472,140.19600
0.09710,0.14809,0.09553,0.50474,0.52949,-0.45849,0.50464,140.29600
0.09710,0.14799,0.09552,0.50480,0.52956,-0.45843,0.50457,140.39600
0.09711,0.14789,0.09552,0.50486,0.52962,-0.45836,0.50451,140.49600
0.09712,0.14779,0.09551,0.50492,0.52969,-0.45830,0.50444,140.59600
0.09712,0.14769,0.09551,0.50497,0.52975,-0.45823,0.50437,140.69600
0.09713,0.14759,0.09550,0.50503,0.52982,-0.45816,0.50430,140.79600
0.09714,0.14749,0.09549,0.50509,0.52988,-0.45810,0.50423,140.89600
0.09715,0.14739,0.09549,0.50515,0.52995,-0.45803,0.50416,140.99600
0.09715,0.14729,0.09548,0.50521,0.53002,-0.45797,0.50409,141.09600
0.09716,0.14719,0.09547,0.50528,0.53009,-0.45790,0.50402,141.19600
0.09717,0.14709,0.09547,0.50533,0.53015,-0.45784,0.50395,141.29600
0.09717,0.14699,0.09545,0.50539,0.53021,-0.45777,0.50389,141.39600
0.09718,0.14689,0.09545,0.50546,0.53028,-0.45770,0.50381,141.49600
0.09719,0.14679,0.09544,0.50552,0.53035,-0.45763,0.50374,141.59600
0.09720,0.14669,0.09543,0.50557,0.53041,-0.45757,0.50368,141.69600
0.09720,0.14659,0.09543,0.50563,0.53048,-0.45750,0.50360,141.79600
0.09721,0.14649,0.09542,0.50569,0.53054,-0.45744,0.50354,141.89600
0.09722,0.14639,0.09541,0.50575,0.53060,-0.45738,0.50347,141.99600
0.09722,0.14629,0.09541,0.50581,0.53067,-0.45731,0.50340,142.09600
0.09723,0.14619,0.09540,0.50587,0.53074,-0.45724,0.50333,142.19600
0.09724,0.14609,0.09539,0.50593,0.53081,-0.45717,0.50326,142.29600
0.09725,0.14599,0.09539,0.50599,0.53087,-0.45711,0.50320,142.39600
0.09725,0.14590,0.09537,0.50605,0.53094,-0.45704,0.50312,142.49600
0.09726,0.14580,0.09536,0.50611,0.53100,-0.45698,0.50305,142.59600
0.09727,0.14570,0.09536,0.50617,0.53107,-0.45691,0.50298,142.69600
0.09728,0.14560,0.09535,0.50623,0.53113,-0.45684,0.50291,142.79600
0.09728,0.14550,0.09534,0.50629,0.53120,-0.45678,0.50285,142.89600
0.09729,0.14540,0.09534,0.50635,0.53126,-0.45671,0.50278,142.99600
0.09730,0.14530,0.09533,0.50641,0.53133,-0.45664,0.50270,143.09600
0.09730,0.14520,0.09532,0.50647,0.53139,-0.45658,0.50264,143.19600
0.09731,0.14510,0.09532,0.50653,0.53146,-0.45652,0.50257,143.29600
0.09732,0.14500,0.09531,0.50659,0.53153,-0.45645,0.50250,143.39600
0.09733,0.14490,0.09529,0.50665,0.53160,-0.45638,0.50242,143.49600
0.09733,0.14480,0.09529,0.50670,0.53166,-0.45632,0.50236,143.59600
0.09734,0.14470,0.09528,0.50676,0.53172,-0.45625,0.50229,143.69600
0.09735,0.14460,0.09527,0.50683,0.53179,-0.45618,0.50222,143.79600
0.09735,0.14450,0.09526,0.50689,0.53186,-0.45611,0.50215,143.89600
0.09736,0.14440,0.09526,0.50694,0.53192,-0.45605,0.50208,143.99600
0.09737,0.14430,0.09525,0.50700,0.53198,-0.45599,0.50202,144.09600
0.09738,0.14420,0.09524,0.50706,0.53205,-0.45592,0.50194,144.19600
0.09738,0.14410,0.09524,0.50712,0.53212,-0.45585,0.50187,144.29600
0.09739,0.14400,0.09523,0.50718,0.53218,-0.45579,0.50181,144.39600
0.09740,0.14390,0.09522,0.50724,0.53225,-0.45572,0.50173,144.49600
0.09740,0.14380,0.09520,0.50730,0.53231,-0.45565,0.50166,144.59600
0.09741,0.14370,0.09520,0.50736,0.53238,-0.45559,0.50159,144.69600
0.09742,0.14361,0.09519,0.50742,0.53244,-0.45552,0.50153,144.79600
0.09743,0.14351,0.09518,0.50748,0.53251,-0.45545,0.50146,144.89600
0.09743,0.14341,0.09518,0.50754,0.53258,-0.45539,0.50139,144.99600
0.09744,0.14331,0.09517,0.50760,0.53264,-0.45532,0.50132,145.09600
0.09745,0.14321,0.09516,0.50766,0.53271,-0.45525,0.50124,145.19600
0.09745,0.14311,0.09515,0.50772,0.53277,-0.45519,0.50118,145.29600
0.09746,0.14301,0.09515,0.50778,0.53284,-0.45512,0.50111,145.39600
0.09747,0.14292,0.09514,0.50784,0.53290,-0.45506,0.50104,145.49600
0.09748,0.14282,0.09513,0.50790,0.53297,-0.45499,0.50097,145.59600
0.09748,0.14272,0.09511,0.50795,0.53303,-0.45493,0.50090,145.69600
0.09749,0.14262,0.09511,0.50801,0.53310,-0.45486,0.50083,145.79600
0.09750,0.14252,0.09510,0.50808,0.53317,-0.45479,0.50076,145.89600
0.09750,0.14242,0.09509,0.50814,0.53323,-0.45472,0.50069,145.99600
0.09751,0.14232,0.09508,0.50819,0.53329,-0.45466,0.50062,146.09600
0.09752,0.14222,0.09508,0.50825,0.53336,-0.45460,0.50055,146.19600
0.09753,0.14212,0.09507,0.50831,0.53343,-0.45452,0.50048,146.29600
0.09753,0.14202,0.09506,0.50837,0.53349,-0.45446,0.50041,146.39600
0.09754,0.14192,0.09505,0.50843,0.53355,-0.45440,0.50035,146.49600
0.09755,0.14182,0.09505,0.50849,0.53362,-0.45433,0.50027,146.59600
0.09755,0.14172,0.09503,0.50855,0.53369,-0.45426,0.50020,146.69600
0.09756,0.14162,0.09502,0.50861,0.53375,-0.45419,0.50013,146.79600
0.09757,0.14152,0.09501,0.50867,0.53382,-0.45413,0.50006,146.89600
0.09758,0.14142,0.09500,0.50873,0.53388,-0.45406,0.49999,146.99600
0.09758,0.14132,0.09500,0.50879,0.53395,-0.45400,0.49992,147.09600
0.09759,0.14122,0.09499,0.50884,0.53401,-0.45393,0.49986,147.19600
0.09760,0.14112,0.09498,0.50890,0.53408,-0.45386,0.49979,147.29600
0.09761,0.14102,0.09497,0.50896,0.53414,-0.45380,0.49972,147.39600
0.09761,0.14092,0.09496,0.50902,0.53421,-0.45373,0.49965,147.49600
0.09762,0.14082,0.09496,0.50908,0.53427,-0.45366,0.49958,147.59600
0.09763,0.14072,0.09495,0.50914,0.53434,-0.45360,0.49951,147.69600
0.09763,0.14062,0.09493,0.50920,0.53441,-0.45353,0.49943,147.79600
0.09764,0.14052,0.09492,0.50926,0.53447,-0.45347,0.49937,147.89600
0.09765,0.14042,0.09491,0.50932,0.53453,-0.45340,0.49930,147.99600
0.09766,0.14032,0.09491,0.50938,0.53460,-0.45333,0.49923,148.09600
0.09766,0.14023,0.09490,0.50944,0.53467,-0.45326,0.49915,148.19600
0.09767,0.14013,0.09489,0.50950,0.53473,-0.45320,0.49908,148.29600
0.09768,0.14003,0.09488,0.50955,0.53479,-0.45313,0.49902,148.39600
0.09768,0.13994,0.09487,0.50961,0.53486,-0.45307,0.49895,148.49600
0.09769,0.13984,0.09487,0.50968,0.53493,-0.45300,0.49888,148.59600
0.09770,0.13974,0.09486,0.50973,0.53499,-0.45293,0.49881,148.69600
0.09771,0.13964,0.09485,0.50979,0.53506,-0.45286,0.49874,148.79600
0.09771,0.13954,0.09483,0.50985,0.53512,-0.45280,0.49867,148.89600
0.09772,0.13944,0.09482,0.50991,0.53519,-0.45273,0.49860,148.99600
0.09773,0.13934,0.09481,0.50997,0.53525,-0.45266,0.49853,149.09600
0.09773,0.13924,0.09481,0.51003,0.53532,-0.45260,0.49846,149.19600
0.09774,0.13914,0.09480,0.51008,0.53538,-0.45254,0.49839,149.29600
0.09775,0.13904,0.09479,0.51015,0.53545,-0.45247,0.49832,149.39600
0.09776,0.13894,0.09478,0.51021,0.53551,-0.45240,0.49825,149.49600
0.09776,0.13884,0.09477,0.51026,0.53558,-0.45233,0.49818,149.59600
0.09777,0.13874,0.09476,0.51032,0.53564,-0.45227,0.49811,149.69600
0.09778,0.13864,0.09475,0.51038,0.53571,-0.45220,0.49804,149.79600
0.09779,0.13854,0.09474,0.51044,0.53577,-0.45213,0.49797,149.89600
0.09779,0.13844,0.09473,0.51050,0.53584,-0.45207,0.49790,149.99600
0.09780,0.13834,0.09472,0.51056,0.53590,-0.45200,0.49783,150.09600
0.09781,0.13824,0.09471,0.51062,0.53597,-0.45193,0.49776,150.19600
0.09781,0.13814,0.09470,0.51068,0.53603,-0.45187,0.49769,150.29600
0.09782,0.13804,0.09469,0.51073,0.53609,-0.45180,0.49762,150.39600
0.09783,0.13794,0.09468,0.51079,0.53616,-0.45174,0.49755,150.49600
0.09784,0.13784,0.09468,0.51086,0.53623,-0.45166,0.49748,150.59600
0.09784,0.13774,0.09467,0.51092,0.53629,-0.45160,0.49741,150.69600
0.09785,0.13764,0.09466,0.51097,0.53636,-0.45153,0.49734,150.79600
0.09786,0.13755,0.09465,0.51103,0.53642,-0.45147,0.49727,150.89600
0.09786,0.13745,0.09463,0.51109,0.53649,-0.45140,0.49720,150.99600
0.09787,0.13735,0.09462,0.51115,0.53655,-0.45133,0.49713,151.09600
0.09788,0.13725,0.09461,0.51121,0.53662,-0.45126,0.49706,151.19600
0.09789,0.13715,0.09460,0.51127,0.53668,-0.45120,0.49699,151.29600
0.09789,0.13706,0.09459,0.51132,0.53674,-0.45114,0.49692,151.39600
0.09790,0.13696,0.09459,0.51139,0.53681,-0.45107,0.49685,151.49600
0.09791,0.13686,0.09458,0.51144,0.53688,-0.45100,0.49678,151.59600
0.09791,0.13676,0.09457,0.51150,0.53694,-0.45093,0.49671,151.69600
0.09792,0.13666,0.09456,0.51156,0.53701,-0.45087,0.49664,151.79600
0.09793,0.13656,0.09455,0.51162,0.53707,-0.45080,0.49657,151.89600
0.09794,0.13646,0.09454,0.51168,0.53713,-0.45073,0.49650,151.99600
0.09794,0.13636,0.09452,0.51174,0.53720,-0.45067,0.49643,152.09600
0.09795,0.13626,0.09451,0.51180,0.53726,-0.45060,0.49636,152.19600
0.09796,0.13616,0.09450,0.51185,0.53733,-0.45053,0.49629,152.29600
0.09797,0.13606,0.09449,0.51192,0.53740,-0.45046,0.49621,152.39600
0.09797,0.13596,0.09448,0.51197,0.53746,-0.45040,0.49615,152.49600
0.09798,0.13586,0.09447,0.51203,0.53752,-0.45033,0.49608,152.59600
0.09799,0.13576,0.09447,0.51209,0.53759,-0.45027,0.49601,152.69600
0.09799,0.13566,0.09446,0.51215,0.53766,-0.45019,0.49593,152.79600
0.09800,0.13556,0.09445,0.51221,0.53772,-0.45013,0.49586,152.89600
0.09801,0.13546,0.09444,0.51227,0.53779,-0.45006,0.49579,152.99600
0.09802,0.13536,0.09442,0.51232,0.53784,-0.45000,0.49573,153.09600
0.09802,0.13526,0.09441,0.51238,0.53791,-0.44993,0.49566,153.19600
0.09803,0.13517,0.09440,0.51245,0.53798,-0.44986,0.49558,153.29600
0.09804,0.13507,0.09439,0.51250,0.53804,-0.44979,0.49551,153.39600
0.09804,0.13497,0.09438,0.51256,0.53811,-0.44973,0.49544,153.49600
0.09805,0.13487,0.09437,0.51262,0.53817,-0.44966,0.49537,153.59600
0.09806,0.13477,0.09436,0.51267,0.53823,-0.44960,0.49531,153.69600
0.09807,0.13467,0.09435,0.51274,0.53830,-0.44953,0.49523,153.79600
0.09807,0.13457,0.09434,0.51280,0.53837,-0.44946,0.49516,153.89600
0.09808,0.13447,0.09433,0.51285,0.53843,-0.44939,0.49509,153.99600
0.09809,0.13437,0.09432,0.51291,0.53849,-0.44933,0.49502,154.09600
0.09810,0.13428,0.09430,0.51297,0.53856,-0.44926,0.49495,154.19600
0.09810,0.13418,0.09429,0.51303,0.53862,-0.44919,0.49488,154.29600
0.09811,0.13408,0.09428,0.51309,0.53869,-0.44913,0.49481,154.39600
0.09812,0.13398,0.09427,0.51315,0.53875,-0.44906,0.49474,154.49600
0.09812,0.13388,0.09426,0.51321,0.53882,-0.44899,0.49467,154.59600
0.09813,0.13378,0.09425,0.51326,0.53888,-0.44893,0.49460,154.69600
0.09814,0.13368,0.09424,0.51333,0.53895,-0.44885,0.49453,154.79600
0.09815,0.13358,0.09423,0.51338,0.53901,-0.44879,0.49446,154.89600
0.09815,0.13348,0.09422,0.51344,0.53907,-0.44873,0.49439,154.99600
0.09816,0.13338,0.09421,0.51350,0.53914,-0.44866,0.49432,155.09600
0.09817,0.13328,0.09420,0.51356,0.53920,-0.44859,0.49425,155.19600
0.09818,0.13318,0.09418,0.51362,0.53927,-0.44852,0.49418,155.29600
0.09818,0.13309,0.09417,0.51368,0.53934,-0.44845,0.49411,155.39600
0.09819,0.13299,0.09416,0.51373,0.53940,-0.44839,0.49404,155.49600
0.09820,0.13289,0.09415,0.51379,0.53946,-0.44832,0.49397,155.59600
0.09820,0.13279,0.09414,0.51385,0.53952,-0.44826,0.49390,155.69600
0.09821,0.13269,0.09413,0.51391,0.53959,-0.44819,0.49383,155.79600
0.09822,0.13259,0.09412,0.51397,0.53966,-0.44812,0.49376,155.89600
0.09823,0.13249,0.09411,0.51403,0.53972,-0.44805,0.49369,155.99600
0.09823,0.13239,0.09410,0.51409,0.53979,-0.44798,0.49362,156.09600
0.09824,0.13229,0.09409,0.51414,0.53985,-0.44792,0.49355,156.19600
0.09825,0.13219,0.09408,0.51420,0.53991,-0.44785,0.49347,156.29600
0.09825,0.13209,0.09406,0.51426,0.53998,-0.44778,0.49340,156.39600
0.09826,0.13199,0.09405,0.51432,0.54004,-0.44772,0.49333,156.49600
0.09827,0.13189,0.09404,0.51438,0.54011,-0.44765,0.49326,156.59600
0.09828,0.13179,0.09403,0.51444,0.54017,-0.44758,0.49319,156.69600
0.09828,0.13169,0.09402,0.51449,0.54024,-0.44752,0.49312,156.79600
0.09829,0.13159,0.09401,0.51455,0.54030,-0.44745,0.49305,156.89600
0.09830,0.13150,0.09400,0.51461,0.54036,-0.44738,0.49298,156.99600
0.09831,0.13140,0.09399,0.51467,0.54043,-0.44732,0.49291,157.09600
0.09831,0.13130,0.09398,0.51473,0.54049,-0.44725,0.49284,157.19600
0.09832,0.13121,0.09397,0.51479,0.54056,-0.44718,0.49277,157.29600
0.09833,0.13111,0.09395,0.51485,0.54063,-0.44711,0.49270,157.39600
0.09833,0.13101,0.09394,0.51491,0.54069,-0.44704,0.49263,157.49600
0.09834,0.13091,0.09393,0.51496,0.54075,-0.44698,0.49256,157.59600
0.09835,0.13081,0.09392,0.51502,0.54081,-0.44691,0.49249,157.69600
0.09836,0.13071,0.09391,0.51508,0.54088,-0.44685,0.49242,157.79600
0.09836,0.13061,0.09390,0.51513,0.54094,-0.44678,0.49235,157.89600
0.09837,0.13051,0.09389,0.51520,0.54101,-0.44671,0.49227,157.99600
0.09838,0.13041,0.09387,0.51525,0.54107,-0.44664,0.49220,158.09600
0.09838,0.13031,0.09386,0.51531,0.54114,-0.44657,0.49213,158.19600
0.09839,0.13021,0.09385,0.51537,0.54120,-0.44651,0.49207,158.29600
0.09840,0.13011,0.09384,0.51542,0.54126,-0.44644,0.49200,158.39600
0.09841,0.13001,0.09382,0.51548,0.54133,-0.44638,0.49193,158.49600
0.09841,0.12991,0.09381,0.51555,0.54139,-0.44630,0.49185,158.59600
0.09842,0.12981,0.09380,0.51560,0.54146,-0.44624,0.49178,158.69600
0.09843,0.12971,0.09379,0.51566,0.54152,-0.44617,0.49171,158.79600
0.09844,0.12961,0.09378,0.51572,0.54159,-0.44610,0.49164,158.89600
0.09844,0.12951,0.09377,0.51578,0.54165,-0.44604,0.49157,158.99600
0.09845,0.12942,0.09376,0.51583,0.54171,-0.44597,0.49150,159.09600
0.09846,0.12932,0.09375,0.51589,0.54178,-0.44590,0.49143,159.19600
0.09846,0.12922,0.09373,0.51595,0.54184,-0.44583,0.49136,159.29600
0.09847,0.12912,0.09372,0.51601,0.54191,-0.44577,0.49129,159.39600
0.09848,0.12902,0.09371,0.51607,0.54197,-0.44570,0.49122,159.49600
0.09849,0.12892,0.09369,0.51613,0.54203,-0.44563,0.49115,159.59600
0.09849,0.12883,0.09368,0.51618,0.54210,-0.44557,0.49107,159.69600
0.09850,0.12873,0.09367,0.51624,0.54216,-0.44550,0.49100,159.79600
0.09851,0.12863,0.09366,0.51630,0.54223,-0.44543,0.49093,159.89600
0.09851,0.12853,0.09365,0.51636,0.54229,-0.44536,0.49086,159.99600
0.09852,0.12843,0.09364,0.51642,0.54235,-0.44530,0.49079,160.09600
0.09853,0.12833,0.09362,0.51647,0.54242,-0.44523,0.49072,160.19600
0.09854,0.12823,0.09361,0.51653,0.54248,-0.44516,0.49065,160.29600
0.09854,0.12813,0.09360,0.51659,0.54255,-0.44509,0.49058,160.39600
0.09855,0.12803,0.09359,0.51665,0.54261,-0.44503,0.49051,160.49600
0.09856,0.12793,0.09357,0.51671,0.54268,-0.44496,0.49043,160.59600
0.09857,0.12784,0.09356,0.51677,0.54274,-0.44489,0.49036,160.69600
0.09857,0.12774,0.09355,0.51682,0.54280,-0.44483,0.49030,160.79600
0.09858,0.12764,0.09353,0.51688,0.54287,-0.44476,0.49023,160.89600
0.09859,0.12754,0.09352,0.51694,0.54293,-0.44469,0.49016,160.99600
0.09859,0.12744,0.09351,0.51700,0.54299,-0.44462,0.49009,161.09600
0.09860,0.12734,0.09350,0.51705,0.54306,-0.44456,0.49001,161.19600
0.09861,0.12724,0.09349,0.51712,0.54313,-0.44448,0.48994,161.29600
0.09862,0.12714,0.09348,0.51717,0.54319,-0.44442,0.48987,161.39600
0.09862,0.12704,0.09347,0.51723,0.54325,-0.44435,0.48980,161.49600
0.09863,0.12694,0.09345,0.51729,0.54332,-0.44428,0.48973,161.59600
0.09864,0.12684,0.09343,0.51735,0.54338,-0.44421,0.48966,161.69600
0.09865,0.12674,0.09342,0.51740,0.54344,-0.44415,0.48959,161.79600
0.09865,0.12664,0.09341,0.51746,0.54350,-0.44408,0.48952,161.89600
0.09866,0.12654,0.09340,0.51752,0.54357,-0.44401,0.48944,161.99600
0.09867,0.12644,0.09339,0.51758,0.54364,-0.44395,0.48937,162.09600
0.09867,0.12635,0.09337,0.51764,0.54370,-0.44388,0.48930,162.19600
0.09868,0.12626,0.09336,0.51769,0.54376,-0.44381,0.48923,162.29600
0.09869,0.12616,0.09335,0.51775,0.54383,-0.44374,0.48916,162.39600
0.09870,0.12606,0.09334,0.51781,0.54389,-0.44368,0.48909,162.49600
0.09870,0.12596,0.09333,0.51787,0.54395,-0.44361,0.48902,162.59600
0.09871,0.12586,0.09331,0.51793,0.54402,-0.44354,0.48895,162.69600
0.09872,0.12576,0.09329,0.51798,0.54408,-0.44347,0.48888,162.79600
0.09873,0.12566,0.09328,0.51804,0.54415,-0.44341,0.48881,162.89600
0.09873,0.12556,0.09327,0.51810,0.54421,-0.44334,0.48874,162.99600
0.09874,0.12546,0.09326,0.51816,0.54427,-0.44327,0.48866,163.09600
0.09875,0.12536,0.09324,0.51821,0.54434,-0.44320,0.48859,163.19600
0.09875,0.12526,0.09323,0.51827,0.54440,-0.44314,0.48852,163.29600
0.09876,0.12516,0.09322,0.51833,0.54446,-0.44307,0.48845,163.39600
0.09877,0.12506,0.09321,0.51839,0.54453,-0.44300,0.48838,163.49600
0.09878,0.12497,0.09320,0.51845,0.54460,-0.44293,0.48830,163.59600
0.09878,0.12487,0.09318,0.51851,0.54466,-0.44286,0.48823,163.69600
0.09879,0.12477,0.09317,0.51856,0.54472,-0.44279,0.48816,163.79600
0.09880,0.12467,0.09315,0.51862,0.54478,-0.44273,0.48810,163.89600
0.09880,0.12457,0.09314,0.51868,0.54484,-0.44266,0.48803,163.99600
0.09881,0.12447,0.09313,0.51873,0.54491,-0.44260,0.48795,164.09600
0.09882,0.12437,0.09311,0.51879,0.54497,-0.44253,0.48788,164.19600
0.09883,0.12427,0.09310,0.51885,0.54504,-0.44246,0.48781,164.29600
0.09883,0.12417,0.09309,0.51891,0.54510,-0.44239,0.48774,164.39600
0.09884,0.12407,0.09308,0.51897,0.54517,-0.44232,0.48767,164.49600
0.09885,0.12397,0.09306,0.51903,0.54523,-0.44225,0.48759,164.59600
0.09886,0.12387,0.09305,0.51908,0.54529,-0.44218,0.48752,164.69600
0.09886,0.12377,0.09304,0.51914,0.54536,-0.44212,0.48745,164.79600
0.09887,0.12368,0.09302,0.51920,0.54542,-0.44205,0.48738,164.89600
0.09888,0.12359,0.09300,0.51926,0.54549,-0.44198,0.48731,164.99600
0.09888,0.12349,0.09299,0.51931,0.54555,-0.44191,0.48724,165.09600
0.09889,0.12339,0.09298,0.51937,0.54561,-0.44185,0.48717,165.19600
0.09890,0.12329,0.09297,0.51942,0.54567,-0.44178,0.48710,165.29600
0.09891,0.12319,0.09295,0.51949,0.54574,-0.44171,0.48703,165.39600
0.09891,0.12309,0.09294,0.51954,0.54580,-0.44164,0.48696,165.49600
0.09892,0.12299,0.09293,0.51960,0.54587,-0.44158,0.48688,165.59600
0.09893,0.12289,0.09292,0.51966,0.54593,-0.44151,0.48681,165.69600
0.09894,0.12279,0.09290,0.51972,0.54599,-0.44144,0.48674,165.79600
0.09894,0.12269,0.09289,0.51977,0.54606,-0.44137,0.48667,165.89600
0.09895,0.12259,0.09287,0.51983,0.54612,-0.44130,0.48660,165.99600
0.09896,0.12250,0.09285,0.51989,0.54618,-0.44124,0.48653,166.09600
0.09896,0.12240,0.09284,0.51995,0.54625,-0.44117,0.48646,166.19600
0.09897,0.12230,0.09283,0.52000,0.54631,-0.44110,0.48639,166.29600
0.09898,0.12220,0.09282,0.52007,0.54638,-0.44103,0.48631,166.39600
0.09899,0.12210,0.09280,0.52012,0.54644,-0.44096,0.48624,166.49600
0.09899,0.12200,0.09279,0.52018,0.54650,-0.44090,0.48617,166.59600
0.09900,0.12190,0.09278,0.52023,0.54656,-0.44083,0.48610,166.69600
0.09901,0.12180,0.09276,0.52029,0.54663,-0.44076,0.48603,166.79600
0.09902,0.12170,0.09275,0.52035,0.54669,-0.44070,0.48596,166.89600
0.09902,0.12160,0.09274,0.52041,0.54675,-0.44063,0.48589,166.99600
0.09903,0.12150,0.09272,0.52046,0.54682,-0.44056,0.48582,167.09600
0.09904,0.12140,0.09270,0.52052,0.54688,-0.44049,0.48574,167.19600
0.09904,0.12131,0.09269,0.52058,0.54694,-0.44042,0.48567,167.29600
0.09905,0.12121,0.09268,0.52064,0.54701,-0.44036,0.48560,167.39600
0.09906,0.12112,0.09266,0.52070,0.54707,-0.44028,0.48553,167.49600
0.09907,0.12102,0.09265,0.52075,0.54714,-0.44022,0.48545,167.59600
0.09907,0.12092,0.09264,0.52081,0.54720,-0.44015,0.48538,167.69600
0.09908,0.12082,0.09262,0.52087,0.54726,-0.44008,0.48531,167.79600
0.09909,0.12072,0.09261,0.52093,0.54733,-0.44001,0.48524,167.89600
0.09910,0.12062,0.09260,0.52098,0.54739,-0.43994,0.48517,167.99600
0.09910,0.12052,0.09258,0.52104,0.54745,-0.43988,0.48510,168.09600
0.09911,0.12042,0.09256,0.52110,0.54752,-0.43981,0.48503,168.19600
0.09912,0.12032,0.09255,0.52115,0.54757,-0.43975,0.48496,168.29600
0.09912,0.12023,0.09253,0.52121,0.54764,-0.43968,0.48489,168.39600
0.09913,0.12013,0.09252,0.52127,0.54770,-0.43961,0.48482,168.49600
0.09914,0.12003,0.09251,0.52132,0.54776,-0.43954,0.48475,168.59600
0.09915,0.11993,0.09249,0.52138,0.54783,-0.43947,0.48468,168.69600
0.09915,0.11983,0.09248,0.52144,0.54790,-0.43940,0.48460,168.79600
0.09916,0.11973,0.09247,0.52150,0.54796,-0.43933,0.48453,168.89600
0.09917,0.11963,0.09245,0.52156,0.54802,-0.43926,0.48446,168.99600
0.09918,0.11953,0.09244,0.52161,0.54808,-0.43920,0.48438,169.09600
0.09918,0.11943,0.09242,0.52167,0.54815,-0.43913,0.48431,169.19600
0.09919,0.11933,0.09240,0.52173,0.54821,-0.43906,0.48424,169.29600
0.09920,0.11923,0.09239,0.52179,0.54827,-0.43899,0.48417,169.39600
0.09920,0.11914,0.09237,0.52184,0.54834,-0.43892,0.48410,169.49600
0.09921,0.11904,0.09236,0.52190,0.54840,-0.43886,0.48403,169.59600
0.09922,0.11894,0.09235,0.52196,0.54846,-0.43879,0.48396,169.69600
0.09923,0.11884,0.09233,0.52201,0.54853,-0.43872,0.48388,169.79600
0.09923,0.11874,0.09232,0.52207,0.54859,-0.43865,0.48381,169.89600
0.09924,0.11865,0.09231,0.52213,0.54865,-0.43858,0.48374,169.99600
0.09925,0.11855,0.09229,0.52219,0.54872,-0.43852,0.48367,170.09600
0.09926,0.11845,0.09228,0.52224,0.54878,-0.43845,0.48360,170.19600
0.09926,0.11835,0.09225,0.52230,0.54884,-0.43838,0.48353,170.29600
0.09927,0.11825,0.09224,0.52236,0.54891,-0.43831,0.48345,170.39600
0.09928,0.11815,0.09223,0.52242,0.54897,-0.43824,0.48338,170.49600
0.09928,0.11806,0.09221,0.52248,0.54904,-0.43817,0.48331,170.59600
0.09929,0.11796,0.09220,0.52253,0.54910,-0.43810,0.48323,170.69600
0.09930,0.11786,0.09218,0.52259,0.54916,-0.43804,0.48317,170.79600
0.09931,0.11776,0.09217,0.52264,0.54922,-0.43797,0.48310,170.89600
0.09931,0.11766,0.09216,0.52270,0.54928,-0.43790,0.48303,170.99600
0.09932,0.11756,0.09214,0.52276,0.54935,-0.43784,0.48295,171.09600
0.09933,0.11746,0.09213,0.52281,0.54941,-0.43777,0.48288,171.19600
0.09934,0.11736,0.09211,0.52287,0.54947,-0.43770,0.48281,171.29600
0.09934,0.11726,0.09209,0.52293,0.54953,-0.43763,0.48274,171.39600
0.09935,0.11716,0.09208,0.52298,0.54960,-0.43756,0.48267,171.49600
0.09936,0.11707,0.09206,0.52304,0.54966,-0.43750,0.48260,171.59600
0.09936,0.11697,0.09205,0.52310,0.54972,-0.43743,0.48252,171.69600
0.09937,0.11687,0.09203,0.52316,0.54979,-0.43736,0.48245,171.79600
0.09938,0.11677,0.09202,0.52321,0.54985,-0.43729,0.48238,171.89600
0.09939,0.11667,0.09200,0.52327,0.54991,-0.43722,0.48231,171.99600
0.09939,0.11657,0.09199,0.52333,0.54997,-0.43715,0.48224,172.09600
0.09940,0.11647,0.09198,0.52338,0.55004,-0.43709,0.48217,172.19600
0.09941,0.11637,0.09196,0.52344,0.55010,-0.43702,0.48209,172.29600
0.09942,0.11627,0.09195,0.52350,0.55016,-0.43695,0.48202,172.39600
0.09942,0.11618,0.09192,0.52356,0.55023,-0.43688,0.48195,172.49600
0.09943,0.11609,0.09191,0.52362,0.55029,-0.43681,0.48187,172.59600
0.09944,0.11599,0.09189,0.52367,0.55036,-0.43674,0.48180,172.69600
0.09945,0.11589,0.09188,0.52373,0.55042,-0.43667,0.48173,172.79600
0.09945,0.11579,0.09187,0.52379,0.55048,-0.43660,0.48166,172.89600
0.09946,0.11569,0.09185,0.52384,0.55054,-0.43653,0.48159,172.99600
0.09947,0.11559,0.09184,0.52390,0.55061,-0.43647,0.48152,173.09600
0.09947,0.11549,0.09182,0.52396,0.55067,-0.43640,0.48144,173.19600
0.09948,0.11539,0.09181,0.52401,0.55073,-0.43633,0.48137,173.29600
0.09949,0.11529,0.09179,0.52407,0.55080,-0.43626,0.48130,173.39600
0.09950,0.11520,0.09178,0.52413,0.55086,-0.43619,0.48123,173.49600
0.09950,0.11510,0.09175,0.52419,0.55092,-0.43612,0.48116,173.59600
0.09951,0.11500,0.09174,0.52424,0.55098,-0.43606,0.48108,173.69600
0.09952,0.11490,0.09172,0.52430,0.55105,-0.43599,0.48101,173.79600
0.09953,0.11480,0.09171,0.52436,0.55111,-0.43592,0.48094,173.89600
0.09953,0.11470,0.09169,0.52441,0.55117,-0.43585,0.48087,173.99600
0.09954,0.11460,0.09168,0.52447,0.55123,-0.43578,0.48080,174.09600
0.09955,0.11450,0.09166,0.52453,0.55130,-0.43571,0.48072,174.19600
0.09955,0.11440,0.09165,0.52458,0.55136,-0.43565,0.48065,174.29600
0.09956,0.11431,0.09163,0.52464,0.55142,-0.43558,0.48058,174.39600
0.09957,0.11421,0.09162,0.52470,0.55149,-0.43551,0.48051,174.49600
0.09958,0.11411,0.09159,0.52475,0.55155,-0.43544,0.48044,174.59600
0.09958,0.11401,0.09158,0.52481,0.55161,-0.43537,0.48037,174.69600
0.09959,0.11391,0.09156,0.52487,0.55167,-0.43530,0.48029,174.79600
0.09960,0.11382,0.09155,0.52492,0.55174,-0.43524,0.48022,174.89600
0.09961,0.11372,0.09153,0.52498,0.55180,-0.43517,0.48015,174.99600
0.09961,0.11362,0.09152,0.52504,0.55186,-0.43510,0.48008,175.09600
0.09962,0.11352,0.09150,0.52509,0.55192,-0.43503,0.48001,175.19600
0.09963,0.11343,0.09149,0.52515,0.55199,-0.43496,0.47993,175.29600
0.09963,0.11333,0.09147,0.52521,0.55205,-0.43489,0.47986,175.39600
0.09964,0.11323,0.09146,0.52526,0.55211,-0.43482,0.47979,175.49600
0.09965,0.11313,0.09144,0.52532,0.55217,-0.43476,0.47972,175.59600
0.09966,0.11303,0.09142,0.52538,0.55224,-0.43469,0.47965,175.69600
0.09966,0.11293,0.09140,0.52543,0.55230,-0.43462,0.47957,175.79600
0.09967,0.11283,0.09139,0.52549,0.55236,-0.43455,0.47950,175.89600
0.09968,0.11273,0.09137,0.52555,0.55242,-0.43448,0.47943,175.99600
0.09969,0.11264,0.09136,0.52560,0.55249,-0.43441,0.47936,176.09600
0.09969,0.11254,0.09134,0.52566,0.55255,-0.43435,0.47929,176.19600
0.09970,0.11244,0.09133,0.52572,0.55261,-0.43428,0.47921,176.29600
0.09971,0.11234,0.09131,0.52577,0.55267,-0.43421,0.47914,176.39600
0.09972,0.11224,0.09129,0.52583,0.55274,-0.43414,0.47907,176.49600
0.09972,0.11214,0.09128,0.52589,0.55280,-0.43407,0.47900,176.59600
0.09973,0.11204,0.09126,0.52594,0.55286,-0.43400,0.47893,176.69600
0.09974,0.11194,0.09124,0.52600,0.55292,-0.43393,0.47885,176.79600
0.09974,0.11184,0.09122,0.52606,0.55299,-0.43387,0.47878,176.89600
0.09975,0.11175,0.09121,0.52611,0.55305,-0.43380,0.47871,176.99600
0.09976,0.11165,0.09119,0.52617,0.55311,-0.43373,0.47864,177.09600
0.09977,0.11155,0.09118,0.52623,0.55317,-0.43366,0.47856,177.19600
0.09977,0.11146,0.09116,0.52628,0.55324,-0.43359,0.47849,177.29600
0.09978,0.11136,0.09114,0.52634,0.55330,-0.43352,0.47842,177.39600
0.09979,0.11126,0.09113,0.52640,0.55336,-0.43345,0.47835,177.49600
0.09980,0.11116,0.09111,0.52645,0.55342,-0.43339,0.47828,177.59600
0.09980,0.11106,0.09110,0.52651,0.55349,-0.43332,0.47820,177.69600
0.09981,0.11097,0.09108,0.52657,0.55355,-0.43325,0.47813,177.79600
0.09982,0.11087,0.09106,0.52662,0.55361,-0.43318,0.47806,177.89600
0.09982,0.11077,0.09104,0.52668,0.55367,-0.43311,0.47799,177.99600
0.09983,0.11067,0.09102,0.52673,0.55373,-0.43304,0.47792,178.09600
0.09984,0.11057,0.09101,0.52679,0.55380,-0.43297,0.47784,178.19600
0.09985,0.11047,0.09099,0.52685,0.55386,-0.43290,0.47777,178.29600
0.09985,0.11037,0.09098,0.52690,0.55392,-0.43284,0.47770,178.39600
0.09986,0.11027,0.09096,0.52696,0.55398,-0.43277,0.47763,178.49600
0.09987,0.11018,0.09094,0.52702,0.55405,-0.43269,0.47755,178.59600
0.09988,0.11008,0.09093,0.52708,0.55411,-0.43262,0.47748,178.69600
0.09988,0.10998,0.09091,0.52713,0.55418,-0.43256,0.47740,178.79600
0.09989,0.10988,0.09089,0.52719,0.55424,-0.43249,0.47733,178.89600
0.09990,0.10978,0.09087,0.52725,0.55430,-0.43242,0.47726,178.99600
0.09991,0.10968,0.09085,0.52730,0.55436,-0.43235,0.47719,179.09600
0.09991,0.10958,0.09084,0.52736,0.55442,-0.43228,0.47711,179.19600
0.09992,0.10949,0.09082,0.52742,0.55449,-0.43221,0.47704,179.29600
0.09993,0.10939,0.09080,0.52747,0.55455,-0.43214,0.47697,179.39600
0.09993,0.10929,0.09079,0.52753,0.55461,-0.43207,0.47690,179.49600
0.09994,0.10920,0.09077,0.52759,0.55467,-0.43201,0.47683,179.59600
0.09995,0.10910,0.09076,0.52764,0.55474,-0.43194,0.47675,179.69600
0.09996,0.10900,0.09074,0.52770,0.55480,-0.43187,0.47668,179.79600
0.09996,0.10890,0.09072,0.52775,0.55486,-0.43180,0.47661,179.89600
0.09997,0.10880,0.09070,0.52781,0.55492,-0.43173,0.47654,179.99600
0.09998,0.10871,0.09068,0.52787,0.55498,-0.43166,0.47646,180.09600
0.09999,0.10861,0.09066,0.52792,0.55505,-0.43159,0.47639,180.19600
0.09999,0.10851,0.09065,0.52798,0.55511,-0.43152,0.47632,180.29600
0.10000,0.10841,0.09063,0.52804,0.55517,-0.43145,0.47625,180.39600
0.10001,0.10831,0.09061,0.52809,0.55523,-0.43139,0.47617,180.49600
0.10002,0.10821,0.09060,0.52815,0.55529,-0.43132,0.47610,180.59600
0.10002,0.10811,0.09058,0.52820,0.55536,-0.43125,0.47603,180.69600
0.10003,0.10802,0.09057,0.52826,0.55541,-0.43118,0.47596,180.79600
0.10004,0.10792,0.09055,0.52831,0.55548,-0.43112,0.47589,180.89600
0.10004,0.10782,0.09053,0.52837,0.55554,-0.43105,0.47582,180.99600
0.10005,0.10772,0.09051,0.52843,0.55561,-0.43097,0.47574,181.09600
0.10006,0.10762,0.09049,0.52849,0.55567,-0.43090,0.47567,181.19600
0.10007,0.10752,0.09047,0.52854,0.55573,-0.43083,0.47559,181.29600
0.10007,0.10742,0.09046,0.52860,0.55579,-0.43076,0.47552,181.39600
0.10008,0.10733,0.09044,0.52865,0.55585,-0.43070,0.47545,181.49600
0.10009,0.10723,0.09042,0.52871,0.55592,-0.43063,0.47538,181.59600
0.10010,0.10713,0.09040,0.52877,0.55598,-0.43056,0.47530,181.69600
0.10010,0.10703,0.09039,0.52882,0.55604,-0.43049,0.47523,181.79600
0.10011,0.10694,0.09037,0.52888,0.55610,-0.43042,0.47516,181.89600
0.10012,0.10684,0.09035,0.52894,0.55616,-0.43035,0.47509,181.99600
0.10012,0.10674,0.09034,0.52899,0.55623,-0.43028,0.47501,182.09600
0.10013,0.10665,0.09031,0.52905,0.55629,-0.43021,0.47494,182.19600
0.10014,0.10655,0.09029,0.52910,0.55635,-0.43014,0.47487,182.29600
0.10015,0.10645,0.09028,0.52916,0.55641,-0.43008,0.47480,182.39600
0.10015,0.10635,0.09026,0.52922,0.55647,-0.43001,0.47472,182.49600
0.10016,0.10625,0.09024,0.52927,0.55654,-0.42994,0.47465,182.59600
0.10017,0.10615,0.09023,0.52933,0.55660,-0.42987,0.47458,182.69600
0.10018,0.10605,0.09021,0.52938,0.55666,-0.42980,0.47451,182.79600
0.10018,0.10596,0.09019,0.52944,0.55672,-0.42973,0.47443,182.89600
0.10019,0.10586,0.09017,0.52950,0.55678,-0.42966,0.47436,182.99600
0.10020,0.10576,0.09016,0.52955,0.55685,-0.42959,0.47429,183.09600
0.10021,0.10566,0.09014,0.52961,0.55691,-0.42952,0.47421,183.19600
0.10021,0.10556,0.09011,0.52966,0.55697,-0.42945,0.47414,183.29600
0.10022,0.10546,0.09010,0.52972,0.55703,-0.42938,0.47407,183.39600
0.10023,0.10536,0.09008,0.52978,0.55709,-0.42932,0.47400,183.49600
0.10023,0.10527,0.09006,0.52983,0.55715,-0.42925,0.47392,183.59600
0.10024,0.10517,0.09004,0.52989,0.55722,-0.42918,0.47385,183.69600
0.10025,0.10507,0.09003,0.52994,0.55728,-0.42911,0.47378,183.79600
0.10026,0.10497,0.09001,0.53000,0.55734,-0.42904,0.47371,183.89600
0.10026,0.10487,0.08999,0.53006,0.55740,-0.42897,0.47363,183.99600
0.10027,0.10477,0.08997,0.53011,0.55746,-0.42890,0.47356,184.09600
0.10028,0.10469,0.08996,0.53017,0.55752,-0.42883,0.47349,184.19600
0.10029,0.10459,0.08994,0.53023,0.55759,-0.42876,0.47341,184.29600
0.10029,0.10449,0.08991,0.53028,0.55765,-0.42869,0.47334,184.39600
0.10030,0.10439,0.08989,0.53034,0.55771,-0.42862,0.47327,184.49600
0.10031,0.10429,0.08988,0.53039,0.55777,-0.42855,0.47320,184.59600
0.10032,0.10419,0.08986,0.53045,0.55783,-0.42848,0.47312,184.69600
0.10032,0.10409,0.08984,0.53050,0.55790,-0.42842,0.47305,184.79600
0.10033,0.10400,0.08982,0.53056,0.55796,-0.42835,0.47298,184.89600
0.10034,0.10390,0.08981,0.53062,0.55802,-0.42828,0.47291,184.99600
0.10034,0.10380,0.08979,0.53067,0.55808,-0.42821,0.47283,185.09600
0.10035,0.10370,0.08977,0.53073,0.55814,-0.42814,0.47276,185.19600
0.10036,0.10360,0.08975,0.53078,0.55820,-0.42807,0.47269,185.29600
0.10037,0.10350,0.08973,0.53084,0.55827,-0.42800,0.47261,185.39600
0.10037,0.10341,0.08971,0.53090,0.55833,-0.42793,0.47254,185.49600
0.10038,0.10331,0.08969,0.53096,0.55839,-0.42786,0.47246,185.59600
0.10039,0.10321,0.08967,0.53101,0.55846,-0.42779,0.47239,185.69600
0.10040,0.10311,0.08965,0.53106,0.55851,-0.42772,0.47232,185.79600
0.10040,0.10301,0.08964,0.53112,0.55857,-0.42765,0.47225,185.89600
0.10041,0.10291,0.08962,0.53117,0.55864,-0.42758,0.47218,185.99600
0.10042,0.10282,0.08960,0.53123,0.55870,-0.42751,0.47210,186.09600
0.10042,0.10272,0.08958,0.53129,0.55876,-0.42745,0.47203,186.19600
0.10043,0.10262,0.08956,0.53134,0.55882,-0.42738,0.47196,186.29600
0.10044,0.10252,0.08955,0.53140,0.55888,-0.42731,0.47189,186.39600
0.10045,0.10243,0.08952,0.53145,0.55894,-0.42724,0.47181,186.49600
0.10045,0.10233,0.08950,0.53151,0.55901,-0.42717,0.47174,186.59600
0.10046,0.10224,0.08948,0.53157,0.55907,-0.42709,0.47166,186.69600
0.10047,0.10214,0.08946,0.53163,0.55913,-0.42702,0.47159,186.79600
0.10048,0.10204,0.08945,0.53168,0.55919,-0.42696,0.47152,186.89600
0.10048,0.10194,0.08943,0.53173,0.55925,-0.42689,0.47145,186.99600
0.10049,0.10184,0.08941,0.53179,0.55931,-0.42682,0.47137,187.09600
0.10050,0.10174,0.08939,0.53184,0.55938,-0.42675,0.47130,187.19600
0.10051,0.10165,0.08937,0.53190,0.55944,-0.42668,0.47123,187.29600
0.10051,0.10155,0.08935,0.53196,0.55950,-0.42661,0.47116,187.39600
0.10052,0.10145,0.08934,0.53201,0.55956,-0.42654,0.47108,187.49600
0.10053,0.10135,0.08931,0.53207,0.55962,-0.42647,0.47101,187.59600
0.10054,0.10125,0.08929,0.53213,0.55969,-0.42640,0.47093,187.69600
0.10054,0.10115,0.08927,0.53218,0.55975,-0.42633,0.47086,187.79600
0.10055,0.10106,0.08925,0.53223,0.55981,-0.42627,0.47079,187.89600
0.10056,0.10096,0.08923,0.53229,0.55987,-0.42620,0.47072,187.99600
0.10056,0.10086,0.08922,0.53234,0.55993,-0.42613,0.47064,188.09600
0.10057,0.10076,0.08920,0.53240,0.55999,-0.42606,0.47057,188.19600
0.10058,0.10066,0.08918,0.53246,0.56005,-0.42599,0.47050,188.29600
0.10059,0.10056,0.08916,0.53251,0.56011,-0.42592,0.47042,188.39600
0.10059,0.10047,0.08914,0.53257,0.56017,-0.42585,0.47035,188.49600
0.10060,0.10037,0.08912,0.53262,0.56024,-0.42578,0.47028,188.59600
0.10061,0.10028,0.08909,0.53268,0.56030,-0.42570,0.47020,188.69600
0.10062,0.10018,0.08908,0.53273,0.56036,-0.42564,0.47013,188.79600
0.10062,0.10008,0.08906,0.53279,0.56042,-0.42557,0.47006,188.89600
0.10063,0.09998,0.08904,0.53285,0.56048,-0.42550,0.46999,188.99600
0.10064,0.09989,0.08902,0.53290,0.56054,-0.42543,0.46991,189.09600
0.10064,0.09979,0.08900,0.53296,0.56060,-0.42536,0.46984,189.19600
0.10065,0.09969,0.08898,0.53301,0.56066,-0.42529,0.46977,189.29600
0.10066,0.09959,0.08896,0.53307,0.56073,-0.42522,0.46969,189.39600
0.10067,0.09949,0.08894,0.53312,0.56079,-0.42515,0.46962,189.49600
0.10067,0.09940,0.08893,0.53318,0.56085,-0.42508,0.46954,189.59600
0.10068,0.09930,0.08891,0.53323,0.56091,-0.42501,0.46947,189.69600
0.10069,0.09920,0.08888,0.53329,0.56097,-0.42494,0.46940,189.79600
0.10070,0.09910,0.08886,0.53334,0.56103,-0.42487,0.46933,189.89600
0.10070,0.09900,0.08884,0.53340,0.56109,-0.42480,0.46925,189.99600
0.10071,0.09890,0.08882,0.53346,0.56116,-0.42473,0.46918,190.09600
0.10072,0.09881,0.08880,0.53351,0.56122,-0.42467,0.46911,190.19600
0.10073,0.09871,0.08878,0.53357,0.56128,-0.42460,0.46903,190.29600
0.10073,0.09861,0.08876,0.53363,0.56134,-0.42452,0.46895,190.39600
0.10074,0.09851,0.08875,0.53368,0.56140,-0.42446,0.46889,190.49600
0.10075,0.09841,0.08873,0.53373,0.56146,-0.42439,0.46881,190.59600
0.10075,0.09832,0.08871,0.53379,0.56152,-0.42432,0.46874,190.69600
0.10076,0.09822,0.08869,0.53384,0.56158,-0.42425,0.46867,190.79600
0.10077,0.09813,0.08866,0.53390,0.56165,-0.42418,0.46859,190.89600
0.10078,0.09803,0.08864,0.53395,0.56171,-0.42411,0.46852,190.99600
0.10078,0.09793,0.08862,0.53401,0.56177,-0.42404,0.46845,191.09600
0.10079,0.09783,0.08860,0.53407,0.56183,-0.42396,0.46837,191.19600
0.10080,0.09774,0.08858,0.53412,0.56189,-0.42390,0.46830,191.29600
0.10081,0.09764,0.08856,0.53418,0.56195,-0.42383,0.46823,191.39600
0.10081,0.09754,0.08854,0.53423,0.56201,-0.42376,0.46815,191.49600
0.10082,0.09744,0.08852,0.53429,0.56207,-0.42369,0.46808,191.59600
0.10083,0.09734,0.08850,0.53434,0.56213,-0.42362,0.46801,191.69600
0.10084,0.09725,0.08849,0.53440,0.56220,-0.42355,0.46793,191.79600
0.10084,0.09715,0.08847,0.53445,0.56226,-0.42348,0.46786,191.89600
0.10085,0.09705,0.08844,0.53451,0.56232,-0.42341,0.46779,191.99600
0.10086,0.09695,0.08842,0.53456,0.56238,-0.42334,0.46771,192.09600
0.10087,0.09685,0.08840,0.53462,0.56244,-0.42327,0.46764,192.19600
0.10087,0.09676,0.08838,0.53467,0.56250,-0.42320,0.46757,192.29600
0.10088,0.09666,0.08836,0.53473,0.56256,-0.42313,0.46749,192.39600
0.10089,0.09656,0.08834,0.53478,0.56262,-0.42306,0.46742,192.49600
0.10089,0.09646,0.08832,0.53484,0.56268,-0.42299,0.46735,192.59600
0.10090,0.09636,0.08830,0.53490,0.56275,-0.42292,0.46727,192.69600
0.10091,0.09626,0.08828,0.53495,0.56281,-0.42285,0.46720,192.79600
0.10092,0.09617,0.08826,0.53501,0.56287,-0.42278,0.46712,192.89600
0.10092,0.09607,0.08824,0.53506,0.56293,-0.42271,0.46705,192.99600
0.10093,0.09598,0.08821,0.53512,0.56299,-0.42264,0.46698,193.09600
0.10094,0.09588,0.08819,0.53517,0.56305,-0.42257,0.46690,193.19600
0.10095,0.09578,0.08817,0.53522,0.56311,-0.42251,0.46684,193.29600
0.10095,0.09569,0.08815,0.53528,0.56317,-0.42243,0.46676,193.39600
0.10096,0.09559,0.08813,0.53534,0.56323,-0.42236,0.46668,193.49600
0.10097,0.09549,0.08811,0.53539,0.56329,-0.42229,0.46661,193.59600
0.10098,0.09539,0.08809,0.53545,0.56336,-0.42222,0.46654,193.69600
0.10098,0.09529,0.08807,0.53550,0.56342,-0.42215,0.46646,193.79600
0.10099,0.09520,0.08805,0.53556,0.56348,-0.42208,0.46639,193.89600
0.10100,0.09510,0.08803,0.53561,0.56353,-0.42202,0.46632,193.99600
0.10101,0.09500,0.08801,0.53567,0.56360,-0.42194,0.46624,194.09600
0.10101,0.09490,0.08798,0.53572,0.56366,-0.42187,0.46617,194.19600
0.10102,0.09480,0.08796,0.53578,0.56372,-0.42180,0.46609,194.29600
0.10103,0.09471,0.08794,0.53583,0.56378,-0.42173,0.46602,194.39600
0.10103,0.09461,0.08792,0.53589,0.56384,-0.42166,0.46595,194.49600
0.10104,0.09451,0.08790,0.53594,0.56390,-0.42160,0.46588,194.59600
0.10105,0.09441,0.08788,0.53600,0.56397,-0.42152,0.46580,194.69600
0.10106,0.09432,0.08786,0.53605,0.56403,-0.42145,0.46573,194.79600
0.10106,0.09422,0.08784,0.53611,0.56409,-0.42138,0.46565,194.89600
0.10107,0.09412,0.08782,0.53616,0.56415,-0.42131,0.46558,194.99600
0.10108,0.09402,0.08780,0.53622,0.56421,-0.42124,0.46550,195.09600
0.10109,0.09393,0.08777,0.53627,0.56426,-0.42118,0.46544,195.19600
0.10109,0.09384,0.08775,0.53632,0.56433,-0.42111,0.46536,195.29600
0.10110,0.09374,0.08773,0.53638,0.56439,-0.42103,0.46528,195.39600
0.10111,0.09364,0.08771,0.53644,0.56445,-0.42096,0.46521,195.49600
0.10112,0.09354,0.08769,0.53649,0.56451,-0.42089,0.46514,195.59600
0.10112,0.09344,0.08767,0.53655,0.56457,-0.42082,0.46506,195.69600
0.10113,0.09335,0.08765,0.53660,0.56463,-0.42076,0.46499,195.79600
0.10114,0.09325,0.08763,0.53665,0.56469,-0.42069,0.46492,195.89600
0.10114,0.09315,0.08761,0.53671,0.56476,-0.42061,0.46484,195.99600
0.10115,0.09305,0.08759,0.53677,0.56482,-0.42054,0.46477,196.09600
0.10116,0.09295,0.08757,0.53682,0.56488,-0.42047,0.46469,196.19600
0.10117,0.09286,0.08754,0.53687,0.56493,-0.42041,0.46462,196.29600
0.10117,0.09276,0.08752,0.53693,0.56499,-0.42034,0.46455,196.39600
0.10118,0.09266,0.08749,0.53698,0.56505,-0.42027,0.46448,196.49600
0.10119,0.09256,0.08747,0.53704,0.56512,-0.42019,0.46440,196.59600
0.10120,0.09247,0.08745,0.53710,0.56518,-0.42012,0.46432,196.69600
0.10120,0.09237,0.08743,0.53715,0.56524,-0.42005,0.46425,196.79600
0.10121,0.09227,0.08741,0.53720,0.56530,-0.41998,0.46418,196.89600
0.10122,0.09217,0.08739,0.53726,0.56536,-0.41991,0.46411,196.99600
0.10123,0.09207,0.08737,0.53731,0.56542,-0.41984,0.46403,197.09600
0.10123,0.09198,0.08735,0.53737,0.56548,-0.41977,0.46395,197.19600
0.10124,0.09189,0.08733,0.53743,0.56554,-0.41970,0.46388,197.29600
0.10125,0.09179,0.08730,0.53748,0.56560,-0.41963,0.46381,197.39600
0.10126,0.09169,0.08728,0.53753,0.56566,-0.41956,0.46374,197.49600
0.10126,0.09159,0.08726,0.53759,0.56572,-0.41949,0.46366,197.59600
0.10127,0.09150,0.08724,0.53764,0.56578,-0.41942,0.46359,197.69600
0.10128,0.09140,0.08721,0.53770,0.56585,-0.41935,0.46351,197.79600
0.10128,0.09130,0.08719,0.53775,0.56590,-0.41928,0.46344,197.89600
0.10129,0.09120,0.08717,0.53781,0.56596,-0.41921,0.46337,197.99600
0.10130,0.09111,0.08715,0.53786,0.56602,-0.41914,0.46329,198.09600
0.10131,0.09101,0.08713,0.53792,0.56608,-0.41907,0.46322,198.19600
0.10131,0.09091,0.08711,0.53798,0.56615,-0.41899,0.46314,198.29600
0.10132,0.09081,0.08709,0.53803,0.56621,-0.41893,0.46307,198.39600
0.10133,0.09071,0.08706,0.53808,0.56627,-0.41886,0.46300,198.49600
0.10134,0.09062,0.08704,0.53814,0.56633,-0.41879,0.46292,198.59600
0.10134,0.09052,0.08701,0.53819,0.56639,-0.41872,0.46285,198.69600
0.10135,0.09042,0.08699,0.53825,0.56645,-0.41865,0.46278,198.79600
0.10136,0.09032,0.08697,0.53830,0.56651,-0.41858,0.46270,198.89600
0.10137,0.09023,0.08695,0.53836,0.56657,-0.41851,0.46263,198.99600
0.10137,0.09013,0.08693,0.53841,0.56663,-0.41844,0.46255,199.09600
0.10138,0.09003,0.08691,0.53846,0.56669,-0.41837,0.46248,199.19600
0.10139,0.08993,0.08689,0.53852,0.56675,-0.41830,0.46241,199.29600
0.10139,0.08985,0.08687,0.53857,0.56681,-0.41823,0.46233,199.39600
0.10140,0.08975,0.08684,0.53863,0.56687,-0.41816,0.46226,199.49600
0.10141,0.08965,0.08681,0.53868,0.56693,-0.41809,0.46218,199.59600
0.10142,0.08955,0.08679,0.53874,0.56699,-0.41802,0.46211,199.69600
0.10142,0.08945,0.08677,0.53879,0.56705,-0.41795,0.46204,199.79600
0.10143,0.08936,0.08675,0.53885,0.56711,-0.41787,0.46196,199.89600
0.10144,0.08926,0.08673,0.53890,0.56717,-0.41780,0.46189,199.99600
0.10145,0.08916,0.08671,0.53896,0.56723,-0.41773,0.46181,200.09600
0.10145,0.08906,0.08668,0.53901,0.56729,-0.41766,0.46174,200.19600
0.10146,0.08897,0.08666,0.53906,0.56735,-0.41760,0.46167,200.29600
0.10147,0.08887,0.08664,0.53912,0.56742,-0.41752,0.46159,200.39600
0.10148,0.08877,0.08662,0.53917,0.56748,-0.41745,0.46152,200.49600
0.10148,0.08867,0.08660,0.53923,0.56754,-0.41738,0.46144,200.59600
0.10149,0.08858,0.08657,0.53928,0.56760,-0.41731,0.46137,200.69600
0.10150,0.08848,0.08654,0.53933,0.56765,-0.41724,0.46130,200.79600
0.10151,0.08838,0.08652,0.53939,0.56772,-0.41717,0.46122,200.89600
0.10151,0.08828,0.08650,0.53945,0.56778,-0.41710,0.46114,200.99600
0.10152,0.08819,0.08648,0.53950,0.56784,-0.41703,0.46107,201.09600
0.10153,0.08809,0.08646,0.53955,0.56789,-0.41696,0.46100,201.19600
0.10153,0.08799,0.08644,0.53961,0.56795,-0.41689,0.46093,201.29600
0.10154,0.08790,0.08641,0.53967,0.56802,-0.41682,0.46085,201.39600
0.10155,0.08781,0.08639,0.53972,0.56808,-0.41675,0.46077,201.49600
0.10156,0.08771,0.08637,0.53977,0.56813,-0.41668,0.46070,201.59600
0.10156,0.08761,0.08635,0.53983,0.56819,-0.41661,0.46063,201.69600
0.10157,0.08751,0.08632,0.53988,0.56825,-0.41654,0.46056,201.79600
0.10158,0.08741,0.08629,0.53994,0.56832,-0.41646,0.46048,201.89600
0.10159,0.08732,0.08627,0.53999,0.56838,-0.41639,0.46040,201.99600
0.10159,0.08722,0.08625,0.54004,0.56844,-0.41633,0.46033,202.09600
0.10160,0.08712,0.08623,0.54010,0.56850,-0.41626,0.46026,202.19600
0.10161,0.08702,0.08621,0.54015,0.56856,-0.41619,0.46018,202.29600
0.10162,0.08693,0.08618,0.54021,0.56862,-0.41611,0.46010,202.39600
0.10162,0.08683,0.08616,0.54026,0.56868,-0.41604,0.46004,202.49600
0.10163,0.08673,0.08614,0.54032,0.56874,-0.41597,0.45996,202.59600
0.10164,0.08663,0.08612,0.54037,0.56880,-0.41590,0.45989,202.69600
0.10164,0.08654,0.08610,0.54043,0.56886,-0.41583,0.45981,202.79600
0.10165,0.08644,0.08606,0.54048,0.56892,-0.41576,0.45974,202.89600
0.10166,0.08634,0.08604,0.54053,0.56898,-0.41569,0.45966,202.99600
0.10167,0.08624,0.08602,0.54059,0.56904,-0.41562,0.45959,203.09600
0.10167,0.08615,0.08600,0.54064,0.56910,-0.41555,0.45951,203.19600
0.10168,0.08605,0.08597,0.54070,0.56916,-0.41548,0.45944,203.29600
0.10169,0.08595,0.08595,0.54075,0.56922,-0.41541,0.45937,203.39600
0.10170,0.08586,0.08593,0.54080,0.56928,-0.41534,0.45929,203.49600
0.10170,0.08577,0.08591,0.54086,0.56934,-0.41527,0.45922,203.59600
0.10171,0.08567,0.08588,0.54091,0.56940,-0.41520,0.45914,203.69600
0.10172,0.08557,0.08586,0.54097,0.56946,-0.41512,0.45907,203.79600
0.10173,0.08547,0.08584,0.54102,0.56952,-0.41505,0.45899,203.89600
0.10173,0.08538,0.08581,0.54108,0.56958,-0.41498,0.45892,203.99600
0.10174,0.08528,0.08578,0.54113,0.56963,-0.41492,0.45885,204.09600
0.10175,0.08518,0.08576,0.54118,0.56970,-0.41484,0.45877,204.19600
0.10176,0.08509,0.08574,0.54124,0.56976,-0.41477,0.45869,204.29600
0.10176,0.08499,0.08572,0.54129,0.56982,-0.41470,0.45862,204.39600
0.10177,0.08489,0.08569,0.54134,0.56987,-0.41463,0.45855,204.49600
0.10178,0.08479,0.08567,0.54140,0.56994,-0.41456,0.45847,204.59600
0.10178,0.08470,0.08565,0.54146,0.57000,-0.41449,0.45840,204.69600
0.10179,0.08460,0.08563,0.54151,0.57006,-0.41442,0.45832,204.79600
0.10180,0.08450,0.08560,0.54156,0.57011,-0.41435,0.45825,204.89600
0.10181,0.08440,0.08558,0.54161,0.57017,-0.41428,0.45818,204.99600
0.10181,0.08431,0.08555,0.54167,0.57024,-0.41420,0.45810,205.09600
0.10182,0.08421,0.08552,0.54172,0.57029,-0.41414,0.45803,205.19600
0.10183,0.08411,0.08550,0.54178,0.57035,-0.41407,0.45795,205.29600
0.10184,0.08401,0.08548,0.54183,0.57041,-0.41400,0.45788,205.39600
0.10184,0.08393,0.08546,0.54189,0.57048,-0.41392,0.45780,205.49600
0.10185,0.08383,0.08543,0.54194,0.57053,-0.41385,0.45773,205.59600
0.10186,0.08373,0.08541,0.54199,0.57059,-0.41378,0.45766,205.69600
0.10187,0.08363,0.08539,0.54205,0.57065,-0.41371,0.45758,205.79600
0.10187,0.08354,0.08536,0.54211,0.57072,-0.41364,0.45750,205.89600
0.10188,0.08344,0.08534,0.54216,0.57077,-0.41357,0.45743,205.99600
0.10189,0.08334,0.08532,0.54221,0.57083,-0.41350,0.45736,206.09600
0.10190,0.08325,0.08529,0.54226,0.57089,-0.41343,0.45728,206.19600
0.10190,0.08315,0.08526,0.54232,0.57096,-0.41335,0.45720,206.29600
0.10191,0.08305,0.08524,0.54237,0.57101,-0.41329,0.45713,206.39600
0.10192,0.08295,0.08522,0.54243,0.57107,-0.41322,0.45706,206.49600
0.10193,0.08286,0.08519,0.54248,0.57113,-0.41315,0.45698,206.59600
0.10193,0.08276,0.08517,0.54254,0.57119,-0.41307,0.45691,206.69600
0.10194,0.08266,0.08515,0.54259,0.57125,-0.41300,0.45683,206.79600
0.10195,0.08256,0.08512,0.54264,0.57131,-0.41293,0.45676,206.89600
0.10195,0.08247,0.08510,0.54270,0.57137,-0.41286,0.45668,206.99600
0.10196,0.08237,0.08508,0.54275,0.57143,-0.41279,0.45661,207.09600
0.10197,0.08227,0.08505,0.54281,0.57149,-0.41272,0.45653,207.19600
0.10198,0.08218,0.08502,0.54286,0.57155,-0.41265,0.45646,207.29600
0.10198,0.08208,0.08500,0.54291,0.57161,-0.41258,0.45639,207.39600
0.10199,0.08199,0.08497,0.54297,0.57167,-0.41251,0.45631,207.49600
0.10200,0.08189,0.08495,0.54302,0.57173,-0.41244,0.45624,207.59600
0.10201,0.08180,0.08493,0.54307,0.57179,-0.41236,0.45616,207.69600
0.10201,0.08170,0.08490,0.54313,0.57184,-0.41230,0.45609,207.79600
0.10202,0.08160,0.08488,0.54318,0.57191,-0.41222,0.45601,207.89600
0.10203,0.08151,0.08486,0.54324,0.57197,-0.41215,0.45594,207.99600
0.10204,0.08141,0.08483,0.54329,0.57202,-0.41208,0.45587,208.09600
0.10204,0.08131,0.08481,0.54334,0.57208,-0.41201,0.45579,208.19600
0.10205,0.08121,0.08478,0.54340,0.57215,-0.41194,0.45571,208.29600
0.10206,0.08112,0.08475,0.54345,0.57220,-0.41187,0.45564,208.39600
0.10207,0.08102,0.08473,0.54350,0.57226,-0.41180,0.45557,208.49600
0.10207,0.08092,0.08470,0.54356,0.57232,-0.41173,0.45549,208.59600
0.10208,0.08082,0.08468,0.54361,0.57239,-0.41165,0.45541,208.69600
0.10209,0.08073,0.08466,0.54366,0.57244,-0.41159,0.45534,208.79600
0.10210,0.08063,0.08463,0.54372,0.57250,-0.41152,0.45527,208.89600
0.10210,0.08053,0.08461,0.54377,0.57256,-0.41144,0.45519,208.99600
0.10211,0.08044,0.08459,0.54383,0.57262,-0.41137,0.45512,209.09600
0.10212,0.08034,0.08456,0.54388,0.57268,-0.41130,0.45504,209.19600
0.10212,0.08024,0.08454,0.54393,0.57274,-0.41123,0.45497,209.29600
0.10213,0.08014,0.08451,0.54398,0.57279,-0.41116,0.45490,209.39600
0.10214,0.08006,0.08448,0.54404,0.57286,-0.41109,0.45482,209.49600
0.10215,0.07996,0.08446,0.54410,0.57292,-0.41102,0.45474,209.59600
0.10215,0.07986,0.08443,0.54415,0.57298,-0.41095,0.45467,209.69600
0.10216,0.07977,0.08441,0.54420,0.57304,-0.41087,0.45459,209.79600
0.10217,0.07967,0.08438,0.54426,0.57310,-0.41080,0.45452,209.89600
0.10218,0.07957,0.08436,0.54431,0.57316,-0.41073,0.45444,209.99600
0.10218,0.07948,0.08434,0.54436,0.57321,-0.41067,0.45437,210.09600
0.10219,0.07938,0.08431,0.54442,0.57327,-0.41059,0.45429,210.19600
0.10220,0.07928,0.08429,0.54447,0.57333,-0.41052,0.45422,210.29600
0.10221,0.07918,0.08426,0.54452,0.57339,-0.41045,0.45415,210.39600
0.10221,0.07909,0.08424,0.54458,0.57345,-0.41038,0.45407,210.49600
0.10222,0.07899,0.08420,0.54463,0.57351,-0.41030,0.45399,210.59600
0.10223,0.07889,0.08418,0.54468,0.57357,-0.41024,0.45392,210.69600
0.10223,0.07880,0.08416,0.54474,0.57363,-0.41017,0.45385,210.79600
0.10224,0.07870,0.08413,0.54479,0.57369,-0.41009,0.45377,210.89600
0.10225,0.07860,0.08411,0.54484,0.57375,-0.41002,0.45370,210.99600
0.10226,0.07851,0.08408,0.54490,0.57381,-0.40995,0.45362,211.09600
0.10226,0.07841,0.08406,0.54495,0.57386,-0.40988,0.45355,211.19600
0.10227,0.07831,0.08403,0.54501,0.57393,-0.40980,0.45347,211.29600
0.10228,0.07822,0.08401,0.54506,0.57398,-0.40974,0.45340,211.39600
0.10229,0.07813,0.08399,0.54511,0.57404,-0.40967,0.45332,211.49600
0.10229,0.07803,0.08396,0.54517,0.57410,-0.40960,0.45325,211.59600
0.10230,0.07793,0.08393,0.54522,0.57416,-0.40952,0.45317,211.69600
0.10231,0.07784,0.08390,0.54527,0.57422,-0.40945,0.45310,211.79600
0.10232,0.07774,0.08388,0.54533,0.57428,-0.40938,0.45302,211.89600
0.10232,0.07764,0.08385,0.54538,0.57434,-0.40931,0.45294,211.99600
0.10233,0.07755,0.08383,0.54543,0.57440,-0.40924,0.45287,212.09600
0.10234,0.07745,0.08380,0.54549,0.57446,-0.40917,0.45280,212.19600
0.10235,0.07735,0.08378,0.54554,0.57451,-0.40910,0.45273,212.29600
0.10235,0.07725,0.08376,0.54560,0.57458,-0.40902,0.45264,212.39600
0.10236,0.07716,0.08373,0.54565,0.57464,-0.40895,0.45257,212.49600
0.10237,0.07706,0.08371,0.54570,0.57469,-0.40889,0.45250,212.59600
0.10238,0.07696,0.08368,0.54576,0.57475,-0.40881,0.45242,212.69600
0.10238,0.07687,0.08365,0.54581,0.57481,-0.40874,0.45234,212.79600
0.10239,0.07677,0.08362,0.54586,0.57487,-0.40867,0.45227,212.89600
0.10240,0.07667,0.08360,0.54591,0.57493,-0.40860,0.45220,212.99600
0.10240,0.07658,0.08357,0.54597,0.57499,-0.40852,0.45212,213.09600
0.10241,0.07648,0.08355,0.54602,0.57505,-0.40846,0.45205,213.19600
0.10242,0.07638,0.08352,0.54607,0.57511,-0.40839,0.45197,213.29600
0.10243,0.07630,0.08350,0.54613,0.57517,-0.40831,0.45190,213.39600
0.10243,0.07620,0.08347,0.54618,0.57522,-0.40824,0.45182,213.49600
0.10244,0.07610,0.08345,0.54623,0.57528,-0.40817,0.45175,213.59600
0.10245,0.07601,0.08342,0.54629,0.57534,-0.40810,0.45167,213.69600
0.10246,0.07591,0.08340,0.54634,0.57540,-0.40803,0.45159,213.79600
0.10246,0.07581,0.08336,0.54639,0.57546,-0.40796,0.45152,213.89600
0.10247,0.07571,0.08334,0.54644,0.57552,-0.40789,0.45145,213.99600
0.10248,0.07562,0.08331,0.54650,0.57558,-0.40781,0.45137,214.09600
0.10249,0.07552,0.08329,0.54655,0.57564,-0.40774,0.45129,214.19600
0.10249,0.07542,0.08326,0.54660,0.57569,-0.40768,0.45122,214.29600
0.10250,0.07533,0.08324,0.54666,0.57576,-0.40760,0.45114,214.39600
0.10251,0.07523,0.08321,0.54671,0.57582,-0.40753,0.45107,214.49600
0.10252,0.07513,0.08319,0.54676,0.57587,-0.40746,0.45100,214.59600
0.10252,0.07504,0.08316,0.54682,0.57593,-0.40738,0.45092,214.69600
0.10253,0.07494,0.08314,0.54687,0.57599,-0.40731,0.45084,214.79600
0.10254,0.07484,0.08311,0.54692,0.57605,-0.40725,0.45077,214.89600
0.10255,0.07475,0.08308,0.54698,0.57611,-0.40717,0.45070,214.99600
0.10255,0.07465,0.08305,0.54703,0.57617,-0.40710,0.45061,215.09600
0.10256,0.07455,0.08302,0.54708,0.57622,-0.40703,0.45054,215.19600
0.10257,0.07447,0.08300,0.54714,0.57628,-0.40696,0.45047,215.29600
0.10258,0.07437,0.08297,0.54719,0.57634,-0.40689,0.45039,215.39600
0.10258,0.07427,0.08295,0.54724,0.57640,-0.40682,0.45032,215.49600
0.10259,0.07418,0.08292,0.54730,0.57646,-0.40674,0.45024,215.59600
0.10260,0.07408,0.08290,0.54735,0.57652,-0.40667,0.45017,215.69600
0.10260,0.07398,0.08287,0.54740,0.57658,-0.40660,0.45009,215.79600
0.10261,0.07389,0.08285,0.54746,0.57664,-0.40653,0.45002,215.89600
0.10262,0.07379,0.08282,0.54751,0.57670,-0.40646,0.44994,215.99600
0.10263,0.07369,0.08279,0.54756,0.57676,-0.40638,0.44986,216.09600
0.10263,0.07360,0.08276,0.54762,0.57681,-0.40631,0.44979,216.19600
0.10264,0.07350,0.08273,0.54767,0.57687,-0.40624,0.44971,216.29600
0.10265,0.07340,0.08271,0.54772,0.57693,-0.40617,0.44964,216.39600
0.10266,0.07331,0.08268,0.54777,0.57699,-0.40610,0.44957,216.49600
0.10266,0.07321,0.08266,0.54783,0.57705,-0.40603,0.44949,216.59600
0.10267,0.07311,0.08263,0.54788,0.57711,-0.40595,0.44941,216.69600
0.10268,0.07302,0.08261,0.54793,0.57716,-0.40589,0.44934,216.79600
0.10269,0.07292,0.08258,0.54799,0.57722,-0.40582,0.44927,216.89600
0.10269,0.07282,0.08255,0.54804,0.57729,-0.40574,0.44918,216.99600
0.10270,0.07273,0.08253,0.54809,0.57734,-0.40567,0.44911,217.09600
0.10271,0.07264,0.08249,0.54814,0.57740,-0.40560,0.44904,217.19600
0.10272,0.07254,0.08247,0.54820,0.57746,-0.40553,0.44896,217.29600
0.10272,0.07245,0.08244,0.54825,0.57752,-0.40546,0.44889,217.39600
0.10273,0.07235,0.08241,0.54830,0.57758,-0.40539,0.44881,217.49600
0.10274,0.07225,0.08239,0.54836,0.57764,-0.40531,0.44873,217.59600
0.10274,0.07216,0.08236,0.54841,0.57769,-0.40524,0.44866,217.69600
0.10275,0.07206,0.08234,0.54846,0.57775,-0.40517,0.44859,217.79600
0.10276,0.07196,0.08231,0.54852,0.57781,-0.40510,0.44851,217.89600
0.10277,0.07187,0.08228,0.54857,0.57787,-0.40503,0.44843,217.99600
0.10277,0.07177,0.08226,0.54862,0.57792,-0.40496,0.44836,218.09600
0.10278,0.07167,0.08223,0.54868,0.57799,-0.40488,0.44828,218.19600
0.10279,0.07158,0.08221,0.54873,0.57805,-0.40481,0.44820,218.29600
0.10280,0.07148,0.08217,0.54878,0.57810,-0.40474,0.44813,218.39600
0.10280,0.07139,0.08214,0.54884,0.57816,-0.40467,0.44805,218.49600
0.10281,0.07129,0.08212,0.54888,0.57822,-0.40460,0.44798,218.59600
0.10282,0.07119,0.08209,0.54894,0.57828,-0.40453,0.44791,218.69600
0.10283,0.07110,0.08207,0.54899,0.57834,-0.40445,0.44783,218.79600
0.10283,0.07100,0.08204,0.54904,0.57839,-0.40438,0.44776,218.89600
0.10284,0.07091,0.08201,0.54910,0.57845,-0.40431,0.44768,218.99600
0.10285,0.07082,0.08199,0.54915,0.57851,-0.40424,0.44760,219.09600
0.10286,0.07072,0.08196,0.54920,0.57857,-0.40417,0.44753,219.19600
0.10286,0.07062,0.08193,0.54926,0.57863,-0.40410,0.44745,219.29600
0.10287,0.07053,0.08191,0.54931,0.57869,-0.40402,0.44738,219.39600
0.10288,0.07043,0.08187,0.54936,0.57875,-0.40395,0.44730,219.49600
0.10289,0.07033,0.08184,0.54941,0.57880,-0.40388,0.44723,219.59600
0.10289,0.07024,0.08182,0.54947,0.57886,-0.40381,0.44715,219.69600
0.10290,0.07014,0.08179,0.54952,0.57892,-0.40373,0.44707,219.79600
0.10291,0.07004,0.08176,0.54957,0.57898,-0.40367,0.44700,219.89600
0.10291,0.06995,0.08174,0.54963,0.57904,-0.40359,0.44692,219.99600
0.10292,0.06985,0.08171,0.54968,0.57909,-0.40352,0.44685,220.09600
0.10293,0.06976,0.08169,0.54973,0.57915,-0.40345,0.44677,220.19600
0.10294,0.06966,0.08166,0.54979,0.57922,-0.40337,0.44669,220.29600
0.10294,0.06956,0.08163,0.54983,0.57927,-0.40331,0.44662,220.39600
0.10295,0.06947,0.08161,0.54989,0.57933,-0.40324,0.44655,220.49600
0.10296,0.06937,0.08157,0.54994,0.57939,-0.40316,0.44647,220.59600
0.10297,0.06927,0.08154,0.54999,0.57945,-0.40309,0.44639,220.69600
0.10297,0.06918,0.08151,0.55005,0.57951,-0.40302,0.44632,220.79600
0.10298,0.06909,0.08149,0.55010,0.57956,-0.40295,0.44624,220.89600
0.10299,0.06899,0.08146,0.55015,0.57962,-0.40287,0.44617,220.99600
0.10300,0.06890,0.08143,0.55020,0.57968,-0.40280,0.44609,221.09600
0.10300,0.06880,0.08141,0.55026,0.57974,-0.40273,0.44601,221.19600
0.10301,0.06871,0.08138,0.55031,0.57979,-0.40266,0.44594,221.29600
0.10302,0.06861,0.08135,0.55036,0.57986,-0.40259,0.44586,221.39600
0.10303,0.06851,0.08133,0.55042,0.57991,-0.40251,0.44579,221.49600
0.10303,0.06842,0.08130,0.55046,0.57997,-0.40245,0.44572,221.59600
0.10304,0.06832,0.08126,0.55052,0.58003,-0.40237,0.44563,221.69600
0.10305,0.06822,0.08124,0.55057,0.58009,-0.40230,0.44556,221.79600
0.10306,0.06813,0.08121,0.55062,0.58014,-0.40223,0.44549,221.89600
0.10306,0.06803,0.08118,0.55068,0.58020,-0.40216,0.44541,221.99600
0.10307,0.06794,0.08115,0.55073,0.58026,-0.40209,0.44533,222.09600
0.10308,0.06784,0.08113,0.55078,0.58032,-0.40201,0.44526,222.19600
0.10309,0.06774,0.08110,0.55083,0.58038,-0.40194,0.44518,222.29600
0.10309,0.06765,0.08107,0.55089,0.58044,-0.40187,0.44511,222.39600
0.10310,0.06755,0.08105,0.55094,0.58049,-0.40180,0.44503,222.49600
0.10311,0.06745,0.08102,0.55099,0.58055,-0.40172,0.44495,222.59600
0.10311,0.06736,0.08099,0.55104,0.58061,-0.40166,0.44488,222.69600
0.10312,0.06727,0.08095,0.55110,0.58067,-0.40158,0.44480,222.79600
0.10313,0.06718,0.08093,0.55115,0.58073,-0.40151,0.44473,222.89600
0.10314,0.06708,0.08090,0.55120,0.58078,-0.40144,0.44466,222.99600
0.10314,0.06698,0.08087,0.55126,0.58084,-0.40136,0.44457,223.09600
0.10315,0.06689,0.08084,0.55130,0.58090,-0.40130,0.44450,223.19600
0.10316,0.06679,0.08082,0.55136,0.58096,-0.40122,0.44443,223.29600
0.10317,0.06669,0.08079,0.55141,0.58102,-0.40115,0.44435,223.39600
0.10317,0.06660,0.08076,0.55146,0.58107,-0.40108,0.44427,223.49600
0.10318,0.06650,0.08074,0.55152,0.58113,-0.40101,0.44420,223.59600
0.10319,0.06641,0.08071,0.55157,0.58119,-0.40093,0.44412,223.69600
0.10320,0.06631,0.08068,0.55162,0.58125,-0.40086,0.44405,223.79600
0.10320,0.06621,0.08064,0.55167,0.58131,-0.40079,0.44397,223.89600
0.10321,0.06612,0.08062,0.55173,0.58136,-0.40072,0.44389,223.99600
0.10322,0.06602,0.08059,0.55177,0.58142,-0.40065,0.44382,224.09600
0.10323,0.06593,0.08056,0.55183,0.58148,-0.40057,0.44374,224.19600
0.10323,0.06583,0.08053,0.55188,0.58154,-0.40050,0.44367,224.29600
0.10324,0.06573,0.08050,0.55194,0.58160,-0.40043,0.44359,224.39600
0.10325,0.06564,0.08048,0.55198,0.58165,-0.40036,0.44352,224.49600
0.10326,0.06555,0.08045,0.55204,0.58171,-0.40029,0.44344,224.59600
0.10326,0.06546,0.08042,0.55209,0.58177,-0.40021,0.44336,224.69600
0.10327,0.06536,0.08039,0.55214,0.58183,-0.40014,0.44329,224.79600
0.10328,0.06526,0.08037,0.55219,0.58188,-0.40007,0.44321,224.89600
0.10328,0.06517,0.08033,0.55225,0.58194,-0.40000,0.44313,224.99600
0.10329,0.06507,0.08030,0.55230,0.58200,-0.39992,0.44306,225.09600
0.10330,0.06497,0.08027,0.55235,0.58206,-0.39985,0.44298,225.19600
0.10331,0.06488,0.08024,0.55240,0.58212,-0.39978,0.44291,225.29600
0.10331,0.06478,0.08022,0.55245,0.58217,-0.39971,0.44283,225.39600
0.10332,0.06469,0.08019,0.55251,0.58223,-0.39963,0.44275,225.49600
0.10333,0.06459,0.08016,0.55256,0.58229,-0.39957,0.44268,225.59600
0.10334,0.06449,0.08013,0.55261,0.58235,-0.39949,0.44260,225.69600
0.10334,0.06440,0.08010,0.55267,0.58241,-0.39942,0.44252,225.79600
0.10335,0.06430,0.08008,0.55272,0.58246,-0.39935,0.44245,225.89600
0.10336,0.06421,0.08005,0.55277,0.58252,-0.39927,0.44237,225.99600
0.10337,0.06411,0.08001,0.55282,0.58258,-0.39920,0.44230,226.09600
0.10337,0.06401,0.07998,0.55287,0.58264,-0.39913,0.44222,226.19600
0.10338,0.06392,0.07995,0.55293,0.58269,-0.39906,0.44215,226.29600
0.10339,0.06383,0.07993,0.55298,0.58275,-0.39899,0.44207,226.39600
0.10340,0.06374,0.07990,0.55303,0.58281,-0.39891,0.44199,226.49600
0.10340,0.06364,0.07987,0.55308,0.58287,-0.39884,0.44192,226.59600
0.10341,0.06355,0.07984,0.55313,0.58292,-0.39877,0.44185,226.69600
0.10342,0.06345,0.07981,0.55319,0.58298,-0.39870,0.44176,226.79600
0.10343,0.06335,0.07978,0.55324,0.58304,-0.39863,0.44169,226.89600
0.10343,0.06326,0.07976,0.55329,0.58310,-0.39855,0.44161,226.99600
0.10344,0.06316,0.07973,0.55334,0.58315,-0.39848,0.44154,227.09600
0.10345,0.06307,0.07970,0.55339,0.58321,-0.39841,0.44146,227.19600
0.10345,0.06297,0.07966,0.55345,0.58327,-0.39834,0.44139,227.29600
0.10346,0.06287,0.07963,0.55350,0.58333,-0.39827,0.44131,227.39600
0.10347,0.06278,0.07960,0.55355,0.58339,-0.39819,0.44123,227.49600
0.10348,0.06268,0.07958,0.55360,0.58344,-0.39812,0.44116,227.59600
0.10348,0.06259,0.07955,0.55365,0.58350,-0.39805,0.44108,227.69600
0.10349,0.06249,0.07952,0.55371,0.58356,-0.39797,0.44100,227.79600
0.10350,0.06239,0.07949,0.55376,0.58362,-0.39790,0.44093,227.89600
0.10351,0.06230,0.07946,0.55381,0.58368,-0.39783,0.44085,227.99600
0.10351,0.06220,0.07943,0.55386,0.58373,-0.39776,0.44077,228.09600
0.10352,0.06212,0.07940,0.55391,0.58379,-0.39769,0.44070,228.19600
0.10353,0.06202,0.07938,0.55397,0.58385,-0.39761,0.44062,228.29600
0.10354,0.06193,0.07934,0.55402,0.58390,-0.39754,0.44055,228.39600
0.10354,0.06183,0.07931,0.55407,0.58396,-0.39747,0.44047,228.49600
0.10355,0.06173,0.07928,0.55412,0.58402,-0.39740,0.44040,228.59600
0.10356,0.06164,0.07925,0.55417,0.58408,-0.39733,0.44032,228.69600
0.10357,0.06154,0.07922,0.55423,0.58413,-0.39725,0.44024,228.79600
0.10357,0.06145,0.07919,0.55428,0.58419,-0.39718,0.44017,228.89600
0.10358,0.06135,0.07916,0.55433,0.58425,-0.39711,0.44009,228.99600
0.10359,0.06126,0.07914,0.55438,0.58431,-0.39703,0.44001,229.09600
0.10360,0.06116,0.07911,0.55443,0.58436,-0.39697,0.43994,229.19600
0.10360,0.06106,0.07908,0.55449,0.58442,-0.39689,0.43986,229.29600
0.10361,0.06097,0.07905,0.55453,0.58448,-0.39682,0.43979,229.39600
0.10362,0.06087,0.07901,0.55459,0.58454,-0.39674,0.43970,229.49600
0.10362,0.06078,0.07898,0.55464,0.58459,-0.39668,0.43963,229.59600
0.10363,0.06068,0.07895,0.55469,0.58465,-0.39660,0.43955,229.69600
0.10364,0.06059,0.07892,0.55474,0.58471,-0.39653,0.43948,229.79600
0.10365,0.06049,0.07889,0.55479,0.58476,-0.39646,0.43940,229.89600
0.10365,0.06040,0.07887,0.55485,0.58482,-0.39638,0.43933,229.99600
0.10366,0.06031,0.07884,0.55490,0.58488,-0.39631,0.43925,230.09600
0.10367,0.06021,0.07881,0.55495,0.58494,-0.39624,0.43917,230.19600
0.10368,0.06012,0.07878,0.55500,0.58500,-0.39617,0.43910,230.29600
0.10368,0.06002,0.07875,0.55505,0.58505,-0.39610,0.43902,230.39600
0.10369,0.05993,0.07872,0.55511,0.58511,-0.39602,0.43894,230.49600
0.10370,0.05983,0.07868,0.55516,0.58516,-0.39595,0.43887,230.59600
0.10371,0.05973,0.07865,0.55521,0.58523,-0.39587,0.43879,230.69600
0.10371,0.05964,0.07862,0.55526,0.58528,-0.39581,0.43872,230.79600
0.10372,0.05954,0.07859,0.55532,0.58534,-0.39573,0.43863,230.89600
0.10373,0.05945,0.07856,0.55536,0.58540,-0.39566,0.43856,230.99600
0.10374,0.05935,0.07853,0.55541,0.58545,-0.39559,0.43849,231.09600
0.10374,0.05926,0.07850,0.55547,0.58551,-0.39551,0.43841,231.19600
0.10375,0.05916,0.07848,0.55552,0.58557,-0.39544,0.43833,231.29600
0.10376,0.05907,0.07845,0.55557,0.58563,-0.39537,0.43825,231.39600
0.10377,0.05897,0.07842,0.55562,0.58568,-0.39529,0.43818,231.49600
0.10377,0.05887,0.07839,0.55568,0.58574,-0.39522,0.43810,231.59600
0.10378,0.05878,0.07836,0.55573,0.58580,-0.39515,0.43802,231.69600
0.10379,0.05869,0.07832,0.55577,0.58585,-0.39508,0.43795,231.79600
0.10379,0.05860,0.07829,0.55583,0.58591,-0.39500,0.43787,231.89600
0.10380,0.05850,0.07826,0.55588,0.58597,-0.39493,0.43780,231.99600
0.10381,0.05841,0.07823,0.55593,0.58603,-0.39486,0.43772,232.09600
0.10382,0.05831,0.07820,0.55598,0.58608,-0.39479,0.43764,232.19600
0.10382,0.05822,0.07817,0.55604,0.58614,-0.39471,0.43757,232.29600
0.10383,0.05812,0.07814,0.55609,0.58620,-0.39464,0.43749,232.39600
0.10384,0.05802,0.07811,0.55613,0.58625,-0.39457,0.43742,232.49600
0.10385,0.05793,0.07808,0.55619,0.58631,-0.39450,0.43734,232.59600
0.10385,0.05783,0.07805,0.55624,0.58637,-0.39443,0.43727,232.69600
0.10386,0.05774,0.07802,0.55629,0.58643,-0.39435,0.43718,232.79600
0.10387,0.05765,0.07798,0.55634,0.58648,-0.39428,0.43711,232.89200
0.10388,0.05756,0.07796,0.55639,0.58653,-0.39421,0.43704,232.98400
0.10388,0.05747,0.07793,0.55643,0.58658,-0.39415,0.43697,233.07200
0.10389,0.05739,0.07790,0.55647,0.58663,-0.39410,0.43692,233.15600
0.10389,0.05732,0.07788,0.55652,0.58667,-0.39404,0.43685,233.23600
0.10390,0.05725,0.07786,0.55656,0.58672,-0.39398,0.43679,233.31200
0.10390,0.05718,0.07784,0.55659,0.58676,-0.39393,0.43674,233.38400
0.10391,0.05711,0.07782,0.55663,0.58680,-0.39388,0.43668,233.45200
0.10391,0.05706,0.07780,0.55666,0.58683,-0.39383,0.43664,233.51600
0.10392,0.05700,0.07778,0.55669,0.58687,-0.39379,0.43659,233.57600
0.10392,0.05695,0.07776,0.55672,0.58690,-0.39375,0.43655,233.63200
0.10393,0.05690,0.07775,0.55675,0.58693,-0.39371,0.43651,233.68400
0.10393,0.05685,0.07773,0.55677,0.58696,-0.39367,0.43647,233.73200
0.10393,0.05681,0.07772,0.55680,0.58698,-0.39364,0.43643,233.77600
0.10394,0.05677,0.07771,0.55682,0.58701,-0.39361,0.43640,233.81600
0.10394,0.05674,0.07770,0.55683,0.58702,-0.39359,0.43638,233.85200
0.10394,0.05671,0.07769,0.55685,0.58705,-0.39356,0.43635,233.88400
0.10394,0.05668,0.07768,0.55687,0.58706,-0.39354,0.43633,233.91200
0.10395,0.05666,0.07767,0.55688,0.58708,-0.39352,0.43631,233.93600
0.10395,0.05664,0.07765,0.55689,0.58709,-0.39351,0.43630,233.95600
0.10395,0.05663,0.07765,0.55690,0.58709,-0.39350,0.43629,233.97200
0.10395,0.05661,0.07765,0.55690,0.58710,-0.39349,0.43627,233.98400
0.10395,0.05661,0.07764,0.55691,0.58711,-0.39348,0.43627,233.99200
0.10395,0.05660,0.07764,0.55691,0.58711,-0.39348,0.43627,233.99600
0.10395,0.05660,0.07764,0.55691,0.58711,-0.39348,0.43627,233.99600
0.10395,0.05661,0.07764,0.55691,0.58711,-0.39348,0.43627,234.00000
