x,y,z,qx,qy,qz,qw,u
0.25520,0.44555,0.14145,-0.43447,-0.51747,0.56061,-0.47872,0.00000
0.25520,0.44554,0.14145,-0.43449,-0.51746,0.56059,-0.47874,0.00804
0.25520,0.44553,0.14145,-0.43451,-0.51744,0.56058,-0.47876,0.02010
0.25520,0.44551,0.14145,-0.43454,-0.51742,0.56056,-0.47878,0.03619
0.25520,0.44549,0.14146,-0.43455,-0.51741,0.56054,-0.47880,0.05629
0.25520,0.44547,0.14146,-0.43457,-0.51739,0.56053,-0.47882,0.08042
0.25520,0.44544,0.14146,-0.43458,-0.51738,0.56050,-0.47885,0.10857
0.25520,0.44541,0.14146,-0.43461,-0.51736,0.56049,-0.47887,0.14073
0.25520,0.44537,0.14147,-0.43463,-0.51734,0.56047,-0.47889,0.17692
0.25520,0.44533,0.14146,-0.43465,-0.51733,0.56045,-0.47891,0.21713
0.25520,0.44529,0.14147,-0.43467,-0.51731,0.56044,-0.47893,0.26136
0.25520,0.44524,0.14147,-0.43469,-0.51729,0.56042,-0.47895,0.30961
0.25521,0.44519,0.14148,-0.43471,-0.51728,0.56040,-0.47897,0.36188
0.25521,0.44513,0.14148,-0.43473,-0.51726,0.56038,-0.47899,0.41818
0.25521,0.44507,0.14149,-0.43475,-0.51725,0.56035,-0.47901,0.47849
0.25521,0.44501,0.14150,-0.43477,-0.51723,0.56034,-0.47903,0.54283
0.25521,0.44494,0.14150,-0.43479,-0.51721,0.56033,-0.47905,0.61118
0.25521,0.44487,0.14151,-0.43481,-0.51720,0.56030,-0.47907,0.68356
0.25521,0.44479,0.14152,-0.43483,-0.51718,0.56029,-0.47909,0.75996
0.25521,0.44470,0.14153,-0.43485,-0.51717,0.56026,-0.47911,0.84038
0.25521,0.44462,0.14152,-0.43487,-0.51715,0.56025,-0.47913,0.92481
0.25521,0.44453,0.14153,-0.43489,-0.51712,0.56023,-0.47916,1.01328
0.25521,0.44444,0.14154,-0.43491,-0.51711,0.56021,-0.47918,1.10576
0.25521,0.44434,0.14155,-0.43493,-0.51710,0.56019,-0.47920,1.20226
0.25521,0.44424,0.14156,-0.43495,-0.51708,0.56017,-0.47922,1.30278
0.25521,0.44414,0.14157,-0.43497,-0.51707,0.56015,-0.47924,1.40331
0.25521,0.44404,0.14158,-0.43499,-0.51706,0.56013,-0.47926,1.50383
0.25522,0.44394,0.14158,-0.43501,-0.51704,0.56012,-0.47928,1.60435
0.25522,0.44384,0.14159,-0.43503,-0.51702,0.56010,-0.47930,1.70487
0.25522,0.44374,0.14160,-0.43505,-0.51700,0.56008,-0.47932,1.80540
0.25522,0.44364,0.14161,-0.43507,-0.51699,0.56006,-0.47934,1.90592
0.25522,0.44354,0.14162,-0.43509,-0.51698,0.56004,-0.47936,2.00644
0.25522,0.44344,0.14164,-0.43511,-0.51695,0.56002,-0.47939,2.10697
0.25522,0.44334,0.14164,-0.43513,-0.51694,0.56000,-0.47941,2.20749
0.25522,0.44324,0.14165,-0.43515,-0.51692,0.55998,-0.47943,2.30801
0.25522,0.44314,0.14166,-0.43517,-0.51691,0.55996,-0.47945,2.40854
0.25522,0.44304,0.14167,-0.43519,-0.51690,0.55994,-0.47947,2.50906
0.25522,0.44294,0.14168,-0.43521,-0.51688,0.55992,-0.47949,2.60958
0.25522,0.44284,0.14169,-0.43523,-0.51687,0.55991,-0.47951,2.71010
0.25523,0.44274,0.14170,-0.43525,-0.51686,0.55988,-0.47953,2.81063
0.25523,0.44264,0.14170,-0.43527,-0.51683,0.55987,-0.47955,2.91115
0.25523,0.44254,0.14171,-0.43529,-0.51682,0.55985,-0.47957,3.01167
0.25523,0.44244,0.14172,-0.43531,-0.51681,0.55983,-0.47958,3.11219
0.25523,0.44234,0.14173,-0.43533,-0.51679,0.55981,-0.47961,3.21272
0.25523,0.44224,0.14174,-0.43535,-0.51678,0.55979,-0.47962,3.31324
0.25523,0.44214,0.14175,-0.43537,-0.51676,0.55977,-0.47965,3.41376
0.25523,0.44204,0.14176,-0.43540,-0.51675,0.55975,-0.47966,3.51428
0.25523,0.44194,0.14176,-0.43542,-0.51673,0.55973,-0.47968,3.61480
0.25523,0.44184,0.14177,-0.43544,-0.51672,0.55971,-0.47970,3.71533
0.25523,0.44174,0.14178,-0.43546,-0.51670,0.55969,-0.47972,3.81585
0.25523,0.44164,0.14179,-0.43548,-0.51669,0.55967,-0.47974,3.91637
0.25524,0.44154,0.14180,-0.43550,-0.51668,0.55965,-0.47976,4.01689
0.25524,0.44144,0.14181,-0.43552,-0.51666,0.55963,-0.47978,4.11741
0.25524,0.44134,0.14181,-0.43554,-0.51665,0.55961,-0.47980,4.21794
0.25524,0.44124,0.14182,-0.43556,-0.51663,0.55959,-0.47982,4.31846
0.25524,0.44114,0.14183,-0.43559,-0.51662,0.55957,-0.47984,4.41898
0.25524,0.44104,0.14184,-0.43561,-0.51661,0.55955,-0.47986,4.51950
0.25524,0.44094,0.14185,-0.43563,-0.51659,0.55953,-0.47988,4.62002
0.25524,0.44084,0.14186,-0.43565,-0.51658,0.55951,-0.47990,4.72054
0.25524,0.44074,0.14187,-0.43567,-0.51656,0.55949,-0.47992,4.82106
0.25524,0.44064,0.14187,-0.43569,-0.51655,0.55947,-0.47993,4.92159
0.25524,0.44054,0.14188,-0.43571,-0.51654,0.55945,-0.47995,5.02211
0.25524,0.44044,0.14189,-0.43574,-0.51652,0.55943,-0.47997,5.12263
0.25525,0.44034,0.14190,-0.43576,-0.51651,0.55941,-0.47999,5.22315
0.25525,0.44024,0.14191,-0.43578,-0.51650,0.55938,-0.48001,5.32367
0.25525,0.44014,0.14192,-0.43581,-0.51648,0.55936,-0.48003,5.42419
0.25525,0.44004,0.14192,-0.43583,-0.51647,0.55934,-0.48005,5.52471
0.25525,0.43994,0.14193,-0.43584,-0.51646,0.55932,-0.48007,5.62523
0.25525,0.43984,0.14194,-0.43587,-0.51644,0.55930,-0.48009,5.72575
0.25525,0.43974,0.14195,-0.43589,-0.51643,0.55928,-0.48011,5.82627
0.25525,0.43964,0.14196,-0.43591,-0.51642,0.55926,-0.48013,5.92679
0.25525,0.43954,0.14197,-0.43593,-0.51640,0.55924,-0.48015,6.02731
0.25525,0.43944,0.14198,-0.43596,-0.51639,0.55922,-0.48016,6.12783
0.25525,0.43934,0.14198,-0.43598,-0.51638,0.55920,-0.48017,6.22835
0.25525,0.43924,0.14199,-0.43600,-0.51636,0.55918,-0.48020,6.32887
0.25526,0.43914,0.14200,-0.43603,-0.51635,0.55915,-0.48022,6.42939
0.25526,0.43904,0.14202,-0.43605,-0.51634,0.55913,-0.48024,6.52991
0.25526,0.43894,0.14203,-0.43607,-0.51633,0.55911,-0.48025,6.63043
0.25526,0.43884,0.14204,-0.43610,-0.51631,0.55909,-0.48027,6.73095
0.25526,0.43874,0.14205,-0.43611,-0.51630,0.55907,-0.48029,6.83147
0.25526,0.43864,0.14205,-0.43614,-0.51629,0.55905,-0.48030,6.93198
0.25526,0.43854,0.14206,-0.43617,-0.51627,0.55903,-0.48032,7.03250
0.25526,0.43844,0.14207,-0.43618,-0.51626,0.55901,-0.48034,7.13302
0.25526,0.43834,0.14208,-0.43621,-0.51625,0.55898,-0.48036,7.23354
0.25526,0.43824,0.14209,-0.43623,-0.51624,0.55896,-0.48038,7.33406
0.25526,0.43814,0.14210,-0.43625,-0.51623,0.55894,-0.48040,7.43458
0.25526,0.43804,0.14210,-0.43628,-0.51621,0.55892,-0.48042,7.53509
0.25527,0.43794,0.14211,-0.43630,-0.51620,0.55890,-0.48043,7.63561
0.25527,0.43784,0.14212,-0.43632,-0.51619,0.55888,-0.48045,7.73613
0.25527,0.43774,0.14213,-0.43635,-0.51618,0.55885,-0.48047,7.83665
0.25527,0.43764,0.14214,-0.43637,-0.51616,0.55883,-0.48049,7.93716
0.25527,0.43753,0.14215,-0.43639,-0.51615,0.55881,-0.48051,8.03768
0.25527,0.43743,0.14216,-0.43642,-0.51614,0.55879,-0.48052,8.13820
0.25527,0.43733,0.14216,-0.43644,-0.51613,0.55877,-0.48054,8.23872
0.25527,0.43723,0.14217,-0.43646,-0.51612,0.55874,-0.48056,8.33923
0.25527,0.43713,0.14218,-0.43648,-0.51610,0.55872,-0.48058,8.43975
0.25527,0.43703,0.14219,-0.43651,-0.51609,0.55870,-0.48060,8.54027
0.25527,0.43693,0.14220,-0.43653,-0.51608,0.55868,-0.48061,8.64078
0.25527,0.43683,0.14221,-0.43655,-0.51607,0.55866,-0.48063,8.74130
0.25528,0.43673,0.14222,-0.43658,-0.51606,0.55863,-0.48065,8.84181
0.25528,0.43663,0.14222,-0.43660,-0.51604,0.55861,-0.48067,8.94233
0.25528,0.43653,0.14223,-0.43662,-0.51603,0.55859,-0.48069,9.04285
0.25528,0.43643,0.14224,-0.43665,-0.51602,0.55857,-0.48070,9.14336
0.25528,0.43633,0.14225,-0.43667,-0.51601,0.55854,-0.48072,9.24388
0.25528,0.43623,0.14226,-0.43669,-0.51600,0.55852,-0.48074,9.34439
0.25528,0.43613,0.14227,-0.43672,-0.51598,0.55850,-0.48075,9.44491
0.25528,0.43603,0.14227,-0.43674,-0.51597,0.55848,-0.48076,9.54542
0.25528,0.43593,0.14228,-0.43677,-0.51596,0.55845,-0.48078,9.64594
0.25528,0.43583,0.14229,-0.43679,-0.51595,0.55843,-0.48081,9.74645
0.25528,0.43573,0.14230,-0.43681,-0.51593,0.55841,-0.48082,9.84696
0.25528,0.43563,0.14231,-0.43684,-0.51593,0.55838,-0.48084,9.94748
0.25529,0.43553,0.14232,-0.43686,-0.51592,0.55836,-0.48085,10.04799
0.25529,0.43543,0.14233,-0.43688,-0.51590,0.55834,-0.48087,10.14851
0.25529,0.43533,0.14233,-0.43691,-0.51589,0.55831,-0.48089,10.24902
0.25529,0.43523,0.14234,-0.43693,-0.51589,0.55829,-0.48090,10.34953
0.25529,0.43513,0.14235,-0.43696,-0.51587,0.55827,-0.48092,10.45004
0.25529,0.43503,0.14236,-0.43698,-0.51586,0.55824,-0.48094,10.55056
0.25529,0.43493,0.14237,-0.43700,-0.51586,0.55822,-0.48095,10.65107
0.25529,0.43483,0.14238,-0.43703,-0.51584,0.55820,-0.48097,10.75158
0.25529,0.43473,0.14239,-0.43705,-0.51583,0.55817,-0.48099,10.85209
0.25529,0.43463,0.14239,-0.43708,-0.51582,0.55815,-0.48100,10.95261
0.25529,0.43453,0.14240,-0.43710,-0.51580,0.55813,-0.48102,11.05312
0.25529,0.43443,0.14241,-0.43712,-0.51579,0.55811,-0.48104,11.15363
0.25530,0.43433,0.14242,-0.43715,-0.51578,0.55808,-0.48106,11.25414
0.25530,0.43423,0.14243,-0.43717,-0.51577,0.55806,-0.48107,11.35465
0.25530,0.43413,0.14244,-0.43720,-0.51576,0.55803,-0.48109,11.45516
0.25530,0.43403,0.14244,-0.43722,-0.51575,0.55801,-0.48111,11.55567
0.25530,0.43393,0.14245,-0.43725,-0.51574,0.55799,-0.48112,11.65618
0.25530,0.43383,0.14246,-0.43727,-0.51573,0.55796,-0.48114,11.75670
0.25530,0.43373,0.14247,-0.43730,-0.51572,0.55793,-0.48116,11.85721
0.25530,0.43363,0.14248,-0.43732,-0.51571,0.55792,-0.48117,11.95771
0.25530,0.43353,0.14249,-0.43735,-0.51570,0.55789,-0.48119,12.05822
0.25530,0.43343,0.14250,-0.43737,-0.51569,0.55787,-0.48120,12.15873
0.25530,0.43333,0.14250,-0.43740,-0.51568,0.55784,-0.48121,12.25924
0.25530,0.43323,0.14251,-0.43742,-0.51567,0.55782,-0.48124,12.35975
0.25531,0.43313,0.14252,-0.43744,-0.51566,0.55780,-0.48125,12.46026
0.25531,0.43303,0.14253,-0.43747,-0.51565,0.55777,-0.48127,12.56077
0.25531,0.43293,0.14254,-0.43749,-0.51564,0.55775,-0.48129,12.66128
0.25531,0.43283,0.14255,-0.43752,-0.51563,0.55772,-0.48129,12.76178
0.25531,0.43273,0.14255,-0.43754,-0.51562,0.55770,-0.48132,12.86229
0.25531,0.43263,0.14256,-0.43757,-0.51561,0.55768,-0.48133,12.96280
0.25531,0.43253,0.14257,-0.43760,-0.51560,0.55765,-0.48134,13.06331
0.25531,0.43243,0.14258,-0.43762,-0.51560,0.55762,-0.48136,13.16381
0.25531,0.43233,0.14259,-0.43765,-0.51559,0.55759,-0.48137,13.26432
0.25531,0.43223,0.14261,-0.43767,-0.51558,0.55757,-0.48139,13.36483
0.25531,0.43213,0.14262,-0.43770,-0.51557,0.55754,-0.48140,13.46533
0.25531,0.43203,0.14262,-0.43772,-0.51556,0.55752,-0.48142,13.56584
0.25532,0.43193,0.14263,-0.43775,-0.51555,0.55750,-0.48144,13.66635
0.25532,0.43183,0.14264,-0.43777,-0.51554,0.55747,-0.48145,13.76685
0.25532,0.43173,0.14265,-0.43780,-0.51553,0.55745,-0.48147,13.86736
0.25532,0.43163,0.14266,-0.43782,-0.51552,0.55743,-0.48148,13.96786
0.25532,0.43153,0.14267,-0.43785,-0.51551,0.55740,-0.48150,14.06837
0.25532,0.43143,0.14268,-0.43787,-0.51550,0.55738,-0.48151,14.16887
0.25532,0.43133,0.14268,-0.43790,-0.51549,0.55735,-0.48153,14.26937
0.25532,0.43123,0.14269,-0.43793,-0.51549,0.55732,-0.48155,14.36988
0.25532,0.43113,0.14270,-0.43795,-0.51548,0.55730,-0.48156,14.47038
0.25532,0.43103,0.14271,-0.43798,-0.51547,0.55727,-0.48158,14.57088
0.25532,0.43093,0.14272,-0.43800,-0.51546,0.55725,-0.48159,14.67139
0.25532,0.43083,0.14273,-0.43803,-0.51545,0.55722,-0.48161,14.77189
0.25533,0.43073,0.14273,-0.43806,-0.51544,0.55720,-0.48162,14.87239
0.25533,0.43063,0.14274,-0.43808,-0.51543,0.55717,-0.48164,14.97289
0.25533,0.43053,0.14275,-0.43811,-0.51543,0.55715,-0.48164,15.07340
0.25533,0.43043,0.14276,-0.43813,-0.51542,0.55712,-0.48167,15.17390
0.25533,0.43033,0.14277,-0.43816,-0.51541,0.55709,-0.48168,15.27440
0.25533,0.43022,0.14278,-0.43819,-0.51540,0.55707,-0.48169,15.37490
0.25533,0.43012,0.14279,-0.43821,-0.51539,0.55704,-0.48171,15.47540
0.25533,0.43002,0.14279,-0.43824,-0.51538,0.55702,-0.48172,15.57590
0.25533,0.42992,0.14280,-0.43826,-0.51538,0.55699,-0.48174,15.67640
0.25533,0.42982,0.14281,-0.43829,-0.51536,0.55697,-0.48175,15.77690
0.25533,0.42972,0.14282,-0.43832,-0.51536,0.55694,-0.48176,15.87740
0.25533,0.42962,0.14283,-0.43834,-0.51535,0.55692,-0.48178,15.97790
0.25534,0.42952,0.14284,-0.43837,-0.51534,0.55689,-0.48179,16.07840
0.25534,0.42942,0.14285,-0.43840,-0.51533,0.55686,-0.48181,16.17890
0.25534,0.42932,0.14285,-0.43842,-0.51533,0.55684,-0.48182,16.27940
0.25534,0.42922,0.14286,-0.43845,-0.51532,0.55681,-0.48184,16.37989
0.25534,0.42912,0.14287,-0.43848,-0.51530,0.55679,-0.48185,16.48039
0.25534,0.42902,0.14288,-0.43850,-0.51530,0.55676,-0.48187,16.58089
0.25534,0.42892,0.14289,-0.43853,-0.51530,0.55673,-0.48188,16.68139
0.25534,0.42882,0.14290,-0.43856,-0.51528,0.55671,-0.48190,16.78188
0.25534,0.42872,0.14290,-0.43858,-0.51528,0.55668,-0.48191,16.88238
0.25534,0.42862,0.14291,-0.43861,-0.51527,0.55666,-0.48192,16.98288
0.25534,0.42852,0.14292,-0.43864,-0.51526,0.55663,-0.48194,17.08337
0.25535,0.42842,0.14293,-0.43866,-0.51526,0.55660,-0.48195,17.18387
0.25535,0.42832,0.14294,-0.43869,-0.51524,0.55658,-0.48197,17.28436
0.25535,0.42822,0.14295,-0.43872,-0.51524,0.55655,-0.48198,17.38486
0.25535,0.42812,0.14296,-0.43875,-0.51523,0.55652,-0.48200,17.48535
0.25535,0.42802,0.14296,-0.43877,-0.51522,0.55650,-0.48201,17.58585
0.25535,0.42792,0.14297,-0.43880,-0.51522,0.55647,-0.48202,17.68634
0.25535,0.42782,0.14298,-0.43883,-0.51521,0.55644,-0.48204,17.78683
0.25535,0.42772,0.14299,-0.43885,-0.51520,0.55642,-0.48205,17.88733
0.25535,0.42762,0.14300,-0.43888,-0.51519,0.55639,-0.48207,17.98782
0.25535,0.42752,0.14301,-0.43891,-0.51519,0.55636,-0.48208,18.08831
0.25535,0.42742,0.14302,-0.43894,-0.51518,0.55634,-0.48209,18.18881
0.25535,0.42732,0.14302,-0.43896,-0.51517,0.55631,-0.48211,18.28930
0.25536,0.42722,0.14303,-0.43899,-0.51517,0.55628,-0.48212,18.38979
0.25536,0.42712,0.14304,-0.43902,-0.51516,0.55626,-0.48213,18.49028
0.25536,0.42702,0.14305,-0.43905,-0.51515,0.55623,-0.48214,18.59077
0.25536,0.42692,0.14306,-0.43907,-0.51515,0.55620,-0.48216,18.69126
0.25536,0.42682,0.14306,-0.43910,-0.51514,0.55618,-0.48217,18.79175
0.25536,0.42672,0.14306,-0.43913,-0.51513,0.55615,-0.48218,18.89224
0.25536,0.42662,0.14307,-0.43916,-0.51513,0.55612,-0.48219,18.99273
0.25536,0.42652,0.14308,-0.43919,-0.51512,0.55609,-0.48221,19.09322
0.25536,0.42642,0.14309,-0.43921,-0.51511,0.55607,-0.48222,19.19371
0.25536,0.42632,0.14310,-0.43924,-0.51511,0.55603,-0.48224,19.29420
0.25536,0.42622,0.14311,-0.43927,-0.51510,0.55601,-0.48225,19.39469
0.25536,0.42612,0.14312,-0.43930,-0.51509,0.55599,-0.48226,19.49517
0.25537,0.42602,0.14312,-0.43933,-0.51509,0.55595,-0.48228,19.59566
0.25537,0.42592,0.14313,-0.43935,-0.51508,0.55593,-0.48229,19.69615
0.25537,0.42582,0.14314,-0.43938,-0.51508,0.55590,-0.48230,19.79663
0.25537,0.42572,0.14315,-0.43941,-0.51507,0.55587,-0.48232,19.89712
0.25537,0.42562,0.14316,-0.43944,-0.51506,0.55584,-0.48233,19.99761
0.25537,0.42552,0.14317,-0.43947,-0.51506,0.55581,-0.48234,20.09809
0.25537,0.42542,0.14317,-0.43949,-0.51505,0.55579,-0.48235,20.19858
0.25537,0.42532,0.14318,-0.43952,-0.51505,0.55576,-0.48237,20.29906
0.25537,0.42522,0.14319,-0.43955,-0.51504,0.55573,-0.48238,20.39955
0.25537,0.42512,0.14320,-0.43958,-0.51503,0.55571,-0.48239,20.50003
0.25537,0.42502,0.14321,-0.43961,-0.51503,0.55567,-0.48241,20.60051
0.25537,0.42492,0.14322,-0.43964,-0.51502,0.55565,-0.48242,20.70100
0.25538,0.42482,0.14323,-0.43966,-0.51502,0.55562,-0.48243,20.80148
0.25538,0.42472,0.14323,-0.43969,-0.51501,0.55559,-0.48245,20.90196
0.25538,0.42462,0.14324,-0.43972,-0.51501,0.55556,-0.48245,21.00245
0.25538,0.42452,0.14325,-0.43975,-0.51500,0.55554,-0.48247,21.10293
0.25538,0.42442,0.14326,-0.43978,-0.51500,0.55550,-0.48247,21.20341
0.25538,0.42432,0.14327,-0.43981,-0.51499,0.55547,-0.48249,21.30389
0.25538,0.42422,0.14328,-0.43984,-0.51499,0.55545,-0.48250,21.40437
0.25538,0.42412,0.14329,-0.43987,-0.51498,0.55542,-0.48251,21.50485
0.25538,0.42402,0.14329,-0.43989,-0.51497,0.55540,-0.48253,21.60533
0.25538,0.42392,0.14330,-0.43992,-0.51497,0.55536,-0.48254,21.70581
0.25538,0.42382,0.14331,-0.43995,-0.51496,0.55534,-0.48255,21.80629
0.25538,0.42372,0.14332,-0.43998,-0.51496,0.55530,-0.48256,21.90677
0.25539,0.42362,0.14333,-0.44001,-0.51495,0.55528,-0.48257,22.00725
0.25539,0.42352,0.14334,-0.44004,-0.51495,0.55525,-0.48259,22.10772
0.25539,0.42342,0.14334,-0.44007,-0.51494,0.55522,-0.48260,22.20820
0.25539,0.42332,0.14335,-0.44010,-0.51494,0.55519,-0.48261,22.30868
0.25539,0.42322,0.14336,-0.44013,-0.51494,0.55516,-0.48262,22.40915
0.25539,0.42312,0.14337,-0.44016,-0.51493,0.55513,-0.48263,22.50963
0.25539,0.42302,0.14338,-0.44019,-0.51493,0.55510,-0.48265,22.61011
0.25539,0.42292,0.14339,-0.44022,-0.51492,0.55507,-0.48266,22.71058
0.25539,0.42282,0.14340,-0.44025,-0.51491,0.55505,-0.48267,22.81106
0.25539,0.42271,0.14340,-0.44027,-0.51491,0.55502,-0.48268,22.91153
0.25539,0.42261,0.14341,-0.44030,-0.51490,0.55499,-0.48270,23.01201
0.25539,0.42251,0.14342,-0.44033,-0.51490,0.55496,-0.48271,23.11248
0.25540,0.42241,0.14343,-0.44036,-0.51490,0.55493,-0.48272,23.21295
0.25540,0.42231,0.14344,-0.44039,-0.51489,0.55490,-0.48273,23.31343
0.25540,0.42221,0.14345,-0.44042,-0.51489,0.55487,-0.48274,23.41390
0.25540,0.42211,0.14346,-0.44045,-0.51489,0.55484,-0.48275,23.51437
0.25540,0.42201,0.14346,-0.44048,-0.51488,0.55481,-0.48277,23.61484
0.25540,0.42191,0.14347,-0.44051,-0.51488,0.55478,-0.48278,23.71531
0.25540,0.42181,0.14348,-0.44054,-0.51487,0.55475,-0.48279,23.81578
0.25540,0.42171,0.14349,-0.44057,-0.51487,0.55472,-0.48280,23.91625
0.25540,0.42161,0.14350,-0.44060,-0.51487,0.55469,-0.48280,24.01672
0.25540,0.42151,0.14350,-0.44063,-0.51486,0.55466,-0.48282,24.11719
0.25540,0.42141,0.14350,-0.44066,-0.51485,0.55464,-0.48283,24.21766
0.25540,0.42131,0.14351,-0.44069,-0.51484,0.55461,-0.48284,24.31813
0.25541,0.42121,0.14352,-0.44072,-0.51484,0.55458,-0.48285,24.41860
0.25541,0.42111,0.14353,-0.44075,-0.51484,0.55455,-0.48286,24.51907
0.25541,0.42101,0.14354,-0.44078,-0.51483,0.55452,-0.48287,24.61953
0.25541,0.42091,0.14355,-0.44081,-0.51483,0.55449,-0.48288,24.72000
0.25541,0.42081,0.14356,-0.44084,-0.51483,0.55446,-0.48289,24.82047
0.25541,0.42071,0.14356,-0.44087,-0.51483,0.55443,-0.48290,24.92093
0.25541,0.42061,0.14357,-0.44090,-0.51482,0.55440,-0.48292,25.02140
0.25541,0.42051,0.14358,-0.44093,-0.51481,0.55437,-0.48293,25.12186
0.25541,0.42041,0.14359,-0.44096,-0.51481,0.55434,-0.48294,25.22233
0.25541,0.42031,0.14360,-0.44099,-0.51481,0.55431,-0.48295,25.32279
0.25541,0.42021,0.14361,-0.44103,-0.51480,0.55428,-0.48296,25.42326
0.25541,0.42011,0.14361,-0.44106,-0.51480,0.55425,-0.48297,25.52372
0.25542,0.42001,0.14362,-0.44109,-0.51480,0.55422,-0.48298,25.62418
0.25542,0.41991,0.14363,-0.44112,-0.51479,0.55419,-0.48299,25.72464
0.25542,0.41981,0.14364,-0.44115,-0.51479,0.55416,-0.48300,25.82511
0.25542,0.41971,0.14365,-0.44118,-0.51479,0.55413,-0.48301,25.92557
0.25542,0.41961,0.14366,-0.44121,-0.51479,0.55409,-0.48302,26.02603
0.25542,0.41951,0.14367,-0.44124,-0.51478,0.55406,-0.48304,26.12649
0.25542,0.41941,0.14367,-0.44127,-0.51478,0.55403,-0.48305,26.22695
0.25542,0.41931,0.14368,-0.44130,-0.51478,0.55400,-0.48306,26.32741
0.25542,0.41921,0.14369,-0.44133,-0.51477,0.55397,-0.48307,26.42787
0.25542,0.41911,0.14370,-0.44136,-0.51477,0.55394,-0.48308,26.52833
0.25542,0.41901,0.14371,-0.44140,-0.51477,0.55390,-0.48308,26.62878
0.25542,0.41891,0.14372,-0.44143,-0.51477,0.55387,-0.48309,26.72924
0.25543,0.41881,0.14373,-0.44146,-0.51476,0.55385,-0.48310,26.82970
0.25543,0.41871,0.14372,-0.44149,-0.51476,0.55381,-0.48311,26.93016
0.25543,0.41861,0.14373,-0.44152,-0.51476,0.55378,-0.48312,27.03061
0.25543,0.41851,0.14374,-0.44155,-0.51476,0.55375,-0.48313,27.13107
0.25543,0.41841,0.14375,-0.44158,-0.51475,0.55373,-0.48314,27.23152
0.25543,0.41831,0.14376,-0.44161,-0.51475,0.55369,-0.48315,27.33198
0.25543,0.41821,0.14377,-0.44165,-0.51475,0.55365,-0.48316,27.43243
0.25543,0.41811,0.14377,-0.44168,-0.51475,0.55362,-0.48317,27.53289
0.25543,0.41801,0.14378,-0.44171,-0.51474,0.55360,-0.48318,27.63334
0.25543,0.41791,0.14379,-0.44174,-0.51474,0.55356,-0.48319,27.73379
0.25543,0.41781,0.14380,-0.44177,-0.51474,0.55353,-0.48320,27.83424
0.25543,0.41771,0.14381,-0.44180,-0.51474,0.55350,-0.48321,27.93470
0.25544,0.41761,0.14382,-0.44184,-0.51473,0.55347,-0.48322,28.03515
0.25544,0.41751,0.14383,-0.44187,-0.51473,0.55344,-0.48323,28.13560
0.25544,0.41741,0.14383,-0.44190,-0.51473,0.55340,-0.48324,28.23605
0.25544,0.41731,0.14384,-0.44193,-0.51473,0.55337,-0.48325,28.33650
0.25544,0.41721,0.14385,-0.44196,-0.51473,0.55334,-0.48326,28.43695
0.25544,0.41711,0.14386,-0.44199,-0.51473,0.55331,-0.48327,28.53740
0.25544,0.41701,0.14387,-0.44203,-0.51472,0.55328,-0.48328,28.63784
0.25544,0.41691,0.14388,-0.44206,-0.51472,0.55325,-0.48328,28.73829
0.25544,0.41681,0.14389,-0.44209,-0.51472,0.55321,-0.48330,28.83874
0.25544,0.41671,0.14388,-0.44212,-0.51472,0.55318,-0.48331,28.93919
0.25544,0.41661,0.14389,-0.44215,-0.51472,0.55315,-0.48331,29.03963
0.25544,0.41651,0.14390,-0.44219,-0.51472,0.55312,-0.48332,29.14008
0.25545,0.41641,0.14391,-0.44222,-0.51471,0.55309,-0.48333,29.24052
0.25545,0.41631,0.14392,-0.44225,-0.51471,0.55306,-0.48334,29.34097
0.25545,0.41621,0.14393,-0.44228,-0.51471,0.55302,-0.48335,29.44141
0.25545,0.41611,0.14393,-0.44232,-0.51471,0.55299,-0.48335,29.54186
0.25545,0.41601,0.14394,-0.44235,-0.51471,0.55296,-0.48336,29.64230
0.25545,0.41591,0.14395,-0.44238,-0.51471,0.55293,-0.48337,29.74274
0.25545,0.41581,0.14396,-0.44241,-0.51471,0.55290,-0.48338,29.84319
0.25545,0.41571,0.14397,-0.44244,-0.51470,0.55286,-0.48339,29.94363
0.25545,0.41561,0.14398,-0.44248,-0.51470,0.55283,-0.48340,30.04407
0.25545,0.41551,0.14399,-0.44251,-0.51470,0.55280,-0.48341,30.14451
0.25545,0.41541,0.14399,-0.44254,-0.51470,0.55277,-0.48342,30.24495
0.25546,0.41531,0.14400,-0.44258,-0.51470,0.55273,-0.48343,30.34539
0.25546,0.41521,0.14401,-0.44261,-0.51470,0.55270,-0.48344,30.44583
0.25546,0.41511,0.14402,-0.44264,-0.51469,0.55267,-0.48345,30.54627
0.25546,0.41501,0.14402,-0.44267,-0.51470,0.55264,-0.48345,30.64671
0.25546,0.41490,0.14403,-0.44271,-0.51470,0.55260,-0.48346,30.74714
0.25546,0.41480,0.14404,-0.44274,-0.51470,0.55257,-0.48347,30.84758
0.25546,0.41470,0.14404,-0.44277,-0.51469,0.55254,-0.48348,30.94802
0.25546,0.41460,0.14405,-0.44280,-0.51469,0.55251,-0.48349,31.04845
0.25546,0.41450,0.14406,-0.44284,-0.51469,0.55247,-0.48350,31.14889
0.25546,0.41440,0.14407,-0.44287,-0.51469,0.55244,-0.48351,31.24932
0.25546,0.41430,0.14408,-0.44290,-0.51469,0.55241,-0.48351,31.34976
0.25546,0.41420,0.14409,-0.44294,-0.51469,0.55237,-0.48352,31.45019
0.25547,0.41410,0.14409,-0.44297,-0.51469,0.55234,-0.48353,31.55062
0.25547,0.41400,0.14410,-0.44300,-0.51469,0.55231,-0.48354,31.65106
0.25547,0.41390,0.14411,-0.44304,-0.51468,0.55227,-0.48354,31.75149
0.25547,0.41380,0.14412,-0.44307,-0.51469,0.55224,-0.48355,31.85192
0.25547,0.41370,0.14413,-0.44310,-0.51468,0.55221,-0.48356,31.95235
0.25547,0.41360,0.14414,-0.44314,-0.51468,0.55218,-0.48356,32.05278
0.25547,0.41350,0.14414,-0.44317,-0.51469,0.55214,-0.48357,32.15321
0.25547,0.41340,0.14414,-0.44320,-0.51469,0.55211,-0.48358,32.25364
0.25547,0.41330,0.14415,-0.44324,-0.51468,0.55207,-0.48359,32.35407
0.25547,0.41320,0.14416,-0.44327,-0.51468,0.55204,-0.48360,32.45450
0.25547,0.41310,0.14417,-0.44330,-0.51469,0.55201,-0.48360,32.55493
0.25547,0.41300,0.14418,-0.44334,-0.51468,0.55197,-0.48361,32.65536
0.25548,0.41290,0.14419,-0.44337,-0.51469,0.55194,-0.48362,32.75578
0.25548,0.41280,0.14419,-0.44341,-0.51468,0.55190,-0.48363,32.85621
0.25548,0.41270,0.14420,-0.44343,-0.51468,0.55187,-0.48364,32.95663
0.25548,0.41260,0.14421,-0.44347,-0.51469,0.55184,-0.48364,33.05706
0.25548,0.41250,0.14422,-0.44351,-0.51468,0.55180,-0.48365,33.15748
0.25548,0.41240,0.14423,-0.44354,-0.51468,0.55177,-0.48366,33.25791
0.25548,0.41230,0.14424,-0.44357,-0.51468,0.55174,-0.48367,33.35833
0.25548,0.41220,0.14424,-0.44360,-0.51468,0.55170,-0.48368,33.45875
0.25548,0.41210,0.14424,-0.44364,-0.51469,0.55167,-0.48368,33.55918
0.25548,0.41200,0.14425,-0.44368,-0.51468,0.55163,-0.48369,33.65960
0.25548,0.41190,0.14426,-0.44371,-0.51468,0.55160,-0.48370,33.76002
0.25548,0.41180,0.14427,-0.44374,-0.51468,0.55157,-0.48371,33.86044
0.25549,0.41170,0.14428,-0.44377,-0.51469,0.55153,-0.48370,33.96086
0.25549,0.41160,0.14429,-0.44380,-0.51469,0.55150,-0.48371,34.06128
0.25549,0.41150,0.14430,-0.44384,-0.51469,0.55146,-0.48372,34.16170
0.25549,0.41140,0.14430,-0.44387,-0.51469,0.55143,-0.48373,34.26212
0.25549,0.41130,0.14431,-0.44392,-0.51469,0.55139,-0.48373,34.36253
0.25549,0.41120,0.14432,-0.44394,-0.51469,0.55136,-0.48374,34.46295
0.25549,0.41110,0.14433,-0.44398,-0.51469,0.55132,-0.48375,34.56337
0.25549,0.41100,0.14433,-0.44401,-0.51469,0.55129,-0.48376,34.66378
0.25549,0.41090,0.14434,-0.44405,-0.51469,0.55126,-0.48376,34.76420
0.25549,0.41080,0.14434,-0.44409,-0.51469,0.55122,-0.48377,34.86461
0.25549,0.41070,0.14435,-0.44411,-0.51469,0.55119,-0.48378,34.96503
0.25549,0.41060,0.14436,-0.44415,-0.51470,0.55115,-0.48378,35.06544
0.25550,0.41050,0.14437,-0.44418,-0.51470,0.55112,-0.48379,35.16585
0.25550,0.41040,0.14438,-0.44422,-0.51470,0.55108,-0.48380,35.26627
0.25550,0.41030,0.14439,-0.44425,-0.51470,0.55105,-0.48381,35.36668
0.25550,0.41020,0.14440,-0.44429,-0.51470,0.55101,-0.48381,35.46709
0.25550,0.41010,0.14440,-0.44432,-0.51470,0.55098,-0.48382,35.56750
0.25550,0.41000,0.14441,-0.44436,-0.51470,0.55095,-0.48383,35.66791
0.25550,0.40990,0.14441,-0.44439,-0.51471,0.55091,-0.48383,35.76832
0.25550,0.40980,0.14442,-0.44443,-0.51471,0.55088,-0.48383,35.86873
0.25550,0.40970,0.14443,-0.44446,-0.51471,0.55084,-0.48385,35.96914
0.25550,0.40960,0.14444,-0.44450,-0.51471,0.55081,-0.48384,36.06955
0.25550,0.40950,0.14445,-0.44453,-0.51471,0.55077,-0.48386,36.16995
0.25550,0.40940,0.14445,-0.44457,-0.51471,0.55074,-0.48386,36.27036
0.25551,0.40930,0.14446,-0.44461,-0.51471,0.55070,-0.48387,36.37077
0.25551,0.40920,0.14447,-0.44464,-0.51472,0.55066,-0.48387,36.47117
0.25551,0.40910,0.14448,-0.44467,-0.51472,0.55063,-0.48388,36.57158
0.25551,0.40900,0.14449,-0.44471,-0.51472,0.55060,-0.48388,36.67198
0.25551,0.40890,0.14450,-0.44474,-0.51472,0.55056,-0.48389,36.77238
0.25551,0.40880,0.14449,-0.44478,-0.51472,0.55052,-0.48390,36.87279
0.25551,0.40870,0.14450,-0.44481,-0.51473,0.55049,-0.48390,36.97319
0.25551,0.40860,0.14451,-0.44485,-0.51472,0.55045,-0.48391,37.07359
0.25551,0.40850,0.14452,-0.44488,-0.51473,0.55042,-0.48391,37.17399
0.25551,0.40840,0.14453,-0.44492,-0.51473,0.55038,-0.48392,37.27439
0.25551,0.40830,0.14454,-0.44495,-0.51473,0.55035,-0.48393,37.37479
0.25551,0.40820,0.14455,-0.44499,-0.51474,0.55031,-0.48393,37.47519
0.25552,0.40810,0.14455,-0.44503,-0.51473,0.55027,-0.48394,37.57559
0.25552,0.40800,0.14456,-0.44506,-0.51474,0.55024,-0.48394,37.67599
0.25552,0.40790,0.14456,-0.44510,-0.51474,0.55020,-0.48395,37.77639
0.25552,0.40780,0.14457,-0.44513,-0.51475,0.55016,-0.48396,37.87678
0.25552,0.40770,0.14458,-0.44517,-0.51475,0.55013,-0.48396,37.97718
0.25552,0.40760,0.14459,-0.44520,-0.51475,0.55010,-0.48397,38.07758
0.25552,0.40750,0.14460,-0.44524,-0.51475,0.55006,-0.48397,38.17797
0.25552,0.40740,0.14460,-0.44528,-0.51475,0.55002,-0.48397,38.27837
0.25552,0.40730,0.14461,-0.44531,-0.51476,0.54998,-0.48399,38.37876
0.25552,0.40720,0.14462,-0.44535,-0.51476,0.54995,-0.48399,38.47915
0.25552,0.40710,0.14463,-0.44538,-0.51476,0.54992,-0.48400,38.57955
0.25553,0.40700,0.14463,-0.44542,-0.51477,0.54987,-0.48400,38.67994
0.25553,0.40690,0.14464,-0.44546,-0.51476,0.54984,-0.48400,38.78033
0.25553,0.40679,0.14464,-0.44549,-0.51477,0.54981,-0.48401,38.88072
0.25553,0.40669,0.14465,-0.44553,-0.51477,0.54977,-0.48401,38.98111
0.25553,0.40659,0.14466,-0.44556,-0.51477,0.54973,-0.48402,39.08150
0.25553,0.40649,0.14467,-0.44560,-0.51478,0.54969,-0.48402,39.18189
0.25553,0.40639,0.14468,-0.44564,-0.51477,0.54966,-0.48403,39.28228
0.25553,0.40629,0.14469,-0.44567,-0.51479,0.54962,-0.48403,39.38267
0.25553,0.40619,0.14470,-0.44571,-0.51478,0.54959,-0.48404,39.48305
0.25553,0.40609,0.14469,-0.44575,-0.51478,0.54955,-0.48404,39.58344
0.25553,0.40599,0.14470,-0.44578,-0.51479,0.54951,-0.48405,39.68382
0.25553,0.40589,0.14471,-0.44582,-0.51479,0.54948,-0.48405,39.78421
0.25554,0.40579,0.14472,-0.44586,-0.51479,0.54944,-0.48406,39.88459
0.25554,0.40569,0.14473,-0.44589,-0.51481,0.54940,-0.48406,39.98498
0.25554,0.40559,0.14474,-0.44593,-0.51480,0.54937,-0.48407,40.08536
0.25554,0.40549,0.14474,-0.44597,-0.51480,0.54933,-0.48407,40.18574
0.25554,0.40539,0.14475,-0.44600,-0.51481,0.54929,-0.48408,40.28613
0.25554,0.40529,0.14475,-0.44604,-0.51481,0.54926,-0.48408,40.38651
0.25554,0.40519,0.14476,-0.44608,-0.51481,0.54922,-0.48409,40.48689
0.25554,0.40509,0.14477,-0.44611,-0.51482,0.54918,-0.48409,40.58727
0.25554,0.40499,0.14478,-0.44615,-0.51482,0.54915,-0.48410,40.68765
0.25554,0.40489,0.14479,-0.44619,-0.51482,0.54911,-0.48410,40.78803
0.25554,0.40479,0.14479,-0.44622,-0.51483,0.54907,-0.48411,40.88841
0.25554,0.40469,0.14480,-0.44626,-0.51483,0.54904,-0.48411,40.98878
0.25555,0.40459,0.14481,-0.44629,-0.51484,0.54900,-0.48411,41.08916
0.25555,0.40449,0.14481,-0.44633,-0.51484,0.54896,-0.48412,41.18954
0.25555,0.40439,0.14482,-0.44637,-0.51484,0.54892,-0.48413,41.28991
0.25555,0.40429,0.14483,-0.44641,-0.51485,0.54889,-0.48412,41.39029
0.25555,0.40419,0.14484,-0.44644,-0.51485,0.54885,-0.48413,41.49066
0.25555,0.40409,0.14484,-0.44648,-0.51486,0.54881,-0.48413,41.59103
0.25555,0.40399,0.14485,-0.44651,-0.51486,0.54877,-0.48414,41.69141
0.25555,0.40389,0.14486,-0.44656,-0.51486,0.54874,-0.48414,41.79178
0.25555,0.40379,0.14486,-0.44659,-0.51487,0.54870,-0.48414,41.89215
0.25555,0.40369,0.14487,-0.44663,-0.51487,0.54866,-0.48415,41.99252
0.25555,0.40359,0.14488,-0.44666,-0.51488,0.54862,-0.48415,42.09289
0.25555,0.40349,0.14488,-0.44670,-0.51488,0.54858,-0.48416,42.19326
0.25556,0.40339,0.14489,-0.44674,-0.51488,0.54855,-0.48416,42.29363
0.25556,0.40329,0.14490,-0.44678,-0.51489,0.54851,-0.48417,42.39400
0.25556,0.40319,0.14491,-0.44681,-0.51489,0.54848,-0.48417,42.49437
0.25556,0.40309,0.14491,-0.44685,-0.51490,0.54843,-0.48417,42.59474
0.25556,0.40299,0.14492,-0.44689,-0.51490,0.54840,-0.48418,42.69510
0.25556,0.40289,0.14493,-0.44693,-0.51491,0.54836,-0.48418,42.79547
0.25556,0.40279,0.14493,-0.44696,-0.51491,0.54832,-0.48419,42.89583
0.25556,0.40269,0.14494,-0.44700,-0.51492,0.54828,-0.48418,42.99620
0.25556,0.40259,0.14495,-0.44704,-0.51492,0.54824,-0.48419,43.09656
0.25556,0.40249,0.14496,-0.44707,-0.51493,0.54820,-0.48420,43.19693
0.25556,0.40239,0.14496,-0.44712,-0.51493,0.54817,-0.48420,43.29729
0.25557,0.40229,0.14497,-0.44715,-0.51493,0.54813,-0.48420,43.39765
0.25557,0.40219,0.14498,-0.44719,-0.51494,0.54809,-0.48420,43.49801
0.25557,0.40209,0.14498,-0.44723,-0.51494,0.54805,-0.48421,43.59837
0.25557,0.40199,0.14499,-0.44726,-0.51495,0.54801,-0.48421,43.69873
0.25557,0.40189,0.14500,-0.44731,-0.51495,0.54798,-0.48422,43.79909
0.25557,0.40179,0.14501,-0.44734,-0.51496,0.54794,-0.48422,43.89945
0.25557,0.40169,0.14501,-0.44738,-0.51496,0.54790,-0.48422,43.99981
0.25557,0.40159,0.14502,-0.44742,-0.51497,0.54786,-0.48422,44.10017
0.25557,0.40149,0.14502,-0.44745,-0.51497,0.54782,-0.48423,44.20052
0.25557,0.40139,0.14503,-0.44749,-0.51498,0.54778,-0.48423,44.30088
0.25557,0.40129,0.14504,-0.44753,-0.51498,0.54775,-0.48423,44.40123
0.25557,0.40119,0.14505,-0.44757,-0.51499,0.54771,-0.48424,44.50159
0.25558,0.40109,0.14505,-0.44761,-0.51499,0.54767,-0.48424,44.60194
0.25558,0.40099,0.14506,-0.44765,-0.51500,0.54763,-0.48424,44.70229
0.25558,0.40089,0.14507,-0.44768,-0.51501,0.54759,-0.48425,44.80265
0.25558,0.40079,0.14507,-0.44772,-0.51501,0.54755,-0.48425,44.90300
0.25558,0.40069,0.14508,-0.44776,-0.51502,0.54751,-0.48425,45.00335
0.25558,0.40059,0.14509,-0.44780,-0.51502,0.54747,-0.48426,45.10370
0.25558,0.40049,0.14510,-0.44784,-0.51502,0.54744,-0.48425,45.20405
0.25558,0.40039,0.14510,-0.44788,-0.51503,0.54740,-0.48426,45.30440
0.25558,0.40029,0.14511,-0.44792,-0.51503,0.54736,-0.48426,45.40475
0.25558,0.40019,0.14512,-0.44795,-0.51504,0.54732,-0.48427,45.50510
0.25558,0.40009,0.14512,-0.44799,-0.51505,0.54728,-0.48427,45.60544
0.25558,0.39999,0.14513,-0.44803,-0.51505,0.54724,-0.48428,45.70579
0.25559,0.39989,0.14514,-0.44807,-0.51506,0.54720,-0.48428,45.80614
0.25559,0.39979,0.14514,-0.44811,-0.51507,0.54716,-0.48427,45.90648
0.25559,0.39969,0.14515,-0.44815,-0.51507,0.54713,-0.48427,46.00683
0.25559,0.39959,0.14516,-0.44819,-0.51507,0.54708,-0.48428,46.10717
0.25559,0.39949,0.14516,-0.44823,-0.51508,0.54705,-0.48428,46.20751
0.25559,0.39939,0.14517,-0.44827,-0.51508,0.54701,-0.48428,46.30786
0.25559,0.39929,0.14517,-0.44830,-0.51509,0.54697,-0.48429,46.40820
0.25559,0.39919,0.14518,-0.44834,-0.51510,0.54693,-0.48429,46.50854
0.25559,0.39909,0.14519,-0.44838,-0.51511,0.54689,-0.48429,46.60888
0.25559,0.39899,0.14520,-0.44842,-0.51511,0.54685,-0.48429,46.70922
0.25559,0.39889,0.14521,-0.44846,-0.51511,0.54681,-0.48430,46.80956
0.25559,0.39879,0.14521,-0.44850,-0.51512,0.54677,-0.48430,46.90990
0.25560,0.39869,0.14521,-0.44854,-0.51513,0.54673,-0.48430,47.01023
0.25560,0.39859,0.14522,-0.44858,-0.51514,0.54669,-0.48430,47.11057
0.25560,0.39849,0.14523,-0.44862,-0.51514,0.54665,-0.48431,47.21091
0.25560,0.39839,0.14524,-0.44866,-0.51515,0.54661,-0.48431,47.31124
0.25560,0.39829,0.14525,-0.44869,-0.51515,0.54657,-0.48430,47.41158
0.25560,0.39819,0.14525,-0.44874,-0.51515,0.54653,-0.48431,47.51191
0.25560,0.39809,0.14525,-0.44877,-0.51516,0.54649,-0.48431,47.61225
0.25560,0.39798,0.14526,-0.44881,-0.51517,0.54645,-0.48431,47.71258
0.25560,0.39788,0.14527,-0.44885,-0.51517,0.54641,-0.48431,47.81291
0.25560,0.39778,0.14528,-0.44889,-0.51518,0.54637,-0.48431,47.91324
0.25560,0.39768,0.14529,-0.44893,-0.51519,0.54633,-0.48431,48.01357
0.25561,0.39758,0.14529,-0.44897,-0.51519,0.54629,-0.48432,48.11390
0.25561,0.39748,0.14529,-0.44900,-0.51520,0.54625,-0.48432,48.21423
0.25561,0.39738,0.14530,-0.44904,-0.51521,0.54621,-0.48432,48.31456
0.25561,0.39728,0.14531,-0.44909,-0.51521,0.54617,-0.48432,48.41489
0.25561,0.39718,0.14532,-0.44913,-0.51522,0.54613,-0.48432,48.51522
0.25561,0.39708,0.14532,-0.44916,-0.51523,0.54609,-0.48433,48.61555
0.25561,0.39698,0.14533,-0.44920,-0.51523,0.54605,-0.48433,48.71587
0.25561,0.39688,0.14534,-0.44924,-0.51524,0.54601,-0.48433,48.81620
0.25561,0.39678,0.14534,-0.44928,-0.51525,0.54597,-0.48433,48.91652
0.25561,0.39668,0.14535,-0.44932,-0.51525,0.54593,-0.48433,49.01685
0.25561,0.39658,0.14536,-0.44936,-0.51526,0.54589,-0.48434,49.11717
0.25561,0.39648,0.14536,-0.44940,-0.51527,0.54585,-0.48434,49.21749
0.25562,0.39638,0.14537,-0.44944,-0.51528,0.54581,-0.48434,49.31781
0.25562,0.39628,0.14538,-0.44948,-0.51528,0.54577,-0.48434,49.41813
0.25562,0.39618,0.14538,-0.44952,-0.51529,0.54573,-0.48434,49.51845
0.25562,0.39608,0.14539,-0.44956,-0.51530,0.54569,-0.48434,49.61877
0.25562,0.39598,0.14539,-0.44961,-0.51531,0.54564,-0.48434,49.71909
0.25562,0.39588,0.14540,-0.44965,-0.51531,0.54560,-0.48435,49.81941
0.25562,0.39578,0.14541,-0.44969,-0.51532,0.54556,-0.48434,49.91973
0.25562,0.39568,0.14542,-0.44973,-0.51533,0.54552,-0.48434,50.02005
0.25562,0.39558,0.14543,-0.44977,-0.51533,0.54548,-0.48435,50.12036
0.25562,0.39548,0.14542,-0.44981,-0.51534,0.54544,-0.48434,50.22068
0.25562,0.39538,0.14543,-0.44985,-0.51535,0.54540,-0.48434,50.32099
0.25562,0.39528,0.14544,-0.44989,-0.51536,0.54536,-0.48434,50.42131
0.25563,0.39518,0.14545,-0.44993,-0.51536,0.54532,-0.48435,50.52162
0.25563,0.39508,0.14545,-0.44997,-0.51537,0.54528,-0.48435,50.62193
0.25563,0.39498,0.14546,-0.45001,-0.51538,0.54524,-0.48435,50.72225
0.25563,0.39488,0.14547,-0.45005,-0.51539,0.54519,-0.48435,50.82256
0.25563,0.39478,0.14547,-0.45009,-0.51539,0.54516,-0.48435,50.92287
0.25563,0.39468,0.14548,-0.45013,-0.51540,0.54512,-0.48435,51.02318
0.25563,0.39458,0.14548,-0.45017,-0.51541,0.54507,-0.48435,51.12349
0.25563,0.39448,0.14549,-0.45021,-0.51542,0.54503,-0.48435,51.22380
0.25563,0.39438,0.14550,-0.45025,-0.51543,0.54499,-0.48435,51.32410
0.25563,0.39428,0.14551,-0.45030,-0.51543,0.54494,-0.48436,51.42441
0.25563,0.39418,0.14551,-0.45034,-0.51544,0.54490,-0.48436,51.52472
0.25563,0.39408,0.14551,-0.45038,-0.51545,0.54486,-0.48436,51.62502
0.25564,0.39398,0.14552,-0.45042,-0.51546,0.54482,-0.48436,51.72533
0.25564,0.39388,0.14553,-0.45045,-0.51547,0.54478,-0.48435,51.82563
0.25564,0.39378,0.14554,-0.45050,-0.51547,0.54474,-0.48436,51.92594
0.25564,0.39368,0.14554,-0.45054,-0.51548,0.54470,-0.48436,52.02624
0.25564,0.39358,0.14555,-0.45058,-0.51549,0.54465,-0.48436,52.12654
0.25564,0.39348,0.14555,-0.45062,-0.51550,0.54461,-0.48436,52.22684
0.25564,0.39338,0.14556,-0.45066,-0.51551,0.54457,-0.48435,52.32714
0.25564,0.39328,0.14557,-0.45071,-0.51551,0.54453,-0.48435,52.42744
0.25564,0.39318,0.14557,-0.45075,-0.51552,0.54449,-0.48435,52.52774
0.25564,0.39308,0.14558,-0.45078,-0.51553,0.54445,-0.48435,52.62804
0.25564,0.39298,0.14559,-0.45083,-0.51554,0.54440,-0.48435,52.72834
0.25565,0.39288,0.14559,-0.45087,-0.51555,0.54436,-0.48435,52.82864
0.25565,0.39278,0.14559,-0.45091,-0.51556,0.54432,-0.48435,52.92893
0.25565,0.39268,0.14560,-0.45095,-0.51556,0.54428,-0.48435,53.02923
0.25565,0.39258,0.14561,-0.45099,-0.51557,0.54424,-0.48435,53.12953
0.25565,0.39248,0.14562,-0.45103,-0.51557,0.54420,-0.48436,53.22982
0.25565,0.39238,0.14563,-0.45107,-0.51559,0.54415,-0.48436,53.33011
0.25565,0.39228,0.14563,-0.45111,-0.51560,0.54411,-0.48436,53.43041
0.25565,0.39218,0.14563,-0.45115,-0.51561,0.54407,-0.48436,53.53070
0.25565,0.39208,0.14564,-0.45119,-0.51561,0.54403,-0.48436,53.63099
0.25565,0.39198,0.14565,-0.45124,-0.51561,0.54399,-0.48436,53.73128
0.25565,0.39188,0.14565,-0.45128,-0.51563,0.54394,-0.48436,53.83157
0.25565,0.39178,0.14566,-0.45132,-0.51564,0.54390,-0.48436,53.93186
0.25566,0.39168,0.14567,-0.45136,-0.51565,0.54386,-0.48436,54.03215
0.25566,0.39158,0.14568,-0.45140,-0.51565,0.54382,-0.48436,54.13244
0.25566,0.39148,0.14567,-0.45144,-0.51566,0.54378,-0.48435,54.23273
0.25566,0.39138,0.14568,-0.45149,-0.51567,0.54373,-0.48435,54.33301
0.25566,0.39128,0.14569,-0.45153,-0.51568,0.54369,-0.48435,54.43330
0.25566,0.39118,0.14570,-0.45157,-0.51569,0.54364,-0.48435,54.53358
0.25566,0.39108,0.14570,-0.45161,-0.51570,0.54361,-0.48435,54.63387
0.25566,0.39098,0.14571,-0.45165,-0.51571,0.54356,-0.48435,54.73415
0.25566,0.39088,0.14571,-0.45170,-0.51572,0.54352,-0.48434,54.83443
0.25566,0.39078,0.14572,-0.45174,-0.51573,0.54348,-0.48434,54.93472
0.25566,0.39068,0.14572,-0.45178,-0.51574,0.54344,-0.48434,55.03500
0.25566,0.39058,0.14573,-0.45182,-0.51575,0.54339,-0.48434,55.13528
0.25567,0.39048,0.14574,-0.45187,-0.51575,0.54335,-0.48434,55.23556
0.25567,0.39038,0.14575,-0.45191,-0.51576,0.54331,-0.48434,55.33584
0.25567,0.39028,0.14575,-0.45195,-0.51577,0.54326,-0.48434,55.43612
0.25567,0.39018,0.14575,-0.45199,-0.51579,0.54322,-0.48434,55.53640
0.25567,0.39008,0.14576,-0.45203,-0.51579,0.54318,-0.48434,55.63667
0.25567,0.38998,0.14577,-0.45208,-0.51580,0.54313,-0.48434,55.73695
0.25567,0.38988,0.14577,-0.45212,-0.51581,0.54309,-0.48434,55.83723
0.25567,0.38978,0.14578,-0.45216,-0.51582,0.54304,-0.48434,55.93750
0.25567,0.38968,0.14579,-0.45220,-0.51583,0.54300,-0.48434,56.03778
0.25567,0.38958,0.14580,-0.45225,-0.51583,0.54296,-0.48434,56.13805
0.25567,0.38948,0.14579,-0.45229,-0.51584,0.54291,-0.48434,56.23832
0.25568,0.38938,0.14580,-0.45233,-0.51585,0.54287,-0.48434,56.33860
0.25568,0.38928,0.14581,-0.45237,-0.51587,0.54284,-0.48433,56.43887
0.25568,0.38918,0.14582,-0.45242,-0.51587,0.54279,-0.48432,56.53914
0.25568,0.38908,0.14582,-0.45246,-0.51589,0.54274,-0.48433,56.63941
0.25568,0.38898,0.14583,-0.45250,-0.51589,0.54270,-0.48433,56.73968
0.25568,0.38888,0.14583,-0.45254,-0.51590,0.54266,-0.48432,56.83995
0.25568,0.38878,0.14584,-0.45259,-0.51591,0.54261,-0.48432,56.94021
0.25568,0.38868,0.14584,-0.45263,-0.51592,0.54257,-0.48432,57.04048
0.25568,0.38858,0.14585,-0.45267,-0.51593,0.54253,-0.48432,57.14075
0.25568,0.38848,0.14586,-0.45272,-0.51594,0.54248,-0.48432,57.24101
0.25568,0.38838,0.14586,-0.45275,-0.51595,0.54244,-0.48432,57.34128
0.25568,0.38828,0.14587,-0.45280,-0.51596,0.54240,-0.48431,57.44154
0.25569,0.38817,0.14587,-0.45285,-0.51597,0.54235,-0.48431,57.54181
0.25569,0.38807,0.14588,-0.45288,-0.51598,0.54231,-0.48431,57.64207
0.25569,0.38797,0.14588,-0.45292,-0.51599,0.54227,-0.48431,57.74233
0.25569,0.38787,0.14589,-0.45297,-0.51600,0.54222,-0.48431,57.84260
0.25569,0.38777,0.14590,-0.45301,-0.51601,0.54218,-0.48431,57.94286
0.25569,0.38767,0.14590,-0.45305,-0.51602,0.54214,-0.48431,58.04312
0.25569,0.38757,0.14591,-0.45310,-0.51603,0.54209,-0.48430,58.14338
0.25569,0.38747,0.14591,-0.45314,-0.51604,0.54205,-0.48430,58.24363
0.25569,0.38737,0.14592,-0.45318,-0.51605,0.54201,-0.48430,58.34389
0.25569,0.38727,0.14592,-0.45322,-0.51606,0.54196,-0.48430,58.44415
0.25569,0.38717,0.14593,-0.45327,-0.51607,0.54192,-0.48430,58.54441
0.25570,0.38707,0.14594,-0.45331,-0.51609,0.54187,-0.48429,58.64466
0.25570,0.38697,0.14595,-0.45335,-0.51610,0.54183,-0.48429,58.74492
0.25570,0.38687,0.14594,-0.45340,-0.51611,0.54179,-0.48428,58.84517
0.25570,0.38677,0.14595,-0.45344,-0.51612,0.54174,-0.48428,58.94543
0.25570,0.38667,0.14596,-0.45348,-0.51613,0.54170,-0.48428,59.04568
0.25570,0.38657,0.14596,-0.45353,-0.51614,0.54165,-0.48428,59.14593
0.25570,0.38647,0.14597,-0.45357,-0.51615,0.54161,-0.48428,59.24618
0.25570,0.38637,0.14598,-0.45362,-0.51616,0.54156,-0.48427,59.34643
0.25570,0.38627,0.14599,-0.45366,-0.51617,0.54152,-0.48427,59.44668
0.25570,0.38617,0.14598,-0.45370,-0.51618,0.54148,-0.48427,59.54693
0.25570,0.38607,0.14599,-0.45375,-0.51619,0.54143,-0.48427,59.64718
0.25570,0.38597,0.14600,-0.45379,-0.51620,0.54138,-0.48427,59.74743
0.25571,0.38587,0.14600,-0.45383,-0.51621,0.54135,-0.48426,59.84768
0.25571,0.38577,0.14601,-0.45388,-0.51622,0.54130,-0.48426,59.94792
0.25571,0.38567,0.14602,-0.45392,-0.51623,0.54125,-0.48426,60.04817
0.25571,0.38557,0.14601,-0.45396,-0.51624,0.54121,-0.48425,60.14842
0.25571,0.38547,0.14602,-0.45401,-0.51626,0.54116,-0.48426,60.24866
0.25571,0.38537,0.14603,-0.45405,-0.51627,0.54112,-0.48425,60.34890
0.25571,0.38527,0.14604,-0.45410,-0.51628,0.54107,-0.48425,60.44915
0.25571,0.38517,0.14604,-0.45414,-0.51629,0.54103,-0.48425,60.54939
0.25571,0.38507,0.14605,-0.45419,-0.51630,0.54098,-0.48424,60.64963
0.25571,0.38497,0.14606,-0.45423,-0.51631,0.54094,-0.48424,60.74987
0.25571,0.38487,0.14605,-0.45427,-0.51632,0.54089,-0.48424,60.85011
0.25571,0.38477,0.14606,-0.45432,-0.51633,0.54085,-0.48423,60.95035
0.25572,0.38467,0.14607,-0.45435,-0.51634,0.54081,-0.48423,61.05059
0.25572,0.38457,0.14607,-0.45440,-0.51636,0.54076,-0.48422,61.15083
0.25572,0.38447,0.14608,-0.45444,-0.51637,0.54072,-0.48422,61.25107
0.25572,0.38437,0.14609,-0.45449,-0.51638,0.54067,-0.48422,61.35130
0.25572,0.38427,0.14609,-0.45453,-0.51638,0.54063,-0.48422,61.45154
0.25572,0.38417,0.14609,-0.45458,-0.51640,0.54058,-0.48421,61.55177
0.25572,0.38407,0.14610,-0.45462,-0.51641,0.54054,-0.48421,61.65201
0.25572,0.38397,0.14610,-0.45467,-0.51642,0.54049,-0.48421,61.75224
0.25572,0.38387,0.14611,-0.45471,-0.51643,0.54044,-0.48421,61.85248
0.25572,0.38377,0.14612,-0.45475,-0.51645,0.54040,-0.48420,61.95271
0.25572,0.38367,0.14613,-0.45479,-0.51646,0.54036,-0.48420,62.05294
0.25573,0.38357,0.14612,-0.45484,-0.51647,0.54031,-0.48420,62.15317
0.25573,0.38347,0.14613,-0.45488,-0.51648,0.54027,-0.48420,62.25340
0.25573,0.38337,0.14614,-0.45493,-0.51649,0.54022,-0.48419,62.35363
0.25573,0.38327,0.14614,-0.45497,-0.51650,0.54018,-0.48419,62.45386
0.25573,0.38317,0.14615,-0.45502,-0.51651,0.54013,-0.48418,62.55409
0.25573,0.38307,0.14616,-0.45506,-0.51653,0.54009,-0.48418,62.65432
0.25573,0.38297,0.14616,-0.45511,-0.51654,0.54004,-0.48418,62.75454
0.25573,0.38287,0.14616,-0.45515,-0.51654,0.54000,-0.48417,62.85477
0.25573,0.38277,0.14617,-0.45520,-0.51656,0.53995,-0.48417,62.95499
0.25573,0.38267,0.14617,-0.45524,-0.51657,0.53990,-0.48416,63.05522
0.25573,0.38257,0.14618,-0.45529,-0.51658,0.53985,-0.48416,63.15544
0.25573,0.38247,0.14619,-0.45533,-0.51659,0.53981,-0.48416,63.25567
0.25574,0.38237,0.14619,-0.45538,-0.51660,0.53976,-0.48415,63.35589
0.25574,0.38227,0.14620,-0.45542,-0.51661,0.53972,-0.48415,63.45611
0.25574,0.38217,0.14620,-0.45547,-0.51662,0.53967,-0.48415,63.55633
0.25574,0.38207,0.14620,-0.45551,-0.51664,0.53963,-0.48414,63.65655
0.25574,0.38197,0.14621,-0.45556,-0.51665,0.53958,-0.48414,63.75677
0.25574,0.38187,0.14622,-0.45560,-0.51666,0.53954,-0.48414,63.85699
0.25574,0.38177,0.14622,-0.45565,-0.51667,0.53949,-0.48413,63.95721
0.25574,0.38167,0.14623,-0.45569,-0.51669,0.53944,-0.48413,64.05743
0.25574,0.38157,0.14623,-0.45573,-0.51670,0.53940,-0.48412,64.15764
0.25574,0.38147,0.14623,-0.45578,-0.51671,0.53935,-0.48412,64.25786
0.25574,0.38137,0.14624,-0.45582,-0.51672,0.53931,-0.48412,64.35807
0.25575,0.38127,0.14625,-0.45587,-0.51673,0.53926,-0.48412,64.45829
0.25575,0.38117,0.14625,-0.45591,-0.51675,0.53922,-0.48410,64.55850
0.25575,0.38107,0.14626,-0.45595,-0.51676,0.53917,-0.48410,64.65872
0.25575,0.38097,0.14627,-0.45601,-0.51677,0.53912,-0.48410,64.75893
0.25575,0.38087,0.14626,-0.45605,-0.51678,0.53908,-0.48410,64.85914
0.25575,0.38077,0.14627,-0.45609,-0.51680,0.53903,-0.48409,64.95935
0.25575,0.38067,0.14627,-0.45613,-0.51681,0.53899,-0.48408,65.05956
0.25575,0.38057,0.14628,-0.45618,-0.51682,0.53894,-0.48408,65.15977
0.25575,0.38047,0.14629,-0.45622,-0.51683,0.53890,-0.48408,65.25998
0.25575,0.38037,0.14629,-0.45627,-0.51685,0.53885,-0.48407,65.36019
0.25575,0.38027,0.14630,-0.45631,-0.51686,0.53880,-0.48407,65.46040
0.25575,0.38017,0.14630,-0.45636,-0.51687,0.53876,-0.48406,65.56060
0.25576,0.38007,0.14630,-0.45641,-0.51688,0.53871,-0.48406,65.66081
0.25576,0.37997,0.14631,-0.45645,-0.51690,0.53866,-0.48406,65.76102
0.25576,0.37987,0.14632,-0.45650,-0.51691,0.53862,-0.48405,65.86122
0.25576,0.37977,0.14632,-0.45654,-0.51692,0.53857,-0.48405,65.96143
0.25576,0.37967,0.14633,-0.45659,-0.51693,0.53853,-0.48404,66.06163
0.25576,0.37957,0.14633,-0.45663,-0.51695,0.53848,-0.48404,66.16183
0.25576,0.37947,0.14633,-0.45668,-0.51696,0.53843,-0.48404,66.26203
0.25576,0.37937,0.14634,-0.45673,-0.51697,0.53839,-0.48403,66.36224
0.25576,0.37927,0.14634,-0.45677,-0.51698,0.53834,-0.48403,66.46244
0.25576,0.37917,0.14635,-0.45682,-0.51700,0.53829,-0.48401,66.56264
0.25576,0.37907,0.14636,-0.45686,-0.51701,0.53825,-0.48402,66.66284
0.25577,0.37897,0.14636,-0.45691,-0.51702,0.53820,-0.48401,66.76303
0.25577,0.37887,0.14636,-0.45695,-0.51704,0.53815,-0.48400,66.86323
0.25577,0.37877,0.14637,-0.45700,-0.51705,0.53810,-0.48400,66.96343
0.25577,0.37867,0.14637,-0.45705,-0.51706,0.53806,-0.48399,67.06363
0.25577,0.37857,0.14638,-0.45709,-0.51708,0.53801,-0.48399,67.16382
0.25577,0.37847,0.14638,-0.45714,-0.51709,0.53796,-0.48398,67.26402
0.25577,0.37837,0.14639,-0.45718,-0.51710,0.53792,-0.48398,67.36421
0.25577,0.37827,0.14639,-0.45723,-0.51711,0.53787,-0.48397,67.46441
0.25577,0.37817,0.14639,-0.45728,-0.51713,0.53782,-0.48397,67.56460
0.25577,0.37807,0.14640,-0.45732,-0.51714,0.53778,-0.48396,67.66479
0.25577,0.37797,0.14641,-0.45737,-0.51715,0.53773,-0.48396,67.76498
0.25577,0.37787,0.14641,-0.45741,-0.51717,0.53768,-0.48396,67.86517
0.25578,0.37777,0.14642,-0.45746,-0.51718,0.53763,-0.48395,67.96536
0.25578,0.37767,0.14642,-0.45750,-0.51719,0.53759,-0.48395,68.06555
0.25578,0.37757,0.14642,-0.45755,-0.51721,0.53754,-0.48394,68.16574
0.25578,0.37747,0.14643,-0.45759,-0.51722,0.53749,-0.48394,68.26593
0.25578,0.37737,0.14643,-0.45764,-0.51723,0.53745,-0.48393,68.36612
0.25578,0.37727,0.14644,-0.45768,-0.51725,0.53740,-0.48393,68.46631
0.25578,0.37717,0.14645,-0.45773,-0.51726,0.53735,-0.48392,68.56649
0.25578,0.37707,0.14645,-0.45778,-0.51727,0.53731,-0.48391,68.66668
0.25578,0.37697,0.14646,-0.45782,-0.51729,0.53726,-0.48390,68.76686
0.25578,0.37687,0.14645,-0.45787,-0.51730,0.53721,-0.48390,68.86705
0.25578,0.37677,0.14646,-0.45792,-0.51731,0.53716,-0.48390,68.96723
0.25579,0.37667,0.14647,-0.45796,-0.51733,0.53712,-0.48389,69.06741
0.25579,0.37657,0.14647,-0.45801,-0.51734,0.53707,-0.48388,69.16759
0.25579,0.37647,0.14648,-0.45805,-0.51735,0.53702,-0.48388,69.26778
0.25579,0.37637,0.14648,-0.45810,-0.51737,0.53698,-0.48387,69.36796
0.25579,0.37626,0.14648,-0.45815,-0.51738,0.53693,-0.48387,69.46814
0.25579,0.37616,0.14649,-0.45819,-0.51740,0.53688,-0.48386,69.56832
0.25579,0.37606,0.14649,-0.45824,-0.51741,0.53683,-0.48386,69.66850
0.25579,0.37596,0.14650,-0.45829,-0.51742,0.53679,-0.48385,69.76867
0.25579,0.37586,0.14650,-0.45833,-0.51744,0.53674,-0.48385,69.86885
0.25579,0.37576,0.14651,-0.45838,-0.51745,0.53669,-0.48384,69.96903
0.25579,0.37566,0.14652,-0.45843,-0.51746,0.53664,-0.48384,70.06920
0.25579,0.37556,0.14651,-0.45847,-0.51748,0.53660,-0.48383,70.16938
0.25580,0.37546,0.14652,-0.45852,-0.51749,0.53655,-0.48383,70.26955
0.25580,0.37536,0.14652,-0.45857,-0.51751,0.53649,-0.48382,70.36973
0.25580,0.37526,0.14653,-0.45861,-0.51751,0.53645,-0.48381,70.46990
0.25580,0.37516,0.14653,-0.45866,-0.51753,0.53641,-0.48381,70.57007
0.25580,0.37506,0.14654,-0.45871,-0.51755,0.53635,-0.48380,70.67025
0.25580,0.37496,0.14655,-0.45876,-0.51756,0.53630,-0.48379,70.77042
0.25580,0.37486,0.14654,-0.45880,-0.51758,0.53626,-0.48379,70.87059
0.25580,0.37476,0.14655,-0.45884,-0.51758,0.53621,-0.48378,70.97076
0.25580,0.37466,0.14655,-0.45890,-0.51760,0.53616,-0.48377,71.07093
0.25580,0.37456,0.14656,-0.45894,-0.51761,0.53611,-0.48377,71.17110
0.25580,0.37446,0.14657,-0.45899,-0.51763,0.53606,-0.48376,71.27126
0.25581,0.37436,0.14657,-0.45903,-0.51764,0.53602,-0.48376,71.37143
0.25581,0.37426,0.14657,-0.45908,-0.51765,0.53597,-0.48375,71.47160
0.25581,0.37416,0.14657,-0.45913,-0.51767,0.53592,-0.48374,71.57176
0.25581,0.37406,0.14658,-0.45917,-0.51768,0.53587,-0.48374,71.67193
0.25581,0.37396,0.14658,-0.45922,-0.51769,0.53583,-0.48373,71.77209
0.25581,0.37386,0.14659,-0.45926,-0.51771,0.53578,-0.48373,71.87226
0.25581,0.37376,0.14660,-0.45931,-0.51772,0.53573,-0.48372,71.97242
0.25581,0.37366,0.14660,-0.45936,-0.51774,0.53568,-0.48371,72.07258
0.25581,0.37356,0.14660,-0.45941,-0.51775,0.53563,-0.48371,72.17275
0.25581,0.37346,0.14660,-0.45945,-0.51777,0.53559,-0.48370,72.27291
0.25581,0.37336,0.14661,-0.45950,-0.51778,0.53554,-0.48370,72.37307
0.25581,0.37326,0.14661,-0.45955,-0.51779,0.53549,-0.48369,72.47323
0.25582,0.37316,0.14662,-0.45960,-0.51781,0.53544,-0.48368,72.57339
0.25582,0.37306,0.14663,-0.45964,-0.51783,0.53539,-0.48368,72.67355
0.25582,0.37296,0.14663,-0.45969,-0.51784,0.53534,-0.48367,72.77370
0.25582,0.37286,0.14663,-0.45974,-0.51785,0.53530,-0.48366,72.87386
0.25582,0.37276,0.14663,-0.45979,-0.51787,0.53525,-0.48365,72.97402
0.25582,0.37266,0.14664,-0.45983,-0.51788,0.53520,-0.48364,73.07417
0.25582,0.37256,0.14664,-0.45988,-0.51789,0.53515,-0.48364,73.17433
0.25582,0.37246,0.14665,-0.45993,-0.51791,0.53510,-0.48363,73.27448
0.25582,0.37236,0.14665,-0.45998,-0.51792,0.53505,-0.48363,73.37464
0.25582,0.37226,0.14665,-0.46002,-0.51794,0.53501,-0.48362,73.47479
0.25582,0.37216,0.14666,-0.46007,-0.51795,0.53496,-0.48361,73.57494
0.25583,0.37206,0.14666,-0.46012,-0.51797,0.53490,-0.48361,73.67510
0.25583,0.37196,0.14667,-0.46017,-0.51798,0.53486,-0.48360,73.77525
0.25583,0.37186,0.14667,-0.46022,-0.51800,0.53481,-0.48359,73.87540
0.25583,0.37176,0.14668,-0.46026,-0.51801,0.53476,-0.48359,73.97555
0.25583,0.37166,0.14668,-0.46030,-0.51803,0.53471,-0.48358,74.07570
0.25583,0.37156,0.14668,-0.46036,-0.51804,0.53466,-0.48357,74.17585
0.25583,0.37146,0.14668,-0.46040,-0.51806,0.53461,-0.48356,74.27600
0.25583,0.37136,0.14669,-0.46045,-0.51807,0.53457,-0.48356,74.37614
0.25583,0.37126,0.14670,-0.46049,-0.51809,0.53451,-0.48355,74.47629
0.25583,0.37116,0.14670,-0.46055,-0.51810,0.53446,-0.48355,74.57644
0.25583,0.37106,0.14671,-0.46059,-0.51812,0.53441,-0.48353,74.67658
0.25584,0.37096,0.14670,-0.46064,-0.51813,0.53437,-0.48353,74.77673
0.25584,0.37086,0.14671,-0.46068,-0.51815,0.53432,-0.48352,74.87687
0.25584,0.37076,0.14671,-0.46073,-0.51816,0.53427,-0.48351,74.97702
0.25584,0.37066,0.14672,-0.46078,-0.51818,0.53422,-0.48351,75.07716
0.25584,0.37056,0.14672,-0.46083,-0.51819,0.53417,-0.48350,75.17730
0.25584,0.37046,0.14673,-0.46088,-0.51821,0.53412,-0.48349,75.27744
0.25584,0.37036,0.14673,-0.46093,-0.51822,0.53407,-0.48348,75.37758
0.25584,0.37026,0.14673,-0.46097,-0.51824,0.53402,-0.48348,75.47773
0.25584,0.37016,0.14673,-0.46102,-0.51825,0.53398,-0.48347,75.57787
0.25584,0.37006,0.14674,-0.46107,-0.51827,0.53393,-0.48346,75.67800
0.25584,0.36996,0.14674,-0.46112,-0.51828,0.53388,-0.48346,75.77814
0.25584,0.36986,0.14675,-0.46117,-0.51830,0.53383,-0.48345,75.87828
0.25585,0.36976,0.14676,-0.46121,-0.51831,0.53378,-0.48344,75.97842
0.25585,0.36966,0.14676,-0.46126,-0.51833,0.53373,-0.48344,76.07856
0.25585,0.36956,0.14676,-0.46131,-0.51834,0.53368,-0.48343,76.17869
0.25585,0.36946,0.14676,-0.46136,-0.51836,0.53363,-0.48342,76.27883
0.25585,0.36936,0.14677,-0.46141,-0.51837,0.53358,-0.48342,76.37896
0.25585,0.36926,0.14677,-0.46146,-0.51839,0.53353,-0.48340,76.47910
0.25585,0.36916,0.14678,-0.46151,-0.51840,0.53348,-0.48340,76.57923
0.25585,0.36906,0.14678,-0.46155,-0.51842,0.53344,-0.48338,76.67936
0.25585,0.36896,0.14678,-0.46160,-0.51843,0.53339,-0.48338,76.77950
0.25585,0.36886,0.14678,-0.46165,-0.51845,0.53334,-0.48337,76.87963
0.25585,0.36876,0.14679,-0.46169,-0.51847,0.53328,-0.48336,76.97976
0.25586,0.36866,0.14679,-0.46174,-0.51848,0.53323,-0.48336,77.07989
0.25586,0.36856,0.14680,-0.46179,-0.51850,0.53318,-0.48335,77.18002
0.25586,0.36846,0.14680,-0.46184,-0.51851,0.53313,-0.48334,77.28015
0.25586,0.36836,0.14681,-0.46189,-0.51853,0.53309,-0.48333,77.38028
0.25586,0.36826,0.14680,-0.46193,-0.51854,0.53304,-0.48333,77.48041
0.25586,0.36816,0.14681,-0.46198,-0.51856,0.53298,-0.48332,77.58053
0.25586,0.36806,0.14681,-0.46204,-0.51857,0.53294,-0.48331,77.68066
0.25586,0.36796,0.14682,-0.46208,-0.51859,0.53288,-0.48330,77.78079
0.25586,0.36786,0.14682,-0.46213,-0.51860,0.53283,-0.48330,77.88091
0.25586,0.36776,0.14683,-0.46218,-0.51862,0.53278,-0.48329,77.98104
0.25586,0.36766,0.14683,-0.46222,-0.51864,0.53273,-0.48328,78.08116
0.25586,0.36756,0.14683,-0.46227,-0.51865,0.53269,-0.48327,78.18129
0.25587,0.36746,0.14683,-0.46232,-0.51867,0.53263,-0.48327,78.28141
0.25587,0.36736,0.14684,-0.46237,-0.51868,0.53259,-0.48325,78.38153
0.25587,0.36726,0.14684,-0.46242,-0.51870,0.53254,-0.48324,78.48165
0.25587,0.36716,0.14685,-0.46247,-0.51871,0.53249,-0.48323,78.58177
0.25587,0.36706,0.14685,-0.46252,-0.51872,0.53244,-0.48323,78.68190
0.25587,0.36696,0.14685,-0.46257,-0.51874,0.53239,-0.48322,78.78202
0.25587,0.36686,0.14685,-0.46262,-0.51875,0.53234,-0.48321,78.88214
0.25587,0.36676,0.14686,-0.46266,-0.51878,0.53229,-0.48320,78.98225
0.25587,0.36666,0.14686,-0.46271,-0.51879,0.53224,-0.48319,79.08237
0.25587,0.36656,0.14687,-0.46276,-0.51880,0.53219,-0.48319,79.18249
0.25587,0.36646,0.14687,-0.46281,-0.51882,0.53214,-0.48318,79.28261
0.25588,0.36636,0.14688,-0.46286,-0.51884,0.53209,-0.48317,79.38272
0.25588,0.36626,0.14687,-0.46291,-0.51885,0.53204,-0.48316,79.48284
0.25588,0.36616,0.14688,-0.46296,-0.51887,0.53199,-0.48315,79.58296
0.25588,0.36606,0.14688,-0.46300,-0.51888,0.53194,-0.48315,79.68307
0.25588,0.36596,0.14689,-0.46305,-0.51890,0.53189,-0.48314,79.78318
0.25588,0.36586,0.14689,-0.46311,-0.51891,0.53184,-0.48313,79.88330
0.25588,0.36576,0.14689,-0.46315,-0.51893,0.53179,-0.48312,79.98341
0.25588,0.36566,0.14690,-0.46321,-0.51895,0.53174,-0.48311,80.08352
0.25588,0.36556,0.14689,-0.46324,-0.51896,0.53169,-0.48311,80.18364
0.25588,0.36546,0.14690,-0.46329,-0.51898,0.53164,-0.48309,80.28375
0.25588,0.36536,0.14690,-0.46334,-0.51899,0.53159,-0.48309,80.38386
0.25589,0.36526,0.14691,-0.46339,-0.51901,0.53154,-0.48307,80.48397
0.25589,0.36516,0.14691,-0.46345,-0.51903,0.53149,-0.48307,80.58408
0.25589,0.36506,0.14692,-0.46349,-0.51904,0.53143,-0.48306,80.68419
0.25589,0.36496,0.14691,-0.46354,-0.51906,0.53138,-0.48305,80.78429
0.25589,0.36486,0.14692,-0.46359,-0.51907,0.53133,-0.48304,80.88440
0.25589,0.36476,0.14692,-0.46364,-0.51909,0.53128,-0.48303,80.98451
0.25589,0.36466,0.14693,-0.46369,-0.51911,0.53123,-0.48302,81.08462
0.25589,0.36456,0.14693,-0.46374,-0.51912,0.53118,-0.48301,81.18472
0.25589,0.36446,0.14694,-0.46379,-0.51914,0.53113,-0.48301,81.28483
0.25589,0.36436,0.14694,-0.46384,-0.51915,0.53108,-0.48300,81.38493
0.25589,0.36426,0.14693,-0.46389,-0.51917,0.53102,-0.48299,81.48504
0.25589,0.36416,0.14694,-0.46394,-0.51919,0.53097,-0.48298,81.58514
0.25590,0.36406,0.14694,-0.46399,-0.51920,0.53092,-0.48297,81.68524
0.25590,0.36396,0.14695,-0.46404,-0.51922,0.53087,-0.48296,81.78535
0.25590,0.36386,0.14695,-0.46409,-0.51924,0.53082,-0.48295,81.88545
0.25590,0.36376,0.14696,-0.46414,-0.51925,0.53077,-0.48295,81.98555
0.25590,0.36366,0.14695,-0.46418,-0.51927,0.53072,-0.48294,82.08565
0.25590,0.36356,0.14696,-0.46423,-0.51929,0.53067,-0.48293,82.18575
0.25590,0.36346,0.14696,-0.46428,-0.51930,0.53062,-0.48292,82.28585
0.25590,0.36336,0.14697,-0.46433,-0.51932,0.53057,-0.48291,82.38595
0.25590,0.36326,0.14697,-0.46438,-0.51934,0.53052,-0.48289,82.48605
0.25590,0.36316,0.14697,-0.46443,-0.51935,0.53047,-0.48289,82.58615
0.25590,0.36306,0.14698,-0.46447,-0.51937,0.53042,-0.48288,82.68625
0.25591,0.36296,0.14697,-0.46452,-0.51939,0.53037,-0.48287,82.78634
0.25591,0.36286,0.14698,-0.46457,-0.51940,0.53032,-0.48286,82.88644
0.25591,0.36276,0.14698,-0.46462,-0.51942,0.53027,-0.48285,82.98653
0.25591,0.36266,0.14699,-0.46468,-0.51943,0.53022,-0.48284,83.08663
0.25591,0.36256,0.14699,-0.46472,-0.51945,0.53017,-0.48283,83.18672
0.25591,0.36246,0.14699,-0.46478,-0.51947,0.53011,-0.48282,83.28682
0.25591,0.36236,0.14700,-0.46483,-0.51948,0.53006,-0.48281,83.38691
0.25591,0.36226,0.14699,-0.46487,-0.51950,0.53001,-0.48281,83.48701
0.25591,0.36216,0.14700,-0.46492,-0.51952,0.52996,-0.48280,83.58710
0.25591,0.36206,0.14700,-0.46497,-0.51953,0.52991,-0.48279,83.68719
0.25591,0.36196,0.14701,-0.46502,-0.51955,0.52986,-0.48278,83.78728
0.25592,0.36186,0.14701,-0.46507,-0.51957,0.52981,-0.48277,83.88737
0.25592,0.36176,0.14701,-0.46512,-0.51959,0.52975,-0.48275,83.98746
0.25592,0.36166,0.14701,-0.46517,-0.51960,0.52971,-0.48275,84.08755
0.25592,0.36156,0.14701,-0.46522,-0.51962,0.52965,-0.48273,84.18764
0.25592,0.36146,0.14702,-0.46527,-0.51964,0.52960,-0.48272,84.28773
0.25592,0.36136,0.14702,-0.46532,-0.51965,0.52955,-0.48272,84.38782
0.25592,0.36126,0.14703,-0.46537,-0.51967,0.52949,-0.48271,84.48791
0.25592,0.36116,0.14703,-0.46542,-0.51969,0.52944,-0.48270,84.58799
0.25592,0.36106,0.14703,-0.46547,-0.51970,0.52939,-0.48269,84.68808
0.25592,0.36096,0.14703,-0.46552,-0.51972,0.52934,-0.48268,84.78817
0.25592,0.36086,0.14703,-0.46557,-0.51974,0.52929,-0.48267,84.88825
0.25593,0.36076,0.14704,-0.46562,-0.51975,0.52924,-0.48266,84.98834
0.25593,0.36066,0.14704,-0.46567,-0.51977,0.52919,-0.48265,85.08842
0.25593,0.36056,0.14704,-0.46572,-0.51979,0.52914,-0.48264,85.18851
0.25593,0.36046,0.14705,-0.46577,-0.51980,0.52909,-0.48263,85.28859
0.25593,0.36036,0.14705,-0.46583,-0.51982,0.52903,-0.48262,85.38867
0.25593,0.36026,0.14705,-0.46587,-0.51984,0.52898,-0.48261,85.48876
0.25593,0.36016,0.14705,-0.46592,-0.51986,0.52893,-0.48260,85.58884
0.25593,0.36006,0.14706,-0.46597,-0.51987,0.52888,-0.48259,85.68892
0.25593,0.35996,0.14706,-0.46602,-0.51989,0.52883,-0.48258,85.78900
0.25593,0.35986,0.14706,-0.46607,-0.51990,0.52878,-0.48257,85.88908
0.25593,0.35975,0.14707,-0.46612,-0.51992,0.52873,-0.48256,85.98916
0.25593,0.35965,0.14706,-0.46617,-0.51994,0.52867,-0.48255,86.08924
0.25594,0.35955,0.14707,-0.46622,-0.51996,0.52862,-0.48254,86.18932
0.25594,0.35945,0.14707,-0.46627,-0.51997,0.52857,-0.48253,86.28940
0.25594,0.35935,0.14707,-0.46632,-0.51999,0.52852,-0.48252,86.38947
0.25594,0.35925,0.14708,-0.46637,-0.52001,0.52847,-0.48251,86.48955
0.25594,0.35915,0.14708,-0.46642,-0.52002,0.52841,-0.48250,86.58963
0.25594,0.35905,0.14708,-0.46647,-0.52004,0.52837,-0.48249,86.68971
0.25594,0.35895,0.14708,-0.46652,-0.52006,0.52831,-0.48248,86.78978
0.25594,0.35885,0.14708,-0.46657,-0.52008,0.52826,-0.48247,86.88986
0.25594,0.35875,0.14709,-0.46662,-0.52010,0.52821,-0.48246,86.98993
0.25594,0.35865,0.14709,-0.46667,-0.52011,0.52816,-0.48245,87.09001
0.25594,0.35855,0.14709,-0.46672,-0.52013,0.52811,-0.48244,87.19008
0.25595,0.35845,0.14710,-0.46677,-0.52015,0.52805,-0.48243,87.29015
0.25595,0.35835,0.14710,-0.46683,-0.52016,0.52800,-0.48242,87.39023
0.25595,0.35825,0.14710,-0.46688,-0.52018,0.52794,-0.48241,87.49030
0.25595,0.35815,0.14710,-0.46693,-0.52020,0.52789,-0.48240,87.59037
0.25595,0.35805,0.14710,-0.46698,-0.52021,0.52784,-0.48238,87.69044
0.25595,0.35795,0.14711,-0.46703,-0.52023,0.52779,-0.48237,87.79051
0.25595,0.35785,0.14711,-0.46708,-0.52024,0.52774,-0.48236,87.89058
0.25595,0.35775,0.14711,-0.46713,-0.52027,0.52768,-0.48235,87.99065
0.25595,0.35765,0.14711,-0.46718,-0.52029,0.52763,-0.48234,88.09072
0.25595,0.35755,0.14711,-0.46723,-0.52030,0.52758,-0.48233,88.19079
0.25595,0.35745,0.14712,-0.46728,-0.52032,0.52753,-0.48232,88.29086
0.25596,0.35735,0.14712,-0.46732,-0.52033,0.52748,-0.48231,88.39093
0.25596,0.35725,0.14712,-0.46737,-0.52035,0.52743,-0.48230,88.49099
0.25596,0.35715,0.14713,-0.46743,-0.52037,0.52737,-0.48229,88.59106
0.25596,0.35705,0.14713,-0.46748,-0.52038,0.52732,-0.48228,88.69113
0.25596,0.35695,0.14712,-0.46753,-0.52040,0.52727,-0.48227,88.79119
0.25596,0.35685,0.14713,-0.46758,-0.52042,0.52722,-0.48226,88.89126
0.25596,0.35675,0.14713,-0.46763,-0.52043,0.52717,-0.48225,88.99132
0.25596,0.35665,0.14713,-0.46768,-0.52046,0.52711,-0.48224,89.09139
0.25596,0.35655,0.14714,-0.46773,-0.52047,0.52706,-0.48223,89.19145
0.25596,0.35645,0.14714,-0.46778,-0.52049,0.52701,-0.48222,89.29152
0.25596,0.35635,0.14714,-0.46783,-0.52050,0.52696,-0.48221,89.39158
0.25597,0.35625,0.14714,-0.46788,-0.52052,0.52691,-0.48220,89.49164
0.25597,0.35615,0.14714,-0.46793,-0.52054,0.52685,-0.48219,89.59170
0.25597,0.35605,0.14715,-0.46799,-0.52056,0.52680,-0.48217,89.69177
0.25597,0.35595,0.14715,-0.46804,-0.52057,0.52675,-0.48216,89.79183
0.25597,0.35585,0.14715,-0.46809,-0.52059,0.52670,-0.48215,89.89189
0.25597,0.35575,0.14716,-0.46814,-0.52061,0.52664,-0.48214,89.99195
0.25597,0.35565,0.14715,-0.46819,-0.52063,0.52659,-0.48213,90.09201
0.25597,0.35555,0.14715,-0.46824,-0.52064,0.52654,-0.48212,90.19207
0.25597,0.35545,0.14716,-0.46829,-0.52066,0.52649,-0.48211,90.29213
0.25597,0.35535,0.14716,-0.46834,-0.52068,0.52643,-0.48210,90.39219
0.25597,0.35525,0.14716,-0.46839,-0.52070,0.52638,-0.48209,90.49224
0.25597,0.35515,0.14717,-0.46845,-0.52071,0.52632,-0.48208,90.59230
0.25598,0.35505,0.14717,-0.46849,-0.52073,0.52627,-0.48207,90.69236
0.25598,0.35495,0.14716,-0.46854,-0.52075,0.52622,-0.48205,90.79242
0.25598,0.35485,0.14717,-0.46859,-0.52077,0.52617,-0.48204,90.89247
0.25598,0.35475,0.14717,-0.46864,-0.52079,0.52611,-0.48203,90.99253
0.25598,0.35465,0.14717,-0.46870,-0.52080,0.52607,-0.48202,91.09258
0.25598,0.35455,0.14718,-0.46874,-0.52082,0.52601,-0.48201,91.19264
0.25598,0.35445,0.14718,-0.46879,-0.52084,0.52596,-0.48200,91.29269
0.25598,0.35435,0.14717,-0.46885,-0.52086,0.52590,-0.48198,91.39275
0.25598,0.35425,0.14718,-0.46890,-0.52087,0.52585,-0.48198,91.49280
0.25598,0.35415,0.14718,-0.46895,-0.52089,0.52580,-0.48196,91.59285
0.25598,0.35405,0.14718,-0.46900,-0.52091,0.52575,-0.48195,91.69291
0.25599,0.35395,0.14719,-0.46905,-0.52093,0.52569,-0.48194,91.79296
0.25599,0.35385,0.14719,-0.46910,-0.52095,0.52564,-0.48193,91.89301
0.25599,0.35375,0.14719,-0.46915,-0.52096,0.52559,-0.48192,91.99306
0.25599,0.35365,0.14719,-0.46921,-0.52098,0.52554,-0.48191,92.09311
0.25599,0.35355,0.14719,-0.46926,-0.52100,0.52549,-0.48190,92.19317
0.25599,0.35345,0.14719,-0.46931,-0.52102,0.52543,-0.48188,92.29322
0.25599,0.35335,0.14720,-0.46936,-0.52104,0.52538,-0.48187,92.39327
0.25599,0.35325,0.14720,-0.46941,-0.52105,0.52533,-0.48186,92.49332
0.25599,0.35315,0.14720,-0.46946,-0.52107,0.52527,-0.48185,92.59336
0.25599,0.35305,0.14721,-0.46951,-0.52109,0.52522,-0.48184,92.69341
0.25599,0.35295,0.14720,-0.46957,-0.52111,0.52517,-0.48183,92.79346
0.25600,0.35285,0.14720,-0.46962,-0.52112,0.52512,-0.48182,92.89351
0.25600,0.35275,0.14720,-0.46967,-0.52114,0.52506,-0.48181,92.99356
0.25600,0.35265,0.14721,-0.46972,-0.52116,0.52501,-0.48180,93.09360
0.25600,0.35255,0.14721,-0.46976,-0.52118,0.52496,-0.48178,93.19365
0.25600,0.35245,0.14721,-0.46981,-0.52120,0.52490,-0.48177,93.29370
0.25600,0.35235,0.14721,-0.46988,-0.52121,0.52485,-0.48176,93.39374
0.25600,0.35225,0.14721,-0.46992,-0.52123,0.52480,-0.48174,93.49379
0.25600,0.35215,0.14721,-0.46997,-0.52125,0.52475,-0.48173,93.59383
0.25600,0.35205,0.14722,-0.47002,-0.52127,0.52469,-0.48172,93.69388
0.25600,0.35195,0.14722,-0.47007,-0.52129,0.52464,-0.48171,93.79392
0.25600,0.35185,0.14722,-0.47012,-0.52130,0.52459,-0.48170,93.89396
0.25601,0.35175,0.14722,-0.47018,-0.52132,0.52453,-0.48169,93.99401
0.25601,0.35165,0.14722,-0.47023,-0.52134,0.52447,-0.48168,94.09405
0.25601,0.35155,0.14722,-0.47028,-0.52136,0.52442,-0.48167,94.19409
0.25601,0.35145,0.14722,-0.47033,-0.52138,0.52437,-0.48165,94.29414
0.25601,0.35135,0.14723,-0.47038,-0.52140,0.52432,-0.48164,94.39418
0.25601,0.35125,0.14723,-0.47043,-0.52141,0.52427,-0.48163,94.49422
0.25601,0.35115,0.14723,-0.47049,-0.52143,0.52421,-0.48162,94.59426
0.25601,0.35105,0.14724,-0.47054,-0.52145,0.52416,-0.48161,94.69430
0.25601,0.35095,0.14723,-0.47059,-0.52147,0.52410,-0.48160,94.79434
0.25601,0.35085,0.14723,-0.47064,-0.52149,0.52405,-0.48158,94.89438
0.25601,0.35075,0.14723,-0.47069,-0.52150,0.52400,-0.48158,94.99442
0.25602,0.35065,0.14724,-0.47074,-0.52152,0.52395,-0.48156,95.09446
0.25602,0.35055,0.14724,-0.47080,-0.52154,0.52389,-0.48154,95.19450
0.25602,0.35045,0.14724,-0.47085,-0.52156,0.52384,-0.48153,95.29454
0.25602,0.35035,0.14723,-0.47089,-0.52158,0.52379,-0.48152,95.39457
0.25602,0.35025,0.14724,-0.47095,-0.52159,0.52373,-0.48152,95.49461
0.25602,0.35015,0.14724,-0.47100,-0.52161,0.52368,-0.48150,95.59465
0.25602,0.35005,0.14724,-0.47105,-0.52162,0.52363,-0.48149,95.69469
0.25602,0.34995,0.14725,-0.47110,-0.52165,0.52358,-0.48147,95.79472
0.25602,0.34985,0.14725,-0.47115,-0.52167,0.52352,-0.48146,95.89476
0.25602,0.34975,0.14725,-0.47120,-0.52169,0.52347,-0.48145,95.99479
0.25602,0.34965,0.14724,-0.47125,-0.52170,0.52342,-0.48144,96.09483
0.25603,0.34955,0.14725,-0.47131,-0.52172,0.52336,-0.48143,96.19487
0.25603,0.34945,0.14725,-0.47136,-0.52173,0.52331,-0.48142,96.29490
0.25603,0.34935,0.14725,-0.47141,-0.52175,0.52325,-0.48141,96.39493
0.25603,0.34925,0.14725,-0.47146,-0.52178,0.52320,-0.48139,96.49497
0.25603,0.34915,0.14726,-0.47151,-0.52180,0.52315,-0.48138,96.59500
0.25603,0.34905,0.14726,-0.47157,-0.52180,0.52310,-0.48137,96.69504
0.25603,0.34895,0.14725,-0.47162,-0.52183,0.52304,-0.48136,96.79507
0.25603,0.34885,0.14725,-0.47167,-0.52184,0.52298,-0.48134,96.89510
0.25603,0.34875,0.14726,-0.47172,-0.52186,0.52293,-0.48133,96.99513
0.25603,0.34865,0.14726,-0.47177,-0.52189,0.52288,-0.48132,97.09517
0.25603,0.34855,0.14726,-0.47183,-0.52190,0.52282,-0.48130,97.19520
0.25604,0.34845,0.14726,-0.47188,-0.52191,0.52277,-0.48129,97.29523
0.25604,0.34835,0.14726,-0.47193,-0.52194,0.52272,-0.48128,97.39526
0.25604,0.34825,0.14726,-0.47198,-0.52195,0.52266,-0.48127,97.49529
0.25604,0.34815,0.14726,-0.47203,-0.52197,0.52261,-0.48126,97.59532
0.25604,0.34805,0.14726,-0.47208,-0.52199,0.52256,-0.48124,97.69535
0.25604,0.34795,0.14727,-0.47214,-0.52201,0.52250,-0.48123,97.79538
0.25604,0.34785,0.14727,-0.47219,-0.52202,0.52245,-0.48122,97.89541
0.25604,0.34775,0.14727,-0.47224,-0.52204,0.52240,-0.48121,97.99544
0.25604,0.34765,0.14726,-0.47229,-0.52206,0.52234,-0.48120,98.09547
0.25604,0.34755,0.14727,-0.47234,-0.52208,0.52229,-0.48118,98.19549
0.25604,0.34745,0.14727,-0.47239,-0.52210,0.52224,-0.48117,98.29552
0.25605,0.34735,0.14727,-0.47244,-0.52212,0.52218,-0.48116,98.39555
0.25605,0.34725,0.14727,0.47249,0.52213,-0.52213,0.48115,98.49558
0.25605,0.34715,0.14728,0.47255,0.52215,-0.52207,0.48114,98.59560
0.25605,0.34705,0.14727,0.47260,0.52217,-0.52202,0.48112,98.69563
0.25605,0.34695,0.14727,0.47265,0.52219,-0.52197,0.48110,98.79566
0.25605,0.34685,0.14727,0.47270,0.52221,-0.52191,0.48110,98.89568
0.25605,0.34675,0.14727,0.47276,0.52223,-0.52186,0.48108,98.99571
0.25605,0.34665,0.14728,0.47281,0.52224,-0.52181,0.48107,99.09573
0.25605,0.34655,0.14728,0.47286,0.52227,-0.52175,0.48105,99.19576
0.25605,0.34645,0.14728,0.47291,0.52228,-0.52170,0.48104,99.29578
0.25605,0.34635,0.14727,0.47296,0.52230,-0.52165,0.48103,99.39581
0.25606,0.34625,0.14728,0.47302,0.52232,-0.52159,0.48102,99.49583
0.25606,0.34615,0.14728,0.47307,0.52234,-0.52154,0.48101,99.59586
0.25606,0.34605,0.14728,0.47312,0.52236,-0.52149,0.48099,99.69588
0.25606,0.34595,0.14728,0.47317,0.52238,-0.52143,0.48098,99.79590
0.25606,0.34585,0.14728,0.47323,0.52239,-0.52138,0.48097,99.89593
0.25606,0.34575,0.14729,0.47328,0.52241,-0.52132,0.48096,99.99595
0.25606,0.34565,0.14728,0.47333,0.52243,-0.52127,0.48095,100.09597
0.25606,0.34555,0.14728,0.47338,0.52245,-0.52122,0.48093,100.19599
0.25606,0.34545,0.14728,0.47343,0.52247,-0.52116,0.48091,100.29602
0.25606,0.34535,0.14729,0.47348,0.52249,-0.52110,0.48090,100.39604
0.25606,0.34525,0.14729,0.47354,0.52250,-0.52105,0.48089,100.49606
0.25607,0.34515,0.14729,0.47359,0.52252,-0.52100,0.48089,100.59608
0.25607,0.34505,0.14728,0.47364,0.52254,-0.52094,0.48086,100.69610
0.25607,0.34495,0.14728,0.47369,0.52256,-0.52089,0.48085,100.79612
0.25607,0.34485,0.14729,0.47374,0.52258,-0.52083,0.48084,100.89614
0.25607,0.34475,0.14729,0.47379,0.52260,-0.52078,0.48083,100.99616
0.25607,0.34465,0.14729,0.47385,0.52261,-0.52073,0.48081,101.09618
0.25607,0.34455,0.14729,0.47390,0.52263,-0.52067,0.48080,101.19620
0.25607,0.34445,0.14729,0.47395,0.52265,-0.52062,0.48079,101.29622
0.25607,0.34435,0.14729,0.47400,0.52267,-0.52057,0.48078,101.39624
0.25607,0.34425,0.14729,0.47406,0.52269,-0.52051,0.48076,101.49626
0.25607,0.34415,0.14729,0.47411,0.52271,-0.52046,0.48075,101.59627
0.25608,0.34405,0.14729,0.47416,0.52273,-0.52040,0.48074,101.69629
0.25608,0.34395,0.14729,0.47421,0.52274,-0.52035,0.48073,101.79631
0.25608,0.34385,0.14729,0.47427,0.52276,-0.52030,0.48071,101.89633
0.25608,0.34375,0.14730,0.47432,0.52278,-0.52024,0.48070,101.99635
0.25608,0.34365,0.14729,0.47437,0.52280,-0.52019,0.48069,102.09636
0.25608,0.34355,0.14729,0.47442,0.52282,-0.52013,0.48068,102.19638
0.25608,0.34345,0.14729,0.47448,0.52284,-0.52008,0.48065,102.29640
0.25608,0.34335,0.14729,0.47453,0.52286,-0.52003,0.48064,102.39641
0.25608,0.34325,0.14730,0.47458,0.52288,-0.51997,0.48063,102.49643
0.25608,0.34315,0.14730,0.47463,0.52289,-0.51992,0.48062,102.59644
0.25608,0.34305,0.14729,0.47469,0.52291,-0.51987,0.48060,102.69646
0.25609,0.34295,0.14729,0.47474,0.52293,-0.51981,0.48059,102.79647
0.25609,0.34285,0.14729,0.47478,0.52295,-0.51976,0.48058,102.89649
0.25609,0.34275,0.14729,0.47484,0.52297,-0.51970,0.48057,102.99650
0.25609,0.34265,0.14730,0.47489,0.52299,-0.51965,0.48055,103.09652
0.25609,0.34255,0.14730,0.47494,0.52301,-0.51959,0.48054,103.19653
0.25609,0.34245,0.14730,0.47500,0.52302,-0.51954,0.48053,103.29655
0.25609,0.34235,0.14729,0.47505,0.52304,-0.51948,0.48052,103.39656
0.25609,0.34225,0.14729,0.47510,0.52306,-0.51943,0.48050,103.49657
0.25609,0.34215,0.14729,0.47515,0.52308,-0.51937,0.48049,103.59659
0.25609,0.34205,0.14730,0.47520,0.52310,-0.51932,0.48048,103.69660
0.25609,0.34195,0.14730,0.47526,0.52312,-0.51926,0.48046,103.79661
0.25610,0.34185,0.14730,0.47531,0.52314,-0.51921,0.48044,103.89663
0.25610,0.34175,0.14730,0.47536,0.52315,-0.51916,0.48044,103.99664
0.25610,0.34165,0.14729,0.47541,0.52317,-0.51910,0.48043,104.09665
0.25610,0.34155,0.14729,0.47547,0.52318,-0.51905,0.48041,104.19666
0.25610,0.34145,0.14730,0.47552,0.52321,-0.51899,0.48039,104.29668
0.25610,0.34135,0.14730,0.47557,0.52323,-0.51894,0.48038,104.39669
0.25610,0.34125,0.14730,0.47563,0.52325,-0.51888,0.48037,104.49670
0.25610,0.34115,0.14730,0.47568,0.52327,-0.51883,0.48035,104.59671
0.25610,0.34105,0.14729,0.47573,0.52328,-0.51878,0.48034,104.69672
0.25610,0.34095,0.14729,0.47578,0.52330,-0.51872,0.48033,104.79673
0.25610,0.34085,0.14729,0.47584,0.52331,-0.51867,0.48032,104.89674
0.25611,0.34075,0.14730,0.47589,0.52334,-0.51861,0.48030,104.99675
0.25611,0.34065,0.14730,0.47594,0.52336,-0.51856,0.48029,105.09676
0.25611,0.34055,0.14730,0.47598,0.52337,-0.51851,0.48028,105.19677
0.25611,0.34045,0.14730,0.47605,0.52340,-0.51845,0.48026,105.29678
0.25611,0.34035,0.14729,0.47609,0.52341,-0.51840,0.48025,105.39679
0.25611,0.34025,0.14729,0.47615,0.52343,-0.51834,0.48024,105.49680
0.25611,0.34015,0.14729,0.47620,0.52344,-0.51829,0.48022,105.59681
0.25611,0.34005,0.14730,0.47625,0.52347,-0.51824,0.48021,105.69682
0.25611,0.33995,0.14730,0.47630,0.52349,-0.51818,0.48020,105.79683
0.25611,0.33985,0.14730,0.47635,0.52350,-0.51813,0.48018,105.89684
0.25611,0.33975,0.14729,0.47641,0.52353,-0.51807,0.48016,105.99685
0.25612,0.33965,0.14729,0.47646,0.52354,-0.51802,0.48015,106.09685
0.25612,0.33955,0.14729,0.47651,0.52356,-0.51796,0.48014,106.19686
0.25612,0.33945,0.14729,0.47657,0.52357,-0.51790,0.48013,106.29687
0.25612,0.33935,0.14729,0.47662,0.52359,-0.51786,0.48011,106.39688
0.25612,0.33925,0.14730,0.47667,0.52362,-0.51780,0.48010,106.49689
0.25612,0.33915,0.14730,0.47672,0.52363,-0.51774,0.48009,106.59689
0.25612,0.33905,0.14729,0.47678,0.52366,-0.51769,0.48007,106.69690
0.25612,0.33895,0.14729,0.47683,0.52367,-0.51763,0.48006,106.79691
0.25612,0.33885,0.14729,0.47688,0.52369,-0.51758,0.48005,106.89692
0.25612,0.33875,0.14729,0.47694,0.52371,-0.51753,0.48003,106.99692
0.25612,0.33865,0.14729,0.47699,0.52372,-0.51747,0.48002,107.09693
0.25613,0.33855,0.14729,0.47704,0.52375,-0.51741,0.48001,107.19694
0.25613,0.33845,0.14730,0.47709,0.52377,-0.51737,0.47999,107.29694
0.25613,0.33835,0.14729,0.47714,0.52378,-0.51731,0.47997,107.39695
0.25613,0.33825,0.14729,0.47720,0.52380,-0.51725,0.47996,107.49695
0.25613,0.33815,0.14729,0.47724,0.52382,-0.51720,0.47995,107.59696
0.25613,0.33805,0.14729,0.47730,0.52384,-0.51714,0.47993,107.69697
0.25613,0.33795,0.14729,0.47735,0.52385,-0.51709,0.47992,107.79697
0.25613,0.33785,0.14729,0.47741,0.52387,-0.51703,0.47991,107.89698
0.25613,0.33775,0.14728,0.47746,0.52389,-0.51698,0.47989,107.99698
0.25613,0.33765,0.14728,0.47751,0.52391,-0.51693,0.47988,108.09699
0.25613,0.33755,0.14728,0.47756,0.52393,-0.51687,0.47987,108.19699
0.25614,0.33745,0.14729,0.47761,0.52395,-0.51682,0.47985,108.29700
0.25614,0.33735,0.14729,0.47767,0.52397,-0.51676,0.47984,108.39700
0.25614,0.33725,0.14729,0.47772,0.52398,-0.51671,0.47983,108.49701
0.25614,0.33715,0.14729,0.47777,0.52401,-0.51665,0.47981,108.59701
0.25614,0.33705,0.14728,0.47783,0.52402,-0.51660,0.47980,108.69701
0.25614,0.33695,0.14728,0.47788,0.52404,-0.51655,0.47979,108.79702
0.25614,0.33685,0.14728,0.47793,0.52406,-0.51649,0.47977,108.89702
0.25614,0.33675,0.14728,0.47798,0.52408,-0.51644,0.47976,108.99703
0.25614,0.33665,0.14728,0.47804,0.52410,-0.51638,0.47974,109.09703
0.25614,0.33655,0.14728,0.47809,0.52412,-0.51633,0.47973,109.19703
0.25614,0.33645,0.14728,0.47814,0.52413,-0.51627,0.47972,109.29704
0.25615,0.33635,0.14728,0.47820,0.52415,-0.51622,0.47970,109.39704
0.25615,0.33625,0.14728,0.47825,0.52417,-0.51617,0.47968,109.49704
0.25615,0.33615,0.14728,0.47830,0.52419,-0.51611,0.47967,109.59705
0.25615,0.33605,0.14728,0.47835,0.52421,-0.51605,0.47966,109.69705
0.25615,0.33595,0.14728,0.47841,0.52423,-0.51600,0.47964,109.79705
0.25615,0.33585,0.14728,0.47845,0.52425,-0.51594,0.47963,109.89706
0.25615,0.33575,0.14727,0.47851,0.52426,-0.51589,0.47962,109.99706
0.25615,0.33565,0.14727,0.47857,0.52428,-0.51584,0.47960,110.09706
0.25615,0.33555,0.14727,0.47861,0.52430,-0.51578,0.47959,110.19706
0.25615,0.33545,0.14727,0.47866,0.52432,-0.51572,0.47958,110.29707
0.25615,0.33535,0.14727,0.47872,0.52434,-0.51567,0.47956,110.39707
0.25616,0.33525,0.14727,0.47877,0.52436,-0.51561,0.47955,110.49707
0.25616,0.33515,0.14727,0.47882,0.52438,-0.51556,0.47954,110.59707
0.25616,0.33505,0.14727,0.47888,0.52440,-0.51550,0.47952,110.69708
0.25616,0.33495,0.14727,0.47893,0.52441,-0.51545,0.47951,110.79708
0.25616,0.33485,0.14727,0.47898,0.52443,-0.51539,0.47950,110.89708
0.25616,0.33475,0.14727,0.47904,0.52445,-0.51534,0.47948,110.99708
0.25616,0.33465,0.14727,0.47909,0.52447,-0.51529,0.47946,111.09708
0.25616,0.33455,0.14727,0.47914,0.52449,-0.51523,0.47945,111.19709
0.25616,0.33445,0.14727,0.47919,0.52451,-0.51518,0.47943,111.29709
0.25616,0.33435,0.14726,0.47925,0.52453,-0.51512,0.47942,111.39709
0.25616,0.33425,0.14726,0.47930,0.52454,-0.51507,0.47941,111.49709
0.25617,0.33415,0.14726,0.47935,0.52456,-0.51501,0.47939,111.59709
0.25617,0.33405,0.14726,0.47941,0.52458,-0.51496,0.47938,111.69709
0.25617,0.33395,0.14726,0.47946,0.52460,-0.51490,0.47937,111.79709
0.25617,0.33385,0.14726,0.47951,0.52462,-0.51485,0.47935,111.89710
0.25617,0.33375,0.14725,0.47956,0.52464,-0.51479,0.47934,111.99710
0.25617,0.33365,0.14725,0.47962,0.52466,-0.51474,0.47932,112.09710
0.25617,0.33355,0.14725,0.47967,0.52467,-0.51469,0.47931,112.19710
0.25617,0.33345,0.14725,0.47972,0.52469,-0.51463,0.47930,112.29710
0.25617,0.33335,0.14725,0.47978,0.52471,-0.51458,0.47928,112.39710
0.25617,0.33325,0.14725,0.47983,0.52473,-0.51452,0.47927,112.49710
0.25617,0.33315,0.14725,0.47987,0.52475,-0.51447,0.47926,112.59710
0.25618,0.33305,0.14725,0.47993,0.52477,-0.51441,0.47924,112.69710
0.25618,0.33295,0.14725,0.47998,0.52479,-0.51435,0.47922,112.79710
0.25618,0.33285,0.14725,0.48003,0.52480,-0.51431,0.47921,112.89710
0.25618,0.33275,0.14725,0.48009,0.52482,-0.51425,0.47919,112.99710
0.25618,0.33265,0.14725,0.48014,0.52484,-0.51419,0.47918,113.09710
0.25618,0.33255,0.14725,0.48019,0.52486,-0.51413,0.47917,113.19711
0.25618,0.33245,0.14724,0.48025,0.52488,-0.51408,0.47915,113.29711
0.25618,0.33235,0.14724,0.48030,0.52490,-0.51402,0.47914,113.39711
0.25618,0.33225,0.14724,0.48035,0.52492,-0.51397,0.47912,113.49711
0.25618,0.33215,0.14724,0.48041,0.52493,-0.51391,0.47911,113.59711
0.25618,0.33205,0.14724,0.48046,0.52495,-0.51386,0.47910,113.69711
0.25619,0.33195,0.14724,0.48051,0.52497,-0.51381,0.47908,113.79711
0.25619,0.33185,0.14724,0.48056,0.52499,-0.51375,0.47907,113.89711
0.25619,0.33175,0.14723,0.48062,0.52500,-0.51370,0.47906,113.99711
0.25619,0.33165,0.14723,0.48067,0.52503,-0.51364,0.47904,114.09711
0.25619,0.33155,0.14723,0.48072,0.52504,-0.51359,0.47903,114.19711
0.25619,0.33145,0.14723,0.48078,0.52506,-0.51353,0.47902,114.29711
0.25619,0.33135,0.14723,0.48083,0.52508,-0.51348,0.47900,114.39711
0.25619,0.33125,0.14723,0.48088,0.52510,-0.51342,0.47899,114.49711
0.25619,0.33115,0.14723,0.48093,0.52512,-0.51337,0.47896,114.59711
0.25619,0.33105,0.14722,0.48098,0.52513,-0.51332,0.47895,114.69711
0.25620,0.33095,0.14722,0.48103,0.52515,-0.51326,0.47894,114.79711
0.25620,0.33085,0.14722,0.48109,0.52517,-0.51321,0.47892,114.89711
0.25620,0.33075,0.14722,0.48114,0.52519,-0.51315,0.47891,114.99711
0.25620,0.33065,0.14722,0.48119,0.52520,-0.51310,0.47890,115.09711
0.25620,0.33055,0.14722,0.48124,0.52523,-0.51304,0.47888,115.19711
0.25620,0.33045,0.14721,0.48130,0.52524,-0.51299,0.47887,115.29711
0.25620,0.33035,0.14721,0.48135,0.52527,-0.51293,0.47885,115.39711
0.25620,0.33025,0.14721,0.48140,0.52528,-0.51288,0.47884,115.49711
0.25620,0.33015,0.14721,0.48146,0.52530,-0.51282,0.47883,115.59711
0.25620,0.33005,0.14721,0.48151,0.52532,-0.51277,0.47881,115.69711
0.25620,0.32995,0.14721,0.48156,0.52533,-0.51272,0.47880,115.79711
0.25621,0.32985,0.14721,0.48162,0.52535,-0.51265,0.47879,115.89711
0.25621,0.32975,0.14720,0.48167,0.52537,-0.51260,0.47877,115.99711
0.25621,0.32965,0.14720,0.48172,0.52539,-0.51254,0.47876,116.09711
0.25621,0.32955,0.14720,0.48178,0.52540,-0.51250,0.47874,116.19711
0.25621,0.32945,0.14720,0.48183,0.52542,-0.51244,0.47873,116.29711
0.25621,0.32935,0.14720,0.48188,0.52544,-0.51238,0.47871,116.39711
0.25621,0.32925,0.14720,0.48194,0.52546,-0.51232,0.47869,116.49711
0.25621,0.32915,0.14720,0.48199,0.52548,-0.51227,0.47868,116.59711
0.25621,0.32905,0.14719,0.48204,0.52550,-0.51222,0.47866,116.69711
0.25621,0.32895,0.14719,0.48209,0.52552,-0.51217,0.47865,116.79711
0.25621,0.32885,0.14719,0.48214,0.52553,-0.51211,0.47864,116.89711
0.25622,0.32875,0.14719,0.48220,0.52555,-0.51205,0.47862,116.99711
0.25622,0.32865,0.14719,0.48224,0.52557,-0.51200,0.47861,117.09711
0.25622,0.32855,0.14719,0.48230,0.52559,-0.51194,0.47860,117.19711
0.25622,0.32845,0.14718,0.48235,0.52561,-0.51189,0.47858,117.29711
0.25622,0.32835,0.14718,0.48241,0.52562,-0.51183,0.47857,117.39711
0.25622,0.32825,0.14718,0.48246,0.52564,-0.51178,0.47855,117.49711
0.25622,0.32815,0.14718,0.48251,0.52566,-0.51172,0.47854,117.59711
0.25622,0.32805,0.14718,0.48256,0.52568,-0.51167,0.47853,117.69711
0.25622,0.32795,0.14718,0.48262,0.52570,-0.51162,0.47850,117.79711
0.25622,0.32785,0.14718,0.48267,0.52572,-0.51156,0.47849,117.89711
0.25622,0.32775,0.14716,0.48272,0.52573,-0.51151,0.47848,117.99711
0.25623,0.32765,0.14716,0.48277,0.52575,-0.51145,0.47847,118.09712
0.25623,0.32755,0.14716,0.48283,0.52577,-0.51140,0.47845,118.19712
0.25623,0.32745,0.14716,0.48288,0.52579,-0.51134,0.47844,118.29712
0.25623,0.32735,0.14716,0.48293,0.52581,-0.51129,0.47842,118.39712
0.25623,0.32725,0.14716,0.48299,0.52582,-0.51123,0.47841,118.49712
0.25623,0.32715,0.14716,0.48304,0.52584,-0.51118,0.47839,118.59712
0.25623,0.32705,0.14715,0.48309,0.52586,-0.51113,0.47838,118.69712
0.25623,0.32695,0.14715,0.48315,0.52588,-0.51107,0.47836,118.79712
0.25623,0.32685,0.14715,0.48319,0.52590,-0.51101,0.47835,118.89712
0.25623,0.32675,0.14715,0.48324,0.52592,-0.51096,0.47834,118.99712
0.25623,0.32665,0.14715,0.48330,0.52593,-0.51091,0.47832,119.09713
0.25624,0.32655,0.14715,0.48336,0.52595,-0.51085,0.47831,119.19713
0.25624,0.32645,0.14714,0.48341,0.52597,-0.51080,0.47829,119.29713
0.25624,0.32635,0.14714,0.48346,0.52599,-0.51074,0.47828,119.39713
0.25624,0.32625,0.14714,0.48351,0.52601,-0.51068,0.47826,119.49713
0.25624,0.32615,0.14714,0.48357,0.52602,-0.51063,0.47825,119.59713
0.25624,0.32605,0.14714,0.48361,0.52604,-0.51058,0.47824,119.69714
0.25624,0.32595,0.14714,0.48367,0.52606,-0.51052,0.47821,119.79714
0.25624,0.32585,0.14714,0.48372,0.52608,-0.51046,0.47820,119.89714
0.25624,0.32575,0.14712,0.48377,0.52610,-0.51041,0.47819,119.99714
0.25624,0.32565,0.14712,0.48383,0.52612,-0.51035,0.47817,120.09714
0.25625,0.32555,0.14712,0.48388,0.52613,-0.51030,0.47816,120.19715
0.25625,0.32545,0.14712,0.48393,0.52615,-0.51025,0.47814,120.29715
0.25625,0.32535,0.14712,0.48398,0.52617,-0.51019,0.47813,120.39715
0.25625,0.32525,0.14712,0.48404,0.52619,-0.51013,0.47812,120.49715
0.25625,0.32515,0.14712,0.48409,0.52621,-0.51008,0.47810,120.59716
0.25625,0.32505,0.14711,0.48414,0.52622,-0.51003,0.47809,120.69716
0.25625,0.32495,0.14711,0.48420,0.52624,-0.50997,0.47807,120.79716
0.25625,0.32485,0.14711,0.48425,0.52626,-0.50992,0.47806,120.89717
0.25625,0.32475,0.14711,0.48430,0.52628,-0.50986,0.47805,120.99717
0.25625,0.32465,0.14711,0.48435,0.52630,-0.50981,0.47803,121.09717
0.25625,0.32455,0.14711,0.48441,0.52631,-0.50975,0.47802,121.19718
0.25626,0.32445,0.14709,0.48446,0.52633,-0.50970,0.47800,121.29718
0.25626,0.32435,0.14709,0.48451,0.52635,-0.50964,0.47799,121.39718
0.25626,0.32425,0.14709,0.48456,0.52637,-0.50959,0.47797,121.49719
0.25626,0.32415,0.14709,0.48461,0.52639,-0.50954,0.47795,121.59719
0.25626,0.32405,0.14709,0.48467,0.52640,-0.50948,0.47795,121.69719
0.25626,0.32395,0.14709,0.48472,0.52642,-0.50943,0.47792,121.79720
0.25626,0.32385,0.14709,0.48477,0.52644,-0.50937,0.47791,121.89720
0.25626,0.32375,0.14708,0.48482,0.52646,-0.50932,0.47790,121.99721
0.25626,0.32365,0.14708,0.48488,0.52647,-0.50926,0.47789,122.09721
0.25626,0.32355,0.14708,0.48493,0.52649,-0.50921,0.47787,122.19722
0.25626,0.32345,0.14708,0.48498,0.52651,-0.50916,0.47785,122.29722
0.25627,0.32335,0.14707,0.48503,0.52653,-0.50910,0.47784,122.39722
0.25627,0.32325,0.14707,0.48509,0.52654,-0.50904,0.47783,122.49723
0.25627,0.32315,0.14706,0.48514,0.52656,-0.50899,0.47781,122.59723
0.25627,0.32305,0.14706,0.48519,0.52658,-0.50894,0.47780,122.69724
0.25627,0.32295,0.14706,0.48525,0.52660,-0.50888,0.47778,122.79725
0.25627,0.32285,0.14706,0.48530,0.52662,-0.50882,0.47777,122.89725
0.25627,0.32275,0.14706,0.48535,0.52664,-0.50876,0.47776,122.99726
0.25627,0.32265,0.14706,0.48540,0.52665,-0.50872,0.47774,123.09726
0.25627,0.32255,0.14706,0.48546,0.52666,-0.50866,0.47772,123.19727
0.25627,0.32245,0.14705,0.48551,0.52669,-0.50860,0.47771,123.29727
0.25627,0.32235,0.14704,0.48556,0.52671,-0.50855,0.47769,123.39728
0.25628,0.32225,0.14704,0.48562,0.52672,-0.50849,0.47768,123.49729
0.25628,0.32215,0.14704,0.48567,0.52674,-0.50844,0.47766,123.59729
0.25628,0.32205,0.14704,0.48572,0.52676,-0.50838,0.47765,123.69730
0.25628,0.32195,0.14704,0.48577,0.52678,-0.50833,0.47763,123.79731
0.25628,0.32185,0.14704,0.48582,0.52679,-0.50828,0.47762,123.89732
0.25628,0.32175,0.14703,0.48587,0.52681,-0.50822,0.47761,123.99732
0.25628,0.32165,0.14703,0.48592,0.52683,-0.50817,0.47759,124.09733
0.25628,0.32155,0.14702,0.48598,0.52684,-0.50811,0.47758,124.19734
0.25628,0.32145,0.14702,0.48603,0.52686,-0.50806,0.47756,124.29735
0.25628,0.32135,0.14702,0.48609,0.52688,-0.50800,0.47755,124.39735
0.25629,0.32125,0.14702,0.48613,0.52690,-0.50795,0.47754,124.49736
0.25629,0.32115,0.14701,0.48619,0.52691,-0.50790,0.47752,124.59737
0.25629,0.32105,0.14701,0.48624,0.52693,-0.50784,0.47751,124.69738
0.25629,0.32095,0.14701,0.48629,0.52695,-0.50779,0.47749,124.79739
0.25629,0.32085,0.14701,0.48634,0.52697,-0.50773,0.47748,124.89740
0.25629,0.32075,0.14700,0.48640,0.52698,-0.50768,0.47746,124.99740
0.25629,0.32065,0.14700,0.48645,0.52701,-0.50762,0.47745,125.09741
0.25629,0.32055,0.14700,0.48650,0.52702,-0.50757,0.47744,125.19742
0.25629,0.32045,0.14699,0.48656,0.52703,-0.50752,0.47741,125.29743
0.25629,0.32035,0.14699,0.48661,0.52705,-0.50746,0.47740,125.39744
0.25629,0.32025,0.14699,0.48666,0.52707,-0.50740,0.47739,125.49745
0.25630,0.32015,0.14699,0.48671,0.52709,-0.50735,0.47738,125.59746
0.25630,0.32005,0.14698,0.48677,0.52710,-0.50730,0.47736,125.69747
0.25630,0.31995,0.14698,0.48682,0.52712,-0.50725,0.47734,125.79748
0.25630,0.31985,0.14698,0.48687,0.52714,-0.50719,0.47733,125.89750
0.25630,0.31975,0.14697,0.48692,0.52715,-0.50714,0.47732,125.99751
0.25630,0.31965,0.14697,0.48698,0.52717,-0.50708,0.47730,126.09752
0.25630,0.31955,0.14697,0.48702,0.52719,-0.50702,0.47729,126.19753
0.25630,0.31945,0.14697,0.48708,0.52721,-0.50697,0.47727,126.29754
0.25630,0.31935,0.14696,0.48713,0.52722,-0.50691,0.47726,126.39755
0.25630,0.31925,0.14696,0.48718,0.52724,-0.50686,0.47725,126.49756
0.25630,0.31915,0.14695,0.48723,0.52726,-0.50680,0.47723,126.59758
0.25631,0.31905,0.14695,0.48728,0.52728,-0.50675,0.47721,126.69759
0.25631,0.31895,0.14695,0.48734,0.52729,-0.50669,0.47720,126.79760
0.25631,0.31885,0.14695,0.48739,0.52731,-0.50664,0.47718,126.89761
0.25631,0.31875,0.14694,0.48744,0.52733,-0.50659,0.47717,126.99763
0.25631,0.31865,0.14694,0.48749,0.52735,-0.50654,0.47716,127.09764
0.25631,0.31855,0.14694,0.48755,0.52736,-0.50648,0.47714,127.19766
0.25631,0.31845,0.14693,0.48760,0.52738,-0.50642,0.47712,127.29767
0.25631,0.31835,0.14693,0.48765,0.52740,-0.50637,0.47711,127.39768
0.25631,0.31825,0.14693,0.48770,0.52741,-0.50631,0.47710,127.49770
0.25631,0.31815,0.14692,0.48776,0.52743,-0.50626,0.47708,127.59771
0.25632,0.31805,0.14692,0.48781,0.52745,-0.50621,0.47707,127.69773
0.25632,0.31795,0.14692,0.48786,0.52747,-0.50615,0.47705,127.79774
0.25632,0.31785,0.14692,0.48791,0.52748,-0.50610,0.47704,127.89776
0.25632,0.31775,0.14691,0.48797,0.52750,-0.50604,0.47703,127.99777
0.25632,0.31765,0.14691,0.48802,0.52752,-0.50599,0.47701,128.09779
0.25632,0.31755,0.14690,0.48807,0.52753,-0.50594,0.47700,128.19780
0.25632,0.31745,0.14690,0.48813,0.52755,-0.50588,0.47698,128.29782
0.25632,0.31735,0.14690,0.48817,0.52757,-0.50583,0.47696,128.39784
0.25632,0.31725,0.14690,0.48822,0.52759,-0.50577,0.47695,128.49785
0.25632,0.31715,0.14689,0.48828,0.52760,-0.50572,0.47694,128.59787
0.25632,0.31705,0.14688,0.48833,0.52762,-0.50566,0.47692,128.69789
0.25633,0.31695,0.14688,0.48838,0.52764,-0.50561,0.47690,128.79791
0.25633,0.31685,0.14688,0.48843,0.52765,-0.50556,0.47689,128.89792
0.25633,0.31675,0.14688,0.48848,0.52767,-0.50550,0.47688,128.99794
0.25633,0.31665,0.14688,0.48854,0.52769,-0.50545,0.47686,129.09796
0.25633,0.31655,0.14688,0.48859,0.52770,-0.50540,0.47685,129.19798
0.25633,0.31645,0.14686,0.48864,0.52772,-0.50534,0.47683,129.29800
0.25633,0.31635,0.14686,0.48869,0.52774,-0.50529,0.47682,129.39802
0.25633,0.31625,0.14686,0.48874,0.52776,-0.50523,0.47681,129.49804
0.25633,0.31615,0.14686,0.48880,0.52777,-0.50518,0.47679,129.59806
0.25633,0.31605,0.14686,0.48885,0.52779,-0.50512,0.47678,129.69807
0.25634,0.31596,0.14685,0.48890,0.52781,-0.50507,0.47676,129.79810
0.25634,0.31586,0.14685,0.48895,0.52782,-0.50502,0.47675,129.89812
0.25634,0.31576,0.14684,0.48901,0.52784,-0.50496,0.47673,129.99814
0.25634,0.31566,0.14684,0.48906,0.52786,-0.50490,0.47672,130.09816
0.25634,0.31556,0.14684,0.48911,0.52787,-0.50485,0.47671,130.19818
0.25634,0.31546,0.14683,0.48916,0.52789,-0.50479,0.47670,130.29820
0.25634,0.31536,0.14683,0.48922,0.52791,-0.50474,0.47667,130.39822
0.25634,0.31526,0.14683,0.48927,0.52792,-0.50469,0.47666,130.49824
0.25634,0.31516,0.14682,0.48932,0.52794,-0.50463,0.47665,130.59827
0.25634,0.31506,0.14681,0.48937,0.52796,-0.50458,0.47663,130.69829
0.25634,0.31496,0.14681,0.48942,0.52797,-0.50453,0.47662,130.79831
0.25635,0.31486,0.14681,0.48948,0.52799,-0.50447,0.47660,130.89834
0.25635,0.31476,0.14681,0.48952,0.52801,-0.50442,0.47659,130.99836
0.25635,0.31466,0.14681,0.48958,0.52802,-0.50436,0.47657,131.09838
0.25635,0.31456,0.14680,0.48963,0.52804,-0.50431,0.47656,131.19841
0.25635,0.31446,0.14679,0.48968,0.52805,-0.50426,0.47655,131.29843
0.25635,0.31436,0.14679,0.48974,0.52807,-0.50420,0.47653,131.39846
0.25635,0.31426,0.14679,0.48978,0.52809,-0.50415,0.47652,131.49848
0.25635,0.31416,0.14678,0.48983,0.52810,-0.50410,0.47651,131.59851
0.25635,0.31406,0.14678,0.48989,0.52812,-0.50404,0.47649,131.69853
0.25635,0.31396,0.14678,0.48994,0.52814,-0.50399,0.47648,131.79856
0.25635,0.31386,0.14677,0.48999,0.52816,-0.50393,0.47646,131.89859
0.25636,0.31376,0.14677,0.49004,0.52817,-0.50388,0.47645,131.99861
0.25636,0.31366,0.14676,0.49009,0.52819,-0.50383,0.47643,132.09864
0.25636,0.31356,0.14676,0.49015,0.52821,-0.50377,0.47641,132.19867
0.25636,0.31346,0.14676,0.49020,0.52822,-0.50372,0.47640,132.29869
0.25636,0.31336,0.14676,0.49025,0.52824,-0.50367,0.47638,132.39872
0.25636,0.31326,0.14675,0.49030,0.52826,-0.50361,0.47637,132.49875
0.25636,0.31316,0.14674,0.49036,0.52826,-0.50355,0.47636,132.59878
0.25636,0.31306,0.14674,0.49041,0.52828,-0.50350,0.47634,132.69881
0.25636,0.31296,0.14674,0.49046,0.52830,-0.50345,0.47633,132.79884
0.25636,0.31286,0.14673,0.49051,0.52832,-0.50339,0.47632,132.89887
0.25637,0.31276,0.14673,0.49056,0.52834,-0.50334,0.47630,132.99890
0.25637,0.31266,0.14673,0.49062,0.52835,-0.50328,0.47629,133.09893
0.25637,0.31256,0.14673,0.49067,0.52837,-0.50323,0.47627,133.19896
0.25637,0.31246,0.14671,0.49072,0.52839,-0.50317,0.47626,133.29899
0.25637,0.31236,0.14671,0.49077,0.52840,-0.50312,0.47625,133.39902
0.25637,0.31226,0.14671,0.49082,0.52842,-0.50307,0.47623,133.49905
0.25637,0.31216,0.14671,0.49087,0.52843,-0.50301,0.47622,133.59908
0.25637,0.31206,0.14670,0.49092,0.52844,-0.50296,0.47621,133.69912
0.25637,0.31196,0.14670,0.49097,0.52846,-0.50291,0.47618,133.79915
0.25637,0.31186,0.14669,0.49102,0.52848,-0.50285,0.47618,133.89918
0.25637,0.31176,0.14669,0.49107,0.52850,-0.50280,0.47616,133.99921
0.25638,0.31166,0.14668,0.49113,0.52851,-0.50275,0.47614,134.09925
0.25638,0.31156,0.14668,0.49118,0.52852,-0.50269,0.47613,134.19928
0.25638,0.31146,0.14668,0.49123,0.52854,-0.50264,0.47611,134.29932
0.25638,0.31136,0.14668,0.49128,0.52856,-0.50259,0.47610,134.39935
0.25638,0.31126,0.14667,0.49133,0.52858,-0.50253,0.47609,134.49939
0.25638,0.31116,0.14666,0.49138,0.52860,-0.50248,0.47607,134.59942
0.25638,0.31106,0.14666,0.49144,0.52860,-0.50243,0.47606,134.69946
0.25638,0.31096,0.14666,0.49149,0.52862,-0.50237,0.47605,134.79949
0.25638,0.31086,0.14665,0.49154,0.52864,-0.50232,0.47603,134.89953
0.25638,0.31076,0.14665,0.49159,0.52865,-0.50227,0.47602,134.99957
0.25639,0.31066,0.14665,0.49164,0.52868,-0.50221,0.47600,135.09960
0.25639,0.31056,0.14664,0.49170,0.52868,-0.50216,0.47599,135.19964
0.25639,0.31046,0.14663,0.49174,0.52870,-0.50211,0.47597,135.29968
0.25639,0.31036,0.14663,0.49180,0.52872,-0.50205,0.47596,135.39972
0.25639,0.31026,0.14663,0.49185,0.52873,-0.50200,0.47595,135.49976
0.25639,0.31016,0.14662,0.49189,0.52875,-0.50195,0.47593,135.59980
0.25639,0.31006,0.14662,0.49195,0.52877,-0.50189,0.47592,135.69984
0.25639,0.30996,0.14662,0.49200,0.52878,-0.50184,0.47590,135.79988
0.25639,0.30986,0.14661,0.49205,0.52879,-0.50179,0.47589,135.89992
0.25639,0.30976,0.14660,0.49211,0.52881,-0.50173,0.47587,135.99996
0.25639,0.30966,0.14660,0.49215,0.52883,-0.50168,0.47586,136.10000
0.25640,0.30956,0.14660,0.49220,0.52884,-0.50163,0.47584,136.20004
0.25640,0.30946,0.14659,0.49225,0.52886,-0.50157,0.47583,136.30008
0.25640,0.30936,0.14659,0.49231,0.52887,-0.50152,0.47582,136.40012
0.25640,0.30926,0.14659,0.49236,0.52889,-0.50146,0.47580,136.50017
0.25640,0.30916,0.14657,0.49241,0.52890,-0.50141,0.47579,136.60021
0.25640,0.30906,0.14657,0.49246,0.52892,-0.50135,0.47578,136.70025
0.25640,0.30896,0.14657,0.49251,0.52894,-0.50130,0.47576,136.80030
0.25640,0.30886,0.14657,0.49256,0.52895,-0.50125,0.47575,136.90034
0.25640,0.30876,0.14656,0.49262,0.52897,-0.50119,0.47574,137.00038
0.25640,0.30866,0.14656,0.49267,0.52898,-0.50114,0.47572,137.10043
0.25640,0.30856,0.14656,0.49272,0.52900,-0.50109,0.47571,137.20047
0.25641,0.30846,0.14654,0.49277,0.52901,-0.50103,0.47570,137.30052
0.25641,0.30836,0.14654,0.49282,0.52903,-0.50098,0.47568,137.40057
0.25641,0.30826,0.14654,0.49287,0.52904,-0.50093,0.47567,137.50061
0.25641,0.30816,0.14653,0.49292,0.52906,-0.50088,0.47565,137.60066
0.25641,0.30806,0.14653,0.49298,0.52908,-0.50082,0.47563,137.70071
0.25641,0.30796,0.14653,0.49303,0.52909,-0.50077,0.47562,137.80076
0.25641,0.30786,0.14652,0.49307,0.52911,-0.50072,0.47561,137.90080
0.25641,0.30776,0.14651,0.49313,0.52912,-0.50066,0.47559,138.00085
0.25641,0.30766,0.14651,0.49318,0.52914,-0.50061,0.47558,138.10090
0.25641,0.30756,0.14651,0.49323,0.52915,-0.50056,0.47557,138.20095
0.25642,0.30746,0.14650,0.49327,0.52917,-0.50051,0.47555,138.30100
0.25642,0.30736,0.14650,0.49333,0.52918,-0.50045,0.47554,138.40105
0.25642,0.30726,0.14650,0.49338,0.52920,-0.50040,0.47553,138.50110
0.25642,0.30716,0.14648,0.49343,0.52921,-0.50035,0.47551,138.60115
0.25642,0.30706,0.14648,0.49348,0.52923,-0.50029,0.47550,138.70120
0.25642,0.30696,0.14648,0.49353,0.52924,-0.50024,0.47549,138.80126
0.25642,0.30686,0.14647,0.49358,0.52926,-0.50019,0.47547,138.90131
0.25642,0.30676,0.14647,0.49363,0.52928,-0.50014,0.47546,139.00136
0.25642,0.30666,0.14647,0.49369,0.52929,-0.50008,0.47544,139.10141
0.25642,0.30656,0.14645,0.49374,0.52931,-0.50003,0.47542,139.20147
0.25643,0.30646,0.14645,0.49379,0.52932,-0.49998,0.47541,139.30152
0.25643,0.30636,0.14645,0.49384,0.52934,-0.49992,0.47540,139.40158
0.25643,0.30626,0.14644,0.49389,0.52935,-0.49987,0.47539,139.50163
0.25643,0.30616,0.14644,0.49394,0.52937,-0.49982,0.47537,139.60169
0.25643,0.30606,0.14644,0.49399,0.52938,-0.49977,0.47536,139.70174
0.25643,0.30596,0.14643,0.49404,0.52940,-0.49971,0.47534,139.80180
0.25643,0.30586,0.14642,0.49409,0.52941,-0.49966,0.47533,139.90186
0.25643,0.30576,0.14642,0.49414,0.52943,-0.49960,0.47532,140.00191
0.25643,0.30566,0.14641,0.49420,0.52944,-0.49955,0.47530,140.10197
0.25643,0.30556,0.14641,0.49425,0.52946,-0.49949,0.47529,140.20203
0.25643,0.30546,0.14641,0.49430,0.52947,-0.49944,0.47528,140.30209
0.25644,0.30536,0.14640,0.49435,0.52949,-0.49939,0.47526,140.40215
0.25644,0.30526,0.14640,0.49440,0.52950,-0.49934,0.47525,140.50221
0.25644,0.30516,0.14639,0.49445,0.52952,-0.49928,0.47524,140.60227
0.25644,0.30506,0.14638,0.49450,0.52953,-0.49924,0.47522,140.70233
0.25644,0.30496,0.14638,0.49454,0.52955,-0.49918,0.47521,140.80239
0.25644,0.30486,0.14638,0.49460,0.52956,-0.49913,0.47519,140.90245
0.25644,0.30476,0.14637,0.49465,0.52957,-0.49907,0.47519,141.00251
0.25644,0.30466,0.14637,0.49470,0.52959,-0.49902,0.47516,141.10257
0.25644,0.30456,0.14636,0.49475,0.52960,-0.49897,0.47515,141.20264
0.25644,0.30446,0.14635,0.49480,0.52962,-0.49892,0.47514,141.30270
0.25645,0.30436,0.14635,0.49485,0.52963,-0.49887,0.47512,141.40276
0.25645,0.30426,0.14634,0.49490,0.52965,-0.49881,0.47511,141.50283
0.25645,0.30416,0.14634,0.49495,0.52966,-0.49876,0.47510,141.60289
0.25645,0.30406,0.14634,0.49500,0.52968,-0.49871,0.47508,141.70296
0.25645,0.30396,0.14633,0.49505,0.52969,-0.49866,0.47507,141.80302
0.25645,0.30386,0.14632,0.49510,0.52971,-0.49860,0.47506,141.90309
0.25645,0.30376,0.14632,0.49516,0.52972,-0.49855,0.47504,142.00316
0.25645,0.30366,0.14631,0.49521,0.52973,-0.49850,0.47503,142.10322
0.25645,0.30356,0.14631,0.49526,0.52974,-0.49845,0.47502,142.20329
0.25645,0.30346,0.14631,0.49531,0.52975,-0.49840,0.47501,142.30336
0.25645,0.30336,0.14630,0.49536,0.52978,-0.49834,0.47499,142.40343
0.25646,0.30326,0.14630,0.49541,0.52979,-0.49829,0.47498,142.50349
0.25646,0.30316,0.14628,0.49546,0.52980,-0.49824,0.47496,142.60356
0.25646,0.30306,0.14628,0.49551,0.52982,-0.49819,0.47495,142.70363
0.25646,0.30296,0.14628,0.49556,0.52984,-0.49813,0.47494,142.80370
0.25646,0.30286,0.14627,0.49561,0.52985,-0.49808,0.47493,142.90378
0.25646,0.30276,0.14627,0.49565,0.52986,-0.49803,0.47491,143.00385
0.25646,0.30266,0.14627,0.49571,0.52988,-0.49798,0.47489,143.10392
0.25646,0.30256,0.14625,0.49576,0.52989,-0.49793,0.47488,143.20399
0.25646,0.30246,0.14625,0.49581,0.52991,-0.49787,0.47487,143.30406
0.25646,0.30236,0.14624,0.49586,0.52992,-0.49782,0.47486,143.40414
0.25647,0.30226,0.14624,0.49591,0.52993,-0.49776,0.47484,143.50421
0.25647,0.30216,0.14624,0.49596,0.52994,-0.49771,0.47483,143.60428
0.25647,0.30206,0.14623,0.49601,0.52995,-0.49766,0.47482,143.70436
0.25647,0.30196,0.14623,0.49606,0.52997,-0.49761,0.47480,143.80444
0.25647,0.30186,0.14621,0.49611,0.52999,-0.49756,0.47479,143.90451
0.25647,0.30176,0.14621,0.49616,0.53000,-0.49750,0.47478,144.00459
0.25647,0.30166,0.14621,0.49621,0.53001,-0.49745,0.47477,144.10466
0.25647,0.30156,0.14620,0.49626,0.53003,-0.49740,0.47475,144.20474
0.25647,0.30146,0.14620,0.49631,0.53004,-0.49735,0.47474,144.30482
0.25647,0.30136,0.14620,0.49636,0.53005,-0.49729,0.47473,144.40490
0.25647,0.30126,0.14619,0.49641,0.53007,-0.49724,0.47471,144.50498
0.25648,0.30116,0.14618,0.49646,0.53008,-0.49719,0.47470,144.60506
0.25648,0.30106,0.14617,0.49651,0.53009,-0.49714,0.47469,144.70514
0.25648,0.30096,0.14617,0.49656,0.53011,-0.49709,0.47467,144.80522
0.25648,0.30086,0.14617,0.49661,0.53012,-0.49704,0.47465,144.90530
0.25648,0.30076,0.14616,0.49666,0.53014,-0.49698,0.47464,145.00538
0.25648,0.30066,0.14616,0.49671,0.53015,-0.49693,0.47463,145.10546
0.25648,0.30056,0.14614,0.49676,0.53016,-0.49688,0.47462,145.20554
0.25648,0.30046,0.14614,0.49681,0.53018,-0.49683,0.47460,145.30563
0.25648,0.30036,0.14613,0.49686,0.53019,-0.49678,0.47459,145.40571
0.25648,0.30026,0.14613,0.49690,0.53021,-0.49673,0.47458,145.50579
0.25649,0.30016,0.14613,0.49696,0.53022,-0.49667,0.47457,145.60588
0.25649,0.30006,0.14612,0.49701,0.53024,-0.49662,0.47455,145.70596
0.25649,0.29996,0.14612,0.49705,0.53025,-0.49657,0.47454,145.80605
0.25649,0.29987,0.14610,0.49710,0.53026,-0.49652,0.47453,145.90613
0.25649,0.29977,0.14610,0.49715,0.53027,-0.49647,0.47452,146.00622
0.25649,0.29967,0.14610,0.49720,0.53029,-0.49642,0.47450,146.10631
0.25649,0.29957,0.14609,0.49725,0.53030,-0.49637,0.47449,146.20640
0.25649,0.29947,0.14609,0.49731,0.53031,-0.49631,0.47448,146.30648
0.25649,0.29937,0.14608,0.49735,0.53033,-0.49626,0.47447,146.40657
0.25649,0.29927,0.14608,0.49740,0.53034,-0.49621,0.47445,146.50666
0.25649,0.29917,0.14606,0.49745,0.53035,-0.49616,0.47444,146.60675
0.25650,0.29907,0.14606,0.49750,0.53037,-0.49611,0.47442,146.70684
0.25650,0.29897,0.14606,0.49755,0.53038,-0.49606,0.47441,146.80693
0.25650,0.29887,0.14605,0.49760,0.53039,-0.49601,0.47439,146.90703
0.25650,0.29877,0.14605,0.49765,0.53041,-0.49595,0.47438,147.00712
0.25650,0.29867,0.14604,0.49770,0.53042,-0.49590,0.47437,147.10721
0.25650,0.29857,0.14603,0.49775,0.53043,-0.49585,0.47436,147.20730
0.25650,0.29847,0.14602,0.49780,0.53045,-0.49579,0.47435,147.30740
0.25650,0.29837,0.14602,0.49785,0.53046,-0.49575,0.47433,147.40749
0.25650,0.29827,0.14602,0.49790,0.53047,-0.49570,0.47432,147.50759
0.25650,0.29817,0.14601,0.49795,0.53049,-0.49564,0.47431,147.60768
0.25651,0.29807,0.14601,0.49800,0.53050,-0.49559,0.47430,147.70778
0.25651,0.29797,0.14600,0.49805,0.53051,-0.49555,0.47428,147.80787
0.25651,0.29787,0.14599,0.49810,0.53053,-0.49548,0.47427,147.90797
0.25651,0.29777,0.14598,0.49815,0.53054,-0.49543,0.47426,148.00807
0.25651,0.29767,0.14598,0.49820,0.53055,-0.49538,0.47425,148.10817
0.25651,0.29757,0.14598,0.49824,0.53057,-0.49533,0.47423,148.20827
0.25651,0.29747,0.14597,0.49830,0.53058,-0.49528,0.47422,148.30836
0.25651,0.29737,0.14597,0.49835,0.53059,-0.49523,0.47420,148.40846
0.25651,0.29727,0.14595,0.49839,0.53060,-0.49518,0.47419,148.50856
0.25651,0.29717,0.14595,0.49844,0.53062,-0.49513,0.47418,148.60867
0.25652,0.29707,0.14594,0.49849,0.53063,-0.49508,0.47417,148.70877
0.25652,0.29697,0.14594,0.49854,0.53064,-0.49503,0.47415,148.80887
0.25652,0.29687,0.14593,0.49859,0.53066,-0.49498,0.47414,148.90897
0.25652,0.29677,0.14593,0.49864,0.53067,-0.49492,0.47413,149.00908
0.25652,0.29667,0.14592,0.49869,0.53068,-0.49487,0.47412,149.10918
0.25652,0.29657,0.14591,0.49874,0.53069,-0.49482,0.47411,149.20928
0.25652,0.29647,0.14591,0.49878,0.53071,-0.49477,0.47409,149.30939
0.25652,0.29637,0.14590,0.49883,0.53072,-0.49472,0.47408,149.40949
0.25652,0.29627,0.14590,0.49888,0.53073,-0.49467,0.47407,149.50960
0.25652,0.29617,0.14589,0.49893,0.53075,-0.49462,0.47406,149.60971
0.25652,0.29607,0.14589,0.49898,0.53076,-0.49457,0.47405,149.70981
0.25653,0.29597,0.14588,0.49903,0.53077,-0.49452,0.47403,149.80992
0.25653,0.29587,0.14587,0.49908,0.53078,-0.49447,0.47402,149.91003
0.25653,0.29577,0.14586,0.49913,0.53080,-0.49442,0.47400,150.01014
0.25653,0.29567,0.14586,0.49918,0.53081,-0.49437,0.47399,150.11025
0.25653,0.29557,0.14585,0.49923,0.53082,-0.49432,0.47398,150.21036
0.25653,0.29547,0.14585,0.49928,0.53083,-0.49427,0.47396,150.31047
0.25653,0.29537,0.14584,0.49932,0.53085,-0.49422,0.47395,150.41058
0.25653,0.29527,0.14583,0.49938,0.53086,-0.49416,0.47394,150.51069
0.25653,0.29517,0.14582,0.49943,0.53087,-0.49411,0.47393,150.61080
0.25653,0.29507,0.14582,0.49947,0.53088,-0.49406,0.47392,150.71092
0.25654,0.29497,0.14582,0.49952,0.53089,-0.49401,0.47391,150.81103
0.25654,0.29487,0.14581,0.49957,0.53091,-0.49396,0.47389,150.91115
0.25654,0.29477,0.14581,0.49962,0.53092,-0.49391,0.47388,151.01126
0.25654,0.29467,0.14580,0.49967,0.53093,-0.49386,0.47387,151.11138
0.25654,0.29457,0.14579,0.49972,0.53094,-0.49381,0.47386,151.21149
0.25654,0.29447,0.14578,0.49976,0.53096,-0.49375,0.47385,151.31161
0.25654,0.29437,0.14578,0.49981,0.53096,-0.49370,0.47384,151.41173
0.25654,0.29427,0.14577,0.49986,0.53098,-0.49366,0.47382,151.51184
0.25654,0.29417,0.14577,0.49991,0.53099,-0.49361,0.47381,151.61196
0.25654,0.29407,0.14576,0.49996,0.53100,-0.49356,0.47380,151.71208
0.25655,0.29397,0.14576,0.50000,0.53102,-0.49350,0.47379,151.81220
0.25655,0.29387,0.14574,0.50005,0.53103,-0.49345,0.47377,151.91232
0.25655,0.29377,0.14574,0.50010,0.53104,-0.49340,0.47376,152.01244
0.25655,0.29367,0.14573,0.50015,0.53105,-0.49335,0.47375,152.11256
0.25655,0.29357,0.14573,0.50020,0.53106,-0.49330,0.47374,152.21269
0.25655,0.29347,0.14572,0.50025,0.53107,-0.49325,0.47372,152.31281
0.25655,0.29337,0.14572,0.50030,0.53108,-0.49320,0.47371,152.41293
0.25655,0.29327,0.14570,0.50034,0.53110,-0.49315,0.47370,152.51305
0.25655,0.29317,0.14570,0.50039,0.53111,-0.49310,0.47369,152.61318
0.25655,0.29307,0.14569,0.50044,0.53112,-0.49305,0.47368,152.71330
0.25655,0.29297,0.14569,0.50049,0.53113,-0.49300,0.47367,152.81343
0.25656,0.29287,0.14568,0.50054,0.53115,-0.49295,0.47365,152.91356
0.25656,0.29277,0.14568,0.50059,0.53116,-0.49290,0.47364,153.01368
0.25656,0.29267,0.14567,0.50064,0.53116,-0.49285,0.47363,153.11381
0.25656,0.29257,0.14566,0.50069,0.53117,-0.49280,0.47362,153.21394
0.25656,0.29247,0.14565,0.50073,0.53119,-0.49275,0.47361,153.31407
0.25656,0.29237,0.14565,0.50078,0.53120,-0.49270,0.47360,153.41420
0.25656,0.29227,0.14564,0.50083,0.53121,-0.49265,0.47359,153.51433
0.25656,0.29217,0.14564,0.50087,0.53122,-0.49260,0.47357,153.61446
0.25656,0.29207,0.14563,0.50093,0.53124,-0.49255,0.47356,153.71459
0.25656,0.29197,0.14563,0.50098,0.53125,-0.49250,0.47355,153.81472
0.25657,0.29187,0.14561,0.50102,0.53126,-0.49245,0.47354,153.91485
0.25657,0.29177,0.14561,0.50107,0.53127,-0.49240,0.47353,154.01499
0.25657,0.29167,0.14560,0.50111,0.53128,-0.49235,0.47351,154.11512
0.25657,0.29157,0.14560,0.50116,0.53129,-0.49230,0.47350,154.21525
0.25657,0.29147,0.14559,0.50121,0.53130,-0.49225,0.47349,154.31539
0.25657,0.29137,0.14559,0.50126,0.53131,-0.49220,0.47348,154.41552
0.25657,0.29127,0.14557,0.50130,0.53132,-0.49216,0.47347,154.51566
0.25657,0.29117,0.14557,0.50135,0.53133,-0.49211,0.47346,154.61580
0.25657,0.29107,0.14556,0.50140,0.53134,-0.49206,0.47344,154.71593
0.25657,0.29097,0.14555,0.50145,0.53135,-0.49201,0.47343,154.81607
0.25658,0.29087,0.14555,0.50150,0.53137,-0.49195,0.47342,154.91621
0.25658,0.29077,0.14554,0.50155,0.53138,-0.49190,0.47341,155.01635
0.25658,0.29067,0.14554,0.50159,0.53139,-0.49186,0.47340,155.11649
0.25658,0.29057,0.14552,0.50164,0.53140,-0.49181,0.47339,155.21663
0.25658,0.29047,0.14552,0.50169,0.53141,-0.49176,0.47338,155.31677
0.25658,0.29037,0.14551,0.50174,0.53142,-0.49170,0.47337,155.41691
0.25658,0.29027,0.14551,0.50179,0.53143,-0.49165,0.47335,155.51706
0.25658,0.29017,0.14550,0.50183,0.53144,-0.49161,0.47335,155.61720
0.25658,0.29007,0.14550,0.50188,0.53145,-0.49156,0.47334,155.71734
0.25658,0.28997,0.14549,0.50193,0.53146,-0.49151,0.47332,155.81749
0.25658,0.28987,0.14548,0.50198,0.53147,-0.49146,0.47330,155.91763
0.25659,0.28977,0.14547,0.50203,0.53149,-0.49141,0.47329,156.01778
0.25659,0.28967,0.14547,0.50207,0.53150,-0.49136,0.47328,156.11793
0.25659,0.28957,0.14546,0.50212,0.53151,-0.49131,0.47327,156.21807
0.25659,0.28947,0.14545,0.50217,0.53152,-0.49126,0.47326,156.31822
0.25659,0.28937,0.14545,0.50222,0.53153,-0.49121,0.47325,156.41837
0.25659,0.28927,0.14543,0.50226,0.53154,-0.49116,0.47324,156.51852
0.25659,0.28917,0.14543,0.50231,0.53155,-0.49111,0.47323,156.61867
0.25659,0.28907,0.14542,0.50236,0.53156,-0.49106,0.47322,156.71882
0.25659,0.28897,0.14542,0.50241,0.53157,-0.49101,0.47321,156.81897
0.25659,0.28887,0.14541,0.50245,0.53158,-0.49097,0.47320,156.91912
0.25660,0.28877,0.14541,0.50249,0.53159,-0.49092,0.47319,157.01927
0.25660,0.28868,0.14540,0.50254,0.53160,-0.49087,0.47318,157.11942
0.25660,0.28858,0.14538,0.50259,0.53161,-0.49082,0.47317,157.21958
0.25660,0.28848,0.14538,0.50264,0.53162,-0.49077,0.47316,157.31973
0.25660,0.28838,0.14537,0.50268,0.53163,-0.49072,0.47315,157.41989
0.25660,0.28828,0.14537,0.50273,0.53164,-0.49067,0.47314,157.52004
0.25660,0.28818,0.14536,0.50278,0.53165,-0.49062,0.47313,157.62020
0.25660,0.28808,0.14536,0.50283,0.53166,-0.49058,0.47310,157.72036
0.25660,0.28798,0.14534,0.50287,0.53168,-0.49053,0.47309,157.82051
0.25660,0.28788,0.14534,0.50292,0.53169,-0.49048,0.47308,157.92067
0.25661,0.28778,0.14533,0.50297,0.53170,-0.49043,0.47307,158.02083
0.25661,0.28768,0.14532,0.50302,0.53171,-0.49038,0.47306,158.12099
0.25661,0.28758,0.14532,0.50306,0.53172,-0.49033,0.47305,158.22115
0.25661,0.28748,0.14531,0.50311,0.53173,-0.49028,0.47304,158.32131
0.25661,0.28738,0.14531,0.50316,0.53174,-0.49024,0.47303,158.42147
0.25661,0.28728,0.14529,0.50321,0.53175,-0.49019,0.47302,158.52163
0.25661,0.28718,0.14529,0.50325,0.53176,-0.49014,0.47301,158.62180
0.25661,0.28708,0.14528,0.50330,0.53177,-0.49009,0.47300,158.72196
0.25661,0.28698,0.14527,0.50335,0.53178,-0.49004,0.47299,158.82212
0.25661,0.28688,0.14527,0.50339,0.53179,-0.48999,0.47298,158.92229
0.25662,0.28678,0.14526,0.50344,0.53180,-0.48995,0.47297,159.02245
0.25662,0.28668,0.14526,0.50349,0.53181,-0.48990,0.47295,159.12262
0.25662,0.28658,0.14524,0.50353,0.53182,-0.48984,0.47294,159.22279
0.25662,0.28648,0.14524,0.50358,0.53183,-0.48980,0.47294,159.32295
0.25662,0.28638,0.14523,0.50363,0.53184,-0.48975,0.47292,159.42312
0.25662,0.28628,0.14522,0.50368,0.53184,-0.48970,0.47292,159.52329
0.25662,0.28618,0.14522,0.50372,0.53185,-0.48966,0.47291,159.62346
0.25662,0.28608,0.14521,0.50377,0.53186,-0.48961,0.47289,159.72363
0.25662,0.28598,0.14520,0.50382,0.53187,-0.48956,0.47288,159.82380
0.25662,0.28588,0.14519,0.50387,0.53188,-0.48951,0.47287,159.92397
0.25662,0.28578,0.14518,0.50391,0.53189,-0.48946,0.47286,160.02414
0.25663,0.28568,0.14518,0.50395,0.53190,-0.48941,0.47285,160.12432
0.25663,0.28558,0.14517,0.50400,0.53191,-0.48936,0.47284,160.22449
0.25663,0.28548,0.14517,0.50404,0.53192,-0.48932,0.47283,160.32466
0.25663,0.28538,0.14516,0.50409,0.53193,-0.48927,0.47282,160.42484
0.25663,0.28528,0.14515,0.50414,0.53194,-0.48922,0.47281,160.52501
0.25663,0.28518,0.14514,0.50418,0.53195,-0.48917,0.47280,160.62519
0.25663,0.28508,0.14513,0.50423,0.53196,-0.48912,0.47280,160.72537
0.25663,0.28498,0.14513,0.50428,0.53196,-0.48907,0.47279,160.82554
0.25663,0.28488,0.14512,0.50432,0.53198,-0.48902,0.47278,160.92572
0.25663,0.28478,0.14512,0.50437,0.53198,-0.48898,0.47276,161.02590
0.25664,0.28468,0.14511,0.50442,0.53199,-0.48893,0.47275,161.12608
0.25664,0.28458,0.14509,0.50446,0.53201,-0.48888,0.47274,161.22626
0.25664,0.28448,0.14509,0.50451,0.53201,-0.48883,0.47274,161.32644
0.25664,0.28438,0.14508,0.50456,0.53201,-0.48879,0.47272,161.42662
0.25664,0.28428,0.14508,0.50460,0.53203,-0.48874,0.47271,161.52680
0.25664,0.28418,0.14507,0.50465,0.53204,-0.48869,0.47270,161.62699
0.25664,0.28408,0.14506,0.50470,0.53205,-0.48864,0.47269,161.72717
0.25664,0.28398,0.14505,0.50474,0.53206,-0.48860,0.47268,161.82735
0.25664,0.28388,0.14504,0.50479,0.53206,-0.48855,0.47267,161.92754
0.25664,0.28378,0.14504,0.50483,0.53208,-0.48850,0.47266,162.02772
0.25665,0.28368,0.14503,0.50488,0.53209,-0.48845,0.47265,162.12791
0.25665,0.28358,0.14502,0.50492,0.53209,-0.48841,0.47264,162.22810
0.25665,0.28348,0.14502,0.50497,0.53210,-0.48836,0.47263,162.32829
0.25665,0.28338,0.14501,0.50502,0.53211,-0.48831,0.47262,162.42847
0.25665,0.28328,0.14499,0.50507,0.53211,-0.48826,0.47262,162.52866
0.25665,0.28318,0.14499,0.50510,0.53212,-0.48822,0.47261,162.62885
0.25665,0.28308,0.14498,0.50515,0.53213,-0.48817,0.47260,162.72904
0.25665,0.28298,0.14498,0.50520,0.53215,-0.48812,0.47259,162.82923
0.25665,0.28288,0.14497,0.50524,0.53215,-0.48808,0.47257,162.92943
0.25665,0.28278,0.14496,0.50529,0.53215,-0.48803,0.47257,163.02962
0.25666,0.28268,0.14496,0.50534,0.53217,-0.48798,0.47256,163.12981
0.25666,0.28258,0.14494,0.50539,0.53218,-0.48793,0.47255,163.23000
0.25666,0.28248,0.14493,0.50542,0.53219,-0.48789,0.47254,163.33020
0.25666,0.28238,0.14493,0.50547,0.53220,-0.48784,0.47252,163.43039
0.25666,0.28228,0.14492,0.50552,0.53220,-0.48779,0.47251,163.53059
0.25666,0.28218,0.14492,0.50556,0.53221,-0.48774,0.47251,163.63079
0.25666,0.28208,0.14491,0.50561,0.53221,-0.48770,0.47250,163.73098
0.25666,0.28198,0.14489,0.50565,0.53223,-0.48765,0.47249,163.83118
0.25666,0.28188,0.14489,0.50570,0.53223,-0.48760,0.47248,163.93138
0.25666,0.28178,0.14488,0.50575,0.53224,-0.48755,0.47247,164.03158
0.25666,0.28168,0.14487,0.50579,0.53225,-0.48751,0.47246,164.13178
0.25667,0.28158,0.14487,0.50584,0.53226,-0.48746,0.47245,164.23198
0.25667,0.28148,0.14486,0.50588,0.53227,-0.48742,0.47244,164.33218
0.25667,0.28138,0.14486,0.50593,0.53227,-0.48736,0.47244,164.43238
0.25667,0.28128,0.14484,0.50597,0.53228,-0.48732,0.47243,164.53259
0.25667,0.28118,0.14483,0.50602,0.53229,-0.48727,0.47242,164.63279
0.25667,0.28108,0.14483,0.50607,0.53230,-0.48722,0.47241,164.73300
0.25667,0.28098,0.14482,0.50611,0.53230,-0.48718,0.47240,164.83320
0.25667,0.28088,0.14481,0.50616,0.53231,-0.48713,0.47239,164.93341
0.25667,0.28078,0.14481,0.50620,0.53232,-0.48709,0.47238,165.03361
0.25667,0.28068,0.14480,0.50625,0.53233,-0.48704,0.47236,165.13382
0.25668,0.28058,0.14478,0.50629,0.53234,-0.48699,0.47236,165.23403
0.25668,0.28048,0.14478,0.50634,0.53234,-0.48694,0.47235,165.33424
0.25668,0.28038,0.14477,0.50638,0.53235,-0.48690,0.47234,165.43444
0.25668,0.28028,0.14476,0.50643,0.53236,-0.48685,0.47233,165.53465
0.25668,0.28018,0.14476,0.50647,0.53237,-0.48681,0.47232,165.63486
0.25668,0.28008,0.14475,0.50652,0.53237,-0.48676,0.47231,165.73508
0.25668,0.27998,0.14474,0.50656,0.53238,-0.48671,0.47231,165.83529
0.25668,0.27988,0.14473,0.50660,0.53239,-0.48667,0.47230,165.93550
0.25668,0.27978,0.14472,0.50665,0.53240,-0.48662,0.47229,166.03571
0.25668,0.27968,0.14472,0.50670,0.53240,-0.48657,0.47228,166.13593
0.25669,0.27958,0.14471,0.50674,0.53241,-0.48653,0.47227,166.23614
0.25669,0.27949,0.14470,0.50679,0.53242,-0.48648,0.47226,166.33636
0.25669,0.27939,0.14470,0.50683,0.53243,-0.48644,0.47225,166.43657
0.25669,0.27929,0.14468,0.50687,0.53243,-0.48639,0.47225,166.53679
0.25669,0.27919,0.14467,0.50692,0.53244,-0.48634,0.47224,166.63701
0.25669,0.27909,0.14467,0.50696,0.53245,-0.48630,0.47223,166.73723
0.25669,0.27899,0.14466,0.50701,0.53246,-0.48625,0.47222,166.83745
0.25669,0.27889,0.14465,0.50705,0.53246,-0.48621,0.47221,166.93767
0.25669,0.27879,0.14465,0.50710,0.53247,-0.48616,0.47220,167.03789
0.25669,0.27869,0.14464,0.50714,0.53248,-0.48612,0.47219,167.13811
0.25670,0.27859,0.14462,0.50719,0.53248,-0.48607,0.47218,167.23833
0.25670,0.27849,0.14462,0.50723,0.53249,-0.48602,0.47218,167.33855
0.25670,0.27839,0.14461,0.50728,0.53250,-0.48598,0.47217,167.43877
0.25670,0.27829,0.14460,0.50732,0.53251,-0.48593,0.47216,167.53900
0.25670,0.27819,0.14460,0.50737,0.53251,-0.48589,0.47215,167.63922
0.25670,0.27809,0.14459,0.50741,0.53252,-0.48584,0.47214,167.73945
0.25670,0.27799,0.14457,0.50746,0.53253,-0.48579,0.47213,167.83967
0.25670,0.27789,0.14457,0.50750,0.53253,-0.48575,0.47213,167.93990
0.25670,0.27779,0.14456,0.50755,0.53254,-0.48570,0.47212,168.04013
0.25670,0.27769,0.14455,0.50759,0.53255,-0.48566,0.47211,168.14036
0.25671,0.27759,0.14455,0.50763,0.53255,-0.48561,0.47210,168.24059
0.25671,0.27749,0.14454,0.50768,0.53256,-0.48557,0.47209,168.34081
0.25671,0.27739,0.14453,0.50772,0.53257,-0.48552,0.47209,168.44105
0.25671,0.27729,0.14452,0.50777,0.53257,-0.48548,0.47208,168.54128
0.25671,0.27719,0.14451,0.50781,0.53258,-0.48543,0.47207,168.64151
0.25671,0.27709,0.14450,0.50786,0.53259,-0.48538,0.47205,168.74174
0.25671,0.27699,0.14449,0.50790,0.53259,-0.48534,0.47206,168.84197
0.25671,0.27689,0.14449,0.50794,0.53260,-0.48529,0.47204,168.94221
0.25671,0.27679,0.14448,0.50799,0.53261,-0.48524,0.47203,169.04244
0.25671,0.27669,0.14446,0.50803,0.53261,-0.48521,0.47203,169.14268
0.25671,0.27659,0.14446,0.50807,0.53262,-0.48515,0.47202,169.24291
0.25672,0.27649,0.14445,0.50811,0.53263,-0.48511,0.47201,169.34315
0.25672,0.27639,0.14444,0.50817,0.53263,-0.48506,0.47200,169.44339
0.25672,0.27629,0.14444,0.50820,0.53264,-0.48502,0.47199,169.54363
0.25672,0.27619,0.14443,0.50825,0.53264,-0.48497,0.47199,169.64386
0.25672,0.27609,0.14442,0.50829,0.53265,-0.48493,0.47198,169.74410
0.25672,0.27599,0.14441,0.50833,0.53266,-0.48488,0.47197,169.84434
0.25672,0.27589,0.14440,0.50838,0.53266,-0.48484,0.47197,169.94458
0.25672,0.27579,0.14439,0.50842,0.53267,-0.48479,0.47196,170.04483
0.25672,0.27569,0.14439,0.50847,0.53267,-0.48475,0.47195,170.14507
0.25672,0.27559,0.14438,0.50851,0.53268,-0.48470,0.47194,170.24531
0.25673,0.27549,0.14437,0.50855,0.53269,-0.48466,0.47194,170.34556
0.25673,0.27539,0.14436,0.50860,0.53269,-0.48461,0.47193,170.44580
0.25673,0.27529,0.14435,0.50864,0.53270,-0.48457,0.47192,170.54605
0.25673,0.27519,0.14434,0.50869,0.53270,-0.48452,0.47191,170.64629
0.25673,0.27509,0.14433,0.50873,0.53271,-0.48448,0.47191,170.74654
0.25673,0.27499,0.14433,0.50877,0.53272,-0.48443,0.47190,170.84679
0.25673,0.27489,0.14432,0.50882,0.53272,-0.48439,0.47189,170.94703
0.25673,0.27479,0.14431,0.50886,0.53272,-0.48435,0.47188,171.04728
0.25673,0.27469,0.14430,0.50890,0.53274,-0.48430,0.47187,171.14753
0.25673,0.27459,0.14429,0.50895,0.53274,-0.48426,0.47186,171.24778
0.25674,0.27449,0.14428,0.50899,0.53275,-0.48421,0.47186,171.34803
0.25674,0.27439,0.14427,0.50903,0.53275,-0.48417,0.47185,171.44828
0.25674,0.27429,0.14427,0.50908,0.53276,-0.48412,0.47184,171.54854
0.25674,0.27419,0.14426,0.50912,0.53276,-0.48408,0.47184,171.64879
0.25674,0.27409,0.14425,0.50917,0.53276,-0.48404,0.47183,171.74904
0.25674,0.27399,0.14424,0.50921,0.53277,-0.48399,0.47182,171.84930
0.25674,0.27389,0.14423,0.50925,0.53277,-0.48395,0.47182,171.94955
0.25674,0.27379,0.14422,0.50930,0.53278,-0.48390,0.47181,172.04981
0.25674,0.27369,0.14421,0.50934,0.53279,-0.48386,0.47180,172.15007
0.25674,0.27359,0.14421,0.50937,0.53279,-0.48382,0.47180,172.25032
0.25675,0.27349,0.14420,0.50943,0.53279,-0.48377,0.47179,172.35058
0.25675,0.27339,0.14419,0.50947,0.53280,-0.48373,0.47178,172.45084
0.25675,0.27329,0.14417,0.50951,0.53281,-0.48368,0.47178,172.55110
0.25675,0.27319,0.14417,0.50955,0.53281,-0.48364,0.47176,172.65136
0.25675,0.27309,0.14416,0.50959,0.53281,-0.48360,0.47176,172.75162
0.25675,0.27299,0.14415,0.50964,0.53282,-0.48355,0.47176,172.85188
0.25675,0.27289,0.14415,0.50968,0.53282,-0.48351,0.47174,172.95215
0.25675,0.27279,0.14414,0.50972,0.53283,-0.48346,0.47174,173.05241
0.25675,0.27269,0.14412,0.50977,0.53284,-0.48342,0.47173,173.15267
0.25675,0.27259,0.14411,0.50980,0.53284,-0.48338,0.47172,173.25294
0.25676,0.27249,0.14411,0.50985,0.53284,-0.48333,0.47172,173.35320
0.25676,0.27239,0.14410,0.50989,0.53285,-0.48329,0.47171,173.45347
0.25676,0.27229,0.14409,0.50993,0.53286,-0.48325,0.47170,173.55373
0.25676,0.27219,0.14409,0.50998,0.53286,-0.48319,0.47170,173.65400
0.25676,0.27209,0.14408,0.51002,0.53286,-0.48316,0.47169,173.75427
0.25676,0.27199,0.14406,0.51006,0.53287,-0.48311,0.47169,173.85454
0.25676,0.27189,0.14405,0.51010,0.53288,-0.48307,0.47168,173.95481
0.25676,0.27179,0.14405,0.51015,0.53288,-0.48302,0.47167,174.05508
0.25676,0.27169,0.14404,0.51019,0.53288,-0.48298,0.47167,174.15535
0.25676,0.27159,0.14403,0.51023,0.53289,-0.48293,0.47166,174.25562
0.25677,0.27149,0.14402,0.51028,0.53289,-0.48289,0.47166,174.35589
0.25677,0.27139,0.14402,0.51032,0.53289,-0.48285,0.47165,174.45617
0.25677,0.27129,0.14400,0.51036,0.53290,-0.48280,0.47165,174.55644
0.25677,0.27120,0.14399,0.51040,0.53290,-0.48276,0.47164,174.65672
0.25677,0.27110,0.14398,0.51045,0.53291,-0.48272,0.47162,174.75699
0.25677,0.27100,0.14398,0.51049,0.53291,-0.48267,0.47163,174.85727
0.25677,0.27090,0.14397,0.51053,0.53292,-0.48263,0.47161,174.95754
0.25677,0.27080,0.14396,0.51057,0.53292,-0.48259,0.47161,175.05782
0.25677,0.27070,0.14394,0.51062,0.53293,-0.48254,0.47160,175.15810
0.25677,0.27060,0.14394,0.51066,0.53293,-0.48250,0.47160,175.25838
0.25678,0.27050,0.14393,0.51070,0.53293,-0.48246,0.47159,175.35866
0.25678,0.27040,0.14392,0.51074,0.53294,-0.48242,0.47158,175.45894
0.25678,0.27030,0.14391,0.51078,0.53294,-0.48237,0.47158,175.55922
0.25678,0.27020,0.14391,0.51083,0.53295,-0.48233,0.47157,175.65950
0.25678,0.27010,0.14390,0.51087,0.53295,-0.48229,0.47157,175.75978
0.25678,0.27000,0.14388,0.51091,0.53295,-0.48224,0.47156,175.86007
0.25678,0.26990,0.14387,0.51095,0.53296,-0.48220,0.47156,175.96035
0.25678,0.26980,0.14387,0.51100,0.53296,-0.48216,0.47155,176.06063
0.25678,0.26970,0.14386,0.51103,0.53297,-0.48212,0.47155,176.16092
0.25678,0.26960,0.14385,0.51108,0.53297,-0.48207,0.47154,176.26120
0.25679,0.26950,0.14384,0.51112,0.53297,-0.48203,0.47154,176.36149
0.25679,0.26940,0.14384,0.51116,0.53298,-0.48199,0.47153,176.46178
0.25679,0.26930,0.14382,0.51120,0.53298,-0.48195,0.47152,176.56207
0.25679,0.26920,0.14381,0.51125,0.53298,-0.48190,0.47152,176.66236
0.25679,0.26910,0.14380,0.51129,0.53299,-0.48186,0.47151,176.76264
0.25679,0.26900,0.14380,0.51133,0.53299,-0.48182,0.47151,176.86294
0.25679,0.26890,0.14379,0.51136,0.53300,-0.48178,0.47149,176.96323
0.25679,0.26880,0.14378,0.51141,0.53300,-0.48173,0.47150,177.06352
0.25679,0.26870,0.14376,0.51146,0.53300,-0.48169,0.47148,177.16381
0.25679,0.26860,0.14376,0.51149,0.53301,-0.48165,0.47148,177.26410
0.25679,0.26850,0.14375,0.51153,0.53301,-0.48161,0.47147,177.36440
0.25680,0.26840,0.14374,0.51157,0.53301,-0.48157,0.47147,177.46469
0.25680,0.26830,0.14373,0.51161,0.53302,-0.48152,0.47146,177.56499
0.25680,0.26820,0.14372,0.51165,0.53302,-0.48148,0.47146,177.66528
0.25680,0.26810,0.14372,0.51170,0.53302,-0.48144,0.47146,177.76558
0.25680,0.26800,0.14370,0.51174,0.53303,-0.48140,0.47145,177.86588
0.25680,0.26790,0.14369,0.51178,0.53303,-0.48135,0.47145,177.96617
0.25680,0.26780,0.14368,0.51182,0.53303,-0.48131,0.47144,178.06647
0.25680,0.26770,0.14368,0.51186,0.53303,-0.48127,0.47144,178.16677
0.25680,0.26760,0.14367,0.51190,0.53304,-0.48123,0.47143,178.26707
0.25680,0.26750,0.14366,0.51194,0.53304,-0.48119,0.47143,178.36737
0.25681,0.26740,0.14364,0.51199,0.53304,-0.48115,0.47142,178.46767
0.25681,0.26730,0.14363,0.51203,0.53305,-0.48110,0.47142,178.56798
0.25681,0.26720,0.14363,0.51207,0.53305,-0.48106,0.47141,178.66828
0.25681,0.26710,0.14362,0.51211,0.53305,-0.48102,0.47141,178.76858
0.25681,0.26700,0.14361,0.51215,0.53306,-0.48098,0.47140,178.86889
0.25681,0.26690,0.14360,0.51219,0.53306,-0.48093,0.47139,178.96919
0.25681,0.26680,0.14360,0.51223,0.53306,-0.48089,0.47139,179.06950
0.25681,0.26670,0.14358,0.51227,0.53306,-0.48086,0.47139,179.16981
0.25681,0.26660,0.14357,0.51232,0.53307,-0.48080,0.47138,179.27011
0.25681,0.26650,0.14356,0.51236,0.53307,-0.48076,0.47137,179.37042
0.25682,0.26640,0.14355,0.51240,0.53307,-0.48072,0.47137,179.47073
0.25682,0.26630,0.14355,0.51244,0.53307,-0.48069,0.47136,179.57104
0.25682,0.26620,0.14354,0.51248,0.53308,-0.48064,0.47136,179.67135
0.25682,0.26610,0.14353,0.51252,0.53308,-0.48060,0.47136,179.77166
0.25682,0.26600,0.14351,0.51256,0.53308,-0.48056,0.47135,179.87197
0.25682,0.26590,0.14350,0.51260,0.53308,-0.48052,0.47135,179.97228
0.25682,0.26580,0.14350,0.51264,0.53309,-0.48047,0.47134,180.07260
0.25682,0.26570,0.14349,0.51268,0.53309,-0.48043,0.47134,180.17291
0.25682,0.26560,0.14348,0.51272,0.53309,-0.48039,0.47134,180.27322
0.25682,0.26550,0.14347,0.51276,0.53309,-0.48036,0.47133,180.37354
0.25683,0.26540,0.14346,0.51280,0.53310,-0.48031,0.47133,180.47385
0.25683,0.26530,0.14345,0.51285,0.53310,-0.48027,0.47132,180.57417
0.25683,0.26520,0.14344,0.51288,0.53309,-0.48023,0.47132,180.67449
0.25683,0.26510,0.14343,0.51292,0.53309,-0.48019,0.47131,180.77480
0.25683,0.26500,0.14342,0.51297,0.53310,-0.48015,0.47131,180.87512
0.25683,0.26490,0.14342,0.51300,0.53310,-0.48011,0.47130,180.97544
0.25683,0.26480,0.14341,0.51304,0.53310,-0.48006,0.47130,181.07576
0.25683,0.26470,0.14339,0.51309,0.53311,-0.48002,0.47129,181.17608
0.25683,0.26460,0.14338,0.51313,0.53311,-0.47998,0.47129,181.27640
0.25683,0.26450,0.14337,0.51317,0.53311,-0.47994,0.47129,181.37673
0.25684,0.26440,0.14337,0.51320,0.53311,-0.47990,0.47128,181.47705
0.25684,0.26430,0.14336,0.51324,0.53311,-0.47986,0.47128,181.57737
0.25684,0.26420,0.14335,0.51328,0.53312,-0.47982,0.47127,181.67769
0.25684,0.26410,0.14334,0.51332,0.53312,-0.47978,0.47127,181.77802
0.25684,0.26400,0.14332,0.51336,0.53311,-0.47974,0.47127,181.87834
0.25684,0.26390,0.14331,0.51341,0.53312,-0.47970,0.47126,181.97867
0.25684,0.26380,0.14331,0.51344,0.53312,-0.47966,0.47126,182.07900
0.25684,0.26371,0.14330,0.51348,0.53312,-0.47962,0.47126,182.17933
0.25684,0.26361,0.14329,0.51352,0.53312,-0.47958,0.47125,182.27965
0.25684,0.26351,0.14328,0.51356,0.53312,-0.47954,0.47125,182.37998
0.25685,0.26341,0.14326,0.51360,0.53312,-0.47950,0.47125,182.48031
0.25685,0.26331,0.14326,0.51364,0.53313,-0.47946,0.47124,182.58064
0.25685,0.26321,0.14325,0.51368,0.53312,-0.47942,0.47124,182.68097
0.25685,0.26311,0.14324,0.51372,0.53313,-0.47938,0.47123,182.78130
0.25685,0.26301,0.14323,0.51376,0.53313,-0.47934,0.47123,182.88164
0.25685,0.26291,0.14322,0.51380,0.53313,-0.47930,0.47122,182.98197
0.25685,0.26281,0.14322,0.51384,0.53313,-0.47926,0.47122,183.08230
0.25685,0.26271,0.14320,0.51388,0.53313,-0.47922,0.47122,183.18264
0.25685,0.26261,0.14319,0.51392,0.53313,-0.47918,0.47121,183.28297
0.25685,0.26251,0.14318,0.51396,0.53313,-0.47914,0.47121,183.38331
0.25686,0.26241,0.14317,0.51400,0.53313,-0.47910,0.47121,183.48364
0.25686,0.26231,0.14316,0.51404,0.53313,-0.47906,0.47120,183.58398
0.25686,0.26221,0.14316,0.51408,0.53313,-0.47902,0.47120,183.68432
0.25686,0.26211,0.14315,0.51411,0.53314,-0.47898,0.47120,183.78466
0.25686,0.26201,0.14313,0.51415,0.53314,-0.47894,0.47120,183.88500
0.25686,0.26191,0.14312,0.51419,0.53314,-0.47890,0.47119,183.98534
0.25686,0.26181,0.14311,0.51423,0.53314,-0.47886,0.47119,184.08568
0.25686,0.26171,0.14310,0.51427,0.53314,-0.47882,0.47119,184.18602
0.25686,0.26161,0.14310,0.51431,0.53314,-0.47878,0.47119,184.28636
0.25686,0.26151,0.14309,0.51435,0.53314,-0.47874,0.47118,184.38670
0.25687,0.26141,0.14307,0.51439,0.53314,-0.47870,0.47118,184.48705
0.25687,0.26131,0.14306,0.51443,0.53314,-0.47866,0.47118,184.58739
0.25687,0.26121,0.14305,0.51447,0.53314,-0.47862,0.47118,184.68773
0.25687,0.26111,0.14305,0.51451,0.53314,-0.47859,0.47117,184.78808
0.25687,0.26101,0.14304,0.51455,0.53314,-0.47854,0.47117,184.88843
0.25687,0.26091,0.14303,0.51458,0.53314,-0.47851,0.47117,184.98877
0.25687,0.26081,0.14302,0.51462,0.53314,-0.47847,0.47117,185.08912
0.25687,0.26071,0.14300,0.51466,0.53314,-0.47843,0.47116,185.18947
0.25687,0.26061,0.14299,0.51470,0.53314,-0.47839,0.47116,185.28982
0.25687,0.26051,0.14299,0.51474,0.53314,-0.47835,0.47116,185.39016
0.25688,0.26041,0.14298,0.51478,0.53314,-0.47831,0.47115,185.49051
0.25688,0.26031,0.14297,0.51482,0.53314,-0.47826,0.47115,185.59087
0.25688,0.26021,0.14296,0.51486,0.53314,-0.47823,0.47114,185.69122
0.25688,0.26011,0.14295,0.51490,0.53314,-0.47819,0.47114,185.79157
0.25688,0.26001,0.14293,0.51493,0.53314,-0.47816,0.47114,185.89192
0.25688,0.25991,0.14292,0.51497,0.53314,-0.47811,0.47114,185.99227
0.25688,0.25981,0.14292,0.51501,0.53314,-0.47807,0.47114,186.09263
0.25688,0.25971,0.14291,0.51505,0.53314,-0.47804,0.47113,186.19298
0.25688,0.25961,0.14290,0.51509,0.53314,-0.47800,0.47113,186.29334
0.25688,0.25951,0.14289,0.51513,0.53314,-0.47795,0.47113,186.39369
0.25689,0.25941,0.14287,0.51516,0.53314,-0.47792,0.47113,186.49405
0.25689,0.25931,0.14286,0.51520,0.53314,-0.47788,0.47113,186.59441
0.25689,0.25921,0.14286,0.51523,0.53314,-0.47784,0.47113,186.69477
0.25689,0.25911,0.14285,0.51528,0.53314,-0.47780,0.47112,186.79513
0.25689,0.25901,0.14284,0.51532,0.53314,-0.47776,0.47112,186.89548
0.25689,0.25891,0.14283,0.51535,0.53314,-0.47772,0.47112,186.99584
0.25689,0.25881,0.14282,0.51539,0.53314,-0.47769,0.47111,187.09620
0.25689,0.25871,0.14280,0.51542,0.53314,-0.47765,0.47112,187.19657
0.25689,0.25861,0.14279,0.51546,0.53314,-0.47761,0.47111,187.29693
0.25689,0.25851,0.14279,0.51550,0.53314,-0.47757,0.47111,187.39729
0.25690,0.25841,0.14278,0.51554,0.53314,-0.47753,0.47111,187.49765
0.25690,0.25831,0.14277,0.51558,0.53314,-0.47750,0.47110,187.59802
0.25690,0.25821,0.14276,0.51561,0.53314,-0.47746,0.47110,187.69838
0.25690,0.25811,0.14275,0.51565,0.53314,-0.47742,0.47110,187.79875
0.25690,0.25801,0.14273,0.51569,0.53314,-0.47738,0.47110,187.89911
0.25690,0.25791,0.14272,0.51573,0.53314,-0.47734,0.47110,187.99948
0.25690,0.25781,0.14272,0.51577,0.53313,-0.47731,0.47110,188.09985
0.25690,0.25771,0.14271,0.51580,0.53313,-0.47727,0.47110,188.20022
0.25690,0.25761,0.14270,0.51584,0.53313,-0.47723,0.47109,188.30058
0.25690,0.25751,0.14269,0.51588,0.53313,-0.47719,0.47109,188.40095
0.25691,0.25741,0.14267,0.51592,0.53313,-0.47715,0.47109,188.50132
0.25691,0.25731,0.14266,0.51595,0.53313,-0.47712,0.47109,188.60169
0.25691,0.25721,0.14265,0.51599,0.53313,-0.47708,0.47109,188.70206
0.25691,0.25711,0.14265,0.51603,0.53313,-0.47704,0.47109,188.80244
0.25691,0.25701,0.14264,0.51607,0.53313,-0.47700,0.47109,188.90281
0.25691,0.25691,0.14263,0.51610,0.53312,-0.47697,0.47109,189.00318
0.25691,0.25681,0.14262,0.51614,0.53312,-0.47693,0.47109,189.10356
0.25691,0.25672,0.14260,0.51618,0.53312,-0.47689,0.47109,189.20393
0.25691,0.25662,0.14259,0.51622,0.53312,-0.47685,0.47109,189.30430
0.25691,0.25652,0.14258,0.51625,0.53312,-0.47682,0.47108,189.40468
0.25692,0.25642,0.14258,0.51629,0.53312,-0.47678,0.47108,189.50506
0.25692,0.25632,0.14257,0.51633,0.53312,-0.47674,0.47107,189.60543
0.25692,0.25622,0.14256,0.51637,0.53311,-0.47671,0.47107,189.70581
0.25692,0.25612,0.14254,0.51640,0.53311,-0.47667,0.47108,189.80619
0.25692,0.25602,0.14253,0.51644,0.53311,-0.47663,0.47107,189.90657
0.25692,0.25592,0.14252,0.51648,0.53311,-0.47659,0.47107,190.00695
0.25692,0.25582,0.14251,0.51651,0.53311,-0.47656,0.47107,190.10733
0.25692,0.25572,0.14250,0.51655,0.53311,-0.47652,0.47107,190.20771
0.25692,0.25562,0.14250,0.51659,0.53310,-0.47648,0.47107,190.30809
0.25692,0.25552,0.14249,0.51662,0.53310,-0.47645,0.47107,190.40847
0.25693,0.25542,0.14247,0.51666,0.53310,-0.47641,0.47107,190.50885
0.25693,0.25532,0.14246,0.51670,0.53310,-0.47637,0.47107,190.60924
0.25693,0.25522,0.14245,0.51673,0.53309,-0.47633,0.47107,190.70962
0.25693,0.25512,0.14244,0.51677,0.53309,-0.47630,0.47107,190.81001
0.25693,0.25502,0.14243,0.51681,0.53309,-0.47626,0.47107,190.91039
0.25693,0.25492,0.14242,0.51685,0.53308,-0.47622,0.47107,191.01078
0.25693,0.25482,0.14242,0.51688,0.53309,-0.47619,0.47107,191.11116
0.25693,0.25472,0.14240,0.51692,0.53308,-0.47615,0.47107,191.21155
0.25693,0.25462,0.14239,0.51696,0.53307,-0.47611,0.47107,191.31194
0.25693,0.25452,0.14238,0.51699,0.53308,-0.47608,0.47107,191.41233
0.25694,0.25442,0.14237,0.51703,0.53308,-0.47604,0.47107,191.51272
0.25694,0.25432,0.14236,0.51706,0.53307,-0.47600,0.47106,191.61311
0.25694,0.25422,0.14235,0.51710,0.53307,-0.47597,0.47107,191.71350
0.25694,0.25412,0.14233,0.51714,0.53306,-0.47593,0.47106,191.81389
0.25694,0.25402,0.14232,0.51717,0.53307,-0.47590,0.47107,191.91428
0.25694,0.25392,0.14232,0.51721,0.53306,-0.47586,0.47106,192.01467
0.25694,0.25382,0.14231,0.51725,0.53305,-0.47582,0.47106,192.11506
0.25694,0.25372,0.14230,0.51728,0.53306,-0.47579,0.47106,192.21546
0.25694,0.25362,0.14229,0.51732,0.53306,-0.47575,0.47106,192.31585
0.25694,0.25352,0.14228,0.51735,0.53305,-0.47571,0.47106,192.41624
0.25695,0.25342,0.14226,0.51739,0.53304,-0.47567,0.47107,192.51664
0.25695,0.25332,0.14225,0.51742,0.53304,-0.47564,0.47107,192.61704
0.25695,0.25322,0.14224,0.51745,0.53304,-0.47560,0.47107,192.71743
0.25695,0.25312,0.14223,0.51749,0.53304,-0.47556,0.47107,192.81783
0.25695,0.25302,0.14223,0.51753,0.53303,-0.47553,0.47107,192.91823
0.25695,0.25292,0.14222,0.51756,0.53303,-0.47549,0.47107,193.01862
0.25695,0.25282,0.14221,0.51760,0.53303,-0.47546,0.47107,193.11902
0.25695,0.25272,0.14219,0.51764,0.53303,-0.47543,0.47107,193.21942
0.25695,0.25262,0.14218,0.51767,0.53302,-0.47539,0.47107,193.31982
0.25695,0.25252,0.14217,0.51771,0.53302,-0.47535,0.47107,193.42022
0.25696,0.25242,0.14216,0.51774,0.53301,-0.47532,0.47107,193.52062
0.25696,0.25232,0.14215,0.51778,0.53301,-0.47528,0.47107,193.62103
0.25696,0.25222,0.14214,0.51781,0.53301,-0.47524,0.47108,193.72143
0.25696,0.25212,0.14213,0.51785,0.53300,-0.47521,0.47108,193.82183
0.25696,0.25202,0.14212,0.51788,0.53300,-0.47517,0.47108,193.92224
0.25696,0.25192,0.14211,0.51792,0.53300,-0.47514,0.47107,194.02264
0.25696,0.25182,0.14210,0.51796,0.53299,-0.47510,0.47107,194.12304
0.25696,0.25172,0.14209,0.51799,0.53299,-0.47507,0.47107,194.22345
0.25696,0.25162,0.14208,0.51803,0.53299,-0.47503,0.47107,194.32386
0.25696,0.25152,0.14207,0.51806,0.53298,-0.47500,0.47107,194.42426
0.25697,0.25142,0.14205,0.51810,0.53298,-0.47496,0.47108,194.52467
0.25697,0.25132,0.14204,0.51813,0.53298,-0.47493,0.47108,194.62508
0.25697,0.25122,0.14203,0.51817,0.53297,-0.47489,0.47108,194.72549
0.25697,0.25112,0.14202,0.51820,0.53297,-0.47486,0.47108,194.82589
0.25697,0.25102,0.14202,0.51824,0.53296,-0.47482,0.47108,194.92630
0.25697,0.25092,0.14201,0.51827,0.53296,-0.47479,0.47108,195.02671
0.25697,0.25082,0.14200,0.51831,0.53296,-0.47475,0.47108,195.12713
0.25697,0.25072,0.14198,0.51834,0.53295,-0.47472,0.47109,195.22754
0.25697,0.25062,0.14197,0.51838,0.53295,-0.47468,0.47109,195.32795
0.25697,0.25052,0.14196,0.51841,0.53295,-0.47465,0.47109,195.42836
0.25698,0.25042,0.14195,0.51845,0.53294,-0.47461,0.47109,195.52877
0.25698,0.25032,0.14194,0.51848,0.53294,-0.47458,0.47109,195.62919
0.25698,0.25022,0.14193,0.51852,0.53293,-0.47455,0.47110,195.72960
0.25698,0.25013,0.14191,0.51855,0.53293,-0.47451,0.47110,195.83002
0.25698,0.25003,0.14190,0.51859,0.53292,-0.47448,0.47110,195.93043
0.25698,0.24993,0.14190,0.51862,0.53292,-0.47444,0.47110,196.03085
0.25698,0.24983,0.14189,0.51866,0.53292,-0.47441,0.47109,196.13127
0.25698,0.24973,0.14188,0.51869,0.53291,-0.47437,0.47111,196.23168
0.25698,0.24963,0.14187,0.51873,0.53291,-0.47434,0.47110,196.33210
0.25698,0.24953,0.14186,0.51876,0.53290,-0.47430,0.47111,196.43252
0.25699,0.24943,0.14184,0.51880,0.53290,-0.47427,0.47110,196.53294
0.25699,0.24933,0.14183,0.51883,0.53289,-0.47424,0.47110,196.63336
0.25699,0.24923,0.14182,0.51886,0.53289,-0.47420,0.47111,196.73378
0.25699,0.24913,0.14181,0.51890,0.53288,-0.47417,0.47111,196.83420
0.25699,0.24903,0.14180,0.51893,0.53288,-0.47413,0.47111,196.93462
0.25699,0.24893,0.14179,0.51897,0.53288,-0.47410,0.47111,197.03504
0.25699,0.24883,0.14178,0.51900,0.53287,-0.47407,0.47112,197.13546
0.25699,0.24873,0.14177,0.51904,0.53287,-0.47403,0.47112,197.23589
0.25699,0.24863,0.14176,0.51907,0.53286,-0.47400,0.47112,197.33631
0.25699,0.24853,0.14175,0.51910,0.53286,-0.47397,0.47112,197.43673
0.25700,0.24843,0.14174,0.51914,0.53285,-0.47393,0.47113,197.53716
0.25700,0.24833,0.14173,0.51917,0.53285,-0.47390,0.47113,197.63758
0.25700,0.24823,0.14172,0.51921,0.53284,-0.47386,0.47113,197.73801
0.25700,0.24813,0.14170,0.51924,0.53284,-0.47383,0.47113,197.83843
0.25700,0.24803,0.14169,0.51928,0.53283,-0.47379,0.47114,197.93886
0.25700,0.24793,0.14168,0.51931,0.53283,-0.47376,0.47114,198.03929
0.25700,0.24783,0.14167,0.51934,0.53282,-0.47373,0.47114,198.13972
0.25700,0.24773,0.14166,0.51937,0.53281,-0.47369,0.47114,198.24014
0.25700,0.24763,0.14165,0.51941,0.53281,-0.47366,0.47115,198.34057
0.25700,0.24753,0.14164,0.51944,0.53280,-0.47363,0.47115,198.44100
0.25701,0.24743,0.14163,0.51947,0.53279,-0.47359,0.47115,198.54143
0.25701,0.24733,0.14162,0.51951,0.53279,-0.47356,0.47116,198.64186
0.25701,0.24723,0.14161,0.51955,0.53279,-0.47352,0.47115,198.74229
0.25701,0.24713,0.14160,0.51958,0.53278,-0.47350,0.47115,198.84273
0.25701,0.24703,0.14159,0.51961,0.53278,-0.47346,0.47116,198.94316
0.25701,0.24693,0.14158,0.51965,0.53277,-0.47343,0.47116,199.04359
0.25701,0.24683,0.14157,0.51968,0.53277,-0.47339,0.47116,199.14402
0.25701,0.24673,0.14155,0.51971,0.53276,-0.47336,0.47117,199.24446
0.25701,0.24663,0.14154,0.51975,0.53275,-0.47332,0.47117,199.34489
0.25701,0.24653,0.14153,0.51978,0.53275,-0.47330,0.47117,199.44533
0.25702,0.24643,0.14152,0.51981,0.53274,-0.47327,0.47118,199.54576
0.25702,0.24633,0.14151,0.51985,0.53274,-0.47322,0.47118,199.64620
0.25702,0.24623,0.14150,0.51988,0.53273,-0.47319,0.47119,199.74664
0.25702,0.24613,0.14148,0.51991,0.53272,-0.47316,0.47119,199.84707
0.25702,0.24603,0.14147,0.51994,0.53271,-0.47313,0.47119,199.94751
0.25702,0.24593,0.14147,0.51998,0.53271,-0.47310,0.47120,200.04795
0.25702,0.24583,0.14146,0.52001,0.53271,-0.47306,0.47120,200.14839
0.25702,0.24573,0.14145,0.52005,0.53270,-0.47303,0.47120,200.24883
0.25702,0.24563,0.14144,0.52007,0.53269,-0.47300,0.47120,200.34927
0.25702,0.24553,0.14143,0.52011,0.53269,-0.47297,0.47121,200.44971
0.25703,0.24543,0.14141,0.52014,0.53268,-0.47293,0.47122,200.55015
0.25703,0.24533,0.14140,0.52017,0.53267,-0.47290,0.47121,200.65059
0.25703,0.24523,0.14139,0.52021,0.53267,-0.47287,0.47122,200.75103
0.25703,0.24513,0.14138,0.52024,0.53266,-0.47284,0.47123,200.85147
0.25703,0.24503,0.14137,0.52027,0.53265,-0.47280,0.47122,200.95192
0.25703,0.24493,0.14136,0.52030,0.53264,-0.47277,0.47123,201.05236
0.25703,0.24483,0.14134,0.52033,0.53264,-0.47274,0.47123,201.15280
0.25703,0.24473,0.14133,0.52037,0.53263,-0.47271,0.47123,201.25325
0.25703,0.24463,0.14132,0.52041,0.53262,-0.47267,0.47124,201.35369
0.25704,0.24453,0.14131,0.52043,0.53262,-0.47264,0.47124,201.45414
0.25704,0.24443,0.14130,0.52046,0.53261,-0.47261,0.47125,201.55458
0.25704,0.24433,0.14129,0.52050,0.53261,-0.47258,0.47125,201.65503
0.25704,0.24423,0.14129,0.52053,0.53260,-0.47255,0.47126,201.75548
0.25704,0.24413,0.14127,0.52057,0.53259,-0.47251,0.47126,201.85592
0.25704,0.24403,0.14126,0.52060,0.53259,-0.47248,0.47126,201.95637
0.25704,0.24393,0.14125,0.52063,0.53258,-0.47245,0.47127,202.05682
0.25704,0.24383,0.14124,0.52066,0.53257,-0.47242,0.47127,202.15727
0.25704,0.24373,0.14123,0.52069,0.53256,-0.47239,0.47128,202.25772
0.25704,0.24364,0.14122,0.52073,0.53255,-0.47236,0.47128,202.35817
0.25705,0.24354,0.14121,0.52075,0.53255,-0.47233,0.47129,202.45862
0.25705,0.24344,0.14119,0.52079,0.53254,-0.47229,0.47129,202.55907
0.25705,0.24334,0.14118,0.52082,0.53253,-0.47226,0.47130,202.65952
0.25705,0.24324,0.14117,0.52085,0.53253,-0.47223,0.47130,202.75997
0.25705,0.24314,0.14116,0.52088,0.53252,-0.47220,0.47131,202.86042
0.25705,0.24304,0.14115,0.52091,0.53251,-0.47217,0.47131,202.96088
0.25705,0.24294,0.14114,0.52094,0.53250,-0.47214,0.47132,203.06133
0.25705,0.24284,0.14112,0.52098,0.53250,-0.47211,0.47131,203.16178
0.25705,0.24274,0.14111,0.52101,0.53249,-0.47208,0.47132,203.26224
0.25705,0.24264,0.14110,0.52105,0.53248,-0.47204,0.47133,203.36269
0.25706,0.24254,0.14109,0.52108,0.53247,-0.47201,0.47134,203.46315
0.25706,0.24244,0.14108,0.52110,0.53247,-0.47198,0.47133,203.56360
0.25706,0.24234,0.14107,0.52114,0.53246,-0.47195,0.47134,203.66406
0.25706,0.24224,0.14107,0.52117,0.53245,-0.47192,0.47134,203.76452
0.25706,0.24214,0.14105,0.52120,0.53244,-0.47189,0.47135,203.86497
0.25706,0.24204,0.14104,0.52123,0.53244,-0.47186,0.47135,203.96543
0.25706,0.24194,0.14103,0.52126,0.53243,-0.47183,0.47136,204.06589
0.25706,0.24184,0.14102,0.52129,0.53242,-0.47180,0.47136,204.16635
0.25706,0.24174,0.14101,0.52132,0.53241,-0.47177,0.47137,204.26681
0.25706,0.24164,0.14100,0.52136,0.53240,-0.47174,0.47138,204.36727
0.25707,0.24154,0.14099,0.52139,0.53240,-0.47171,0.47138,204.46773
0.25707,0.24144,0.14097,0.52142,0.53239,-0.47168,0.47139,204.56819
0.25707,0.24134,0.14096,0.52145,0.53238,-0.47165,0.47139,204.66865
0.25707,0.24124,0.14095,0.52148,0.53237,-0.47161,0.47140,204.76911
0.25707,0.24114,0.14094,0.52152,0.53236,-0.47158,0.47140,204.86957
0.25707,0.24104,0.14093,0.52154,0.53236,-0.47155,0.47141,204.97003
0.25707,0.24094,0.14092,0.52157,0.53235,-0.47152,0.47142,205.07050
0.25707,0.24084,0.14090,0.52161,0.53234,-0.47149,0.47142,205.17096
0.25707,0.24074,0.14089,0.52164,0.53233,-0.47146,0.47143,205.27142
0.25707,0.24064,0.14088,0.52167,0.53232,-0.47143,0.47143,205.37189
0.25708,0.24054,0.14087,0.52170,0.53231,-0.47140,0.47144,205.47235
0.25708,0.24044,0.14086,0.52173,0.53231,-0.47137,0.47144,205.57282
0.25708,0.24034,0.14085,0.52176,0.53230,-0.47134,0.47145,205.67328
0.25708,0.24024,0.14084,0.52179,0.53229,-0.47131,0.47145,205.77375
0.25708,0.24014,0.14082,0.52182,0.53228,-0.47128,0.47146,205.87422
0.25708,0.24004,0.14081,0.52185,0.53227,-0.47125,0.47147,205.97468
0.25708,0.23994,0.14080,0.52188,0.53226,-0.47122,0.47148,206.07515
0.25708,0.23984,0.14079,0.52192,0.53225,-0.47119,0.47148,206.17562
0.25708,0.23974,0.14078,0.52194,0.53225,-0.47116,0.47148,206.27609
0.25708,0.23964,0.14077,0.52197,0.53224,-0.47113,0.47149,206.37655
0.25709,0.23954,0.14076,0.52200,0.53223,-0.47111,0.47149,206.47702
0.25709,0.23944,0.14075,0.52203,0.53222,-0.47108,0.47150,206.57749
0.25709,0.23934,0.14074,0.52207,0.53220,-0.47104,0.47151,206.67796
0.25709,0.23924,0.14073,0.52210,0.53220,-0.47102,0.47151,206.77843
0.25709,0.23914,0.14072,0.52213,0.53219,-0.47099,0.47152,206.87890
0.25709,0.23904,0.14071,0.52216,0.53218,-0.47096,0.47153,206.97938
0.25709,0.23894,0.14070,0.52219,0.53217,-0.47093,0.47153,207.07985
0.25709,0.23884,0.14068,0.52222,0.53216,-0.47090,0.47154,207.18032
0.25709,0.23874,0.14067,0.52225,0.53215,-0.47086,0.47155,207.28079
0.25709,0.23864,0.14066,0.52228,0.53215,-0.47084,0.47155,207.38126
0.25710,0.23854,0.14065,0.52231,0.53214,-0.47081,0.47156,207.48174
0.25710,0.23844,0.14064,0.52234,0.53213,-0.47077,0.47157,207.58221
0.25710,0.23834,0.14063,0.52237,0.53212,-0.47075,0.47157,207.68269
0.25710,0.23824,0.14062,0.52240,0.53210,-0.47072,0.47157,207.78316
0.25710,0.23814,0.14060,0.52243,0.53209,-0.47069,0.47158,207.88363
0.25710,0.23804,0.14059,0.52246,0.53208,-0.47066,0.47159,207.98411
0.25710,0.23794,0.14058,0.52249,0.53208,-0.47064,0.47159,208.08459
0.25710,0.23784,0.14057,0.52252,0.53207,-0.47060,0.47160,208.18506
0.25710,0.23774,0.14056,0.52255,0.53205,-0.47057,0.47161,208.28554
0.25710,0.23764,0.14055,0.52258,0.53204,-0.47054,0.47162,208.38602
0.25711,0.23755,0.14054,0.52260,0.53204,-0.47052,0.47163,208.48649
0.25711,0.23745,0.14052,0.52263,0.53203,-0.47050,0.47163,208.58697
0.25711,0.23735,0.14051,0.52266,0.53202,-0.47047,0.47164,208.68745
0.25711,0.23725,0.14050,0.52269,0.53201,-0.47044,0.47164,208.78793
0.25711,0.23715,0.14049,0.52272,0.53200,-0.47041,0.47165,208.88841
0.25711,0.23705,0.14048,0.52275,0.53199,-0.47038,0.47166,208.98889
0.25711,0.23695,0.14047,0.52278,0.53198,-0.47035,0.47167,209.08937
0.25711,0.23685,0.14045,0.52281,0.53197,-0.47032,0.47168,209.18985
0.25711,0.23675,0.14044,0.52284,0.53196,-0.47030,0.47168,209.29033
0.25711,0.23665,0.14043,0.52287,0.53195,-0.47026,0.47169,209.39081
0.25712,0.23655,0.14042,0.52290,0.53193,-0.47023,0.47170,209.49129
0.25712,0.23645,0.14041,0.52293,0.53192,-0.47020,0.47171,209.59177
0.25712,0.23635,0.14040,0.52296,0.53192,-0.47018,0.47171,209.69225
0.25712,0.23625,0.14039,0.52299,0.53190,-0.47015,0.47172,209.79274
0.25712,0.23615,0.14037,0.52302,0.53189,-0.47012,0.47173,209.89322
0.25712,0.23605,0.14036,0.52304,0.53188,-0.47009,0.47174,209.99370
0.25712,0.23595,0.14035,0.52307,0.53187,-0.47006,0.47175,210.09419
0.25712,0.23585,0.14034,0.52310,0.53186,-0.47003,0.47176,210.19467
0.25712,0.23575,0.14033,0.52313,0.53185,-0.47001,0.47176,210.29515
0.25712,0.23565,0.14032,0.52316,0.53184,-0.46998,0.47177,210.39564
0.25713,0.23555,0.14030,0.52319,0.53183,-0.46995,0.47177,210.49612
0.25713,0.23545,0.14029,0.52322,0.53182,-0.46992,0.47178,210.59661
0.25713,0.23535,0.14028,0.52325,0.53181,-0.46990,0.47179,210.69710
0.25713,0.23525,0.14027,0.52327,0.53179,-0.46987,0.47181,210.79758
0.25713,0.23515,0.14026,0.52330,0.53179,-0.46985,0.47181,210.89807
0.25713,0.23505,0.14025,0.52333,0.53178,-0.46982,0.47182,210.99856
0.25713,0.23495,0.14024,0.52336,0.53176,-0.46979,0.47182,211.09904
0.25713,0.23485,0.14022,0.52339,0.53175,-0.46976,0.47183,211.19953
0.25713,0.23475,0.14021,0.52342,0.53174,-0.46973,0.47184,211.30002
0.25713,0.23465,0.14020,0.52345,0.53173,-0.46970,0.47185,211.40051
0.25714,0.23455,0.14019,0.52347,0.53172,-0.46968,0.47186,211.50100
0.25714,0.23445,0.14018,0.52350,0.53171,-0.46965,0.47186,211.60148
0.25714,0.23435,0.14017,0.52353,0.53170,-0.46962,0.47187,211.70197
0.25714,0.23425,0.14016,0.52356,0.53168,-0.46960,0.47188,211.80246
0.25714,0.23415,0.14015,0.52359,0.53167,-0.46957,0.47189,211.90295
0.25714,0.23405,0.14014,0.52361,0.53166,-0.46954,0.47190,212.00344
0.25714,0.23395,0.14013,0.52364,0.53165,-0.46951,0.47191,212.10394
0.25714,0.23385,0.14012,0.52367,0.53164,-0.46949,0.47192,212.20443
0.25714,0.23375,0.14011,0.52370,0.53163,-0.46946,0.47193,212.30492
0.25715,0.23365,0.14010,0.52373,0.53162,-0.46943,0.47194,212.40541
0.25715,0.23355,0.14008,0.52375,0.53160,-0.46941,0.47195,212.50590
0.25715,0.23345,0.14007,0.52378,0.53159,-0.46938,0.47196,212.60640
0.25715,0.23335,0.14006,0.52381,0.53158,-0.46935,0.47196,212.70689
0.25715,0.23325,0.14005,0.52384,0.53157,-0.46933,0.47197,212.80738
0.25715,0.23315,0.14004,0.52387,0.53156,-0.46930,0.47198,212.90788
0.25715,0.23305,0.14003,0.52389,0.53155,-0.46927,0.47199,213.00837
0.25715,0.23295,0.14002,0.52392,0.53153,-0.46925,0.47200,213.10886
0.25715,0.23285,0.14000,0.52395,0.53152,-0.46922,0.47201,213.20936
0.25715,0.23275,0.13999,0.52398,0.53151,-0.46920,0.47201,213.30985
0.25716,0.23265,0.13998,0.52400,0.53150,-0.46917,0.47203,213.41035
0.25716,0.23255,0.13997,0.52403,0.53149,-0.46914,0.47203,213.51084
0.25716,0.23245,0.13996,0.52406,0.53147,-0.46912,0.47204,213.61134
0.25716,0.23235,0.13995,0.52409,0.53146,-0.46909,0.47205,213.71184
0.25716,0.23225,0.13994,0.52411,0.53145,-0.46906,0.47206,213.81233
0.25716,0.23215,0.13992,0.52414,0.53144,-0.46904,0.47207,213.91283
0.25716,0.23205,0.13991,0.52417,0.53143,-0.46901,0.47208,214.01333
0.25716,0.23195,0.13990,0.52419,0.53141,-0.46899,0.47209,214.11382
0.25716,0.23185,0.13989,0.52422,0.53140,-0.46896,0.47210,214.21432
0.25716,0.23175,0.13988,0.52425,0.53139,-0.46894,0.47211,214.31482
0.25717,0.23165,0.13987,0.52428,0.53138,-0.46891,0.47212,214.41532
0.25717,0.23155,0.13985,0.52430,0.53136,-0.46888,0.47213,214.51582
0.25717,0.23146,0.13984,0.52433,0.53135,-0.46886,0.47214,214.61632
0.25717,0.23136,0.13983,0.52436,0.53134,-0.46883,0.47215,214.71681
0.25717,0.23126,0.13982,0.52438,0.53133,-0.46881,0.47216,214.81731
0.25717,0.23116,0.13981,0.52441,0.53131,-0.46878,0.47217,214.91781
0.25717,0.23106,0.13980,0.52444,0.53130,-0.46876,0.47218,215.01831
0.25717,0.23096,0.13979,0.52446,0.53129,-0.46873,0.47219,215.11881
0.25717,0.23086,0.13977,0.52449,0.53127,-0.46870,0.47220,215.21932
0.25717,0.23076,0.13976,0.52452,0.53126,-0.46868,0.47221,215.31982
0.25718,0.23066,0.13975,0.52454,0.53125,-0.46865,0.47222,215.42032
0.25718,0.23056,0.13974,0.52457,0.53124,-0.46863,0.47223,215.52082
0.25718,0.23046,0.13973,0.52460,0.53122,-0.46860,0.47225,215.62132
0.25718,0.23036,0.13972,0.52462,0.53121,-0.46858,0.47226,215.72182
0.25718,0.23026,0.13971,0.52465,0.53120,-0.46855,0.47226,215.82233
0.25718,0.23016,0.13969,0.52468,0.53118,-0.46853,0.47227,215.92283
0.25718,0.23006,0.13968,0.52470,0.53117,-0.46850,0.47229,216.02333
0.25718,0.22996,0.13967,0.52473,0.53116,-0.46848,0.47229,216.12384
0.25718,0.22986,0.13966,0.52476,0.53114,-0.46845,0.47230,216.22434
0.25718,0.22976,0.13965,0.52478,0.53113,-0.46843,0.47231,216.32484
0.25719,0.22966,0.13964,0.52481,0.53112,-0.46840,0.47232,216.42535
0.25719,0.22956,0.13962,0.52483,0.53110,-0.46838,0.47234,216.52585
0.25719,0.22946,0.13961,0.52486,0.53109,-0.46835,0.47234,216.62636
0.25719,0.22936,0.13960,0.52489,0.53107,-0.46833,0.47236,216.72686
0.25719,0.22926,0.13959,0.52491,0.53106,-0.46830,0.47237,216.82737
0.25719,0.22916,0.13958,0.52494,0.53105,-0.46828,0.47238,216.92787
0.25719,0.22906,0.13957,0.52496,0.53104,-0.46826,0.47239,217.02838
0.25719,0.22896,0.13956,0.52499,0.53102,-0.46823,0.47240,217.12888
0.25719,0.22886,0.13954,0.52502,0.53100,-0.46821,0.47241,217.22939
0.25719,0.22876,0.13952,0.52504,0.53100,-0.46818,0.47242,217.32990
0.25720,0.22866,0.13951,0.52507,0.53097,-0.46816,0.47244,217.43040
0.25720,0.22856,0.13950,0.52509,0.53097,-0.46813,0.47245,217.53091
0.25720,0.22846,0.13949,0.52512,0.53095,-0.46811,0.47246,217.63142
0.25720,0.22836,0.13948,0.52514,0.53094,-0.46809,0.47247,217.73192
0.25720,0.22826,0.13947,0.52517,0.53092,-0.46806,0.47248,217.83243
0.25720,0.22816,0.13945,0.52519,0.53091,-0.46804,0.47249,217.93294
0.25720,0.22806,0.13944,0.52522,0.53089,-0.46801,0.47251,218.03345
0.25720,0.22796,0.13943,0.52525,0.53087,-0.46799,0.47252,218.13396
0.25720,0.22786,0.13942,0.52527,0.53086,-0.46797,0.47253,218.23446
0.25720,0.22776,0.13941,0.52530,0.53085,-0.46794,0.47254,218.33497
0.25721,0.22766,0.13940,0.52532,0.53084,-0.46792,0.47255,218.43548
0.25721,0.22756,0.13938,0.52535,0.53082,-0.46789,0.47256,218.53599
0.25721,0.22746,0.13937,0.52537,0.53081,-0.46787,0.47258,218.63650
0.25721,0.22736,0.13936,0.52540,0.53079,-0.46785,0.47258,218.73701
0.25721,0.22726,0.13935,0.52543,0.53078,-0.46782,0.47260,218.83752
0.25721,0.22716,0.13934,0.52545,0.53076,-0.46780,0.47260,218.93803
0.25721,0.22706,0.13933,0.52547,0.53074,-0.46778,0.47262,219.03854
0.25721,0.22696,0.13932,0.52550,0.53073,-0.46775,0.47263,219.13905
0.25721,0.22686,0.13930,0.52552,0.53072,-0.46773,0.47264,219.23956
0.25721,0.22676,0.13929,0.52555,0.53070,-0.46771,0.47265,219.34007
0.25722,0.22666,0.13928,0.52557,0.53069,-0.46768,0.47267,219.44059
0.25722,0.22656,0.13927,0.52560,0.53067,-0.46766,0.47268,219.54110
0.25722,0.22646,0.13926,0.52562,0.53066,-0.46764,0.47269,219.64161
0.25722,0.22636,0.13925,0.52565,0.53064,-0.46761,0.47270,219.74212
0.25722,0.22626,0.13924,0.52567,0.53063,-0.46759,0.47272,219.84263
0.25722,0.22616,0.13922,0.52570,0.53061,-0.46757,0.47273,219.94315
0.25722,0.22606,0.13921,0.52572,0.53060,-0.46754,0.47274,220.04366
0.25722,0.22596,0.13920,0.52575,0.53059,-0.46752,0.47275,220.14417
0.25722,0.22586,0.13919,0.52577,0.53057,-0.46749,0.47277,220.24468
0.25723,0.22576,0.13918,0.52580,0.53056,-0.46747,0.47278,220.34520
0.25723,0.22566,0.13917,0.52582,0.53054,-0.46745,0.47279,220.44571
0.25723,0.22557,0.13915,0.52584,0.53052,-0.46743,0.47281,220.54622
0.25723,0.22547,0.13914,0.52587,0.53051,-0.46740,0.47282,220.64674
0.25723,0.22537,0.13913,0.52590,0.53049,-0.46738,0.47283,220.74725
0.25723,0.22527,0.13912,0.52592,0.53048,-0.46735,0.47284,220.84777
0.25723,0.22517,0.13911,0.52594,0.53046,-0.46734,0.47286,220.94828
0.25723,0.22507,0.13910,0.52597,0.53045,-0.46731,0.47287,221.04880
0.25723,0.22497,0.13909,0.52599,0.53043,-0.46729,0.47289,221.14931
0.25723,0.22487,0.13907,0.52601,0.53041,-0.46727,0.47290,221.24982
0.25724,0.22477,0.13906,0.52604,0.53040,-0.46724,0.47290,221.35034
0.25724,0.22467,0.13905,0.52606,0.53038,-0.46723,0.47292,221.45086
0.25724,0.22457,0.13904,0.52608,0.53037,-0.46720,0.47294,221.55137
0.25724,0.22447,0.13903,0.52611,0.53035,-0.46718,0.47294,221.65189
0.25724,0.22437,0.13902,0.52613,0.53034,-0.46715,0.47296,221.75240
0.25724,0.22427,0.13900,0.52615,0.53032,-0.46714,0.47297,221.85292
0.25724,0.22417,0.13899,0.52619,0.53030,-0.46711,0.47299,221.95343
0.25724,0.22407,0.13898,0.52620,0.53029,-0.46709,0.47300,222.05395
0.25724,0.22397,0.13897,0.52623,0.53027,-0.46707,0.47301,222.15447
0.25724,0.22387,0.13896,0.52625,0.53026,-0.46705,0.47302,222.25498
0.25725,0.22377,0.13895,0.52627,0.53024,-0.46703,0.47304,222.35550
0.25725,0.22367,0.13894,0.52631,0.53022,-0.46700,0.47305,222.45602
0.25725,0.22357,0.13892,0.52632,0.53021,-0.46698,0.47307,222.55653
0.25725,0.22347,0.13891,0.52635,0.53019,-0.46696,0.47308,222.65705
0.25725,0.22337,0.13890,0.52637,0.53018,-0.46693,0.47309,222.75757
0.25725,0.22327,0.13889,0.52639,0.53016,-0.46691,0.47311,222.85809
0.25725,0.22317,0.13888,0.52642,0.53014,-0.46690,0.47312,222.95860
0.25725,0.22307,0.13887,0.52644,0.53013,-0.46686,0.47314,223.05912
0.25725,0.22297,0.13886,0.52647,0.53011,-0.46685,0.47315,223.15964
0.25725,0.22287,0.13884,0.52649,0.53009,-0.46683,0.47317,223.26016
0.25726,0.22277,0.13883,0.52651,0.53008,-0.46680,0.47318,223.36068
0.25726,0.22267,0.13882,0.52654,0.53006,-0.46679,0.47319,223.46119
0.25726,0.22257,0.13881,0.52656,0.53004,-0.46677,0.47321,223.56171
0.25726,0.22247,0.13880,0.52658,0.53003,-0.46675,0.47322,223.66223
0.25726,0.22237,0.13879,0.52661,0.53001,-0.46672,0.47324,223.76275
0.25726,0.22227,0.13877,0.52663,0.52999,-0.46670,0.47325,223.86327
0.25726,0.22217,0.13876,0.52665,0.52998,-0.46668,0.47327,223.96379
0.25726,0.22207,0.13875,0.52668,0.52996,-0.46666,0.47328,224.06431
0.25726,0.22197,0.13873,0.52670,0.52994,-0.46664,0.47330,224.16483
0.25726,0.22187,0.13872,0.52672,0.52993,-0.46661,0.47331,224.26535
0.25727,0.22177,0.13871,0.52674,0.52991,-0.46659,0.47332,224.36587
0.25727,0.22167,0.13870,0.52677,0.52989,-0.46657,0.47333,224.46639
0.25727,0.22157,0.13868,0.52678,0.52987,-0.46655,0.47335,224.56691
0.25727,0.22147,0.13867,0.52681,0.52986,-0.46653,0.47336,224.66743
0.25727,0.22137,0.13866,0.52683,0.52984,-0.46651,0.47339,224.76795
0.25727,0.22127,0.13865,0.52686,0.52982,-0.46649,0.47339,224.86847
0.25727,0.22117,0.13864,0.52688,0.52981,-0.46646,0.47341,224.96899
0.25727,0.22107,0.13863,0.52690,0.52979,-0.46645,0.47342,225.06951
0.25727,0.22097,0.13862,0.52692,0.52977,-0.46643,0.47344,225.17003
0.25727,0.22087,0.13860,0.52695,0.52975,-0.46641,0.47345,225.27055
0.25728,0.22077,0.13859,0.52697,0.52973,-0.46638,0.47347,225.37107
0.25728,0.22067,0.13858,0.52699,0.52972,-0.46637,0.47348,225.47159
0.25728,0.22057,0.13857,0.52701,0.52970,-0.46635,0.47350,225.57211
0.25728,0.22047,0.13856,0.52703,0.52968,-0.46633,0.47351,225.67263
0.25728,0.22037,0.13855,0.52706,0.52966,-0.46630,0.47353,225.77315
0.25728,0.22027,0.13853,0.52708,0.52965,-0.46629,0.47354,225.87367
0.25728,0.22017,0.13852,0.52710,0.52963,-0.46627,0.47356,225.97419
0.25728,0.22007,0.13851,0.52712,0.52961,-0.46625,0.47358,226.07472
0.25728,0.21997,0.13850,0.52714,0.52960,-0.46623,0.47359,226.17524
0.25728,0.21987,0.13849,0.52717,0.52957,-0.46620,0.47361,226.27576
0.25729,0.21977,0.13848,0.52719,0.52956,-0.46618,0.47362,226.37628
0.25729,0.21968,0.13847,0.52721,0.52954,-0.46616,0.47364,226.47680
0.25729,0.21958,0.13845,0.52723,0.52952,-0.46614,0.47366,226.57732
0.25729,0.21948,0.13844,0.52725,0.52951,-0.46612,0.47367,226.67785
0.25729,0.21938,0.13843,0.52727,0.52948,-0.46610,0.47369,226.77837
0.25729,0.21928,0.13842,0.52730,0.52946,-0.46608,0.47370,226.87889
0.25729,0.21918,0.13841,0.52732,0.52944,-0.46606,0.47372,226.97941
0.25729,0.21908,0.13840,0.52734,0.52942,-0.46604,0.47374,227.07993
0.25729,0.21898,0.13839,0.52736,0.52941,-0.46602,0.47375,227.18046
0.25729,0.21888,0.13837,0.52738,0.52939,-0.46600,0.47377,227.28098
0.25730,0.21878,0.13836,0.52740,0.52938,-0.46599,0.47378,227.38150
0.25730,0.21868,0.13835,0.52742,0.52936,-0.46597,0.47380,227.48202
0.25730,0.21858,0.13834,0.52745,0.52933,-0.46594,0.47381,227.58255
0.25730,0.21848,0.13833,0.52747,0.52932,-0.46593,0.47383,227.68307
0.25730,0.21838,0.13832,0.52749,0.52930,-0.46590,0.47384,227.78359
0.25730,0.21828,0.13830,0.52751,0.52928,-0.46589,0.47386,227.88411
0.25730,0.21818,0.13829,0.52753,0.52926,-0.46587,0.47387,227.98464
0.25730,0.21808,0.13828,0.52755,0.52924,-0.46585,0.47389,228.08516
0.25730,0.21798,0.13827,0.52757,0.52922,-0.46583,0.47391,228.18568
0.25731,0.21788,0.13826,0.52759,0.52920,-0.46582,0.47392,228.28620
0.25731,0.21778,0.13825,0.52761,0.52918,-0.46580,0.47394,228.38673
0.25731,0.21768,0.13824,0.52763,0.52917,-0.46577,0.47396,228.48725
0.25731,0.21758,0.13821,0.52765,0.52915,-0.46576,0.47397,228.58777
0.25731,0.21748,0.13820,0.52768,0.52913,-0.46573,0.47399,228.68830
0.25731,0.21738,0.13819,0.52770,0.52911,-0.46571,0.47401,228.78882
0.25731,0.21728,0.13818,0.52772,0.52909,-0.46570,0.47402,228.88934
0.25731,0.21718,0.13817,0.52774,0.52907,-0.46568,0.47404,228.98986
0.25731,0.21708,0.13816,0.52776,0.52905,-0.46566,0.47406,229.09039
0.25731,0.21698,0.13815,0.52778,0.52903,-0.46564,0.47408,229.19091
0.25732,0.21688,0.13813,0.52780,0.52901,-0.46563,0.47409,229.29143
0.25732,0.21678,0.13812,0.52782,0.52899,-0.46561,0.47411,229.39196
0.25732,0.21668,0.13811,0.52784,0.52897,-0.46559,0.47413,229.49248
0.25732,0.21658,0.13810,0.52786,0.52895,-0.46558,0.47414,229.59300
0.25732,0.21648,0.13809,0.52788,0.52894,-0.46555,0.47416,229.69353
0.25732,0.21638,0.13808,0.52790,0.52892,-0.46553,0.47418,229.79405
0.25732,0.21628,0.13806,0.52792,0.52890,-0.46551,0.47420,229.89457
0.25732,0.21618,0.13805,0.52794,0.52888,-0.46549,0.47421,229.99510
0.25732,0.21608,0.13804,0.52796,0.52886,-0.46547,0.47423,230.09562
0.25732,0.21598,0.13803,0.52798,0.52884,-0.46546,0.47424,230.19614
0.25733,0.21588,0.13802,0.52800,0.52882,-0.46544,0.47426,230.29667
0.25733,0.21578,0.13801,0.52802,0.52880,-0.46542,0.47428,230.39719
0.25733,0.21568,0.13800,0.52805,0.52878,-0.46540,0.47430,230.49771
0.25733,0.21558,0.13798,0.52807,0.52876,-0.46538,0.47432,230.59824
0.25733,0.21548,0.13797,0.52808,0.52874,-0.46537,0.47433,230.69876
0.25733,0.21538,0.13796,0.52810,0.52872,-0.46535,0.47435,230.79928
0.25733,0.21528,0.13795,0.52812,0.52870,-0.46533,0.47437,230.89981
0.25733,0.21518,0.13794,0.52815,0.52868,-0.46531,0.47438,231.00033
0.25733,0.21508,0.13793,0.52816,0.52866,-0.46530,0.47440,231.10085
0.25733,0.21498,0.13792,0.52818,0.52864,-0.46528,0.47442,231.20138
0.25734,0.21488,0.13790,0.52820,0.52862,-0.46526,0.47444,231.30190
0.25734,0.21478,0.13789,0.52822,0.52860,-0.46524,0.47446,231.40242
0.25734,0.21468,0.13788,0.52824,0.52858,-0.46523,0.47447,231.50295
0.25734,0.21458,0.13787,0.52826,0.52856,-0.46521,0.47449,231.60347
0.25734,0.21448,0.13786,0.52828,0.52854,-0.46519,0.47451,231.70399
0.25734,0.21438,0.13785,0.52830,0.52852,-0.46517,0.47453,231.80452
0.25734,0.21428,0.13783,0.52831,0.52850,-0.46516,0.47455,231.90504
0.25734,0.21418,0.13782,0.52834,0.52848,-0.46514,0.47457,232.00556
0.25734,0.21408,0.13781,0.52836,0.52846,-0.46512,0.47459,232.10609
0.25734,0.21398,0.13780,0.52838,0.52844,-0.46511,0.47460,232.20661
0.25735,0.21388,0.13779,0.52840,0.52842,-0.46509,0.47462,232.30713
0.25735,0.21379,0.13778,0.52842,0.52840,-0.46507,0.47464,232.40766
0.25735,0.21369,0.13777,0.52844,0.52837,-0.46505,0.47466,232.50818
0.25735,0.21359,0.13775,0.52846,0.52835,-0.46504,0.47468,232.60870
0.25735,0.21349,0.13773,0.52848,0.52833,-0.46502,0.47470,232.70922
0.25735,0.21339,0.13772,0.52849,0.52831,-0.46500,0.47472,232.80975
0.25735,0.21329,0.13771,0.52851,0.52829,-0.46499,0.47474,232.91027
0.25735,0.21319,0.13770,0.52853,0.52827,-0.46497,0.47475,233.01079
0.25735,0.21309,0.13769,0.52855,0.52825,-0.46495,0.47477,233.11132
0.25735,0.21299,0.13767,0.52857,0.52823,-0.46494,0.47479,233.21184
0.25736,0.21289,0.13766,0.52859,0.52821,-0.46492,0.47481,233.31236
0.25736,0.21279,0.13765,0.52861,0.52819,-0.46490,0.47483,233.41288
0.25736,0.21269,0.13764,0.52863,0.52816,-0.46489,0.47484,233.51341
0.25736,0.21259,0.13763,0.52864,0.52814,-0.46488,0.47487,233.61393
0.25736,0.21249,0.13762,0.52866,0.52812,-0.46486,0.47489,233.71445
0.25736,0.21239,0.13761,0.52868,0.52810,-0.46484,0.47490,233.81497
0.25736,0.21229,0.13759,0.52870,0.52808,-0.46482,0.47492,233.91550
0.25736,0.21219,0.13758,0.52872,0.52805,-0.46481,0.47494,234.01602
0.25736,0.21209,0.13757,0.52874,0.52803,-0.46479,0.47496,234.11654
0.25736,0.21199,0.13756,0.52875,0.52802,-0.46477,0.47498,234.21706
0.25737,0.21189,0.13755,0.52877,0.52799,-0.46476,0.47500,234.31759
0.25737,0.21179,0.13754,0.52879,0.52797,-0.46474,0.47502,234.41811
0.25737,0.21169,0.13753,0.52881,0.52795,-0.46472,0.47504,234.51863
0.25737,0.21159,0.13751,0.52883,0.52792,-0.46471,0.47506,234.61915
0.25737,0.21149,0.13750,0.52884,0.52791,-0.46469,0.47508,234.71967
0.25737,0.21139,0.13749,0.52886,0.52788,-0.46468,0.47510,234.82019
0.25737,0.21129,0.13748,0.52888,0.52786,-0.46466,0.47512,234.92072
0.25737,0.21119,0.13747,0.52890,0.52783,-0.46465,0.47514,235.02124
0.25737,0.21109,0.13746,0.52891,0.52782,-0.46463,0.47516,235.12176
0.25738,0.21099,0.13744,0.52893,0.52780,-0.46461,0.47518,235.22228
0.25738,0.21089,0.13743,0.52895,0.52777,-0.46460,0.47520,235.32280
0.25738,0.21079,0.13742,0.52897,0.52775,-0.46458,0.47522,235.42332
0.25738,0.21069,0.13741,0.52899,0.52772,-0.46457,0.47524,235.52384
0.25738,0.21059,0.13740,0.52900,0.52771,-0.46455,0.47526,235.62436
0.25738,0.21049,0.13739,0.52902,0.52768,-0.46454,0.47528,235.72489
0.25738,0.21039,0.13738,0.52904,0.52766,-0.46452,0.47530,235.82541
0.25738,0.21029,0.13736,0.52906,0.52764,-0.46451,0.47531,235.92593
0.25738,0.21019,0.13735,0.52907,0.52762,-0.46449,0.47534,236.02645
0.25738,0.21009,0.13734,0.52909,0.52759,-0.46448,0.47536,236.12697
0.25739,0.20999,0.13733,0.52911,0.52757,-0.46446,0.47538,236.22749
0.25739,0.20989,0.13732,0.52912,0.52755,-0.46445,0.47540,236.32801
0.25739,0.20979,0.13731,0.52915,0.52752,-0.46443,0.47542,236.42853
0.25739,0.20969,0.13730,0.52917,0.52750,-0.46441,0.47544,236.52905
0.25739,0.20959,0.13728,0.52918,0.52748,-0.46440,0.47546,236.62957
0.25739,0.20949,0.13727,0.52919,0.52746,-0.46439,0.47548,236.73009
0.25739,0.20939,0.13726,0.52922,0.52743,-0.46437,0.47550,236.83061
0.25739,0.20929,0.13725,0.52923,0.52741,-0.46436,0.47552,236.93113
0.25739,0.20919,0.13724,0.52924,0.52739,-0.46434,0.47554,237.03165
0.25739,0.20909,0.13722,0.52926,0.52737,-0.46433,0.47556,237.13217
0.25740,0.20899,0.13720,0.52929,0.52734,-0.46431,0.47558,237.23269
0.25740,0.20889,0.13719,0.52930,0.52732,-0.46430,0.47560,237.33320
0.25740,0.20879,0.13718,0.52932,0.52730,-0.46428,0.47562,237.43372
0.25740,0.20869,0.13717,0.52934,0.52727,-0.46427,0.47564,237.53424
0.25740,0.20859,0.13716,0.52935,0.52725,-0.46426,0.47567,237.63476
0.25740,0.20849,0.13715,0.52937,0.52723,-0.46424,0.47568,237.73528
0.25740,0.20839,0.13714,0.52938,0.52721,-0.46422,0.47571,237.83580
0.25740,0.20829,0.13712,0.52940,0.52718,-0.46421,0.47573,237.93632
0.25740,0.20819,0.13711,0.52942,0.52716,-0.46420,0.47575,238.03683
0.25740,0.20809,0.13710,0.52944,0.52714,-0.46418,0.47577,238.13735
0.25741,0.20800,0.13709,0.52945,0.52711,-0.46417,0.47579,238.23787
0.25741,0.20790,0.13708,0.52947,0.52709,-0.46415,0.47581,238.33839
0.25741,0.20780,0.13707,0.52948,0.52707,-0.46414,0.47584,238.43891
0.25741,0.20770,0.13706,0.52950,0.52704,-0.46412,0.47586,238.53942
0.25741,0.20760,0.13704,0.52952,0.52702,-0.46411,0.47588,238.63994
0.25741,0.20750,0.13703,0.52953,0.52700,-0.46410,0.47590,238.74046
0.25741,0.20740,0.13702,0.52955,0.52697,-0.46408,0.47592,238.84097
0.25741,0.20730,0.13701,0.52957,0.52695,-0.46407,0.47594,238.94149
0.25741,0.20720,0.13700,0.52958,0.52693,-0.46405,0.47597,239.04201
0.25741,0.20710,0.13699,0.52960,0.52690,-0.46404,0.47599,239.14252
0.25742,0.20700,0.13697,0.52961,0.52688,-0.46403,0.47601,239.24304
0.25742,0.20690,0.13696,0.52963,0.52685,-0.46402,0.47603,239.34356
0.25742,0.20680,0.13695,0.52965,0.52683,-0.46400,0.47605,239.44407
0.25742,0.20670,0.13694,0.52966,0.52681,-0.46399,0.47608,239.54459
0.25742,0.20660,0.13693,0.52968,0.52678,-0.46397,0.47610,239.64510
0.25742,0.20650,0.13692,0.52969,0.52676,-0.46396,0.47612,239.74562
0.25742,0.20640,0.13691,0.52971,0.52674,-0.46395,0.47614,239.84613
0.25742,0.20630,0.13689,0.52972,0.52671,-0.46393,0.47617,239.94665
0.25742,0.20620,0.13688,0.52974,0.52669,-0.46392,0.47619,240.04716
0.25742,0.20610,0.13687,0.52976,0.52666,-0.46391,0.47621,240.14768
0.25743,0.20600,0.13686,0.52977,0.52664,-0.46389,0.47623,240.24819
0.25743,0.20590,0.13685,0.52979,0.52661,-0.46388,0.47625,240.34871
0.25743,0.20580,0.13684,0.52980,0.52659,-0.46387,0.47627,240.44922
0.25743,0.20570,0.13683,0.52982,0.52657,-0.46385,0.47629,240.54974
0.25743,0.20560,0.13681,0.52983,0.52654,-0.46385,0.47632,240.65025
0.25743,0.20550,0.13680,0.52985,0.52652,-0.46383,0.47634,240.75076
0.25743,0.20540,0.13679,0.52987,0.52649,-0.46382,0.47637,240.85128
0.25743,0.20530,0.13678,0.52988,0.52647,-0.46380,0.47638,240.95179
0.25743,0.20520,0.13677,0.52989,0.52644,-0.46379,0.47641,241.05230
0.25743,0.20510,0.13676,0.52991,0.52642,-0.46378,0.47643,241.15282
0.25744,0.20500,0.13674,0.52992,0.52640,-0.46376,0.47645,241.25333
0.25744,0.20490,0.13673,0.52994,0.52637,-0.46375,0.47648,241.35384
0.25744,0.20480,0.13672,0.52995,0.52635,-0.46374,0.47650,241.45435
0.25744,0.20470,0.13671,0.52997,0.52632,-0.46373,0.47652,241.55487
0.25744,0.20460,0.13670,0.52998,0.52630,-0.46371,0.47655,241.65538
0.25744,0.20450,0.13669,0.53000,0.52627,-0.46370,0.47657,241.75589
0.25744,0.20440,0.13668,0.53001,0.52625,-0.46369,0.47659,241.85640
0.25744,0.20430,0.13666,0.53003,0.52621,-0.46368,0.47662,241.95691
0.25744,0.20420,0.13665,0.53005,0.52620,-0.46366,0.47664,242.05742
0.25745,0.20410,0.13664,0.53007,0.52617,-0.46365,0.47666,242.15793
0.25745,0.20400,0.13663,0.53007,0.52614,-0.46364,0.47669,242.25844
0.25745,0.20390,0.13662,0.53009,0.52612,-0.46363,0.47671,242.35895
0.25745,0.20380,0.13661,0.53011,0.52610,-0.46361,0.47673,242.45946
0.25745,0.20370,0.13660,0.53012,0.52607,-0.46360,0.47676,242.55997
0.25745,0.20360,0.13658,0.53014,0.52604,-0.46359,0.47678,242.66048
0.25745,0.20350,0.13657,0.53015,0.52602,-0.46358,0.47680,242.76099
0.25745,0.20340,0.13656,0.53016,0.52599,-0.46357,0.47683,242.86150
0.25745,0.20330,0.13655,0.53018,0.52597,-0.46356,0.47685,242.96201
0.25745,0.20320,0.13654,0.53019,0.52594,-0.46354,0.47688,243.06252
0.25746,0.20310,0.13653,0.53021,0.52591,-0.46353,0.47690,243.16303
0.25746,0.20300,0.13651,0.53022,0.52589,-0.46353,0.47692,243.26354
0.25746,0.20290,0.13650,0.53024,0.52586,-0.46351,0.47694,243.36404
0.25746,0.20280,0.13649,0.53025,0.52584,-0.46350,0.47697,243.46455
0.25746,0.20270,0.13648,0.53026,0.52581,-0.46348,0.47700,243.56506
0.25746,0.20260,0.13647,0.53028,0.52578,-0.46347,0.47702,243.66557
0.25746,0.20250,0.13646,0.53029,0.52576,-0.46346,0.47704,243.76607
0.25746,0.20240,0.13645,0.53031,0.52573,-0.46345,0.47706,243.86658
0.25746,0.20230,0.13642,0.53032,0.52570,-0.46345,0.47709,243.96709
0.25746,0.20220,0.13641,0.53033,0.52568,-0.46343,0.47712,244.06759
0.25747,0.20211,0.13640,0.53035,0.52565,-0.46342,0.47714,244.16810
0.25747,0.20201,0.13639,0.53036,0.52563,-0.46340,0.47716,244.26860
0.25747,0.20191,0.13638,0.53037,0.52561,-0.46340,0.47719,244.36911
0.25747,0.20181,0.13637,0.53039,0.52558,-0.46338,0.47721,244.46961
0.25747,0.20171,0.13635,0.53040,0.52555,-0.46337,0.47723,244.57012
0.25747,0.20161,0.13634,0.53042,0.52552,-0.46336,0.47726,244.67062
0.25747,0.20151,0.13633,0.53043,0.52550,-0.46335,0.47728,244.77113
0.25747,0.20141,0.13632,0.53044,0.52547,-0.46334,0.47731,244.87163
0.25747,0.20131,0.13631,0.53046,0.52544,-0.46332,0.47733,244.97214
0.25747,0.20121,0.13630,0.53047,0.52542,-0.46332,0.47735,245.07264
0.25748,0.20111,0.13629,0.53049,0.52539,-0.46331,0.47738,245.17314
0.25748,0.20101,0.13627,0.53050,0.52537,-0.46330,0.47740,245.27365
0.25748,0.20091,0.13626,0.53051,0.52534,-0.46328,0.47743,245.37415
0.25748,0.20081,0.13625,0.53052,0.52531,-0.46327,0.47746,245.47465
0.25748,0.20071,0.13624,0.53053,0.52529,-0.46326,0.47748,245.57515
0.25748,0.20061,0.13623,0.53055,0.52526,-0.46325,0.47751,245.67565
0.25748,0.20051,0.13622,0.53057,0.52523,-0.46324,0.47753,245.77616
0.25748,0.20041,0.13621,0.53057,0.52521,-0.46323,0.47756,245.87666
0.25748,0.20031,0.13619,0.53059,0.52518,-0.46322,0.47758,245.97716
0.25748,0.20021,0.13618,0.53060,0.52515,-0.46321,0.47761,246.07766
0.25749,0.20011,0.13617,0.53062,0.52513,-0.46320,0.47763,246.17816
0.25749,0.20001,0.13616,0.53063,0.52510,-0.46319,0.47766,246.27866
0.25749,0.19991,0.13615,0.53065,0.52507,-0.46318,0.47768,246.37916
0.25749,0.19981,0.13614,0.53066,0.52505,-0.46316,0.47771,246.47966
0.25749,0.19971,0.13612,0.53067,0.52502,-0.46316,0.47773,246.58016
0.25749,0.19961,0.13611,0.53068,0.52499,-0.46315,0.47776,246.68066
0.25749,0.19951,0.13610,0.53070,0.52497,-0.46313,0.47779,246.78116
0.25749,0.19941,0.13609,0.53071,0.52494,-0.46313,0.47781,246.88165
0.25749,0.19931,0.13608,0.53072,0.52491,-0.46312,0.47784,246.98215
0.25749,0.19921,0.13607,0.53073,0.52488,-0.46311,0.47786,247.08265
0.25750,0.19911,0.13606,0.53075,0.52486,-0.46309,0.47789,247.18315
0.25750,0.19901,0.13604,0.53076,0.52483,-0.46308,0.47792,247.28365
0.25750,0.19891,0.13603,0.53077,0.52480,-0.46308,0.47794,247.38414
0.25750,0.19881,0.13602,0.53078,0.52478,-0.46306,0.47797,247.48464
0.25750,0.19871,0.13601,0.53079,0.52475,-0.46306,0.47799,247.58513
0.25750,0.19861,0.13600,0.53081,0.52472,-0.46305,0.47802,247.68563
0.25750,0.19851,0.13599,0.53082,0.52469,-0.46304,0.47804,247.78613
0.25750,0.19841,0.13598,0.53083,0.52467,-0.46303,0.47806,247.88662
0.25750,0.19831,0.13596,0.53084,0.52464,-0.46302,0.47809,247.98712
0.25750,0.19821,0.13595,0.53085,0.52461,-0.46302,0.47812,248.08761
0.25751,0.19811,0.13594,0.53087,0.52458,-0.46300,0.47814,248.18811
0.25751,0.19801,0.13593,0.53088,0.52455,-0.46299,0.47817,248.28860
0.25751,0.19791,0.13592,0.53089,0.52453,-0.46298,0.47819,248.38909
0.25751,0.19781,0.13591,0.53090,0.52450,-0.46298,0.47822,248.48959
0.25751,0.19771,0.13589,0.53091,0.52447,-0.46297,0.47825,248.59008
0.25751,0.19761,0.13588,0.53093,0.52444,-0.46296,0.47827,248.69057
0.25751,0.19751,0.13587,0.53094,0.52442,-0.46294,0.47830,248.79106
0.25751,0.19741,0.13586,0.53095,0.52439,-0.46293,0.47833,248.89156
0.25751,0.19731,0.13585,0.53097,0.52436,-0.46293,0.47835,248.99205
0.25751,0.19721,0.13584,0.53098,0.52433,-0.46292,0.47838,249.09254
0.25752,0.19711,0.13583,0.53099,0.52430,-0.46291,0.47841,249.19303
0.25752,0.19701,0.13581,0.53099,0.52427,-0.46290,0.47844,249.29352
0.25752,0.19691,0.13581,0.53101,0.52424,-0.46289,0.47846,249.39401
0.25752,0.19681,0.13580,0.53102,0.52421,-0.46288,0.47849,249.49450
0.25752,0.19671,0.13579,0.53103,0.52418,-0.46287,0.47852,249.59499
0.25752,0.19661,0.13578,0.53105,0.52416,-0.46287,0.47854,249.69548
0.25752,0.19651,0.13577,0.53106,0.52413,-0.46286,0.47857,249.79597
0.25752,0.19641,0.13576,0.53107,0.52411,-0.46284,0.47860,249.89646
0.25752,0.19631,0.13574,0.53108,0.52408,-0.46284,0.47863,249.99694
0.25752,0.19621,0.13573,0.53109,0.52405,-0.46283,0.47865,250.09743
0.25753,0.19611,0.13572,0.53110,0.52402,-0.46283,0.47868,250.19792
0.25753,0.19602,0.13571,0.53111,0.52399,-0.46282,0.47871,250.29841
0.25753,0.19592,0.13570,0.53113,0.52396,-0.46281,0.47873,250.39889
0.25753,0.19582,0.13569,0.53114,0.52393,-0.46279,0.47876,250.49938
0.25753,0.19572,0.13567,0.53115,0.52390,-0.46278,0.47879,250.59987
0.25753,0.19562,0.13566,0.53116,0.52387,-0.46278,0.47882,250.70035
0.25753,0.19552,0.13565,0.53117,0.52384,-0.46277,0.47885,250.80084
0.25753,0.19542,0.13564,0.53118,0.52381,-0.46277,0.47887,250.90132
0.25753,0.19532,0.13563,0.53119,0.52378,-0.46276,0.47890,251.00181
0.25754,0.19522,0.13562,0.53120,0.52375,-0.46275,0.47893,251.10229
0.25754,0.19512,0.13561,0.53121,0.52373,-0.46274,0.47896,251.20277
0.25754,0.19502,0.13559,0.53122,0.52370,-0.46273,0.47898,251.30326
0.25754,0.19492,0.13558,0.53123,0.52367,-0.46273,0.47901,251.40374
0.25754,0.19482,0.13557,0.53124,0.52364,-0.46272,0.47904,251.50422
0.25754,0.19472,0.13556,0.53125,0.52361,-0.46271,0.47907,251.60470
0.25754,0.19462,0.13555,0.53126,0.52358,-0.46270,0.47910,251.70519
0.25754,0.19452,0.13554,0.53127,0.52355,-0.46270,0.47912,251.80567
0.25754,0.19442,0.13553,0.53128,0.52352,-0.46269,0.47915,251.90615
0.25754,0.19432,0.13551,0.53129,0.52349,-0.46268,0.47918,252.00663
0.25755,0.19422,0.13550,0.53130,0.52346,-0.46267,0.47921,252.10711
0.25755,0.19412,0.13549,0.53132,0.52343,-0.46266,0.47924,252.20759
0.25755,0.19402,0.13548,0.53132,0.52340,-0.46266,0.47926,252.30807
0.25755,0.19392,0.13547,0.53134,0.52338,-0.46265,0.47929,252.40855
0.25755,0.19382,0.13546,0.53135,0.52335,-0.46264,0.47932,252.50903
0.25755,0.19372,0.13544,0.53136,0.52332,-0.46263,0.47935,252.60950
0.25755,0.19362,0.13543,0.53137,0.52328,-0.46263,0.47937,252.70998
0.25755,0.19352,0.13542,0.53137,0.52326,-0.46262,0.47940,252.81046
0.25755,0.19342,0.13541,0.53138,0.52323,-0.46261,0.47943,252.91094
0.25755,0.19332,0.13540,0.53140,0.52320,-0.46260,0.47946,253.01141
0.25756,0.19322,0.13539,0.53140,0.52317,-0.46259,0.47949,253.11189
0.25756,0.19312,0.13538,0.53142,0.52314,-0.46259,0.47951,253.21236
0.25756,0.19302,0.13536,0.53143,0.52311,-0.46258,0.47954,253.31284
0.25756,0.19292,0.13535,0.53144,0.52308,-0.46258,0.47957,253.41331
0.25756,0.19282,0.13534,0.53145,0.52305,-0.46257,0.47960,253.51379
0.25756,0.19272,0.13533,0.53146,0.52302,-0.46256,0.47963,253.61426
0.25756,0.19262,0.13532,0.53147,0.52299,-0.46255,0.47966,253.71474
0.25756,0.19252,0.13531,0.53148,0.52296,-0.46254,0.47969,253.81521
0.25756,0.19242,0.13530,0.53149,0.52293,-0.46254,0.47972,253.91568
0.25756,0.19232,0.13528,0.53150,0.52290,-0.46253,0.47975,254.01616
0.25757,0.19222,0.13527,0.53150,0.52287,-0.46253,0.47978,254.11663
0.25757,0.19212,0.13526,0.53151,0.52284,-0.46252,0.47980,254.21710
0.25757,0.19202,0.13525,0.53152,0.52281,-0.46251,0.47983,254.31757
0.25757,0.19192,0.13524,0.53153,0.52278,-0.46251,0.47986,254.41804
0.25757,0.19182,0.13523,0.53154,0.52275,-0.46250,0.47989,254.51851
0.25757,0.19172,0.13521,0.53155,0.52271,-0.46249,0.47992,254.61898
0.25757,0.19162,0.13521,0.53156,0.52268,-0.46249,0.47995,254.71945
0.25757,0.19152,0.13520,0.53157,0.52265,-0.46248,0.47998,254.81992
0.25757,0.19142,0.13519,0.53158,0.52262,-0.46247,0.48001,254.92039
0.25757,0.19132,0.13518,0.53159,0.52259,-0.46247,0.48004,255.02086
0.25758,0.19122,0.13517,0.53160,0.52256,-0.46246,0.48007,255.12132
0.25758,0.19112,0.13516,0.53160,0.52253,-0.46246,0.48010,255.22179
0.25758,0.19102,0.13514,0.53161,0.52250,-0.46245,0.48013,255.32226
0.25758,0.19092,0.13513,0.53162,0.52247,-0.46244,0.48016,255.42272
0.25758,0.19082,0.13512,0.53163,0.52244,-0.46244,0.48019,255.52319
0.25758,0.19072,0.13511,0.53164,0.52241,-0.46243,0.48022,255.62366
0.25758,0.19062,0.13510,0.53165,0.52238,-0.46242,0.48025,255.72412
0.25758,0.19052,0.13509,0.53166,0.52235,-0.46242,0.48028,255.82459
0.25758,0.19042,0.13507,0.53167,0.52232,-0.46241,0.48031,255.92505
0.25758,0.19032,0.13506,0.53168,0.52228,-0.46241,0.48034,256.02551
0.25759,0.19022,0.13505,0.53169,0.52225,-0.46240,0.48037,256.12598
0.25759,0.19012,0.13504,0.53170,0.52222,-0.46239,0.48040,256.22644
0.25759,0.19002,0.13503,0.53171,0.52219,-0.46239,0.48042,256.32690
0.25759,0.18993,0.13502,0.53171,0.52216,-0.46238,0.48046,256.42736
0.25759,0.18983,0.13501,0.53172,0.52213,-0.46238,0.48048,256.52783
0.25759,0.18973,0.13499,0.53173,0.52210,-0.46237,0.48051,256.62829
0.25759,0.18963,0.13498,0.53174,0.52206,-0.46237,0.48054,256.72875
0.25759,0.18953,0.13497,0.53175,0.52203,-0.46236,0.48057,256.82921
0.25759,0.18943,0.13496,0.53175,0.52200,-0.46235,0.48061,256.92967
0.25759,0.18933,0.13495,0.53176,0.52197,-0.46235,0.48064,257.03013
0.25760,0.18923,0.13494,0.53177,0.52194,-0.46234,0.48067,257.13058
0.25760,0.18913,0.13493,0.53178,0.52190,-0.46234,0.48070,257.23104
0.25760,0.18903,0.13491,0.53178,0.52188,-0.46233,0.48073,257.33150
0.25760,0.18893,0.13490,0.53179,0.52184,-0.46233,0.48076,257.43196
0.25760,0.18883,0.13490,0.53180,0.52181,-0.46232,0.48079,257.53241
0.25760,0.18873,0.13489,0.53181,0.52177,-0.46232,0.48082,257.63287
0.25760,0.18863,0.13488,0.53182,0.52174,-0.46231,0.48085,257.73333
0.25760,0.18853,0.13487,0.53182,0.52172,-0.46231,0.48088,257.83378
0.25760,0.18843,0.13485,0.53183,0.52169,-0.46230,0.48091,257.93424
0.25760,0.18833,0.13484,0.53184,0.52165,-0.46230,0.48094,258.03469
0.25761,0.18823,0.13483,0.53185,0.52162,-0.46229,0.48097,258.13514
0.25761,0.18813,0.13482,0.53185,0.52158,-0.46229,0.48101,258.23560
0.25761,0.18803,0.13481,0.53186,0.52155,-0.46228,0.48104,258.33605
0.25761,0.18793,0.13480,0.53187,0.52152,-0.46228,0.48107,258.43650
0.25761,0.18783,0.13479,0.53188,0.52149,-0.46227,0.48110,258.53695
0.25761,0.18773,0.13477,0.53189,0.52145,-0.46227,0.48113,258.63741
0.25761,0.18763,0.13476,0.53190,0.52143,-0.46226,0.48116,258.73786
0.25761,0.18753,0.13475,0.53191,0.52139,-0.46226,0.48119,258.83831
0.25761,0.18743,0.13474,0.53191,0.52136,-0.46225,0.48123,258.93876
0.25761,0.18733,0.13473,0.53191,0.52133,-0.46225,0.48126,259.03921
0.25762,0.18723,0.13472,0.53193,0.52129,-0.46224,0.48129,259.13965
0.25762,0.18713,0.13471,0.53193,0.52126,-0.46224,0.48132,259.24010
0.25762,0.18703,0.13469,0.53194,0.52123,-0.46223,0.48135,259.34055
0.25762,0.18693,0.13468,0.53195,0.52120,-0.46223,0.48138,259.44100
0.25762,0.18683,0.13468,0.53195,0.52116,-0.46223,0.48142,259.54145
0.25762,0.18673,0.13467,0.53196,0.52113,-0.46222,0.48145,259.64189
0.25762,0.18663,0.13466,0.53197,0.52110,-0.46222,0.48148,259.74234
0.25762,0.18653,0.13465,0.53197,0.52107,-0.46221,0.48151,259.84278
0.25762,0.18643,0.13463,0.53198,0.52103,-0.46221,0.48154,259.94323
0.25762,0.18633,0.13462,0.53199,0.52100,-0.46220,0.48157,260.04367
0.25763,0.18623,0.13461,0.53199,0.52097,-0.46220,0.48161,260.14412
0.25763,0.18613,0.13460,0.53200,0.52094,-0.46220,0.48163,260.24456
0.25763,0.18603,0.13459,0.53201,0.52090,-0.46219,0.48167,260.34500
0.25763,0.18593,0.13458,0.53201,0.52087,-0.46219,0.48170,260.44544
0.25763,0.18583,0.13457,0.53202,0.52084,-0.46218,0.48173,260.54589
0.25763,0.18573,0.13455,0.53202,0.52080,-0.46218,0.48177,260.64633
0.25763,0.18563,0.13454,0.53203,0.52077,-0.46218,0.48180,260.74677
0.25763,0.18553,0.13453,0.53204,0.52074,-0.46217,0.48183,260.84721
0.25763,0.18543,0.13452,0.53204,0.52071,-0.46217,0.48186,260.94765
0.25763,0.18533,0.13451,0.53206,0.52067,-0.46216,0.48190,261.04809
0.25764,0.18523,0.13450,0.53206,0.52064,-0.46216,0.48192,261.14853
0.25764,0.18513,0.13450,0.53206,0.52061,-0.46216,0.48195,261.24896
0.25764,0.18503,0.13448,0.53208,0.52057,-0.46215,0.48199,261.34940
0.25764,0.18493,0.13447,0.53208,0.52054,-0.46215,0.48202,261.44984
0.25764,0.18483,0.13446,0.53208,0.52051,-0.46215,0.48205,261.55028
0.25764,0.18473,0.13445,0.53210,0.52047,-0.46214,0.48208,261.65071
0.25764,0.18463,0.13444,0.53210,0.52044,-0.46214,0.48212,261.75115
0.25764,0.18453,0.13443,0.53210,0.52041,-0.46214,0.48215,261.85158
0.25764,0.18443,0.13441,0.53211,0.52037,-0.46214,0.48219,261.95202
0.25765,0.18433,0.13440,0.53212,0.52034,-0.46213,0.48222,262.05245
0.25765,0.18423,0.13439,0.53212,0.52031,-0.46213,0.48225,262.15288
0.25765,0.18413,0.13438,0.53213,0.52027,-0.46212,0.48228,262.25332
0.25765,0.18403,0.13437,0.53213,0.52024,-0.46212,0.48231,262.35375
0.25765,0.18393,0.13436,0.53214,0.52021,-0.46212,0.48235,262.45418
0.25765,0.18383,0.13435,0.53215,0.52017,-0.46211,0.48238,262.55461
0.25765,0.18374,0.13433,0.53215,0.52014,-0.46211,0.48241,262.65504
0.25765,0.18364,0.13433,0.53216,0.52010,-0.46211,0.48245,262.75547
0.25765,0.18354,0.13432,0.53216,0.52007,-0.46210,0.48248,262.85590
0.25765,0.18344,0.13431,0.53217,0.52004,-0.46210,0.48251,262.95633
0.25766,0.18334,0.13430,0.53217,0.52000,-0.46210,0.48255,263.05676
0.25766,0.18324,0.13429,0.53218,0.51997,-0.46210,0.48258,263.15719
0.25766,0.18314,0.13428,0.53218,0.51994,-0.46209,0.48261,263.25761
0.25766,0.18304,0.13426,0.53219,0.51990,-0.46209,0.48265,263.35804
0.25766,0.18294,0.13425,0.53219,0.51987,-0.46209,0.48268,263.45847
0.25766,0.18284,0.13424,0.53221,0.51983,-0.46209,0.48271,263.55889
0.25766,0.18274,0.13423,0.53220,0.51980,-0.46208,0.48275,263.65932
0.25766,0.18264,0.13422,0.53222,0.51976,-0.46208,0.48278,263.75974
0.25766,0.18254,0.13421,0.53221,0.51973,-0.46208,0.48282,263.86017
0.25766,0.18244,0.13419,0.53222,0.51970,-0.46207,0.48285,263.96059
0.25767,0.18234,0.13419,0.53223,0.51966,-0.46208,0.48288,264.06101
0.25767,0.18224,0.13418,0.53223,0.51962,-0.46207,0.48292,264.16143
0.25767,0.18214,0.13417,0.53224,0.51959,-0.46208,0.48295,264.26186
0.25767,0.18204,0.13416,0.53225,0.51955,-0.46206,0.48299,264.36228
0.25767,0.18194,0.13415,0.53225,0.51952,-0.46207,0.48302,264.46270
0.25767,0.18184,0.13414,0.53226,0.51948,-0.46206,0.48305,264.56312
0.25767,0.18174,0.13412,0.53226,0.51945,-0.46206,0.48308,264.66354
0.25767,0.18164,0.13411,0.53226,0.51942,-0.46206,0.48312,264.76396
0.25767,0.18154,0.13410,0.53227,0.51938,-0.46205,0.48316,264.86437
0.25767,0.18144,0.13409,0.53227,0.51935,-0.46206,0.48319,264.96479
0.25768,0.18134,0.13408,0.53228,0.51931,-0.46205,0.48322,265.06521
0.25768,0.18124,0.13407,0.53228,0.51927,-0.46206,0.48326,265.16563
0.25768,0.18114,0.13407,0.53229,0.51924,-0.46205,0.48329,265.26604
0.25768,0.18104,0.13405,0.53229,0.51921,-0.46205,0.48333,265.36646
0.25768,0.18094,0.13404,0.53229,0.51918,-0.46205,0.48336,265.46687
0.25768,0.18084,0.13403,0.53230,0.51913,-0.46204,0.48339,265.56729
0.25768,0.18074,0.13402,0.53230,0.51910,-0.46205,0.48343,265.66770
0.25768,0.18064,0.13401,0.53231,0.51906,-0.46204,0.48347,265.76811
0.25768,0.18054,0.13400,0.53231,0.51903,-0.46204,0.48350,265.86853
0.25768,0.18044,0.13398,0.53232,0.51899,-0.46204,0.48354,265.96894
0.25769,0.18034,0.13397,0.53232,0.51896,-0.46204,0.48356,266.06935
0.25769,0.18024,0.13396,0.53233,0.51893,-0.46204,0.48360,266.16976
0.25769,0.18014,0.13395,0.53233,0.51889,-0.46203,0.48363,266.27017
0.25769,0.18004,0.13395,0.53234,0.51886,-0.46203,0.48367,266.37058
0.25769,0.17994,0.13394,0.53234,0.51882,-0.46203,0.48370,266.47099
0.25769,0.17984,0.13393,0.53235,0.51878,-0.46203,0.48373,266.57140
0.25769,0.17974,0.13391,0.53235,0.51875,-0.46203,0.48377,266.67180
0.25769,0.17964,0.13390,0.53235,0.51871,-0.46203,0.48381,266.77221
0.25769,0.17954,0.13389,0.53236,0.51868,-0.46202,0.48384,266.87262
0.25769,0.17944,0.13388,0.53236,0.51864,-0.46203,0.48387,266.97302
0.25770,0.17934,0.13387,0.53236,0.51861,-0.46202,0.48391,267.07343
0.25770,0.17924,0.13386,0.53237,0.51857,-0.46202,0.48395,267.17383
0.25770,0.17914,0.13384,0.53237,0.51853,-0.46202,0.48398,267.27424
0.25770,0.17904,0.13383,0.53238,0.51850,-0.46202,0.48402,267.37464
0.25770,0.17894,0.13383,0.53238,0.51846,-0.46202,0.48405,267.47505
0.25770,0.17884,0.13382,0.53238,0.51843,-0.46202,0.48409,267.57545
0.25770,0.17874,0.13381,0.53239,0.51839,-0.46202,0.48412,267.67585
0.25770,0.17864,0.13380,0.53239,0.51836,-0.46202,0.48416,267.77625
0.25770,0.17854,0.13379,0.53239,0.51832,-0.46202,0.48419,267.87665
0.25770,0.17844,0.13377,0.53239,0.51828,-0.46202,0.48423,267.97705
0.25771,0.17834,0.13376,0.53240,0.51825,-0.46201,0.48426,268.07745
0.25771,0.17824,0.13375,0.53240,0.51821,-0.46201,0.48430,268.17785
0.25771,0.17814,0.13374,0.53240,0.51818,-0.46201,0.48434,268.27825
0.25771,0.17804,0.13374,0.53241,0.51814,-0.46201,0.48437,268.37865
0.25771,0.17794,0.13373,0.53242,0.51810,-0.46201,0.48441,268.47904
0.25771,0.17784,0.13372,0.53242,0.51807,-0.46201,0.48444,268.57944
0.25771,0.17774,0.13370,0.53242,0.51803,-0.46201,0.48448,268.67984
0.25771,0.17764,0.13369,0.53242,0.51800,-0.46201,0.48452,268.78023
0.25771,0.17754,0.13368,0.53243,0.51796,-0.46201,0.48455,268.88062
0.25771,0.17744,0.13367,0.53243,0.51792,-0.46201,0.48459,268.98102
0.25772,0.17734,0.13366,0.53244,0.51789,-0.46201,0.48462,269.08141
0.25772,0.17724,0.13365,0.53244,0.51785,-0.46201,0.48466,269.18180
0.25772,0.17714,0.13364,0.53244,0.51781,-0.46201,0.48470,269.28220
0.25772,0.17705,0.13363,0.53244,0.51778,-0.46201,0.48473,269.38259
0.25772,0.17695,0.13362,0.53245,0.51774,-0.46201,0.48477,269.48298
0.25772,0.17685,0.13361,0.53245,0.51771,-0.46201,0.48480,269.58337
0.25772,0.17675,0.13360,0.53245,0.51767,-0.46201,0.48484,269.68376
0.25772,0.17665,0.13359,0.53245,0.51763,-0.46201,0.48488,269.78415
0.25772,0.17655,0.13358,0.53246,0.51760,-0.46201,0.48491,269.88454
0.25772,0.17645,0.13356,0.53246,0.51756,-0.46201,0.48495,269.98492
0.25773,0.17635,0.13355,0.53246,0.51752,-0.46201,0.48499,270.08531
0.25773,0.17625,0.13355,0.53246,0.51749,-0.46201,0.48502,270.18570
0.25773,0.17615,0.13354,0.53246,0.51745,-0.46201,0.48506,270.28608
0.25773,0.17605,0.13353,0.53247,0.51740,-0.46201,0.48509,270.38647
0.25773,0.17595,0.13352,0.53247,0.51737,-0.46201,0.48512,270.48685
0.25773,0.17585,0.13351,0.53247,0.51734,-0.46201,0.48516,270.58724
0.25773,0.17575,0.13349,0.53247,0.51730,-0.46201,0.48521,270.68762
0.25773,0.17565,0.13348,0.53248,0.51726,-0.46201,0.48524,270.78800
0.25773,0.17555,0.13347,0.53248,0.51722,-0.46201,0.48527,270.88838
0.25773,0.17545,0.13347,0.53248,0.51718,-0.46201,0.48531,270.98877
0.25774,0.17535,0.13346,0.53249,0.51715,-0.46201,0.48535,271.08915
0.25774,0.17525,0.13345,0.53249,0.51711,-0.46201,0.48538,271.18953
0.25774,0.17515,0.13343,0.53249,0.51708,-0.46201,0.48542,271.28991
0.25774,0.17505,0.13342,0.53249,0.51704,-0.46201,0.48547,271.39029
0.25774,0.17495,0.13341,0.53250,0.51700,-0.46201,0.48549,271.49066
0.25774,0.17485,0.13340,0.53250,0.51696,-0.46201,0.48553,271.59104
0.25774,0.17475,0.13339,0.53250,0.51692,-0.46201,0.48557,271.69142
0.25774,0.17465,0.13339,0.53250,0.51689,-0.46201,0.48561,271.79179
0.25774,0.17455,0.13338,0.53250,0.51685,-0.46201,0.48564,271.89217
0.25774,0.17445,0.13336,0.53250,0.51682,-0.46201,0.48568,271.99254
0.25775,0.17435,0.13335,0.53251,0.51677,-0.46201,0.48572,272.09292
0.25775,0.17425,0.13334,0.53251,0.51674,-0.46201,0.48575,272.19329
0.25775,0.17415,0.13333,0.53251,0.51670,-0.46201,0.48579,272.29367
0.25775,0.17405,0.13332,0.53251,0.51666,-0.46201,0.48583,272.39404
0.25775,0.17395,0.13332,0.53251,0.51662,-0.46202,0.48587,272.49441
0.25775,0.17385,0.13331,0.53251,0.51659,-0.46202,0.48590,272.59478
0.25775,0.17375,0.13329,0.53251,0.51655,-0.46202,0.48594,272.69515
0.25775,0.17365,0.13328,0.53251,0.51651,-0.46202,0.48598,272.79552
0.25775,0.17355,0.13327,0.53251,0.51647,-0.46202,0.48602,272.89589
0.25775,0.17345,0.13326,0.53253,0.51643,-0.46202,0.48605,272.99626
0.25776,0.17335,0.13325,0.53252,0.51640,-0.46202,0.48609,273.09663
0.25776,0.17325,0.13325,0.53252,0.51636,-0.46202,0.48613,273.19699
0.25776,0.17315,0.13323,0.53253,0.51632,-0.46202,0.48617,273.29736
0.25776,0.17305,0.13322,0.53252,0.51628,-0.46203,0.48621,273.39773
0.25776,0.17295,0.13321,0.53253,0.51624,-0.46203,0.48624,273.49809
0.25776,0.17285,0.13320,0.53253,0.51621,-0.46203,0.48628,273.59846
0.25776,0.17275,0.13319,0.53253,0.51617,-0.46203,0.48632,273.69882
0.25776,0.17265,0.13318,0.53253,0.51613,-0.46203,0.48636,273.79918
0.25776,0.17255,0.13318,0.53253,0.51609,-0.46203,0.48640,273.89955
0.25776,0.17245,0.13316,0.53253,0.51605,-0.46204,0.48643,273.99991
0.25777,0.17235,0.13315,0.53253,0.51602,-0.46204,0.48647,274.10027
0.25777,0.17225,0.13314,0.53253,0.51598,-0.46204,0.48651,274.20063
0.25777,0.17215,0.13313,0.53253,0.51594,-0.46204,0.48655,274.30099
0.25777,0.17205,0.13312,0.53253,0.51590,-0.46205,0.48659,274.40135
0.25777,0.17195,0.13311,0.53254,0.51586,-0.46204,0.48663,274.50171
0.25777,0.17185,0.13311,0.53254,0.51582,-0.46205,0.48666,274.60207
0.25777,0.17175,0.13309,0.53254,0.51579,-0.46204,0.48670,274.70242
0.25777,0.17165,0.13308,0.53254,0.51575,-0.46205,0.48674,274.80278
0.25777,0.17155,0.13307,0.53254,0.51571,-0.46205,0.48678,274.90314
0.25777,0.17145,0.13306,0.53254,0.51567,-0.46205,0.48682,275.00349
0.25778,0.17135,0.13305,0.53254,0.51563,-0.46205,0.48686,275.10385
0.25778,0.17125,0.13305,0.53254,0.51559,-0.46205,0.48690,275.20420
0.25778,0.17115,0.13303,0.53255,0.51555,-0.46207,0.48693,275.30455
0.25778,0.17105,0.13302,0.53254,0.51552,-0.46206,0.48697,275.40491
0.25778,0.17095,0.13301,0.53254,0.51548,-0.46206,0.48701,275.50526
0.25778,0.17085,0.13300,0.53255,0.51544,-0.46206,0.48705,275.60561
0.25778,0.17075,0.13299,0.53255,0.51540,-0.46207,0.48709,275.70596
0.25778,0.17065,0.13298,0.53255,0.51536,-0.46207,0.48713,275.80631
0.25778,0.17055,0.13298,0.53255,0.51532,-0.46207,0.48717,275.90666
0.25778,0.17045,0.13296,0.53255,0.51528,-0.46208,0.48721,276.00701
0.25779,0.17035,0.13295,0.53255,0.51524,-0.46208,0.48725,276.10736
0.25779,0.17026,0.13294,0.53255,0.51520,-0.46208,0.48728,276.20770
0.25779,0.17016,0.13293,0.53254,0.51517,-0.46209,0.48732,276.30805
0.25779,0.17006,0.13292,0.53254,0.51513,-0.46209,0.48736,276.40840
0.25779,0.16996,0.13292,0.53254,0.51509,-0.46209,0.48740,276.50874
0.25779,0.16986,0.13291,0.53254,0.51505,-0.46209,0.48744,276.60908
0.25779,0.16976,0.13289,0.53254,0.51501,-0.46210,0.48748,276.70943
0.25779,0.16966,0.13288,0.53254,0.51497,-0.46210,0.48752,276.80977
0.25779,0.16956,0.13287,0.53254,0.51493,-0.46210,0.48756,276.91011
0.25779,0.16946,0.13287,0.53255,0.51489,-0.46210,0.48760,277.01046
0.25780,0.16936,0.13286,0.53254,0.51485,-0.46211,0.48763,277.11080
0.25780,0.16926,0.13285,0.53254,0.51481,-0.46211,0.48768,277.21114
0.25780,0.16916,0.13283,0.53255,0.51477,-0.46211,0.48772,277.31148
0.25780,0.16906,0.13282,0.53255,0.51473,-0.46211,0.48776,277.41182
0.25780,0.16896,0.13281,0.53254,0.51469,-0.46211,0.48779,277.51216
0.25780,0.16886,0.13281,0.53254,0.51465,-0.46212,0.48783,277.61249
0.25780,0.16876,0.13280,0.53254,0.51461,-0.46212,0.48787,277.71283
0.25780,0.16866,0.13279,0.53254,0.51457,-0.46213,0.48791,277.81317
0.25780,0.16856,0.13278,0.53254,0.51453,-0.46213,0.48795,277.91350
0.25780,0.16846,0.13276,0.53254,0.51449,-0.46213,0.48799,278.01384
0.25781,0.16836,0.13275,0.53254,0.51445,-0.46213,0.48803,278.11417
0.25781,0.16826,0.13275,0.53254,0.51441,-0.46214,0.48807,278.21451
0.25781,0.16816,0.13274,0.53254,0.51437,-0.46214,0.48811,278.31484
0.25781,0.16806,0.13273,0.53254,0.51433,-0.46214,0.48815,278.41517
0.25781,0.16796,0.13272,0.53254,0.51429,-0.46215,0.48819,278.51550
0.25781,0.16786,0.13270,0.53253,0.51425,-0.46215,0.48823,278.61583
0.25781,0.16776,0.13270,0.53253,0.51421,-0.46215,0.48827,278.71616
0.25781,0.16766,0.13269,0.53253,0.51417,-0.46216,0.48831,278.81649
0.25781,0.16756,0.13268,0.53253,0.51413,-0.46216,0.48835,278.91682
0.25781,0.16746,0.13267,0.53253,0.51409,-0.46216,0.48839,279.01715
0.25782,0.16736,0.13266,0.53253,0.51405,-0.46217,0.48843,279.11748
0.25782,0.16726,0.13266,0.53253,0.51401,-0.46217,0.48847,279.21780
0.25782,0.16716,0.13264,0.53253,0.51397,-0.46217,0.48851,279.31813
0.25782,0.16706,0.13263,0.53252,0.51393,-0.46218,0.48855,279.41845
0.25782,0.16696,0.13262,0.53253,0.51389,-0.46218,0.48859,279.51878
0.25782,0.16686,0.13261,0.53253,0.51385,-0.46218,0.48863,279.61910
0.25782,0.16676,0.13260,0.53252,0.51381,-0.46219,0.48867,279.71943
0.25782,0.16666,0.13260,0.53253,0.51377,-0.46219,0.48871,279.81975
0.25782,0.16656,0.13259,0.53252,0.51373,-0.46219,0.48875,279.92007
0.25782,0.16646,0.13257,0.53252,0.51369,-0.46220,0.48879,280.02039
0.25783,0.16636,0.13256,0.53252,0.51365,-0.46220,0.48883,280.12071
0.25783,0.16626,0.13255,0.53252,0.51361,-0.46220,0.48887,280.22103
0.25783,0.16616,0.13255,0.53252,0.51357,-0.46221,0.48891,280.32135
0.25783,0.16606,0.13254,0.53251,0.51353,-0.46221,0.48895,280.42167
0.25783,0.16596,0.13253,0.53251,0.51349,-0.46222,0.48899,280.52199
0.25783,0.16586,0.13251,0.53251,0.51345,-0.46222,0.48904,280.62230
0.25783,0.16576,0.13250,0.53251,0.51340,-0.46222,0.48908,280.72262
0.25783,0.16566,0.13250,0.53251,0.51336,-0.46223,0.48912,280.82294
0.25783,0.16556,0.13249,0.53250,0.51332,-0.46223,0.48916,280.92325
0.25783,0.16546,0.13248,0.53250,0.51328,-0.46224,0.48920,281.02357
0.25784,0.16536,0.13247,0.53250,0.51324,-0.46224,0.48924,281.12388
0.25784,0.16526,0.13247,0.53251,0.51320,-0.46224,0.48928,281.22419
0.25784,0.16516,0.13245,0.53250,0.51316,-0.46225,0.48932,281.32450
0.25784,0.16506,0.13244,0.53250,0.51312,-0.46225,0.48936,281.42482
0.25784,0.16496,0.13243,0.53249,0.51308,-0.46226,0.48941,281.52513
0.25784,0.16486,0.13242,0.53249,0.51304,-0.46226,0.48945,281.62544
0.25784,0.16476,0.13242,0.53249,0.51300,-0.46226,0.48949,281.72575
0.25784,0.16466,0.13241,0.53249,0.51296,-0.46227,0.48953,281.82605
0.25784,0.16456,0.13240,0.53249,0.51292,-0.46227,0.48957,281.92636
0.25784,0.16446,0.13238,0.53249,0.51287,-0.46228,0.48961,282.02667
0.25785,0.16436,0.13237,0.53248,0.51283,-0.46229,0.48965,282.12698
0.25785,0.16426,0.13237,0.53248,0.51279,-0.46229,0.48970,282.22728
0.25785,0.16416,0.13236,0.53248,0.51275,-0.46229,0.48974,282.32759
0.25785,0.16406,0.13235,0.53248,0.51271,-0.46229,0.48978,282.42789
0.25785,0.16396,0.13234,0.53247,0.51267,-0.46230,0.48982,282.52819
0.25785,0.16386,0.13233,0.53247,0.51263,-0.46230,0.48986,282.62850
0.25785,0.16376,0.13232,0.53247,0.51259,-0.46231,0.48990,282.72880
0.25785,0.16366,0.13231,0.53247,0.51254,-0.46232,0.48994,282.82910
0.25785,0.16356,0.13230,0.53246,0.51250,-0.46232,0.48999,282.92940
0.25785,0.16346,0.13229,0.53246,0.51246,-0.46232,0.49003,283.02970
0.25785,0.16336,0.13229,0.53246,0.51242,-0.46234,0.49007,283.13000
0.25786,0.16326,0.13228,0.53246,0.51238,-0.46234,0.49011,283.23030
0.25786,0.16316,0.13226,0.53245,0.51234,-0.46234,0.49014,283.33060
0.25786,0.16307,0.13225,0.53245,0.51230,-0.46234,0.49020,283.43090
0.25786,0.16297,0.13225,0.53245,0.51225,-0.46236,0.49024,283.53119
0.25786,0.16287,0.13224,0.53245,0.51221,-0.46236,0.49028,283.63149
0.25786,0.16277,0.13223,0.53244,0.51217,-0.46237,0.49032,283.73178
0.25786,0.16267,0.13222,0.53244,0.51213,-0.46237,0.49036,283.83208
0.25786,0.16257,0.13221,0.53244,0.51209,-0.46237,0.49040,283.93237
0.25786,0.16247,0.13220,0.53243,0.51205,-0.46238,0.49045,284.03266
0.25786,0.16237,0.13219,0.53243,0.51200,-0.46238,0.49049,284.13296
0.25787,0.16227,0.13218,0.53243,0.51196,-0.46239,0.49053,284.23325
0.25787,0.16217,0.13217,0.53242,0.51191,-0.46240,0.49057,284.33354
0.25787,0.16207,0.13217,0.53242,0.51187,-0.46240,0.49061,284.43383
0.25787,0.16197,0.13216,0.53242,0.51183,-0.46240,0.49065,284.53412
0.25787,0.16187,0.13214,0.53241,0.51180,-0.46241,0.49069,284.63441
0.25787,0.16177,0.13213,0.53241,0.51174,-0.46242,0.49074,284.73470
0.25787,0.16167,0.13213,0.53241,0.51170,-0.46242,0.49078,284.83498
0.25787,0.16157,0.13212,0.53240,0.51166,-0.46243,0.49082,284.93527
0.25787,0.16147,0.13211,0.53240,0.51162,-0.46243,0.49086,285.03556
0.25787,0.16137,0.13210,0.53239,0.51158,-0.46244,0.49091,285.13584
0.25788,0.16127,0.13210,0.53240,0.51153,-0.46244,0.49095,285.23613
0.25788,0.16117,0.13208,0.53240,0.51149,-0.46245,0.49099,285.33641
0.25788,0.16107,0.13207,0.53239,0.51146,-0.46245,0.49104,285.43669
0.25788,0.16097,0.13206,0.53238,0.51141,-0.46246,0.49108,285.53697
0.25788,0.16087,0.13206,0.53238,0.51137,-0.46246,0.49113,285.63726
0.25788,0.16077,0.13205,0.53238,0.51132,-0.46247,0.49116,285.73754
0.25788,0.16067,0.13204,0.53238,0.51128,-0.46248,0.49120,285.83782
0.25788,0.16057,0.13203,0.53237,0.51124,-0.46248,0.49125,285.93810
0.25788,0.16047,0.13202,0.53237,0.51120,-0.46249,0.49129,286.03838
0.25788,0.16037,0.13201,0.53236,0.51116,-0.46249,0.49134,286.13865
0.25789,0.16027,0.13200,0.53236,0.51111,-0.46250,0.49138,286.23893
0.25789,0.16017,0.13199,0.53235,0.51107,-0.46250,0.49142,286.33921
0.25789,0.16007,0.13199,0.53235,0.51103,-0.46251,0.49146,286.43948
0.25789,0.15997,0.13198,0.53235,0.51098,-0.46251,0.49151,286.53976
0.25789,0.15987,0.13196,0.53234,0.51094,-0.46252,0.49155,286.64003
0.25789,0.15977,0.13195,0.53234,0.51090,-0.46253,0.49159,286.74031
0.25789,0.15967,0.13195,0.53233,0.51086,-0.46253,0.49164,286.84058
0.25789,0.15957,0.13194,0.53233,0.51081,-0.46254,0.49168,286.94085
0.25789,0.15947,0.13193,0.53233,0.51077,-0.46254,0.49172,287.04112
0.25789,0.15937,0.13192,0.53232,0.51073,-0.46255,0.49177,287.14140
0.25790,0.15927,0.13192,0.53232,0.51068,-0.46256,0.49181,287.24167
0.25790,0.15917,0.13190,0.53232,0.51064,-0.46256,0.49185,287.34194
0.25790,0.15907,0.13189,0.53231,0.51060,-0.46257,0.49190,287.44220
0.25790,0.15897,0.13188,0.53231,0.51056,-0.46257,0.49194,287.54247
0.25790,0.15887,0.13188,0.53231,0.51051,-0.46258,0.49198,287.64274
0.25790,0.15877,0.13187,0.53230,0.51047,-0.46259,0.49203,287.74301
0.25790,0.15867,0.13186,0.53230,0.51043,-0.46259,0.49207,287.84327
0.25790,0.15857,0.13185,0.53229,0.51038,-0.46260,0.49211,287.94354
0.25790,0.15847,0.13184,0.53229,0.51034,-0.46261,0.49216,288.04380
0.25790,0.15837,0.13183,0.53228,0.51030,-0.46261,0.49220,288.14407
0.25791,0.15827,0.13182,0.53228,0.51025,-0.46262,0.49224,288.24433
0.25791,0.15817,0.13182,0.53227,0.51021,-0.46262,0.49229,288.34459
0.25791,0.15807,0.13181,0.53227,0.51017,-0.46263,0.49233,288.44485
0.25791,0.15797,0.13180,0.53226,0.51013,-0.46264,0.49238,288.54511
0.25791,0.15787,0.13179,0.53226,0.51008,-0.46265,0.49242,288.64537
0.25791,0.15777,0.13178,0.53226,0.51004,-0.46265,0.49246,288.74563
0.25791,0.15767,0.13177,0.53224,0.51000,-0.46266,0.49251,288.84589
0.25791,0.15757,0.13176,0.53225,0.50995,-0.46266,0.49255,288.94615
0.25791,0.15747,0.13176,0.53224,0.50991,-0.46267,0.49260,289.04641
0.25791,0.15737,0.13175,0.53223,0.50986,-0.46268,0.49264,289.14666
0.25792,0.15727,0.13174,0.53223,0.50982,-0.46269,0.49268,289.24692
0.25792,0.15717,0.13172,0.53223,0.50978,-0.46269,0.49273,289.34718
0.25792,0.15707,0.13172,0.53222,0.50974,-0.46270,0.49277,289.44743
0.25792,0.15697,0.13171,0.53222,0.50969,-0.46270,0.49282,289.54768
0.25792,0.15687,0.13170,0.53221,0.50965,-0.46271,0.49286,289.64794
0.25792,0.15677,0.13170,0.53221,0.50959,-0.46272,0.49291,289.74819
0.25792,0.15667,0.13169,0.53220,0.50956,-0.46273,0.49295,289.84844
0.25792,0.15657,0.13167,0.53219,0.50952,-0.46274,0.49299,289.94869
0.25792,0.15647,0.13166,0.53219,0.50947,-0.46274,0.49304,290.04894
0.25792,0.15637,0.13166,0.53219,0.50943,-0.46275,0.49308,290.14919
0.25793,0.15627,0.13165,0.53218,0.50938,-0.46275,0.49312,290.24944
0.25793,0.15617,0.13164,0.53217,0.50934,-0.46277,0.49317,290.34969
0.25793,0.15607,0.13164,0.53217,0.50929,-0.46276,0.49322,290.44994
0.25793,0.15597,0.13163,0.53216,0.50925,-0.46277,0.49326,290.55018
0.25793,0.15587,0.13161,0.53216,0.50920,-0.46279,0.49331,290.65043
0.25793,0.15577,0.13161,0.53215,0.50916,-0.46279,0.49334,290.75067
0.25793,0.15567,0.13160,0.53215,0.50912,-0.46280,0.49339,290.85092
0.25793,0.15557,0.13159,0.53215,0.50907,-0.46280,0.49343,290.95116
0.25793,0.15547,0.13158,0.53214,0.50903,-0.46282,0.49348,291.05141
0.25793,0.15537,0.13158,0.53213,0.50899,-0.46282,0.49353,291.15165
0.25794,0.15527,0.13157,0.53213,0.50894,-0.46283,0.49357,291.25189
0.25794,0.15518,0.13155,0.53212,0.50889,-0.46284,0.49362,291.35213
0.25794,0.15508,0.13155,0.53211,0.50885,-0.46285,0.49366,291.45237
0.25794,0.15498,0.13154,0.53211,0.50881,-0.46285,0.49370,291.55261
0.25794,0.15488,0.13153,0.53210,0.50876,-0.46286,0.49375,291.65285
0.25794,0.15478,0.13153,0.53210,0.50872,-0.46286,0.49379,291.75309
0.25794,0.15468,0.13152,0.53209,0.50867,-0.46288,0.49384,291.85332
0.25794,0.15458,0.13150,0.53208,0.50863,-0.46288,0.49389,291.95356
0.25794,0.15448,0.13150,0.53208,0.50858,-0.46289,0.49393,292.05380
0.25794,0.15438,0.13149,0.53207,0.50854,-0.46290,0.49397,292.15403
0.25794,0.15428,0.13148,0.53206,0.50850,-0.46291,0.49401,292.25427
0.25795,0.15418,0.13148,0.53207,0.50845,-0.46291,0.49406,292.35450
0.25795,0.15408,0.13147,0.53206,0.50841,-0.46292,0.49410,292.45473
0.25795,0.15398,0.13146,0.53205,0.50836,-0.46293,0.49416,292.55497
0.25795,0.15388,0.13144,0.53205,0.50832,-0.46294,0.49419,292.65520
0.25795,0.15378,0.13144,0.53204,0.50827,-0.46294,0.49425,292.75543
0.25795,0.15368,0.13143,0.53203,0.50823,-0.46295,0.49429,292.85566
0.25795,0.15358,0.13142,0.53203,0.50818,-0.46296,0.49433,292.95589
0.25795,0.15348,0.13142,0.53202,0.50814,-0.46297,0.49438,293.05612
0.25795,0.15338,0.13141,0.53201,0.50809,-0.46297,0.49443,293.15635
0.25795,0.15328,0.13140,0.53201,0.50805,-0.46298,0.49447,293.25657
0.25796,0.15318,0.13139,0.53200,0.50801,-0.46299,0.49451,293.35680
0.25796,0.15308,0.13138,0.53199,0.50796,-0.46300,0.49456,293.45703
0.25796,0.15298,0.13137,0.53199,0.50792,-0.46301,0.49460,293.55725
0.25796,0.15288,0.13137,0.53198,0.50787,-0.46301,0.49465,293.65748
0.25796,0.15278,0.13136,0.53197,0.50783,-0.46302,0.49469,293.75770
0.25796,0.15268,0.13135,0.53197,0.50778,-0.46303,0.49474,293.85792
0.25796,0.15258,0.13134,0.53196,0.50774,-0.46304,0.49479,293.95815
0.25796,0.15248,0.13133,0.53196,0.50769,-0.46304,0.49483,294.05837
0.25796,0.15238,0.13132,0.53195,0.50765,-0.46305,0.49488,294.15859
0.25796,0.15228,0.13132,0.53195,0.50760,-0.46306,0.49492,294.25881
0.25797,0.15218,0.13131,0.53194,0.50756,-0.46307,0.49497,294.35903
0.25797,0.15208,0.13130,0.53193,0.50751,-0.46308,0.49502,294.45925
0.25797,0.15198,0.13130,0.53192,0.50747,-0.46309,0.49506,294.55947
0.25797,0.15188,0.13128,0.53192,0.50742,-0.46309,0.49511,294.65968
0.25797,0.15178,0.13127,0.53191,0.50738,-0.46310,0.49515,294.75990
0.25797,0.15168,0.13127,0.53190,0.50733,-0.46311,0.49520,294.86012
0.25797,0.15158,0.13126,0.53189,0.50729,-0.46312,0.49525,294.96033
0.25797,0.15148,0.13125,0.53189,0.50724,-0.46313,0.49529,295.06055
0.25797,0.15138,0.13125,0.53188,0.50720,-0.46313,0.49534,295.16076
0.25797,0.15128,0.13124,0.53188,0.50715,-0.46315,0.49538,295.26097
0.25798,0.15118,0.13122,0.53186,0.50711,-0.46315,0.49543,295.36119
0.25798,0.15108,0.13122,0.53186,0.50705,-0.46316,0.49548,295.46140
0.25798,0.15098,0.13121,0.53185,0.50701,-0.46317,0.49552,295.56161
0.25798,0.15088,0.13121,0.53184,0.50697,-0.46318,0.49557,295.66182
0.25798,0.15078,0.13120,0.53184,0.50692,-0.46320,0.49561,295.76203
0.25798,0.15068,0.13119,0.53184,0.50688,-0.46319,0.49566,295.86224
0.25798,0.15058,0.13118,0.53183,0.50683,-0.46320,0.49571,295.96245
0.25798,0.15048,0.13117,0.53182,0.50679,-0.46322,0.49575,296.06266
0.25798,0.15038,0.13116,0.53181,0.50674,-0.46323,0.49580,296.16286
0.25798,0.15028,0.13116,0.53180,0.50669,-0.46323,0.49585,296.26307
0.25799,0.15018,0.13115,0.53180,0.50664,-0.46324,0.49589,296.36327
0.25799,0.15008,0.13114,0.53179,0.50660,-0.46325,0.49594,296.46348
0.25799,0.14998,0.13114,0.53178,0.50655,-0.46326,0.49599,296.56368
0.25799,0.14988,0.13112,0.53177,0.50651,-0.46327,0.49603,296.66389
0.25799,0.14978,0.13111,0.53176,0.50647,-0.46328,0.49608,296.76409
0.25799,0.14968,0.13111,0.53176,0.50641,-0.46328,0.49613,296.86429
0.25799,0.14958,0.13110,0.53175,0.50637,-0.46330,0.49617,296.96449
0.25799,0.14948,0.13110,0.53174,0.50632,-0.46331,0.49622,297.06469
0.25799,0.14938,0.13109,0.53173,0.50628,-0.46331,0.49627,297.16489
0.25799,0.14928,0.13108,0.53173,0.50623,-0.46333,0.49631,297.26509
0.25799,0.14918,0.13107,0.53173,0.50618,-0.46333,0.49636,297.36529
0.25800,0.14908,0.13106,0.53171,0.50614,-0.46334,0.49641,297.46549
0.25800,0.14898,0.13105,0.53171,0.50609,-0.46335,0.49645,297.56569
0.25800,0.14888,0.13105,0.53170,0.50605,-0.46336,0.49650,297.66588
0.25800,0.14878,0.13104,0.53169,0.50600,-0.46337,0.49655,297.76608
0.25800,0.14868,0.13104,0.53168,0.50596,-0.46338,0.49659,297.86628
0.25800,0.14858,0.13102,0.53167,0.50591,-0.46339,0.49664,297.96647
0.25800,0.14848,0.13101,0.53167,0.50586,-0.46340,0.49669,298.06666
0.25800,0.14838,0.13101,0.53166,0.50582,-0.46340,0.49673,298.16686
0.25800,0.14828,0.13100,0.53165,0.50577,-0.46342,0.49678,298.26705
0.25800,0.14818,0.13099,0.53164,0.50572,-0.46342,0.49683,298.36724
0.25801,0.14808,0.13099,0.53163,0.50568,-0.46343,0.49688,298.46743
0.25801,0.14798,0.13098,0.53163,0.50563,-0.46344,0.49692,298.56762
0.25801,0.14788,0.13097,0.53161,0.50559,-0.46345,0.49697,298.66781
0.25801,0.14778,0.13096,0.53161,0.50554,-0.46346,0.49702,298.76800
0.25801,0.14768,0.13095,0.53160,0.50549,-0.46347,0.49707,298.86819
0.25801,0.14758,0.13095,0.53159,0.50545,-0.46348,0.49711,298.96838
0.25801,0.14748,0.13094,0.53159,0.50540,-0.46349,0.49716,299.06856
0.25801,0.14738,0.13093,0.53158,0.50535,-0.46350,0.49721,299.16875
0.25801,0.14728,0.13092,0.53156,0.50531,-0.46351,0.49726,299.26894
0.25801,0.14718,0.13091,0.53156,0.50526,-0.46352,0.49730,299.36912
0.25802,0.14708,0.13091,0.53155,0.50522,-0.46353,0.49735,299.46930
0.25802,0.14698,0.13090,0.53154,0.50517,-0.46354,0.49740,299.56949
0.25802,0.14688,0.13089,0.53154,0.50512,-0.46355,0.49744,299.66967
0.25802,0.14678,0.13089,0.53153,0.50508,-0.46355,0.49749,299.76985
0.25802,0.14668,0.13088,0.53152,0.50503,-0.46356,0.49754,299.87003
0.25802,0.14658,0.13087,0.53151,0.50498,-0.46357,0.49759,299.97022
0.25802,0.14648,0.13086,0.53150,0.50494,-0.46358,0.49763,300.07040
0.25802,0.14639,0.13085,0.53149,0.50489,-0.46359,0.49768,300.17057
0.25802,0.14629,0.13085,0.53148,0.50484,-0.46360,0.49773,300.27075
0.25802,0.14619,0.13084,0.53147,0.50480,-0.46361,0.49778,300.37093
0.25803,0.14609,0.13084,0.53146,0.50475,-0.46362,0.49783,300.47111
0.25803,0.14599,0.13083,0.53146,0.50470,-0.46363,0.49787,300.57129
0.25803,0.14589,0.13081,0.53145,0.50466,-0.46364,0.49792,300.67146
0.25803,0.14579,0.13081,0.53144,0.50461,-0.46365,0.49797,300.77164
0.25803,0.14569,0.13080,0.53143,0.50456,-0.46366,0.49802,300.87181
0.25803,0.14559,0.13080,0.53142,0.50451,-0.46367,0.49806,300.97199
0.25803,0.14549,0.13079,0.53142,0.50447,-0.46368,0.49810,301.07216
0.25803,0.14539,0.13079,0.53141,0.50442,-0.46369,0.49816,301.17233
0.25803,0.14529,0.13077,0.53140,0.50437,-0.46370,0.49820,301.27250
0.25803,0.14519,0.13076,0.53139,0.50432,-0.46371,0.49825,301.37268
0.25804,0.14509,0.13076,0.53138,0.50427,-0.46372,0.49830,301.47285
0.25804,0.14499,0.13075,0.53137,0.50423,-0.46373,0.49835,301.57302
0.25804,0.14489,0.13075,0.53136,0.50418,-0.46374,0.49839,301.67319
0.25804,0.14479,0.13074,0.53135,0.50413,-0.46375,0.49844,301.77335
0.25804,0.14469,0.13073,0.53134,0.50408,-0.46376,0.49849,301.87352
0.25804,0.14459,0.13072,0.53133,0.50404,-0.46377,0.49854,301.97369
0.25804,0.14449,0.13071,0.53132,0.50400,-0.46378,0.49858,302.07386
0.25804,0.14439,0.13071,0.53132,0.50395,-0.46380,0.49864,302.17402
0.25804,0.14429,0.13070,0.53131,0.50390,-0.46381,0.49869,302.27419
0.25804,0.14419,0.13070,0.53129,0.50385,-0.46381,0.49873,302.37435
0.25804,0.14409,0.13069,0.53129,0.50380,-0.46382,0.49878,302.47452
0.25805,0.14399,0.13068,0.53128,0.50375,-0.46383,0.49883,302.57468
0.25805,0.14389,0.13067,0.53127,0.50371,-0.46385,0.49887,302.67484
0.25805,0.14379,0.13066,0.53126,0.50366,-0.46386,0.49892,302.77500
0.25805,0.14369,0.13066,0.53125,0.50361,-0.46387,0.49897,302.87516
0.25805,0.14359,0.13065,0.53124,0.50356,-0.46388,0.49902,302.97533
0.25805,0.14349,0.13065,0.53123,0.50352,-0.46388,0.49907,303.07549
0.25805,0.14339,0.13064,0.53122,0.50347,-0.46390,0.49912,303.17565
0.25805,0.14329,0.13062,0.53121,0.50342,-0.46391,0.49917,303.27580
0.25805,0.14319,0.13062,0.53120,0.50337,-0.46392,0.49922,303.37596
0.25805,0.14309,0.13061,0.53119,0.50333,-0.46393,0.49926,303.47612
0.25806,0.14299,0.13061,0.53118,0.50328,-0.46394,0.49931,303.57628
0.25806,0.14289,0.13060,0.53117,0.50323,-0.46395,0.49936,303.67643
0.25806,0.14279,0.13060,0.53117,0.50318,-0.46396,0.49941,303.77659
0.25806,0.14269,0.13059,0.53115,0.50314,-0.46397,0.49946,303.87674
0.25806,0.14259,0.13058,0.53114,0.50309,-0.46398,0.49951,303.97690
0.25806,0.14249,0.13057,0.53114,0.50304,-0.46399,0.49955,304.07705
0.25806,0.14239,0.13056,0.53113,0.50299,-0.46400,0.49960,304.17720
0.25806,0.14229,0.13056,0.53112,0.50295,-0.46401,0.49965,304.27735
0.25806,0.14219,0.13055,0.53110,0.50290,-0.46403,0.49970,304.37751
0.25806,0.14209,0.13055,0.53109,0.50285,-0.46404,0.49975,304.47766
0.25807,0.14199,0.13054,0.53108,0.50280,-0.46405,0.49980,304.57781
0.25807,0.14189,0.13053,0.53107,0.50276,-0.46406,0.49985,304.67796
0.25807,0.14179,0.13052,0.53106,0.50271,-0.46407,0.49990,304.77811
0.25807,0.14169,0.13052,0.53105,0.50266,-0.46408,0.49995,304.87825
0.25807,0.14159,0.13051,0.53104,0.50261,-0.46409,0.49999,304.97840
0.25807,0.14149,0.13050,0.53103,0.50256,-0.46410,0.50004,305.07855
0.25807,0.14139,0.13050,0.53102,0.50252,-0.46411,0.50009,305.17870
0.25807,0.14129,0.13048,0.53101,0.50247,-0.46412,0.50014,305.27884
0.25807,0.14119,0.13048,0.53100,0.50242,-0.46413,0.50019,305.37899
0.25807,0.14109,0.13047,0.53100,0.50237,-0.46414,0.50024,305.47913
0.25807,0.14099,0.13047,0.53099,0.50232,-0.46415,0.50029,305.57927
0.25808,0.14089,0.13046,0.53097,0.50228,-0.46416,0.50034,305.67942
0.25808,0.14079,0.13046,0.53096,0.50223,-0.46417,0.50039,305.77956
0.25808,0.14069,0.13045,0.53095,0.50218,-0.46419,0.50044,305.87970
0.25808,0.14059,0.13044,0.53094,0.50213,-0.46420,0.50049,305.97984
0.25808,0.14049,0.13043,0.53093,0.50208,-0.46421,0.50054,306.07998
0.25808,0.14039,0.13043,0.53092,0.50203,-0.46422,0.50059,306.18012
0.25808,0.14029,0.13042,0.53091,0.50199,-0.46423,0.50063,306.28026
0.25808,0.14019,0.13042,0.53090,0.50194,-0.46424,0.50068,306.38040
0.25808,0.14009,0.13041,0.53089,0.50189,-0.46425,0.50073,306.48054
0.25808,0.13999,0.13040,0.53088,0.50184,-0.46426,0.50078,306.58068
0.25809,0.13989,0.13039,0.53087,0.50179,-0.46428,0.50083,306.68081
0.25809,0.13979,0.13038,0.53085,0.50175,-0.46428,0.50088,306.78095
0.25809,0.13969,0.13038,0.53084,0.50170,-0.46430,0.50093,306.88109
0.25809,0.13959,0.13037,0.53083,0.50165,-0.46431,0.50098,306.98122
0.25809,0.13949,0.13037,0.53083,0.50160,-0.46432,0.50103,307.08135
0.25809,0.13939,0.13036,0.53082,0.50155,-0.46433,0.50108,307.18149
0.25809,0.13929,0.13035,0.53081,0.50150,-0.46434,0.50113,307.28162
0.25809,0.13919,0.13034,0.53079,0.50146,-0.46435,0.50118,307.38175
0.25809,0.13909,0.13034,0.53078,0.50141,-0.46436,0.50123,307.48189
0.25809,0.13899,0.13033,0.53077,0.50136,-0.46438,0.50128,307.58202
0.25810,0.13889,0.13033,0.53076,0.50131,-0.46439,0.50133,307.68215
0.25810,0.13879,0.13032,0.53075,0.50125,-0.46440,0.50138,307.78228
0.25810,0.13869,0.13032,0.53074,0.50120,-0.46441,0.50143,307.88241
0.25810,0.13859,0.13030,0.53073,0.50116,-0.46442,0.50148,307.98254
0.25810,0.13849,0.13030,0.53071,0.50111,-0.46443,0.50153,308.08266
0.25810,0.13839,0.13029,0.53070,0.50106,-0.46445,0.50158,308.18279
0.25810,0.13829,0.13029,0.53069,0.50101,-0.46446,0.50163,308.28292
0.25810,0.13819,0.13028,0.53068,0.50096,-0.46447,0.50168,308.38304
0.25810,0.13809,0.13028,0.53067,0.50091,-0.46448,0.50173,308.48317
0.25810,0.13799,0.13026,0.53066,0.50086,-0.46449,0.50178,308.58330
0.25811,0.13789,0.13026,0.53065,0.50081,-0.46451,0.50183,308.68342
0.25811,0.13779,0.13025,0.53063,0.50077,-0.46452,0.50188,308.78354
0.25811,0.13769,0.13025,0.53063,0.50072,-0.46453,0.50193,308.88367
0.25811,0.13759,0.13024,0.53062,0.50067,-0.46454,0.50198,308.98379
0.25811,0.13749,0.13024,0.53061,0.50062,-0.46455,0.50203,309.08391
0.25811,0.13739,0.13023,0.53059,0.50057,-0.46456,0.50208,309.18403
0.25811,0.13729,0.13022,0.53058,0.50052,-0.46458,0.50213,309.28415
0.25811,0.13719,0.13021,0.53057,0.50047,-0.46459,0.50218,309.38427
0.25811,0.13709,0.13021,0.53056,0.50042,-0.46460,0.50223,309.48439
0.25811,0.13699,0.13020,0.53055,0.50038,-0.46461,0.50228,309.58451
0.25811,0.13689,0.13020,0.53053,0.50033,-0.46462,0.50233,309.68463
0.25812,0.13679,0.13019,0.53052,0.50028,-0.46463,0.50238,309.78475
0.25812,0.13669,0.13019,0.53051,0.50023,-0.46464,0.50243,309.88487
0.25812,0.13659,0.13017,0.53050,0.50018,-0.46466,0.50248,309.98498
0.25812,0.13649,0.13017,0.53049,0.50013,-0.46467,0.50253,310.08510
0.25812,0.13639,0.13016,0.53048,0.50008,-0.46468,0.50258,310.18521
0.25812,0.13629,0.13016,0.53047,0.50003,-0.46469,0.50263,310.28533
0.25812,0.13620,0.13015,0.53046,0.49998,-0.46470,0.50268,310.38544
0.25812,0.13610,0.13015,0.53045,0.49993,-0.46471,0.50273,310.48556
0.25812,0.13600,0.13014,0.53043,0.49988,-0.46473,0.50278,310.58567
0.25812,0.13590,0.13013,0.53042,0.49984,-0.46474,0.50283,310.68578
0.25813,0.13580,0.13013,0.53041,0.49979,-0.46475,0.50288,310.78589
0.25813,0.13570,0.13012,0.53040,0.49974,-0.46476,0.50293,310.88601
0.25813,0.13560,0.13012,0.53038,0.49969,-0.46477,0.50298,310.98612
0.25813,0.13550,0.13011,0.53037,0.49964,-0.46479,0.50303,311.08623
0.25813,0.13540,0.13011,0.53036,0.49959,-0.46480,0.50308,311.18634
0.25813,0.13530,0.13009,0.53035,0.49954,-0.46481,0.50313,311.28644
0.25813,0.13520,0.13009,0.53033,0.49949,-0.46482,0.50319,311.38655
0.25813,0.13510,0.13008,0.53032,0.49944,-0.46483,0.50324,311.48666
0.25813,0.13500,0.13008,0.53032,0.49939,-0.46484,0.50329,311.58677
0.25813,0.13490,0.13007,0.53030,0.49934,-0.46486,0.50334,311.68687
0.25813,0.13480,0.13007,0.53029,0.49929,-0.46487,0.50339,311.78698
0.25814,0.13470,0.13006,0.53028,0.49924,-0.46488,0.50344,311.88709
0.25814,0.13460,0.13005,0.53027,0.49919,-0.46489,0.50349,311.98719
0.25814,0.13450,0.13005,0.53026,0.49914,-0.46490,0.50354,312.08730
0.25814,0.13440,0.13004,0.53024,0.49910,-0.46492,0.50359,312.18740
0.25814,0.13430,0.13004,0.53023,0.49905,-0.46493,0.50364,312.28750
0.25814,0.13420,0.13003,0.53022,0.49899,-0.46494,0.50369,312.38761
0.25814,0.13410,0.13003,0.53020,0.49895,-0.46496,0.50374,312.48771
0.25814,0.13400,0.13001,0.53019,0.49890,-0.46497,0.50379,312.58781
0.25814,0.13390,0.13001,0.53018,0.49884,-0.46498,0.50384,312.68791
0.25814,0.13380,0.13000,0.53017,0.49879,-0.46499,0.50389,312.78801
0.25815,0.13370,0.13000,0.53015,0.49874,-0.46500,0.50395,312.88811
0.25815,0.13360,0.12999,0.53014,0.49869,-0.46501,0.50400,312.98821
0.25815,0.13350,0.12999,0.53014,0.49864,-0.46503,0.50405,313.08831
0.25815,0.13340,0.12999,0.53012,0.49859,-0.46505,0.50410,313.18841
0.25815,0.13330,0.12997,0.53011,0.49854,-0.46506,0.50415,313.28850
0.25815,0.13320,0.12997,0.53010,0.49849,-0.46507,0.50420,313.38860
0.25815,0.13310,0.12996,0.53008,0.49845,-0.46508,0.50425,313.48870
0.25815,0.13300,0.12996,0.53007,0.49839,-0.46510,0.50430,313.58879
0.25815,0.13290,0.12995,0.53006,0.49834,-0.46510,0.50435,313.68889
0.25815,0.13280,0.12995,0.53004,0.49829,-0.46512,0.50441,313.78898
0.25816,0.13270,0.12995,0.53003,0.49824,-0.46513,0.50446,313.88908
0.25816,0.13260,0.12993,0.53002,0.49819,-0.46514,0.50451,313.98917
0.25816,0.13250,0.12993,0.53001,0.49814,-0.46516,0.50455,314.08926
0.25816,0.13240,0.12992,0.52999,0.49809,-0.46517,0.50461,314.18936
0.25816,0.13230,0.12992,0.52998,0.49804,-0.46518,0.50466,314.28945
0.25816,0.13220,0.12991,0.52998,0.49799,-0.46519,0.50471,314.38954
0.25816,0.13210,0.12991,0.52995,0.49794,-0.46521,0.50476,314.48963
0.25816,0.13200,0.12990,0.52994,0.49789,-0.46522,0.50481,314.58972
0.25816,0.13190,0.12989,0.52993,0.49784,-0.46523,0.50487,314.68981
0.25816,0.13180,0.12989,0.52992,0.49779,-0.46524,0.50492,314.78990
0.25816,0.13170,0.12988,0.52991,0.49774,-0.46526,0.50496,314.88999
0.25817,0.13160,0.12988,0.52989,0.49769,-0.46527,0.50502,314.99008
0.25817,0.13150,0.12987,0.52988,0.49764,-0.46528,0.50507,315.09017
0.25817,0.13140,0.12987,0.52987,0.49759,-0.46529,0.50512,315.19025
0.25817,0.13130,0.12986,0.52985,0.49754,-0.46531,0.50517,315.29034
0.25817,0.13120,0.12985,0.52984,0.49749,-0.46532,0.50522,315.39043
0.25817,0.13110,0.12985,0.52983,0.49744,-0.46533,0.50527,315.49051
0.25817,0.13100,0.12984,0.52981,0.49739,-0.46534,0.50533,315.59060
0.25817,0.13090,0.12984,0.52980,0.49734,-0.46536,0.50537,315.69068
0.25817,0.13080,0.12984,0.52979,0.49729,-0.46537,0.50542,315.79077
0.25817,0.13070,0.12983,0.52977,0.49724,-0.46538,0.50548,315.89085
0.25818,0.13060,0.12982,0.52976,0.49719,-0.46539,0.50553,315.99093
0.25818,0.13050,0.12981,0.52975,0.49714,-0.46541,0.50558,316.09101
0.25818,0.13040,0.12981,0.52974,0.49709,-0.46542,0.50563,316.19110
0.25818,0.13030,0.12980,0.52973,0.49704,-0.46543,0.50568,316.29118
0.25818,0.13020,0.12980,0.52971,0.49699,-0.46544,0.50574,316.39126
0.25818,0.13010,0.12980,0.52970,0.49694,-0.46546,0.50579,316.49134
0.25818,0.13000,0.12978,0.52969,0.49689,-0.46547,0.50584,316.59142
0.25818,0.12990,0.12978,0.52967,0.49684,-0.46548,0.50589,316.69150
0.25818,0.12980,0.12977,0.52966,0.49679,-0.46549,0.50594,316.79158
0.25818,0.12970,0.12977,0.52964,0.49674,-0.46551,0.50599,316.89166
0.25818,0.12960,0.12977,0.52963,0.49669,-0.46552,0.50604,316.99173
0.25819,0.12950,0.12976,0.52962,0.49663,-0.46553,0.50610,317.09181
0.25819,0.12940,0.12976,0.52960,0.49658,-0.46555,0.50615,317.19189
0.25819,0.12930,0.12975,0.52959,0.49653,-0.46556,0.50620,317.29196
0.25819,0.12920,0.12974,0.52957,0.49649,-0.46557,0.50625,317.39204
0.25819,0.12910,0.12974,0.52957,0.49644,-0.46558,0.50630,317.49211
0.25819,0.12900,0.12973,0.52954,0.49638,-0.46560,0.50636,317.59219
0.25819,0.12890,0.12973,0.52954,0.49633,-0.46561,0.50641,317.69226
0.25819,0.12880,0.12973,0.52953,0.49628,-0.46562,0.50646,317.79234
0.25819,0.12870,0.12971,0.52951,0.49623,-0.46564,0.50652,317.89241
0.25819,0.12860,0.12971,0.52950,0.49618,-0.46566,0.50656,317.99248
0.25820,0.12850,0.12970,0.52948,0.49613,-0.46567,0.50662,318.09256
0.25820,0.12840,0.12970,0.52947,0.49607,-0.46568,0.50667,318.19263
0.25820,0.12830,0.12970,0.52946,0.49602,-0.46569,0.50672,318.29270
0.25820,0.12820,0.12969,0.52944,0.49597,-0.46571,0.50677,318.39277
0.25820,0.12810,0.12969,0.52943,0.49592,-0.46572,0.50682,318.49284
0.25820,0.12800,0.12968,0.52941,0.49587,-0.46573,0.50688,318.59291
0.25820,0.12790,0.12967,0.52940,0.49582,-0.46574,0.50693,318.69298
0.25820,0.12780,0.12967,0.52938,0.49577,-0.46576,0.50698,318.79305
0.25820,0.12770,0.12966,0.52937,0.49572,-0.46577,0.50703,318.89312
0.25820,0.12760,0.12966,0.52936,0.49567,-0.46579,0.50708,318.99318
0.25821,0.12750,0.12966,0.52934,0.49562,-0.46580,0.50714,319.09325
0.25821,0.12740,0.12965,0.52934,0.49556,-0.46581,0.50719,319.19332
0.25821,0.12730,0.12964,0.52932,0.49551,-0.46583,0.50724,319.29339
0.25821,0.12720,0.12964,0.52931,0.49546,-0.46584,0.50729,319.39345
0.25821,0.12710,0.12963,0.52929,0.49541,-0.46585,0.50734,319.49352
0.25821,0.12700,0.12963,0.52928,0.49536,-0.46586,0.50740,319.59358
0.25821,0.12690,0.12963,0.52926,0.49531,-0.46588,0.50745,319.69365
0.25821,0.12680,0.12962,0.52925,0.49526,-0.46589,0.50750,319.79371
0.25821,0.12670,0.12961,0.52923,0.49521,-0.46590,0.50755,319.89377
0.25821,0.12660,0.12960,0.52922,0.49516,-0.46592,0.50761,319.99384
0.25821,0.12650,0.12960,0.52920,0.49511,-0.46593,0.50766,320.09390
0.25822,0.12640,0.12960,0.52919,0.49506,-0.46594,0.50771,320.19396
0.25822,0.12630,0.12959,0.52918,0.49500,-0.46596,0.50776,320.29402
0.25822,0.12620,0.12959,0.52916,0.49495,-0.46597,0.50782,320.39409
0.25822,0.12610,0.12959,0.52915,0.49490,-0.46598,0.50787,320.49415
0.25822,0.12600,0.12957,0.52914,0.49485,-0.46599,0.50792,320.59421
0.25822,0.12590,0.12957,0.52912,0.49480,-0.46601,0.50797,320.69427
0.25822,0.12580,0.12957,0.52911,0.49475,-0.46602,0.50803,320.79433
0.25822,0.12570,0.12956,0.52910,0.49470,-0.46603,0.50808,320.89439
0.25822,0.12560,0.12956,0.52908,0.49465,-0.46605,0.50813,320.99444
0.25822,0.12550,0.12956,0.52907,0.49460,-0.46606,0.50818,321.09450
0.25823,0.12540,0.12955,0.52905,0.49455,-0.46607,0.50824,321.19456
0.25823,0.12530,0.12954,0.52904,0.49449,-0.46609,0.50829,321.29462
0.25823,0.12520,0.12954,0.52902,0.49444,-0.46610,0.50834,321.39467
0.25823,0.12510,0.12953,0.52901,0.49439,-0.46611,0.50839,321.49473
0.25823,0.12500,0.12953,0.52899,0.49434,-0.46613,0.50845,321.59479
0.25823,0.12490,0.12953,0.52898,0.49429,-0.46614,0.50850,321.69484
0.25823,0.12480,0.12952,0.52897,0.49424,-0.46615,0.50855,321.79490
0.25823,0.12470,0.12951,0.52895,0.49419,-0.46617,0.50860,321.89495
0.25823,0.12460,0.12951,0.52893,0.49414,-0.46618,0.50866,321.99501
0.25823,0.12450,0.12950,0.52892,0.49408,-0.46620,0.50871,322.09506
0.25823,0.12440,0.12950,0.52891,0.49403,-0.46621,0.50876,322.19511
0.25824,0.12430,0.12950,0.52889,0.49398,-0.46623,0.50881,322.29517
0.25824,0.12420,0.12949,0.52888,0.49393,-0.46623,0.50887,322.39522
0.25824,0.12410,0.12949,0.52886,0.49388,-0.46625,0.50892,322.49527
0.25824,0.12400,0.12948,0.52885,0.49383,-0.46626,0.50897,322.59532
0.25824,0.12390,0.12947,0.52883,0.49378,-0.46627,0.50903,322.69537
0.25824,0.12380,0.12947,0.52882,0.49372,-0.46629,0.50908,322.79542
0.25824,0.12370,0.12947,0.52880,0.49367,-0.46631,0.50913,322.89547
0.25824,0.12360,0.12946,0.52879,0.49362,-0.46632,0.50918,322.99552
0.25824,0.12350,0.12946,0.52877,0.49356,-0.46634,0.50924,323.09557
0.25824,0.12340,0.12946,0.52876,0.49351,-0.46635,0.50929,323.19562
0.25825,0.12330,0.12944,0.52875,0.49347,-0.46636,0.50934,323.29567
0.25825,0.12320,0.12944,0.52873,0.49341,-0.46637,0.50940,323.39572
0.25825,0.12310,0.12944,0.52871,0.49336,-0.46639,0.50945,323.49577
0.25825,0.12300,0.12944,0.52870,0.49331,-0.46640,0.50950,323.59581
0.25825,0.12290,0.12943,0.52869,0.49325,-0.46642,0.50955,323.69586
0.25825,0.12280,0.12943,0.52867,0.49320,-0.46643,0.50961,323.79591
0.25825,0.12270,0.12942,0.52866,0.49315,-0.46644,0.50966,323.89595
0.25825,0.12261,0.12941,0.52864,0.49310,-0.46646,0.50971,323.99600
0.25825,0.12251,0.12941,0.52863,0.49305,-0.46647,0.50977,324.09605
0.25825,0.12241,0.12941,0.52861,0.49300,-0.46648,0.50982,324.19609
0.25825,0.12231,0.12940,0.52860,0.49294,-0.46650,0.50987,324.29613
0.25826,0.12221,0.12940,0.52858,0.49289,-0.46651,0.50993,324.39618
0.25826,0.12211,0.12940,0.52857,0.49284,-0.46652,0.50998,324.49622
0.25826,0.12201,0.12939,0.52855,0.49279,-0.46654,0.51003,324.59627
0.25826,0.12191,0.12938,0.52854,0.49274,-0.46655,0.51008,324.69631
0.25826,0.12181,0.12938,0.52852,0.49269,-0.46657,0.51014,324.79635
0.25826,0.12171,0.12938,0.52851,0.49263,-0.46658,0.51019,324.89639
0.25826,0.12161,0.12937,0.52850,0.49258,-0.46659,0.51024,324.99644
0.25826,0.12151,0.12937,0.52848,0.49253,-0.46661,0.51030,325.09648
0.25826,0.12141,0.12937,0.52846,0.49248,-0.46662,0.51035,325.19652
0.25826,0.12131,0.12935,0.52845,0.49243,-0.46663,0.51040,325.29656
0.25827,0.12121,0.12935,0.52843,0.49238,-0.46665,0.51046,325.39660
0.25827,0.12111,0.12935,0.52842,0.49232,-0.46666,0.51051,325.49664
0.25827,0.12101,0.12935,0.52840,0.49227,-0.46667,0.51056,325.59668
0.25827,0.12091,0.12934,0.52839,0.49222,-0.46669,0.51062,325.69672
0.25827,0.12081,0.12934,0.52837,0.49217,-0.46670,0.51067,325.79676
0.25827,0.12071,0.12933,0.52836,0.49212,-0.46671,0.51072,325.89679
0.25827,0.12061,0.12933,0.52834,0.49207,-0.46673,0.51078,325.99683
0.25827,0.12051,0.12932,0.52833,0.49201,-0.46674,0.51083,326.09687
0.25827,0.12041,0.12932,0.52831,0.49196,-0.46676,0.51088,326.19691
0.25827,0.12031,0.12932,0.52829,0.49191,-0.46677,0.51094,326.29694
0.25827,0.12021,0.12931,0.52828,0.49186,-0.46678,0.51099,326.39698
0.25828,0.12011,0.12931,0.52827,0.49181,-0.46680,0.51104,326.49702
0.25828,0.12001,0.12930,0.52825,0.49175,-0.46681,0.51110,326.59705
0.25828,0.11991,0.12930,0.52824,0.49170,-0.46682,0.51115,326.69709
0.25828,0.11981,0.12929,0.52822,0.49165,-0.46684,0.51120,326.79712
0.25828,0.11971,0.12929,0.52820,0.49160,-0.46685,0.51126,326.89716
0.25828,0.11961,0.12929,0.52819,0.49155,-0.46686,0.51131,326.99719
0.25828,0.11951,0.12929,0.52817,0.49149,-0.46689,0.51136,327.09723
0.25828,0.11941,0.12927,0.52816,0.49144,-0.46689,0.51142,327.19726
0.25828,0.11931,0.12927,0.52814,0.49139,-0.46691,0.51147,327.29729
0.25828,0.11921,0.12927,0.52812,0.49134,-0.46693,0.51152,327.39733
0.25829,0.11911,0.12927,0.52811,0.49128,-0.46693,0.51158,327.49736
0.25829,0.11901,0.12926,0.52810,0.49123,-0.46696,0.51163,327.59739
0.25829,0.11891,0.12926,0.52808,0.49118,-0.46697,0.51168,327.69742
0.25829,0.11881,0.12926,0.52807,0.49113,-0.46698,0.51174,327.79745
0.25829,0.11871,0.12925,0.52805,0.49108,-0.46700,0.51179,327.89749
0.25829,0.11861,0.12924,0.52804,0.49102,-0.46701,0.51184,327.99752
0.25829,0.11851,0.12924,0.52802,0.49096,-0.46703,0.51190,328.09755
0.25829,0.11841,0.12924,0.52800,0.49092,-0.46704,0.51195,328.19758
0.25829,0.11831,0.12924,0.52799,0.49087,-0.46705,0.51200,328.29761
0.25829,0.11821,0.12923,0.52797,0.49081,-0.46707,0.51206,328.39764
0.25829,0.11811,0.12923,0.52795,0.49076,-0.46708,0.51211,328.49767
0.25830,0.11801,0.12922,0.52794,0.49070,-0.46709,0.51217,328.59770
0.25830,0.11791,0.12922,0.52792,0.49065,-0.46711,0.51222,328.69772
0.25830,0.11781,0.12921,0.52791,0.49061,-0.46712,0.51227,328.79775
0.25830,0.11771,0.12921,0.52789,0.49055,-0.46714,0.51232,328.89778
0.25830,0.11761,0.12921,0.52787,0.49050,-0.46715,0.51238,328.99781
0.25830,0.11751,0.12921,0.52786,0.49045,-0.46716,0.51243,329.09784
0.25830,0.11741,0.12919,0.52784,0.49039,-0.46718,0.51249,329.19786
0.25830,0.11731,0.12919,0.52783,0.49034,-0.46719,0.51254,329.29789
0.25830,0.11721,0.12919,0.52782,0.49029,-0.46721,0.51259,329.39792
0.25830,0.11711,0.12919,0.52780,0.49024,-0.46722,0.51264,329.49794
0.25830,0.11701,0.12919,0.52778,0.49018,-0.46723,0.51270,329.59797
0.25831,0.11691,0.12918,0.52777,0.49013,-0.46725,0.51275,329.69799
0.25831,0.11681,0.12918,0.52775,0.49008,-0.46726,0.51281,329.79802
0.25831,0.11671,0.12917,0.52773,0.49003,-0.46727,0.51286,329.89804
0.25831,0.11661,0.12917,0.52772,0.48997,-0.46729,0.51292,329.99807
0.25831,0.11651,0.12916,0.52770,0.48992,-0.46730,0.51297,330.09809
0.25831,0.11641,0.12916,0.52768,0.48987,-0.46732,0.51302,330.19812
0.25831,0.11631,0.12916,0.52767,0.48982,-0.46733,0.51307,330.29814
0.25831,0.11621,0.12916,0.52766,0.48976,-0.46734,0.51313,330.39816
0.25831,0.11611,0.12916,0.52763,0.48971,-0.46736,0.51319,330.49819
0.25831,0.11601,0.12914,0.52762,0.48966,-0.46737,0.51324,330.59821
0.25832,0.11591,0.12914,0.52761,0.48961,-0.46739,0.51329,330.69823
0.25832,0.11581,0.12914,0.52759,0.48956,-0.46740,0.51334,330.79825
0.25832,0.11571,0.12914,0.52757,0.48950,-0.46742,0.51340,330.89827
0.25832,0.11561,0.12913,0.52756,0.48945,-0.46743,0.51345,330.99830
0.25832,0.11551,0.12913,0.52754,0.48940,-0.46744,0.51351,331.09832
0.25832,0.11541,0.12912,0.52752,0.48935,-0.46746,0.51356,331.19834
0.25832,0.11531,0.12912,0.52751,0.48929,-0.46747,0.51362,331.29836
0.25832,0.11521,0.12912,0.52749,0.48924,-0.46749,0.51367,331.39838
0.25832,0.11511,0.12911,0.52747,0.48919,-0.46751,0.51372,331.49840
0.25832,0.11501,0.12911,0.52746,0.48914,-0.46751,0.51377,331.59842
0.25832,0.11491,0.12911,0.52745,0.48908,-0.46753,0.51383,331.69844
0.25833,0.11481,0.12911,0.52742,0.48903,-0.46754,0.51389,331.79846
0.25833,0.11471,0.12910,0.52741,0.48898,-0.46755,0.51394,331.89848
0.25833,0.11461,0.12909,0.52739,0.48893,-0.46757,0.51398,331.99850
0.25833,0.11451,0.12909,0.52738,0.48887,-0.46759,0.51405,332.09851
0.25833,0.11441,0.12909,0.52737,0.48882,-0.46760,0.51410,332.19853
0.25833,0.11431,0.12909,0.52735,0.48877,-0.46762,0.51415,332.29855
0.25833,0.11421,0.12909,0.52733,0.48872,-0.46763,0.51421,332.39857
0.25833,0.11411,0.12909,0.52731,0.48866,-0.46765,0.51426,332.49859
0.25833,0.11401,0.12907,0.52730,0.48860,-0.46766,0.51431,332.59860
0.25833,0.11391,0.12907,0.52728,0.48856,-0.46767,0.51437,332.69862
0.25834,0.11381,0.12907,0.52726,0.48851,-0.46769,0.51442,332.79864
0.25834,0.11371,0.12907,0.52725,0.48845,-0.46770,0.51448,332.89865
0.25834,0.11361,0.12907,0.52723,0.48839,-0.46772,0.51453,332.99867
0.25834,0.11351,0.12906,0.52721,0.48834,-0.46773,0.51459,333.09869
0.25834,0.11341,0.12905,0.52720,0.48830,-0.46774,0.51464,333.19870
0.25834,0.11331,0.12905,0.52719,0.48824,-0.46776,0.51469,333.29872
0.25834,0.11321,0.12905,0.52717,0.48818,-0.46777,0.51475,333.39873
0.25834,0.11311,0.12905,0.52715,0.48813,-0.46779,0.51480,333.49875
0.25834,0.11301,0.12905,0.52713,0.48808,-0.46780,0.51485,333.59876
0.25834,0.11291,0.12904,0.52712,0.48802,-0.46781,0.51491,333.69878
0.25834,0.11281,0.12904,0.52710,0.48797,-0.46783,0.51496,333.79879
0.25835,0.11271,0.12903,0.52708,0.48792,-0.46784,0.51502,333.89881
0.25835,0.11261,0.12903,0.52707,0.48787,-0.46786,0.51506,333.99882
0.25835,0.11251,0.12903,0.52705,0.48781,-0.46787,0.51513,334.09883
0.25835,0.11241,0.12903,0.52703,0.48776,-0.46788,0.51518,334.19885
0.25835,0.11231,0.12902,0.52702,0.48771,-0.46790,0.51523,334.29886
0.25835,0.11221,0.12902,0.52700,0.48766,-0.46791,0.51528,334.39887
0.25835,0.11211,0.12902,0.52698,0.48760,-0.46793,0.51534,334.49889
0.25835,0.11201,0.12901,0.52696,0.48755,-0.46794,0.51540,334.59890
0.25835,0.11191,0.12901,0.52695,0.48750,-0.46795,0.51544,334.69891
0.25835,0.11181,0.12901,0.52694,0.48744,-0.46797,0.51550,334.79892
0.25835,0.11171,0.12900,0.52692,0.48739,-0.46798,0.51556,334.89893
0.25836,0.11161,0.12900,0.52690,0.48734,-0.46800,0.51561,334.99895
0.25836,0.11151,0.12900,0.52689,0.48729,-0.46801,0.51566,335.09896
0.25836,0.11141,0.12899,0.52687,0.48723,-0.46802,0.51572,335.19897
0.25836,0.11131,0.12899,0.52685,0.48718,-0.46804,0.51577,335.29898
0.25836,0.11121,0.12899,0.52683,0.48713,-0.46805,0.51583,335.39899
0.25836,0.11111,0.12899,0.52682,0.48708,-0.46807,0.51588,335.49900
0.25836,0.11101,0.12898,0.52680,0.48702,-0.46808,0.51594,335.59901
0.25836,0.11091,0.12898,0.52678,0.48697,-0.46810,0.51599,335.69902
0.25836,0.11081,0.12898,0.52676,0.48692,-0.46811,0.51604,335.79903
0.25836,0.11071,0.12897,0.52675,0.48687,-0.46812,0.51609,335.89904
0.25837,0.11061,0.12897,0.52673,0.48681,-0.46814,0.51615,335.99905
0.25837,0.11051,0.12897,0.52672,0.48676,-0.46815,0.51620,336.09906
0.25837,0.11041,0.12897,0.52670,0.48671,-0.46817,0.51626,336.19907
0.25837,0.11031,0.12896,0.52669,0.48665,-0.46818,0.51631,336.29908
0.25837,0.11021,0.12896,0.52667,0.48660,-0.46820,0.51637,336.39909
0.25837,0.11011,0.12895,0.52665,0.48655,-0.46821,0.51642,336.49910
0.25837,0.11001,0.12895,0.52663,0.48650,-0.46823,0.51647,336.59910
0.25837,0.10991,0.12895,0.52662,0.48644,-0.46824,0.51653,336.69911
0.25837,0.10981,0.12895,0.52660,0.48639,-0.46826,0.51658,336.79912
0.25837,0.10971,0.12895,0.52658,0.48634,-0.46827,0.51664,336.89913
0.25837,0.10961,0.12895,0.52656,0.48628,-0.46829,0.51669,336.99914
0.25838,0.10951,0.12894,0.52655,0.48623,-0.46830,0.51674,337.09914
0.25838,0.10941,0.12893,0.52653,0.48618,-0.46831,0.51680,337.19915
0.25838,0.10931,0.12893,0.52651,0.48612,-0.46833,0.51685,337.29916
0.25838,0.10921,0.12893,0.52650,0.48607,-0.46834,0.51691,337.39917
0.25838,0.10911,0.12893,0.52648,0.48601,-0.46836,0.51696,337.49917
0.25838,0.10901,0.12893,0.52647,0.48596,-0.46837,0.51701,337.59918
0.25838,0.10891,0.12893,0.52645,0.48591,-0.46838,0.51708,337.69919
0.25838,0.10881,0.12893,0.52643,0.48586,-0.46840,0.51713,337.79919
0.25838,0.10871,0.12891,0.52641,0.48581,-0.46841,0.51718,337.89920
0.25838,0.10861,0.12891,0.52640,0.48575,-0.46843,0.51723,337.99921
0.25838,0.10851,0.12891,0.52638,0.48569,-0.46844,0.51729,338.09921
0.25839,0.10841,0.12891,0.52636,0.48565,-0.46845,0.51735,338.19922
0.25839,0.10831,0.12891,0.52634,0.48559,-0.46847,0.51740,338.29922
0.25839,0.10821,0.12891,0.52633,0.48553,-0.46848,0.51745,338.39923
0.25839,0.10811,0.12890,0.52631,0.48548,-0.46850,0.51750,338.49923
0.25839,0.10801,0.12890,0.52629,0.48543,-0.46851,0.51756,338.59924
0.25839,0.10791,0.12890,0.52627,0.48538,-0.46852,0.51761,338.69924
0.25839,0.10781,0.12890,0.52626,0.48532,-0.46854,0.51767,338.79925
0.25839,0.10771,0.12889,0.52625,0.48527,-0.46855,0.51772,338.89925
0.25839,0.10761,0.12889,0.52622,0.48522,-0.46857,0.51778,338.99926
0.25839,0.10751,0.12889,0.52621,0.48516,-0.46858,0.51783,339.09926
0.25840,0.10741,0.12888,0.52619,0.48511,-0.46859,0.51789,339.19927
0.25840,0.10731,0.12888,0.52617,0.48506,-0.46861,0.51794,339.29927
0.25840,0.10721,0.12888,0.52616,0.48500,-0.46862,0.51799,339.39928
0.25840,0.10711,0.12888,0.52614,0.48495,-0.46864,0.51805,339.49928
0.25840,0.10701,0.12888,0.52612,0.48490,-0.46865,0.51810,339.59928
0.25840,0.10691,0.12888,0.52610,0.48485,-0.46866,0.51816,339.69929
0.25840,0.10681,0.12888,0.52608,0.48479,-0.46868,0.51822,339.79929
0.25840,0.10671,0.12887,0.52607,0.48474,-0.46869,0.51827,339.89930
0.25840,0.10661,0.12886,0.52605,0.48469,-0.46871,0.51832,339.99930
0.25840,0.10651,0.12886,0.52604,0.48463,-0.46873,0.51838,340.09930
0.25840,0.10641,0.12886,0.52602,0.48458,-0.46874,0.51843,340.19931
0.25841,0.10631,0.12886,0.52600,0.48453,-0.46875,0.51848,340.29931
0.25841,0.10621,0.12886,0.52598,0.48448,-0.46876,0.51854,340.39931
0.25841,0.10611,0.12885,0.52597,0.48442,-0.46878,0.51859,340.49931
0.25841,0.10601,0.12885,0.52595,0.48437,-0.46879,0.51865,340.59932
0.25841,0.10591,0.12885,0.52593,0.48432,-0.46881,0.51870,340.69932
0.25841,0.10581,0.12885,0.52591,0.48426,-0.46883,0.51876,340.79932
0.25841,0.10571,0.12885,0.52590,0.48421,-0.46884,0.51881,340.89933
0.25841,0.10561,0.12885,0.52588,0.48416,-0.46886,0.51886,340.99933
0.25841,0.10551,0.12885,0.52586,0.48410,-0.46887,0.51892,341.09933
0.25841,0.10541,0.12884,0.52584,0.48405,-0.46888,0.51898,341.19933
0.25841,0.10531,0.12883,0.52582,0.48400,-0.46890,0.51903,341.29933
0.25842,0.10521,0.12883,0.52581,0.48395,-0.46891,0.51908,341.39934
0.25842,0.10511,0.12883,0.52579,0.48389,-0.46893,0.51914,341.49934
0.25842,0.10501,0.12883,0.52577,0.48384,-0.46894,0.51919,341.59934
0.25842,0.10491,0.12883,0.52575,0.48379,-0.46895,0.51925,341.69934
0.25842,0.10481,0.12883,0.52574,0.48373,-0.46897,0.51930,341.79934
0.25842,0.10471,0.12882,0.52573,0.48368,-0.46898,0.51935,341.89935
0.25842,0.10461,0.12882,0.52570,0.48362,-0.46900,0.51941,341.99935
0.25842,0.10451,0.12882,0.52569,0.48357,-0.46901,0.51946,342.09935
0.25842,0.10441,0.12882,0.52567,0.48352,-0.46902,0.51952,342.19935
0.25842,0.10431,0.12882,0.52565,0.48347,-0.46904,0.51957,342.29935
0.25842,0.10421,0.12882,0.52564,0.48340,-0.46905,0.51963,342.39935
0.25843,0.10411,0.12881,0.52562,0.48335,-0.46907,0.51968,342.49935
0.25843,0.10401,0.12881,0.52560,0.48330,-0.46908,0.51974,342.59935
0.25843,0.10391,0.12881,0.52558,0.48325,-0.46909,0.51979,342.69936
0.25843,0.10381,0.12881,0.52557,0.48320,-0.46911,0.51984,342.79936
0.25843,0.10371,0.12881,0.52555,0.48314,-0.46912,0.51990,342.89936
0.25843,0.10361,0.12881,0.52553,0.48309,-0.46914,0.51995,342.99936
0.25843,0.10351,0.12881,0.52551,0.48303,-0.46915,0.52001,343.09936
0.25843,0.10341,0.12880,0.52550,0.48298,-0.46916,0.52006,343.19936
0.25843,0.10331,0.12879,0.52547,0.48293,-0.46918,0.52012,343.29936
0.25843,0.10321,0.12879,0.52546,0.48287,-0.46919,0.52017,343.39936
0.25844,0.10311,0.12879,0.52544,0.48282,-0.46920,0.52023,343.49936
0.25844,0.10301,0.12879,0.52543,0.48277,-0.46922,0.52028,343.59936
0.25844,0.10291,0.12879,0.52541,0.48271,-0.46923,0.52034,343.69936
0.25844,0.10281,0.12878,0.52539,0.48266,-0.46925,0.52039,343.79936
0.25844,0.10271,0.12878,0.52537,0.48261,-0.46926,0.52044,343.89936
0.25844,0.10261,0.12878,0.52535,0.48256,-0.46927,0.52050,343.99936
0.25844,0.10251,0.12878,0.52533,0.48250,-0.46929,0.52055,344.09936
0.25844,0.10241,0.12878,0.52532,0.48245,-0.46930,0.52061,344.19936
0.25844,0.10231,0.12878,0.52530,0.48240,-0.46932,0.52066,344.29936
0.25844,0.10221,0.12878,0.52528,0.48234,-0.46933,0.52072,344.39937
0.25844,0.10211,0.12877,0.52527,0.48229,-0.46935,0.52077,344.49937
0.25845,0.10201,0.12877,0.52524,0.48224,-0.46936,0.52083,344.59937
0.25845,0.10191,0.12877,0.52523,0.48218,-0.46938,0.52088,344.69937
0.25845,0.10181,0.12877,0.52522,0.48213,-0.46939,0.52093,344.79937
0.25845,0.10171,0.12877,0.52520,0.48208,-0.46940,0.52099,344.89937
0.25845,0.10161,0.12877,0.52518,0.48202,-0.46942,0.52104,344.99937
0.25845,0.10151,0.12877,0.52516,0.48197,-0.46943,0.52110,345.09937
0.25845,0.10141,0.12876,0.52514,0.48192,-0.46945,0.52115,345.19937
0.25845,0.10131,0.12876,0.52512,0.48187,-0.46946,0.52121,345.29937
0.25845,0.10121,0.12876,0.52511,0.48181,-0.46948,0.52126,345.39937
0.25845,0.10111,0.12876,0.52509,0.48176,-0.46948,0.52132,345.49937
0.25845,0.10101,0.12876,0.52507,0.48171,-0.46950,0.52137,345.59937
0.25846,0.10091,0.12876,0.52505,0.48165,-0.46952,0.52143,345.69937
0.25846,0.10081,0.12875,0.52504,0.48160,-0.46953,0.52148,345.79937
0.25846,0.10071,0.12875,0.52502,0.48155,-0.46955,0.52153,345.89937
0.25846,0.10061,0.12875,0.52501,0.48149,-0.46956,0.52159,345.99937
0.25846,0.10051,0.12875,0.52499,0.48144,-0.46957,0.52164,346.09937
0.25846,0.10041,0.12875,0.52497,0.48138,-0.46959,0.52170,346.19937
0.25846,0.10031,0.12875,0.52495,0.48133,-0.46960,0.52175,346.29937
0.25846,0.10021,0.12875,0.52493,0.48127,-0.46962,0.52181,346.39937
0.25846,0.10011,0.12874,0.52491,0.48123,-0.46963,0.52186,346.49937
0.25846,0.10001,0.12874,0.52489,0.48118,-0.46964,0.52192,346.59937
0.25846,0.09991,0.12874,0.52488,0.48111,-0.46966,0.52197,346.69937
0.25847,0.09981,0.12874,0.52486,0.48107,-0.46967,0.52202,346.79937
0.25847,0.09971,0.12874,0.52484,0.48101,-0.46968,0.52208,346.89937
0.25847,0.09961,0.12874,0.52482,0.48096,-0.46970,0.52213,346.99937
0.25847,0.09951,0.12874,0.52480,0.48090,-0.46971,0.52219,347.09937
0.25847,0.09941,0.12873,0.52478,0.48085,-0.46973,0.52224,347.19937
0.25847,0.09931,0.12873,0.52477,0.48079,-0.46974,0.52230,347.29937
0.25847,0.09921,0.12873,0.52476,0.48074,-0.46975,0.52235,347.39937
0.25847,0.09911,0.12873,0.52473,0.48069,-0.46977,0.52241,347.49937
0.25847,0.09901,0.12873,0.52472,0.48063,-0.46978,0.52246,347.59937
0.25847,0.09891,0.12873,0.52470,0.48059,-0.46979,0.52251,347.69937
0.25847,0.09881,0.12872,0.52468,0.48053,-0.46981,0.52257,347.79937
0.25848,0.09871,0.12872,0.52466,0.48048,-0.46982,0.52262,347.89937
0.25848,0.09861,0.12872,0.52465,0.48042,-0.46983,0.52268,347.99937
0.25848,0.09851,0.12872,0.52463,0.48037,-0.46985,0.52273,348.09937
0.25848,0.09841,0.12872,0.52461,0.48032,-0.46986,0.52279,348.19937
0.25848,0.09831,0.12872,0.52459,0.48026,-0.46988,0.52284,348.29937
0.25848,0.09821,0.12872,0.52457,0.48021,-0.46989,0.52290,348.39937
0.25848,0.09811,0.12871,0.52455,0.48016,-0.46990,0.52295,348.49937
0.25848,0.09801,0.12872,0.52453,0.48010,-0.46992,0.52301,348.59937
0.25848,0.09791,0.12872,0.52452,0.48005,-0.46993,0.52306,348.69937
0.25848,0.09781,0.12872,0.52451,0.48000,-0.46994,0.52311,348.79937
0.25848,0.09771,0.12872,0.52449,0.47994,-0.46996,0.52317,348.89938
0.25849,0.09761,0.12872,0.52447,0.47989,-0.46998,0.52322,348.99938
0.25849,0.09751,0.12872,0.52445,0.47984,-0.46998,0.52328,349.09938
0.25849,0.09741,0.12871,0.52443,0.47978,-0.47001,0.52333,349.19938
0.25849,0.09731,0.12871,0.52441,0.47973,-0.47002,0.52339,349.29938
0.25849,0.09721,0.12871,0.52440,0.47968,-0.47002,0.52344,349.39938
0.25849,0.09711,0.12871,0.52438,0.47963,-0.47004,0.52349,349.49938
0.25849,0.09701,0.12871,0.52436,0.47957,-0.47006,0.52355,349.59938
0.25849,0.09691,0.12871,0.52434,0.47952,-0.47008,0.52360,349.69938
0.25849,0.09681,0.12870,0.52432,0.47947,-0.47008,0.52366,349.79939
0.25849,0.09671,0.12870,0.52431,0.47941,-0.47010,0.52371,349.89939
0.25850,0.09661,0.12870,0.52428,0.47936,-0.47012,0.52377,349.99939
0.25850,0.09651,0.12870,0.52427,0.47931,-0.47013,0.52382,350.09939
0.25850,0.09641,0.12870,0.52426,0.47925,-0.47014,0.52388,350.19939
0.25850,0.09631,0.12870,0.52424,0.47920,-0.47016,0.52393,350.29939
0.25850,0.09621,0.12870,0.52422,0.47915,-0.47017,0.52398,350.39940
0.25850,0.09611,0.12869,0.52420,0.47909,-0.47018,0.52404,350.49940
0.25850,0.09601,0.12870,0.52418,0.47904,-0.47020,0.52409,350.59940
0.25850,0.09591,0.12870,0.52416,0.47899,-0.47021,0.52415,350.69940
0.25850,0.09581,0.12870,0.52415,0.47894,-0.47022,0.52420,350.79940
0.25850,0.09571,0.12870,0.52413,0.47887,-0.47024,0.52426,350.89941
0.25850,0.09561,0.12870,0.52411,0.47883,-0.47025,0.52431,350.99941
0.25851,0.09551,0.12870,0.52409,0.47877,-0.47026,0.52437,351.09941
0.25851,0.09541,0.12869,0.52407,0.47872,-0.47028,0.52442,351.19941
0.25851,0.09531,0.12869,0.52406,0.47867,-0.47029,0.52447,351.29942
0.25851,0.09521,0.12869,0.52404,0.47862,-0.47030,0.52453,351.39942
0.25851,0.09511,0.12869,0.52402,0.47856,-0.47032,0.52458,351.49942
0.25851,0.09501,0.12869,0.52400,0.47850,-0.47033,0.52464,351.59943
0.25851,0.09491,0.12869,0.52399,0.47845,-0.47034,0.52469,351.69943
0.25851,0.09481,0.12868,0.52396,0.47840,-0.47036,0.52475,351.79943
0.25851,0.09471,0.12869,0.52395,0.47834,-0.47037,0.52480,351.89944
0.25851,0.09461,0.12869,0.52393,0.47830,-0.47038,0.52485,351.99944
0.25851,0.09451,0.12869,0.52391,0.47824,-0.47040,0.52491,352.09944
0.25852,0.09441,0.12869,0.52389,0.47819,-0.47041,0.52496,352.19945
0.25852,0.09431,0.12869,0.52388,0.47813,-0.47042,0.52502,352.29945
0.25852,0.09421,0.12869,0.52386,0.47808,-0.47044,0.52507,352.39946
0.25852,0.09411,0.12868,0.52384,0.47802,-0.47045,0.52513,352.49946
0.25852,0.09401,0.12868,0.52382,0.47797,-0.47046,0.52518,352.59946
0.25852,0.09391,0.12868,0.52380,0.47792,-0.47048,0.52523,352.69947
0.25852,0.09381,0.12868,0.52378,0.47787,-0.47049,0.52529,352.79947
0.25852,0.09371,0.12868,0.52377,0.47781,-0.47051,0.52534,352.89948
0.25852,0.09361,0.12869,0.52375,0.47776,-0.47052,0.52540,352.99948
0.25852,0.09351,0.12868,0.52374,0.47771,-0.47053,0.52545,353.09949
0.25852,0.09341,0.12868,0.52372,0.47765,-0.47054,0.52551,353.19949
0.25853,0.09331,0.12868,0.52370,0.47760,-0.47056,0.52556,353.29950
0.25853,0.09321,0.12868,0.52368,0.47755,-0.47057,0.52561,353.39950
0.25853,0.09311,0.12868,0.52366,0.47750,-0.47058,0.52567,353.49951
0.25853,0.09301,0.12868,0.52364,0.47744,-0.47060,0.52572,353.59951
0.25853,0.09291,0.12868,0.52362,0.47739,-0.47061,0.52578,353.69952
0.25853,0.09281,0.12867,0.52361,0.47734,-0.47062,0.52583,353.79953
0.25853,0.09271,0.12867,0.52359,0.47728,-0.47064,0.52589,353.89953
0.25853,0.09261,0.12868,0.52357,0.47723,-0.47065,0.52594,353.99954
0.25853,0.09251,0.12868,0.52355,0.47718,-0.47067,0.52599,354.09955
0.25853,0.09241,0.12868,0.52354,0.47712,-0.47068,0.52605,354.19955
0.25853,0.09231,0.12868,0.52352,0.47707,-0.47070,0.52610,354.29956
0.25854,0.09221,0.12868,0.52350,0.47702,-0.47071,0.52616,354.39957
0.25854,0.09211,0.12867,0.52348,0.47697,-0.47072,0.52621,354.49957
0.25854,0.09201,0.12867,0.52347,0.47691,-0.47074,0.52626,354.59958
0.25854,0.09191,0.12867,0.52345,0.47686,-0.47075,0.52632,354.69959
0.25854,0.09181,0.12868,0.52343,0.47681,-0.47076,0.52637,354.79960
0.25854,0.09171,0.12868,0.52341,0.47675,-0.47077,0.52643,354.89960
0.25854,0.09161,0.12868,0.52339,0.47670,-0.47079,0.52648,354.99961
0.25854,0.09151,0.12867,0.52337,0.47665,-0.47080,0.52654,355.09962
0.25854,0.09141,0.12867,0.52335,0.47660,-0.47081,0.52659,355.19963
0.25854,0.09131,0.12867,0.52334,0.47654,-0.47083,0.52664,355.29964
0.25854,0.09121,0.12867,0.52332,0.47648,-0.47084,0.52670,355.39965
0.25855,0.09111,0.12867,0.52330,0.47644,-0.47085,0.52675,355.49965
0.25855,0.09101,0.12868,0.52328,0.47637,-0.47087,0.52681,355.59966
0.25855,0.09091,0.12868,0.52327,0.47633,-0.47088,0.52686,355.69967
0.25855,0.09081,0.12867,0.52325,0.47628,-0.47089,0.52691,355.79968
0.25855,0.09071,0.12867,0.52323,0.47623,-0.47090,0.52697,355.89969
0.25855,0.09061,0.12867,0.52321,0.47617,-0.47092,0.52702,355.99970
0.25855,0.09051,0.12867,0.52320,0.47611,-0.47093,0.52708,356.09971
0.25855,0.09041,0.12867,0.52318,0.47606,-0.47094,0.52713,356.19972
0.25855,0.09031,0.12868,0.52316,0.47601,-0.47096,0.52718,356.29973
0.25855,0.09021,0.12868,0.52314,0.47595,-0.47097,0.52724,356.39974
0.25855,0.09011,0.12867,0.52312,0.47590,-0.47098,0.52729,356.49975
0.25856,0.09001,0.12867,0.52310,0.47585,-0.47099,0.52735,356.59976
0.25856,0.08991,0.12867,0.52308,0.47579,-0.47101,0.52740,356.69978
0.25856,0.08981,0.12867,0.52307,0.47574,-0.47102,0.52745,356.79979
0.25856,0.08971,0.12867,0.52305,0.47569,-0.47103,0.52751,356.89980
0.25856,0.08961,0.12868,0.52303,0.47564,-0.47104,0.52756,356.99981
0.25856,0.08951,0.12867,0.52301,0.47558,-0.47106,0.52762,357.09982
0.25856,0.08941,0.12867,0.52300,0.47553,-0.47107,0.52767,357.19983
0.25856,0.08931,0.12867,0.52298,0.47548,-0.47109,0.52772,357.29985
0.25856,0.08921,0.12867,0.52296,0.47542,-0.47110,0.52778,357.39986
0.25856,0.08911,0.12867,0.52295,0.47537,-0.47111,0.52783,357.49987
0.25856,0.08901,0.12868,0.52293,0.47532,-0.47112,0.52788,357.59989
0.25857,0.08891,0.12868,0.52291,0.47527,-0.47113,0.52794,357.69990
0.25857,0.08881,0.12867,0.52289,0.47521,-0.47116,0.52799,357.79991
0.25857,0.08871,0.12867,0.52287,0.47516,-0.47116,0.52805,357.89993
0.25857,0.08861,0.12867,0.52285,0.47511,-0.47118,0.52810,357.99994
0.25857,0.08851,0.12867,0.52283,0.47506,-0.47119,0.52816,358.09996
0.25857,0.08841,0.12868,0.52281,0.47500,-0.47121,0.52821,358.19997
0.25857,0.08831,0.12868,0.52280,0.47495,-0.47122,0.52826,358.29998
0.25857,0.08821,0.12868,0.52278,0.47490,-0.47122,0.52832,358.40000
0.25857,0.08811,0.12867,0.52277,0.47485,-0.47124,0.52837,358.50002
0.25857,0.08801,0.12867,0.52274,0.47479,-0.47126,0.52843,358.60003
0.25857,0.08791,0.12867,0.52273,0.47474,-0.47127,0.52848,358.70005
0.25858,0.08781,0.12868,0.52271,0.47469,-0.47128,0.52853,358.80006
0.25858,0.08771,0.12868,0.52269,0.47463,-0.47129,0.52859,358.90008
0.25858,0.08761,0.12868,0.52268,0.47458,-0.47131,0.52864,359.00010
0.25858,0.08751,0.12867,0.52266,0.47453,-0.47132,0.52869,359.10011
0.25858,0.08741,0.12867,0.52264,0.47448,-0.47133,0.52875,359.20013
0.25858,0.08731,0.12868,0.52262,0.47442,-0.47134,0.52880,359.30015
0.25858,0.08721,0.12868,0.52260,0.47437,-0.47136,0.52886,359.40016
0.25858,0.08711,0.12868,0.52258,0.47432,-0.47137,0.52891,359.50018
0.25858,0.08701,0.12868,0.52256,0.47427,-0.47138,0.52896,359.60020
0.25858,0.08691,0.12868,0.52255,0.47421,-0.47139,0.52902,359.70022
0.25858,0.08681,0.12867,0.52253,0.47416,-0.47141,0.52906,359.80024
0.25859,0.08671,0.12868,0.52252,0.47411,-0.47142,0.52912,359.90026
0.25859,0.08661,0.12868,0.52249,0.47405,-0.47143,0.52917,360.00027
0.25859,0.08651,0.12868,0.52248,0.47400,-0.47144,0.52923,360.10029
0.25859,0.08641,0.12868,0.52246,0.47394,-0.47146,0.52928,360.20031
0.25859,0.08631,0.12868,0.52244,0.47390,-0.47147,0.52934,360.30033
0.25859,0.08621,0.12868,0.52243,0.47384,-0.47148,0.52938,360.40035
0.25859,0.08611,0.12868,0.52241,0.47378,-0.47149,0.52945,360.50037
0.25859,0.08601,0.12868,0.52239,0.47374,-0.47150,0.52950,360.60039
0.25859,0.08591,0.12868,0.52237,0.47368,-0.47152,0.52955,360.70042
0.25859,0.08581,0.12868,0.52235,0.47363,-0.47153,0.52960,360.80044
0.25859,0.08571,0.12869,0.52233,0.47358,-0.47154,0.52966,360.90046
0.25860,0.08561,0.12869,0.52232,0.47353,-0.47156,0.52971,361.00048
0.25860,0.08551,0.12868,0.52230,0.47347,-0.47157,0.52976,361.10050
0.25860,0.08541,0.12868,0.52228,0.47342,-0.47158,0.52981,361.20052
0.25860,0.08531,0.12869,0.52226,0.47337,-0.47159,0.52987,361.30055
0.25860,0.08521,0.12869,0.52225,0.47331,-0.47160,0.52993,361.40057
0.25860,0.08511,0.12869,0.52223,0.47326,-0.47162,0.52998,361.50059
0.25860,0.08501,0.12869,0.52221,0.47321,-0.47163,0.53003,361.60062
0.25860,0.08491,0.12869,0.52219,0.47316,-0.47164,0.53008,361.70064
0.25860,0.08481,0.12869,0.52218,0.47310,-0.47165,0.53014,361.80067
0.25860,0.08471,0.12869,0.52216,0.47305,-0.47166,0.53019,361.90069
0.25860,0.08461,0.12869,0.52214,0.47300,-0.47168,0.53025,362.00071
0.25861,0.08451,0.12869,0.52212,0.47295,-0.47169,0.53029,362.10074
0.25861,0.08441,0.12870,0.52210,0.47289,-0.47171,0.53036,362.20077
0.25861,0.08431,0.12870,0.52208,0.47284,-0.47172,0.53041,362.30079
0.25861,0.08421,0.12869,0.52207,0.47279,-0.47173,0.53046,362.40082
0.25861,0.08411,0.12869,0.52205,0.47274,-0.47173,0.53051,362.50084
0.25861,0.08401,0.12869,0.52203,0.47269,-0.47175,0.53056,362.60087
0.25861,0.08391,0.12870,0.52202,0.47263,-0.47177,0.53062,362.70090
0.25861,0.08381,0.12870,0.52200,0.47258,-0.47178,0.53068,362.80092
0.25861,0.08371,0.12870,0.52198,0.47253,-0.47179,0.53073,362.90095
0.25861,0.08361,0.12870,0.52197,0.47248,-0.47180,0.53077,363.00098
0.25861,0.08351,0.12870,0.52195,0.47242,-0.47182,0.53083,363.10101
0.25862,0.08341,0.12870,0.52193,0.47237,-0.47183,0.53088,363.20104
0.25862,0.08331,0.12870,0.52191,0.47232,-0.47184,0.53094,363.30107
0.25862,0.08321,0.12870,0.52189,0.47227,-0.47185,0.53099,363.40110
0.25862,0.08311,0.12871,0.52187,0.47222,-0.47186,0.53105,363.50112
0.25862,0.08301,0.12871,0.52186,0.47216,-0.47188,0.53109,363.60115
0.25862,0.08291,0.12871,0.52184,0.47211,-0.47189,0.53115,363.70118
0.25862,0.08281,0.12870,0.52182,0.47206,-0.47190,0.53120,363.80122
0.25862,0.08271,0.12871,0.52180,0.47201,-0.47191,0.53125,363.90125
0.25862,0.08261,0.12871,0.52179,0.47195,-0.47192,0.53132,364.00128
0.25862,0.08251,0.12871,0.52177,0.47190,-0.47193,0.53137,364.10131
0.25862,0.08241,0.12871,0.52175,0.47185,-0.47195,0.53141,364.20134
0.25863,0.08231,0.12872,0.52173,0.47179,-0.47196,0.53147,364.30137
0.25863,0.08221,0.12871,0.52171,0.47174,-0.47197,0.53152,364.40141
0.25863,0.08211,0.12871,0.52170,0.47169,-0.47198,0.53158,364.50144
0.25863,0.08201,0.12871,0.52168,0.47164,-0.47199,0.53163,364.60147
0.25863,0.08191,0.12872,0.52166,0.47159,-0.47200,0.53169,364.70151
0.25863,0.08181,0.12872,0.52165,0.47153,-0.47202,0.53173,364.80154
0.25863,0.08171,0.12872,0.52163,0.47148,-0.47203,0.53179,364.90157
0.25863,0.08161,0.12872,0.52161,0.47142,-0.47204,0.53184,365.00161
0.25863,0.08151,0.12872,0.52159,0.47138,-0.47205,0.53190,365.10164
0.25863,0.08141,0.12872,0.52157,0.47133,-0.47206,0.53195,365.20168
0.25863,0.08131,0.12872,0.52155,0.47127,-0.47207,0.53200,365.30172
0.25864,0.08121,0.12872,0.52154,0.47122,-0.47208,0.53205,365.40175
0.25864,0.08111,0.12873,0.52152,0.47116,-0.47210,0.53210,365.50179
0.25864,0.08101,0.12873,0.52150,0.47111,-0.47211,0.53216,365.60183
0.25864,0.08091,0.12873,0.52149,0.47106,-0.47212,0.53221,365.70186
0.25864,0.08081,0.12873,0.52147,0.47101,-0.47213,0.53227,365.80190
0.25864,0.08071,0.12873,0.52145,0.47096,-0.47214,0.53232,365.90194
0.25864,0.08061,0.12873,0.52144,0.47091,-0.47215,0.53237,366.00198
0.25864,0.08051,0.12873,0.52142,0.47085,-0.47217,0.53243,366.10202
0.25864,0.08041,0.12874,0.52140,0.47080,-0.47218,0.53247,366.20205
0.25864,0.08031,0.12874,0.52138,0.47075,-0.47219,0.53253,366.30209
0.25864,0.08021,0.12873,0.52136,0.47070,-0.47220,0.53258,366.40213
0.25865,0.08011,0.12873,0.52135,0.47065,-0.47221,0.53263,366.50217
0.25865,0.08001,0.12874,0.52133,0.47059,-0.47222,0.53269,366.60221
0.25865,0.07991,0.12874,0.52131,0.47054,-0.47224,0.53274,366.70226
0.25865,0.07981,0.12874,0.52130,0.47049,-0.47225,0.53280,366.80230
0.25865,0.07971,0.12875,0.52128,0.47044,-0.47226,0.53285,366.90234
0.25865,0.07961,0.12875,0.52126,0.47039,-0.47227,0.53290,367.00238
0.25865,0.07951,0.12874,0.52124,0.47034,-0.47228,0.53295,367.10242
0.25865,0.07941,0.12875,0.52123,0.47028,-0.47230,0.53300,367.20247
0.25865,0.07931,0.12875,0.52121,0.47023,-0.47231,0.53306,367.30251
0.25865,0.07921,0.12875,0.52119,0.47018,-0.47232,0.53311,367.40255
0.25865,0.07911,0.12875,0.52118,0.47013,-0.47233,0.53316,367.50260
0.25865,0.07901,0.12876,0.52116,0.47008,-0.47234,0.53321,367.60264
0.25866,0.07891,0.12876,0.52114,0.47003,-0.47235,0.53327,367.70269
0.25866,0.07881,0.12875,0.52112,0.46997,-0.47236,0.53333,367.80273
0.25866,0.07871,0.12876,0.52110,0.46992,-0.47238,0.53337,367.90278
0.25866,0.07861,0.12876,0.52109,0.46987,-0.47239,0.53342,368.00282
0.25866,0.07851,0.12876,0.52107,0.46982,-0.47240,0.53348,368.10287
0.25866,0.07841,0.12877,0.52105,0.46977,-0.47241,0.53353,368.20292
0.25866,0.07831,0.12877,0.52103,0.46972,-0.47242,0.53358,368.30297
0.25866,0.07821,0.12876,0.52101,0.46966,-0.47243,0.53364,368.40301
0.25866,0.07811,0.12876,0.52100,0.46961,-0.47244,0.53369,368.50306
0.25866,0.07801,0.12877,0.52099,0.46956,-0.47245,0.53374,368.60311
0.25866,0.07791,0.12877,0.52097,0.46951,-0.47246,0.53379,368.70316
0.25867,0.07781,0.12877,0.52095,0.46946,-0.47247,0.53385,368.80321
0.25867,0.07771,0.12878,0.52093,0.46940,-0.47249,0.53390,368.90326
0.25867,0.07761,0.12878,0.52092,0.46935,-0.47250,0.53395,369.00331
0.25867,0.07751,0.12877,0.52090,0.46930,-0.47251,0.53400,369.10336
0.25867,0.07741,0.12878,0.52088,0.46924,-0.47252,0.53406,369.20341
0.25867,0.07731,0.12878,0.52086,0.46919,-0.47253,0.53411,369.30346
0.25867,0.07721,0.12878,0.52085,0.46914,-0.47254,0.53416,369.40351
0.25867,0.07711,0.12879,0.52083,0.46909,-0.47255,0.53421,369.50357
0.25867,0.07701,0.12879,0.52081,0.46904,-0.47256,0.53427,369.60362
0.25867,0.07691,0.12878,0.52079,0.46899,-0.47257,0.53432,369.70367
0.25867,0.07681,0.12879,0.52078,0.46894,-0.47258,0.53437,369.80373
0.25868,0.07671,0.12879,0.52076,0.46888,-0.47259,0.53442,369.90378
0.25868,0.07661,0.12879,0.52075,0.46883,-0.47260,0.53447,370.00384
0.25868,0.07651,0.12880,0.52073,0.46878,-0.47261,0.53453,370.10389
0.25868,0.07641,0.12880,0.52071,0.46873,-0.47262,0.53458,370.20395
0.25868,0.07631,0.12880,0.52069,0.46868,-0.47264,0.53463,370.30400
0.25868,0.07621,0.12880,0.52068,0.46863,-0.47265,0.53468,370.40406
0.25868,0.07611,0.12880,0.52065,0.46858,-0.47266,0.53474,370.50411
0.25868,0.07601,0.12880,0.52064,0.46852,-0.47267,0.53479,370.60417
0.25868,0.07591,0.12881,0.52062,0.46847,-0.47269,0.53484,370.70423
0.25868,0.07581,0.12881,0.52061,0.46842,-0.47269,0.53489,370.80429
0.25868,0.07571,0.12881,0.52059,0.46837,-0.47271,0.53494,370.90435
0.25869,0.07561,0.12882,0.52057,0.46832,-0.47271,0.53500,371.00441
0.25869,0.07551,0.12881,0.52055,0.46827,-0.47272,0.53505,371.10447
0.25869,0.07541,0.12881,0.52054,0.46822,-0.47273,0.53510,371.20453
0.25869,0.07531,0.12882,0.52052,0.46817,-0.47274,0.53515,371.30459
0.25869,0.07521,0.12882,0.52050,0.46811,-0.47276,0.53521,371.40465
0.25869,0.07511,0.12882,0.52049,0.46806,-0.47277,0.53526,371.50471
0.25869,0.07501,0.12883,0.52047,0.46801,-0.47278,0.53531,371.60477
0.25869,0.07491,0.12882,0.52046,0.46796,-0.47279,0.53536,371.70483
0.25869,0.07481,0.12882,0.52044,0.46791,-0.47280,0.53541,371.80489
0.25869,0.07471,0.12883,0.52042,0.46786,-0.47281,0.53547,371.90496
0.25869,0.07461,0.12883,0.52041,0.46781,-0.47282,0.53552,372.00502
0.25870,0.07451,0.12884,0.52039,0.46776,-0.47283,0.53557,372.10509
0.25870,0.07441,0.12884,0.52037,0.46771,-0.47284,0.53562,372.20515
0.25870,0.07431,0.12884,0.52035,0.46766,-0.47285,0.53567,372.30522
0.25870,0.07421,0.12884,0.52034,0.46760,-0.47286,0.53573,372.40528
0.25870,0.07411,0.12884,0.52032,0.46755,-0.47287,0.53578,372.50535
0.25870,0.07401,0.12884,0.52030,0.46750,-0.47288,0.53583,372.60541
0.25870,0.07391,0.12885,0.52028,0.46745,-0.47289,0.53588,372.70548
0.25870,0.07381,0.12885,0.52027,0.46740,-0.47290,0.53593,372.80555
0.25870,0.07371,0.12885,0.52026,0.46735,-0.47291,0.53598,372.90562
0.25870,0.07361,0.12886,0.52023,0.46730,-0.47292,0.53604,373.00568
0.25870,0.07351,0.12885,0.52022,0.46725,-0.47293,0.53609,373.10575
0.25871,0.07341,0.12886,0.52021,0.46719,-0.47294,0.53614,373.20582
0.25871,0.07331,0.12886,0.52019,0.46715,-0.47295,0.53619,373.30589
0.25871,0.07321,0.12886,0.52017,0.46710,-0.47296,0.53624,373.40596
0.25871,0.07311,0.12887,0.52015,0.46704,-0.47297,0.53630,373.50603
0.25871,0.07301,0.12887,0.52014,0.46698,-0.47298,0.53635,373.60610
0.25871,0.07291,0.12886,0.52012,0.46693,-0.47299,0.53640,373.70618
0.25871,0.07281,0.12887,0.52010,0.46689,-0.47300,0.53645,373.80625
0.25871,0.07271,0.12887,0.52008,0.46684,-0.47301,0.53650,373.90632
0.25871,0.07261,0.12888,0.52007,0.46678,-0.47302,0.53655,374.00639
0.25871,0.07251,0.12888,0.52005,0.46674,-0.47303,0.53660,374.10647
0.25871,0.07241,0.12888,0.52003,0.46668,-0.47304,0.53666,374.20654
0.25871,0.07231,0.12889,0.52002,0.46663,-0.47305,0.53671,374.30662
0.25872,0.07221,0.12888,0.52000,0.46658,-0.47306,0.53676,374.40669
0.25872,0.07211,0.12889,0.51999,0.46653,-0.47307,0.53681,374.50677
0.25872,0.07201,0.12889,0.51997,0.46648,-0.47308,0.53686,374.60685
0.25872,0.07191,0.12889,0.51996,0.46643,-0.47309,0.53691,374.70692
0.25872,0.07181,0.12890,0.51993,0.46638,-0.47310,0.53697,374.80700
0.25872,0.07171,0.12890,0.51992,0.46633,-0.47311,0.53702,374.90708
0.25872,0.07161,0.12890,0.51991,0.46628,-0.47312,0.53707,375.00716
0.25872,0.07151,0.12890,0.51989,0.46623,-0.47313,0.53712,375.10723
0.25872,0.07141,0.12890,0.51987,0.46618,-0.47314,0.53717,375.20731
0.25872,0.07131,0.12891,0.51985,0.46613,-0.47315,0.53722,375.30739
0.25872,0.07121,0.12891,0.51984,0.46607,-0.47316,0.53727,375.40747
0.25873,0.07111,0.12891,0.51983,0.46602,-0.47317,0.53732,375.50756
0.25873,0.07101,0.12892,0.51980,0.46597,-0.47318,0.53738,375.60764
0.25873,0.07091,0.12891,0.51979,0.46592,-0.47319,0.53743,375.70772
0.25873,0.07081,0.12892,0.51977,0.46587,-0.47320,0.53748,375.80780
0.25873,0.07071,0.12892,0.51976,0.46582,-0.47321,0.53753,375.90788
0.25873,0.07061,0.12893,0.51974,0.46577,-0.47322,0.53758,376.00797
0.25873,0.07051,0.12893,0.51973,0.46572,-0.47323,0.53763,376.10805
0.25873,0.07041,0.12893,0.51971,0.46567,-0.47324,0.53768,376.20814
0.25873,0.07031,0.12894,0.51969,0.46562,-0.47325,0.53773,376.30822
0.25873,0.07021,0.12893,0.51968,0.46557,-0.47326,0.53779,376.40831
0.25873,0.07011,0.12894,0.51966,0.46552,-0.47327,0.53784,376.50839
0.25874,0.07001,0.12894,0.51964,0.46547,-0.47328,0.53789,376.60848
0.25874,0.06991,0.12894,0.51963,0.46542,-0.47329,0.53794,376.70857
0.25874,0.06981,0.12895,0.51961,0.46537,-0.47330,0.53799,376.80865
0.25874,0.06971,0.12895,0.51959,0.46532,-0.47330,0.53804,376.90874
0.25874,0.06961,0.12895,0.51958,0.46527,-0.47331,0.53809,377.00883
0.25874,0.06951,0.12895,0.51956,0.46522,-0.47332,0.53814,377.10892
0.25874,0.06941,0.12896,0.51955,0.46517,-0.47333,0.53819,377.20901
0.25874,0.06931,0.12896,0.51953,0.46512,-0.47334,0.53824,377.30910
0.25874,0.06921,0.12896,0.51951,0.46506,-0.47335,0.53830,377.40919
0.25874,0.06911,0.12897,0.51949,0.46502,-0.47336,0.53835,377.50928
0.25874,0.06901,0.12897,0.51948,0.46496,-0.47337,0.53840,377.60938
0.25875,0.06891,0.12897,0.51946,0.46491,-0.47338,0.53845,377.70947
0.25875,0.06881,0.12897,0.51945,0.46486,-0.47339,0.53850,377.80956
0.25875,0.06871,0.12898,0.51944,0.46481,-0.47339,0.53855,377.90966
0.25875,0.06861,0.12898,0.51942,0.46477,-0.47340,0.53860,378.00975
0.25875,0.06851,0.12898,0.51940,0.46472,-0.47341,0.53865,378.10984
0.25875,0.06841,0.12899,0.51939,0.46466,-0.47342,0.53870,378.20994
0.25875,0.06831,0.12899,0.51937,0.46461,-0.47343,0.53875,378.31004
0.25875,0.06821,0.12899,0.51935,0.46457,-0.47344,0.53880,378.41013
0.25875,0.06811,0.12899,0.51934,0.46451,-0.47345,0.53885,378.51023
0.25875,0.06801,0.12900,0.51932,0.46446,-0.47346,0.53890,378.61033
0.25875,0.06791,0.12900,0.51930,0.46441,-0.47346,0.53896,378.71042
0.25875,0.06781,0.12900,0.51929,0.46436,-0.47347,0.53901,378.81052
0.25876,0.06771,0.12901,0.51927,0.46431,-0.47348,0.53906,378.91062
0.25876,0.06761,0.12900,0.51926,0.46426,-0.47349,0.53911,379.01072
0.25876,0.06751,0.12901,0.51924,0.46421,-0.47350,0.53916,379.11082
0.25876,0.06741,0.12901,0.51923,0.46416,-0.47351,0.53921,379.21092
0.25876,0.06731,0.12902,0.51921,0.46411,-0.47352,0.53926,379.31103
0.25876,0.06721,0.12902,0.51920,0.46406,-0.47352,0.53931,379.41113
0.25876,0.06711,0.12903,0.51918,0.46401,-0.47354,0.53936,379.51123
0.25876,0.06701,0.12903,0.51917,0.46397,-0.47354,0.53940,379.61133
0.25876,0.06691,0.12903,0.51915,0.46392,-0.47355,0.53946,379.71144
0.25876,0.06681,0.12903,0.51913,0.46387,-0.47356,0.53951,379.81154
0.25876,0.06671,0.12903,0.51912,0.46382,-0.47357,0.53955,379.91165
0.25877,0.06661,0.12904,0.51910,0.46377,-0.47358,0.53960,380.01175
0.25877,0.06651,0.12904,0.51908,0.46372,-0.47359,0.53966,380.11186
0.25877,0.06641,0.12905,0.51907,0.46367,-0.47359,0.53971,380.21196
0.25877,0.06631,0.12905,0.51905,0.46362,-0.47361,0.53976,380.31207
0.25877,0.06621,0.12905,0.51904,0.46357,-0.47361,0.53980,380.41218
0.25877,0.06611,0.12905,0.51902,0.46352,-0.47363,0.53986,380.51229
0.25877,0.06601,0.12906,0.51901,0.46347,-0.47364,0.53991,380.61240
0.25877,0.06591,0.12906,0.51900,0.46342,-0.47364,0.53996,380.71251
0.25877,0.06581,0.12907,0.51898,0.46337,-0.47365,0.54001,380.81262
0.25877,0.06571,0.12907,0.51896,0.46332,-0.47366,0.54006,380.91273
0.25877,0.06561,0.12907,0.51895,0.46327,-0.47367,0.54011,381.01284
0.25878,0.06551,0.12907,0.51893,0.46322,-0.47368,0.54016,381.11295
0.25878,0.06541,0.12908,0.51892,0.46317,-0.47368,0.54021,381.21306
0.25878,0.06531,0.12908,0.51890,0.46313,-0.47369,0.54026,381.31318
0.25878,0.06521,0.12908,0.51888,0.46308,-0.47370,0.54031,381.41329
0.25878,0.06511,0.12909,0.51887,0.46303,-0.47371,0.54035,381.51340
0.25878,0.06501,0.12909,0.51885,0.46298,-0.47372,0.54041,381.61352
0.25878,0.06491,0.12909,0.51884,0.46293,-0.47372,0.54046,381.71363
0.25878,0.06481,0.12909,0.51882,0.46288,-0.47373,0.54051,381.81375
0.25878,0.06471,0.12910,0.51881,0.46283,-0.47374,0.54056,381.91387
0.25878,0.06461,0.12910,0.51879,0.46278,-0.47375,0.54061,382.01398
0.25878,0.06451,0.12911,0.51878,0.46273,-0.47376,0.54066,382.11410
0.25878,0.06441,0.12911,0.51877,0.46268,-0.47376,0.54071,382.21422
0.25879,0.06431,0.12912,0.51875,0.46263,-0.47377,0.54076,382.31434
0.25879,0.06421,0.12911,0.51873,0.46258,-0.47378,0.54080,382.41446
0.25879,0.06411,0.12912,0.51872,0.46253,-0.47379,0.54085,382.51458
0.25879,0.06401,0.12912,0.51870,0.46249,-0.47379,0.54091,382.61470
0.25879,0.06391,0.12913,0.51869,0.46243,-0.47380,0.54095,382.71482
0.25879,0.06381,0.12913,0.51867,0.46238,-0.47381,0.54101,382.81494
0.25879,0.06371,0.12914,0.51866,0.46233,-0.47382,0.54105,382.91507
0.25879,0.06361,0.12913,0.51864,0.46228,-0.47382,0.54111,383.01519
0.25879,0.06350,0.12914,0.51862,0.46223,-0.47383,0.54116,383.11531
0.25879,0.06341,0.12914,0.51861,0.46218,-0.47384,0.54120,383.21544
0.25879,0.06330,0.12915,0.51859,0.46214,-0.47385,0.54125,383.31556
0.25880,0.06320,0.12915,0.51858,0.46209,-0.47385,0.54130,383.41569
0.25880,0.06310,0.12916,0.51856,0.46204,-0.47386,0.54135,383.51581
0.25880,0.06300,0.12916,0.51855,0.46199,-0.47387,0.54140,383.61594
0.25880,0.06290,0.12916,0.51853,0.46194,-0.47388,0.54145,383.71607
0.25880,0.06280,0.12916,0.51852,0.46189,-0.47388,0.54150,383.81620
0.25880,0.06270,0.12917,0.51851,0.46184,-0.47389,0.54155,383.91633
0.25880,0.06260,0.12917,0.51849,0.46179,-0.47391,0.54160,384.01645
0.25880,0.06250,0.12918,0.51848,0.46175,-0.47391,0.54164,384.11658
0.25880,0.06240,0.12918,0.51846,0.46170,-0.47392,0.54170,384.21672
0.25880,0.06230,0.12918,0.51845,0.46165,-0.47392,0.54174,384.31685
0.25880,0.06220,0.12918,0.51843,0.46160,-0.47393,0.54179,384.41698
0.25881,0.06210,0.12919,0.51842,0.46155,-0.47394,0.54184,384.51711
0.25881,0.06200,0.12919,0.51840,0.46150,-0.47395,0.54190,384.61724
0.25881,0.06190,0.12920,0.51839,0.46146,-0.47395,0.54194,384.71738
0.25881,0.06180,0.12920,0.51837,0.46141,-0.47396,0.54199,384.81751
0.25881,0.06170,0.12921,0.51836,0.46136,-0.47396,0.54204,384.91765
0.25881,0.06160,0.12920,0.51834,0.46131,-0.47397,0.54209,385.01778
0.25881,0.06150,0.12921,0.51833,0.46126,-0.47398,0.54214,385.11792
0.25881,0.06140,0.12921,0.51832,0.46121,-0.47399,0.54219,385.21806
0.25881,0.06130,0.12922,0.51831,0.46116,-0.47400,0.54223,385.31819
0.25881,0.06120,0.12923,0.51828,0.46112,-0.47401,0.54228,385.41833
0.25881,0.06110,0.12923,0.51827,0.46107,-0.47402,0.54233,385.51847
0.25881,0.06100,0.12924,0.51826,0.46102,-0.47402,0.54238,385.61861
0.25882,0.06090,0.12923,0.51824,0.46097,-0.47403,0.54243,385.71875
0.25882,0.06080,0.12924,0.51823,0.46092,-0.47404,0.54248,385.81889
0.25882,0.06070,0.12924,0.51821,0.46088,-0.47404,0.54253,385.91903
0.25882,0.06060,0.12925,0.51820,0.46082,-0.47405,0.54258,386.01917
0.25882,0.06050,0.12925,0.51818,0.46077,-0.47406,0.54263,386.11932
0.25882,0.06040,0.12926,0.51817,0.46073,-0.47406,0.54267,386.21946
0.25882,0.06030,0.12925,0.51815,0.46068,-0.47407,0.54273,386.31960
0.25882,0.06020,0.12926,0.51814,0.46063,-0.47408,0.54277,386.41975
0.25882,0.06010,0.12926,0.51812,0.46059,-0.47408,0.54282,386.51989
0.25882,0.06000,0.12927,0.51811,0.46053,-0.47409,0.54287,386.62004
0.25882,0.05990,0.12927,0.51809,0.46048,-0.47410,0.54292,386.72018
0.25883,0.05980,0.12928,0.51808,0.46043,-0.47410,0.54297,386.82033
0.25883,0.05970,0.12929,0.51807,0.46040,-0.47411,0.54301,386.92048
0.25883,0.05960,0.12928,0.51805,0.46034,-0.47412,0.54306,387.02063
0.25883,0.05950,0.12929,0.51805,0.46029,-0.47412,0.54311,387.12078
0.25883,0.05940,0.12929,0.51803,0.46024,-0.47413,0.54316,387.22093
0.25883,0.05930,0.12930,0.51802,0.46019,-0.47414,0.54321,387.32108
0.25883,0.05920,0.12930,0.51800,0.46015,-0.47414,0.54326,387.42123
0.25883,0.05910,0.12931,0.51799,0.46010,-0.47415,0.54331,387.52138
0.25883,0.05900,0.12931,0.51797,0.46005,-0.47415,0.54335,387.62153
0.25883,0.05890,0.12931,0.51796,0.46000,-0.47416,0.54340,387.72168
0.25883,0.05880,0.12932,0.51794,0.45996,-0.47417,0.54345,387.82184
0.25884,0.05870,0.12932,0.51793,0.45991,-0.47417,0.54350,387.92199
0.25884,0.05860,0.12933,0.51791,0.45986,-0.47418,0.54355,388.02215
0.25884,0.05850,0.12933,0.51790,0.45981,-0.47419,0.54360,388.12230
0.25884,0.05840,0.12934,0.51789,0.45976,-0.47420,0.54364,388.22246
0.25884,0.05830,0.12933,0.51787,0.45972,-0.47420,0.54369,388.32261
0.25884,0.05820,0.12934,0.51786,0.45967,-0.47420,0.54374,388.42277
0.25884,0.05810,0.12934,0.51784,0.45962,-0.47421,0.54379,388.52293
0.25884,0.05800,0.12935,0.51783,0.45957,-0.47422,0.54384,388.62309
0.25884,0.05790,0.12936,0.51782,0.45953,-0.47422,0.54388,388.72325
0.25884,0.05780,0.12936,0.51781,0.45948,-0.47423,0.54393,388.82341
0.25884,0.05770,0.12937,0.51779,0.45943,-0.47424,0.54398,388.92357
0.25884,0.05760,0.12936,0.51778,0.45938,-0.47424,0.54403,389.02373
0.25885,0.05750,0.12937,0.51776,0.45934,-0.47425,0.54408,389.12389
0.25885,0.05740,0.12937,0.51775,0.45929,-0.47426,0.54412,389.22405
0.25885,0.05730,0.12938,0.51774,0.45924,-0.47426,0.54417,389.32422
0.25885,0.05720,0.12939,0.51772,0.45920,-0.47426,0.54422,389.42438
0.25885,0.05710,0.12939,0.51771,0.45915,-0.47427,0.54427,389.52455
0.25885,0.05700,0.12940,0.51769,0.45910,-0.47428,0.54432,389.62471
0.25885,0.05690,0.12939,0.51768,0.45905,-0.47429,0.54436,389.72488
0.25885,0.05680,0.12940,0.51766,0.45901,-0.47430,0.54441,389.82504
0.25885,0.05670,0.12940,0.51765,0.45896,-0.47430,0.54446,389.92521
0.25885,0.05660,0.12941,0.51764,0.45891,-0.47430,0.54451,390.02538
0.25885,0.05650,0.12942,0.51763,0.45887,-0.47431,0.54455,390.12555
0.25886,0.05640,0.12942,0.51761,0.45882,-0.47432,0.54460,390.22572
0.25886,0.05630,0.12942,0.51760,0.45877,-0.47432,0.54465,390.32589
0.25886,0.05620,0.12942,0.51759,0.45872,-0.47433,0.54470,390.42606
0.25886,0.05610,0.12943,0.51757,0.45867,-0.47433,0.54475,390.52623
0.25886,0.05600,0.12944,0.51756,0.45863,-0.47434,0.54479,390.62640
0.25886,0.05590,0.12944,0.51755,0.45857,-0.47435,0.54484,390.72657
0.25886,0.05580,0.12945,0.51753,0.45854,-0.47435,0.54489,390.82675
0.25886,0.05570,0.12945,0.51752,0.45848,-0.47436,0.54494,390.92692
0.25886,0.05560,0.12945,0.51751,0.45844,-0.47436,0.54498,391.02710
0.25886,0.05550,0.12945,0.51749,0.45839,-0.47437,0.54503,391.12727
0.25886,0.05540,0.12946,0.51748,0.45834,-0.47437,0.54508,391.22745
0.25886,0.05530,0.12947,0.51747,0.45829,-0.47438,0.54513,391.32762
0.25887,0.05520,0.12947,0.51745,0.45825,-0.47438,0.54517,391.42780
0.25887,0.05510,0.12948,0.51744,0.45820,-0.47439,0.54522,391.52798
0.25887,0.05500,0.12947,0.51742,0.45815,-0.47439,0.54527,391.62816
0.25887,0.05490,0.12948,0.51741,0.45811,-0.47440,0.54531,391.72834
0.25887,0.05480,0.12949,0.51740,0.45806,-0.47440,0.54536,391.82852
0.25887,0.05470,0.12949,0.51739,0.45801,-0.47441,0.54541,391.92870
0.25887,0.05460,0.12950,0.51737,0.45797,-0.47441,0.54546,392.02888
0.25887,0.05450,0.12950,0.51737,0.45792,-0.47442,0.54550,392.12906
0.25887,0.05440,0.12951,0.51735,0.45787,-0.47442,0.54555,392.22924
0.25887,0.05430,0.12951,0.51734,0.45783,-0.47443,0.54560,392.32943
0.25887,0.05420,0.12951,0.51733,0.45778,-0.47443,0.54564,392.42961
0.25888,0.05410,0.12952,0.51731,0.45773,-0.47444,0.54569,392.52980
0.25888,0.05400,0.12952,0.51730,0.45769,-0.47444,0.54574,392.62998
0.25888,0.05390,0.12953,0.51729,0.45764,-0.47445,0.54578,392.73017
0.25888,0.05380,0.12954,0.51727,0.45759,-0.47445,0.54583,392.83036
0.25888,0.05370,0.12954,0.51726,0.45755,-0.47446,0.54588,392.93054
0.25888,0.05360,0.12954,0.51725,0.45750,-0.47446,0.54593,393.03073
0.25888,0.05350,0.12955,0.51723,0.45746,-0.47447,0.54597,393.13092
0.25888,0.05340,0.12955,0.51722,0.45741,-0.47447,0.54602,393.23111
0.25888,0.05330,0.12956,0.51721,0.45736,-0.47448,0.54606,393.33130
0.25888,0.05320,0.12956,0.51719,0.45732,-0.47448,0.54611,393.43149
0.25888,0.05310,0.12957,0.51718,0.45727,-0.47449,0.54616,393.53168
0.25888,0.05300,0.12957,0.51717,0.45722,-0.47449,0.54621,393.63188
0.25889,0.05290,0.12957,0.51716,0.45718,-0.47450,0.54625,393.73207
0.25889,0.05280,0.12958,0.51715,0.45713,-0.47450,0.54630,393.83226
0.25889,0.05270,0.12959,0.51713,0.45709,-0.47450,0.54634,393.93246
0.25889,0.05260,0.12959,0.51712,0.45704,-0.47451,0.54639,394.03265
0.25889,0.05250,0.12960,0.51711,0.45699,-0.47451,0.54644,394.13285
0.25889,0.05240,0.12960,0.51710,0.45694,-0.47452,0.54648,394.23305
0.25889,0.05230,0.12960,0.51709,0.45690,-0.47452,0.54653,394.33324
0.25889,0.05220,0.12961,0.51707,0.45686,-0.47453,0.54657,394.43344
0.25889,0.05210,0.12961,0.51706,0.45681,-0.47454,0.54662,394.53364
0.25889,0.05200,0.12962,0.51705,0.45676,-0.47454,0.54666,394.63384
0.25889,0.05190,0.12963,0.51703,0.45672,-0.47454,0.54672,394.73404
0.25890,0.05180,0.12963,0.51702,0.45667,-0.47455,0.54676,394.83424
0.25890,0.05170,0.12964,0.51701,0.45662,-0.47455,0.54680,394.93444
0.25890,0.05160,0.12963,0.51700,0.45657,-0.47455,0.54685,395.03464
0.25890,0.05150,0.12964,0.51698,0.45653,-0.47456,0.54689,395.13485
0.25890,0.05140,0.12965,0.51697,0.45648,-0.47456,0.54694,395.23505
0.25890,0.05130,0.12965,0.51697,0.45644,-0.47457,0.54699,395.33525
0.25890,0.05120,0.12966,0.51695,0.45639,-0.47458,0.54704,395.43546
0.25890,0.05110,0.12967,0.51694,0.45634,-0.47458,0.54709,395.53566
0.25890,0.05100,0.12966,0.51693,0.45630,-0.47459,0.54712,395.63587
0.25890,0.05090,0.12967,0.51692,0.45625,-0.47459,0.54717,395.73608
0.25890,0.05080,0.12968,0.51690,0.45622,-0.47459,0.54722,395.83628
0.25890,0.05070,0.12968,0.51689,0.45616,-0.47460,0.54727,395.93649
0.25891,0.05060,0.12969,0.51688,0.45612,-0.47460,0.54731,396.03670
0.25891,0.05050,0.12970,0.51687,0.45607,-0.47461,0.54735,396.13691
0.25891,0.05040,0.12970,0.51685,0.45603,-0.47461,0.54740,396.23712
0.25891,0.05030,0.12970,0.51684,0.45598,-0.47461,0.54745,396.33733
0.25891,0.05020,0.12970,0.51683,0.45593,-0.47462,0.54749,396.43755
0.25891,0.05010,0.12971,0.51682,0.45589,-0.47462,0.54754,396.53776
0.25891,0.05000,0.12972,0.51681,0.45584,-0.47462,0.54758,396.63797
0.25891,0.04990,0.12972,0.51679,0.45580,-0.47463,0.54763,396.73819
0.25891,0.04980,0.12973,0.51679,0.45575,-0.47463,0.54768,396.83840
0.25891,0.04970,0.12974,0.51677,0.45571,-0.47463,0.54772,396.93862
0.25891,0.04960,0.12973,0.51676,0.45566,-0.47464,0.54776,397.03883
0.25892,0.04949,0.12974,0.51675,0.45562,-0.47464,0.54781,397.13905
0.25892,0.04939,0.12975,0.51674,0.45557,-0.47464,0.54786,397.23927
0.25892,0.04929,0.12975,0.51673,0.45553,-0.47465,0.54790,397.33948
0.25892,0.04919,0.12976,0.51672,0.45548,-0.47465,0.54795,397.43970
0.25892,0.04909,0.12977,0.51671,0.45544,-0.47465,0.54799,397.53992
0.25892,0.04899,0.12976,0.51669,0.45539,-0.47466,0.54804,397.64014
0.25892,0.04889,0.12977,0.51668,0.45535,-0.47466,0.54808,397.74036
0.25892,0.04879,0.12978,0.51667,0.45530,-0.47466,0.54813,397.84059
0.25892,0.04869,0.12978,0.51666,0.45526,-0.47467,0.54817,397.94081
0.25892,0.04859,0.12979,0.51665,0.45521,-0.47467,0.54822,398.04103
0.25892,0.04849,0.12980,0.51663,0.45517,-0.47467,0.54827,398.14126
0.25892,0.04839,0.12980,0.51662,0.45512,-0.47468,0.54831,398.24148
0.25893,0.04829,0.12980,0.51661,0.45508,-0.47468,0.54835,398.34171
0.25893,0.04819,0.12981,0.51660,0.45503,-0.47468,0.54840,398.44193
0.25893,0.04809,0.12981,0.51659,0.45499,-0.47469,0.54844,398.54216
0.25893,0.04799,0.12982,0.51658,0.45494,-0.47469,0.54849,398.64239
0.25893,0.04789,0.12983,0.51657,0.45490,-0.47469,0.54854,398.74261
0.25893,0.04779,0.12983,0.51656,0.45486,-0.47469,0.54858,398.84284
0.25893,0.04769,0.12983,0.51655,0.45481,-0.47470,0.54862,398.94307
0.25893,0.04759,0.12984,0.51653,0.45477,-0.47470,0.54867,399.04330
0.25893,0.04749,0.12984,0.51653,0.45472,-0.47470,0.54871,399.14353
0.25893,0.04739,0.12985,0.51651,0.45467,-0.47471,0.54876,399.24377
0.25893,0.04729,0.12986,0.51650,0.45463,-0.47472,0.54880,399.34400
0.25894,0.04719,0.12987,0.51649,0.45459,-0.47471,0.54885,399.44423
0.25894,0.04709,0.12987,0.51648,0.45455,-0.47471,0.54889,399.54447
0.25894,0.04699,0.12987,0.51647,0.45449,-0.47472,0.54894,399.64470
0.25894,0.04689,0.12988,0.51646,0.45445,-0.47472,0.54898,399.74494
0.25894,0.04679,0.12988,0.51645,0.45440,-0.47472,0.54903,399.84517
0.25894,0.04669,0.12989,0.51644,0.45436,-0.47472,0.54907,399.94541
0.25894,0.04659,0.12990,0.51643,0.45431,-0.47473,0.54912,400.04565
0.25894,0.04649,0.12990,0.51641,0.45427,-0.47474,0.54916,400.14588
0.25894,0.04639,0.12991,0.51640,0.45423,-0.47473,0.54921,400.24612
0.25894,0.04629,0.12991,0.51639,0.45418,-0.47474,0.54925,400.34636
0.25894,0.04619,0.12991,0.51638,0.45414,-0.47474,0.54929,400.44660
0.25894,0.04609,0.12992,0.51637,0.45409,-0.47475,0.54934,400.54684
0.25895,0.04599,0.12993,0.51637,0.45405,-0.47475,0.54938,400.64708
0.25895,0.04589,0.12993,0.51635,0.45401,-0.47474,0.54943,400.74733
0.25895,0.04579,0.12994,0.51634,0.45396,-0.47475,0.54947,400.84757
0.25895,0.04569,0.12994,0.51633,0.45392,-0.47475,0.54952,400.94781
0.25895,0.04559,0.12995,0.51632,0.45387,-0.47476,0.54956,401.04806
0.25895,0.04549,0.12995,0.51631,0.45383,-0.47476,0.54961,401.14830
0.25895,0.04539,0.12996,0.51630,0.45379,-0.47476,0.54965,401.24855
0.25895,0.04529,0.12997,0.51629,0.45374,-0.47477,0.54969,401.34880
0.25895,0.04519,0.12997,0.51628,0.45370,-0.47477,0.54974,401.44904
0.25895,0.04509,0.12998,0.51627,0.45365,-0.47477,0.54978,401.54929
0.25895,0.04499,0.12998,0.51626,0.45361,-0.47477,0.54983,401.64954
0.25895,0.04489,0.12998,0.51625,0.45357,-0.47477,0.54987,401.74979
0.25896,0.04479,0.12999,0.51624,0.45352,-0.47478,0.54991,401.85004
0.25896,0.04469,0.13000,0.51623,0.45348,-0.47478,0.54996,401.95029
0.25896,0.04459,0.13001,0.51622,0.45344,-0.47478,0.55000,402.05054
0.25896,0.04449,0.13001,0.51621,0.45339,-0.47478,0.55005,402.15080
0.25896,0.04439,0.13002,0.51620,0.45335,-0.47478,0.55009,402.25105
0.25896,0.04429,0.13002,0.51619,0.45331,-0.47479,0.55013,402.35130
0.25896,0.04419,0.13002,0.51617,0.45326,-0.47479,0.55018,402.45156
0.25896,0.04409,0.13003,0.51617,0.45322,-0.47479,0.55022,402.55181
0.25896,0.04399,0.13004,0.51616,0.45318,-0.47479,0.55026,402.65207
0.25896,0.04389,0.13005,0.51615,0.45313,-0.47479,0.55031,402.75232
0.25896,0.04379,0.13005,0.51614,0.45309,-0.47479,0.55035,402.85258
0.25897,0.04369,0.13005,0.51612,0.45304,-0.47480,0.55039,402.95284
0.25897,0.04359,0.13006,0.51612,0.45300,-0.47480,0.55044,403.05310
0.25897,0.04349,0.13007,0.51611,0.45296,-0.47480,0.55048,403.15336
0.25897,0.04339,0.13007,0.51610,0.45292,-0.47480,0.55053,403.25362
0.25897,0.04329,0.13008,0.51609,0.45287,-0.47480,0.55057,403.35388
0.25897,0.04319,0.13009,0.51608,0.45283,-0.47480,0.55061,403.45414
0.25897,0.04309,0.13009,0.51607,0.45279,-0.47480,0.55066,403.55440
0.25897,0.04299,0.13009,0.51606,0.45274,-0.47480,0.55070,403.65467
0.25897,0.04289,0.13010,0.51605,0.45270,-0.47481,0.55074,403.75493
0.25897,0.04279,0.13011,0.51604,0.45265,-0.47481,0.55078,403.85519
0.25897,0.04269,0.13011,0.51603,0.45261,-0.47481,0.55083,403.95546
0.25897,0.04259,0.13012,0.51602,0.45257,-0.47481,0.55087,404.05573
0.25898,0.04249,0.13013,0.51601,0.45252,-0.47481,0.55092,404.15599
0.25898,0.04239,0.13013,0.51600,0.45248,-0.47481,0.55096,404.25626
0.25898,0.04229,0.13013,0.51600,0.45244,-0.47481,0.55100,404.35653
0.25898,0.04219,0.13014,0.51599,0.45239,-0.47481,0.55105,404.45680
0.25898,0.04209,0.13015,0.51597,0.45235,-0.47482,0.55108,404.55707
0.25898,0.04199,0.13015,0.51596,0.45231,-0.47482,0.55112,404.65734
0.25898,0.04189,0.13016,0.51596,0.45226,-0.47482,0.55117,404.75761
0.25898,0.04179,0.13017,0.51595,0.45222,-0.47482,0.55122,404.85788
0.25898,0.04169,0.13017,0.51594,0.45218,-0.47482,0.55126,404.95815
0.25898,0.04159,0.13017,0.51593,0.45214,-0.47483,0.55130,405.05842
0.25898,0.04149,0.13018,0.51592,0.45209,-0.47482,0.55135,405.15870
0.25899,0.04139,0.13019,0.51591,0.45205,-0.47482,0.55139,405.25897
0.25899,0.04129,0.13020,0.51591,0.45201,-0.47482,0.55142,405.35925
0.25899,0.04119,0.13020,0.51590,0.45196,-0.47483,0.55147,405.45952
0.25899,0.04109,0.13021,0.51589,0.45192,-0.47482,0.55151,405.55980
0.25899,0.04099,0.13021,0.51588,0.45188,-0.47482,0.55155,405.66008
0.25899,0.04089,0.13022,0.51587,0.45184,-0.47482,0.55160,405.76036
0.25899,0.04079,0.13022,0.51586,0.45180,-0.47483,0.55164,405.86064
0.25899,0.04069,0.13023,0.51585,0.45175,-0.47483,0.55168,405.96091
0.25899,0.04059,0.13024,0.51584,0.45171,-0.47483,0.55172,406.06120
0.25899,0.04049,0.13025,0.51583,0.45167,-0.47483,0.55176,406.16148
0.25899,0.04039,0.13024,0.51582,0.45163,-0.47483,0.55180,406.26176
0.25899,0.04029,0.13025,0.51581,0.45158,-0.47483,0.55185,406.36204
0.25900,0.04019,0.13026,0.51581,0.45154,-0.47484,0.55189,406.46232
0.25900,0.04009,0.13027,0.51580,0.45150,-0.47484,0.55193,406.56261
0.25900,0.03999,0.13027,0.51580,0.45146,-0.47483,0.55197,406.66289
0.25900,0.03989,0.13028,0.51578,0.45142,-0.47483,0.55202,406.76318
0.25900,0.03979,0.13029,0.51578,0.45137,-0.47484,0.55206,406.86346
0.25900,0.03969,0.13029,0.51577,0.45133,-0.47484,0.55210,406.96375
0.25900,0.03959,0.13029,0.51576,0.45129,-0.47484,0.55214,407.06404
0.25900,0.03949,0.13030,0.51575,0.45125,-0.47484,0.55218,407.16432
0.25900,0.03939,0.13031,0.51574,0.45121,-0.47483,0.55223,407.26461
0.25900,0.03929,0.13032,0.51573,0.45117,-0.47484,0.55227,407.36490
0.25900,0.03919,0.13032,0.51572,0.45112,-0.47484,0.55231,407.46519
0.25900,0.03909,0.13033,0.51572,0.45108,-0.47484,0.55235,407.56548
0.25901,0.03899,0.13033,0.51571,0.45104,-0.47484,0.55239,407.66578
0.25901,0.03889,0.13034,0.51570,0.45099,-0.47484,0.55244,407.76607
0.25901,0.03879,0.13034,0.51569,0.45095,-0.47484,0.55248,407.86636
0.25901,0.03868,0.13035,0.51568,0.45091,-0.47484,0.55252,407.96665
0.25901,0.03858,0.13036,0.51567,0.45087,-0.47484,0.55256,408.06695
0.25901,0.03848,0.13037,0.51567,0.45083,-0.47484,0.55260,408.16724
0.25901,0.03838,0.13037,0.51566,0.45078,-0.47484,0.55265,408.26754
0.25901,0.03828,0.13037,0.51565,0.45074,-0.47484,0.55269,408.36784
0.25901,0.03818,0.13038,0.51564,0.45070,-0.47484,0.55273,408.46813
0.25901,0.03808,0.13039,0.51563,0.45066,-0.47484,0.55277,408.56843
0.25901,0.03798,0.13040,0.51563,0.45062,-0.47484,0.55281,408.66873
0.25902,0.03788,0.13040,0.51562,0.45058,-0.47483,0.55286,408.76903
0.25902,0.03778,0.13041,0.51562,0.45054,-0.47483,0.55289,408.86933
0.25902,0.03768,0.13041,0.51561,0.45049,-0.47483,0.55294,408.96963
0.25902,0.03758,0.13042,0.51560,0.45045,-0.47483,0.55298,409.06993
0.25902,0.03748,0.13043,0.51559,0.45041,-0.47483,0.55302,409.17024
0.25902,0.03738,0.13043,0.51558,0.45037,-0.47483,0.55306,409.27054
0.25902,0.03728,0.13044,0.51557,0.45033,-0.47483,0.55310,409.37084
0.25902,0.03718,0.13045,0.51557,0.45029,-0.47483,0.55314,409.47115
0.25902,0.03708,0.13046,0.51556,0.45024,-0.47483,0.55318,409.57145
0.25902,0.03698,0.13045,0.51555,0.45020,-0.47483,0.55323,409.67176
0.25902,0.03688,0.13046,0.51554,0.45016,-0.47483,0.55327,409.77206
0.25902,0.03678,0.13047,0.51553,0.45012,-0.47483,0.55331,409.87237
0.25903,0.03668,0.13048,0.51553,0.45008,-0.47483,0.55335,409.97268
0.25903,0.03658,0.13049,0.51552,0.45004,-0.47482,0.55339,410.07299
0.25903,0.03648,0.13049,0.51552,0.45000,-0.47482,0.55343,410.17330
0.25903,0.03638,0.13049,0.51551,0.44996,-0.47482,0.55347,410.27361
0.25903,0.03628,0.13050,0.51550,0.44992,-0.47482,0.55351,410.37392
0.25903,0.03618,0.13051,0.51550,0.44988,-0.47482,0.55355,410.47423
0.25903,0.03608,0.13052,0.51549,0.44984,-0.47482,0.55359,410.57454
0.25903,0.03598,0.13052,0.51547,0.44980,-0.47482,0.55364,410.67485
0.25903,0.03588,0.13053,0.51547,0.44976,-0.47482,0.55367,410.77517
0.25903,0.03578,0.13054,0.51546,0.44972,-0.47482,0.55371,410.87548
0.25903,0.03568,0.13054,0.51546,0.44967,-0.47481,0.55376,410.97580
0.25903,0.03558,0.13054,0.51545,0.44963,-0.47481,0.55380,411.07611
0.25904,0.03548,0.13055,0.51545,0.44959,-0.47481,0.55384,411.17643
0.25904,0.03538,0.13056,0.51544,0.44955,-0.47481,0.55388,411.27674
0.25904,0.03528,0.13057,0.51543,0.44951,-0.47481,0.55392,411.37706
0.25904,0.03518,0.13058,0.51542,0.44947,-0.47481,0.55396,411.47738
0.25904,0.03508,0.13058,0.51542,0.44943,-0.47481,0.55400,411.57770
0.25904,0.03498,0.13058,0.51541,0.44939,-0.47480,0.55404,411.67802
0.25904,0.03488,0.13059,0.51540,0.44935,-0.47481,0.55408,411.77834
0.25904,0.03478,0.13060,0.51540,0.44931,-0.47480,0.55412,411.87866
0.25904,0.03468,0.13061,0.51539,0.44927,-0.47480,0.55416,411.97898
0.25904,0.03458,0.13061,0.51538,0.44923,-0.47480,0.55420,412.07931
0.25904,0.03448,0.13062,0.51537,0.44919,-0.47481,0.55424,412.17963
0.25905,0.03438,0.13062,0.51538,0.44915,-0.47480,0.55428,412.27995
0.25905,0.03428,0.13063,0.51537,0.44911,-0.47480,0.55432,412.38028
0.25905,0.03418,0.13064,0.51536,0.44907,-0.47480,0.55436,412.48060
0.25905,0.03408,0.13065,0.51536,0.44903,-0.47479,0.55440,412.58093
0.25905,0.03398,0.13065,0.51535,0.44899,-0.47480,0.55444,412.68126
0.25905,0.03388,0.13066,0.51534,0.44895,-0.47480,0.55448,412.78158
0.25905,0.03378,0.13067,0.51534,0.44891,-0.47479,0.55452,412.88191
0.25905,0.03368,0.13067,0.51533,0.44887,-0.47479,0.55456,412.98224
0.25905,0.03358,0.13068,0.51532,0.44883,-0.47479,0.55460,413.08257
0.25905,0.03348,0.13068,0.51532,0.44878,-0.47479,0.55463,413.18290
0.25905,0.03338,0.13069,0.51531,0.44875,-0.47478,0.55468,413.28323
0.25905,0.03328,0.13070,0.51530,0.44871,-0.47478,0.55472,413.38356
0.25906,0.03318,0.13071,0.51530,0.44866,-0.47478,0.55476,413.48389
0.25906,0.03308,0.13071,0.51529,0.44862,-0.47478,0.55480,413.58423
0.25906,0.03298,0.13071,0.51528,0.44858,-0.47478,0.55484,413.68456
0.25906,0.03288,0.13072,0.51528,0.44855,-0.47477,0.55487,413.78490
0.25906,0.03278,0.13073,0.51527,0.44851,-0.47477,0.55491,413.88523
0.25906,0.03268,0.13074,0.51526,0.44847,-0.47477,0.55495,413.98557
0.25906,0.03258,0.13075,0.51526,0.44843,-0.47476,0.55499,414.08590
0.25906,0.03248,0.13076,0.51525,0.44839,-0.47476,0.55503,414.18624
0.25906,0.03238,0.13075,0.51525,0.44835,-0.47476,0.55507,414.28658
0.25906,0.03228,0.13076,0.51524,0.44831,-0.47476,0.55511,414.38692
0.25906,0.03218,0.13077,0.51523,0.44827,-0.47476,0.55515,414.48725
0.25906,0.03208,0.13078,0.51523,0.44823,-0.47475,0.55519,414.58759
0.25907,0.03198,0.13079,0.51523,0.44819,-0.47475,0.55523,414.68794
0.25907,0.03188,0.13080,0.51523,0.44815,-0.47475,0.55526,414.78828
0.25907,0.03178,0.13080,0.51522,0.44811,-0.47475,0.55530,414.88862
0.25907,0.03168,0.13080,0.51521,0.44807,-0.47474,0.55535,414.98896
0.25907,0.03158,0.13081,0.51521,0.44804,-0.47474,0.55538,415.08930
0.25907,0.03148,0.13082,0.51520,0.44800,-0.47474,0.55542,415.18965
0.25907,0.03138,0.13083,0.51520,0.44796,-0.47473,0.55546,415.28999
0.25907,0.03128,0.13083,0.51519,0.44792,-0.47473,0.55550,415.39034
0.25907,0.03118,0.13084,0.51518,0.44788,-0.47473,0.55554,415.49068
0.25907,0.03108,0.13084,0.51518,0.44784,-0.47473,0.55558,415.59103
0.25907,0.03098,0.13085,0.51517,0.44780,-0.47472,0.55562,415.69138
0.25907,0.03088,0.13086,0.51517,0.44776,-0.47472,0.55565,415.79173
0.25908,0.03078,0.13087,0.51516,0.44773,-0.47472,0.55569,415.89207
0.25908,0.03068,0.13087,0.51516,0.44769,-0.47471,0.55573,415.99242
0.25908,0.03058,0.13088,0.51515,0.44765,-0.47471,0.55577,416.09277
0.25908,0.03048,0.13089,0.51515,0.44761,-0.47471,0.55581,416.19312
0.25908,0.03038,0.13089,0.51514,0.44757,-0.47470,0.55585,416.29347
0.25908,0.03028,0.13090,0.51514,0.44753,-0.47470,0.55589,416.39383
0.25908,0.03018,0.13091,0.51513,0.44749,-0.47470,0.55592,416.49418
0.25908,0.03008,0.13092,0.51513,0.44746,-0.47469,0.55596,416.59453
0.25908,0.02998,0.13092,0.51512,0.44742,-0.47469,0.55600,416.69489
0.25908,0.02988,0.13093,0.51511,0.44738,-0.47469,0.55604,416.79524
0.25908,0.02978,0.13094,0.51512,0.44734,-0.47468,0.55608,416.89560
0.25909,0.02968,0.13094,0.51511,0.44730,-0.47468,0.55612,416.99595
0.25909,0.02958,0.13095,0.51511,0.44726,-0.47468,0.55615,417.09631
0.25909,0.02948,0.13096,0.51510,0.44723,-0.47467,0.55619,417.19667
0.25909,0.02938,0.13096,0.51510,0.44718,-0.47467,0.55623,417.29702
0.25909,0.02927,0.13097,0.51509,0.44715,-0.47466,0.55627,417.39738
0.25909,0.02917,0.13098,0.51509,0.44710,-0.47466,0.55631,417.49774
0.25909,0.02907,0.13098,0.51508,0.44706,-0.47466,0.55635,417.59810
0.25909,0.02897,0.13099,0.51508,0.44704,-0.47465,0.55638,417.69846
0.25909,0.02887,0.13100,0.51507,0.44700,-0.47465,0.55642,417.79882
0.25909,0.02877,0.13101,0.51507,0.44695,-0.47465,0.55646,417.89919
0.25909,0.02867,0.13101,0.51506,0.44692,-0.47464,0.55650,417.99955
0.25909,0.02857,0.13102,0.51506,0.44688,-0.47464,0.55653,418.09991
0.25910,0.02847,0.13103,0.51506,0.44684,-0.47463,0.55657,418.20028
0.25910,0.02837,0.13103,0.51505,0.44680,-0.47463,0.55661,418.30064
0.25910,0.02827,0.13104,0.51505,0.44676,-0.47463,0.55665,418.40101
0.25910,0.02817,0.13105,0.51504,0.44672,-0.47462,0.55669,418.50137
0.25910,0.02807,0.13106,0.51504,0.44669,-0.47462,0.55672,418.60174
0.25910,0.02797,0.13106,0.51503,0.44665,-0.47461,0.55676,418.70211
0.25910,0.02787,0.13107,0.51503,0.44661,-0.47461,0.55680,418.80247
0.25910,0.02777,0.13107,0.51502,0.44657,-0.47461,0.55684,418.90284
0.25910,0.02767,0.13108,0.51503,0.44653,-0.47461,0.55687,419.00321
0.25910,0.02757,0.13109,0.51502,0.44650,-0.47460,0.55690,419.10358
0.25910,0.02747,0.13110,0.51502,0.44646,-0.47459,0.55695,419.20395
0.25910,0.02737,0.13111,0.51501,0.44642,-0.47459,0.55698,419.30432
0.25911,0.02727,0.13111,0.51501,0.44639,-0.47459,0.55702,419.40469
0.25911,0.02717,0.13112,0.51501,0.44635,-0.47458,0.55706,419.50507
0.25911,0.02707,0.13112,0.51501,0.44631,-0.47457,0.55710,419.60544
0.25911,0.02697,0.13113,0.51500,0.44627,-0.47457,0.55714,419.70581
0.25911,0.02687,0.13114,0.51500,0.44624,-0.47457,0.55716,419.80619
0.25911,0.02677,0.13115,0.51499,0.44620,-0.47457,0.55721,419.90656
0.25911,0.02667,0.13116,0.51499,0.44616,-0.47456,0.55724,420.00694
0.25911,0.02657,0.13116,0.51499,0.44613,-0.47455,0.55727,420.10731
0.25911,0.02647,0.13117,0.51498,0.44609,-0.47455,0.55731,420.20769
0.25911,0.02637,0.13117,0.51498,0.44605,-0.47454,0.55735,420.30807
0.25911,0.02627,0.13118,0.51497,0.44601,-0.47455,0.55739,420.40845
0.25911,0.02617,0.13119,0.51497,0.44598,-0.47454,0.55742,420.50883
0.25912,0.02607,0.13120,0.51497,0.44594,-0.47453,0.55746,420.60921
0.25912,0.02597,0.13121,0.51497,0.44590,-0.47453,0.55750,420.70959
0.25912,0.02587,0.13122,0.51496,0.44587,-0.47452,0.55753,420.80997
0.25912,0.02577,0.13121,0.51496,0.44583,-0.47452,0.55757,420.91035
0.25912,0.02567,0.13122,0.51496,0.44579,-0.47452,0.55761,421.01073
0.25912,0.02557,0.13123,0.51495,0.44576,-0.47451,0.55764,421.11111
0.25912,0.02547,0.13124,0.51495,0.44572,-0.47450,0.55768,421.21150
0.25912,0.02537,0.13125,0.51495,0.44568,-0.47450,0.55772,421.31188
0.25912,0.02527,0.13126,0.51494,0.44565,-0.47450,0.55775,421.41226
0.25912,0.02517,0.13127,0.51494,0.44561,-0.47449,0.55779,421.51265
0.25912,0.02507,0.13127,0.51494,0.44557,-0.47449,0.55782,421.61304
0.25913,0.02497,0.13127,0.51494,0.44554,-0.47448,0.55786,421.71342
0.25913,0.02487,0.13128,0.51493,0.44549,-0.47447,0.55790,421.81381
0.25913,0.02477,0.13129,0.51493,0.44546,-0.47447,0.55794,421.91420
0.25913,0.02467,0.13130,0.51493,0.44543,-0.47446,0.55797,422.01458
0.25913,0.02457,0.13131,0.51493,0.44538,-0.47446,0.55801,422.11497
0.25913,0.02447,0.13132,0.51493,0.44535,-0.47445,0.55804,422.21536
0.25913,0.02437,0.13132,0.51492,0.44531,-0.47445,0.55808,422.31575
0.25913,0.02427,0.13133,0.51492,0.44528,-0.47444,0.55811,422.41614
0.25913,0.02417,0.13134,0.51492,0.44524,-0.47444,0.55815,422.51654
0.25913,0.02407,0.13134,0.51491,0.44520,-0.47443,0.55819,422.61693
0.25913,0.02397,0.13135,0.51491,0.44517,-0.47443,0.55822,422.71732
0.25913,0.02387,0.13136,0.51491,0.44513,-0.47442,0.55826,422.81771
0.25914,0.02377,0.13136,0.51491,0.44509,-0.47441,0.55829,422.91811
0.25914,0.02367,0.13137,0.51490,0.44506,-0.47441,0.55833,423.01850
0.25914,0.02357,0.13138,0.51490,0.44502,-0.47440,0.55837,423.11890
0.25914,0.02347,0.13139,0.51490,0.44499,-0.47440,0.55840,423.21929
0.25914,0.02337,0.13140,0.51490,0.44495,-0.47439,0.55844,423.31969
0.25914,0.02327,0.13141,0.51490,0.44492,-0.47438,0.55847,423.42009
0.25914,0.02317,0.13141,0.51489,0.44488,-0.47438,0.55851,423.52048
0.25914,0.02307,0.13141,0.51490,0.44484,-0.47437,0.55854,423.62088
0.25914,0.02297,0.13142,0.51489,0.44481,-0.47437,0.55858,423.72128
0.25914,0.02287,0.13143,0.51489,0.44477,-0.47436,0.55861,423.82168
0.25914,0.02277,0.13144,0.51489,0.44474,-0.47435,0.55865,423.92208
0.25914,0.02267,0.13145,0.51488,0.44470,-0.47435,0.55869,424.02248
0.25915,0.02257,0.13146,0.51488,0.44467,-0.47434,0.55872,424.12288
0.25915,0.02247,0.13147,0.51489,0.44463,-0.47433,0.55876,424.22328
0.25915,0.02237,0.13147,0.51488,0.44459,-0.47433,0.55879,424.32369
0.25915,0.02227,0.13147,0.51488,0.44456,-0.47432,0.55883,424.42409
0.25915,0.02217,0.13148,0.51488,0.44452,-0.47432,0.55886,424.52449
0.25915,0.02207,0.13149,0.51488,0.44449,-0.47431,0.55890,424.62490
0.25915,0.02197,0.13150,0.51488,0.44445,-0.47430,0.55893,424.72530
0.25915,0.02187,0.13151,0.51487,0.44442,-0.47430,0.55897,424.82571
0.25915,0.02177,0.13151,0.51487,0.44438,-0.47429,0.55900,424.92611
0.25915,0.02167,0.13152,0.51487,0.44435,-0.47428,0.55904,425.02652
0.25915,0.02157,0.13153,0.51487,0.44431,-0.47428,0.55907,425.12693
0.25915,0.02147,0.13154,0.51487,0.44428,-0.47427,0.55910,425.22734
0.25916,0.02137,0.13155,0.51487,0.44424,-0.47426,0.55914,425.32774
0.25916,0.02127,0.13156,0.51487,0.44420,-0.47426,0.55917,425.42815
0.25916,0.02117,0.13156,0.51486,0.44417,-0.47425,0.55921,425.52856
0.25916,0.02107,0.13156,0.51486,0.44414,-0.47424,0.55925,425.62897
0.25916,0.02097,0.13157,0.51486,0.44410,-0.47424,0.55928,425.72938
0.25916,0.02087,0.13158,0.51486,0.44407,-0.47423,0.55931,425.82979
0.25916,0.02076,0.13159,0.51486,0.44403,-0.47422,0.55935,425.93021
0.25916,0.02066,0.13160,0.51486,0.44400,-0.47421,0.55938,426.03062
0.25916,0.02056,0.13161,0.51486,0.44396,-0.47421,0.55941,426.13103
0.25916,0.02046,0.13161,0.51486,0.44393,-0.47420,0.55945,426.23145
0.25916,0.02036,0.13162,0.51485,0.44390,-0.47419,0.55948,426.33186
0.25916,0.02026,0.13163,0.51486,0.44386,-0.47419,0.55951,426.43228
0.25917,0.02016,0.13164,0.51485,0.44382,-0.47418,0.55955,426.53269
0.25917,0.02006,0.13164,0.51486,0.44379,-0.47417,0.55959,426.63311
0.25917,0.01996,0.13165,0.51486,0.44376,-0.47416,0.55962,426.73352
0.25917,0.01986,0.13166,0.51486,0.44371,-0.47416,0.55965,426.83394
0.25917,0.01976,0.13166,0.51486,0.44368,-0.47415,0.55968,426.93436
0.25917,0.01966,0.13167,0.51486,0.44364,-0.47414,0.55972,427.03478
0.25917,0.01956,0.13168,0.51486,0.44362,-0.47413,0.55975,427.13520
0.25917,0.01946,0.13169,0.51486,0.44358,-0.47413,0.55978,427.23561
0.25917,0.01936,0.13170,0.51485,0.44355,-0.47412,0.55982,427.33603
0.25917,0.01926,0.13171,0.51485,0.44352,-0.47412,0.55985,427.43646
0.25917,0.01916,0.13172,0.51485,0.44348,-0.47411,0.55989,427.53688
0.25917,0.01906,0.13172,0.51485,0.44344,-0.47410,0.55992,427.63730
0.25918,0.01896,0.13173,0.51485,0.44341,-0.47409,0.55995,427.73772
0.25918,0.01886,0.13173,0.51485,0.44337,-0.47408,0.55999,427.83814
0.25918,0.01876,0.13174,0.51485,0.44334,-0.47408,0.56002,427.93857
0.25918,0.01866,0.13175,0.51485,0.44330,-0.47407,0.56006,428.03899
0.25918,0.01856,0.13176,0.51485,0.44327,-0.47406,0.56009,428.13942
0.25918,0.01846,0.13176,0.51485,0.44324,-0.47405,0.56012,428.23984
0.25918,0.01836,0.13177,0.51485,0.44320,-0.47404,0.56016,428.34027
0.25918,0.01826,0.13178,0.51485,0.44317,-0.47404,0.56019,428.44069
0.25918,0.01816,0.13179,0.51485,0.44314,-0.47403,0.56022,428.54112
0.25918,0.01806,0.13180,0.51485,0.44310,-0.47402,0.56026,428.64155
0.25918,0.01796,0.13181,0.51485,0.44307,-0.47401,0.56029,428.74197
0.25918,0.01786,0.13182,0.51486,0.44303,-0.47401,0.56032,428.84240
0.25919,0.01776,0.13182,0.51485,0.44300,-0.47400,0.56036,428.94283
0.25919,0.01766,0.13183,0.51485,0.44297,-0.47399,0.56039,429.04326
0.25919,0.01756,0.13183,0.51486,0.44293,-0.47399,0.56042,429.14369
0.25919,0.01746,0.13184,0.51485,0.44290,-0.47397,0.56046,429.24412
0.25919,0.01736,0.13185,0.51486,0.44287,-0.47396,0.56049,429.34455
0.25919,0.01726,0.13186,0.51486,0.44283,-0.47396,0.56052,429.44498
0.25919,0.01716,0.13187,0.51486,0.44280,-0.47395,0.56055,429.54542
0.25919,0.01706,0.13187,0.51486,0.44277,-0.47394,0.56059,429.64585
0.25919,0.01696,0.13188,0.51486,0.44273,-0.47394,0.56062,429.74628
0.25919,0.01686,0.13189,0.51486,0.44270,-0.47393,0.56065,429.84672
0.25919,0.01676,0.13190,0.51486,0.44267,-0.47392,0.56069,429.94715
0.25920,0.01666,0.13191,0.51486,0.44264,-0.47391,0.56072,430.04759
0.25920,0.01656,0.13192,0.51486,0.44260,-0.47390,0.56075,430.14802
0.25920,0.01646,0.13192,0.51487,0.44257,-0.47389,0.56078,430.24846
0.25920,0.01636,0.13193,0.51487,0.44253,-0.47388,0.56081,430.34889
0.25920,0.01626,0.13194,0.51487,0.44250,-0.47388,0.56085,430.44933
0.25920,0.01616,0.13195,0.51487,0.44247,-0.47387,0.56088,430.54977
0.25920,0.01606,0.13195,0.51487,0.44244,-0.47386,0.56091,430.65021
0.25920,0.01596,0.13196,0.51487,0.44241,-0.47384,0.56094,430.75065
0.25920,0.01586,0.13197,0.51487,0.44237,-0.47384,0.56098,430.85108
0.25920,0.01576,0.13197,0.51487,0.44234,-0.47383,0.56101,430.95152
0.25920,0.01566,0.13198,0.51487,0.44231,-0.47382,0.56104,431.05196
0.25920,0.01556,0.13199,0.51487,0.44228,-0.47381,0.56108,431.15241
0.25921,0.01546,0.13200,0.51488,0.44224,-0.47380,0.56111,431.25285
0.25921,0.01536,0.13201,0.51488,0.44220,-0.47380,0.56113,431.35329
0.25921,0.01526,0.13202,0.51488,0.44217,-0.47379,0.56116,431.45373
0.25921,0.01516,0.13203,0.51488,0.44214,-0.47378,0.56119,431.55417
0.25921,0.01506,0.13203,0.51488,0.44210,-0.47377,0.56123,431.65462
0.25921,0.01496,0.13204,0.51488,0.44208,-0.47376,0.56126,431.75506
0.25921,0.01486,0.13205,0.51489,0.44205,-0.47375,0.56129,431.85550
0.25921,0.01476,0.13206,0.51489,0.44202,-0.47374,0.56133,431.95595
0.25921,0.01466,0.13207,0.51490,0.44198,-0.47373,0.56136,432.05640
0.25921,0.01456,0.13208,0.51489,0.44194,-0.47372,0.56139,432.15684
0.25921,0.01446,0.13208,0.51490,0.44191,-0.47371,0.56142,432.25729
0.25921,0.01436,0.13208,0.51490,0.44188,-0.47370,0.56145,432.35773
0.25922,0.01426,0.13209,0.51490,0.44185,-0.47369,0.56148,432.45818
0.25922,0.01416,0.13210,0.51490,0.44182,-0.47368,0.56152,432.55863
0.25922,0.01406,0.13211,0.51491,0.44178,-0.47367,0.56154,432.65908
0.25922,0.01396,0.13212,0.51491,0.44175,-0.47366,0.56158,432.75953
0.25922,0.01386,0.13213,0.51491,0.44172,-0.47365,0.56161,432.85998
0.25922,0.01376,0.13213,0.51491,0.44169,-0.47364,0.56164,432.96043
0.25922,0.01366,0.13214,0.51491,0.44166,-0.47363,0.56168,433.06088
0.25922,0.01356,0.13215,0.51492,0.44162,-0.47362,0.56170,433.16133
0.25922,0.01346,0.13216,0.51492,0.44159,-0.47361,0.56173,433.26178
0.25922,0.01336,0.13217,0.51492,0.44156,-0.47360,0.56176,433.36223
0.25922,0.01326,0.13218,0.51492,0.44153,-0.47359,0.56180,433.46268
0.25922,0.01316,0.13218,0.51492,0.44150,-0.47358,0.56183,433.56314
0.25923,0.01306,0.13219,0.51493,0.44146,-0.47357,0.56186,433.66359
0.25923,0.01296,0.13220,0.51493,0.44143,-0.47356,0.56189,433.76404
0.25923,0.01285,0.13221,0.51493,0.44140,-0.47355,0.56192,433.86450
0.25923,0.01275,0.13222,0.51493,0.44137,-0.47354,0.56195,433.96495
0.25923,0.01265,0.13223,0.51494,0.44134,-0.47353,0.56198,434.06541
0.25923,0.01255,0.13224,0.51494,0.44131,-0.47352,0.56201,434.16586
0.25923,0.01245,0.13224,0.51494,0.44128,-0.47351,0.56204,434.26632
0.25923,0.01235,0.13224,0.51494,0.44125,-0.47350,0.56208,434.36678
0.25923,0.01225,0.13225,0.51495,0.44121,-0.47349,0.56211,434.46723
0.25923,0.01215,0.13226,0.51495,0.44118,-0.47348,0.56214,434.56769
0.25923,0.01205,0.13227,0.51495,0.44115,-0.47347,0.56217,434.66815
0.25923,0.01195,0.13228,0.51496,0.44112,-0.47346,0.56220,434.76861
0.25924,0.01185,0.13229,0.51496,0.44109,-0.47345,0.56223,434.86907
0.25924,0.01175,0.13229,0.51496,0.44106,-0.47344,0.56226,434.96953
0.25924,0.01165,0.13230,0.51497,0.44103,-0.47343,0.56229,435.06999
0.25924,0.01155,0.13231,0.51497,0.44100,-0.47342,0.56232,435.17045
0.25924,0.01145,0.13232,0.51497,0.44097,-0.47341,0.56235,435.27091
0.25924,0.01135,0.13233,0.51498,0.44094,-0.47340,0.56238,435.37137
0.25924,0.01125,0.13234,0.51498,0.44091,-0.47339,0.56240,435.47183
0.25924,0.01115,0.13234,0.51499,0.44087,-0.47338,0.56244,435.57229
0.25924,0.01105,0.13235,0.51499,0.44084,-0.47336,0.56247,435.67276
0.25924,0.01095,0.13236,0.51499,0.44081,-0.47335,0.56250,435.77322
0.25924,0.01085,0.13237,0.51500,0.44078,-0.47334,0.56253,435.87368
0.25924,0.01075,0.13238,0.51500,0.44075,-0.47333,0.56256,435.97415
0.25925,0.01065,0.13239,0.51501,0.44072,-0.47332,0.56259,436.07461
0.25925,0.01055,0.13240,0.51501,0.44069,-0.47331,0.56262,436.17508
0.25925,0.01045,0.13240,0.51501,0.44066,-0.47330,0.56265,436.27554
0.25925,0.01035,0.13241,0.51502,0.44062,-0.47329,0.56267,436.37601
0.25925,0.01025,0.13242,0.51502,0.44060,-0.47328,0.56270,436.47647
0.25925,0.01015,0.13243,0.51502,0.44057,-0.47326,0.56274,436.57694
0.25925,0.01005,0.13244,0.51503,0.44054,-0.47325,0.56276,436.67741
0.25925,0.00995,0.13245,0.51503,0.44051,-0.47324,0.56280,436.77788
0.25925,0.00985,0.13246,0.51503,0.44048,-0.47323,0.56283,436.87834
0.25925,0.00975,0.13246,0.51504,0.44044,-0.47322,0.56285,436.97881
0.25925,0.00965,0.13247,0.51504,0.44041,-0.47321,0.56288,437.07928
0.25925,0.00955,0.13247,0.51505,0.44038,-0.47320,0.56291,437.17975
0.25926,0.00945,0.13248,0.51505,0.44035,-0.47318,0.56294,437.28022
0.25926,0.00935,0.13249,0.51505,0.44032,-0.47317,0.56297,437.38069
0.25926,0.00925,0.13250,0.51506,0.44029,-0.47316,0.56300,437.48116
0.25926,0.00915,0.13250,0.51506,0.44026,-0.47315,0.56303,437.58163
0.25926,0.00905,0.13251,0.51507,0.44023,-0.47314,0.56306,437.68210
0.25926,0.00895,0.13252,0.51507,0.44020,-0.47313,0.56309,437.78258
0.25926,0.00885,0.13253,0.51508,0.44017,-0.47311,0.56312,437.88305
0.25926,0.00875,0.13254,0.51509,0.44014,-0.47310,0.56314,437.98352
0.25926,0.00865,0.13255,0.51509,0.44011,-0.47310,0.56317,438.08400
0.25926,0.00855,0.13256,0.51510,0.44008,-0.47308,0.56320,438.18447
0.25926,0.00845,0.13256,0.51510,0.44005,-0.47307,0.56323,438.28494
0.25926,0.00835,0.13257,0.51511,0.44002,-0.47305,0.56326,438.38542
0.25927,0.00825,0.13258,0.51511,0.43999,-0.47304,0.56329,438.48589
0.25927,0.00815,0.13259,0.51512,0.43996,-0.47303,0.56332,438.58637
0.25927,0.00805,0.13260,0.51512,0.43993,-0.47302,0.56335,438.68684
0.25927,0.00795,0.13261,0.51512,0.43991,-0.47301,0.56338,438.78732
0.25927,0.00785,0.13261,0.51513,0.43988,-0.47299,0.56340,438.88780
0.25927,0.00775,0.13262,0.51514,0.43985,-0.47298,0.56343,438.98827
0.25927,0.00765,0.13263,0.51514,0.43982,-0.47297,0.56346,439.08875
0.25927,0.00755,0.13264,0.51515,0.43979,-0.47296,0.56349,439.18923
0.25927,0.00745,0.13265,0.51515,0.43976,-0.47295,0.56352,439.28971
0.25927,0.00735,0.13266,0.51516,0.43973,-0.47293,0.56355,439.39019
0.25927,0.00725,0.13267,0.51516,0.43970,-0.47292,0.56358,439.49066
0.25927,0.00715,0.13267,0.51517,0.43967,-0.47291,0.56360,439.59114
0.25928,0.00705,0.13268,0.51517,0.43964,-0.47290,0.56363,439.69162
0.25928,0.00695,0.13269,0.51518,0.43961,-0.47288,0.56366,439.79210
0.25928,0.00685,0.13270,0.51518,0.43959,-0.47287,0.56369,439.89258
0.25928,0.00675,0.13271,0.51519,0.43956,-0.47286,0.56371,439.99307
0.25928,0.00665,0.13272,0.51519,0.43953,-0.47284,0.56375,440.09355
0.25928,0.00655,0.13273,0.51520,0.43950,-0.47284,0.56377,440.19403
0.25928,0.00645,0.13273,0.51520,0.43947,-0.47283,0.56380,440.29451
0.25928,0.00635,0.13274,0.51521,0.43944,-0.47281,0.56383,440.39499
0.25928,0.00625,0.13275,0.51521,0.43941,-0.47280,0.56386,440.49548
0.25928,0.00615,0.13276,0.51522,0.43939,-0.47278,0.56388,440.59596
0.25928,0.00605,0.13277,0.51523,0.43936,-0.47277,0.56390,440.69644
0.25928,0.00595,0.13278,0.51523,0.43933,-0.47276,0.56394,440.79693
0.25929,0.00585,0.13278,0.51524,0.43930,-0.47274,0.56396,440.89741
0.25929,0.00575,0.13279,0.51524,0.43927,-0.47273,0.56399,440.99790
0.25929,0.00565,0.13280,0.51525,0.43924,-0.47272,0.56402,441.09838
0.25929,0.00555,0.13281,0.51526,0.43922,-0.47271,0.56405,441.19887
0.25929,0.00545,0.13282,0.51526,0.43919,-0.47269,0.56407,441.29935
0.25929,0.00535,0.13283,0.51527,0.43915,-0.47268,0.56410,441.39984
0.25929,0.00524,0.13284,0.51528,0.43913,-0.47267,0.56413,441.50033
0.25929,0.00514,0.13284,0.51529,0.43910,-0.47266,0.56415,441.60081
0.25929,0.00504,0.13285,0.51529,0.43907,-0.47265,0.56418,441.70130
0.25929,0.00494,0.13286,0.51530,0.43905,-0.47262,0.56421,441.80179
0.25929,0.00484,0.13287,0.51530,0.43901,-0.47261,0.56424,441.90228
0.25930,0.00474,0.13288,0.51531,0.43899,-0.47261,0.56426,442.00276
0.25930,0.00464,0.13289,0.51532,0.43896,-0.47259,0.56429,442.10325
0.25930,0.00454,0.13290,0.51532,0.43893,-0.47257,0.56432,442.20374
0.25930,0.00444,0.13290,0.51533,0.43891,-0.47256,0.56434,442.30423
0.25930,0.00434,0.13291,0.51534,0.43887,-0.47255,0.56437,442.40472
0.25930,0.00424,0.13291,0.51535,0.43884,-0.47253,0.56440,442.50521
0.25930,0.00414,0.13292,0.51535,0.43881,-0.47252,0.56443,442.60570
0.25930,0.00404,0.13293,0.51536,0.43879,-0.47251,0.56445,442.70619
0.25930,0.00394,0.13294,0.51537,0.43876,-0.47249,0.56448,442.80669
0.25930,0.00384,0.13294,0.51537,0.43873,-0.47248,0.56451,442.90718
0.25930,0.00374,0.13295,0.51538,0.43870,-0.47247,0.56453,443.00767
0.25930,0.00364,0.13296,0.51539,0.43868,-0.47245,0.56456,443.10816
0.25931,0.00354,0.13297,0.51539,0.43865,-0.47244,0.56459,443.20865
0.25931,0.00344,0.13298,0.51540,0.43862,-0.47243,0.56461,443.30915
0.25931,0.00334,0.13299,0.51541,0.43860,-0.47240,0.56464,443.40964
0.25931,0.00324,0.13300,0.51541,0.43857,-0.47240,0.56467,443.51013
0.25931,0.00314,0.13300,0.51542,0.43854,-0.47238,0.56469,443.61063
0.25931,0.00304,0.13301,0.51543,0.43851,-0.47237,0.56472,443.71112
0.25931,0.00294,0.13302,0.51544,0.43849,-0.47235,0.56474,443.81162
0.25931,0.00284,0.13303,0.51544,0.43846,-0.47234,0.56477,443.91211
0.25931,0.00274,0.13304,0.51545,0.43843,-0.47233,0.56480,444.01261
0.25931,0.00264,0.13305,0.51546,0.43841,-0.47230,0.56483,444.11310
0.25931,0.00254,0.13306,0.51547,0.43838,-0.47230,0.56485,444.21360
0.25931,0.00244,0.13306,0.51547,0.43835,-0.47228,0.56488,444.31409
0.25932,0.00234,0.13307,0.51548,0.43832,-0.47227,0.56490,444.41459
0.25932,0.00224,0.13308,0.51549,0.43830,-0.47225,0.56492,444.51509
0.25932,0.00214,0.13309,0.51550,0.43827,-0.47223,0.56495,444.61558
0.25932,0.00204,0.13310,0.51551,0.43824,-0.47223,0.56498,444.71608
0.25932,0.00194,0.13311,0.51551,0.43822,-0.47221,0.56501,444.81658
0.25932,0.00184,0.13311,0.51552,0.43819,-0.47220,0.56503,444.91708
0.25932,0.00174,0.13312,0.51553,0.43816,-0.47218,0.56506,445.01758
0.25932,0.00164,0.13313,0.51553,0.43814,-0.47217,0.56508,445.11807
0.25932,0.00154,0.13314,0.51555,0.43811,-0.47215,0.56511,445.21857
0.25932,0.00144,0.13315,0.51555,0.43809,-0.47213,0.56513,445.31907
0.25932,0.00134,0.13316,0.51557,0.43806,-0.47212,0.56516,445.41957
0.25932,0.00124,0.13317,0.51557,0.43803,-0.47211,0.56518,445.52007
0.25933,0.00114,0.13317,0.51559,0.43801,-0.47209,0.56520,445.62057
0.25933,0.00104,0.13318,0.51559,0.43798,-0.47208,0.56523,445.72107
0.25933,0.00094,0.13319,0.51560,0.43795,-0.47206,0.56526,445.82157
0.25933,0.00084,0.13320,0.51561,0.43793,-0.47205,0.56528,445.92207
0.25933,0.00074,0.13321,0.51562,0.43790,-0.47203,0.56531,446.02258
0.25933,0.00064,0.13322,0.51562,0.43788,-0.47202,0.56533,446.12308
0.25933,0.00054,0.13322,0.51564,0.43785,-0.47200,0.56536,446.22358
0.25933,0.00044,0.13323,0.51564,0.43782,-0.47199,0.56538,446.32408
0.25933,0.00034,0.13324,0.51565,0.43780,-0.47197,0.56541,446.42458
0.25933,0.00024,0.13325,0.51566,0.43777,-0.47196,0.56543,446.52509
0.25933,0.00014,0.13326,0.51567,0.43774,-0.47194,0.56546,446.62559
0.25933,0.00004,0.13327,0.51568,0.43772,-0.47193,0.56548,446.72609
0.25934,-0.00006,0.13328,0.51569,0.43769,-0.47191,0.56551,446.82660
0.25934,-0.00016,0.13328,0.51570,0.43767,-0.47189,0.56553,446.92710
0.25934,-0.00026,0.13329,0.51570,0.43764,-0.47188,0.56556,447.02760
0.25934,-0.00036,0.13330,0.51571,0.43762,-0.47186,0.56558,447.12811
0.25934,-0.00046,0.13331,0.51572,0.43758,-0.47185,0.56561,447.22861
0.25934,-0.00056,0.13332,0.51573,0.43757,-0.47183,0.56563,447.32912
0.25934,-0.00066,0.13333,0.51574,0.43753,-0.47182,0.56566,447.42962
0.25934,-0.00076,0.13334,0.51575,0.43751,-0.47180,0.56568,447.53013
0.25934,-0.00086,0.13334,0.51576,0.43748,-0.47178,0.56571,447.63063
0.25934,-0.00096,0.13335,0.51577,0.43745,-0.47177,0.56573,447.73114
0.25934,-0.00106,0.13336,0.51578,0.43744,-0.47175,0.56575,447.83165
0.25934,-0.00116,0.13338,0.51579,0.43740,-0.47174,0.56578,447.93215
0.25935,-0.00126,0.13339,0.51580,0.43738,-0.47172,0.56580,448.03266
0.25935,-0.00136,0.13340,0.51581,0.43735,-0.47170,0.56583,448.13317
0.25935,-0.00146,0.13340,0.51581,0.43733,-0.47169,0.56585,448.23367
0.25935,-0.00156,0.13341,0.51582,0.43730,-0.47167,0.56588,448.33418
0.25935,-0.00166,0.13342,0.51583,0.43728,-0.47166,0.56590,448.43469
0.25935,-0.00176,0.13343,0.51584,0.43725,-0.47164,0.56593,448.53520
0.25935,-0.00186,0.13344,0.51585,0.43723,-0.47162,0.56595,448.63571
0.25935,-0.00196,0.13345,0.51586,0.43720,-0.47161,0.56597,448.73621
0.25935,-0.00207,0.13346,0.51587,0.43718,-0.47159,0.56600,448.83672
0.25935,-0.00217,0.13346,0.51588,0.43715,-0.47158,0.56602,448.93723
0.25935,-0.00227,0.13347,0.51589,0.43713,-0.47156,0.56604,449.03774
0.25935,-0.00237,0.13348,0.51591,0.43710,-0.47154,0.56607,449.13825
0.25936,-0.00247,0.13349,0.51591,0.43708,-0.47153,0.56609,449.23876
0.25936,-0.00257,0.13350,0.51593,0.43705,-0.47151,0.56612,449.33927
0.25936,-0.00267,0.13351,0.51594,0.43703,-0.47149,0.56614,449.43978
0.25936,-0.00277,0.13352,0.51594,0.43701,-0.47148,0.56615,449.54029
0.25936,-0.00287,0.13352,0.51596,0.43698,-0.47146,0.56618,449.64080
0.25936,-0.00297,0.13353,0.51597,0.43696,-0.47144,0.56620,449.74131
0.25936,-0.00307,0.13354,0.51597,0.43693,-0.47143,0.56623,449.84182
0.25936,-0.00317,0.13355,0.51599,0.43691,-0.47141,0.56625,449.94233
0.25936,-0.00327,0.13356,0.51600,0.43688,-0.47139,0.56628,450.04284
0.25936,-0.00337,0.13357,0.51600,0.43686,-0.47138,0.56630,450.14336
0.25936,-0.00347,0.13357,0.51603,0.43683,-0.47136,0.56632,450.24387
0.25936,-0.00357,0.13358,0.51604,0.43681,-0.47134,0.56634,450.34438
0.25937,-0.00367,0.13359,0.51604,0.43679,-0.47132,0.56637,450.44489
0.25937,-0.00377,0.13360,0.51606,0.43676,-0.47131,0.56639,450.54540
0.25937,-0.00387,0.13361,0.51607,0.43674,-0.47129,0.56641,450.64592
0.25937,-0.00397,0.13362,0.51608,0.43671,-0.47127,0.56644,450.74643
0.25937,-0.00407,0.13363,0.51609,0.43669,-0.47126,0.56646,450.84694
0.25937,-0.00417,0.13363,0.51610,0.43667,-0.47124,0.56648,450.94746
0.25937,-0.00427,0.13364,0.51611,0.43664,-0.47122,0.56650,451.04797
0.25937,-0.00437,0.13365,0.51612,0.43662,-0.47120,0.56653,451.14848
0.25937,-0.00447,0.13366,0.51613,0.43659,-0.47119,0.56655,451.24900
0.25937,-0.00457,0.13367,0.51614,0.43657,-0.47117,0.56657,451.34951
0.25937,-0.00467,0.13368,0.51616,0.43655,-0.47115,0.56660,451.45002
0.25937,-0.00477,0.13369,0.51617,0.43652,-0.47114,0.56662,451.55054
0.25938,-0.00487,0.13369,0.51618,0.43650,-0.47112,0.56664,451.65105
0.25938,-0.00497,0.13370,0.51619,0.43648,-0.47110,0.56666,451.75157
0.25938,-0.00507,0.13371,0.51620,0.43645,-0.47108,0.56669,451.85208
0.25938,-0.00517,0.13372,0.51621,0.43643,-0.47107,0.56671,451.95260
0.25938,-0.00527,0.13373,0.51622,0.43641,-0.47105,0.56673,452.05311
0.25938,-0.00537,0.13374,0.51624,0.43638,-0.47103,0.56675,452.15363
0.25938,-0.00547,0.13374,0.51625,0.43635,-0.47101,0.56677,452.25414
0.25938,-0.00557,0.13375,0.51626,0.43634,-0.47099,0.56680,452.35466
0.25938,-0.00567,0.13376,0.51627,0.43631,-0.47098,0.56682,452.45518
0.25938,-0.00577,0.13377,0.51628,0.43629,-0.47096,0.56684,452.55569
0.25938,-0.00587,0.13378,0.51629,0.43626,-0.47094,0.56686,452.65621
0.25938,-0.00597,0.13379,0.51631,0.43623,-0.47092,0.56688,452.75672
0.25939,-0.00607,0.13380,0.51632,0.43621,-0.47091,0.56690,452.85724
0.25939,-0.00617,0.13380,0.51633,0.43619,-0.47089,0.56692,452.95776
0.25939,-0.00627,0.13381,0.51634,0.43617,-0.47087,0.56695,453.05828
0.25939,-0.00637,0.13382,0.51635,0.43614,-0.47085,0.56697,453.15879
0.25939,-0.00647,0.13383,0.51636,0.43612,-0.47083,0.56699,453.25931
0.25939,-0.00657,0.13384,0.51638,0.43610,-0.47081,0.56701,453.35983
0.25939,-0.00667,0.13385,0.51639,0.43607,-0.47080,0.56703,453.46034
0.25939,-0.00677,0.13385,0.51640,0.43605,-0.47078,0.56705,453.56086
0.25939,-0.00687,0.13386,0.51641,0.43603,-0.47076,0.56708,453.66138
0.25939,-0.00697,0.13387,0.51643,0.43600,-0.47074,0.56710,453.76190
0.25939,-0.00707,0.13388,0.51644,0.43598,-0.47072,0.56712,453.86242
0.25939,-0.00717,0.13389,0.51645,0.43596,-0.47070,0.56714,453.96293
0.25940,-0.00727,0.13390,0.51646,0.43594,-0.47069,0.56716,454.06345
0.25940,-0.00737,0.13391,0.51648,0.43591,-0.47067,0.56718,454.16397
0.25940,-0.00747,0.13391,0.51649,0.43589,-0.47065,0.56720,454.26449
0.25940,-0.00757,0.13392,0.51650,0.43587,-0.47063,0.56723,454.36501
0.25940,-0.00767,0.13393,0.51651,0.43585,-0.47061,0.56725,454.46553
0.25940,-0.00777,0.13394,0.51653,0.43582,-0.47059,0.56727,454.56605
0.25940,-0.00787,0.13395,0.51655,0.43580,-0.47057,0.56729,454.66657
0.25940,-0.00797,0.13397,0.51655,0.43578,-0.47056,0.56731,454.76709
0.25940,-0.00807,0.13398,0.51657,0.43576,-0.47054,0.56733,454.86760
0.25940,-0.00817,0.13398,0.51659,0.43573,-0.47052,0.56735,454.96812
0.25940,-0.00827,0.13399,0.51660,0.43571,-0.47050,0.56737,455.06864
0.25940,-0.00837,0.13400,0.51661,0.43569,-0.47048,0.56740,455.16916
0.25941,-0.00847,0.13401,0.51662,0.43567,-0.47046,0.56742,455.26968
0.25941,-0.00857,0.13402,0.51664,0.43565,-0.47044,0.56744,455.37020
0.25941,-0.00867,0.13403,0.51665,0.43562,-0.47042,0.56746,455.47072
0.25941,-0.00877,0.13403,0.51667,0.43560,-0.47040,0.56748,455.57124
0.25941,-0.00887,0.13404,0.51668,0.43558,-0.47038,0.56750,455.67176
0.25941,-0.00897,0.13405,0.51669,0.43556,-0.47037,0.56752,455.77228
0.25941,-0.00907,0.13406,0.51670,0.43554,-0.47035,0.56753,455.87281
0.25941,-0.00917,0.13407,0.51672,0.43552,-0.47033,0.56756,455.97333
0.25941,-0.00927,0.13408,0.51673,0.43549,-0.47031,0.56758,456.07385
0.25941,-0.00938,0.13409,0.51675,0.43547,-0.47029,0.56760,456.17437
0.25941,-0.00948,0.13409,0.51676,0.43545,-0.47027,0.56762,456.27489
0.25941,-0.00958,0.13410,0.51678,0.43543,-0.47025,0.56763,456.37541
0.25942,-0.00968,0.13411,0.51679,0.43541,-0.47023,0.56766,456.47593
0.25942,-0.00978,0.13412,0.51680,0.43539,-0.47021,0.56768,456.57645
0.25942,-0.00988,0.13413,0.51682,0.43536,-0.47019,0.56770,456.67697
0.25942,-0.00998,0.13414,0.51683,0.43534,-0.47017,0.56772,456.77750
0.25942,-0.01008,0.13415,0.51684,0.43532,-0.47015,0.56774,456.87802
0.25942,-0.01018,0.13415,0.51686,0.43530,-0.47013,0.56776,456.97854
0.25942,-0.01028,0.13416,0.51687,0.43528,-0.47011,0.56778,457.07906
0.25942,-0.01038,0.13417,0.51689,0.43526,-0.47009,0.56779,457.17958
0.25942,-0.01048,0.13418,0.51690,0.43524,-0.47007,0.56781,457.28010
0.25942,-0.01058,0.13419,0.51692,0.43522,-0.47005,0.56783,457.38063
0.25942,-0.01068,0.13420,0.51693,0.43520,-0.47003,0.56785,457.48115
0.25942,-0.01078,0.13420,0.51694,0.43517,-0.47001,0.56788,457.58167
0.25943,-0.01088,0.13421,0.51696,0.43515,-0.46999,0.56789,457.68219
0.25943,-0.01098,0.13422,0.51697,0.43513,-0.46997,0.56791,457.78271
0.25943,-0.01108,0.13423,0.51699,0.43511,-0.46995,0.56793,457.88324
0.25943,-0.01118,0.13424,0.51700,0.43509,-0.46993,0.56795,457.98376
0.25943,-0.01128,0.13425,0.51702,0.43507,-0.46991,0.56797,458.08428
0.25943,-0.01138,0.13426,0.51703,0.43505,-0.46989,0.56799,458.18480
0.25943,-0.01148,0.13426,0.51705,0.43503,-0.46987,0.56801,458.28533
0.25943,-0.01158,0.13427,0.51706,0.43501,-0.46985,0.56803,458.38585
0.25943,-0.01168,0.13428,0.51708,0.43498,-0.46983,0.56805,458.48637
0.25943,-0.01178,0.13429,0.51709,0.43496,-0.46981,0.56807,458.58689
0.25943,-0.01188,0.13430,0.51710,0.43495,-0.46979,0.56809,458.68742
0.25943,-0.01198,0.13431,0.51712,0.43492,-0.46977,0.56811,458.78794
0.25944,-0.01208,0.13431,0.51713,0.43490,-0.46975,0.56813,458.88846
0.25944,-0.01218,0.13432,0.51715,0.43488,-0.46973,0.56815,458.98898
0.25944,-0.01228,0.13433,0.51717,0.43485,-0.46971,0.56817,459.08951
0.25944,-0.01238,0.13435,0.51718,0.43484,-0.46969,0.56818,459.19003
0.25944,-0.01248,0.13436,0.51720,0.43481,-0.46967,0.56820,459.29055
0.25944,-0.01258,0.13437,0.51721,0.43479,-0.46965,0.56822,459.39108
0.25944,-0.01268,0.13438,0.51723,0.43477,-0.46963,0.56824,459.49160
0.25944,-0.01278,0.13438,0.51724,0.43475,-0.46961,0.56826,459.59212
0.25944,-0.01288,0.13439,0.51726,0.43473,-0.46959,0.56827,459.69265
0.25944,-0.01298,0.13440,0.51727,0.43471,-0.46956,0.56830,459.79317
0.25944,-0.01308,0.13441,0.51729,0.43469,-0.46954,0.56831,459.89369
0.25944,-0.01318,0.13442,0.51731,0.43468,-0.46952,0.56833,459.99422
0.25945,-0.01328,0.13443,0.51733,0.43465,-0.46950,0.56835,460.09072
0.25945,-0.01337,0.13444,0.51734,0.43463,-0.46948,0.56836,460.18320
0.25945,-0.01346,0.13444,0.51735,0.43461,-0.46946,0.56838,460.27166
0.25945,-0.01354,0.13444,0.51737,0.43459,-0.46944,0.56840,460.35610
0.25945,-0.01362,0.13445,0.51738,0.43458,-0.46942,0.56842,460.43652
0.25945,-0.01370,0.13446,0.51740,0.43456,-0.46940,0.56844,460.51292
0.25945,-0.01377,0.13447,0.51742,0.43454,-0.46937,0.56846,460.58529
0.25945,-0.01384,0.13447,0.51744,0.43452,-0.46935,0.56847,460.65365
0.25945,-0.01390,0.13448,0.51745,0.43450,-0.46933,0.56849,460.71798
0.25945,-0.01396,0.13449,0.51746,0.43448,-0.46931,0.56851,460.77830
0.25945,-0.01402,0.13449,0.51748,0.43446,-0.46929,0.56853,460.83459
0.25945,-0.01407,0.13449,0.51750,0.43444,-0.46927,0.56854,460.88686
0.25945,-0.01412,0.13449,0.51752,0.43442,-0.46925,0.56856,460.93511
0.25945,-0.01416,0.13450,0.51753,0.43440,-0.46923,0.56858,460.97934
0.25945,-0.01420,0.13450,0.51755,0.43438,-0.46920,0.56860,461.01955
0.25945,-0.01424,0.13451,0.51757,0.43436,-0.46918,0.56862,461.05574
0.25945,-0.01427,0.13451,0.51759,0.43434,-0.46916,0.56863,461.08791
0.25945,-0.01430,0.13451,0.51760,0.43432,-0.46914,0.56865,461.11606
0.25945,-0.01432,0.13451,0.51762,0.43430,-0.46912,0.56867,461.14018
0.25945,-0.01434,0.13452,0.51763,0.43428,-0.46910,0.56869,461.16029
0.25945,-0.01436,0.13452,0.51765,0.43426,-0.46907,0.56871,461.17637
0.25945,-0.01437,0.13452,0.51767,0.43424,-0.46905,0.56872,461.18843
0.25945,-0.01438,0.13452,0.51768,0.43423,-0.46903,0.56874,461.19647
0.25945,-0.01438,0.13452,0.51770,0.43421,-0.46901,0.56876,461.20050
0.25945,-0.01438,0.13452,0.51771,0.43419,-0.46899,0.56877,461.20050
0.25945,-0.01438,0.13452,0.51773,0.43417,-0.46897,0.56879,461.20452
