x,y,z,qx,qy,qz,qw,u
0.10859,0.14576,0.14055,0.52130,0.49567,-0.48895,0.49344,0.00000
0.10859,0.14573,0.14055,0.52130,0.49567,-0.48895,0.49344,0.06301
0.10859,0.14570,0.14054,0.52130,0.49567,-0.48895,0.49344,0.09466
0.10859,0.14567,0.14054,0.52130,0.49567,-0.48895,0.49344,0.12643
0.10859,0.14563,0.14054,0.52130,0.49567,-0.48895,0.49344,0.15831
0.10859,0.14560,0.14054,0.52130,0.49567,-0.48895,0.49344,0.19031
0.10859,0.14557,0.14054,0.52130,0.49567,-0.48895,0.49344,0.22242
0.10859,0.14554,0.14054,0.52130,0.49567,-0.48895,0.49344,0.25464
0.10859,0.14550,0.14054,0.52130,0.49567,-0.48895,0.49344,0.28697
0.10859,0.14547,0.14054,0.52130,0.49567,-0.48895,0.49344,0.31940
0.10859,0.14544,0.14053,0.52130,0.49567,-0.48895,0.49344,0.35195
0.10859,0.14541,0.14053,0.52130,0.49567,-0.48895,0.49344,0.38459
0.10859,0.14537,0.14053,0.52130,0.49567,-0.48895,0.49344,0.41734
0.10858,0.14534,0.14053,0.52130,0.49567,-0.48895,0.49344,0.45020
0.10858,0.14531,0.14053,0.52130,0.49567,-0.48895,0.49344,0.48315
0.10858,0.14528,0.14053,0.52130,0.49567,-0.48895,0.49344,0.51620
0.10858,0.14524,0.14053,0.52130,0.49567,-0.48895,0.49344,0.54934
0.10858,0.14521,0.14053,0.52130,0.49567,-0.48895,0.49344,0.58259
0.10858,0.14518,0.14053,0.52130,0.49567,-0.48895,0.49344,0.61592
0.10858,0.14514,0.14052,0.52130,0.49567,-0.48895,0.49344,0.64935
0.10858,0.14511,0.14052,0.52130,0.49567,-0.48895,0.49344,0.68286
0.10858,0.14508,0.14052,0.52130,0.49567,-0.48895,0.49344,0.71647
0.10858,0.14504,0.14052,0.52130,0.49567,-0.48895,0.49344,0.75016
0.10858,0.14501,0.14052,0.52130,0.49567,-0.48895,0.49344,0.78393
0.10858,0.14497,0.14052,0.52130,0.49567,-0.48895,0.49344,0.81779
0.10858,0.14494,0.14052,0.52130,0.49567,-0.48895,0.49344,0.85172
0.10858,0.14491,0.14052,0.52130,0.49567,-0.48895,0.49344,0.88574
0.10857,0.14487,0.14052,0.52130,0.49567,-0.48895,0.49344,0.91983
0.10857,0.14484,0.14051,0.52130,0.49567,-0.48895,0.49344,0.95399
0.10857,0.14480,0.14051,0.52130,0.49567,-0.48895,0.49344,0.98822
0.10857,0.14477,0.14051,0.52130,0.49567,-0.48895,0.49344,1.02253
0.10857,0.14474,0.14051,0.52130,0.49567,-0.48895,0.49344,1.05690
0.10857,0.14470,0.14051,0.52130,0.49567,-0.48895,0.49344,1.09134
0.10857,0.14467,0.14051,0.52130,0.49567,-0.48895,0.49344,1.12584
0.10857,0.14463,0.14051,0.52130,0.49567,-0.48895,0.49344,1.16040
0.10857,0.14460,0.14051,0.52130,0.49567,-0.48895,0.49344,1.19502
0.10857,0.14456,0.14050,0.52130,0.49567,-0.48895,0.49344,1.22969
0.10857,0.14453,0.14050,0.52130,0.49567,-0.48895,0.49344,1.26442
0.10857,0.14449,0.14050,0.52130,0.49567,-0.48895,0.49344,1.29920
0.10857,0.14446,0.14050,0.52130,0.49567,-0.48895,0.49344,1.33403
0.10857,0.14442,0.14050,0.52130,0.49567,-0.48895,0.49344,1.36891
0.10856,0.14439,0.14050,0.52130,0.49567,-0.48895,0.49344,1.40383
0.10856,0.14435,0.14050,0.52130,0.49567,-0.48895,0.49344,1.43879
0.10856,0.14432,0.14050,0.52130,0.49567,-0.48895,0.49344,1.47379
0.10856,0.14428,0.14049,0.52130,0.49567,-0.48895,0.49344,1.50882
0.10856,0.14425,0.14049,0.52130,0.49567,-0.48895,0.49344,1.54389
0.10856,0.14421,0.14049,0.52130,0.49567,-0.48895,0.49344,1.57899
0.10856,0.14418,0.14049,0.52130,0.49567,-0.48895,0.49344,1.61412
0.10856,0.14414,0.14049,0.52130,0.49567,-0.48895,0.49344,1.64927
0.10856,0.14411,0.14049,0.52130,0.49567,-0.48895,0.49344,1.68444
0.10856,0.14407,0.14049,0.52130,0.49567,-0.48895,0.49344,1.71964
0.10856,0.14404,0.14049,0.52130,0.49567,-0.48895,0.49344,1.75485
0.10856,0.14400,0.14048,0.52130,0.49567,-0.48895,0.49344,1.79007
0.10856,0.14397,0.14048,0.52130,0.49567,-0.48895,0.49344,1.82531
0.10856,0.14393,0.14048,0.52130,0.49567,-0.48895,0.49344,1.86055
0.10855,0.14390,0.14048,0.52130,0.49567,-0.48895,0.49344,1.89580
0.10855,0.14386,0.14048,0.52130,0.49567,-0.48895,0.49344,1.93105
0.10855,0.14383,0.14048,0.52130,0.49567,-0.48895,0.49344,1.96630
0.10855,0.14379,0.14048,0.52130,0.49567,-0.48895,0.49344,2.00154
0.10855,0.14376,0.14048,0.52130,0.49567,-0.48895,0.49344,2.03678
0.10855,0.14372,0.14047,0.52130,0.49567,-0.48895,0.49344,2.07200
0.10855,0.14369,0.14047,0.52130,0.49567,-0.48895,0.49344,2.10722
0.10855,0.14365,0.14047,0.52130,0.49567,-0.48895,0.49344,2.14241
0.10855,0.14362,0.14047,0.52130,0.49567,-0.48895,0.49344,2.17758
0.10855,0.14358,0.14047,0.52130,0.49567,-0.48895,0.49344,2.21273
0.10855,0.14355,0.14047,0.52130,0.49567,-0.48895,0.49344,2.24786
0.10855,0.14351,0.14047,0.52130,0.49567,-0.48895,0.49344,2.28295
0.10855,0.14348,0.14047,0.52130,0.49567,-0.48895,0.49344,2.31801
0.10855,0.14344,0.14047,0.52130,0.49567,-0.48895,0.49344,2.35303
0.10854,0.14341,0.14046,0.52130,0.49567,-0.48895,0.49344,2.38801
0.10854,0.14337,0.14046,0.52130,0.49567,-0.48895,0.49344,2.42294
0.10854,0.14334,0.14046,0.52130,0.49567,-0.48895,0.49344,2.45783
0.10854,0.14330,0.14046,0.52130,0.49567,-0.48895,0.49344,2.49267
0.10854,0.14327,0.14046,0.52130,0.49567,-0.48895,0.49344,2.52745
0.10854,0.14323,0.14046,0.52130,0.49567,-0.48895,0.49344,2.56217
0.10854,0.14320,0.14046,0.52130,0.49567,-0.48895,0.49344,2.59682
0.10854,0.14316,0.14046,0.52130,0.49567,-0.48895,0.49344,2.63142
0.10854,0.14313,0.14045,0.52130,0.49567,-0.48895,0.49344,2.66594
0.10854,0.14309,0.14045,0.52130,0.49567,-0.48895,0.49344,2.70038
0.10854,0.14306,0.14045,0.52130,0.49567,-0.48895,0.49344,2.73475
0.10854,0.14302,0.14045,0.52130,0.49567,-0.48895,0.49344,2.76904
0.10854,0.14299,0.14045,0.52130,0.49567,-0.48895,0.49344,2.80324
0.10854,0.14296,0.14045,0.52130,0.49567,-0.48895,0.49344,2.83735
0.10853,0.14292,0.14045,0.52130,0.49567,-0.48895,0.49344,2.87137
0.10853,0.14289,0.14045,0.52130,0.49567,-0.48895,0.49344,2.90529
0.10853,0.14285,0.14044,0.52130,0.49567,-0.48895,0.49344,2.93911
0.10853,0.14282,0.14044,0.52130,0.49567,-0.48895,0.49344,2.97283
0.10853,0.14279,0.14044,0.52130,0.49567,-0.48895,0.49344,3.00643
0.10853,0.14275,0.14044,0.52130,0.49567,-0.48895,0.49344,3.03992
0.10853,0.14272,0.14044,0.52130,0.49567,-0.48895,0.49344,3.07329
0.10853,0.14269,0.14044,0.52130,0.49567,-0.48895,0.49344,3.10654
0.10853,0.14265,0.14044,0.52130,0.49567,-0.48895,0.49344,3.13966
0.10853,0.14262,0.14044,0.52130,0.49567,-0.48895,0.49344,3.17265
0.10853,0.14259,0.14044,0.52130,0.49567,-0.48895,0.49344,3.20551
0.10853,0.14255,0.14043,0.52130,0.49567,-0.48895,0.49344,3.23823
0.10853,0.14252,0.14043,0.52130,0.49567,-0.48895,0.49344,3.27080
0.10853,0.14249,0.14043,0.52130,0.49567,-0.48895,0.49344,3.30322
0.10853,0.14246,0.14043,0.52130,0.49567,-0.48895,0.49344,3.33550
0.10852,0.14242,0.14043,0.52130,0.49567,-0.48895,0.49344,3.36761
0.10852,0.14239,0.14043,0.52130,0.49567,-0.48895,0.49344,3.39957
0.10852,0.14236,0.14043,0.52130,0.49567,-0.48895,0.49344,3.43136
0.10852,0.14233,0.14043,0.52130,0.49567,-0.48895,0.49344,3.46298
0.10852,0.14230,0.14043,0.52130,0.49567,-0.48895,0.49344,3.49442
0.10852,0.14227,0.14042,0.52130,0.49567,-0.48895,0.49344,3.52568
0.10852,0.14223,0.14042,0.52130,0.49567,-0.48895,0.49344,3.55676
0.10852,0.14220,0.14042,0.52130,0.49567,-0.48895,0.49344,3.58766
0.10852,0.14217,0.14042,0.52130,0.49567,-0.48895,0.49344,3.61835
0.10852,0.14214,0.14042,0.52130,0.49567,-0.48895,0.49344,3.64885
0.10852,0.14211,0.14042,0.52130,0.49567,-0.48895,0.49344,3.67915
0.10852,0.14208,0.14042,0.52130,0.49567,-0.48895,0.49344,3.70924
0.10852,0.14205,0.14042,0.52130,0.49567,-0.48895,0.49344,3.73912
0.10852,0.14202,0.14042,0.52130,0.49567,-0.48895,0.49344,3.76878
0.10852,0.14199,0.14041,0.52130,0.49567,-0.48895,0.49344,3.79822
0.10851,0.14196,0.14041,0.52130,0.49567,-0.48895,0.49344,3.82744
0.10851,0.14193,0.14041,0.52130,0.49567,-0.48895,0.49344,3.85642
0.10851,0.14190,0.14041,0.52130,0.49567,-0.48895,0.49344,3.88517
0.10851,0.14188,0.14041,0.52130,0.49567,-0.48895,0.49344,3.91368
0.10851,0.14185,0.14041,0.52130,0.49567,-0.48895,0.49344,3.94194
0.10851,0.14182,0.14041,0.52130,0.49567,-0.48895,0.49344,3.96995
0.10851,0.14179,0.14041,0.52130,0.49567,-0.48895,0.49344,3.99771
0.10851,0.14176,0.14041,0.52130,0.49567,-0.48895,0.49344,4.02520
0.10851,0.14174,0.14041,0.52130,0.49567,-0.48895,0.49344,4.05243
0.10851,0.14171,0.14040,0.52130,0.49567,-0.48895,0.49344,4.07939
0.10851,0.14168,0.14040,0.52130,0.49567,-0.48895,0.49344,4.10608
0.10851,0.14166,0.14040,0.52130,0.49567,-0.48895,0.49344,4.13248
0.10851,0.14163,0.14040,0.52130,0.49567,-0.48895,0.49344,4.15860
0.10851,0.14160,0.14040,0.52130,0.49567,-0.48895,0.49344,4.18443
0.10851,0.14158,0.14040,0.52130,0.49567,-0.48895,0.49344,4.20997
0.10851,0.14155,0.14040,0.52130,0.49567,-0.48895,0.49344,4.23520
0.10851,0.14153,0.14040,0.52130,0.49567,-0.48895,0.49344,4.26014
0.10851,0.14150,0.14040,0.52130,0.49567,-0.48895,0.49344,4.28476
0.10850,0.14148,0.14040,0.52130,0.49567,-0.48895,0.49344,4.30906
0.10850,0.14145,0.14040,0.52130,0.49567,-0.48895,0.49344,4.33305
0.10850,0.14143,0.14039,0.52130,0.49567,-0.48895,0.49344,4.35671
0.10850,0.14141,0.14039,0.52130,0.49567,-0.48895,0.49344,4.38004
0.10850,0.14138,0.14039,0.52130,0.49567,-0.48895,0.49344,4.40303
0.10850,0.14136,0.14039,0.52130,0.49567,-0.48895,0.49344,4.42569
0.10850,0.14134,0.14039,0.52130,0.49567,-0.48895,0.49344,4.44800
0.10850,0.14132,0.14039,0.52130,0.49567,-0.48895,0.49344,4.46996
0.10850,0.14129,0.14039,0.52130,0.49567,-0.48895,0.49344,4.49156
0.10850,0.14127,0.14039,0.52130,0.49567,-0.48895,0.49344,4.51281
0.10850,0.14125,0.14039,0.52130,0.49567,-0.48895,0.49344,4.53369
0.10850,0.14123,0.14039,0.52130,0.49567,-0.48895,0.49344,4.55419
0.10850,0.14121,0.14039,0.52130,0.49567,-0.48895,0.49344,4.57432
0.10850,0.14119,0.14039,0.52130,0.49567,-0.48895,0.49344,4.59408
0.10850,0.14117,0.14039,0.52130,0.49567,-0.48895,0.49344,4.61344
0.10850,0.14115,0.14039,0.52130,0.49567,-0.48895,0.49344,4.63242
0.10850,0.14113,0.14038,0.52130,0.49567,-0.48895,0.49344,4.65099
0.10850,0.14112,0.14038,0.52130,0.49567,-0.48895,0.49344,4.66917
0.10850,0.14110,0.14038,0.52130,0.49567,-0.48895,0.49344,4.68694
0.10850,0.14108,0.14038,0.52130,0.49567,-0.48895,0.49344,4.70431
0.10850,0.14106,0.14038,0.52130,0.49567,-0.48895,0.49344,4.72125
0.10850,0.14105,0.14038,0.52130,0.49567,-0.48895,0.49344,4.73778
0.10850,0.14103,0.14038,0.52130,0.49567,-0.48895,0.49344,4.75387
0.10850,0.14101,0.14038,0.52130,0.49567,-0.48895,0.49344,4.76954
0.10850,0.14100,0.14038,0.52130,0.49567,-0.48895,0.49344,4.78477
0.10849,0.14098,0.14038,0.52130,0.49567,-0.48895,0.49344,4.79956
0.10849,0.14097,0.14038,0.52130,0.49567,-0.48895,0.49344,4.81391
0.10849,0.14095,0.14038,0.52130,0.49567,-0.48895,0.49344,4.82781
0.10849,0.14094,0.14038,0.52130,0.49567,-0.48895,0.49344,4.84125
0.10849,0.14093,0.14038,0.52130,0.49567,-0.48895,0.49344,4.85423
0.10849,0.14092,0.14038,0.52130,0.49567,-0.48895,0.49344,4.86674
0.10849,0.14090,0.14038,0.52130,0.49567,-0.48895,0.49344,4.87879
0.10849,0.14089,0.14038,0.52130,0.49567,-0.48895,0.49344,4.89036
0.10849,0.14088,0.14038,0.52130,0.49567,-0.48895,0.49344,4.90145
0.10849,0.14087,0.14038,0.52130,0.49567,-0.48895,0.49344,4.91205
0.10849,0.14086,0.14038,0.52130,0.49567,-0.48895,0.49344,4.92217
0.10849,0.14085,0.14037,0.52130,0.49567,-0.48895,0.49344,4.93180
0.10849,0.14084,0.14037,0.52130,0.49567,-0.48895,0.49344,4.94093
0.10849,0.14083,0.14037,0.52130,0.49567,-0.48895,0.49344,4.94955
0.10849,0.14082,0.14037,0.52130,0.49567,-0.48895,0.49344,4.95767
0.10849,0.14081,0.14037,0.52130,0.49567,-0.48895,0.49344,4.96527
0.10849,0.14081,0.14037,0.52130,0.49567,-0.48895,0.49344,4.97236
0.10849,0.14080,0.14037,0.52130,0.49567,-0.48895,0.49344,4.97893
0.10849,0.14079,0.14037,0.52130,0.49567,-0.48895,0.49344,4.98498
0.10849,0.14079,0.14037,0.52130,0.49567,-0.48895,0.49344,4.99049
0.10849,0.14078,0.14037,0.52130,0.49567,-0.48895,0.49344,4.99547
0.10849,0.14078,0.14037,0.52130,0.49567,-0.48895,0.49344,4.99991
0.10849,0.14077,0.14037,0.52130,0.49567,-0.48895,0.49344,5.00381
0.10849,0.14077,0.14037,0.52130,0.49567,-0.48895,0.49344,5.00717
0.10849,0.14077,0.14037,0.52130,0.49567,-0.48895,0.49344,5.00997
0.10849,0.14076,0.14037,0.52130,0.49567,-0.48895,0.49344,5.01222
0.10849,0.14076,0.14037,0.52130,0.49567,-0.48895,0.49344,5.01391
0.10849,0.14076,0.14037,0.52130,0.49567,-0.48895,0.49344,5.01504
0.10849,0.14076,0.14037,0.52130,0.49567,-0.48895,0.49344,5.01560
0.10849,0.14076,0.14037,0.52130,0.49567,-0.48895,0.49344,5.01561
0.10849,0.14076,0.14037,0.52130,0.49567,-0.48895,0.49344,5.01619
0.10849,0.14076,0.14037,0.52130,0.49567,-0.48895,0.49344,5.01736
0.10849,0.14076,0.14037,0.52130,0.49567,-0.48895,0.49344,5.01910
0.10849,0.14076,0.14037,0.52130,0.49567,-0.48895,0.49344,5.02143
0.10849,0.14077,0.14037,0.52130,0.49567,-0.48895,0.49344,5.02435
0.10849,0.14077,0.14037,0.52130,0.49567,-0.48895,0.49344,5.02786
0.10849,0.14077,0.14037,0.52130,0.49567,-0.48895,0.49344,5.03197
0.10849,0.14078,0.14037,0.52130,0.49567,-0.48895,0.49344,5.03668
0.10849,0.14078,0.14037,0.52130,0.49567,-0.48895,0.49344,5.04199
0.10849,0.14079,0.14037,0.52130,0.49567,-0.48895,0.49344,5.04790
0.10849,0.14080,0.14037,0.52130,0.49567,-0.48895,0.49344,5.05443
0.10849,0.14080,0.14037,0.52130,0.49567,-0.48895,0.49344,5.06157
0.10849,0.14081,0.14037,0.52130,0.49567,-0.48895,0.49344,5.06932
0.10849,0.14082,0.14037,0.52130,0.49567,-0.48895,0.49344,5.07769
0.10849,0.14083,0.14037,0.52130,0.49567,-0.48895,0.49344,5.08668
0.10849,0.14084,0.14037,0.52130,0.49567,-0.48895,0.49344,5.09630
0.10849,0.14085,0.14037,0.52130,0.49567,-0.48895,0.49344,5.10654
0.10849,0.14086,0.14038,0.52130,0.49567,-0.48895,0.49344,5.11742
0.10849,0.14087,0.14038,0.52130,0.49567,-0.48895,0.49344,5.12892
0.10849,0.14088,0.14038,0.52130,0.49567,-0.48895,0.49344,5.14106
0.10849,0.14089,0.14038,0.52130,0.49567,-0.48895,0.49344,5.15384
0.10849,0.14090,0.14038,0.52130,0.49567,-0.48895,0.49344,5.16726
0.10849,0.14092,0.14038,0.52130,0.49567,-0.48895,0.49344,5.18131
0.10849,0.14093,0.14038,0.52130,0.49567,-0.48895,0.49344,5.19601
0.10849,0.14095,0.14038,0.52130,0.49567,-0.48895,0.49344,5.21136
0.10849,0.14096,0.14038,0.52130,0.49567,-0.48895,0.49344,5.22736
0.10849,0.14098,0.14038,0.52130,0.49567,-0.48895,0.49344,5.24400
0.10850,0.14100,0.14038,0.52130,0.49567,-0.48895,0.49344,5.26129
0.10850,0.14101,0.14038,0.52130,0.49567,-0.48895,0.49344,5.27924
0.10850,0.14103,0.14038,0.52130,0.49567,-0.48895,0.49344,5.29784
0.10850,0.14105,0.14038,0.52130,0.49567,-0.48895,0.49344,5.31710
0.10850,0.14107,0.14038,0.52130,0.49567,-0.48895,0.49344,5.33701
0.10850,0.14109,0.14038,0.52130,0.49567,-0.48895,0.49344,5.35759
0.10850,0.14111,0.14038,0.52130,0.49567,-0.48895,0.49344,5.37882
0.10850,0.14113,0.14038,0.52130,0.49567,-0.48895,0.49344,5.40071
0.10850,0.14116,0.14039,0.52130,0.49567,-0.48895,0.49344,5.42326
0.10850,0.14118,0.14039,0.52130,0.49567,-0.48895,0.49344,5.44648
0.10850,0.14120,0.14039,0.52130,0.49567,-0.48895,0.49344,5.47036
0.10850,0.14123,0.14039,0.52130,0.49567,-0.48895,0.49344,5.49490
0.10850,0.14125,0.14039,0.52130,0.49567,-0.48895,0.49344,5.52010
0.10850,0.14128,0.14039,0.52130,0.49567,-0.48895,0.49344,5.54597
0.10850,0.14130,0.14039,0.52130,0.49567,-0.48895,0.49344,5.57251
0.10850,0.14133,0.14039,0.52130,0.49567,-0.48895,0.49344,5.59971
0.10850,0.14136,0.14039,0.52130,0.49567,-0.48895,0.49344,5.62757
0.10850,0.14139,0.14039,0.52130,0.49567,-0.48895,0.49344,5.65610
0.10850,0.14142,0.14039,0.52130,0.49567,-0.48895,0.49344,5.68529
0.10850,0.14144,0.14040,0.52130,0.49567,-0.48895,0.49344,5.71515
0.10850,0.14147,0.14040,0.52130,0.49567,-0.48895,0.49344,5.74566
0.10851,0.14151,0.14040,0.52130,0.49567,-0.48895,0.49344,5.77685
0.10851,0.14154,0.14040,0.52130,0.49567,-0.48895,0.49344,5.80869
0.10851,0.14157,0.14040,0.52130,0.49567,-0.48895,0.49344,5.84119
0.10851,0.14160,0.14040,0.52130,0.49567,-0.48895,0.49344,5.87436
0.10851,0.14164,0.14040,0.52130,0.49567,-0.48895,0.49344,5.90818
0.10851,0.14167,0.14040,0.52130,0.49567,-0.48895,0.49344,5.94266
0.10851,0.14170,0.14040,0.52130,0.49567,-0.48895,0.49344,5.97779
0.10851,0.14174,0.14041,0.52130,0.49567,-0.48895,0.49344,6.01358
0.10851,0.14178,0.14041,0.52130,0.49567,-0.48895,0.49344,6.05002
0.10851,0.14181,0.14041,0.52130,0.49567,-0.48895,0.49344,6.08712
0.10851,0.14185,0.14041,0.52130,0.49567,-0.48895,0.49344,6.12486
0.10851,0.14189,0.14041,0.52130,0.49567,-0.48895,0.49344,6.16325
0.10851,0.14193,0.14041,0.52130,0.49567,-0.48895,0.49344,6.20228
0.10852,0.14197,0.14041,0.52130,0.49567,-0.48895,0.49344,6.24195
0.10852,0.14201,0.14042,0.52130,0.49567,-0.48895,0.49344,6.28227
0.10852,0.14205,0.14042,0.52130,0.49567,-0.48895,0.49344,6.32321
0.10852,0.14209,0.14042,0.52130,0.49567,-0.48895,0.49344,6.36480
0.10852,0.14213,0.14042,0.52130,0.49567,-0.48895,0.49344,6.40701
0.10852,0.14217,0.14042,0.52130,0.49567,-0.48895,0.49344,6.44985
0.10852,0.14222,0.14042,0.52130,0.49567,-0.48895,0.49344,6.49332
0.10852,0.14226,0.14042,0.52130,0.49567,-0.48895,0.49344,6.53741
0.10852,0.14230,0.14043,0.52130,0.49567,-0.48895,0.49344,6.58211
0.10852,0.14235,0.14043,0.52130,0.49567,-0.48895,0.49344,6.62743
0.10852,0.14239,0.14043,0.52130,0.49567,-0.48895,0.49344,6.67335
0.10852,0.14244,0.14043,0.52130,0.49567,-0.48895,0.49344,6.71988
0.10853,0.14249,0.14043,0.52130,0.49567,-0.48895,0.49344,6.76702
0.10853,0.14254,0.14043,0.52130,0.49567,-0.48895,0.49344,6.81475
0.10853,0.14258,0.14044,0.52130,0.49567,-0.48895,0.49344,6.86307
0.10853,0.14263,0.14044,0.52130,0.49567,-0.48895,0.49344,6.91198
0.10853,0.14268,0.14044,0.52130,0.49567,-0.48895,0.49344,6.96147
0.10853,0.14273,0.14044,0.52130,0.49567,-0.48895,0.49344,7.01153
0.10853,0.14278,0.14044,0.52130,0.49567,-0.48895,0.49344,7.06217
0.10853,0.14283,0.14044,0.52130,0.49567,-0.48895,0.49344,7.11338
0.10853,0.14288,0.14045,0.52130,0.49567,-0.48895,0.49344,7.16515
0.10854,0.14294,0.14045,0.52130,0.49567,-0.48895,0.49344,7.21747
0.10854,0.14299,0.14045,0.52130,0.49567,-0.48895,0.49344,7.27035
0.10854,0.14304,0.14045,0.52130,0.49567,-0.48895,0.49344,7.32377
0.10854,0.14310,0.14045,0.52130,0.49567,-0.48895,0.49344,7.37772
0.10854,0.14315,0.14045,0.52130,0.49567,-0.48895,0.49344,7.43221
0.10854,0.14320,0.14046,0.52130,0.49567,-0.48895,0.49344,7.48722
0.10854,0.14326,0.14046,0.52130,0.49567,-0.48895,0.49344,7.54275
0.10854,0.14332,0.14046,0.52130,0.49567,-0.48895,0.49344,7.59879
0.10854,0.14337,0.14046,0.52130,0.49567,-0.48895,0.49344,7.65533
0.10855,0.14343,0.14046,0.52130,0.49567,-0.48895,0.49344,7.71238
0.10855,0.14349,0.14047,0.52130,0.49567,-0.48895,0.49344,7.76991
0.10855,0.14354,0.14047,0.52130,0.49567,-0.48895,0.49344,7.82792
0.10855,0.14360,0.14047,0.52130,0.49567,-0.48895,0.49344,7.88641
0.10855,0.14366,0.14047,0.52130,0.49567,-0.48895,0.49344,7.94536
0.10855,0.14372,0.14047,0.52130,0.49567,-0.48895,0.49344,8.00478
0.10855,0.14378,0.14048,0.52130,0.49567,-0.48895,0.49344,8.06464
0.10855,0.14384,0.14048,0.52130,0.49567,-0.48895,0.49344,8.12495
0.10855,0.14390,0.14048,0.52130,0.49567,-0.48895,0.49344,8.18569
0.10856,0.14396,0.14048,0.52130,0.49567,-0.48895,0.49344,8.24685
0.10856,0.14402,0.14049,0.52130,0.49567,-0.48895,0.49344,8.30844
0.10856,0.14408,0.14049,0.52130,0.49567,-0.48895,0.49344,8.37042
0.10856,0.14415,0.14049,0.52130,0.49567,-0.48895,0.49344,8.43281
0.10856,0.14421,0.14049,0.52130,0.49567,-0.48895,0.49344,8.49559
0.10856,0.14427,0.14049,0.52130,0.49567,-0.48895,0.49344,8.55874
0.10856,0.14433,0.14050,0.52130,0.49567,-0.48895,0.49344,8.62227
0.10857,0.14440,0.14050,0.52130,0.49567,-0.48895,0.49344,8.68615
0.10857,0.14446,0.14050,0.52130,0.49567,-0.48895,0.49344,8.75039
0.10857,0.14453,0.14050,0.52130,0.49567,-0.48895,0.49344,8.81496
0.10857,0.14459,0.14051,0.52130,0.49567,-0.48895,0.49344,8.87986
0.10857,0.14466,0.14051,0.52130,0.49567,-0.48895,0.49344,8.94509
0.10857,0.14472,0.14051,0.52130,0.49567,-0.48895,0.49344,9.01062
0.10857,0.14479,0.14051,0.52130,0.49567,-0.48895,0.49344,9.07645
0.10857,0.14485,0.14051,0.52130,0.49567,-0.48895,0.49344,9.14256
0.10858,0.14492,0.14052,0.52130,0.49567,-0.48895,0.49344,9.20895
0.10858,0.14499,0.14052,0.52130,0.49567,-0.48895,0.49344,9.27561
0.10858,0.14505,0.14052,0.52130,0.49567,-0.48895,0.49344,9.34251
0.10858,0.14512,0.14052,0.52130,0.49567,-0.48895,0.49344,9.40966
0.10858,0.14519,0.14053,0.52130,0.49567,-0.48895,0.49344,9.47704
0.10858,0.14526,0.14053,0.52130,0.49567,-0.48895,0.49344,9.54464
0.10858,0.14532,0.14053,0.52130,0.49567,-0.48895,0.49344,9.61244
0.10859,0.14539,0.14053,0.52130,0.49567,-0.48895,0.49344,9.68044
0.10859,0.14546,0.14054,0.52130,0.49567,-0.48895,0.49344,9.74862
0.10859,0.14553,0.14054,0.52130,0.49567,-0.48895,0.49344,9.81697
0.10859,0.14560,0.14054,0.52130,0.49567,-0.48895,0.49344,9.88547
0.10859,0.14566,0.14054,0.52130,0.49567,-0.48895,0.49344,9.95412
0.10859,0.14573,0.14055,0.52130,0.49567,-0.48895,0.49344,10.02290
0.10859,0.14580,0.14055,0.52130,0.49567,-0.48895,0.49344,10.09180
0.10860,0.14587,0.14055,0.52130,0.49567,-0.48895,0.49344,10.16080
0.10860,0.14594,0.14055,0.52130,0.49567,-0.48895,0.49344,10.22989
0.10860,0.14601,0.14055,0.52130,0.49567,-0.48895,0.49344,10.29906
0.10860,0.14608,0.14056,0.52130,0.49567,-0.48895,0.49344,10.36830
0.10860,0.14615,0.14056,0.52130,0.49567,-0.48895,0.49344,10.43758
0.10860,0.14622,0.14056,0.52130,0.49567,-0.48895,0.49344,10.50691
0.10860,0.14629,0.14056,0.52130,0.49567,-0.48895,0.49344,10.57626
0.10861,0.14636,0.14057,0.52130,0.49567,-0.48895,0.49344,10.64561
0.10861,0.14642,0.14057,0.52130,0.49567,-0.48895,0.49344,10.71497
0.10861,0.14649,0.14057,0.52130,0.49567,-0.48895,0.49344,10.78430
0.10861,0.14656,0.14057,0.52130,0.49567,-0.48895,0.49344,10.85360
0.10861,0.14663,0.14058,0.52130,0.49567,-0.48895,0.49344,10.92285
0.10861,0.14670,0.14058,0.52130,0.49567,-0.48895,0.49344,10.99204
0.10861,0.14677,0.14058,0.52130,0.49567,-0.48895,0.49344,11.06115
0.10862,0.14684,0.14058,0.52130,0.49567,-0.48895,0.49344,11.13017
0.10862,0.14691,0.14059,0.52130,0.49567,-0.48895,0.49344,11.19908
0.10862,0.14698,0.14059,0.52130,0.49567,-0.48895,0.49344,11.26788
0.10862,0.14705,0.14059,0.52130,0.49567,-0.48895,0.49344,11.33653
0.10862,0.14712,0.14059,0.52130,0.49567,-0.48895,0.49344,11.40503
0.10862,0.14718,0.14060,0.52130,0.49567,-0.48895,0.49344,11.47337
0.10862,0.14725,0.14060,0.52130,0.49567,-0.48895,0.49344,11.54152
0.10863,0.14732,0.14060,0.52130,0.49567,-0.48895,0.49344,11.60947
0.10863,0.14739,0.14060,0.52130,0.49567,-0.48895,0.49344,11.67722
0.10863,0.14746,0.14061,0.52130,0.49567,-0.48895,0.49344,11.74473
0.10863,0.14752,0.14061,0.52130,0.49567,-0.48895,0.49344,11.81199
0.10863,0.14759,0.14061,0.52130,0.49567,-0.48895,0.49344,11.87900
0.10863,0.14766,0.14061,0.52130,0.49567,-0.48895,0.49344,11.94573
0.10863,0.14772,0.14061,0.52130,0.49567,-0.48895,0.49344,12.01217
0.10864,0.14779,0.14062,0.52130,0.49567,-0.48895,0.49344,12.07830
0.10864,0.14786,0.14062,0.52130,0.49567,-0.48895,0.49344,12.14410
0.10864,0.14792,0.14062,0.52130,0.49567,-0.48895,0.49344,12.20957
0.10864,0.14799,0.14062,0.52130,0.49567,-0.48895,0.49344,12.27468
0.10864,0.14805,0.14063,0.52130,0.49567,-0.48895,0.49344,12.33941
0.10864,0.14812,0.14063,0.52130,0.49567,-0.48895,0.49344,12.40376
0.10864,0.14818,0.14063,0.52130,0.49567,-0.48895,0.49344,12.46770
0.10864,0.14824,0.14063,0.52130,0.49567,-0.48895,0.49344,12.53123
0.10865,0.14831,0.14064,0.52130,0.49567,-0.48895,0.49344,12.59431
0.10865,0.14837,0.14064,0.52130,0.49567,-0.48895,0.49344,12.65695
0.10865,0.14843,0.14064,0.52130,0.49567,-0.48895,0.49344,12.71911
0.10865,0.14849,0.14064,0.52130,0.49567,-0.48895,0.49344,12.78079
0.10865,0.14856,0.14064,0.52130,0.49567,-0.48895,0.49344,12.84197
0.10865,0.14862,0.14065,0.52130,0.49567,-0.48895,0.49344,12.90262
0.10865,0.14868,0.14065,0.52130,0.49567,-0.48895,0.49344,12.96275
0.10865,0.14874,0.14065,0.52130,0.49567,-0.48895,0.49344,13.02232
0.10866,0.14880,0.14065,0.52130,0.49567,-0.48895,0.49344,13.08133
0.10866,0.14886,0.14065,0.52130,0.49567,-0.48895,0.49344,13.13975
0.10866,0.14891,0.14066,0.52130,0.49567,-0.48895,0.49344,13.19757
0.10866,0.14897,0.14066,0.52130,0.49567,-0.48895,0.49344,13.25478
0.10866,0.14903,0.14066,0.52130,0.49567,-0.48895,0.49344,13.31135
0.10866,0.14908,0.14066,0.52130,0.49567,-0.48895,0.49344,13.36728
0.10866,0.14914,0.14066,0.52130,0.49567,-0.48895,0.49344,13.42254
0.10866,0.14919,0.14067,0.52130,0.49567,-0.48895,0.49344,13.47712
0.10867,0.14925,0.14067,0.52130,0.49567,-0.48895,0.49344,13.53101
0.10867,0.14930,0.14067,0.52130,0.49567,-0.48895,0.49344,13.58418
0.10867,0.14936,0.14067,0.52130,0.49567,-0.48895,0.49344,13.63663
0.10867,0.14941,0.14067,0.52130,0.49567,-0.48895,0.49344,13.68833
0.10867,0.14946,0.14068,0.52130,0.49567,-0.48895,0.49344,13.73927
0.10867,0.14951,0.14068,0.52130,0.49567,-0.48895,0.49344,13.78944
0.10867,0.14956,0.14068,0.52130,0.49567,-0.48895,0.49344,13.83882
0.10867,0.14961,0.14068,0.52130,0.49567,-0.48895,0.49344,13.88739
0.10867,0.14966,0.14068,0.52130,0.49567,-0.48895,0.49344,13.93513
0.10867,0.14970,0.14068,0.52130,0.49567,-0.48895,0.49344,13.98204
0.10868,0.14975,0.14069,0.52130,0.49567,-0.48895,0.49344,14.02810
0.10868,0.14980,0.14069,0.52130,0.49567,-0.48895,0.49344,14.07329
0.10868,0.14984,0.14069,0.52130,0.49567,-0.48895,0.49344,14.11760
0.10868,0.14988,0.14069,0.52130,0.49567,-0.48895,0.49344,14.16101
0.10868,0.14993,0.14069,0.52130,0.49567,-0.48895,0.49344,14.20351
0.10868,0.14997,0.14069,0.52130,0.49567,-0.48895,0.49344,14.24508
0.10868,0.15001,0.14069,0.52130,0.49567,-0.48895,0.49344,14.28570
0.10868,0.15005,0.14070,0.52130,0.49567,-0.48895,0.49344,14.32538
0.10868,0.15009,0.14070,0.52130,0.49567,-0.48895,0.49344,14.36408
0.10868,0.15013,0.14070,0.52130,0.49567,-0.48895,0.49344,14.40180
0.10868,0.15016,0.14070,0.52130,0.49567,-0.48895,0.49344,14.43852
0.10868,0.15020,0.14070,0.52130,0.49567,-0.48895,0.49344,14.47423
0.10869,0.15024,0.14070,0.52130,0.49567,-0.48895,0.49344,14.50891
0.10869,0.15027,0.14070,0.52130,0.49567,-0.48895,0.49344,14.54256
0.10869,0.15030,0.14070,0.52130,0.49567,-0.48895,0.49344,14.57515
0.10869,0.15034,0.14071,0.52130,0.49567,-0.48895,0.49344,14.60668
0.10869,0.15037,0.14071,0.52130,0.49567,-0.48895,0.49344,14.63713
0.10869,0.15040,0.14071,0.52130,0.49567,-0.48895,0.49344,14.66649
0.10869,0.15043,0.14071,0.52130,0.49567,-0.48895,0.49344,14.69474
0.10869,0.15045,0.14071,0.52130,0.49567,-0.48895,0.49344,14.72188
0.10869,0.15048,0.14071,0.52130,0.49567,-0.48895,0.49344,14.74790
0.10869,0.15051,0.14071,0.52130,0.49567,-0.48895,0.49344,14.77277
0.10869,0.15053,0.14071,0.52130,0.49567,-0.48895,0.49344,14.79650
0.10869,0.15055,0.14071,0.52130,0.49567,-0.48895,0.49344,14.81906
0.10869,0.15057,0.14071,0.52130,0.49567,-0.48895,0.49344,14.84045
0.10869,0.15060,0.14071,0.52130,0.49567,-0.48895,0.49344,14.86066
0.10869,0.15061,0.14072,0.52130,0.49567,-0.48895,0.49344,14.87967
0.10869,0.15063,0.14072,0.52130,0.49567,-0.48895,0.49344,14.89747
0.10869,0.15065,0.14072,0.52130,0.49567,-0.48895,0.49344,14.91406
0.10869,0.15067,0.14072,0.52130,0.49567,-0.48895,0.49344,14.92943
0.10869,0.15068,0.14072,0.52130,0.49567,-0.48895,0.49344,14.94357
0.10869,0.15069,0.14072,0.52130,0.49567,-0.48895,0.49344,14.95645
0.10870,0.15071,0.14072,0.52130,0.49567,-0.48895,0.49344,14.96809
0.10870,0.15072,0.14072,0.52130,0.49567,-0.48895,0.49344,14.97847
0.10870,0.15073,0.14072,0.52130,0.49567,-0.48895,0.49344,14.98757
0.10870,0.15074,0.14072,0.52130,0.49567,-0.48895,0.49344,14.99540
0.10870,0.15074,0.14072,0.52130,0.49567,-0.48895,0.49344,15.00195
0.10870,0.15075,0.14072,0.52130,0.49567,-0.48895,0.49344,15.00720
0.10870,0.15075,0.14072,0.52130,0.49567,-0.48895,0.49344,15.01115
0.10870,0.15076,0.14072,0.52130,0.49567,-0.48895,0.49344,15.01379
0.10870,0.15076,0.14072,0.52130,0.49567,-0.48895,0.49344,15.01512
0.10870,0.15076,0.14072,0.52130,0.49567,-0.48895,0.49344,15.01514
0.10870,0.15076,0.14072,0.52130,0.49567,-0.48895,0.49344,15.01645
0.10870,0.15076,0.14072,0.52130,0.49567,-0.48895,0.49344,15.01909
0.10870,0.15075,0.14072,0.52130,0.49567,-0.48895,0.49344,15.02307
0.10870,0.15075,0.14072,0.52130,0.49567,-0.48895,0.49344,15.02840
0.10870,0.15074,0.14072,0.52130,0.49567,-0.48895,0.49344,15.03506
0.10870,0.15074,0.14072,0.52130,0.49567,-0.48895,0.49344,15.04308
0.10870,0.15073,0.14072,0.52130,0.49567,-0.48895,0.49344,15.05245
0.10870,0.15072,0.14072,0.52130,0.49567,-0.48895,0.49344,15.06317
0.10870,0.15071,0.14072,0.52130,0.49567,-0.48895,0.49344,15.07525
0.10869,0.15069,0.14072,0.52130,0.49567,-0.48895,0.49344,15.08870
0.10869,0.15068,0.14072,0.52130,0.49567,-0.48895,0.49344,15.10351
0.10869,0.15066,0.14072,0.52130,0.49567,-0.48895,0.49344,15.11968
0.10869,0.15065,0.14072,0.52130,0.49567,-0.48895,0.49344,15.13722
0.10869,0.15063,0.14072,0.52130,0.49567,-0.48895,0.49344,15.15613
0.10869,0.15061,0.14072,0.52130,0.49567,-0.48895,0.49344,15.17641
0.10869,0.15059,0.14071,0.52130,0.49567,-0.48895,0.49344,15.19806
0.10869,0.15057,0.14071,0.52130,0.49567,-0.48895,0.49344,15.22107
0.10869,0.15054,0.14071,0.52130,0.49567,-0.48895,0.49344,15.24546
0.10869,0.15052,0.14071,0.52130,0.49567,-0.48895,0.49344,15.27120
0.10869,0.15049,0.14071,0.52130,0.49567,-0.48895,0.49344,15.29832
0.10869,0.15046,0.14071,0.52130,0.49567,-0.48895,0.49344,15.32680
0.10869,0.15043,0.14071,0.52130,0.49567,-0.48895,0.49344,15.35664
0.10869,0.15040,0.14071,0.52130,0.49567,-0.48895,0.49344,15.38783
0.10869,0.15037,0.14071,0.52130,0.49567,-0.48895,0.49344,15.42039
0.10869,0.15034,0.14071,0.52130,0.49567,-0.48895,0.49344,15.45429
0.10869,0.15030,0.14070,0.52130,0.49567,-0.48895,0.49344,15.48954
0.10869,0.15027,0.14070,0.52130,0.49567,-0.48895,0.49344,15.52613
0.10869,0.15023,0.14070,0.52130,0.49567,-0.48895,0.49344,15.56406
0.10868,0.15019,0.14070,0.52130,0.49567,-0.48895,0.49344,15.60333
0.10868,0.15015,0.14070,0.52130,0.49567,-0.48895,0.49344,15.64392
0.10868,0.15011,0.14070,0.52130,0.49567,-0.48895,0.49344,15.68582
0.10868,0.15007,0.14070,0.52130,0.49567,-0.48895,0.49344,15.72905
0.10868,0.15002,0.14069,0.52130,0.49567,-0.48895,0.49344,15.77357
0.10868,0.14998,0.14069,0.52130,0.49567,-0.48895,0.49344,15.81940
0.10868,0.14993,0.14069,0.52130,0.49567,-0.48895,0.49344,15.86652
0.10868,0.14988,0.14069,0.52130,0.49567,-0.48895,0.49344,15.91491
0.10868,0.14984,0.14069,0.52130,0.49567,-0.48895,0.49344,15.96458
0.10868,0.14979,0.14069,0.52130,0.49567,-0.48895,0.49344,16.01551
0.10868,0.14973,0.14068,0.52130,0.49567,-0.48895,0.49344,16.06770
0.10867,0.14968,0.14068,0.52130,0.49567,-0.48895,0.49344,16.12112
0.10867,0.14963,0.14068,0.52130,0.49567,-0.48895,0.49344,16.17578
0.10867,0.14957,0.14068,0.52130,0.49567,-0.48895,0.49344,16.23165
0.10867,0.14951,0.14068,0.52130,0.49567,-0.48895,0.49344,16.28874
0.10867,0.14946,0.14068,0.52130,0.49567,-0.48895,0.49344,16.34701
0.10867,0.14940,0.14067,0.52130,0.49567,-0.48895,0.49344,16.40647
0.10867,0.14934,0.14067,0.52130,0.49567,-0.48895,0.49344,16.46710
0.10867,0.14928,0.14067,0.52130,0.49567,-0.48895,0.49344,16.52889
0.10866,0.14921,0.14067,0.52130,0.49567,-0.48895,0.49344,16.59181
0.10866,0.14915,0.14066,0.52130,0.49567,-0.48895,0.49344,16.65586
0.10866,0.14909,0.14066,0.52130,0.49567,-0.48895,0.49344,16.72102
0.10866,0.14902,0.14066,0.52130,0.49567,-0.48895,0.49344,16.78728
0.10866,0.14895,0.14066,0.52130,0.49567,-0.48895,0.49344,16.85461
0.10866,0.14889,0.14066,0.52130,0.49567,-0.48895,0.49344,16.92301
0.10866,0.14882,0.14065,0.52130,0.49567,-0.48895,0.49344,16.99245
0.10865,0.14875,0.14065,0.52130,0.49567,-0.48895,0.49344,17.06292
0.10865,0.14868,0.14065,0.52130,0.49567,-0.48895,0.49344,17.13440
0.10865,0.14860,0.14065,0.52130,0.49567,-0.48895,0.49344,17.20687
0.10865,0.14853,0.14064,0.52130,0.49567,-0.48895,0.49344,17.28031
0.10865,0.14846,0.14064,0.52130,0.49567,-0.48895,0.49344,17.35470
0.10865,0.14838,0.14064,0.52130,0.49567,-0.48895,0.49344,17.43003
0.10865,0.14831,0.14064,0.52130,0.49567,-0.48895,0.49344,17.50627
0.10864,0.14823,0.14063,0.52130,0.49567,-0.48895,0.49344,17.58340
0.10864,0.14815,0.14063,0.52130,0.49567,-0.48895,0.49344,17.66141
0.10864,0.14807,0.14063,0.52130,0.49567,-0.48895,0.49344,17.74026
0.10864,0.14799,0.14062,0.52130,0.49567,-0.48895,0.49344,17.81994
0.10864,0.14791,0.14062,0.52130,0.49567,-0.48895,0.49344,17.90042
0.10864,0.14783,0.14062,0.52130,0.49567,-0.48895,0.49344,17.98169
0.10863,0.14775,0.14062,0.52130,0.49567,-0.48895,0.49344,18.06371
0.10863,0.14767,0.14061,0.52130,0.49567,-0.48895,0.49344,18.14647
0.10863,0.14759,0.14061,0.52130,0.49567,-0.48895,0.49344,18.22994
0.10863,0.14750,0.14061,0.52130,0.49567,-0.48895,0.49344,18.31410
0.10863,0.14742,0.14060,0.52130,0.49567,-0.48895,0.49344,18.39891
0.10863,0.14733,0.14060,0.52130,0.49567,-0.48895,0.49344,18.48437
0.10862,0.14725,0.14060,0.52130,0.49567,-0.48895,0.49344,18.57043
0.10862,0.14716,0.14059,0.52130,0.49567,-0.48895,0.49344,18.65708
0.10862,0.14707,0.14059,0.52130,0.49567,-0.48895,0.49344,18.74429
0.10862,0.14699,0.14059,0.52130,0.49567,-0.48895,0.49344,18.83203
0.10862,0.14690,0.14059,0.52130,0.49567,-0.48895,0.49344,18.92027
0.10861,0.14681,0.14058,0.52130,0.49567,-0.48895,0.49344,19.00899
0.10861,0.14672,0.14058,0.52130,0.49567,-0.48895,0.49344,19.09816
0.10861,0.14663,0.14058,0.52130,0.49567,-0.48895,0.49344,19.18774
0.10861,0.14654,0.14057,0.52130,0.49567,-0.48895,0.49344,19.27772
0.10861,0.14645,0.14057,0.52130,0.49567,-0.48895,0.49344,19.36807
0.10861,0.14636,0.14057,0.52130,0.49567,-0.48895,0.49344,19.45874
0.10860,0.14627,0.14056,0.52130,0.49567,-0.48895,0.49344,19.54972
0.10860,0.14618,0.14056,0.52130,0.49567,-0.48895,0.49344,19.64098
0.10860,0.14609,0.14056,0.52130,0.49567,-0.48895,0.49344,19.73248
0.10860,0.14600,0.14055,0.52130,0.49567,-0.48895,0.49344,19.82419
0.10860,0.14590,0.14055,0.52130,0.49567,-0.48895,0.49344,19.91609
0.10859,0.14581,0.14055,0.52130,0.49567,-0.48895,0.49344,20.00814
0.10859,0.14572,0.14054,0.52130,0.49567,-0.48895,0.49344,20.10032
0.10859,0.14563,0.14054,0.52130,0.49567,-0.48895,0.49344,20.19258
0.10859,0.14554,0.14054,0.52130,0.49567,-0.48895,0.49344,20.28490
0.10859,0.14544,0.14053,0.52130,0.49567,-0.48895,0.49344,20.37725
0.10858,0.14535,0.14053,0.52130,0.49567,-0.48895,0.49344,20.46959
0.10858,0.14526,0.14053,0.52130,0.49567,-0.48895,0.49344,20.56190
0.10858,0.14517,0.14053,0.52130,0.49567,-0.48895,0.49344,20.65413
0.10858,0.14507,0.14052,0.52130,0.49567,-0.48895,0.49344,20.74626
0.10858,0.14498,0.14052,0.52130,0.49567,-0.48895,0.49344,20.83826
0.10858,0.14489,0.14052,0.52130,0.49567,-0.48895,0.49344,20.93009
0.10857,0.14480,0.14051,0.52130,0.49567,-0.48895,0.49344,21.02172
0.10857,0.14471,0.14051,0.52130,0.49567,-0.48895,0.49344,21.11311
0.10857,0.14462,0.14051,0.52130,0.49567,-0.48895,0.49344,21.20424
0.10857,0.14453,0.14050,0.52130,0.49567,-0.48895,0.49344,21.29506
0.10857,0.14443,0.14050,0.52130,0.49567,-0.48895,0.49344,21.38555
0.10856,0.14434,0.14050,0.52130,0.49567,-0.48895,0.49344,21.47567
0.10856,0.14425,0.14049,0.52130,0.49567,-0.48895,0.49344,21.56538
0.10856,0.14416,0.14049,0.52130,0.49567,-0.48895,0.49344,21.65466
0.10856,0.14408,0.14049,0.52130,0.49567,-0.48895,0.49344,21.74347
0.10856,0.14399,0.14048,0.52130,0.49567,-0.48895,0.49344,21.83178
0.10855,0.14390,0.14048,0.52130,0.49567,-0.48895,0.49344,21.91955
0.10855,0.14381,0.14048,0.52130,0.49567,-0.48895,0.49344,22.00674
0.10855,0.14372,0.14047,0.52130,0.49567,-0.48895,0.49344,22.09333
0.10855,0.14364,0.14047,0.52130,0.49567,-0.48895,0.49344,22.17928
0.10855,0.14355,0.14047,0.52130,0.49567,-0.48895,0.49344,22.26456
0.10855,0.14347,0.14047,0.52130,0.49567,-0.48895,0.49344,22.34913
0.10854,0.14338,0.14046,0.52130,0.49567,-0.48895,0.49344,22.43296
0.10854,0.14330,0.14046,0.52130,0.49567,-0.48895,0.49344,22.51601
0.10854,0.14322,0.14046,0.52130,0.49567,-0.48895,0.49344,22.59826
0.10854,0.14314,0.14045,0.52130,0.49567,-0.48895,0.49344,22.67966
0.10854,0.14305,0.14045,0.52130,0.49567,-0.48895,0.49344,22.76019
0.10854,0.14297,0.14045,0.52130,0.49567,-0.48895,0.49344,22.83981
0.10853,0.14290,0.14045,0.52130,0.49567,-0.48895,0.49344,22.91849
0.10853,0.14282,0.14044,0.52130,0.49567,-0.48895,0.49344,22.99619
0.10853,0.14274,0.14044,0.52130,0.49567,-0.48895,0.49344,23.07289
0.10853,0.14266,0.14044,0.52130,0.49567,-0.48895,0.49344,23.14855
0.10853,0.14259,0.14044,0.52130,0.49567,-0.48895,0.49344,23.22313
0.10853,0.14251,0.14043,0.52130,0.49567,-0.48895,0.49344,23.29661
0.10852,0.14244,0.14043,0.52130,0.49567,-0.48895,0.49344,23.36895
0.10852,0.14237,0.14043,0.52130,0.49567,-0.48895,0.49344,23.44013
0.10852,0.14230,0.14043,0.52130,0.49567,-0.48895,0.49344,23.51010
0.10852,0.14223,0.14042,0.52130,0.49567,-0.48895,0.49344,23.57885
0.10852,0.14216,0.14042,0.52130,0.49567,-0.48895,0.49344,23.64633
0.10852,0.14210,0.14042,0.52130,0.49567,-0.48895,0.49344,23.71252
0.10852,0.14203,0.14042,0.52130,0.49567,-0.48895,0.49344,23.77739
0.10852,0.14197,0.14041,0.52130,0.49567,-0.48895,0.49344,23.84091
0.10851,0.14190,0.14041,0.52130,0.49567,-0.48895,0.49344,23.90305
0.10851,0.14184,0.14041,0.52130,0.49567,-0.48895,0.49344,23.96377
0.10851,0.14178,0.14041,0.52130,0.49567,-0.48895,0.49344,24.02306
0.10851,0.14172,0.14041,0.52130,0.49567,-0.48895,0.49344,24.08088
0.10851,0.14167,0.14040,0.52130,0.49567,-0.48895,0.49344,24.13720
0.10851,0.14161,0.14040,0.52130,0.49567,-0.48895,0.49344,24.19201
0.10851,0.14156,0.14040,0.52130,0.49567,-0.48895,0.49344,24.24526
0.10851,0.14150,0.14040,0.52130,0.49567,-0.48895,0.49344,24.29693
0.10850,0.14145,0.14040,0.52130,0.49567,-0.48895,0.49344,24.34700
0.10850,0.14140,0.14039,0.52130,0.49567,-0.48895,0.49344,24.39545
0.10850,0.14136,0.14039,0.52130,0.49567,-0.48895,0.49344,24.44224
0.10850,0.14131,0.14039,0.52130,0.49567,-0.48895,0.49344,24.48735
0.10850,0.14127,0.14039,0.52130,0.49567,-0.48895,0.49344,24.53077
0.10850,0.14122,0.14039,0.52130,0.49567,-0.48895,0.49344,24.57245
0.10850,0.14118,0.14039,0.52130,0.49567,-0.48895,0.49344,24.61239
0.10850,0.14114,0.14038,0.52130,0.49567,-0.48895,0.49344,24.65056
0.10850,0.14111,0.14038,0.52130,0.49567,-0.48895,0.49344,24.68694
0.10850,0.14107,0.14038,0.52130,0.49567,-0.48895,0.49344,24.72150
0.10850,0.14104,0.14038,0.52130,0.49567,-0.48895,0.49344,24.75423
0.10850,0.14100,0.14038,0.52130,0.49567,-0.48895,0.49344,24.78511
0.10849,0.14097,0.14038,0.52130,0.49567,-0.48895,0.49344,24.81411
0.10849,0.14095,0.14038,0.52130,0.49567,-0.48895,0.49344,24.84123
0.10849,0.14092,0.14038,0.52130,0.49567,-0.48895,0.49344,24.86643
0.10849,0.14090,0.14038,0.52130,0.49567,-0.48895,0.49344,24.88971
0.10849,0.14087,0.14038,0.52130,0.49567,-0.48895,0.49344,24.91105
0.10849,0.14085,0.14037,0.52130,0.49567,-0.48895,0.49344,24.93043
0.10849,0.14084,0.14037,0.52130,0.49567,-0.48895,0.49344,24.94784
0.10849,0.14082,0.14037,0.52130,0.49567,-0.48895,0.49344,24.96326
0.10849,0.14080,0.14037,0.52130,0.49567,-0.48895,0.49344,24.97668
0.10849,0.14079,0.14037,0.52130,0.49567,-0.48895,0.49344,24.98809
0.10849,0.14078,0.14037,0.52130,0.49567,-0.48895,0.49344,24.99747
0.10849,0.14077,0.14037,0.52130,0.49567,-0.48895,0.49344,25.00482
0.10849,0.14077,0.14037,0.52130,0.49567,-0.48895,0.49344,25.01012
0.10849,0.14076,0.14037,0.52130,0.49567,-0.48895,0.49344,25.01337
0.10849,0.14076,0.14037,0.52130,0.49567,-0.48895,0.49344,25.01455
0.10849,0.14076,0.14037,0.52130,0.49567,-0.48895,0.49344,25.01544
0.10849,0.14076,0.14037,0.52130,0.49567,-0.48895,0.49344,25.01841
0.10849,0.14077,0.14037,0.52130,0.49567,-0.48895,0.49344,25.02346
0.10849,0.14077,0.14037,0.52130,0.49567,-0.48895,0.49344,25.03061
0.10849,0.14078,0.14037,0.52130,0.49567,-0.48895,0.49344,25.03985
0.10849,0.14079,0.14037,0.52130,0.49567,-0.48895,0.49344,25.05118
0.10849,0.14080,0.14037,0.52130,0.49567,-0.48895,0.49344,25.06462
0.10849,0.14082,0.14037,0.52130,0.49567,-0.48895,0.49344,25.08016
0.10849,0.14083,0.14037,0.52130,0.49567,-0.48895,0.49344,25.09780
0.10849,0.14085,0.14037,0.52130,0.49567,-0.48895,0.49344,25.11754
0.10849,0.14087,0.14038,0.52130,0.49567,-0.48895,0.49344,25.13939
0.10849,0.14090,0.14038,0.52130,0.49567,-0.48895,0.49344,25.16334
0.10849,0.14092,0.14038,0.52130,0.49567,-0.48895,0.49344,25.18938
0.10849,0.14095,0.14038,0.52130,0.49567,-0.48895,0.49344,25.21751
0.10849,0.14098,0.14038,0.52130,0.49567,-0.48895,0.49344,25.24773
0.10850,0.14101,0.14038,0.52130,0.49567,-0.48895,0.49344,25.28003
0.10850,0.14104,0.14038,0.52130,0.49567,-0.48895,0.49344,25.31441
0.10850,0.14108,0.14038,0.52130,0.49567,-0.48895,0.49344,25.35086
0.10850,0.14112,0.14038,0.52130,0.49567,-0.48895,0.49344,25.38936
0.10850,0.14115,0.14039,0.52130,0.49567,-0.48895,0.49344,25.42991
0.10850,0.14120,0.14039,0.52130,0.49567,-0.48895,0.49344,25.47250
0.10850,0.14124,0.14039,0.52130,0.49567,-0.48895,0.49344,25.51711
0.10850,0.14129,0.14039,0.52130,0.49567,-0.48895,0.49344,25.56374
0.10850,0.14133,0.14039,0.52130,0.49567,-0.48895,0.49344,25.61237
0.10850,0.14138,0.14039,0.52130,0.49567,-0.48895,0.49344,25.66298
0.10850,0.14143,0.14039,0.52130,0.49567,-0.48895,0.49344,25.71557
0.10851,0.14149,0.14040,0.52130,0.49567,-0.48895,0.49344,25.77010
0.10851,0.14154,0.14040,0.52130,0.49567,-0.48895,0.49344,25.82657
0.10851,0.14160,0.14040,0.52130,0.49567,-0.48895,0.49344,25.88496
0.10851,0.14166,0.14040,0.52130,0.49567,-0.48895,0.49344,25.94524
0.10851,0.14172,0.14041,0.52130,0.49567,-0.48895,0.49344,26.00740
0.10851,0.14178,0.14041,0.52130,0.49567,-0.48895,0.49344,26.07142
0.10851,0.14185,0.14041,0.52130,0.49567,-0.48895,0.49344,26.13727
0.10851,0.14192,0.14041,0.52130,0.49567,-0.48895,0.49344,26.20492
0.10852,0.14198,0.14041,0.52130,0.49567,-0.48895,0.49344,26.27436
0.10852,0.14206,0.14042,0.52130,0.49567,-0.48895,0.49344,26.34556
0.10852,0.14213,0.14042,0.52130,0.49567,-0.48895,0.49344,26.41850
0.10852,0.14220,0.14042,0.52130,0.49567,-0.48895,0.49344,26.49313
0.10852,0.14228,0.14042,0.52130,0.49567,-0.48895,0.49344,26.56945
0.10852,0.14235,0.14043,0.52130,0.49567,-0.48895,0.49344,26.64741
0.10852,0.14243,0.14043,0.52130,0.49567,-0.48895,0.49344,26.72699
0.10853,0.14251,0.14043,0.52130,0.49567,-0.48895,0.49344,26.80816
0.10853,0.14259,0.14044,0.52130,0.49567,-0.48895,0.49344,26.89088
0.10853,0.14268,0.14044,0.52130,0.49567,-0.48895,0.49344,26.97512
0.10853,0.14276,0.14044,0.52130,0.49567,-0.48895,0.49344,27.06085
0.10853,0.14285,0.14044,0.52130,0.49567,-0.48895,0.49344,27.14804
0.10854,0.14294,0.14045,0.52130,0.49567,-0.48895,0.49344,27.23664
0.10854,0.14303,0.14045,0.52130,0.49567,-0.48895,0.49344,27.32662
0.10854,0.14312,0.14045,0.52130,0.49567,-0.48895,0.49344,27.41794
0.10854,0.14321,0.14046,0.52130,0.49567,-0.48895,0.49344,27.51057
0.10854,0.14330,0.14046,0.52130,0.49567,-0.48895,0.49344,27.60447
0.10854,0.14340,0.14046,0.52130,0.49567,-0.48895,0.49344,27.69959
0.10855,0.14349,0.14047,0.52130,0.49567,-0.48895,0.49344,27.79590
0.10855,0.14359,0.14047,0.52130,0.49567,-0.48895,0.49344,27.89335
0.10855,0.14369,0.14047,0.52130,0.49567,-0.48895,0.49344,27.99191
0.10855,0.14379,0.14048,0.52130,0.49567,-0.48895,0.49344,28.09152
0.10855,0.14389,0.14048,0.52130,0.49567,-0.48895,0.49344,28.19215
0.10856,0.14399,0.14048,0.52130,0.49567,-0.48895,0.49344,28.29375
0.10856,0.14409,0.14049,0.52130,0.49567,-0.48895,0.49344,28.39627
0.10856,0.14419,0.14049,0.52130,0.49567,-0.48895,0.49344,28.49967
0.10856,0.14430,0.14050,0.52130,0.49567,-0.48895,0.49344,28.60391
0.10857,0.14440,0.14050,0.52130,0.49567,-0.48895,0.49344,28.70893
0.10857,0.14451,0.14050,0.52130,0.49567,-0.48895,0.49344,28.81469
0.10857,0.14461,0.14051,0.52130,0.49567,-0.48895,0.49344,28.92114
0.10857,0.14472,0.14051,0.52130,0.49567,-0.48895,0.49344,29.02823
0.10857,0.14483,0.14051,0.52130,0.49567,-0.48895,0.49344,29.13591
0.10858,0.14494,0.14052,0.52130,0.49567,-0.48895,0.49344,29.24413
0.10858,0.14504,0.14052,0.52130,0.49567,-0.48895,0.49344,29.35284
0.10858,0.14515,0.14052,0.52130,0.49567,-0.48895,0.49344,29.46198
0.10858,0.14526,0.14053,0.52130,0.49567,-0.48895,0.49344,29.57152
0.10859,0.14537,0.14053,0.52130,0.49567,-0.48895,0.49344,29.68138
0.10859,0.14548,0.14054,0.52130,0.49567,-0.48895,0.49344,29.79153
0.10859,0.14559,0.14054,0.52130,0.49567,-0.48895,0.49344,29.90190
0.10859,0.14570,0.14054,0.52130,0.49567,-0.48895,0.49344,30.01245
0.10859,0.14581,0.14055,0.52130,0.49567,-0.48895,0.49344,30.12312
0.10860,0.14592,0.14055,0.52130,0.49567,-0.48895,0.49344,30.23386
0.10860,0.14603,0.14056,0.52130,0.49567,-0.48895,0.49344,30.34460
0.10860,0.14615,0.14056,0.52130,0.49567,-0.48895,0.49344,30.45531
0.10860,0.14626,0.14056,0.52130,0.49567,-0.48895,0.49344,30.56591
0.10861,0.14637,0.14057,0.52130,0.49567,-0.48895,0.49344,30.67636
0.10861,0.14648,0.14057,0.52130,0.49567,-0.48895,0.49344,30.78660
0.10861,0.14659,0.14058,0.52130,0.49567,-0.48895,0.49344,30.89657
0.10861,0.14670,0.14058,0.52130,0.49567,-0.48895,0.49344,31.00622
0.10861,0.14681,0.14058,0.52130,0.49567,-0.48895,0.49344,31.11550
0.10862,0.14692,0.14059,0.52130,0.49567,-0.48895,0.49344,31.22434
0.10862,0.14702,0.14059,0.52130,0.49567,-0.48895,0.49344,31.33268
0.10862,0.14713,0.14059,0.52130,0.49567,-0.48895,0.49344,31.44049
0.10862,0.14724,0.14060,0.52130,0.49567,-0.48895,0.49344,31.54768
0.10863,0.14735,0.14060,0.52130,0.49567,-0.48895,0.49344,31.65422
0.10863,0.14745,0.14061,0.52130,0.49567,-0.48895,0.49344,31.76004
0.10863,0.14756,0.14061,0.52130,0.49567,-0.48895,0.49344,31.86509
0.10863,0.14766,0.14061,0.52130,0.49567,-0.48895,0.49344,31.96931
0.10863,0.14777,0.14062,0.52130,0.49567,-0.48895,0.49344,32.07265
0.10864,0.14787,0.14062,0.52130,0.49567,-0.48895,0.49344,32.17504
0.10864,0.14797,0.14062,0.52130,0.49567,-0.48895,0.49344,32.27644
0.10864,0.14807,0.14063,0.52130,0.49567,-0.48895,0.49344,32.37679
0.10864,0.14817,0.14063,0.52130,0.49567,-0.48895,0.49344,32.47603
0.10864,0.14827,0.14063,0.52130,0.49567,-0.48895,0.49344,32.57411
0.10865,0.14837,0.14064,0.52130,0.49567,-0.48895,0.49344,32.67097
0.10865,0.14846,0.14064,0.52130,0.49567,-0.48895,0.49344,32.76657
0.10865,0.14856,0.14064,0.52130,0.49567,-0.48895,0.49344,32.86083
0.10865,0.14865,0.14065,0.52130,0.49567,-0.48895,0.49344,32.95372
0.10865,0.14875,0.14065,0.52130,0.49567,-0.48895,0.49344,33.04518
0.10866,0.14884,0.14065,0.52130,0.49567,-0.48895,0.49344,33.13516
0.10866,0.14893,0.14066,0.52130,0.49567,-0.48895,0.49344,33.22360
0.10866,0.14901,0.14066,0.52130,0.49567,-0.48895,0.49344,33.31046
0.10866,0.14910,0.14066,0.52130,0.49567,-0.48895,0.49344,33.39567
0.10866,0.14918,0.14067,0.52130,0.49567,-0.48895,0.49344,33.47921
0.10867,0.14927,0.14067,0.52130,0.49567,-0.48895,0.49344,33.56100
0.10867,0.14935,0.14067,0.52130,0.49567,-0.48895,0.49344,33.64101
0.10867,0.14943,0.14067,0.52130,0.49567,-0.48895,0.49344,33.71918
0.10867,0.14950,0.14068,0.52130,0.49567,-0.48895,0.49344,33.79548
0.10867,0.14958,0.14068,0.52130,0.49567,-0.48895,0.49344,33.86984
0.10867,0.14965,0.14068,0.52130,0.49567,-0.48895,0.49344,33.94223
0.10867,0.14972,0.14068,0.52130,0.49567,-0.48895,0.49344,34.01261
0.10868,0.14979,0.14069,0.52130,0.49567,-0.48895,0.49344,34.08092
0.10868,0.14986,0.14069,0.52130,0.49567,-0.48895,0.49344,34.14713
0.10868,0.14993,0.14069,0.52130,0.49567,-0.48895,0.49344,34.21118
0.10868,0.14999,0.14069,0.52130,0.49567,-0.48895,0.49344,34.27305
0.10868,0.15005,0.14070,0.52130,0.49567,-0.48895,0.49344,34.33269
0.10868,0.15011,0.14070,0.52130,0.49567,-0.48895,0.49344,34.39006
0.10868,0.15016,0.14070,0.52130,0.49567,-0.48895,0.49344,34.44512
0.10869,0.15022,0.14070,0.52130,0.49567,-0.48895,0.49344,34.49784
0.10869,0.15027,0.14070,0.52130,0.49567,-0.48895,0.49344,34.54818
0.10869,0.15032,0.14071,0.52130,0.49567,-0.48895,0.49344,34.59611
0.10869,0.15037,0.14071,0.52130,0.49567,-0.48895,0.49344,34.64158
0.10869,0.15041,0.14071,0.52130,0.49567,-0.48895,0.49344,34.68457
0.10869,0.15045,0.14071,0.52130,0.49567,-0.48895,0.49344,34.72506
0.10869,0.15049,0.14071,0.52130,0.49567,-0.48895,0.49344,34.76300
0.10869,0.15053,0.14071,0.52130,0.49567,-0.48895,0.49344,34.79836
0.10869,0.15056,0.14071,0.52130,0.49567,-0.48895,0.49344,34.83113
0.10869,0.15059,0.14071,0.52130,0.49567,-0.48895,0.49344,34.86128
0.10869,0.15062,0.14072,0.52130,0.49567,-0.48895,0.49344,34.88877
0.10869,0.15065,0.14072,0.52130,0.49567,-0.48895,0.49344,34.91359
0.10869,0.15067,0.14072,0.52130,0.49567,-0.48895,0.49344,34.93572
0.10869,0.15069,0.14072,0.52130,0.49567,-0.48895,0.49344,34.95513
0.10870,0.15071,0.14072,0.52130,0.49567,-0.48895,0.49344,34.97181
0.10870,0.15073,0.14072,0.52130,0.49567,-0.48895,0.49344,34.98573
0.10870,0.15074,0.14072,0.52130,0.49567,-0.48895,0.49344,34.99689
0.10870,0.15075,0.14072,0.52130,0.49567,-0.48895,0.49344,35.00526
0.10870,0.15075,0.14072,0.52130,0.49567,-0.48895,0.49344,35.01083
0.10870,0.15076,0.14072,0.52130,0.49567,-0.48895,0.49344,35.01360
0.10870,0.15076,0.14072,0.52130,0.49567,-0.48895,0.49344,35.01365
0.10870,0.15076,0.14072,0.52130,0.49567,-0.48895,0.49344,35.01653
0.10870,0.15075,0.14072,0.52130,0.49567,-0.48895,0.49344,35.02224
0.10870,0.15075,0.14072,0.52130,0.49567,-0.48895,0.49344,35.03079
0.10870,0.15074,0.14072,0.52130,0.49567,-0.48895,0.49344,35.04218
0.10870,0.15072,0.14072,0.52130,0.49567,-0.48895,0.49344,35.05642
0.10870,0.15071,0.14072,0.52130,0.49567,-0.48895,0.49344,35.07350
0.10869,0.15069,0.14072,0.52130,0.49567,-0.48895,0.49344,35.09342
0.10869,0.15067,0.14072,0.52130,0.49567,-0.48895,0.49344,35.11619
0.10869,0.15064,0.14072,0.52130,0.49567,-0.48895,0.49344,35.14179
0.10869,0.15062,0.14072,0.52130,0.49567,-0.48895,0.49344,35.17022
0.10869,0.15059,0.14071,0.52130,0.49567,-0.48895,0.49344,35.20147
0.10869,0.15056,0.14071,0.52130,0.49567,-0.48895,0.49344,35.23553
0.10869,0.15052,0.14071,0.52130,0.49567,-0.48895,0.49344,35.27240
0.10869,0.15048,0.14071,0.52130,0.49567,-0.48895,0.49344,35.31205
0.10869,0.15044,0.14071,0.52130,0.49567,-0.48895,0.49344,35.35447
0.10869,0.15040,0.14071,0.52130,0.49567,-0.48895,0.49344,35.39965
0.10869,0.15035,0.14071,0.52130,0.49567,-0.48895,0.49344,35.44756
0.10869,0.15030,0.14070,0.52130,0.49567,-0.48895,0.49344,35.49820
0.10869,0.15025,0.14070,0.52130,0.49567,-0.48895,0.49344,35.55153
0.10868,0.15019,0.14070,0.52130,0.49567,-0.48895,0.49344,35.60753
0.10868,0.15014,0.14070,0.52130,0.49567,-0.48895,0.49344,35.66618
0.10868,0.15008,0.14070,0.52130,0.49567,-0.48895,0.49344,35.72745
0.10868,0.15001,0.14069,0.52130,0.49567,-0.48895,0.49344,35.79131
0.10868,0.14995,0.14069,0.52130,0.49567,-0.48895,0.49344,35.85773
0.10868,0.14988,0.14069,0.52130,0.49567,-0.48895,0.49344,35.92668
0.10868,0.14981,0.14069,0.52130,0.49567,-0.48895,0.49344,35.99812
0.10868,0.14974,0.14068,0.52130,0.49567,-0.48895,0.49344,36.07203
0.10867,0.14966,0.14068,0.52130,0.49567,-0.48895,0.49344,36.14836
0.10867,0.14959,0.14068,0.52130,0.49567,-0.48895,0.49344,36.22707
0.10867,0.14951,0.14068,0.52130,0.49567,-0.48895,0.49344,36.30812
0.10867,0.14942,0.14067,0.52130,0.49567,-0.48895,0.49344,36.39148
0.10867,0.14934,0.14067,0.52130,0.49567,-0.48895,0.49344,36.47710
0.10867,0.14925,0.14067,0.52130,0.49567,-0.48895,0.49344,36.56493
0.10866,0.14916,0.14066,0.52130,0.49567,-0.48895,0.49344,36.65492
0.10866,0.14907,0.14066,0.52130,0.49567,-0.48895,0.49344,36.74703
0.10866,0.14898,0.14066,0.52130,0.49567,-0.48895,0.49344,36.84121
0.10866,0.14888,0.14065,0.52130,0.49567,-0.48895,0.49344,36.93741
0.10866,0.14879,0.14065,0.52130,0.49567,-0.48895,0.49344,37.03557
0.10865,0.14869,0.14065,0.52130,0.49567,-0.48895,0.49344,37.13564
0.10865,0.14859,0.14064,0.52130,0.49567,-0.48895,0.49344,37.23756
0.10865,0.14848,0.14064,0.52130,0.49567,-0.48895,0.49344,37.34128
0.10865,0.14838,0.14064,0.52130,0.49567,-0.48895,0.49344,37.44674
0.10864,0.14827,0.14063,0.52130,0.49567,-0.48895,0.49344,37.55387
0.10864,0.14817,0.14063,0.52130,0.49567,-0.48895,0.49344,37.66262
0.10864,0.14806,0.14063,0.52130,0.49567,-0.48895,0.49344,37.77293
0.10864,0.14794,0.14062,0.52130,0.49567,-0.48895,0.49344,37.88472
0.10864,0.14783,0.14062,0.52130,0.49567,-0.48895,0.49344,37.99794
0.10863,0.14772,0.14061,0.52130,0.49567,-0.48895,0.49344,38.11252
0.10863,0.14760,0.14061,0.52130,0.49567,-0.48895,0.49344,38.22838
0.10863,0.14749,0.14061,0.52130,0.49567,-0.48895,0.49344,38.34547
0.10863,0.14737,0.14060,0.52130,0.49567,-0.48895,0.49344,38.46371
0.10862,0.14725,0.14060,0.52130,0.49567,-0.48895,0.49344,38.58303
0.10862,0.14713,0.14059,0.52130,0.49567,-0.48895,0.49344,38.70336
0.10862,0.14701,0.14059,0.52130,0.49567,-0.48895,0.49344,38.82462
0.10862,0.14689,0.14059,0.52130,0.49567,-0.48895,0.49344,38.94675
0.10861,0.14676,0.14058,0.52130,0.49567,-0.48895,0.49344,39.06966
0.10861,0.14664,0.14058,0.52130,0.49567,-0.48895,0.49344,39.19329
0.10861,0.14652,0.14057,0.52130,0.49567,-0.48895,0.49344,39.31755
0.10861,0.14639,0.14057,0.52130,0.49567,-0.48895,0.49344,39.44237
0.10860,0.14627,0.14056,0.52130,0.49567,-0.48895,0.49344,39.56767
0.10860,0.14614,0.14056,0.52130,0.49567,-0.48895,0.49344,39.69337
0.10860,0.14602,0.14056,0.52130,0.49567,-0.48895,0.49344,39.81940
0.10860,0.14589,0.14055,0.52130,0.49567,-0.48895,0.49344,39.94567
0.10859,0.14576,0.14055,0.52130,0.49567,-0.48895,0.49344,40.07209
0.10859,0.14564,0.14054,0.52130,0.49567,-0.48895,0.49344,40.19861
0.10859,0.14551,0.14054,0.52130,0.49567,-0.48895,0.49344,40.32512
0.10859,0.14538,0.14053,0.52130,0.49567,-0.48895,0.49344,40.45155
0.10858,0.14526,0.14053,0.52130,0.49567,-0.48895,0.49344,40.57781
0.10858,0.14513,0.14052,0.52130,0.49567,-0.48895,0.49344,40.70383
0.10858,0.14501,0.14052,0.52130,0.49567,-0.48895,0.49344,40.82952
0.10858,0.14488,0.14052,0.52130,0.49567,-0.48895,0.49344,40.95480
0.10857,0.14476,0.14051,0.52130,0.49567,-0.48895,0.49344,41.07959
0.10857,0.14463,0.14051,0.52130,0.49567,-0.48895,0.49344,41.20380
0.10857,0.14451,0.14050,0.52130,0.49567,-0.48895,0.49344,41.32735
0.10856,0.14438,0.14050,0.52130,0.49567,-0.48895,0.49344,41.45016
0.10856,0.14426,0.14049,0.52130,0.49567,-0.48895,0.49344,41.57215
0.10856,0.14414,0.14049,0.52130,0.49567,-0.48895,0.49344,41.69322
0.10856,0.14402,0.14049,0.52130,0.49567,-0.48895,0.49344,41.81331
0.10855,0.14390,0.14048,0.52130,0.49567,-0.48895,0.49344,41.93232
0.10855,0.14378,0.14048,0.52130,0.49567,-0.48895,0.49344,42.05019
0.10855,0.14366,0.14047,0.52130,0.49567,-0.48895,0.49344,42.16681
0.10855,0.14355,0.14047,0.52130,0.49567,-0.48895,0.49344,42.28212
0.10855,0.14343,0.14046,0.52130,0.49567,-0.48895,0.49344,42.39604
0.10854,0.14332,0.14046,0.52130,0.49567,-0.48895,0.49344,42.50848
0.10854,0.14321,0.14046,0.52130,0.49567,-0.48895,0.49344,42.61936
0.10854,0.14310,0.14045,0.52130,0.49567,-0.48895,0.49344,42.72862
0.10854,0.14299,0.14045,0.52130,0.49567,-0.48895,0.49344,42.83616
0.10853,0.14288,0.14045,0.52130,0.49567,-0.48895,0.49344,42.94191
0.10853,0.14278,0.14044,0.52130,0.49567,-0.48895,0.49344,43.04580
0.10853,0.14268,0.14044,0.52130,0.49567,-0.48895,0.49344,43.14775
0.10853,0.14257,0.14043,0.52130,0.49567,-0.48895,0.49344,43.24768
0.10853,0.14248,0.14043,0.52130,0.49567,-0.48895,0.49344,43.34553
0.10852,0.14238,0.14043,0.52130,0.49567,-0.48895,0.49344,43.44122
0.10852,0.14228,0.14042,0.52130,0.49567,-0.48895,0.49344,43.53469
0.10852,0.14219,0.14042,0.52130,0.49567,-0.48895,0.49344,43.62585
0.10852,0.14210,0.14042,0.52130,0.49567,-0.48895,0.49344,43.71464
0.10852,0.14201,0.14042,0.52130,0.49567,-0.48895,0.49344,43.80101
0.10851,0.14193,0.14041,0.52130,0.49567,-0.48895,0.49344,43.88487
0.10851,0.14185,0.14041,0.52130,0.49567,-0.48895,0.49344,43.96616
0.10851,0.14177,0.14041,0.52130,0.49567,-0.48895,0.49344,44.04483
0.10851,0.14169,0.14040,0.52130,0.49567,-0.48895,0.49344,44.12081
0.10851,0.14161,0.14040,0.52130,0.49567,-0.48895,0.49344,44.19405
0.10851,0.14154,0.14040,0.52130,0.49567,-0.48895,0.49344,44.26447
0.10850,0.14147,0.14040,0.52130,0.49567,-0.48895,0.49344,44.33204
0.10850,0.14141,0.14039,0.52130,0.49567,-0.48895,0.49344,44.39668
0.10850,0.14134,0.14039,0.52130,0.49567,-0.48895,0.49344,44.45836
0.10850,0.14128,0.14039,0.52130,0.49567,-0.48895,0.49344,44.51701
0.10850,0.14123,0.14039,0.52130,0.49567,-0.48895,0.49344,44.57260
0.10850,0.14117,0.14039,0.52130,0.49567,-0.48895,0.49344,44.62507
0.10850,0.14112,0.14038,0.52130,0.49567,-0.48895,0.49344,44.67438
0.10850,0.14107,0.14038,0.52130,0.49567,-0.48895,0.49344,44.72048
0.10850,0.14103,0.14038,0.52130,0.49567,-0.48895,0.49344,44.76333
0.10849,0.14099,0.14038,0.52130,0.49567,-0.48895,0.49344,44.80290
0.10849,0.14095,0.14038,0.52130,0.49567,-0.48895,0.49344,44.83915
0.10849,0.14092,0.14038,0.52130,0.49567,-0.48895,0.49344,44.87204
0.10849,0.14089,0.14038,0.52130,0.49567,-0.48895,0.49344,44.90154
0.10849,0.14086,0.14038,0.52130,0.49567,-0.48895,0.49344,44.92763
0.10849,0.14083,0.14037,0.52130,0.49567,-0.48895,0.49344,44.95027
0.10849,0.14081,0.14037,0.52130,0.49567,-0.48895,0.49344,44.96943
0.10849,0.14079,0.14037,0.52130,0.49567,-0.48895,0.49344,44.98510
0.10849,0.14078,0.14037,0.52130,0.49567,-0.48895,0.49344,44.99726
0.10849,0.14077,0.14037,0.52130,0.49567,-0.48895,0.49344,45.00588
0.10849,0.14076,0.14037,0.52130,0.49567,-0.48895,0.49344,45.01095
0.10849,0.14076,0.14037,0.52130,0.49567,-0.48895,0.49344,45.01246
0.10849,0.14076,0.14037,0.52130,0.49567,-0.48895,0.49344,45.01453
0.10849,0.14076,0.14037,0.52130,0.49567,-0.48895,0.49344,45.02017
0.10849,0.14077,0.14037,0.52130,0.49567,-0.48895,0.49344,45.02940
0.10849,0.14078,0.14037,0.52130,0.49567,-0.48895,0.49344,45.04222
0.10849,0.14080,0.14037,0.52130,0.49567,-0.48895,0.49344,45.05863
0.10849,0.14082,0.14037,0.52130,0.49567,-0.48895,0.49344,45.07863
0.10849,0.14084,0.14037,0.52130,0.49567,-0.48895,0.49344,45.10221
0.10849,0.14086,0.14038,0.52130,0.49567,-0.48895,0.49344,45.12936
0.10849,0.14089,0.14038,0.52130,0.49567,-0.48895,0.49344,45.16008
0.10849,0.14092,0.14038,0.52130,0.49567,-0.48895,0.49344,45.19435
0.10849,0.14096,0.14038,0.52130,0.49567,-0.48895,0.49344,45.23216
0.10850,0.14100,0.14038,0.52130,0.49567,-0.48895,0.49344,45.27349
0.10850,0.14104,0.14038,0.52130,0.49567,-0.48895,0.49344,45.31831
0.10850,0.14109,0.14038,0.52130,0.49567,-0.48895,0.49344,45.36661
0.10850,0.14114,0.14038,0.52130,0.49567,-0.48895,0.49344,45.41835
0.10850,0.14119,0.14039,0.52130,0.49567,-0.48895,0.49344,45.47352
0.10850,0.14125,0.14039,0.52130,0.49567,-0.48895,0.49344,45.53207
0.10850,0.14131,0.14039,0.52130,0.49567,-0.48895,0.49344,45.59397
0.10850,0.14137,0.14039,0.52130,0.49567,-0.48895,0.49344,45.65918
0.10850,0.14144,0.14040,0.52130,0.49567,-0.48895,0.49344,45.72768
0.10851,0.14151,0.14040,0.52130,0.49567,-0.48895,0.49344,45.79940
0.10851,0.14158,0.14040,0.52130,0.49567,-0.48895,0.49344,45.87432
0.10851,0.14166,0.14040,0.52130,0.49567,-0.48895,0.49344,45.95238
0.10851,0.14174,0.14041,0.52130,0.49567,-0.48895,0.49344,46.03352
0.10851,0.14182,0.14041,0.52130,0.49567,-0.48895,0.49344,46.11771
0.10851,0.14191,0.14041,0.52130,0.49567,-0.48895,0.49344,46.20488
0.10852,0.14200,0.14041,0.52130,0.49567,-0.48895,0.49344,46.29497
0.10852,0.14209,0.14042,0.52130,0.49567,-0.48895,0.49344,46.38793
0.10852,0.14218,0.14042,0.52130,0.49567,-0.48895,0.49344,46.48370
0.10852,0.14228,0.14042,0.52130,0.49567,-0.48895,0.49344,46.58220
0.10852,0.14238,0.14043,0.52130,0.49567,-0.48895,0.49344,46.68337
0.10853,0.14248,0.14043,0.52130,0.49567,-0.48895,0.49344,46.78715
0.10853,0.14259,0.14044,0.52130,0.49567,-0.48895,0.49344,46.89345
0.10853,0.14270,0.14044,0.52130,0.49567,-0.48895,0.49344,47.00221
0.10853,0.14281,0.14044,0.52130,0.49567,-0.48895,0.49344,47.11334
0.10853,0.14292,0.14045,0.52130,0.49567,-0.48895,0.49344,47.22678
0.10854,0.14303,0.14045,0.52130,0.49567,-0.48895,0.49344,47.34244
0.10854,0.14315,0.14045,0.52130,0.49567,-0.48895,0.49344,47.46023
0.10854,0.14327,0.14046,0.52130,0.49567,-0.48895,0.49344,47.58008
0.10854,0.14339,0.14046,0.52130,0.49567,-0.48895,0.49344,47.70189
0.10855,0.14351,0.14047,0.52130,0.49567,-0.48895,0.49344,47.82557
0.10855,0.14364,0.14047,0.52130,0.49567,-0.48895,0.49344,47.95105
0.10855,0.14376,0.14048,0.52130,0.49567,-0.48895,0.49344,48.07822
0.10855,0.14389,0.14048,0.52130,0.49567,-0.48895,0.49344,48.20698
0.10856,0.14402,0.14049,0.52130,0.49567,-0.48895,0.49344,48.33725
0.10856,0.14415,0.14049,0.52130,0.49567,-0.48895,0.49344,48.46893
0.10856,0.14428,0.14049,0.52130,0.49567,-0.48895,0.49344,48.60192
0.10857,0.14442,0.14050,0.52130,0.49567,-0.48895,0.49344,48.73612
0.10857,0.14455,0.14050,0.52130,0.49567,-0.48895,0.49344,48.87142
0.10857,0.14469,0.14051,0.52130,0.49567,-0.48895,0.49344,49.00773
0.10857,0.14482,0.14051,0.52130,0.49567,-0.48895,0.49344,49.14494
0.10858,0.14496,0.14052,0.52130,0.49567,-0.48895,0.49344,49.28294
0.10858,0.14510,0.14052,0.52130,0.49567,-0.48895,0.49344,49.42163
0.10858,0.14524,0.14053,0.52130,0.49567,-0.48895,0.49344,49.56090
0.10859,0.14538,0.14053,0.52130,0.49567,-0.48895,0.49344,49.70065
0.10859,0.14552,0.14054,0.52130,0.49567,-0.48895,0.49344,49.84076
0.10859,0.14566,0.14054,0.52130,0.49567,-0.48895,0.49344,49.98112
0.10859,0.14580,0.14055,0.52130,0.49567,-0.48895,0.49344,50.12163
0.10860,0.14594,0.14055,0.52130,0.49567,-0.48895,0.49344,50.26217
0.10860,0.14608,0.14056,0.52130,0.49567,-0.48895,0.49344,50.40263
0.10860,0.14622,0.14056,0.52130,0.49567,-0.48895,0.49344,50.54290
0.10861,0.14636,0.14057,0.52130,0.49567,-0.48895,0.49344,50.68286
0.10861,0.14650,0.14057,0.52130,0.49567,-0.48895,0.49344,50.82241
0.10861,0.14664,0.14058,0.52130,0.49567,-0.48895,0.49344,50.96144
0.10861,0.14678,0.14058,0.52130,0.49567,-0.48895,0.49344,51.09982
0.10862,0.14692,0.14059,0.52130,0.49567,-0.48895,0.49344,51.23744
0.10862,0.14705,0.14059,0.52130,0.49567,-0.48895,0.49344,51.37420
0.10862,0.14719,0.14060,0.52130,0.49567,-0.48895,0.49344,51.50999
0.10863,0.14733,0.14060,0.52130,0.49567,-0.48895,0.49344,51.64468
0.10863,0.14746,0.14061,0.52130,0.49567,-0.48895,0.49344,51.77817
0.10863,0.14759,0.14061,0.52130,0.49567,-0.48895,0.49344,51.91034
0.10863,0.14772,0.14061,0.52130,0.49567,-0.48895,0.49344,52.04110
0.10864,0.14785,0.14062,0.52130,0.49567,-0.48895,0.49344,52.17031
0.10864,0.14798,0.14062,0.52130,0.49567,-0.48895,0.49344,52.29789
0.10864,0.14811,0.14063,0.52130,0.49567,-0.48895,0.49344,52.42372
0.10864,0.14823,0.14063,0.52130,0.49567,-0.48895,0.49344,52.54768
0.10865,0.14836,0.14064,0.52130,0.49567,-0.48895,0.49344,52.66969
0.10865,0.14848,0.14064,0.52130,0.49567,-0.48895,0.49344,52.78962
0.10865,0.14860,0.14065,0.52130,0.49567,-0.48895,0.49344,52.90739
0.10865,0.14871,0.14065,0.52130,0.49567,-0.48895,0.49344,53.02288
0.10866,0.14883,0.14065,0.52130,0.49567,-0.48895,0.49344,53.13599
0.10866,0.14894,0.14066,0.52130,0.49567,-0.48895,0.49344,53.24664
0.10866,0.14905,0.14066,0.52130,0.49567,-0.48895,0.49344,53.35471
0.10866,0.14916,0.14066,0.52130,0.49567,-0.48895,0.49344,53.46011
0.10867,0.14926,0.14067,0.52130,0.49567,-0.48895,0.49344,53.56275
0.10867,0.14936,0.14067,0.52130,0.49567,-0.48895,0.49344,53.66254
0.10867,0.14946,0.14068,0.52130,0.49567,-0.48895,0.49344,53.75938
0.10867,0.14956,0.14068,0.52130,0.49567,-0.48895,0.49344,53.85320
0.10867,0.14965,0.14068,0.52130,0.49567,-0.48895,0.49344,53.94389
0.10868,0.14974,0.14068,0.52130,0.49567,-0.48895,0.49344,54.03139
0.10868,0.14982,0.14069,0.52130,0.49567,-0.48895,0.49344,54.11560
0.10868,0.14990,0.14069,0.52130,0.49567,-0.48895,0.49344,54.19646
0.10868,0.14998,0.14069,0.52130,0.49567,-0.48895,0.49344,54.27387
0.10868,0.15006,0.14070,0.52130,0.49567,-0.48895,0.49344,54.34778
0.10868,0.15013,0.14070,0.52130,0.49567,-0.48895,0.49344,54.41811
0.10868,0.15020,0.14070,0.52130,0.49567,-0.48895,0.49344,54.48478
0.10869,0.15027,0.14070,0.52130,0.49567,-0.48895,0.49344,54.54775
0.10869,0.15033,0.14071,0.52130,0.49567,-0.48895,0.49344,54.60693
0.10869,0.15038,0.14071,0.52130,0.49567,-0.48895,0.49344,54.66228
0.10869,0.15044,0.14071,0.52130,0.49567,-0.48895,0.49344,54.71373
0.10869,0.15049,0.14071,0.52130,0.49567,-0.48895,0.49344,54.76124
0.10869,0.15053,0.14071,0.52130,0.49567,-0.48895,0.49344,54.80476
0.10869,0.15057,0.14071,0.52130,0.49567,-0.48895,0.49344,54.84423
0.10869,0.15061,0.14072,0.52130,0.49567,-0.48895,0.49344,54.87961
0.10869,0.15064,0.14072,0.52130,0.49567,-0.48895,0.49344,54.91086
0.10869,0.15067,0.14072,0.52130,0.49567,-0.48895,0.49344,54.93795
0.10870,0.15070,0.14072,0.52130,0.49567,-0.48895,0.49344,54.96085
0.10870,0.15072,0.14072,0.52130,0.49567,-0.48895,0.49344,54.97951
0.10870,0.15074,0.14072,0.52130,0.49567,-0.48895,0.49344,54.99392
0.10870,0.15075,0.14072,0.52130,0.49567,-0.48895,0.49344,55.00406
0.10870,0.15076,0.14072,0.52130,0.49567,-0.48895,0.49344,55.00989
0.10870,0.15076,0.14072,0.52130,0.49567,-0.48895,0.49344,55.01142
0.10870,0.15076,0.14072,0.52130,0.49567,-0.48895,0.49344,55.01422
0.10870,0.15075,0.14072,0.52130,0.49567,-0.48895,0.49344,55.02135
0.10870,0.15074,0.14072,0.52130,0.49567,-0.48895,0.49344,55.03281
0.10870,0.15073,0.14072,0.52130,0.49567,-0.48895,0.49344,55.04862
0.10870,0.15071,0.14072,0.52130,0.49567,-0.48895,0.49344,55.06875
0.10869,0.15069,0.14072,0.52130,0.49567,-0.48895,0.49344,55.09321
0.10869,0.15066,0.14072,0.52130,0.49567,-0.48895,0.49344,55.12199
0.10869,0.15063,0.14072,0.52130,0.49567,-0.48895,0.49344,55.15507
0.10869,0.15060,0.14071,0.52130,0.49567,-0.48895,0.49344,55.19243
0.10869,0.15056,0.14071,0.52130,0.49567,-0.48895,0.49344,55.23405
0.10869,0.15051,0.14071,0.52130,0.49567,-0.48895,0.49344,55.27990
0.10869,0.15047,0.14071,0.52130,0.49567,-0.48895,0.49344,55.32995
0.10869,0.15041,0.14071,0.52130,0.49567,-0.48895,0.49344,55.38418
0.10869,0.15036,0.14071,0.52130,0.49567,-0.48895,0.49344,55.44253
0.10869,0.15030,0.14070,0.52130,0.49567,-0.48895,0.49344,55.50498
0.10869,0.15023,0.14070,0.52130,0.49567,-0.48895,0.49344,55.57147
0.10868,0.15017,0.14070,0.52130,0.49567,-0.48895,0.49344,55.64195
0.10868,0.15009,0.14070,0.52130,0.49567,-0.48895,0.49344,55.71637
0.10868,0.15002,0.14069,0.52130,0.49567,-0.48895,0.49344,55.79468
0.10868,0.14994,0.14069,0.52130,0.49567,-0.48895,0.49344,55.87681
0.10868,0.14985,0.14069,0.52130,0.49567,-0.48895,0.49344,55.96269
0.10868,0.14976,0.14069,0.52130,0.49567,-0.48895,0.49344,56.05227
0.10867,0.14967,0.14068,0.52130,0.49567,-0.48895,0.49344,56.14547
0.10867,0.14958,0.14068,0.52130,0.49567,-0.48895,0.49344,56.24221
0.10867,0.14948,0.14068,0.52130,0.49567,-0.48895,0.49344,56.34242
0.10867,0.14938,0.14067,0.52130,0.49567,-0.48895,0.49344,56.44601
0.10867,0.14927,0.14067,0.52130,0.49567,-0.48895,0.49344,56.55290
0.10866,0.14916,0.14066,0.52130,0.49567,-0.48895,0.49344,56.66300
0.10866,0.14905,0.14066,0.52130,0.49567,-0.48895,0.49344,56.77622
0.10866,0.14894,0.14066,0.52130,0.49567,-0.48895,0.49344,56.89245
0.10866,0.14882,0.14065,0.52130,0.49567,-0.48895,0.49344,57.01161
0.10865,0.14870,0.14065,0.52130,0.49567,-0.48895,0.49344,57.13359
0.10865,0.14858,0.14064,0.52130,0.49567,-0.48895,0.49344,57.25828
0.10865,0.14845,0.14064,0.52130,0.49567,-0.48895,0.49344,57.38559
0.10865,0.14832,0.14064,0.52130,0.49567,-0.48895,0.49344,57.51539
0.10864,0.14819,0.14063,0.52130,0.49567,-0.48895,0.49344,57.64758
0.10864,0.14806,0.14063,0.52130,0.49567,-0.48895,0.49344,57.78204
0.10864,0.14792,0.14062,0.52130,0.49567,-0.48895,0.49344,57.91865
0.10863,0.14778,0.14062,0.52130,0.49567,-0.48895,0.49344,58.05729
0.10863,0.14764,0.14061,0.52130,0.49567,-0.48895,0.49344,58.19784
0.10863,0.14750,0.14061,0.52130,0.49567,-0.48895,0.49344,58.34017
0.10863,0.14736,0.14060,0.52130,0.49567,-0.48895,0.49344,58.48416
0.10862,0.14721,0.14060,0.52130,0.49567,-0.48895,0.49344,58.62967
0.10862,0.14707,0.14059,0.52130,0.49567,-0.48895,0.49344,58.77658
0.10862,0.14692,0.14059,0.52130,0.49567,-0.48895,0.49344,58.92474
0.10861,0.14677,0.14058,0.52130,0.49567,-0.48895,0.49344,59.07403
0.10861,0.14662,0.14058,0.52130,0.49567,-0.48895,0.49344,59.22431
0.10861,0.14647,0.14057,0.52130,0.49567,-0.48895,0.49344,59.37544
0.10860,0.14632,0.14057,0.52130,0.49567,-0.48895,0.49344,59.52729
0.10860,0.14617,0.14056,0.52130,0.49567,-0.48895,0.49344,59.67970
0.10860,0.14601,0.14055,0.52130,0.49567,-0.48895,0.49344,59.83254
0.10860,0.14586,0.14055,0.52130,0.49567,-0.48895,0.49344,59.98567
0.10859,0.14571,0.14054,0.52130,0.49567,-0.48895,0.49344,60.13894
0.10859,0.14556,0.14054,0.52130,0.49567,-0.48895,0.49344,60.29221
0.10859,0.14540,0.14053,0.52130,0.49567,-0.48895,0.49344,60.44534
0.10858,0.14525,0.14053,0.52130,0.49567,-0.48895,0.49344,60.59817
0.10858,0.14510,0.14052,0.52130,0.49567,-0.48895,0.49344,60.75056
0.10858,0.14494,0.14052,0.52130,0.49567,-0.48895,0.49344,60.90238
0.10857,0.14479,0.14051,0.52130,0.49567,-0.48895,0.49344,61.05346
0.10857,0.14464,0.14051,0.52130,0.49567,-0.48895,0.49344,61.20368
0.10857,0.14449,0.14050,0.52130,0.49567,-0.48895,0.49344,61.35287
0.10856,0.14434,0.14050,0.52130,0.49567,-0.48895,0.49344,61.50090
0.10856,0.14420,0.14049,0.52130,0.49567,-0.48895,0.49344,61.64762
0.10856,0.14405,0.14049,0.52130,0.49567,-0.48895,0.49344,61.79289
0.10856,0.14391,0.14048,0.52130,0.49567,-0.48895,0.49344,61.93657
0.10855,0.14376,0.14048,0.52130,0.49567,-0.48895,0.49344,62.07851
0.10855,0.14362,0.14047,0.52130,0.49567,-0.48895,0.49344,62.21858
0.10855,0.14348,0.14047,0.52130,0.49567,-0.48895,0.49344,62.35663
0.10854,0.14335,0.14046,0.52130,0.49567,-0.48895,0.49344,62.49253
0.10854,0.14321,0.14046,0.52130,0.49567,-0.48895,0.49344,62.62614
0.10854,0.14308,0.14045,0.52130,0.49567,-0.48895,0.49344,62.75732
0.10854,0.14295,0.14045,0.52130,0.49567,-0.48895,0.49344,62.88595
0.10853,0.14282,0.14044,0.52130,0.49567,-0.48895,0.49344,63.01189
0.10853,0.14270,0.14044,0.52130,0.49567,-0.48895,0.49344,63.13501
0.10853,0.14257,0.14043,0.52130,0.49567,-0.48895,0.49344,63.25519
0.10853,0.14246,0.14043,0.52130,0.49567,-0.48895,0.49344,63.37230
0.10852,0.14234,0.14043,0.52130,0.49567,-0.48895,0.49344,63.48622
0.10852,0.14223,0.14042,0.52130,0.49567,-0.48895,0.49344,63.59684
0.10852,0.14212,0.14042,0.52130,0.49567,-0.48895,0.49344,63.70404
0.10852,0.14201,0.14042,0.52130,0.49567,-0.48895,0.49344,63.80770
0.10851,0.14191,0.14041,0.52130,0.49567,-0.48895,0.49344,63.90771
0.10851,0.14181,0.14041,0.52130,0.49567,-0.48895,0.49344,64.00397
0.10851,0.14172,0.14041,0.52130,0.49567,-0.48895,0.49344,64.09637
0.10851,0.14163,0.14040,0.52130,0.49567,-0.48895,0.49344,64.18482
0.10851,0.14154,0.14040,0.52130,0.49567,-0.48895,0.49344,64.26921
0.10850,0.14146,0.14040,0.52130,0.49567,-0.48895,0.49344,64.34946
0.10850,0.14138,0.14039,0.52130,0.49567,-0.48895,0.49344,64.42548
0.10850,0.14131,0.14039,0.52130,0.49567,-0.48895,0.49344,64.49717
0.10850,0.14124,0.14039,0.52130,0.49567,-0.48895,0.49344,64.56447
0.10850,0.14117,0.14039,0.52130,0.49567,-0.48895,0.49344,64.62728
0.10850,0.14111,0.14038,0.52130,0.49567,-0.48895,0.49344,64.68555
0.10850,0.14106,0.14038,0.52130,0.49567,-0.48895,0.49344,64.73919
0.10850,0.14101,0.14038,0.52130,0.49567,-0.48895,0.49344,64.78815
0.10849,0.14096,0.14038,0.52130,0.49567,-0.48895,0.49344,64.83237
0.10849,0.14092,0.14038,0.52130,0.49567,-0.48895,0.49344,64.87179
0.10849,0.14088,0.14038,0.52130,0.49567,-0.48895,0.49344,64.90636
0.10849,0.14085,0.14037,0.52130,0.49567,-0.48895,0.49344,64.93604
0.10849,0.14082,0.14037,0.52130,0.49567,-0.48895,0.49344,64.96078
0.10849,0.14080,0.14037,0.52130,0.49567,-0.48895,0.49344,64.98055
0.10849,0.14078,0.14037,0.52130,0.49567,-0.48895,0.49344,64.99532
0.10849,0.14077,0.14037,0.52130,0.49567,-0.48895,0.49344,65.00505
0.10849,0.14076,0.14037,0.52130,0.49567,-0.48895,0.49344,65.00974
0.10849,0.14076,0.14037,0.52130,0.49567,-0.48895,0.49344,65.01012
0.10849,0.14076,0.14037,0.52130,0.49567,-0.48895,0.49344,65.01558
0.10849,0.14077,0.14037,0.52130,0.49567,-0.48895,0.49344,65.02612
0.10849,0.14078,0.14037,0.52130,0.49567,-0.48895,0.49344,65.04174
0.10849,0.14080,0.14037,0.52130,0.49567,-0.48895,0.49344,65.06245
0.10849,0.14083,0.14037,0.52130,0.49567,-0.48895,0.49344,65.08822
0.10849,0.14085,0.14037,0.52130,0.49567,-0.48895,0.49344,65.11905
0.10849,0.14089,0.14038,0.52130,0.49567,-0.48895,0.49344,65.15492
0.10849,0.14093,0.14038,0.52130,0.49567,-0.48895,0.49344,65.19579
0.10849,0.14097,0.14038,0.52130,0.49567,-0.48895,0.49344,65.24164
0.10850,0.14102,0.14038,0.52130,0.49567,-0.48895,0.49344,65.29243
0.10850,0.14107,0.14038,0.52130,0.49567,-0.48895,0.49344,65.34812
0.10850,0.14113,0.14038,0.52130,0.49567,-0.48895,0.49344,65.40867
0.10850,0.14119,0.14039,0.52130,0.49567,-0.48895,0.49344,65.47402
0.10850,0.14126,0.14039,0.52130,0.49567,-0.48895,0.49344,65.54411
0.10850,0.14133,0.14039,0.52130,0.49567,-0.48895,0.49344,65.61889
0.10850,0.14141,0.14039,0.52130,0.49567,-0.48895,0.49344,65.69828
0.10851,0.14149,0.14040,0.52130,0.49567,-0.48895,0.49344,65.78221
0.10851,0.14158,0.14040,0.52130,0.49567,-0.48895,0.49344,65.87061
0.10851,0.14167,0.14040,0.52130,0.49567,-0.48895,0.49344,65.96339
0.10851,0.14176,0.14041,0.52130,0.49567,-0.48895,0.49344,66.06047
0.10851,0.14186,0.14041,0.52130,0.49567,-0.48895,0.49344,66.16174
0.10851,0.14196,0.14041,0.52130,0.49567,-0.48895,0.49344,66.26713
0.10852,0.14207,0.14042,0.52130,0.49567,-0.48895,0.49344,66.37652
0.10852,0.14218,0.14042,0.52130,0.49567,-0.48895,0.49344,66.48981
0.10852,0.14230,0.14043,0.52130,0.49567,-0.48895,0.49344,66.60688
0.10852,0.14242,0.14043,0.52130,0.49567,-0.48895,0.49344,66.72763
0.10853,0.14254,0.14043,0.52130,0.49567,-0.48895,0.49344,66.85193
0.10853,0.14267,0.14044,0.52130,0.49567,-0.48895,0.49344,66.97966
0.10853,0.14280,0.14044,0.52130,0.49567,-0.48895,0.49344,67.11069
0.10853,0.14293,0.14045,0.52130,0.49567,-0.48895,0.49344,67.24489
0.10854,0.14306,0.14045,0.52130,0.49567,-0.48895,0.49344,67.38212
0.10854,0.14320,0.14046,0.52130,0.49567,-0.48895,0.49344,67.52224
0.10854,0.14334,0.14046,0.52130,0.49567,-0.48895,0.49344,67.66512
0.10855,0.14349,0.14047,0.52130,0.49567,-0.48895,0.49344,67.81060
0.10855,0.14364,0.14047,0.52130,0.49567,-0.48895,0.49344,67.95853
0.10855,0.14378,0.14048,0.52130,0.49567,-0.48895,0.49344,68.10877
0.10856,0.14394,0.14048,0.52130,0.49567,-0.48895,0.49344,68.26115
0.10856,0.14409,0.14049,0.52130,0.49567,-0.48895,0.49344,68.41551
0.10856,0.14424,0.14049,0.52130,0.49567,-0.48895,0.49344,68.57170
0.10857,0.14440,0.14050,0.52130,0.49567,-0.48895,0.49344,68.72955
0.10857,0.14456,0.14050,0.52130,0.49567,-0.48895,0.49344,68.88890
0.10857,0.14472,0.14051,0.52130,0.49567,-0.48895,0.49344,69.04956
0.10858,0.14488,0.14052,0.52130,0.49567,-0.48895,0.49344,69.21138
0.10858,0.14504,0.14052,0.52130,0.49567,-0.48895,0.49344,69.37418
0.10858,0.14521,0.14053,0.52130,0.49567,-0.48895,0.49344,69.53779
0.10859,0.14537,0.14053,0.52130,0.49567,-0.48895,0.49344,69.70202
0.10859,0.14554,0.14054,0.52130,0.49567,-0.48895,0.49344,69.86671
0.10859,0.14570,0.14054,0.52130,0.49567,-0.48895,0.49344,70.03167
0.10860,0.14587,0.14055,0.52130,0.49567,-0.48895,0.49344,70.19673
0.10860,0.14603,0.14056,0.52130,0.49567,-0.48895,0.49344,70.36170
0.10860,0.14620,0.14056,0.52130,0.49567,-0.48895,0.49344,70.52640
0.10861,0.14636,0.14057,0.52130,0.49567,-0.48895,0.49344,70.69065
0.10861,0.14652,0.14057,0.52130,0.49567,-0.48895,0.49344,70.85428
0.10861,0.14669,0.14058,0.52130,0.49567,-0.48895,0.49344,71.01709
0.10862,0.14685,0.14058,0.52130,0.49567,-0.48895,0.49344,71.17891
0.10862,0.14701,0.14059,0.52130,0.49567,-0.48895,0.49344,71.33956
0.10862,0.14717,0.14060,0.52130,0.49567,-0.48895,0.49344,71.49886
0.10863,0.14733,0.14060,0.52130,0.49567,-0.48895,0.49344,71.65663
0.10863,0.14749,0.14061,0.52130,0.49567,-0.48895,0.49344,71.81269
0.10863,0.14764,0.14061,0.52130,0.49567,-0.48895,0.49344,71.96686
0.10864,0.14779,0.14062,0.52130,0.49567,-0.48895,0.49344,72.11897
0.10864,0.14795,0.14062,0.52130,0.49567,-0.48895,0.49344,72.26884
0.10864,0.14809,0.14063,0.52130,0.49567,-0.48895,0.49344,72.41631
0.10864,0.14824,0.14063,0.52130,0.49567,-0.48895,0.49344,72.56120
0.10865,0.14838,0.14064,0.52130,0.49567,-0.48895,0.49344,72.70335
0.10865,0.14853,0.14064,0.52130,0.49567,-0.48895,0.49344,72.84259
0.10865,0.14866,0.14065,0.52130,0.49567,-0.48895,0.49344,72.97876
0.10866,0.14880,0.14065,0.52130,0.49567,-0.48895,0.49344,73.11169
0.10866,0.14893,0.14066,0.52130,0.49567,-0.48895,0.49344,73.24124
0.10866,0.14906,0.14066,0.52130,0.49567,-0.48895,0.49344,73.36726
0.10866,0.14918,0.14067,0.52130,0.49567,-0.48895,0.49344,73.48958
0.10867,0.14930,0.14067,0.52130,0.49567,-0.48895,0.49344,73.60807
0.10867,0.14942,0.14067,0.52130,0.49567,-0.48895,0.49344,73.72258
0.10867,0.14953,0.14068,0.52130,0.49567,-0.48895,0.49344,73.83297
0.10867,0.14964,0.14068,0.52130,0.49567,-0.48895,0.49344,73.93912
0.10868,0.14974,0.14068,0.52130,0.49567,-0.48895,0.49344,74.04089
0.10868,0.14984,0.14069,0.52130,0.49567,-0.48895,0.49344,74.13816
0.10868,0.14994,0.14069,0.52130,0.49567,-0.48895,0.49344,74.23080
0.10868,0.15003,0.14070,0.52130,0.49567,-0.48895,0.49344,74.31870
0.10868,0.15011,0.14070,0.52130,0.49567,-0.48895,0.49344,74.40175
0.10868,0.15019,0.14070,0.52130,0.49567,-0.48895,0.49344,74.47985
0.10869,0.15027,0.14070,0.52130,0.49567,-0.48895,0.49344,74.55290
0.10869,0.15034,0.14071,0.52130,0.49567,-0.48895,0.49344,74.62079
0.10869,0.15040,0.14071,0.52130,0.49567,-0.48895,0.49344,74.68345
0.10869,0.15046,0.14071,0.52130,0.49567,-0.48895,0.49344,74.74079
0.10869,0.15052,0.14071,0.52130,0.49567,-0.48895,0.49344,74.79273
0.10869,0.15057,0.14071,0.52130,0.49567,-0.48895,0.49344,74.83920
0.10869,0.15061,0.14072,0.52130,0.49567,-0.48895,0.49344,74.88014
0.10869,0.15065,0.14072,0.52130,0.49567,-0.48895,0.49344,74.91548
0.10869,0.15068,0.14072,0.52130,0.49567,-0.48895,0.49344,74.94517
0.10870,0.15071,0.14072,0.52130,0.49567,-0.48895,0.49344,74.96918
0.10870,0.15073,0.14072,0.52130,0.49567,-0.48895,0.49344,74.98745
0.10870,0.15075,0.14072,0.52130,0.49567,-0.48895,0.49344,74.99996
0.10870,0.15076,0.14072,0.52130,0.49567,-0.48895,0.49344,75.00667
0.10870,0.15076,0.14072,0.52130,0.49567,-0.48895,0.49344,75.00757
0.10870,0.15076,0.14072,0.52130,0.49567,-0.48895,0.49344,75.01250
0.10870,0.15075,0.14072,0.52130,0.49567,-0.48895,0.49344,75.02325
0.10870,0.15074,0.14072,0.52130,0.49567,-0.48895,0.49344,75.03984
0.10870,0.15072,0.14072,0.52130,0.49567,-0.48895,0.49344,75.06225
0.10869,0.15069,0.14072,0.52130,0.49567,-0.48895,0.49344,75.09047
0.10869,0.15066,0.14072,0.52130,0.49567,-0.48895,0.49344,75.12448
0.10869,0.15062,0.14072,0.52130,0.49567,-0.48895,0.49344,75.16425
0.10869,0.15058,0.14071,0.52130,0.49567,-0.48895,0.49344,75.20975
0.10869,0.15053,0.14071,0.52130,0.49567,-0.48895,0.49344,75.26094
0.10869,0.15048,0.14071,0.52130,0.49567,-0.48895,0.49344,75.31776
0.10869,0.15042,0.14071,0.52130,0.49567,-0.48895,0.49344,75.38016
0.10869,0.15035,0.14071,0.52130,0.49567,-0.48895,0.49344,75.44808
0.10869,0.15028,0.14070,0.52130,0.49567,-0.48895,0.49344,75.52144
0.10868,0.15021,0.14070,0.52130,0.49567,-0.48895,0.49344,75.60019
0.10868,0.15013,0.14070,0.52130,0.49567,-0.48895,0.49344,75.68422
0.10868,0.15004,0.14070,0.52130,0.49567,-0.48895,0.49344,75.77345
0.10868,0.14995,0.14069,0.52130,0.49567,-0.48895,0.49344,75.86779
0.10868,0.14985,0.14069,0.52130,0.49567,-0.48895,0.49344,75.96714
0.10868,0.14975,0.14069,0.52130,0.49567,-0.48895,0.49344,76.07138
0.10867,0.14964,0.14068,0.52130,0.49567,-0.48895,0.49344,76.18040
0.10867,0.14953,0.14068,0.52130,0.49567,-0.48895,0.49344,76.29408
0.10867,0.14941,0.14067,0.52130,0.49567,-0.48895,0.49344,76.41229
0.10867,0.14929,0.14067,0.52130,0.49567,-0.48895,0.49344,76.53491
0.10866,0.14917,0.14067,0.52130,0.49567,-0.48895,0.49344,76.66178
0.10866,0.14904,0.14066,0.52130,0.49567,-0.48895,0.49344,76.79278
0.10866,0.14891,0.14066,0.52130,0.49567,-0.48895,0.49344,76.92774
0.10866,0.14877,0.14065,0.52130,0.49567,-0.48895,0.49344,77.06651
0.10865,0.14863,0.14065,0.52130,0.49567,-0.48895,0.49344,77.20894
0.10865,0.14849,0.14064,0.52130,0.49567,-0.48895,0.49344,77.35485
0.10865,0.14834,0.14064,0.52130,0.49567,-0.48895,0.49344,77.50408
0.10864,0.14819,0.14063,0.52130,0.49567,-0.48895,0.49344,77.65645
0.10864,0.14803,0.14063,0.52130,0.49567,-0.48895,0.49344,77.81179
0.10864,0.14788,0.14062,0.52130,0.49567,-0.48895,0.49344,77.96990
0.10863,0.14772,0.14061,0.52130,0.49567,-0.48895,0.49344,78.13061
0.10863,0.14755,0.14061,0.52130,0.49567,-0.48895,0.49344,78.29372
0.10863,0.14739,0.14060,0.52130,0.49567,-0.48895,0.49344,78.45903
0.10862,0.14722,0.14060,0.52130,0.49567,-0.48895,0.49344,78.62636
0.10862,0.14706,0.14059,0.52130,0.49567,-0.48895,0.49344,78.79549
0.10862,0.14689,0.14059,0.52130,0.49567,-0.48895,0.49344,78.96622
0.10861,0.14671,0.14058,0.52130,0.49567,-0.48895,0.49344,79.13835
0.10861,0.14654,0.14057,0.52130,0.49567,-0.48895,0.49344,79.31166
0.10861,0.14637,0.14057,0.52130,0.49567,-0.48895,0.49344,79.48595
0.10860,0.14619,0.14056,0.52130,0.49567,-0.48895,0.49344,79.66100
0.10860,0.14602,0.14056,0.52130,0.49567,-0.48895,0.49344,79.83660
0.10859,0.14584,0.14055,0.52130,0.49567,-0.48895,0.49344,80.01252
0.10859,0.14567,0.14054,0.52130,0.49567,-0.48895,0.49344,80.18856
0.10859,0.14549,0.14054,0.52130,0.49567,-0.48895,0.49344,80.36449
0.10858,0.14531,0.14053,0.52130,0.49567,-0.48895,0.49344,80.54010
0.10858,0.14514,0.14052,0.52130,0.49567,-0.48895,0.49344,80.71515
0.10858,0.14496,0.14052,0.52130,0.49567,-0.48895,0.49344,80.88945
0.10857,0.14479,0.14051,0.52130,0.49567,-0.48895,0.49344,81.06276
0.10857,0.14462,0.14051,0.52130,0.49567,-0.48895,0.49344,81.23486
0.10857,0.14445,0.14050,0.52130,0.49567,-0.48895,0.49344,81.40555
0.10856,0.14428,0.14049,0.52130,0.49567,-0.48895,0.49344,81.57459
0.10856,0.14411,0.14049,0.52130,0.49567,-0.48895,0.49344,81.74178
0.10856,0.14394,0.14048,0.52130,0.49567,-0.48895,0.49344,81.90691
0.10855,0.14378,0.14048,0.52130,0.49567,-0.48895,0.49344,82.06975
0.10855,0.14362,0.14047,0.52130,0.49567,-0.48895,0.49344,82.23010
0.10855,0.14346,0.14047,0.52130,0.49567,-0.48895,0.49344,82.38776
0.10854,0.14330,0.14046,0.52130,0.49567,-0.48895,0.49344,82.54251
0.10854,0.14315,0.14045,0.52130,0.49567,-0.48895,0.49344,82.69415
0.10854,0.14300,0.14045,0.52130,0.49567,-0.48895,0.49344,82.84249
0.10853,0.14285,0.14044,0.52130,0.49567,-0.48895,0.49344,82.98733
0.10853,0.14271,0.14044,0.52130,0.49567,-0.48895,0.49344,83.12849
0.10853,0.14257,0.14043,0.52130,0.49567,-0.48895,0.49344,83.26576
0.10852,0.14243,0.14043,0.52130,0.49567,-0.48895,0.49344,83.39898
0.10852,0.14230,0.14043,0.52130,0.49567,-0.48895,0.49344,83.52796
0.10852,0.14218,0.14042,0.52130,0.49567,-0.48895,0.49344,83.65252
0.10852,0.14205,0.14042,0.52130,0.49567,-0.48895,0.49344,83.77251
0.10851,0.14194,0.14041,0.52130,0.49567,-0.48895,0.49344,83.88775
0.10851,0.14182,0.14041,0.52130,0.49567,-0.48895,0.49344,83.99809
0.10851,0.14171,0.14040,0.52130,0.49567,-0.48895,0.49344,84.10338
0.10851,0.14161,0.14040,0.52130,0.49567,-0.48895,0.49344,84.20348
0.10851,0.14151,0.14040,0.52130,0.49567,-0.48895,0.49344,84.29823
0.10850,0.14142,0.14039,0.52130,0.49567,-0.48895,0.49344,84.38752
0.10850,0.14134,0.14039,0.52130,0.49567,-0.48895,0.49344,84.47121
0.10850,0.14125,0.14039,0.52130,0.49567,-0.48895,0.49344,84.54918
0.10850,0.14118,0.14039,0.52130,0.49567,-0.48895,0.49344,84.62133
0.10850,0.14111,0.14038,0.52130,0.49567,-0.48895,0.49344,84.68754
0.10850,0.14105,0.14038,0.52130,0.49567,-0.48895,0.49344,84.74772
0.10849,0.14099,0.14038,0.52130,0.49567,-0.48895,0.49344,84.80178
0.10849,0.14094,0.14038,0.52130,0.49567,-0.48895,0.49344,84.84964
0.10849,0.14089,0.14038,0.52130,0.49567,-0.48895,0.49344,84.89122
0.10849,0.14086,0.14038,0.52130,0.49567,-0.48895,0.49344,84.92645
0.10849,0.14082,0.14037,0.52130,0.49567,-0.48895,0.49344,84.95527
0.10849,0.14080,0.14037,0.52130,0.49567,-0.48895,0.49344,84.97765
0.10849,0.14078,0.14037,0.52130,0.49567,-0.48895,0.49344,84.99352
0.10849,0.14077,0.14037,0.52130,0.49567,-0.48895,0.49344,85.00287
0.10849,0.14076,0.14037,0.52130,0.49567,-0.48895,0.49344,85.00566
0.10849,0.14076,0.14037,0.52130,0.49567,-0.48895,0.49344,85.00944
0.10849,0.14077,0.14037,0.52130,0.49567,-0.48895,0.49344,85.01980
0.10849,0.14078,0.14037,0.52130,0.49567,-0.48895,0.49344,85.03675
0.10849,0.14080,0.14037,0.52130,0.49567,-0.48895,0.49344,85.06026
0.10849,0.14083,0.14037,0.52130,0.49567,-0.48895,0.49344,85.09032
0.10849,0.14086,0.14038,0.52130,0.49567,-0.48895,0.49344,85.12691
0.10849,0.14090,0.14038,0.52130,0.49567,-0.48895,0.49344,85.16999
0.10849,0.14095,0.14038,0.52130,0.49567,-0.48895,0.49344,85.21952
0.10850,0.14100,0.14038,0.52130,0.49567,-0.48895,0.49344,85.27543
0.10850,0.14106,0.14038,0.52130,0.49567,-0.48895,0.49344,85.33768
0.10850,0.14113,0.14038,0.52130,0.49567,-0.48895,0.49344,85.40618
0.10850,0.14120,0.14039,0.52130,0.49567,-0.48895,0.49344,85.48087
0.10850,0.14127,0.14039,0.52130,0.49567,-0.48895,0.49344,85.56165
0.10850,0.14136,0.14039,0.52130,0.49567,-0.48895,0.49344,85.64842
0.10850,0.14145,0.14040,0.52130,0.49567,-0.48895,0.49344,85.74109
0.10851,0.14154,0.14040,0.52130,0.49567,-0.48895,0.49344,85.83953
0.10851,0.14165,0.14040,0.52130,0.49567,-0.48895,0.49344,85.94363
0.10851,0.14175,0.14041,0.52130,0.49567,-0.48895,0.49344,86.05326
0.10851,0.14186,0.14041,0.52130,0.49567,-0.48895,0.49344,86.16828
0.10852,0.14198,0.14041,0.52130,0.49567,-0.48895,0.49344,86.28855
0.10852,0.14211,0.14042,0.52130,0.49567,-0.48895,0.49344,86.41391
0.10852,0.14223,0.14042,0.52130,0.49567,-0.48895,0.49344,86.54421
0.10852,0.14237,0.14043,0.52130,0.49567,-0.48895,0.49344,86.67928
0.10853,0.14250,0.14043,0.52130,0.49567,-0.48895,0.49344,86.81894
0.10853,0.14265,0.14044,0.52130,0.49567,-0.48895,0.49344,86.96301
0.10853,0.14279,0.14044,0.52130,0.49567,-0.48895,0.49344,87.11132
0.10854,0.14294,0.14045,0.52130,0.49567,-0.48895,0.49344,87.26365
0.10854,0.14310,0.14045,0.52130,0.49567,-0.48895,0.49344,87.41981
0.10854,0.14325,0.14046,0.52130,0.49567,-0.48895,0.49344,87.57961
0.10854,0.14342,0.14046,0.52130,0.49567,-0.48895,0.49344,87.74281
0.10855,0.14358,0.14047,0.52130,0.49567,-0.48895,0.49344,87.90922
0.10855,0.14375,0.14048,0.52130,0.49567,-0.48895,0.49344,88.07860
0.10856,0.14392,0.14048,0.52130,0.49567,-0.48895,0.49344,88.25073
0.10856,0.14409,0.14049,0.52130,0.49567,-0.48895,0.49344,88.42539
0.10856,0.14427,0.14049,0.52130,0.49567,-0.48895,0.49344,88.60232
0.10857,0.14445,0.14050,0.52130,0.49567,-0.48895,0.49344,88.78130
0.10857,0.14463,0.14051,0.52130,0.49567,-0.48895,0.49344,88.96208
0.10857,0.14481,0.14051,0.52130,0.49567,-0.48895,0.49344,89.14442
0.10858,0.14499,0.14052,0.52130,0.49567,-0.48895,0.49344,89.32806
0.10858,0.14518,0.14053,0.52130,0.49567,-0.48895,0.49344,89.51275
0.10858,0.14536,0.14053,0.52130,0.49567,-0.48895,0.49344,89.69825
0.10859,0.14555,0.14054,0.52130,0.49567,-0.48895,0.49344,89.88429
0.10859,0.14573,0.14055,0.52130,0.49567,-0.48895,0.49344,90.07061
0.10860,0.14592,0.14055,0.52130,0.49567,-0.48895,0.49344,90.25697
0.10860,0.14611,0.14056,0.52130,0.49567,-0.48895,0.49344,90.44309
0.10860,0.14629,0.14056,0.52130,0.49567,-0.48895,0.49344,90.62872
0.10861,0.14648,0.14057,0.52130,0.49567,-0.48895,0.49344,90.81360
0.10861,0.14666,0.14058,0.52130,0.49567,-0.48895,0.49344,90.99746
0.10862,0.14684,0.14058,0.52130,0.49567,-0.48895,0.49344,91.18005
0.10862,0.14703,0.14059,0.52130,0.49567,-0.48895,0.49344,91.36112
0.10862,0.14721,0.14060,0.52130,0.49567,-0.48895,0.49344,91.54039
0.10863,0.14738,0.14060,0.52130,0.49567,-0.48895,0.49344,91.71762
0.10863,0.14756,0.14061,0.52130,0.49567,-0.48895,0.49344,91.89256
0.10863,0.14773,0.14061,0.52130,0.49567,-0.48895,0.49344,92.06495
0.10864,0.14791,0.14062,0.52130,0.49567,-0.48895,0.49344,92.23454
0.10864,0.14807,0.14063,0.52130,0.49567,-0.48895,0.49344,92.40109
0.10864,0.14824,0.14063,0.52130,0.49567,-0.48895,0.49344,92.56436
0.10865,0.14840,0.14064,0.52130,0.49567,-0.48895,0.49344,92.72411
0.10865,0.14856,0.14064,0.52130,0.49567,-0.48895,0.49344,92.88011
0.10865,0.14871,0.14065,0.52130,0.49567,-0.48895,0.49344,93.03212
0.10866,0.14886,0.14065,0.52130,0.49567,-0.48895,0.49344,93.17993
0.10866,0.14901,0.14066,0.52130,0.49567,-0.48895,0.49344,93.32331
0.10866,0.14915,0.14066,0.52130,0.49567,-0.48895,0.49344,93.46206
0.10867,0.14929,0.14067,0.52130,0.49567,-0.48895,0.49344,93.59597
0.10867,0.14942,0.14067,0.52130,0.49567,-0.48895,0.49344,93.72483
0.10867,0.14954,0.14068,0.52130,0.49567,-0.48895,0.49344,93.84845
0.10867,0.14966,0.14068,0.52130,0.49567,-0.48895,0.49344,93.96665
0.10868,0.14978,0.14069,0.52130,0.49567,-0.48895,0.49344,94.07924
0.10868,0.14989,0.14069,0.52130,0.49567,-0.48895,0.49344,94.18605
0.10868,0.14999,0.14069,0.52130,0.49567,-0.48895,0.49344,94.28692
0.10868,0.15009,0.14070,0.52130,0.49567,-0.48895,0.49344,94.38170
0.10868,0.15018,0.14070,0.52130,0.49567,-0.48895,0.49344,94.47022
0.10869,0.15027,0.14070,0.52130,0.49567,-0.48895,0.49344,94.55236
0.10869,0.15035,0.14071,0.52130,0.49567,-0.48895,0.49344,94.62798
0.10869,0.15042,0.14071,0.52130,0.49567,-0.48895,0.49344,94.69697
0.10869,0.15048,0.14071,0.52130,0.49567,-0.48895,0.49344,94.75920
0.10869,0.15054,0.14071,0.52130,0.49567,-0.48895,0.49344,94.81458
0.10869,0.15060,0.14071,0.52130,0.49567,-0.48895,0.49344,94.86301
0.10869,0.15064,0.14072,0.52130,0.49567,-0.48895,0.49344,94.90440
0.10869,0.15068,0.14072,0.52130,0.49567,-0.48895,0.49344,94.93870
0.10870,0.15071,0.14072,0.52130,0.49567,-0.48895,0.49344,94.96582
0.10870,0.15073,0.14072,0.52130,0.49567,-0.48895,0.49344,94.98573
0.10870,0.15075,0.14072,0.52130,0.49567,-0.48895,0.49344,94.99837
0.10870,0.15076,0.14072,0.52130,0.49567,-0.48895,0.49344,95.00371
0.10870,0.15076,0.14072,0.52130,0.49567,-0.48895,0.49344,95.00568
0.10870,0.15075,0.14072,0.52130,0.49567,-0.48895,0.49344,95.01499
0.10870,0.15074,0.14072,0.52130,0.49567,-0.48895,0.49344,95.03162
0.10870,0.15072,0.14072,0.52130,0.49567,-0.48895,0.49344,95.05556
0.10869,0.15069,0.14072,0.52130,0.49567,-0.48895,0.49344,95.08681
0.10869,0.15066,0.14072,0.52130,0.49567,-0.48895,0.49344,95.12532
0.10869,0.15062,0.14072,0.52130,0.49567,-0.48895,0.49344,95.17104
0.10869,0.15057,0.14071,0.52130,0.49567,-0.48895,0.49344,95.22394
0.10869,0.15051,0.14071,0.52130,0.49567,-0.48895,0.49344,95.28393
0.10869,0.15045,0.14071,0.52130,0.49567,-0.48895,0.49344,95.35096
0.10869,0.15038,0.14071,0.52130,0.49567,-0.48895,0.49344,95.42492
0.10869,0.15030,0.14070,0.52130,0.49567,-0.48895,0.49344,95.50572
0.10868,0.15021,0.14070,0.52130,0.49567,-0.48895,0.49344,95.59326
0.10868,0.15012,0.14070,0.52130,0.49567,-0.48895,0.49344,95.68741
0.10868,0.15003,0.14070,0.52130,0.49567,-0.48895,0.49344,95.78805
0.10868,0.14992,0.14069,0.52130,0.49567,-0.48895,0.49344,95.89505
0.10868,0.14981,0.14069,0.52130,0.49567,-0.48895,0.49344,96.00824
0.10867,0.14970,0.14068,0.52130,0.49567,-0.48895,0.49344,96.12748
0.10867,0.14957,0.14068,0.52130,0.49567,-0.48895,0.49344,96.25260
0.10867,0.14945,0.14067,0.52130,0.49567,-0.48895,0.49344,96.38341
0.10867,0.14931,0.14067,0.52130,0.49567,-0.48895,0.49344,96.51974
0.10866,0.14917,0.14067,0.52130,0.49567,-0.48895,0.49344,96.66139
0.10866,0.14903,0.14066,0.52130,0.49567,-0.48895,0.49344,96.80816
0.10866,0.14888,0.14065,0.52130,0.49567,-0.48895,0.49344,96.95982
0.10865,0.14873,0.14065,0.52130,0.49567,-0.48895,0.49344,97.11618
0.10865,0.14857,0.14064,0.52130,0.49567,-0.48895,0.49344,97.27699
0.10865,0.14840,0.14064,0.52130,0.49567,-0.48895,0.49344,97.44201
0.10864,0.14824,0.14063,0.52130,0.49567,-0.48895,0.49344,97.61102
0.10864,0.14807,0.14063,0.52130,0.49567,-0.48895,0.49344,97.78376
0.10864,0.14789,0.14062,0.52130,0.49567,-0.48895,0.49344,97.95997
0.10863,0.14771,0.14061,0.52130,0.49567,-0.48895,0.49344,98.13939
0.10863,0.14753,0.14061,0.52130,0.49567,-0.48895,0.49344,98.32176
0.10863,0.14735,0.14060,0.52130,0.49567,-0.48895,0.49344,98.50680
0.10862,0.14716,0.14059,0.52130,0.49567,-0.48895,0.49344,98.69424
0.10862,0.14697,0.14059,0.52130,0.49567,-0.48895,0.49344,98.88378
0.10861,0.14678,0.14058,0.52130,0.49567,-0.48895,0.49344,99.07516
0.10861,0.14659,0.14058,0.52130,0.49567,-0.48895,0.49344,99.26807
0.10861,0.14640,0.14057,0.52130,0.49567,-0.48895,0.49344,99.46222
0.10860,0.14620,0.14056,0.52130,0.49567,-0.48895,0.49344,99.65733
0.10860,0.14601,0.14055,0.52130,0.49567,-0.48895,0.49344,99.85308
0.10859,0.14581,0.14055,0.52130,0.49567,-0.48895,0.49344,100.04918
0.10859,0.14562,0.14054,0.52130,0.49567,-0.48895,0.49344,100.24533
0.10859,0.14542,0.14053,0.52130,0.49567,-0.48895,0.49344,100.44122
0.10858,0.14522,0.14053,0.52130,0.49567,-0.48895,0.49344,100.63655
0.10858,0.14503,0.14052,0.52130,0.49567,-0.48895,0.49344,100.83103
0.10857,0.14483,0.14051,0.52130,0.49567,-0.48895,0.49344,101.02433
0.10857,0.14464,0.14051,0.52130,0.49567,-0.48895,0.49344,101.21618
0.10857,0.14445,0.14050,0.52130,0.49567,-0.48895,0.49344,101.40625
0.10856,0.14426,0.14049,0.52130,0.49567,-0.48895,0.49344,101.59426
0.10856,0.14407,0.14049,0.52130,0.49567,-0.48895,0.49344,101.77991
0.10855,0.14389,0.14048,0.52130,0.49567,-0.48895,0.49344,101.96290
0.10855,0.14371,0.14047,0.52130,0.49567,-0.48895,0.49344,102.14295
0.10855,0.14353,0.14047,0.52130,0.49567,-0.48895,0.49344,102.31976
0.10854,0.14336,0.14046,0.52130,0.49567,-0.48895,0.49344,102.49306
0.10854,0.14318,0.14046,0.52130,0.49567,-0.48895,0.49344,102.66256
0.10854,0.14302,0.14045,0.52130,0.49567,-0.48895,0.49344,102.82801
0.10853,0.14285,0.14044,0.52130,0.49567,-0.48895,0.49344,102.98911
0.10853,0.14269,0.14044,0.52130,0.49567,-0.48895,0.49344,103.14563
0.10853,0.14254,0.14043,0.52130,0.49567,-0.48895,0.49344,103.29730
0.10852,0.14239,0.14043,0.52130,0.49567,-0.48895,0.49344,103.44387
0.10852,0.14225,0.14042,0.52130,0.49567,-0.48895,0.49344,103.58510
0.10852,0.14211,0.14042,0.52130,0.49567,-0.48895,0.49344,103.72077
0.10852,0.14198,0.14041,0.52130,0.49567,-0.48895,0.49344,103.85064
0.10851,0.14185,0.14041,0.52130,0.49567,-0.48895,0.49344,103.97451
0.10851,0.14173,0.14041,0.52130,0.49567,-0.48895,0.49344,104.09216
0.10851,0.14161,0.14040,0.52130,0.49567,-0.48895,0.49344,104.20339
0.10851,0.14151,0.14040,0.52130,0.49567,-0.48895,0.49344,104.30802
0.10850,0.14140,0.14039,0.52130,0.49567,-0.48895,0.49344,104.40587
0.10850,0.14131,0.14039,0.52130,0.49567,-0.48895,0.49344,104.49678
0.10850,0.14122,0.14039,0.52130,0.49567,-0.48895,0.49344,104.58057
0.10850,0.14114,0.14038,0.52130,0.49567,-0.48895,0.49344,104.65711
0.10850,0.14107,0.14038,0.52130,0.49567,-0.48895,0.49344,104.72627
0.10850,0.14100,0.14038,0.52130,0.49567,-0.48895,0.49344,104.78791
0.10849,0.14095,0.14038,0.52130,0.49567,-0.48895,0.49344,104.84193
0.10849,0.14090,0.14038,0.52130,0.49567,-0.48895,0.49344,104.88823
0.10849,0.14085,0.14037,0.52130,0.49567,-0.48895,0.49344,104.92671
0.10849,0.14082,0.14037,0.52130,0.49567,-0.48895,0.49344,104.95730
0.10849,0.14079,0.14037,0.52130,0.49567,-0.48895,0.49344,104.97994
0.10849,0.14077,0.14037,0.52130,0.49567,-0.48895,0.49344,104.99458
0.10849,0.14076,0.14037,0.52130,0.49567,-0.48895,0.49344,105.00118
0.10849,0.14076,0.14037,0.52130,0.49567,-0.48895,0.49344,105.00265
0.10849,0.14077,0.14037,0.52130,0.49567,-0.48895,0.49344,105.01219
0.10849,0.14078,0.14037,0.52130,0.49567,-0.48895,0.49344,105.02981
0.10849,0.14080,0.14037,0.52130,0.49567,-0.48895,0.49344,105.05549
0.10849,0.14083,0.14037,0.52130,0.49567,-0.48895,0.49344,105.08921
0.10849,0.14087,0.14038,0.52130,0.49567,-0.48895,0.49344,105.13092
0.10849,0.14091,0.14038,0.52130,0.49567,-0.48895,0.49344,105.18057
0.10849,0.14097,0.14038,0.52130,0.49567,-0.48895,0.49344,105.23810
0.10850,0.14103,0.14038,0.52130,0.49567,-0.48895,0.49344,105.30342
0.10850,0.14110,0.14038,0.52130,0.49567,-0.48895,0.49344,105.37644
0.10850,0.14118,0.14039,0.52130,0.49567,-0.48895,0.49344,105.45706
0.10850,0.14126,0.14039,0.52130,0.49567,-0.48895,0.49344,105.54515
0.10850,0.14135,0.14039,0.52130,0.49567,-0.48895,0.49344,105.64059
0.10850,0.14145,0.14040,0.52130,0.49567,-0.48895,0.49344,105.74324
0.10851,0.14156,0.14040,0.52130,0.49567,-0.48895,0.49344,105.85293
0.10851,0.14167,0.14040,0.52130,0.49567,-0.48895,0.49344,105.96949
0.10851,0.14179,0.14041,0.52130,0.49567,-0.48895,0.49344,106.09276
0.10851,0.14192,0.14041,0.52130,0.49567,-0.48895,0.49344,106.22253
0.10852,0.14205,0.14042,0.52130,0.49567,-0.48895,0.49344,106.35861
0.10852,0.14219,0.14042,0.52130,0.49567,-0.48895,0.49344,106.50078
0.10852,0.14233,0.14043,0.52130,0.49567,-0.48895,0.49344,106.64882
0.10853,0.14248,0.14043,0.52130,0.49567,-0.48895,0.49344,106.80249
0.10853,0.14264,0.14044,0.52130,0.49567,-0.48895,0.49344,106.96155
0.10853,0.14280,0.14044,0.52130,0.49567,-0.48895,0.49344,107.12574
0.10854,0.14297,0.14045,0.52130,0.49567,-0.48895,0.49344,107.29480
0.10854,0.14314,0.14045,0.52130,0.49567,-0.48895,0.49344,107.46845
0.10854,0.14332,0.14046,0.52130,0.49567,-0.48895,0.49344,107.64642
0.10855,0.14350,0.14047,0.52130,0.49567,-0.48895,0.49344,107.82842
0.10855,0.14368,0.14047,0.52130,0.49567,-0.48895,0.49344,108.01414
0.10855,0.14387,0.14048,0.52130,0.49567,-0.48895,0.49344,108.20329
0.10856,0.14406,0.14049,0.52130,0.49567,-0.48895,0.49344,108.39556
0.10856,0.14425,0.14049,0.52130,0.49567,-0.48895,0.49344,108.59062
0.10857,0.14445,0.14050,0.52130,0.49567,-0.48895,0.49344,108.78816
0.10857,0.14465,0.14051,0.52130,0.49567,-0.48895,0.49344,108.98785
0.10857,0.14485,0.14051,0.52130,0.49567,-0.48895,0.49344,109.18935
0.10858,0.14505,0.14052,0.52130,0.49567,-0.48895,0.49344,109.39233
0.10858,0.14525,0.14053,0.52130,0.49567,-0.48895,0.49344,109.59646
0.10859,0.14546,0.14054,0.52130,0.49567,-0.48895,0.49344,109.80138
0.10859,0.14566,0.14054,0.52130,0.49567,-0.48895,0.49344,110.00676
0.10860,0.14587,0.14055,0.52130,0.49567,-0.48895,0.49344,110.21224
0.10860,0.14608,0.14056,0.52130,0.49567,-0.48895,0.49344,110.41749
0.10860,0.14628,0.14056,0.52130,0.49567,-0.48895,0.49344,110.62214
0.10861,0.14648,0.14057,0.52130,0.49567,-0.48895,0.49344,110.82586
0.10861,0.14669,0.14058,0.52130,0.49567,-0.48895,0.49344,111.02830
0.10862,0.14689,0.14059,0.52130,0.49567,-0.48895,0.49344,111.22910
0.10862,0.14709,0.14059,0.52130,0.49567,-0.48895,0.49344,111.42793
0.10862,0.14729,0.14060,0.52130,0.49567,-0.48895,0.49344,111.62443
0.10863,0.14748,0.14061,0.52130,0.49567,-0.48895,0.49344,111.81828
0.10863,0.14767,0.14061,0.52130,0.49567,-0.48895,0.49344,112.00914
0.10864,0.14786,0.14062,0.52130,0.49567,-0.48895,0.49344,112.19667
0.10864,0.14805,0.14063,0.52130,0.49567,-0.48895,0.49344,112.38055
0.10864,0.14823,0.14063,0.52130,0.49567,-0.48895,0.49344,112.56046
0.10865,0.14841,0.14064,0.52130,0.49567,-0.48895,0.49344,112.73607
0.10865,0.14858,0.14064,0.52130,0.49567,-0.48895,0.49344,112.90709
0.10865,0.14875,0.14065,0.52130,0.49567,-0.48895,0.49344,113.07321
0.10866,0.14892,0.14066,0.52130,0.49567,-0.48895,0.49344,113.23413
0.10866,0.14907,0.14066,0.52130,0.49567,-0.48895,0.49344,113.38957
0.10866,0.14923,0.14067,0.52130,0.49567,-0.48895,0.49344,113.53925
0.10867,0.14937,0.14067,0.52130,0.49567,-0.48895,0.49344,113.68290
0.10867,0.14951,0.14068,0.52130,0.49567,-0.48895,0.49344,113.82026
0.10867,0.14965,0.14068,0.52130,0.49567,-0.48895,0.49344,113.95109
0.10868,0.14978,0.14069,0.52130,0.49567,-0.48895,0.49344,114.07514
0.10868,0.14990,0.14069,0.52130,0.49567,-0.48895,0.49344,114.19219
0.10868,0.15001,0.14069,0.52130,0.49567,-0.48895,0.49344,114.30202
0.10868,0.15012,0.14070,0.52130,0.49567,-0.48895,0.49344,114.40443
0.10868,0.15021,0.14070,0.52130,0.49567,-0.48895,0.49344,114.49924
0.10869,0.15030,0.14070,0.52130,0.49567,-0.48895,0.49344,114.58625
0.10869,0.15039,0.14071,0.52130,0.49567,-0.48895,0.49344,114.66530
0.10869,0.15046,0.14071,0.52130,0.49567,-0.48895,0.49344,114.73625
0.10869,0.15053,0.14071,0.52130,0.49567,-0.48895,0.49344,114.79895
0.10869,0.15059,0.14071,0.52130,0.49567,-0.48895,0.49344,114.85328
0.10869,0.15064,0.14072,0.52130,0.49567,-0.48895,0.49344,114.89914
0.10869,0.15068,0.14072,0.52130,0.49567,-0.48895,0.49344,114.93642
0.10870,0.15071,0.14072,0.52130,0.49567,-0.48895,0.49344,114.96504
0.10870,0.15074,0.14072,0.52130,0.49567,-0.48895,0.49344,114.98495
0.10870,0.15075,0.14072,0.52130,0.49567,-0.48895,0.49344,114.99608
0.10870,0.15076,0.14072,0.52130,0.49567,-0.48895,0.49344,114.99842
0.10870,0.15076,0.14072,0.52130,0.49567,-0.48895,0.49344,115.00491
0.10870,0.15075,0.14072,0.52130,0.49567,-0.48895,0.49344,115.02023
0.10870,0.15073,0.14072,0.52130,0.49567,-0.48895,0.49344,115.04436
0.10870,0.15070,0.14072,0.52130,0.49567,-0.48895,0.49344,115.07728
0.10869,0.15066,0.14072,0.52130,0.49567,-0.48895,0.49344,115.11894
0.10869,0.15062,0.14072,0.52130,0.49567,-0.48895,0.49344,115.16929
0.10869,0.15056,0.14071,0.52130,0.49567,-0.48895,0.49344,115.22825
0.10869,0.15050,0.14071,0.52130,0.49567,-0.48895,0.49344,115.29572
0.10869,0.15043,0.14071,0.52130,0.49567,-0.48895,0.49344,115.37162
0.10869,0.15035,0.14071,0.52130,0.49567,-0.48895,0.49344,115.45580
0.10869,0.15026,0.14070,0.52130,0.49567,-0.48895,0.49344,115.54814
0.10868,0.15016,0.14070,0.52130,0.49567,-0.48895,0.49344,115.64848
0.10868,0.15006,0.14070,0.52130,0.49567,-0.48895,0.49344,115.75666
0.10868,0.14994,0.14069,0.52130,0.49567,-0.48895,0.49344,115.87250
0.10868,0.14982,0.14069,0.52130,0.49567,-0.48895,0.49344,115.99581
0.10867,0.14970,0.14068,0.52130,0.49567,-0.48895,0.49344,116.12636
0.10867,0.14956,0.14068,0.52130,0.49567,-0.48895,0.49344,116.26395
0.10867,0.14942,0.14067,0.52130,0.49567,-0.48895,0.49344,116.40834
0.10867,0.14927,0.14067,0.52130,0.49567,-0.48895,0.49344,116.55927
0.10866,0.14912,0.14066,0.52130,0.49567,-0.48895,0.49344,116.71649
0.10866,0.14896,0.14066,0.52130,0.49567,-0.48895,0.49344,116.87971
0.10866,0.14879,0.14065,0.52130,0.49567,-0.48895,0.49344,117.04867
0.10865,0.14862,0.14065,0.52130,0.49567,-0.48895,0.49344,117.22306
0.10865,0.14845,0.14064,0.52130,0.49567,-0.48895,0.49344,117.40257
0.10864,0.14826,0.14063,0.52130,0.49567,-0.48895,0.49344,117.58689
0.10864,0.14808,0.14063,0.52130,0.49567,-0.48895,0.49344,117.77568
0.10864,0.14789,0.14062,0.52130,0.49567,-0.48895,0.49344,117.96862
0.10863,0.14769,0.14061,0.52130,0.49567,-0.48895,0.49344,118.16536
0.10863,0.14749,0.14061,0.52130,0.49567,-0.48895,0.49344,118.36555
0.10862,0.14729,0.14060,0.52130,0.49567,-0.48895,0.49344,118.56883
0.10862,0.14709,0.14059,0.52130,0.49567,-0.48895,0.49344,118.77482
0.10862,0.14688,0.14059,0.52130,0.49567,-0.48895,0.49344,118.98317
0.10861,0.14667,0.14058,0.52130,0.49567,-0.48895,0.49344,119.19349
0.10861,0.14646,0.14057,0.52130,0.49567,-0.48895,0.49344,119.40540
0.10860,0.14625,0.14056,0.52130,0.49567,-0.48895,0.49344,119.61851
0.10860,0.14603,0.14056,0.52130,0.49567,-0.48895,0.49344,119.83243
0.10859,0.14582,0.14055,0.52130,0.49567,-0.48895,0.49344,120.04678
0.10859,0.14560,0.14054,0.52130,0.49567,-0.48895,0.49344,120.26115
0.10859,0.14539,0.14053,0.52130,0.49567,-0.48895,0.49344,120.47516
0.10858,0.14518,0.14053,0.52130,0.49567,-0.48895,0.49344,120.68840
0.10858,0.14496,0.14052,0.52130,0.49567,-0.48895,0.49344,120.90049
0.10857,0.14475,0.14051,0.52130,0.49567,-0.48895,0.49344,121.11102
0.10857,0.14454,0.14050,0.52130,0.49567,-0.48895,0.49344,121.31961
0.10856,0.14433,0.14050,0.52130,0.49567,-0.48895,0.49344,121.52586
0.10856,0.14413,0.14049,0.52130,0.49567,-0.48895,0.49344,121.72939
0.10856,0.14393,0.14048,0.52130,0.49567,-0.48895,0.49344,121.92982
0.10855,0.14373,0.14048,0.52130,0.49567,-0.48895,0.49344,122.12677
0.10855,0.14353,0.14047,0.52130,0.49567,-0.48895,0.49344,122.31986
0.10854,0.14334,0.14046,0.52130,0.49567,-0.48895,0.49344,122.50873
0.10854,0.14316,0.14046,0.52130,0.49567,-0.48895,0.49344,122.69302
0.10854,0.14297,0.14045,0.52130,0.49567,-0.48895,0.49344,122.87238
0.10853,0.14280,0.14044,0.52130,0.49567,-0.48895,0.49344,123.04647
0.10853,0.14262,0.14044,0.52130,0.49567,-0.48895,0.49344,123.21494
0.10853,0.14246,0.14043,0.52130,0.49567,-0.48895,0.49344,123.37748
0.10852,0.14230,0.14043,0.52130,0.49567,-0.48895,0.49344,123.53376
0.10852,0.14215,0.14042,0.52130,0.49567,-0.48895,0.49344,123.68350
0.10852,0.14200,0.14041,0.52130,0.49567,-0.48895,0.49344,123.82639
0.10851,0.14186,0.14041,0.52130,0.49567,-0.48895,0.49344,123.96215
0.10851,0.14173,0.14041,0.52130,0.49567,-0.48895,0.49344,124.09051
0.10851,0.14160,0.14040,0.52130,0.49567,-0.48895,0.49344,124.21123
0.10851,0.14149,0.14040,0.52130,0.49567,-0.48895,0.49344,124.32406
0.10850,0.14138,0.14039,0.52130,0.49567,-0.48895,0.49344,124.42877
0.10850,0.14128,0.14039,0.52130,0.49567,-0.48895,0.49344,124.52516
0.10850,0.14119,0.14039,0.52130,0.49567,-0.48895,0.49344,124.61302
0.10850,0.14110,0.14038,0.52130,0.49567,-0.48895,0.49344,124.69218
0.10850,0.14103,0.14038,0.52130,0.49567,-0.48895,0.49344,124.76247
0.10849,0.14096,0.14038,0.52130,0.49567,-0.48895,0.49344,124.82374
0.10849,0.14090,0.14038,0.52130,0.49567,-0.48895,0.49344,124.87587
0.10849,0.14086,0.14038,0.52130,0.49567,-0.48895,0.49344,124.91873
0.10849,0.14082,0.14037,0.52130,0.49567,-0.48895,0.49344,124.95223
0.10849,0.14079,0.14037,0.52130,0.49567,-0.48895,0.49344,124.97629
0.10849,0.14077,0.14037,0.52130,0.49567,-0.48895,0.49344,124.99085
0.10849,0.14076,0.14037,0.52130,0.49567,-0.48895,0.49344,124.99587
0.10849,0.14076,0.14037,0.52130,0.49567,-0.48895,0.49344,125.00042
0.10849,0.14077,0.14037,0.52130,0.49567,-0.48895,0.49344,125.01455
0.10849,0.14079,0.14037,0.52130,0.49567,-0.48895,0.49344,125.03824
0.10849,0.14082,0.14037,0.52130,0.49567,-0.48895,0.49344,125.07147
0.10849,0.14086,0.14038,0.52130,0.49567,-0.48895,0.49344,125.11418
0.10849,0.14090,0.14038,0.52130,0.49567,-0.48895,0.49344,125.16632
0.10849,0.14096,0.14038,0.52130,0.49567,-0.48895,0.49344,125.22779
0.10850,0.14103,0.14038,0.52130,0.49567,-0.48895,0.49344,125.29849
0.10850,0.14110,0.14038,0.52130,0.49567,-0.48895,0.49344,125.37830
0.10850,0.14119,0.14039,0.52130,0.49567,-0.48895,0.49344,125.46708
0.10850,0.14128,0.14039,0.52130,0.49567,-0.48895,0.49344,125.56467
0.10850,0.14138,0.14039,0.52130,0.49567,-0.48895,0.49344,125.67090
0.10851,0.14149,0.14040,0.52130,0.49567,-0.48895,0.49344,125.78558
0.10851,0.14161,0.14040,0.52130,0.49567,-0.48895,0.49344,125.90849
0.10851,0.14174,0.14041,0.52130,0.49567,-0.48895,0.49344,126.03941
0.10851,0.14187,0.14041,0.52130,0.49567,-0.48895,0.49344,126.17810
0.10852,0.14201,0.14042,0.52130,0.49567,-0.48895,0.49344,126.32431
0.10852,0.14216,0.14042,0.52130,0.49567,-0.48895,0.49344,126.47775
0.10852,0.14232,0.14043,0.52130,0.49567,-0.48895,0.49344,126.63814
0.10853,0.14249,0.14043,0.52130,0.49567,-0.48895,0.49344,126.80518
0.10853,0.14266,0.14044,0.52130,0.49567,-0.48895,0.49344,126.97855
0.10853,0.14283,0.14044,0.52130,0.49567,-0.48895,0.49344,127.15793
0.10854,0.14301,0.14045,0.52130,0.49567,-0.48895,0.49344,127.34296
0.10854,0.14320,0.14046,0.52130,0.49567,-0.48895,0.49344,127.53330
0.10854,0.14340,0.14046,0.52130,0.49567,-0.48895,0.49344,127.72858
0.10855,0.14359,0.14047,0.52130,0.49567,-0.48895,0.49344,127.92842
0.10855,0.14379,0.14048,0.52130,0.49567,-0.48895,0.49344,128.13244
0.10856,0.14400,0.14048,0.52130,0.49567,-0.48895,0.49344,128.34024
0.10856,0.14421,0.14049,0.52130,0.49567,-0.48895,0.49344,128.55141
0.10857,0.14442,0.14050,0.52130,0.49567,-0.48895,0.49344,128.76555
0.10857,0.14464,0.14051,0.52130,0.49567,-0.48895,0.49344,128.98224
0.10857,0.14486,0.14051,0.52130,0.49567,-0.48895,0.49344,129.20105
0.10858,0.14508,0.14052,0.52130,0.49567,-0.48895,0.49344,129.42155
0.10858,0.14530,0.14053,0.52130,0.49567,-0.48895,0.49344,129.64331
0.10859,0.14552,0.14054,0.52130,0.49567,-0.48895,0.49344,129.86588
0.10859,0.14574,0.14055,0.52130,0.49567,-0.48895,0.49344,130.08882
0.10860,0.14597,0.14055,0.52130,0.49567,-0.48895,0.49344,130.31170
0.10860,0.14619,0.14056,0.52130,0.49567,-0.48895,0.49344,130.53407
0.10861,0.14641,0.14057,0.52130,0.49567,-0.48895,0.49344,130.75547
0.10861,0.14663,0.14058,0.52130,0.49567,-0.48895,0.49344,130.97548
0.10862,0.14685,0.14058,0.52130,0.49567,-0.48895,0.49344,131.19364
0.10862,0.14707,0.14059,0.52130,0.49567,-0.48895,0.49344,131.40952
0.10862,0.14728,0.14060,0.52130,0.49567,-0.48895,0.49344,131.62268
0.10863,0.14749,0.14061,0.52130,0.49567,-0.48895,0.49344,131.83269
0.10863,0.14770,0.14061,0.52130,0.49567,-0.48895,0.49344,132.03912
0.10864,0.14791,0.14062,0.52130,0.49567,-0.48895,0.49344,132.24155
0.10864,0.14811,0.14063,0.52130,0.49567,-0.48895,0.49344,132.43956
0.10865,0.14830,0.14063,0.52130,0.49567,-0.48895,0.49344,132.63276
0.10865,0.14849,0.14064,0.52130,0.49567,-0.48895,0.49344,132.82074
0.10865,0.14868,0.14065,0.52130,0.49567,-0.48895,0.49344,133.00311
0.10866,0.14886,0.14065,0.52130,0.49567,-0.48895,0.49344,133.17951
0.10866,0.14903,0.14066,0.52130,0.49567,-0.48895,0.49344,133.34955
0.10866,0.14920,0.14067,0.52130,0.49567,-0.48895,0.49344,133.51289
0.10867,0.14936,0.14067,0.52130,0.49567,-0.48895,0.49344,133.66918
0.10867,0.14951,0.14068,0.52130,0.49567,-0.48895,0.49344,133.81810
0.10867,0.14966,0.14068,0.52130,0.49567,-0.48895,0.49344,133.95933
0.10868,0.14979,0.14069,0.52130,0.49567,-0.48895,0.49344,134.09257
0.10868,0.14992,0.14069,0.52130,0.49567,-0.48895,0.49344,134.21754
0.10868,0.15004,0.14070,0.52130,0.49567,-0.48895,0.49344,134.33397
0.10868,0.15016,0.14070,0.52130,0.49567,-0.48895,0.49344,134.44161
0.10869,0.15026,0.14070,0.52130,0.49567,-0.48895,0.49344,134.54023
0.10869,0.15035,0.14071,0.52130,0.49567,-0.48895,0.49344,134.62960
0.10869,0.15044,0.14071,0.52130,0.49567,-0.48895,0.49344,134.70954
0.10869,0.15051,0.14071,0.52130,0.49567,-0.48895,0.49344,134.77985
0.10869,0.15058,0.14071,0.52130,0.49567,-0.48895,0.49344,134.84039
0.10869,0.15063,0.14072,0.52130,0.49567,-0.48895,0.49344,134.89102
0.10869,0.15068,0.14072,0.52130,0.49567,-0.48895,0.49344,134.93160
0.10870,0.15071,0.14072,0.52130,0.49567,-0.48895,0.49344,134.96205
0.10870,0.15074,0.14072,0.52130,0.49567,-0.48895,0.49344,134.98229
0.10870,0.15076,0.14072,0.52130,0.49567,-0.48895,0.49344,134.99225
0.10870,0.15076,0.14072,0.52130,0.49567,-0.48895,0.49344,134.99260
0.10870,0.15075,0.14072,0.52130,0.49567,-0.48895,0.49344,135.00327
0.10870,0.15074,0.14072,0.52130,0.49567,-0.48895,0.49344,135.02426
0.10870,0.15071,0.14072,0.52130,0.49567,-0.48895,0.49344,135.05554
0.10869,0.15068,0.14072,0.52130,0.49567,-0.48895,0.49344,135.09706
0.10869,0.15063,0.14072,0.52130,0.49567,-0.48895,0.49344,135.14876
0.10869,0.15057,0.14071,0.52130,0.49567,-0.48895,0.49344,135.21054
0.10869,0.15051,0.14071,0.52130,0.49567,-0.48895,0.49344,135.28229
0.10869,0.15043,0.14071,0.52130,0.49567,-0.48895,0.49344,135.36387
0.10869,0.15034,0.14071,0.52130,0.49567,-0.48895,0.49344,135.45513
0.10869,0.15025,0.14070,0.52130,0.49567,-0.48895,0.49344,135.55590
0.10868,0.15014,0.14070,0.52130,0.49567,-0.48895,0.49344,135.66598
0.10868,0.15003,0.14070,0.52130,0.49567,-0.48895,0.49344,135.78515
0.10868,0.14990,0.14069,0.52130,0.49567,-0.48895,0.49344,135.91319
0.10868,0.14977,0.14069,0.52130,0.49567,-0.48895,0.49344,136.04982
0.10867,0.14963,0.14068,0.52130,0.49567,-0.48895,0.49344,136.19479
0.10867,0.14948,0.14068,0.52130,0.49567,-0.48895,0.49344,136.34780
0.10867,0.14932,0.14067,0.52130,0.49567,-0.48895,0.49344,136.50854
0.10866,0.14916,0.14066,0.52130,0.49567,-0.48895,0.49344,136.67668
0.10866,0.14899,0.14066,0.52130,0.49567,-0.48895,0.49344,136.85189
0.10866,0.14881,0.14065,0.52130,0.49567,-0.48895,0.49344,137.03380
0.10865,0.14862,0.14065,0.52130,0.49567,-0.48895,0.49344,137.22205
0.10865,0.14843,0.14064,0.52130,0.49567,-0.48895,0.49344,137.41623
0.10864,0.14824,0.14063,0.52130,0.49567,-0.48895,0.49344,137.61596
0.10864,0.14803,0.14063,0.52130,0.49567,-0.48895,0.49344,137.82081
0.10864,0.14783,0.14062,0.52130,0.49567,-0.48895,0.49344,138.03037
0.10863,0.14761,0.14061,0.52130,0.49567,-0.48895,0.49344,138.24419
0.10863,0.14740,0.14060,0.52130,0.49567,-0.48895,0.49344,138.46182
0.10862,0.14718,0.14060,0.52130,0.49567,-0.48895,0.49344,138.68282
0.10862,0.14696,0.14059,0.52130,0.49567,-0.48895,0.49344,138.90671
0.10861,0.14673,0.14058,0.52130,0.49567,-0.48895,0.49344,139.13302
0.10861,0.14650,0.14057,0.52130,0.49567,-0.48895,0.49344,139.36128
0.10860,0.14627,0.14056,0.52130,0.49567,-0.48895,0.49344,139.59099
0.10860,0.14604,0.14056,0.52130,0.49567,-0.48895,0.49344,139.82168
0.10859,0.14581,0.14055,0.52130,0.49567,-0.48895,0.49344,140.05284
0.10859,0.14558,0.14054,0.52130,0.49567,-0.48895,0.49344,140.28399
0.10858,0.14535,0.14053,0.52130,0.49567,-0.48895,0.49344,140.51463
0.10858,0.14512,0.14052,0.52130,0.49567,-0.48895,0.49344,140.74426
0.10858,0.14489,0.14052,0.52130,0.49567,-0.48895,0.49344,140.97238
0.10857,0.14466,0.14051,0.52130,0.49567,-0.48895,0.49344,141.19852
0.10857,0.14444,0.14050,0.52130,0.49567,-0.48895,0.49344,141.42217
0.10856,0.14422,0.14049,0.52130,0.49567,-0.48895,0.49344,141.64285
0.10856,0.14400,0.14048,0.52130,0.49567,-0.48895,0.49344,141.86008
0.10855,0.14378,0.14048,0.52130,0.49567,-0.48895,0.49344,142.07338
0.10855,0.14357,0.14047,0.52130,0.49567,-0.48895,0.49344,142.28229
0.10854,0.14336,0.14046,0.52130,0.49567,-0.48895,0.49344,142.48635
0.10854,0.14316,0.14046,0.52130,0.49567,-0.48895,0.49344,142.68511
0.10854,0.14297,0.14045,0.52130,0.49567,-0.48895,0.49344,142.87814
0.10853,0.14278,0.14044,0.52130,0.49567,-0.48895,0.49344,143.06499
0.10853,0.14259,0.14044,0.52130,0.49567,-0.48895,0.49344,143.24526
0.10852,0.14242,0.14043,0.52130,0.49567,-0.48895,0.49344,143.41855
0.10852,0.14225,0.14042,0.52130,0.49567,-0.48895,0.49344,143.58447
0.10852,0.14208,0.14042,0.52130,0.49567,-0.48895,0.49344,143.74264
0.10851,0.14193,0.14041,0.52130,0.49567,-0.48895,0.49344,143.89271
0.10851,0.14178,0.14041,0.52130,0.49567,-0.48895,0.49344,144.03434
0.10851,0.14165,0.14040,0.52130,0.49567,-0.48895,0.49344,144.16720
0.10851,0.14152,0.14040,0.52130,0.49567,-0.48895,0.49344,144.29099
0.10850,0.14140,0.14039,0.52130,0.49567,-0.48895,0.49344,144.40543
0.10850,0.14129,0.14039,0.52130,0.49567,-0.48895,0.49344,144.51026
0.10850,0.14119,0.14039,0.52130,0.49567,-0.48895,0.49344,144.60521
0.10850,0.14110,0.14038,0.52130,0.49567,-0.48895,0.49344,144.69008
0.10850,0.14102,0.14038,0.52130,0.49567,-0.48895,0.49344,144.76466
0.10849,0.14095,0.14038,0.52130,0.49567,-0.48895,0.49344,144.82878
0.10849,0.14089,0.14038,0.52130,0.49567,-0.48895,0.49344,144.88226
0.10849,0.14084,0.14037,0.52130,0.49567,-0.48895,0.49344,144.92498
0.10849,0.14081,0.14037,0.52130,0.49567,-0.48895,0.49344,144.95684
0.10849,0.14078,0.14037,0.52130,0.49567,-0.48895,0.49344,144.97773
0.10849,0.14076,0.14037,0.52130,0.49567,-0.48895,0.49344,144.98760
0.10849,0.14076,0.14037,0.52130,0.49567,-0.48895,0.49344,144.98879
0.10849,0.14077,0.14037,0.52130,0.49567,-0.48895,0.49344,145.00105
0.10849,0.14078,0.14037,0.52130,0.49567,-0.48895,0.49344,145.02438
0.10849,0.14081,0.14037,0.52130,0.49567,-0.48895,0.49344,145.05873
0.10849,0.14085,0.14037,0.52130,0.49567,-0.48895,0.49344,145.10406
0.10849,0.14090,0.14038,0.52130,0.49567,-0.48895,0.49344,145.16027
0.10849,0.14097,0.14038,0.52130,0.49567,-0.48895,0.49344,145.22725
0.10850,0.14104,0.14038,0.52130,0.49567,-0.48895,0.49344,145.30488
0.10850,0.14112,0.14038,0.52130,0.49567,-0.48895,0.49344,145.39299
0.10850,0.14121,0.14039,0.52130,0.49567,-0.48895,0.49344,145.49141
0.10850,0.14132,0.14039,0.52130,0.49567,-0.48895,0.49344,145.59993
0.10850,0.14143,0.14039,0.52130,0.49567,-0.48895,0.49344,145.71833
0.10851,0.14155,0.14040,0.52130,0.49567,-0.48895,0.49344,145.84634
0.10851,0.14169,0.14040,0.52130,0.49567,-0.48895,0.49344,145.98371
0.10851,0.14183,0.14041,0.52130,0.49567,-0.48895,0.49344,146.13013
0.10852,0.14198,0.14041,0.52130,0.49567,-0.48895,0.49344,146.28529
0.10852,0.14214,0.14042,0.52130,0.49567,-0.48895,0.49344,146.44885
0.10852,0.14231,0.14043,0.52130,0.49567,-0.48895,0.49344,146.62046
0.10853,0.14248,0.14043,0.52130,0.49567,-0.48895,0.49344,146.79974
0.10853,0.14267,0.14044,0.52130,0.49567,-0.48895,0.49344,146.98631
0.10853,0.14286,0.14044,0.52130,0.49567,-0.48895,0.49344,147.17974
0.10854,0.14305,0.14045,0.52130,0.49567,-0.48895,0.49344,147.37961
0.10854,0.14326,0.14046,0.52130,0.49567,-0.48895,0.49344,147.58548
0.10855,0.14346,0.14047,0.52130,0.49567,-0.48895,0.49344,147.79690
0.10855,0.14368,0.14047,0.52130,0.49567,-0.48895,0.49344,148.01338
0.10855,0.14390,0.14048,0.52130,0.49567,-0.48895,0.49344,148.23445
0.10856,0.14412,0.14049,0.52130,0.49567,-0.48895,0.49344,148.45961
0.10856,0.14435,0.14050,0.52130,0.49567,-0.48895,0.49344,148.68835
0.10857,0.14458,0.14050,0.52130,0.49567,-0.48895,0.49344,148.92016
0.10857,0.14481,0.14051,0.52130,0.49567,-0.48895,0.49344,149.15452
0.10858,0.14505,0.14052,0.52130,0.49567,-0.48895,0.49344,149.39088
0.10858,0.14528,0.14053,0.52130,0.49567,-0.48895,0.49344,149.62873
0.10859,0.14552,0.14054,0.52130,0.49567,-0.48895,0.49344,149.86750
0.10859,0.14576,0.14055,0.52130,0.49567,-0.48895,0.49344,150.10667
0.10860,0.14600,0.14055,0.52130,0.49567,-0.48895,0.49344,150.34568
0.10860,0.14624,0.14056,0.52130,0.49567,-0.48895,0.49344,150.58398
0.10861,0.14648,0.14057,0.52130,0.49567,-0.48895,0.49344,150.82102
0.10861,0.14671,0.14058,0.52130,0.49567,-0.48895,0.49344,151.05626
0.10862,0.14695,0.14059,0.52130,0.49567,-0.48895,0.49344,151.28916
0.10862,0.14718,0.14060,0.52130,0.49567,-0.48895,0.49344,151.51917
0.10863,0.14741,0.14060,0.52130,0.49567,-0.48895,0.49344,151.74576
0.10863,0.14763,0.14061,0.52130,0.49567,-0.48895,0.49344,151.96840
0.10864,0.14785,0.14062,0.52130,0.49567,-0.48895,0.49344,152.18657
0.10864,0.14807,0.14063,0.52130,0.49567,-0.48895,0.49344,152.39976
0.10865,0.14828,0.14063,0.52130,0.49567,-0.48895,0.49344,152.60747
0.10865,0.14848,0.14064,0.52130,0.49567,-0.48895,0.49344,152.80921
0.10865,0.14868,0.14065,0.52130,0.49567,-0.48895,0.49344,153.00450
0.10866,0.14888,0.14065,0.52130,0.49567,-0.48895,0.49344,153.19288
0.10866,0.14906,0.14066,0.52130,0.49567,-0.48895,0.49344,153.37390
0.10866,0.14924,0.14067,0.52130,0.49567,-0.48895,0.49344,153.54713
0.10867,0.14941,0.14067,0.52130,0.49567,-0.48895,0.49344,153.71216
0.10867,0.14957,0.14068,0.52130,0.49567,-0.48895,0.49344,153.86858
0.10867,0.14972,0.14068,0.52130,0.49567,-0.48895,0.49344,154.01603
0.10868,0.14986,0.14069,0.52130,0.49567,-0.48895,0.49344,154.15414
0.10868,0.15000,0.14069,0.52130,0.49567,-0.48895,0.49344,154.28257
0.10868,0.15012,0.14070,0.52130,0.49567,-0.48895,0.49344,154.40101
0.10869,0.15023,0.14070,0.52130,0.49567,-0.48895,0.49344,154.50918
0.10869,0.15034,0.14071,0.52130,0.49567,-0.48895,0.49344,154.60679
0.10869,0.15043,0.14071,0.52130,0.49567,-0.48895,0.49344,154.69361
0.10869,0.15051,0.14071,0.52130,0.49567,-0.48895,0.49344,154.76941
0.10869,0.15058,0.14071,0.52130,0.49567,-0.48895,0.49344,154.83401
0.10869,0.15064,0.14072,0.52130,0.49567,-0.48895,0.49344,154.88722
0.10869,0.15069,0.14072,0.52130,0.49567,-0.48895,0.49344,154.92892
0.10870,0.15072,0.14072,0.52130,0.49567,-0.48895,0.49344,154.95898
0.10870,0.15075,0.14072,0.52130,0.49567,-0.48895,0.49344,154.97732
0.10870,0.15076,0.14072,0.52130,0.49567,-0.48895,0.49344,154.98387
0.10870,0.15076,0.14072,0.52130,0.49567,-0.48895,0.49344,154.98913
0.10870,0.15075,0.14072,0.52130,0.49567,-0.48895,0.49344,155.00622
0.10870,0.15072,0.14072,0.52130,0.49567,-0.48895,0.49344,155.03510
0.10869,0.15069,0.14072,0.52130,0.49567,-0.48895,0.49344,155.07574
0.10869,0.15064,0.14072,0.52130,0.49567,-0.48895,0.49344,155.12804
0.10869,0.15059,0.14071,0.52130,0.49567,-0.48895,0.49344,155.19190
0.10869,0.15052,0.14071,0.52130,0.49567,-0.48895,0.49344,155.26719
0.10869,0.15043,0.14071,0.52130,0.49567,-0.48895,0.49344,155.35374
0.10869,0.15034,0.14071,0.52130,0.49567,-0.48895,0.49344,155.45136
0.10869,0.15024,0.14070,0.52130,0.49567,-0.48895,0.49344,155.55985
0.10868,0.15013,0.14070,0.52130,0.49567,-0.48895,0.49344,155.67894
0.10868,0.15000,0.14069,0.52130,0.49567,-0.48895,0.49344,155.80838
0.10868,0.14987,0.14069,0.52130,0.49567,-0.48895,0.49344,155.94788
0.10867,0.14972,0.14068,0.52130,0.49567,-0.48895,0.49344,156.09710
0.10867,0.14957,0.14068,0.52130,0.49567,-0.48895,0.49344,156.25571
0.10867,0.14941,0.14067,0.52130,0.49567,-0.48895,0.49344,156.42334
0.10866,0.14923,0.14067,0.52130,0.49567,-0.48895,0.49344,156.59960
0.10866,0.14905,0.14066,0.52130,0.49567,-0.48895,0.49344,156.78407
0.10866,0.14886,0.14065,0.52130,0.49567,-0.48895,0.49344,156.97634
0.10865,0.14867,0.14065,0.52130,0.49567,-0.48895,0.49344,157.17594
0.10865,0.14846,0.14064,0.52130,0.49567,-0.48895,0.49344,157.38241
0.10864,0.14826,0.14063,0.52130,0.49567,-0.48895,0.49344,157.59525
0.10864,0.14804,0.14063,0.52130,0.49567,-0.48895,0.49344,157.81396
0.10864,0.14782,0.14062,0.52130,0.49567,-0.48895,0.49344,158.03802
0.10863,0.14759,0.14061,0.52130,0.49567,-0.48895,0.49344,158.26690
0.10863,0.14736,0.14060,0.52130,0.49567,-0.48895,0.49344,158.50004
0.10862,0.14712,0.14059,0.52130,0.49567,-0.48895,0.49344,158.73690
0.10862,0.14689,0.14059,0.52130,0.49567,-0.48895,0.49344,158.97689
0.10861,0.14664,0.14058,0.52130,0.49567,-0.48895,0.49344,159.21944
0.10861,0.14640,0.14057,0.52130,0.49567,-0.48895,0.49344,159.46396
0.10860,0.14616,0.14056,0.52130,0.49567,-0.48895,0.49344,159.70987
0.10860,0.14591,0.14055,0.52130,0.49567,-0.48895,0.49344,159.95656
0.10859,0.14566,0.14054,0.52130,0.49567,-0.48895,0.49344,160.20343
0.10859,0.14542,0.14053,0.52130,0.49567,-0.48895,0.49344,160.44987
0.10858,0.14517,0.14053,0.52130,0.49567,-0.48895,0.49344,160.69530
0.10858,0.14492,0.14052,0.52130,0.49567,-0.48895,0.49344,160.93910
0.10857,0.14468,0.14051,0.52130,0.49567,-0.48895,0.49344,161.18067
0.10857,0.14444,0.14050,0.52130,0.49567,-0.48895,0.49344,161.41942
0.10856,0.14420,0.14049,0.52130,0.49567,-0.48895,0.49344,161.65476
0.10856,0.14397,0.14048,0.52130,0.49567,-0.48895,0.49344,161.88611
0.10855,0.14374,0.14048,0.52130,0.49567,-0.48895,0.49344,162.11289
0.10855,0.14352,0.14047,0.52130,0.49567,-0.48895,0.49344,162.33453
0.10854,0.14330,0.14046,0.52130,0.49567,-0.48895,0.49344,162.55049
0.10854,0.14309,0.14045,0.52130,0.49567,-0.48895,0.49344,162.76021
0.10853,0.14288,0.14045,0.52130,0.49567,-0.48895,0.49344,162.96319
0.10853,0.14268,0.14044,0.52130,0.49567,-0.48895,0.49344,163.15889
0.10853,0.14249,0.14043,0.52130,0.49567,-0.48895,0.49344,163.34684
0.10852,0.14230,0.14043,0.52130,0.49567,-0.48895,0.49344,163.52654
0.10852,0.14213,0.14042,0.52130,0.49567,-0.48895,0.49344,163.69756
0.10851,0.14196,0.14041,0.52130,0.49567,-0.48895,0.49344,163.85944
0.10851,0.14180,0.14041,0.52130,0.49567,-0.48895,0.49344,164.01177
0.10851,0.14166,0.14040,0.52130,0.49567,-0.48895,0.49344,164.15417
0.10851,0.14152,0.14040,0.52130,0.49567,-0.48895,0.49344,164.28626
0.10850,0.14139,0.14039,0.52130,0.49567,-0.48895,0.49344,164.40770
0.10850,0.14128,0.14039,0.52130,0.49567,-0.48895,0.49344,164.51817
0.10850,0.14117,0.14039,0.52130,0.49567,-0.48895,0.49344,164.61738
0.10850,0.14108,0.14038,0.52130,0.49567,-0.48895,0.49344,164.70506
0.10850,0.14100,0.14038,0.52130,0.49567,-0.48895,0.49344,164.78099
0.10849,0.14093,0.14038,0.52130,0.49567,-0.48895,0.49344,164.84495
0.10849,0.14087,0.14038,0.52130,0.49567,-0.48895,0.49344,164.89676
0.10849,0.14082,0.14037,0.52130,0.49567,-0.48895,0.49344,164.93629
0.10849,0.14079,0.14037,0.52130,0.49567,-0.48895,0.49344,164.96340
0.10849,0.14077,0.14037,0.52130,0.49567,-0.48895,0.49344,164.97802
0.10849,0.14076,0.14037,0.52130,0.49567,-0.48895,0.49344,164.98010
0.10849,0.14076,0.14037,0.52130,0.49567,-0.48895,0.49344,164.99060
0.10849,0.14078,0.14037,0.52130,0.49567,-0.48895,0.49344,165.01366
0.10849,0.14081,0.14037,0.52130,0.49567,-0.48895,0.49344,165.04924
0.10849,0.14085,0.14037,0.52130,0.49567,-0.48895,0.49344,165.09727
0.10849,0.14091,0.14038,0.52130,0.49567,-0.48895,0.49344,165.15766
0.10849,0.14097,0.14038,0.52130,0.49567,-0.48895,0.49344,165.23025
0.10850,0.14105,0.14038,0.52130,0.49567,-0.48895,0.49344,165.31489
0.10850,0.14114,0.14038,0.52130,0.49567,-0.48895,0.49344,165.41138
0.10850,0.14124,0.14039,0.52130,0.49567,-0.48895,0.49344,165.51949
0.10850,0.14136,0.14039,0.52130,0.49567,-0.48895,0.49344,165.63896
0.10850,0.14148,0.14040,0.52130,0.49567,-0.48895,0.49344,165.76951
0.10851,0.14162,0.14040,0.52130,0.49567,-0.48895,0.49344,165.91082
0.10851,0.14177,0.14041,0.52130,0.49567,-0.48895,0.49344,166.06254
0.10851,0.14192,0.14041,0.52130,0.49567,-0.48895,0.49344,166.22430
0.10852,0.14209,0.14042,0.52130,0.49567,-0.48895,0.49344,166.39572
0.10852,0.14227,0.14042,0.52130,0.49567,-0.48895,0.49344,166.57635
0.10852,0.14245,0.14043,0.52130,0.49567,-0.48895,0.49344,166.76575
0.10853,0.14264,0.14044,0.52130,0.49567,-0.48895,0.49344,166.96346
0.10853,0.14285,0.14044,0.52130,0.49567,-0.48895,0.49344,167.16897
0.10854,0.14306,0.14045,0.52130,0.49567,-0.48895,0.49344,167.38178
0.10854,0.14327,0.14046,0.52130,0.49567,-0.48895,0.49344,167.60134
0.10855,0.14349,0.14047,0.52130,0.49567,-0.48895,0.49344,167.82710
0.10855,0.14372,0.14047,0.52130,0.49567,-0.48895,0.49344,168.05849
0.10856,0.14396,0.14048,0.52130,0.49567,-0.48895,0.49344,168.29493
0.10856,0.14420,0.14049,0.52130,0.49567,-0.48895,0.49344,168.53580
0.10857,0.14444,0.14050,0.52130,0.49567,-0.48895,0.49344,168.78051
0.10857,0.14469,0.14051,0.52130,0.49567,-0.48895,0.49344,169.02842
0.10858,0.14494,0.14052,0.52130,0.49567,-0.48895,0.49344,169.27889
0.10858,0.14519,0.14053,0.52130,0.49567,-0.48895,0.49344,169.53128
0.10859,0.14544,0.14053,0.52130,0.49567,-0.48895,0.49344,169.78495
0.10859,0.14569,0.14054,0.52130,0.49567,-0.48895,0.49344,170.03924
0.10860,0.14595,0.14055,0.52130,0.49567,-0.48895,0.49344,170.29349
0.10860,0.14620,0.14056,0.52130,0.49567,-0.48895,0.49344,170.54704
0.10861,0.14646,0.14057,0.52130,0.49567,-0.48895,0.49344,170.79922
0.10861,0.14671,0.14058,0.52130,0.49567,-0.48895,0.49344,171.04940
0.10862,0.14696,0.14059,0.52130,0.49567,-0.48895,0.49344,171.29690
0.10862,0.14720,0.14060,0.52130,0.49567,-0.48895,0.49344,171.54109
0.10863,0.14744,0.14060,0.52130,0.49567,-0.48895,0.49344,171.78131
0.10863,0.14768,0.14061,0.52130,0.49567,-0.48895,0.49344,172.01695
0.10864,0.14792,0.14062,0.52130,0.49567,-0.48895,0.49344,172.24738
0.10864,0.14814,0.14063,0.52130,0.49567,-0.48895,0.49344,172.47198
0.10865,0.14836,0.14064,0.52130,0.49567,-0.48895,0.49344,172.69017
0.10865,0.14858,0.14064,0.52130,0.49567,-0.48895,0.49344,172.90136
0.10866,0.14879,0.14065,0.52130,0.49567,-0.48895,0.49344,173.10499
0.10866,0.14899,0.14066,0.52130,0.49567,-0.48895,0.49344,173.30051
0.10866,0.14918,0.14067,0.52130,0.49567,-0.48895,0.49344,173.48741
0.10867,0.14936,0.14067,0.52130,0.49567,-0.48895,0.49344,173.66517
0.10867,0.14953,0.14068,0.52130,0.49567,-0.48895,0.49344,173.83332
0.10867,0.14970,0.14068,0.52130,0.49567,-0.48895,0.49344,173.99140
0.10868,0.14985,0.14069,0.52130,0.49567,-0.48895,0.49344,174.13898
0.10868,0.14999,0.14069,0.52130,0.49567,-0.48895,0.49344,174.27566
0.10868,0.15012,0.14070,0.52130,0.49567,-0.48895,0.49344,174.40105
0.10869,0.15024,0.14070,0.52130,0.49567,-0.48895,0.49344,174.51482
0.10869,0.15035,0.14071,0.52130,0.49567,-0.48895,0.49344,174.61665
0.10869,0.15045,0.14071,0.52130,0.49567,-0.48895,0.49344,174.70625
0.10869,0.15053,0.14071,0.52130,0.49567,-0.48895,0.49344,174.78336
0.10869,0.15060,0.14071,0.52130,0.49567,-0.48895,0.49344,174.84777
0.10869,0.15066,0.14072,0.52130,0.49567,-0.48895,0.49344,174.89928
0.10870,0.15070,0.14072,0.52130,0.49567,-0.48895,0.49344,174.93774
0.10870,0.15074,0.14072,0.52130,0.49567,-0.48895,0.49344,174.96303
0.10870,0.15075,0.14072,0.52130,0.49567,-0.48895,0.49344,174.97506
0.10870,0.15076,0.14072,0.52130,0.49567,-0.48895,0.49344,174.97634
0.10870,0.15075,0.14072,0.52130,0.49567,-0.48895,0.49344,174.99093
0.10870,0.15073,0.14072,0.52130,0.49567,-0.48895,0.49344,175.01882
0.10870,0.15070,0.14072,0.52130,0.49567,-0.48895,0.49344,175.05996
0.10869,0.15065,0.14072,0.52130,0.49567,-0.48895,0.49344,175.11425
0.10869,0.15059,0.14071,0.52130,0.49567,-0.48895,0.49344,175.18156
0.10869,0.15051,0.14071,0.52130,0.49567,-0.48895,0.49344,175.26174
0.10869,0.15043,0.14071,0.52130,0.49567,-0.48895,0.49344,175.35459
0.10869,0.15033,0.14071,0.52130,0.49567,-0.48895,0.49344,175.45987
0.10869,0.15022,0.14070,0.52130,0.49567,-0.48895,0.49344,175.57732
0.10868,0.15009,0.14070,0.52130,0.49567,-0.48895,0.49344,175.70664
0.10868,0.14996,0.14069,0.52130,0.49567,-0.48895,0.49344,175.84750
0.10868,0.14981,0.14069,0.52130,0.49567,-0.48895,0.49344,175.99953
0.10867,0.14965,0.14068,0.52130,0.49567,-0.48895,0.49344,176.16234
0.10867,0.14949,0.14068,0.52130,0.49567,-0.48895,0.49344,176.33551
0.10867,0.14931,0.14067,0.52130,0.49567,-0.48895,0.49344,176.51858
0.10866,0.14912,0.14066,0.52130,0.49567,-0.48895,0.49344,176.71108
0.10866,0.14892,0.14066,0.52130,0.49567,-0.48895,0.49344,176.91248
0.10865,0.14872,0.14065,0.52130,0.49567,-0.48895,0.49344,177.12226
0.10865,0.14850,0.14064,0.52130,0.49567,-0.48895,0.49344,177.33987
0.10865,0.14828,0.14063,0.52130,0.49567,-0.48895,0.49344,177.56471
0.10864,0.14805,0.14063,0.52130,0.49567,-0.48895,0.49344,177.79620
0.10864,0.14782,0.14062,0.52130,0.49567,-0.48895,0.49344,178.03371
0.10863,0.14758,0.14061,0.52130,0.49567,-0.48895,0.49344,178.27661
0.10863,0.14733,0.14060,0.52130,0.49567,-0.48895,0.49344,178.52423
0.10862,0.14708,0.14059,0.52130,0.49567,-0.48895,0.49344,178.77591
0.10862,0.14683,0.14058,0.52130,0.49567,-0.48895,0.49344,179.03097
0.10861,0.14657,0.14057,0.52130,0.49567,-0.48895,0.49344,179.28872
0.10860,0.14631,0.14057,0.52130,0.49567,-0.48895,0.49344,179.54845
0.10860,0.14605,0.14056,0.52130,0.49567,-0.48895,0.49344,179.80946
0.10859,0.14579,0.14055,0.52130,0.49567,-0.48895,0.49344,180.07104
0.10859,0.14553,0.14054,0.52130,0.49567,-0.48895,0.49344,180.33246
0.10858,0.14527,0.14053,0.52130,0.49567,-0.48895,0.49344,180.59302
0.10858,0.14501,0.14052,0.52130,0.49567,-0.48895,0.49344,180.85199
0.10857,0.14475,0.14051,0.52130,0.49567,-0.48895,0.49344,181.10866
0.10857,0.14450,0.14050,0.52130,0.49567,-0.48895,0.49344,181.36232
0.10856,0.14424,0.14049,0.52130,0.49567,-0.48895,0.49344,181.61227
0.10856,0.14400,0.14048,0.52130,0.49567,-0.48895,0.49344,181.85781
0.10855,0.14375,0.14048,0.52130,0.49567,-0.48895,0.49344,182.09826
0.10855,0.14352,0.14047,0.52130,0.49567,-0.48895,0.49344,182.33296
0.10854,0.14328,0.14046,0.52130,0.49567,-0.48895,0.49344,182.56123
0.10854,0.14306,0.14045,0.52130,0.49567,-0.48895,0.49344,182.78245
0.10853,0.14284,0.14044,0.52130,0.49567,-0.48895,0.49344,182.99599
0.10853,0.14263,0.14044,0.52130,0.49567,-0.48895,0.49344,183.20125
0.10852,0.14243,0.14043,0.52130,0.49567,-0.48895,0.49344,183.39765
0.10852,0.14224,0.14042,0.52130,0.49567,-0.48895,0.49344,183.58463
0.10852,0.14206,0.14042,0.52130,0.49567,-0.48895,0.49344,183.76165
0.10851,0.14188,0.14041,0.52130,0.49567,-0.48895,0.49344,183.92822
0.10851,0.14172,0.14041,0.52130,0.49567,-0.48895,0.49344,184.08385
0.10851,0.14157,0.14040,0.52130,0.49567,-0.48895,0.49344,184.22810
0.10850,0.14143,0.14039,0.52130,0.49567,-0.48895,0.49344,184.36055
0.10850,0.14131,0.14039,0.52130,0.49567,-0.48895,0.49344,184.48081
0.10850,0.14119,0.14039,0.52130,0.49567,-0.48895,0.49344,184.58853
0.10850,0.14109,0.14038,0.52130,0.49567,-0.48895,0.49344,184.68339
0.10850,0.14100,0.14038,0.52130,0.49567,-0.48895,0.49344,184.76510
0.10849,0.14093,0.14038,0.52130,0.49567,-0.48895,0.49344,184.83344
0.10849,0.14087,0.14038,0.52130,0.49567,-0.48895,0.49344,184.88817
0.10849,0.14082,0.14037,0.52130,0.49567,-0.48895,0.49344,184.92913
0.10849,0.14079,0.14037,0.52130,0.49567,-0.48895,0.49344,184.95619
0.10849,0.14077,0.14037,0.52130,0.49567,-0.48895,0.49344,184.96925
0.10849,0.14076,0.14037,0.52130,0.49567,-0.48895,0.49344,184.97025
0.10849,0.14077,0.14037,0.52130,0.49567,-0.48895,0.49344,184.98531
0.10849,0.14079,0.14037,0.52130,0.49567,-0.48895,0.49344,185.01442
0.10849,0.14083,0.14037,0.52130,0.49567,-0.48895,0.49344,185.05751
0.10849,0.14088,0.14038,0.52130,0.49567,-0.48895,0.49344,185.11448
0.10849,0.14094,0.14038,0.52130,0.49567,-0.48895,0.49344,185.18520
0.10850,0.14102,0.14038,0.52130,0.49567,-0.48895,0.49344,185.26946
0.10850,0.14111,0.14038,0.52130,0.49567,-0.48895,0.49344,185.36707
0.10850,0.14121,0.14039,0.52130,0.49567,-0.48895,0.49344,185.47775
0.10850,0.14133,0.14039,0.52130,0.49567,-0.48895,0.49344,185.60122
0.10850,0.14146,0.14040,0.52130,0.49567,-0.48895,0.49344,185.73713
0.10851,0.14160,0.14040,0.52130,0.49567,-0.48895,0.49344,185.88512
0.10851,0.14176,0.14041,0.52130,0.49567,-0.48895,0.49344,186.04478
0.10851,0.14192,0.14041,0.52130,0.49567,-0.48895,0.49344,186.21568
0.10852,0.14210,0.14042,0.52130,0.49567,-0.48895,0.49344,186.39734
0.10852,0.14228,0.14042,0.52130,0.49567,-0.48895,0.49344,186.58925
0.10853,0.14248,0.14043,0.52130,0.49567,-0.48895,0.49344,186.79090
0.10853,0.14269,0.14044,0.52130,0.49567,-0.48895,0.49344,187.00170
0.10853,0.14290,0.14045,0.52130,0.49567,-0.48895,0.49344,187.22108
0.10854,0.14313,0.14045,0.52130,0.49567,-0.48895,0.49344,187.44841
0.10854,0.14336,0.14046,0.52130,0.49567,-0.48895,0.49344,187.68305
0.10855,0.14360,0.14047,0.52130,0.49567,-0.48895,0.49344,187.92434
0.10855,0.14384,0.14048,0.52130,0.49567,-0.48895,0.49344,188.17160
0.10856,0.14409,0.14049,0.52130,0.49567,-0.48895,0.49344,188.42413
0.10856,0.14435,0.14050,0.52130,0.49567,-0.48895,0.49344,188.68120
0.10857,0.14460,0.14051,0.52130,0.49567,-0.48895,0.49344,188.94208
0.10857,0.14487,0.14052,0.52130,0.49567,-0.48895,0.49344,189.20602
0.10858,0.14513,0.14052,0.52130,0.49567,-0.48895,0.49344,189.47228
0.10859,0.14540,0.14053,0.52130,0.49567,-0.48895,0.49344,189.74008
0.10859,0.14567,0.14054,0.52130,0.49567,-0.48895,0.49344,190.00865
0.10860,0.14594,0.14055,0.52130,0.49567,-0.48895,0.49344,190.27721
0.10860,0.14621,0.14056,0.52130,0.49567,-0.48895,0.49344,190.54500
0.10861,0.14647,0.14057,0.52130,0.49567,-0.48895,0.49344,190.81123
0.10861,0.14674,0.14058,0.52130,0.49567,-0.48895,0.49344,191.07512
0.10862,0.14700,0.14059,0.52130,0.49567,-0.48895,0.49344,191.33592
0.10862,0.14726,0.14060,0.52130,0.49567,-0.48895,0.49344,191.59286
0.10863,0.14751,0.14061,0.52130,0.49567,-0.48895,0.49344,191.84518
0.10863,0.14776,0.14062,0.52130,0.49567,-0.48895,0.49344,192.09215
0.10864,0.14801,0.14062,0.52130,0.49567,-0.48895,0.49344,192.33304
0.10864,0.14825,0.14063,0.52130,0.49567,-0.48895,0.49344,192.56715
0.10865,0.14848,0.14064,0.52130,0.49567,-0.48895,0.49344,192.79377
0.10865,0.14870,0.14065,0.52130,0.49567,-0.48895,0.49344,193.01224
0.10866,0.14891,0.14066,0.52130,0.49567,-0.48895,0.49344,193.22190
0.10866,0.14912,0.14066,0.52130,0.49567,-0.48895,0.49344,193.42215
0.10867,0.14931,0.14067,0.52130,0.49567,-0.48895,0.49344,193.61236
0.10867,0.14950,0.14068,0.52130,0.49567,-0.48895,0.49344,193.79199
0.10867,0.14967,0.14068,0.52130,0.49567,-0.48895,0.49344,193.96047
0.10868,0.14984,0.14069,0.52130,0.49567,-0.48895,0.49344,194.11731
0.10868,0.14999,0.14069,0.52130,0.49567,-0.48895,0.49344,194.26204
0.10868,0.15013,0.14070,0.52130,0.49567,-0.48895,0.49344,194.39419
0.10869,0.15025,0.14070,0.52130,0.49567,-0.48895,0.49344,194.51338
0.10869,0.15036,0.14071,0.52130,0.49567,-0.48895,0.49344,194.61924
0.10869,0.15046,0.14071,0.52130,0.49567,-0.48895,0.49344,194.71143
0.10869,0.15055,0.14071,0.52130,0.49567,-0.48895,0.49344,194.78966
0.10869,0.15062,0.14072,0.52130,0.49567,-0.48895,0.49344,194.85369
0.10869,0.15068,0.14072,0.52130,0.49567,-0.48895,0.49344,194.90330
0.10870,0.15072,0.14072,0.52130,0.49567,-0.48895,0.49344,194.93834
0.10870,0.15075,0.14072,0.52130,0.49567,-0.48895,0.49344,194.95867
0.10870,0.15076,0.14072,0.52130,0.49567,-0.48895,0.49344,194.96423
0.10870,0.15076,0.14072,0.52130,0.49567,-0.48895,0.49344,194.97349
0.10870,0.15074,0.14072,0.52130,0.49567,-0.48895,0.49344,194.99756
0.10870,0.15071,0.14072,0.52130,0.49567,-0.48895,0.49344,195.03639
0.10869,0.15066,0.14072,0.52130,0.49567,-0.48895,0.49344,195.08988
0.10869,0.15060,0.14071,0.52130,0.49567,-0.48895,0.49344,195.15789
0.10869,0.15053,0.14071,0.52130,0.49567,-0.48895,0.49344,195.24024
0.10869,0.15044,0.14071,0.52130,0.49567,-0.48895,0.49344,195.33670
0.10869,0.15033,0.14071,0.52130,0.49567,-0.48895,0.49344,195.44700
0.10869,0.15022,0.14070,0.52130,0.49567,-0.48895,0.49344,195.57084
0.10868,0.15009,0.14070,0.52130,0.49567,-0.48895,0.49344,195.70784
0.10868,0.14994,0.14069,0.52130,0.49567,-0.48895,0.49344,195.85764
0.10868,0.14979,0.14069,0.52130,0.49567,-0.48895,0.49344,196.01979
0.10867,0.14962,0.14068,0.52130,0.49567,-0.48895,0.49344,196.19382
0.10867,0.14944,0.14067,0.52130,0.49567,-0.48895,0.49344,196.37923
0.10867,0.14925,0.14067,0.52130,0.49567,-0.48895,0.49344,196.57547
0.10866,0.14905,0.14066,0.52130,0.49567,-0.48895,0.49344,196.78197
0.10866,0.14883,0.14065,0.52130,0.49567,-0.48895,0.49344,196.99813
0.10865,0.14861,0.14065,0.52130,0.49567,-0.48895,0.49344,197.22330
0.10865,0.14838,0.14064,0.52130,0.49567,-0.48895,0.49344,197.45681
0.10864,0.14815,0.14063,0.52130,0.49567,-0.48895,0.49344,197.69799
0.10864,0.14790,0.14062,0.52130,0.49567,-0.48895,0.49344,197.94609
0.10863,0.14765,0.14061,0.52130,0.49567,-0.48895,0.49344,198.20040
0.10863,0.14739,0.14060,0.52130,0.49567,-0.48895,0.49344,198.46014
0.10862,0.14713,0.14059,0.52130,0.49567,-0.48895,0.49344,198.72454
0.10862,0.14686,0.14058,0.52130,0.49567,-0.48895,0.49344,198.99279
0.10861,0.14659,0.14058,0.52130,0.49567,-0.48895,0.49344,199.26411
0.10860,0.14632,0.14057,0.52130,0.49567,-0.48895,0.49344,199.53765
0.10860,0.14605,0.14056,0.52130,0.49567,-0.48895,0.49344,199.81261
0.10859,0.14577,0.14055,0.52130,0.49567,-0.48895,0.49344,200.08814
0.10859,0.14550,0.14054,0.52130,0.49567,-0.48895,0.49344,200.36340
0.10858,0.14522,0.14053,0.52130,0.49567,-0.48895,0.49344,200.63756
0.10858,0.14495,0.14052,0.52130,0.49567,-0.48895,0.49344,200.90979
0.10857,0.14468,0.14051,0.52130,0.49567,-0.48895,0.49344,201.17924
0.10857,0.14441,0.14050,0.52130,0.49567,-0.48895,0.49344,201.44509
0.10856,0.14415,0.14049,0.52130,0.49567,-0.48895,0.49344,201.70653
0.10855,0.14389,0.14048,0.52130,0.49567,-0.48895,0.49344,201.96275
0.10855,0.14363,0.14047,0.52130,0.49567,-0.48895,0.49344,202.21297
0.10854,0.14339,0.14046,0.52130,0.49567,-0.48895,0.49344,202.45639
0.10854,0.14315,0.14045,0.52130,0.49567,-0.48895,0.49344,202.69228
0.10853,0.14291,0.14045,0.52130,0.49567,-0.48895,0.49344,202.91990
0.10853,0.14269,0.14044,0.52130,0.49567,-0.48895,0.49344,203.13853
0.10853,0.14248,0.14043,0.52130,0.49567,-0.48895,0.49344,203.34750
0.10852,0.14227,0.14042,0.52130,0.49567,-0.48895,0.49344,203.54615
0.10852,0.14208,0.14042,0.52130,0.49567,-0.48895,0.49344,203.73385
0.10851,0.14190,0.14041,0.52130,0.49567,-0.48895,0.49344,203.91002
0.10851,0.14173,0.14041,0.52130,0.49567,-0.48895,0.49344,204.07408
0.10851,0.14157,0.14040,0.52130,0.49567,-0.48895,0.49344,204.22553
0.10850,0.14142,0.14039,0.52130,0.49567,-0.48895,0.49344,204.36388
0.10850,0.14129,0.14039,0.52130,0.49567,-0.48895,0.49344,204.48868
0.10850,0.14117,0.14039,0.52130,0.49567,-0.48895,0.49344,204.59954
0.10850,0.14107,0.14038,0.52130,0.49567,-0.48895,0.49344,204.69607
0.10849,0.14098,0.14038,0.52130,0.49567,-0.48895,0.49344,204.77798
0.10849,0.14091,0.14038,0.52130,0.49567,-0.48895,0.49344,204.84499
0.10849,0.14085,0.14037,0.52130,0.49567,-0.48895,0.49344,204.89687
0.10849,0.14080,0.14037,0.52130,0.49567,-0.48895,0.49344,204.93344
0.10849,0.14077,0.14037,0.52130,0.49567,-0.48895,0.49344,204.95456
0.10849,0.14076,0.14037,0.52130,0.49567,-0.48895,0.49344,204.96016
0.10849,0.14076,0.14037,0.52130,0.49567,-0.48895,0.49344,204.97013
0.10849,0.14078,0.14037,0.52130,0.49567,-0.48895,0.49344,204.99566
0.10849,0.14081,0.14037,0.52130,0.49567,-0.48895,0.49344,205.03668
0.10849,0.14086,0.14038,0.52130,0.49567,-0.48895,0.49344,205.09309
0.10849,0.14093,0.14038,0.52130,0.49567,-0.48895,0.49344,205.16473
0.10850,0.14101,0.14038,0.52130,0.49567,-0.48895,0.49344,205.25139
0.10850,0.14110,0.14038,0.52130,0.49567,-0.48895,0.49344,205.35283
0.10850,0.14121,0.14039,0.52130,0.49567,-0.48895,0.49344,205.46875
0.10850,0.14133,0.14039,0.52130,0.49567,-0.48895,0.49344,205.59879
0.10850,0.14147,0.14040,0.52130,0.49567,-0.48895,0.49344,205.74257
0.10851,0.14162,0.14040,0.52130,0.49567,-0.48895,0.49344,205.89966
0.10851,0.14178,0.14041,0.52130,0.49567,-0.48895,0.49344,206.06958
0.10851,0.14196,0.14041,0.52130,0.49567,-0.48895,0.49344,206.25181
0.10852,0.14215,0.14042,0.52130,0.49567,-0.48895,0.49344,206.44579
0.10852,0.14235,0.14043,0.52130,0.49567,-0.48895,0.49344,206.65092
0.10853,0.14256,0.14043,0.52130,0.49567,-0.48895,0.49344,206.86657
0.10853,0.14278,0.14044,0.52130,0.49567,-0.48895,0.49344,207.09208
0.10854,0.14301,0.14045,0.52130,0.49567,-0.48895,0.49344,207.32674
0.10854,0.14325,0.14046,0.52130,0.49567,-0.48895,0.49344,207.56983
0.10855,0.14350,0.14047,0.52130,0.49567,-0.48895,0.49344,207.82057
0.10855,0.14375,0.14048,0.52130,0.49567,-0.48895,0.49344,208.07820
0.10856,0.14401,0.14048,0.52130,0.49567,-0.48895,0.49344,208.34190
0.10856,0.14428,0.14049,0.52130,0.49567,-0.48895,0.49344,208.61084
0.10857,0.14455,0.14050,0.52130,0.49567,-0.48895,0.49344,208.88417
0.10857,0.14482,0.14051,0.52130,0.49567,-0.48895,0.49344,209.16103
0.10858,0.14510,0.14052,0.52130,0.49567,-0.48895,0.49344,209.44055
0.10859,0.14538,0.14053,0.52130,0.49567,-0.48895,0.49344,209.72183
0.10859,0.14566,0.14054,0.52130,0.49567,-0.48895,0.49344,210.00398
0.10860,0.14595,0.14055,0.52130,0.49567,-0.48895,0.49344,210.28611
0.10860,0.14623,0.14056,0.52130,0.49567,-0.48895,0.49344,210.56730
0.10861,0.14651,0.14057,0.52130,0.49567,-0.48895,0.49344,210.84667
0.10861,0.14679,0.14058,0.52130,0.49567,-0.48895,0.49344,211.12331
0.10862,0.14706,0.14059,0.52130,0.49567,-0.48895,0.49344,211.39635
0.10863,0.14733,0.14060,0.52130,0.49567,-0.48895,0.49344,211.66488
0.10863,0.14760,0.14061,0.52130,0.49567,-0.48895,0.49344,211.92806
0.10864,0.14786,0.14062,0.52130,0.49567,-0.48895,0.49344,212.18503
0.10864,0.14811,0.14063,0.52130,0.49567,-0.48895,0.49344,212.43495
0.10865,0.14836,0.14064,0.52130,0.49567,-0.48895,0.49344,212.67702
0.10865,0.14860,0.14065,0.52130,0.49567,-0.48895,0.49344,212.91044
0.10866,0.14883,0.14065,0.52130,0.49567,-0.48895,0.49344,213.13445
0.10866,0.14905,0.14066,0.52130,0.49567,-0.48895,0.49344,213.34832
0.10867,0.14925,0.14067,0.52130,0.49567,-0.48895,0.49344,213.55134
0.10867,0.14945,0.14067,0.52130,0.49567,-0.48895,0.49344,213.74285
0.10867,0.14964,0.14068,0.52130,0.49567,-0.48895,0.49344,213.92222
0.10868,0.14981,0.14069,0.52130,0.49567,-0.48895,0.49344,214.08884
0.10868,0.14997,0.14069,0.52130,0.49567,-0.48895,0.49344,214.24216
0.10868,0.15012,0.14070,0.52130,0.49567,-0.48895,0.49344,214.38167
0.10869,0.15025,0.14070,0.52130,0.49567,-0.48895,0.49344,214.50690
0.10869,0.15037,0.14071,0.52130,0.49567,-0.48895,0.49344,214.61743
0.10869,0.15047,0.14071,0.52130,0.49567,-0.48895,0.49344,214.71287
0.10869,0.15056,0.14071,0.52130,0.49567,-0.48895,0.49344,214.79290
0.10869,0.15063,0.14072,0.52130,0.49567,-0.48895,0.49344,214.85724
0.10869,0.15069,0.14072,0.52130,0.49567,-0.48895,0.49344,214.90566
0.10870,0.15073,0.14072,0.52130,0.49567,-0.48895,0.49344,214.93798
0.10870,0.15075,0.14072,0.52130,0.49567,-0.48895,0.49344,214.95408
0.10870,0.15076,0.14072,0.52130,0.49567,-0.48895,0.49344,214.95428
0.10870,0.15075,0.14072,0.52130,0.49567,-0.48895,0.49344,214.97080
0.10870,0.15073,0.14072,0.52130,0.49567,-0.48895,0.49344,215.00360
0.10869,0.15069,0.14072,0.52130,0.49567,-0.48895,0.49344,215.05259
0.10869,0.15063,0.14072,0.52130,0.49567,-0.48895,0.49344,215.11765
0.10869,0.15056,0.14071,0.52130,0.49567,-0.48895,0.49344,215.19856
0.10869,0.15047,0.14071,0.52130,0.49567,-0.48895,0.49344,215.29509
0.10869,0.15036,0.14071,0.52130,0.49567,-0.48895,0.49344,215.40695
0.10869,0.15024,0.14070,0.52130,0.49567,-0.48895,0.49344,215.53377
0.10868,0.15011,0.14070,0.52130,0.49567,-0.48895,0.49344,215.67517
0.10868,0.14996,0.14069,0.52130,0.49567,-0.48895,0.49344,215.83069
0.10868,0.14980,0.14069,0.52130,0.49567,-0.48895,0.49344,215.99985
0.10867,0.14962,0.14068,0.52130,0.49567,-0.48895,0.49344,216.18209
0.10867,0.14943,0.14067,0.52130,0.49567,-0.48895,0.49344,216.37685
0.10866,0.14923,0.14067,0.52130,0.49567,-0.48895,0.49344,216.58347
0.10866,0.14902,0.14066,0.52130,0.49567,-0.48895,0.49344,216.80131
0.10866,0.14880,0.14065,0.52130,0.49567,-0.48895,0.49344,217.02966
0.10865,0.14856,0.14064,0.52130,0.49567,-0.48895,0.49344,217.26776
0.10865,0.14832,0.14064,0.52130,0.49567,-0.48895,0.49344,217.51485
0.10864,0.14807,0.14063,0.52130,0.49567,-0.48895,0.49344,217.77011
0.10864,0.14781,0.14062,0.52130,0.49567,-0.48895,0.49344,218.03272
0.10863,0.14754,0.14061,0.52130,0.49567,-0.48895,0.49344,218.30179
0.10862,0.14727,0.14060,0.52130,0.49567,-0.48895,0.49344,218.57646
0.10862,0.14700,0.14059,0.52130,0.49567,-0.48895,0.49344,218.85581
0.10861,0.14671,0.14058,0.52130,0.49567,-0.48895,0.49344,219.13892
0.10861,0.14643,0.14057,0.52130,0.49567,-0.48895,0.49344,219.42485
0.10860,0.14614,0.14056,0.52130,0.49567,-0.48895,0.49344,219.71265
0.10860,0.14585,0.14055,0.52130,0.49567,-0.48895,0.49344,220.00136
0.10859,0.14556,0.14054,0.52130,0.49567,-0.48895,0.49344,220.29001
0.10858,0.14528,0.14053,0.52130,0.49567,-0.48895,0.49344,220.57765
0.10858,0.14499,0.14052,0.52130,0.49567,-0.48895,0.49344,220.86331
0.10857,0.14470,0.14051,0.52130,0.49567,-0.48895,0.49344,221.14603
0.10857,0.14442,0.14050,0.52130,0.49567,-0.48895,0.49344,221.42485
0.10856,0.14415,0.14049,0.52130,0.49567,-0.48895,0.49344,221.69885
0.10855,0.14388,0.14048,0.52130,0.49567,-0.48895,0.49344,221.96709
0.10855,0.14361,0.14047,0.52130,0.49567,-0.48895,0.49344,222.22866
0.10854,0.14335,0.14046,0.52130,0.49567,-0.48895,0.49344,222.48268
0.10854,0.14310,0.14045,0.52130,0.49567,-0.48895,0.49344,222.72828
0.10853,0.14286,0.14044,0.52130,0.49567,-0.48895,0.49344,222.96462
0.10853,0.14263,0.14044,0.52130,0.49567,-0.48895,0.49344,223.19090
0.10852,0.14241,0.14043,0.52130,0.49567,-0.48895,0.49344,223.40634
0.10852,0.14220,0.14042,0.52130,0.49567,-0.48895,0.49344,223.61020
0.10852,0.14200,0.14041,0.52130,0.49567,-0.48895,0.49344,223.80178
0.10851,0.14182,0.14041,0.52130,0.49567,-0.48895,0.49344,223.98041
0.10851,0.14164,0.14040,0.52130,0.49567,-0.48895,0.49344,224.14548
0.10851,0.14149,0.14040,0.52130,0.49567,-0.48895,0.49344,224.29640
0.10850,0.14134,0.14039,0.52130,0.49567,-0.48895,0.49344,224.43265
0.10850,0.14121,0.14039,0.52130,0.49567,-0.48895,0.49344,224.55374
0.10850,0.14110,0.14038,0.52130,0.49567,-0.48895,0.49344,224.65926
0.10850,0.14100,0.14038,0.52130,0.49567,-0.48895,0.49344,224.74881
0.10849,0.14092,0.14038,0.52130,0.49567,-0.48895,0.49344,224.82208
0.10849,0.14086,0.14038,0.52130,0.49567,-0.48895,0.49344,224.87880
0.10849,0.14081,0.14037,0.52130,0.49567,-0.48895,0.49344,224.91875
0.10849,0.14078,0.14037,0.52130,0.49567,-0.48895,0.49344,224.94177
0.10849,0.14076,0.14037,0.52130,0.49567,-0.48895,0.49344,224.94778
0.10849,0.14076,0.14037,0.52130,0.49567,-0.48895,0.49344,224.95884
0.10849,0.14078,0.14037,0.52130,0.49567,-0.48895,0.49344,224.98695
0.10849,0.14082,0.14037,0.52130,0.49567,-0.48895,0.49344,225.03203
0.10849,0.14087,0.14038,0.52130,0.49567,-0.48895,0.49344,225.09396
0.10849,0.14094,0.14038,0.52130,0.49567,-0.48895,0.49344,225.17252
0.10850,0.14103,0.14038,0.52130,0.49567,-0.48895,0.49344,225.26749
0.10850,0.14113,0.14038,0.52130,0.49567,-0.48895,0.49344,225.37855
0.10850,0.14125,0.14039,0.52130,0.49567,-0.48895,0.49344,225.50534
0.10850,0.14139,0.14039,0.52130,0.49567,-0.48895,0.49344,225.64745
0.10851,0.14154,0.14040,0.52130,0.49567,-0.48895,0.49344,225.80440
0.10851,0.14170,0.14040,0.52130,0.49567,-0.48895,0.49344,225.97567
0.10851,0.14188,0.14041,0.52130,0.49567,-0.48895,0.49344,226.16068
0.10852,0.14207,0.14042,0.52130,0.49567,-0.48895,0.49344,226.35883
0.10852,0.14228,0.14042,0.52130,0.49567,-0.48895,0.49344,226.56943
0.10853,0.14249,0.14043,0.52130,0.49567,-0.48895,0.49344,226.79178
0.10853,0.14272,0.14044,0.52130,0.49567,-0.48895,0.49344,227.02513
0.10854,0.14296,0.14045,0.52130,0.49567,-0.48895,0.49344,227.26867
0.10854,0.14321,0.14046,0.52130,0.49567,-0.48895,0.49344,227.52157
0.10855,0.14346,0.14047,0.52130,0.49567,-0.48895,0.49344,227.78298
0.10855,0.14373,0.14048,0.52130,0.49567,-0.48895,0.49344,228.05200
0.10856,0.14400,0.14048,0.52130,0.49567,-0.48895,0.49344,228.32770
0.10856,0.14428,0.14049,0.52130,0.49567,-0.48895,0.49344,228.60913
0.10857,0.14457,0.14050,0.52130,0.49567,-0.48895,0.49344,228.89531
0.10857,0.14485,0.14051,0.52130,0.49567,-0.48895,0.49344,229.18527
0.10858,0.14515,0.14052,0.52130,0.49567,-0.48895,0.49344,229.47799
0.10859,0.14544,0.14053,0.52130,0.49567,-0.48895,0.49344,229.77246
0.10859,0.14573,0.14055,0.52130,0.49567,-0.48895,0.49344,230.06765
0.10860,0.14603,0.14056,0.52130,0.49567,-0.48895,0.49344,230.36253
0.10860,0.14632,0.14057,0.52130,0.49567,-0.48895,0.49344,230.65608
0.10861,0.14662,0.14058,0.52130,0.49567,-0.48895,0.49344,230.94726
0.10862,0.14691,0.14059,0.52130,0.49567,-0.48895,0.49344,231.23505
0.10862,0.14719,0.14060,0.52130,0.49567,-0.48895,0.49344,231.51844
0.10863,0.14747,0.14061,0.52130,0.49567,-0.48895,0.49344,231.79643
0.10863,0.14775,0.14062,0.52130,0.49567,-0.48895,0.49344,232.06804
0.10864,0.14802,0.14062,0.52130,0.49567,-0.48895,0.49344,232.33231
0.10865,0.14828,0.14063,0.52130,0.49567,-0.48895,0.49344,232.58829
0.10865,0.14853,0.14064,0.52130,0.49567,-0.48895,0.49344,232.83509
0.10866,0.14877,0.14065,0.52130,0.49567,-0.48895,0.49344,233.07182
0.10866,0.14900,0.14066,0.52130,0.49567,-0.48895,0.49344,233.29763
0.10866,0.14922,0.14067,0.52130,0.49567,-0.48895,0.49344,233.51172
0.10867,0.14943,0.14067,0.52130,0.49567,-0.48895,0.49344,233.71331
0.10867,0.14963,0.14068,0.52130,0.49567,-0.48895,0.49344,233.90169
0.10868,0.14981,0.14069,0.52130,0.49567,-0.48895,0.49344,234.07616
0.10868,0.14997,0.14069,0.52130,0.49567,-0.48895,0.49344,234.23609
0.10868,0.15013,0.14070,0.52130,0.49567,-0.48895,0.49344,234.38090
0.10869,0.15026,0.14070,0.52130,0.49567,-0.48895,0.49344,234.51007
0.10869,0.15039,0.14071,0.52130,0.49567,-0.48895,0.49344,234.62310
0.10869,0.15049,0.14071,0.52130,0.49567,-0.48895,0.49344,234.71959
0.10869,0.15058,0.14071,0.52130,0.49567,-0.48895,0.49344,234.79916
0.10869,0.15065,0.14072,0.52130,0.49567,-0.48895,0.49344,234.86153
0.10870,0.15070,0.14072,0.52130,0.49567,-0.48895,0.49344,234.90643
0.10870,0.15074,0.14072,0.52130,0.49567,-0.48895,0.49344,234.93370
0.10870,0.15076,0.14072,0.52130,0.49567,-0.48895,0.49344,234.94322
0.10870,0.15076,0.14072,0.52130,0.49567,-0.48895,0.49344,234.95151
0.10870,0.15074,0.14072,0.52130,0.49567,-0.48895,0.49344,234.97761
0.10870,0.15071,0.14072,0.52130,0.49567,-0.48895,0.49344,235.02144
0.10869,0.15065,0.14072,0.52130,0.49567,-0.48895,0.49344,235.08286
0.10869,0.15058,0.14071,0.52130,0.49567,-0.48895,0.49344,235.16169
0.10869,0.15050,0.14071,0.52130,0.49567,-0.48895,0.49344,235.25764
0.10869,0.15039,0.14071,0.52130,0.49567,-0.48895,0.49344,235.37041
0.10869,0.15027,0.14070,0.52130,0.49567,-0.48895,0.49344,235.49960
0.10868,0.15013,0.14070,0.52130,0.49567,-0.48895,0.49344,235.64478
0.10868,0.14998,0.14069,0.52130,0.49567,-0.48895,0.49344,235.80544
0.10868,0.14981,0.14069,0.52130,0.49567,-0.48895,0.49344,235.98103
0.10867,0.14963,0.14068,0.52130,0.49567,-0.48895,0.49344,236.17092
0.10867,0.14943,0.14067,0.52130,0.49567,-0.48895,0.49344,236.37446
0.10866,0.14922,0.14067,0.52130,0.49567,-0.48895,0.49344,236.59092
0.10866,0.14900,0.14066,0.52130,0.49567,-0.48895,0.49344,236.81954
0.10866,0.14876,0.14065,0.52130,0.49567,-0.48895,0.49344,237.05951
0.10865,0.14852,0.14064,0.52130,0.49567,-0.48895,0.49344,237.30999
0.10864,0.14826,0.14063,0.52130,0.49567,-0.48895,0.49344,237.57006
0.10864,0.14800,0.14062,0.52130,0.49567,-0.48895,0.49344,237.83881
0.10863,0.14773,0.14061,0.52130,0.49567,-0.48895,0.49344,238.11528
0.10863,0.14745,0.14061,0.52130,0.49567,-0.48895,0.49344,238.39847
0.10862,0.14716,0.14059,0.52130,0.49567,-0.48895,0.49344,238.68736
0.10862,0.14687,0.14058,0.52130,0.49567,-0.48895,0.49344,238.98091
0.10861,0.14657,0.14057,0.52130,0.49567,-0.48895,0.49344,239.27806
0.10860,0.14627,0.14056,0.52130,0.49567,-0.48895,0.49344,239.57774
0.10860,0.14597,0.14055,0.52130,0.49567,-0.48895,0.49344,239.87886
0.10859,0.14567,0.14054,0.52130,0.49567,-0.48895,0.49344,240.18032
0.10859,0.14537,0.14053,0.52130,0.49567,-0.48895,0.49344,240.48103
0.10858,0.14507,0.14052,0.52130,0.49567,-0.48895,0.49344,240.77989
0.10857,0.14477,0.14051,0.52130,0.49567,-0.48895,0.49344,241.07581
0.10857,0.14448,0.14050,0.52130,0.49567,-0.48895,0.49344,241.36770
0.10856,0.14419,0.14049,0.52130,0.49567,-0.48895,0.49344,241.65450
0.10855,0.14390,0.14048,0.52130,0.49567,-0.48895,0.49344,241.93514
0.10855,0.14363,0.14047,0.52130,0.49567,-0.48895,0.49344,242.20860
0.10854,0.14336,0.14046,0.52130,0.49567,-0.48895,0.49344,242.47386
0.10854,0.14310,0.14045,0.52130,0.49567,-0.48895,0.49344,242.72994
0.10853,0.14285,0.14044,0.52130,0.49567,-0.48895,0.49344,242.97589
0.10853,0.14260,0.14044,0.52130,0.49567,-0.48895,0.49344,243.21080
0.10852,0.14238,0.14043,0.52130,0.49567,-0.48895,0.49344,243.43379
0.10852,0.14216,0.14042,0.52130,0.49567,-0.48895,0.49344,243.64403
0.10851,0.14196,0.14041,0.52130,0.49567,-0.48895,0.49344,243.84072
0.10851,0.14177,0.14041,0.52130,0.49567,-0.48895,0.49344,244.02313
0.10851,0.14159,0.14040,0.52130,0.49567,-0.48895,0.49344,244.19057
0.10850,0.14143,0.14039,0.52130,0.49567,-0.48895,0.49344,244.34240
0.10850,0.14129,0.14039,0.52130,0.49567,-0.48895,0.49344,244.47805
0.10850,0.14116,0.14039,0.52130,0.49567,-0.48895,0.49344,244.59699
0.10850,0.14105,0.14038,0.52130,0.49567,-0.48895,0.49344,244.69876
0.10849,0.14096,0.14038,0.52130,0.49567,-0.48895,0.49344,244.78298
0.10849,0.14088,0.14038,0.52130,0.49567,-0.48895,0.49344,244.84929
0.10849,0.14082,0.14037,0.52130,0.49567,-0.48895,0.49344,244.89745
0.10849,0.14078,0.14037,0.52130,0.49567,-0.48895,0.49344,244.92724
0.10849,0.14076,0.14037,0.52130,0.49567,-0.48895,0.49344,244.93854
0.10849,0.14076,0.14037,0.52130,0.49567,-0.48895,0.49344,244.94580
0.10849,0.14078,0.14037,0.52130,0.49567,-0.48895,0.49344,244.97161
0.10849,0.14081,0.14037,0.52130,0.49567,-0.48895,0.49344,245.01590
0.10849,0.14087,0.14038,0.52130,0.49567,-0.48895,0.49344,245.07852
0.10849,0.14094,0.14038,0.52130,0.49567,-0.48895,0.49344,245.15926
0.10850,0.14103,0.14038,0.52130,0.49567,-0.48895,0.49344,245.25785
0.10850,0.14114,0.14038,0.52130,0.49567,-0.48895,0.49344,245.37394
0.10850,0.14126,0.14039,0.52130,0.49567,-0.48895,0.49344,245.50710
0.10850,0.14140,0.14039,0.52130,0.49567,-0.48895,0.49344,245.65687
0.10851,0.14156,0.14040,0.52130,0.49567,-0.48895,0.49344,245.82271
0.10851,0.14173,0.14041,0.52130,0.49567,-0.48895,0.49344,246.00401
0.10851,0.14192,0.14041,0.52130,0.49567,-0.48895,0.49344,246.20011
0.10852,0.14213,0.14042,0.52130,0.49567,-0.48895,0.49344,246.41029
0.10852,0.14234,0.14043,0.52130,0.49567,-0.48895,0.49344,246.63379
0.10853,0.14257,0.14043,0.52130,0.49567,-0.48895,0.49344,246.86977
0.10853,0.14281,0.14044,0.52130,0.49567,-0.48895,0.49344,247.11736
0.10854,0.14307,0.14045,0.52130,0.49567,-0.48895,0.49344,247.37565
0.10854,0.14333,0.14046,0.52130,0.49567,-0.48895,0.49344,247.64368
0.10855,0.14360,0.14047,0.52130,0.49567,-0.48895,0.49344,247.92045
0.10855,0.14388,0.14048,0.52130,0.49567,-0.48895,0.49344,248.20493
0.10856,0.14417,0.14049,0.52130,0.49567,-0.48895,0.49344,248.49604
0.10857,0.14447,0.14050,0.52130,0.49567,-0.48895,0.49344,248.79271
0.10857,0.14477,0.14051,0.52130,0.49567,-0.48895,0.49344,249.09381
0.10858,0.14507,0.14052,0.52130,0.49567,-0.48895,0.49344,249.39821
0.10859,0.14537,0.14053,0.52130,0.49567,-0.48895,0.49344,249.70477
0.10859,0.14568,0.14054,0.52130,0.49567,-0.48895,0.49344,250.01232
0.10860,0.14599,0.14055,0.52130,0.49567,-0.48895,0.49344,250.31970
0.10860,0.14630,0.14056,0.52130,0.49567,-0.48895,0.49344,250.62574
0.10861,0.14660,0.14058,0.52130,0.49567,-0.48895,0.49344,250.92929
0.10862,0.14690,0.14059,0.52130,0.49567,-0.48895,0.49344,251.22918
0.10862,0.14720,0.14060,0.52130,0.49567,-0.48895,0.49344,251.52427
0.10863,0.14749,0.14061,0.52130,0.49567,-0.48895,0.49344,251.81342
0.10863,0.14778,0.14062,0.52130,0.49567,-0.48895,0.49344,252.09555
0.10864,0.14806,0.14063,0.52130,0.49567,-0.48895,0.49344,252.36955
0.10865,0.14833,0.14064,0.52130,0.49567,-0.48895,0.49344,252.63438
0.10865,0.14859,0.14064,0.52130,0.49567,-0.48895,0.49344,252.88901
0.10866,0.14884,0.14065,0.52130,0.49567,-0.48895,0.49344,253.13246
0.10866,0.14908,0.14066,0.52130,0.49567,-0.48895,0.49344,253.36378
0.10867,0.14930,0.14067,0.52130,0.49567,-0.48895,0.49344,253.58209
0.10867,0.14951,0.14068,0.52130,0.49567,-0.48895,0.49344,253.78651
0.10867,0.14971,0.14068,0.52130,0.49567,-0.48895,0.49344,253.97627
0.10868,0.14989,0.14069,0.52130,0.49567,-0.48895,0.49344,254.15060
0.10868,0.15006,0.14070,0.52130,0.49567,-0.48895,0.49344,254.30883
0.10868,0.15021,0.14070,0.52130,0.49567,-0.48895,0.49344,254.45033
0.10869,0.15034,0.14071,0.52130,0.49567,-0.48895,0.49344,254.57453
0.10869,0.15046,0.14071,0.52130,0.49567,-0.48895,0.49344,254.68094
0.10869,0.15055,0.14071,0.52130,0.49567,-0.48895,0.49344,254.76913
0.10869,0.15063,0.14072,0.52130,0.49567,-0.48895,0.49344,254.83873
0.10869,0.15069,0.14072,0.52130,0.49567,-0.48895,0.49344,254.88946
0.10870,0.15073,0.14072,0.52130,0.49567,-0.48895,0.49344,254.92110
0.10870,0.15076,0.14072,0.52130,0.49567,-0.48895,0.49344,254.93350
0.10870,0.15076,0.14072,0.52130,0.49567,-0.48895,0.49344,254.94040
0.10870,0.15074,0.14072,0.52130,0.49567,-0.48895,0.49344,254.96660
0.10870,0.15071,0.14072,0.52130,0.49567,-0.48895,0.49344,255.01203
0.10869,0.15065,0.14072,0.52130,0.49567,-0.48895,0.49344,255.07652
0.10869,0.15058,0.14071,0.52130,0.49567,-0.48895,0.49344,255.15985
0.10869,0.15048,0.14071,0.52130,0.49567,-0.48895,0.49344,255.26172
0.10869,0.15037,0.14071,0.52130,0.49567,-0.48895,0.49344,255.38175
0.10869,0.15024,0.14070,0.52130,0.49567,-0.48895,0.49344,255.51951
0.10868,0.15010,0.14070,0.52130,0.49567,-0.48895,0.49344,255.67446
0.10868,0.14993,0.14069,0.52130,0.49567,-0.48895,0.49344,255.84603
0.10868,0.14975,0.14069,0.52130,0.49567,-0.48895,0.49344,256.03358
0.10867,0.14956,0.14068,0.52130,0.49567,-0.48895,0.49344,256.23638
0.10867,0.14935,0.14067,0.52130,0.49567,-0.48895,0.49344,256.45367
0.10866,0.14913,0.14066,0.52130,0.49567,-0.48895,0.49344,256.68461
0.10866,0.14889,0.14066,0.52130,0.49567,-0.48895,0.49344,256.92832
0.10865,0.14864,0.14065,0.52130,0.49567,-0.48895,0.49344,257.18386
0.10865,0.14838,0.14064,0.52130,0.49567,-0.48895,0.49344,257.45024
0.10864,0.14810,0.14063,0.52130,0.49567,-0.48895,0.49344,257.72643
0.10864,0.14782,0.14062,0.52130,0.49567,-0.48895,0.49344,258.01136
0.10863,0.14754,0.14061,0.52130,0.49567,-0.48895,0.49344,258.30393
0.10862,0.14724,0.14060,0.52130,0.49567,-0.48895,0.49344,258.60299
0.10862,0.14694,0.14059,0.52130,0.49567,-0.48895,0.49344,258.90738
0.10861,0.14663,0.14058,0.52130,0.49567,-0.48895,0.49344,259.21590
0.10860,0.14632,0.14057,0.52130,0.49567,-0.48895,0.49344,259.52736
0.10860,0.14601,0.14055,0.52130,0.49567,-0.48895,0.49344,259.84052
0.10859,0.14569,0.14054,0.52130,0.49567,-0.48895,0.49344,260.15416
0.10859,0.14538,0.14053,0.52130,0.49567,-0.48895,0.49344,260.46703
0.10858,0.14507,0.14052,0.52130,0.49567,-0.48895,0.49344,260.77791
0.10857,0.14476,0.14051,0.52130,0.49567,-0.48895,0.49344,261.08556
0.10857,0.14445,0.14050,0.52130,0.49567,-0.48895,0.49344,261.38877
0.10856,0.14415,0.14049,0.52130,0.49567,-0.48895,0.49344,261.68633
0.10855,0.14386,0.14048,0.52130,0.49567,-0.48895,0.49344,261.97706
0.10855,0.14357,0.14047,0.52130,0.49567,-0.48895,0.49344,262.25979
0.10854,0.14329,0.14046,0.52130,0.49567,-0.48895,0.49344,262.53340
0.10854,0.14302,0.14045,0.52130,0.49567,-0.48895,0.49344,262.79680
0.10853,0.14277,0.14044,0.52130,0.49567,-0.48895,0.49344,263.04892
0.10853,0.14252,0.14043,0.52130,0.49567,-0.48895,0.49344,263.28876
0.10852,0.14229,0.14042,0.52130,0.49567,-0.48895,0.49344,263.51533
0.10852,0.14207,0.14042,0.52130,0.49567,-0.48895,0.49344,263.72774
0.10851,0.14186,0.14041,0.52130,0.49567,-0.48895,0.49344,263.92511
0.10851,0.14167,0.14040,0.52130,0.49567,-0.48895,0.49344,264.10665
0.10851,0.14150,0.14040,0.52130,0.49567,-0.48895,0.49344,264.27161
0.10850,0.14134,0.14039,0.52130,0.49567,-0.48895,0.49344,264.41931
0.10850,0.14120,0.14039,0.52130,0.49567,-0.48895,0.49344,264.54914
0.10850,0.14108,0.14038,0.52130,0.49567,-0.48895,0.49344,264.66058
0.10849,0.14098,0.14038,0.52130,0.49567,-0.48895,0.49344,264.75314
0.10849,0.14090,0.14038,0.52130,0.49567,-0.48895,0.49344,264.82644
0.10849,0.14083,0.14037,0.52130,0.49567,-0.48895,0.49344,264.88016
0.10849,0.14079,0.14037,0.52130,0.49567,-0.48895,0.49344,264.91406
0.10849,0.14076,0.14037,0.52130,0.49567,-0.48895,0.49344,264.92800
0.10849,0.14076,0.14037,0.52130,0.49567,-0.48895,0.49344,264.93412
0.10849,0.14078,0.14037,0.52130,0.49567,-0.48895,0.49344,264.96029
0.10849,0.14081,0.14037,0.52130,0.49567,-0.48895,0.49344,265.00642
0.10849,0.14087,0.14038,0.52130,0.49567,-0.48895,0.49344,265.07236
0.10849,0.14095,0.14038,0.52130,0.49567,-0.48895,0.49344,265.15787
0.10850,0.14104,0.14038,0.52130,0.49567,-0.48895,0.49344,265.26261
0.10850,0.14115,0.14039,0.52130,0.49567,-0.48895,0.49344,265.38619
0.10850,0.14129,0.14039,0.52130,0.49567,-0.48895,0.49344,265.52813
0.10850,0.14144,0.14040,0.52130,0.49567,-0.48895,0.49344,265.68787
0.10851,0.14161,0.14040,0.52130,0.49567,-0.48895,0.49344,265.86481
0.10851,0.14179,0.14041,0.52130,0.49567,-0.48895,0.49344,266.05822
0.10852,0.14199,0.14041,0.52130,0.49567,-0.48895,0.49344,266.26736
0.10852,0.14221,0.14042,0.52130,0.49567,-0.48895,0.49344,266.49139
0.10852,0.14244,0.14043,0.52130,0.49567,-0.48895,0.49344,266.72943
0.10853,0.14269,0.14044,0.52130,0.49567,-0.48895,0.49344,266.98051
0.10854,0.14294,0.14045,0.52130,0.49567,-0.48895,0.49344,267.24364
0.10854,0.14321,0.14046,0.52130,0.49567,-0.48895,0.49344,267.51776
0.10855,0.14349,0.14047,0.52130,0.49567,-0.48895,0.49344,267.80178
0.10855,0.14378,0.14048,0.52130,0.49567,-0.48895,0.49344,268.09453
0.10856,0.14408,0.14049,0.52130,0.49567,-0.48895,0.49344,268.39485
0.10856,0.14438,0.14050,0.52130,0.49567,-0.48895,0.49344,268.70151
0.10857,0.14469,0.14051,0.52130,0.49567,-0.48895,0.49344,269.01328
0.10858,0.14501,0.14052,0.52130,0.49567,-0.48895,0.49344,269.32889
0.10858,0.14532,0.14053,0.52130,0.49567,-0.48895,0.49344,269.64705
0.10859,0.14564,0.14054,0.52130,0.49567,-0.48895,0.49344,269.96646
0.10860,0.14596,0.14055,0.52130,0.49567,-0.48895,0.49344,270.28582
0.10860,0.14628,0.14056,0.52130,0.49567,-0.48895,0.49344,270.60383
0.10861,0.14660,0.14058,0.52130,0.49567,-0.48895,0.49344,270.91917
0.10862,0.14691,0.14059,0.52130,0.49567,-0.48895,0.49344,271.23055
0.10862,0.14722,0.14060,0.52130,0.49567,-0.48895,0.49344,271.53670
0.10863,0.14752,0.14061,0.52130,0.49567,-0.48895,0.49344,271.83634
0.10864,0.14782,0.14062,0.52130,0.49567,-0.48895,0.49344,272.12825
0.10864,0.14811,0.14063,0.52130,0.49567,-0.48895,0.49344,272.41120
0.10865,0.14839,0.14064,0.52130,0.49567,-0.48895,0.49344,272.68404
0.10865,0.14865,0.14065,0.52130,0.49567,-0.48895,0.49344,272.94561
0.10866,0.14891,0.14066,0.52130,0.49567,-0.48895,0.49344,273.19484
0.10866,0.14915,0.14066,0.52130,0.49567,-0.48895,0.49344,273.43067
0.10867,0.14938,0.14067,0.52130,0.49567,-0.48895,0.49344,273.65213
0.10867,0.14959,0.14068,0.52130,0.49567,-0.48895,0.49344,273.85828
0.10868,0.14979,0.14069,0.52130,0.49567,-0.48895,0.49344,274.04825
0.10868,0.14997,0.14069,0.52130,0.49567,-0.48895,0.49344,274.22124
0.10868,0.15014,0.14070,0.52130,0.49567,-0.48895,0.49344,274.37651
0.10869,0.15028,0.14070,0.52130,0.49567,-0.48895,0.49344,274.51341
0.10869,0.15041,0.14071,0.52130,0.49567,-0.48895,0.49344,274.63133
0.10869,0.15052,0.14071,0.52130,0.49567,-0.48895,0.49344,274.72978
0.10869,0.15061,0.14072,0.52130,0.49567,-0.48895,0.49344,274.80832
0.10869,0.15068,0.14072,0.52130,0.49567,-0.48895,0.49344,274.86661
0.10870,0.15073,0.14072,0.52130,0.49567,-0.48895,0.49344,274.90437
0.10870,0.15075,0.14072,0.52130,0.49567,-0.48895,0.49344,274.92143
0.10870,0.15076,0.14072,0.52130,0.49567,-0.48895,0.49344,274.92517
0.10870,0.15075,0.14072,0.52130,0.49567,-0.48895,0.49344,274.94970
0.10870,0.15071,0.14072,0.52130,0.49567,-0.48895,0.49344,274.99496
0.10869,0.15066,0.14072,0.52130,0.49567,-0.48895,0.49344,275.06077
0.10869,0.15058,0.14071,0.52130,0.49567,-0.48895,0.49344,275.14689
0.10869,0.15048,0.14071,0.52130,0.49567,-0.48895,0.49344,275.25298
0.10869,0.15037,0.14071,0.52130,0.49567,-0.48895,0.49344,275.37862
0.10869,0.15023,0.14070,0.52130,0.49567,-0.48895,0.49344,275.52329
0.10868,0.15008,0.14070,0.52130,0.49567,-0.48895,0.49344,275.68642
0.10868,0.14991,0.14069,0.52130,0.49567,-0.48895,0.49344,275.86735
0.10867,0.14972,0.14068,0.52130,0.49567,-0.48895,0.49344,276.06533
0.10867,0.14951,0.14068,0.52130,0.49567,-0.48895,0.49344,276.27956
0.10867,0.14929,0.14067,0.52130,0.49567,-0.48895,0.49344,276.50914
0.10866,0.14905,0.14066,0.52130,0.49567,-0.48895,0.49344,276.75314
0.10866,0.14880,0.14065,0.52130,0.49567,-0.48895,0.49344,277.01054
0.10865,0.14854,0.14064,0.52130,0.49567,-0.48895,0.49344,277.28027
0.10864,0.14826,0.14063,0.52130,0.49567,-0.48895,0.49344,277.56121
0.10864,0.14797,0.14062,0.52130,0.49567,-0.48895,0.49344,277.85219
0.10863,0.14768,0.14061,0.52130,0.49567,-0.48895,0.49344,278.15199
0.10863,0.14737,0.14060,0.52130,0.49567,-0.48895,0.49344,278.45935
0.10862,0.14706,0.14059,0.52130,0.49567,-0.48895,0.49344,278.77299
0.10861,0.14675,0.14058,0.52130,0.49567,-0.48895,0.49344,279.09159
0.10861,0.14643,0.14057,0.52130,0.49567,-0.48895,0.49344,279.41379
0.10860,0.14610,0.14056,0.52130,0.49567,-0.48895,0.49344,279.73825
0.10859,0.14578,0.14055,0.52130,0.49567,-0.48895,0.49344,280.06359
0.10859,0.14545,0.14054,0.52130,0.49567,-0.48895,0.49344,280.38843
0.10858,0.14513,0.14052,0.52130,0.49567,-0.48895,0.49344,280.71139
0.10857,0.14481,0.14051,0.52130,0.49567,-0.48895,0.49344,281.03109
0.10857,0.14449,0.14050,0.52130,0.49567,-0.48895,0.49344,281.34618
0.10856,0.14418,0.14049,0.52130,0.49567,-0.48895,0.49344,281.65532
0.10855,0.14387,0.14048,0.52130,0.49567,-0.48895,0.49344,281.95716
0.10855,0.14357,0.14047,0.52130,0.49567,-0.48895,0.49344,282.25044
0.10854,0.14328,0.14046,0.52130,0.49567,-0.48895,0.49344,282.53387
0.10854,0.14300,0.14045,0.52130,0.49567,-0.48895,0.49344,282.80625
0.10853,0.14274,0.14044,0.52130,0.49567,-0.48895,0.49344,283.06640
0.10853,0.14248,0.14043,0.52130,0.49567,-0.48895,0.49344,283.31320
0.10852,0.14224,0.14042,0.52130,0.49567,-0.48895,0.49344,283.54557
0.10852,0.14202,0.14042,0.52130,0.49567,-0.48895,0.49344,283.76250
0.10851,0.14181,0.14041,0.52130,0.49567,-0.48895,0.49344,283.96305
0.10851,0.14162,0.14040,0.52130,0.49567,-0.48895,0.49344,284.14635
0.10850,0.14144,0.14040,0.52130,0.49567,-0.48895,0.49344,284.31158
0.10850,0.14129,0.14039,0.52130,0.49567,-0.48895,0.49344,284.45802
0.10850,0.14115,0.14039,0.52130,0.49567,-0.48895,0.49344,284.58502
0.10850,0.14103,0.14038,0.52130,0.49567,-0.48895,0.49344,284.69201
0.10849,0.14094,0.14038,0.52130,0.49567,-0.48895,0.49344,284.77851
0.10849,0.14086,0.14038,0.52130,0.49567,-0.48895,0.49344,284.84412
0.10849,0.14081,0.14037,0.52130,0.49567,-0.48895,0.49344,284.88855
0.10849,0.14077,0.14037,0.52130,0.49567,-0.48895,0.49344,284.91157
0.10849,0.14076,0.14037,0.52130,0.49567,-0.48895,0.49344,284.91306
0.10849,0.14077,0.14037,0.52130,0.49567,-0.48895,0.49344,284.93313
0.10849,0.14080,0.14037,0.52130,0.49567,-0.48895,0.49344,284.97468
0.10849,0.14085,0.14037,0.52130,0.49567,-0.48895,0.49344,285.03758
0.10849,0.14093,0.14038,0.52130,0.49567,-0.48895,0.49344,285.12156
0.10850,0.14102,0.14038,0.52130,0.49567,-0.48895,0.49344,285.22629
0.10850,0.14114,0.14038,0.52130,0.49567,-0.48895,0.49344,285.35134
0.10850,0.14127,0.14039,0.52130,0.49567,-0.48895,0.49344,285.49619
0.10850,0.14143,0.14039,0.52130,0.49567,-0.48895,0.49344,285.66022
0.10851,0.14160,0.14040,0.52130,0.49567,-0.48895,0.49344,285.84276
0.10851,0.14179,0.14041,0.52130,0.49567,-0.48895,0.49344,286.04302
0.10852,0.14200,0.14041,0.52130,0.49567,-0.48895,0.49344,286.26016
0.10852,0.14222,0.14042,0.52130,0.49567,-0.48895,0.49344,286.49324
0.10853,0.14247,0.14043,0.52130,0.49567,-0.48895,0.49344,286.74128
0.10853,0.14272,0.14044,0.52130,0.49567,-0.48895,0.49344,287.00320
0.10854,0.14299,0.14045,0.52130,0.49567,-0.48895,0.49344,287.27788
0.10854,0.14327,0.14046,0.52130,0.49567,-0.48895,0.49344,287.56414
0.10855,0.14356,0.14047,0.52130,0.49567,-0.48895,0.49344,287.86074
0.10855,0.14386,0.14048,0.52130,0.49567,-0.48895,0.49344,288.16638
0.10856,0.14417,0.14049,0.52130,0.49567,-0.48895,0.49344,288.47976
0.10857,0.14449,0.14050,0.52130,0.49567,-0.48895,0.49344,288.79950
0.10857,0.14481,0.14051,0.52130,0.49567,-0.48895,0.49344,289.12420
0.10858,0.14514,0.14052,0.52130,0.49567,-0.48895,0.49344,289.45246
0.10859,0.14547,0.14054,0.52130,0.49567,-0.48895,0.49344,289.78284
0.10859,0.14580,0.14055,0.52130,0.49567,-0.48895,0.49344,290.11389
0.10860,0.14613,0.14056,0.52130,0.49567,-0.48895,0.49344,290.44415
0.10861,0.14646,0.14057,0.52130,0.49567,-0.48895,0.49344,290.77218
0.10861,0.14679,0.14058,0.52130,0.49567,-0.48895,0.49344,291.09652
0.10862,0.14711,0.14059,0.52130,0.49567,-0.48895,0.49344,291.41576
0.10863,0.14743,0.14060,0.52130,0.49567,-0.48895,0.49344,291.72847
0.10863,0.14773,0.14061,0.52130,0.49567,-0.48895,0.49344,292.03327
0.10864,0.14804,0.14063,0.52130,0.49567,-0.48895,0.49344,292.32881
0.10865,0.14833,0.14064,0.52130,0.49567,-0.48895,0.49344,292.61377
0.10865,0.14861,0.14065,0.52130,0.49567,-0.48895,0.49344,292.88689
0.10866,0.14887,0.14065,0.52130,0.49567,-0.48895,0.49344,293.14694
0.10866,0.14913,0.14066,0.52130,0.49567,-0.48895,0.49344,293.39276
0.10867,0.14936,0.14067,0.52130,0.49567,-0.48895,0.49344,293.62324
0.10867,0.14959,0.14068,0.52130,0.49567,-0.48895,0.49344,293.83736
0.10868,0.14979,0.14069,0.52130,0.49567,-0.48895,0.49344,294.03413
0.10868,0.14998,0.14069,0.52130,0.49567,-0.48895,0.49344,294.21268
0.10868,0.15015,0.14070,0.52130,0.49567,-0.48895,0.49344,294.37219
0.10869,0.15030,0.14070,0.52130,0.49567,-0.48895,0.49344,294.51192
0.10869,0.15043,0.14071,0.52130,0.49567,-0.48895,0.49344,294.63124
0.10869,0.15054,0.14071,0.52130,0.49567,-0.48895,0.49344,294.72959
0.10869,0.15063,0.14072,0.52130,0.49567,-0.48895,0.49344,294.80652
0.10869,0.15069,0.14072,0.52130,0.49567,-0.48895,0.49344,294.86166
0.10870,0.15074,0.14072,0.52130,0.49567,-0.48895,0.49344,294.89473
0.10870,0.15076,0.14072,0.52130,0.49567,-0.48895,0.49344,294.90558
0.10870,0.15076,0.14072,0.52130,0.49567,-0.48895,0.49344,294.91704
0.10870,0.15073,0.14072,0.52130,0.49567,-0.48895,0.49344,294.95078
0.10869,0.15069,0.14072,0.52130,0.49567,-0.48895,0.49344,295.00667
0.10869,0.15062,0.14072,0.52130,0.49567,-0.48895,0.49344,295.08448
0.10869,0.15053,0.14071,0.52130,0.49567,-0.48895,0.49344,295.18389
0.10869,0.15042,0.14071,0.52130,0.49567,-0.48895,0.49344,295.30448
0.10869,0.15029,0.14070,0.52130,0.49567,-0.48895,0.49344,295.44573
0.10868,0.15014,0.14070,0.52130,0.49567,-0.48895,0.49344,295.60702
0.10868,0.14997,0.14069,0.52130,0.49567,-0.48895,0.49344,295.78766
0.10868,0.14978,0.14069,0.52130,0.49567,-0.48895,0.49344,295.98685
0.10867,0.14957,0.14068,0.52130,0.49567,-0.48895,0.49344,296.20372
0.10867,0.14935,0.14067,0.52130,0.49567,-0.48895,0.49344,296.43731
0.10866,0.14910,0.14066,0.52130,0.49567,-0.48895,0.49344,296.68659
0.10866,0.14885,0.14065,0.52130,0.49567,-0.48895,0.49344,296.95044
0.10865,0.14858,0.14064,0.52130,0.49567,-0.48895,0.49344,297.22770
0.10865,0.14829,0.14063,0.52130,0.49567,-0.48895,0.49344,297.51713
0.10864,0.14800,0.14062,0.52130,0.49567,-0.48895,0.49344,297.81744
0.10863,0.14769,0.14061,0.52130,0.49567,-0.48895,0.49344,298.12727
0.10863,0.14738,0.14060,0.52130,0.49567,-0.48895,0.49344,298.44524
0.10862,0.14706,0.14059,0.52130,0.49567,-0.48895,0.49344,298.76992
0.10861,0.14673,0.14058,0.52130,0.49567,-0.48895,0.49344,299.09984
0.10861,0.14640,0.14057,0.52130,0.49567,-0.48895,0.49344,299.43352
0.10860,0.14606,0.14056,0.52130,0.49567,-0.48895,0.49344,299.76944
0.10859,0.14573,0.14055,0.52130,0.49567,-0.48895,0.49344,300.10609
0.10859,0.14539,0.14053,0.52130,0.49567,-0.48895,0.49344,300.44193
0.10858,0.14505,0.14052,0.52130,0.49567,-0.48895,0.49344,300.77545
0.10857,0.14472,0.14051,0.52130,0.49567,-0.48895,0.49344,301.10511
0.10856,0.14439,0.14050,0.52130,0.49567,-0.48895,0.49344,301.42941
0.10856,0.14407,0.14049,0.52130,0.49567,-0.48895,0.49344,301.74688
0.10855,0.14376,0.14048,0.52130,0.49567,-0.48895,0.49344,302.05606
0.10855,0.14345,0.14047,0.52130,0.49567,-0.48895,0.49344,302.35552
0.10854,0.14316,0.14046,0.52130,0.49567,-0.48895,0.49344,302.64390
0.10853,0.14288,0.14045,0.52130,0.49567,-0.48895,0.49344,302.91986
0.10853,0.14261,0.14044,0.52130,0.49567,-0.48895,0.49344,303.18213
0.10852,0.14235,0.14043,0.52130,0.49567,-0.48895,0.49344,303.42949
0.10852,0.14211,0.14042,0.52130,0.49567,-0.48895,0.49344,303.66080
0.10851,0.14189,0.14041,0.52130,0.49567,-0.48895,0.49344,303.87499
0.10851,0.14169,0.14040,0.52130,0.49567,-0.48895,0.49344,304.07104
0.10851,0.14150,0.14040,0.52130,0.49567,-0.48895,0.49344,304.24804
0.10850,0.14133,0.14039,0.52130,0.49567,-0.48895,0.49344,304.40517
0.10850,0.14118,0.14039,0.52130,0.49567,-0.48895,0.49344,304.54167
0.10850,0.14106,0.14038,0.52130,0.49567,-0.48895,0.49344,304.65690
0.10849,0.14095,0.14038,0.52130,0.49567,-0.48895,0.49344,304.75031
0.10849,0.14087,0.14038,0.52130,0.49567,-0.48895,0.49344,304.82144
0.10849,0.14081,0.14037,0.52130,0.49567,-0.48895,0.49344,304.86994
0.10849,0.14077,0.14037,0.52130,0.49567,-0.48895,0.49344,304.89557
0.10849,0.14076,0.14037,0.52130,0.49567,-0.48895,0.49344,304.89817
0.10849,0.14077,0.14037,0.52130,0.49567,-0.48895,0.49344,304.91862
0.10849,0.14080,0.14037,0.52130,0.49567,-0.48895,0.49344,304.96205
0.10849,0.14086,0.14038,0.52130,0.49567,-0.48895,0.49344,305.02829
0.10849,0.14093,0.14038,0.52130,0.49567,-0.48895,0.49344,305.11706
0.10850,0.14103,0.14038,0.52130,0.49567,-0.48895,0.49344,305.22796
0.10850,0.14116,0.14039,0.52130,0.49567,-0.48895,0.49344,305.36051
0.10850,0.14130,0.14039,0.52130,0.49567,-0.48895,0.49344,305.51411
0.10850,0.14146,0.14040,0.52130,0.49567,-0.48895,0.49344,305.68809
0.10851,0.14165,0.14040,0.52130,0.49567,-0.48895,0.49344,305.88164
0.10851,0.14185,0.14041,0.52130,0.49567,-0.48895,0.49344,306.09389
0.10852,0.14207,0.14042,0.52130,0.49567,-0.48895,0.49344,306.32388
0.10852,0.14231,0.14043,0.52130,0.49567,-0.48895,0.49344,306.57055
0.10853,0.14256,0.14043,0.52130,0.49567,-0.48895,0.49344,306.83277
0.10853,0.14283,0.14044,0.52130,0.49567,-0.48895,0.49344,307.10934
0.10854,0.14312,0.14045,0.52130,0.49567,-0.48895,0.49344,307.39898
0.10854,0.14341,0.14046,0.52130,0.49567,-0.48895,0.49344,307.70036
0.10855,0.14372,0.14047,0.52130,0.49567,-0.48895,0.49344,308.01208
0.10856,0.14404,0.14049,0.52130,0.49567,-0.48895,0.49344,308.33270
0.10856,0.14436,0.14050,0.52130,0.49567,-0.48895,0.49344,308.66072
0.10857,0.14469,0.14051,0.52130,0.49567,-0.48895,0.49344,308.99462
0.10858,0.14503,0.14052,0.52130,0.49567,-0.48895,0.49344,309.33285
0.10859,0.14537,0.14053,0.52130,0.49567,-0.48895,0.49344,309.67382
0.10859,0.14571,0.14054,0.52130,0.49567,-0.48895,0.49344,310.01594
0.10860,0.14605,0.14056,0.52130,0.49567,-0.48895,0.49344,310.35760
0.10861,0.14639,0.14057,0.52130,0.49567,-0.48895,0.49344,310.69720
0.10861,0.14673,0.14058,0.52130,0.49567,-0.48895,0.49344,311.03315
0.10862,0.14707,0.14059,0.52130,0.49567,-0.48895,0.49344,311.36386
0.10863,0.14739,0.14060,0.52130,0.49567,-0.48895,0.49344,311.68777
0.10863,0.14771,0.14061,0.52130,0.49567,-0.48895,0.49344,312.00334
0.10864,0.14803,0.14063,0.52130,0.49567,-0.48895,0.49344,312.30909
0.10865,0.14833,0.14064,0.52130,0.49567,-0.48895,0.49344,312.60356
0.10865,0.14861,0.14065,0.52130,0.49567,-0.48895,0.49344,312.88535
0.10866,0.14889,0.14066,0.52130,0.49567,-0.48895,0.49344,313.15311
0.10866,0.14915,0.14066,0.52130,0.49567,-0.48895,0.49344,313.40558
0.10867,0.14939,0.14067,0.52130,0.49567,-0.48895,0.49344,313.64153
0.10867,0.14962,0.14068,0.52130,0.49567,-0.48895,0.49344,313.85984
0.10868,0.14983,0.14069,0.52130,0.49567,-0.48895,0.49344,314.05946
0.10868,0.15002,0.14069,0.52130,0.49567,-0.48895,0.49344,314.23941
0.10868,0.15019,0.14070,0.52130,0.49567,-0.48895,0.49344,314.39883
0.10869,0.15034,0.14071,0.52130,0.49567,-0.48895,0.49344,314.53693
0.10869,0.15047,0.14071,0.52130,0.49567,-0.48895,0.49344,314.65305
0.10869,0.15057,0.14071,0.52130,0.49567,-0.48895,0.49344,314.74661
0.10869,0.15065,0.14072,0.52130,0.49567,-0.48895,0.49344,314.81713
0.10870,0.15071,0.14072,0.52130,0.49567,-0.48895,0.49344,314.86426
0.10870,0.15075,0.14072,0.52130,0.49567,-0.48895,0.49344,314.88775
0.10870,0.15076,0.14072,0.52130,0.49567,-0.48895,0.49344,314.88803
0.10870,0.15075,0.14072,0.52130,0.49567,-0.48895,0.49344,314.91212
0.10870,0.15071,0.14072,0.52130,0.49567,-0.48895,0.49344,314.95991
0.10869,0.15065,0.14072,0.52130,0.49567,-0.48895,0.49344,315.03121
0.10869,0.15057,0.14071,0.52130,0.49567,-0.48895,0.49344,315.12570
0.10869,0.15046,0.14071,0.52130,0.49567,-0.48895,0.49344,315.24295
0.10869,0.15033,0.14071,0.52130,0.49567,-0.48895,0.49344,315.38242
0.10868,0.15018,0.14070,0.52130,0.49567,-0.48895,0.49344,315.54348
0.10868,0.15001,0.14069,0.52130,0.49567,-0.48895,0.49344,315.72537
0.10868,0.14982,0.14069,0.52130,0.49567,-0.48895,0.49344,315.92723
0.10867,0.14961,0.14068,0.52130,0.49567,-0.48895,0.49344,316.14813
0.10867,0.14938,0.14067,0.52130,0.49567,-0.48895,0.49344,316.38703
0.10866,0.14913,0.14066,0.52130,0.49567,-0.48895,0.49344,316.64279
0.10866,0.14887,0.14065,0.52130,0.49567,-0.48895,0.49344,316.91420
0.10865,0.14859,0.14064,0.52130,0.49567,-0.48895,0.49344,317.19997
0.10865,0.14830,0.14063,0.52130,0.49567,-0.48895,0.49344,317.49875
0.10864,0.14799,0.14062,0.52130,0.49567,-0.48895,0.49344,317.80910
0.10863,0.14767,0.14061,0.52130,0.49567,-0.48895,0.49344,318.12955
0.10863,0.14735,0.14060,0.52130,0.49567,-0.48895,0.49344,318.45856
0.10862,0.14702,0.14059,0.52130,0.49567,-0.48895,0.49344,318.79455
0.10861,0.14668,0.14058,0.52130,0.49567,-0.48895,0.49344,319.13591
0.10860,0.14633,0.14057,0.52130,0.49567,-0.48895,0.49344,319.48099
0.10860,0.14599,0.14055,0.52130,0.49567,-0.48895,0.49344,319.82812
0.10859,0.14564,0.14054,0.52130,0.49567,-0.48895,0.49344,320.17563
0.10858,0.14529,0.14053,0.52130,0.49567,-0.48895,0.49344,320.52184
0.10858,0.14495,0.14052,0.52130,0.49567,-0.48895,0.49344,320.86507
0.10857,0.14461,0.14051,0.52130,0.49567,-0.48895,0.49344,321.20365
0.10856,0.14427,0.14049,0.52130,0.49567,-0.48895,0.49344,321.53593
0.10856,0.14394,0.14048,0.52130,0.49567,-0.48895,0.49344,321.86029
0.10855,0.14362,0.14047,0.52130,0.49567,-0.48895,0.49344,322.17516
0.10854,0.14331,0.14046,0.52130,0.49567,-0.48895,0.49344,322.47898
0.10854,0.14301,0.14045,0.52130,0.49567,-0.48895,0.49344,322.77027
0.10853,0.14273,0.14044,0.52130,0.49567,-0.48895,0.49344,323.04760
0.10853,0.14246,0.14043,0.52130,0.49567,-0.48895,0.49344,323.30960
0.10852,0.14221,0.14042,0.52130,0.49567,-0.48895,0.49344,323.55498
0.10852,0.14197,0.14041,0.52130,0.49567,-0.48895,0.49344,323.78253
0.10851,0.14175,0.14041,0.52130,0.49567,-0.48895,0.49344,323.99111
0.10851,0.14155,0.14040,0.52130,0.49567,-0.48895,0.49344,324.17969
0.10850,0.14137,0.14039,0.52130,0.49567,-0.48895,0.49344,324.34732
0.10850,0.14122,0.14039,0.52130,0.49567,-0.48895,0.49344,324.49317
0.10850,0.14108,0.14038,0.52130,0.49567,-0.48895,0.49344,324.61650
0.10849,0.14097,0.14038,0.52130,0.49567,-0.48895,0.49344,324.71667
0.10849,0.14088,0.14038,0.52130,0.49567,-0.48895,0.49344,324.79318
0.10849,0.14082,0.14037,0.52130,0.49567,-0.48895,0.49344,324.84563
0.10849,0.14078,0.14037,0.52130,0.49567,-0.48895,0.49344,324.87374
0.10849,0.14076,0.14037,0.52130,0.49567,-0.48895,0.49344,324.87733
0.10849,0.14077,0.14037,0.52130,0.49567,-0.48895,0.49344,324.89829
0.10849,0.14080,0.14037,0.52130,0.49567,-0.48895,0.49344,324.94372
0.10849,0.14086,0.14038,0.52130,0.49567,-0.48895,0.49344,325.01342
0.10849,0.14094,0.14038,0.52130,0.49567,-0.48895,0.49344,325.10709
0.10850,0.14105,0.14038,0.52130,0.49567,-0.48895,0.49344,325.22427
0.10850,0.14118,0.14039,0.52130,0.49567,-0.48895,0.49344,325.36441
0.10850,0.14133,0.14039,0.52130,0.49567,-0.48895,0.49344,325.52686
0.10851,0.14150,0.14040,0.52130,0.49567,-0.48895,0.49344,325.71082
0.10851,0.14170,0.14040,0.52130,0.49567,-0.48895,0.49344,325.91541
0.10851,0.14191,0.14041,0.52130,0.49567,-0.48895,0.49344,326.13964
0.10852,0.14214,0.14042,0.52130,0.49567,-0.48895,0.49344,326.38241
0.10852,0.14240,0.14043,0.52130,0.49567,-0.48895,0.49344,326.64256
0.10853,0.14266,0.14044,0.52130,0.49567,-0.48895,0.49344,326.91880
0.10854,0.14295,0.14045,0.52130,0.49567,-0.48895,0.49344,327.20977
0.10854,0.14325,0.14046,0.52130,0.49567,-0.48895,0.49344,327.51407
0.10855,0.14356,0.14047,0.52130,0.49567,-0.48895,0.49344,327.83017
0.10855,0.14388,0.14048,0.52130,0.49567,-0.48895,0.49344,328.15653
0.10856,0.14421,0.14049,0.52130,0.49567,-0.48895,0.49344,328.49154
0.10857,0.14455,0.14050,0.52130,0.49567,-0.48895,0.49344,328.83352
0.10858,0.14489,0.14052,0.52130,0.49567,-0.48895,0.49344,329.18080
0.10858,0.14524,0.14053,0.52130,0.49567,-0.48895,0.49344,329.53164
0.10859,0.14560,0.14054,0.52130,0.49567,-0.48895,0.49344,329.88431
0.10860,0.14595,0.14055,0.52130,0.49567,-0.48895,0.49344,330.23703
0.10860,0.14630,0.14056,0.52130,0.49567,-0.48895,0.49344,330.58805
0.10861,0.14665,0.14058,0.52130,0.49567,-0.48895,0.49344,330.93562
0.10862,0.14700,0.14059,0.52130,0.49567,-0.48895,0.49344,331.27798
0.10863,0.14733,0.14060,0.52130,0.49567,-0.48895,0.49344,331.61344
0.10863,0.14767,0.14061,0.52130,0.49567,-0.48895,0.49344,331.94029
0.10864,0.14799,0.14062,0.52130,0.49567,-0.48895,0.49344,332.25690
0.10865,0.14830,0.14063,0.52130,0.49567,-0.48895,0.49344,332.56166
0.10865,0.14860,0.14065,0.52130,0.49567,-0.48895,0.49344,332.85304
0.10866,0.14888,0.14065,0.52130,0.49567,-0.48895,0.49344,333.12956
0.10866,0.14915,0.14066,0.52130,0.49567,-0.48895,0.49344,333.38981
0.10867,0.14940,0.14067,0.52130,0.49567,-0.48895,0.49344,333.63247
0.10867,0.14964,0.14068,0.52130,0.49567,-0.48895,0.49344,333.85630
0.10868,0.14985,0.14069,0.52130,0.49567,-0.48895,0.49344,334.06016
0.10868,0.15004,0.14070,0.52130,0.49567,-0.48895,0.49344,334.24300
0.10869,0.15022,0.14070,0.52130,0.49567,-0.48895,0.49344,334.40387
0.10869,0.15037,0.14071,0.52130,0.49567,-0.48895,0.49344,334.54195
0.10869,0.15049,0.14071,0.52130,0.49567,-0.48895,0.49344,334.65651
0.10869,0.15060,0.14071,0.52130,0.49567,-0.48895,0.49344,334.74695
0.10869,0.15067,0.14072,0.52130,0.49567,-0.48895,0.49344,334.81279
0.10870,0.15073,0.14072,0.52130,0.49567,-0.48895,0.49344,334.85368
0.10870,0.15076,0.14072,0.52130,0.49567,-0.48895,0.49344,334.86937
0.10870,0.15076,0.14072,0.52130,0.49567,-0.48895,0.49344,334.87897
0.10870,0.15074,0.14072,0.52130,0.49567,-0.48895,0.49344,334.91384
0.10869,0.15069,0.14072,0.52130,0.49567,-0.48895,0.49344,334.97384
0.10869,0.15062,0.14072,0.52130,0.49567,-0.48895,0.49344,335.05867
0.10869,0.15052,0.14071,0.52130,0.49567,-0.48895,0.49344,335.16794
0.10869,0.15040,0.14071,0.52130,0.49567,-0.48895,0.49344,335.30111
0.10869,0.15025,0.14070,0.52130,0.49567,-0.48895,0.49344,335.45753
0.10868,0.15008,0.14070,0.52130,0.49567,-0.48895,0.49344,335.63644
0.10868,0.14989,0.14069,0.52130,0.49567,-0.48895,0.49344,335.83693
0.10867,0.14968,0.14068,0.52130,0.49567,-0.48895,0.49344,336.05801
0.10867,0.14945,0.14067,0.52130,0.49567,-0.48895,0.49344,336.29858
0.10866,0.14920,0.14067,0.52130,0.49567,-0.48895,0.49344,336.55743
0.10866,0.14893,0.14066,0.52130,0.49567,-0.48895,0.49344,336.83325
0.10865,0.14865,0.14065,0.52130,0.49567,-0.48895,0.49344,337.12465
0.10865,0.14835,0.14064,0.52130,0.49567,-0.48895,0.49344,337.43016
0.10864,0.14804,0.14063,0.52130,0.49567,-0.48895,0.49344,337.74823
0.10863,0.14772,0.14061,0.52130,0.49567,-0.48895,0.49344,338.07724
0.10863,0.14738,0.14060,0.52130,0.49567,-0.48895,0.49344,338.41553
0.10862,0.14704,0.14059,0.52130,0.49567,-0.48895,0.49344,338.76136
0.10861,0.14669,0.14058,0.52130,0.49567,-0.48895,0.49344,339.11297
0.10861,0.14634,0.14057,0.52130,0.49567,-0.48895,0.49344,339.46856
0.10860,0.14598,0.14055,0.52130,0.49567,-0.48895,0.49344,339.82631
0.10859,0.14562,0.14054,0.52130,0.49567,-0.48895,0.49344,340.18438
0.10858,0.14526,0.14053,0.52130,0.49567,-0.48895,0.49344,340.54093
0.10858,0.14491,0.14052,0.52130,0.49567,-0.48895,0.49344,340.89413
0.10857,0.14456,0.14050,0.52130,0.49567,-0.48895,0.49344,341.24215
0.10856,0.14421,0.14049,0.52130,0.49567,-0.48895,0.49344,341.58320
0.10855,0.14387,0.14048,0.52130,0.49567,-0.48895,0.49344,341.91551
0.10855,0.14355,0.14047,0.52130,0.49567,-0.48895,0.49344,342.23736
0.10854,0.14323,0.14046,0.52130,0.49567,-0.48895,0.49344,342.54707
0.10853,0.14293,0.14045,0.52130,0.49567,-0.48895,0.49344,342.84303
0.10853,0.14264,0.14044,0.52130,0.49567,-0.48895,0.49344,343.12370
0.10852,0.14237,0.14043,0.52130,0.49567,-0.48895,0.49344,343.38762
0.10852,0.14211,0.14042,0.52130,0.49567,-0.48895,0.49344,343.63339
0.10851,0.14187,0.14041,0.52130,0.49567,-0.48895,0.49344,343.85973
0.10851,0.14166,0.14040,0.52130,0.49567,-0.48895,0.49344,344.06545
0.10850,0.14146,0.14040,0.52130,0.49567,-0.48895,0.49344,344.24945
0.10850,0.14129,0.14039,0.52130,0.49567,-0.48895,0.49344,344.41077
0.10850,0.14114,0.14038,0.52130,0.49567,-0.48895,0.49344,344.54854
0.10850,0.14101,0.14038,0.52130,0.49567,-0.48895,0.49344,344.66202
0.10849,0.14091,0.14038,0.52130,0.49567,-0.48895,0.49344,344.75060
0.10849,0.14084,0.14037,0.52130,0.49567,-0.48895,0.49344,344.81379
0.10849,0.14079,0.14037,0.52130,0.49567,-0.48895,0.49344,344.85123
0.10849,0.14076,0.14037,0.52130,0.49567,-0.48895,0.49344,344.86272
0.10849,0.14076,0.14037,0.52130,0.49567,-0.48895,0.49344,344.87728
0.10849,0.14079,0.14037,0.52130,0.49567,-0.48895,0.49344,344.91784
0.10849,0.14085,0.14037,0.52130,0.49567,-0.48895,0.49344,344.98422
0.10849,0.14092,0.14038,0.52130,0.49567,-0.48895,0.49344,345.07608
0.10850,0.14103,0.14038,0.52130,0.49567,-0.48895,0.49344,345.19298
0.10850,0.14116,0.14039,0.52130,0.49567,-0.48895,0.49344,345.33433
0.10850,0.14131,0.14039,0.52130,0.49567,-0.48895,0.49344,345.49942
0.10851,0.14149,0.14040,0.52130,0.49567,-0.48895,0.49344,345.68739
0.10851,0.14169,0.14040,0.52130,0.49567,-0.48895,0.49344,345.89730
0.10851,0.14191,0.14041,0.52130,0.49567,-0.48895,0.49344,346.12805
0.10852,0.14215,0.14042,0.52130,0.49567,-0.48895,0.49344,346.37847
0.10852,0.14241,0.14043,0.52130,0.49567,-0.48895,0.49344,346.64725
0.10853,0.14269,0.14044,0.52130,0.49567,-0.48895,0.49344,346.93299
0.10854,0.14298,0.14045,0.52130,0.49567,-0.48895,0.49344,347.23422
0.10854,0.14329,0.14046,0.52130,0.49567,-0.48895,0.49344,347.54937
0.10855,0.14361,0.14047,0.52130,0.49567,-0.48895,0.49344,347.87678
0.10856,0.14394,0.14048,0.52130,0.49567,-0.48895,0.49344,348.21474
0.10856,0.14429,0.14049,0.52130,0.49567,-0.48895,0.49344,348.56149
0.10857,0.14464,0.14051,0.52130,0.49567,-0.48895,0.49344,348.91520
0.10858,0.14499,0.14052,0.52130,0.49567,-0.48895,0.49344,349.27401
0.10858,0.14536,0.14053,0.52130,0.49567,-0.48895,0.49344,349.63603
0.10859,0.14572,0.14054,0.52130,0.49567,-0.48895,0.49344,349.99935
0.10860,0.14608,0.14056,0.52130,0.49567,-0.48895,0.49344,350.36204
0.10861,0.14644,0.14057,0.52130,0.49567,-0.48895,0.49344,350.72220
0.10861,0.14680,0.14058,0.52130,0.49567,-0.48895,0.49344,351.07790
0.10862,0.14715,0.14059,0.52130,0.49567,-0.48895,0.49344,351.42726
0.10863,0.14750,0.14061,0.52130,0.49567,-0.48895,0.49344,351.76842
0.10864,0.14784,0.14062,0.52130,0.49567,-0.48895,0.49344,352.09956
0.10864,0.14816,0.14063,0.52130,0.49567,-0.48895,0.49344,352.41891
0.10865,0.14848,0.14064,0.52130,0.49567,-0.48895,0.49344,352.72476
0.10866,0.14877,0.14065,0.52130,0.49567,-0.48895,0.49344,353.01547
0.10866,0.14906,0.14066,0.52130,0.49567,-0.48895,0.49344,353.28949
0.10867,0.14932,0.14067,0.52130,0.49567,-0.48895,0.49344,353.54533
0.10867,0.14957,0.14068,0.52130,0.49567,-0.48895,0.49344,353.78161
0.10868,0.14980,0.14069,0.52130,0.49567,-0.48895,0.49344,353.99706
0.10868,0.15000,0.14069,0.52130,0.49567,-0.48895,0.49344,354.19050
0.10868,0.15018,0.14070,0.52130,0.49567,-0.48895,0.49344,354.36089
0.10869,0.15034,0.14071,0.52130,0.49567,-0.48895,0.49344,354.50728
0.10869,0.15047,0.14071,0.52130,0.49567,-0.48895,0.49344,354.62887
0.10869,0.15058,0.14071,0.52130,0.49567,-0.48895,0.49344,354.72499
0.10869,0.15067,0.14072,0.52130,0.49567,-0.48895,0.49344,354.79510
0.10870,0.15072,0.14072,0.52130,0.49567,-0.48895,0.49344,354.83879
0.10870,0.15075,0.14072,0.52130,0.49567,-0.48895,0.49344,354.85581
0.10870,0.15076,0.14072,0.52130,0.49567,-0.48895,0.49344,354.86558
0.10870,0.15074,0.14072,0.52130,0.49567,-0.48895,0.49344,354.90212
0.10869,0.15069,0.14072,0.52130,0.49567,-0.48895,0.49344,354.96525
0.10869,0.15061,0.14072,0.52130,0.49567,-0.48895,0.49344,355.05466
0.10869,0.15051,0.14071,0.52130,0.49567,-0.48895,0.49344,355.16989
0.10869,0.15038,0.14071,0.52130,0.49567,-0.48895,0.49344,355.31036
0.10869,0.15023,0.14070,0.52130,0.49567,-0.48895,0.49344,355.47532
0.10868,0.15005,0.14070,0.52130,0.49567,-0.48895,0.49344,355.66392
0.10868,0.14985,0.14069,0.52130,0.49567,-0.48895,0.49344,355.87517
0.10867,0.14963,0.14068,0.52130,0.49567,-0.48895,0.49344,356.10793
0.10867,0.14938,0.14067,0.52130,0.49567,-0.48895,0.49344,356.36098
0.10866,0.14912,0.14066,0.52130,0.49567,-0.48895,0.49344,356.63297
0.10866,0.14884,0.14065,0.52130,0.49567,-0.48895,0.49344,356.92245
0.10865,0.14854,0.14064,0.52130,0.49567,-0.48895,0.49344,357.22787
0.10864,0.14823,0.14063,0.52130,0.49567,-0.48895,0.49344,357.54759
0.10864,0.14790,0.14062,0.52130,0.49567,-0.48895,0.49344,357.87990
0.10863,0.14756,0.14061,0.52130,0.49567,-0.48895,0.49344,358.22300
0.10862,0.14722,0.14060,0.52130,0.49567,-0.48895,0.49344,358.57505
0.10862,0.14686,0.14058,0.52130,0.49567,-0.48895,0.49344,358.93414
0.10861,0.14650,0.14057,0.52130,0.49567,-0.48895,0.49344,359.29833
0.10860,0.14613,0.14056,0.52130,0.49567,-0.48895,0.49344,359.66565
0.10859,0.14576,0.14055,0.52130,0.49567,-0.48895,0.49344,360.03410
0.10859,0.14539,0.14053,0.52130,0.49567,-0.48895,0.49344,360.40168
0.10858,0.14503,0.14052,0.52130,0.49567,-0.48895,0.49344,360.76639
0.10857,0.14466,0.14051,0.52130,0.49567,-0.48895,0.49344,361.12623
0.10856,0.14431,0.14050,0.52130,0.49567,-0.48895,0.49344,361.47925
0.10856,0.14396,0.14048,0.52130,0.49567,-0.48895,0.49344,361.82350
0.10855,0.14362,0.14047,0.52130,0.49567,-0.48895,0.49344,362.15711
0.10854,0.14329,0.14046,0.52130,0.49567,-0.48895,0.49344,362.47824
0.10854,0.14298,0.14045,0.52130,0.49567,-0.48895,0.49344,362.78512
0.10853,0.14268,0.14044,0.52130,0.49567,-0.48895,0.49344,363.07606
0.10852,0.14239,0.14043,0.52130,0.49567,-0.48895,0.49344,363.34945
0.10852,0.14213,0.14042,0.52130,0.49567,-0.48895,0.49344,363.60378
0.10851,0.14189,0.14041,0.52130,0.49567,-0.48895,0.49344,363.83763
0.10851,0.14166,0.14040,0.52130,0.49567,-0.48895,0.49344,364.04972
0.10850,0.14146,0.14040,0.52130,0.49567,-0.48895,0.49344,364.23884
0.10850,0.14128,0.14039,0.52130,0.49567,-0.48895,0.49344,364.40394
0.10850,0.14113,0.14038,0.52130,0.49567,-0.48895,0.49344,364.54409
0.10850,0.14100,0.14038,0.52130,0.49567,-0.48895,0.49344,364.65850
0.10849,0.14090,0.14038,0.52130,0.49567,-0.48895,0.49344,364.74650
0.10849,0.14083,0.14037,0.52130,0.49567,-0.48895,0.49344,364.80760
0.10849,0.14078,0.14037,0.52130,0.49567,-0.48895,0.49344,364.84142
0.10849,0.14076,0.14037,0.52130,0.49567,-0.48895,0.49344,364.84777
0.10849,0.14077,0.14037,0.52130,0.49567,-0.48895,0.49344,364.86897
0.10849,0.14080,0.14037,0.52130,0.49567,-0.48895,0.49344,364.91763
0.10849,0.14087,0.14038,0.52130,0.49567,-0.48895,0.49344,364.99350
0.10849,0.14095,0.14038,0.52130,0.49567,-0.48895,0.49344,365.09619
0.10850,0.14107,0.14038,0.52130,0.49567,-0.48895,0.49344,365.22516
0.10850,0.14121,0.14039,0.52130,0.49567,-0.48895,0.49344,365.37972
0.10850,0.14138,0.14039,0.52130,0.49567,-0.48895,0.49344,365.55904
0.10851,0.14157,0.14040,0.52130,0.49567,-0.48895,0.49344,365.76215
0.10851,0.14179,0.14041,0.52130,0.49567,-0.48895,0.49344,365.98794
0.10852,0.14202,0.14042,0.52130,0.49567,-0.48895,0.49344,366.23519
0.10852,0.14228,0.14042,0.52130,0.49567,-0.48895,0.49344,366.50254
0.10853,0.14256,0.14043,0.52130,0.49567,-0.48895,0.49344,366.78853
0.10853,0.14285,0.14044,0.52130,0.49567,-0.48895,0.49344,367.09159
0.10854,0.14316,0.14046,0.52130,0.49567,-0.48895,0.49344,367.41004
0.10855,0.14349,0.14047,0.52130,0.49567,-0.48895,0.49344,367.74214
0.10855,0.14383,0.14048,0.52130,0.49567,-0.48895,0.49344,368.08604
0.10856,0.14418,0.14049,0.52130,0.49567,-0.48895,0.49344,368.43984
0.10857,0.14454,0.14050,0.52130,0.49567,-0.48895,0.49344,368.80158
0.10858,0.14490,0.14052,0.52130,0.49567,-0.48895,0.49344,369.16924
0.10858,0.14527,0.14053,0.52130,0.49567,-0.48895,0.49344,369.54078
0.10859,0.14564,0.14054,0.52130,0.49567,-0.48895,0.49344,369.91413
0.10860,0.14602,0.14056,0.52130,0.49567,-0.48895,0.49344,370.28721
0.10861,0.14639,0.14057,0.52130,0.49567,-0.48895,0.49344,370.65791
0.10861,0.14676,0.14058,0.52130,0.49567,-0.48895,0.49344,371.02418
0.10862,0.14712,0.14059,0.52130,0.49567,-0.48895,0.49344,371.38396
0.10863,0.14748,0.14061,0.52130,0.49567,-0.48895,0.49344,371.73521
0.10864,0.14783,0.14062,0.52130,0.49567,-0.48895,0.49344,372.07597
0.10864,0.14816,0.14063,0.52130,0.49567,-0.48895,0.49344,372.40431
0.10865,0.14848,0.14064,0.52130,0.49567,-0.48895,0.49344,372.71837
0.10866,0.14879,0.14065,0.52130,0.49567,-0.48895,0.49344,373.01639
0.10866,0.14908,0.14066,0.52130,0.49567,-0.48895,0.49344,373.29666
0.10867,0.14935,0.14067,0.52130,0.49567,-0.48895,0.49344,373.55759
0.10867,0.14960,0.14068,0.52130,0.49567,-0.48895,0.49344,373.79771
0.10868,0.14983,0.14069,0.52130,0.49567,-0.48895,0.49344,374.01563
0.10868,0.15004,0.14070,0.52130,0.49567,-0.48895,0.49344,374.21010
0.10869,0.15022,0.14070,0.52130,0.49567,-0.48895,0.49344,374.38001
0.10869,0.15038,0.14071,0.52130,0.49567,-0.48895,0.49344,374.52438
0.10869,0.15051,0.14071,0.52130,0.49567,-0.48895,0.49344,374.64236
0.10869,0.15061,0.14072,0.52130,0.49567,-0.48895,0.49344,374.73326
0.10869,0.15069,0.14072,0.52130,0.49567,-0.48895,0.49344,374.79655
0.10870,0.15074,0.14072,0.52130,0.49567,-0.48895,0.49344,374.83183
0.10870,0.15076,0.14072,0.52130,0.49567,-0.48895,0.49344,374.83889
0.10870,0.15075,0.14072,0.52130,0.49567,-0.48895,0.49344,374.86012
0.10870,0.15072,0.14072,0.52130,0.49567,-0.48895,0.49344,374.90956
0.10869,0.15065,0.14072,0.52130,0.49567,-0.48895,0.49344,374.98694
0.10869,0.15056,0.14071,0.52130,0.49567,-0.48895,0.49344,375.09186
0.10869,0.15044,0.14071,0.52130,0.49567,-0.48895,0.49344,375.22374
0.10869,0.15030,0.14070,0.52130,0.49567,-0.48895,0.49344,375.38187
0.10868,0.15013,0.14070,0.52130,0.49567,-0.48895,0.49344,375.56536
0.10868,0.14993,0.14069,0.52130,0.49567,-0.48895,0.49344,375.77319
0.10867,0.14971,0.14068,0.52130,0.49567,-0.48895,0.49344,376.00422
0.10867,0.14947,0.14068,0.52130,0.49567,-0.48895,0.49344,376.25713
0.10866,0.14921,0.14067,0.52130,0.49567,-0.48895,0.49344,376.53052
0.10866,0.14892,0.14066,0.52130,0.49567,-0.48895,0.49344,376.82283
0.10865,0.14862,0.14065,0.52130,0.49567,-0.48895,0.49344,377.13243
0.10865,0.14830,0.14063,0.52130,0.49567,-0.48895,0.49344,377.45756
0.10864,0.14797,0.14062,0.52130,0.49567,-0.48895,0.49344,377.79637
0.10863,0.14763,0.14061,0.52130,0.49567,-0.48895,0.49344,378.14694
0.10862,0.14727,0.14060,0.52130,0.49567,-0.48895,0.49344,378.50728
0.10862,0.14690,0.14059,0.52130,0.49567,-0.48895,0.49344,378.87533
0.10861,0.14653,0.14057,0.52130,0.49567,-0.48895,0.49344,379.24899
0.10860,0.14616,0.14056,0.52130,0.49567,-0.48895,0.49344,379.62613
0.10859,0.14578,0.14055,0.52130,0.49567,-0.48895,0.49344,380.00458
0.10859,0.14540,0.14053,0.52130,0.49567,-0.48895,0.49344,380.38217
0.10858,0.14502,0.14052,0.52130,0.49567,-0.48895,0.49344,380.75673
0.10857,0.14465,0.14051,0.52130,0.49567,-0.48895,0.49344,381.12611
0.10856,0.14429,0.14049,0.52130,0.49567,-0.48895,0.49344,381.48818
0.10856,0.14393,0.14048,0.52130,0.49567,-0.48895,0.49344,381.84084
0.10855,0.14358,0.14047,0.52130,0.49567,-0.48895,0.49344,382.18207
0.10854,0.14324,0.14046,0.52130,0.49567,-0.48895,0.49344,382.50987
0.10853,0.14292,0.14045,0.52130,0.49567,-0.48895,0.49344,382.82235
0.10853,0.14262,0.14044,0.52130,0.49567,-0.48895,0.49344,383.11769
0.10852,0.14233,0.14043,0.52130,0.49567,-0.48895,0.49344,383.39418
0.10852,0.14207,0.14042,0.52130,0.49567,-0.48895,0.49344,383.65018
0.10851,0.14182,0.14041,0.52130,0.49567,-0.48895,0.49344,383.88422
0.10851,0.14160,0.14040,0.52130,0.49567,-0.48895,0.49344,384.09490
0.10850,0.14140,0.14039,0.52130,0.49567,-0.48895,0.49344,384.28100
0.10850,0.14123,0.14039,0.52130,0.49567,-0.48895,0.49344,384.44140
0.10850,0.14108,0.14038,0.52130,0.49567,-0.48895,0.49344,384.57516
0.10849,0.14096,0.14038,0.52130,0.49567,-0.48895,0.49344,384.68148
0.10849,0.14087,0.14038,0.52130,0.49567,-0.48895,0.49344,384.75971
0.10849,0.14080,0.14037,0.52130,0.49567,-0.48895,0.49344,384.80937
0.10849,0.14077,0.14037,0.52130,0.49567,-0.48895,0.49344,384.83015
0.10849,0.14076,0.14037,0.52130,0.49567,-0.48895,0.49344,384.83840
0.10849,0.14078,0.14037,0.52130,0.49567,-0.48895,0.49344,384.87566
0.10849,0.14084,0.14037,0.52130,0.49567,-0.48895,0.49344,384.94175
0.10849,0.14092,0.14038,0.52130,0.49567,-0.48895,0.49344,385.03629
0.10850,0.14102,0.14038,0.52130,0.49567,-0.48895,0.49344,385.15877
0.10850,0.14116,0.14039,0.52130,0.49567,-0.48895,0.49344,385.30851
0.10850,0.14132,0.14039,0.52130,0.49567,-0.48895,0.49344,385.48464
0.10851,0.14151,0.14040,0.52130,0.49567,-0.48895,0.49344,385.68618
0.10851,0.14173,0.14041,0.52130,0.49567,-0.48895,0.49344,385.91196
0.10851,0.14196,0.14041,0.52130,0.49567,-0.48895,0.49344,386.16068
0.10852,0.14222,0.14042,0.52130,0.49567,-0.48895,0.49344,386.43092
0.10853,0.14251,0.14043,0.52130,0.49567,-0.48895,0.49344,386.72112
0.10853,0.14281,0.14044,0.52130,0.49567,-0.48895,0.49344,387.02958
0.10854,0.14312,0.14045,0.52130,0.49567,-0.48895,0.49344,387.35453
0.10855,0.14346,0.14047,0.52130,0.49567,-0.48895,0.49344,387.69407
0.10855,0.14380,0.14048,0.52130,0.49567,-0.48895,0.49344,388.04622
0.10856,0.14416,0.14049,0.52130,0.49567,-0.48895,0.49344,388.40893
0.10857,0.14453,0.14050,0.52130,0.49567,-0.48895,0.49344,388.78008
0.10858,0.14490,0.14052,0.52130,0.49567,-0.48895,0.49344,389.15748
0.10858,0.14528,0.14053,0.52130,0.49567,-0.48895,0.49344,389.53894
0.10859,0.14566,0.14054,0.52130,0.49567,-0.48895,0.49344,389.92220
0.10860,0.14605,0.14056,0.52130,0.49567,-0.48895,0.49344,390.30501
0.10861,0.14643,0.14057,0.52130,0.49567,-0.48895,0.49344,390.68512
0.10861,0.14681,0.14058,0.52130,0.49567,-0.48895,0.49344,391.06028
0.10862,0.14718,0.14060,0.52130,0.49567,-0.48895,0.49344,391.42827
0.10863,0.14754,0.14061,0.52130,0.49567,-0.48895,0.49344,391.78691
0.10864,0.14790,0.14062,0.52130,0.49567,-0.48895,0.49344,392.13408
0.10864,0.14824,0.14063,0.52130,0.49567,-0.48895,0.49344,392.46772
0.10865,0.14857,0.14064,0.52130,0.49567,-0.48895,0.49344,392.78583
0.10866,0.14887,0.14065,0.52130,0.49567,-0.48895,0.49344,393.08652
0.10866,0.14917,0.14067,0.52130,0.49567,-0.48895,0.49344,393.36799
0.10867,0.14944,0.14067,0.52130,0.49567,-0.48895,0.49344,393.62856
0.10867,0.14969,0.14068,0.52130,0.49567,-0.48895,0.49344,393.86666
0.10868,0.14991,0.14069,0.52130,0.49567,-0.48895,0.49344,394.08086
0.10868,0.15012,0.14070,0.52130,0.49567,-0.48895,0.49344,394.26987
0.10869,0.15029,0.14070,0.52130,0.49567,-0.48895,0.49344,394.43253
0.10869,0.15044,0.14071,0.52130,0.49567,-0.48895,0.49344,394.56786
0.10869,0.15056,0.14071,0.52130,0.49567,-0.48895,0.49344,394.67503
0.10869,0.15066,0.14072,0.52130,0.49567,-0.48895,0.49344,394.75337
0.10870,0.15072,0.14072,0.52130,0.49567,-0.48895,0.49344,394.80239
0.10870,0.15075,0.14072,0.52130,0.49567,-0.48895,0.49344,394.82177
0.10870,0.15076,0.14072,0.52130,0.49567,-0.48895,0.49344,394.83217
0.10870,0.15073,0.14072,0.52130,0.49567,-0.48895,0.49344,394.87232
0.10869,0.15068,0.14072,0.52130,0.49567,-0.48895,0.49344,394.94201
0.10869,0.15059,0.14071,0.52130,0.49567,-0.48895,0.49344,395.04084
0.10869,0.15048,0.14071,0.52130,0.49567,-0.48895,0.49344,395.16826
0.10869,0.15034,0.14071,0.52130,0.49567,-0.48895,0.49344,395.32352
0.10868,0.15017,0.14070,0.52130,0.49567,-0.48895,0.49344,395.50573
0.10868,0.14997,0.14069,0.52130,0.49567,-0.48895,0.49344,395.71382
0.10868,0.14975,0.14069,0.52130,0.49567,-0.48895,0.49344,395.94656
0.10867,0.14951,0.14068,0.52130,0.49567,-0.48895,0.49344,396.20258
0.10866,0.14924,0.14067,0.52130,0.49567,-0.48895,0.49344,396.48037
0.10866,0.14895,0.14066,0.52130,0.49567,-0.48895,0.49344,396.77828
0.10865,0.14865,0.14065,0.52130,0.49567,-0.48895,0.49344,397.09454
0.10865,0.14832,0.14064,0.52130,0.49567,-0.48895,0.49344,397.42727
0.10864,0.14798,0.14062,0.52130,0.49567,-0.48895,0.49344,397.77447
0.10863,0.14763,0.14061,0.52130,0.49567,-0.48895,0.49344,398.13407
0.10862,0.14726,0.14060,0.52130,0.49567,-0.48895,0.49344,398.50393
0.10862,0.14689,0.14059,0.52130,0.49567,-0.48895,0.49344,398.88181
0.10861,0.14651,0.14057,0.52130,0.49567,-0.48895,0.49344,399.26545
0.10860,0.14612,0.14056,0.52130,0.49567,-0.48895,0.49344,399.65254
0.10859,0.14573,0.14055,0.52130,0.49567,-0.48895,0.49344,400.04074
0.10858,0.14534,0.14053,0.52130,0.49567,-0.48895,0.49344,400.42772
0.10858,0.14496,0.14052,0.52130,0.49567,-0.48895,0.49344,400.81113
0.10857,0.14458,0.14050,0.52130,0.49567,-0.48895,0.49344,401.18864
0.10856,0.14420,0.14049,0.52130,0.49567,-0.48895,0.49344,401.55798
0.10855,0.14384,0.14048,0.52130,0.49567,-0.48895,0.49344,401.91689
0.10855,0.14348,0.14047,0.52130,0.49567,-0.48895,0.49344,402.26319
0.10854,0.14314,0.14045,0.52130,0.49567,-0.48895,0.49344,402.59478
0.10853,0.14282,0.14044,0.52130,0.49567,-0.48895,0.49344,402.90961
0.10853,0.14252,0.14043,0.52130,0.49567,-0.48895,0.49344,403.20578
0.10852,0.14223,0.14042,0.52130,0.49567,-0.48895,0.49344,403.48146
0.10851,0.14196,0.14041,0.52130,0.49567,-0.48895,0.49344,403.73495
0.10851,0.14172,0.14041,0.52130,0.49567,-0.48895,0.49344,403.96471
0.10851,0.14150,0.14040,0.52130,0.49567,-0.48895,0.49344,404.16929
0.10850,0.14131,0.14039,0.52130,0.49567,-0.48895,0.49344,404.34745
0.10850,0.14115,0.14039,0.52130,0.49567,-0.48895,0.49344,404.49806
0.10850,0.14101,0.14038,0.52130,0.49567,-0.48895,0.49344,404.62019
0.10849,0.14090,0.14038,0.52130,0.49567,-0.48895,0.49344,404.71306
0.10849,0.14083,0.14037,0.52130,0.49567,-0.48895,0.49344,404.77608
0.10849,0.14078,0.14037,0.52130,0.49567,-0.48895,0.49344,404.80884
0.10849,0.14076,0.14037,0.52130,0.49567,-0.48895,0.49344,404.81111
0.10849,0.14077,0.14037,0.52130,0.49567,-0.48895,0.49344,404.83938
0.10849,0.14082,0.14037,0.52130,0.49567,-0.48895,0.49344,404.89803
0.10849,0.14089,0.14038,0.52130,0.49567,-0.48895,0.49344,404.98673
0.10849,0.14099,0.14038,0.52130,0.49567,-0.48895,0.49344,405.10498
0.10850,0.14113,0.14038,0.52130,0.49567,-0.48895,0.49344,405.25207
0.10850,0.14129,0.14039,0.52130,0.49567,-0.48895,0.49344,405.42712
0.10850,0.14148,0.14040,0.52130,0.49567,-0.48895,0.49344,405.62909
0.10851,0.14169,0.14040,0.52130,0.49567,-0.48895,0.49344,405.85676
0.10851,0.14193,0.14041,0.52130,0.49567,-0.48895,0.49344,406.10876
0.10852,0.14220,0.14042,0.52130,0.49567,-0.48895,0.49344,406.38356
0.10853,0.14248,0.14043,0.52130,0.49567,-0.48895,0.49344,406.67949
0.10853,0.14279,0.14044,0.52130,0.49567,-0.48895,0.49344,406.99474
0.10854,0.14311,0.14045,0.52130,0.49567,-0.48895,0.49344,407.32739
0.10855,0.14345,0.14047,0.52130,0.49567,-0.48895,0.49344,407.67542
0.10855,0.14381,0.14048,0.52130,0.49567,-0.48895,0.49344,408.03667
0.10856,0.14418,0.14049,0.52130,0.49567,-0.48895,0.49344,408.40895
0.10857,0.14455,0.14050,0.52130,0.49567,-0.48895,0.49344,408.78995
0.10858,0.14494,0.14052,0.52130,0.49567,-0.48895,0.49344,409.17734
0.10858,0.14533,0.14053,0.52130,0.49567,-0.48895,0.49344,409.56873
0.10859,0.14572,0.14054,0.52130,0.49567,-0.48895,0.49344,409.96169
0.10860,0.14611,0.14056,0.52130,0.49567,-0.48895,0.49344,410.35379
0.10861,0.14650,0.14057,0.52130,0.49567,-0.48895,0.49344,410.74261
0.10862,0.14689,0.14059,0.52130,0.49567,-0.48895,0.49344,411.12574
0.10862,0.14727,0.14060,0.52130,0.49567,-0.48895,0.49344,411.50079
0.10863,0.14764,0.14061,0.52130,0.49567,-0.48895,0.49344,411.86543
0.10864,0.14800,0.14062,0.52130,0.49567,-0.48895,0.49344,412.21738
0.10865,0.14835,0.14064,0.52130,0.49567,-0.48895,0.49344,412.55445
0.10865,0.14867,0.14065,0.52130,0.49567,-0.48895,0.49344,412.87453
0.10866,0.14899,0.14066,0.52130,0.49567,-0.48895,0.49344,413.17561
0.10867,0.14928,0.14067,0.52130,0.49567,-0.48895,0.49344,413.45581
0.10867,0.14955,0.14068,0.52130,0.49567,-0.48895,0.49344,413.71335
0.10868,0.14979,0.14069,0.52130,0.49567,-0.48895,0.49344,413.94661
0.10868,0.15001,0.14069,0.52130,0.49567,-0.48895,0.49344,414.15412
0.10868,0.15021,0.14070,0.52130,0.49567,-0.48895,0.49344,414.33456
0.10869,0.15037,0.14071,0.52130,0.49567,-0.48895,0.49344,414.48677
0.10869,0.15051,0.14071,0.52130,0.49567,-0.48895,0.49344,414.60979
0.10869,0.15062,0.14072,0.52130,0.49567,-0.48895,0.49344,414.70281
0.10870,0.15070,0.14072,0.52130,0.49567,-0.48895,0.49344,414.76522
0.10870,0.15074,0.14072,0.52130,0.49567,-0.48895,0.49344,414.79662
0.10870,0.15076,0.14072,0.52130,0.49567,-0.48895,0.49344,414.79677
0.10870,0.15074,0.14072,0.52130,0.49567,-0.48895,0.49344,414.82790
0.10870,0.15070,0.14072,0.52130,0.49567,-0.48895,0.49344,414.89013
0.10869,0.15062,0.14072,0.52130,0.49567,-0.48895,0.49344,414.98311
0.10869,0.15051,0.14071,0.52130,0.49567,-0.48895,0.49344,415.10628
0.10869,0.15037,0.14071,0.52130,0.49567,-0.48895,0.49344,415.25889
0.10868,0.15021,0.14070,0.52130,0.49567,-0.48895,0.49344,415.44002
0.10868,0.15001,0.14069,0.52130,0.49567,-0.48895,0.49344,415.64854
0.10868,0.14979,0.14069,0.52130,0.49567,-0.48895,0.49344,415.88317
0.10867,0.14954,0.14068,0.52130,0.49567,-0.48895,0.49344,416.14247
0.10867,0.14927,0.14067,0.52130,0.49567,-0.48895,0.49344,416.42480
0.10866,0.14898,0.14066,0.52130,0.49567,-0.48895,0.49344,416.72843
0.10865,0.14866,0.14065,0.52130,0.49567,-0.48895,0.49344,417.05145
0.10865,0.14833,0.14064,0.52130,0.49567,-0.48895,0.49344,417.39184
0.10864,0.14798,0.14062,0.52130,0.49567,-0.48895,0.49344,417.74747
0.10863,0.14762,0.14061,0.52130,0.49567,-0.48895,0.49344,418.11610
0.10862,0.14725,0.14060,0.52130,0.49567,-0.48895,0.49344,418.49541
0.10862,0.14686,0.14058,0.52130,0.49567,-0.48895,0.49344,418.88303
0.10861,0.14647,0.14057,0.52130,0.49567,-0.48895,0.49344,419.27649
0.10860,0.14607,0.14056,0.52130,0.49567,-0.48895,0.49344,419.67331
0.10859,0.14568,0.14054,0.52130,0.49567,-0.48895,0.49344,420.07099
0.10858,0.14528,0.14053,0.52130,0.49567,-0.48895,0.49344,420.46700
0.10858,0.14488,0.14052,0.52130,0.49567,-0.48895,0.49344,420.85882
0.10857,0.14450,0.14050,0.52130,0.49567,-0.48895,0.49344,421.24397
0.10856,0.14411,0.14049,0.52130,0.49567,-0.48895,0.49344,421.62000
0.10855,0.14374,0.14048,0.52130,0.49567,-0.48895,0.49344,421.98449
0.10854,0.14339,0.14046,0.52130,0.49567,-0.48895,0.49344,422.33514
0.10854,0.14304,0.14045,0.52130,0.49567,-0.48895,0.49344,422.66968
0.10853,0.14272,0.14044,0.52130,0.49567,-0.48895,0.49344,422.98599
0.10852,0.14241,0.14043,0.52130,0.49567,-0.48895,0.49344,423.28202
0.10852,0.14212,0.14042,0.52130,0.49567,-0.48895,0.49344,423.55587
0.10851,0.14186,0.14041,0.52130,0.49567,-0.48895,0.49344,423.80578
0.10851,0.14162,0.14040,0.52130,0.49567,-0.48895,0.49344,424.03012
0.10850,0.14141,0.14039,0.52130,0.49567,-0.48895,0.49344,424.22745
0.10850,0.14123,0.14039,0.52130,0.49567,-0.48895,0.49344,424.39647
0.10850,0.14108,0.14038,0.52130,0.49567,-0.48895,0.49344,424.53609
0.10849,0.14095,0.14038,0.52130,0.49567,-0.48895,0.49344,424.64537
0.10849,0.14086,0.14038,0.52130,0.49567,-0.48895,0.49344,424.72360
0.10849,0.14079,0.14037,0.52130,0.49567,-0.48895,0.49344,424.77025
0.10849,0.14076,0.14037,0.52130,0.49567,-0.48895,0.49344,424.78498
0.10849,0.14076,0.14037,0.52130,0.49567,-0.48895,0.49344,424.80228
0.10849,0.14080,0.14037,0.52130,0.49567,-0.48895,0.49344,424.85153
0.10849,0.14086,0.14038,0.52130,0.49567,-0.48895,0.49344,424.93245
0.10849,0.14096,0.14038,0.52130,0.49567,-0.48895,0.49344,425.04454
0.10850,0.14109,0.14038,0.52130,0.49567,-0.48895,0.49344,425.18711
0.10850,0.14124,0.14039,0.52130,0.49567,-0.48895,0.49344,425.35926
0.10850,0.14143,0.14039,0.52130,0.49567,-0.48895,0.49344,425.55993
0.10851,0.14165,0.14040,0.52130,0.49567,-0.48895,0.49344,425.78784
0.10851,0.14189,0.14041,0.52130,0.49567,-0.48895,0.49344,426.04154
0.10852,0.14215,0.14042,0.52130,0.49567,-0.48895,0.49344,426.31943
0.10852,0.14244,0.14043,0.52130,0.49567,-0.48895,0.49344,426.61974
0.10853,0.14275,0.14044,0.52130,0.49567,-0.48895,0.49344,426.94053
0.10854,0.14308,0.14045,0.52130,0.49567,-0.48895,0.49344,427.27977
0.10855,0.14343,0.14046,0.52130,0.49567,-0.48895,0.49344,427.63527
0.10855,0.14380,0.14048,0.52130,0.49567,-0.48895,0.49344,428.00475
0.10856,0.14417,0.14049,0.52130,0.49567,-0.48895,0.49344,428.38584
0.10857,0.14456,0.14050,0.52130,0.49567,-0.48895,0.49344,428.77607
0.10858,0.14495,0.14052,0.52130,0.49567,-0.48895,0.49344,429.17292
0.10858,0.14535,0.14053,0.52130,0.49567,-0.48895,0.49344,429.57383
0.10859,0.14575,0.14055,0.52130,0.49567,-0.48895,0.49344,429.97620
0.10860,0.14616,0.14056,0.52130,0.49567,-0.48895,0.49344,430.37743
0.10861,0.14656,0.14057,0.52130,0.49567,-0.48895,0.49344,430.77490
0.10862,0.14695,0.14059,0.52130,0.49567,-0.48895,0.49344,431.16602
0.10863,0.14734,0.14060,0.52130,0.49567,-0.48895,0.49344,431.54826
0.10863,0.14772,0.14061,0.52130,0.49567,-0.48895,0.49344,431.91912
0.10864,0.14808,0.14063,0.52130,0.49567,-0.48895,0.49344,432.27617
0.10865,0.14843,0.14064,0.52130,0.49567,-0.48895,0.49344,432.61707
0.10866,0.14876,0.14065,0.52130,0.49567,-0.48895,0.49344,432.93959
0.10866,0.14908,0.14066,0.52130,0.49567,-0.48895,0.49344,433.24161
0.10867,0.14937,0.14067,0.52130,0.49567,-0.48895,0.49344,433.52114
0.10867,0.14963,0.14068,0.52130,0.49567,-0.48895,0.49344,433.77634
0.10868,0.14988,0.14069,0.52130,0.49567,-0.48895,0.49344,434.00551
0.10868,0.15009,0.14070,0.52130,0.49567,-0.48895,0.49344,434.20714
0.10869,0.15028,0.14070,0.52130,0.49567,-0.48895,0.49344,434.37989
0.10869,0.15044,0.14071,0.52130,0.49567,-0.48895,0.49344,434.52259
0.10869,0.15057,0.14071,0.52130,0.49567,-0.48895,0.49344,434.63429
0.10869,0.15066,0.14072,0.52130,0.49567,-0.48895,0.49344,434.71423
0.10870,0.15073,0.14072,0.52130,0.49567,-0.48895,0.49344,434.76185
0.10870,0.15076,0.14072,0.52130,0.49567,-0.48895,0.49344,434.77682
0.10870,0.15076,0.14072,0.52130,0.49567,-0.48895,0.49344,434.79463
0.10870,0.15072,0.14072,0.52130,0.49567,-0.48895,0.49344,434.84514
0.10869,0.15065,0.14072,0.52130,0.49567,-0.48895,0.49344,434.92804
0.10869,0.15056,0.14071,0.52130,0.49567,-0.48895,0.49344,435.04282
0.10869,0.15042,0.14071,0.52130,0.49567,-0.48895,0.49344,435.18874
0.10869,0.15026,0.14070,0.52130,0.49567,-0.48895,0.49344,435.36488
0.10868,0.15007,0.14070,0.52130,0.49567,-0.48895,0.49344,435.57010
0.10868,0.14985,0.14069,0.52130,0.49567,-0.48895,0.49344,435.80308
0.10867,0.14961,0.14068,0.52130,0.49567,-0.48895,0.49344,436.06230
0.10867,0.14933,0.14067,0.52130,0.49567,-0.48895,0.49344,436.34607
0.10866,0.14904,0.14066,0.52130,0.49567,-0.48895,0.49344,436.65255
0.10865,0.14872,0.14065,0.52130,0.49567,-0.48895,0.49344,436.97973
0.10865,0.14838,0.14064,0.52130,0.49567,-0.48895,0.49344,437.32546
0.10864,0.14803,0.14063,0.52130,0.49567,-0.48895,0.49344,437.68747
0.10863,0.14766,0.14061,0.52130,0.49567,-0.48895,0.49344,438.06339
0.10862,0.14728,0.14060,0.52130,0.49567,-0.48895,0.49344,438.45074
0.10862,0.14689,0.14059,0.52130,0.49567,-0.48895,0.49344,438.84696
0.10861,0.14649,0.14057,0.52130,0.49567,-0.48895,0.49344,439.24942
0.10860,0.14608,0.14056,0.52130,0.49567,-0.48895,0.49344,439.65548
0.10859,0.14567,0.14054,0.52130,0.49567,-0.48895,0.49344,440.06243
0.10858,0.14527,0.14053,0.52130,0.49567,-0.48895,0.49344,440.46758
0.10857,0.14486,0.14051,0.52130,0.49567,-0.48895,0.49344,440.86823
0.10857,0.14447,0.14050,0.52130,0.49567,-0.48895,0.49344,441.26171
0.10856,0.14408,0.14049,0.52130,0.49567,-0.48895,0.49344,441.64540
0.10855,0.14370,0.14047,0.52130,0.49567,-0.48895,0.49344,442.01674
0.10854,0.14333,0.14046,0.52130,0.49567,-0.48895,0.49344,442.37324
0.10854,0.14299,0.14045,0.52130,0.49567,-0.48895,0.49344,442.71252
0.10853,0.14266,0.14044,0.52130,0.49567,-0.48895,0.49344,443.03229
0.10852,0.14235,0.14043,0.52130,0.49567,-0.48895,0.49344,443.33041
0.10852,0.14206,0.14042,0.52130,0.49567,-0.48895,0.49344,443.60487
0.10851,0.14180,0.14041,0.52130,0.49567,-0.48895,0.49344,443.85381
0.10851,0.14156,0.14040,0.52130,0.49567,-0.48895,0.49344,444.07554
0.10850,0.14135,0.14039,0.52130,0.49567,-0.48895,0.49344,444.26857
0.10850,0.14117,0.14039,0.52130,0.49567,-0.48895,0.49344,444.43158
0.10850,0.14103,0.14038,0.52130,0.49567,-0.48895,0.49344,444.56344
0.10849,0.14091,0.14038,0.52130,0.49567,-0.48895,0.49344,444.66324
0.10849,0.14083,0.14037,0.52130,0.49567,-0.48895,0.49344,444.73030
0.10849,0.14078,0.14037,0.52130,0.49567,-0.48895,0.49344,444.76412
0.10849,0.14076,0.14037,0.52130,0.49567,-0.48895,0.49344,444.76446
0.10849,0.14078,0.14037,0.52130,0.49567,-0.48895,0.49344,444.79764
0.10849,0.14083,0.14037,0.52130,0.49567,-0.48895,0.49344,444.86414
0.10849,0.14091,0.14038,0.52130,0.49567,-0.48895,0.49344,444.96354
0.10850,0.14103,0.14038,0.52130,0.49567,-0.48895,0.49344,445.09521
0.10850,0.14117,0.14039,0.52130,0.49567,-0.48895,0.49344,445.25829
0.10850,0.14135,0.14039,0.52130,0.49567,-0.48895,0.49344,445.45170
0.10851,0.14156,0.14040,0.52130,0.49567,-0.48895,0.49344,445.67418
0.10851,0.14180,0.14041,0.52130,0.49567,-0.48895,0.49344,445.92423
0.10852,0.14206,0.14042,0.52130,0.49567,-0.48895,0.49344,446.20021
0.10852,0.14235,0.14043,0.52130,0.49567,-0.48895,0.49344,446.50027
0.10853,0.14266,0.14044,0.52130,0.49567,-0.48895,0.49344,446.82241
0.10854,0.14299,0.14045,0.52130,0.49567,-0.48895,0.49344,447.16447
0.10854,0.14334,0.14046,0.52130,0.49567,-0.48895,0.49344,447.52415
0.10855,0.14371,0.14047,0.52130,0.49567,-0.48895,0.49344,447.89903
0.10856,0.14409,0.14049,0.52130,0.49567,-0.48895,0.49344,448.28659
0.10857,0.14449,0.14050,0.52130,0.49567,-0.48895,0.49344,448.68422
0.10858,0.14489,0.14052,0.52130,0.49567,-0.48895,0.49344,449.08923
0.10858,0.14530,0.14053,0.52130,0.49567,-0.48895,0.49344,449.49888
0.10859,0.14571,0.14054,0.52130,0.49567,-0.48895,0.49344,449.91039
0.10860,0.14612,0.14056,0.52130,0.49567,-0.48895,0.49344,450.32098
0.10861,0.14653,0.14057,0.52130,0.49567,-0.48895,0.49344,450.72784
0.10862,0.14693,0.14059,0.52130,0.49567,-0.48895,0.49344,451.12822
0.10863,0.14733,0.14060,0.52130,0.49567,-0.48895,0.49344,451.51939
0.10863,0.14772,0.14061,0.52130,0.49567,-0.48895,0.49344,451.89867
0.10864,0.14809,0.14063,0.52130,0.49567,-0.48895,0.49344,452.26347
0.10865,0.14845,0.14064,0.52130,0.49567,-0.48895,0.49344,452.61130
0.10866,0.14878,0.14065,0.52130,0.49567,-0.48895,0.49344,452.93976
0.10866,0.14910,0.14066,0.52130,0.49567,-0.48895,0.49344,453.24661
0.10867,0.14940,0.14067,0.52130,0.49567,-0.48895,0.49344,453.52973
0.10867,0.14967,0.14068,0.52130,0.49567,-0.48895,0.49344,453.78716
0.10868,0.14991,0.14069,0.52130,0.49567,-0.48895,0.49344,454.01712
0.10868,0.15013,0.14070,0.52130,0.49567,-0.48895,0.49344,454.21803
0.10869,0.15031,0.14070,0.52130,0.49567,-0.48895,0.49344,454.38847
0.10869,0.15047,0.14071,0.52130,0.49567,-0.48895,0.49344,454.52725
0.10869,0.15059,0.14071,0.52130,0.49567,-0.48895,0.49344,454.63341
0.10869,0.15068,0.14072,0.52130,0.49567,-0.48895,0.49344,454.70618
0.10870,0.15074,0.14072,0.52130,0.49567,-0.48895,0.49344,454.74503
0.10870,0.15076,0.14072,0.52130,0.49567,-0.48895,0.49344,454.74967
0.10870,0.15075,0.14072,0.52130,0.49567,-0.48895,0.49344,454.77930
0.10870,0.15070,0.14072,0.52130,0.49567,-0.48895,0.49344,454.84303
0.10869,0.15062,0.14072,0.52130,0.49567,-0.48895,0.49344,454.94045
0.10869,0.15051,0.14071,0.52130,0.49567,-0.48895,0.49344,455.07092
0.10869,0.15036,0.14071,0.52130,0.49567,-0.48895,0.49344,455.23357
0.10868,0.15018,0.14070,0.52130,0.49567,-0.48895,0.49344,455.42731
0.10868,0.14997,0.14069,0.52130,0.49567,-0.48895,0.49344,455.65083
0.10868,0.14973,0.14068,0.52130,0.49567,-0.48895,0.49344,455.90261
0.10867,0.14947,0.14068,0.52130,0.49567,-0.48895,0.49344,456.18095
0.10866,0.14918,0.14067,0.52130,0.49567,-0.48895,0.49344,456.48394
0.10866,0.14886,0.14065,0.52130,0.49567,-0.48895,0.49344,456.80952
0.10865,0.14853,0.14064,0.52130,0.49567,-0.48895,0.49344,457.15546
0.10864,0.14817,0.14063,0.52130,0.49567,-0.48895,0.49344,457.51938
0.10864,0.14780,0.14062,0.52130,0.49567,-0.48895,0.49344,457.89878
0.10863,0.14741,0.14060,0.52130,0.49567,-0.48895,0.49344,458.29105
0.10862,0.14701,0.14059,0.52130,0.49567,-0.48895,0.49344,458.69349
0.10861,0.14661,0.14058,0.52130,0.49567,-0.48895,0.49344,459.10331
0.10860,0.14619,0.14056,0.52130,0.49567,-0.48895,0.49344,459.51768
0.10859,0.14578,0.14055,0.52130,0.49567,-0.48895,0.49344,459.93373
0.10858,0.14536,0.14053,0.52130,0.49567,-0.48895,0.49344,460.34858
0.10858,0.14495,0.14052,0.52130,0.49567,-0.48895,0.49344,460.75934
0.10857,0.14454,0.14050,0.52130,0.49567,-0.48895,0.49344,461.16316
0.10856,0.14414,0.14049,0.52130,0.49567,-0.48895,0.49344,461.55723
0.10855,0.14375,0.14048,0.52130,0.49567,-0.48895,0.49344,461.93879
0.10854,0.14338,0.14046,0.52130,0.49567,-0.48895,0.49344,462.30518
0.10854,0.14302,0.14045,0.52130,0.49567,-0.48895,0.49344,462.65383
0.10853,0.14268,0.14044,0.52130,0.49567,-0.48895,0.49344,462.98230
0.10852,0.14236,0.14043,0.52130,0.49567,-0.48895,0.49344,463.28829
0.10852,0.14207,0.14042,0.52130,0.49567,-0.48895,0.49344,463.56963
0.10851,0.14180,0.14041,0.52130,0.49567,-0.48895,0.49344,463.82435
0.10851,0.14156,0.14040,0.52130,0.49567,-0.48895,0.49344,464.05065
0.10850,0.14135,0.14039,0.52130,0.49567,-0.48895,0.49344,464.24691
0.10850,0.14117,0.14039,0.52130,0.49567,-0.48895,0.49344,464.41174
0.10850,0.14102,0.14038,0.52130,0.49567,-0.48895,0.49344,464.54396
0.10849,0.14090,0.14038,0.52130,0.49567,-0.48895,0.49344,464.64262
0.10849,0.14082,0.14037,0.52130,0.49567,-0.48895,0.49344,464.70700
0.10849,0.14077,0.14037,0.52130,0.49567,-0.48895,0.49344,464.73661
0.10849,0.14076,0.14037,0.52130,0.49567,-0.48895,0.49344,464.74200
0.10849,0.14078,0.14037,0.52130,0.49567,-0.48895,0.49344,464.78238
0.10849,0.14084,0.14037,0.52130,0.49567,-0.48895,0.49344,464.85750
0.10849,0.14093,0.14038,0.52130,0.49567,-0.48895,0.49344,464.96686
0.10850,0.14106,0.14038,0.52130,0.49567,-0.48895,0.49344,465.10972
0.10850,0.14122,0.14039,0.52130,0.49567,-0.48895,0.49344,465.28510
0.10850,0.14141,0.14039,0.52130,0.49567,-0.48895,0.49344,465.49181
0.10851,0.14163,0.14040,0.52130,0.49567,-0.48895,0.49344,465.72840
0.10851,0.14188,0.14041,0.52130,0.49567,-0.48895,0.49344,465.99325
0.10852,0.14216,0.14042,0.52130,0.49567,-0.48895,0.49344,466.28451
0.10853,0.14247,0.14043,0.52130,0.49567,-0.48895,0.49344,466.60014
0.10853,0.14279,0.14044,0.52130,0.49567,-0.48895,0.49344,466.93794
0.10854,0.14314,0.14045,0.52130,0.49567,-0.48895,0.49344,467.29555
0.10855,0.14351,0.14047,0.52130,0.49567,-0.48895,0.49344,467.67045
0.10855,0.14389,0.14048,0.52130,0.49567,-0.48895,0.49344,468.06002
0.10856,0.14429,0.14049,0.52130,0.49567,-0.48895,0.49344,468.46150
0.10857,0.14469,0.14051,0.52130,0.49567,-0.48895,0.49344,468.87207
0.10858,0.14511,0.14052,0.52130,0.49567,-0.48895,0.49344,469.28884
0.10859,0.14553,0.14054,0.52130,0.49567,-0.48895,0.49344,469.70884
0.10860,0.14595,0.14055,0.52130,0.49567,-0.48895,0.49344,470.12912
0.10861,0.14637,0.14057,0.52130,0.49567,-0.48895,0.49344,470.54668
0.10861,0.14678,0.14058,0.52130,0.49567,-0.48895,0.49344,470.95857
0.10862,0.14719,0.14060,0.52130,0.49567,-0.48895,0.49344,471.36185
0.10863,0.14759,0.14061,0.52130,0.49567,-0.48895,0.49344,471.75366
0.10864,0.14798,0.14062,0.52130,0.49567,-0.48895,0.49344,472.13120
0.10865,0.14835,0.14064,0.52130,0.49567,-0.48895,0.49344,472.49177
0.10865,0.14870,0.14065,0.52130,0.49567,-0.48895,0.49344,472.83279
0.10866,0.14903,0.14066,0.52130,0.49567,-0.48895,0.49344,473.15181
0.10867,0.14934,0.14067,0.52130,0.49567,-0.48895,0.49344,473.44656
0.10867,0.14962,0.14068,0.52130,0.49567,-0.48895,0.49344,473.71490
0.10868,0.14987,0.14069,0.52130,0.49567,-0.48895,0.49344,473.95490
0.10868,0.15010,0.14070,0.52130,0.49567,-0.48895,0.49344,474.16482
0.10869,0.15029,0.14070,0.52130,0.49567,-0.48895,0.49344,474.34314
0.10869,0.15045,0.14071,0.52130,0.49567,-0.48895,0.49344,474.48856
0.10869,0.15058,0.14071,0.52130,0.49567,-0.48895,0.49344,474.60001
0.10869,0.15068,0.14072,0.52130,0.49567,-0.48895,0.49344,474.67667
0.10870,0.15074,0.14072,0.52130,0.49567,-0.48895,0.49344,474.71795
0.10870,0.15076,0.14072,0.52130,0.49567,-0.48895,0.49344,474.72354
0.10870,0.15075,0.14072,0.52130,0.49567,-0.48895,0.49344,474.75372
0.10870,0.15070,0.14072,0.52130,0.49567,-0.48895,0.49344,474.81949
0.10869,0.15062,0.14072,0.52130,0.49567,-0.48895,0.49344,474.92039
0.10869,0.15050,0.14071,0.52130,0.49567,-0.48895,0.49344,475.05575
0.10869,0.15035,0.14071,0.52130,0.49567,-0.48895,0.49344,475.22460
0.10868,0.15016,0.14070,0.52130,0.49567,-0.48895,0.49344,475.42578
0.10868,0.14994,0.14069,0.52130,0.49567,-0.48895,0.49344,475.65786
0.10867,0.14970,0.14068,0.52130,0.49567,-0.48895,0.49344,475.91919
0.10867,0.14942,0.14067,0.52130,0.49567,-0.48895,0.49344,476.20792
0.10866,0.14912,0.14066,0.52130,0.49567,-0.48895,0.49344,476.52200
0.10866,0.14879,0.14065,0.52130,0.49567,-0.48895,0.49344,476.85918
0.10865,0.14844,0.14064,0.52130,0.49567,-0.48895,0.49344,477.21706
0.10864,0.14808,0.14063,0.52130,0.49567,-0.48895,0.49344,477.59306
0.10863,0.14769,0.14061,0.52130,0.49567,-0.48895,0.49344,477.98450
0.10862,0.14729,0.14060,0.52130,0.49567,-0.48895,0.49344,478.38855
0.10862,0.14688,0.14059,0.52130,0.49567,-0.48895,0.49344,478.80231
0.10861,0.14647,0.14057,0.52130,0.49567,-0.48895,0.49344,479.22280
0.10860,0.14604,0.14056,0.52130,0.49567,-0.48895,0.49344,479.64698
0.10859,0.14562,0.14054,0.52130,0.49567,-0.48895,0.49344,480.07178
0.10858,0.14519,0.14053,0.52130,0.49567,-0.48895,0.49344,480.49414
0.10857,0.14477,0.14051,0.52130,0.49567,-0.48895,0.49344,480.91098
0.10856,0.14436,0.14050,0.52130,0.49567,-0.48895,0.49344,481.31928
0.10856,0.14396,0.14048,0.52130,0.49567,-0.48895,0.49344,481.71608
0.10855,0.14357,0.14047,0.52130,0.49567,-0.48895,0.49344,482.09847
0.10854,0.14319,0.14046,0.52130,0.49567,-0.48895,0.49344,482.46369
0.10853,0.14284,0.14044,0.52130,0.49567,-0.48895,0.49344,482.80905
0.10853,0.14250,0.14043,0.52130,0.49567,-0.48895,0.49344,483.13203
0.10852,0.14219,0.14042,0.52130,0.49567,-0.48895,0.49344,483.43026
0.10851,0.14190,0.14041,0.52130,0.49567,-0.48895,0.49344,483.70156
0.10851,0.14165,0.14040,0.52130,0.49567,-0.48895,0.49344,483.94392
0.10850,0.14142,0.14039,0.52130,0.49567,-0.48895,0.49344,484.15555
0.10850,0.14122,0.14039,0.52130,0.49567,-0.48895,0.49344,484.33488
0.10850,0.14106,0.14038,0.52130,0.49567,-0.48895,0.49344,484.48059
0.10849,0.14093,0.14038,0.52130,0.49567,-0.48895,0.49344,484.59157
0.10849,0.14084,0.14037,0.52130,0.49567,-0.48895,0.49344,484.66700
0.10849,0.14078,0.14037,0.52130,0.49567,-0.48895,0.49344,484.70628
0.10849,0.14076,0.14037,0.52130,0.49567,-0.48895,0.49344,484.70911
0.10849,0.14078,0.14037,0.52130,0.49567,-0.48895,0.49344,484.74279
0.10849,0.14083,0.14037,0.52130,0.49567,-0.48895,0.49344,484.81277
0.10849,0.14092,0.14038,0.52130,0.49567,-0.48895,0.49344,484.91856
0.10850,0.14104,0.14038,0.52130,0.49567,-0.48895,0.49344,485.05942
0.10850,0.14120,0.14039,0.52130,0.49567,-0.48895,0.49344,485.23435
0.10850,0.14139,0.14039,0.52130,0.49567,-0.48895,0.49344,485.44208
0.10851,0.14161,0.14040,0.52130,0.49567,-0.48895,0.49344,485.68112
0.10851,0.14187,0.14041,0.52130,0.49567,-0.48895,0.49344,485.94975
0.10852,0.14215,0.14042,0.52130,0.49567,-0.48895,0.49344,486.24601
0.10853,0.14246,0.14043,0.52130,0.49567,-0.48895,0.49344,486.56775
0.10853,0.14279,0.14044,0.52130,0.49567,-0.48895,0.49344,486.91263
0.10854,0.14315,0.14045,0.52130,0.49567,-0.48895,0.49344,487.27812
0.10855,0.14352,0.14047,0.52130,0.49567,-0.48895,0.49344,487.66155
0.10856,0.14392,0.14048,0.52130,0.49567,-0.48895,0.49344,488.06011
0.10856,0.14432,0.14050,0.52130,0.49567,-0.48895,0.49344,488.47089
0.10857,0.14474,0.14051,0.52130,0.49567,-0.48895,0.49344,488.89085
0.10858,0.14516,0.14053,0.52130,0.49567,-0.48895,0.49344,489.31690
0.10859,0.14559,0.14054,0.52130,0.49567,-0.48895,0.49344,489.74591
0.10860,0.14602,0.14056,0.52130,0.49567,-0.48895,0.49344,490.17471
0.10861,0.14645,0.14057,0.52130,0.49567,-0.48895,0.49344,490.60013
0.10862,0.14687,0.14058,0.52130,0.49567,-0.48895,0.49344,491.01902
0.10862,0.14729,0.14060,0.52130,0.49567,-0.48895,0.49344,491.42827
0.10863,0.14769,0.14061,0.52130,0.49567,-0.48895,0.49344,491.82485
0.10864,0.14808,0.14063,0.52130,0.49567,-0.48895,0.49344,492.20581
0.10865,0.14845,0.14064,0.52130,0.49567,-0.48895,0.49344,492.56831
0.10866,0.14880,0.14065,0.52130,0.49567,-0.48895,0.49344,492.90965
0.10866,0.14913,0.14066,0.52130,0.49567,-0.48895,0.49344,493.22727
0.10867,0.14944,0.14067,0.52130,0.49567,-0.48895,0.49344,493.51881
0.10867,0.14972,0.14068,0.52130,0.49567,-0.48895,0.49344,493.78207
0.10868,0.14997,0.14069,0.52130,0.49567,-0.48895,0.49344,494.01507
0.10868,0.15018,0.14070,0.52130,0.49567,-0.48895,0.49344,494.21605
0.10869,0.15037,0.14071,0.52130,0.49567,-0.48895,0.49344,494.38350
0.10869,0.15052,0.14071,0.52130,0.49567,-0.48895,0.49344,494.51613
0.10869,0.15063,0.14072,0.52130,0.49567,-0.48895,0.49344,494.61294
0.10870,0.15071,0.14072,0.52130,0.49567,-0.48895,0.49344,494.67316
0.10870,0.15075,0.14072,0.52130,0.49567,-0.48895,0.49344,494.69633
0.10870,0.15076,0.14072,0.52130,0.49567,-0.48895,0.49344,494.71042
0.10870,0.15072,0.14072,0.52130,0.49567,-0.48895,0.49344,494.76171
0.10869,0.15065,0.14072,0.52130,0.49567,-0.48895,0.49344,494.84983
0.10869,0.15055,0.14071,0.52130,0.49567,-0.48895,0.49344,494.97416
0.10869,0.15041,0.14071,0.52130,0.49567,-0.48895,0.49344,495.13380
0.10869,0.15023,0.14070,0.52130,0.49567,-0.48895,0.49344,495.32758
0.10868,0.15002,0.14069,0.52130,0.49567,-0.48895,0.49344,495.55408
0.10868,0.14978,0.14069,0.52130,0.49567,-0.48895,0.49344,495.81164
0.10867,0.14950,0.14068,0.52130,0.49567,-0.48895,0.49344,496.09834
0.10866,0.14920,0.14067,0.52130,0.49567,-0.48895,0.49344,496.41206
0.10866,0.14888,0.14065,0.52130,0.49567,-0.48895,0.49344,496.75047
0.10865,0.14853,0.14064,0.52130,0.49567,-0.48895,0.49344,497.11104
0.10864,0.14815,0.14063,0.52130,0.49567,-0.48895,0.49344,497.49110
0.10863,0.14777,0.14062,0.52130,0.49567,-0.48895,0.49344,497.88780
0.10863,0.14736,0.14060,0.52130,0.49567,-0.48895,0.49344,498.29816
0.10862,0.14695,0.14059,0.52130,0.49567,-0.48895,0.49344,498.71912
0.10861,0.14652,0.14057,0.52130,0.49567,-0.48895,0.49344,499.14752
0.10860,0.14609,0.14056,0.52130,0.49567,-0.48895,0.49344,499.58012
0.10859,0.14565,0.14054,0.52130,0.49567,-0.48895,0.49344,500.01369
0.10858,0.14522,0.14053,0.52130,0.49567,-0.48895,0.49344,500.44494
0.10857,0.14479,0.14051,0.52130,0.49567,-0.48895,0.49344,500.87062
0.10856,0.14437,0.14050,0.52130,0.49567,-0.48895,0.49344,501.28752
0.10856,0.14396,0.14048,0.52130,0.49567,-0.48895,0.49344,501.69248
0.10855,0.14356,0.14047,0.52130,0.49567,-0.48895,0.49344,502.08243
0.10854,0.14318,0.14046,0.52130,0.49567,-0.48895,0.49344,502.45441
0.10853,0.14282,0.14044,0.52130,0.49567,-0.48895,0.49344,502.80559
0.10853,0.14248,0.14043,0.52130,0.49567,-0.48895,0.49344,503.13329
0.10852,0.14216,0.14042,0.52130,0.49567,-0.48895,0.49344,503.43502
0.10851,0.14187,0.14041,0.52130,0.49567,-0.48895,0.49344,503.70846
0.10851,0.14161,0.14040,0.52130,0.49567,-0.48895,0.49344,503.95153
0.10850,0.14139,0.14039,0.52130,0.49567,-0.48895,0.49344,504.16234
0.10850,0.14119,0.14039,0.52130,0.49567,-0.48895,0.49344,504.33928
0.10850,0.14103,0.14038,0.52130,0.49567,-0.48895,0.49344,504.48097
0.10849,0.14091,0.14038,0.52130,0.49567,-0.48895,0.49344,504.58632
0.10849,0.14082,0.14037,0.52130,0.49567,-0.48895,0.49344,504.65448
0.10849,0.14077,0.14037,0.52130,0.49567,-0.48895,0.49344,504.68490
0.10849,0.14076,0.14037,0.52130,0.49567,-0.48895,0.49344,504.69247
0.10849,0.14079,0.14037,0.52130,0.49567,-0.48895,0.49344,504.73800
0.10849,0.14085,0.14037,0.52130,0.49567,-0.48895,0.49344,504.82119
0.10849,0.14095,0.14038,0.52130,0.49567,-0.48895,0.49344,504.94142
0.10850,0.14109,0.14038,0.52130,0.49567,-0.48895,0.49344,505.09782
0.10850,0.14127,0.14039,0.52130,0.49567,-0.48895,0.49344,505.28921
0.10850,0.14148,0.14040,0.52130,0.49567,-0.48895,0.49344,505.51417
0.10851,0.14172,0.14041,0.52130,0.49567,-0.48895,0.49344,505.77101
0.10852,0.14199,0.14041,0.52130,0.49567,-0.48895,0.49344,506.05778
0.10852,0.14229,0.14042,0.52130,0.49567,-0.48895,0.49344,506.37231
0.10853,0.14262,0.14044,0.52130,0.49567,-0.48895,0.49344,506.71223
0.10854,0.14297,0.14045,0.52130,0.49567,-0.48895,0.49344,507.07496
0.10854,0.14334,0.14046,0.52130,0.49567,-0.48895,0.49344,507.45772
0.10855,0.14374,0.14048,0.52130,0.49567,-0.48895,0.49344,507.85761
0.10856,0.14414,0.14049,0.52130,0.49567,-0.48895,0.49344,508.27157
0.10857,0.14456,0.14050,0.52130,0.49567,-0.48895,0.49344,508.69644
0.10858,0.14499,0.14052,0.52130,0.49567,-0.48895,0.49344,509.12896
0.10859,0.14543,0.14053,0.52130,0.49567,-0.48895,0.49344,509.56582
0.10860,0.14587,0.14055,0.52130,0.49567,-0.48895,0.49344,510.00366
0.10860,0.14630,0.14056,0.52130,0.49567,-0.48895,0.49344,510.43912
0.10861,0.14674,0.14058,0.52130,0.49567,-0.48895,0.49344,510.86884
0.10862,0.14716,0.14059,0.52130,0.49567,-0.48895,0.49344,511.28952
0.10863,0.14758,0.14061,0.52130,0.49567,-0.48895,0.49344,511.69790
0.10864,0.14798,0.14062,0.52130,0.49567,-0.48895,0.49344,512.09083
0.10865,0.14836,0.14064,0.52130,0.49567,-0.48895,0.49344,512.46527
0.10865,0.14873,0.14065,0.52130,0.49567,-0.48895,0.49344,512.81830
0.10866,0.14907,0.14066,0.52130,0.49567,-0.48895,0.49344,513.14720
0.10867,0.14939,0.14067,0.52130,0.49567,-0.48895,0.49344,513.44939
0.10867,0.14968,0.14068,0.52130,0.49567,-0.48895,0.49344,513.72252
0.10868,0.14993,0.14069,0.52130,0.49567,-0.48895,0.49344,513.96447
0.10868,0.15016,0.14070,0.52130,0.49567,-0.48895,0.49344,514.17332
0.10869,0.15035,0.14071,0.52130,0.49567,-0.48895,0.49344,514.34744
0.10869,0.15051,0.14071,0.52130,0.49567,-0.48895,0.49344,514.48545
0.10869,0.15063,0.14072,0.52130,0.49567,-0.48895,0.49344,514.58624
0.10870,0.15071,0.14072,0.52130,0.49567,-0.48895,0.49344,514.64902
0.10870,0.15075,0.14072,0.52130,0.49567,-0.48895,0.49344,514.67326
0.10870,0.15076,0.14072,0.52130,0.49567,-0.48895,0.49344,514.68778
0.10870,0.15072,0.14072,0.52130,0.49567,-0.48895,0.49344,514.74098
0.10869,0.15065,0.14072,0.52130,0.49567,-0.48895,0.49344,514.83246
0.10869,0.15054,0.14071,0.52130,0.49567,-0.48895,0.49344,514.96157
0.10869,0.15039,0.14071,0.52130,0.49567,-0.48895,0.49344,515.12731
0.10868,0.15021,0.14070,0.52130,0.49567,-0.48895,0.49344,515.32844
0.10868,0.14999,0.14069,0.52130,0.49567,-0.48895,0.49344,515.56341
0.10868,0.14974,0.14068,0.52130,0.49567,-0.48895,0.49344,515.83042
0.10867,0.14946,0.14068,0.52130,0.49567,-0.48895,0.49344,516.12741
0.10866,0.14914,0.14066,0.52130,0.49567,-0.48895,0.49344,516.45210
0.10866,0.14881,0.14065,0.52130,0.49567,-0.48895,0.49344,516.80197
0.10865,0.14845,0.14064,0.52130,0.49567,-0.48895,0.49344,517.17430
0.10864,0.14806,0.14063,0.52130,0.49567,-0.48895,0.49344,517.56622
0.10863,0.14766,0.14061,0.52130,0.49567,-0.48895,0.49344,517.97467
0.10862,0.14725,0.14060,0.52130,0.49567,-0.48895,0.49344,518.39648
0.10862,0.14682,0.14058,0.52130,0.49567,-0.48895,0.49344,518.82834
0.10861,0.14638,0.14057,0.52130,0.49567,-0.48895,0.49344,519.26690
0.10860,0.14594,0.14055,0.52130,0.49567,-0.48895,0.49344,519.70871
0.10859,0.14550,0.14054,0.52130,0.49567,-0.48895,0.49344,520.15033
0.10858,0.14506,0.14052,0.52130,0.49567,-0.48895,0.49344,520.58828
0.10857,0.14462,0.14051,0.52130,0.49567,-0.48895,0.49344,521.01913
0.10856,0.14420,0.14049,0.52130,0.49567,-0.48895,0.49344,521.43949
0.10855,0.14378,0.14048,0.52130,0.49567,-0.48895,0.49344,521.84606
0.10854,0.14338,0.14046,0.52130,0.49567,-0.48895,0.49344,522.23561
0.10854,0.14300,0.14045,0.52130,0.49567,-0.48895,0.49344,522.60509
0.10853,0.14264,0.14044,0.52130,0.49567,-0.48895,0.49344,522.95156
0.10852,0.14231,0.14043,0.52130,0.49567,-0.48895,0.49344,523.27228
0.10852,0.14200,0.14041,0.52130,0.49567,-0.48895,0.49344,523.56470
0.10851,0.14172,0.14041,0.52130,0.49567,-0.48895,0.49344,523.82650
0.10850,0.14148,0.14040,0.52130,0.49567,-0.48895,0.49344,524.05559
0.10850,0.14127,0.14039,0.52130,0.49567,-0.48895,0.49344,524.25014
0.10850,0.14109,0.14038,0.52130,0.49567,-0.48895,0.49344,524.40857
0.10849,0.14095,0.14038,0.52130,0.49567,-0.48895,0.49344,524.52962
0.10849,0.14085,0.14037,0.52130,0.49567,-0.48895,0.49344,524.61229
0.10849,0.14078,0.14037,0.52130,0.49567,-0.48895,0.49344,524.65591
0.10849,0.14076,0.14037,0.52130,0.49567,-0.48895,0.49344,524.66008
0.10849,0.14078,0.14037,0.52130,0.49567,-0.48895,0.49344,524.69541
0.10849,0.14083,0.14037,0.52130,0.49567,-0.48895,0.49344,524.76998
0.10849,0.14092,0.14038,0.52130,0.49567,-0.48895,0.49344,524.88325
0.10850,0.14106,0.14038,0.52130,0.49567,-0.48895,0.49344,525.03434
0.10850,0.14123,0.14039,0.52130,0.49567,-0.48895,0.49344,525.22209
0.10850,0.14143,0.14039,0.52130,0.49567,-0.48895,0.49344,525.44504
0.10851,0.14167,0.14040,0.52130,0.49567,-0.48895,0.49344,525.70145
0.10851,0.14195,0.14041,0.52130,0.49567,-0.48895,0.49344,525.98930
0.10852,0.14225,0.14042,0.52130,0.49567,-0.48895,0.49344,526.30634
0.10853,0.14258,0.14044,0.52130,0.49567,-0.48895,0.49344,526.65006
0.10854,0.14294,0.14045,0.52130,0.49567,-0.48895,0.49344,527.01776
0.10854,0.14332,0.14046,0.52130,0.49567,-0.48895,0.49344,527.40652
0.10855,0.14371,0.14047,0.52130,0.49567,-0.48895,0.49344,527.81327
0.10856,0.14413,0.14049,0.52130,0.49567,-0.48895,0.49344,528.23478
0.10857,0.14456,0.14050,0.52130,0.49567,-0.48895,0.49344,528.66770
0.10858,0.14499,0.14052,0.52130,0.49567,-0.48895,0.49344,529.10859
0.10859,0.14544,0.14053,0.52130,0.49567,-0.48895,0.49344,529.55393
0.10860,0.14589,0.14055,0.52130,0.49567,-0.48895,0.49344,530.00017
0.10860,0.14633,0.14057,0.52130,0.49567,-0.48895,0.49344,530.44376
0.10861,0.14677,0.14058,0.52130,0.49567,-0.48895,0.49344,530.88113
0.10862,0.14721,0.14060,0.52130,0.49567,-0.48895,0.49344,531.30878
0.10863,0.14763,0.14061,0.52130,0.49567,-0.48895,0.49344,531.72330
0.10864,0.14803,0.14063,0.52130,0.49567,-0.48895,0.49344,532.12133
0.10865,0.14842,0.14064,0.52130,0.49567,-0.48895,0.49344,532.49970
0.10866,0.14879,0.14065,0.52130,0.49567,-0.48895,0.49344,532.85534
0.10866,0.14914,0.14066,0.52130,0.49567,-0.48895,0.49344,533.18538
0.10867,0.14945,0.14067,0.52130,0.49567,-0.48895,0.49344,533.48716
0.10868,0.14974,0.14068,0.52130,0.49567,-0.48895,0.49344,533.75824
0.10868,0.14999,0.14069,0.52130,0.49567,-0.48895,0.49344,533.99640
0.10868,0.15021,0.14070,0.52130,0.49567,-0.48895,0.49344,534.19972
0.10869,0.15040,0.14071,0.52130,0.49567,-0.48895,0.49344,534.36652
0.10869,0.15055,0.14071,0.52130,0.49567,-0.48895,0.49344,534.49544
0.10869,0.15066,0.14072,0.52130,0.49567,-0.48895,0.49344,534.58540
0.10870,0.15073,0.14072,0.52130,0.49567,-0.48895,0.49344,534.63566
0.10870,0.15076,0.14072,0.52130,0.49567,-0.48895,0.49344,534.64578
0.10870,0.15075,0.14072,0.52130,0.49567,-0.48895,0.49344,534.67592
0.10870,0.15070,0.14072,0.52130,0.49567,-0.48895,0.49344,534.74611
0.10869,0.15061,0.14072,0.52130,0.49567,-0.48895,0.49344,534.85581
0.10869,0.15048,0.14071,0.52130,0.49567,-0.48895,0.49344,535.00417
0.10869,0.15031,0.14070,0.52130,0.49567,-0.48895,0.49344,535.19001
0.10868,0.15011,0.14070,0.52130,0.49567,-0.48895,0.49344,535.41188
0.10868,0.14987,0.14069,0.52130,0.49567,-0.48895,0.49344,535.66799
0.10867,0.14960,0.14068,0.52130,0.49567,-0.48895,0.49344,535.95631
0.10867,0.14929,0.14067,0.52130,0.49567,-0.48895,0.49344,536.27453
0.10866,0.14896,0.14066,0.52130,0.49567,-0.48895,0.49344,536.62009
0.10865,0.14860,0.14065,0.52130,0.49567,-0.48895,0.49344,536.99021
0.10864,0.14822,0.14063,0.52130,0.49567,-0.48895,0.49344,537.38191
0.10864,0.14782,0.14062,0.52130,0.49567,-0.48895,0.49344,537.79204
0.10863,0.14740,0.14060,0.52130,0.49567,-0.48895,0.49344,538.21727
0.10862,0.14697,0.14059,0.52130,0.49567,-0.48895,0.49344,538.65416
0.10861,0.14652,0.14057,0.52130,0.49567,-0.48895,0.49344,539.09918
0.10860,0.14608,0.14056,0.52130,0.49567,-0.48895,0.49344,539.54870
0.10859,0.14563,0.14054,0.52130,0.49567,-0.48895,0.49344,539.99908
0.10858,0.14518,0.14053,0.52130,0.49567,-0.48895,0.49344,540.44666
0.10857,0.14473,0.14051,0.52130,0.49567,-0.48895,0.49344,540.88778
0.10856,0.14429,0.14049,0.52130,0.49567,-0.48895,0.49344,541.31884
0.10855,0.14387,0.14048,0.52130,0.49567,-0.48895,0.49344,541.73632
0.10855,0.14346,0.14047,0.52130,0.49567,-0.48895,0.49344,542.13682
0.10854,0.14307,0.14045,0.52130,0.49567,-0.48895,0.49344,542.51703
0.10853,0.14270,0.14044,0.52130,0.49567,-0.48895,0.49344,542.87385
0.10852,0.14235,0.14043,0.52130,0.49567,-0.48895,0.49344,543.20434
0.10852,0.14204,0.14042,0.52130,0.49567,-0.48895,0.49344,543.50578
0.10851,0.14175,0.14041,0.52130,0.49567,-0.48895,0.49344,543.77568
0.10851,0.14150,0.14040,0.52130,0.49567,-0.48895,0.49344,544.01180
0.10850,0.14128,0.14039,0.52130,0.49567,-0.48895,0.49344,544.21220
0.10850,0.14110,0.14038,0.52130,0.49567,-0.48895,0.49344,544.37518
0.10849,0.14095,0.14038,0.52130,0.49567,-0.48895,0.49344,544.49940
0.10849,0.14085,0.14037,0.52130,0.49567,-0.48895,0.49344,544.58380
0.10849,0.14078,0.14037,0.52130,0.49567,-0.48895,0.49344,544.62766
0.10849,0.14076,0.14037,0.52130,0.49567,-0.48895,0.49344,544.63059
0.10849,0.14078,0.14037,0.52130,0.49567,-0.48895,0.49344,544.66865
0.10849,0.14084,0.14037,0.52130,0.49567,-0.48895,0.49344,544.74743
0.10849,0.14094,0.14038,0.52130,0.49567,-0.48895,0.49344,544.86629
0.10850,0.14107,0.14038,0.52130,0.49567,-0.48895,0.49344,545.02431
0.10850,0.14125,0.14039,0.52130,0.49567,-0.48895,0.49344,545.22020
0.10850,0.14147,0.14040,0.52130,0.49567,-0.48895,0.49344,545.45239
0.10851,0.14172,0.14041,0.52130,0.49567,-0.48895,0.49344,545.71899
0.10852,0.14200,0.14041,0.52130,0.49567,-0.48895,0.49344,546.01782
0.10852,0.14231,0.14043,0.52130,0.49567,-0.48895,0.49344,546.34646
0.10853,0.14266,0.14044,0.52130,0.49567,-0.48895,0.49344,546.70221
0.10854,0.14302,0.14045,0.52130,0.49567,-0.48895,0.49344,547.08216
0.10854,0.14342,0.14046,0.52130,0.49567,-0.48895,0.49344,547.48318
0.10855,0.14383,0.14048,0.52130,0.49567,-0.48895,0.49344,547.90198
0.10856,0.14425,0.14049,0.52130,0.49567,-0.48895,0.49344,548.33511
0.10857,0.14469,0.14051,0.52130,0.49567,-0.48895,0.49344,548.77900
0.10858,0.14514,0.14052,0.52130,0.49567,-0.48895,0.49344,549.22998
0.10859,0.14560,0.14054,0.52130,0.49567,-0.48895,0.49344,549.68432
0.10860,0.14605,0.14056,0.52130,0.49567,-0.48895,0.49344,550.13826
0.10861,0.14650,0.14057,0.52130,0.49567,-0.48895,0.49344,550.58804
0.10862,0.14695,0.14059,0.52130,0.49567,-0.48895,0.49344,551.02992
0.10863,0.14739,0.14060,0.52130,0.49567,-0.48895,0.49344,551.46022
0.10864,0.14781,0.14062,0.52130,0.49567,-0.48895,0.49344,551.87537
0.10864,0.14822,0.14063,0.52130,0.49567,-0.48895,0.49344,552.27190
0.10865,0.14860,0.14065,0.52130,0.49567,-0.48895,0.49344,552.64651
0.10866,0.14897,0.14066,0.52130,0.49567,-0.48895,0.49344,552.99606
0.10867,0.14930,0.14067,0.52130,0.49567,-0.48895,0.49344,553.31762
0.10867,0.14961,0.14068,0.52130,0.49567,-0.48895,0.49344,553.60849
0.10868,0.14988,0.14069,0.52130,0.49567,-0.48895,0.49344,553.86623
0.10868,0.15012,0.14070,0.52130,0.49567,-0.48895,0.49344,554.08865
0.10869,0.15033,0.14071,0.52130,0.49567,-0.48895,0.49344,554.27389
0.10869,0.15050,0.14071,0.52130,0.49567,-0.48895,0.49344,554.42037
0.10869,0.15062,0.14072,0.52130,0.49567,-0.48895,0.49344,554.52682
0.10870,0.15071,0.14072,0.52130,0.49567,-0.48895,0.49344,554.59234
0.10870,0.15075,0.14072,0.52130,0.49567,-0.48895,0.49344,554.61634
0.10870,0.15076,0.14072,0.52130,0.49567,-0.48895,0.49344,554.63409
0.10870,0.15072,0.14072,0.52130,0.49567,-0.48895,0.49344,554.69348
0.10869,0.15064,0.14072,0.52130,0.49567,-0.48895,0.49344,554.79404
0.10869,0.15052,0.14071,0.52130,0.49567,-0.48895,0.49344,554.93496
0.10869,0.15036,0.14071,0.52130,0.49567,-0.48895,0.49344,555.11509
0.10868,0.15016,0.14070,0.52130,0.49567,-0.48895,0.49344,555.33295
0.10868,0.14992,0.14069,0.52130,0.49567,-0.48895,0.49344,555.58675
0.10867,0.14965,0.14068,0.52130,0.49567,-0.48895,0.49344,555.87438
0.10867,0.14934,0.14067,0.52130,0.49567,-0.48895,0.49344,556.19345
0.10866,0.14901,0.14066,0.52130,0.49567,-0.48895,0.49344,556.54131
0.10865,0.14865,0.14065,0.52130,0.49567,-0.48895,0.49344,556.91507
0.10864,0.14826,0.14063,0.52130,0.49567,-0.48895,0.49344,557.31158
0.10864,0.14786,0.14062,0.52130,0.49567,-0.48895,0.49344,557.72755
0.10863,0.14743,0.14060,0.52130,0.49567,-0.48895,0.49344,558.15947
0.10862,0.14699,0.14059,0.52130,0.49567,-0.48895,0.49344,558.60373
0.10861,0.14654,0.14057,0.52130,0.49567,-0.48895,0.49344,559.05659
0.10860,0.14609,0.14056,0.52130,0.49567,-0.48895,0.49344,559.51425
0.10859,0.14563,0.14054,0.52130,0.49567,-0.48895,0.49344,559.97283
0.10858,0.14517,0.14053,0.52130,0.49567,-0.48895,0.49344,560.42849
0.10857,0.14472,0.14051,0.52130,0.49567,-0.48895,0.49344,560.87735
0.10856,0.14427,0.14049,0.52130,0.49567,-0.48895,0.49344,561.31564
0.10855,0.14384,0.14048,0.52130,0.49567,-0.48895,0.49344,561.73963
0.10854,0.14342,0.14046,0.52130,0.49567,-0.48895,0.49344,562.14572
0.10854,0.14303,0.14045,0.52130,0.49567,-0.48895,0.49344,562.53048
0.10853,0.14265,0.14044,0.52130,0.49567,-0.48895,0.49344,562.89062
0.10852,0.14231,0.14043,0.52130,0.49567,-0.48895,0.49344,563.22308
0.10852,0.14199,0.14041,0.52130,0.49567,-0.48895,0.49344,563.52501
0.10851,0.14170,0.14040,0.52130,0.49567,-0.48895,0.49344,563.79383
0.10850,0.14145,0.14040,0.52130,0.49567,-0.48895,0.49344,564.02724
0.10850,0.14124,0.14039,0.52130,0.49567,-0.48895,0.49344,564.22323
0.10850,0.14106,0.14038,0.52130,0.49567,-0.48895,0.49344,564.38010
0.10849,0.14092,0.14038,0.52130,0.49567,-0.48895,0.49344,564.49650
0.10849,0.14083,0.14037,0.52130,0.49567,-0.48895,0.49344,564.57139
0.10849,0.14077,0.14037,0.52130,0.49567,-0.48895,0.49344,564.60412
0.10849,0.14076,0.14037,0.52130,0.49567,-0.48895,0.49344,564.61387
0.10849,0.14079,0.14037,0.52130,0.49567,-0.48895,0.49344,564.66606
0.10849,0.14087,0.14038,0.52130,0.49567,-0.48895,0.49344,564.76026
0.10849,0.14098,0.14038,0.52130,0.49567,-0.48895,0.49344,564.89571
0.10850,0.14114,0.14038,0.52130,0.49567,-0.48895,0.49344,565.07128
0.10850,0.14133,0.14039,0.52130,0.49567,-0.48895,0.49344,565.28551
0.10851,0.14156,0.14040,0.52130,0.49567,-0.48895,0.49344,565.53660
0.10851,0.14183,0.14041,0.52130,0.49567,-0.48895,0.49344,565.82244
0.10852,0.14214,0.14042,0.52130,0.49567,-0.48895,0.49344,566.14060
0.10853,0.14247,0.14043,0.52130,0.49567,-0.48895,0.49344,566.48839
0.10853,0.14283,0.14044,0.52130,0.49567,-0.48895,0.49344,566.86287
0.10854,0.14322,0.14046,0.52130,0.49567,-0.48895,0.49344,567.26084
0.10855,0.14363,0.14047,0.52130,0.49567,-0.48895,0.49344,567.67891
0.10856,0.14406,0.14049,0.52130,0.49567,-0.48895,0.49344,568.11353
0.10857,0.14450,0.14050,0.52130,0.49567,-0.48895,0.49344,568.56098
0.10858,0.14495,0.14052,0.52130,0.49567,-0.48895,0.49344,569.01742
0.10859,0.14541,0.14053,0.52130,0.49567,-0.48895,0.49344,569.47896
0.10860,0.14587,0.14055,0.52130,0.49567,-0.48895,0.49344,569.94163
0.10861,0.14634,0.14057,0.52130,0.49567,-0.48895,0.49344,570.40147
0.10861,0.14679,0.14058,0.52130,0.49567,-0.48895,0.49344,570.85450
0.10862,0.14724,0.14060,0.52130,0.49567,-0.48895,0.49344,571.29685
0.10863,0.14768,0.14061,0.52130,0.49567,-0.48895,0.49344,571.72469
0.10864,0.14810,0.14063,0.52130,0.49567,-0.48895,0.49344,572.13433
0.10865,0.14850,0.14064,0.52130,0.49567,-0.48895,0.49344,572.52222
0.10866,0.14887,0.14065,0.52130,0.49567,-0.48895,0.49344,572.88502
0.10866,0.14922,0.14067,0.52130,0.49567,-0.48895,0.49344,573.21957
0.10867,0.14954,0.14068,0.52130,0.49567,-0.48895,0.49344,573.52296
0.10868,0.14983,0.14069,0.52130,0.49567,-0.48895,0.49344,573.79256
0.10868,0.15008,0.14070,0.52130,0.49567,-0.48895,0.49344,574.02601
0.10869,0.15030,0.14070,0.52130,0.49567,-0.48895,0.49344,574.22126
0.10869,0.15047,0.14071,0.52130,0.49567,-0.48895,0.49344,574.37661
0.10869,0.15061,0.14072,0.52130,0.49567,-0.48895,0.49344,574.49067
0.10870,0.15070,0.14072,0.52130,0.49567,-0.48895,0.49344,574.56242
0.10870,0.15075,0.14072,0.52130,0.49567,-0.48895,0.49344,574.59122
0.10870,0.15076,0.14072,0.52130,0.49567,-0.48895,0.49344,574.60566
0.10870,0.15072,0.14072,0.52130,0.49567,-0.48895,0.49344,574.66325
0.10869,0.15064,0.14072,0.52130,0.49567,-0.48895,0.49344,574.76351
0.10869,0.15052,0.14071,0.52130,0.49567,-0.48895,0.49344,574.90562
0.10869,0.15036,0.14071,0.52130,0.49567,-0.48895,0.49344,575.08837
0.10868,0.15016,0.14070,0.52130,0.49567,-0.48895,0.49344,575.31021
0.10868,0.14991,0.14069,0.52130,0.49567,-0.48895,0.49344,575.56924
0.10867,0.14964,0.14068,0.52130,0.49567,-0.48895,0.49344,575.86324
0.10867,0.14933,0.14067,0.52130,0.49567,-0.48895,0.49344,576.18967
0.10866,0.14898,0.14066,0.52130,0.49567,-0.48895,0.49344,576.54573
0.10865,0.14861,0.14065,0.52130,0.49567,-0.48895,0.49344,576.92833
0.10864,0.14822,0.14063,0.52130,0.49567,-0.48895,0.49344,577.33417
0.10864,0.14780,0.14062,0.52130,0.49567,-0.48895,0.49344,577.75973
0.10863,0.14737,0.14060,0.52130,0.49567,-0.48895,0.49344,578.20130
0.10862,0.14692,0.14059,0.52130,0.49567,-0.48895,0.49344,578.65506
0.10861,0.14646,0.14057,0.52130,0.49567,-0.48895,0.49344,579.11705
0.10860,0.14600,0.14055,0.52130,0.49567,-0.48895,0.49344,579.58325
0.10859,0.14553,0.14054,0.52130,0.49567,-0.48895,0.49344,580.04958
0.10858,0.14506,0.14052,0.52130,0.49567,-0.48895,0.49344,580.51197
0.10857,0.14460,0.14051,0.52130,0.49567,-0.48895,0.49344,580.96637
0.10856,0.14415,0.14049,0.52130,0.49567,-0.48895,0.49344,581.40880
0.10855,0.14372,0.14047,0.52130,0.49567,-0.48895,0.49344,581.83539
0.10854,0.14330,0.14046,0.52130,0.49567,-0.48895,0.49344,582.24238
0.10853,0.14290,0.14045,0.52130,0.49567,-0.48895,0.49344,582.62619
0.10853,0.14253,0.14043,0.52130,0.49567,-0.48895,0.49344,582.98343
0.10852,0.14219,0.14042,0.52130,0.49567,-0.48895,0.49344,583.31097
0.10851,0.14188,0.14041,0.52130,0.49567,-0.48895,0.49344,583.60588
0.10851,0.14160,0.14040,0.52130,0.49567,-0.48895,0.49344,583.86558
0.10850,0.14136,0.14039,0.52130,0.49567,-0.48895,0.49344,584.08774
0.10850,0.14116,0.14039,0.52130,0.49567,-0.48895,0.49344,584.27038
0.10849,0.14099,0.14038,0.52130,0.49567,-0.48895,0.49344,584.41187
0.10849,0.14087,0.14038,0.52130,0.49567,-0.48895,0.49344,584.51093
0.10849,0.14080,0.14037,0.52130,0.49567,-0.48895,0.49344,584.56666
0.10849,0.14076,0.14037,0.52130,0.49567,-0.48895,0.49344,584.57854
0.10849,0.14077,0.14037,0.52130,0.49567,-0.48895,0.49344,584.61066
0.10849,0.14083,0.14037,0.52130,0.49567,-0.48895,0.49344,584.68652
0.10849,0.14092,0.14038,0.52130,0.49567,-0.48895,0.49344,584.80549
0.10850,0.14106,0.14038,0.52130,0.49567,-0.48895,0.49344,584.96656
0.10850,0.14125,0.14039,0.52130,0.49567,-0.48895,0.49344,585.16833
0.10850,0.14147,0.14040,0.52130,0.49567,-0.48895,0.49344,585.40904
0.10851,0.14173,0.14041,0.52130,0.49567,-0.48895,0.49344,585.68661
0.10852,0.14202,0.14042,0.52130,0.49567,-0.48895,0.49344,585.99860
0.10852,0.14235,0.14043,0.52130,0.49567,-0.48895,0.49344,586.34229
0.10853,0.14271,0.14044,0.52130,0.49567,-0.48895,0.49344,586.71465
0.10854,0.14310,0.14045,0.52130,0.49567,-0.48895,0.49344,587.11240
0.10855,0.14351,0.14047,0.52130,0.49567,-0.48895,0.49344,587.53205
0.10856,0.14394,0.14048,0.52130,0.49567,-0.48895,0.49344,587.96989
0.10856,0.14438,0.14050,0.52130,0.49567,-0.48895,0.49344,588.42204
0.10857,0.14484,0.14051,0.52130,0.49567,-0.48895,0.49344,588.88451
0.10858,0.14531,0.14053,0.52130,0.49567,-0.48895,0.49344,589.35320
0.10859,0.14578,0.14055,0.52130,0.49567,-0.48895,0.49344,589.82396
0.10860,0.14625,0.14056,0.52130,0.49567,-0.48895,0.49344,590.29259
0.10861,0.14671,0.14058,0.52130,0.49567,-0.48895,0.49344,590.75492
0.10862,0.14717,0.14060,0.52130,0.49567,-0.48895,0.49344,591.20685
0.10863,0.14762,0.14061,0.52130,0.49567,-0.48895,0.49344,591.64434
0.10864,0.14805,0.14063,0.52130,0.49567,-0.48895,0.49344,592.06349
0.10865,0.14846,0.14064,0.52130,0.49567,-0.48895,0.49344,592.46054
0.10866,0.14884,0.14065,0.52130,0.49567,-0.48895,0.49344,592.83193
0.10866,0.14920,0.14067,0.52130,0.49567,-0.48895,0.49344,593.17435
0.10867,0.14953,0.14068,0.52130,0.49567,-0.48895,0.49344,593.48470
0.10868,0.14982,0.14069,0.52130,0.49567,-0.48895,0.49344,593.76020
0.10868,0.15008,0.14070,0.52130,0.49567,-0.48895,0.49344,593.99835
0.10869,0.15030,0.14070,0.52130,0.49567,-0.48895,0.49344,594.19700
0.10869,0.15047,0.14071,0.52130,0.49567,-0.48895,0.49344,594.35435
0.10869,0.15061,0.14072,0.52130,0.49567,-0.48895,0.49344,594.46895
0.10870,0.15070,0.14072,0.52130,0.49567,-0.48895,0.49344,594.53975
0.10870,0.15075,0.14072,0.52130,0.49567,-0.48895,0.49344,594.56608
0.10870,0.15076,0.14072,0.52130,0.49567,-0.48895,0.49344,594.58449
0.10870,0.15072,0.14072,0.52130,0.49567,-0.48895,0.49344,594.64751
0.10869,0.15063,0.14072,0.52130,0.49567,-0.48895,0.49344,594.75461
0.10869,0.15050,0.14071,0.52130,0.49567,-0.48895,0.49344,594.90485
0.10869,0.15033,0.14071,0.52130,0.49567,-0.48895,0.49344,595.09693
0.10868,0.15012,0.14070,0.52130,0.49567,-0.48895,0.49344,595.32914
0.10868,0.14987,0.14069,0.52130,0.49567,-0.48895,0.49344,595.59944
0.10867,0.14958,0.14068,0.52130,0.49567,-0.48895,0.49344,595.90541
0.10867,0.14925,0.14067,0.52130,0.49567,-0.48895,0.49344,596.24435
0.10866,0.14890,0.14066,0.52130,0.49567,-0.48895,0.49344,596.61321
0.10865,0.14852,0.14064,0.52130,0.49567,-0.48895,0.49344,597.00870
0.10864,0.14811,0.14063,0.52130,0.49567,-0.48895,0.49344,597.42728
0.10863,0.14768,0.14061,0.52130,0.49567,-0.48895,0.49344,597.86519
0.10862,0.14723,0.14060,0.52130,0.49567,-0.48895,0.49344,598.31849
0.10861,0.14677,0.14058,0.52130,0.49567,-0.48895,0.49344,598.78312
0.10860,0.14630,0.14056,0.52130,0.49567,-0.48895,0.49344,599.25487
0.10859,0.14583,0.14055,0.52130,0.49567,-0.48895,0.49344,599.72951
0.10858,0.14535,0.14053,0.52130,0.49567,-0.48895,0.49344,600.20273
0.10858,0.14488,0.14052,0.52130,0.49567,-0.48895,0.49344,600.67026
0.10857,0.14442,0.14050,0.52130,0.49567,-0.48895,0.49344,601.12787
0.10856,0.14397,0.14048,0.52130,0.49567,-0.48895,0.49344,601.57140
0.10855,0.14353,0.14047,0.52130,0.49567,-0.48895,0.49344,601.99684
0.10854,0.14312,0.14045,0.52130,0.49567,-0.48895,0.49344,602.40030
0.10853,0.14272,0.14044,0.52130,0.49567,-0.48895,0.49344,602.77813
0.10852,0.14236,0.14043,0.52130,0.49567,-0.48895,0.49344,603.12687
0.10852,0.14203,0.14042,0.52130,0.49567,-0.48895,0.49344,603.44334
0.10851,0.14173,0.14041,0.52130,0.49567,-0.48895,0.49344,603.72464
0.10850,0.14146,0.14040,0.52130,0.49567,-0.48895,0.49344,603.96819
0.10850,0.14124,0.14039,0.52130,0.49567,-0.48895,0.49344,604.17175
0.10850,0.14106,0.14038,0.52130,0.49567,-0.48895,0.49344,604.33344
0.10849,0.14092,0.14038,0.52130,0.49567,-0.48895,0.49344,604.45175
0.10849,0.14082,0.14037,0.52130,0.49567,-0.48895,0.49344,604.52558
0.10849,0.14077,0.14037,0.52130,0.49567,-0.48895,0.49344,604.55422
0.10849,0.14076,0.14037,0.52130,0.49567,-0.48895,0.49344,604.57107
0.10849,0.14080,0.14037,0.52130,0.49567,-0.48895,0.49344,604.63327
0.10849,0.14089,0.14038,0.52130,0.49567,-0.48895,0.49344,604.74031
0.10850,0.14102,0.14038,0.52130,0.49567,-0.48895,0.49344,604.89123
0.10850,0.14119,0.14039,0.52130,0.49567,-0.48895,0.49344,605.08470
0.10850,0.14140,0.14039,0.52130,0.49567,-0.48895,0.49344,605.31898
0.10851,0.14166,0.14040,0.52130,0.49567,-0.48895,0.49344,605.59195
0.10851,0.14195,0.14041,0.52130,0.49567,-0.48895,0.49344,605.90116
0.10852,0.14228,0.14042,0.52130,0.49567,-0.48895,0.49344,606.24379
0.10853,0.14263,0.14044,0.52130,0.49567,-0.48895,0.49344,606.61675
0.10854,0.14302,0.14045,0.52130,0.49567,-0.48895,0.49344,607.01663
0.10855,0.14343,0.14046,0.52130,0.49567,-0.48895,0.49344,607.43980
0.10855,0.14387,0.14048,0.52130,0.49567,-0.48895,0.49344,607.88240
0.10856,0.14432,0.14050,0.52130,0.49567,-0.48895,0.49344,608.34037
0.10857,0.14478,0.14051,0.52130,0.49567,-0.48895,0.49344,608.80954
0.10858,0.14526,0.14053,0.52130,0.49567,-0.48895,0.49344,609.28561
0.10859,0.14574,0.14055,0.52130,0.49567,-0.48895,0.49344,609.76420
0.10860,0.14622,0.14056,0.52130,0.49567,-0.48895,0.49344,610.24093
0.10861,0.14669,0.14058,0.52130,0.49567,-0.48895,0.49344,610.71140
0.10862,0.14716,0.14059,0.52130,0.49567,-0.48895,0.49344,611.17130
0.10863,0.14761,0.14061,0.52130,0.49567,-0.48895,0.49344,611.61637
0.10864,0.14805,0.14063,0.52130,0.49567,-0.48895,0.49344,612.04252
0.10865,0.14846,0.14064,0.52130,0.49567,-0.48895,0.49344,612.44580
0.10866,0.14885,0.14065,0.52130,0.49567,-0.48895,0.49344,612.82248
0.10866,0.14922,0.14067,0.52130,0.49567,-0.48895,0.49344,613.16907
0.10867,0.14955,0.14068,0.52130,0.49567,-0.48895,0.49344,613.48234
0.10868,0.14984,0.14069,0.52130,0.49567,-0.48895,0.49344,613.75939
0.10868,0.15010,0.14070,0.52130,0.49567,-0.48895,0.49344,613.99763
0.10869,0.15032,0.14071,0.52130,0.49567,-0.48895,0.49344,614.19482
0.10869,0.15049,0.14071,0.52130,0.49567,-0.48895,0.49344,614.34912
0.10869,0.15063,0.14072,0.52130,0.49567,-0.48895,0.49344,614.45907
0.10870,0.15071,0.14072,0.52130,0.49567,-0.48895,0.49344,614.52361
0.10870,0.15076,0.14072,0.52130,0.49567,-0.48895,0.49344,614.54212
0.10870,0.15075,0.14072,0.52130,0.49567,-0.48895,0.49344,614.56985
0.10870,0.15070,0.14072,0.52130,0.49567,-0.48895,0.49344,614.64360
0.10869,0.15060,0.14071,0.52130,0.49567,-0.48895,0.49344,614.76272
0.10869,0.15046,0.14071,0.52130,0.49567,-0.48895,0.49344,614.92613
0.10869,0.15028,0.14070,0.52130,0.49567,-0.48895,0.49344,615.13235
0.10868,0.15005,0.14070,0.52130,0.49567,-0.48895,0.49344,615.37951
0.10868,0.14978,0.14069,0.52130,0.49567,-0.48895,0.49344,615.66533
0.10867,0.14948,0.14068,0.52130,0.49567,-0.48895,0.49344,615.98719
0.10866,0.14914,0.14066,0.52130,0.49567,-0.48895,0.49344,616.34212
0.10866,0.14877,0.14065,0.52130,0.49567,-0.48895,0.49344,616.72685
0.10865,0.14837,0.14064,0.52130,0.49567,-0.48895,0.49344,617.13782
0.10864,0.14795,0.14062,0.52130,0.49567,-0.48895,0.49344,617.57121
0.10863,0.14750,0.14061,0.52130,0.49567,-0.48895,0.49344,618.02302
0.10862,0.14704,0.14059,0.52130,0.49567,-0.48895,0.49344,618.48903
0.10861,0.14657,0.14057,0.52130,0.49567,-0.48895,0.49344,618.96493
0.10860,0.14609,0.14056,0.52130,0.49567,-0.48895,0.49344,619.44627
0.10859,0.14561,0.14054,0.52130,0.49567,-0.48895,0.49344,619.92857
0.10858,0.14513,0.14052,0.52130,0.49567,-0.48895,0.49344,620.40732
0.10857,0.14465,0.14051,0.52130,0.49567,-0.48895,0.49344,620.87804
0.10856,0.14419,0.14049,0.52130,0.49567,-0.48895,0.49344,621.33634
0.10855,0.14373,0.14048,0.52130,0.49567,-0.48895,0.49344,621.77792
0.10854,0.14330,0.14046,0.52130,0.49567,-0.48895,0.49344,622.19863
0.10853,0.14289,0.14045,0.52130,0.49567,-0.48895,0.49344,622.59451
0.10853,0.14251,0.14043,0.52130,0.49567,-0.48895,0.49344,622.96185
0.10852,0.14216,0.14042,0.52130,0.49567,-0.48895,0.49344,623.29718
0.10851,0.14184,0.14041,0.52130,0.49567,-0.48895,0.49344,623.59733
0.10851,0.14156,0.14040,0.52130,0.49567,-0.48895,0.49344,623.85946
0.10850,0.14132,0.14039,0.52130,0.49567,-0.48895,0.49344,624.08108
0.10850,0.14111,0.14038,0.52130,0.49567,-0.48895,0.49344,624.26008
0.10849,0.14096,0.14038,0.52130,0.49567,-0.48895,0.49344,624.39475
0.10849,0.14085,0.14037,0.52130,0.49567,-0.48895,0.49344,624.48380
0.10849,0.14078,0.14037,0.52130,0.49567,-0.48895,0.49344,624.52634
0.10849,0.14076,0.14037,0.52130,0.49567,-0.48895,0.49344,624.53073
0.10849,0.14079,0.14037,0.52130,0.49567,-0.48895,0.49344,624.58205
0.10849,0.14086,0.14038,0.52130,0.49567,-0.48895,0.49344,624.67986
0.10849,0.14098,0.14038,0.52130,0.49567,-0.48895,0.49344,624.82325
0.10850,0.14115,0.14039,0.52130,0.49567,-0.48895,0.49344,625.01092
0.10850,0.14136,0.14039,0.52130,0.49567,-0.48895,0.49344,625.24113
0.10851,0.14161,0.14040,0.52130,0.49567,-0.48895,0.49344,625.51173
0.10851,0.14190,0.14041,0.52130,0.49567,-0.48895,0.49344,625.82020
0.10852,0.14223,0.14042,0.52130,0.49567,-0.48895,0.49344,626.16366
0.10853,0.14259,0.14044,0.52130,0.49567,-0.48895,0.49344,626.53888
0.10854,0.14298,0.14045,0.52130,0.49567,-0.48895,0.49344,626.94235
0.10854,0.14339,0.14046,0.52130,0.49567,-0.48895,0.49344,627.37026
0.10855,0.14383,0.14048,0.52130,0.49567,-0.48895,0.49344,627.81859
0.10856,0.14429,0.14049,0.52130,0.49567,-0.48895,0.49344,628.28310
0.10857,0.14476,0.14051,0.52130,0.49567,-0.48895,0.49344,628.75941
0.10858,0.14524,0.14053,0.52130,0.49567,-0.48895,0.49344,629.24301
0.10859,0.14573,0.14055,0.52130,0.49567,-0.48895,0.49344,629.72932
0.10860,0.14622,0.14056,0.52130,0.49567,-0.48895,0.49344,630.21374
0.10861,0.14670,0.14058,0.52130,0.49567,-0.48895,0.49344,630.69165
0.10862,0.14717,0.14060,0.52130,0.49567,-0.48895,0.49344,631.15852
0.10863,0.14763,0.14061,0.52130,0.49567,-0.48895,0.49344,631.60991
0.10864,0.14807,0.14063,0.52130,0.49567,-0.48895,0.49344,632.04151
0.10865,0.14850,0.14064,0.52130,0.49567,-0.48895,0.49344,632.44920
0.10866,0.14889,0.14066,0.52130,0.49567,-0.48895,0.49344,632.82909
0.10867,0.14926,0.14067,0.52130,0.49567,-0.48895,0.49344,633.17754
0.10867,0.14959,0.14068,0.52130,0.49567,-0.48895,0.49344,633.49121
0.10868,0.14988,0.14069,0.52130,0.49567,-0.48895,0.49344,633.76708
0.10868,0.15014,0.14070,0.52130,0.49567,-0.48895,0.49344,634.00251
0.10869,0.15035,0.14071,0.52130,0.49567,-0.48895,0.49344,634.19520
0.10869,0.15052,0.14071,0.52130,0.49567,-0.48895,0.49344,634.34330
0.10869,0.15065,0.14072,0.52130,0.49567,-0.48895,0.49344,634.44535
0.10870,0.15073,0.14072,0.52130,0.49567,-0.48895,0.49344,634.50035
0.10870,0.15076,0.14072,0.52130,0.49567,-0.48895,0.49344,634.50774
0.10870,0.15074,0.14072,0.52130,0.49567,-0.48895,0.49344,634.54807
0.10869,0.15068,0.14072,0.52130,0.49567,-0.48895,0.49344,634.63577
0.10869,0.15057,0.14071,0.52130,0.49567,-0.48895,0.49344,634.77002
0.10869,0.15041,0.14071,0.52130,0.49567,-0.48895,0.49344,634.94959
0.10868,0.15021,0.14070,0.52130,0.49567,-0.48895,0.49344,635.17278
0.10868,0.14996,0.14069,0.52130,0.49567,-0.48895,0.49344,635.43749
0.10867,0.14968,0.14068,0.52130,0.49567,-0.48895,0.49344,635.74120
0.10867,0.14936,0.14067,0.52130,0.49567,-0.48895,0.49344,636.08104
0.10866,0.14900,0.14066,0.52130,0.49567,-0.48895,0.49344,636.45377
0.10865,0.14861,0.14065,0.52130,0.49567,-0.48895,0.49344,636.85583
0.10864,0.14820,0.14063,0.52130,0.49567,-0.48895,0.49344,637.28337
0.10863,0.14776,0.14062,0.52130,0.49567,-0.48895,0.49344,637.73232
0.10862,0.14730,0.14060,0.52130,0.49567,-0.48895,0.49344,638.19837
0.10862,0.14682,0.14058,0.52130,0.49567,-0.48895,0.49344,638.67704
0.10861,0.14634,0.14057,0.52130,0.49567,-0.48895,0.49344,639.16373
0.10860,0.14585,0.14055,0.52130,0.49567,-0.48895,0.49344,639.65378
0.10858,0.14536,0.14053,0.52130,0.49567,-0.48895,0.49344,640.14245
0.10857,0.14487,0.14052,0.52130,0.49567,-0.48895,0.49344,640.62503
0.10856,0.14439,0.14050,0.52130,0.49567,-0.48895,0.49344,641.09687
0.10856,0.14393,0.14048,0.52130,0.49567,-0.48895,0.49344,641.55340
0.10855,0.14348,0.14047,0.52130,0.49567,-0.48895,0.49344,641.99021
0.10854,0.14306,0.14045,0.52130,0.49567,-0.48895,0.49344,642.40306
0.10853,0.14266,0.14044,0.52130,0.49567,-0.48895,0.49344,642.78794
0.10852,0.14229,0.14042,0.52130,0.49567,-0.48895,0.49344,643.14112
0.10851,0.14195,0.14041,0.52130,0.49567,-0.48895,0.49344,643.45916
0.10851,0.14165,0.14040,0.52130,0.49567,-0.48895,0.49344,643.73894
0.10850,0.14139,0.14039,0.52130,0.49567,-0.48895,0.49344,643.97774
0.10850,0.14117,0.14039,0.52130,0.49567,-0.48895,0.49344,644.17320
0.10850,0.14100,0.14038,0.52130,0.49567,-0.48895,0.49344,644.32342
0.10849,0.14087,0.14038,0.52130,0.49567,-0.48895,0.49344,644.42688
0.10849,0.14079,0.14037,0.52130,0.49567,-0.48895,0.49344,644.48257
0.10849,0.14076,0.14037,0.52130,0.49567,-0.48895,0.49344,644.48990
0.10849,0.14078,0.14037,0.52130,0.49567,-0.48895,0.49344,644.53103
0.10849,0.14084,0.14037,0.52130,0.49567,-0.48895,0.49344,644.62027
0.10849,0.14096,0.14038,0.52130,0.49567,-0.48895,0.49344,644.75677
0.10850,0.14112,0.14038,0.52130,0.49567,-0.48895,0.49344,644.93924
0.10850,0.14132,0.14039,0.52130,0.49567,-0.48895,0.49344,645.16595
0.10851,0.14157,0.14040,0.52130,0.49567,-0.48895,0.49344,645.43471
0.10851,0.14186,0.14041,0.52130,0.49567,-0.48895,0.49344,645.74294
0.10852,0.14219,0.14042,0.52130,0.49567,-0.48895,0.49344,646.08766
0.10853,0.14255,0.14043,0.52130,0.49567,-0.48895,0.49344,646.46555
0.10854,0.14294,0.14045,0.52130,0.49567,-0.48895,0.49344,646.87293
0.10854,0.14336,0.14046,0.52130,0.49567,-0.48895,0.49344,647.30586
0.10855,0.14381,0.14048,0.52130,0.49567,-0.48895,0.49344,647.76013
0.10856,0.14427,0.14049,0.52130,0.49567,-0.48895,0.49344,648.23131
0.10857,0.14475,0.14051,0.52130,0.49567,-0.48895,0.49344,648.71481
0.10858,0.14524,0.14053,0.52130,0.49567,-0.48895,0.49344,649.20592
0.10859,0.14573,0.14055,0.52130,0.49567,-0.48895,0.49344,649.69984
0.10860,0.14623,0.14056,0.52130,0.49567,-0.48895,0.49344,650.19173
0.10861,0.14672,0.14058,0.52130,0.49567,-0.48895,0.49344,650.67678
0.10862,0.14720,0.14060,0.52130,0.49567,-0.48895,0.49344,651.15024
0.10863,0.14766,0.14061,0.52130,0.49567,-0.48895,0.49344,651.60744
0.10864,0.14811,0.14063,0.52130,0.49567,-0.48895,0.49344,652.04391
0.10865,0.14854,0.14064,0.52130,0.49567,-0.48895,0.49344,652.45533
0.10866,0.14893,0.14066,0.52130,0.49567,-0.48895,0.49344,652.83767
0.10867,0.14930,0.14067,0.52130,0.49567,-0.48895,0.49344,653.18713
0.10867,0.14963,0.14068,0.52130,0.49567,-0.48895,0.49344,653.50027
0.10868,0.14993,0.14069,0.52130,0.49567,-0.48895,0.49344,653.77398
0.10868,0.15018,0.14070,0.52130,0.49567,-0.48895,0.49344,654.00553
0.10869,0.15039,0.14071,0.52130,0.49567,-0.48895,0.49344,654.19264
0.10869,0.15055,0.14071,0.52130,0.49567,-0.48895,0.49344,654.33341
0.10869,0.15067,0.14072,0.52130,0.49567,-0.48895,0.49344,654.42642
0.10870,0.15074,0.14072,0.52130,0.49567,-0.48895,0.49344,654.47074
0.10870,0.15076,0.14072,0.52130,0.49567,-0.48895,0.49344,654.47560
0.10870,0.15073,0.14072,0.52130,0.49567,-0.48895,0.49344,654.52962
0.10869,0.15065,0.14072,0.52130,0.49567,-0.48895,0.49344,654.63230
0.10869,0.15052,0.14071,0.52130,0.49567,-0.48895,0.49344,654.78266
0.10869,0.15035,0.14071,0.52130,0.49567,-0.48895,0.49344,654.97926
0.10868,0.15013,0.14070,0.52130,0.49567,-0.48895,0.49344,655.22019
0.10868,0.14987,0.14069,0.52130,0.49567,-0.48895,0.49344,655.50309
0.10867,0.14957,0.14068,0.52130,0.49567,-0.48895,0.49344,655.82520
0.10866,0.14922,0.14067,0.52130,0.49567,-0.48895,0.49344,656.18335
0.10866,0.14885,0.14065,0.52130,0.49567,-0.48895,0.49344,656.57404
0.10865,0.14844,0.14064,0.52130,0.49567,-0.48895,0.49344,656.99340
0.10864,0.14801,0.14062,0.52130,0.49567,-0.48895,0.49344,657.43731
0.10863,0.14756,0.14061,0.52130,0.49567,-0.48895,0.49344,657.90139
0.10862,0.14708,0.14059,0.52130,0.49567,-0.48895,0.49344,658.38104
0.10861,0.14660,0.14058,0.52130,0.49567,-0.48895,0.49344,658.87152
0.10860,0.14610,0.14056,0.52130,0.49567,-0.48895,0.49344,659.36797
0.10859,0.14560,0.14054,0.52130,0.49567,-0.48895,0.49344,659.86545
0.10858,0.14511,0.14052,0.52130,0.49567,-0.48895,0.49344,660.35903
0.10857,0.14462,0.14051,0.52130,0.49567,-0.48895,0.49344,660.84379
0.10856,0.14414,0.14049,0.52130,0.49567,-0.48895,0.49344,661.31491
0.10855,0.14367,0.14047,0.52130,0.49567,-0.48895,0.49344,661.76769
0.10854,0.14323,0.14046,0.52130,0.49567,-0.48895,0.49344,662.19760
0.10853,0.14281,0.14044,0.52130,0.49567,-0.48895,0.49344,662.60035
0.10852,0.14243,0.14043,0.52130,0.49567,-0.48895,0.49344,662.97191
0.10852,0.14207,0.14042,0.52130,0.49567,-0.48895,0.49344,663.30854
0.10851,0.14175,0.14041,0.52130,0.49567,-0.48895,0.49344,663.60687
0.10850,0.14147,0.14040,0.52130,0.49567,-0.48895,0.49344,663.86389
0.10850,0.14124,0.14039,0.52130,0.49567,-0.48895,0.49344,664.07700
0.10850,0.14105,0.14038,0.52130,0.49567,-0.48895,0.49344,664.24405
0.10849,0.14090,0.14038,0.52130,0.49567,-0.48895,0.49344,664.36332
0.10849,0.14081,0.14037,0.52130,0.49567,-0.48895,0.49344,664.43361
0.10849,0.14076,0.14037,0.52130,0.49567,-0.48895,0.49344,664.45415
0.10849,0.14077,0.14037,0.52130,0.49567,-0.48895,0.49344,664.48358
0.10849,0.14082,0.14037,0.52130,0.49567,-0.48895,0.49344,664.56272
0.10849,0.14093,0.14038,0.52130,0.49567,-0.48895,0.49344,664.69083
0.10850,0.14108,0.14038,0.52130,0.49567,-0.48895,0.49344,664.86664
0.10850,0.14128,0.14039,0.52130,0.49567,-0.48895,0.49344,665.08843
0.10851,0.14152,0.14040,0.52130,0.49567,-0.48895,0.49344,665.35402
0.10851,0.14181,0.14041,0.52130,0.49567,-0.48895,0.49344,665.66075
0.10852,0.14214,0.14042,0.52130,0.49567,-0.48895,0.49344,666.00559
0.10853,0.14250,0.14043,0.52130,0.49567,-0.48895,0.49344,666.38509
0.10853,0.14290,0.14045,0.52130,0.49567,-0.48895,0.49344,666.79546
0.10854,0.14332,0.14046,0.52130,0.49567,-0.48895,0.49344,667.23261
0.10855,0.14377,0.14048,0.52130,0.49567,-0.48895,0.49344,667.69215
0.10856,0.14424,0.14049,0.52130,0.49567,-0.48895,0.49344,668.16946
0.10857,0.14472,0.14051,0.52130,0.49567,-0.48895,0.49344,668.65977
0.10858,0.14522,0.14053,0.52130,0.49567,-0.48895,0.49344,669.15812
0.10859,0.14572,0.14054,0.52130,0.49567,-0.48895,0.49344,669.65952
0.10860,0.14622,0.14056,0.52130,0.49567,-0.48895,0.49344,670.15889
0.10861,0.14672,0.14058,0.52130,0.49567,-0.48895,0.49344,670.65121
0.10862,0.14721,0.14060,0.52130,0.49567,-0.48895,0.49344,671.13149
0.10863,0.14768,0.14061,0.52130,0.49567,-0.48895,0.49344,671.59488
0.10864,0.14813,0.14063,0.52130,0.49567,-0.48895,0.49344,672.03668
0.10865,0.14856,0.14064,0.52130,0.49567,-0.48895,0.49344,672.45242
0.10866,0.14897,0.14066,0.52130,0.49567,-0.48895,0.49344,672.83786
0.10867,0.14933,0.14067,0.52130,0.49567,-0.48895,0.49344,673.18909
0.10867,0.14967,0.14068,0.52130,0.49567,-0.48895,0.49344,673.50252
0.10868,0.14996,0.14069,0.52130,0.49567,-0.48895,0.49344,673.77496
0.10868,0.15021,0.14070,0.52130,0.49567,-0.48895,0.49344,674.00361
0.10869,0.15042,0.14071,0.52130,0.49567,-0.48895,0.49344,674.18613
0.10869,0.15058,0.14071,0.52130,0.49567,-0.48895,0.49344,674.32062
0.10869,0.15069,0.14072,0.52130,0.49567,-0.48895,0.49344,674.40570
0.10870,0.15075,0.14072,0.52130,0.49567,-0.48895,0.49344,674.44047
0.10870,0.15076,0.14072,0.52130,0.49567,-0.48895,0.49344,674.45641
0.10870,0.15072,0.14072,0.52130,0.49567,-0.48895,0.49344,674.52293
0.10869,0.15062,0.14072,0.52130,0.49567,-0.48895,0.49344,674.63939
0.10869,0.15048,0.14071,0.52130,0.49567,-0.48895,0.49344,674.80464
0.10869,0.15029,0.14070,0.52130,0.49567,-0.48895,0.49344,675.01703
0.10868,0.15006,0.14070,0.52130,0.49567,-0.48895,0.49344,675.27443
0.10868,0.14978,0.14069,0.52130,0.49567,-0.48895,0.49344,675.57426
0.10867,0.14946,0.14068,0.52130,0.49567,-0.48895,0.49344,675.91349
0.10866,0.14910,0.14066,0.52130,0.49567,-0.48895,0.49344,676.28868
0.10865,0.14871,0.14065,0.52130,0.49567,-0.48895,0.49344,676.69603
0.10865,0.14829,0.14063,0.52130,0.49567,-0.48895,0.49344,677.13142
0.10864,0.14784,0.14062,0.52130,0.49567,-0.48895,0.49344,677.59041
0.10863,0.14737,0.14060,0.52130,0.49567,-0.48895,0.49344,678.06833
0.10862,0.14688,0.14059,0.52130,0.49567,-0.48895,0.49344,678.56032
0.10861,0.14638,0.14057,0.52130,0.49567,-0.48895,0.49344,679.06134
0.10860,0.14588,0.14055,0.52130,0.49567,-0.48895,0.49344,679.56629
0.10859,0.14537,0.14053,0.52130,0.49567,-0.48895,0.49344,680.06999
0.10857,0.14487,0.14052,0.52130,0.49567,-0.48895,0.49344,680.56729
0.10856,0.14438,0.14050,0.52130,0.49567,-0.48895,0.49344,681.05309
0.10855,0.14390,0.14048,0.52130,0.49567,-0.48895,0.49344,681.52240
0.10855,0.14344,0.14047,0.52130,0.49567,-0.48895,0.49344,681.97040
0.10854,0.14300,0.14045,0.52130,0.49567,-0.48895,0.49344,682.39247
0.10853,0.14260,0.14044,0.52130,0.49567,-0.48895,0.49344,682.78428
0.10852,0.14222,0.14042,0.52130,0.49567,-0.48895,0.49344,683.14176
0.10851,0.14188,0.14041,0.52130,0.49567,-0.48895,0.49344,683.46123
0.10851,0.14158,0.14040,0.52130,0.49567,-0.48895,0.49344,683.73938
0.10850,0.14133,0.14039,0.52130,0.49567,-0.48895,0.49344,683.97331
0.10850,0.14111,0.14038,0.52130,0.49567,-0.48895,0.49344,684.16059
0.10849,0.14095,0.14038,0.52130,0.49567,-0.48895,0.49344,684.29926
0.10849,0.14084,0.14037,0.52130,0.49567,-0.48895,0.49344,684.38785
0.10849,0.14077,0.14037,0.52130,0.49567,-0.48895,0.49344,684.42542
0.10849,0.14076,0.14037,0.52130,0.49567,-0.48895,0.49344,684.43930
0.10849,0.14080,0.14037,0.52130,0.49567,-0.48895,0.49344,684.50451
0.10849,0.14089,0.14038,0.52130,0.49567,-0.48895,0.49344,684.62042
0.10850,0.14103,0.14038,0.52130,0.49567,-0.48895,0.49344,684.78588
0.10850,0.14122,0.14039,0.52130,0.49567,-0.48895,0.49344,684.99920
0.10850,0.14146,0.14040,0.52130,0.49567,-0.48895,0.49344,685.25822
0.10851,0.14174,0.14041,0.52130,0.49567,-0.48895,0.49344,685.56029
0.10852,0.14206,0.14042,0.52130,0.49567,-0.48895,0.49344,685.90232
0.10852,0.14243,0.14043,0.52130,0.49567,-0.48895,0.49344,686.28080
0.10853,0.14282,0.14044,0.52130,0.49567,-0.48895,0.49344,686.69183
0.10854,0.14325,0.14046,0.52130,0.49567,-0.48895,0.49344,687.13118
0.10855,0.14370,0.14047,0.52130,0.49567,-0.48895,0.49344,687.59433
0.10856,0.14417,0.14049,0.52130,0.49567,-0.48895,0.49344,688.07648
0.10857,0.14466,0.14051,0.52130,0.49567,-0.48895,0.49344,688.57265
0.10858,0.14517,0.14053,0.52130,0.49567,-0.48895,0.49344,689.07770
0.10859,0.14567,0.14054,0.52130,0.49567,-0.48895,0.49344,689.58640
0.10860,0.14618,0.14056,0.52130,0.49567,-0.48895,0.49344,690.09346
0.10861,0.14669,0.14058,0.52130,0.49567,-0.48895,0.49344,690.59362
0.10862,0.14718,0.14060,0.52130,0.49567,-0.48895,0.49344,691.08167
0.10863,0.14766,0.14061,0.52130,0.49567,-0.48895,0.49344,691.55253
0.10864,0.14813,0.14063,0.52130,0.49567,-0.48895,0.49344,692.00129
0.10865,0.14856,0.14064,0.52130,0.49567,-0.48895,0.49344,692.42325
0.10866,0.14897,0.14066,0.52130,0.49567,-0.48895,0.49344,692.81402
0.10867,0.14934,0.14067,0.52130,0.49567,-0.48895,0.49344,693.16949
0.10867,0.14968,0.14068,0.52130,0.49567,-0.48895,0.49344,693.48594
0.10868,0.14998,0.14069,0.52130,0.49567,-0.48895,0.49344,693.76003
0.10869,0.15023,0.14070,0.52130,0.49567,-0.48895,0.49344,693.98888
0.10869,0.15043,0.14071,0.52130,0.49567,-0.48895,0.49344,694.17007
0.10869,0.15059,0.14071,0.52130,0.49567,-0.48895,0.49344,694.30167
0.10870,0.15070,0.14072,0.52130,0.49567,-0.48895,0.49344,694.38227
0.10870,0.15075,0.14072,0.52130,0.49567,-0.48895,0.49344,694.41100
0.10870,0.15075,0.14072,0.52130,0.49567,-0.48895,0.49344,694.43449
0.10870,0.15071,0.14072,0.52130,0.49567,-0.48895,0.49344,694.50997
0.10869,0.15060,0.14071,0.52130,0.49567,-0.48895,0.49344,694.63671
0.10869,0.15045,0.14071,0.52130,0.49567,-0.48895,0.49344,694.81340
0.10869,0.15025,0.14070,0.52130,0.49567,-0.48895,0.49344,695.03824
0.10868,0.15000,0.14069,0.52130,0.49567,-0.48895,0.49344,695.30889
0.10867,0.14971,0.14068,0.52130,0.49567,-0.48895,0.49344,695.62255
0.10867,0.14937,0.14067,0.52130,0.49567,-0.48895,0.49344,695.97597
0.10866,0.14900,0.14066,0.52130,0.49567,-0.48895,0.49344,696.36545
0.10865,0.14860,0.14065,0.52130,0.49567,-0.48895,0.49344,696.78693
0.10864,0.14816,0.14063,0.52130,0.49567,-0.48895,0.49344,697.23602
0.10863,0.14770,0.14061,0.52130,0.49567,-0.48895,0.49344,697.70800
0.10862,0.14722,0.14060,0.52130,0.49567,-0.48895,0.49344,698.19793
0.10861,0.14672,0.14058,0.52130,0.49567,-0.48895,0.49344,698.70066
0.10860,0.14621,0.14056,0.52130,0.49567,-0.48895,0.49344,699.21092
0.10859,0.14570,0.14054,0.52130,0.49567,-0.48895,0.49344,699.72333
0.10858,0.14518,0.14053,0.52130,0.49567,-0.48895,0.49344,700.23250
0.10857,0.14468,0.14051,0.52130,0.49567,-0.48895,0.49344,700.73306
0.10856,0.14418,0.14049,0.52130,0.49567,-0.48895,0.49344,701.21973
0.10855,0.14371,0.14047,0.52130,0.49567,-0.48895,0.49344,701.68735
0.10854,0.14325,0.14046,0.52130,0.49567,-0.48895,0.49344,702.13098
0.10853,0.14282,0.14044,0.52130,0.49567,-0.48895,0.49344,702.54592
0.10852,0.14242,0.14043,0.52130,0.49567,-0.48895,0.49344,702.92777
0.10852,0.14205,0.14042,0.52130,0.49567,-0.48895,0.49344,703.27246
0.10851,0.14173,0.14041,0.52130,0.49567,-0.48895,0.49344,703.57633
0.10850,0.14145,0.14040,0.52130,0.49567,-0.48895,0.49344,703.83613
0.10850,0.14121,0.14039,0.52130,0.49567,-0.48895,0.49344,704.04908
0.10850,0.14102,0.14038,0.52130,0.49567,-0.48895,0.49344,704.21289
0.10849,0.14088,0.14038,0.52130,0.49567,-0.48895,0.49344,704.32580
0.10849,0.14080,0.14037,0.52130,0.49567,-0.48895,0.49344,704.38657
0.10849,0.14076,0.14037,0.52130,0.49567,-0.48895,0.49344,704.39452
0.10849,0.14078,0.14037,0.52130,0.49567,-0.48895,0.49344,704.43951
0.10849,0.14085,0.14037,0.52130,0.49567,-0.48895,0.49344,704.53700
0.10849,0.14097,0.14038,0.52130,0.49567,-0.48895,0.49344,704.68599
0.10850,0.14115,0.14039,0.52130,0.49567,-0.48895,0.49344,704.88493
0.10850,0.14137,0.14039,0.52130,0.49567,-0.48895,0.49344,705.13174
0.10851,0.14164,0.14040,0.52130,0.49567,-0.48895,0.49344,705.42384
0.10851,0.14196,0.14041,0.52130,0.49567,-0.48895,0.49344,705.75814
0.10852,0.14231,0.14043,0.52130,0.49567,-0.48895,0.49344,706.13112
0.10853,0.14270,0.14044,0.52130,0.49567,-0.48895,0.49344,706.53883
0.10854,0.14313,0.14045,0.52130,0.49567,-0.48895,0.49344,706.97695
0.10855,0.14358,0.14047,0.52130,0.49567,-0.48895,0.49344,707.44083
0.10856,0.14405,0.14049,0.52130,0.49567,-0.48895,0.49344,707.92555
0.10857,0.14455,0.14050,0.52130,0.49567,-0.48895,0.49344,708.42594
0.10858,0.14505,0.14052,0.52130,0.49567,-0.48895,0.49344,708.93668
0.10859,0.14557,0.14054,0.52130,0.49567,-0.48895,0.49344,709.45232
0.10860,0.14609,0.14056,0.52130,0.49567,-0.48895,0.49344,709.96736
0.10861,0.14660,0.14058,0.52130,0.49567,-0.48895,0.49344,710.47628
0.10862,0.14710,0.14059,0.52130,0.49567,-0.48895,0.49344,710.97365
0.10863,0.14759,0.14061,0.52130,0.49567,-0.48895,0.49344,711.45414
0.10864,0.14806,0.14063,0.52130,0.49567,-0.48895,0.49344,711.91258
0.10865,0.14851,0.14064,0.52130,0.49567,-0.48895,0.49344,712.34406
0.10866,0.14893,0.14066,0.52130,0.49567,-0.48895,0.49344,712.74394
0.10867,0.14931,0.14067,0.52130,0.49567,-0.48895,0.49344,713.10790
0.10867,0.14966,0.14068,0.52130,0.49567,-0.48895,0.49344,713.43202
0.10868,0.14996,0.14069,0.52130,0.49567,-0.48895,0.49344,713.71280
0.10869,0.15022,0.14070,0.52130,0.49567,-0.48895,0.49344,713.94719
0.10869,0.15043,0.14071,0.52130,0.49567,-0.48895,0.49344,714.13265
0.10869,0.15059,0.14071,0.52130,0.49567,-0.48895,0.49344,714.26714
0.10870,0.15070,0.14072,0.52130,0.49567,-0.48895,0.49344,714.34919
0.10870,0.15075,0.14072,0.52130,0.49567,-0.48895,0.49344,714.37788
0.10870,0.15075,0.14072,0.52130,0.49567,-0.48895,0.49344,714.40290
0.10870,0.15070,0.14072,0.52130,0.49567,-0.48895,0.49344,714.48139
0.10869,0.15060,0.14071,0.52130,0.49567,-0.48895,0.49344,714.61255
0.10869,0.15044,0.14071,0.52130,0.49567,-0.48895,0.49344,714.79500
0.10869,0.15023,0.14070,0.52130,0.49567,-0.48895,0.49344,715.02680
0.10868,0.14998,0.14069,0.52130,0.49567,-0.48895,0.49344,715.30550
0.10867,0.14967,0.14068,0.52130,0.49567,-0.48895,0.49344,715.62812
0.10867,0.14933,0.14067,0.52130,0.49567,-0.48895,0.49344,715.99120
0.10866,0.14895,0.14066,0.52130,0.49567,-0.48895,0.49344,716.39086
0.10865,0.14853,0.14064,0.52130,0.49567,-0.48895,0.49344,716.82280
0.10864,0.14808,0.14063,0.52130,0.49567,-0.48895,0.49344,717.28238
0.10863,0.14761,0.14061,0.52130,0.49567,-0.48895,0.49344,717.76465
0.10862,0.14712,0.14059,0.52130,0.49567,-0.48895,0.49344,718.26440
0.10861,0.14661,0.14058,0.52130,0.49567,-0.48895,0.49344,718.77625
0.10860,0.14610,0.14056,0.52130,0.49567,-0.48895,0.49344,719.29465
0.10859,0.14558,0.14054,0.52130,0.49567,-0.48895,0.49344,719.81399
0.10858,0.14506,0.14052,0.52130,0.49567,-0.48895,0.49344,720.32866
0.10857,0.14455,0.14050,0.52130,0.49567,-0.48895,0.49344,720.83306
0.10856,0.14405,0.14049,0.52130,0.49567,-0.48895,0.49344,721.32172
0.10855,0.14357,0.14047,0.52130,0.49567,-0.48895,0.49344,721.78932
0.10854,0.14311,0.14045,0.52130,0.49567,-0.48895,0.49344,722.23078
0.10853,0.14269,0.14044,0.52130,0.49567,-0.48895,0.49344,722.64127
0.10852,0.14229,0.14042,0.52130,0.49567,-0.48895,0.49344,723.01633
0.10851,0.14194,0.14041,0.52130,0.49567,-0.48895,0.49344,723.35184
0.10851,0.14162,0.14040,0.52130,0.49567,-0.48895,0.49344,723.64414
0.10850,0.14135,0.14039,0.52130,0.49567,-0.48895,0.49344,723.89000
0.10850,0.14113,0.14038,0.52130,0.49567,-0.48895,0.49344,724.08673
0.10849,0.14096,0.14038,0.52130,0.49567,-0.48895,0.49344,724.23214
0.10849,0.14084,0.14037,0.52130,0.49567,-0.48895,0.49344,724.32462
0.10849,0.14077,0.14037,0.52130,0.49567,-0.48895,0.49344,724.36313
0.10849,0.14076,0.14037,0.52130,0.49567,-0.48895,0.49344,724.37906
0.10849,0.14081,0.14037,0.52130,0.49567,-0.48895,0.49344,724.44929
0.10849,0.14090,0.14038,0.52130,0.49567,-0.48895,0.49344,724.57308
0.10850,0.14105,0.14038,0.52130,0.49567,-0.48895,0.49344,724.74913
0.10850,0.14125,0.14039,0.52130,0.49567,-0.48895,0.49344,724.97555
0.10851,0.14151,0.14040,0.52130,0.49567,-0.48895,0.49344,725.24989
0.10851,0.14180,0.14041,0.52130,0.49567,-0.48895,0.49344,725.56918
0.10852,0.14214,0.14042,0.52130,0.49567,-0.48895,0.49344,725.92997
0.10853,0.14253,0.14043,0.52130,0.49567,-0.48895,0.49344,726.32834
0.10854,0.14294,0.14045,0.52130,0.49567,-0.48895,0.49344,726.75994
0.10854,0.14339,0.14046,0.52130,0.49567,-0.48895,0.49344,727.22007
0.10855,0.14386,0.14048,0.52130,0.49567,-0.48895,0.49344,727.70370
0.10856,0.14436,0.14050,0.52130,0.49567,-0.48895,0.49344,728.20556
0.10857,0.14487,0.14052,0.52130,0.49567,-0.48895,0.49344,728.72014
0.10859,0.14538,0.14053,0.52130,0.49567,-0.48895,0.49344,729.24180
0.10860,0.14591,0.14055,0.52130,0.49567,-0.48895,0.49344,729.76483
0.10861,0.14643,0.14057,0.52130,0.49567,-0.48895,0.49344,730.28347
0.10862,0.14695,0.14059,0.52130,0.49567,-0.48895,0.49344,730.79203
0.10863,0.14745,0.14061,0.52130,0.49567,-0.48895,0.49344,731.28491
0.10864,0.14793,0.14062,0.52130,0.49567,-0.48895,0.49344,731.75666
0.10865,0.14839,0.14064,0.52130,0.49567,-0.48895,0.49344,732.20209
0.10866,0.14882,0.14065,0.52130,0.49567,-0.48895,0.49344,732.61628
0.10866,0.14922,0.14067,0.52130,0.49567,-0.48895,0.49344,732.99463
0.10867,0.14958,0.14068,0.52130,0.49567,-0.48895,0.49344,733.33295
0.10868,0.14990,0.14069,0.52130,0.49567,-0.48895,0.49344,733.62750
0.10868,0.15017,0.14070,0.52130,0.49567,-0.48895,0.49344,733.87498
0.10869,0.15039,0.14071,0.52130,0.49567,-0.48895,0.49344,734.07264
0.10869,0.15056,0.14071,0.52130,0.49567,-0.48895,0.49344,734.21825
0.10869,0.15068,0.14072,0.52130,0.49567,-0.48895,0.49344,734.31018
0.10870,0.15075,0.14072,0.52130,0.49567,-0.48895,0.49344,734.34738
0.10870,0.15076,0.14072,0.52130,0.49567,-0.48895,0.49344,734.36537
0.10870,0.15071,0.14072,0.52130,0.49567,-0.48895,0.49344,734.43839
0.10869,0.15061,0.14072,0.52130,0.49567,-0.48895,0.49344,734.56566
0.10869,0.15046,0.14071,0.52130,0.49567,-0.48895,0.49344,734.74581
0.10869,0.15025,0.14070,0.52130,0.49567,-0.48895,0.49344,734.97688
0.10868,0.14999,0.14069,0.52130,0.49567,-0.48895,0.49344,735.25635
0.10867,0.14969,0.14068,0.52130,0.49567,-0.48895,0.49344,735.58115
0.10867,0.14935,0.14067,0.52130,0.49567,-0.48895,0.49344,735.94771
0.10866,0.14896,0.14066,0.52130,0.49567,-0.48895,0.49344,736.35198
0.10865,0.14854,0.14064,0.52130,0.49567,-0.48895,0.49344,736.78952
0.10864,0.14808,0.14063,0.52130,0.49567,-0.48895,0.49344,737.25547
0.10863,0.14760,0.14061,0.52130,0.49567,-0.48895,0.49344,737.74469
0.10862,0.14711,0.14059,0.52130,0.49567,-0.48895,0.49344,738.25174
0.10861,0.14659,0.14058,0.52130,0.49567,-0.48895,0.49344,738.77101
0.10860,0.14607,0.14056,0.52130,0.49567,-0.48895,0.49344,739.29672
0.10859,0.14554,0.14054,0.52130,0.49567,-0.48895,0.49344,739.82303
0.10858,0.14501,0.14052,0.52130,0.49567,-0.48895,0.49344,740.34407
0.10857,0.14450,0.14050,0.52130,0.49567,-0.48895,0.49344,740.85403
0.10856,0.14399,0.14048,0.52130,0.49567,-0.48895,0.49344,741.34723
0.10855,0.14351,0.14047,0.52130,0.49567,-0.48895,0.49344,741.81816
0.10854,0.14305,0.14045,0.52130,0.49567,-0.48895,0.49344,742.26153
0.10853,0.14262,0.14044,0.52130,0.49567,-0.48895,0.49344,742.67240
0.10852,0.14223,0.14042,0.52130,0.49567,-0.48895,0.49344,743.04614
0.10851,0.14188,0.14041,0.52130,0.49567,-0.48895,0.49344,743.37855
0.10851,0.14157,0.14040,0.52130,0.49567,-0.48895,0.49344,743.66590
0.10850,0.14130,0.14039,0.52130,0.49567,-0.48895,0.49344,743.90494
0.10850,0.14109,0.14038,0.52130,0.49567,-0.48895,0.49344,744.09296
0.10849,0.14093,0.14038,0.52130,0.49567,-0.48895,0.49344,744.22782
0.10849,0.14082,0.14037,0.52130,0.49567,-0.48895,0.49344,744.30799
0.10849,0.14077,0.14037,0.52130,0.49567,-0.48895,0.49344,744.33251
0.10849,0.14077,0.14037,0.52130,0.49567,-0.48895,0.49344,744.36394
0.10849,0.14083,0.14037,0.52130,0.49567,-0.48895,0.49344,744.45099
0.10849,0.14094,0.14038,0.52130,0.49567,-0.48895,0.49344,744.59275
0.10850,0.14111,0.14038,0.52130,0.49567,-0.48895,0.49344,744.78764
0.10850,0.14133,0.14039,0.52130,0.49567,-0.48895,0.49344,745.03353
0.10851,0.14160,0.14040,0.52130,0.49567,-0.48895,0.49344,745.32768
0.10851,0.14192,0.14041,0.52130,0.49567,-0.48895,0.49344,745.66681
0.10852,0.14228,0.14042,0.52130,0.49567,-0.48895,0.49344,746.04716
0.10853,0.14268,0.14044,0.52130,0.49567,-0.48895,0.49344,746.46445
0.10854,0.14312,0.14045,0.52130,0.49567,-0.48895,0.49344,746.91404
0.10855,0.14358,0.14047,0.52130,0.49567,-0.48895,0.49344,747.39087
0.10856,0.14407,0.14049,0.52130,0.49567,-0.48895,0.49344,747.88959
0.10857,0.14458,0.14050,0.52130,0.49567,-0.48895,0.49344,748.40461
0.10858,0.14510,0.14052,0.52130,0.49567,-0.48895,0.49344,748.93011
0.10859,0.14563,0.14054,0.52130,0.49567,-0.48895,0.49344,749.46019
0.10860,0.14616,0.14056,0.52130,0.49567,-0.48895,0.49344,749.98887
0.10861,0.14669,0.14058,0.52130,0.49567,-0.48895,0.49344,750.51018
0.10862,0.14720,0.14060,0.52130,0.49567,-0.48895,0.49344,751.01823
0.10863,0.14770,0.14061,0.52130,0.49567,-0.48895,0.49344,751.50726
0.10864,0.14818,0.14063,0.52130,0.49567,-0.48895,0.49344,751.97174
0.10865,0.14863,0.14065,0.52130,0.49567,-0.48895,0.49344,752.40639
0.10866,0.14905,0.14066,0.52130,0.49567,-0.48895,0.49344,752.80629
0.10867,0.14943,0.14067,0.52130,0.49567,-0.48895,0.49344,753.16688
0.10868,0.14977,0.14069,0.52130,0.49567,-0.48895,0.49344,753.48405
0.10868,0.15007,0.14070,0.52130,0.49567,-0.48895,0.49344,753.75418
0.10869,0.15031,0.14070,0.52130,0.49567,-0.48895,0.49344,753.97418
0.10869,0.15051,0.14071,0.52130,0.49567,-0.48895,0.49344,754.14151
0.10869,0.15065,0.14072,0.52130,0.49567,-0.48895,0.49344,754.25426
0.10870,0.15073,0.14072,0.52130,0.49567,-0.48895,0.49344,754.31108
0.10870,0.15076,0.14072,0.52130,0.49567,-0.48895,0.49344,754.31132
0.10870,0.15073,0.14072,0.52130,0.49567,-0.48895,0.49344,754.36772
0.10869,0.15065,0.14072,0.52130,0.49567,-0.48895,0.49344,754.48015
0.10869,0.15051,0.14071,0.52130,0.49567,-0.48895,0.49344,754.64737
0.10869,0.15031,0.14070,0.52130,0.49567,-0.48895,0.49344,754.86752
0.10868,0.15007,0.14070,0.52130,0.49567,-0.48895,0.49344,755.13812
0.10868,0.14977,0.14069,0.52130,0.49567,-0.48895,0.49344,755.45613
0.10867,0.14943,0.14067,0.52130,0.49567,-0.48895,0.49344,755.81795
0.10866,0.14905,0.14066,0.52130,0.49567,-0.48895,0.49344,756.21951
0.10865,0.14863,0.14065,0.52130,0.49567,-0.48895,0.49344,756.65623
0.10864,0.14817,0.14063,0.52130,0.49567,-0.48895,0.49344,757.12318
0.10863,0.14769,0.14061,0.52130,0.49567,-0.48895,0.49344,757.61503
0.10862,0.14719,0.14060,0.52130,0.49567,-0.48895,0.49344,758.12619
0.10861,0.14667,0.14058,0.52130,0.49567,-0.48895,0.49344,758.65084
0.10860,0.14614,0.14056,0.52130,0.49567,-0.48895,0.49344,759.18299
0.10859,0.14561,0.14054,0.52130,0.49567,-0.48895,0.49344,759.71657
0.10858,0.14507,0.14052,0.52130,0.49567,-0.48895,0.49344,760.24546
0.10857,0.14455,0.14050,0.52130,0.49567,-0.48895,0.49344,760.76363
0.10856,0.14404,0.14049,0.52130,0.49567,-0.48895,0.49344,761.26513
0.10855,0.14355,0.14047,0.52130,0.49567,-0.48895,0.49344,761.74420
0.10854,0.14308,0.14045,0.52130,0.49567,-0.48895,0.49344,762.19535
0.10853,0.14264,0.14044,0.52130,0.49567,-0.48895,0.49344,762.61339
0.10852,0.14224,0.14042,0.52130,0.49567,-0.48895,0.49344,762.99349
0.10851,0.14188,0.14041,0.52130,0.49567,-0.48895,0.49344,763.33128
0.10851,0.14157,0.14040,0.52130,0.49567,-0.48895,0.49344,763.62285
0.10850,0.14130,0.14039,0.52130,0.49567,-0.48895,0.49344,763.86482
0.10850,0.14108,0.14038,0.52130,0.49567,-0.48895,0.49344,764.05438
0.10849,0.14092,0.14038,0.52130,0.49567,-0.48895,0.49344,764.18931
0.10849,0.14081,0.14037,0.52130,0.49567,-0.48895,0.49344,764.26803
0.10849,0.14076,0.14037,0.52130,0.49567,-0.48895,0.49344,764.28960
0.10849,0.14077,0.14037,0.52130,0.49567,-0.48895,0.49344,764.32547
0.10849,0.14084,0.14037,0.52130,0.49567,-0.48895,0.49344,764.41841
0.10849,0.14096,0.14038,0.52130,0.49567,-0.48895,0.49344,764.56739
0.10850,0.14113,0.14038,0.52130,0.49567,-0.48895,0.49344,764.77071
0.10850,0.14136,0.14039,0.52130,0.49567,-0.48895,0.49344,765.02609
0.10851,0.14164,0.14040,0.52130,0.49567,-0.48895,0.49344,765.33060
0.10852,0.14197,0.14041,0.52130,0.49567,-0.48895,0.49344,765.68076
0.10852,0.14234,0.14043,0.52130,0.49567,-0.48895,0.49344,766.07257
0.10853,0.14276,0.14044,0.52130,0.49567,-0.48895,0.49344,766.50153
0.10854,0.14320,0.14046,0.52130,0.49567,-0.48895,0.49344,766.96270
0.10855,0.14368,0.14047,0.52130,0.49567,-0.48895,0.49344,767.45078
0.10856,0.14418,0.14049,0.52130,0.49567,-0.48895,0.49344,767.96014
0.10857,0.14470,0.14051,0.52130,0.49567,-0.48895,0.49344,768.48490
0.10858,0.14523,0.14053,0.52130,0.49567,-0.48895,0.49344,769.01901
0.10859,0.14577,0.14055,0.52130,0.49567,-0.48895,0.49344,769.55627
0.10860,0.14630,0.14056,0.52130,0.49567,-0.48895,0.49344,770.09048
0.10862,0.14683,0.14058,0.52130,0.49567,-0.48895,0.49344,770.61543
0.10863,0.14735,0.14060,0.52130,0.49567,-0.48895,0.49344,771.12504
0.10864,0.14785,0.14062,0.52130,0.49567,-0.48895,0.49344,771.61339
0.10865,0.14833,0.14064,0.52130,0.49567,-0.48895,0.49344,772.07478
0.10866,0.14878,0.14065,0.52130,0.49567,-0.48895,0.49344,772.50386
0.10866,0.14919,0.14067,0.52130,0.49567,-0.48895,0.49344,772.89561
0.10867,0.14956,0.14068,0.52130,0.49567,-0.48895,0.49344,773.24545
0.10868,0.14989,0.14069,0.52130,0.49567,-0.48895,0.49344,773.54930
0.10868,0.15017,0.14070,0.52130,0.49567,-0.48895,0.49344,773.80359
0.10869,0.15040,0.14071,0.52130,0.49567,-0.48895,0.49344,774.00532
0.10869,0.15057,0.14071,0.52130,0.49567,-0.48895,0.49344,774.15212
0.10869,0.15069,0.14072,0.52130,0.49567,-0.48895,0.49344,774.24223
0.10870,0.15075,0.14072,0.52130,0.49567,-0.48895,0.49344,774.27458
0.10870,0.15075,0.14072,0.52130,0.49567,-0.48895,0.49344,774.30042
0.10870,0.15070,0.14072,0.52130,0.49567,-0.48895,0.49344,774.38418
0.10869,0.15059,0.14071,0.52130,0.49567,-0.48895,0.49344,774.52492
0.10869,0.15042,0.14071,0.52130,0.49567,-0.48895,0.49344,774.72104
0.10868,0.15019,0.14070,0.52130,0.49567,-0.48895,0.49344,774.97029
0.10868,0.14992,0.14069,0.52130,0.49567,-0.48895,0.49344,775.26978
0.10867,0.14960,0.14068,0.52130,0.49567,-0.48895,0.49344,775.61605
0.10866,0.14923,0.14067,0.52130,0.49567,-0.48895,0.49344,776.00509
0.10866,0.14882,0.14065,0.52130,0.49567,-0.48895,0.49344,776.43237
0.10865,0.14837,0.14064,0.52130,0.49567,-0.48895,0.49344,776.89291
0.10864,0.14790,0.14062,0.52130,0.49567,-0.48895,0.49344,777.38136
0.10863,0.14740,0.14060,0.52130,0.49567,-0.48895,0.49344,777.89199
0.10862,0.14688,0.14059,0.52130,0.49567,-0.48895,0.49344,778.41885
0.10861,0.14634,0.14057,0.52130,0.49567,-0.48895,0.49344,778.95577
0.10859,0.14580,0.14055,0.52130,0.49567,-0.48895,0.49344,779.49646
0.10858,0.14526,0.14053,0.52130,0.49567,-0.48895,0.49344,780.03458
0.10857,0.14472,0.14051,0.52130,0.49567,-0.48895,0.49344,780.56381
0.10856,0.14420,0.14049,0.52130,0.49567,-0.48895,0.49344,781.07792
0.10855,0.14370,0.14047,0.52130,0.49567,-0.48895,0.49344,781.57088
0.10854,0.14322,0.14046,0.52130,0.49567,-0.48895,0.49344,782.03687
0.10853,0.14276,0.14044,0.52130,0.49567,-0.48895,0.49344,782.47039
0.10852,0.14235,0.14043,0.52130,0.49567,-0.48895,0.49344,782.86632
0.10852,0.14197,0.14041,0.52130,0.49567,-0.48895,0.49344,783.21998
0.10851,0.14164,0.14040,0.52130,0.49567,-0.48895,0.49344,783.52718
0.10850,0.14136,0.14039,0.52130,0.49567,-0.48895,0.49344,783.78426
0.10850,0.14113,0.14038,0.52130,0.49567,-0.48895,0.49344,783.98817
0.10849,0.14095,0.14038,0.52130,0.49567,-0.48895,0.49344,784.13647
0.10849,0.14083,0.14037,0.52130,0.49567,-0.48895,0.49344,784.22736
0.10849,0.14077,0.14037,0.52130,0.49567,-0.48895,0.49344,784.25974
0.10849,0.14077,0.14037,0.52130,0.49567,-0.48895,0.49344,784.28629
0.10849,0.14082,0.14037,0.52130,0.49567,-0.48895,0.49344,784.37150
0.10849,0.14094,0.14038,0.52130,0.49567,-0.48895,0.49344,784.51439
0.10850,0.14111,0.14038,0.52130,0.49567,-0.48895,0.49344,784.71332
0.10850,0.14133,0.14039,0.52130,0.49567,-0.48895,0.49344,784.96597
0.10851,0.14161,0.14040,0.52130,0.49567,-0.48895,0.49344,785.26939
0.10851,0.14194,0.14041,0.52130,0.49567,-0.48895,0.49344,785.62002
0.10852,0.14231,0.14043,0.52130,0.49567,-0.48895,0.49344,786.01373
0.10853,0.14273,0.14044,0.52130,0.49567,-0.48895,0.49344,786.44590
0.10854,0.14318,0.14046,0.52130,0.49567,-0.48895,0.49344,786.91142
0.10855,0.14366,0.14047,0.52130,0.49567,-0.48895,0.49344,787.40480
0.10856,0.14417,0.14049,0.52130,0.49567,-0.48895,0.49344,787.92020
0.10857,0.14469,0.14051,0.52130,0.49567,-0.48895,0.49344,788.45153
0.10858,0.14523,0.14053,0.52130,0.49567,-0.48895,0.49344,788.99247
0.10859,0.14577,0.14055,0.52130,0.49567,-0.48895,0.49344,789.53662
0.10860,0.14632,0.14057,0.52130,0.49567,-0.48895,0.49344,790.07751
0.10862,0.14685,0.14058,0.52130,0.49567,-0.48895,0.49344,790.60870
0.10863,0.14738,0.14060,0.52130,0.49567,-0.48895,0.49344,791.12388
0.10864,0.14788,0.14062,0.52130,0.49567,-0.48895,0.49344,791.61690
0.10865,0.14836,0.14064,0.52130,0.49567,-0.48895,0.49344,792.08187
0.10866,0.14881,0.14065,0.52130,0.49567,-0.48895,0.49344,792.51325
0.10866,0.14923,0.14067,0.52130,0.49567,-0.48895,0.49344,792.90587
0.10867,0.14960,0.14068,0.52130,0.49567,-0.48895,0.49344,793.25503
0.10868,0.14993,0.14069,0.52130,0.49567,-0.48895,0.49344,793.55653
0.10868,0.15020,0.14070,0.52130,0.49567,-0.48895,0.49344,793.80675
0.10869,0.15043,0.14071,0.52130,0.49567,-0.48895,0.49344,794.00266
0.10869,0.15059,0.14071,0.52130,0.49567,-0.48895,0.49344,794.14190
0.10870,0.15070,0.14072,0.52130,0.49567,-0.48895,0.49344,794.22275
0.10870,0.15076,0.14072,0.52130,0.49567,-0.48895,0.49344,794.24422
0.10870,0.15075,0.14072,0.52130,0.49567,-0.48895,0.49344,794.28243
0.10869,0.15068,0.14072,0.52130,0.49567,-0.48895,0.49344,794.37990
0.10869,0.15055,0.14071,0.52130,0.49567,-0.48895,0.49344,794.53550
0.10869,0.15037,0.14071,0.52130,0.49567,-0.48895,0.49344,794.74741
0.10868,0.15013,0.14070,0.52130,0.49567,-0.48895,0.49344,795.01313
0.10868,0.14984,0.14069,0.52130,0.49567,-0.48895,0.49344,795.32950
0.10867,0.14950,0.14068,0.52130,0.49567,-0.48895,0.49344,795.69278
0.10866,0.14911,0.14066,0.52130,0.49567,-0.48895,0.49344,796.09862
0.10865,0.14868,0.14065,0.52130,0.49567,-0.48895,0.49344,796.54220
0.10864,0.14822,0.14063,0.52130,0.49567,-0.48895,0.49344,797.01821
0.10863,0.14773,0.14061,0.52130,0.49567,-0.48895,0.49344,797.52095
0.10862,0.14722,0.14060,0.52130,0.49567,-0.48895,0.49344,798.04441
0.10861,0.14669,0.14058,0.52130,0.49567,-0.48895,0.49344,798.58230
0.10860,0.14614,0.14056,0.52130,0.49567,-0.48895,0.49344,799.12818
0.10859,0.14559,0.14054,0.52130,0.49567,-0.48895,0.49344,799.67546
0.10858,0.14505,0.14052,0.52130,0.49567,-0.48895,0.49344,800.21758
0.10857,0.14451,0.14050,0.52130,0.49567,-0.48895,0.49344,800.74800
0.10856,0.14399,0.14048,0.52130,0.49567,-0.48895,0.49344,801.26033
0.10855,0.14348,0.14047,0.52130,0.49567,-0.48895,0.49344,801.74837
0.10854,0.14301,0.14045,0.52130,0.49567,-0.48895,0.49344,802.20624
0.10853,0.14257,0.14043,0.52130,0.49567,-0.48895,0.49344,802.62838
0.10852,0.14217,0.14042,0.52130,0.49567,-0.48895,0.49344,803.00968
0.10851,0.14181,0.14041,0.52130,0.49567,-0.48895,0.49344,803.34551
0.10851,0.14149,0.14040,0.52130,0.49567,-0.48895,0.49344,803.63180
0.10850,0.14123,0.14039,0.52130,0.49567,-0.48895,0.49344,803.86503
0.10850,0.14103,0.14038,0.52130,0.49567,-0.48895,0.49344,804.04237
0.10849,0.14088,0.14038,0.52130,0.49567,-0.48895,0.49344,804.16163
0.10849,0.14079,0.14037,0.52130,0.49567,-0.48895,0.49344,804.22133
0.10849,0.14076,0.14037,0.52130,0.49567,-0.48895,0.49344,804.22195
0.10849,0.14079,0.14037,0.52130,0.49567,-0.48895,0.49344,804.28292
0.10849,0.14088,0.14038,0.52130,0.49567,-0.48895,0.49344,804.40354
0.10850,0.14103,0.14038,0.52130,0.49567,-0.48895,0.49344,804.58239
0.10850,0.14124,0.14039,0.52130,0.49567,-0.48895,0.49344,804.81734
0.10851,0.14150,0.14040,0.52130,0.49567,-0.48895,0.49344,805.10558
0.10851,0.14182,0.14041,0.52130,0.49567,-0.48895,0.49344,805.44363
0.10852,0.14218,0.14042,0.52130,0.49567,-0.48895,0.49344,805.82744
0.10853,0.14258,0.14044,0.52130,0.49567,-0.48895,0.49344,806.25237
0.10854,0.14303,0.14045,0.52130,0.49567,-0.48895,0.49344,806.71328
0.10855,0.14351,0.14047,0.52130,0.49567,-0.48895,0.49344,807.20459
0.10856,0.14401,0.14048,0.52130,0.49567,-0.48895,0.49344,807.72035
0.10857,0.14454,0.14050,0.52130,0.49567,-0.48895,0.49344,808.25430
0.10858,0.14508,0.14052,0.52130,0.49567,-0.48895,0.49344,808.79996
0.10859,0.14563,0.14054,0.52130,0.49567,-0.48895,0.49344,809.35068
0.10860,0.14618,0.14056,0.52130,0.49567,-0.48895,0.49344,809.89977
0.10861,0.14673,0.14058,0.52130,0.49567,-0.48895,0.49344,810.44052
0.10862,0.14726,0.14060,0.52130,0.49567,-0.48895,0.49344,810.96634
0.10863,0.14778,0.14062,0.52130,0.49567,-0.48895,0.49344,811.47082
0.10864,0.14827,0.14063,0.52130,0.49567,-0.48895,0.49344,811.94777
0.10865,0.14873,0.14065,0.52130,0.49567,-0.48895,0.49344,812.39136
0.10866,0.14916,0.14066,0.52130,0.49567,-0.48895,0.49344,812.79614
0.10867,0.14954,0.14068,0.52130,0.49567,-0.48895,0.49344,813.15716
0.10868,0.14988,0.14069,0.52130,0.49567,-0.48895,0.49344,813.46996
0.10868,0.15017,0.14070,0.52130,0.49567,-0.48895,0.49344,813.73069
0.10869,0.15040,0.14071,0.52130,0.49567,-0.48895,0.49344,813.93613
0.10869,0.15058,0.14071,0.52130,0.49567,-0.48895,0.49344,814.08373
0.10870,0.15070,0.14072,0.52130,0.49567,-0.48895,0.49344,814.17164
0.10870,0.15075,0.14072,0.52130,0.49567,-0.48895,0.49344,814.19875
0.10870,0.15075,0.14072,0.52130,0.49567,-0.48895,0.49344,814.23281
0.10869,0.15069,0.14072,0.52130,0.49567,-0.48895,0.49344,814.32768
0.10869,0.15056,0.14071,0.52130,0.49567,-0.48895,0.49344,814.48221
0.10869,0.15038,0.14071,0.52130,0.49567,-0.48895,0.49344,814.69456
0.10868,0.15014,0.14070,0.52130,0.49567,-0.48895,0.49344,814.96215
0.10868,0.14984,0.14069,0.52130,0.49567,-0.48895,0.49344,815.28174
0.10867,0.14950,0.14068,0.52130,0.49567,-0.48895,0.49344,815.64942
0.10866,0.14911,0.14066,0.52130,0.49567,-0.48895,0.49344,816.06072
0.10865,0.14867,0.14065,0.52130,0.49567,-0.48895,0.49344,816.51060
0.10864,0.14821,0.14063,0.52130,0.49567,-0.48895,0.49344,816.99355
0.10863,0.14771,0.14061,0.52130,0.49567,-0.48895,0.49344,817.50364
0.10862,0.14719,0.14060,0.52130,0.49567,-0.48895,0.49344,818.03463
0.10861,0.14665,0.14058,0.52130,0.49567,-0.48895,0.49344,818.57997
0.10860,0.14610,0.14056,0.52130,0.49567,-0.48895,0.49344,819.13295
0.10859,0.14554,0.14054,0.52130,0.49567,-0.48895,0.49344,819.68677
0.10858,0.14499,0.14052,0.52130,0.49567,-0.48895,0.49344,820.23460
0.10857,0.14444,0.14050,0.52130,0.49567,-0.48895,0.49344,820.76966
0.10856,0.14392,0.14048,0.52130,0.49567,-0.48895,0.49344,821.28534
0.10854,0.14341,0.14046,0.52130,0.49567,-0.48895,0.49344,821.77527
0.10854,0.14294,0.14045,0.52130,0.49567,-0.48895,0.49344,822.23338
0.10853,0.14250,0.14043,0.52130,0.49567,-0.48895,0.49344,822.65397
0.10852,0.14210,0.14042,0.52130,0.49567,-0.48895,0.49344,823.03183
0.10851,0.14174,0.14041,0.52130,0.49567,-0.48895,0.49344,823.36225
0.10850,0.14144,0.14040,0.52130,0.49567,-0.48895,0.49344,823.64112
0.10850,0.14118,0.14039,0.52130,0.49567,-0.48895,0.49344,823.86495
0.10849,0.14099,0.14038,0.52130,0.49567,-0.48895,0.49344,824.03092
0.10849,0.14085,0.14037,0.52130,0.49567,-0.48895,0.49344,824.13695
0.10849,0.14078,0.14037,0.52130,0.49567,-0.48895,0.49344,824.18168
0.10849,0.14076,0.14037,0.52130,0.49567,-0.48895,0.49344,824.19884
0.10849,0.14081,0.14037,0.52130,0.49567,-0.48895,0.49344,824.27772
0.10849,0.14092,0.14038,0.52130,0.49567,-0.48895,0.49344,824.41738
0.10850,0.14109,0.14038,0.52130,0.49567,-0.48895,0.49344,824.61611
0.10850,0.14132,0.14039,0.52130,0.49567,-0.48895,0.49344,824.87150
0.10851,0.14160,0.14040,0.52130,0.49567,-0.48895,0.49344,825.18041
0.10851,0.14194,0.14041,0.52130,0.49567,-0.48895,0.49344,825.53902
0.10852,0.14232,0.14043,0.52130,0.49567,-0.48895,0.49344,825.94290
0.10853,0.14274,0.14044,0.52130,0.49567,-0.48895,0.49344,826.38707
0.10854,0.14321,0.14046,0.52130,0.49567,-0.48895,0.49344,826.86601
0.10855,0.14370,0.14047,0.52130,0.49567,-0.48895,0.49344,827.37377
0.10856,0.14422,0.14049,0.52130,0.49567,-0.48895,0.49344,827.90407
0.10857,0.14476,0.14051,0.52130,0.49567,-0.48895,0.49344,828.45028
0.10858,0.14531,0.14053,0.52130,0.49567,-0.48895,0.49344,829.00562
0.10860,0.14587,0.14055,0.52130,0.49567,-0.48895,0.49344,829.56315
0.10861,0.14643,0.14057,0.52130,0.49567,-0.48895,0.49344,830.11593
0.10862,0.14698,0.14059,0.52130,0.49567,-0.48895,0.49344,830.65704
0.10863,0.14751,0.14061,0.52130,0.49567,-0.48895,0.49344,831.17971
0.10864,0.14802,0.14062,0.52130,0.49567,-0.48895,0.49344,831.67741
0.10865,0.14851,0.14064,0.52130,0.49567,-0.48895,0.49344,832.14388
0.10866,0.14896,0.14066,0.52130,0.49567,-0.48895,0.49344,832.57329
0.10867,0.14937,0.14067,0.52130,0.49567,-0.48895,0.49344,832.96022
0.10868,0.14973,0.14068,0.52130,0.49567,-0.48895,0.49344,833.29981
0.10868,0.15004,0.14070,0.52130,0.49567,-0.48895,0.49344,833.58777
0.10869,0.15031,0.14070,0.52130,0.49567,-0.48895,0.49344,833.82046
0.10869,0.15051,0.14071,0.52130,0.49567,-0.48895,0.49344,833.99493
0.10869,0.15065,0.14072,0.52130,0.49567,-0.48895,0.49344,834.10895
0.10870,0.15074,0.14072,0.52130,0.49567,-0.48895,0.49344,834.16106
0.10870,0.15076,0.14072,0.52130,0.49567,-0.48895,0.49344,834.17156
0.10870,0.15072,0.14072,0.52130,0.49567,-0.48895,0.49344,834.24458
0.10869,0.15061,0.14072,0.52130,0.49567,-0.48895,0.49344,834.37923
0.10869,0.15045,0.14071,0.52130,0.49567,-0.48895,0.49344,834.57387
0.10869,0.15022,0.14070,0.52130,0.49567,-0.48895,0.49344,834.82609
0.10868,0.14994,0.14069,0.52130,0.49567,-0.48895,0.49344,835.13275
0.10867,0.14961,0.14068,0.52130,0.49567,-0.48895,0.49344,835.49003
0.10866,0.14923,0.14067,0.52130,0.49567,-0.48895,0.49344,835.89345
0.10866,0.14880,0.14065,0.52130,0.49567,-0.48895,0.49344,836.33797
0.10865,0.14834,0.14064,0.52130,0.49567,-0.48895,0.49344,836.81802
0.10864,0.14784,0.14062,0.52130,0.49567,-0.48895,0.49344,837.32756
0.10863,0.14732,0.14060,0.52130,0.49567,-0.48895,0.49344,837.86019
0.10861,0.14678,0.14058,0.52130,0.49567,-0.48895,0.49344,838.40920
0.10860,0.14622,0.14056,0.52130,0.49567,-0.48895,0.49344,838.96767
0.10859,0.14566,0.14054,0.52130,0.49567,-0.48895,0.49344,839.52856
0.10858,0.14510,0.14052,0.52130,0.49567,-0.48895,0.49344,840.08478
0.10857,0.14455,0.14050,0.52130,0.49567,-0.48895,0.49344,840.62930
0.10856,0.14401,0.14048,0.52130,0.49567,-0.48895,0.49344,841.15523
0.10855,0.14350,0.14047,0.52130,0.49567,-0.48895,0.49344,841.65590
0.10854,0.14301,0.14045,0.52130,0.49567,-0.48895,0.49344,842.12497
0.10853,0.14256,0.14043,0.52130,0.49567,-0.48895,0.49344,842.55646
0.10852,0.14215,0.14042,0.52130,0.49567,-0.48895,0.49344,842.94491
0.10851,0.14178,0.14041,0.52130,0.49567,-0.48895,0.49344,843.28535
0.10850,0.14147,0.14040,0.52130,0.49567,-0.48895,0.49344,843.57344
0.10850,0.14121,0.14039,0.52130,0.49567,-0.48895,0.49344,843.80549
0.10850,0.14100,0.14038,0.52130,0.49567,-0.48895,0.49344,843.97853
0.10849,0.14086,0.14038,0.52130,0.49567,-0.48895,0.49344,844.09032
0.10849,0.14078,0.14037,0.52130,0.49567,-0.48895,0.49344,844.13940
0.10849,0.14076,0.14037,0.52130,0.49567,-0.48895,0.49344,844.15369
0.10849,0.14081,0.14037,0.52130,0.49567,-0.48895,0.49344,844.23121
0.10849,0.14092,0.14038,0.52130,0.49567,-0.48895,0.49344,844.37101
0.10850,0.14109,0.14038,0.52130,0.49567,-0.48895,0.49344,844.57135
0.10850,0.14132,0.14039,0.52130,0.49567,-0.48895,0.49344,844.82973
0.10851,0.14160,0.14040,0.52130,0.49567,-0.48895,0.49344,845.14289
0.10851,0.14194,0.14041,0.52130,0.49567,-0.48895,0.49344,845.50688
0.10852,0.14233,0.14043,0.52130,0.49567,-0.48895,0.49344,845.91709
0.10853,0.14276,0.14044,0.52130,0.49567,-0.48895,0.49344,846.36832
0.10854,0.14323,0.14046,0.52130,0.49567,-0.48895,0.49344,846.85485
0.10855,0.14374,0.14048,0.52130,0.49567,-0.48895,0.49344,847.37049
0.10856,0.14427,0.14049,0.52130,0.49567,-0.48895,0.49344,847.90868
0.10857,0.14481,0.14051,0.52130,0.49567,-0.48895,0.49344,848.46257
0.10859,0.14537,0.14053,0.52130,0.49567,-0.48895,0.49344,849.02508
0.10860,0.14594,0.14055,0.52130,0.49567,-0.48895,0.49344,849.58904
0.10861,0.14650,0.14057,0.52130,0.49567,-0.48895,0.49344,850.14724
0.10862,0.14705,0.14059,0.52130,0.49567,-0.48895,0.49344,850.69253
0.10863,0.14759,0.14061,0.52130,0.49567,-0.48895,0.49344,851.21793
0.10864,0.14811,0.14063,0.52130,0.49567,-0.48895,0.49344,851.71671
0.10865,0.14859,0.14064,0.52130,0.49567,-0.48895,0.49344,852.18246
0.10866,0.14904,0.14066,0.52130,0.49567,-0.48895,0.49344,852.60919
0.10867,0.14944,0.14067,0.52130,0.49567,-0.48895,0.49344,852.99141
0.10868,0.14980,0.14069,0.52130,0.49567,-0.48895,0.49344,853.32419
0.10868,0.15011,0.14070,0.52130,0.49567,-0.48895,0.49344,853.60323
0.10869,0.15036,0.14071,0.52130,0.49567,-0.48895,0.49344,853.82492
0.10869,0.15055,0.14071,0.52130,0.49567,-0.48895,0.49344,853.98637
0.10869,0.15068,0.14072,0.52130,0.49567,-0.48895,0.49344,854.08548
0.10870,0.15075,0.14072,0.52130,0.49567,-0.48895,0.49344,854.12093
0.10870,0.15075,0.14072,0.52130,0.49567,-0.48895,0.49344,854.14964
0.10869,0.15069,0.14072,0.52130,0.49567,-0.48895,0.49344,854.24217
0.10869,0.15057,0.14071,0.52130,0.49567,-0.48895,0.49344,854.39738
0.10869,0.15038,0.14071,0.52130,0.49567,-0.48895,0.49344,854.61330
0.10868,0.15014,0.14070,0.52130,0.49567,-0.48895,0.49344,854.88720
0.10868,0.14983,0.14069,0.52130,0.49567,-0.48895,0.49344,855.21558
0.10867,0.14948,0.14068,0.52130,0.49567,-0.48895,0.49344,855.59425
0.10866,0.14908,0.14066,0.52130,0.49567,-0.48895,0.49344,856.01836
0.10865,0.14863,0.14065,0.52130,0.49567,-0.48895,0.49344,856.48247
0.10864,0.14815,0.14063,0.52130,0.49567,-0.48895,0.49344,856.98060
0.10863,0.14764,0.14061,0.52130,0.49567,-0.48895,0.49344,857.50636
0.10862,0.14710,0.14059,0.52130,0.49567,-0.48895,0.49344,858.05298
0.10861,0.14654,0.14057,0.52130,0.49567,-0.48895,0.49344,858.61340
0.10860,0.14598,0.14055,0.52130,0.49567,-0.48895,0.49344,859.18039
0.10859,0.14541,0.14053,0.52130,0.49567,-0.48895,0.49344,859.74662
0.10857,0.14484,0.14051,0.52130,0.49567,-0.48895,0.49344,860.30477
0.10856,0.14429,0.14049,0.52130,0.49567,-0.48895,0.49344,860.84762
0.10855,0.14376,0.14048,0.52130,0.49567,-0.48895,0.49344,861.36812
0.10854,0.14325,0.14046,0.52130,0.49567,-0.48895,0.49344,861.85951
0.10853,0.14278,0.14044,0.52130,0.49567,-0.48895,0.49344,862.31543
0.10852,0.14234,0.14043,0.52130,0.49567,-0.48895,0.49344,862.72993
0.10851,0.14195,0.14041,0.52130,0.49567,-0.48895,0.49344,863.09761
0.10851,0.14160,0.14040,0.52130,0.49567,-0.48895,0.49344,863.41367
0.10850,0.14131,0.14039,0.52130,0.49567,-0.48895,0.49344,863.67398
0.10850,0.14108,0.14038,0.52130,0.49567,-0.48895,0.49344,863.87513
0.10849,0.14091,0.14038,0.52130,0.49567,-0.48895,0.49344,864.01447
0.10849,0.14080,0.14037,0.52130,0.49567,-0.48895,0.49344,864.09013
0.10849,0.14076,0.14037,0.52130,0.49567,-0.48895,0.49344,864.10111
0.10849,0.14078,0.14037,0.52130,0.49567,-0.48895,0.49344,864.15500
0.10849,0.14087,0.14038,0.52130,0.49567,-0.48895,0.49344,864.27311
0.10850,0.14102,0.14038,0.52130,0.49567,-0.48895,0.49344,864.45392
0.10850,0.14123,0.14039,0.52130,0.49567,-0.48895,0.49344,864.69513
0.10851,0.14150,0.14040,0.52130,0.49567,-0.48895,0.49344,864.99364
0.10851,0.14183,0.14041,0.52130,0.49567,-0.48895,0.49344,865.34558
0.10852,0.14220,0.14042,0.52130,0.49567,-0.48895,0.49344,865.74641
0.10853,0.14263,0.14044,0.52130,0.49567,-0.48895,0.49344,866.19093
0.10854,0.14309,0.14045,0.52130,0.49567,-0.48895,0.49344,866.67336
0.10855,0.14359,0.14047,0.52130,0.49567,-0.48895,0.49344,867.18742
0.10856,0.14412,0.14049,0.52130,0.49567,-0.48895,0.49344,867.72644
0.10857,0.14467,0.14051,0.52130,0.49567,-0.48895,0.49344,868.28337
0.10858,0.14524,0.14053,0.52130,0.49567,-0.48895,0.49344,868.85095
0.10859,0.14581,0.14055,0.52130,0.49567,-0.48895,0.49344,869.42177
0.10861,0.14638,0.14057,0.52130,0.49567,-0.48895,0.49344,869.98835
0.10862,0.14694,0.14059,0.52130,0.49567,-0.48895,0.49344,870.54330
0.10863,0.14749,0.14061,0.52130,0.49567,-0.48895,0.49344,871.07932
0.10864,0.14801,0.14062,0.52130,0.49567,-0.48895,0.49344,871.58938
0.10865,0.14851,0.14064,0.52130,0.49567,-0.48895,0.49344,872.06680
0.10866,0.14897,0.14066,0.52130,0.49567,-0.48895,0.49344,872.50529
0.10867,0.14938,0.14067,0.52130,0.49567,-0.48895,0.49344,872.89907
0.10868,0.14975,0.14069,0.52130,0.49567,-0.48895,0.49344,873.24295
0.10868,0.15007,0.14070,0.52130,0.49567,-0.48895,0.49344,873.53239
0.10869,0.15033,0.14071,0.52130,0.49567,-0.48895,0.49344,873.76354
0.10869,0.15053,0.14071,0.52130,0.49567,-0.48895,0.49344,873.93335
0.10869,0.15067,0.14072,0.52130,0.49567,-0.48895,0.49344,874.03954
0.10870,0.15075,0.14072,0.52130,0.49567,-0.48895,0.49344,874.08067
0.10870,0.15076,0.14072,0.52130,0.49567,-0.48895,0.49344,874.10518
0.10870,0.15070,0.14072,0.52130,0.49567,-0.48895,0.49344,874.19504
0.10869,0.15058,0.14071,0.52130,0.49567,-0.48895,0.49344,874.34912
0.10869,0.15039,0.14071,0.52130,0.49567,-0.48895,0.49344,874.56542
0.10868,0.15014,0.14070,0.52130,0.49567,-0.48895,0.49344,874.84113
0.10868,0.14984,0.14069,0.52130,0.49567,-0.48895,0.49344,875.17267
0.10867,0.14948,0.14068,0.52130,0.49567,-0.48895,0.49344,875.55568
0.10866,0.14907,0.14066,0.52130,0.49567,-0.48895,0.49344,875.98515
0.10865,0.14862,0.14065,0.52130,0.49567,-0.48895,0.49344,876.45544
0.10864,0.14813,0.14063,0.52130,0.49567,-0.48895,0.49344,876.96038
0.10863,0.14761,0.14061,0.52130,0.49567,-0.48895,0.49344,877.49330
0.10862,0.14707,0.14059,0.52130,0.49567,-0.48895,0.49344,878.04719
0.10861,0.14650,0.14057,0.52130,0.49567,-0.48895,0.49344,878.61473
0.10860,0.14593,0.14055,0.52130,0.49567,-0.48895,0.49344,879.18844
0.10858,0.14536,0.14053,0.52130,0.49567,-0.48895,0.49344,879.76073
0.10857,0.14479,0.14051,0.52130,0.49567,-0.48895,0.49344,880.32402
0.10856,0.14423,0.14049,0.52130,0.49567,-0.48895,0.49344,880.87084
0.10855,0.14369,0.14047,0.52130,0.49567,-0.48895,0.49344,881.39395
0.10854,0.14318,0.14046,0.52130,0.49567,-0.48895,0.49344,881.88640
0.10853,0.14271,0.14044,0.52130,0.49567,-0.48895,0.49344,882.34164
0.10852,0.14227,0.14042,0.52130,0.49567,-0.48895,0.49344,882.75361
0.10851,0.14188,0.14041,0.52130,0.49567,-0.48895,0.49344,883.11682
0.10851,0.14155,0.14040,0.52130,0.49567,-0.48895,0.49344,883.42641
0.10850,0.14126,0.14039,0.52130,0.49567,-0.48895,0.49344,883.67825
0.10850,0.14104,0.14038,0.52130,0.49567,-0.48895,0.49344,883.86895
0.10849,0.14088,0.14038,0.52130,0.49567,-0.48895,0.49344,883.99594
0.10849,0.14079,0.14037,0.52130,0.49567,-0.48895,0.49344,884.05749
0.10849,0.14076,0.14037,0.52130,0.49567,-0.48895,0.49344,884.06224
0.10849,0.14080,0.14037,0.52130,0.49567,-0.48895,0.49344,884.13326
0.10849,0.14090,0.14038,0.52130,0.49567,-0.48895,0.49344,884.26965
0.10850,0.14107,0.14038,0.52130,0.49567,-0.48895,0.49344,884.46963
0.10850,0.14130,0.14039,0.52130,0.49567,-0.48895,0.49344,884.73059
0.10851,0.14159,0.14040,0.52130,0.49567,-0.48895,0.49344,885.04907
0.10851,0.14194,0.14041,0.52130,0.49567,-0.48895,0.49344,885.42088
0.10852,0.14234,0.14043,0.52130,0.49567,-0.48895,0.49344,885.84107
0.10853,0.14278,0.14044,0.52130,0.49567,-0.48895,0.49344,886.30408
0.10854,0.14326,0.14046,0.52130,0.49567,-0.48895,0.49344,886.80375
0.10855,0.14378,0.14048,0.52130,0.49567,-0.48895,0.49344,887.33342
0.10856,0.14432,0.14050,0.52130,0.49567,-0.48895,0.49344,887.88605
0.10858,0.14488,0.14052,0.52130,0.49567,-0.48895,0.49344,888.45426
0.10859,0.14546,0.14054,0.52130,0.49567,-0.48895,0.49344,889.03045
0.10860,0.14604,0.14056,0.52130,0.49567,-0.48895,0.49344,889.60693
0.10861,0.14661,0.14058,0.52130,0.49567,-0.48895,0.49344,890.17599
0.10862,0.14717,0.14060,0.52130,0.49567,-0.48895,0.49344,890.72999
0.10863,0.14772,0.14061,0.52130,0.49567,-0.48895,0.49344,891.26151
0.10864,0.14824,0.14063,0.52130,0.49567,-0.48895,0.49344,891.76341
0.10865,0.14872,0.14065,0.52130,0.49567,-0.48895,0.49344,892.22895
0.10866,0.14917,0.14067,0.52130,0.49567,-0.48895,0.49344,892.65185
0.10867,0.14957,0.14068,0.52130,0.49567,-0.48895,0.49344,893.02643
0.10868,0.14992,0.14069,0.52130,0.49567,-0.48895,0.49344,893.34763
0.10868,0.15021,0.14070,0.52130,0.49567,-0.48895,0.49344,893.61109
0.10869,0.15044,0.14071,0.52130,0.49567,-0.48895,0.49344,893.81324
0.10869,0.15062,0.14072,0.52130,0.49567,-0.48895,0.49344,893.95133
0.10870,0.15072,0.14072,0.52130,0.49567,-0.48895,0.49344,894.02347
0.10870,0.15076,0.14072,0.52130,0.49567,-0.48895,0.49344,894.02864
0.10870,0.15073,0.14072,0.52130,0.49567,-0.48895,0.49344,894.09055
0.10869,0.15064,0.14072,0.52130,0.49567,-0.48895,0.49344,894.21875
0.10869,0.15047,0.14071,0.52130,0.49567,-0.48895,0.49344,894.41154
0.10869,0.15025,0.14070,0.52130,0.49567,-0.48895,0.49344,894.66638
0.10868,0.14997,0.14069,0.52130,0.49567,-0.48895,0.49344,894.97987
0.10867,0.14962,0.14068,0.52130,0.49567,-0.48895,0.49344,895.34781
0.10866,0.14923,0.14067,0.52130,0.49567,-0.48895,0.49344,895.76528
0.10866,0.14879,0.14065,0.52130,0.49567,-0.48895,0.49344,896.22667
0.10865,0.14831,0.14064,0.52130,0.49567,-0.48895,0.49344,896.72579
0.10864,0.14779,0.14062,0.52130,0.49567,-0.48895,0.49344,897.25591
0.10862,0.14725,0.14060,0.52130,0.49567,-0.48895,0.49344,897.80989
0.10861,0.14668,0.14058,0.52130,0.49567,-0.48895,0.49344,898.38027
0.10860,0.14611,0.14056,0.52130,0.49567,-0.48895,0.49344,898.95933
0.10859,0.14552,0.14054,0.52130,0.49567,-0.48895,0.49344,899.53925
0.10858,0.14495,0.14052,0.52130,0.49567,-0.48895,0.49344,900.11218
0.10856,0.14438,0.14050,0.52130,0.49567,-0.48895,0.49344,900.67037
0.10855,0.14383,0.14048,0.52130,0.49567,-0.48895,0.49344,901.20623
0.10854,0.14331,0.14046,0.52130,0.49567,-0.48895,0.49344,901.71251
0.10853,0.14282,0.14044,0.52130,0.49567,-0.48895,0.49344,902.18232
0.10852,0.14237,0.14043,0.52130,0.49567,-0.48895,0.49344,902.60926
0.10851,0.14196,0.14041,0.52130,0.49567,-0.48895,0.49344,902.98752
0.10851,0.14161,0.14040,0.52130,0.49567,-0.48895,0.49344,903.31194
0.10850,0.14131,0.14039,0.52130,0.49567,-0.48895,0.49344,903.57807
0.10850,0.14108,0.14038,0.52130,0.49567,-0.48895,0.49344,903.78227
0.10849,0.14091,0.14038,0.52130,0.49567,-0.48895,0.49344,903.92172
0.10849,0.14080,0.14037,0.52130,0.49567,-0.48895,0.49344,903.99449
0.10849,0.14076,0.14037,0.52130,0.49567,-0.48895,0.49344,903.99955
0.10849,0.14079,0.14037,0.52130,0.49567,-0.48895,0.49344,904.06231
0.10849,0.14089,0.14038,0.52130,0.49567,-0.48895,0.49344,904.19208
0.10850,0.14105,0.14038,0.52130,0.49567,-0.48895,0.49344,904.38714
0.10850,0.14128,0.14039,0.52130,0.49567,-0.48895,0.49344,904.64485
0.10851,0.14156,0.14040,0.52130,0.49567,-0.48895,0.49344,904.96177
0.10851,0.14191,0.14041,0.52130,0.49567,-0.48895,0.49344,905.33358
0.10852,0.14231,0.14043,0.52130,0.49567,-0.48895,0.49344,905.75527
0.10853,0.14275,0.14044,0.52130,0.49567,-0.48895,0.49344,906.22111
0.10854,0.14324,0.14046,0.52130,0.49567,-0.48895,0.49344,906.72477
0.10855,0.14376,0.14048,0.52130,0.49567,-0.48895,0.49344,907.25938
0.10856,0.14431,0.14050,0.52130,0.49567,-0.48895,0.49344,907.81768
0.10858,0.14488,0.14052,0.52130,0.49567,-0.48895,0.49344,908.39204
0.10859,0.14546,0.14054,0.52130,0.49567,-0.48895,0.49344,908.97462
0.10860,0.14604,0.14056,0.52130,0.49567,-0.48895,0.49344,909.55746
0.10861,0.14662,0.14058,0.52130,0.49567,-0.48895,0.49344,910.13258
0.10862,0.14719,0.14060,0.52130,0.49567,-0.48895,0.49344,910.69211
0.10863,0.14774,0.14062,0.52130,0.49567,-0.48895,0.49344,911.22837
0.10864,0.14826,0.14063,0.52130,0.49567,-0.48895,0.49344,911.73401
0.10865,0.14875,0.14065,0.52130,0.49567,-0.48895,0.49344,912.20207
0.10866,0.14920,0.14067,0.52130,0.49567,-0.48895,0.49344,912.62612
0.10867,0.14960,0.14068,0.52130,0.49567,-0.48895,0.49344,913.00032
0.10868,0.14995,0.14069,0.52130,0.49567,-0.48895,0.49344,913.31949
0.10869,0.15024,0.14070,0.52130,0.49567,-0.48895,0.49344,913.57922
0.10869,0.15047,0.14071,0.52130,0.49567,-0.48895,0.49344,913.77592
0.10869,0.15063,0.14072,0.52130,0.49567,-0.48895,0.49344,913.90683
0.10870,0.15073,0.14072,0.52130,0.49567,-0.48895,0.49344,913.97013
0.10870,0.15076,0.14072,0.52130,0.49567,-0.48895,0.49344,913.97536
0.10870,0.15072,0.14072,0.52130,0.49567,-0.48895,0.49344,914.04910
0.10869,0.15061,0.14072,0.52130,0.49567,-0.48895,0.49344,914.19036
0.10869,0.15044,0.14071,0.52130,0.49567,-0.48895,0.49344,914.39725
0.10868,0.15020,0.14070,0.52130,0.49567,-0.48895,0.49344,914.66695
0.10868,0.14990,0.14069,0.52130,0.49567,-0.48895,0.49344,914.99579
0.10867,0.14954,0.14068,0.52130,0.49567,-0.48895,0.49344,915.37927
0.10866,0.14913,0.14066,0.52130,0.49567,-0.48895,0.49344,915.81214
0.10865,0.14868,0.14065,0.52130,0.49567,-0.48895,0.49344,916.28845
0.10864,0.14818,0.14063,0.52130,0.49567,-0.48895,0.49344,916.80166
0.10863,0.14765,0.14061,0.52130,0.49567,-0.48895,0.49344,917.34470
0.10862,0.14709,0.14059,0.52130,0.49567,-0.48895,0.49344,917.91010
0.10861,0.14652,0.14057,0.52130,0.49567,-0.48895,0.49344,918.49005
0.10860,0.14593,0.14055,0.52130,0.49567,-0.48895,0.49344,919.07656
0.10858,0.14534,0.14053,0.52130,0.49567,-0.48895,0.49344,919.66150
0.10857,0.14476,0.14051,0.52130,0.49567,-0.48895,0.49344,920.23679
0.10856,0.14419,0.14049,0.52130,0.49567,-0.48895,0.49344,920.79446
0.10855,0.14365,0.14047,0.52130,0.49567,-0.48895,0.49344,921.32679
0.10854,0.14313,0.14045,0.52130,0.49567,-0.48895,0.49344,921.82637
0.10853,0.14265,0.14044,0.52130,0.49567,-0.48895,0.49344,922.28628
0.10852,0.14221,0.14042,0.52130,0.49567,-0.48895,0.49344,922.70011
0.10851,0.14182,0.14041,0.52130,0.49567,-0.48895,0.49344,923.06209
0.10851,0.14149,0.14040,0.52130,0.49567,-0.48895,0.49344,923.36717
0.10850,0.14121,0.14039,0.52130,0.49567,-0.48895,0.49344,923.61108
0.10850,0.14100,0.14038,0.52130,0.49567,-0.48895,0.49344,923.79041
0.10849,0.14085,0.14037,0.52130,0.49567,-0.48895,0.49344,923.90261
0.10849,0.14077,0.14037,0.52130,0.49567,-0.48895,0.49344,923.94610
0.10849,0.14076,0.14037,0.52130,0.49567,-0.48895,0.49344,923.97198
0.10849,0.14083,0.14037,0.52130,0.49567,-0.48895,0.49344,924.06691
0.10849,0.14095,0.14038,0.52130,0.49567,-0.48895,0.49344,924.22961
0.10850,0.14115,0.14039,0.52130,0.49567,-0.48895,0.49344,924.45785
0.10850,0.14141,0.14039,0.52130,0.49567,-0.48895,0.49344,924.74850
0.10851,0.14173,0.14041,0.52130,0.49567,-0.48895,0.49344,925.09755
0.10852,0.14211,0.14042,0.52130,0.49567,-0.48895,0.49344,925.50017
0.10853,0.14254,0.14043,0.52130,0.49567,-0.48895,0.49344,925.95077
0.10854,0.14301,0.14045,0.52130,0.49567,-0.48895,0.49344,926.44311
0.10855,0.14352,0.14047,0.52130,0.49567,-0.48895,0.49344,926.97034
0.10856,0.14406,0.14049,0.52130,0.49567,-0.48895,0.49344,927.52511
0.10857,0.14463,0.14051,0.52130,0.49567,-0.48895,0.49344,928.09971
0.10858,0.14521,0.14053,0.52130,0.49567,-0.48895,0.49344,928.68612
0.10859,0.14580,0.14055,0.52130,0.49567,-0.48895,0.49344,929.27615
0.10861,0.14639,0.14057,0.52130,0.49567,-0.48895,0.49344,929.86155
0.10862,0.14698,0.14059,0.52130,0.49567,-0.48895,0.49344,930.43414
0.10863,0.14754,0.14061,0.52130,0.49567,-0.48895,0.49344,930.98589
0.10864,0.14808,0.14063,0.52130,0.49567,-0.48895,0.49344,931.50908
0.10865,0.14859,0.14064,0.52130,0.49567,-0.48895,0.49344,931.99635
0.10866,0.14905,0.14066,0.52130,0.49567,-0.48895,0.49344,932.44086
0.10867,0.14947,0.14068,0.52130,0.49567,-0.48895,0.49344,932.83636
0.10868,0.14984,0.14069,0.52130,0.49567,-0.48895,0.49344,933.17727
0.10868,0.15016,0.14070,0.52130,0.49567,-0.48895,0.49344,933.45878
0.10869,0.15041,0.14071,0.52130,0.49567,-0.48895,0.49344,933.67690
0.10869,0.15059,0.14071,0.52130,0.49567,-0.48895,0.49344,933.82853
0.10870,0.15071,0.14072,0.52130,0.49567,-0.48895,0.49344,933.91150
0.10870,0.15076,0.14072,0.52130,0.49567,-0.48895,0.49344,933.92461
0.10870,0.15074,0.14072,0.52130,0.49567,-0.48895,0.49344,933.98159
0.10869,0.15064,0.14072,0.52130,0.49567,-0.48895,0.49344,934.10790
0.10869,0.15048,0.14071,0.52130,0.49567,-0.48895,0.49344,934.30181
0.10869,0.15026,0.14070,0.52130,0.49567,-0.48895,0.49344,934.56062
0.10868,0.14997,0.14069,0.52130,0.49567,-0.48895,0.49344,934.88074
0.10867,0.14962,0.14068,0.52130,0.49567,-0.48895,0.49344,935.25769
0.10866,0.14921,0.14067,0.52130,0.49567,-0.48895,0.49344,935.68620
0.10866,0.14876,0.14065,0.52130,0.49567,-0.48895,0.49344,936.16026
0.10864,0.14826,0.14063,0.52130,0.49567,-0.48895,0.49344,936.67321
0.10863,0.14773,0.14061,0.52130,0.49567,-0.48895,0.49344,937.21785
0.10862,0.14718,0.14060,0.52130,0.49567,-0.48895,0.49344,937.78650
0.10861,0.14660,0.14058,0.52130,0.49567,-0.48895,0.49344,938.37116
0.10860,0.14601,0.14055,0.52130,0.49567,-0.48895,0.49344,938.96357
0.10859,0.14541,0.14053,0.52130,0.49567,-0.48895,0.49344,939.55539
0.10857,0.14482,0.14051,0.52130,0.49567,-0.48895,0.49344,940.13823
0.10856,0.14425,0.14049,0.52130,0.49567,-0.48895,0.49344,940.70385
0.10855,0.14369,0.14047,0.52130,0.49567,-0.48895,0.49344,941.24425
0.10854,0.14317,0.14046,0.52130,0.49567,-0.48895,0.49344,941.75177
0.10853,0.14268,0.14044,0.52130,0.49567,-0.48895,0.49344,942.21919
0.10852,0.14223,0.14042,0.52130,0.49567,-0.48895,0.49344,942.63988
0.10851,0.14183,0.14041,0.52130,0.49567,-0.48895,0.49344,943.00785
0.10851,0.14149,0.14040,0.52130,0.49567,-0.48895,0.49344,943.31786
0.10850,0.14121,0.14039,0.52130,0.49567,-0.48895,0.49344,943.56546
0.10850,0.14100,0.14038,0.52130,0.49567,-0.48895,0.49344,943.74712
0.10849,0.14085,0.14037,0.52130,0.49567,-0.48895,0.49344,943.86022
0.10849,0.14077,0.14037,0.52130,0.49567,-0.48895,0.49344,943.90311
0.10849,0.14077,0.14037,0.52130,0.49567,-0.48895,0.49344,943.93108
0.10849,0.14083,0.14037,0.52130,0.49567,-0.48895,0.49344,944.02956
0.10849,0.14096,0.14038,0.52130,0.49567,-0.48895,0.49344,944.19719
0.10850,0.14116,0.14039,0.52130,0.49567,-0.48895,0.49344,944.43162
0.10850,0.14143,0.14039,0.52130,0.49567,-0.48895,0.49344,944.72956
0.10851,0.14176,0.14041,0.52130,0.49567,-0.48895,0.49344,945.08682
0.10852,0.14215,0.14042,0.52130,0.49567,-0.48895,0.49344,945.49833
0.10853,0.14258,0.14044,0.52130,0.49567,-0.48895,0.49344,945.95828
0.10854,0.14307,0.14045,0.52130,0.49567,-0.48895,0.49344,946.46014
0.10855,0.14359,0.14047,0.52130,0.49567,-0.48895,0.49344,946.99678
0.10856,0.14414,0.14049,0.52130,0.49567,-0.48895,0.49344,947.56058
0.10857,0.14471,0.14051,0.52130,0.49567,-0.48895,0.49344,948.14350
0.10858,0.14530,0.14053,0.52130,0.49567,-0.48895,0.49344,948.73724
0.10860,0.14590,0.14055,0.52130,0.49567,-0.48895,0.49344,949.33333
0.10861,0.14650,0.14057,0.52130,0.49567,-0.48895,0.49344,949.92327
0.10862,0.14708,0.14059,0.52130,0.49567,-0.48895,0.49344,950.49861
0.10863,0.14765,0.14061,0.52130,0.49567,-0.48895,0.49344,951.05114
0.10864,0.14819,0.14063,0.52130,0.49567,-0.48895,0.49344,951.57293
0.10865,0.14869,0.14065,0.52130,0.49567,-0.48895,0.49344,952.05650
0.10866,0.14915,0.14066,0.52130,0.49567,-0.48895,0.49344,952.49492
0.10867,0.14957,0.14068,0.52130,0.49567,-0.48895,0.49344,952.88188
0.10868,0.14993,0.14069,0.52130,0.49567,-0.48895,0.49344,953.21181
0.10869,0.15023,0.14070,0.52130,0.49567,-0.48895,0.49344,953.47995
0.10869,0.15046,0.14071,0.52130,0.49567,-0.48895,0.49344,953.68241
0.10869,0.15063,0.14072,0.52130,0.49567,-0.48895,0.49344,953.81626
0.10870,0.15073,0.14072,0.52130,0.49567,-0.48895,0.49344,953.87954
0.10870,0.15076,0.14072,0.52130,0.49567,-0.48895,0.49344,953.88779
0.10870,0.15072,0.14072,0.52130,0.49567,-0.48895,0.49344,953.96748
0.10869,0.15060,0.14071,0.52130,0.49567,-0.48895,0.49344,954.11752
0.10869,0.15042,0.14071,0.52130,0.49567,-0.48895,0.49344,954.33579
0.10868,0.15016,0.14070,0.52130,0.49567,-0.48895,0.49344,954.61920
0.10868,0.14985,0.14069,0.52130,0.49567,-0.48895,0.49344,954.96371
0.10867,0.14947,0.14068,0.52130,0.49567,-0.48895,0.49344,955.36440
0.10866,0.14905,0.14066,0.52130,0.49567,-0.48895,0.49344,955.81554
0.10865,0.14857,0.14064,0.52130,0.49567,-0.48895,0.49344,956.31066
0.10864,0.14806,0.14063,0.52130,0.49567,-0.48895,0.49344,956.84267
0.10863,0.14751,0.14061,0.52130,0.49567,-0.48895,0.49344,957.40392
0.10862,0.14693,0.14059,0.52130,0.49567,-0.48895,0.49344,957.98634
0.10861,0.14634,0.14057,0.52130,0.49567,-0.48895,0.49344,958.58154
0.10859,0.14574,0.14055,0.52130,0.49567,-0.48895,0.49344,959.18096
0.10858,0.14514,0.14052,0.52130,0.49567,-0.48895,0.49344,959.77593
0.10857,0.14455,0.14050,0.52130,0.49567,-0.48895,0.49344,960.35788
0.10856,0.14398,0.14048,0.52130,0.49567,-0.48895,0.49344,960.91839
0.10855,0.14343,0.14046,0.52130,0.49567,-0.48895,0.49344,961.44935
0.10853,0.14292,0.14045,0.52130,0.49567,-0.48895,0.49344,961.94307
0.10852,0.14245,0.14043,0.52130,0.49567,-0.48895,0.49344,962.39239
0.10852,0.14202,0.14042,0.52130,0.49567,-0.48895,0.49344,962.79079
0.10851,0.14165,0.14040,0.52130,0.49567,-0.48895,0.49344,963.13247
0.10850,0.14134,0.14039,0.52130,0.49567,-0.48895,0.49344,963.41245
0.10850,0.14109,0.14038,0.52130,0.49567,-0.48895,0.49344,963.62665
0.10849,0.14091,0.14038,0.52130,0.49567,-0.48895,0.49344,963.77191
0.10849,0.14080,0.14037,0.52130,0.49567,-0.48895,0.49344,963.84611
0.10849,0.14076,0.14037,0.52130,0.49567,-0.48895,0.49344,963.84810
0.10849,0.14079,0.14037,0.52130,0.49567,-0.48895,0.49344,963.91837
0.10849,0.14090,0.14038,0.52130,0.49567,-0.48895,0.49344,964.05993
0.10850,0.14108,0.14038,0.52130,0.49567,-0.48895,0.49344,964.27076
0.10850,0.14132,0.14039,0.52130,0.49567,-0.48895,0.49344,964.54784
0.10851,0.14163,0.14040,0.52130,0.49567,-0.48895,0.49344,964.88720
0.10852,0.14200,0.14041,0.52130,0.49567,-0.48895,0.49344,965.28393
0.10852,0.14243,0.14043,0.52130,0.49567,-0.48895,0.49344,965.73230
0.10853,0.14290,0.14045,0.52130,0.49567,-0.48895,0.49344,966.22583
0.10854,0.14341,0.14046,0.52130,0.49567,-0.48895,0.49344,966.75735
0.10856,0.14396,0.14048,0.52130,0.49567,-0.48895,0.49344,967.31915
0.10857,0.14454,0.14050,0.52130,0.49567,-0.48895,0.49344,967.90308
0.10858,0.14513,0.14052,0.52130,0.49567,-0.48895,0.49344,968.50064
0.10859,0.14573,0.14055,0.52130,0.49567,-0.48895,0.49344,969.10313
0.10860,0.14633,0.14057,0.52130,0.49567,-0.48895,0.49344,969.70176
0.10862,0.14693,0.14059,0.52130,0.49567,-0.48895,0.49344,970.28782
0.10863,0.14751,0.14061,0.52130,0.49567,-0.48895,0.49344,970.85273
0.10864,0.14806,0.14063,0.52130,0.49567,-0.48895,0.49344,971.38825
0.10865,0.14858,0.14064,0.52130,0.49567,-0.48895,0.49344,971.88653
0.10866,0.14905,0.14066,0.52130,0.49567,-0.48895,0.49344,972.34028
0.10867,0.14948,0.14068,0.52130,0.49567,-0.48895,0.49344,972.74284
0.10868,0.14986,0.14069,0.52130,0.49567,-0.48895,0.49344,973.08830
0.10868,0.15018,0.14070,0.52130,0.49567,-0.48895,0.49344,973.37157
0.10869,0.15043,0.14071,0.52130,0.49567,-0.48895,0.49344,973.58846
0.10869,0.15061,0.14072,0.52130,0.49567,-0.48895,0.49344,973.73577
0.10870,0.15072,0.14072,0.52130,0.49567,-0.48895,0.49344,973.81130
0.10870,0.15076,0.14072,0.52130,0.49567,-0.48895,0.49344,973.81389
0.10870,0.15073,0.14072,0.52130,0.49567,-0.48895,0.49344,973.88431
0.10869,0.15062,0.14072,0.52130,0.49567,-0.48895,0.49344,974.02675
0.10869,0.15044,0.14071,0.52130,0.49567,-0.48895,0.49344,974.23916
0.10868,0.15019,0.14070,0.52130,0.49567,-0.48895,0.49344,974.51847
0.10868,0.14988,0.14069,0.52130,0.49567,-0.48895,0.49344,974.86063
0.10867,0.14951,0.14068,0.52130,0.49567,-0.48895,0.49344,975.26064
0.10866,0.14908,0.14066,0.52130,0.49567,-0.48895,0.49344,975.71267
0.10865,0.14861,0.14065,0.52130,0.49567,-0.48895,0.49344,976.21010
0.10864,0.14809,0.14063,0.52130,0.49567,-0.48895,0.49344,976.74564
0.10863,0.14753,0.14061,0.52130,0.49567,-0.48895,0.49344,977.31145
0.10862,0.14696,0.14059,0.52130,0.49567,-0.48895,0.49344,977.89923
0.10861,0.14636,0.14057,0.52130,0.49567,-0.48895,0.49344,978.50032
0.10859,0.14575,0.14055,0.52130,0.49567,-0.48895,0.49344,979.10590
0.10858,0.14515,0.14052,0.52130,0.49567,-0.48895,0.49344,979.70705
0.10857,0.14455,0.14050,0.52130,0.49567,-0.48895,0.49344,980.29490
0.10856,0.14397,0.14048,0.52130,0.49567,-0.48895,0.49344,980.86078
0.10854,0.14342,0.14046,0.52130,0.49567,-0.48895,0.49344,981.39634
0.10853,0.14290,0.14045,0.52130,0.49567,-0.48895,0.49344,981.89366
0.10852,0.14243,0.14043,0.52130,0.49567,-0.48895,0.49344,982.34538
0.10852,0.14200,0.14041,0.52130,0.49567,-0.48895,0.49344,982.74480
0.10851,0.14163,0.14040,0.52130,0.49567,-0.48895,0.49344,983.08600
0.10850,0.14132,0.14039,0.52130,0.49567,-0.48895,0.49344,983.36389
0.10850,0.14107,0.14038,0.52130,0.49567,-0.48895,0.49344,983.57434
0.10849,0.14089,0.14038,0.52130,0.49567,-0.48895,0.49344,983.71420
0.10849,0.14079,0.14037,0.52130,0.49567,-0.48895,0.49344,983.78134
0.10849,0.14076,0.14037,0.52130,0.49567,-0.48895,0.49344,983.78794
0.10849,0.14080,0.14037,0.52130,0.49567,-0.48895,0.49344,983.86822
0.10849,0.14092,0.14038,0.52130,0.49567,-0.48895,0.49344,984.02105
0.10850,0.14111,0.14038,0.52130,0.49567,-0.48895,0.49344,984.24420
0.10850,0.14137,0.14039,0.52130,0.49567,-0.48895,0.49344,984.53440
0.10851,0.14169,0.14040,0.52130,0.49567,-0.48895,0.49344,984.88740
0.10852,0.14207,0.14042,0.52130,0.49567,-0.48895,0.49344,985.29799
0.10853,0.14251,0.14043,0.52130,0.49567,-0.48895,0.49344,985.76011
0.10854,0.14300,0.14045,0.52130,0.49567,-0.48895,0.49344,986.26694
0.10855,0.14352,0.14047,0.52130,0.49567,-0.48895,0.49344,986.81097
0.10856,0.14409,0.14049,0.52130,0.49567,-0.48895,0.49344,987.38415
0.10857,0.14467,0.14051,0.52130,0.49567,-0.48895,0.49344,987.97797
0.10858,0.14527,0.14053,0.52130,0.49567,-0.48895,0.49344,988.58362
0.10860,0.14588,0.14055,0.52130,0.49567,-0.48895,0.49344,989.19210
0.10861,0.14649,0.14057,0.52130,0.49567,-0.48895,0.49344,989.79435
0.10862,0.14709,0.14059,0.52130,0.49567,-0.48895,0.49344,990.38141
0.10863,0.14766,0.14061,0.52130,0.49567,-0.48895,0.49344,990.94453
0.10864,0.14821,0.14063,0.52130,0.49567,-0.48895,0.49344,991.47530
0.10865,0.14873,0.14065,0.52130,0.49567,-0.48895,0.49344,991.96580
0.10866,0.14919,0.14067,0.52130,0.49567,-0.48895,0.49344,992.40869
0.10867,0.14961,0.14068,0.52130,0.49567,-0.48895,0.49344,992.79735
0.10868,0.14997,0.14069,0.52130,0.49567,-0.48895,0.49344,993.12593
0.10869,0.15027,0.14070,0.52130,0.49567,-0.48895,0.49344,993.38950
0.10869,0.15050,0.14071,0.52130,0.49567,-0.48895,0.49344,993.58409
0.10869,0.15066,0.14072,0.52130,0.49567,-0.48895,0.49344,993.70674
0.10870,0.15074,0.14072,0.52130,0.49567,-0.48895,0.49344,993.75560
0.10870,0.15076,0.14072,0.52130,0.49567,-0.48895,0.49344,993.78132
0.10869,0.15069,0.14072,0.52130,0.49567,-0.48895,0.49344,993.88128
0.10869,0.15056,0.14071,0.52130,0.49567,-0.48895,0.49344,994.05403
0.10869,0.15035,0.14071,0.52130,0.49567,-0.48895,0.49344,994.29702
0.10868,0.15007,0.14070,0.52130,0.49567,-0.48895,0.49344,994.60665
0.10868,0.14973,0.14068,0.52130,0.49567,-0.48895,0.49344,994.97833
0.10867,0.14933,0.14067,0.52130,0.49567,-0.48895,0.49344,995.40652
0.10866,0.14887,0.14065,0.52130,0.49567,-0.48895,0.49344,995.88485
0.10865,0.14837,0.14064,0.52130,0.49567,-0.48895,0.49344,996.40615
0.10864,0.14783,0.14062,0.52130,0.49567,-0.48895,0.49344,996.96265
0.10862,0.14726,0.14060,0.52130,0.49567,-0.48895,0.49344,997.54600
0.10861,0.14666,0.14058,0.52130,0.49567,-0.48895,0.49344,998.14747
0.10860,0.14605,0.14056,0.52130,0.49567,-0.48895,0.49344,998.75804
0.10859,0.14544,0.14053,0.52130,0.49567,-0.48895,0.49344,999.36853
0.10857,0.14483,0.14051,0.52130,0.49567,-0.48895,0.49344,999.96977
0.10856,0.14424,0.14049,0.52130,0.49567,-0.48895,0.49344,1000.55272
0.10855,0.14367,0.14047,0.52130,0.49567,-0.48895,0.49344,1001.10860
0.10854,0.14313,0.14045,0.52130,0.49567,-0.48895,0.49344,1001.62902
0.10853,0.14263,0.14044,0.52130,0.49567,-0.48895,0.49344,1002.10613
0.10852,0.14217,0.14042,0.52130,0.49567,-0.48895,0.49344,1002.53272
0.10851,0.14177,0.14041,0.52130,0.49567,-0.48895,0.49344,1002.90234
0.10850,0.14143,0.14039,0.52130,0.49567,-0.48895,0.49344,1003.20938
0.10850,0.14116,0.14039,0.52130,0.49567,-0.48895,0.49344,1003.44918
0.10849,0.14095,0.14038,0.52130,0.49567,-0.48895,0.49344,1003.61808
0.10849,0.14082,0.14037,0.52130,0.49567,-0.48895,0.49344,1003.71349
0.10849,0.14076,0.14037,0.52130,0.49567,-0.48895,0.49344,1003.73392
0.10849,0.14078,0.14037,0.52130,0.49567,-0.48895,0.49344,1003.78881
0.10849,0.14087,0.14038,0.52130,0.49567,-0.48895,0.49344,1003.91824
0.10850,0.14104,0.14038,0.52130,0.49567,-0.48895,0.49344,1004.12029
0.10850,0.14128,0.14039,0.52130,0.49567,-0.48895,0.49344,1004.39195
0.10851,0.14158,0.14040,0.52130,0.49567,-0.48895,0.49344,1004.72916
0.10851,0.14195,0.14041,0.52130,0.49567,-0.48895,0.49344,1005.12685
0.10852,0.14238,0.14043,0.52130,0.49567,-0.48895,0.49344,1005.57904
0.10853,0.14286,0.14044,0.52130,0.49567,-0.48895,0.49344,1006.07891
0.10854,0.14338,0.14046,0.52130,0.49567,-0.48895,0.49344,1006.61892
0.10856,0.14394,0.14048,0.52130,0.49567,-0.48895,0.49344,1007.19090
0.10857,0.14452,0.14050,0.52130,0.49567,-0.48895,0.49344,1007.78622
0.10858,0.14513,0.14052,0.52130,0.49567,-0.48895,0.49344,1008.39584
0.10859,0.14574,0.14055,0.52130,0.49567,-0.48895,0.49344,1009.01054
0.10861,0.14636,0.14057,0.52130,0.49567,-0.48895,0.49344,1009.62098
0.10862,0.14696,0.14059,0.52130,0.49567,-0.48895,0.49344,1010.21790
0.10863,0.14755,0.14061,0.52130,0.49567,-0.48895,0.49344,1010.79222
0.10864,0.14811,0.14063,0.52130,0.49567,-0.48895,0.49344,1011.33521
0.10865,0.14864,0.14065,0.52130,0.49567,-0.48895,0.49344,1011.83858
0.10866,0.14912,0.14066,0.52130,0.49567,-0.48895,0.49344,1012.29467
0.10867,0.14955,0.14068,0.52130,0.49567,-0.48895,0.49344,1012.69651
0.10868,0.14992,0.14069,0.52130,0.49567,-0.48895,0.49344,1013.03795
0.10869,0.15023,0.14070,0.52130,0.49567,-0.48895,0.49344,1013.31377
0.10869,0.15047,0.14071,0.52130,0.49567,-0.48895,0.49344,1013.51971
0.10869,0.15064,0.14072,0.52130,0.49567,-0.48895,0.49344,1013.65260
0.10870,0.15074,0.14072,0.52130,0.49567,-0.48895,0.49344,1013.71039
0.10870,0.15076,0.14072,0.52130,0.49567,-0.48895,0.49344,1013.72864
0.10870,0.15070,0.14072,0.52130,0.49567,-0.48895,0.49344,1013.82270
0.10869,0.15057,0.14071,0.52130,0.49567,-0.48895,0.49344,1013.99117
0.10869,0.15036,0.14071,0.52130,0.49567,-0.48895,0.49344,1014.23153
0.10868,0.15009,0.14070,0.52130,0.49567,-0.48895,0.49344,1014.54014
0.10868,0.14975,0.14069,0.52130,0.49567,-0.48895,0.49344,1014.91233
0.10867,0.14934,0.14067,0.52130,0.49567,-0.48895,0.49344,1015.34244
0.10866,0.14889,0.14066,0.52130,0.49567,-0.48895,0.49344,1015.82395
0.10865,0.14838,0.14064,0.52130,0.49567,-0.48895,0.49344,1016.34950
0.10864,0.14784,0.14062,0.52130,0.49567,-0.48895,0.49344,1016.91109
0.10862,0.14726,0.14060,0.52130,0.49567,-0.48895,0.49344,1017.50014
0.10861,0.14666,0.14058,0.52130,0.49567,-0.48895,0.49344,1018.10765
0.10860,0.14604,0.14056,0.52130,0.49567,-0.48895,0.49344,1018.72432
0.10859,0.14542,0.14053,0.52130,0.49567,-0.48895,0.49344,1019.34071
0.10857,0.14481,0.14051,0.52130,0.49567,-0.48895,0.49344,1019.94737
0.10856,0.14421,0.14049,0.52130,0.49567,-0.48895,0.49344,1020.53499
0.10855,0.14364,0.14047,0.52130,0.49567,-0.48895,0.49344,1021.09454
0.10854,0.14309,0.14045,0.52130,0.49567,-0.48895,0.49344,1021.61743
0.10853,0.14259,0.14044,0.52130,0.49567,-0.48895,0.49344,1022.09559
0.10852,0.14214,0.14042,0.52130,0.49567,-0.48895,0.49344,1022.52167
0.10851,0.14174,0.14041,0.52130,0.49567,-0.48895,0.49344,1022.88908
0.10850,0.14140,0.14039,0.52130,0.49567,-0.48895,0.49344,1023.19215
0.10850,0.14113,0.14038,0.52130,0.49567,-0.48895,0.49344,1023.42617
0.10849,0.14093,0.14038,0.52130,0.49567,-0.48895,0.49344,1023.58752
0.10849,0.14081,0.14037,0.52130,0.49567,-0.48895,0.49344,1023.67365
0.10849,0.14076,0.14037,0.52130,0.49567,-0.48895,0.49344,1023.68321
0.10849,0.14079,0.14037,0.52130,0.49567,-0.48895,0.49344,1023.75042
0.10849,0.14090,0.14038,0.52130,0.49567,-0.48895,0.49344,1023.89340
0.10850,0.14108,0.14038,0.52130,0.49567,-0.48895,0.49344,1024.11000
0.10850,0.14133,0.14039,0.52130,0.49567,-0.48895,0.49344,1024.39692
0.10851,0.14165,0.14040,0.52130,0.49567,-0.48895,0.49344,1024.74977
0.10852,0.14203,0.14042,0.52130,0.49567,-0.48895,0.49344,1025.16315
0.10853,0.14248,0.14043,0.52130,0.49567,-0.48895,0.49344,1025.63071
0.10854,0.14297,0.14045,0.52130,0.49567,-0.48895,0.49344,1026.14526
0.10855,0.14351,0.14047,0.52130,0.49567,-0.48895,0.49344,1026.69888
0.10856,0.14408,0.14049,0.52130,0.49567,-0.48895,0.49344,1027.28304
0.10857,0.14467,0.14051,0.52130,0.49567,-0.48895,0.49344,1027.88872
0.10858,0.14529,0.14053,0.52130,0.49567,-0.48895,0.49344,1028.50657
0.10860,0.14591,0.14055,0.52130,0.49567,-0.48895,0.49344,1029.12704
0.10861,0.14653,0.14057,0.52130,0.49567,-0.48895,0.49344,1029.74052
0.10862,0.14714,0.14059,0.52130,0.49567,-0.48895,0.49344,1030.33752
0.10863,0.14772,0.14061,0.52130,0.49567,-0.48895,0.49344,1030.90877
0.10865,0.14828,0.14063,0.52130,0.49567,-0.48895,0.49344,1031.44541
0.10866,0.14880,0.14065,0.52130,0.49567,-0.48895,0.49344,1031.93910
0.10867,0.14927,0.14067,0.52130,0.49567,-0.48895,0.49344,1032.38216
0.10867,0.14968,0.14068,0.52130,0.49567,-0.48895,0.49344,1032.76770
0.10868,0.15004,0.14070,0.52130,0.49567,-0.48895,0.49344,1033.08968
0.10869,0.15033,0.14071,0.52130,0.49567,-0.48895,0.49344,1033.34309
0.10869,0.15054,0.14071,0.52130,0.49567,-0.48895,0.49344,1033.52393
0.10869,0.15069,0.14072,0.52130,0.49567,-0.48895,0.49344,1033.62937
0.10870,0.15075,0.14072,0.52130,0.49567,-0.48895,0.49344,1033.65772
0.10870,0.15074,0.14072,0.52130,0.49567,-0.48895,0.49344,1033.70695
0.10869,0.15066,0.14072,0.52130,0.49567,-0.48895,0.49344,1033.83303
0.10869,0.15049,0.14071,0.52130,0.49567,-0.48895,0.49344,1034.03404
0.10869,0.15025,0.14070,0.52130,0.49567,-0.48895,0.49344,1034.30690
0.10868,0.14995,0.14069,0.52130,0.49567,-0.48895,0.49344,1034.64741
0.10867,0.14957,0.14068,0.52130,0.49567,-0.48895,0.49344,1035.05028
0.10866,0.14914,0.14066,0.52130,0.49567,-0.48895,0.49344,1035.50930
0.10865,0.14866,0.14065,0.52130,0.49567,-0.48895,0.49344,1036.01731
0.10864,0.14812,0.14063,0.52130,0.49567,-0.48895,0.49344,1036.56645
0.10863,0.14756,0.14061,0.52130,0.49567,-0.48895,0.49344,1037.14815
0.10862,0.14696,0.14059,0.52130,0.49567,-0.48895,0.49344,1037.75336
0.10861,0.14635,0.14057,0.52130,0.49567,-0.48895,0.49344,1038.37264
0.10859,0.14572,0.14054,0.52130,0.49567,-0.48895,0.49344,1038.99633
0.10858,0.14510,0.14052,0.52130,0.49567,-0.48895,0.49344,1039.61468
0.10857,0.14449,0.14050,0.52130,0.49567,-0.48895,0.49344,1040.21802
0.10855,0.14389,0.14048,0.52130,0.49567,-0.48895,0.49344,1040.79692
0.10854,0.14333,0.14046,0.52130,0.49567,-0.48895,0.49344,1041.34230
0.10853,0.14280,0.14044,0.52130,0.49567,-0.48895,0.49344,1041.84560
0.10852,0.14232,0.14043,0.52130,0.49567,-0.48895,0.49344,1042.29893
0.10851,0.14190,0.14041,0.52130,0.49567,-0.48895,0.49344,1042.69515
0.10851,0.14153,0.14040,0.52130,0.49567,-0.48895,0.49344,1043.02803
0.10850,0.14123,0.14039,0.52130,0.49567,-0.48895,0.49344,1043.29231
0.10850,0.14100,0.14038,0.52130,0.49567,-0.48895,0.49344,1043.48381
0.10849,0.14085,0.14037,0.52130,0.49567,-0.48895,0.49344,1043.59948
0.10849,0.14077,0.14037,0.52130,0.49567,-0.48895,0.49344,1043.63746
0.10849,0.14077,0.14037,0.52130,0.49567,-0.48895,0.49344,1043.67780
0.10849,0.14085,0.14037,0.52130,0.49567,-0.48895,0.49344,1043.79588
0.10850,0.14101,0.14038,0.52130,0.49567,-0.48895,0.49344,1043.98988
0.10850,0.14124,0.14039,0.52130,0.49567,-0.48895,0.49344,1044.25680
0.10851,0.14154,0.14040,0.52130,0.49567,-0.48895,0.49344,1044.59249
0.10851,0.14191,0.14041,0.52130,0.49567,-0.48895,0.49344,1044.99170
0.10852,0.14234,0.14043,0.52130,0.49567,-0.48895,0.49344,1045.44819
0.10853,0.14282,0.14044,0.52130,0.49567,-0.48895,0.49344,1045.95481
0.10854,0.14335,0.14046,0.52130,0.49567,-0.48895,0.49344,1046.50361
0.10856,0.14392,0.14048,0.52130,0.49567,-0.48895,0.49344,1047.08596
0.10857,0.14452,0.14050,0.52130,0.49567,-0.48895,0.49344,1047.69272
0.10858,0.14513,0.14052,0.52130,0.49567,-0.48895,0.49344,1048.31433
0.10859,0.14576,0.14055,0.52130,0.49567,-0.48895,0.49344,1048.94094
