x,y,z,qx,qy,qz,qw,u
0.07710,0.09942,0.14071,0.49547,0.50717,-0.48072,0.51595,0.00000
0.07710,0.09939,0.14071,0.49547,0.50717,-0.48072,0.51595,0.06301
0.07710,0.09937,0.14071,0.49547,0.50717,-0.48072,0.51595,0.09466
0.07710,0.09934,0.14071,0.49547,0.50717,-0.48072,0.51595,0.12643
0.07711,0.09930,0.14071,0.49547,0.50717,-0.48072,0.51595,0.15831
0.07711,0.09927,0.14071,0.49547,0.50717,-0.48072,0.51595,0.19031
0.07711,0.09924,0.14071,0.49547,0.50717,-0.48072,0.51595,0.22242
0.07711,0.09921,0.14071,0.49547,0.50717,-0.48072,0.51595,0.25464
0.07711,0.09917,0.14071,0.49547,0.50717,-0.48072,0.51595,0.28697
0.07711,0.09914,0.14071,0.49547,0.50717,-0.48072,0.51595,0.31940
0.07712,0.09911,0.14071,0.49547,0.50717,-0.48072,0.51595,0.35195
0.07712,0.09908,0.14071,0.49547,0.50717,-0.48072,0.51595,0.38459
0.07712,0.09904,0.14071,0.49547,0.50717,-0.48072,0.51595,0.41734
0.07712,0.09901,0.14071,0.49547,0.50717,-0.48072,0.51595,0.45020
0.07712,0.09898,0.14071,0.49547,0.50717,-0.48072,0.51595,0.48315
0.07712,0.09895,0.14071,0.49547,0.50717,-0.48072,0.51595,0.51620
0.07712,0.09891,0.14071,0.49547,0.50717,-0.48072,0.51595,0.54934
0.07713,0.09888,0.14071,0.49547,0.50717,-0.48072,0.51595,0.58259
0.07713,0.09885,0.14071,0.49547,0.50717,-0.48072,0.51595,0.61592
0.07713,0.09881,0.14071,0.49547,0.50717,-0.48072,0.51595,0.64935
0.07713,0.09878,0.14071,0.49547,0.50717,-0.48072,0.51595,0.68286
0.07713,0.09875,0.14071,0.49547,0.50717,-0.48072,0.51595,0.71647
0.07713,0.09871,0.14071,0.49547,0.50717,-0.48072,0.51595,0.75016
0.07714,0.09868,0.14071,0.49547,0.50717,-0.48072,0.51595,0.78393
0.07714,0.09864,0.14071,0.49547,0.50717,-0.48072,0.51595,0.81779
0.07714,0.09861,0.14071,0.49547,0.50717,-0.48072,0.51595,0.85172
0.07714,0.09858,0.14071,0.49547,0.50717,-0.48072,0.51595,0.88574
0.07714,0.09854,0.14071,0.49547,0.50717,-0.48072,0.51595,0.91983
0.07714,0.09851,0.14071,0.49547,0.50717,-0.48072,0.51595,0.95399
0.07715,0.09847,0.14071,0.49547,0.50717,-0.48072,0.51595,0.98822
0.07715,0.09844,0.14071,0.49547,0.50717,-0.48072,0.51595,1.02253
0.07715,0.09841,0.14071,0.49547,0.50717,-0.48072,0.51595,1.05690
0.07715,0.09837,0.14070,0.49547,0.50717,-0.48072,0.51595,1.09134
0.07715,0.09834,0.14070,0.49547,0.50717,-0.48072,0.51595,1.12584
0.07715,0.09830,0.14070,0.49547,0.50717,-0.48072,0.51595,1.16040
0.07715,0.09827,0.14070,0.49547,0.50717,-0.48072,0.51595,1.19502
0.07716,0.09823,0.14070,0.49547,0.50717,-0.48072,0.51595,1.22969
0.07716,0.09820,0.14070,0.49547,0.50717,-0.48072,0.51595,1.26442
0.07716,0.09816,0.14070,0.49547,0.50717,-0.48072,0.51595,1.29920
0.07716,0.09813,0.14070,0.49547,0.50717,-0.48072,0.51595,1.33403
0.07716,0.09809,0.14070,0.49547,0.50717,-0.48072,0.51595,1.36891
0.07716,0.09806,0.14070,0.49547,0.50717,-0.48072,0.51595,1.40383
0.07717,0.09802,0.14070,0.49547,0.50717,-0.48072,0.51595,1.43879
0.07717,0.09799,0.14070,0.49547,0.50717,-0.48072,0.51595,1.47379
0.07717,0.09795,0.14070,0.49547,0.50717,-0.48072,0.51595,1.50882
0.07717,0.09792,0.14070,0.49547,0.50717,-0.48072,0.51595,1.54389
0.07717,0.09788,0.14070,0.49547,0.50717,-0.48072,0.51595,1.57899
0.07717,0.09785,0.14070,0.49547,0.50717,-0.48072,0.51595,1.61412
0.07718,0.09781,0.14070,0.49547,0.50717,-0.48072,0.51595,1.64927
0.07718,0.09778,0.14070,0.49547,0.50717,-0.48072,0.51595,1.68444
0.07718,0.09774,0.14070,0.49547,0.50717,-0.48072,0.51595,1.71964
0.07718,0.09771,0.14070,0.49547,0.50717,-0.48072,0.51595,1.75485
0.07718,0.09767,0.14070,0.49547,0.50717,-0.48072,0.51595,1.79007
0.07718,0.09764,0.14070,0.49547,0.50717,-0.48072,0.51595,1.82531
0.07719,0.09760,0.14070,0.49547,0.50717,-0.48072,0.51595,1.86055
0.07719,0.09757,0.14070,0.49547,0.50717,-0.48072,0.51595,1.89580
0.07719,0.09753,0.14070,0.49547,0.50717,-0.48072,0.51595,1.93105
0.07719,0.09750,0.14070,0.49547,0.50717,-0.48072,0.51595,1.96630
0.07719,0.09746,0.14070,0.49547,0.50717,-0.48072,0.51595,2.00154
0.07719,0.09743,0.14070,0.49547,0.50717,-0.48072,0.51595,2.03678
0.07720,0.09739,0.14070,0.49547,0.50717,-0.48072,0.51595,2.07200
0.07720,0.09736,0.14070,0.49547,0.50717,-0.48072,0.51595,2.10722
0.07720,0.09732,0.14070,0.49547,0.50717,-0.48072,0.51595,2.14241
0.07720,0.09729,0.14070,0.49547,0.50717,-0.48072,0.51595,2.17758
0.07720,0.09725,0.14070,0.49547,0.50717,-0.48072,0.51595,2.21273
0.07720,0.09722,0.14070,0.49547,0.50717,-0.48072,0.51595,2.24786
0.07721,0.09718,0.14070,0.49547,0.50717,-0.48072,0.51595,2.28295
0.07721,0.09715,0.14070,0.49547,0.50717,-0.48072,0.51595,2.31801
0.07721,0.09711,0.14070,0.49547,0.50717,-0.48072,0.51595,2.35303
0.07721,0.09708,0.14070,0.49547,0.50717,-0.48072,0.51595,2.38801
0.07721,0.09704,0.14070,0.49547,0.50717,-0.48072,0.51595,2.42294
0.07721,0.09701,0.14070,0.49547,0.50717,-0.48072,0.51595,2.45783
0.07722,0.09697,0.14070,0.49547,0.50717,-0.48072,0.51595,2.49267
0.07722,0.09694,0.14070,0.49547,0.50717,-0.48072,0.51595,2.52745
0.07722,0.09690,0.14070,0.49547,0.50717,-0.48072,0.51595,2.56217
0.07722,0.09687,0.14070,0.49547,0.50717,-0.48072,0.51595,2.59682
0.07722,0.09683,0.14070,0.49547,0.50717,-0.48072,0.51595,2.63142
0.07722,0.09680,0.14070,0.49547,0.50717,-0.48072,0.51595,2.66594
0.07723,0.09676,0.14070,0.49547,0.50717,-0.48072,0.51595,2.70038
0.07723,0.09673,0.14070,0.49547,0.50717,-0.48072,0.51595,2.73475
0.07723,0.09669,0.14070,0.49547,0.50717,-0.48072,0.51595,2.76904
0.07723,0.09666,0.14070,0.49547,0.50717,-0.48072,0.51595,2.80324
0.07723,0.09663,0.14070,0.49547,0.50717,-0.48072,0.51595,2.83735
0.07723,0.09659,0.14070,0.49547,0.50717,-0.48072,0.51595,2.87137
0.07724,0.09656,0.14070,0.49547,0.50717,-0.48072,0.51595,2.90529
0.07724,0.09652,0.14069,0.49547,0.50717,-0.48072,0.51595,2.93911
0.07724,0.09649,0.14069,0.49547,0.50717,-0.48072,0.51595,2.97283
0.07724,0.09646,0.14069,0.49547,0.50717,-0.48072,0.51595,3.00643
0.07724,0.09642,0.14069,0.49547,0.50717,-0.48072,0.51595,3.03992
0.07724,0.09639,0.14069,0.49547,0.50717,-0.48072,0.51595,3.07329
0.07724,0.09636,0.14069,0.49547,0.50717,-0.48072,0.51595,3.10654
0.07725,0.09632,0.14069,0.49547,0.50717,-0.48072,0.51595,3.13966
0.07725,0.09629,0.14069,0.49547,0.50717,-0.48072,0.51595,3.17265
0.07725,0.09626,0.14069,0.49547,0.50717,-0.48072,0.51595,3.20551
0.07725,0.09622,0.14069,0.49547,0.50717,-0.48072,0.51595,3.23823
0.07725,0.09619,0.14069,0.49547,0.50717,-0.48072,0.51595,3.27080
0.07725,0.09616,0.14069,0.49547,0.50717,-0.48072,0.51595,3.30322
0.07726,0.09613,0.14069,0.49547,0.50717,-0.48072,0.51595,3.33550
0.07726,0.09609,0.14069,0.49547,0.50717,-0.48072,0.51595,3.36761
0.07726,0.09606,0.14069,0.49547,0.50717,-0.48072,0.51595,3.39957
0.07726,0.09603,0.14069,0.49547,0.50717,-0.48072,0.51595,3.43136
0.07726,0.09600,0.14069,0.49547,0.50717,-0.48072,0.51595,3.46298
0.07726,0.09597,0.14069,0.49547,0.50717,-0.48072,0.51595,3.49442
0.07726,0.09594,0.14069,0.49547,0.50717,-0.48072,0.51595,3.52568
0.07727,0.09590,0.14069,0.49547,0.50717,-0.48072,0.51595,3.55676
0.07727,0.09587,0.14069,0.49547,0.50717,-0.48072,0.51595,3.58766
0.07727,0.09584,0.14069,0.49547,0.50717,-0.48072,0.51595,3.61835
0.07727,0.09581,0.14069,0.49547,0.50717,-0.48072,0.51595,3.64885
0.07727,0.09578,0.14069,0.49547,0.50717,-0.48072,0.51595,3.67915
0.07727,0.09575,0.14069,0.49547,0.50717,-0.48072,0.51595,3.70924
0.07727,0.09572,0.14069,0.49547,0.50717,-0.48072,0.51595,3.73912
0.07728,0.09569,0.14069,0.49547,0.50717,-0.48072,0.51595,3.76878
0.07728,0.09566,0.14069,0.49547,0.50717,-0.48072,0.51595,3.79822
0.07728,0.09563,0.14069,0.49547,0.50717,-0.48072,0.51595,3.82744
0.07728,0.09560,0.14069,0.49547,0.50717,-0.48072,0.51595,3.85642
0.07728,0.09557,0.14069,0.49547,0.50717,-0.48072,0.51595,3.88517
0.07728,0.09555,0.14069,0.49547,0.50717,-0.48072,0.51595,3.91368
0.07728,0.09552,0.14069,0.49547,0.50717,-0.48072,0.51595,3.94194
0.07729,0.09549,0.14069,0.49547,0.50717,-0.48072,0.51595,3.96995
0.07729,0.09546,0.14069,0.49547,0.50717,-0.48072,0.51595,3.99771
0.07729,0.09543,0.14069,0.49547,0.50717,-0.48072,0.51595,4.02520
0.07729,0.09541,0.14069,0.49547,0.50717,-0.48072,0.51595,4.05243
0.07729,0.09538,0.14069,0.49547,0.50717,-0.48072,0.51595,4.07939
0.07729,0.09535,0.14069,0.49547,0.50717,-0.48072,0.51595,4.10608
0.07729,0.09533,0.14069,0.49547,0.50717,-0.48072,0.51595,4.13248
0.07729,0.09530,0.14069,0.49547,0.50717,-0.48072,0.51595,4.15860
0.07730,0.09527,0.14069,0.49547,0.50717,-0.48072,0.51595,4.18443
0.07730,0.09525,0.14069,0.49547,0.50717,-0.48072,0.51595,4.20997
0.07730,0.09522,0.14069,0.49547,0.50717,-0.48072,0.51595,4.23520
0.07730,0.09520,0.14069,0.49547,0.50717,-0.48072,0.51595,4.26014
0.07730,0.09517,0.14069,0.49547,0.50717,-0.48072,0.51595,4.28476
0.07730,0.09515,0.14069,0.49547,0.50717,-0.48072,0.51595,4.30906
0.07730,0.09512,0.14069,0.49547,0.50717,-0.48072,0.51595,4.33305
0.07730,0.09510,0.14069,0.49547,0.50717,-0.48072,0.51595,4.35671
0.07730,0.09508,0.14069,0.49547,0.50717,-0.48072,0.51595,4.38004
0.07731,0.09505,0.14069,0.49547,0.50717,-0.48072,0.51595,4.40303
0.07731,0.09503,0.14069,0.49547,0.50717,-0.48072,0.51595,4.42569
0.07731,0.09501,0.14069,0.49547,0.50717,-0.48072,0.51595,4.44800
0.07731,0.09499,0.14069,0.49547,0.50717,-0.48072,0.51595,4.46996
0.07731,0.09496,0.14069,0.49547,0.50717,-0.48072,0.51595,4.49156
0.07731,0.09494,0.14069,0.49547,0.50717,-0.48072,0.51595,4.51281
0.07731,0.09492,0.14069,0.49547,0.50717,-0.48072,0.51595,4.53369
0.07731,0.09490,0.14069,0.49547,0.50717,-0.48072,0.51595,4.55419
0.07731,0.09488,0.14069,0.49547,0.50717,-0.48072,0.51595,4.57432
0.07732,0.09486,0.14069,0.49547,0.50717,-0.48072,0.51595,4.59408
0.07732,0.09484,0.14069,0.49547,0.50717,-0.48072,0.51595,4.61344
0.07732,0.09482,0.14069,0.49547,0.50717,-0.48072,0.51595,4.63242
0.07732,0.09480,0.14069,0.49547,0.50717,-0.48072,0.51595,4.65099
0.07732,0.09479,0.14069,0.49547,0.50717,-0.48072,0.51595,4.66917
0.07732,0.09477,0.14069,0.49547,0.50717,-0.48072,0.51595,4.68694
0.07732,0.09475,0.14069,0.49547,0.50717,-0.48072,0.51595,4.70431
0.07732,0.09473,0.14069,0.49547,0.50717,-0.48072,0.51595,4.72125
0.07732,0.09472,0.14069,0.49547,0.50717,-0.48072,0.51595,4.73778
0.07732,0.09470,0.14068,0.49547,0.50717,-0.48072,0.51595,4.75387
0.07732,0.09468,0.14068,0.49547,0.50717,-0.48072,0.51595,4.76954
0.07732,0.09467,0.14068,0.49547,0.50717,-0.48072,0.51595,4.78477
0.07733,0.09465,0.14068,0.49547,0.50717,-0.48072,0.51595,4.79956
0.07733,0.09464,0.14068,0.49547,0.50717,-0.48072,0.51595,4.81391
0.07733,0.09462,0.14068,0.49547,0.50717,-0.48072,0.51595,4.82781
0.07733,0.09461,0.14068,0.49547,0.50717,-0.48072,0.51595,4.84125
0.07733,0.09460,0.14068,0.49547,0.50717,-0.48072,0.51595,4.85423
0.07733,0.09459,0.14068,0.49547,0.50717,-0.48072,0.51595,4.86674
0.07733,0.09457,0.14068,0.49547,0.50717,-0.48072,0.51595,4.87879
0.07733,0.09456,0.14068,0.49547,0.50717,-0.48072,0.51595,4.89036
0.07733,0.09455,0.14068,0.49547,0.50717,-0.48072,0.51595,4.90145
0.07733,0.09454,0.14068,0.49547,0.50717,-0.48072,0.51595,4.91205
0.07733,0.09453,0.14068,0.49547,0.50717,-0.48072,0.51595,4.92217
0.07733,0.09452,0.14068,0.49547,0.50717,-0.48072,0.51595,4.93180
0.07733,0.09451,0.14068,0.49547,0.50717,-0.48072,0.51595,4.94093
0.07733,0.09450,0.14068,0.49547,0.50717,-0.48072,0.51595,4.94955
0.07733,0.09449,0.14068,0.49547,0.50717,-0.48072,0.51595,4.95767
0.07733,0.09448,0.14068,0.49547,0.50717,-0.48072,0.51595,4.96527
0.07733,0.09448,0.14068,0.49547,0.50717,-0.48072,0.51595,4.97236
0.07733,0.09447,0.14068,0.49547,0.50717,-0.48072,0.51595,4.97893
0.07733,0.09446,0.14068,0.49547,0.50717,-0.48072,0.51595,4.98498
0.07733,0.09446,0.14068,0.49547,0.50717,-0.48072,0.51595,4.99049
0.07733,0.09445,0.14068,0.49547,0.50717,-0.48072,0.51595,4.99547
0.07733,0.09445,0.14068,0.49547,0.50717,-0.48072,0.51595,4.99991
0.07733,0.09444,0.14068,0.49547,0.50717,-0.48072,0.51595,5.00381
0.07733,0.09444,0.14068,0.49547,0.50717,-0.48072,0.51595,5.00717
0.07733,0.09444,0.14068,0.49547,0.50717,-0.48072,0.51595,5.00997
0.07734,0.09443,0.14068,0.49547,0.50717,-0.48072,0.51595,5.01222
0.07734,0.09443,0.14068,0.49547,0.50717,-0.48072,0.51595,5.01391
0.07734,0.09443,0.14068,0.49547,0.50717,-0.48072,0.51595,5.01504
0.07734,0.09443,0.14068,0.49547,0.50717,-0.48072,0.51595,5.01560
0.07734,0.09443,0.14068,0.49547,0.50717,-0.48072,0.51595,5.01561
0.07734,0.09443,0.14068,0.49547,0.50717,-0.48072,0.51595,5.01619
0.07734,0.09443,0.14068,0.49547,0.50717,-0.48072,0.51595,5.01736
0.07734,0.09443,0.14068,0.49547,0.50717,-0.48072,0.51595,5.01910
0.07734,0.09443,0.14068,0.49547,0.50717,-0.48072,0.51595,5.02143
0.07733,0.09444,0.14068,0.49547,0.50717,-0.48072,0.51595,5.02435
0.07733,0.09444,0.14068,0.49547,0.50717,-0.48072,0.51595,5.02786
0.07733,0.09444,0.14068,0.49547,0.50717,-0.48072,0.51595,5.03197
0.07733,0.09445,0.14068,0.49547,0.50717,-0.48072,0.51595,5.03668
0.07733,0.09445,0.14068,0.49547,0.50717,-0.48072,0.51595,5.04199
0.07733,0.09446,0.14068,0.49547,0.50717,-0.48072,0.51595,5.04790
0.07733,0.09447,0.14068,0.49547,0.50717,-0.48072,0.51595,5.05443
0.07733,0.09447,0.14068,0.49547,0.50717,-0.48072,0.51595,5.06157
0.07733,0.09448,0.14068,0.49547,0.50717,-0.48072,0.51595,5.06932
0.07733,0.09449,0.14068,0.49547,0.50717,-0.48072,0.51595,5.07769
0.07733,0.09450,0.14068,0.49547,0.50717,-0.48072,0.51595,5.08668
0.07733,0.09451,0.14068,0.49547,0.50717,-0.48072,0.51595,5.09630
0.07733,0.09452,0.14068,0.49547,0.50717,-0.48072,0.51595,5.10654
0.07733,0.09453,0.14068,0.49547,0.50717,-0.48072,0.51595,5.11742
0.07733,0.09454,0.14068,0.49547,0.50717,-0.48072,0.51595,5.12892
0.07733,0.09455,0.14068,0.49547,0.50717,-0.48072,0.51595,5.14106
0.07733,0.09456,0.14068,0.49547,0.50717,-0.48072,0.51595,5.15384
0.07733,0.09457,0.14068,0.49547,0.50717,-0.48072,0.51595,5.16726
0.07733,0.09459,0.14068,0.49547,0.50717,-0.48072,0.51595,5.18131
0.07733,0.09460,0.14068,0.49547,0.50717,-0.48072,0.51595,5.19601
0.07733,0.09462,0.14068,0.49547,0.50717,-0.48072,0.51595,5.21136
0.07733,0.09463,0.14068,0.49547,0.50717,-0.48072,0.51595,5.22736
0.07733,0.09465,0.14068,0.49547,0.50717,-0.48072,0.51595,5.24400
0.07732,0.09467,0.14068,0.49547,0.50717,-0.48072,0.51595,5.26129
0.07732,0.09468,0.14068,0.49547,0.50717,-0.48072,0.51595,5.27924
0.07732,0.09470,0.14068,0.49547,0.50717,-0.48072,0.51595,5.29784
0.07732,0.09472,0.14069,0.49547,0.50717,-0.48072,0.51595,5.31710
0.07732,0.09474,0.14069,0.49547,0.50717,-0.48072,0.51595,5.33701
0.07732,0.09476,0.14069,0.49547,0.50717,-0.48072,0.51595,5.35759
0.07732,0.09478,0.14069,0.49547,0.50717,-0.48072,0.51595,5.37882
0.07732,0.09480,0.14069,0.49547,0.50717,-0.48072,0.51595,5.40071
0.07732,0.09483,0.14069,0.49547,0.50717,-0.48072,0.51595,5.42326
0.07732,0.09485,0.14069,0.49547,0.50717,-0.48072,0.51595,5.44648
0.07731,0.09487,0.14069,0.49547,0.50717,-0.48072,0.51595,5.47036
0.07731,0.09490,0.14069,0.49547,0.50717,-0.48072,0.51595,5.49490
0.07731,0.09492,0.14069,0.49547,0.50717,-0.48072,0.51595,5.52010
0.07731,0.09495,0.14069,0.49547,0.50717,-0.48072,0.51595,5.54597
0.07731,0.09497,0.14069,0.49547,0.50717,-0.48072,0.51595,5.57251
0.07731,0.09500,0.14069,0.49547,0.50717,-0.48072,0.51595,5.59971
0.07731,0.09503,0.14069,0.49547,0.50717,-0.48072,0.51595,5.62757
0.07731,0.09506,0.14069,0.49547,0.50717,-0.48072,0.51595,5.65610
0.07730,0.09509,0.14069,0.49547,0.50717,-0.48072,0.51595,5.68529
0.07730,0.09511,0.14069,0.49547,0.50717,-0.48072,0.51595,5.71515
0.07730,0.09514,0.14069,0.49547,0.50717,-0.48072,0.51595,5.74566
0.07730,0.09518,0.14069,0.49547,0.50717,-0.48072,0.51595,5.77685
0.07730,0.09521,0.14069,0.49547,0.50717,-0.48072,0.51595,5.80869
0.07730,0.09524,0.14069,0.49547,0.50717,-0.48072,0.51595,5.84119
0.07730,0.09527,0.14069,0.49547,0.50717,-0.48072,0.51595,5.87436
0.07729,0.09531,0.14069,0.49547,0.50717,-0.48072,0.51595,5.90818
0.07729,0.09534,0.14069,0.49547,0.50717,-0.48072,0.51595,5.94266
0.07729,0.09537,0.14069,0.49547,0.50717,-0.48072,0.51595,5.97779
0.07729,0.09541,0.14069,0.49547,0.50717,-0.48072,0.51595,6.01358
0.07729,0.09545,0.14069,0.49547,0.50717,-0.48072,0.51595,6.05002
0.07729,0.09548,0.14069,0.49547,0.50717,-0.48072,0.51595,6.08712
0.07728,0.09552,0.14069,0.49547,0.50717,-0.48072,0.51595,6.12486
0.07728,0.09556,0.14069,0.49547,0.50717,-0.48072,0.51595,6.16325
0.07728,0.09560,0.14069,0.49547,0.50717,-0.48072,0.51595,6.20228
0.07728,0.09564,0.14069,0.49547,0.50717,-0.48072,0.51595,6.24195
0.07728,0.09568,0.14069,0.49547,0.50717,-0.48072,0.51595,6.28227
0.07727,0.09572,0.14069,0.49547,0.50717,-0.48072,0.51595,6.32321
0.07727,0.09576,0.14069,0.49547,0.50717,-0.48072,0.51595,6.36480
0.07727,0.09580,0.14069,0.49547,0.50717,-0.48072,0.51595,6.40701
0.07727,0.09584,0.14069,0.49547,0.50717,-0.48072,0.51595,6.44985
0.07727,0.09589,0.14069,0.49547,0.50717,-0.48072,0.51595,6.49332
0.07726,0.09593,0.14069,0.49547,0.50717,-0.48072,0.51595,6.53741
0.07726,0.09597,0.14069,0.49547,0.50717,-0.48072,0.51595,6.58211
0.07726,0.09602,0.14069,0.49547,0.50717,-0.48072,0.51595,6.62743
0.07726,0.09606,0.14069,0.49547,0.50717,-0.48072,0.51595,6.67335
0.07726,0.09611,0.14069,0.49547,0.50717,-0.48072,0.51595,6.71988
0.07725,0.09616,0.14069,0.49547,0.50717,-0.48072,0.51595,6.76702
0.07725,0.09621,0.14069,0.49547,0.50717,-0.48072,0.51595,6.81475
0.07725,0.09625,0.14069,0.49547,0.50717,-0.48072,0.51595,6.86307
0.07725,0.09630,0.14069,0.49547,0.50717,-0.48072,0.51595,6.91198
0.07725,0.09635,0.14069,0.49547,0.50717,-0.48072,0.51595,6.96147
0.07724,0.09640,0.14069,0.49547,0.50717,-0.48072,0.51595,7.01153
0.07724,0.09645,0.14069,0.49547,0.50717,-0.48072,0.51595,7.06217
0.07724,0.09650,0.14069,0.49547,0.50717,-0.48072,0.51595,7.11338
0.07724,0.09655,0.14069,0.49547,0.50717,-0.48072,0.51595,7.16515
0.07723,0.09661,0.14070,0.49547,0.50717,-0.48072,0.51595,7.21747
0.07723,0.09666,0.14070,0.49547,0.50717,-0.48072,0.51595,7.27035
0.07723,0.09671,0.14070,0.49547,0.50717,-0.48072,0.51595,7.32377
0.07723,0.09677,0.14070,0.49547,0.50717,-0.48072,0.51595,7.37772
0.07722,0.09682,0.14070,0.49547,0.50717,-0.48072,0.51595,7.43221
0.07722,0.09687,0.14070,0.49547,0.50717,-0.48072,0.51595,7.48722
0.07722,0.09693,0.14070,0.49547,0.50717,-0.48072,0.51595,7.54275
0.07722,0.09699,0.14070,0.49547,0.50717,-0.48072,0.51595,7.59879
0.07721,0.09704,0.14070,0.49547,0.50717,-0.48072,0.51595,7.65533
0.07721,0.09710,0.14070,0.49547,0.50717,-0.48072,0.51595,7.71238
0.07721,0.09716,0.14070,0.49547,0.50717,-0.48072,0.51595,7.76991
0.07720,0.09721,0.14070,0.49547,0.50717,-0.48072,0.51595,7.82792
0.07720,0.09727,0.14070,0.49547,0.50717,-0.48072,0.51595,7.88641
0.07720,0.09733,0.14070,0.49547,0.50717,-0.48072,0.51595,7.94536
0.07720,0.09739,0.14070,0.49547,0.50717,-0.48072,0.51595,8.00478
0.07719,0.09745,0.14070,0.49547,0.50717,-0.48072,0.51595,8.06464
0.07719,0.09751,0.14070,0.49547,0.50717,-0.48072,0.51595,8.12495
0.07719,0.09757,0.14070,0.49547,0.50717,-0.48072,0.51595,8.18569
0.07719,0.09763,0.14070,0.49547,0.50717,-0.48072,0.51595,8.24685
0.07718,0.09769,0.14070,0.49547,0.50717,-0.48072,0.51595,8.30844
0.07718,0.09775,0.14070,0.49547,0.50717,-0.48072,0.51595,8.37042
0.07718,0.09782,0.14070,0.49547,0.50717,-0.48072,0.51595,8.43281
0.07717,0.09788,0.14070,0.49547,0.50717,-0.48072,0.51595,8.49559
0.07717,0.09794,0.14070,0.49547,0.50717,-0.48072,0.51595,8.55874
0.07717,0.09800,0.14070,0.49547,0.50717,-0.48072,0.51595,8.62227
0.07716,0.09807,0.14070,0.49547,0.50717,-0.48072,0.51595,8.68615
0.07716,0.09813,0.14070,0.49547,0.50717,-0.48072,0.51595,8.75039
0.07716,0.09820,0.14070,0.49547,0.50717,-0.48072,0.51595,8.81496
0.07716,0.09826,0.14070,0.49547,0.50717,-0.48072,0.51595,8.87986
0.07715,0.09833,0.14070,0.49547,0.50717,-0.48072,0.51595,8.94509
0.07715,0.09839,0.14070,0.49547,0.50717,-0.48072,0.51595,9.01062
0.07715,0.09846,0.14071,0.49547,0.50717,-0.48072,0.51595,9.07645
0.07714,0.09852,0.14071,0.49547,0.50717,-0.48072,0.51595,9.14256
0.07714,0.09859,0.14071,0.49547,0.50717,-0.48072,0.51595,9.20895
0.07714,0.09866,0.14071,0.49547,0.50717,-0.48072,0.51595,9.27561
0.07713,0.09872,0.14071,0.49547,0.50717,-0.48072,0.51595,9.34251
0.07713,0.09879,0.14071,0.49547,0.50717,-0.48072,0.51595,9.40966
0.07713,0.09886,0.14071,0.49547,0.50717,-0.48072,0.51595,9.47704
0.07712,0.09893,0.14071,0.49547,0.50717,-0.48072,0.51595,9.54464
0.07712,0.09899,0.14071,0.49547,0.50717,-0.48072,0.51595,9.61244
0.07712,0.09906,0.14071,0.49547,0.50717,-0.48072,0.51595,9.68044
0.07711,0.09913,0.14071,0.49547,0.50717,-0.48072,0.51595,9.74862
0.07711,0.09920,0.14071,0.49547,0.50717,-0.48072,0.51595,9.81697
0.07711,0.09927,0.14071,0.49547,0.50717,-0.48072,0.51595,9.88547
0.07711,0.09933,0.14071,0.49547,0.50717,-0.48072,0.51595,9.95412
0.07710,0.09939,0.14071,0.49547,0.50717,-0.48072,0.51595,10.02290
0.07710,0.09946,0.14071,0.49547,0.50717,-0.48072,0.51595,10.09180
0.07710,0.09953,0.14071,0.49547,0.50717,-0.48072,0.51595,10.16080
0.07709,0.09960,0.14071,0.49547,0.50717,-0.48072,0.51595,10.22989
0.07709,0.09967,0.14071,0.49547,0.50717,-0.48072,0.51595,10.29906
0.07709,0.09974,0.14071,0.49547,0.50717,-0.48072,0.51595,10.36830
0.07708,0.09981,0.14071,0.49547,0.50717,-0.48072,0.51595,10.43758
0.07708,0.09988,0.14071,0.49547,0.50717,-0.48072,0.51595,10.50691
0.07708,0.09995,0.14071,0.49547,0.50717,-0.48072,0.51595,10.57626
0.07707,0.10002,0.14071,0.49547,0.50717,-0.48072,0.51595,10.64561
0.07707,0.10008,0.14071,0.49547,0.50717,-0.48072,0.51595,10.71497
0.07707,0.10015,0.14071,0.49547,0.50717,-0.48072,0.51595,10.78430
0.07706,0.10022,0.14071,0.49547,0.50717,-0.48072,0.51595,10.85360
0.07706,0.10029,0.14072,0.49547,0.50717,-0.48072,0.51595,10.92285
0.07706,0.10036,0.14072,0.49547,0.50717,-0.48072,0.51595,10.99204
0.07705,0.10043,0.14072,0.49547,0.50717,-0.48072,0.51595,11.06115
0.07705,0.10050,0.14072,0.49547,0.50717,-0.48072,0.51595,11.13017
0.07705,0.10057,0.14072,0.49547,0.50717,-0.48072,0.51595,11.19908
0.07704,0.10064,0.14072,0.49547,0.50717,-0.48072,0.51595,11.26788
0.07704,0.10071,0.14072,0.49547,0.50717,-0.48072,0.51595,11.33653
0.07704,0.10078,0.14072,0.49547,0.50717,-0.48072,0.51595,11.40503
0.07703,0.10084,0.14072,0.49547,0.50717,-0.48072,0.51595,11.47337
0.07703,0.10091,0.14072,0.49547,0.50717,-0.48072,0.51595,11.54152
0.07703,0.10098,0.14072,0.49547,0.50717,-0.48072,0.51595,11.60947
0.07702,0.10105,0.14072,0.49547,0.50717,-0.48072,0.51595,11.67722
0.07702,0.10112,0.14072,0.49547,0.50717,-0.48072,0.51595,11.74473
0.07702,0.10118,0.14072,0.49547,0.50717,-0.48072,0.51595,11.81199
0.07701,0.10125,0.14072,0.49547,0.50717,-0.48072,0.51595,11.87900
0.07701,0.10132,0.14072,0.49547,0.50717,-0.48072,0.51595,11.94573
0.07701,0.10138,0.14072,0.49547,0.50717,-0.48072,0.51595,12.01217
0.07701,0.10145,0.14072,0.49547,0.50717,-0.48072,0.51595,12.07830
0.07700,0.10152,0.14072,0.49547,0.50717,-0.48072,0.51595,12.14410
0.07700,0.10158,0.14072,0.49547,0.50717,-0.48072,0.51595,12.20957
0.07700,0.10165,0.14072,0.49547,0.50717,-0.48072,0.51595,12.27468
0.07699,0.10171,0.14072,0.49547,0.50717,-0.48072,0.51595,12.33941
0.07699,0.10178,0.14072,0.49547,0.50717,-0.48072,0.51595,12.40376
0.07699,0.10184,0.14072,0.49547,0.50717,-0.48072,0.51595,12.46770
0.07698,0.10190,0.14072,0.49547,0.50717,-0.48072,0.51595,12.53123
0.07698,0.10197,0.14072,0.49547,0.50717,-0.48072,0.51595,12.59431
0.07698,0.10203,0.14072,0.49547,0.50717,-0.48072,0.51595,12.65695
0.07698,0.10209,0.14073,0.49547,0.50717,-0.48072,0.51595,12.71911
0.07697,0.10215,0.14073,0.49547,0.50717,-0.48072,0.51595,12.78079
0.07697,0.10222,0.14073,0.49547,0.50717,-0.48072,0.51595,12.84197
0.07697,0.10228,0.14073,0.49547,0.50717,-0.48072,0.51595,12.90262
0.07696,0.10234,0.14073,0.49547,0.50717,-0.48072,0.51595,12.96275
0.07696,0.10240,0.14073,0.49547,0.50717,-0.48072,0.51595,13.02232
0.07696,0.10246,0.14073,0.49547,0.50717,-0.48072,0.51595,13.08133
0.07695,0.10252,0.14073,0.49547,0.50717,-0.48072,0.51595,13.13975
0.07695,0.10257,0.14073,0.49547,0.50717,-0.48072,0.51595,13.19757
0.07695,0.10263,0.14073,0.49547,0.50717,-0.48072,0.51595,13.25478
0.07695,0.10269,0.14073,0.49547,0.50717,-0.48072,0.51595,13.31135
0.07694,0.10274,0.14073,0.49547,0.50717,-0.48072,0.51595,13.36728
0.07694,0.10280,0.14073,0.49547,0.50717,-0.48072,0.51595,13.42254
0.07694,0.10285,0.14073,0.49547,0.50717,-0.48072,0.51595,13.47712
0.07694,0.10291,0.14073,0.49547,0.50717,-0.48072,0.51595,13.53101
0.07693,0.10296,0.14073,0.49547,0.50717,-0.48072,0.51595,13.58418
0.07693,0.10302,0.14073,0.49547,0.50717,-0.48072,0.51595,13.63663
0.07693,0.10307,0.14073,0.49547,0.50717,-0.48072,0.51595,13.68833
0.07693,0.10312,0.14073,0.49547,0.50717,-0.48072,0.51595,13.73927
0.07692,0.10317,0.14073,0.49547,0.50717,-0.48072,0.51595,13.78944
0.07692,0.10322,0.14073,0.49547,0.50717,-0.48072,0.51595,13.83882
0.07692,0.10327,0.14073,0.49547,0.50717,-0.48072,0.51595,13.88739
0.07692,0.10332,0.14073,0.49547,0.50717,-0.48072,0.51595,13.93513
0.07692,0.10336,0.14073,0.49547,0.50717,-0.48072,0.51595,13.98204
0.07691,0.10341,0.14073,0.49547,0.50717,-0.48072,0.51595,14.02810
0.07691,0.10346,0.14073,0.49547,0.50717,-0.48072,0.51595,14.07329
0.07691,0.10350,0.14073,0.49547,0.50717,-0.48072,0.51595,14.11760
0.07691,0.10354,0.14073,0.49547,0.50717,-0.48072,0.51595,14.16101
0.07690,0.10359,0.14073,0.49547,0.50717,-0.48072,0.51595,14.20351
0.07690,0.10363,0.14073,0.49547,0.50717,-0.48072,0.51595,14.24508
0.07690,0.10367,0.14073,0.49547,0.50717,-0.48072,0.51595,14.28570
0.07690,0.10371,0.14073,0.49547,0.50717,-0.48072,0.51595,14.32538
0.07690,0.10375,0.14073,0.49547,0.50717,-0.48072,0.51595,14.36408
0.07690,0.10379,0.14073,0.49547,0.50717,-0.48072,0.51595,14.40180
0.07689,0.10382,0.14073,0.49547,0.50717,-0.48072,0.51595,14.43852
0.07689,0.10386,0.14073,0.49547,0.50717,-0.48072,0.51595,14.47423
0.07689,0.10390,0.14073,0.49547,0.50717,-0.48072,0.51595,14.50891
0.07689,0.10393,0.14073,0.49547,0.50717,-0.48072,0.51595,14.54256
0.07689,0.10396,0.14074,0.49547,0.50717,-0.48072,0.51595,14.57515
0.07689,0.10400,0.14074,0.49547,0.50717,-0.48072,0.51595,14.60668
0.07688,0.10403,0.14074,0.49547,0.50717,-0.48072,0.51595,14.63713
0.07688,0.10406,0.14074,0.49547,0.50717,-0.48072,0.51595,14.66649
0.07688,0.10409,0.14074,0.49547,0.50717,-0.48072,0.51595,14.69474
0.07688,0.10411,0.14074,0.49547,0.50717,-0.48072,0.51595,14.72188
0.07688,0.10414,0.14074,0.49547,0.50717,-0.48072,0.51595,14.74790
0.07688,0.10417,0.14074,0.49547,0.50717,-0.48072,0.51595,14.77277
0.07688,0.10419,0.14074,0.49547,0.50717,-0.48072,0.51595,14.79650
0.07688,0.10421,0.14074,0.49547,0.50717,-0.48072,0.51595,14.81906
0.07687,0.10423,0.14074,0.49547,0.50717,-0.48072,0.51595,14.84045
0.07687,0.10426,0.14074,0.49547,0.50717,-0.48072,0.51595,14.86066
0.07687,0.10427,0.14074,0.49547,0.50717,-0.48072,0.51595,14.87967
0.07687,0.10429,0.14074,0.49547,0.50717,-0.48072,0.51595,14.89747
0.07687,0.10431,0.14074,0.49547,0.50717,-0.48072,0.51595,14.91406
0.07687,0.10433,0.14074,0.49547,0.50717,-0.48072,0.51595,14.92943
0.07687,0.10434,0.14074,0.49547,0.50717,-0.48072,0.51595,14.94357
0.07687,0.10435,0.14074,0.49547,0.50717,-0.48072,0.51595,14.95645
0.07687,0.10437,0.14074,0.49547,0.50717,-0.48072,0.51595,14.96809
0.07687,0.10438,0.14074,0.49547,0.50717,-0.48072,0.51595,14.97847
0.07687,0.10439,0.14074,0.49547,0.50717,-0.48072,0.51595,14.98757
0.07687,0.10440,0.14074,0.49547,0.50717,-0.48072,0.51595,14.99540
0.07687,0.10440,0.14074,0.49547,0.50717,-0.48072,0.51595,15.00195
0.07687,0.10441,0.14074,0.49547,0.50717,-0.48072,0.51595,15.00720
0.07687,0.10441,0.14074,0.49547,0.50717,-0.48072,0.51595,15.01115
0.07687,0.10442,0.14074,0.49547,0.50717,-0.48072,0.51595,15.01379
0.07687,0.10442,0.14074,0.49547,0.50717,-0.48072,0.51595,15.01512
0.07687,0.10442,0.14074,0.49547,0.50717,-0.48072,0.51595,15.01514
0.07687,0.10442,0.14074,0.49547,0.50717,-0.48072,0.51595,15.01645
0.07687,0.10442,0.14074,0.49547,0.50717,-0.48072,0.51595,15.01909
0.07687,0.10441,0.14074,0.49547,0.50717,-0.48072,0.51595,15.02307
0.07687,0.10441,0.14074,0.49547,0.50717,-0.48072,0.51595,15.02840
0.07687,0.10440,0.14074,0.49547,0.50717,-0.48072,0.51595,15.03506
0.07687,0.10440,0.14074,0.49547,0.50717,-0.48072,0.51595,15.04308
0.07687,0.10439,0.14074,0.49547,0.50717,-0.48072,0.51595,15.05245
0.07687,0.10438,0.14074,0.49547,0.50717,-0.48072,0.51595,15.06317
0.07687,0.10437,0.14074,0.49547,0.50717,-0.48072,0.51595,15.07525
0.07687,0.10435,0.14074,0.49547,0.50717,-0.48072,0.51595,15.08870
0.07687,0.10434,0.14074,0.49547,0.50717,-0.48072,0.51595,15.10351
0.07687,0.10432,0.14074,0.49547,0.50717,-0.48072,0.51595,15.11968
0.07687,0.10431,0.14074,0.49547,0.50717,-0.48072,0.51595,15.13722
0.07687,0.10429,0.14074,0.49547,0.50717,-0.48072,0.51595,15.15613
0.07687,0.10427,0.14074,0.49547,0.50717,-0.48072,0.51595,15.17641
0.07687,0.10425,0.14074,0.49547,0.50717,-0.48072,0.51595,15.19806
0.07687,0.10423,0.14074,0.49547,0.50717,-0.48072,0.51595,15.22107
0.07688,0.10420,0.14074,0.49547,0.50717,-0.48072,0.51595,15.24546
0.07688,0.10418,0.14074,0.49547,0.50717,-0.48072,0.51595,15.27120
0.07688,0.10415,0.14074,0.49547,0.50717,-0.48072,0.51595,15.29832
0.07688,0.10412,0.14074,0.49547,0.50717,-0.48072,0.51595,15.32680
0.07688,0.10409,0.14074,0.49547,0.50717,-0.48072,0.51595,15.35664
0.07688,0.10406,0.14074,0.49547,0.50717,-0.48072,0.51595,15.38783
0.07688,0.10403,0.14074,0.49547,0.50717,-0.48072,0.51595,15.42039
0.07689,0.10400,0.14074,0.49547,0.50717,-0.48072,0.51595,15.45429
0.07689,0.10396,0.14074,0.49547,0.50717,-0.48072,0.51595,15.48954
0.07689,0.10393,0.14073,0.49547,0.50717,-0.48072,0.51595,15.52613
0.07689,0.10389,0.14073,0.49547,0.50717,-0.48072,0.51595,15.56406
0.07689,0.10385,0.14073,0.49547,0.50717,-0.48072,0.51595,15.60333
0.07689,0.10381,0.14073,0.49547,0.50717,-0.48072,0.51595,15.64392
0.07690,0.10377,0.14073,0.49547,0.50717,-0.48072,0.51595,15.68582
0.07690,0.10373,0.14073,0.49547,0.50717,-0.48072,0.51595,15.72905
0.07690,0.10368,0.14073,0.49547,0.50717,-0.48072,0.51595,15.77357
0.07690,0.10364,0.14073,0.49547,0.50717,-0.48072,0.51595,15.81940
0.07690,0.10359,0.14073,0.49547,0.50717,-0.48072,0.51595,15.86652
0.07691,0.10354,0.14073,0.49547,0.50717,-0.48072,0.51595,15.91491
0.07691,0.10350,0.14073,0.49547,0.50717,-0.48072,0.51595,15.96458
0.07691,0.10345,0.14073,0.49547,0.50717,-0.48072,0.51595,16.01551
0.07691,0.10339,0.14073,0.49547,0.50717,-0.48072,0.51595,16.06770
0.07692,0.10334,0.14073,0.49547,0.50717,-0.48072,0.51595,16.12112
0.07692,0.10329,0.14073,0.49547,0.50717,-0.48072,0.51595,16.17578
0.07692,0.10323,0.14073,0.49547,0.50717,-0.48072,0.51595,16.23165
0.07692,0.10317,0.14073,0.49547,0.50717,-0.48072,0.51595,16.28874
0.07693,0.10312,0.14073,0.49547,0.50717,-0.48072,0.51595,16.34701
0.07693,0.10306,0.14073,0.49547,0.50717,-0.48072,0.51595,16.40647
0.07693,0.10300,0.14073,0.49547,0.50717,-0.48072,0.51595,16.46710
0.07694,0.10294,0.14073,0.49547,0.50717,-0.48072,0.51595,16.52889
0.07694,0.10287,0.14073,0.49547,0.50717,-0.48072,0.51595,16.59181
0.07694,0.10281,0.14073,0.49547,0.50717,-0.48072,0.51595,16.65586
0.07694,0.10275,0.14073,0.49547,0.50717,-0.48072,0.51595,16.72102
0.07695,0.10268,0.14073,0.49547,0.50717,-0.48072,0.51595,16.78728
0.07695,0.10261,0.14073,0.49547,0.50717,-0.48072,0.51595,16.85461
0.07695,0.10255,0.14073,0.49547,0.50717,-0.48072,0.51595,16.92301
0.07696,0.10248,0.14073,0.49547,0.50717,-0.48072,0.51595,16.99245
0.07696,0.10241,0.14073,0.49547,0.50717,-0.48072,0.51595,17.06292
0.07696,0.10234,0.14073,0.49547,0.50717,-0.48072,0.51595,17.13440
0.07697,0.10226,0.14073,0.49547,0.50717,-0.48072,0.51595,17.20687
0.07697,0.10219,0.14073,0.49547,0.50717,-0.48072,0.51595,17.28031
0.07697,0.10212,0.14073,0.49547,0.50717,-0.48072,0.51595,17.35470
0.07698,0.10204,0.14072,0.49547,0.50717,-0.48072,0.51595,17.43003
0.07698,0.10197,0.14072,0.49547,0.50717,-0.48072,0.51595,17.50627
0.07698,0.10189,0.14072,0.49547,0.50717,-0.48072,0.51595,17.58340
0.07699,0.10181,0.14072,0.49547,0.50717,-0.48072,0.51595,17.66141
0.07699,0.10173,0.14072,0.49547,0.50717,-0.48072,0.51595,17.74026
0.07700,0.10165,0.14072,0.49547,0.50717,-0.48072,0.51595,17.81994
0.07700,0.10157,0.14072,0.49547,0.50717,-0.48072,0.51595,17.90042
0.07700,0.10149,0.14072,0.49547,0.50717,-0.48072,0.51595,17.98169
0.07701,0.10141,0.14072,0.49547,0.50717,-0.48072,0.51595,18.06371
0.07701,0.10133,0.14072,0.49547,0.50717,-0.48072,0.51595,18.14647
0.07701,0.10125,0.14072,0.49547,0.50717,-0.48072,0.51595,18.22994
0.07702,0.10116,0.14072,0.49547,0.50717,-0.48072,0.51595,18.31410
0.07702,0.10108,0.14072,0.49547,0.50717,-0.48072,0.51595,18.39891
0.07703,0.10099,0.14072,0.49547,0.50717,-0.48072,0.51595,18.48437
0.07703,0.10091,0.14072,0.49547,0.50717,-0.48072,0.51595,18.57043
0.07703,0.10082,0.14072,0.49547,0.50717,-0.48072,0.51595,18.65708
0.07704,0.10073,0.14072,0.49547,0.50717,-0.48072,0.51595,18.74429
0.07704,0.10065,0.14072,0.49547,0.50717,-0.48072,0.51595,18.83203
0.07705,0.10056,0.14072,0.49547,0.50717,-0.48072,0.51595,18.92027
0.07705,0.10047,0.14072,0.49547,0.50717,-0.48072,0.51595,19.00899
0.07706,0.10038,0.14072,0.49547,0.50717,-0.48072,0.51595,19.09816
0.07706,0.10029,0.14072,0.49547,0.50717,-0.48072,0.51595,19.18774
0.07706,0.10020,0.14071,0.49547,0.50717,-0.48072,0.51595,19.27772
0.07707,0.10011,0.14071,0.49547,0.50717,-0.48072,0.51595,19.36807
0.07707,0.10002,0.14071,0.49547,0.50717,-0.48072,0.51595,19.45874
0.07708,0.09993,0.14071,0.49547,0.50717,-0.48072,0.51595,19.54972
0.07708,0.09984,0.14071,0.49547,0.50717,-0.48072,0.51595,19.64098
0.07708,0.09975,0.14071,0.49547,0.50717,-0.48072,0.51595,19.73248
0.07709,0.09966,0.14071,0.49547,0.50717,-0.48072,0.51595,19.82419
0.07709,0.09956,0.14071,0.49547,0.50717,-0.48072,0.51595,19.91609
0.07710,0.09947,0.14071,0.49547,0.50717,-0.48072,0.51595,20.00814
0.07710,0.09939,0.14071,0.49547,0.50717,-0.48072,0.51595,20.10032
0.07711,0.09930,0.14071,0.49547,0.50717,-0.48072,0.51595,20.19258
0.07711,0.09921,0.14071,0.49547,0.50717,-0.48072,0.51595,20.28490
0.07712,0.09911,0.14071,0.49547,0.50717,-0.48072,0.51595,20.37725
0.07712,0.09902,0.14071,0.49547,0.50717,-0.48072,0.51595,20.46959
0.07712,0.09893,0.14071,0.49547,0.50717,-0.48072,0.51595,20.56190
0.07713,0.09884,0.14071,0.49547,0.50717,-0.48072,0.51595,20.65413
0.07713,0.09874,0.14071,0.49547,0.50717,-0.48072,0.51595,20.74626
0.07714,0.09865,0.14071,0.49547,0.50717,-0.48072,0.51595,20.83826
0.07714,0.09856,0.14071,0.49547,0.50717,-0.48072,0.51595,20.93009
0.07715,0.09847,0.14071,0.49547,0.50717,-0.48072,0.51595,21.02172
0.07715,0.09838,0.14070,0.49547,0.50717,-0.48072,0.51595,21.11311
0.07715,0.09829,0.14070,0.49547,0.50717,-0.48072,0.51595,21.20424
0.07716,0.09820,0.14070,0.49547,0.50717,-0.48072,0.51595,21.29506
0.07716,0.09810,0.14070,0.49547,0.50717,-0.48072,0.51595,21.38555
0.07717,0.09801,0.14070,0.49547,0.50717,-0.48072,0.51595,21.47567
0.07717,0.09792,0.14070,0.49547,0.50717,-0.48072,0.51595,21.56538
0.07718,0.09783,0.14070,0.49547,0.50717,-0.48072,0.51595,21.65466
0.07718,0.09775,0.14070,0.49547,0.50717,-0.48072,0.51595,21.74347
0.07718,0.09766,0.14070,0.49547,0.50717,-0.48072,0.51595,21.83178
0.07719,0.09757,0.14070,0.49547,0.50717,-0.48072,0.51595,21.91955
0.07719,0.09748,0.14070,0.49547,0.50717,-0.48072,0.51595,22.00674
0.07720,0.09739,0.14070,0.49547,0.50717,-0.48072,0.51595,22.09333
0.07720,0.09731,0.14070,0.49547,0.50717,-0.48072,0.51595,22.17928
0.07720,0.09722,0.14070,0.49547,0.50717,-0.48072,0.51595,22.26456
0.07721,0.09714,0.14070,0.49547,0.50717,-0.48072,0.51595,22.34913
0.07721,0.09705,0.14070,0.49547,0.50717,-0.48072,0.51595,22.43296
0.07722,0.09697,0.14070,0.49547,0.50717,-0.48072,0.51595,22.51601
0.07722,0.09689,0.14070,0.49547,0.50717,-0.48072,0.51595,22.59826
0.07722,0.09681,0.14070,0.49547,0.50717,-0.48072,0.51595,22.67966
0.07723,0.09672,0.14070,0.49547,0.50717,-0.48072,0.51595,22.76019
0.07723,0.09664,0.14070,0.49547,0.50717,-0.48072,0.51595,22.83981
0.07723,0.09657,0.14070,0.49547,0.50717,-0.48072,0.51595,22.91849
0.07724,0.09649,0.14069,0.49547,0.50717,-0.48072,0.51595,22.99619
0.07724,0.09641,0.14069,0.49547,0.50717,-0.48072,0.51595,23.07289
0.07725,0.09633,0.14069,0.49547,0.50717,-0.48072,0.51595,23.14855
0.07725,0.09626,0.14069,0.49547,0.50717,-0.48072,0.51595,23.22313
0.07725,0.09618,0.14069,0.49547,0.50717,-0.48072,0.51595,23.29661
0.07726,0.09611,0.14069,0.49547,0.50717,-0.48072,0.51595,23.36895
0.07726,0.09604,0.14069,0.49547,0.50717,-0.48072,0.51595,23.44013
0.07726,0.09597,0.14069,0.49547,0.50717,-0.48072,0.51595,23.51010
0.07727,0.09590,0.14069,0.49547,0.50717,-0.48072,0.51595,23.57885
0.07727,0.09583,0.14069,0.49547,0.50717,-0.48072,0.51595,23.64633
0.07727,0.09577,0.14069,0.49547,0.50717,-0.48072,0.51595,23.71252
0.07728,0.09570,0.14069,0.49547,0.50717,-0.48072,0.51595,23.77739
0.07728,0.09564,0.14069,0.49547,0.50717,-0.48072,0.51595,23.84091
0.07728,0.09557,0.14069,0.49547,0.50717,-0.48072,0.51595,23.90305
0.07728,0.09551,0.14069,0.49547,0.50717,-0.48072,0.51595,23.96377
0.07729,0.09545,0.14069,0.49547,0.50717,-0.48072,0.51595,24.02306
0.07729,0.09539,0.14069,0.49547,0.50717,-0.48072,0.51595,24.08088
0.07729,0.09534,0.14069,0.49547,0.50717,-0.48072,0.51595,24.13720
0.07730,0.09528,0.14069,0.49547,0.50717,-0.48072,0.51595,24.19201
0.07730,0.09523,0.14069,0.49547,0.50717,-0.48072,0.51595,24.24526
0.07730,0.09517,0.14069,0.49547,0.50717,-0.48072,0.51595,24.29693
0.07730,0.09512,0.14069,0.49547,0.50717,-0.48072,0.51595,24.34700
0.07731,0.09507,0.14069,0.49547,0.50717,-0.48072,0.51595,24.39545
0.07731,0.09503,0.14069,0.49547,0.50717,-0.48072,0.51595,24.44224
0.07731,0.09498,0.14069,0.49547,0.50717,-0.48072,0.51595,24.48735
0.07731,0.09494,0.14069,0.49547,0.50717,-0.48072,0.51595,24.53077
0.07731,0.09489,0.14069,0.49547,0.50717,-0.48072,0.51595,24.57245
0.07732,0.09485,0.14069,0.49547,0.50717,-0.48072,0.51595,24.61239
0.07732,0.09481,0.14069,0.49547,0.50717,-0.48072,0.51595,24.65056
0.07732,0.09478,0.14069,0.49547,0.50717,-0.48072,0.51595,24.68694
0.07732,0.09474,0.14069,0.49547,0.50717,-0.48072,0.51595,24.72150
0.07732,0.09471,0.14068,0.49547,0.50717,-0.48072,0.51595,24.75423
0.07732,0.09467,0.14068,0.49547,0.50717,-0.48072,0.51595,24.78511
0.07733,0.09464,0.14068,0.49547,0.50717,-0.48072,0.51595,24.81411
0.07733,0.09462,0.14068,0.49547,0.50717,-0.48072,0.51595,24.84123
0.07733,0.09459,0.14068,0.49547,0.50717,-0.48072,0.51595,24.86643
0.07733,0.09457,0.14068,0.49547,0.50717,-0.48072,0.51595,24.88971
0.07733,0.09454,0.14068,0.49547,0.50717,-0.48072,0.51595,24.91105
0.07733,0.09452,0.14068,0.49547,0.50717,-0.48072,0.51595,24.93043
0.07733,0.09451,0.14068,0.49547,0.50717,-0.48072,0.51595,24.94784
0.07733,0.09449,0.14068,0.49547,0.50717,-0.48072,0.51595,24.96326
0.07733,0.09447,0.14068,0.49547,0.50717,-0.48072,0.51595,24.97668
0.07733,0.09446,0.14068,0.49547,0.50717,-0.48072,0.51595,24.98809
0.07733,0.09445,0.14068,0.49547,0.50717,-0.48072,0.51595,24.99747
0.07733,0.09444,0.14068,0.49547,0.50717,-0.48072,0.51595,25.00482
0.07733,0.09444,0.14068,0.49547,0.50717,-0.48072,0.51595,25.01012
0.07734,0.09443,0.14068,0.49547,0.50717,-0.48072,0.51595,25.01337
0.07734,0.09443,0.14068,0.49547,0.50717,-0.48072,0.51595,25.01455
0.07734,0.09443,0.14068,0.49547,0.50717,-0.48072,0.51595,25.01544
0.07734,0.09443,0.14068,0.49547,0.50717,-0.48072,0.51595,25.01841
0.07733,0.09444,0.14068,0.49547,0.50717,-0.48072,0.51595,25.02346
0.07733,0.09444,0.14068,0.49547,0.50717,-0.48072,0.51595,25.03061
0.07733,0.09445,0.14068,0.49547,0.50717,-0.48072,0.51595,25.03985
0.07733,0.09446,0.14068,0.49547,0.50717,-0.48072,0.51595,25.05118
0.07733,0.09447,0.14068,0.49547,0.50717,-0.48072,0.51595,25.06462
0.07733,0.09449,0.14068,0.49547,0.50717,-0.48072,0.51595,25.08016
0.07733,0.09450,0.14068,0.49547,0.50717,-0.48072,0.51595,25.09780
0.07733,0.09452,0.14068,0.49547,0.50717,-0.48072,0.51595,25.11754
0.07733,0.09454,0.14068,0.49547,0.50717,-0.48072,0.51595,25.13939
0.07733,0.09457,0.14068,0.49547,0.50717,-0.48072,0.51595,25.16334
0.07733,0.09459,0.14068,0.49547,0.50717,-0.48072,0.51595,25.18938
0.07733,0.09462,0.14068,0.49547,0.50717,-0.48072,0.51595,25.21751
0.07733,0.09465,0.14068,0.49547,0.50717,-0.48072,0.51595,25.24773
0.07732,0.09468,0.14068,0.49547,0.50717,-0.48072,0.51595,25.28003
0.07732,0.09471,0.14068,0.49547,0.50717,-0.48072,0.51595,25.31441
0.07732,0.09475,0.14069,0.49547,0.50717,-0.48072,0.51595,25.35086
0.07732,0.09479,0.14069,0.49547,0.50717,-0.48072,0.51595,25.38936
0.07732,0.09482,0.14069,0.49547,0.50717,-0.48072,0.51595,25.42991
0.07731,0.09487,0.14069,0.49547,0.50717,-0.48072,0.51595,25.47250
0.07731,0.09491,0.14069,0.49547,0.50717,-0.48072,0.51595,25.51711
0.07731,0.09496,0.14069,0.49547,0.50717,-0.48072,0.51595,25.56374
0.07731,0.09500,0.14069,0.49547,0.50717,-0.48072,0.51595,25.61237
0.07731,0.09505,0.14069,0.49547,0.50717,-0.48072,0.51595,25.66298
0.07730,0.09510,0.14069,0.49547,0.50717,-0.48072,0.51595,25.71557
0.07730,0.09516,0.14069,0.49547,0.50717,-0.48072,0.51595,25.77010
0.07730,0.09521,0.14069,0.49547,0.50717,-0.48072,0.51595,25.82657
0.07730,0.09527,0.14069,0.49547,0.50717,-0.48072,0.51595,25.88496
0.07729,0.09533,0.14069,0.49547,0.50717,-0.48072,0.51595,25.94524
0.07729,0.09539,0.14069,0.49547,0.50717,-0.48072,0.51595,26.00740
0.07729,0.09545,0.14069,0.49547,0.50717,-0.48072,0.51595,26.07142
0.07728,0.09552,0.14069,0.49547,0.50717,-0.48072,0.51595,26.13727
0.07728,0.09559,0.14069,0.49547,0.50717,-0.48072,0.51595,26.20492
0.07728,0.09565,0.14069,0.49547,0.50717,-0.48072,0.51595,26.27436
0.07727,0.09573,0.14069,0.49547,0.50717,-0.48072,0.51595,26.34556
0.07727,0.09580,0.14069,0.49547,0.50717,-0.48072,0.51595,26.41850
0.07727,0.09587,0.14069,0.49547,0.50717,-0.48072,0.51595,26.49313
0.07726,0.09595,0.14069,0.49547,0.50717,-0.48072,0.51595,26.56945
0.07726,0.09602,0.14069,0.49547,0.50717,-0.48072,0.51595,26.64741
0.07726,0.09610,0.14069,0.49547,0.50717,-0.48072,0.51595,26.72699
0.07725,0.09618,0.14069,0.49547,0.50717,-0.48072,0.51595,26.80816
0.07725,0.09626,0.14069,0.49547,0.50717,-0.48072,0.51595,26.89088
0.07725,0.09635,0.14069,0.49547,0.50717,-0.48072,0.51595,26.97512
0.07724,0.09643,0.14069,0.49547,0.50717,-0.48072,0.51595,27.06085
0.07724,0.09652,0.14069,0.49547,0.50717,-0.48072,0.51595,27.14804
0.07723,0.09661,0.14070,0.49547,0.50717,-0.48072,0.51595,27.23664
0.07723,0.09670,0.14070,0.49547,0.50717,-0.48072,0.51595,27.32662
0.07722,0.09679,0.14070,0.49547,0.50717,-0.48072,0.51595,27.41794
0.07722,0.09688,0.14070,0.49547,0.50717,-0.48072,0.51595,27.51057
0.07722,0.09697,0.14070,0.49547,0.50717,-0.48072,0.51595,27.60447
0.07721,0.09707,0.14070,0.49547,0.50717,-0.48072,0.51595,27.69959
0.07721,0.09716,0.14070,0.49547,0.50717,-0.48072,0.51595,27.79590
0.07720,0.09726,0.14070,0.49547,0.50717,-0.48072,0.51595,27.89335
0.07720,0.09736,0.14070,0.49547,0.50717,-0.48072,0.51595,27.99191
0.07719,0.09746,0.14070,0.49547,0.50717,-0.48072,0.51595,28.09152
0.07719,0.09756,0.14070,0.49547,0.50717,-0.48072,0.51595,28.19215
0.07718,0.09766,0.14070,0.49547,0.50717,-0.48072,0.51595,28.29375
0.07718,0.09776,0.14070,0.49547,0.50717,-0.48072,0.51595,28.39627
0.07717,0.09786,0.14070,0.49547,0.50717,-0.48072,0.51595,28.49967
0.07717,0.09797,0.14070,0.49547,0.50717,-0.48072,0.51595,28.60391
0.07716,0.09807,0.14070,0.49547,0.50717,-0.48072,0.51595,28.70893
0.07716,0.09818,0.14070,0.49547,0.50717,-0.48072,0.51595,28.81469
0.07715,0.09828,0.14070,0.49547,0.50717,-0.48072,0.51595,28.92114
0.07715,0.09839,0.14070,0.49547,0.50717,-0.48072,0.51595,29.02823
0.07714,0.09850,0.14071,0.49547,0.50717,-0.48072,0.51595,29.13591
0.07714,0.09861,0.14071,0.49547,0.50717,-0.48072,0.51595,29.24413
0.07713,0.09871,0.14071,0.49547,0.50717,-0.48072,0.51595,29.35284
0.07713,0.09882,0.14071,0.49547,0.50717,-0.48072,0.51595,29.46198
0.07712,0.09893,0.14071,0.49547,0.50717,-0.48072,0.51595,29.57152
0.07712,0.09904,0.14071,0.49547,0.50717,-0.48072,0.51595,29.68138
0.07711,0.09915,0.14071,0.49547,0.50717,-0.48072,0.51595,29.79153
0.07711,0.09926,0.14071,0.49547,0.50717,-0.48072,0.51595,29.90190
0.07710,0.09937,0.14071,0.49547,0.50717,-0.48072,0.51595,30.01245
0.07710,0.09947,0.14071,0.49547,0.50717,-0.48072,0.51595,30.12312
0.07709,0.09958,0.14071,0.49547,0.50717,-0.48072,0.51595,30.23386
0.07709,0.09969,0.14071,0.49547,0.50717,-0.48072,0.51595,30.34460
0.07708,0.09981,0.14071,0.49547,0.50717,-0.48072,0.51595,30.45531
0.07708,0.09992,0.14071,0.49547,0.50717,-0.48072,0.51595,30.56591
0.07707,0.10003,0.14071,0.49547,0.50717,-0.48072,0.51595,30.67636
0.07707,0.10014,0.14071,0.49547,0.50717,-0.48072,0.51595,30.78660
0.07706,0.10025,0.14072,0.49547,0.50717,-0.48072,0.51595,30.89657
0.07706,0.10036,0.14072,0.49547,0.50717,-0.48072,0.51595,31.00622
0.07705,0.10047,0.14072,0.49547,0.50717,-0.48072,0.51595,31.11550
0.07705,0.10058,0.14072,0.49547,0.50717,-0.48072,0.51595,31.22434
0.07704,0.10068,0.14072,0.49547,0.50717,-0.48072,0.51595,31.33268
0.07704,0.10079,0.14072,0.49547,0.50717,-0.48072,0.51595,31.44049
0.07703,0.10090,0.14072,0.49547,0.50717,-0.48072,0.51595,31.54768
0.07703,0.10101,0.14072,0.49547,0.50717,-0.48072,0.51595,31.65422
0.07702,0.10111,0.14072,0.49547,0.50717,-0.48072,0.51595,31.76004
0.07702,0.10122,0.14072,0.49547,0.50717,-0.48072,0.51595,31.86509
0.07701,0.10132,0.14072,0.49547,0.50717,-0.48072,0.51595,31.96931
0.07701,0.10143,0.14072,0.49547,0.50717,-0.48072,0.51595,32.07265
0.07700,0.10153,0.14072,0.49547,0.50717,-0.48072,0.51595,32.17504
0.07700,0.10163,0.14072,0.49547,0.50717,-0.48072,0.51595,32.27644
0.07699,0.10173,0.14072,0.49547,0.50717,-0.48072,0.51595,32.37679
0.07699,0.10183,0.14072,0.49547,0.50717,-0.48072,0.51595,32.47603
0.07698,0.10193,0.14072,0.49547,0.50717,-0.48072,0.51595,32.57411
0.07698,0.10203,0.14072,0.49547,0.50717,-0.48072,0.51595,32.67097
0.07697,0.10212,0.14073,0.49547,0.50717,-0.48072,0.51595,32.76657
0.07697,0.10222,0.14073,0.49547,0.50717,-0.48072,0.51595,32.86083
0.07696,0.10231,0.14073,0.49547,0.50717,-0.48072,0.51595,32.95372
0.07696,0.10241,0.14073,0.49547,0.50717,-0.48072,0.51595,33.04518
0.07696,0.10250,0.14073,0.49547,0.50717,-0.48072,0.51595,33.13516
0.07695,0.10259,0.14073,0.49547,0.50717,-0.48072,0.51595,33.22360
0.07695,0.10267,0.14073,0.49547,0.50717,-0.48072,0.51595,33.31046
0.07694,0.10276,0.14073,0.49547,0.50717,-0.48072,0.51595,33.39567
0.07694,0.10284,0.14073,0.49547,0.50717,-0.48072,0.51595,33.47921
0.07694,0.10293,0.14073,0.49547,0.50717,-0.48072,0.51595,33.56100
0.07693,0.10301,0.14073,0.49547,0.50717,-0.48072,0.51595,33.64101
0.07693,0.10309,0.14073,0.49547,0.50717,-0.48072,0.51595,33.71918
0.07692,0.10316,0.14073,0.49547,0.50717,-0.48072,0.51595,33.79548
0.07692,0.10324,0.14073,0.49547,0.50717,-0.48072,0.51595,33.86984
0.07692,0.10331,0.14073,0.49547,0.50717,-0.48072,0.51595,33.94223
0.07691,0.10338,0.14073,0.49547,0.50717,-0.48072,0.51595,34.01261
0.07691,0.10345,0.14073,0.49547,0.50717,-0.48072,0.51595,34.08092
0.07691,0.10352,0.14073,0.49547,0.50717,-0.48072,0.51595,34.14713
0.07690,0.10359,0.14073,0.49547,0.50717,-0.48072,0.51595,34.21118
0.07690,0.10365,0.14073,0.49547,0.50717,-0.48072,0.51595,34.27305
0.07690,0.10371,0.14073,0.49547,0.50717,-0.48072,0.51595,34.33269
0.07690,0.10377,0.14073,0.49547,0.50717,-0.48072,0.51595,34.39006
0.07689,0.10382,0.14073,0.49547,0.50717,-0.48072,0.51595,34.44512
0.07689,0.10388,0.14073,0.49547,0.50717,-0.48072,0.51595,34.49784
0.07689,0.10393,0.14073,0.49547,0.50717,-0.48072,0.51595,34.54818
0.07689,0.10398,0.14074,0.49547,0.50717,-0.48072,0.51595,34.59611
0.07688,0.10403,0.14074,0.49547,0.50717,-0.48072,0.51595,34.64158
0.07688,0.10407,0.14074,0.49547,0.50717,-0.48072,0.51595,34.68457
0.07688,0.10411,0.14074,0.49547,0.50717,-0.48072,0.51595,34.72506
0.07688,0.10415,0.14074,0.49547,0.50717,-0.48072,0.51595,34.76300
0.07688,0.10419,0.14074,0.49547,0.50717,-0.48072,0.51595,34.79836
0.07687,0.10422,0.14074,0.49547,0.50717,-0.48072,0.51595,34.83113
0.07687,0.10425,0.14074,0.49547,0.50717,-0.48072,0.51595,34.86128
0.07687,0.10428,0.14074,0.49547,0.50717,-0.48072,0.51595,34.88877
0.07687,0.10431,0.14074,0.49547,0.50717,-0.48072,0.51595,34.91359
0.07687,0.10433,0.14074,0.49547,0.50717,-0.48072,0.51595,34.93572
0.07687,0.10435,0.14074,0.49547,0.50717,-0.48072,0.51595,34.95513
0.07687,0.10437,0.14074,0.49547,0.50717,-0.48072,0.51595,34.97181
0.07687,0.10439,0.14074,0.49547,0.50717,-0.48072,0.51595,34.98573
0.07687,0.10440,0.14074,0.49547,0.50717,-0.48072,0.51595,34.99689
0.07687,0.10441,0.14074,0.49547,0.50717,-0.48072,0.51595,35.00526
0.07687,0.10441,0.14074,0.49547,0.50717,-0.48072,0.51595,35.01083
0.07687,0.10442,0.14074,0.49547,0.50717,-0.48072,0.51595,35.01360
0.07687,0.10442,0.14074,0.49547,0.50717,-0.48072,0.51595,35.01365
0.07687,0.10442,0.14074,0.49547,0.50717,-0.48072,0.51595,35.01653
0.07687,0.10441,0.14074,0.49547,0.50717,-0.48072,0.51595,35.02224
0.07687,0.10441,0.14074,0.49547,0.50717,-0.48072,0.51595,35.03079
0.07687,0.10440,0.14074,0.49547,0.50717,-0.48072,0.51595,35.04218
0.07687,0.10438,0.14074,0.49547,0.50717,-0.48072,0.51595,35.05642
0.07687,0.10437,0.14074,0.49547,0.50717,-0.48072,0.51595,35.07350
0.07687,0.10435,0.14074,0.49547,0.50717,-0.48072,0.51595,35.09342
0.07687,0.10433,0.14074,0.49547,0.50717,-0.48072,0.51595,35.11619
0.07687,0.10430,0.14074,0.49547,0.50717,-0.48072,0.51595,35.14179
0.07687,0.10428,0.14074,0.49547,0.50717,-0.48072,0.51595,35.17022
0.07687,0.10425,0.14074,0.49547,0.50717,-0.48072,0.51595,35.20147
0.07687,0.10422,0.14074,0.49547,0.50717,-0.48072,0.51595,35.23553
0.07688,0.10418,0.14074,0.49547,0.50717,-0.48072,0.51595,35.27240
0.07688,0.10414,0.14074,0.49547,0.50717,-0.48072,0.51595,35.31205
0.07688,0.10410,0.14074,0.49547,0.50717,-0.48072,0.51595,35.35447
0.07688,0.10406,0.14074,0.49547,0.50717,-0.48072,0.51595,35.39965
0.07688,0.10401,0.14074,0.49547,0.50717,-0.48072,0.51595,35.44756
0.07689,0.10396,0.14074,0.49547,0.50717,-0.48072,0.51595,35.49820
0.07689,0.10391,0.14073,0.49547,0.50717,-0.48072,0.51595,35.55153
0.07689,0.10385,0.14073,0.49547,0.50717,-0.48072,0.51595,35.60753
0.07689,0.10380,0.14073,0.49547,0.50717,-0.48072,0.51595,35.66618
0.07690,0.10374,0.14073,0.49547,0.50717,-0.48072,0.51595,35.72745
0.07690,0.10367,0.14073,0.49547,0.50717,-0.48072,0.51595,35.79131
0.07690,0.10361,0.14073,0.49547,0.50717,-0.48072,0.51595,35.85773
0.07691,0.10354,0.14073,0.49547,0.50717,-0.48072,0.51595,35.92668
0.07691,0.10347,0.14073,0.49547,0.50717,-0.48072,0.51595,35.99812
0.07691,0.10340,0.14073,0.49547,0.50717,-0.48072,0.51595,36.07203
0.07692,0.10332,0.14073,0.49547,0.50717,-0.48072,0.51595,36.14836
0.07692,0.10325,0.14073,0.49547,0.50717,-0.48072,0.51595,36.22707
0.07692,0.10317,0.14073,0.49547,0.50717,-0.48072,0.51595,36.30812
0.07693,0.10308,0.14073,0.49547,0.50717,-0.48072,0.51595,36.39148
0.07693,0.10300,0.14073,0.49547,0.50717,-0.48072,0.51595,36.47710
0.07694,0.10291,0.14073,0.49547,0.50717,-0.48072,0.51595,36.56493
0.07694,0.10282,0.14073,0.49547,0.50717,-0.48072,0.51595,36.65492
0.07694,0.10273,0.14073,0.49547,0.50717,-0.48072,0.51595,36.74703
0.07695,0.10264,0.14073,0.49547,0.50717,-0.48072,0.51595,36.84121
0.07695,0.10254,0.14073,0.49547,0.50717,-0.48072,0.51595,36.93741
0.07696,0.10245,0.14073,0.49547,0.50717,-0.48072,0.51595,37.03557
0.07696,0.10235,0.14073,0.49547,0.50717,-0.48072,0.51595,37.13564
0.07697,0.10225,0.14073,0.49547,0.50717,-0.48072,0.51595,37.23756
0.07697,0.10214,0.14073,0.49547,0.50717,-0.48072,0.51595,37.34128
0.07698,0.10204,0.14072,0.49547,0.50717,-0.48072,0.51595,37.44674
0.07698,0.10193,0.14072,0.49547,0.50717,-0.48072,0.51595,37.55387
0.07699,0.10183,0.14072,0.49547,0.50717,-0.48072,0.51595,37.66262
0.07699,0.10172,0.14072,0.49547,0.50717,-0.48072,0.51595,37.77293
0.07700,0.10160,0.14072,0.49547,0.50717,-0.48072,0.51595,37.88472
0.07700,0.10149,0.14072,0.49547,0.50717,-0.48072,0.51595,37.99794
0.07701,0.10138,0.14072,0.49547,0.50717,-0.48072,0.51595,38.11252
0.07701,0.10126,0.14072,0.49547,0.50717,-0.48072,0.51595,38.22838
0.07702,0.10115,0.14072,0.49547,0.50717,-0.48072,0.51595,38.34547
0.07702,0.10103,0.14072,0.49547,0.50717,-0.48072,0.51595,38.46371
0.07703,0.10091,0.14072,0.49547,0.50717,-0.48072,0.51595,38.58303
0.07704,0.10079,0.14072,0.49547,0.50717,-0.48072,0.51595,38.70336
0.07704,0.10067,0.14072,0.49547,0.50717,-0.48072,0.51595,38.82462
0.07705,0.10055,0.14072,0.49547,0.50717,-0.48072,0.51595,38.94675
0.07705,0.10042,0.14072,0.49547,0.50717,-0.48072,0.51595,39.06966
0.07706,0.10030,0.14072,0.49547,0.50717,-0.48072,0.51595,39.19329
0.07706,0.10018,0.14071,0.49547,0.50717,-0.48072,0.51595,39.31755
0.07707,0.10005,0.14071,0.49547,0.50717,-0.48072,0.51595,39.44237
0.07708,0.09993,0.14071,0.49547,0.50717,-0.48072,0.51595,39.56767
0.07708,0.09980,0.14071,0.49547,0.50717,-0.48072,0.51595,39.69337
0.07709,0.09968,0.14071,0.49547,0.50717,-0.48072,0.51595,39.81940
0.07709,0.09955,0.14071,0.49547,0.50717,-0.48072,0.51595,39.94567
0.07710,0.09942,0.14071,0.49547,0.50717,-0.48072,0.51595,40.07209
0.07711,0.09931,0.14071,0.49547,0.50717,-0.48072,0.51595,40.19861
0.07711,0.09918,0.14071,0.49547,0.50717,-0.48072,0.51595,40.32512
0.07712,0.09905,0.14071,0.49547,0.50717,-0.48072,0.51595,40.45155
0.07712,0.09893,0.14071,0.49547,0.50717,-0.48072,0.51595,40.57781
0.07713,0.09880,0.14071,0.49547,0.50717,-0.48072,0.51595,40.70383
0.07714,0.09868,0.14071,0.49547,0.50717,-0.48072,0.51595,40.82952
0.07714,0.09855,0.14071,0.49547,0.50717,-0.48072,0.51595,40.95480
0.07715,0.09843,0.14071,0.49547,0.50717,-0.48072,0.51595,41.07959
0.07715,0.09830,0.14070,0.49547,0.50717,-0.48072,0.51595,41.20380
0.07716,0.09818,0.14070,0.49547,0.50717,-0.48072,0.51595,41.32735
0.07717,0.09805,0.14070,0.49547,0.50717,-0.48072,0.51595,41.45016
0.07717,0.09793,0.14070,0.49547,0.50717,-0.48072,0.51595,41.57215
0.07718,0.09781,0.14070,0.49547,0.50717,-0.48072,0.51595,41.69322
0.07718,0.09769,0.14070,0.49547,0.50717,-0.48072,0.51595,41.81331
0.07719,0.09757,0.14070,0.49547,0.50717,-0.48072,0.51595,41.93232
0.07719,0.09745,0.14070,0.49547,0.50717,-0.48072,0.51595,42.05019
0.07720,0.09733,0.14070,0.49547,0.50717,-0.48072,0.51595,42.16681
0.07720,0.09722,0.14070,0.49547,0.50717,-0.48072,0.51595,42.28212
0.07721,0.09710,0.14070,0.49547,0.50717,-0.48072,0.51595,42.39604
0.07722,0.09699,0.14070,0.49547,0.50717,-0.48072,0.51595,42.50848
0.07722,0.09688,0.14070,0.49547,0.50717,-0.48072,0.51595,42.61936
0.07723,0.09677,0.14070,0.49547,0.50717,-0.48072,0.51595,42.72862
0.07723,0.09666,0.14070,0.49547,0.50717,-0.48072,0.51595,42.83616
0.07724,0.09655,0.14069,0.49547,0.50717,-0.48072,0.51595,42.94191
0.07724,0.09645,0.14069,0.49547,0.50717,-0.48072,0.51595,43.04580
0.07725,0.09635,0.14069,0.49547,0.50717,-0.48072,0.51595,43.14775
0.07725,0.09624,0.14069,0.49547,0.50717,-0.48072,0.51595,43.24768
0.07725,0.09615,0.14069,0.49547,0.50717,-0.48072,0.51595,43.34553
0.07726,0.09605,0.14069,0.49547,0.50717,-0.48072,0.51595,43.44122
0.07726,0.09595,0.14069,0.49547,0.50717,-0.48072,0.51595,43.53469
0.07727,0.09586,0.14069,0.49547,0.50717,-0.48072,0.51595,43.62585
0.07727,0.09577,0.14069,0.49547,0.50717,-0.48072,0.51595,43.71464
0.07728,0.09568,0.14069,0.49547,0.50717,-0.48072,0.51595,43.80101
0.07728,0.09560,0.14069,0.49547,0.50717,-0.48072,0.51595,43.88487
0.07728,0.09552,0.14069,0.49547,0.50717,-0.48072,0.51595,43.96616
0.07729,0.09544,0.14069,0.49547,0.50717,-0.48072,0.51595,44.04483
0.07729,0.09536,0.14069,0.49547,0.50717,-0.48072,0.51595,44.12081
0.07730,0.09528,0.14069,0.49547,0.50717,-0.48072,0.51595,44.19405
0.07730,0.09521,0.14069,0.49547,0.50717,-0.48072,0.51595,44.26447
0.07730,0.09514,0.14069,0.49547,0.50717,-0.48072,0.51595,44.33204
0.07730,0.09508,0.14069,0.49547,0.50717,-0.48072,0.51595,44.39668
0.07731,0.09501,0.14069,0.49547,0.50717,-0.48072,0.51595,44.45836
0.07731,0.09495,0.14069,0.49547,0.50717,-0.48072,0.51595,44.51701
0.07731,0.09490,0.14069,0.49547,0.50717,-0.48072,0.51595,44.57260
0.07732,0.09484,0.14069,0.49547,0.50717,-0.48072,0.51595,44.62507
0.07732,0.09479,0.14069,0.49547,0.50717,-0.48072,0.51595,44.67438
0.07732,0.09474,0.14069,0.49547,0.50717,-0.48072,0.51595,44.72048
0.07732,0.09470,0.14068,0.49547,0.50717,-0.48072,0.51595,44.76333
0.07732,0.09466,0.14068,0.49547,0.50717,-0.48072,0.51595,44.80290
0.07733,0.09462,0.14068,0.49547,0.50717,-0.48072,0.51595,44.83915
0.07733,0.09459,0.14068,0.49547,0.50717,-0.48072,0.51595,44.87204
0.07733,0.09456,0.14068,0.49547,0.50717,-0.48072,0.51595,44.90154
0.07733,0.09453,0.14068,0.49547,0.50717,-0.48072,0.51595,44.92763
0.07733,0.09450,0.14068,0.49547,0.50717,-0.48072,0.51595,44.95027
0.07733,0.09448,0.14068,0.49547,0.50717,-0.48072,0.51595,44.96943
0.07733,0.09446,0.14068,0.49547,0.50717,-0.48072,0.51595,44.98510
0.07733,0.09445,0.14068,0.49547,0.50717,-0.48072,0.51595,44.99726
0.07733,0.09444,0.14068,0.49547,0.50717,-0.48072,0.51595,45.00588
0.07734,0.09443,0.14068,0.49547,0.50717,-0.48072,0.51595,45.01095
0.07734,0.09443,0.14068,0.49547,0.50717,-0.48072,0.51595,45.01246
0.07734,0.09443,0.14068,0.49547,0.50717,-0.48072,0.51595,45.01453
0.07734,0.09443,0.14068,0.49547,0.50717,-0.48072,0.51595,45.02017
0.07733,0.09444,0.14068,0.49547,0.50717,-0.48072,0.51595,45.02940
0.07733,0.09445,0.14068,0.49547,0.50717,-0.48072,0.51595,45.04222
0.07733,0.09447,0.14068,0.49547,0.50717,-0.48072,0.51595,45.05863
0.07733,0.09449,0.14068,0.49547,0.50717,-0.48072,0.51595,45.07863
0.07733,0.09451,0.14068,0.49547,0.50717,-0.48072,0.51595,45.10221
0.07733,0.09453,0.14068,0.49547,0.50717,-0.48072,0.51595,45.12936
0.07733,0.09456,0.14068,0.49547,0.50717,-0.48072,0.51595,45.16008
0.07733,0.09459,0.14068,0.49547,0.50717,-0.48072,0.51595,45.19435
0.07733,0.09463,0.14068,0.49547,0.50717,-0.48072,0.51595,45.23216
0.07732,0.09467,0.14068,0.49547,0.50717,-0.48072,0.51595,45.27349
0.07732,0.09471,0.14068,0.49547,0.50717,-0.48072,0.51595,45.31831
0.07732,0.09476,0.14069,0.49547,0.50717,-0.48072,0.51595,45.36661
0.07732,0.09481,0.14069,0.49547,0.50717,-0.48072,0.51595,45.41835
0.07732,0.09486,0.14069,0.49547,0.50717,-0.48072,0.51595,45.47352
0.07731,0.09492,0.14069,0.49547,0.50717,-0.48072,0.51595,45.53207
0.07731,0.09498,0.14069,0.49547,0.50717,-0.48072,0.51595,45.59397
0.07731,0.09504,0.14069,0.49547,0.50717,-0.48072,0.51595,45.65918
0.07730,0.09511,0.14069,0.49547,0.50717,-0.48072,0.51595,45.72768
0.07730,0.09518,0.14069,0.49547,0.50717,-0.48072,0.51595,45.79940
0.07730,0.09525,0.14069,0.49547,0.50717,-0.48072,0.51595,45.87432
0.07729,0.09533,0.14069,0.49547,0.50717,-0.48072,0.51595,45.95238
0.07729,0.09541,0.14069,0.49547,0.50717,-0.48072,0.51595,46.03352
0.07729,0.09549,0.14069,0.49547,0.50717,-0.48072,0.51595,46.11771
0.07728,0.09558,0.14069,0.49547,0.50717,-0.48072,0.51595,46.20488
0.07728,0.09567,0.14069,0.49547,0.50717,-0.48072,0.51595,46.29497
0.07727,0.09576,0.14069,0.49547,0.50717,-0.48072,0.51595,46.38793
0.07727,0.09585,0.14069,0.49547,0.50717,-0.48072,0.51595,46.48370
0.07726,0.09595,0.14069,0.49547,0.50717,-0.48072,0.51595,46.58220
0.07726,0.09605,0.14069,0.49547,0.50717,-0.48072,0.51595,46.68337
0.07725,0.09615,0.14069,0.49547,0.50717,-0.48072,0.51595,46.78715
0.07725,0.09626,0.14069,0.49547,0.50717,-0.48072,0.51595,46.89345
0.07724,0.09637,0.14069,0.49547,0.50717,-0.48072,0.51595,47.00221
0.07724,0.09648,0.14069,0.49547,0.50717,-0.48072,0.51595,47.11334
0.07723,0.09659,0.14070,0.49547,0.50717,-0.48072,0.51595,47.22678
0.07723,0.09670,0.14070,0.49547,0.50717,-0.48072,0.51595,47.34244
0.07722,0.09682,0.14070,0.49547,0.50717,-0.48072,0.51595,47.46023
0.07722,0.09694,0.14070,0.49547,0.50717,-0.48072,0.51595,47.58008
0.07721,0.09706,0.14070,0.49547,0.50717,-0.48072,0.51595,47.70189
0.07721,0.09718,0.14070,0.49547,0.50717,-0.48072,0.51595,47.82557
0.07720,0.09731,0.14070,0.49547,0.50717,-0.48072,0.51595,47.95105
0.07719,0.09743,0.14070,0.49547,0.50717,-0.48072,0.51595,48.07822
0.07719,0.09756,0.14070,0.49547,0.50717,-0.48072,0.51595,48.20698
0.07718,0.09769,0.14070,0.49547,0.50717,-0.48072,0.51595,48.33725
0.07718,0.09782,0.14070,0.49547,0.50717,-0.48072,0.51595,48.46893
0.07717,0.09795,0.14070,0.49547,0.50717,-0.48072,0.51595,48.60192
0.07716,0.09809,0.14070,0.49547,0.50717,-0.48072,0.51595,48.73612
0.07716,0.09822,0.14070,0.49547,0.50717,-0.48072,0.51595,48.87142
0.07715,0.09836,0.14070,0.49547,0.50717,-0.48072,0.51595,49.00773
0.07714,0.09849,0.14071,0.49547,0.50717,-0.48072,0.51595,49.14494
0.07714,0.09863,0.14071,0.49547,0.50717,-0.48072,0.51595,49.28294
0.07713,0.09877,0.14071,0.49547,0.50717,-0.48072,0.51595,49.42163
0.07712,0.09891,0.14071,0.49547,0.50717,-0.48072,0.51595,49.56090
0.07712,0.09905,0.14071,0.49547,0.50717,-0.48072,0.51595,49.70065
0.07711,0.09919,0.14071,0.49547,0.50717,-0.48072,0.51595,49.84076
0.07711,0.09933,0.14071,0.49547,0.50717,-0.48072,0.51595,49.98112
0.07710,0.09946,0.14071,0.49547,0.50717,-0.48072,0.51595,50.12163
0.07709,0.09960,0.14071,0.49547,0.50717,-0.48072,0.51595,50.26217
0.07709,0.09974,0.14071,0.49547,0.50717,-0.48072,0.51595,50.40263
0.07708,0.09988,0.14071,0.49547,0.50717,-0.48072,0.51595,50.54290
0.07707,0.10002,0.14071,0.49547,0.50717,-0.48072,0.51595,50.68286
0.07707,0.10016,0.14071,0.49547,0.50717,-0.48072,0.51595,50.82241
0.07706,0.10030,0.14072,0.49547,0.50717,-0.48072,0.51595,50.96144
0.07705,0.10044,0.14072,0.49547,0.50717,-0.48072,0.51595,51.09982
0.07705,0.10058,0.14072,0.49547,0.50717,-0.48072,0.51595,51.23744
0.07704,0.10071,0.14072,0.49547,0.50717,-0.48072,0.51595,51.37420
0.07703,0.10085,0.14072,0.49547,0.50717,-0.48072,0.51595,51.50999
0.07703,0.10099,0.14072,0.49547,0.50717,-0.48072,0.51595,51.64468
0.07702,0.10112,0.14072,0.49547,0.50717,-0.48072,0.51595,51.77817
0.07701,0.10125,0.14072,0.49547,0.50717,-0.48072,0.51595,51.91034
0.07701,0.10138,0.14072,0.49547,0.50717,-0.48072,0.51595,52.04110
0.07700,0.10151,0.14072,0.49547,0.50717,-0.48072,0.51595,52.17031
0.07700,0.10164,0.14072,0.49547,0.50717,-0.48072,0.51595,52.29789
0.07699,0.10177,0.14072,0.49547,0.50717,-0.48072,0.51595,52.42372
0.07698,0.10189,0.14072,0.49547,0.50717,-0.48072,0.51595,52.54768
0.07698,0.10202,0.14072,0.49547,0.50717,-0.48072,0.51595,52.66969
0.07697,0.10214,0.14073,0.49547,0.50717,-0.48072,0.51595,52.78962
0.07697,0.10226,0.14073,0.49547,0.50717,-0.48072,0.51595,52.90739
0.07696,0.10237,0.14073,0.49547,0.50717,-0.48072,0.51595,53.02288
0.07696,0.10249,0.14073,0.49547,0.50717,-0.48072,0.51595,53.13599
0.07695,0.10260,0.14073,0.49547,0.50717,-0.48072,0.51595,53.24664
0.07695,0.10271,0.14073,0.49547,0.50717,-0.48072,0.51595,53.35471
0.07694,0.10282,0.14073,0.49547,0.50717,-0.48072,0.51595,53.46011
0.07694,0.10292,0.14073,0.49547,0.50717,-0.48072,0.51595,53.56275
0.07693,0.10302,0.14073,0.49547,0.50717,-0.48072,0.51595,53.66254
0.07693,0.10312,0.14073,0.49547,0.50717,-0.48072,0.51595,53.75938
0.07692,0.10322,0.14073,0.49547,0.50717,-0.48072,0.51595,53.85320
0.07692,0.10331,0.14073,0.49547,0.50717,-0.48072,0.51595,53.94389
0.07691,0.10340,0.14073,0.49547,0.50717,-0.48072,0.51595,54.03139
0.07691,0.10348,0.14073,0.49547,0.50717,-0.48072,0.51595,54.11560
0.07691,0.10356,0.14073,0.49547,0.50717,-0.48072,0.51595,54.19646
0.07690,0.10364,0.14073,0.49547,0.50717,-0.48072,0.51595,54.27387
0.07690,0.10372,0.14073,0.49547,0.50717,-0.48072,0.51595,54.34778
0.07690,0.10379,0.14073,0.49547,0.50717,-0.48072,0.51595,54.41811
0.07689,0.10386,0.14073,0.49547,0.50717,-0.48072,0.51595,54.48478
0.07689,0.10393,0.14073,0.49547,0.50717,-0.48072,0.51595,54.54775
0.07689,0.10399,0.14074,0.49547,0.50717,-0.48072,0.51595,54.60693
0.07688,0.10404,0.14074,0.49547,0.50717,-0.48072,0.51595,54.66228
0.07688,0.10410,0.14074,0.49547,0.50717,-0.48072,0.51595,54.71373
0.07688,0.10415,0.14074,0.49547,0.50717,-0.48072,0.51595,54.76124
0.07688,0.10419,0.14074,0.49547,0.50717,-0.48072,0.51595,54.80476
0.07687,0.10423,0.14074,0.49547,0.50717,-0.48072,0.51595,54.84423
0.07687,0.10427,0.14074,0.49547,0.50717,-0.48072,0.51595,54.87961
0.07687,0.10430,0.14074,0.49547,0.50717,-0.48072,0.51595,54.91086
0.07687,0.10433,0.14074,0.49547,0.50717,-0.48072,0.51595,54.93795
0.07687,0.10436,0.14074,0.49547,0.50717,-0.48072,0.51595,54.96085
0.07687,0.10438,0.14074,0.49547,0.50717,-0.48072,0.51595,54.97951
0.07687,0.10440,0.14074,0.49547,0.50717,-0.48072,0.51595,54.99392
0.07687,0.10441,0.14074,0.49547,0.50717,-0.48072,0.51595,55.00406
0.07687,0.10442,0.14074,0.49547,0.50717,-0.48072,0.51595,55.00989
0.07687,0.10442,0.14074,0.49547,0.50717,-0.48072,0.51595,55.01142
0.07687,0.10442,0.14074,0.49547,0.50717,-0.48072,0.51595,55.01422
0.07687,0.10441,0.14074,0.49547,0.50717,-0.48072,0.51595,55.02135
0.07687,0.10440,0.14074,0.49547,0.50717,-0.48072,0.51595,55.03281
0.07687,0.10439,0.14074,0.49547,0.50717,-0.48072,0.51595,55.04862
0.07687,0.10437,0.14074,0.49547,0.50717,-0.48072,0.51595,55.06875
0.07687,0.10435,0.14074,0.49547,0.50717,-0.48072,0.51595,55.09321
0.07687,0.10432,0.14074,0.49547,0.50717,-0.48072,0.51595,55.12199
0.07687,0.10429,0.14074,0.49547,0.50717,-0.48072,0.51595,55.15507
0.07687,0.10426,0.14074,0.49547,0.50717,-0.48072,0.51595,55.19243
0.07687,0.10422,0.14074,0.49547,0.50717,-0.48072,0.51595,55.23405
0.07688,0.10417,0.14074,0.49547,0.50717,-0.48072,0.51595,55.27990
0.07688,0.10413,0.14074,0.49547,0.50717,-0.48072,0.51595,55.32995
0.07688,0.10407,0.14074,0.49547,0.50717,-0.48072,0.51595,55.38418
0.07688,0.10402,0.14074,0.49547,0.50717,-0.48072,0.51595,55.44253
0.07689,0.10396,0.14074,0.49547,0.50717,-0.48072,0.51595,55.50498
0.07689,0.10389,0.14073,0.49547,0.50717,-0.48072,0.51595,55.57147
0.07689,0.10383,0.14073,0.49547,0.50717,-0.48072,0.51595,55.64195
0.07690,0.10375,0.14073,0.49547,0.50717,-0.48072,0.51595,55.71637
0.07690,0.10368,0.14073,0.49547,0.50717,-0.48072,0.51595,55.79468
0.07690,0.10360,0.14073,0.49547,0.50717,-0.48072,0.51595,55.87681
0.07691,0.10351,0.14073,0.49547,0.50717,-0.48072,0.51595,55.96269
0.07691,0.10342,0.14073,0.49547,0.50717,-0.48072,0.51595,56.05227
0.07692,0.10333,0.14073,0.49547,0.50717,-0.48072,0.51595,56.14547
0.07692,0.10324,0.14073,0.49547,0.50717,-0.48072,0.51595,56.24221
0.07693,0.10314,0.14073,0.49547,0.50717,-0.48072,0.51595,56.34242
0.07693,0.10304,0.14073,0.49547,0.50717,-0.48072,0.51595,56.44601
0.07694,0.10293,0.14073,0.49547,0.50717,-0.48072,0.51595,56.55290
0.07694,0.10282,0.14073,0.49547,0.50717,-0.48072,0.51595,56.66300
0.07695,0.10271,0.14073,0.49547,0.50717,-0.48072,0.51595,56.77622
0.07695,0.10260,0.14073,0.49547,0.50717,-0.48072,0.51595,56.89245
0.07696,0.10248,0.14073,0.49547,0.50717,-0.48072,0.51595,57.01161
0.07696,0.10236,0.14073,0.49547,0.50717,-0.48072,0.51595,57.13359
0.07697,0.10224,0.14073,0.49547,0.50717,-0.48072,0.51595,57.25828
0.07697,0.10211,0.14073,0.49547,0.50717,-0.48072,0.51595,57.38559
0.07698,0.10198,0.14072,0.49547,0.50717,-0.48072,0.51595,57.51539
0.07699,0.10185,0.14072,0.49547,0.50717,-0.48072,0.51595,57.64758
0.07699,0.10172,0.14072,0.49547,0.50717,-0.48072,0.51595,57.78204
0.07700,0.10158,0.14072,0.49547,0.50717,-0.48072,0.51595,57.91865
0.07701,0.10144,0.14072,0.49547,0.50717,-0.48072,0.51595,58.05729
0.07701,0.10130,0.14072,0.49547,0.50717,-0.48072,0.51595,58.19784
0.07702,0.10116,0.14072,0.49547,0.50717,-0.48072,0.51595,58.34017
0.07703,0.10102,0.14072,0.49547,0.50717,-0.48072,0.51595,58.48416
0.07703,0.10087,0.14072,0.49547,0.50717,-0.48072,0.51595,58.62967
0.07704,0.10073,0.14072,0.49547,0.50717,-0.48072,0.51595,58.77658
0.07705,0.10058,0.14072,0.49547,0.50717,-0.48072,0.51595,58.92474
0.07705,0.10043,0.14072,0.49547,0.50717,-0.48072,0.51595,59.07403
0.07706,0.10028,0.14072,0.49547,0.50717,-0.48072,0.51595,59.22431
0.07707,0.10013,0.14071,0.49547,0.50717,-0.48072,0.51595,59.37544
0.07707,0.09998,0.14071,0.49547,0.50717,-0.48072,0.51595,59.52729
0.07708,0.09983,0.14071,0.49547,0.50717,-0.48072,0.51595,59.67970
0.07709,0.09967,0.14071,0.49547,0.50717,-0.48072,0.51595,59.83254
0.07710,0.09952,0.14071,0.49547,0.50717,-0.48072,0.51595,59.98567
0.07710,0.09938,0.14071,0.49547,0.50717,-0.48072,0.51595,60.13894
0.07711,0.09923,0.14071,0.49547,0.50717,-0.48072,0.51595,60.29221
0.07712,0.09907,0.14071,0.49547,0.50717,-0.48072,0.51595,60.44534
0.07712,0.09892,0.14071,0.49547,0.50717,-0.48072,0.51595,60.59817
0.07713,0.09877,0.14071,0.49547,0.50717,-0.48072,0.51595,60.75056
0.07714,0.09861,0.14071,0.49547,0.50717,-0.48072,0.51595,60.90238
0.07715,0.09846,0.14071,0.49547,0.50717,-0.48072,0.51595,61.05346
0.07715,0.09831,0.14070,0.49547,0.50717,-0.48072,0.51595,61.20368
0.07716,0.09816,0.14070,0.49547,0.50717,-0.48072,0.51595,61.35287
0.07717,0.09801,0.14070,0.49547,0.50717,-0.48072,0.51595,61.50090
0.07717,0.09787,0.14070,0.49547,0.50717,-0.48072,0.51595,61.64762
0.07718,0.09772,0.14070,0.49547,0.50717,-0.48072,0.51595,61.79289
0.07719,0.09758,0.14070,0.49547,0.50717,-0.48072,0.51595,61.93657
0.07719,0.09743,0.14070,0.49547,0.50717,-0.48072,0.51595,62.07851
0.07720,0.09729,0.14070,0.49547,0.50717,-0.48072,0.51595,62.21858
0.07721,0.09715,0.14070,0.49547,0.50717,-0.48072,0.51595,62.35663
0.07721,0.09702,0.14070,0.49547,0.50717,-0.48072,0.51595,62.49253
0.07722,0.09688,0.14070,0.49547,0.50717,-0.48072,0.51595,62.62614
0.07723,0.09675,0.14070,0.49547,0.50717,-0.48072,0.51595,62.75732
0.07723,0.09662,0.14070,0.49547,0.50717,-0.48072,0.51595,62.88595
0.07724,0.09649,0.14069,0.49547,0.50717,-0.48072,0.51595,63.01189
0.07724,0.09637,0.14069,0.49547,0.50717,-0.48072,0.51595,63.13501
0.07725,0.09624,0.14069,0.49547,0.50717,-0.48072,0.51595,63.25519
0.07726,0.09613,0.14069,0.49547,0.50717,-0.48072,0.51595,63.37230
0.07726,0.09601,0.14069,0.49547,0.50717,-0.48072,0.51595,63.48622
0.07727,0.09590,0.14069,0.49547,0.50717,-0.48072,0.51595,63.59684
0.07727,0.09579,0.14069,0.49547,0.50717,-0.48072,0.51595,63.70404
0.07728,0.09568,0.14069,0.49547,0.50717,-0.48072,0.51595,63.80770
0.07728,0.09558,0.14069,0.49547,0.50717,-0.48072,0.51595,63.90771
0.07729,0.09548,0.14069,0.49547,0.50717,-0.48072,0.51595,64.00397
0.07729,0.09539,0.14069,0.49547,0.50717,-0.48072,0.51595,64.09637
0.07729,0.09530,0.14069,0.49547,0.50717,-0.48072,0.51595,64.18482
0.07730,0.09521,0.14069,0.49547,0.50717,-0.48072,0.51595,64.26921
0.07730,0.09513,0.14069,0.49547,0.50717,-0.48072,0.51595,64.34946
0.07731,0.09505,0.14069,0.49547,0.50717,-0.48072,0.51595,64.42548
0.07731,0.09498,0.14069,0.49547,0.50717,-0.48072,0.51595,64.49717
0.07731,0.09491,0.14069,0.49547,0.50717,-0.48072,0.51595,64.56447
0.07732,0.09484,0.14069,0.49547,0.50717,-0.48072,0.51595,64.62728
0.07732,0.09478,0.14069,0.49547,0.50717,-0.48072,0.51595,64.68555
0.07732,0.09473,0.14069,0.49547,0.50717,-0.48072,0.51595,64.73919
0.07732,0.09468,0.14068,0.49547,0.50717,-0.48072,0.51595,64.78815
0.07733,0.09463,0.14068,0.49547,0.50717,-0.48072,0.51595,64.83237
0.07733,0.09459,0.14068,0.49547,0.50717,-0.48072,0.51595,64.87179
0.07733,0.09455,0.14068,0.49547,0.50717,-0.48072,0.51595,64.90636
0.07733,0.09452,0.14068,0.49547,0.50717,-0.48072,0.51595,64.93604
0.07733,0.09449,0.14068,0.49547,0.50717,-0.48072,0.51595,64.96078
0.07733,0.09447,0.14068,0.49547,0.50717,-0.48072,0.51595,64.98055
0.07733,0.09445,0.14068,0.49547,0.50717,-0.48072,0.51595,64.99532
0.07733,0.09444,0.14068,0.49547,0.50717,-0.48072,0.51595,65.00505
0.07734,0.09443,0.14068,0.49547,0.50717,-0.48072,0.51595,65.00974
0.07734,0.09443,0.14068,0.49547,0.50717,-0.48072,0.51595,65.01012
0.07734,0.09443,0.14068,0.49547,0.50717,-0.48072,0.51595,65.01558
0.07733,0.09444,0.14068,0.49547,0.50717,-0.48072,0.51595,65.02612
0.07733,0.09445,0.14068,0.49547,0.50717,-0.48072,0.51595,65.04174
0.07733,0.09447,0.14068,0.49547,0.50717,-0.48072,0.51595,65.06245
0.07733,0.09450,0.14068,0.49547,0.50717,-0.48072,0.51595,65.08822
0.07733,0.09452,0.14068,0.49547,0.50717,-0.48072,0.51595,65.11905
0.07733,0.09456,0.14068,0.49547,0.50717,-0.48072,0.51595,65.15492
0.07733,0.09460,0.14068,0.49547,0.50717,-0.48072,0.51595,65.19579
0.07733,0.09464,0.14068,0.49547,0.50717,-0.48072,0.51595,65.24164
0.07732,0.09469,0.14068,0.49547,0.50717,-0.48072,0.51595,65.29243
0.07732,0.09474,0.14069,0.49547,0.50717,-0.48072,0.51595,65.34812
0.07732,0.09480,0.14069,0.49547,0.50717,-0.48072,0.51595,65.40867
0.07732,0.09486,0.14069,0.49547,0.50717,-0.48072,0.51595,65.47402
0.07731,0.09493,0.14069,0.49547,0.50717,-0.48072,0.51595,65.54411
0.07731,0.09500,0.14069,0.49547,0.50717,-0.48072,0.51595,65.61889
0.07730,0.09508,0.14069,0.49547,0.50717,-0.48072,0.51595,65.69828
0.07730,0.09516,0.14069,0.49547,0.50717,-0.48072,0.51595,65.78221
0.07730,0.09525,0.14069,0.49547,0.50717,-0.48072,0.51595,65.87061
0.07729,0.09534,0.14069,0.49547,0.50717,-0.48072,0.51595,65.96339
0.07729,0.09543,0.14069,0.49547,0.50717,-0.48072,0.51595,66.06047
0.07728,0.09553,0.14069,0.49547,0.50717,-0.48072,0.51595,66.16174
0.07728,0.09563,0.14069,0.49547,0.50717,-0.48072,0.51595,66.26713
0.07727,0.09574,0.14069,0.49547,0.50717,-0.48072,0.51595,66.37652
0.07727,0.09585,0.14069,0.49547,0.50717,-0.48072,0.51595,66.48981
0.07726,0.09597,0.14069,0.49547,0.50717,-0.48072,0.51595,66.60688
0.07726,0.09609,0.14069,0.49547,0.50717,-0.48072,0.51595,66.72763
0.07725,0.09621,0.14069,0.49547,0.50717,-0.48072,0.51595,66.85193
0.07725,0.09634,0.14069,0.49547,0.50717,-0.48072,0.51595,66.97966
0.07724,0.09647,0.14069,0.49547,0.50717,-0.48072,0.51595,67.11069
0.07723,0.09660,0.14070,0.49547,0.50717,-0.48072,0.51595,67.24489
0.07723,0.09673,0.14070,0.49547,0.50717,-0.48072,0.51595,67.38212
0.07722,0.09687,0.14070,0.49547,0.50717,-0.48072,0.51595,67.52224
0.07721,0.09701,0.14070,0.49547,0.50717,-0.48072,0.51595,67.66512
0.07721,0.09716,0.14070,0.49547,0.50717,-0.48072,0.51595,67.81060
0.07720,0.09731,0.14070,0.49547,0.50717,-0.48072,0.51595,67.95853
0.07719,0.09745,0.14070,0.49547,0.50717,-0.48072,0.51595,68.10877
0.07719,0.09761,0.14070,0.49547,0.50717,-0.48072,0.51595,68.26115
0.07718,0.09776,0.14070,0.49547,0.50717,-0.48072,0.51595,68.41551
0.07717,0.09791,0.14070,0.49547,0.50717,-0.48072,0.51595,68.57170
0.07716,0.09807,0.14070,0.49547,0.50717,-0.48072,0.51595,68.72955
0.07716,0.09823,0.14070,0.49547,0.50717,-0.48072,0.51595,68.88890
0.07715,0.09839,0.14070,0.49547,0.50717,-0.48072,0.51595,69.04956
0.07714,0.09855,0.14071,0.49547,0.50717,-0.48072,0.51595,69.21138
0.07713,0.09871,0.14071,0.49547,0.50717,-0.48072,0.51595,69.37418
0.07713,0.09888,0.14071,0.49547,0.50717,-0.48072,0.51595,69.53779
0.07712,0.09904,0.14071,0.49547,0.50717,-0.48072,0.51595,69.70202
0.07711,0.09921,0.14071,0.49547,0.50717,-0.48072,0.51595,69.86671
0.07710,0.09937,0.14071,0.49547,0.50717,-0.48072,0.51595,70.03167
0.07710,0.09953,0.14071,0.49547,0.50717,-0.48072,0.51595,70.19673
0.07709,0.09969,0.14071,0.49547,0.50717,-0.48072,0.51595,70.36170
0.07708,0.09986,0.14071,0.49547,0.50717,-0.48072,0.51595,70.52640
0.07707,0.10002,0.14071,0.49547,0.50717,-0.48072,0.51595,70.69065
0.07706,0.10018,0.14071,0.49547,0.50717,-0.48072,0.51595,70.85428
0.07706,0.10035,0.14072,0.49547,0.50717,-0.48072,0.51595,71.01709
0.07705,0.10051,0.14072,0.49547,0.50717,-0.48072,0.51595,71.17891
0.07704,0.10067,0.14072,0.49547,0.50717,-0.48072,0.51595,71.33956
0.07703,0.10083,0.14072,0.49547,0.50717,-0.48072,0.51595,71.49886
0.07703,0.10099,0.14072,0.49547,0.50717,-0.48072,0.51595,71.65663
0.07702,0.10115,0.14072,0.49547,0.50717,-0.48072,0.51595,71.81269
0.07701,0.10130,0.14072,0.49547,0.50717,-0.48072,0.51595,71.96686
0.07701,0.10145,0.14072,0.49547,0.50717,-0.48072,0.51595,72.11897
0.07700,0.10161,0.14072,0.49547,0.50717,-0.48072,0.51595,72.26884
0.07699,0.10175,0.14072,0.49547,0.50717,-0.48072,0.51595,72.41631
0.07698,0.10190,0.14072,0.49547,0.50717,-0.48072,0.51595,72.56120
0.07698,0.10204,0.14072,0.49547,0.50717,-0.48072,0.51595,72.70335
0.07697,0.10219,0.14073,0.49547,0.50717,-0.48072,0.51595,72.84259
0.07696,0.10232,0.14073,0.49547,0.50717,-0.48072,0.51595,72.97876
0.07696,0.10246,0.14073,0.49547,0.50717,-0.48072,0.51595,73.11169
0.07695,0.10259,0.14073,0.49547,0.50717,-0.48072,0.51595,73.24124
0.07695,0.10272,0.14073,0.49547,0.50717,-0.48072,0.51595,73.36726
0.07694,0.10284,0.14073,0.49547,0.50717,-0.48072,0.51595,73.48958
0.07693,0.10296,0.14073,0.49547,0.50717,-0.48072,0.51595,73.60807
0.07693,0.10308,0.14073,0.49547,0.50717,-0.48072,0.51595,73.72258
0.07692,0.10319,0.14073,0.49547,0.50717,-0.48072,0.51595,73.83297
0.07692,0.10330,0.14073,0.49547,0.50717,-0.48072,0.51595,73.93912
0.07691,0.10340,0.14073,0.49547,0.50717,-0.48072,0.51595,74.04089
0.07691,0.10350,0.14073,0.49547,0.50717,-0.48072,0.51595,74.13816
0.07690,0.10360,0.14073,0.49547,0.50717,-0.48072,0.51595,74.23080
0.07690,0.10369,0.14073,0.49547,0.50717,-0.48072,0.51595,74.31870
0.07690,0.10377,0.14073,0.49547,0.50717,-0.48072,0.51595,74.40175
0.07689,0.10385,0.14073,0.49547,0.50717,-0.48072,0.51595,74.47985
0.07689,0.10393,0.14073,0.49547,0.50717,-0.48072,0.51595,74.55290
0.07689,0.10400,0.14074,0.49547,0.50717,-0.48072,0.51595,74.62079
0.07688,0.10406,0.14074,0.49547,0.50717,-0.48072,0.51595,74.68345
0.07688,0.10412,0.14074,0.49547,0.50717,-0.48072,0.51595,74.74079
0.07688,0.10418,0.14074,0.49547,0.50717,-0.48072,0.51595,74.79273
0.07687,0.10423,0.14074,0.49547,0.50717,-0.48072,0.51595,74.83920
0.07687,0.10427,0.14074,0.49547,0.50717,-0.48072,0.51595,74.88014
0.07687,0.10431,0.14074,0.49547,0.50717,-0.48072,0.51595,74.91548
0.07687,0.10434,0.14074,0.49547,0.50717,-0.48072,0.51595,74.94517
0.07687,0.10437,0.14074,0.49547,0.50717,-0.48072,0.51595,74.96918
0.07687,0.10439,0.14074,0.49547,0.50717,-0.48072,0.51595,74.98745
0.07687,0.10441,0.14074,0.49547,0.50717,-0.48072,0.51595,74.99996
0.07687,0.10442,0.14074,0.49547,0.50717,-0.48072,0.51595,75.00667
0.07687,0.10442,0.14074,0.49547,0.50717,-0.48072,0.51595,75.00757
0.07687,0.10442,0.14074,0.49547,0.50717,-0.48072,0.51595,75.01250
0.07687,0.10441,0.14074,0.49547,0.50717,-0.48072,0.51595,75.02325
0.07687,0.10440,0.14074,0.49547,0.50717,-0.48072,0.51595,75.03984
0.07687,0.10438,0.14074,0.49547,0.50717,-0.48072,0.51595,75.06225
0.07687,0.10435,0.14074,0.49547,0.50717,-0.48072,0.51595,75.09047
0.07687,0.10432,0.14074,0.49547,0.50717,-0.48072,0.51595,75.12448
0.07687,0.10428,0.14074,0.49547,0.50717,-0.48072,0.51595,75.16425
0.07687,0.10424,0.14074,0.49547,0.50717,-0.48072,0.51595,75.20975
0.07688,0.10419,0.14074,0.49547,0.50717,-0.48072,0.51595,75.26094
0.07688,0.10414,0.14074,0.49547,0.50717,-0.48072,0.51595,75.31776
0.07688,0.10408,0.14074,0.49547,0.50717,-0.48072,0.51595,75.38016
0.07688,0.10401,0.14074,0.49547,0.50717,-0.48072,0.51595,75.44808
0.07689,0.10394,0.14074,0.49547,0.50717,-0.48072,0.51595,75.52144
0.07689,0.10387,0.14073,0.49547,0.50717,-0.48072,0.51595,75.60019
0.07690,0.10379,0.14073,0.49547,0.50717,-0.48072,0.51595,75.68422
0.07690,0.10370,0.14073,0.49547,0.50717,-0.48072,0.51595,75.77345
0.07690,0.10361,0.14073,0.49547,0.50717,-0.48072,0.51595,75.86779
0.07691,0.10351,0.14073,0.49547,0.50717,-0.48072,0.51595,75.96714
0.07691,0.10341,0.14073,0.49547,0.50717,-0.48072,0.51595,76.07138
0.07692,0.10330,0.14073,0.49547,0.50717,-0.48072,0.51595,76.18040
0.07692,0.10319,0.14073,0.49547,0.50717,-0.48072,0.51595,76.29408
0.07693,0.10307,0.14073,0.49547,0.50717,-0.48072,0.51595,76.41229
0.07693,0.10295,0.14073,0.49547,0.50717,-0.48072,0.51595,76.53491
0.07694,0.10283,0.14073,0.49547,0.50717,-0.48072,0.51595,76.66178
0.07695,0.10270,0.14073,0.49547,0.50717,-0.48072,0.51595,76.79278
0.07695,0.10257,0.14073,0.49547,0.50717,-0.48072,0.51595,76.92774
0.07696,0.10243,0.14073,0.49547,0.50717,-0.48072,0.51595,77.06651
0.07697,0.10229,0.14073,0.49547,0.50717,-0.48072,0.51595,77.20894
0.07697,0.10215,0.14073,0.49547,0.50717,-0.48072,0.51595,77.35485
0.07698,0.10200,0.14072,0.49547,0.50717,-0.48072,0.51595,77.50408
0.07699,0.10185,0.14072,0.49547,0.50717,-0.48072,0.51595,77.65645
0.07699,0.10169,0.14072,0.49547,0.50717,-0.48072,0.51595,77.81179
0.07700,0.10154,0.14072,0.49547,0.50717,-0.48072,0.51595,77.96990
0.07701,0.10138,0.14072,0.49547,0.50717,-0.48072,0.51595,78.13061
0.07702,0.10121,0.14072,0.49547,0.50717,-0.48072,0.51595,78.29372
0.07702,0.10105,0.14072,0.49547,0.50717,-0.48072,0.51595,78.45903
0.07703,0.10088,0.14072,0.49547,0.50717,-0.48072,0.51595,78.62636
0.07704,0.10072,0.14072,0.49547,0.50717,-0.48072,0.51595,78.79549
0.07705,0.10055,0.14072,0.49547,0.50717,-0.48072,0.51595,78.96622
0.07706,0.10037,0.14072,0.49547,0.50717,-0.48072,0.51595,79.13835
0.07706,0.10020,0.14071,0.49547,0.50717,-0.48072,0.51595,79.31166
0.07707,0.10003,0.14071,0.49547,0.50717,-0.48072,0.51595,79.48595
0.07708,0.09985,0.14071,0.49547,0.50717,-0.48072,0.51595,79.66100
0.07709,0.09968,0.14071,0.49547,0.50717,-0.48072,0.51595,79.83660
0.07710,0.09950,0.14071,0.49547,0.50717,-0.48072,0.51595,80.01252
0.07710,0.09934,0.14071,0.49547,0.50717,-0.48072,0.51595,80.18856
0.07711,0.09916,0.14071,0.49547,0.50717,-0.48072,0.51595,80.36449
0.07712,0.09898,0.14071,0.49547,0.50717,-0.48072,0.51595,80.54010
0.07713,0.09881,0.14071,0.49547,0.50717,-0.48072,0.51595,80.71515
0.07714,0.09863,0.14071,0.49547,0.50717,-0.48072,0.51595,80.88945
0.07715,0.09846,0.14071,0.49547,0.50717,-0.48072,0.51595,81.06276
0.07715,0.09829,0.14070,0.49547,0.50717,-0.48072,0.51595,81.23486
0.07716,0.09812,0.14070,0.49547,0.50717,-0.48072,0.51595,81.40555
0.07717,0.09795,0.14070,0.49547,0.50717,-0.48072,0.51595,81.57459
0.07718,0.09778,0.14070,0.49547,0.50717,-0.48072,0.51595,81.74178
0.07719,0.09761,0.14070,0.49547,0.50717,-0.48072,0.51595,81.90691
0.07719,0.09745,0.14070,0.49547,0.50717,-0.48072,0.51595,82.06975
0.07720,0.09729,0.14070,0.49547,0.50717,-0.48072,0.51595,82.23010
0.07721,0.09713,0.14070,0.49547,0.50717,-0.48072,0.51595,82.38776
0.07722,0.09697,0.14070,0.49547,0.50717,-0.48072,0.51595,82.54251
0.07722,0.09682,0.14070,0.49547,0.50717,-0.48072,0.51595,82.69415
0.07723,0.09667,0.14070,0.49547,0.50717,-0.48072,0.51595,82.84249
0.07724,0.09652,0.14069,0.49547,0.50717,-0.48072,0.51595,82.98733
0.07724,0.09638,0.14069,0.49547,0.50717,-0.48072,0.51595,83.12849
0.07725,0.09624,0.14069,0.49547,0.50717,-0.48072,0.51595,83.26576
0.07726,0.09610,0.14069,0.49547,0.50717,-0.48072,0.51595,83.39898
0.07726,0.09597,0.14069,0.49547,0.50717,-0.48072,0.51595,83.52796
0.07727,0.09585,0.14069,0.49547,0.50717,-0.48072,0.51595,83.65252
0.07727,0.09572,0.14069,0.49547,0.50717,-0.48072,0.51595,83.77251
0.07728,0.09561,0.14069,0.49547,0.50717,-0.48072,0.51595,83.88775
0.07729,0.09549,0.14069,0.49547,0.50717,-0.48072,0.51595,83.99809
0.07729,0.09538,0.14069,0.49547,0.50717,-0.48072,0.51595,84.10338
0.07730,0.09528,0.14069,0.49547,0.50717,-0.48072,0.51595,84.20348
0.07730,0.09518,0.14069,0.49547,0.50717,-0.48072,0.51595,84.29823
0.07730,0.09509,0.14069,0.49547,0.50717,-0.48072,0.51595,84.38752
0.07731,0.09501,0.14069,0.49547,0.50717,-0.48072,0.51595,84.47121
0.07731,0.09492,0.14069,0.49547,0.50717,-0.48072,0.51595,84.54918
0.07732,0.09485,0.14069,0.49547,0.50717,-0.48072,0.51595,84.62133
0.07732,0.09478,0.14069,0.49547,0.50717,-0.48072,0.51595,84.68754
0.07732,0.09472,0.14069,0.49547,0.50717,-0.48072,0.51595,84.74772
0.07732,0.09466,0.14068,0.49547,0.50717,-0.48072,0.51595,84.80178
0.07733,0.09461,0.14068,0.49547,0.50717,-0.48072,0.51595,84.84964
0.07733,0.09456,0.14068,0.49547,0.50717,-0.48072,0.51595,84.89122
0.07733,0.09453,0.14068,0.49547,0.50717,-0.48072,0.51595,84.92645
0.07733,0.09449,0.14068,0.49547,0.50717,-0.48072,0.51595,84.95527
0.07733,0.09447,0.14068,0.49547,0.50717,-0.48072,0.51595,84.97765
0.07733,0.09445,0.14068,0.49547,0.50717,-0.48072,0.51595,84.99352
0.07733,0.09444,0.14068,0.49547,0.50717,-0.48072,0.51595,85.00287
0.07734,0.09443,0.14068,0.49547,0.50717,-0.48072,0.51595,85.00566
0.07734,0.09443,0.14068,0.49547,0.50717,-0.48072,0.51595,85.00944
0.07733,0.09444,0.14068,0.49547,0.50717,-0.48072,0.51595,85.01980
0.07733,0.09445,0.14068,0.49547,0.50717,-0.48072,0.51595,85.03675
0.07733,0.09447,0.14068,0.49547,0.50717,-0.48072,0.51595,85.06026
0.07733,0.09450,0.14068,0.49547,0.50717,-0.48072,0.51595,85.09032
0.07733,0.09453,0.14068,0.49547,0.50717,-0.48072,0.51595,85.12691
0.07733,0.09457,0.14068,0.49547,0.50717,-0.48072,0.51595,85.16999
0.07733,0.09462,0.14068,0.49547,0.50717,-0.48072,0.51595,85.21952
0.07732,0.09467,0.14068,0.49547,0.50717,-0.48072,0.51595,85.27543
0.07732,0.09473,0.14069,0.49547,0.50717,-0.48072,0.51595,85.33768
0.07732,0.09480,0.14069,0.49547,0.50717,-0.48072,0.51595,85.40618
0.07731,0.09487,0.14069,0.49547,0.50717,-0.48072,0.51595,85.48087
0.07731,0.09494,0.14069,0.49547,0.50717,-0.48072,0.51595,85.56165
0.07731,0.09503,0.14069,0.49547,0.50717,-0.48072,0.51595,85.64842
0.07730,0.09512,0.14069,0.49547,0.50717,-0.48072,0.51595,85.74109
0.07730,0.09521,0.14069,0.49547,0.50717,-0.48072,0.51595,85.83953
0.07729,0.09532,0.14069,0.49547,0.50717,-0.48072,0.51595,85.94363
0.07729,0.09542,0.14069,0.49547,0.50717,-0.48072,0.51595,86.05326
0.07728,0.09553,0.14069,0.49547,0.50717,-0.48072,0.51595,86.16828
0.07728,0.09565,0.14069,0.49547,0.50717,-0.48072,0.51595,86.28855
0.07727,0.09578,0.14069,0.49547,0.50717,-0.48072,0.51595,86.41391
0.07727,0.09590,0.14069,0.49547,0.50717,-0.48072,0.51595,86.54421
0.07726,0.09604,0.14069,0.49547,0.50717,-0.48072,0.51595,86.67928
0.07725,0.09617,0.14069,0.49547,0.50717,-0.48072,0.51595,86.81894
0.07725,0.09632,0.14069,0.49547,0.50717,-0.48072,0.51595,86.96301
0.07724,0.09646,0.14069,0.49547,0.50717,-0.48072,0.51595,87.11132
0.07723,0.09661,0.14070,0.49547,0.50717,-0.48072,0.51595,87.26365
0.07723,0.09677,0.14070,0.49547,0.50717,-0.48072,0.51595,87.41981
0.07722,0.09692,0.14070,0.49547,0.50717,-0.48072,0.51595,87.57961
0.07721,0.09709,0.14070,0.49547,0.50717,-0.48072,0.51595,87.74281
0.07720,0.09725,0.14070,0.49547,0.50717,-0.48072,0.51595,87.90922
0.07719,0.09742,0.14070,0.49547,0.50717,-0.48072,0.51595,88.07860
0.07719,0.09759,0.14070,0.49547,0.50717,-0.48072,0.51595,88.25073
0.07718,0.09776,0.14070,0.49547,0.50717,-0.48072,0.51595,88.42539
0.07717,0.09794,0.14070,0.49547,0.50717,-0.48072,0.51595,88.60232
0.07716,0.09812,0.14070,0.49547,0.50717,-0.48072,0.51595,88.78130
0.07715,0.09830,0.14070,0.49547,0.50717,-0.48072,0.51595,88.96208
0.07715,0.09848,0.14071,0.49547,0.50717,-0.48072,0.51595,89.14442
0.07714,0.09866,0.14071,0.49547,0.50717,-0.48072,0.51595,89.32806
0.07713,0.09885,0.14071,0.49547,0.50717,-0.48072,0.51595,89.51275
0.07712,0.09903,0.14071,0.49547,0.50717,-0.48072,0.51595,89.69825
0.07711,0.09922,0.14071,0.49547,0.50717,-0.48072,0.51595,89.88429
0.07710,0.09939,0.14071,0.49547,0.50717,-0.48072,0.51595,90.07061
0.07709,0.09958,0.14071,0.49547,0.50717,-0.48072,0.51595,90.25697
0.07708,0.09977,0.14071,0.49547,0.50717,-0.48072,0.51595,90.44309
0.07708,0.09995,0.14071,0.49547,0.50717,-0.48072,0.51595,90.62872
0.07707,0.10014,0.14071,0.49547,0.50717,-0.48072,0.51595,90.81360
0.07706,0.10032,0.14072,0.49547,0.50717,-0.48072,0.51595,90.99746
0.07705,0.10050,0.14072,0.49547,0.50717,-0.48072,0.51595,91.18005
0.07704,0.10069,0.14072,0.49547,0.50717,-0.48072,0.51595,91.36112
0.07703,0.10087,0.14072,0.49547,0.50717,-0.48072,0.51595,91.54039
0.07702,0.10104,0.14072,0.49547,0.50717,-0.48072,0.51595,91.71762
0.07702,0.10122,0.14072,0.49547,0.50717,-0.48072,0.51595,91.89256
0.07701,0.10139,0.14072,0.49547,0.50717,-0.48072,0.51595,92.06495
0.07700,0.10157,0.14072,0.49547,0.50717,-0.48072,0.51595,92.23454
0.07699,0.10173,0.14072,0.49547,0.50717,-0.48072,0.51595,92.40109
0.07698,0.10190,0.14072,0.49547,0.50717,-0.48072,0.51595,92.56436
0.07698,0.10206,0.14072,0.49547,0.50717,-0.48072,0.51595,92.72411
0.07697,0.10222,0.14073,0.49547,0.50717,-0.48072,0.51595,92.88011
0.07696,0.10237,0.14073,0.49547,0.50717,-0.48072,0.51595,93.03212
0.07695,0.10252,0.14073,0.49547,0.50717,-0.48072,0.51595,93.17993
0.07695,0.10267,0.14073,0.49547,0.50717,-0.48072,0.51595,93.32331
0.07694,0.10281,0.14073,0.49547,0.50717,-0.48072,0.51595,93.46206
0.07693,0.10295,0.14073,0.49547,0.50717,-0.48072,0.51595,93.59597
0.07693,0.10308,0.14073,0.49547,0.50717,-0.48072,0.51595,93.72483
0.07692,0.10320,0.14073,0.49547,0.50717,-0.48072,0.51595,93.84845
0.07692,0.10332,0.14073,0.49547,0.50717,-0.48072,0.51595,93.96665
0.07691,0.10344,0.14073,0.49547,0.50717,-0.48072,0.51595,94.07924
0.07691,0.10355,0.14073,0.49547,0.50717,-0.48072,0.51595,94.18605
0.07690,0.10365,0.14073,0.49547,0.50717,-0.48072,0.51595,94.28692
0.07690,0.10375,0.14073,0.49547,0.50717,-0.48072,0.51595,94.38170
0.07689,0.10384,0.14073,0.49547,0.50717,-0.48072,0.51595,94.47022
0.07689,0.10393,0.14073,0.49547,0.50717,-0.48072,0.51595,94.55236
0.07688,0.10401,0.14074,0.49547,0.50717,-0.48072,0.51595,94.62798
0.07688,0.10408,0.14074,0.49547,0.50717,-0.48072,0.51595,94.69697
0.07688,0.10414,0.14074,0.49547,0.50717,-0.48072,0.51595,94.75920
0.07688,0.10420,0.14074,0.49547,0.50717,-0.48072,0.51595,94.81458
0.07687,0.10426,0.14074,0.49547,0.50717,-0.48072,0.51595,94.86301
0.07687,0.10430,0.14074,0.49547,0.50717,-0.48072,0.51595,94.90440
0.07687,0.10434,0.14074,0.49547,0.50717,-0.48072,0.51595,94.93870
0.07687,0.10437,0.14074,0.49547,0.50717,-0.48072,0.51595,94.96582
0.07687,0.10439,0.14074,0.49547,0.50717,-0.48072,0.51595,94.98573
0.07687,0.10441,0.14074,0.49547,0.50717,-0.48072,0.51595,94.99837
0.07687,0.10442,0.14074,0.49547,0.50717,-0.48072,0.51595,95.00371
0.07687,0.10442,0.14074,0.49547,0.50717,-0.48072,0.51595,95.00568
0.07687,0.10441,0.14074,0.49547,0.50717,-0.48072,0.51595,95.01499
0.07687,0.10440,0.14074,0.49547,0.50717,-0.48072,0.51595,95.03162
0.07687,0.10438,0.14074,0.49547,0.50717,-0.48072,0.51595,95.05556
0.07687,0.10435,0.14074,0.49547,0.50717,-0.48072,0.51595,95.08681
0.07687,0.10432,0.14074,0.49547,0.50717,-0.48072,0.51595,95.12532
0.07687,0.10428,0.14074,0.49547,0.50717,-0.48072,0.51595,95.17104
0.07687,0.10423,0.14074,0.49547,0.50717,-0.48072,0.51595,95.22394
0.07688,0.10417,0.14074,0.49547,0.50717,-0.48072,0.51595,95.28393
0.07688,0.10411,0.14074,0.49547,0.50717,-0.48072,0.51595,95.35096
0.07688,0.10404,0.14074,0.49547,0.50717,-0.48072,0.51595,95.42492
0.07689,0.10396,0.14074,0.49547,0.50717,-0.48072,0.51595,95.50572
0.07689,0.10387,0.14073,0.49547,0.50717,-0.48072,0.51595,95.59326
0.07690,0.10378,0.14073,0.49547,0.50717,-0.48072,0.51595,95.68741
0.07690,0.10369,0.14073,0.49547,0.50717,-0.48072,0.51595,95.78805
0.07691,0.10358,0.14073,0.49547,0.50717,-0.48072,0.51595,95.89505
0.07691,0.10347,0.14073,0.49547,0.50717,-0.48072,0.51595,96.00824
0.07692,0.10336,0.14073,0.49547,0.50717,-0.48072,0.51595,96.12748
0.07692,0.10323,0.14073,0.49547,0.50717,-0.48072,0.51595,96.25260
0.07693,0.10311,0.14073,0.49547,0.50717,-0.48072,0.51595,96.38341
0.07693,0.10297,0.14073,0.49547,0.50717,-0.48072,0.51595,96.51974
0.07694,0.10283,0.14073,0.49547,0.50717,-0.48072,0.51595,96.66139
0.07695,0.10269,0.14073,0.49547,0.50717,-0.48072,0.51595,96.80816
0.07695,0.10254,0.14073,0.49547,0.50717,-0.48072,0.51595,96.95982
0.07696,0.10239,0.14073,0.49547,0.50717,-0.48072,0.51595,97.11618
0.07697,0.10223,0.14073,0.49547,0.50717,-0.48072,0.51595,97.27699
0.07698,0.10206,0.14072,0.49547,0.50717,-0.48072,0.51595,97.44201
0.07698,0.10190,0.14072,0.49547,0.50717,-0.48072,0.51595,97.61102
0.07699,0.10173,0.14072,0.49547,0.50717,-0.48072,0.51595,97.78376
0.07700,0.10155,0.14072,0.49547,0.50717,-0.48072,0.51595,97.95997
0.07701,0.10137,0.14072,0.49547,0.50717,-0.48072,0.51595,98.13939
0.07702,0.10119,0.14072,0.49547,0.50717,-0.48072,0.51595,98.32176
0.07703,0.10101,0.14072,0.49547,0.50717,-0.48072,0.51595,98.50680
0.07703,0.10082,0.14072,0.49547,0.50717,-0.48072,0.51595,98.69424
0.07704,0.10063,0.14072,0.49547,0.50717,-0.48072,0.51595,98.88378
0.07705,0.10044,0.14072,0.49547,0.50717,-0.48072,0.51595,99.07516
0.07706,0.10025,0.14072,0.49547,0.50717,-0.48072,0.51595,99.26807
0.07707,0.10006,0.14071,0.49547,0.50717,-0.48072,0.51595,99.46222
0.07708,0.09986,0.14071,0.49547,0.50717,-0.48072,0.51595,99.65733
0.07709,0.09967,0.14071,0.49547,0.50717,-0.48072,0.51595,99.85308
0.07710,0.09947,0.14071,0.49547,0.50717,-0.48072,0.51595,100.04918
0.07711,0.09929,0.14071,0.49547,0.50717,-0.48072,0.51595,100.24533
0.07712,0.09909,0.14071,0.49547,0.50717,-0.48072,0.51595,100.44122
0.07713,0.09889,0.14071,0.49547,0.50717,-0.48072,0.51595,100.63655
0.07713,0.09870,0.14071,0.49547,0.50717,-0.48072,0.51595,100.83103
0.07714,0.09850,0.14071,0.49547,0.50717,-0.48072,0.51595,101.02433
0.07715,0.09831,0.14070,0.49547,0.50717,-0.48072,0.51595,101.21618
0.07716,0.09812,0.14070,0.49547,0.50717,-0.48072,0.51595,101.40625
0.07717,0.09793,0.14070,0.49547,0.50717,-0.48072,0.51595,101.59426
0.07718,0.09774,0.14070,0.49547,0.50717,-0.48072,0.51595,101.77991
0.07719,0.09756,0.14070,0.49547,0.50717,-0.48072,0.51595,101.96290
0.07720,0.09738,0.14070,0.49547,0.50717,-0.48072,0.51595,102.14295
0.07721,0.09720,0.14070,0.49547,0.50717,-0.48072,0.51595,102.31976
0.07721,0.09703,0.14070,0.49547,0.50717,-0.48072,0.51595,102.49306
0.07722,0.09685,0.14070,0.49547,0.50717,-0.48072,0.51595,102.66256
0.07723,0.09669,0.14070,0.49547,0.50717,-0.48072,0.51595,102.82801
0.07724,0.09652,0.14069,0.49547,0.50717,-0.48072,0.51595,102.98911
0.07724,0.09636,0.14069,0.49547,0.50717,-0.48072,0.51595,103.14563
0.07725,0.09621,0.14069,0.49547,0.50717,-0.48072,0.51595,103.29730
0.07726,0.09606,0.14069,0.49547,0.50717,-0.48072,0.51595,103.44387
0.07727,0.09592,0.14069,0.49547,0.50717,-0.48072,0.51595,103.58510
0.07727,0.09578,0.14069,0.49547,0.50717,-0.48072,0.51595,103.72077
0.07728,0.09565,0.14069,0.49547,0.50717,-0.48072,0.51595,103.85064
0.07728,0.09552,0.14069,0.49547,0.50717,-0.48072,0.51595,103.97451
0.07729,0.09540,0.14069,0.49547,0.50717,-0.48072,0.51595,104.09216
0.07730,0.09528,0.14069,0.49547,0.50717,-0.48072,0.51595,104.20339
0.07730,0.09518,0.14069,0.49547,0.50717,-0.48072,0.51595,104.30802
0.07731,0.09507,0.14069,0.49547,0.50717,-0.48072,0.51595,104.40587
0.07731,0.09498,0.14069,0.49547,0.50717,-0.48072,0.51595,104.49678
0.07731,0.09489,0.14069,0.49547,0.50717,-0.48072,0.51595,104.58057
0.07732,0.09481,0.14069,0.49547,0.50717,-0.48072,0.51595,104.65711
0.07732,0.09474,0.14069,0.49547,0.50717,-0.48072,0.51595,104.72627
0.07732,0.09467,0.14068,0.49547,0.50717,-0.48072,0.51595,104.78791
0.07733,0.09462,0.14068,0.49547,0.50717,-0.48072,0.51595,104.84193
0.07733,0.09457,0.14068,0.49547,0.50717,-0.48072,0.51595,104.88823
0.07733,0.09452,0.14068,0.49547,0.50717,-0.48072,0.51595,104.92671
0.07733,0.09449,0.14068,0.49547,0.50717,-0.48072,0.51595,104.95730
0.07733,0.09446,0.14068,0.49547,0.50717,-0.48072,0.51595,104.97994
0.07733,0.09444,0.14068,0.49547,0.50717,-0.48072,0.51595,104.99458
0.07734,0.09443,0.14068,0.49547,0.50717,-0.48072,0.51595,105.00118
0.07734,0.09443,0.14068,0.49547,0.50717,-0.48072,0.51595,105.00265
0.07733,0.09444,0.14068,0.49547,0.50717,-0.48072,0.51595,105.01219
0.07733,0.09445,0.14068,0.49547,0.50717,-0.48072,0.51595,105.02981
0.07733,0.09447,0.14068,0.49547,0.50717,-0.48072,0.51595,105.05549
0.07733,0.09450,0.14068,0.49547,0.50717,-0.48072,0.51595,105.08921
0.07733,0.09454,0.14068,0.49547,0.50717,-0.48072,0.51595,105.13092
0.07733,0.09458,0.14068,0.49547,0.50717,-0.48072,0.51595,105.18057
0.07733,0.09464,0.14068,0.49547,0.50717,-0.48072,0.51595,105.23810
0.07732,0.09470,0.14068,0.49547,0.50717,-0.48072,0.51595,105.30342
0.07732,0.09477,0.14069,0.49547,0.50717,-0.48072,0.51595,105.37644
0.07732,0.09485,0.14069,0.49547,0.50717,-0.48072,0.51595,105.45706
0.07731,0.09493,0.14069,0.49547,0.50717,-0.48072,0.51595,105.54515
0.07731,0.09502,0.14069,0.49547,0.50717,-0.48072,0.51595,105.64059
0.07730,0.09512,0.14069,0.49547,0.50717,-0.48072,0.51595,105.74324
0.07730,0.09523,0.14069,0.49547,0.50717,-0.48072,0.51595,105.85293
0.07729,0.09534,0.14069,0.49547,0.50717,-0.48072,0.51595,105.96949
0.07729,0.09546,0.14069,0.49547,0.50717,-0.48072,0.51595,106.09276
0.07728,0.09559,0.14069,0.49547,0.50717,-0.48072,0.51595,106.22253
0.07727,0.09572,0.14069,0.49547,0.50717,-0.48072,0.51595,106.35861
0.07727,0.09586,0.14069,0.49547,0.50717,-0.48072,0.51595,106.50078
0.07726,0.09600,0.14069,0.49547,0.50717,-0.48072,0.51595,106.64882
0.07725,0.09615,0.14069,0.49547,0.50717,-0.48072,0.51595,106.80249
0.07725,0.09631,0.14069,0.49547,0.50717,-0.48072,0.51595,106.96155
0.07724,0.09647,0.14069,0.49547,0.50717,-0.48072,0.51595,107.12574
0.07723,0.09664,0.14070,0.49547,0.50717,-0.48072,0.51595,107.29480
0.07722,0.09681,0.14070,0.49547,0.50717,-0.48072,0.51595,107.46845
0.07722,0.09699,0.14070,0.49547,0.50717,-0.48072,0.51595,107.64642
0.07721,0.09717,0.14070,0.49547,0.50717,-0.48072,0.51595,107.82842
0.07720,0.09735,0.14070,0.49547,0.50717,-0.48072,0.51595,108.01414
0.07719,0.09754,0.14070,0.49547,0.50717,-0.48072,0.51595,108.20329
0.07718,0.09773,0.14070,0.49547,0.50717,-0.48072,0.51595,108.39556
0.07717,0.09792,0.14070,0.49547,0.50717,-0.48072,0.51595,108.59062
0.07716,0.09812,0.14070,0.49547,0.50717,-0.48072,0.51595,108.78816
0.07715,0.09832,0.14070,0.49547,0.50717,-0.48072,0.51595,108.98785
0.07714,0.09852,0.14071,0.49547,0.50717,-0.48072,0.51595,109.18935
0.07713,0.09872,0.14071,0.49547,0.50717,-0.48072,0.51595,109.39233
0.07712,0.09892,0.14071,0.49547,0.50717,-0.48072,0.51595,109.59646
0.07711,0.09913,0.14071,0.49547,0.50717,-0.48072,0.51595,109.80138
0.07711,0.09933,0.14071,0.49547,0.50717,-0.48072,0.51595,110.00676
0.07710,0.09953,0.14071,0.49547,0.50717,-0.48072,0.51595,110.21224
0.07709,0.09974,0.14071,0.49547,0.50717,-0.48072,0.51595,110.41749
0.07708,0.09994,0.14071,0.49547,0.50717,-0.48072,0.51595,110.62214
0.07707,0.10014,0.14071,0.49547,0.50717,-0.48072,0.51595,110.82586
0.07706,0.10035,0.14072,0.49547,0.50717,-0.48072,0.51595,111.02830
0.07705,0.10055,0.14072,0.49547,0.50717,-0.48072,0.51595,111.22910
0.07704,0.10075,0.14072,0.49547,0.50717,-0.48072,0.51595,111.42793
0.07703,0.10095,0.14072,0.49547,0.50717,-0.48072,0.51595,111.62443
0.07702,0.10114,0.14072,0.49547,0.50717,-0.48072,0.51595,111.81828
0.07701,0.10133,0.14072,0.49547,0.50717,-0.48072,0.51595,112.00914
0.07700,0.10152,0.14072,0.49547,0.50717,-0.48072,0.51595,112.19667
0.07699,0.10171,0.14072,0.49547,0.50717,-0.48072,0.51595,112.38055
0.07698,0.10189,0.14072,0.49547,0.50717,-0.48072,0.51595,112.56046
0.07698,0.10207,0.14072,0.49547,0.50717,-0.48072,0.51595,112.73607
0.07697,0.10224,0.14073,0.49547,0.50717,-0.48072,0.51595,112.90709
0.07696,0.10241,0.14073,0.49547,0.50717,-0.48072,0.51595,113.07321
0.07695,0.10258,0.14073,0.49547,0.50717,-0.48072,0.51595,113.23413
0.07694,0.10273,0.14073,0.49547,0.50717,-0.48072,0.51595,113.38957
0.07694,0.10289,0.14073,0.49547,0.50717,-0.48072,0.51595,113.53925
0.07693,0.10303,0.14073,0.49547,0.50717,-0.48072,0.51595,113.68290
0.07692,0.10317,0.14073,0.49547,0.50717,-0.48072,0.51595,113.82026
0.07692,0.10331,0.14073,0.49547,0.50717,-0.48072,0.51595,113.95109
0.07691,0.10344,0.14073,0.49547,0.50717,-0.48072,0.51595,114.07514
0.07691,0.10356,0.14073,0.49547,0.50717,-0.48072,0.51595,114.19219
0.07690,0.10367,0.14073,0.49547,0.50717,-0.48072,0.51595,114.30202
0.07690,0.10378,0.14073,0.49547,0.50717,-0.48072,0.51595,114.40443
0.07689,0.10387,0.14073,0.49547,0.50717,-0.48072,0.51595,114.49924
0.07689,0.10396,0.14074,0.49547,0.50717,-0.48072,0.51595,114.58625
0.07688,0.10405,0.14074,0.49547,0.50717,-0.48072,0.51595,114.66530
0.07688,0.10412,0.14074,0.49547,0.50717,-0.48072,0.51595,114.73625
0.07688,0.10419,0.14074,0.49547,0.50717,-0.48072,0.51595,114.79895
0.07687,0.10425,0.14074,0.49547,0.50717,-0.48072,0.51595,114.85328
0.07687,0.10430,0.14074,0.49547,0.50717,-0.48072,0.51595,114.89914
0.07687,0.10434,0.14074,0.49547,0.50717,-0.48072,0.51595,114.93642
0.07687,0.10437,0.14074,0.49547,0.50717,-0.48072,0.51595,114.96504
0.07687,0.10440,0.14074,0.49547,0.50717,-0.48072,0.51595,114.98495
0.07687,0.10441,0.14074,0.49547,0.50717,-0.48072,0.51595,114.99608
0.07687,0.10442,0.14074,0.49547,0.50717,-0.48072,0.51595,114.99842
0.07687,0.10442,0.14074,0.49547,0.50717,-0.48072,0.51595,115.00491
0.07687,0.10441,0.14074,0.49547,0.50717,-0.48072,0.51595,115.02023
0.07687,0.10439,0.14074,0.49547,0.50717,-0.48072,0.51595,115.04436
0.07687,0.10436,0.14074,0.49547,0.50717,-0.48072,0.51595,115.07728
0.07687,0.10432,0.14074,0.49547,0.50717,-0.48072,0.51595,115.11894
0.07687,0.10428,0.14074,0.49547,0.50717,-0.48072,0.51595,115.16929
0.07687,0.10422,0.14074,0.49547,0.50717,-0.48072,0.51595,115.22825
0.07688,0.10416,0.14074,0.49547,0.50717,-0.48072,0.51595,115.29572
0.07688,0.10409,0.14074,0.49547,0.50717,-0.48072,0.51595,115.37162
0.07688,0.10401,0.14074,0.49547,0.50717,-0.48072,0.51595,115.45580
0.07689,0.10392,0.14073,0.49547,0.50717,-0.48072,0.51595,115.54814
0.07689,0.10382,0.14073,0.49547,0.50717,-0.48072,0.51595,115.64848
0.07690,0.10372,0.14073,0.49547,0.50717,-0.48072,0.51595,115.75666
0.07690,0.10360,0.14073,0.49547,0.50717,-0.48072,0.51595,115.87250
0.07691,0.10348,0.14073,0.49547,0.50717,-0.48072,0.51595,115.99581
0.07692,0.10336,0.14073,0.49547,0.50717,-0.48072,0.51595,116.12636
0.07692,0.10322,0.14073,0.49547,0.50717,-0.48072,0.51595,116.26395
0.07693,0.10308,0.14073,0.49547,0.50717,-0.48072,0.51595,116.40834
0.07694,0.10293,0.14073,0.49547,0.50717,-0.48072,0.51595,116.55927
0.07694,0.10278,0.14073,0.49547,0.50717,-0.48072,0.51595,116.71649
0.07695,0.10262,0.14073,0.49547,0.50717,-0.48072,0.51595,116.87971
0.07696,0.10245,0.14073,0.49547,0.50717,-0.48072,0.51595,117.04867
0.07697,0.10228,0.14073,0.49547,0.50717,-0.48072,0.51595,117.22306
0.07697,0.10211,0.14073,0.49547,0.50717,-0.48072,0.51595,117.40257
0.07698,0.10192,0.14072,0.49547,0.50717,-0.48072,0.51595,117.58689
0.07699,0.10174,0.14072,0.49547,0.50717,-0.48072,0.51595,117.77568
0.07700,0.10155,0.14072,0.49547,0.50717,-0.48072,0.51595,117.96862
0.07701,0.10135,0.14072,0.49547,0.50717,-0.48072,0.51595,118.16536
0.07702,0.10115,0.14072,0.49547,0.50717,-0.48072,0.51595,118.36555
0.07703,0.10095,0.14072,0.49547,0.50717,-0.48072,0.51595,118.56883
0.07704,0.10075,0.14072,0.49547,0.50717,-0.48072,0.51595,118.77482
0.07705,0.10054,0.14072,0.49547,0.50717,-0.48072,0.51595,118.98317
0.07706,0.10033,0.14072,0.49547,0.50717,-0.48072,0.51595,119.19349
0.07707,0.10012,0.14071,0.49547,0.50717,-0.48072,0.51595,119.40540
0.07708,0.09991,0.14071,0.49547,0.50717,-0.48072,0.51595,119.61851
0.07709,0.09969,0.14071,0.49547,0.50717,-0.48072,0.51595,119.83243
0.07710,0.09948,0.14071,0.49547,0.50717,-0.48072,0.51595,120.04678
0.07711,0.09927,0.14071,0.49547,0.50717,-0.48072,0.51595,120.26115
0.07712,0.09906,0.14071,0.49547,0.50717,-0.48072,0.51595,120.47516
0.07713,0.09885,0.14071,0.49547,0.50717,-0.48072,0.51595,120.68840
0.07714,0.09863,0.14071,0.49547,0.50717,-0.48072,0.51595,120.90049
0.07715,0.09842,0.14071,0.49547,0.50717,-0.48072,0.51595,121.11102
0.07716,0.09821,0.14070,0.49547,0.50717,-0.48072,0.51595,121.31961
0.07717,0.09800,0.14070,0.49547,0.50717,-0.48072,0.51595,121.52586
0.07718,0.09780,0.14070,0.49547,0.50717,-0.48072,0.51595,121.72939
0.07719,0.09760,0.14070,0.49547,0.50717,-0.48072,0.51595,121.92982
0.07720,0.09740,0.14070,0.49547,0.50717,-0.48072,0.51595,122.12677
0.07721,0.09720,0.14070,0.49547,0.50717,-0.48072,0.51595,122.31986
0.07721,0.09701,0.14070,0.49547,0.50717,-0.48072,0.51595,122.50873
0.07722,0.09683,0.14070,0.49547,0.50717,-0.48072,0.51595,122.69302
0.07723,0.09664,0.14070,0.49547,0.50717,-0.48072,0.51595,122.87238
0.07724,0.09647,0.14069,0.49547,0.50717,-0.48072,0.51595,123.04647
0.07725,0.09629,0.14069,0.49547,0.50717,-0.48072,0.51595,123.21494
0.07726,0.09613,0.14069,0.49547,0.50717,-0.48072,0.51595,123.37748
0.07726,0.09597,0.14069,0.49547,0.50717,-0.48072,0.51595,123.53376
0.07727,0.09582,0.14069,0.49547,0.50717,-0.48072,0.51595,123.68350
0.07728,0.09567,0.14069,0.49547,0.50717,-0.48072,0.51595,123.82639
0.07728,0.09553,0.14069,0.49547,0.50717,-0.48072,0.51595,123.96215
0.07729,0.09540,0.14069,0.49547,0.50717,-0.48072,0.51595,124.09051
0.07730,0.09527,0.14069,0.49547,0.50717,-0.48072,0.51595,124.21123
0.07730,0.09516,0.14069,0.49547,0.50717,-0.48072,0.51595,124.32406
0.07731,0.09505,0.14069,0.49547,0.50717,-0.48072,0.51595,124.42877
0.07731,0.09495,0.14069,0.49547,0.50717,-0.48072,0.51595,124.52516
0.07732,0.09486,0.14069,0.49547,0.50717,-0.48072,0.51595,124.61302
0.07732,0.09477,0.14069,0.49547,0.50717,-0.48072,0.51595,124.69218
0.07732,0.09470,0.14068,0.49547,0.50717,-0.48072,0.51595,124.76247
0.07733,0.09463,0.14068,0.49547,0.50717,-0.48072,0.51595,124.82374
0.07733,0.09457,0.14068,0.49547,0.50717,-0.48072,0.51595,124.87587
0.07733,0.09453,0.14068,0.49547,0.50717,-0.48072,0.51595,124.91873
0.07733,0.09449,0.14068,0.49547,0.50717,-0.48072,0.51595,124.95223
0.07733,0.09446,0.14068,0.49547,0.50717,-0.48072,0.51595,124.97629
0.07733,0.09444,0.14068,0.49547,0.50717,-0.48072,0.51595,124.99085
0.07734,0.09443,0.14068,0.49547,0.50717,-0.48072,0.51595,124.99587
0.07734,0.09443,0.14068,0.49547,0.50717,-0.48072,0.51595,125.00042
0.07733,0.09444,0.14068,0.49547,0.50717,-0.48072,0.51595,125.01455
0.07733,0.09446,0.14068,0.49547,0.50717,-0.48072,0.51595,125.03824
0.07733,0.09449,0.14068,0.49547,0.50717,-0.48072,0.51595,125.07147
0.07733,0.09453,0.14068,0.49547,0.50717,-0.48072,0.51595,125.11418
0.07733,0.09457,0.14068,0.49547,0.50717,-0.48072,0.51595,125.16632
0.07733,0.09463,0.14068,0.49547,0.50717,-0.48072,0.51595,125.22779
0.07732,0.09470,0.14068,0.49547,0.50717,-0.48072,0.51595,125.29849
0.07732,0.09477,0.14069,0.49547,0.50717,-0.48072,0.51595,125.37830
0.07732,0.09486,0.14069,0.49547,0.50717,-0.48072,0.51595,125.46708
0.07731,0.09495,0.14069,0.49547,0.50717,-0.48072,0.51595,125.56467
0.07731,0.09505,0.14069,0.49547,0.50717,-0.48072,0.51595,125.67090
0.07730,0.09516,0.14069,0.49547,0.50717,-0.48072,0.51595,125.78558
0.07730,0.09528,0.14069,0.49547,0.50717,-0.48072,0.51595,125.90849
0.07729,0.09541,0.14069,0.49547,0.50717,-0.48072,0.51595,126.03941
0.07728,0.09554,0.14069,0.49547,0.50717,-0.48072,0.51595,126.17810
0.07728,0.09568,0.14069,0.49547,0.50717,-0.48072,0.51595,126.32431
0.07727,0.09583,0.14069,0.49547,0.50717,-0.48072,0.51595,126.47775
0.07726,0.09599,0.14069,0.49547,0.50717,-0.48072,0.51595,126.63814
0.07725,0.09616,0.14069,0.49547,0.50717,-0.48072,0.51595,126.80518
0.07725,0.09633,0.14069,0.49547,0.50717,-0.48072,0.51595,126.97855
0.07724,0.09650,0.14069,0.49547,0.50717,-0.48072,0.51595,127.15793
0.07723,0.09668,0.14070,0.49547,0.50717,-0.48072,0.51595,127.34296
0.07722,0.09687,0.14070,0.49547,0.50717,-0.48072,0.51595,127.53330
0.07721,0.09707,0.14070,0.49547,0.50717,-0.48072,0.51595,127.72858
0.07720,0.09726,0.14070,0.49547,0.50717,-0.48072,0.51595,127.92842
0.07719,0.09746,0.14070,0.49547,0.50717,-0.48072,0.51595,128.13244
0.07718,0.09767,0.14070,0.49547,0.50717,-0.48072,0.51595,128.34024
0.07717,0.09788,0.14070,0.49547,0.50717,-0.48072,0.51595,128.55141
0.07716,0.09809,0.14070,0.49547,0.50717,-0.48072,0.51595,128.76555
0.07715,0.09831,0.14070,0.49547,0.50717,-0.48072,0.51595,128.98224
0.07714,0.09853,0.14071,0.49547,0.50717,-0.48072,0.51595,129.20105
0.07713,0.09875,0.14071,0.49547,0.50717,-0.48072,0.51595,129.42155
0.07712,0.09897,0.14071,0.49547,0.50717,-0.48072,0.51595,129.64331
0.07711,0.09919,0.14071,0.49547,0.50717,-0.48072,0.51595,129.86588
0.07710,0.09940,0.14071,0.49547,0.50717,-0.48072,0.51595,130.08882
0.07709,0.09963,0.14071,0.49547,0.50717,-0.48072,0.51595,130.31170
0.07708,0.09985,0.14071,0.49547,0.50717,-0.48072,0.51595,130.53407
0.07707,0.10007,0.14071,0.49547,0.50717,-0.48072,0.51595,130.75547
0.07706,0.10029,0.14072,0.49547,0.50717,-0.48072,0.51595,130.97548
0.07705,0.10051,0.14072,0.49547,0.50717,-0.48072,0.51595,131.19364
0.07704,0.10073,0.14072,0.49547,0.50717,-0.48072,0.51595,131.40952
0.07703,0.10094,0.14072,0.49547,0.50717,-0.48072,0.51595,131.62268
0.07702,0.10115,0.14072,0.49547,0.50717,-0.48072,0.51595,131.83269
0.07701,0.10136,0.14072,0.49547,0.50717,-0.48072,0.51595,132.03912
0.07700,0.10157,0.14072,0.49547,0.50717,-0.48072,0.51595,132.24155
0.07699,0.10177,0.14072,0.49547,0.50717,-0.48072,0.51595,132.43956
0.07698,0.10196,0.14072,0.49547,0.50717,-0.48072,0.51595,132.63276
0.07697,0.10215,0.14073,0.49547,0.50717,-0.48072,0.51595,132.82074
0.07696,0.10234,0.14073,0.49547,0.50717,-0.48072,0.51595,133.00311
0.07695,0.10252,0.14073,0.49547,0.50717,-0.48072,0.51595,133.17951
0.07695,0.10269,0.14073,0.49547,0.50717,-0.48072,0.51595,133.34955
0.07694,0.10286,0.14073,0.49547,0.50717,-0.48072,0.51595,133.51289
0.07693,0.10302,0.14073,0.49547,0.50717,-0.48072,0.51595,133.66918
0.07692,0.10317,0.14073,0.49547,0.50717,-0.48072,0.51595,133.81810
0.07692,0.10332,0.14073,0.49547,0.50717,-0.48072,0.51595,133.95933
0.07691,0.10345,0.14073,0.49547,0.50717,-0.48072,0.51595,134.09257
0.07691,0.10358,0.14073,0.49547,0.50717,-0.48072,0.51595,134.21754
0.07690,0.10370,0.14073,0.49547,0.50717,-0.48072,0.51595,134.33397
0.07689,0.10382,0.14073,0.49547,0.50717,-0.48072,0.51595,134.44161
0.07689,0.10392,0.14073,0.49547,0.50717,-0.48072,0.51595,134.54023
0.07688,0.10401,0.14074,0.49547,0.50717,-0.48072,0.51595,134.62960
0.07688,0.10410,0.14074,0.49547,0.50717,-0.48072,0.51595,134.70954
0.07688,0.10417,0.14074,0.49547,0.50717,-0.48072,0.51595,134.77985
0.07687,0.10424,0.14074,0.49547,0.50717,-0.48072,0.51595,134.84039
0.07687,0.10429,0.14074,0.49547,0.50717,-0.48072,0.51595,134.89102
0.07687,0.10434,0.14074,0.49547,0.50717,-0.48072,0.51595,134.93160
0.07687,0.10437,0.14074,0.49547,0.50717,-0.48072,0.51595,134.96205
0.07687,0.10440,0.14074,0.49547,0.50717,-0.48072,0.51595,134.98229
0.07687,0.10442,0.14074,0.49547,0.50717,-0.48072,0.51595,134.99225
0.07687,0.10442,0.14074,0.49547,0.50717,-0.48072,0.51595,134.99260
0.07687,0.10441,0.14074,0.49547,0.50717,-0.48072,0.51595,135.00327
0.07687,0.10440,0.14074,0.49547,0.50717,-0.48072,0.51595,135.02426
0.07687,0.10437,0.14074,0.49547,0.50717,-0.48072,0.51595,135.05554
0.07687,0.10434,0.14074,0.49547,0.50717,-0.48072,0.51595,135.09706
0.07687,0.10429,0.14074,0.49547,0.50717,-0.48072,0.51595,135.14876
0.07687,0.10423,0.14074,0.49547,0.50717,-0.48072,0.51595,135.21054
0.07688,0.10417,0.14074,0.49547,0.50717,-0.48072,0.51595,135.28229
0.07688,0.10409,0.14074,0.49547,0.50717,-0.48072,0.51595,135.36387
0.07689,0.10400,0.14074,0.49547,0.50717,-0.48072,0.51595,135.45513
0.07689,0.10391,0.14073,0.49547,0.50717,-0.48072,0.51595,135.55590
0.07689,0.10380,0.14073,0.49547,0.50717,-0.48072,0.51595,135.66598
0.07690,0.10369,0.14073,0.49547,0.50717,-0.48072,0.51595,135.78515
0.07691,0.10356,0.14073,0.49547,0.50717,-0.48072,0.51595,135.91319
0.07691,0.10343,0.14073,0.49547,0.50717,-0.48072,0.51595,136.04982
0.07692,0.10329,0.14073,0.49547,0.50717,-0.48072,0.51595,136.19479
0.07693,0.10314,0.14073,0.49547,0.50717,-0.48072,0.51595,136.34780
0.07693,0.10298,0.14073,0.49547,0.50717,-0.48072,0.51595,136.50854
0.07694,0.10282,0.14073,0.49547,0.50717,-0.48072,0.51595,136.67668
0.07695,0.10265,0.14073,0.49547,0.50717,-0.48072,0.51595,136.85189
0.07696,0.10247,0.14073,0.49547,0.50717,-0.48072,0.51595,137.03380
0.07697,0.10228,0.14073,0.49547,0.50717,-0.48072,0.51595,137.22205
0.07698,0.10209,0.14073,0.49547,0.50717,-0.48072,0.51595,137.41623
0.07698,0.10190,0.14072,0.49547,0.50717,-0.48072,0.51595,137.61596
0.07699,0.10169,0.14072,0.49547,0.50717,-0.48072,0.51595,137.82081
0.07700,0.10149,0.14072,0.49547,0.50717,-0.48072,0.51595,138.03037
0.07701,0.10127,0.14072,0.49547,0.50717,-0.48072,0.51595,138.24419
0.07702,0.10106,0.14072,0.49547,0.50717,-0.48072,0.51595,138.46182
0.07703,0.10084,0.14072,0.49547,0.50717,-0.48072,0.51595,138.68282
0.07704,0.10062,0.14072,0.49547,0.50717,-0.48072,0.51595,138.90671
0.07705,0.10039,0.14072,0.49547,0.50717,-0.48072,0.51595,139.13302
0.07707,0.10016,0.14071,0.49547,0.50717,-0.48072,0.51595,139.36128
0.07708,0.09993,0.14071,0.49547,0.50717,-0.48072,0.51595,139.59099
0.07709,0.09970,0.14071,0.49547,0.50717,-0.48072,0.51595,139.82168
0.07710,0.09947,0.14071,0.49547,0.50717,-0.48072,0.51595,140.05284
0.07711,0.09925,0.14071,0.49547,0.50717,-0.48072,0.51595,140.28399
0.07712,0.09902,0.14071,0.49547,0.50717,-0.48072,0.51595,140.51463
0.07713,0.09879,0.14071,0.49547,0.50717,-0.48072,0.51595,140.74426
0.07714,0.09856,0.14071,0.49547,0.50717,-0.48072,0.51595,140.97238
0.07715,0.09833,0.14070,0.49547,0.50717,-0.48072,0.51595,141.19852
0.07716,0.09811,0.14070,0.49547,0.50717,-0.48072,0.51595,141.42217
0.07717,0.09789,0.14070,0.49547,0.50717,-0.48072,0.51595,141.64285
0.07718,0.09767,0.14070,0.49547,0.50717,-0.48072,0.51595,141.86008
0.07719,0.09745,0.14070,0.49547,0.50717,-0.48072,0.51595,142.07338
0.07720,0.09724,0.14070,0.49547,0.50717,-0.48072,0.51595,142.28229
0.07721,0.09703,0.14070,0.49547,0.50717,-0.48072,0.51595,142.48635
0.07722,0.09683,0.14070,0.49547,0.50717,-0.48072,0.51595,142.68511
0.07723,0.09664,0.14070,0.49547,0.50717,-0.48072,0.51595,142.87814
0.07724,0.09645,0.14069,0.49547,0.50717,-0.48072,0.51595,143.06499
0.07725,0.09626,0.14069,0.49547,0.50717,-0.48072,0.51595,143.24526
0.07726,0.09609,0.14069,0.49547,0.50717,-0.48072,0.51595,143.41855
0.07727,0.09592,0.14069,0.49547,0.50717,-0.48072,0.51595,143.58447
0.07727,0.09575,0.14069,0.49547,0.50717,-0.48072,0.51595,143.74264
0.07728,0.09560,0.14069,0.49547,0.50717,-0.48072,0.51595,143.89271
0.07729,0.09545,0.14069,0.49547,0.50717,-0.48072,0.51595,144.03434
0.07729,0.09532,0.14069,0.49547,0.50717,-0.48072,0.51595,144.16720
0.07730,0.09519,0.14069,0.49547,0.50717,-0.48072,0.51595,144.29099
0.07731,0.09507,0.14069,0.49547,0.50717,-0.48072,0.51595,144.40543
0.07731,0.09496,0.14069,0.49547,0.50717,-0.48072,0.51595,144.51026
0.07732,0.09486,0.14069,0.49547,0.50717,-0.48072,0.51595,144.60521
0.07732,0.09477,0.14069,0.49547,0.50717,-0.48072,0.51595,144.69008
0.07732,0.09469,0.14068,0.49547,0.50717,-0.48072,0.51595,144.76466
0.07733,0.09462,0.14068,0.49547,0.50717,-0.48072,0.51595,144.82878
0.07733,0.09456,0.14068,0.49547,0.50717,-0.48072,0.51595,144.88226
0.07733,0.09451,0.14068,0.49547,0.50717,-0.48072,0.51595,144.92498
0.07733,0.09448,0.14068,0.49547,0.50717,-0.48072,0.51595,144.95684
0.07733,0.09445,0.14068,0.49547,0.50717,-0.48072,0.51595,144.97773
0.07734,0.09443,0.14068,0.49547,0.50717,-0.48072,0.51595,144.98760
0.07734,0.09443,0.14068,0.49547,0.50717,-0.48072,0.51595,144.98879
0.07733,0.09444,0.14068,0.49547,0.50717,-0.48072,0.51595,145.00105
0.07733,0.09445,0.14068,0.49547,0.50717,-0.48072,0.51595,145.02438
0.07733,0.09448,0.14068,0.49547,0.50717,-0.48072,0.51595,145.05873
0.07733,0.09452,0.14068,0.49547,0.50717,-0.48072,0.51595,145.10406
0.07733,0.09457,0.14068,0.49547,0.50717,-0.48072,0.51595,145.16027
0.07733,0.09464,0.14068,0.49547,0.50717,-0.48072,0.51595,145.22725
0.07732,0.09471,0.14068,0.49547,0.50717,-0.48072,0.51595,145.30488
0.07732,0.09479,0.14069,0.49547,0.50717,-0.48072,0.51595,145.39299
0.07731,0.09488,0.14069,0.49547,0.50717,-0.48072,0.51595,145.49141
0.07731,0.09499,0.14069,0.49547,0.50717,-0.48072,0.51595,145.59993
0.07730,0.09510,0.14069,0.49547,0.50717,-0.48072,0.51595,145.71833
0.07730,0.09522,0.14069,0.49547,0.50717,-0.48072,0.51595,145.84634
0.07729,0.09536,0.14069,0.49547,0.50717,-0.48072,0.51595,145.98371
0.07729,0.09550,0.14069,0.49547,0.50717,-0.48072,0.51595,146.13013
0.07728,0.09565,0.14069,0.49547,0.50717,-0.48072,0.51595,146.28529
0.07727,0.09581,0.14069,0.49547,0.50717,-0.48072,0.51595,146.44885
0.07726,0.09598,0.14069,0.49547,0.50717,-0.48072,0.51595,146.62046
0.07725,0.09615,0.14069,0.49547,0.50717,-0.48072,0.51595,146.79974
0.07725,0.09634,0.14069,0.49547,0.50717,-0.48072,0.51595,146.98631
0.07724,0.09653,0.14069,0.49547,0.50717,-0.48072,0.51595,147.17974
0.07723,0.09672,0.14070,0.49547,0.50717,-0.48072,0.51595,147.37961
0.07722,0.09693,0.14070,0.49547,0.50717,-0.48072,0.51595,147.58548
0.07721,0.09713,0.14070,0.49547,0.50717,-0.48072,0.51595,147.79690
0.07720,0.09735,0.14070,0.49547,0.50717,-0.48072,0.51595,148.01338
0.07719,0.09757,0.14070,0.49547,0.50717,-0.48072,0.51595,148.23445
0.07718,0.09779,0.14070,0.49547,0.50717,-0.48072,0.51595,148.45961
0.07717,0.09802,0.14070,0.49547,0.50717,-0.48072,0.51595,148.68835
0.07716,0.09825,0.14070,0.49547,0.50717,-0.48072,0.51595,148.92016
0.07715,0.09848,0.14071,0.49547,0.50717,-0.48072,0.51595,149.15452
0.07713,0.09872,0.14071,0.49547,0.50717,-0.48072,0.51595,149.39088
0.07712,0.09895,0.14071,0.49547,0.50717,-0.48072,0.51595,149.62873
0.07711,0.09919,0.14071,0.49547,0.50717,-0.48072,0.51595,149.86750
0.07710,0.09942,0.14071,0.49547,0.50717,-0.48072,0.51595,150.10667
0.07709,0.09966,0.14071,0.49547,0.50717,-0.48072,0.51595,150.34568
0.07708,0.09990,0.14071,0.49547,0.50717,-0.48072,0.51595,150.58398
0.07707,0.10014,0.14071,0.49547,0.50717,-0.48072,0.51595,150.82102
0.07706,0.10037,0.14072,0.49547,0.50717,-0.48072,0.51595,151.05626
0.07704,0.10061,0.14072,0.49547,0.50717,-0.48072,0.51595,151.28916
0.07703,0.10084,0.14072,0.49547,0.50717,-0.48072,0.51595,151.51917
0.07702,0.10107,0.14072,0.49547,0.50717,-0.48072,0.51595,151.74576
0.07701,0.10129,0.14072,0.49547,0.50717,-0.48072,0.51595,151.96840
0.07700,0.10151,0.14072,0.49547,0.50717,-0.48072,0.51595,152.18657
0.07699,0.10173,0.14072,0.49547,0.50717,-0.48072,0.51595,152.39976
0.07698,0.10194,0.14072,0.49547,0.50717,-0.48072,0.51595,152.60747
0.07697,0.10214,0.14073,0.49547,0.50717,-0.48072,0.51595,152.80921
0.07696,0.10234,0.14073,0.49547,0.50717,-0.48072,0.51595,153.00450
0.07695,0.10254,0.14073,0.49547,0.50717,-0.48072,0.51595,153.19288
0.07695,0.10272,0.14073,0.49547,0.50717,-0.48072,0.51595,153.37390
0.07694,0.10290,0.14073,0.49547,0.50717,-0.48072,0.51595,153.54713
0.07693,0.10307,0.14073,0.49547,0.50717,-0.48072,0.51595,153.71216
0.07692,0.10323,0.14073,0.49547,0.50717,-0.48072,0.51595,153.86858
0.07691,0.10338,0.14073,0.49547,0.50717,-0.48072,0.51595,154.01603
0.07691,0.10352,0.14073,0.49547,0.50717,-0.48072,0.51595,154.15414
0.07690,0.10366,0.14073,0.49547,0.50717,-0.48072,0.51595,154.28257
0.07690,0.10378,0.14073,0.49547,0.50717,-0.48072,0.51595,154.40101
0.07689,0.10389,0.14073,0.49547,0.50717,-0.48072,0.51595,154.50918
0.07689,0.10400,0.14074,0.49547,0.50717,-0.48072,0.51595,154.60679
0.07688,0.10409,0.14074,0.49547,0.50717,-0.48072,0.51595,154.69361
0.07688,0.10417,0.14074,0.49547,0.50717,-0.48072,0.51595,154.76941
0.07687,0.10424,0.14074,0.49547,0.50717,-0.48072,0.51595,154.83401
0.07687,0.10430,0.14074,0.49547,0.50717,-0.48072,0.51595,154.88722
0.07687,0.10435,0.14074,0.49547,0.50717,-0.48072,0.51595,154.92892
0.07687,0.10438,0.14074,0.49547,0.50717,-0.48072,0.51595,154.95898
0.07687,0.10441,0.14074,0.49547,0.50717,-0.48072,0.51595,154.97732
0.07687,0.10442,0.14074,0.49547,0.50717,-0.48072,0.51595,154.98387
0.07687,0.10442,0.14074,0.49547,0.50717,-0.48072,0.51595,154.98913
0.07687,0.10441,0.14074,0.49547,0.50717,-0.48072,0.51595,155.00622
0.07687,0.10438,0.14074,0.49547,0.50717,-0.48072,0.51595,155.03510
0.07687,0.10435,0.14074,0.49547,0.50717,-0.48072,0.51595,155.07574
0.07687,0.10430,0.14074,0.49547,0.50717,-0.48072,0.51595,155.12804
0.07687,0.10425,0.14074,0.49547,0.50717,-0.48072,0.51595,155.19190
0.07688,0.10418,0.14074,0.49547,0.50717,-0.48072,0.51595,155.26719
0.07688,0.10409,0.14074,0.49547,0.50717,-0.48072,0.51595,155.35374
0.07689,0.10400,0.14074,0.49547,0.50717,-0.48072,0.51595,155.45136
0.07689,0.10390,0.14073,0.49547,0.50717,-0.48072,0.51595,155.55985
0.07690,0.10379,0.14073,0.49547,0.50717,-0.48072,0.51595,155.67894
0.07690,0.10366,0.14073,0.49547,0.50717,-0.48072,0.51595,155.80838
0.07691,0.10353,0.14073,0.49547,0.50717,-0.48072,0.51595,155.94788
0.07691,0.10338,0.14073,0.49547,0.50717,-0.48072,0.51595,156.09710
0.07692,0.10323,0.14073,0.49547,0.50717,-0.48072,0.51595,156.25571
0.07693,0.10307,0.14073,0.49547,0.50717,-0.48072,0.51595,156.42334
0.07694,0.10289,0.14073,0.49547,0.50717,-0.48072,0.51595,156.59960
0.07695,0.10271,0.14073,0.49547,0.50717,-0.48072,0.51595,156.78407
0.07695,0.10252,0.14073,0.49547,0.50717,-0.48072,0.51595,156.97634
0.07696,0.10233,0.14073,0.49547,0.50717,-0.48072,0.51595,157.17594
0.07697,0.10212,0.14073,0.49547,0.50717,-0.48072,0.51595,157.38241
0.07698,0.10192,0.14072,0.49547,0.50717,-0.48072,0.51595,157.59525
0.07699,0.10170,0.14072,0.49547,0.50717,-0.48072,0.51595,157.81396
0.07700,0.10148,0.14072,0.49547,0.50717,-0.48072,0.51595,158.03802
0.07701,0.10125,0.14072,0.49547,0.50717,-0.48072,0.51595,158.26690
0.07703,0.10102,0.14072,0.49547,0.50717,-0.48072,0.51595,158.50004
0.07704,0.10078,0.14072,0.49547,0.50717,-0.48072,0.51595,158.73690
0.07705,0.10055,0.14072,0.49547,0.50717,-0.48072,0.51595,158.97689
0.07706,0.10030,0.14072,0.49547,0.50717,-0.48072,0.51595,159.21944
0.07707,0.10006,0.14071,0.49547,0.50717,-0.48072,0.51595,159.46396
0.07708,0.09982,0.14071,0.49547,0.50717,-0.48072,0.51595,159.70987
0.07709,0.09957,0.14071,0.49547,0.50717,-0.48072,0.51595,159.95656
0.07711,0.09933,0.14071,0.49547,0.50717,-0.48072,0.51595,160.20343
0.07712,0.09909,0.14071,0.49547,0.50717,-0.48072,0.51595,160.44987
0.07713,0.09884,0.14071,0.49547,0.50717,-0.48072,0.51595,160.69530
0.07714,0.09859,0.14071,0.49547,0.50717,-0.48072,0.51595,160.93910
0.07715,0.09835,0.14070,0.49547,0.50717,-0.48072,0.51595,161.18067
0.07716,0.09811,0.14070,0.49547,0.50717,-0.48072,0.51595,161.41942
0.07717,0.09787,0.14070,0.49547,0.50717,-0.48072,0.51595,161.65476
0.07718,0.09764,0.14070,0.49547,0.50717,-0.48072,0.51595,161.88611
0.07720,0.09741,0.14070,0.49547,0.50717,-0.48072,0.51595,162.11289
0.07721,0.09719,0.14070,0.49547,0.50717,-0.48072,0.51595,162.33453
0.07722,0.09697,0.14070,0.49547,0.50717,-0.48072,0.51595,162.55049
0.07723,0.09676,0.14070,0.49547,0.50717,-0.48072,0.51595,162.76021
0.07724,0.09655,0.14069,0.49547,0.50717,-0.48072,0.51595,162.96319
0.07725,0.09635,0.14069,0.49547,0.50717,-0.48072,0.51595,163.15889
0.07725,0.09616,0.14069,0.49547,0.50717,-0.48072,0.51595,163.34684
0.07726,0.09597,0.14069,0.49547,0.50717,-0.48072,0.51595,163.52654
0.07727,0.09580,0.14069,0.49547,0.50717,-0.48072,0.51595,163.69756
0.07728,0.09563,0.14069,0.49547,0.50717,-0.48072,0.51595,163.85944
0.07729,0.09547,0.14069,0.49547,0.50717,-0.48072,0.51595,164.01177
0.07729,0.09533,0.14069,0.49547,0.50717,-0.48072,0.51595,164.15417
0.07730,0.09519,0.14069,0.49547,0.50717,-0.48072,0.51595,164.28626
0.07731,0.09506,0.14069,0.49547,0.50717,-0.48072,0.51595,164.40770
0.07731,0.09495,0.14069,0.49547,0.50717,-0.48072,0.51595,164.51817
0.07732,0.09484,0.14069,0.49547,0.50717,-0.48072,0.51595,164.61738
0.07732,0.09475,0.14069,0.49547,0.50717,-0.48072,0.51595,164.70506
0.07732,0.09467,0.14068,0.49547,0.50717,-0.48072,0.51595,164.78099
0.07733,0.09460,0.14068,0.49547,0.50717,-0.48072,0.51595,164.84495
0.07733,0.09454,0.14068,0.49547,0.50717,-0.48072,0.51595,164.89676
0.07733,0.09449,0.14068,0.49547,0.50717,-0.48072,0.51595,164.93629
0.07733,0.09446,0.14068,0.49547,0.50717,-0.48072,0.51595,164.96340
0.07733,0.09444,0.14068,0.49547,0.50717,-0.48072,0.51595,164.97802
0.07734,0.09443,0.14068,0.49547,0.50717,-0.48072,0.51595,164.98010
0.07734,0.09443,0.14068,0.49547,0.50717,-0.48072,0.51595,164.99060
0.07733,0.09445,0.14068,0.49547,0.50717,-0.48072,0.51595,165.01366
0.07733,0.09448,0.14068,0.49547,0.50717,-0.48072,0.51595,165.04924
0.07733,0.09452,0.14068,0.49547,0.50717,-0.48072,0.51595,165.09727
0.07733,0.09458,0.14068,0.49547,0.50717,-0.48072,0.51595,165.15766
0.07733,0.09464,0.14068,0.49547,0.50717,-0.48072,0.51595,165.23025
0.07732,0.09472,0.14069,0.49547,0.50717,-0.48072,0.51595,165.31489
0.07732,0.09481,0.14069,0.49547,0.50717,-0.48072,0.51595,165.41138
0.07731,0.09491,0.14069,0.49547,0.50717,-0.48072,0.51595,165.51949
0.07731,0.09503,0.14069,0.49547,0.50717,-0.48072,0.51595,165.63896
0.07730,0.09515,0.14069,0.49547,0.50717,-0.48072,0.51595,165.76951
0.07730,0.09529,0.14069,0.49547,0.50717,-0.48072,0.51595,165.91082
0.07729,0.09544,0.14069,0.49547,0.50717,-0.48072,0.51595,166.06254
0.07728,0.09559,0.14069,0.49547,0.50717,-0.48072,0.51595,166.22430
0.07727,0.09576,0.14069,0.49547,0.50717,-0.48072,0.51595,166.39572
0.07726,0.09594,0.14069,0.49547,0.50717,-0.48072,0.51595,166.57635
0.07726,0.09612,0.14069,0.49547,0.50717,-0.48072,0.51595,166.76575
0.07725,0.09631,0.14069,0.49547,0.50717,-0.48072,0.51595,166.96346
0.07724,0.09652,0.14069,0.49547,0.50717,-0.48072,0.51595,167.16897
0.07723,0.09673,0.14070,0.49547,0.50717,-0.48072,0.51595,167.38178
0.07722,0.09694,0.14070,0.49547,0.50717,-0.48072,0.51595,167.60134
0.07721,0.09716,0.14070,0.49547,0.50717,-0.48072,0.51595,167.82710
0.07720,0.09739,0.14070,0.49547,0.50717,-0.48072,0.51595,168.05849
0.07719,0.09763,0.14070,0.49547,0.50717,-0.48072,0.51595,168.29493
0.07717,0.09787,0.14070,0.49547,0.50717,-0.48072,0.51595,168.53580
0.07716,0.09811,0.14070,0.49547,0.50717,-0.48072,0.51595,168.78051
0.07715,0.09836,0.14070,0.49547,0.50717,-0.48072,0.51595,169.02842
0.07714,0.09861,0.14071,0.49547,0.50717,-0.48072,0.51595,169.27889
0.07713,0.09886,0.14071,0.49547,0.50717,-0.48072,0.51595,169.53128
0.07712,0.09911,0.14071,0.49547,0.50717,-0.48072,0.51595,169.78495
0.07710,0.09936,0.14071,0.49547,0.50717,-0.48072,0.51595,170.03924
0.07709,0.09961,0.14071,0.49547,0.50717,-0.48072,0.51595,170.29349
0.07708,0.09986,0.14071,0.49547,0.50717,-0.48072,0.51595,170.54704
0.07707,0.10012,0.14071,0.49547,0.50717,-0.48072,0.51595,170.79922
0.07706,0.10037,0.14072,0.49547,0.50717,-0.48072,0.51595,171.04940
0.07704,0.10062,0.14072,0.49547,0.50717,-0.48072,0.51595,171.29690
0.07703,0.10086,0.14072,0.49547,0.50717,-0.48072,0.51595,171.54109
0.07702,0.10110,0.14072,0.49547,0.50717,-0.48072,0.51595,171.78131
0.07701,0.10134,0.14072,0.49547,0.50717,-0.48072,0.51595,172.01695
0.07700,0.10158,0.14072,0.49547,0.50717,-0.48072,0.51595,172.24738
0.07699,0.10180,0.14072,0.49547,0.50717,-0.48072,0.51595,172.47198
0.07698,0.10202,0.14072,0.49547,0.50717,-0.48072,0.51595,172.69017
0.07697,0.10224,0.14073,0.49547,0.50717,-0.48072,0.51595,172.90136
0.07696,0.10245,0.14073,0.49547,0.50717,-0.48072,0.51595,173.10499
0.07695,0.10265,0.14073,0.49547,0.50717,-0.48072,0.51595,173.30051
0.07694,0.10284,0.14073,0.49547,0.50717,-0.48072,0.51595,173.48741
0.07693,0.10302,0.14073,0.49547,0.50717,-0.48072,0.51595,173.66517
0.07692,0.10319,0.14073,0.49547,0.50717,-0.48072,0.51595,173.83332
0.07692,0.10336,0.14073,0.49547,0.50717,-0.48072,0.51595,173.99140
0.07691,0.10351,0.14073,0.49547,0.50717,-0.48072,0.51595,174.13898
0.07690,0.10365,0.14073,0.49547,0.50717,-0.48072,0.51595,174.27566
0.07690,0.10378,0.14073,0.49547,0.50717,-0.48072,0.51595,174.40105
0.07689,0.10390,0.14073,0.49547,0.50717,-0.48072,0.51595,174.51482
0.07688,0.10401,0.14074,0.49547,0.50717,-0.48072,0.51595,174.61665
0.07688,0.10411,0.14074,0.49547,0.50717,-0.48072,0.51595,174.70625
0.07688,0.10419,0.14074,0.49547,0.50717,-0.48072,0.51595,174.78336
0.07687,0.10426,0.14074,0.49547,0.50717,-0.48072,0.51595,174.84777
0.07687,0.10432,0.14074,0.49547,0.50717,-0.48072,0.51595,174.89928
0.07687,0.10436,0.14074,0.49547,0.50717,-0.48072,0.51595,174.93774
0.07687,0.10440,0.14074,0.49547,0.50717,-0.48072,0.51595,174.96303
0.07687,0.10441,0.14074,0.49547,0.50717,-0.48072,0.51595,174.97506
0.07687,0.10442,0.14074,0.49547,0.50717,-0.48072,0.51595,174.97634
0.07687,0.10441,0.14074,0.49547,0.50717,-0.48072,0.51595,174.99093
0.07687,0.10439,0.14074,0.49547,0.50717,-0.48072,0.51595,175.01882
0.07687,0.10436,0.14074,0.49547,0.50717,-0.48072,0.51595,175.05996
0.07687,0.10431,0.14074,0.49547,0.50717,-0.48072,0.51595,175.11425
0.07687,0.10425,0.14074,0.49547,0.50717,-0.48072,0.51595,175.18156
0.07688,0.10417,0.14074,0.49547,0.50717,-0.48072,0.51595,175.26174
0.07688,0.10409,0.14074,0.49547,0.50717,-0.48072,0.51595,175.35459
0.07689,0.10399,0.14074,0.49547,0.50717,-0.48072,0.51595,175.45987
0.07689,0.10388,0.14073,0.49547,0.50717,-0.48072,0.51595,175.57732
0.07690,0.10375,0.14073,0.49547,0.50717,-0.48072,0.51595,175.70664
0.07690,0.10362,0.14073,0.49547,0.50717,-0.48072,0.51595,175.84750
0.07691,0.10347,0.14073,0.49547,0.50717,-0.48072,0.51595,175.99953
0.07692,0.10331,0.14073,0.49547,0.50717,-0.48072,0.51595,176.16234
0.07693,0.10315,0.14073,0.49547,0.50717,-0.48072,0.51595,176.33551
0.07693,0.10297,0.14073,0.49547,0.50717,-0.48072,0.51595,176.51858
0.07694,0.10278,0.14073,0.49547,0.50717,-0.48072,0.51595,176.71108
0.07695,0.10258,0.14073,0.49547,0.50717,-0.48072,0.51595,176.91248
0.07696,0.10238,0.14073,0.49547,0.50717,-0.48072,0.51595,177.12226
0.07697,0.10216,0.14073,0.49547,0.50717,-0.48072,0.51595,177.33987
0.07698,0.10194,0.14072,0.49547,0.50717,-0.48072,0.51595,177.56471
0.07699,0.10171,0.14072,0.49547,0.50717,-0.48072,0.51595,177.79620
0.07700,0.10148,0.14072,0.49547,0.50717,-0.48072,0.51595,178.03371
0.07701,0.10124,0.14072,0.49547,0.50717,-0.48072,0.51595,178.27661
0.07703,0.10099,0.14072,0.49547,0.50717,-0.48072,0.51595,178.52423
0.07704,0.10074,0.14072,0.49547,0.50717,-0.48072,0.51595,178.77591
0.07705,0.10049,0.14072,0.49547,0.50717,-0.48072,0.51595,179.03097
0.07706,0.10023,0.14071,0.49547,0.50717,-0.48072,0.51595,179.28872
0.07707,0.09997,0.14071,0.49547,0.50717,-0.48072,0.51595,179.54845
0.07709,0.09971,0.14071,0.49547,0.50717,-0.48072,0.51595,179.80946
0.07710,0.09945,0.14071,0.49547,0.50717,-0.48072,0.51595,180.07104
0.07711,0.09920,0.14071,0.49547,0.50717,-0.48072,0.51595,180.33246
0.07712,0.09894,0.14071,0.49547,0.50717,-0.48072,0.51595,180.59302
0.07714,0.09868,0.14071,0.49547,0.50717,-0.48072,0.51595,180.85199
0.07715,0.09842,0.14071,0.49547,0.50717,-0.48072,0.51595,181.10866
0.07716,0.09817,0.14070,0.49547,0.50717,-0.48072,0.51595,181.36232
0.07717,0.09791,0.14070,0.49547,0.50717,-0.48072,0.51595,181.61227
0.07718,0.09767,0.14070,0.49547,0.50717,-0.48072,0.51595,181.85781
0.07719,0.09742,0.14070,0.49547,0.50717,-0.48072,0.51595,182.09826
0.07721,0.09719,0.14070,0.49547,0.50717,-0.48072,0.51595,182.33296
0.07722,0.09695,0.14070,0.49547,0.50717,-0.48072,0.51595,182.56123
0.07723,0.09673,0.14070,0.49547,0.50717,-0.48072,0.51595,182.78245
0.07724,0.09651,0.14069,0.49547,0.50717,-0.48072,0.51595,182.99599
0.07725,0.09630,0.14069,0.49547,0.50717,-0.48072,0.51595,183.20125
0.07726,0.09610,0.14069,0.49547,0.50717,-0.48072,0.51595,183.39765
0.07727,0.09591,0.14069,0.49547,0.50717,-0.48072,0.51595,183.58463
0.07727,0.09573,0.14069,0.49547,0.50717,-0.48072,0.51595,183.76165
0.07728,0.09555,0.14069,0.49547,0.50717,-0.48072,0.51595,183.92822
0.07729,0.09539,0.14069,0.49547,0.50717,-0.48072,0.51595,184.08385
0.07730,0.09524,0.14069,0.49547,0.50717,-0.48072,0.51595,184.22810
0.07730,0.09510,0.14069,0.49547,0.50717,-0.48072,0.51595,184.36055
0.07731,0.09498,0.14069,0.49547,0.50717,-0.48072,0.51595,184.48081
0.07732,0.09486,0.14069,0.49547,0.50717,-0.48072,0.51595,184.58853
0.07732,0.09476,0.14069,0.49547,0.50717,-0.48072,0.51595,184.68339
0.07732,0.09467,0.14068,0.49547,0.50717,-0.48072,0.51595,184.76510
0.07733,0.09460,0.14068,0.49547,0.50717,-0.48072,0.51595,184.83344
0.07733,0.09454,0.14068,0.49547,0.50717,-0.48072,0.51595,184.88817
0.07733,0.09449,0.14068,0.49547,0.50717,-0.48072,0.51595,184.92913
0.07733,0.09446,0.14068,0.49547,0.50717,-0.48072,0.51595,184.95619
0.07733,0.09444,0.14068,0.49547,0.50717,-0.48072,0.51595,184.96925
0.07734,0.09443,0.14068,0.49547,0.50717,-0.48072,0.51595,184.97025
0.07733,0.09444,0.14068,0.49547,0.50717,-0.48072,0.51595,184.98531
0.07733,0.09446,0.14068,0.49547,0.50717,-0.48072,0.51595,185.01442
0.07733,0.09450,0.14068,0.49547,0.50717,-0.48072,0.51595,185.05751
0.07733,0.09455,0.14068,0.49547,0.50717,-0.48072,0.51595,185.11448
0.07733,0.09461,0.14068,0.49547,0.50717,-0.48072,0.51595,185.18520
0.07732,0.09469,0.14068,0.49547,0.50717,-0.48072,0.51595,185.26946
0.07732,0.09478,0.14069,0.49547,0.50717,-0.48072,0.51595,185.36707
0.07731,0.09488,0.14069,0.49547,0.50717,-0.48072,0.51595,185.47775
0.07731,0.09500,0.14069,0.49547,0.50717,-0.48072,0.51595,185.60122
0.07730,0.09513,0.14069,0.49547,0.50717,-0.48072,0.51595,185.73713
0.07730,0.09527,0.14069,0.49547,0.50717,-0.48072,0.51595,185.88512
0.07729,0.09543,0.14069,0.49547,0.50717,-0.48072,0.51595,186.04478
0.07728,0.09559,0.14069,0.49547,0.50717,-0.48072,0.51595,186.21568
0.07727,0.09577,0.14069,0.49547,0.50717,-0.48072,0.51595,186.39734
0.07726,0.09595,0.14069,0.49547,0.50717,-0.48072,0.51595,186.58925
0.07725,0.09615,0.14069,0.49547,0.50717,-0.48072,0.51595,186.79090
0.07724,0.09636,0.14069,0.49547,0.50717,-0.48072,0.51595,187.00170
0.07723,0.09657,0.14070,0.49547,0.50717,-0.48072,0.51595,187.22108
0.07722,0.09680,0.14070,0.49547,0.50717,-0.48072,0.51595,187.44841
0.07721,0.09703,0.14070,0.49547,0.50717,-0.48072,0.51595,187.68305
0.07720,0.09727,0.14070,0.49547,0.50717,-0.48072,0.51595,187.92434
0.07719,0.09751,0.14070,0.49547,0.50717,-0.48072,0.51595,188.17160
0.07718,0.09776,0.14070,0.49547,0.50717,-0.48072,0.51595,188.42413
0.07717,0.09802,0.14070,0.49547,0.50717,-0.48072,0.51595,188.68120
0.07715,0.09827,0.14070,0.49547,0.50717,-0.48072,0.51595,188.94208
0.07714,0.09854,0.14071,0.49547,0.50717,-0.48072,0.51595,189.20602
0.07713,0.09880,0.14071,0.49547,0.50717,-0.48072,0.51595,189.47228
0.07712,0.09907,0.14071,0.49547,0.50717,-0.48072,0.51595,189.74008
0.07710,0.09934,0.14071,0.49547,0.50717,-0.48072,0.51595,190.00865
0.07709,0.09960,0.14071,0.49547,0.50717,-0.48072,0.51595,190.27721
0.07708,0.09987,0.14071,0.49547,0.50717,-0.48072,0.51595,190.54500
0.07707,0.10013,0.14071,0.49547,0.50717,-0.48072,0.51595,190.81123
0.07705,0.10040,0.14072,0.49547,0.50717,-0.48072,0.51595,191.07512
0.07704,0.10066,0.14072,0.49547,0.50717,-0.48072,0.51595,191.33592
0.07703,0.10092,0.14072,0.49547,0.50717,-0.48072,0.51595,191.59286
0.07702,0.10117,0.14072,0.49547,0.50717,-0.48072,0.51595,191.84518
0.07701,0.10142,0.14072,0.49547,0.50717,-0.48072,0.51595,192.09215
0.07699,0.10167,0.14072,0.49547,0.50717,-0.48072,0.51595,192.33304
0.07698,0.10191,0.14072,0.49547,0.50717,-0.48072,0.51595,192.56715
0.07697,0.10214,0.14073,0.49547,0.50717,-0.48072,0.51595,192.79377
0.07696,0.10236,0.14073,0.49547,0.50717,-0.48072,0.51595,193.01224
0.07695,0.10257,0.14073,0.49547,0.50717,-0.48072,0.51595,193.22190
0.07694,0.10278,0.14073,0.49547,0.50717,-0.48072,0.51595,193.42215
0.07693,0.10297,0.14073,0.49547,0.50717,-0.48072,0.51595,193.61236
0.07692,0.10316,0.14073,0.49547,0.50717,-0.48072,0.51595,193.79199
0.07692,0.10333,0.14073,0.49547,0.50717,-0.48072,0.51595,193.96047
0.07691,0.10350,0.14073,0.49547,0.50717,-0.48072,0.51595,194.11731
0.07690,0.10365,0.14073,0.49547,0.50717,-0.48072,0.51595,194.26204
0.07690,0.10379,0.14073,0.49547,0.50717,-0.48072,0.51595,194.39419
0.07689,0.10391,0.14073,0.49547,0.50717,-0.48072,0.51595,194.51338
0.07688,0.10402,0.14074,0.49547,0.50717,-0.48072,0.51595,194.61924
0.07688,0.10412,0.14074,0.49547,0.50717,-0.48072,0.51595,194.71143
0.07688,0.10421,0.14074,0.49547,0.50717,-0.48072,0.51595,194.78966
0.07687,0.10428,0.14074,0.49547,0.50717,-0.48072,0.51595,194.85369
0.07687,0.10434,0.14074,0.49547,0.50717,-0.48072,0.51595,194.90330
0.07687,0.10438,0.14074,0.49547,0.50717,-0.48072,0.51595,194.93834
0.07687,0.10441,0.14074,0.49547,0.50717,-0.48072,0.51595,194.95867
0.07687,0.10442,0.14074,0.49547,0.50717,-0.48072,0.51595,194.96423
0.07687,0.10442,0.14074,0.49547,0.50717,-0.48072,0.51595,194.97349
0.07687,0.10440,0.14074,0.49547,0.50717,-0.48072,0.51595,194.99756
0.07687,0.10437,0.14074,0.49547,0.50717,-0.48072,0.51595,195.03639
0.07687,0.10432,0.14074,0.49547,0.50717,-0.48072,0.51595,195.08988
0.07687,0.10426,0.14074,0.49547,0.50717,-0.48072,0.51595,195.15789
0.07688,0.10419,0.14074,0.49547,0.50717,-0.48072,0.51595,195.24024
0.07688,0.10410,0.14074,0.49547,0.50717,-0.48072,0.51595,195.33670
0.07689,0.10399,0.14074,0.49547,0.50717,-0.48072,0.51595,195.44700
0.07689,0.10388,0.14073,0.49547,0.50717,-0.48072,0.51595,195.57084
0.07690,0.10375,0.14073,0.49547,0.50717,-0.48072,0.51595,195.70784
0.07690,0.10360,0.14073,0.49547,0.50717,-0.48072,0.51595,195.85764
0.07691,0.10345,0.14073,0.49547,0.50717,-0.48072,0.51595,196.01979
0.07692,0.10328,0.14073,0.49547,0.50717,-0.48072,0.51595,196.19382
0.07693,0.10310,0.14073,0.49547,0.50717,-0.48072,0.51595,196.37923
0.07694,0.10291,0.14073,0.49547,0.50717,-0.48072,0.51595,196.57547
0.07695,0.10271,0.14073,0.49547,0.50717,-0.48072,0.51595,196.78197
0.07696,0.10249,0.14073,0.49547,0.50717,-0.48072,0.51595,196.99813
0.07697,0.10227,0.14073,0.49547,0.50717,-0.48072,0.51595,197.22330
0.07698,0.10204,0.14072,0.49547,0.50717,-0.48072,0.51595,197.45681
0.07699,0.10181,0.14072,0.49547,0.50717,-0.48072,0.51595,197.69799
0.07700,0.10156,0.14072,0.49547,0.50717,-0.48072,0.51595,197.94609
0.07701,0.10131,0.14072,0.49547,0.50717,-0.48072,0.51595,198.20040
0.07702,0.10105,0.14072,0.49547,0.50717,-0.48072,0.51595,198.46014
0.07704,0.10079,0.14072,0.49547,0.50717,-0.48072,0.51595,198.72454
0.07705,0.10052,0.14072,0.49547,0.50717,-0.48072,0.51595,198.99279
0.07706,0.10025,0.14072,0.49547,0.50717,-0.48072,0.51595,199.26411
0.07707,0.09998,0.14071,0.49547,0.50717,-0.48072,0.51595,199.53765
0.07709,0.09971,0.14071,0.49547,0.50717,-0.48072,0.51595,199.81261
0.07710,0.09943,0.14071,0.49547,0.50717,-0.48072,0.51595,200.08814
0.07711,0.09917,0.14071,0.49547,0.50717,-0.48072,0.51595,200.36340
0.07713,0.09889,0.14071,0.49547,0.50717,-0.48072,0.51595,200.63756
0.07714,0.09862,0.14071,0.49547,0.50717,-0.48072,0.51595,200.90979
0.07715,0.09835,0.14070,0.49547,0.50717,-0.48072,0.51595,201.17924
0.07716,0.09808,0.14070,0.49547,0.50717,-0.48072,0.51595,201.44509
0.07718,0.09782,0.14070,0.49547,0.50717,-0.48072,0.51595,201.70653
0.07719,0.09756,0.14070,0.49547,0.50717,-0.48072,0.51595,201.96275
0.07720,0.09730,0.14070,0.49547,0.50717,-0.48072,0.51595,202.21297
0.07721,0.09706,0.14070,0.49547,0.50717,-0.48072,0.51595,202.45639
0.07722,0.09682,0.14070,0.49547,0.50717,-0.48072,0.51595,202.69228
0.07723,0.09658,0.14070,0.49547,0.50717,-0.48072,0.51595,202.91990
0.07724,0.09636,0.14069,0.49547,0.50717,-0.48072,0.51595,203.13853
0.07725,0.09615,0.14069,0.49547,0.50717,-0.48072,0.51595,203.34750
0.07726,0.09594,0.14069,0.49547,0.50717,-0.48072,0.51595,203.54615
0.07727,0.09575,0.14069,0.49547,0.50717,-0.48072,0.51595,203.73385
0.07728,0.09557,0.14069,0.49547,0.50717,-0.48072,0.51595,203.91002
0.07729,0.09540,0.14069,0.49547,0.50717,-0.48072,0.51595,204.07408
0.07730,0.09524,0.14069,0.49547,0.50717,-0.48072,0.51595,204.22553
0.07730,0.09509,0.14069,0.49547,0.50717,-0.48072,0.51595,204.36388
0.07731,0.09496,0.14069,0.49547,0.50717,-0.48072,0.51595,204.48868
0.07732,0.09484,0.14069,0.49547,0.50717,-0.48072,0.51595,204.59954
0.07732,0.09474,0.14069,0.49547,0.50717,-0.48072,0.51595,204.69607
0.07733,0.09465,0.14068,0.49547,0.50717,-0.48072,0.51595,204.77798
0.07733,0.09458,0.14068,0.49547,0.50717,-0.48072,0.51595,204.84499
0.07733,0.09452,0.14068,0.49547,0.50717,-0.48072,0.51595,204.89687
0.07733,0.09447,0.14068,0.49547,0.50717,-0.48072,0.51595,204.93344
0.07733,0.09444,0.14068,0.49547,0.50717,-0.48072,0.51595,204.95456
0.07734,0.09443,0.14068,0.49547,0.50717,-0.48072,0.51595,204.96016
0.07734,0.09443,0.14068,0.49547,0.50717,-0.48072,0.51595,204.97013
0.07733,0.09445,0.14068,0.49547,0.50717,-0.48072,0.51595,204.99566
0.07733,0.09448,0.14068,0.49547,0.50717,-0.48072,0.51595,205.03668
0.07733,0.09453,0.14068,0.49547,0.50717,-0.48072,0.51595,205.09309
0.07733,0.09460,0.14068,0.49547,0.50717,-0.48072,0.51595,205.16473
0.07732,0.09468,0.14068,0.49547,0.50717,-0.48072,0.51595,205.25139
0.07732,0.09477,0.14069,0.49547,0.50717,-0.48072,0.51595,205.35283
0.07731,0.09488,0.14069,0.49547,0.50717,-0.48072,0.51595,205.46875
0.07731,0.09500,0.14069,0.49547,0.50717,-0.48072,0.51595,205.59879
0.07730,0.09514,0.14069,0.49547,0.50717,-0.48072,0.51595,205.74257
0.07730,0.09529,0.14069,0.49547,0.50717,-0.48072,0.51595,205.89966
0.07729,0.09545,0.14069,0.49547,0.50717,-0.48072,0.51595,206.06958
0.07728,0.09563,0.14069,0.49547,0.50717,-0.48072,0.51595,206.25181
0.07727,0.09582,0.14069,0.49547,0.50717,-0.48072,0.51595,206.44579
0.07726,0.09602,0.14069,0.49547,0.50717,-0.48072,0.51595,206.65092
0.07725,0.09623,0.14069,0.49547,0.50717,-0.48072,0.51595,206.86657
0.07724,0.09645,0.14069,0.49547,0.50717,-0.48072,0.51595,207.09208
0.07723,0.09668,0.14070,0.49547,0.50717,-0.48072,0.51595,207.32674
0.07722,0.09692,0.14070,0.49547,0.50717,-0.48072,0.51595,207.56983
0.07721,0.09717,0.14070,0.49547,0.50717,-0.48072,0.51595,207.82057
0.07719,0.09742,0.14070,0.49547,0.50717,-0.48072,0.51595,208.07820
0.07718,0.09768,0.14070,0.49547,0.50717,-0.48072,0.51595,208.34190
0.07717,0.09795,0.14070,0.49547,0.50717,-0.48072,0.51595,208.61084
0.07716,0.09822,0.14070,0.49547,0.50717,-0.48072,0.51595,208.88417
0.07714,0.09849,0.14071,0.49547,0.50717,-0.48072,0.51595,209.16103
0.07713,0.09877,0.14071,0.49547,0.50717,-0.48072,0.51595,209.44055
0.07712,0.09905,0.14071,0.49547,0.50717,-0.48072,0.51595,209.72183
0.07711,0.09933,0.14071,0.49547,0.50717,-0.48072,0.51595,210.00398
0.07709,0.09961,0.14071,0.49547,0.50717,-0.48072,0.51595,210.28611
0.07708,0.09989,0.14071,0.49547,0.50717,-0.48072,0.51595,210.56730
0.07707,0.10017,0.14071,0.49547,0.50717,-0.48072,0.51595,210.84667
0.07705,0.10045,0.14072,0.49547,0.50717,-0.48072,0.51595,211.12331
0.07704,0.10072,0.14072,0.49547,0.50717,-0.48072,0.51595,211.39635
0.07703,0.10099,0.14072,0.49547,0.50717,-0.48072,0.51595,211.66488
0.07701,0.10126,0.14072,0.49547,0.50717,-0.48072,0.51595,211.92806
0.07700,0.10152,0.14072,0.49547,0.50717,-0.48072,0.51595,212.18503
0.07699,0.10177,0.14072,0.49547,0.50717,-0.48072,0.51595,212.43495
0.07698,0.10202,0.14072,0.49547,0.50717,-0.48072,0.51595,212.67702
0.07697,0.10226,0.14073,0.49547,0.50717,-0.48072,0.51595,212.91044
0.07696,0.10249,0.14073,0.49547,0.50717,-0.48072,0.51595,213.13445
0.07695,0.10271,0.14073,0.49547,0.50717,-0.48072,0.51595,213.34832
0.07694,0.10291,0.14073,0.49547,0.50717,-0.48072,0.51595,213.55134
0.07693,0.10311,0.14073,0.49547,0.50717,-0.48072,0.51595,213.74285
0.07692,0.10330,0.14073,0.49547,0.50717,-0.48072,0.51595,213.92222
0.07691,0.10347,0.14073,0.49547,0.50717,-0.48072,0.51595,214.08884
0.07690,0.10363,0.14073,0.49547,0.50717,-0.48072,0.51595,214.24216
0.07690,0.10378,0.14073,0.49547,0.50717,-0.48072,0.51595,214.38167
0.07689,0.10391,0.14073,0.49547,0.50717,-0.48072,0.51595,214.50690
0.07688,0.10403,0.14074,0.49547,0.50717,-0.48072,0.51595,214.61743
0.07688,0.10413,0.14074,0.49547,0.50717,-0.48072,0.51595,214.71287
0.07687,0.10422,0.14074,0.49547,0.50717,-0.48072,0.51595,214.79290
0.07687,0.10429,0.14074,0.49547,0.50717,-0.48072,0.51595,214.85724
0.07687,0.10435,0.14074,0.49547,0.50717,-0.48072,0.51595,214.90566
0.07687,0.10439,0.14074,0.49547,0.50717,-0.48072,0.51595,214.93798
0.07687,0.10441,0.14074,0.49547,0.50717,-0.48072,0.51595,214.95408
0.07687,0.10442,0.14074,0.49547,0.50717,-0.48072,0.51595,214.95428
0.07687,0.10441,0.14074,0.49547,0.50717,-0.48072,0.51595,214.97080
0.07687,0.10439,0.14074,0.49547,0.50717,-0.48072,0.51595,215.00360
0.07687,0.10435,0.14074,0.49547,0.50717,-0.48072,0.51595,215.05259
0.07687,0.10429,0.14074,0.49547,0.50717,-0.48072,0.51595,215.11765
0.07687,0.10422,0.14074,0.49547,0.50717,-0.48072,0.51595,215.19856
0.07688,0.10413,0.14074,0.49547,0.50717,-0.48072,0.51595,215.29509
0.07688,0.10402,0.14074,0.49547,0.50717,-0.48072,0.51595,215.40695
0.07689,0.10390,0.14073,0.49547,0.50717,-0.48072,0.51595,215.53377
0.07690,0.10377,0.14073,0.49547,0.50717,-0.48072,0.51595,215.67517
0.07690,0.10362,0.14073,0.49547,0.50717,-0.48072,0.51595,215.83069
0.07691,0.10346,0.14073,0.49547,0.50717,-0.48072,0.51595,215.99985
0.07692,0.10328,0.14073,0.49547,0.50717,-0.48072,0.51595,216.18209
0.07693,0.10309,0.14073,0.49547,0.50717,-0.48072,0.51595,216.37685
0.07694,0.10289,0.14073,0.49547,0.50717,-0.48072,0.51595,216.58347
0.07695,0.10268,0.14073,0.49547,0.50717,-0.48072,0.51595,216.80131
0.07696,0.10246,0.14073,0.49547,0.50717,-0.48072,0.51595,217.02966
0.07697,0.10222,0.14073,0.49547,0.50717,-0.48072,0.51595,217.26776
0.07698,0.10198,0.14072,0.49547,0.50717,-0.48072,0.51595,217.51485
0.07699,0.10173,0.14072,0.49547,0.50717,-0.48072,0.51595,217.77011
0.07700,0.10147,0.14072,0.49547,0.50717,-0.48072,0.51595,218.03272
0.07702,0.10120,0.14072,0.49547,0.50717,-0.48072,0.51595,218.30179
0.07703,0.10093,0.14072,0.49547,0.50717,-0.48072,0.51595,218.57646
0.07704,0.10066,0.14072,0.49547,0.50717,-0.48072,0.51595,218.85581
0.07706,0.10037,0.14072,0.49547,0.50717,-0.48072,0.51595,219.13892
0.07707,0.10009,0.14071,0.49547,0.50717,-0.48072,0.51595,219.42485
0.07708,0.09980,0.14071,0.49547,0.50717,-0.48072,0.51595,219.71265
0.07710,0.09951,0.14071,0.49547,0.50717,-0.48072,0.51595,220.00136
0.07711,0.09923,0.14071,0.49547,0.50717,-0.48072,0.51595,220.29001
0.07712,0.09895,0.14071,0.49547,0.50717,-0.48072,0.51595,220.57765
0.07714,0.09866,0.14071,0.49547,0.50717,-0.48072,0.51595,220.86331
0.07715,0.09837,0.14070,0.49547,0.50717,-0.48072,0.51595,221.14603
0.07716,0.09809,0.14070,0.49547,0.50717,-0.48072,0.51595,221.42485
0.07718,0.09782,0.14070,0.49547,0.50717,-0.48072,0.51595,221.69885
0.07719,0.09755,0.14070,0.49547,0.50717,-0.48072,0.51595,221.96709
0.07720,0.09728,0.14070,0.49547,0.50717,-0.48072,0.51595,222.22866
0.07721,0.09702,0.14070,0.49547,0.50717,-0.48072,0.51595,222.48268
0.07723,0.09677,0.14070,0.49547,0.50717,-0.48072,0.51595,222.72828
0.07724,0.09653,0.14069,0.49547,0.50717,-0.48072,0.51595,222.96462
0.07725,0.09630,0.14069,0.49547,0.50717,-0.48072,0.51595,223.19090
0.07726,0.09608,0.14069,0.49547,0.50717,-0.48072,0.51595,223.40634
0.07727,0.09587,0.14069,0.49547,0.50717,-0.48072,0.51595,223.61020
0.07728,0.09567,0.14069,0.49547,0.50717,-0.48072,0.51595,223.80178
0.07729,0.09549,0.14069,0.49547,0.50717,-0.48072,0.51595,223.98041
0.07729,0.09531,0.14069,0.49547,0.50717,-0.48072,0.51595,224.14548
0.07730,0.09516,0.14069,0.49547,0.50717,-0.48072,0.51595,224.29640
0.07731,0.09501,0.14069,0.49547,0.50717,-0.48072,0.51595,224.43265
0.07731,0.09488,0.14069,0.49547,0.50717,-0.48072,0.51595,224.55374
0.07732,0.09477,0.14069,0.49547,0.50717,-0.48072,0.51595,224.65926
0.07732,0.09467,0.14068,0.49547,0.50717,-0.48072,0.51595,224.74881
0.07733,0.09459,0.14068,0.49547,0.50717,-0.48072,0.51595,224.82208
0.07733,0.09453,0.14068,0.49547,0.50717,-0.48072,0.51595,224.87880
0.07733,0.09448,0.14068,0.49547,0.50717,-0.48072,0.51595,224.91875
0.07733,0.09445,0.14068,0.49547,0.50717,-0.48072,0.51595,224.94177
0.07734,0.09443,0.14068,0.49547,0.50717,-0.48072,0.51595,224.94778
0.07734,0.09443,0.14068,0.49547,0.50717,-0.48072,0.51595,224.95884
0.07733,0.09445,0.14068,0.49547,0.50717,-0.48072,0.51595,224.98695
0.07733,0.09449,0.14068,0.49547,0.50717,-0.48072,0.51595,225.03203
0.07733,0.09454,0.14068,0.49547,0.50717,-0.48072,0.51595,225.09396
0.07733,0.09461,0.14068,0.49547,0.50717,-0.48072,0.51595,225.17252
0.07732,0.09470,0.14068,0.49547,0.50717,-0.48072,0.51595,225.26749
0.07732,0.09480,0.14069,0.49547,0.50717,-0.48072,0.51595,225.37855
0.07731,0.09492,0.14069,0.49547,0.50717,-0.48072,0.51595,225.50534
0.07731,0.09506,0.14069,0.49547,0.50717,-0.48072,0.51595,225.64745
0.07730,0.09521,0.14069,0.49547,0.50717,-0.48072,0.51595,225.80440
0.07729,0.09537,0.14069,0.49547,0.50717,-0.48072,0.51595,225.97567
0.07728,0.09555,0.14069,0.49547,0.50717,-0.48072,0.51595,226.16068
0.07727,0.09574,0.14069,0.49547,0.50717,-0.48072,0.51595,226.35883
0.07726,0.09595,0.14069,0.49547,0.50717,-0.48072,0.51595,226.56943
0.07725,0.09616,0.14069,0.49547,0.50717,-0.48072,0.51595,226.79178
0.07724,0.09639,0.14069,0.49547,0.50717,-0.48072,0.51595,227.02513
0.07723,0.09663,0.14070,0.49547,0.50717,-0.48072,0.51595,227.26867
0.07722,0.09688,0.14070,0.49547,0.50717,-0.48072,0.51595,227.52157
0.07721,0.09713,0.14070,0.49547,0.50717,-0.48072,0.51595,227.78298
0.07720,0.09740,0.14070,0.49547,0.50717,-0.48072,0.51595,228.05200
0.07718,0.09767,0.14070,0.49547,0.50717,-0.48072,0.51595,228.32770
0.07717,0.09795,0.14070,0.49547,0.50717,-0.48072,0.51595,228.60913
0.07716,0.09824,0.14070,0.49547,0.50717,-0.48072,0.51595,228.89531
0.07714,0.09852,0.14071,0.49547,0.50717,-0.48072,0.51595,229.18527
0.07713,0.09882,0.14071,0.49547,0.50717,-0.48072,0.51595,229.47799
0.07712,0.09911,0.14071,0.49547,0.50717,-0.48072,0.51595,229.77246
0.07710,0.09939,0.14071,0.49547,0.50717,-0.48072,0.51595,230.06765
0.07709,0.09969,0.14071,0.49547,0.50717,-0.48072,0.51595,230.36253
0.07707,0.09998,0.14071,0.49547,0.50717,-0.48072,0.51595,230.65608
0.07706,0.10028,0.14072,0.49547,0.50717,-0.48072,0.51595,230.94726
0.07705,0.10057,0.14072,0.49547,0.50717,-0.48072,0.51595,231.23505
0.07703,0.10085,0.14072,0.49547,0.50717,-0.48072,0.51595,231.51844
0.07702,0.10113,0.14072,0.49547,0.50717,-0.48072,0.51595,231.79643
0.07701,0.10141,0.14072,0.49547,0.50717,-0.48072,0.51595,232.06804
0.07699,0.10168,0.14072,0.49547,0.50717,-0.48072,0.51595,232.33231
0.07698,0.10194,0.14072,0.49547,0.50717,-0.48072,0.51595,232.58829
0.07697,0.10219,0.14073,0.49547,0.50717,-0.48072,0.51595,232.83509
0.07696,0.10243,0.14073,0.49547,0.50717,-0.48072,0.51595,233.07182
0.07695,0.10266,0.14073,0.49547,0.50717,-0.48072,0.51595,233.29763
0.07694,0.10288,0.14073,0.49547,0.50717,-0.48072,0.51595,233.51172
0.07693,0.10309,0.14073,0.49547,0.50717,-0.48072,0.51595,233.71331
0.07692,0.10329,0.14073,0.49547,0.50717,-0.48072,0.51595,233.90169
0.07691,0.10347,0.14073,0.49547,0.50717,-0.48072,0.51595,234.07616
0.07690,0.10363,0.14073,0.49547,0.50717,-0.48072,0.51595,234.23609
0.07690,0.10379,0.14073,0.49547,0.50717,-0.48072,0.51595,234.38090
0.07689,0.10392,0.14073,0.49547,0.50717,-0.48072,0.51595,234.51007
0.07688,0.10405,0.14074,0.49547,0.50717,-0.48072,0.51595,234.62310
0.07688,0.10415,0.14074,0.49547,0.50717,-0.48072,0.51595,234.71959
0.07687,0.10424,0.14074,0.49547,0.50717,-0.48072,0.51595,234.79916
0.07687,0.10431,0.14074,0.49547,0.50717,-0.48072,0.51595,234.86153
0.07687,0.10436,0.14074,0.49547,0.50717,-0.48072,0.51595,234.90643
0.07687,0.10440,0.14074,0.49547,0.50717,-0.48072,0.51595,234.93370
0.07687,0.10442,0.14074,0.49547,0.50717,-0.48072,0.51595,234.94322
0.07687,0.10442,0.14074,0.49547,0.50717,-0.48072,0.51595,234.95151
0.07687,0.10440,0.14074,0.49547,0.50717,-0.48072,0.51595,234.97761
0.07687,0.10437,0.14074,0.49547,0.50717,-0.48072,0.51595,235.02144
0.07687,0.10431,0.14074,0.49547,0.50717,-0.48072,0.51595,235.08286
0.07687,0.10424,0.14074,0.49547,0.50717,-0.48072,0.51595,235.16169
0.07688,0.10416,0.14074,0.49547,0.50717,-0.48072,0.51595,235.25764
0.07688,0.10405,0.14074,0.49547,0.50717,-0.48072,0.51595,235.37041
0.07689,0.10393,0.14073,0.49547,0.50717,-0.48072,0.51595,235.49960
0.07690,0.10379,0.14073,0.49547,0.50717,-0.48072,0.51595,235.64478
0.07690,0.10364,0.14073,0.49547,0.50717,-0.48072,0.51595,235.80544
0.07691,0.10347,0.14073,0.49547,0.50717,-0.48072,0.51595,235.98103
0.07692,0.10329,0.14073,0.49547,0.50717,-0.48072,0.51595,236.17092
0.07693,0.10309,0.14073,0.49547,0.50717,-0.48072,0.51595,236.37446
0.07694,0.10288,0.14073,0.49547,0.50717,-0.48072,0.51595,236.59092
0.07695,0.10266,0.14073,0.49547,0.50717,-0.48072,0.51595,236.81954
0.07696,0.10242,0.14073,0.49547,0.50717,-0.48072,0.51595,237.05951
0.07697,0.10218,0.14073,0.49547,0.50717,-0.48072,0.51595,237.30999
0.07698,0.10192,0.14072,0.49547,0.50717,-0.48072,0.51595,237.57006
0.07700,0.10166,0.14072,0.49547,0.50717,-0.48072,0.51595,237.83881
0.07701,0.10139,0.14072,0.49547,0.50717,-0.48072,0.51595,238.11528
0.07702,0.10111,0.14072,0.49547,0.50717,-0.48072,0.51595,238.39847
0.07703,0.10082,0.14072,0.49547,0.50717,-0.48072,0.51595,238.68736
0.07705,0.10053,0.14072,0.49547,0.50717,-0.48072,0.51595,238.98091
0.07706,0.10023,0.14071,0.49547,0.50717,-0.48072,0.51595,239.27806
0.07708,0.09993,0.14071,0.49547,0.50717,-0.48072,0.51595,239.57774
0.07709,0.09963,0.14071,0.49547,0.50717,-0.48072,0.51595,239.87886
0.07710,0.09934,0.14071,0.49547,0.50717,-0.48072,0.51595,240.18032
0.07712,0.09904,0.14071,0.49547,0.50717,-0.48072,0.51595,240.48103
0.07713,0.09874,0.14071,0.49547,0.50717,-0.48072,0.51595,240.77989
0.07715,0.09844,0.14071,0.49547,0.50717,-0.48072,0.51595,241.07581
0.07716,0.09815,0.14070,0.49547,0.50717,-0.48072,0.51595,241.36770
0.07717,0.09786,0.14070,0.49547,0.50717,-0.48072,0.51595,241.65450
0.07719,0.09757,0.14070,0.49547,0.50717,-0.48072,0.51595,241.93514
0.07720,0.09730,0.14070,0.49547,0.50717,-0.48072,0.51595,242.20860
0.07721,0.09703,0.14070,0.49547,0.50717,-0.48072,0.51595,242.47386
0.07723,0.09677,0.14070,0.49547,0.50717,-0.48072,0.51595,242.72994
0.07724,0.09652,0.14069,0.49547,0.50717,-0.48072,0.51595,242.97589
0.07725,0.09627,0.14069,0.49547,0.50717,-0.48072,0.51595,243.21080
0.07726,0.09605,0.14069,0.49547,0.50717,-0.48072,0.51595,243.43379
0.07727,0.09583,0.14069,0.49547,0.50717,-0.48072,0.51595,243.64403
0.07728,0.09563,0.14069,0.49547,0.50717,-0.48072,0.51595,243.84072
0.07729,0.09544,0.14069,0.49547,0.50717,-0.48072,0.51595,244.02313
0.07730,0.09526,0.14069,0.49547,0.50717,-0.48072,0.51595,244.19057
0.07730,0.09510,0.14069,0.49547,0.50717,-0.48072,0.51595,244.34240
0.07731,0.09496,0.14069,0.49547,0.50717,-0.48072,0.51595,244.47805
0.07732,0.09483,0.14069,0.49547,0.50717,-0.48072,0.51595,244.59699
0.07732,0.09472,0.14069,0.49547,0.50717,-0.48072,0.51595,244.69876
0.07733,0.09463,0.14068,0.49547,0.50717,-0.48072,0.51595,244.78298
0.07733,0.09455,0.14068,0.49547,0.50717,-0.48072,0.51595,244.84929
0.07733,0.09449,0.14068,0.49547,0.50717,-0.48072,0.51595,244.89745
0.07733,0.09445,0.14068,0.49547,0.50717,-0.48072,0.51595,244.92724
0.07734,0.09443,0.14068,0.49547,0.50717,-0.48072,0.51595,244.93854
0.07734,0.09443,0.14068,0.49547,0.50717,-0.48072,0.51595,244.94580
0.07733,0.09445,0.14068,0.49547,0.50717,-0.48072,0.51595,244.97161
0.07733,0.09448,0.14068,0.49547,0.50717,-0.48072,0.51595,245.01590
0.07733,0.09454,0.14068,0.49547,0.50717,-0.48072,0.51595,245.07852
0.07733,0.09461,0.14068,0.49547,0.50717,-0.48072,0.51595,245.15926
0.07732,0.09470,0.14068,0.49547,0.50717,-0.48072,0.51595,245.25785
0.07732,0.09481,0.14069,0.49547,0.50717,-0.48072,0.51595,245.37394
0.07731,0.09493,0.14069,0.49547,0.50717,-0.48072,0.51595,245.50710
0.07731,0.09507,0.14069,0.49547,0.50717,-0.48072,0.51595,245.65687
0.07730,0.09523,0.14069,0.49547,0.50717,-0.48072,0.51595,245.82271
0.07729,0.09540,0.14069,0.49547,0.50717,-0.48072,0.51595,246.00401
0.07728,0.09559,0.14069,0.49547,0.50717,-0.48072,0.51595,246.20011
0.07727,0.09580,0.14069,0.49547,0.50717,-0.48072,0.51595,246.41029
0.07726,0.09601,0.14069,0.49547,0.50717,-0.48072,0.51595,246.63379
0.07725,0.09624,0.14069,0.49547,0.50717,-0.48072,0.51595,246.86977
0.07724,0.09648,0.14069,0.49547,0.50717,-0.48072,0.51595,247.11736
0.07723,0.09674,0.14070,0.49547,0.50717,-0.48072,0.51595,247.37565
0.07721,0.09700,0.14070,0.49547,0.50717,-0.48072,0.51595,247.64368
0.07720,0.09727,0.14070,0.49547,0.50717,-0.48072,0.51595,247.92045
0.07719,0.09755,0.14070,0.49547,0.50717,-0.48072,0.51595,248.20493
0.07718,0.09784,0.14070,0.49547,0.50717,-0.48072,0.51595,248.49604
0.07716,0.09814,0.14070,0.49547,0.50717,-0.48072,0.51595,248.79271
0.07715,0.09844,0.14071,0.49547,0.50717,-0.48072,0.51595,249.09381
0.07713,0.09874,0.14071,0.49547,0.50717,-0.48072,0.51595,249.39821
0.07712,0.09904,0.14071,0.49547,0.50717,-0.48072,0.51595,249.70477
0.07710,0.09935,0.14071,0.49547,0.50717,-0.48072,0.51595,250.01232
0.07709,0.09965,0.14071,0.49547,0.50717,-0.48072,0.51595,250.31970
0.07708,0.09996,0.14071,0.49547,0.50717,-0.48072,0.51595,250.62574
0.07706,0.10026,0.14072,0.49547,0.50717,-0.48072,0.51595,250.92929
0.07705,0.10056,0.14072,0.49547,0.50717,-0.48072,0.51595,251.22918
0.07703,0.10086,0.14072,0.49547,0.50717,-0.48072,0.51595,251.52427
0.07702,0.10115,0.14072,0.49547,0.50717,-0.48072,0.51595,251.81342
0.07701,0.10144,0.14072,0.49547,0.50717,-0.48072,0.51595,252.09555
0.07699,0.10172,0.14072,0.49547,0.50717,-0.48072,0.51595,252.36955
0.07698,0.10199,0.14072,0.49547,0.50717,-0.48072,0.51595,252.63438
0.07697,0.10225,0.14073,0.49547,0.50717,-0.48072,0.51595,252.88901
0.07696,0.10250,0.14073,0.49547,0.50717,-0.48072,0.51595,253.13246
0.07694,0.10274,0.14073,0.49547,0.50717,-0.48072,0.51595,253.36378
0.07693,0.10296,0.14073,0.49547,0.50717,-0.48072,0.51595,253.58209
0.07692,0.10317,0.14073,0.49547,0.50717,-0.48072,0.51595,253.78651
0.07691,0.10337,0.14073,0.49547,0.50717,-0.48072,0.51595,253.97627
0.07691,0.10355,0.14073,0.49547,0.50717,-0.48072,0.51595,254.15060
0.07690,0.10372,0.14073,0.49547,0.50717,-0.48072,0.51595,254.30883
0.07689,0.10387,0.14073,0.49547,0.50717,-0.48072,0.51595,254.45033
0.07689,0.10400,0.14074,0.49547,0.50717,-0.48072,0.51595,254.57453
0.07688,0.10412,0.14074,0.49547,0.50717,-0.48072,0.51595,254.68094
0.07688,0.10421,0.14074,0.49547,0.50717,-0.48072,0.51595,254.76913
0.07687,0.10429,0.14074,0.49547,0.50717,-0.48072,0.51595,254.83873
0.07687,0.10435,0.14074,0.49547,0.50717,-0.48072,0.51595,254.88946
0.07687,0.10439,0.14074,0.49547,0.50717,-0.48072,0.51595,254.92110
0.07687,0.10442,0.14074,0.49547,0.50717,-0.48072,0.51595,254.93350
0.07687,0.10442,0.14074,0.49547,0.50717,-0.48072,0.51595,254.94040
0.07687,0.10440,0.14074,0.49547,0.50717,-0.48072,0.51595,254.96660
0.07687,0.10437,0.14074,0.49547,0.50717,-0.48072,0.51595,255.01203
0.07687,0.10431,0.14074,0.49547,0.50717,-0.48072,0.51595,255.07652
0.07687,0.10424,0.14074,0.49547,0.50717,-0.48072,0.51595,255.15985
0.07688,0.10414,0.14074,0.49547,0.50717,-0.48072,0.51595,255.26172
0.07688,0.10403,0.14074,0.49547,0.50717,-0.48072,0.51595,255.38175
0.07689,0.10390,0.14073,0.49547,0.50717,-0.48072,0.51595,255.51951
0.07690,0.10376,0.14073,0.49547,0.50717,-0.48072,0.51595,255.67446
0.07690,0.10359,0.14073,0.49547,0.50717,-0.48072,0.51595,255.84603
0.07691,0.10341,0.14073,0.49547,0.50717,-0.48072,0.51595,256.03358
0.07692,0.10322,0.14073,0.49547,0.50717,-0.48072,0.51595,256.23638
0.07693,0.10301,0.14073,0.49547,0.50717,-0.48072,0.51595,256.45367
0.07694,0.10279,0.14073,0.49547,0.50717,-0.48072,0.51595,256.68461
0.07695,0.10255,0.14073,0.49547,0.50717,-0.48072,0.51595,256.92832
0.07697,0.10230,0.14073,0.49547,0.50717,-0.48072,0.51595,257.18386
0.07698,0.10204,0.14072,0.49547,0.50717,-0.48072,0.51595,257.45024
0.07699,0.10176,0.14072,0.49547,0.50717,-0.48072,0.51595,257.72643
0.07700,0.10148,0.14072,0.49547,0.50717,-0.48072,0.51595,258.01136
0.07702,0.10120,0.14072,0.49547,0.50717,-0.48072,0.51595,258.30393
0.07703,0.10090,0.14072,0.49547,0.50717,-0.48072,0.51595,258.60299
0.07705,0.10060,0.14072,0.49547,0.50717,-0.48072,0.51595,258.90738
0.07706,0.10029,0.14072,0.49547,0.50717,-0.48072,0.51595,259.21590
0.07707,0.09998,0.14071,0.49547,0.50717,-0.48072,0.51595,259.52736
0.07709,0.09967,0.14071,0.49547,0.50717,-0.48072,0.51595,259.84052
0.07710,0.09936,0.14071,0.49547,0.50717,-0.48072,0.51595,260.15416
0.07712,0.09905,0.14071,0.49547,0.50717,-0.48072,0.51595,260.46703
0.07713,0.09874,0.14071,0.49547,0.50717,-0.48072,0.51595,260.77791
0.07715,0.09843,0.14071,0.49547,0.50717,-0.48072,0.51595,261.08556
0.07716,0.09812,0.14070,0.49547,0.50717,-0.48072,0.51595,261.38877
0.07718,0.09782,0.14070,0.49547,0.50717,-0.48072,0.51595,261.68633
0.07719,0.09753,0.14070,0.49547,0.50717,-0.48072,0.51595,261.97706
0.07720,0.09724,0.14070,0.49547,0.50717,-0.48072,0.51595,262.25979
0.07722,0.09696,0.14070,0.49547,0.50717,-0.48072,0.51595,262.53340
0.07723,0.09669,0.14070,0.49547,0.50717,-0.48072,0.51595,262.79680
0.07724,0.09644,0.14069,0.49547,0.50717,-0.48072,0.51595,263.04892
0.07725,0.09619,0.14069,0.49547,0.50717,-0.48072,0.51595,263.28876
0.07726,0.09596,0.14069,0.49547,0.50717,-0.48072,0.51595,263.51533
0.07727,0.09574,0.14069,0.49547,0.50717,-0.48072,0.51595,263.72774
0.07728,0.09553,0.14069,0.49547,0.50717,-0.48072,0.51595,263.92511
0.07729,0.09534,0.14069,0.49547,0.50717,-0.48072,0.51595,264.10665
0.07730,0.09517,0.14069,0.49547,0.50717,-0.48072,0.51595,264.27161
0.07731,0.09501,0.14069,0.49547,0.50717,-0.48072,0.51595,264.41931
0.07731,0.09487,0.14069,0.49547,0.50717,-0.48072,0.51595,264.54914
0.07732,0.09475,0.14069,0.49547,0.50717,-0.48072,0.51595,264.66058
0.07733,0.09465,0.14068,0.49547,0.50717,-0.48072,0.51595,264.75314
0.07733,0.09457,0.14068,0.49547,0.50717,-0.48072,0.51595,264.82644
0.07733,0.09450,0.14068,0.49547,0.50717,-0.48072,0.51595,264.88016
0.07733,0.09446,0.14068,0.49547,0.50717,-0.48072,0.51595,264.91406
0.07734,0.09443,0.14068,0.49547,0.50717,-0.48072,0.51595,264.92800
0.07734,0.09443,0.14068,0.49547,0.50717,-0.48072,0.51595,264.93412
0.07733,0.09445,0.14068,0.49547,0.50717,-0.48072,0.51595,264.96029
0.07733,0.09448,0.14068,0.49547,0.50717,-0.48072,0.51595,265.00642
0.07733,0.09454,0.14068,0.49547,0.50717,-0.48072,0.51595,265.07236
0.07733,0.09462,0.14068,0.49547,0.50717,-0.48072,0.51595,265.15787
0.07732,0.09471,0.14068,0.49547,0.50717,-0.48072,0.51595,265.26261
0.07732,0.09482,0.14069,0.49547,0.50717,-0.48072,0.51595,265.38619
0.07731,0.09496,0.14069,0.49547,0.50717,-0.48072,0.51595,265.52813
0.07730,0.09511,0.14069,0.49547,0.50717,-0.48072,0.51595,265.68787
0.07730,0.09528,0.14069,0.49547,0.50717,-0.48072,0.51595,265.86481
0.07729,0.09546,0.14069,0.49547,0.50717,-0.48072,0.51595,266.05822
0.07728,0.09566,0.14069,0.49547,0.50717,-0.48072,0.51595,266.26736
0.07727,0.09588,0.14069,0.49547,0.50717,-0.48072,0.51595,266.49139
0.07726,0.09611,0.14069,0.49547,0.50717,-0.48072,0.51595,266.72943
0.07724,0.09636,0.14069,0.49547,0.50717,-0.48072,0.51595,266.98051
0.07723,0.09661,0.14070,0.49547,0.50717,-0.48072,0.51595,267.24364
0.07722,0.09688,0.14070,0.49547,0.50717,-0.48072,0.51595,267.51776
0.07721,0.09716,0.14070,0.49547,0.50717,-0.48072,0.51595,267.80178
0.07719,0.09745,0.14070,0.49547,0.50717,-0.48072,0.51595,268.09453
0.07718,0.09775,0.14070,0.49547,0.50717,-0.48072,0.51595,268.39485
0.07717,0.09805,0.14070,0.49547,0.50717,-0.48072,0.51595,268.70151
0.07715,0.09836,0.14070,0.49547,0.50717,-0.48072,0.51595,269.01328
0.07714,0.09868,0.14071,0.49547,0.50717,-0.48072,0.51595,269.32889
0.07712,0.09899,0.14071,0.49547,0.50717,-0.48072,0.51595,269.64705
0.07711,0.09931,0.14071,0.49547,0.50717,-0.48072,0.51595,269.96646
0.07709,0.09962,0.14071,0.49547,0.50717,-0.48072,0.51595,270.28582
0.07708,0.09994,0.14071,0.49547,0.50717,-0.48072,0.51595,270.60383
0.07706,0.10026,0.14072,0.49547,0.50717,-0.48072,0.51595,270.91917
0.07705,0.10057,0.14072,0.49547,0.50717,-0.48072,0.51595,271.23055
0.07703,0.10088,0.14072,0.49547,0.50717,-0.48072,0.51595,271.53670
0.07702,0.10118,0.14072,0.49547,0.50717,-0.48072,0.51595,271.83634
0.07700,0.10148,0.14072,0.49547,0.50717,-0.48072,0.51595,272.12825
0.07699,0.10177,0.14072,0.49547,0.50717,-0.48072,0.51595,272.41120
0.07698,0.10205,0.14072,0.49547,0.50717,-0.48072,0.51595,272.68404
0.07696,0.10231,0.14073,0.49547,0.50717,-0.48072,0.51595,272.94561
0.07695,0.10257,0.14073,0.49547,0.50717,-0.48072,0.51595,273.19484
0.07694,0.10281,0.14073,0.49547,0.50717,-0.48072,0.51595,273.43067
0.07693,0.10304,0.14073,0.49547,0.50717,-0.48072,0.51595,273.65213
0.07692,0.10325,0.14073,0.49547,0.50717,-0.48072,0.51595,273.85828
0.07691,0.10345,0.14073,0.49547,0.50717,-0.48072,0.51595,274.04825
0.07690,0.10363,0.14073,0.49547,0.50717,-0.48072,0.51595,274.22124
0.07689,0.10380,0.14073,0.49547,0.50717,-0.48072,0.51595,274.37651
0.07689,0.10394,0.14074,0.49547,0.50717,-0.48072,0.51595,274.51341
0.07688,0.10407,0.14074,0.49547,0.50717,-0.48072,0.51595,274.63133
0.07688,0.10418,0.14074,0.49547,0.50717,-0.48072,0.51595,274.72978
0.07687,0.10427,0.14074,0.49547,0.50717,-0.48072,0.51595,274.80832
0.07687,0.10434,0.14074,0.49547,0.50717,-0.48072,0.51595,274.86661
0.07687,0.10439,0.14074,0.49547,0.50717,-0.48072,0.51595,274.90437
0.07687,0.10441,0.14074,0.49547,0.50717,-0.48072,0.51595,274.92143
0.07687,0.10442,0.14074,0.49547,0.50717,-0.48072,0.51595,274.92517
0.07687,0.10441,0.14074,0.49547,0.50717,-0.48072,0.51595,274.94970
0.07687,0.10437,0.14074,0.49547,0.50717,-0.48072,0.51595,274.99496
0.07687,0.10432,0.14074,0.49547,0.50717,-0.48072,0.51595,275.06077
0.07687,0.10424,0.14074,0.49547,0.50717,-0.48072,0.51595,275.14689
0.07688,0.10414,0.14074,0.49547,0.50717,-0.48072,0.51595,275.25298
0.07688,0.10403,0.14074,0.49547,0.50717,-0.48072,0.51595,275.37862
0.07689,0.10389,0.14073,0.49547,0.50717,-0.48072,0.51595,275.52329
0.07690,0.10374,0.14073,0.49547,0.50717,-0.48072,0.51595,275.68642
0.07691,0.10357,0.14073,0.49547,0.50717,-0.48072,0.51595,275.86735
0.07691,0.10338,0.14073,0.49547,0.50717,-0.48072,0.51595,276.06533
0.07692,0.10317,0.14073,0.49547,0.50717,-0.48072,0.51595,276.27956
0.07693,0.10295,0.14073,0.49547,0.50717,-0.48072,0.51595,276.50914
0.07695,0.10271,0.14073,0.49547,0.50717,-0.48072,0.51595,276.75314
0.07696,0.10246,0.14073,0.49547,0.50717,-0.48072,0.51595,277.01054
0.07697,0.10220,0.14073,0.49547,0.50717,-0.48072,0.51595,277.28027
0.07698,0.10192,0.14072,0.49547,0.50717,-0.48072,0.51595,277.56121
0.07700,0.10163,0.14072,0.49547,0.50717,-0.48072,0.51595,277.85219
0.07701,0.10134,0.14072,0.49547,0.50717,-0.48072,0.51595,278.15199
0.07702,0.10103,0.14072,0.49547,0.50717,-0.48072,0.51595,278.45935
0.07704,0.10072,0.14072,0.49547,0.50717,-0.48072,0.51595,278.77299
0.07705,0.10041,0.14072,0.49547,0.50717,-0.48072,0.51595,279.09159
0.07707,0.10009,0.14071,0.49547,0.50717,-0.48072,0.51595,279.41379
0.07708,0.09976,0.14071,0.49547,0.50717,-0.48072,0.51595,279.73825
0.07710,0.09944,0.14071,0.49547,0.50717,-0.48072,0.51595,280.06359
0.07712,0.09912,0.14071,0.49547,0.50717,-0.48072,0.51595,280.38843
0.07713,0.09880,0.14071,0.49547,0.50717,-0.48072,0.51595,280.71139
0.07715,0.09848,0.14071,0.49547,0.50717,-0.48072,0.51595,281.03109
0.07716,0.09816,0.14070,0.49547,0.50717,-0.48072,0.51595,281.34618
0.07717,0.09785,0.14070,0.49547,0.50717,-0.48072,0.51595,281.65532
0.07719,0.09754,0.14070,0.49547,0.50717,-0.48072,0.51595,281.95716
0.07720,0.09724,0.14070,0.49547,0.50717,-0.48072,0.51595,282.25044
0.07722,0.09695,0.14070,0.49547,0.50717,-0.48072,0.51595,282.53387
0.07723,0.09667,0.14070,0.49547,0.50717,-0.48072,0.51595,282.80625
0.07724,0.09641,0.14069,0.49547,0.50717,-0.48072,0.51595,283.06640
0.07725,0.09615,0.14069,0.49547,0.50717,-0.48072,0.51595,283.31320
0.07727,0.09591,0.14069,0.49547,0.50717,-0.48072,0.51595,283.54557
0.07728,0.09569,0.14069,0.49547,0.50717,-0.48072,0.51595,283.76250
0.07729,0.09548,0.14069,0.49547,0.50717,-0.48072,0.51595,283.96305
0.07730,0.09529,0.14069,0.49547,0.50717,-0.48072,0.51595,284.14635
0.07730,0.09511,0.14069,0.49547,0.50717,-0.48072,0.51595,284.31158
0.07731,0.09496,0.14069,0.49547,0.50717,-0.48072,0.51595,284.45802
0.07732,0.09482,0.14069,0.49547,0.50717,-0.48072,0.51595,284.58502
0.07732,0.09470,0.14068,0.49547,0.50717,-0.48072,0.51595,284.69201
0.07733,0.09461,0.14068,0.49547,0.50717,-0.48072,0.51595,284.77851
0.07733,0.09453,0.14068,0.49547,0.50717,-0.48072,0.51595,284.84412
0.07733,0.09448,0.14068,0.49547,0.50717,-0.48072,0.51595,284.88855
0.07733,0.09444,0.14068,0.49547,0.50717,-0.48072,0.51595,284.91157
0.07734,0.09443,0.14068,0.49547,0.50717,-0.48072,0.51595,284.91306
0.07733,0.09444,0.14068,0.49547,0.50717,-0.48072,0.51595,284.93313
0.07733,0.09447,0.14068,0.49547,0.50717,-0.48072,0.51595,284.97468
0.07733,0.09452,0.14068,0.49547,0.50717,-0.48072,0.51595,285.03758
0.07733,0.09460,0.14068,0.49547,0.50717,-0.48072,0.51595,285.12156
0.07732,0.09469,0.14068,0.49547,0.50717,-0.48072,0.51595,285.22629
0.07732,0.09481,0.14069,0.49547,0.50717,-0.48072,0.51595,285.35134
0.07731,0.09494,0.14069,0.49547,0.50717,-0.48072,0.51595,285.49619
0.07730,0.09510,0.14069,0.49547,0.50717,-0.48072,0.51595,285.66022
0.07730,0.09527,0.14069,0.49547,0.50717,-0.48072,0.51595,285.84276
0.07729,0.09546,0.14069,0.49547,0.50717,-0.48072,0.51595,286.04302
0.07728,0.09567,0.14069,0.49547,0.50717,-0.48072,0.51595,286.26016
0.07727,0.09589,0.14069,0.49547,0.50717,-0.48072,0.51595,286.49324
0.07726,0.09614,0.14069,0.49547,0.50717,-0.48072,0.51595,286.74128
0.07724,0.09639,0.14069,0.49547,0.50717,-0.48072,0.51595,287.00320
0.07723,0.09666,0.14070,0.49547,0.50717,-0.48072,0.51595,287.27788
0.07722,0.09694,0.14070,0.49547,0.50717,-0.48072,0.51595,287.56414
0.07720,0.09723,0.14070,0.49547,0.50717,-0.48072,0.51595,287.86074
0.07719,0.09753,0.14070,0.49547,0.50717,-0.48072,0.51595,288.16638
0.07718,0.09784,0.14070,0.49547,0.50717,-0.48072,0.51595,288.47976
0.07716,0.09816,0.14070,0.49547,0.50717,-0.48072,0.51595,288.79950
0.07715,0.09848,0.14071,0.49547,0.50717,-0.48072,0.51595,289.12420
0.07713,0.09881,0.14071,0.49547,0.50717,-0.48072,0.51595,289.45246
0.07711,0.09914,0.14071,0.49547,0.50717,-0.48072,0.51595,289.78284
0.07710,0.09946,0.14071,0.49547,0.50717,-0.48072,0.51595,290.11389
0.07708,0.09979,0.14071,0.49547,0.50717,-0.48072,0.51595,290.44415
0.07707,0.10012,0.14071,0.49547,0.50717,-0.48072,0.51595,290.77218
0.07705,0.10045,0.14072,0.49547,0.50717,-0.48072,0.51595,291.09652
0.07704,0.10077,0.14072,0.49547,0.50717,-0.48072,0.51595,291.41576
0.07702,0.10109,0.14072,0.49547,0.50717,-0.48072,0.51595,291.72847
0.07701,0.10139,0.14072,0.49547,0.50717,-0.48072,0.51595,292.03327
0.07699,0.10170,0.14072,0.49547,0.50717,-0.48072,0.51595,292.32881
0.07698,0.10199,0.14072,0.49547,0.50717,-0.48072,0.51595,292.61377
0.07697,0.10227,0.14073,0.49547,0.50717,-0.48072,0.51595,292.88689
0.07695,0.10253,0.14073,0.49547,0.50717,-0.48072,0.51595,293.14694
0.07694,0.10279,0.14073,0.49547,0.50717,-0.48072,0.51595,293.39276
0.07693,0.10302,0.14073,0.49547,0.50717,-0.48072,0.51595,293.62324
0.07692,0.10325,0.14073,0.49547,0.50717,-0.48072,0.51595,293.83736
0.07691,0.10345,0.14073,0.49547,0.50717,-0.48072,0.51595,294.03413
0.07690,0.10364,0.14073,0.49547,0.50717,-0.48072,0.51595,294.21268
0.07689,0.10381,0.14073,0.49547,0.50717,-0.48072,0.51595,294.37219
0.07689,0.10396,0.14074,0.49547,0.50717,-0.48072,0.51595,294.51192
0.07688,0.10409,0.14074,0.49547,0.50717,-0.48072,0.51595,294.63124
0.07688,0.10420,0.14074,0.49547,0.50717,-0.48072,0.51595,294.72959
0.07687,0.10429,0.14074,0.49547,0.50717,-0.48072,0.51595,294.80652
0.07687,0.10435,0.14074,0.49547,0.50717,-0.48072,0.51595,294.86166
0.07687,0.10440,0.14074,0.49547,0.50717,-0.48072,0.51595,294.89473
0.07687,0.10442,0.14074,0.49547,0.50717,-0.48072,0.51595,294.90558
0.07687,0.10442,0.14074,0.49547,0.50717,-0.48072,0.51595,294.91704
0.07687,0.10439,0.14074,0.49547,0.50717,-0.48072,0.51595,294.95078
0.07687,0.10435,0.14074,0.49547,0.50717,-0.48072,0.51595,295.00667
0.07687,0.10428,0.14074,0.49547,0.50717,-0.48072,0.51595,295.08448
0.07688,0.10419,0.14074,0.49547,0.50717,-0.48072,0.51595,295.18389
0.07688,0.10408,0.14074,0.49547,0.50717,-0.48072,0.51595,295.30448
0.07689,0.10395,0.14074,0.49547,0.50717,-0.48072,0.51595,295.44573
0.07689,0.10380,0.14073,0.49547,0.50717,-0.48072,0.51595,295.60702
0.07690,0.10363,0.14073,0.49547,0.50717,-0.48072,0.51595,295.78766
0.07691,0.10344,0.14073,0.49547,0.50717,-0.48072,0.51595,295.98685
0.07692,0.10323,0.14073,0.49547,0.50717,-0.48072,0.51595,296.20372
0.07693,0.10301,0.14073,0.49547,0.50717,-0.48072,0.51595,296.43731
0.07694,0.10276,0.14073,0.49547,0.50717,-0.48072,0.51595,296.68659
0.07696,0.10251,0.14073,0.49547,0.50717,-0.48072,0.51595,296.95044
0.07697,0.10224,0.14073,0.49547,0.50717,-0.48072,0.51595,297.22770
0.07698,0.10195,0.14072,0.49547,0.50717,-0.48072,0.51595,297.51713
0.07700,0.10166,0.14072,0.49547,0.50717,-0.48072,0.51595,297.81744
0.07701,0.10135,0.14072,0.49547,0.50717,-0.48072,0.51595,298.12727
0.07702,0.10104,0.14072,0.49547,0.50717,-0.48072,0.51595,298.44524
0.07704,0.10072,0.14072,0.49547,0.50717,-0.48072,0.51595,298.76992
0.07705,0.10039,0.14072,0.49547,0.50717,-0.48072,0.51595,299.09984
0.07707,0.10006,0.14071,0.49547,0.50717,-0.48072,0.51595,299.43352
0.07709,0.09972,0.14071,0.49547,0.50717,-0.48072,0.51595,299.76944
0.07710,0.09939,0.14071,0.49547,0.50717,-0.48072,0.51595,300.10609
0.07712,0.09906,0.14071,0.49547,0.50717,-0.48072,0.51595,300.44193
0.07713,0.09872,0.14071,0.49547,0.50717,-0.48072,0.51595,300.77545
0.07715,0.09839,0.14070,0.49547,0.50717,-0.48072,0.51595,301.10511
0.07716,0.09806,0.14070,0.49547,0.50717,-0.48072,0.51595,301.42941
0.07718,0.09774,0.14070,0.49547,0.50717,-0.48072,0.51595,301.74688
0.07719,0.09743,0.14070,0.49547,0.50717,-0.48072,0.51595,302.05606
0.07721,0.09712,0.14070,0.49547,0.50717,-0.48072,0.51595,302.35552
0.07722,0.09683,0.14070,0.49547,0.50717,-0.48072,0.51595,302.64390
0.07724,0.09655,0.14069,0.49547,0.50717,-0.48072,0.51595,302.91986
0.07725,0.09628,0.14069,0.49547,0.50717,-0.48072,0.51595,303.18213
0.07726,0.09602,0.14069,0.49547,0.50717,-0.48072,0.51595,303.42949
0.07727,0.09578,0.14069,0.49547,0.50717,-0.48072,0.51595,303.66080
0.07728,0.09556,0.14069,0.49547,0.50717,-0.48072,0.51595,303.87499
0.07729,0.09536,0.14069,0.49547,0.50717,-0.48072,0.51595,304.07104
0.07730,0.09517,0.14069,0.49547,0.50717,-0.48072,0.51595,304.24804
0.07731,0.09500,0.14069,0.49547,0.50717,-0.48072,0.51595,304.40517
0.07732,0.09485,0.14069,0.49547,0.50717,-0.48072,0.51595,304.54167
0.07732,0.09473,0.14069,0.49547,0.50717,-0.48072,0.51595,304.65690
0.07733,0.09462,0.14068,0.49547,0.50717,-0.48072,0.51595,304.75031
0.07733,0.09454,0.14068,0.49547,0.50717,-0.48072,0.51595,304.82144
0.07733,0.09448,0.14068,0.49547,0.50717,-0.48072,0.51595,304.86994
0.07733,0.09444,0.14068,0.49547,0.50717,-0.48072,0.51595,304.89557
0.07734,0.09443,0.14068,0.49547,0.50717,-0.48072,0.51595,304.89817
0.07733,0.09444,0.14068,0.49547,0.50717,-0.48072,0.51595,304.91862
0.07733,0.09447,0.14068,0.49547,0.50717,-0.48072,0.51595,304.96205
0.07733,0.09453,0.14068,0.49547,0.50717,-0.48072,0.51595,305.02829
0.07733,0.09460,0.14068,0.49547,0.50717,-0.48072,0.51595,305.11706
0.07732,0.09470,0.14068,0.49547,0.50717,-0.48072,0.51595,305.22796
0.07732,0.09483,0.14069,0.49547,0.50717,-0.48072,0.51595,305.36051
0.07731,0.09497,0.14069,0.49547,0.50717,-0.48072,0.51595,305.51411
0.07730,0.09513,0.14069,0.49547,0.50717,-0.48072,0.51595,305.68809
0.07729,0.09532,0.14069,0.49547,0.50717,-0.48072,0.51595,305.88164
0.07728,0.09552,0.14069,0.49547,0.50717,-0.48072,0.51595,306.09389
0.07727,0.09574,0.14069,0.49547,0.50717,-0.48072,0.51595,306.32388
0.07726,0.09598,0.14069,0.49547,0.50717,-0.48072,0.51595,306.57055
0.07725,0.09623,0.14069,0.49547,0.50717,-0.48072,0.51595,306.83277
0.07724,0.09650,0.14069,0.49547,0.50717,-0.48072,0.51595,307.10934
0.07722,0.09679,0.14070,0.49547,0.50717,-0.48072,0.51595,307.39898
0.07721,0.09708,0.14070,0.49547,0.50717,-0.48072,0.51595,307.70036
0.07720,0.09739,0.14070,0.49547,0.50717,-0.48072,0.51595,308.01208
0.07718,0.09771,0.14070,0.49547,0.50717,-0.48072,0.51595,308.33270
0.07717,0.09803,0.14070,0.49547,0.50717,-0.48072,0.51595,308.66072
0.07715,0.09836,0.14070,0.49547,0.50717,-0.48072,0.51595,308.99462
0.07713,0.09870,0.14071,0.49547,0.50717,-0.48072,0.51595,309.33285
0.07712,0.09904,0.14071,0.49547,0.50717,-0.48072,0.51595,309.67382
0.07710,0.09938,0.14071,0.49547,0.50717,-0.48072,0.51595,310.01594
0.07709,0.09971,0.14071,0.49547,0.50717,-0.48072,0.51595,310.35760
0.07707,0.10005,0.14071,0.49547,0.50717,-0.48072,0.51595,310.69720
0.07705,0.10039,0.14072,0.49547,0.50717,-0.48072,0.51595,311.03315
0.07704,0.10073,0.14072,0.49547,0.50717,-0.48072,0.51595,311.36386
0.07702,0.10105,0.14072,0.49547,0.50717,-0.48072,0.51595,311.68777
0.07701,0.10137,0.14072,0.49547,0.50717,-0.48072,0.51595,312.00334
0.07699,0.10169,0.14072,0.49547,0.50717,-0.48072,0.51595,312.30909
0.07698,0.10199,0.14072,0.49547,0.50717,-0.48072,0.51595,312.60356
0.07697,0.10227,0.14073,0.49547,0.50717,-0.48072,0.51595,312.88535
0.07695,0.10255,0.14073,0.49547,0.50717,-0.48072,0.51595,313.15311
0.07694,0.10281,0.14073,0.49547,0.50717,-0.48072,0.51595,313.40558
0.07693,0.10305,0.14073,0.49547,0.50717,-0.48072,0.51595,313.64153
0.07692,0.10328,0.14073,0.49547,0.50717,-0.48072,0.51595,313.85984
0.07691,0.10349,0.14073,0.49547,0.50717,-0.48072,0.51595,314.05946
0.07690,0.10368,0.14073,0.49547,0.50717,-0.48072,0.51595,314.23941
0.07689,0.10385,0.14073,0.49547,0.50717,-0.48072,0.51595,314.39883
0.07689,0.10400,0.14074,0.49547,0.50717,-0.48072,0.51595,314.53693
0.07688,0.10413,0.14074,0.49547,0.50717,-0.48072,0.51595,314.65305
0.07687,0.10423,0.14074,0.49547,0.50717,-0.48072,0.51595,314.74661
0.07687,0.10431,0.14074,0.49547,0.50717,-0.48072,0.51595,314.81713
0.07687,0.10437,0.14074,0.49547,0.50717,-0.48072,0.51595,314.86426
0.07687,0.10441,0.14074,0.49547,0.50717,-0.48072,0.51595,314.88775
0.07687,0.10442,0.14074,0.49547,0.50717,-0.48072,0.51595,314.88803
0.07687,0.10441,0.14074,0.49547,0.50717,-0.48072,0.51595,314.91212
0.07687,0.10437,0.14074,0.49547,0.50717,-0.48072,0.51595,314.95991
0.07687,0.10431,0.14074,0.49547,0.50717,-0.48072,0.51595,315.03121
0.07687,0.10423,0.14074,0.49547,0.50717,-0.48072,0.51595,315.12570
0.07688,0.10412,0.14074,0.49547,0.50717,-0.48072,0.51595,315.24295
0.07689,0.10399,0.14074,0.49547,0.50717,-0.48072,0.51595,315.38242
0.07689,0.10384,0.14073,0.49547,0.50717,-0.48072,0.51595,315.54348
0.07690,0.10367,0.14073,0.49547,0.50717,-0.48072,0.51595,315.72537
0.07691,0.10348,0.14073,0.49547,0.50717,-0.48072,0.51595,315.92723
0.07692,0.10327,0.14073,0.49547,0.50717,-0.48072,0.51595,316.14813
0.07693,0.10304,0.14073,0.49547,0.50717,-0.48072,0.51595,316.38703
0.07694,0.10279,0.14073,0.49547,0.50717,-0.48072,0.51595,316.64279
0.07695,0.10253,0.14073,0.49547,0.50717,-0.48072,0.51595,316.91420
0.07697,0.10225,0.14073,0.49547,0.50717,-0.48072,0.51595,317.19997
0.07698,0.10196,0.14072,0.49547,0.50717,-0.48072,0.51595,317.49875
0.07700,0.10165,0.14072,0.49547,0.50717,-0.48072,0.51595,317.80910
0.07701,0.10133,0.14072,0.49547,0.50717,-0.48072,0.51595,318.12955
0.07703,0.10101,0.14072,0.49547,0.50717,-0.48072,0.51595,318.45856
0.07704,0.10068,0.14072,0.49547,0.50717,-0.48072,0.51595,318.79455
0.07706,0.10034,0.14072,0.49547,0.50717,-0.48072,0.51595,319.13591
0.07707,0.09999,0.14071,0.49547,0.50717,-0.48072,0.51595,319.48099
0.07709,0.09965,0.14071,0.49547,0.50717,-0.48072,0.51595,319.82812
0.07711,0.09931,0.14071,0.49547,0.50717,-0.48072,0.51595,320.17563
0.07712,0.09896,0.14071,0.49547,0.50717,-0.48072,0.51595,320.52184
0.07714,0.09862,0.14071,0.49547,0.50717,-0.48072,0.51595,320.86507
0.07715,0.09828,0.14070,0.49547,0.50717,-0.48072,0.51595,321.20365
0.07717,0.09794,0.14070,0.49547,0.50717,-0.48072,0.51595,321.53593
0.07719,0.09761,0.14070,0.49547,0.50717,-0.48072,0.51595,321.86029
0.07720,0.09729,0.14070,0.49547,0.50717,-0.48072,0.51595,322.17516
0.07722,0.09698,0.14070,0.49547,0.50717,-0.48072,0.51595,322.47898
0.07723,0.09668,0.14070,0.49547,0.50717,-0.48072,0.51595,322.77027
0.07724,0.09640,0.14069,0.49547,0.50717,-0.48072,0.51595,323.04760
0.07726,0.09613,0.14069,0.49547,0.50717,-0.48072,0.51595,323.30960
0.07727,0.09588,0.14069,0.49547,0.50717,-0.48072,0.51595,323.55498
0.07728,0.09564,0.14069,0.49547,0.50717,-0.48072,0.51595,323.78253
0.07729,0.09542,0.14069,0.49547,0.50717,-0.48072,0.51595,323.99111
0.07730,0.09522,0.14069,0.49547,0.50717,-0.48072,0.51595,324.17969
0.07731,0.09504,0.14069,0.49547,0.50717,-0.48072,0.51595,324.34732
0.07731,0.09489,0.14069,0.49547,0.50717,-0.48072,0.51595,324.49317
0.07732,0.09475,0.14069,0.49547,0.50717,-0.48072,0.51595,324.61650
0.07733,0.09464,0.14068,0.49547,0.50717,-0.48072,0.51595,324.71667
0.07733,0.09455,0.14068,0.49547,0.50717,-0.48072,0.51595,324.79318
0.07733,0.09449,0.14068,0.49547,0.50717,-0.48072,0.51595,324.84563
0.07733,0.09445,0.14068,0.49547,0.50717,-0.48072,0.51595,324.87374
0.07734,0.09443,0.14068,0.49547,0.50717,-0.48072,0.51595,324.87733
0.07733,0.09444,0.14068,0.49547,0.50717,-0.48072,0.51595,324.89829
0.07733,0.09447,0.14068,0.49547,0.50717,-0.48072,0.51595,324.94372
0.07733,0.09453,0.14068,0.49547,0.50717,-0.48072,0.51595,325.01342
0.07733,0.09461,0.14068,0.49547,0.50717,-0.48072,0.51595,325.10709
0.07732,0.09472,0.14069,0.49547,0.50717,-0.48072,0.51595,325.22427
0.07732,0.09485,0.14069,0.49547,0.50717,-0.48072,0.51595,325.36441
0.07731,0.09500,0.14069,0.49547,0.50717,-0.48072,0.51595,325.52686
0.07730,0.09517,0.14069,0.49547,0.50717,-0.48072,0.51595,325.71082
0.07729,0.09537,0.14069,0.49547,0.50717,-0.48072,0.51595,325.91541
0.07728,0.09558,0.14069,0.49547,0.50717,-0.48072,0.51595,326.13964
0.07727,0.09581,0.14069,0.49547,0.50717,-0.48072,0.51595,326.38241
0.07726,0.09607,0.14069,0.49547,0.50717,-0.48072,0.51595,326.64256
0.07725,0.09633,0.14069,0.49547,0.50717,-0.48072,0.51595,326.91880
0.07723,0.09662,0.14070,0.49547,0.50717,-0.48072,0.51595,327.20977
0.07722,0.09692,0.14070,0.49547,0.50717,-0.48072,0.51595,327.51407
0.07720,0.09723,0.14070,0.49547,0.50717,-0.48072,0.51595,327.83017
0.07719,0.09755,0.14070,0.49547,0.50717,-0.48072,0.51595,328.15653
0.07717,0.09788,0.14070,0.49547,0.50717,-0.48072,0.51595,328.49154
0.07716,0.09822,0.14070,0.49547,0.50717,-0.48072,0.51595,328.83352
0.07714,0.09856,0.14071,0.49547,0.50717,-0.48072,0.51595,329.18080
0.07712,0.09891,0.14071,0.49547,0.50717,-0.48072,0.51595,329.53164
0.07711,0.09927,0.14071,0.49547,0.50717,-0.48072,0.51595,329.88431
0.07709,0.09961,0.14071,0.49547,0.50717,-0.48072,0.51595,330.23703
0.07708,0.09996,0.14071,0.49547,0.50717,-0.48072,0.51595,330.58805
0.07706,0.10031,0.14072,0.49547,0.50717,-0.48072,0.51595,330.93562
0.07704,0.10066,0.14072,0.49547,0.50717,-0.48072,0.51595,331.27798
0.07703,0.10099,0.14072,0.49547,0.50717,-0.48072,0.51595,331.61344
0.07701,0.10133,0.14072,0.49547,0.50717,-0.48072,0.51595,331.94029
0.07700,0.10165,0.14072,0.49547,0.50717,-0.48072,0.51595,332.25690
0.07698,0.10196,0.14072,0.49547,0.50717,-0.48072,0.51595,332.56166
0.07697,0.10226,0.14073,0.49547,0.50717,-0.48072,0.51595,332.85304
0.07695,0.10254,0.14073,0.49547,0.50717,-0.48072,0.51595,333.12956
0.07694,0.10281,0.14073,0.49547,0.50717,-0.48072,0.51595,333.38981
0.07693,0.10306,0.14073,0.49547,0.50717,-0.48072,0.51595,333.63247
0.07692,0.10330,0.14073,0.49547,0.50717,-0.48072,0.51595,333.85630
0.07691,0.10351,0.14073,0.49547,0.50717,-0.48072,0.51595,334.06016
0.07690,0.10370,0.14073,0.49547,0.50717,-0.48072,0.51595,334.24300
0.07689,0.10388,0.14073,0.49547,0.50717,-0.48072,0.51595,334.40387
0.07688,0.10403,0.14074,0.49547,0.50717,-0.48072,0.51595,334.54195
0.07688,0.10415,0.14074,0.49547,0.50717,-0.48072,0.51595,334.65651
0.07687,0.10426,0.14074,0.49547,0.50717,-0.48072,0.51595,334.74695
0.07687,0.10433,0.14074,0.49547,0.50717,-0.48072,0.51595,334.81279
0.07687,0.10439,0.14074,0.49547,0.50717,-0.48072,0.51595,334.85368
0.07687,0.10442,0.14074,0.49547,0.50717,-0.48072,0.51595,334.86937
0.07687,0.10442,0.14074,0.49547,0.50717,-0.48072,0.51595,334.87897
0.07687,0.10440,0.14074,0.49547,0.50717,-0.48072,0.51595,334.91384
0.07687,0.10435,0.14074,0.49547,0.50717,-0.48072,0.51595,334.97384
0.07687,0.10428,0.14074,0.49547,0.50717,-0.48072,0.51595,335.05867
0.07688,0.10418,0.14074,0.49547,0.50717,-0.48072,0.51595,335.16794
0.07688,0.10406,0.14074,0.49547,0.50717,-0.48072,0.51595,335.30111
0.07689,0.10391,0.14073,0.49547,0.50717,-0.48072,0.51595,335.45753
0.07690,0.10374,0.14073,0.49547,0.50717,-0.48072,0.51595,335.63644
0.07691,0.10355,0.14073,0.49547,0.50717,-0.48072,0.51595,335.83693
0.07692,0.10334,0.14073,0.49547,0.50717,-0.48072,0.51595,336.05801
0.07693,0.10311,0.14073,0.49547,0.50717,-0.48072,0.51595,336.29858
0.07694,0.10286,0.14073,0.49547,0.50717,-0.48072,0.51595,336.55743
0.07695,0.10259,0.14073,0.49547,0.50717,-0.48072,0.51595,336.83325
0.07696,0.10231,0.14073,0.49547,0.50717,-0.48072,0.51595,337.12465
0.07698,0.10201,0.14072,0.49547,0.50717,-0.48072,0.51595,337.43016
0.07699,0.10170,0.14072,0.49547,0.50717,-0.48072,0.51595,337.74823
0.07701,0.10138,0.14072,0.49547,0.50717,-0.48072,0.51595,338.07724
0.07702,0.10104,0.14072,0.49547,0.50717,-0.48072,0.51595,338.41553
0.07704,0.10070,0.14072,0.49547,0.50717,-0.48072,0.51595,338.76136
0.07706,0.10035,0.14072,0.49547,0.50717,-0.48072,0.51595,339.11297
0.07707,0.10000,0.14071,0.49547,0.50717,-0.48072,0.51595,339.46856
0.07709,0.09964,0.14071,0.49547,0.50717,-0.48072,0.51595,339.82631
0.07711,0.09929,0.14071,0.49547,0.50717,-0.48072,0.51595,340.18438
0.07712,0.09893,0.14071,0.49547,0.50717,-0.48072,0.51595,340.54093
0.07714,0.09858,0.14071,0.49547,0.50717,-0.48072,0.51595,340.89413
0.07716,0.09823,0.14070,0.49547,0.50717,-0.48072,0.51595,341.24215
0.07717,0.09788,0.14070,0.49547,0.50717,-0.48072,0.51595,341.58320
0.07719,0.09754,0.14070,0.49547,0.50717,-0.48072,0.51595,341.91551
0.07720,0.09722,0.14070,0.49547,0.50717,-0.48072,0.51595,342.23736
0.07722,0.09690,0.14070,0.49547,0.50717,-0.48072,0.51595,342.54707
0.07723,0.09660,0.14070,0.49547,0.50717,-0.48072,0.51595,342.84303
0.07725,0.09631,0.14069,0.49547,0.50717,-0.48072,0.51595,343.12370
0.07726,0.09604,0.14069,0.49547,0.50717,-0.48072,0.51595,343.38762
0.07727,0.09578,0.14069,0.49547,0.50717,-0.48072,0.51595,343.63339
0.07728,0.09554,0.14069,0.49547,0.50717,-0.48072,0.51595,343.85973
0.07729,0.09533,0.14069,0.49547,0.50717,-0.48072,0.51595,344.06545
0.07730,0.09513,0.14069,0.49547,0.50717,-0.48072,0.51595,344.24945
0.07731,0.09496,0.14069,0.49547,0.50717,-0.48072,0.51595,344.41077
0.07732,0.09481,0.14069,0.49547,0.50717,-0.48072,0.51595,344.54854
0.07732,0.09468,0.14068,0.49547,0.50717,-0.48072,0.51595,344.66202
0.07733,0.09458,0.14068,0.49547,0.50717,-0.48072,0.51595,344.75060
0.07733,0.09451,0.14068,0.49547,0.50717,-0.48072,0.51595,344.81379
0.07733,0.09446,0.14068,0.49547,0.50717,-0.48072,0.51595,344.85123
0.07734,0.09443,0.14068,0.49547,0.50717,-0.48072,0.51595,344.86272
0.07734,0.09443,0.14068,0.49547,0.50717,-0.48072,0.51595,344.87728
0.07733,0.09446,0.14068,0.49547,0.50717,-0.48072,0.51595,344.91784
0.07733,0.09452,0.14068,0.49547,0.50717,-0.48072,0.51595,344.98422
0.07733,0.09459,0.14068,0.49547,0.50717,-0.48072,0.51595,345.07608
0.07732,0.09470,0.14068,0.49547,0.50717,-0.48072,0.51595,345.19298
0.07732,0.09483,0.14069,0.49547,0.50717,-0.48072,0.51595,345.33433
0.07731,0.09498,0.14069,0.49547,0.50717,-0.48072,0.51595,345.49942
0.07730,0.09516,0.14069,0.49547,0.50717,-0.48072,0.51595,345.68739
0.07729,0.09536,0.14069,0.49547,0.50717,-0.48072,0.51595,345.89730
0.07728,0.09558,0.14069,0.49547,0.50717,-0.48072,0.51595,346.12805
0.07727,0.09582,0.14069,0.49547,0.50717,-0.48072,0.51595,346.37847
0.07726,0.09608,0.14069,0.49547,0.50717,-0.48072,0.51595,346.64725
0.07724,0.09636,0.14069,0.49547,0.50717,-0.48072,0.51595,346.93299
0.07723,0.09665,0.14070,0.49547,0.50717,-0.48072,0.51595,347.23422
0.07722,0.09696,0.14070,0.49547,0.50717,-0.48072,0.51595,347.54937
0.07720,0.09728,0.14070,0.49547,0.50717,-0.48072,0.51595,347.87678
0.07719,0.09761,0.14070,0.49547,0.50717,-0.48072,0.51595,348.21474
0.07717,0.09796,0.14070,0.49547,0.50717,-0.48072,0.51595,348.56149
0.07715,0.09831,0.14070,0.49547,0.50717,-0.48072,0.51595,348.91520
0.07714,0.09866,0.14071,0.49547,0.50717,-0.48072,0.51595,349.27401
0.07712,0.09903,0.14071,0.49547,0.50717,-0.48072,0.51595,349.63603
0.07710,0.09939,0.14071,0.49547,0.50717,-0.48072,0.51595,349.99935
0.07709,0.09974,0.14071,0.49547,0.50717,-0.48072,0.51595,350.36204
0.07707,0.10010,0.14071,0.49547,0.50717,-0.48072,0.51595,350.72220
0.07705,0.10046,0.14072,0.49547,0.50717,-0.48072,0.51595,351.07790
0.07704,0.10081,0.14072,0.49547,0.50717,-0.48072,0.51595,351.42726
0.07702,0.10116,0.14072,0.49547,0.50717,-0.48072,0.51595,351.76842
0.07700,0.10150,0.14072,0.49547,0.50717,-0.48072,0.51595,352.09956
0.07699,0.10182,0.14072,0.49547,0.50717,-0.48072,0.51595,352.41891
0.07697,0.10214,0.14073,0.49547,0.50717,-0.48072,0.51595,352.72476
0.07696,0.10243,0.14073,0.49547,0.50717,-0.48072,0.51595,353.01547
0.07695,0.10272,0.14073,0.49547,0.50717,-0.48072,0.51595,353.28949
0.07693,0.10298,0.14073,0.49547,0.50717,-0.48072,0.51595,353.54533
0.07692,0.10323,0.14073,0.49547,0.50717,-0.48072,0.51595,353.78161
0.07691,0.10346,0.14073,0.49547,0.50717,-0.48072,0.51595,353.99706
0.07690,0.10366,0.14073,0.49547,0.50717,-0.48072,0.51595,354.19050
0.07689,0.10384,0.14073,0.49547,0.50717,-0.48072,0.51595,354.36089
0.07689,0.10400,0.14074,0.49547,0.50717,-0.48072,0.51595,354.50728
0.07688,0.10413,0.14074,0.49547,0.50717,-0.48072,0.51595,354.62887
0.07687,0.10424,0.14074,0.49547,0.50717,-0.48072,0.51595,354.72499
0.07687,0.10433,0.14074,0.49547,0.50717,-0.48072,0.51595,354.79510
0.07687,0.10438,0.14074,0.49547,0.50717,-0.48072,0.51595,354.83879
0.07687,0.10441,0.14074,0.49547,0.50717,-0.48072,0.51595,354.85581
0.07687,0.10442,0.14074,0.49547,0.50717,-0.48072,0.51595,354.86558
0.07687,0.10440,0.14074,0.49547,0.50717,-0.48072,0.51595,354.90212
0.07687,0.10435,0.14074,0.49547,0.50717,-0.48072,0.51595,354.96525
0.07687,0.10427,0.14074,0.49547,0.50717,-0.48072,0.51595,355.05466
0.07688,0.10417,0.14074,0.49547,0.50717,-0.48072,0.51595,355.16989
0.07688,0.10404,0.14074,0.49547,0.50717,-0.48072,0.51595,355.31036
0.07689,0.10389,0.14073,0.49547,0.50717,-0.48072,0.51595,355.47532
0.07690,0.10371,0.14073,0.49547,0.50717,-0.48072,0.51595,355.66392
0.07691,0.10351,0.14073,0.49547,0.50717,-0.48072,0.51595,355.87517
0.07692,0.10329,0.14073,0.49547,0.50717,-0.48072,0.51595,356.10793
0.07693,0.10304,0.14073,0.49547,0.50717,-0.48072,0.51595,356.36098
0.07694,0.10278,0.14073,0.49547,0.50717,-0.48072,0.51595,356.63297
0.07696,0.10250,0.14073,0.49547,0.50717,-0.48072,0.51595,356.92245
0.07697,0.10220,0.14073,0.49547,0.50717,-0.48072,0.51595,357.22787
0.07698,0.10189,0.14072,0.49547,0.50717,-0.48072,0.51595,357.54759
0.07700,0.10156,0.14072,0.49547,0.50717,-0.48072,0.51595,357.87990
0.07702,0.10122,0.14072,0.49547,0.50717,-0.48072,0.51595,358.22300
0.07703,0.10088,0.14072,0.49547,0.50717,-0.48072,0.51595,358.57505
0.07705,0.10052,0.14072,0.49547,0.50717,-0.48072,0.51595,358.93414
0.07707,0.10016,0.14071,0.49547,0.50717,-0.48072,0.51595,359.29833
0.07708,0.09979,0.14071,0.49547,0.50717,-0.48072,0.51595,359.66565
0.07710,0.09942,0.14071,0.49547,0.50717,-0.48072,0.51595,360.03410
0.07712,0.09906,0.14071,0.49547,0.50717,-0.48072,0.51595,360.40168
0.07713,0.09870,0.14071,0.49547,0.50717,-0.48072,0.51595,360.76639
0.07715,0.09833,0.14070,0.49547,0.50717,-0.48072,0.51595,361.12623
0.07717,0.09798,0.14070,0.49547,0.50717,-0.48072,0.51595,361.47925
0.07719,0.09763,0.14070,0.49547,0.50717,-0.48072,0.51595,361.82350
0.07720,0.09729,0.14070,0.49547,0.50717,-0.48072,0.51595,362.15711
0.07722,0.09696,0.14070,0.49547,0.50717,-0.48072,0.51595,362.47824
0.07723,0.09665,0.14070,0.49547,0.50717,-0.48072,0.51595,362.78512
0.07725,0.09635,0.14069,0.49547,0.50717,-0.48072,0.51595,363.07606
0.07726,0.09606,0.14069,0.49547,0.50717,-0.48072,0.51595,363.34945
0.07727,0.09580,0.14069,0.49547,0.50717,-0.48072,0.51595,363.60378
0.07728,0.09556,0.14069,0.49547,0.50717,-0.48072,0.51595,363.83763
0.07729,0.09533,0.14069,0.49547,0.50717,-0.48072,0.51595,364.04972
0.07730,0.09513,0.14069,0.49547,0.50717,-0.48072,0.51595,364.23884
0.07731,0.09495,0.14069,0.49547,0.50717,-0.48072,0.51595,364.40394
0.07732,0.09480,0.14069,0.49547,0.50717,-0.48072,0.51595,364.54409
0.07732,0.09467,0.14068,0.49547,0.50717,-0.48072,0.51595,364.65850
0.07733,0.09457,0.14068,0.49547,0.50717,-0.48072,0.51595,364.74650
0.07733,0.09450,0.14068,0.49547,0.50717,-0.48072,0.51595,364.80760
0.07733,0.09445,0.14068,0.49547,0.50717,-0.48072,0.51595,364.84142
0.07734,0.09443,0.14068,0.49547,0.50717,-0.48072,0.51595,364.84777
0.07733,0.09444,0.14068,0.49547,0.50717,-0.48072,0.51595,364.86897
0.07733,0.09447,0.14068,0.49547,0.50717,-0.48072,0.51595,364.91763
0.07733,0.09454,0.14068,0.49547,0.50717,-0.48072,0.51595,364.99350
0.07733,0.09462,0.14068,0.49547,0.50717,-0.48072,0.51595,365.09619
0.07732,0.09474,0.14069,0.49547,0.50717,-0.48072,0.51595,365.22516
0.07731,0.09488,0.14069,0.49547,0.50717,-0.48072,0.51595,365.37972
0.07731,0.09505,0.14069,0.49547,0.50717,-0.48072,0.51595,365.55904
0.07730,0.09524,0.14069,0.49547,0.50717,-0.48072,0.51595,365.76215
0.07729,0.09546,0.14069,0.49547,0.50717,-0.48072,0.51595,365.98794
0.07728,0.09569,0.14069,0.49547,0.50717,-0.48072,0.51595,366.23519
0.07726,0.09595,0.14069,0.49547,0.50717,-0.48072,0.51595,366.50254
0.07725,0.09623,0.14069,0.49547,0.50717,-0.48072,0.51595,366.78853
0.07724,0.09652,0.14069,0.49547,0.50717,-0.48072,0.51595,367.09159
0.07722,0.09683,0.14070,0.49547,0.50717,-0.48072,0.51595,367.41004
0.07721,0.09716,0.14070,0.49547,0.50717,-0.48072,0.51595,367.74214
0.07719,0.09750,0.14070,0.49547,0.50717,-0.48072,0.51595,368.08604
0.07717,0.09785,0.14070,0.49547,0.50717,-0.48072,0.51595,368.43984
0.07716,0.09821,0.14070,0.49547,0.50717,-0.48072,0.51595,368.80158
0.07714,0.09857,0.14071,0.49547,0.50717,-0.48072,0.51595,369.16924
0.07712,0.09894,0.14071,0.49547,0.50717,-0.48072,0.51595,369.54078
0.07711,0.09931,0.14071,0.49547,0.50717,-0.48072,0.51595,369.91413
0.07709,0.09968,0.14071,0.49547,0.50717,-0.48072,0.51595,370.28721
0.07707,0.10005,0.14071,0.49547,0.50717,-0.48072,0.51595,370.65791
0.07705,0.10042,0.14072,0.49547,0.50717,-0.48072,0.51595,371.02418
0.07704,0.10078,0.14072,0.49547,0.50717,-0.48072,0.51595,371.38396
0.07702,0.10114,0.14072,0.49547,0.50717,-0.48072,0.51595,371.73521
0.07700,0.10149,0.14072,0.49547,0.50717,-0.48072,0.51595,372.07597
0.07699,0.10182,0.14072,0.49547,0.50717,-0.48072,0.51595,372.40431
0.07697,0.10214,0.14073,0.49547,0.50717,-0.48072,0.51595,372.71837
0.07696,0.10245,0.14073,0.49547,0.50717,-0.48072,0.51595,373.01639
0.07694,0.10274,0.14073,0.49547,0.50717,-0.48072,0.51595,373.29666
0.07693,0.10301,0.14073,0.49547,0.50717,-0.48072,0.51595,373.55759
0.07692,0.10326,0.14073,0.49547,0.50717,-0.48072,0.51595,373.79771
0.07691,0.10349,0.14073,0.49547,0.50717,-0.48072,0.51595,374.01563
0.07690,0.10370,0.14073,0.49547,0.50717,-0.48072,0.51595,374.21010
0.07689,0.10388,0.14073,0.49547,0.50717,-0.48072,0.51595,374.38001
0.07688,0.10404,0.14074,0.49547,0.50717,-0.48072,0.51595,374.52438
0.07688,0.10417,0.14074,0.49547,0.50717,-0.48072,0.51595,374.64236
0.07687,0.10427,0.14074,0.49547,0.50717,-0.48072,0.51595,374.73326
0.07687,0.10435,0.14074,0.49547,0.50717,-0.48072,0.51595,374.79655
0.07687,0.10440,0.14074,0.49547,0.50717,-0.48072,0.51595,374.83183
0.07687,0.10442,0.14074,0.49547,0.50717,-0.48072,0.51595,374.83889
0.07687,0.10441,0.14074,0.49547,0.50717,-0.48072,0.51595,374.86012
0.07687,0.10438,0.14074,0.49547,0.50717,-0.48072,0.51595,374.90956
0.07687,0.10431,0.14074,0.49547,0.50717,-0.48072,0.51595,374.98694
0.07687,0.10422,0.14074,0.49547,0.50717,-0.48072,0.51595,375.09186
0.07688,0.10410,0.14074,0.49547,0.50717,-0.48072,0.51595,375.22374
0.07689,0.10396,0.14074,0.49547,0.50717,-0.48072,0.51595,375.38187
0.07690,0.10379,0.14073,0.49547,0.50717,-0.48072,0.51595,375.56536
0.07690,0.10359,0.14073,0.49547,0.50717,-0.48072,0.51595,375.77319
0.07691,0.10337,0.14073,0.49547,0.50717,-0.48072,0.51595,376.00422
0.07693,0.10313,0.14073,0.49547,0.50717,-0.48072,0.51595,376.25713
0.07694,0.10287,0.14073,0.49547,0.50717,-0.48072,0.51595,376.53052
0.07695,0.10258,0.14073,0.49547,0.50717,-0.48072,0.51595,376.82283
0.07697,0.10228,0.14073,0.49547,0.50717,-0.48072,0.51595,377.13243
0.07698,0.10196,0.14072,0.49547,0.50717,-0.48072,0.51595,377.45756
0.07700,0.10163,0.14072,0.49547,0.50717,-0.48072,0.51595,377.79637
0.07701,0.10129,0.14072,0.49547,0.50717,-0.48072,0.51595,378.14694
0.07703,0.10093,0.14072,0.49547,0.50717,-0.48072,0.51595,378.50728
0.07705,0.10056,0.14072,0.49547,0.50717,-0.48072,0.51595,378.87533
0.07706,0.10019,0.14071,0.49547,0.50717,-0.48072,0.51595,379.24899
0.07708,0.09982,0.14071,0.49547,0.50717,-0.48072,0.51595,379.62613
0.07710,0.09944,0.14071,0.49547,0.50717,-0.48072,0.51595,380.00458
0.07712,0.09907,0.14071,0.49547,0.50717,-0.48072,0.51595,380.38217
0.07714,0.09869,0.14071,0.49547,0.50717,-0.48072,0.51595,380.75673
0.07715,0.09832,0.14070,0.49547,0.50717,-0.48072,0.51595,381.12611
0.07717,0.09796,0.14070,0.49547,0.50717,-0.48072,0.51595,381.48818
0.07719,0.09760,0.14070,0.49547,0.50717,-0.48072,0.51595,381.84084
0.07720,0.09725,0.14070,0.49547,0.50717,-0.48072,0.51595,382.18207
0.07722,0.09691,0.14070,0.49547,0.50717,-0.48072,0.51595,382.50987
0.07723,0.09659,0.14070,0.49547,0.50717,-0.48072,0.51595,382.82235
0.07725,0.09629,0.14069,0.49547,0.50717,-0.48072,0.51595,383.11769
0.07726,0.09600,0.14069,0.49547,0.50717,-0.48072,0.51595,383.39418
0.07727,0.09574,0.14069,0.49547,0.50717,-0.48072,0.51595,383.65018
0.07729,0.09549,0.14069,0.49547,0.50717,-0.48072,0.51595,383.88422
0.07730,0.09527,0.14069,0.49547,0.50717,-0.48072,0.51595,384.09490
0.07731,0.09507,0.14069,0.49547,0.50717,-0.48072,0.51595,384.28100
0.07731,0.09490,0.14069,0.49547,0.50717,-0.48072,0.51595,384.44140
0.07732,0.09475,0.14069,0.49547,0.50717,-0.48072,0.51595,384.57516
0.07733,0.09463,0.14068,0.49547,0.50717,-0.48072,0.51595,384.68148
0.07733,0.09454,0.14068,0.49547,0.50717,-0.48072,0.51595,384.75971
0.07733,0.09447,0.14068,0.49547,0.50717,-0.48072,0.51595,384.80937
0.07733,0.09444,0.14068,0.49547,0.50717,-0.48072,0.51595,384.83015
0.07734,0.09443,0.14068,0.49547,0.50717,-0.48072,0.51595,384.83840
0.07733,0.09445,0.14068,0.49547,0.50717,-0.48072,0.51595,384.87566
0.07733,0.09451,0.14068,0.49547,0.50717,-0.48072,0.51595,384.94175
0.07733,0.09459,0.14068,0.49547,0.50717,-0.48072,0.51595,385.03629
0.07732,0.09469,0.14068,0.49547,0.50717,-0.48072,0.51595,385.15877
0.07732,0.09483,0.14069,0.49547,0.50717,-0.48072,0.51595,385.30851
0.07731,0.09499,0.14069,0.49547,0.50717,-0.48072,0.51595,385.48464
0.07730,0.09518,0.14069,0.49547,0.50717,-0.48072,0.51595,385.68618
0.07729,0.09540,0.14069,0.49547,0.50717,-0.48072,0.51595,385.91196
0.07728,0.09563,0.14069,0.49547,0.50717,-0.48072,0.51595,386.16068
0.07727,0.09589,0.14069,0.49547,0.50717,-0.48072,0.51595,386.43092
0.07725,0.09618,0.14069,0.49547,0.50717,-0.48072,0.51595,386.72112
0.07724,0.09648,0.14069,0.49547,0.50717,-0.48072,0.51595,387.02958
0.07722,0.09679,0.14070,0.49547,0.50717,-0.48072,0.51595,387.35453
0.07721,0.09713,0.14070,0.49547,0.50717,-0.48072,0.51595,387.69407
0.07719,0.09747,0.14070,0.49547,0.50717,-0.48072,0.51595,388.04622
0.07718,0.09783,0.14070,0.49547,0.50717,-0.48072,0.51595,388.40893
0.07716,0.09820,0.14070,0.49547,0.50717,-0.48072,0.51595,388.78008
0.07714,0.09857,0.14071,0.49547,0.50717,-0.48072,0.51595,389.15748
0.07712,0.09895,0.14071,0.49547,0.50717,-0.48072,0.51595,389.53894
0.07711,0.09933,0.14071,0.49547,0.50717,-0.48072,0.51595,389.92220
0.07709,0.09971,0.14071,0.49547,0.50717,-0.48072,0.51595,390.30501
0.07707,0.10009,0.14071,0.49547,0.50717,-0.48072,0.51595,390.68512
0.07705,0.10047,0.14072,0.49547,0.50717,-0.48072,0.51595,391.06028
0.07703,0.10084,0.14072,0.49547,0.50717,-0.48072,0.51595,391.42827
0.07702,0.10120,0.14072,0.49547,0.50717,-0.48072,0.51595,391.78691
0.07700,0.10156,0.14072,0.49547,0.50717,-0.48072,0.51595,392.13408
0.07698,0.10190,0.14072,0.49547,0.50717,-0.48072,0.51595,392.46772
0.07697,0.10223,0.14073,0.49547,0.50717,-0.48072,0.51595,392.78583
0.07695,0.10253,0.14073,0.49547,0.50717,-0.48072,0.51595,393.08652
0.07694,0.10283,0.14073,0.49547,0.50717,-0.48072,0.51595,393.36799
0.07693,0.10310,0.14073,0.49547,0.50717,-0.48072,0.51595,393.62856
0.07692,0.10335,0.14073,0.49547,0.50717,-0.48072,0.51595,393.86666
0.07691,0.10357,0.14073,0.49547,0.50717,-0.48072,0.51595,394.08086
0.07690,0.10378,0.14073,0.49547,0.50717,-0.48072,0.51595,394.26987
0.07689,0.10395,0.14074,0.49547,0.50717,-0.48072,0.51595,394.43253
0.07688,0.10410,0.14074,0.49547,0.50717,-0.48072,0.51595,394.56786
0.07687,0.10422,0.14074,0.49547,0.50717,-0.48072,0.51595,394.67503
0.07687,0.10432,0.14074,0.49547,0.50717,-0.48072,0.51595,394.75337
0.07687,0.10438,0.14074,0.49547,0.50717,-0.48072,0.51595,394.80239
0.07687,0.10441,0.14074,0.49547,0.50717,-0.48072,0.51595,394.82177
0.07687,0.10442,0.14074,0.49547,0.50717,-0.48072,0.51595,394.83217
0.07687,0.10439,0.14074,0.49547,0.50717,-0.48072,0.51595,394.87232
0.07687,0.10434,0.14074,0.49547,0.50717,-0.48072,0.51595,394.94201
0.07687,0.10425,0.14074,0.49547,0.50717,-0.48072,0.51595,395.04084
0.07688,0.10414,0.14074,0.49547,0.50717,-0.48072,0.51595,395.16826
0.07689,0.10400,0.14074,0.49547,0.50717,-0.48072,0.51595,395.32352
0.07689,0.10383,0.14073,0.49547,0.50717,-0.48072,0.51595,395.50573
0.07690,0.10363,0.14073,0.49547,0.50717,-0.48072,0.51595,395.71382
0.07691,0.10341,0.14073,0.49547,0.50717,-0.48072,0.51595,395.94656
0.07692,0.10317,0.14073,0.49547,0.50717,-0.48072,0.51595,396.20258
0.07694,0.10290,0.14073,0.49547,0.50717,-0.48072,0.51595,396.48037
0.07695,0.10261,0.14073,0.49547,0.50717,-0.48072,0.51595,396.77828
0.07696,0.10231,0.14073,0.49547,0.50717,-0.48072,0.51595,397.09454
0.07698,0.10198,0.14072,0.49547,0.50717,-0.48072,0.51595,397.42727
0.07700,0.10164,0.14072,0.49547,0.50717,-0.48072,0.51595,397.77447
0.07701,0.10129,0.14072,0.49547,0.50717,-0.48072,0.51595,398.13407
0.07703,0.10092,0.14072,0.49547,0.50717,-0.48072,0.51595,398.50393
0.07705,0.10055,0.14072,0.49547,0.50717,-0.48072,0.51595,398.88181
0.07707,0.10017,0.14071,0.49547,0.50717,-0.48072,0.51595,399.26545
0.07708,0.09978,0.14071,0.49547,0.50717,-0.48072,0.51595,399.65254
0.07710,0.09939,0.14071,0.49547,0.50717,-0.48072,0.51595,400.04074
0.07712,0.09901,0.14071,0.49547,0.50717,-0.48072,0.51595,400.42772
0.07714,0.09863,0.14071,0.49547,0.50717,-0.48072,0.51595,400.81113
0.07716,0.09825,0.14070,0.49547,0.50717,-0.48072,0.51595,401.18864
0.07717,0.09787,0.14070,0.49547,0.50717,-0.48072,0.51595,401.55798
0.07719,0.09751,0.14070,0.49547,0.50717,-0.48072,0.51595,401.91689
0.07721,0.09715,0.14070,0.49547,0.50717,-0.48072,0.51595,402.26319
0.07722,0.09681,0.14070,0.49547,0.50717,-0.48072,0.51595,402.59478
0.07724,0.09649,0.14069,0.49547,0.50717,-0.48072,0.51595,402.90961
0.07725,0.09619,0.14069,0.49547,0.50717,-0.48072,0.51595,403.20578
0.07727,0.09590,0.14069,0.49547,0.50717,-0.48072,0.51595,403.48146
0.07728,0.09563,0.14069,0.49547,0.50717,-0.48072,0.51595,403.73495
0.07729,0.09539,0.14069,0.49547,0.50717,-0.48072,0.51595,403.96471
0.07730,0.09517,0.14069,0.49547,0.50717,-0.48072,0.51595,404.16929
0.07731,0.09498,0.14069,0.49547,0.50717,-0.48072,0.51595,404.34745
0.07732,0.09482,0.14069,0.49547,0.50717,-0.48072,0.51595,404.49806
0.07732,0.09468,0.14068,0.49547,0.50717,-0.48072,0.51595,404.62019
0.07733,0.09457,0.14068,0.49547,0.50717,-0.48072,0.51595,404.71306
0.07733,0.09450,0.14068,0.49547,0.50717,-0.48072,0.51595,404.77608
0.07733,0.09445,0.14068,0.49547,0.50717,-0.48072,0.51595,404.80884
0.07734,0.09443,0.14068,0.49547,0.50717,-0.48072,0.51595,404.81111
0.07733,0.09444,0.14068,0.49547,0.50717,-0.48072,0.51595,404.83938
0.07733,0.09449,0.14068,0.49547,0.50717,-0.48072,0.51595,404.89803
0.07733,0.09456,0.14068,0.49547,0.50717,-0.48072,0.51595,404.98673
0.07732,0.09466,0.14068,0.49547,0.50717,-0.48072,0.51595,405.10498
0.07732,0.09480,0.14069,0.49547,0.50717,-0.48072,0.51595,405.25207
0.07731,0.09496,0.14069,0.49547,0.50717,-0.48072,0.51595,405.42712
0.07730,0.09515,0.14069,0.49547,0.50717,-0.48072,0.51595,405.62909
0.07729,0.09536,0.14069,0.49547,0.50717,-0.48072,0.51595,405.85676
0.07728,0.09560,0.14069,0.49547,0.50717,-0.48072,0.51595,406.10876
0.07727,0.09587,0.14069,0.49547,0.50717,-0.48072,0.51595,406.38356
0.07725,0.09615,0.14069,0.49547,0.50717,-0.48072,0.51595,406.67949
0.07724,0.09646,0.14069,0.49547,0.50717,-0.48072,0.51595,406.99474
0.07723,0.09678,0.14070,0.49547,0.50717,-0.48072,0.51595,407.32739
0.07721,0.09712,0.14070,0.49547,0.50717,-0.48072,0.51595,407.67542
0.07719,0.09748,0.14070,0.49547,0.50717,-0.48072,0.51595,408.03667
0.07717,0.09785,0.14070,0.49547,0.50717,-0.48072,0.51595,408.40895
0.07716,0.09822,0.14070,0.49547,0.50717,-0.48072,0.51595,408.78995
0.07714,0.09861,0.14071,0.49547,0.50717,-0.48072,0.51595,409.17734
0.07712,0.09900,0.14071,0.49547,0.50717,-0.48072,0.51595,409.56873
0.07710,0.09939,0.14071,0.49547,0.50717,-0.48072,0.51595,409.96169
0.07708,0.09977,0.14071,0.49547,0.50717,-0.48072,0.51595,410.35379
0.07707,0.10016,0.14071,0.49547,0.50717,-0.48072,0.51595,410.74261
0.07705,0.10055,0.14072,0.49547,0.50717,-0.48072,0.51595,411.12574
0.07703,0.10093,0.14072,0.49547,0.50717,-0.48072,0.51595,411.50079
0.07701,0.10130,0.14072,0.49547,0.50717,-0.48072,0.51595,411.86543
0.07700,0.10166,0.14072,0.49547,0.50717,-0.48072,0.51595,412.21738
0.07698,0.10201,0.14072,0.49547,0.50717,-0.48072,0.51595,412.55445
0.07696,0.10233,0.14073,0.49547,0.50717,-0.48072,0.51595,412.87453
0.07695,0.10265,0.14073,0.49547,0.50717,-0.48072,0.51595,413.17561
0.07694,0.10294,0.14073,0.49547,0.50717,-0.48072,0.51595,413.45581
0.07692,0.10321,0.14073,0.49547,0.50717,-0.48072,0.51595,413.71335
0.07691,0.10345,0.14073,0.49547,0.50717,-0.48072,0.51595,413.94661
0.07690,0.10367,0.14073,0.49547,0.50717,-0.48072,0.51595,414.15412
0.07689,0.10387,0.14073,0.49547,0.50717,-0.48072,0.51595,414.33456
0.07688,0.10403,0.14074,0.49547,0.50717,-0.48072,0.51595,414.48677
0.07688,0.10417,0.14074,0.49547,0.50717,-0.48072,0.51595,414.60979
0.07687,0.10428,0.14074,0.49547,0.50717,-0.48072,0.51595,414.70281
0.07687,0.10436,0.14074,0.49547,0.50717,-0.48072,0.51595,414.76522
0.07687,0.10440,0.14074,0.49547,0.50717,-0.48072,0.51595,414.79662
0.07687,0.10442,0.14074,0.49547,0.50717,-0.48072,0.51595,414.79677
0.07687,0.10440,0.14074,0.49547,0.50717,-0.48072,0.51595,414.82790
0.07687,0.10436,0.14074,0.49547,0.50717,-0.48072,0.51595,414.89013
0.07687,0.10428,0.14074,0.49547,0.50717,-0.48072,0.51595,414.98311
0.07688,0.10417,0.14074,0.49547,0.50717,-0.48072,0.51595,415.10628
0.07688,0.10403,0.14074,0.49547,0.50717,-0.48072,0.51595,415.25889
0.07689,0.10387,0.14073,0.49547,0.50717,-0.48072,0.51595,415.44002
0.07690,0.10367,0.14073,0.49547,0.50717,-0.48072,0.51595,415.64854
0.07691,0.10345,0.14073,0.49547,0.50717,-0.48072,0.51595,415.88317
0.07692,0.10320,0.14073,0.49547,0.50717,-0.48072,0.51595,416.14247
0.07694,0.10293,0.14073,0.49547,0.50717,-0.48072,0.51595,416.42480
0.07695,0.10264,0.14073,0.49547,0.50717,-0.48072,0.51595,416.72843
0.07696,0.10232,0.14073,0.49547,0.50717,-0.48072,0.51595,417.05145
0.07698,0.10199,0.14072,0.49547,0.50717,-0.48072,0.51595,417.39184
0.07700,0.10164,0.14072,0.49547,0.50717,-0.48072,0.51595,417.74747
0.07701,0.10128,0.14072,0.49547,0.50717,-0.48072,0.51595,418.11610
0.07703,0.10091,0.14072,0.49547,0.50717,-0.48072,0.51595,418.49541
0.07705,0.10052,0.14072,0.49547,0.50717,-0.48072,0.51595,418.88303
0.07707,0.10013,0.14071,0.49547,0.50717,-0.48072,0.51595,419.27649
0.07709,0.09973,0.14071,0.49547,0.50717,-0.48072,0.51595,419.67331
0.07710,0.09935,0.14071,0.49547,0.50717,-0.48072,0.51595,420.07099
0.07712,0.09895,0.14071,0.49547,0.50717,-0.48072,0.51595,420.46700
0.07714,0.09855,0.14071,0.49547,0.50717,-0.48072,0.51595,420.85882
0.07716,0.09817,0.14070,0.49547,0.50717,-0.48072,0.51595,421.24397
0.07718,0.09778,0.14070,0.49547,0.50717,-0.48072,0.51595,421.62000
0.07720,0.09741,0.14070,0.49547,0.50717,-0.48072,0.51595,421.98449
0.07721,0.09706,0.14070,0.49547,0.50717,-0.48072,0.51595,422.33514
0.07723,0.09671,0.14070,0.49547,0.50717,-0.48072,0.51595,422.66968
0.07724,0.09639,0.14069,0.49547,0.50717,-0.48072,0.51595,422.98599
0.07726,0.09608,0.14069,0.49547,0.50717,-0.48072,0.51595,423.28202
0.07727,0.09579,0.14069,0.49547,0.50717,-0.48072,0.51595,423.55587
0.07728,0.09553,0.14069,0.49547,0.50717,-0.48072,0.51595,423.80578
0.07730,0.09529,0.14069,0.49547,0.50717,-0.48072,0.51595,424.03012
0.07730,0.09508,0.14069,0.49547,0.50717,-0.48072,0.51595,424.22745
0.07731,0.09490,0.14069,0.49547,0.50717,-0.48072,0.51595,424.39647
0.07732,0.09475,0.14069,0.49547,0.50717,-0.48072,0.51595,424.53609
0.07733,0.09462,0.14068,0.49547,0.50717,-0.48072,0.51595,424.64537
0.07733,0.09453,0.14068,0.49547,0.50717,-0.48072,0.51595,424.72360
0.07733,0.09446,0.14068,0.49547,0.50717,-0.48072,0.51595,424.77025
0.07734,0.09443,0.14068,0.49547,0.50717,-0.48072,0.51595,424.78498
0.07734,0.09443,0.14068,0.49547,0.50717,-0.48072,0.51595,424.80228
0.07733,0.09447,0.14068,0.49547,0.50717,-0.48072,0.51595,424.85153
0.07733,0.09453,0.14068,0.49547,0.50717,-0.48072,0.51595,424.93245
0.07733,0.09463,0.14068,0.49547,0.50717,-0.48072,0.51595,425.04454
0.07732,0.09476,0.14069,0.49547,0.50717,-0.48072,0.51595,425.18711
0.07731,0.09491,0.14069,0.49547,0.50717,-0.48072,0.51595,425.35926
0.07730,0.09510,0.14069,0.49547,0.50717,-0.48072,0.51595,425.55993
0.07729,0.09532,0.14069,0.49547,0.50717,-0.48072,0.51595,425.78784
0.07728,0.09556,0.14069,0.49547,0.50717,-0.48072,0.51595,426.04154
0.07727,0.09582,0.14069,0.49547,0.50717,-0.48072,0.51595,426.31943
0.07726,0.09611,0.14069,0.49547,0.50717,-0.48072,0.51595,426.61974
0.07724,0.09642,0.14069,0.49547,0.50717,-0.48072,0.51595,426.94053
0.07723,0.09675,0.14070,0.49547,0.50717,-0.48072,0.51595,427.27977
0.07721,0.09710,0.14070,0.49547,0.50717,-0.48072,0.51595,427.63527
0.07719,0.09747,0.14070,0.49547,0.50717,-0.48072,0.51595,428.00475
0.07718,0.09784,0.14070,0.49547,0.50717,-0.48072,0.51595,428.38584
0.07716,0.09823,0.14070,0.49547,0.50717,-0.48072,0.51595,428.77607
0.07714,0.09862,0.14071,0.49547,0.50717,-0.48072,0.51595,429.17292
0.07712,0.09902,0.14071,0.49547,0.50717,-0.48072,0.51595,429.57383
0.07710,0.09941,0.14071,0.49547,0.50717,-0.48072,0.51595,429.97620
0.07708,0.09982,0.14071,0.49547,0.50717,-0.48072,0.51595,430.37743
0.07706,0.10022,0.14071,0.49547,0.50717,-0.48072,0.51595,430.77490
0.07704,0.10061,0.14072,0.49547,0.50717,-0.48072,0.51595,431.16602
0.07703,0.10100,0.14072,0.49547,0.50717,-0.48072,0.51595,431.54826
0.07701,0.10138,0.14072,0.49547,0.50717,-0.48072,0.51595,431.91912
0.07699,0.10174,0.14072,0.49547,0.50717,-0.48072,0.51595,432.27617
0.07698,0.10209,0.14073,0.49547,0.50717,-0.48072,0.51595,432.61707
0.07696,0.10242,0.14073,0.49547,0.50717,-0.48072,0.51595,432.93959
0.07694,0.10274,0.14073,0.49547,0.50717,-0.48072,0.51595,433.24161
0.07693,0.10303,0.14073,0.49547,0.50717,-0.48072,0.51595,433.52114
0.07692,0.10329,0.14073,0.49547,0.50717,-0.48072,0.51595,433.77634
0.07691,0.10354,0.14073,0.49547,0.50717,-0.48072,0.51595,434.00551
0.07690,0.10375,0.14073,0.49547,0.50717,-0.48072,0.51595,434.20714
0.07689,0.10394,0.14074,0.49547,0.50717,-0.48072,0.51595,434.37989
0.07688,0.10410,0.14074,0.49547,0.50717,-0.48072,0.51595,434.52259
0.07687,0.10423,0.14074,0.49547,0.50717,-0.48072,0.51595,434.63429
0.07687,0.10432,0.14074,0.49547,0.50717,-0.48072,0.51595,434.71423
0.07687,0.10439,0.14074,0.49547,0.50717,-0.48072,0.51595,434.76185
0.07687,0.10442,0.14074,0.49547,0.50717,-0.48072,0.51595,434.77682
0.07687,0.10442,0.14074,0.49547,0.50717,-0.48072,0.51595,434.79463
0.07687,0.10438,0.14074,0.49547,0.50717,-0.48072,0.51595,434.84514
0.07687,0.10431,0.14074,0.49547,0.50717,-0.48072,0.51595,434.92804
0.07687,0.10422,0.14074,0.49547,0.50717,-0.48072,0.51595,435.04282
0.07688,0.10408,0.14074,0.49547,0.50717,-0.48072,0.51595,435.18874
0.07689,0.10392,0.14073,0.49547,0.50717,-0.48072,0.51595,435.36488
0.07690,0.10373,0.14073,0.49547,0.50717,-0.48072,0.51595,435.57010
0.07691,0.10351,0.14073,0.49547,0.50717,-0.48072,0.51595,435.80308
0.07692,0.10327,0.14073,0.49547,0.50717,-0.48072,0.51595,436.06230
0.07693,0.10299,0.14073,0.49547,0.50717,-0.48072,0.51595,436.34607
0.07695,0.10270,0.14073,0.49547,0.50717,-0.48072,0.51595,436.65255
0.07696,0.10238,0.14073,0.49547,0.50717,-0.48072,0.51595,436.97973
0.07698,0.10204,0.14072,0.49547,0.50717,-0.48072,0.51595,437.32546
0.07699,0.10169,0.14072,0.49547,0.50717,-0.48072,0.51595,437.68747
0.07701,0.10132,0.14072,0.49547,0.50717,-0.48072,0.51595,438.06339
0.07703,0.10094,0.14072,0.49547,0.50717,-0.48072,0.51595,438.45074
0.07705,0.10055,0.14072,0.49547,0.50717,-0.48072,0.51595,438.84696
0.07707,0.10015,0.14071,0.49547,0.50717,-0.48072,0.51595,439.24942
0.07709,0.09974,0.14071,0.49547,0.50717,-0.48072,0.51595,439.65548
0.07710,0.09934,0.14071,0.49547,0.50717,-0.48072,0.51595,440.06243
0.07712,0.09894,0.14071,0.49547,0.50717,-0.48072,0.51595,440.46758
0.07714,0.09853,0.14071,0.49547,0.50717,-0.48072,0.51595,440.86823
0.07716,0.09814,0.14070,0.49547,0.50717,-0.48072,0.51595,441.26171
0.07718,0.09775,0.14070,0.49547,0.50717,-0.48072,0.51595,441.64540
0.07720,0.09737,0.14070,0.49547,0.50717,-0.48072,0.51595,442.01674
0.07721,0.09700,0.14070,0.49547,0.50717,-0.48072,0.51595,442.37324
0.07723,0.09666,0.14070,0.49547,0.50717,-0.48072,0.51595,442.71252
0.07725,0.09633,0.14069,0.49547,0.50717,-0.48072,0.51595,443.03229
0.07726,0.09602,0.14069,0.49547,0.50717,-0.48072,0.51595,443.33041
0.07727,0.09573,0.14069,0.49547,0.50717,-0.48072,0.51595,443.60487
0.07729,0.09547,0.14069,0.49547,0.50717,-0.48072,0.51595,443.85381
0.07730,0.09523,0.14069,0.49547,0.50717,-0.48072,0.51595,444.07554
0.07731,0.09502,0.14069,0.49547,0.50717,-0.48072,0.51595,444.26857
0.07732,0.09484,0.14069,0.49547,0.50717,-0.48072,0.51595,444.43158
0.07732,0.09470,0.14068,0.49547,0.50717,-0.48072,0.51595,444.56344
0.07733,0.09458,0.14068,0.49547,0.50717,-0.48072,0.51595,444.66324
0.07733,0.09450,0.14068,0.49547,0.50717,-0.48072,0.51595,444.73030
0.07733,0.09445,0.14068,0.49547,0.50717,-0.48072,0.51595,444.76412
0.07734,0.09443,0.14068,0.49547,0.50717,-0.48072,0.51595,444.76446
0.07733,0.09445,0.14068,0.49547,0.50717,-0.48072,0.51595,444.79764
0.07733,0.09450,0.14068,0.49547,0.50717,-0.48072,0.51595,444.86414
0.07733,0.09458,0.14068,0.49547,0.50717,-0.48072,0.51595,444.96354
0.07732,0.09470,0.14068,0.49547,0.50717,-0.48072,0.51595,445.09521
0.07732,0.09484,0.14069,0.49547,0.50717,-0.48072,0.51595,445.25829
0.07731,0.09502,0.14069,0.49547,0.50717,-0.48072,0.51595,445.45170
0.07730,0.09523,0.14069,0.49547,0.50717,-0.48072,0.51595,445.67418
0.07729,0.09547,0.14069,0.49547,0.50717,-0.48072,0.51595,445.92423
0.07727,0.09573,0.14069,0.49547,0.50717,-0.48072,0.51595,446.20021
0.07726,0.09602,0.14069,0.49547,0.50717,-0.48072,0.51595,446.50027
0.07725,0.09633,0.14069,0.49547,0.50717,-0.48072,0.51595,446.82241
0.07723,0.09666,0.14070,0.49547,0.50717,-0.48072,0.51595,447.16447
0.07721,0.09701,0.14070,0.49547,0.50717,-0.48072,0.51595,447.52415
0.07720,0.09738,0.14070,0.49547,0.50717,-0.48072,0.51595,447.89903
0.07718,0.09776,0.14070,0.49547,0.50717,-0.48072,0.51595,448.28659
0.07716,0.09816,0.14070,0.49547,0.50717,-0.48072,0.51595,448.68422
0.07714,0.09856,0.14071,0.49547,0.50717,-0.48072,0.51595,449.08923
0.07712,0.09897,0.14071,0.49547,0.50717,-0.48072,0.51595,449.49888
0.07710,0.09938,0.14071,0.49547,0.50717,-0.48072,0.51595,449.91039
0.07708,0.09978,0.14071,0.49547,0.50717,-0.48072,0.51595,450.32098
0.07706,0.10019,0.14071,0.49547,0.50717,-0.48072,0.51595,450.72784
0.07705,0.10059,0.14072,0.49547,0.50717,-0.48072,0.51595,451.12822
0.07703,0.10099,0.14072,0.49547,0.50717,-0.48072,0.51595,451.51939
0.07701,0.10138,0.14072,0.49547,0.50717,-0.48072,0.51595,451.89867
0.07699,0.10175,0.14072,0.49547,0.50717,-0.48072,0.51595,452.26347
0.07697,0.10211,0.14073,0.49547,0.50717,-0.48072,0.51595,452.61130
0.07696,0.10244,0.14073,0.49547,0.50717,-0.48072,0.51595,452.93976
0.07694,0.10276,0.14073,0.49547,0.50717,-0.48072,0.51595,453.24661
0.07693,0.10306,0.14073,0.49547,0.50717,-0.48072,0.51595,453.52973
0.07692,0.10333,0.14073,0.49547,0.50717,-0.48072,0.51595,453.78716
0.07691,0.10357,0.14073,0.49547,0.50717,-0.48072,0.51595,454.01712
0.07690,0.10379,0.14073,0.49547,0.50717,-0.48072,0.51595,454.21803
0.07689,0.10397,0.14074,0.49547,0.50717,-0.48072,0.51595,454.38847
0.07688,0.10413,0.14074,0.49547,0.50717,-0.48072,0.51595,454.52725
0.07687,0.10425,0.14074,0.49547,0.50717,-0.48072,0.51595,454.63341
0.07687,0.10434,0.14074,0.49547,0.50717,-0.48072,0.51595,454.70618
0.07687,0.10440,0.14074,0.49547,0.50717,-0.48072,0.51595,454.74503
0.07687,0.10442,0.14074,0.49547,0.50717,-0.48072,0.51595,454.74967
0.07687,0.10441,0.14074,0.49547,0.50717,-0.48072,0.51595,454.77930
0.07687,0.10436,0.14074,0.49547,0.50717,-0.48072,0.51595,454.84303
0.07687,0.10428,0.14074,0.49547,0.50717,-0.48072,0.51595,454.94045
0.07688,0.10417,0.14074,0.49547,0.50717,-0.48072,0.51595,455.07092
0.07688,0.10402,0.14074,0.49547,0.50717,-0.48072,0.51595,455.23357
0.07689,0.10384,0.14073,0.49547,0.50717,-0.48072,0.51595,455.42731
0.07690,0.10363,0.14073,0.49547,0.50717,-0.48072,0.51595,455.65083
0.07691,0.10339,0.14073,0.49547,0.50717,-0.48072,0.51595,455.90261
0.07693,0.10313,0.14073,0.49547,0.50717,-0.48072,0.51595,456.18095
0.07694,0.10284,0.14073,0.49547,0.50717,-0.48072,0.51595,456.48394
0.07695,0.10252,0.14073,0.49547,0.50717,-0.48072,0.51595,456.80952
0.07697,0.10219,0.14073,0.49547,0.50717,-0.48072,0.51595,457.15546
0.07699,0.10183,0.14072,0.49547,0.50717,-0.48072,0.51595,457.51938
0.07700,0.10146,0.14072,0.49547,0.50717,-0.48072,0.51595,457.89878
0.07702,0.10107,0.14072,0.49547,0.50717,-0.48072,0.51595,458.29105
0.07704,0.10067,0.14072,0.49547,0.50717,-0.48072,0.51595,458.69349
0.07706,0.10027,0.14072,0.49547,0.50717,-0.48072,0.51595,459.10331
0.07708,0.09985,0.14071,0.49547,0.50717,-0.48072,0.51595,459.51768
0.07710,0.09944,0.14071,0.49547,0.50717,-0.48072,0.51595,459.93373
0.07712,0.09903,0.14071,0.49547,0.50717,-0.48072,0.51595,460.34858
0.07714,0.09862,0.14071,0.49547,0.50717,-0.48072,0.51595,460.75934
0.07716,0.09821,0.14070,0.49547,0.50717,-0.48072,0.51595,461.16316
0.07718,0.09781,0.14070,0.49547,0.50717,-0.48072,0.51595,461.55723
0.07719,0.09742,0.14070,0.49547,0.50717,-0.48072,0.51595,461.93879
0.07721,0.09705,0.14070,0.49547,0.50717,-0.48072,0.51595,462.30518
0.07723,0.09669,0.14070,0.49547,0.50717,-0.48072,0.51595,462.65383
0.07725,0.09635,0.14069,0.49547,0.50717,-0.48072,0.51595,462.98230
0.07726,0.09603,0.14069,0.49547,0.50717,-0.48072,0.51595,463.28829
0.07727,0.09574,0.14069,0.49547,0.50717,-0.48072,0.51595,463.56963
0.07729,0.09547,0.14069,0.49547,0.50717,-0.48072,0.51595,463.82435
0.07730,0.09523,0.14069,0.49547,0.50717,-0.48072,0.51595,464.05065
0.07731,0.09502,0.14069,0.49547,0.50717,-0.48072,0.51595,464.24691
0.07732,0.09484,0.14069,0.49547,0.50717,-0.48072,0.51595,464.41174
0.07732,0.09469,0.14068,0.49547,0.50717,-0.48072,0.51595,464.54396
0.07733,0.09457,0.14068,0.49547,0.50717,-0.48072,0.51595,464.64262
0.07733,0.09449,0.14068,0.49547,0.50717,-0.48072,0.51595,464.70700
0.07733,0.09444,0.14068,0.49547,0.50717,-0.48072,0.51595,464.73661
0.07734,0.09443,0.14068,0.49547,0.50717,-0.48072,0.51595,464.74200
0.07733,0.09445,0.14068,0.49547,0.50717,-0.48072,0.51595,464.78238
0.07733,0.09451,0.14068,0.49547,0.50717,-0.48072,0.51595,464.85750
0.07733,0.09460,0.14068,0.49547,0.50717,-0.48072,0.51595,464.96686
0.07732,0.09473,0.14069,0.49547,0.50717,-0.48072,0.51595,465.10972
0.07731,0.09489,0.14069,0.49547,0.50717,-0.48072,0.51595,465.28510
0.07730,0.09508,0.14069,0.49547,0.50717,-0.48072,0.51595,465.49181
0.07729,0.09530,0.14069,0.49547,0.50717,-0.48072,0.51595,465.72840
0.07728,0.09555,0.14069,0.49547,0.50717,-0.48072,0.51595,465.99325
0.07727,0.09583,0.14069,0.49547,0.50717,-0.48072,0.51595,466.28451
0.07726,0.09614,0.14069,0.49547,0.50717,-0.48072,0.51595,466.60014
0.07724,0.09646,0.14069,0.49547,0.50717,-0.48072,0.51595,466.93794
0.07722,0.09681,0.14070,0.49547,0.50717,-0.48072,0.51595,467.29555
0.07721,0.09718,0.14070,0.49547,0.50717,-0.48072,0.51595,467.67045
0.07719,0.09756,0.14070,0.49547,0.50717,-0.48072,0.51595,468.06002
0.07717,0.09796,0.14070,0.49547,0.50717,-0.48072,0.51595,468.46150
0.07715,0.09836,0.14070,0.49547,0.50717,-0.48072,0.51595,468.87207
0.07713,0.09878,0.14071,0.49547,0.50717,-0.48072,0.51595,469.28884
0.07711,0.09920,0.14071,0.49547,0.50717,-0.48072,0.51595,469.70884
0.07709,0.09961,0.14071,0.49547,0.50717,-0.48072,0.51595,470.12912
0.07707,0.10003,0.14071,0.49547,0.50717,-0.48072,0.51595,470.54668
0.07705,0.10044,0.14072,0.49547,0.50717,-0.48072,0.51595,470.95857
0.07703,0.10085,0.14072,0.49547,0.50717,-0.48072,0.51595,471.36185
0.07701,0.10125,0.14072,0.49547,0.50717,-0.48072,0.51595,471.75366
0.07700,0.10164,0.14072,0.49547,0.50717,-0.48072,0.51595,472.13120
0.07698,0.10201,0.14072,0.49547,0.50717,-0.48072,0.51595,472.49177
0.07696,0.10236,0.14073,0.49547,0.50717,-0.48072,0.51595,472.83279
0.07695,0.10269,0.14073,0.49547,0.50717,-0.48072,0.51595,473.15181
0.07693,0.10300,0.14073,0.49547,0.50717,-0.48072,0.51595,473.44656
0.07692,0.10328,0.14073,0.49547,0.50717,-0.48072,0.51595,473.71490
0.07691,0.10353,0.14073,0.49547,0.50717,-0.48072,0.51595,473.95490
0.07690,0.10376,0.14073,0.49547,0.50717,-0.48072,0.51595,474.16482
0.07689,0.10395,0.14074,0.49547,0.50717,-0.48072,0.51595,474.34314
0.07688,0.10411,0.14074,0.49547,0.50717,-0.48072,0.51595,474.48856
0.07687,0.10424,0.14074,0.49547,0.50717,-0.48072,0.51595,474.60001
0.07687,0.10434,0.14074,0.49547,0.50717,-0.48072,0.51595,474.67667
0.07687,0.10440,0.14074,0.49547,0.50717,-0.48072,0.51595,474.71795
0.07687,0.10442,0.14074,0.49547,0.50717,-0.48072,0.51595,474.72354
0.07687,0.10441,0.14074,0.49547,0.50717,-0.48072,0.51595,474.75372
0.07687,0.10436,0.14074,0.49547,0.50717,-0.48072,0.51595,474.81949
0.07687,0.10428,0.14074,0.49547,0.50717,-0.48072,0.51595,474.92039
0.07688,0.10416,0.14074,0.49547,0.50717,-0.48072,0.51595,475.05575
0.07688,0.10401,0.14074,0.49547,0.50717,-0.48072,0.51595,475.22460
0.07689,0.10382,0.14073,0.49547,0.50717,-0.48072,0.51595,475.42578
0.07690,0.10360,0.14073,0.49547,0.50717,-0.48072,0.51595,475.65786
0.07692,0.10336,0.14073,0.49547,0.50717,-0.48072,0.51595,475.91919
0.07693,0.10308,0.14073,0.49547,0.50717,-0.48072,0.51595,476.20792
0.07694,0.10278,0.14073,0.49547,0.50717,-0.48072,0.51595,476.52200
0.07696,0.10245,0.14073,0.49547,0.50717,-0.48072,0.51595,476.85918
0.07697,0.10210,0.14073,0.49547,0.50717,-0.48072,0.51595,477.21706
0.07699,0.10174,0.14072,0.49547,0.50717,-0.48072,0.51595,477.59306
0.07701,0.10135,0.14072,0.49547,0.50717,-0.48072,0.51595,477.98450
0.07703,0.10095,0.14072,0.49547,0.50717,-0.48072,0.51595,478.38855
0.07705,0.10054,0.14072,0.49547,0.50717,-0.48072,0.51595,478.80231
0.07707,0.10013,0.14071,0.49547,0.50717,-0.48072,0.51595,479.22280
0.07709,0.09970,0.14071,0.49547,0.50717,-0.48072,0.51595,479.64698
0.07711,0.09929,0.14071,0.49547,0.50717,-0.48072,0.51595,480.07178
0.07713,0.09886,0.14071,0.49547,0.50717,-0.48072,0.51595,480.49414
0.07715,0.09844,0.14071,0.49547,0.50717,-0.48072,0.51595,480.91098
0.07717,0.09803,0.14070,0.49547,0.50717,-0.48072,0.51595,481.31928
0.07719,0.09763,0.14070,0.49547,0.50717,-0.48072,0.51595,481.71608
0.07720,0.09724,0.14070,0.49547,0.50717,-0.48072,0.51595,482.09847
0.07722,0.09686,0.14070,0.49547,0.50717,-0.48072,0.51595,482.46369
0.07724,0.09651,0.14069,0.49547,0.50717,-0.48072,0.51595,482.80905
0.07725,0.09617,0.14069,0.49547,0.50717,-0.48072,0.51595,483.13203
0.07727,0.09586,0.14069,0.49547,0.50717,-0.48072,0.51595,483.43026
0.07728,0.09557,0.14069,0.49547,0.50717,-0.48072,0.51595,483.70156
0.07729,0.09532,0.14069,0.49547,0.50717,-0.48072,0.51595,483.94392
0.07730,0.09509,0.14069,0.49547,0.50717,-0.48072,0.51595,484.15555
0.07731,0.09489,0.14069,0.49547,0.50717,-0.48072,0.51595,484.33488
0.07732,0.09473,0.14069,0.49547,0.50717,-0.48072,0.51595,484.48059
0.07733,0.09460,0.14068,0.49547,0.50717,-0.48072,0.51595,484.59157
0.07733,0.09451,0.14068,0.49547,0.50717,-0.48072,0.51595,484.66700
0.07733,0.09445,0.14068,0.49547,0.50717,-0.48072,0.51595,484.70628
0.07734,0.09443,0.14068,0.49547,0.50717,-0.48072,0.51595,484.70911
0.07733,0.09445,0.14068,0.49547,0.50717,-0.48072,0.51595,484.74279
0.07733,0.09450,0.14068,0.49547,0.50717,-0.48072,0.51595,484.81277
0.07733,0.09459,0.14068,0.49547,0.50717,-0.48072,0.51595,484.91856
0.07732,0.09471,0.14068,0.49547,0.50717,-0.48072,0.51595,485.05942
0.07731,0.09487,0.14069,0.49547,0.50717,-0.48072,0.51595,485.23435
0.07731,0.09506,0.14069,0.49547,0.50717,-0.48072,0.51595,485.44208
0.07730,0.09528,0.14069,0.49547,0.50717,-0.48072,0.51595,485.68112
0.07728,0.09554,0.14069,0.49547,0.50717,-0.48072,0.51595,485.94975
0.07727,0.09582,0.14069,0.49547,0.50717,-0.48072,0.51595,486.24601
0.07726,0.09613,0.14069,0.49547,0.50717,-0.48072,0.51595,486.56775
0.07724,0.09646,0.14069,0.49547,0.50717,-0.48072,0.51595,486.91263
0.07722,0.09682,0.14070,0.49547,0.50717,-0.48072,0.51595,487.27812
0.07721,0.09719,0.14070,0.49547,0.50717,-0.48072,0.51595,487.66155
0.07719,0.09759,0.14070,0.49547,0.50717,-0.48072,0.51595,488.06011
0.07717,0.09799,0.14070,0.49547,0.50717,-0.48072,0.51595,488.47089
0.07715,0.09841,0.14071,0.49547,0.50717,-0.48072,0.51595,488.89085
0.07713,0.09883,0.14071,0.49547,0.50717,-0.48072,0.51595,489.31690
0.07711,0.09926,0.14071,0.49547,0.50717,-0.48072,0.51595,489.74591
0.07709,0.09968,0.14071,0.49547,0.50717,-0.48072,0.51595,490.17471
0.07707,0.10011,0.14071,0.49547,0.50717,-0.48072,0.51595,490.60013
0.07705,0.10053,0.14072,0.49547,0.50717,-0.48072,0.51595,491.01902
0.07703,0.10095,0.14072,0.49547,0.50717,-0.48072,0.51595,491.42827
0.07701,0.10135,0.14072,0.49547,0.50717,-0.48072,0.51595,491.82485
0.07699,0.10174,0.14072,0.49547,0.50717,-0.48072,0.51595,492.20581
0.07697,0.10211,0.14073,0.49547,0.50717,-0.48072,0.51595,492.56831
0.07696,0.10246,0.14073,0.49547,0.50717,-0.48072,0.51595,492.90965
0.07694,0.10279,0.14073,0.49547,0.50717,-0.48072,0.51595,493.22727
0.07693,0.10310,0.14073,0.49547,0.50717,-0.48072,0.51595,493.51881
0.07691,0.10338,0.14073,0.49547,0.50717,-0.48072,0.51595,493.78207
0.07690,0.10363,0.14073,0.49547,0.50717,-0.48072,0.51595,494.01507
0.07689,0.10384,0.14073,0.49547,0.50717,-0.48072,0.51595,494.21605
0.07688,0.10403,0.14074,0.49547,0.50717,-0.48072,0.51595,494.38350
0.07688,0.10418,0.14074,0.49547,0.50717,-0.48072,0.51595,494.51613
0.07687,0.10429,0.14074,0.49547,0.50717,-0.48072,0.51595,494.61294
0.07687,0.10437,0.14074,0.49547,0.50717,-0.48072,0.51595,494.67316
0.07687,0.10441,0.14074,0.49547,0.50717,-0.48072,0.51595,494.69633
0.07687,0.10442,0.14074,0.49547,0.50717,-0.48072,0.51595,494.71042
0.07687,0.10438,0.14074,0.49547,0.50717,-0.48072,0.51595,494.76171
0.07687,0.10431,0.14074,0.49547,0.50717,-0.48072,0.51595,494.84983
0.07688,0.10421,0.14074,0.49547,0.50717,-0.48072,0.51595,494.97416
0.07688,0.10407,0.14074,0.49547,0.50717,-0.48072,0.51595,495.13380
0.07689,0.10389,0.14073,0.49547,0.50717,-0.48072,0.51595,495.32758
0.07690,0.10368,0.14073,0.49547,0.50717,-0.48072,0.51595,495.55408
0.07691,0.10344,0.14073,0.49547,0.50717,-0.48072,0.51595,495.81164
0.07692,0.10316,0.14073,0.49547,0.50717,-0.48072,0.51595,496.09834
0.07694,0.10286,0.14073,0.49547,0.50717,-0.48072,0.51595,496.41206
0.07695,0.10254,0.14073,0.49547,0.50717,-0.48072,0.51595,496.75047
0.07697,0.10219,0.14073,0.49547,0.50717,-0.48072,0.51595,497.11104
0.07699,0.10181,0.14072,0.49547,0.50717,-0.48072,0.51595,497.49110
0.07701,0.10143,0.14072,0.49547,0.50717,-0.48072,0.51595,497.88780
0.07703,0.10102,0.14072,0.49547,0.50717,-0.48072,0.51595,498.29816
0.07704,0.10061,0.14072,0.49547,0.50717,-0.48072,0.51595,498.71912
0.07706,0.10018,0.14071,0.49547,0.50717,-0.48072,0.51595,499.14752
0.07708,0.09975,0.14071,0.49547,0.50717,-0.48072,0.51595,499.58012
0.07711,0.09932,0.14071,0.49547,0.50717,-0.48072,0.51595,500.01369
0.07713,0.09889,0.14071,0.49547,0.50717,-0.48072,0.51595,500.44494
0.07715,0.09846,0.14071,0.49547,0.50717,-0.48072,0.51595,500.87062
0.07717,0.09804,0.14070,0.49547,0.50717,-0.48072,0.51595,501.28752
0.07719,0.09763,0.14070,0.49547,0.50717,-0.48072,0.51595,501.69248
0.07720,0.09723,0.14070,0.49547,0.50717,-0.48072,0.51595,502.08243
0.07722,0.09685,0.14070,0.49547,0.50717,-0.48072,0.51595,502.45441
0.07724,0.09649,0.14069,0.49547,0.50717,-0.48072,0.51595,502.80559
0.07725,0.09615,0.14069,0.49547,0.50717,-0.48072,0.51595,503.13329
0.07727,0.09583,0.14069,0.49547,0.50717,-0.48072,0.51595,503.43502
0.07728,0.09554,0.14069,0.49547,0.50717,-0.48072,0.51595,503.70846
0.07730,0.09528,0.14069,0.49547,0.50717,-0.48072,0.51595,503.95153
0.07731,0.09506,0.14069,0.49547,0.50717,-0.48072,0.51595,504.16234
0.07732,0.09486,0.14069,0.49547,0.50717,-0.48072,0.51595,504.33928
0.07732,0.09470,0.14068,0.49547,0.50717,-0.48072,0.51595,504.48097
0.07733,0.09458,0.14068,0.49547,0.50717,-0.48072,0.51595,504.58632
0.07733,0.09449,0.14068,0.49547,0.50717,-0.48072,0.51595,504.65448
0.07733,0.09444,0.14068,0.49547,0.50717,-0.48072,0.51595,504.68490
0.07734,0.09443,0.14068,0.49547,0.50717,-0.48072,0.51595,504.69247
0.07733,0.09446,0.14068,0.49547,0.50717,-0.48072,0.51595,504.73800
0.07733,0.09452,0.14068,0.49547,0.50717,-0.48072,0.51595,504.82119
0.07733,0.09462,0.14068,0.49547,0.50717,-0.48072,0.51595,504.94142
0.07732,0.09476,0.14069,0.49547,0.50717,-0.48072,0.51595,505.09782
0.07731,0.09494,0.14069,0.49547,0.50717,-0.48072,0.51595,505.28921
0.07730,0.09515,0.14069,0.49547,0.50717,-0.48072,0.51595,505.51417
0.07729,0.09539,0.14069,0.49547,0.50717,-0.48072,0.51595,505.77101
0.07728,0.09566,0.14069,0.49547,0.50717,-0.48072,0.51595,506.05778
0.07726,0.09596,0.14069,0.49547,0.50717,-0.48072,0.51595,506.37231
0.07725,0.09629,0.14069,0.49547,0.50717,-0.48072,0.51595,506.71223
0.07723,0.09664,0.14070,0.49547,0.50717,-0.48072,0.51595,507.07496
0.07721,0.09701,0.14070,0.49547,0.50717,-0.48072,0.51595,507.45772
0.07720,0.09741,0.14070,0.49547,0.50717,-0.48072,0.51595,507.85761
0.07718,0.09781,0.14070,0.49547,0.50717,-0.48072,0.51595,508.27157
0.07716,0.09823,0.14070,0.49547,0.50717,-0.48072,0.51595,508.69644
0.07714,0.09866,0.14071,0.49547,0.50717,-0.48072,0.51595,509.12896
0.07712,0.09910,0.14071,0.49547,0.50717,-0.48072,0.51595,509.56582
0.07710,0.09953,0.14071,0.49547,0.50717,-0.48072,0.51595,510.00366
0.07708,0.09996,0.14071,0.49547,0.50717,-0.48072,0.51595,510.43912
0.07705,0.10040,0.14072,0.49547,0.50717,-0.48072,0.51595,510.86884
0.07703,0.10082,0.14072,0.49547,0.50717,-0.48072,0.51595,511.28952
0.07701,0.10124,0.14072,0.49547,0.50717,-0.48072,0.51595,511.69790
0.07700,0.10164,0.14072,0.49547,0.50717,-0.48072,0.51595,512.09083
0.07698,0.10202,0.14072,0.49547,0.50717,-0.48072,0.51595,512.46527
0.07696,0.10239,0.14073,0.49547,0.50717,-0.48072,0.51595,512.81830
0.07694,0.10273,0.14073,0.49547,0.50717,-0.48072,0.51595,513.14720
0.07693,0.10305,0.14073,0.49547,0.50717,-0.48072,0.51595,513.44939
0.07692,0.10334,0.14073,0.49547,0.50717,-0.48072,0.51595,513.72252
0.07690,0.10359,0.14073,0.49547,0.50717,-0.48072,0.51595,513.96447
0.07689,0.10382,0.14073,0.49547,0.50717,-0.48072,0.51595,514.17332
0.07688,0.10401,0.14074,0.49547,0.50717,-0.48072,0.51595,514.34744
0.07688,0.10417,0.14074,0.49547,0.50717,-0.48072,0.51595,514.48545
0.07687,0.10429,0.14074,0.49547,0.50717,-0.48072,0.51595,514.58624
0.07687,0.10437,0.14074,0.49547,0.50717,-0.48072,0.51595,514.64902
0.07687,0.10441,0.14074,0.49547,0.50717,-0.48072,0.51595,514.67326
0.07687,0.10442,0.14074,0.49547,0.50717,-0.48072,0.51595,514.68778
0.07687,0.10438,0.14074,0.49547,0.50717,-0.48072,0.51595,514.74098
0.07687,0.10431,0.14074,0.49547,0.50717,-0.48072,0.51595,514.83246
0.07688,0.10420,0.14074,0.49547,0.50717,-0.48072,0.51595,514.96157
0.07688,0.10405,0.14074,0.49547,0.50717,-0.48072,0.51595,515.12731
0.07689,0.10387,0.14073,0.49547,0.50717,-0.48072,0.51595,515.32844
0.07690,0.10365,0.14073,0.49547,0.50717,-0.48072,0.51595,515.56341
0.07691,0.10340,0.14073,0.49547,0.50717,-0.48072,0.51595,515.83042
0.07693,0.10312,0.14073,0.49547,0.50717,-0.48072,0.51595,516.12741
0.07694,0.10280,0.14073,0.49547,0.50717,-0.48072,0.51595,516.45210
0.07696,0.10247,0.14073,0.49547,0.50717,-0.48072,0.51595,516.80197
0.07697,0.10211,0.14073,0.49547,0.50717,-0.48072,0.51595,517.17430
0.07699,0.10172,0.14072,0.49547,0.50717,-0.48072,0.51595,517.56622
0.07701,0.10132,0.14072,0.49547,0.50717,-0.48072,0.51595,517.97467
0.07703,0.10091,0.14072,0.49547,0.50717,-0.48072,0.51595,518.39648
0.07705,0.10048,0.14072,0.49547,0.50717,-0.48072,0.51595,518.82834
0.07707,0.10004,0.14071,0.49547,0.50717,-0.48072,0.51595,519.26690
0.07709,0.09960,0.14071,0.49547,0.50717,-0.48072,0.51595,519.70871
0.07711,0.09917,0.14071,0.49547,0.50717,-0.48072,0.51595,520.15033
0.07713,0.09873,0.14071,0.49547,0.50717,-0.48072,0.51595,520.58828
0.07715,0.09829,0.14070,0.49547,0.50717,-0.48072,0.51595,521.01913
0.07717,0.09787,0.14070,0.49547,0.50717,-0.48072,0.51595,521.43949
0.07719,0.09745,0.14070,0.49547,0.50717,-0.48072,0.51595,521.84606
0.07721,0.09705,0.14070,0.49547,0.50717,-0.48072,0.51595,522.23561
0.07723,0.09667,0.14070,0.49547,0.50717,-0.48072,0.51595,522.60509
0.07725,0.09631,0.14069,0.49547,0.50717,-0.48072,0.51595,522.95156
0.07726,0.09598,0.14069,0.49547,0.50717,-0.48072,0.51595,523.27228
0.07728,0.09567,0.14069,0.49547,0.50717,-0.48072,0.51595,523.56470
0.07729,0.09539,0.14069,0.49547,0.50717,-0.48072,0.51595,523.82650
0.07730,0.09515,0.14069,0.49547,0.50717,-0.48072,0.51595,524.05559
0.07731,0.09494,0.14069,0.49547,0.50717,-0.48072,0.51595,524.25014
0.07732,0.09476,0.14069,0.49547,0.50717,-0.48072,0.51595,524.40857
0.07733,0.09462,0.14068,0.49547,0.50717,-0.48072,0.51595,524.52962
0.07733,0.09452,0.14068,0.49547,0.50717,-0.48072,0.51595,524.61229
0.07733,0.09445,0.14068,0.49547,0.50717,-0.48072,0.51595,524.65591
0.07734,0.09443,0.14068,0.49547,0.50717,-0.48072,0.51595,524.66008
0.07733,0.09445,0.14068,0.49547,0.50717,-0.48072,0.51595,524.69541
0.07733,0.09450,0.14068,0.49547,0.50717,-0.48072,0.51595,524.76998
0.07733,0.09459,0.14068,0.49547,0.50717,-0.48072,0.51595,524.88325
0.07732,0.09473,0.14069,0.49547,0.50717,-0.48072,0.51595,525.03434
0.07731,0.09490,0.14069,0.49547,0.50717,-0.48072,0.51595,525.22209
0.07730,0.09510,0.14069,0.49547,0.50717,-0.48072,0.51595,525.44504
0.07729,0.09534,0.14069,0.49547,0.50717,-0.48072,0.51595,525.70145
0.07728,0.09562,0.14069,0.49547,0.50717,-0.48072,0.51595,525.98930
0.07727,0.09592,0.14069,0.49547,0.50717,-0.48072,0.51595,526.30634
0.07725,0.09625,0.14069,0.49547,0.50717,-0.48072,0.51595,526.65006
0.07723,0.09661,0.14070,0.49547,0.50717,-0.48072,0.51595,527.01776
0.07722,0.09699,0.14070,0.49547,0.50717,-0.48072,0.51595,527.40652
0.07720,0.09738,0.14070,0.49547,0.50717,-0.48072,0.51595,527.81327
0.07718,0.09780,0.14070,0.49547,0.50717,-0.48072,0.51595,528.23478
0.07716,0.09823,0.14070,0.49547,0.50717,-0.48072,0.51595,528.66770
0.07714,0.09866,0.14071,0.49547,0.50717,-0.48072,0.51595,529.10859
0.07712,0.09911,0.14071,0.49547,0.50717,-0.48072,0.51595,529.55393
0.07709,0.09955,0.14071,0.49547,0.50717,-0.48072,0.51595,530.00017
0.07707,0.09999,0.14071,0.49547,0.50717,-0.48072,0.51595,530.44376
0.07705,0.10043,0.14072,0.49547,0.50717,-0.48072,0.51595,530.88113
0.07703,0.10087,0.14072,0.49547,0.50717,-0.48072,0.51595,531.30878
0.07701,0.10129,0.14072,0.49547,0.50717,-0.48072,0.51595,531.72330
0.07699,0.10169,0.14072,0.49547,0.50717,-0.48072,0.51595,532.12133
0.07698,0.10208,0.14072,0.49547,0.50717,-0.48072,0.51595,532.49970
0.07696,0.10245,0.14073,0.49547,0.50717,-0.48072,0.51595,532.85534
0.07694,0.10280,0.14073,0.49547,0.50717,-0.48072,0.51595,533.18538
0.07693,0.10311,0.14073,0.49547,0.50717,-0.48072,0.51595,533.48716
0.07691,0.10340,0.14073,0.49547,0.50717,-0.48072,0.51595,533.75824
0.07690,0.10365,0.14073,0.49547,0.50717,-0.48072,0.51595,533.99640
0.07689,0.10387,0.14073,0.49547,0.50717,-0.48072,0.51595,534.19972
0.07688,0.10406,0.14074,0.49547,0.50717,-0.48072,0.51595,534.36652
0.07688,0.10421,0.14074,0.49547,0.50717,-0.48072,0.51595,534.49544
0.07687,0.10432,0.14074,0.49547,0.50717,-0.48072,0.51595,534.58540
0.07687,0.10439,0.14074,0.49547,0.50717,-0.48072,0.51595,534.63566
0.07687,0.10442,0.14074,0.49547,0.50717,-0.48072,0.51595,534.64578
0.07687,0.10441,0.14074,0.49547,0.50717,-0.48072,0.51595,534.67592
0.07687,0.10436,0.14074,0.49547,0.50717,-0.48072,0.51595,534.74611
0.07687,0.10427,0.14074,0.49547,0.50717,-0.48072,0.51595,534.85581
0.07688,0.10414,0.14074,0.49547,0.50717,-0.48072,0.51595,535.00417
0.07689,0.10397,0.14074,0.49547,0.50717,-0.48072,0.51595,535.19001
0.07690,0.10377,0.14073,0.49547,0.50717,-0.48072,0.51595,535.41188
0.07691,0.10353,0.14073,0.49547,0.50717,-0.48072,0.51595,535.66799
0.07692,0.10326,0.14073,0.49547,0.50717,-0.48072,0.51595,535.95631
0.07693,0.10295,0.14073,0.49547,0.50717,-0.48072,0.51595,536.27453
0.07695,0.10262,0.14073,0.49547,0.50717,-0.48072,0.51595,536.62009
0.07697,0.10226,0.14073,0.49547,0.50717,-0.48072,0.51595,536.99021
0.07698,0.10188,0.14072,0.49547,0.50717,-0.48072,0.51595,537.38191
0.07700,0.10148,0.14072,0.49547,0.50717,-0.48072,0.51595,537.79204
0.07702,0.10106,0.14072,0.49547,0.50717,-0.48072,0.51595,538.21727
0.07704,0.10063,0.14072,0.49547,0.50717,-0.48072,0.51595,538.65416
0.07706,0.10018,0.14071,0.49547,0.50717,-0.48072,0.51595,539.09918
0.07709,0.09974,0.14071,0.49547,0.50717,-0.48072,0.51595,539.54870
0.07711,0.09930,0.14071,0.49547,0.50717,-0.48072,0.51595,539.99908
0.07713,0.09885,0.14071,0.49547,0.50717,-0.48072,0.51595,540.44666
0.07715,0.09840,0.14070,0.49547,0.50717,-0.48072,0.51595,540.88778
0.07717,0.09796,0.14070,0.49547,0.50717,-0.48072,0.51595,541.31884
0.07719,0.09754,0.14070,0.49547,0.50717,-0.48072,0.51595,541.73632
0.07721,0.09713,0.14070,0.49547,0.50717,-0.48072,0.51595,542.13682
0.07723,0.09674,0.14070,0.49547,0.50717,-0.48072,0.51595,542.51703
0.07724,0.09637,0.14069,0.49547,0.50717,-0.48072,0.51595,542.87385
0.07726,0.09602,0.14069,0.49547,0.50717,-0.48072,0.51595,543.20434
0.07728,0.09571,0.14069,0.49547,0.50717,-0.48072,0.51595,543.50578
0.07729,0.09542,0.14069,0.49547,0.50717,-0.48072,0.51595,543.77568
0.07730,0.09517,0.14069,0.49547,0.50717,-0.48072,0.51595,544.01180
0.07731,0.09495,0.14069,0.49547,0.50717,-0.48072,0.51595,544.21220
0.07732,0.09477,0.14069,0.49547,0.50717,-0.48072,0.51595,544.37518
0.07733,0.09462,0.14068,0.49547,0.50717,-0.48072,0.51595,544.49940
0.07733,0.09452,0.14068,0.49547,0.50717,-0.48072,0.51595,544.58380
0.07733,0.09445,0.14068,0.49547,0.50717,-0.48072,0.51595,544.62766
0.07734,0.09443,0.14068,0.49547,0.50717,-0.48072,0.51595,544.63059
0.07733,0.09445,0.14068,0.49547,0.50717,-0.48072,0.51595,544.66865
0.07733,0.09451,0.14068,0.49547,0.50717,-0.48072,0.51595,544.74743
0.07733,0.09461,0.14068,0.49547,0.50717,-0.48072,0.51595,544.86629
0.07732,0.09474,0.14069,0.49547,0.50717,-0.48072,0.51595,545.02431
0.07731,0.09492,0.14069,0.49547,0.50717,-0.48072,0.51595,545.22020
0.07730,0.09514,0.14069,0.49547,0.50717,-0.48072,0.51595,545.45239
0.07729,0.09539,0.14069,0.49547,0.50717,-0.48072,0.51595,545.71899
0.07728,0.09567,0.14069,0.49547,0.50717,-0.48072,0.51595,546.01782
0.07726,0.09598,0.14069,0.49547,0.50717,-0.48072,0.51595,546.34646
0.07725,0.09633,0.14069,0.49547,0.50717,-0.48072,0.51595,546.70221
0.07723,0.09669,0.14070,0.49547,0.50717,-0.48072,0.51595,547.08216
0.07721,0.09709,0.14070,0.49547,0.50717,-0.48072,0.51595,547.48318
0.07719,0.09750,0.14070,0.49547,0.50717,-0.48072,0.51595,547.90198
0.07717,0.09792,0.14070,0.49547,0.50717,-0.48072,0.51595,548.33511
0.07715,0.09836,0.14070,0.49547,0.50717,-0.48072,0.51595,548.77900
0.07713,0.09881,0.14071,0.49547,0.50717,-0.48072,0.51595,549.22998
0.07711,0.09927,0.14071,0.49547,0.50717,-0.48072,0.51595,549.68432
0.07709,0.09971,0.14071,0.49547,0.50717,-0.48072,0.51595,550.13826
0.07707,0.10016,0.14071,0.49547,0.50717,-0.48072,0.51595,550.58804
0.07704,0.10061,0.14072,0.49547,0.50717,-0.48072,0.51595,551.02992
0.07702,0.10105,0.14072,0.49547,0.50717,-0.48072,0.51595,551.46022
0.07700,0.10147,0.14072,0.49547,0.50717,-0.48072,0.51595,551.87537
0.07698,0.10188,0.14072,0.49547,0.50717,-0.48072,0.51595,552.27190
0.07697,0.10226,0.14073,0.49547,0.50717,-0.48072,0.51595,552.64651
0.07695,0.10263,0.14073,0.49547,0.50717,-0.48072,0.51595,552.99606
0.07693,0.10296,0.14073,0.49547,0.50717,-0.48072,0.51595,553.31762
0.07692,0.10327,0.14073,0.49547,0.50717,-0.48072,0.51595,553.60849
0.07691,0.10354,0.14073,0.49547,0.50717,-0.48072,0.51595,553.86623
0.07690,0.10378,0.14073,0.49547,0.50717,-0.48072,0.51595,554.08865
0.07689,0.10399,0.14074,0.49547,0.50717,-0.48072,0.51595,554.27389
0.07688,0.10416,0.14074,0.49547,0.50717,-0.48072,0.51595,554.42037
0.07687,0.10428,0.14074,0.49547,0.50717,-0.48072,0.51595,554.52682
0.07687,0.10437,0.14074,0.49547,0.50717,-0.48072,0.51595,554.59234
0.07687,0.10441,0.14074,0.49547,0.50717,-0.48072,0.51595,554.61634
0.07687,0.10442,0.14074,0.49547,0.50717,-0.48072,0.51595,554.63409
0.07687,0.10438,0.14074,0.49547,0.50717,-0.48072,0.51595,554.69348
0.07687,0.10430,0.14074,0.49547,0.50717,-0.48072,0.51595,554.79404
0.07688,0.10418,0.14074,0.49547,0.50717,-0.48072,0.51595,554.93496
0.07688,0.10402,0.14074,0.49547,0.50717,-0.48072,0.51595,555.11509
0.07689,0.10382,0.14073,0.49547,0.50717,-0.48072,0.51595,555.33295
0.07691,0.10358,0.14073,0.49547,0.50717,-0.48072,0.51595,555.58675
0.07692,0.10331,0.14073,0.49547,0.50717,-0.48072,0.51595,555.87438
0.07693,0.10300,0.14073,0.49547,0.50717,-0.48072,0.51595,556.19345
0.07695,0.10267,0.14073,0.49547,0.50717,-0.48072,0.51595,556.54131
0.07696,0.10231,0.14073,0.49547,0.50717,-0.48072,0.51595,556.91507
0.07698,0.10192,0.14072,0.49547,0.50717,-0.48072,0.51595,557.31158
0.07700,0.10152,0.14072,0.49547,0.50717,-0.48072,0.51595,557.72755
0.07702,0.10109,0.14072,0.49547,0.50717,-0.48072,0.51595,558.15947
0.07704,0.10065,0.14072,0.49547,0.50717,-0.48072,0.51595,558.60373
0.07706,0.10020,0.14071,0.49547,0.50717,-0.48072,0.51595,559.05659
0.07708,0.09975,0.14071,0.49547,0.50717,-0.48072,0.51595,559.51425
0.07711,0.09930,0.14071,0.49547,0.50717,-0.48072,0.51595,559.97283
0.07713,0.09884,0.14071,0.49547,0.50717,-0.48072,0.51595,560.42849
0.07715,0.09839,0.14070,0.49547,0.50717,-0.48072,0.51595,560.87735
0.07717,0.09794,0.14070,0.49547,0.50717,-0.48072,0.51595,561.31564
0.07719,0.09751,0.14070,0.49547,0.50717,-0.48072,0.51595,561.73963
0.07721,0.09709,0.14070,0.49547,0.50717,-0.48072,0.51595,562.14572
0.07723,0.09670,0.14070,0.49547,0.50717,-0.48072,0.51595,562.53048
0.07725,0.09632,0.14069,0.49547,0.50717,-0.48072,0.51595,562.89062
0.07726,0.09598,0.14069,0.49547,0.50717,-0.48072,0.51595,563.22308
0.07728,0.09566,0.14069,0.49547,0.50717,-0.48072,0.51595,563.52501
0.07729,0.09537,0.14069,0.49547,0.50717,-0.48072,0.51595,563.79383
0.07730,0.09512,0.14069,0.49547,0.50717,-0.48072,0.51595,564.02724
0.07731,0.09491,0.14069,0.49547,0.50717,-0.48072,0.51595,564.22323
0.07732,0.09473,0.14069,0.49547,0.50717,-0.48072,0.51595,564.38010
0.07733,0.09459,0.14068,0.49547,0.50717,-0.48072,0.51595,564.49650
0.07733,0.09450,0.14068,0.49547,0.50717,-0.48072,0.51595,564.57139
0.07733,0.09444,0.14068,0.49547,0.50717,-0.48072,0.51595,564.60412
0.07734,0.09443,0.14068,0.49547,0.50717,-0.48072,0.51595,564.61387
0.07733,0.09446,0.14068,0.49547,0.50717,-0.48072,0.51595,564.66606
0.07733,0.09454,0.14068,0.49547,0.50717,-0.48072,0.51595,564.76026
0.07733,0.09465,0.14068,0.49547,0.50717,-0.48072,0.51595,564.89571
0.07732,0.09481,0.14069,0.49547,0.50717,-0.48072,0.51595,565.07128
0.07731,0.09500,0.14069,0.49547,0.50717,-0.48072,0.51595,565.28551
0.07730,0.09523,0.14069,0.49547,0.50717,-0.48072,0.51595,565.53660
0.07729,0.09550,0.14069,0.49547,0.50717,-0.48072,0.51595,565.82244
0.07727,0.09581,0.14069,0.49547,0.50717,-0.48072,0.51595,566.14060
0.07726,0.09614,0.14069,0.49547,0.50717,-0.48072,0.51595,566.48839
0.07724,0.09650,0.14069,0.49547,0.50717,-0.48072,0.51595,566.86287
0.07722,0.09689,0.14070,0.49547,0.50717,-0.48072,0.51595,567.26084
0.07720,0.09730,0.14070,0.49547,0.50717,-0.48072,0.51595,567.67891
0.07718,0.09773,0.14070,0.49547,0.50717,-0.48072,0.51595,568.11353
0.07716,0.09817,0.14070,0.49547,0.50717,-0.48072,0.51595,568.56098
0.07714,0.09862,0.14071,0.49547,0.50717,-0.48072,0.51595,569.01742
0.07712,0.09908,0.14071,0.49547,0.50717,-0.48072,0.51595,569.47896
0.07710,0.09953,0.14071,0.49547,0.50717,-0.48072,0.51595,569.94163
0.07707,0.10000,0.14071,0.49547,0.50717,-0.48072,0.51595,570.40147
0.07705,0.10045,0.14072,0.49547,0.50717,-0.48072,0.51595,570.85450
0.07703,0.10090,0.14072,0.49547,0.50717,-0.48072,0.51595,571.29685
0.07701,0.10134,0.14072,0.49547,0.50717,-0.48072,0.51595,571.72469
0.07699,0.10176,0.14072,0.49547,0.50717,-0.48072,0.51595,572.13433
0.07697,0.10216,0.14073,0.49547,0.50717,-0.48072,0.51595,572.52222
0.07695,0.10253,0.14073,0.49547,0.50717,-0.48072,0.51595,572.88502
0.07694,0.10288,0.14073,0.49547,0.50717,-0.48072,0.51595,573.21957
0.07692,0.10320,0.14073,0.49547,0.50717,-0.48072,0.51595,573.52296
0.07691,0.10349,0.14073,0.49547,0.50717,-0.48072,0.51595,573.79256
0.07690,0.10374,0.14073,0.49547,0.50717,-0.48072,0.51595,574.02601
0.07689,0.10396,0.14074,0.49547,0.50717,-0.48072,0.51595,574.22126
0.07688,0.10413,0.14074,0.49547,0.50717,-0.48072,0.51595,574.37661
0.07687,0.10427,0.14074,0.49547,0.50717,-0.48072,0.51595,574.49067
0.07687,0.10436,0.14074,0.49547,0.50717,-0.48072,0.51595,574.56242
0.07687,0.10441,0.14074,0.49547,0.50717,-0.48072,0.51595,574.59122
0.07687,0.10442,0.14074,0.49547,0.50717,-0.48072,0.51595,574.60566
0.07687,0.10438,0.14074,0.49547,0.50717,-0.48072,0.51595,574.66325
0.07687,0.10430,0.14074,0.49547,0.50717,-0.48072,0.51595,574.76351
0.07688,0.10418,0.14074,0.49547,0.50717,-0.48072,0.51595,574.90562
0.07688,0.10402,0.14074,0.49547,0.50717,-0.48072,0.51595,575.08837
0.07689,0.10382,0.14073,0.49547,0.50717,-0.48072,0.51595,575.31021
0.07691,0.10357,0.14073,0.49547,0.50717,-0.48072,0.51595,575.56924
0.07692,0.10330,0.14073,0.49547,0.50717,-0.48072,0.51595,575.86324
0.07693,0.10299,0.14073,0.49547,0.50717,-0.48072,0.51595,576.18967
0.07695,0.10264,0.14073,0.49547,0.50717,-0.48072,0.51595,576.54573
0.07697,0.10227,0.14073,0.49547,0.50717,-0.48072,0.51595,576.92833
0.07698,0.10188,0.14072,0.49547,0.50717,-0.48072,0.51595,577.33417
0.07700,0.10146,0.14072,0.49547,0.50717,-0.48072,0.51595,577.75973
0.07702,0.10103,0.14072,0.49547,0.50717,-0.48072,0.51595,578.20130
0.07705,0.10058,0.14072,0.49547,0.50717,-0.48072,0.51595,578.65506
0.07707,0.10012,0.14071,0.49547,0.50717,-0.48072,0.51595,579.11705
0.07709,0.09966,0.14071,0.49547,0.50717,-0.48072,0.51595,579.58325
0.07711,0.09920,0.14071,0.49547,0.50717,-0.48072,0.51595,580.04958
0.07713,0.09873,0.14071,0.49547,0.50717,-0.48072,0.51595,580.51197
0.07715,0.09827,0.14070,0.49547,0.50717,-0.48072,0.51595,580.96637
0.07718,0.09782,0.14070,0.49547,0.50717,-0.48072,0.51595,581.40880
0.07720,0.09739,0.14070,0.49547,0.50717,-0.48072,0.51595,581.83539
0.07722,0.09697,0.14070,0.49547,0.50717,-0.48072,0.51595,582.24238
0.07723,0.09657,0.14070,0.49547,0.50717,-0.48072,0.51595,582.62619
0.07725,0.09620,0.14069,0.49547,0.50717,-0.48072,0.51595,582.98343
0.07727,0.09586,0.14069,0.49547,0.50717,-0.48072,0.51595,583.31097
0.07728,0.09555,0.14069,0.49547,0.50717,-0.48072,0.51595,583.60588
0.07730,0.09527,0.14069,0.49547,0.50717,-0.48072,0.51595,583.86558
0.07731,0.09503,0.14069,0.49547,0.50717,-0.48072,0.51595,584.08774
0.07732,0.09483,0.14069,0.49547,0.50717,-0.48072,0.51595,584.27038
0.07732,0.09466,0.14068,0.49547,0.50717,-0.48072,0.51595,584.41187
0.07733,0.09454,0.14068,0.49547,0.50717,-0.48072,0.51595,584.51093
0.07733,0.09447,0.14068,0.49547,0.50717,-0.48072,0.51595,584.56666
0.07734,0.09443,0.14068,0.49547,0.50717,-0.48072,0.51595,584.57854
0.07733,0.09444,0.14068,0.49547,0.50717,-0.48072,0.51595,584.61066
0.07733,0.09450,0.14068,0.49547,0.50717,-0.48072,0.51595,584.68652
0.07733,0.09459,0.14068,0.49547,0.50717,-0.48072,0.51595,584.80549
0.07732,0.09473,0.14069,0.49547,0.50717,-0.48072,0.51595,584.96656
0.07731,0.09492,0.14069,0.49547,0.50717,-0.48072,0.51595,585.16833
0.07730,0.09514,0.14069,0.49547,0.50717,-0.48072,0.51595,585.40904
0.07729,0.09540,0.14069,0.49547,0.50717,-0.48072,0.51595,585.68661
0.07728,0.09569,0.14069,0.49547,0.50717,-0.48072,0.51595,585.99860
0.07726,0.09602,0.14069,0.49547,0.50717,-0.48072,0.51595,586.34229
0.07724,0.09638,0.14069,0.49547,0.50717,-0.48072,0.51595,586.71465
0.07723,0.09677,0.14070,0.49547,0.50717,-0.48072,0.51595,587.11240
0.07721,0.09718,0.14070,0.49547,0.50717,-0.48072,0.51595,587.53205
0.07719,0.09761,0.14070,0.49547,0.50717,-0.48072,0.51595,587.96989
0.07717,0.09805,0.14070,0.49547,0.50717,-0.48072,0.51595,588.42204
0.07714,0.09851,0.14071,0.49547,0.50717,-0.48072,0.51595,588.88451
0.07712,0.09898,0.14071,0.49547,0.50717,-0.48072,0.51595,589.35320
0.07710,0.09944,0.14071,0.49547,0.50717,-0.48072,0.51595,589.82396
0.07708,0.09991,0.14071,0.49547,0.50717,-0.48072,0.51595,590.29259
0.07706,0.10037,0.14072,0.49547,0.50717,-0.48072,0.51595,590.75492
0.07703,0.10083,0.14072,0.49547,0.50717,-0.48072,0.51595,591.20685
0.07701,0.10128,0.14072,0.49547,0.50717,-0.48072,0.51595,591.64434
0.07699,0.10171,0.14072,0.49547,0.50717,-0.48072,0.51595,592.06349
0.07697,0.10212,0.14073,0.49547,0.50717,-0.48072,0.51595,592.46054
0.07696,0.10250,0.14073,0.49547,0.50717,-0.48072,0.51595,592.83193
0.07694,0.10286,0.14073,0.49547,0.50717,-0.48072,0.51595,593.17435
0.07692,0.10319,0.14073,0.49547,0.50717,-0.48072,0.51595,593.48470
0.07691,0.10348,0.14073,0.49547,0.50717,-0.48072,0.51595,593.76020
0.07690,0.10374,0.14073,0.49547,0.50717,-0.48072,0.51595,593.99835
0.07689,0.10396,0.14074,0.49547,0.50717,-0.48072,0.51595,594.19700
0.07688,0.10413,0.14074,0.49547,0.50717,-0.48072,0.51595,594.35435
0.07687,0.10427,0.14074,0.49547,0.50717,-0.48072,0.51595,594.46895
0.07687,0.10436,0.14074,0.49547,0.50717,-0.48072,0.51595,594.53975
0.07687,0.10441,0.14074,0.49547,0.50717,-0.48072,0.51595,594.56608
0.07687,0.10442,0.14074,0.49547,0.50717,-0.48072,0.51595,594.58449
0.07687,0.10438,0.14074,0.49547,0.50717,-0.48072,0.51595,594.64751
0.07687,0.10429,0.14074,0.49547,0.50717,-0.48072,0.51595,594.75461
0.07688,0.10416,0.14074,0.49547,0.50717,-0.48072,0.51595,594.90485
0.07689,0.10399,0.14074,0.49547,0.50717,-0.48072,0.51595,595.09693
0.07690,0.10378,0.14073,0.49547,0.50717,-0.48072,0.51595,595.32914
0.07691,0.10353,0.14073,0.49547,0.50717,-0.48072,0.51595,595.59944
0.07692,0.10324,0.14073,0.49547,0.50717,-0.48072,0.51595,595.90541
0.07694,0.10291,0.14073,0.49547,0.50717,-0.48072,0.51595,596.24435
0.07695,0.10256,0.14073,0.49547,0.50717,-0.48072,0.51595,596.61321
0.07697,0.10218,0.14073,0.49547,0.50717,-0.48072,0.51595,597.00870
0.07699,0.10177,0.14072,0.49547,0.50717,-0.48072,0.51595,597.42728
0.07701,0.10134,0.14072,0.49547,0.50717,-0.48072,0.51595,597.86519
0.07703,0.10089,0.14072,0.49547,0.50717,-0.48072,0.51595,598.31849
0.07705,0.10043,0.14072,0.49547,0.50717,-0.48072,0.51595,598.78312
0.07708,0.09996,0.14071,0.49547,0.50717,-0.48072,0.51595,599.25487
0.07710,0.09949,0.14071,0.49547,0.50717,-0.48072,0.51595,599.72951
0.07712,0.09902,0.14071,0.49547,0.50717,-0.48072,0.51595,600.20273
0.07714,0.09855,0.14071,0.49547,0.50717,-0.48072,0.51595,600.67026
0.07716,0.09809,0.14070,0.49547,0.50717,-0.48072,0.51595,601.12787
0.07718,0.09764,0.14070,0.49547,0.50717,-0.48072,0.51595,601.57140
0.07721,0.09720,0.14070,0.49547,0.50717,-0.48072,0.51595,601.99684
0.07722,0.09679,0.14070,0.49547,0.50717,-0.48072,0.51595,602.40030
0.07724,0.09639,0.14069,0.49547,0.50717,-0.48072,0.51595,602.77813
0.07726,0.09603,0.14069,0.49547,0.50717,-0.48072,0.51595,603.12687
0.07728,0.09570,0.14069,0.49547,0.50717,-0.48072,0.51595,603.44334
0.07729,0.09540,0.14069,0.49547,0.50717,-0.48072,0.51595,603.72464
0.07730,0.09513,0.14069,0.49547,0.50717,-0.48072,0.51595,603.96819
0.07731,0.09491,0.14069,0.49547,0.50717,-0.48072,0.51595,604.17175
0.07732,0.09473,0.14069,0.49547,0.50717,-0.48072,0.51595,604.33344
0.07733,0.09459,0.14068,0.49547,0.50717,-0.48072,0.51595,604.45175
0.07733,0.09449,0.14068,0.49547,0.50717,-0.48072,0.51595,604.52558
0.07733,0.09444,0.14068,0.49547,0.50717,-0.48072,0.51595,604.55422
0.07734,0.09443,0.14068,0.49547,0.50717,-0.48072,0.51595,604.57107
0.07733,0.09447,0.14068,0.49547,0.50717,-0.48072,0.51595,604.63327
0.07733,0.09456,0.14068,0.49547,0.50717,-0.48072,0.51595,604.74031
0.07732,0.09469,0.14068,0.49547,0.50717,-0.48072,0.51595,604.89123
0.07732,0.09486,0.14069,0.49547,0.50717,-0.48072,0.51595,605.08470
0.07731,0.09507,0.14069,0.49547,0.50717,-0.48072,0.51595,605.31898
0.07729,0.09533,0.14069,0.49547,0.50717,-0.48072,0.51595,605.59195
0.07728,0.09562,0.14069,0.49547,0.50717,-0.48072,0.51595,605.90116
0.07726,0.09595,0.14069,0.49547,0.50717,-0.48072,0.51595,606.24379
0.07725,0.09630,0.14069,0.49547,0.50717,-0.48072,0.51595,606.61675
0.07723,0.09669,0.14070,0.49547,0.50717,-0.48072,0.51595,607.01663
0.07721,0.09710,0.14070,0.49547,0.50717,-0.48072,0.51595,607.43980
0.07719,0.09754,0.14070,0.49547,0.50717,-0.48072,0.51595,607.88240
0.07717,0.09799,0.14070,0.49547,0.50717,-0.48072,0.51595,608.34037
0.07715,0.09845,0.14071,0.49547,0.50717,-0.48072,0.51595,608.80954
0.07712,0.09893,0.14071,0.49547,0.50717,-0.48072,0.51595,609.28561
0.07710,0.09940,0.14071,0.49547,0.50717,-0.48072,0.51595,609.76420
0.07708,0.09988,0.14071,0.49547,0.50717,-0.48072,0.51595,610.24093
0.07706,0.10035,0.14072,0.49547,0.50717,-0.48072,0.51595,610.71140
0.07703,0.10082,0.14072,0.49547,0.50717,-0.48072,0.51595,611.17130
0.07701,0.10127,0.14072,0.49547,0.50717,-0.48072,0.51595,611.61637
0.07699,0.10171,0.14072,0.49547,0.50717,-0.48072,0.51595,612.04252
0.07697,0.10212,0.14073,0.49547,0.50717,-0.48072,0.51595,612.44580
0.07696,0.10251,0.14073,0.49547,0.50717,-0.48072,0.51595,612.82248
0.07694,0.10288,0.14073,0.49547,0.50717,-0.48072,0.51595,613.16907
0.07692,0.10321,0.14073,0.49547,0.50717,-0.48072,0.51595,613.48234
0.07691,0.10350,0.14073,0.49547,0.50717,-0.48072,0.51595,613.75939
0.07690,0.10376,0.14073,0.49547,0.50717,-0.48072,0.51595,613.99763
0.07689,0.10398,0.14074,0.49547,0.50717,-0.48072,0.51595,614.19482
0.07688,0.10415,0.14074,0.49547,0.50717,-0.48072,0.51595,614.34912
0.07687,0.10429,0.14074,0.49547,0.50717,-0.48072,0.51595,614.45907
0.07687,0.10437,0.14074,0.49547,0.50717,-0.48072,0.51595,614.52361
0.07687,0.10442,0.14074,0.49547,0.50717,-0.48072,0.51595,614.54212
0.07687,0.10441,0.14074,0.49547,0.50717,-0.48072,0.51595,614.56985
0.07687,0.10436,0.14074,0.49547,0.50717,-0.48072,0.51595,614.64360
0.07687,0.10426,0.14074,0.49547,0.50717,-0.48072,0.51595,614.76272
0.07688,0.10412,0.14074,0.49547,0.50717,-0.48072,0.51595,614.92613
0.07689,0.10394,0.14074,0.49547,0.50717,-0.48072,0.51595,615.13235
0.07690,0.10371,0.14073,0.49547,0.50717,-0.48072,0.51595,615.37951
0.07691,0.10344,0.14073,0.49547,0.50717,-0.48072,0.51595,615.66533
0.07693,0.10314,0.14073,0.49547,0.50717,-0.48072,0.51595,615.98719
0.07694,0.10280,0.14073,0.49547,0.50717,-0.48072,0.51595,616.34212
0.07696,0.10243,0.14073,0.49547,0.50717,-0.48072,0.51595,616.72685
0.07698,0.10203,0.14072,0.49547,0.50717,-0.48072,0.51595,617.13782
0.07700,0.10161,0.14072,0.49547,0.50717,-0.48072,0.51595,617.57121
0.07702,0.10116,0.14072,0.49547,0.50717,-0.48072,0.51595,618.02302
0.07704,0.10070,0.14072,0.49547,0.50717,-0.48072,0.51595,618.48903
0.07706,0.10023,0.14071,0.49547,0.50717,-0.48072,0.51595,618.96493
0.07708,0.09975,0.14071,0.49547,0.50717,-0.48072,0.51595,619.44627
0.07711,0.09928,0.14071,0.49547,0.50717,-0.48072,0.51595,619.92857
0.07713,0.09880,0.14071,0.49547,0.50717,-0.48072,0.51595,620.40732
0.07715,0.09832,0.14070,0.49547,0.50717,-0.48072,0.51595,620.87804
0.07717,0.09786,0.14070,0.49547,0.50717,-0.48072,0.51595,621.33634
0.07720,0.09740,0.14070,0.49547,0.50717,-0.48072,0.51595,621.77792
0.07722,0.09697,0.14070,0.49547,0.50717,-0.48072,0.51595,622.19863
0.07724,0.09656,0.14070,0.49547,0.50717,-0.48072,0.51595,622.59451
0.07725,0.09618,0.14069,0.49547,0.50717,-0.48072,0.51595,622.96185
0.07727,0.09583,0.14069,0.49547,0.50717,-0.48072,0.51595,623.29718
0.07728,0.09551,0.14069,0.49547,0.50717,-0.48072,0.51595,623.59733
0.07730,0.09523,0.14069,0.49547,0.50717,-0.48072,0.51595,623.85946
0.07731,0.09499,0.14069,0.49547,0.50717,-0.48072,0.51595,624.08108
0.07732,0.09478,0.14069,0.49547,0.50717,-0.48072,0.51595,624.26008
0.07733,0.09463,0.14068,0.49547,0.50717,-0.48072,0.51595,624.39475
0.07733,0.09452,0.14068,0.49547,0.50717,-0.48072,0.51595,624.48380
0.07733,0.09445,0.14068,0.49547,0.50717,-0.48072,0.51595,624.52634
0.07734,0.09443,0.14068,0.49547,0.50717,-0.48072,0.51595,624.53073
0.07733,0.09446,0.14068,0.49547,0.50717,-0.48072,0.51595,624.58205
0.07733,0.09453,0.14068,0.49547,0.50717,-0.48072,0.51595,624.67986
0.07733,0.09465,0.14068,0.49547,0.50717,-0.48072,0.51595,624.82325
0.07732,0.09482,0.14069,0.49547,0.50717,-0.48072,0.51595,625.01092
0.07731,0.09503,0.14069,0.49547,0.50717,-0.48072,0.51595,625.24113
0.07730,0.09528,0.14069,0.49547,0.50717,-0.48072,0.51595,625.51173
0.07728,0.09557,0.14069,0.49547,0.50717,-0.48072,0.51595,625.82020
0.07727,0.09590,0.14069,0.49547,0.50717,-0.48072,0.51595,626.16366
0.07725,0.09626,0.14069,0.49547,0.50717,-0.48072,0.51595,626.53888
0.07723,0.09665,0.14070,0.49547,0.50717,-0.48072,0.51595,626.94235
0.07721,0.09706,0.14070,0.49547,0.50717,-0.48072,0.51595,627.37026
0.07719,0.09750,0.14070,0.49547,0.50717,-0.48072,0.51595,627.81859
0.07717,0.09796,0.14070,0.49547,0.50717,-0.48072,0.51595,628.28310
0.07715,0.09843,0.14071,0.49547,0.50717,-0.48072,0.51595,628.75941
0.07712,0.09891,0.14071,0.49547,0.50717,-0.48072,0.51595,629.24301
0.07710,0.09939,0.14071,0.49547,0.50717,-0.48072,0.51595,629.72932
0.07708,0.09988,0.14071,0.49547,0.50717,-0.48072,0.51595,630.21374
0.07706,0.10036,0.14072,0.49547,0.50717,-0.48072,0.51595,630.69165
0.07703,0.10083,0.14072,0.49547,0.50717,-0.48072,0.51595,631.15852
0.07701,0.10129,0.14072,0.49547,0.50717,-0.48072,0.51595,631.60991
0.07699,0.10173,0.14072,0.49547,0.50717,-0.48072,0.51595,632.04151
0.07697,0.10216,0.14073,0.49547,0.50717,-0.48072,0.51595,632.44920
0.07695,0.10255,0.14073,0.49547,0.50717,-0.48072,0.51595,632.82909
0.07694,0.10292,0.14073,0.49547,0.50717,-0.48072,0.51595,633.17754
0.07692,0.10325,0.14073,0.49547,0.50717,-0.48072,0.51595,633.49121
0.07691,0.10354,0.14073,0.49547,0.50717,-0.48072,0.51595,633.76708
0.07689,0.10380,0.14073,0.49547,0.50717,-0.48072,0.51595,634.00251
0.07688,0.10401,0.14074,0.49547,0.50717,-0.48072,0.51595,634.19520
0.07688,0.10418,0.14074,0.49547,0.50717,-0.48072,0.51595,634.34330
0.07687,0.10431,0.14074,0.49547,0.50717,-0.48072,0.51595,634.44535
0.07687,0.10439,0.14074,0.49547,0.50717,-0.48072,0.51595,634.50035
0.07687,0.10442,0.14074,0.49547,0.50717,-0.48072,0.51595,634.50774
0.07687,0.10440,0.14074,0.49547,0.50717,-0.48072,0.51595,634.54807
0.07687,0.10434,0.14074,0.49547,0.50717,-0.48072,0.51595,634.63577
0.07687,0.10423,0.14074,0.49547,0.50717,-0.48072,0.51595,634.77002
0.07688,0.10407,0.14074,0.49547,0.50717,-0.48072,0.51595,634.94959
0.07689,0.10387,0.14073,0.49547,0.50717,-0.48072,0.51595,635.17278
0.07690,0.10362,0.14073,0.49547,0.50717,-0.48072,0.51595,635.43749
0.07692,0.10334,0.14073,0.49547,0.50717,-0.48072,0.51595,635.74120
0.07693,0.10302,0.14073,0.49547,0.50717,-0.48072,0.51595,636.08104
0.07695,0.10266,0.14073,0.49547,0.50717,-0.48072,0.51595,636.45377
0.07697,0.10227,0.14073,0.49547,0.50717,-0.48072,0.51595,636.85583
0.07699,0.10186,0.14072,0.49547,0.50717,-0.48072,0.51595,637.28337
0.07701,0.10142,0.14072,0.49547,0.50717,-0.48072,0.51595,637.73232
0.07703,0.10096,0.14072,0.49547,0.50717,-0.48072,0.51595,638.19837
0.07705,0.10048,0.14072,0.49547,0.50717,-0.48072,0.51595,638.67704
0.07707,0.10000,0.14071,0.49547,0.50717,-0.48072,0.51595,639.16373
0.07710,0.09951,0.14071,0.49547,0.50717,-0.48072,0.51595,639.65378
0.07712,0.09903,0.14071,0.49547,0.50717,-0.48072,0.51595,640.14245
0.07714,0.09854,0.14071,0.49547,0.50717,-0.48072,0.51595,640.62503
0.07716,0.09806,0.14070,0.49547,0.50717,-0.48072,0.51595,641.09687
0.07719,0.09760,0.14070,0.49547,0.50717,-0.48072,0.51595,641.55340
0.07721,0.09715,0.14070,0.49547,0.50717,-0.48072,0.51595,641.99021
0.07723,0.09673,0.14070,0.49547,0.50717,-0.48072,0.51595,642.40306
0.07725,0.09633,0.14069,0.49547,0.50717,-0.48072,0.51595,642.78794
0.07726,0.09596,0.14069,0.49547,0.50717,-0.48072,0.51595,643.14112
0.07728,0.09562,0.14069,0.49547,0.50717,-0.48072,0.51595,643.45916
0.07729,0.09532,0.14069,0.49547,0.50717,-0.48072,0.51595,643.73894
0.07731,0.09506,0.14069,0.49547,0.50717,-0.48072,0.51595,643.97774
0.07732,0.09484,0.14069,0.49547,0.50717,-0.48072,0.51595,644.17320
0.07732,0.09467,0.14068,0.49547,0.50717,-0.48072,0.51595,644.32342
0.07733,0.09454,0.14068,0.49547,0.50717,-0.48072,0.51595,644.42688
0.07733,0.09446,0.14068,0.49547,0.50717,-0.48072,0.51595,644.48257
0.07734,0.09443,0.14068,0.49547,0.50717,-0.48072,0.51595,644.48990
0.07733,0.09445,0.14068,0.49547,0.50717,-0.48072,0.51595,644.53103
0.07733,0.09451,0.14068,0.49547,0.50717,-0.48072,0.51595,644.62027
0.07733,0.09463,0.14068,0.49547,0.50717,-0.48072,0.51595,644.75677
0.07732,0.09479,0.14069,0.49547,0.50717,-0.48072,0.51595,644.93924
0.07731,0.09499,0.14069,0.49547,0.50717,-0.48072,0.51595,645.16595
0.07730,0.09524,0.14069,0.49547,0.50717,-0.48072,0.51595,645.43471
0.07728,0.09553,0.14069,0.49547,0.50717,-0.48072,0.51595,645.74294
0.07727,0.09586,0.14069,0.49547,0.50717,-0.48072,0.51595,646.08766
0.07725,0.09622,0.14069,0.49547,0.50717,-0.48072,0.51595,646.46555
0.07723,0.09661,0.14070,0.49547,0.50717,-0.48072,0.51595,646.87293
0.07721,0.09703,0.14070,0.49547,0.50717,-0.48072,0.51595,647.30586
0.07719,0.09748,0.14070,0.49547,0.50717,-0.48072,0.51595,647.76013
0.07717,0.09794,0.14070,0.49547,0.50717,-0.48072,0.51595,648.23131
0.07715,0.09842,0.14071,0.49547,0.50717,-0.48072,0.51595,648.71481
0.07712,0.09891,0.14071,0.49547,0.50717,-0.48072,0.51595,649.20592
0.07710,0.09939,0.14071,0.49547,0.50717,-0.48072,0.51595,649.69984
0.07708,0.09989,0.14071,0.49547,0.50717,-0.48072,0.51595,650.19173
0.07706,0.10038,0.14072,0.49547,0.50717,-0.48072,0.51595,650.67678
0.07703,0.10086,0.14072,0.49547,0.50717,-0.48072,0.51595,651.15024
0.07701,0.10132,0.14072,0.49547,0.50717,-0.48072,0.51595,651.60744
0.07699,0.10177,0.14072,0.49547,0.50717,-0.48072,0.51595,652.04391
0.07697,0.10220,0.14073,0.49547,0.50717,-0.48072,0.51595,652.45533
0.07695,0.10259,0.14073,0.49547,0.50717,-0.48072,0.51595,652.83767
0.07693,0.10296,0.14073,0.49547,0.50717,-0.48072,0.51595,653.18713
0.07692,0.10329,0.14073,0.49547,0.50717,-0.48072,0.51595,653.50027
0.07690,0.10359,0.14073,0.49547,0.50717,-0.48072,0.51595,653.77398
0.07689,0.10384,0.14073,0.49547,0.50717,-0.48072,0.51595,654.00553
0.07688,0.10405,0.14074,0.49547,0.50717,-0.48072,0.51595,654.19264
0.07688,0.10421,0.14074,0.49547,0.50717,-0.48072,0.51595,654.33341
0.07687,0.10433,0.14074,0.49547,0.50717,-0.48072,0.51595,654.42642
0.07687,0.10440,0.14074,0.49547,0.50717,-0.48072,0.51595,654.47074
0.07687,0.10442,0.14074,0.49547,0.50717,-0.48072,0.51595,654.47560
0.07687,0.10439,0.14074,0.49547,0.50717,-0.48072,0.51595,654.52962
0.07687,0.10431,0.14074,0.49547,0.50717,-0.48072,0.51595,654.63230
0.07688,0.10418,0.14074,0.49547,0.50717,-0.48072,0.51595,654.78266
0.07688,0.10401,0.14074,0.49547,0.50717,-0.48072,0.51595,654.97926
0.07690,0.10379,0.14073,0.49547,0.50717,-0.48072,0.51595,655.22019
0.07691,0.10353,0.14073,0.49547,0.50717,-0.48072,0.51595,655.50309
0.07692,0.10323,0.14073,0.49547,0.50717,-0.48072,0.51595,655.82520
0.07694,0.10288,0.14073,0.49547,0.50717,-0.48072,0.51595,656.18335
0.07696,0.10251,0.14073,0.49547,0.50717,-0.48072,0.51595,656.57404
0.07697,0.10210,0.14073,0.49547,0.50717,-0.48072,0.51595,656.99340
0.07699,0.10167,0.14072,0.49547,0.50717,-0.48072,0.51595,657.43731
0.07702,0.10122,0.14072,0.49547,0.50717,-0.48072,0.51595,657.90139
0.07704,0.10074,0.14072,0.49547,0.50717,-0.48072,0.51595,658.38104
0.07706,0.10026,0.14072,0.49547,0.50717,-0.48072,0.51595,658.87152
0.07708,0.09976,0.14071,0.49547,0.50717,-0.48072,0.51595,659.36797
0.07711,0.09927,0.14071,0.49547,0.50717,-0.48072,0.51595,659.86545
0.07713,0.09878,0.14071,0.49547,0.50717,-0.48072,0.51595,660.35903
0.07715,0.09829,0.14070,0.49547,0.50717,-0.48072,0.51595,660.84379
0.07718,0.09781,0.14070,0.49547,0.50717,-0.48072,0.51595,661.31491
0.07720,0.09734,0.14070,0.49547,0.50717,-0.48072,0.51595,661.76769
0.07722,0.09690,0.14070,0.49547,0.50717,-0.48072,0.51595,662.19760
0.07724,0.09648,0.14069,0.49547,0.50717,-0.48072,0.51595,662.60035
0.07726,0.09610,0.14069,0.49547,0.50717,-0.48072,0.51595,662.97191
0.07727,0.09574,0.14069,0.49547,0.50717,-0.48072,0.51595,663.30854
0.07729,0.09542,0.14069,0.49547,0.50717,-0.48072,0.51595,663.60687
0.07730,0.09514,0.14069,0.49547,0.50717,-0.48072,0.51595,663.86389
0.07731,0.09491,0.14069,0.49547,0.50717,-0.48072,0.51595,664.07700
0.07732,0.09472,0.14069,0.49547,0.50717,-0.48072,0.51595,664.24405
0.07733,0.09457,0.14068,0.49547,0.50717,-0.48072,0.51595,664.36332
0.07733,0.09448,0.14068,0.49547,0.50717,-0.48072,0.51595,664.43361
0.07734,0.09443,0.14068,0.49547,0.50717,-0.48072,0.51595,664.45415
0.07733,0.09444,0.14068,0.49547,0.50717,-0.48072,0.51595,664.48358
0.07733,0.09449,0.14068,0.49547,0.50717,-0.48072,0.51595,664.56272
0.07733,0.09460,0.14068,0.49547,0.50717,-0.48072,0.51595,664.69083
0.07732,0.09475,0.14069,0.49547,0.50717,-0.48072,0.51595,664.86664
0.07731,0.09495,0.14069,0.49547,0.50717,-0.48072,0.51595,665.08843
0.07730,0.09519,0.14069,0.49547,0.50717,-0.48072,0.51595,665.35402
0.07729,0.09548,0.14069,0.49547,0.50717,-0.48072,0.51595,665.66075
0.07727,0.09581,0.14069,0.49547,0.50717,-0.48072,0.51595,666.00559
0.07725,0.09617,0.14069,0.49547,0.50717,-0.48072,0.51595,666.38509
0.07723,0.09657,0.14070,0.49547,0.50717,-0.48072,0.51595,666.79546
0.07722,0.09699,0.14070,0.49547,0.50717,-0.48072,0.51595,667.23261
0.07719,0.09744,0.14070,0.49547,0.50717,-0.48072,0.51595,667.69215
0.07717,0.09791,0.14070,0.49547,0.50717,-0.48072,0.51595,668.16946
0.07715,0.09839,0.14070,0.49547,0.50717,-0.48072,0.51595,668.65977
0.07713,0.09889,0.14071,0.49547,0.50717,-0.48072,0.51595,669.15812
0.07710,0.09939,0.14071,0.49547,0.50717,-0.48072,0.51595,669.65952
0.07708,0.09988,0.14071,0.49547,0.50717,-0.48072,0.51595,670.15889
0.07706,0.10038,0.14072,0.49547,0.50717,-0.48072,0.51595,670.65121
0.07703,0.10087,0.14072,0.49547,0.50717,-0.48072,0.51595,671.13149
0.07701,0.10134,0.14072,0.49547,0.50717,-0.48072,0.51595,671.59488
0.07699,0.10179,0.14072,0.49547,0.50717,-0.48072,0.51595,672.03668
0.07697,0.10222,0.14073,0.49547,0.50717,-0.48072,0.51595,672.45242
0.07695,0.10263,0.14073,0.49547,0.50717,-0.48072,0.51595,672.83786
0.07693,0.10299,0.14073,0.49547,0.50717,-0.48072,0.51595,673.18909
0.07692,0.10333,0.14073,0.49547,0.50717,-0.48072,0.51595,673.50252
0.07690,0.10362,0.14073,0.49547,0.50717,-0.48072,0.51595,673.77496
0.07689,0.10387,0.14073,0.49547,0.50717,-0.48072,0.51595,674.00361
0.07688,0.10408,0.14074,0.49547,0.50717,-0.48072,0.51595,674.18613
0.07687,0.10424,0.14074,0.49547,0.50717,-0.48072,0.51595,674.32062
0.07687,0.10435,0.14074,0.49547,0.50717,-0.48072,0.51595,674.40570
0.07687,0.10441,0.14074,0.49547,0.50717,-0.48072,0.51595,674.44047
0.07687,0.10442,0.14074,0.49547,0.50717,-0.48072,0.51595,674.45641
0.07687,0.10438,0.14074,0.49547,0.50717,-0.48072,0.51595,674.52293
0.07687,0.10428,0.14074,0.49547,0.50717,-0.48072,0.51595,674.63939
0.07688,0.10414,0.14074,0.49547,0.50717,-0.48072,0.51595,674.80464
0.07689,0.10395,0.14074,0.49547,0.50717,-0.48072,0.51595,675.01703
0.07690,0.10372,0.14073,0.49547,0.50717,-0.48072,0.51595,675.27443
0.07691,0.10344,0.14073,0.49547,0.50717,-0.48072,0.51595,675.57426
0.07693,0.10312,0.14073,0.49547,0.50717,-0.48072,0.51595,675.91349
0.07694,0.10276,0.14073,0.49547,0.50717,-0.48072,0.51595,676.28868
0.07696,0.10237,0.14073,0.49547,0.50717,-0.48072,0.51595,676.69603
0.07698,0.10195,0.14072,0.49547,0.50717,-0.48072,0.51595,677.13142
0.07700,0.10150,0.14072,0.49547,0.50717,-0.48072,0.51595,677.59041
0.07702,0.10103,0.14072,0.49547,0.50717,-0.48072,0.51595,678.06833
0.07705,0.10054,0.14072,0.49547,0.50717,-0.48072,0.51595,678.56032
0.07707,0.10004,0.14071,0.49547,0.50717,-0.48072,0.51595,679.06134
0.07709,0.09954,0.14071,0.49547,0.50717,-0.48072,0.51595,679.56629
0.07712,0.09904,0.14071,0.49547,0.50717,-0.48072,0.51595,680.06999
0.07714,0.09854,0.14071,0.49547,0.50717,-0.48072,0.51595,680.56729
0.07717,0.09805,0.14070,0.49547,0.50717,-0.48072,0.51595,681.05309
0.07719,0.09757,0.14070,0.49547,0.50717,-0.48072,0.51595,681.52240
0.07721,0.09711,0.14070,0.49547,0.50717,-0.48072,0.51595,681.97040
0.07723,0.09667,0.14070,0.49547,0.50717,-0.48072,0.51595,682.39247
0.07725,0.09627,0.14069,0.49547,0.50717,-0.48072,0.51595,682.78428
0.07727,0.09589,0.14069,0.49547,0.50717,-0.48072,0.51595,683.14176
0.07728,0.09555,0.14069,0.49547,0.50717,-0.48072,0.51595,683.46123
0.07730,0.09525,0.14069,0.49547,0.50717,-0.48072,0.51595,683.73938
0.07731,0.09500,0.14069,0.49547,0.50717,-0.48072,0.51595,683.97331
0.07732,0.09478,0.14069,0.49547,0.50717,-0.48072,0.51595,684.16059
0.07733,0.09462,0.14068,0.49547,0.50717,-0.48072,0.51595,684.29926
0.07733,0.09451,0.14068,0.49547,0.50717,-0.48072,0.51595,684.38785
0.07733,0.09444,0.14068,0.49547,0.50717,-0.48072,0.51595,684.42542
0.07734,0.09443,0.14068,0.49547,0.50717,-0.48072,0.51595,684.43930
0.07733,0.09447,0.14068,0.49547,0.50717,-0.48072,0.51595,684.50451
0.07733,0.09456,0.14068,0.49547,0.50717,-0.48072,0.51595,684.62042
0.07732,0.09470,0.14068,0.49547,0.50717,-0.48072,0.51595,684.78588
0.07731,0.09489,0.14069,0.49547,0.50717,-0.48072,0.51595,684.99920
0.07730,0.09513,0.14069,0.49547,0.50717,-0.48072,0.51595,685.25822
0.07729,0.09541,0.14069,0.49547,0.50717,-0.48072,0.51595,685.56029
0.07727,0.09573,0.14069,0.49547,0.50717,-0.48072,0.51595,685.90232
0.07726,0.09610,0.14069,0.49547,0.50717,-0.48072,0.51595,686.28080
0.07724,0.09649,0.14069,0.49547,0.50717,-0.48072,0.51595,686.69183
0.07722,0.09692,0.14070,0.49547,0.50717,-0.48072,0.51595,687.13118
0.07720,0.09737,0.14070,0.49547,0.50717,-0.48072,0.51595,687.59433
0.07718,0.09784,0.14070,0.49547,0.50717,-0.48072,0.51595,688.07648
0.07715,0.09833,0.14070,0.49547,0.50717,-0.48072,0.51595,688.57265
0.07713,0.09884,0.14071,0.49547,0.50717,-0.48072,0.51595,689.07770
0.07710,0.09934,0.14071,0.49547,0.50717,-0.48072,0.51595,689.58640
0.07708,0.09984,0.14071,0.49547,0.50717,-0.48072,0.51595,690.09346
0.07706,0.10035,0.14072,0.49547,0.50717,-0.48072,0.51595,690.59362
0.07703,0.10084,0.14072,0.49547,0.50717,-0.48072,0.51595,691.08167
0.07701,0.10132,0.14072,0.49547,0.50717,-0.48072,0.51595,691.55253
0.07699,0.10179,0.14072,0.49547,0.50717,-0.48072,0.51595,692.00129
0.07697,0.10222,0.14073,0.49547,0.50717,-0.48072,0.51595,692.42325
0.07695,0.10263,0.14073,0.49547,0.50717,-0.48072,0.51595,692.81402
0.07693,0.10300,0.14073,0.49547,0.50717,-0.48072,0.51595,693.16949
0.07692,0.10334,0.14073,0.49547,0.50717,-0.48072,0.51595,693.48594
0.07690,0.10364,0.14073,0.49547,0.50717,-0.48072,0.51595,693.76003
0.07689,0.10389,0.14073,0.49547,0.50717,-0.48072,0.51595,693.98888
0.07688,0.10409,0.14074,0.49547,0.50717,-0.48072,0.51595,694.17007
0.07687,0.10425,0.14074,0.49547,0.50717,-0.48072,0.51595,694.30167
0.07687,0.10436,0.14074,0.49547,0.50717,-0.48072,0.51595,694.38227
0.07687,0.10441,0.14074,0.49547,0.50717,-0.48072,0.51595,694.41100
0.07687,0.10441,0.14074,0.49547,0.50717,-0.48072,0.51595,694.43449
0.07687,0.10437,0.14074,0.49547,0.50717,-0.48072,0.51595,694.50997
0.07687,0.10426,0.14074,0.49547,0.50717,-0.48072,0.51595,694.63671
0.07688,0.10411,0.14074,0.49547,0.50717,-0.48072,0.51595,694.81340
0.07689,0.10391,0.14073,0.49547,0.50717,-0.48072,0.51595,695.03824
0.07690,0.10366,0.14073,0.49547,0.50717,-0.48072,0.51595,695.30889
0.07691,0.10337,0.14073,0.49547,0.50717,-0.48072,0.51595,695.62255
0.07693,0.10303,0.14073,0.49547,0.50717,-0.48072,0.51595,695.97597
0.07695,0.10266,0.14073,0.49547,0.50717,-0.48072,0.51595,696.36545
0.07697,0.10226,0.14073,0.49547,0.50717,-0.48072,0.51595,696.78693
0.07699,0.10182,0.14072,0.49547,0.50717,-0.48072,0.51595,697.23602
0.07701,0.10136,0.14072,0.49547,0.50717,-0.48072,0.51595,697.70800
0.07703,0.10088,0.14072,0.49547,0.50717,-0.48072,0.51595,698.19793
0.07706,0.10038,0.14072,0.49547,0.50717,-0.48072,0.51595,698.70066
0.07708,0.09987,0.14071,0.49547,0.50717,-0.48072,0.51595,699.21092
0.07710,0.09937,0.14071,0.49547,0.50717,-0.48072,0.51595,699.72333
0.07713,0.09885,0.14071,0.49547,0.50717,-0.48072,0.51595,700.23250
0.07715,0.09835,0.14070,0.49547,0.50717,-0.48072,0.51595,700.73306
0.07717,0.09785,0.14070,0.49547,0.50717,-0.48072,0.51595,701.21973
0.07720,0.09738,0.14070,0.49547,0.50717,-0.48072,0.51595,701.68735
0.07722,0.09692,0.14070,0.49547,0.50717,-0.48072,0.51595,702.13098
0.07724,0.09649,0.14069,0.49547,0.50717,-0.48072,0.51595,702.54592
0.07726,0.09609,0.14069,0.49547,0.50717,-0.48072,0.51595,702.92777
0.07727,0.09572,0.14069,0.49547,0.50717,-0.48072,0.51595,703.27246
0.07729,0.09540,0.14069,0.49547,0.50717,-0.48072,0.51595,703.57633
0.07730,0.09512,0.14069,0.49547,0.50717,-0.48072,0.51595,703.83613
0.07731,0.09488,0.14069,0.49547,0.50717,-0.48072,0.51595,704.04908
0.07732,0.09469,0.14068,0.49547,0.50717,-0.48072,0.51595,704.21289
0.07733,0.09455,0.14068,0.49547,0.50717,-0.48072,0.51595,704.32580
0.07733,0.09447,0.14068,0.49547,0.50717,-0.48072,0.51595,704.38657
0.07734,0.09443,0.14068,0.49547,0.50717,-0.48072,0.51595,704.39452
0.07733,0.09445,0.14068,0.49547,0.50717,-0.48072,0.51595,704.43951
0.07733,0.09452,0.14068,0.49547,0.50717,-0.48072,0.51595,704.53700
0.07733,0.09464,0.14068,0.49547,0.50717,-0.48072,0.51595,704.68599
0.07732,0.09482,0.14069,0.49547,0.50717,-0.48072,0.51595,704.88493
0.07731,0.09504,0.14069,0.49547,0.50717,-0.48072,0.51595,705.13174
0.07729,0.09531,0.14069,0.49547,0.50717,-0.48072,0.51595,705.42384
0.07728,0.09563,0.14069,0.49547,0.50717,-0.48072,0.51595,705.75814
0.07726,0.09598,0.14069,0.49547,0.50717,-0.48072,0.51595,706.13112
0.07724,0.09637,0.14069,0.49547,0.50717,-0.48072,0.51595,706.53883
0.07722,0.09680,0.14070,0.49547,0.50717,-0.48072,0.51595,706.97695
0.07720,0.09725,0.14070,0.49547,0.50717,-0.48072,0.51595,707.44083
0.07718,0.09772,0.14070,0.49547,0.50717,-0.48072,0.51595,707.92555
0.07716,0.09822,0.14070,0.49547,0.50717,-0.48072,0.51595,708.42594
0.07713,0.09872,0.14071,0.49547,0.50717,-0.48072,0.51595,708.93668
0.07711,0.09924,0.14071,0.49547,0.50717,-0.48072,0.51595,709.45232
0.07708,0.09975,0.14071,0.49547,0.50717,-0.48072,0.51595,709.96736
0.07706,0.10026,0.14072,0.49547,0.50717,-0.48072,0.51595,710.47628
0.07704,0.10076,0.14072,0.49547,0.50717,-0.48072,0.51595,710.97365
0.07701,0.10125,0.14072,0.49547,0.50717,-0.48072,0.51595,711.45414
0.07699,0.10172,0.14072,0.49547,0.50717,-0.48072,0.51595,711.91258
0.07697,0.10217,0.14073,0.49547,0.50717,-0.48072,0.51595,712.34406
0.07695,0.10259,0.14073,0.49547,0.50717,-0.48072,0.51595,712.74394
0.07693,0.10297,0.14073,0.49547,0.50717,-0.48072,0.51595,713.10790
0.07692,0.10332,0.14073,0.49547,0.50717,-0.48072,0.51595,713.43202
0.07690,0.10362,0.14073,0.49547,0.50717,-0.48072,0.51595,713.71280
0.07689,0.10388,0.14073,0.49547,0.50717,-0.48072,0.51595,713.94719
0.07688,0.10409,0.14074,0.49547,0.50717,-0.48072,0.51595,714.13265
0.07687,0.10425,0.14074,0.49547,0.50717,-0.48072,0.51595,714.26714
0.07687,0.10436,0.14074,0.49547,0.50717,-0.48072,0.51595,714.34919
0.07687,0.10441,0.14074,0.49547,0.50717,-0.48072,0.51595,714.37788
0.07687,0.10441,0.14074,0.49547,0.50717,-0.48072,0.51595,714.40290
0.07687,0.10436,0.14074,0.49547,0.50717,-0.48072,0.51595,714.48139
0.07687,0.10426,0.14074,0.49547,0.50717,-0.48072,0.51595,714.61255
0.07688,0.10410,0.14074,0.49547,0.50717,-0.48072,0.51595,714.79500
0.07689,0.10389,0.14073,0.49547,0.50717,-0.48072,0.51595,715.02680
0.07690,0.10364,0.14073,0.49547,0.50717,-0.48072,0.51595,715.30550
0.07692,0.10333,0.14073,0.49547,0.50717,-0.48072,0.51595,715.62812
0.07693,0.10299,0.14073,0.49547,0.50717,-0.48072,0.51595,715.99120
0.07695,0.10261,0.14073,0.49547,0.50717,-0.48072,0.51595,716.39086
0.07697,0.10219,0.14073,0.49547,0.50717,-0.48072,0.51595,716.82280
0.07699,0.10174,0.14072,0.49547,0.50717,-0.48072,0.51595,717.28238
0.07701,0.10127,0.14072,0.49547,0.50717,-0.48072,0.51595,717.76465
0.07704,0.10078,0.14072,0.49547,0.50717,-0.48072,0.51595,718.26440
0.07706,0.10027,0.14072,0.49547,0.50717,-0.48072,0.51595,718.77625
0.07708,0.09976,0.14071,0.49547,0.50717,-0.48072,0.51595,719.29465
0.07711,0.09925,0.14071,0.49547,0.50717,-0.48072,0.51595,719.81399
0.07713,0.09873,0.14071,0.49547,0.50717,-0.48072,0.51595,720.32866
0.07716,0.09822,0.14070,0.49547,0.50717,-0.48072,0.51595,720.83306
0.07718,0.09772,0.14070,0.49547,0.50717,-0.48072,0.51595,721.32172
0.07720,0.09724,0.14070,0.49547,0.50717,-0.48072,0.51595,721.78932
0.07723,0.09678,0.14070,0.49547,0.50717,-0.48072,0.51595,722.23078
0.07724,0.09636,0.14069,0.49547,0.50717,-0.48072,0.51595,722.64127
0.07726,0.09596,0.14069,0.49547,0.50717,-0.48072,0.51595,723.01633
0.07728,0.09561,0.14069,0.49547,0.50717,-0.48072,0.51595,723.35184
0.07730,0.09529,0.14069,0.49547,0.50717,-0.48072,0.51595,723.64414
0.07731,0.09502,0.14069,0.49547,0.50717,-0.48072,0.51595,723.89000
0.07732,0.09480,0.14069,0.49547,0.50717,-0.48072,0.51595,724.08673
0.07733,0.09463,0.14068,0.49547,0.50717,-0.48072,0.51595,724.23214
0.07733,0.09451,0.14068,0.49547,0.50717,-0.48072,0.51595,724.32462
0.07733,0.09444,0.14068,0.49547,0.50717,-0.48072,0.51595,724.36313
0.07734,0.09443,0.14068,0.49547,0.50717,-0.48072,0.51595,724.37906
0.07733,0.09448,0.14068,0.49547,0.50717,-0.48072,0.51595,724.44929
0.07733,0.09457,0.14068,0.49547,0.50717,-0.48072,0.51595,724.57308
0.07732,0.09472,0.14069,0.49547,0.50717,-0.48072,0.51595,724.74913
0.07731,0.09492,0.14069,0.49547,0.50717,-0.48072,0.51595,724.97555
0.07730,0.09518,0.14069,0.49547,0.50717,-0.48072,0.51595,725.24989
0.07729,0.09547,0.14069,0.49547,0.50717,-0.48072,0.51595,725.56918
0.07727,0.09581,0.14069,0.49547,0.50717,-0.48072,0.51595,725.92997
0.07725,0.09620,0.14069,0.49547,0.50717,-0.48072,0.51595,726.32834
0.07723,0.09661,0.14070,0.49547,0.50717,-0.48072,0.51595,726.75994
0.07721,0.09706,0.14070,0.49547,0.50717,-0.48072,0.51595,727.22007
0.07719,0.09753,0.14070,0.49547,0.50717,-0.48072,0.51595,727.70370
0.07717,0.09803,0.14070,0.49547,0.50717,-0.48072,0.51595,728.20556
0.07714,0.09854,0.14071,0.49547,0.50717,-0.48072,0.51595,728.72014
0.07712,0.09905,0.14071,0.49547,0.50717,-0.48072,0.51595,729.24180
0.07709,0.09957,0.14071,0.49547,0.50717,-0.48072,0.51595,729.76483
0.07707,0.10009,0.14071,0.49547,0.50717,-0.48072,0.51595,730.28347
0.07704,0.10061,0.14072,0.49547,0.50717,-0.48072,0.51595,730.79203
0.07702,0.10111,0.14072,0.49547,0.50717,-0.48072,0.51595,731.28491
0.07700,0.10159,0.14072,0.49547,0.50717,-0.48072,0.51595,731.75666
0.07698,0.10205,0.14072,0.49547,0.50717,-0.48072,0.51595,732.20209
0.07696,0.10248,0.14073,0.49547,0.50717,-0.48072,0.51595,732.61628
0.07694,0.10288,0.14073,0.49547,0.50717,-0.48072,0.51595,732.99463
0.07692,0.10324,0.14073,0.49547,0.50717,-0.48072,0.51595,733.33295
0.07691,0.10356,0.14073,0.49547,0.50717,-0.48072,0.51595,733.62750
0.07689,0.10383,0.14073,0.49547,0.50717,-0.48072,0.51595,733.87498
0.07688,0.10405,0.14074,0.49547,0.50717,-0.48072,0.51595,734.07264
0.07687,0.10422,0.14074,0.49547,0.50717,-0.48072,0.51595,734.21825
0.07687,0.10434,0.14074,0.49547,0.50717,-0.48072,0.51595,734.31018
0.07687,0.10441,0.14074,0.49547,0.50717,-0.48072,0.51595,734.34738
0.07687,0.10442,0.14074,0.49547,0.50717,-0.48072,0.51595,734.36537
0.07687,0.10437,0.14074,0.49547,0.50717,-0.48072,0.51595,734.43839
0.07687,0.10427,0.14074,0.49547,0.50717,-0.48072,0.51595,734.56566
0.07688,0.10412,0.14074,0.49547,0.50717,-0.48072,0.51595,734.74581
0.07689,0.10391,0.14073,0.49547,0.50717,-0.48072,0.51595,734.97688
0.07690,0.10365,0.14073,0.49547,0.50717,-0.48072,0.51595,735.25635
0.07692,0.10335,0.14073,0.49547,0.50717,-0.48072,0.51595,735.58115
0.07693,0.10301,0.14073,0.49547,0.50717,-0.48072,0.51595,735.94771
0.07695,0.10262,0.14073,0.49547,0.50717,-0.48072,0.51595,736.35198
0.07697,0.10220,0.14073,0.49547,0.50717,-0.48072,0.51595,736.78952
0.07699,0.10174,0.14072,0.49547,0.50717,-0.48072,0.51595,737.25547
0.07701,0.10126,0.14072,0.49547,0.50717,-0.48072,0.51595,737.74469
0.07704,0.10077,0.14072,0.49547,0.50717,-0.48072,0.51595,738.25174
0.07706,0.10025,0.14072,0.49547,0.50717,-0.48072,0.51595,738.77101
0.07709,0.09973,0.14071,0.49547,0.50717,-0.48072,0.51595,739.29672
0.07711,0.09921,0.14071,0.49547,0.50717,-0.48072,0.51595,739.82303
0.07714,0.09868,0.14071,0.49547,0.50717,-0.48072,0.51595,740.34407
0.07716,0.09817,0.14070,0.49547,0.50717,-0.48072,0.51595,740.85403
0.07718,0.09766,0.14070,0.49547,0.50717,-0.48072,0.51595,741.34723
0.07721,0.09718,0.14070,0.49547,0.50717,-0.48072,0.51595,741.81816
0.07723,0.09672,0.14070,0.49547,0.50717,-0.48072,0.51595,742.26153
0.07725,0.09629,0.14069,0.49547,0.50717,-0.48072,0.51595,742.67240
0.07727,0.09590,0.14069,0.49547,0.50717,-0.48072,0.51595,743.04614
0.07728,0.09555,0.14069,0.49547,0.50717,-0.48072,0.51595,743.37855
0.07730,0.09524,0.14069,0.49547,0.50717,-0.48072,0.51595,743.66590
0.07731,0.09497,0.14069,0.49547,0.50717,-0.48072,0.51595,743.90494
0.07732,0.09476,0.14069,0.49547,0.50717,-0.48072,0.51595,744.09296
0.07733,0.09460,0.14068,0.49547,0.50717,-0.48072,0.51595,744.22782
0.07733,0.09449,0.14068,0.49547,0.50717,-0.48072,0.51595,744.30799
0.07733,0.09444,0.14068,0.49547,0.50717,-0.48072,0.51595,744.33251
0.07733,0.09444,0.14068,0.49547,0.50717,-0.48072,0.51595,744.36394
0.07733,0.09450,0.14068,0.49547,0.50717,-0.48072,0.51595,744.45099
0.07733,0.09461,0.14068,0.49547,0.50717,-0.48072,0.51595,744.59275
0.07732,0.09478,0.14069,0.49547,0.50717,-0.48072,0.51595,744.78764
0.07731,0.09500,0.14069,0.49547,0.50717,-0.48072,0.51595,745.03353
0.07730,0.09527,0.14069,0.49547,0.50717,-0.48072,0.51595,745.32768
0.07728,0.09559,0.14069,0.49547,0.50717,-0.48072,0.51595,745.66681
0.07726,0.09595,0.14069,0.49547,0.50717,-0.48072,0.51595,746.04716
0.07725,0.09635,0.14069,0.49547,0.50717,-0.48072,0.51595,746.46445
0.07722,0.09679,0.14070,0.49547,0.50717,-0.48072,0.51595,746.91404
0.07720,0.09725,0.14070,0.49547,0.50717,-0.48072,0.51595,747.39087
0.07718,0.09774,0.14070,0.49547,0.50717,-0.48072,0.51595,747.88959
0.07716,0.09825,0.14070,0.49547,0.50717,-0.48072,0.51595,748.40461
0.07713,0.09877,0.14071,0.49547,0.50717,-0.48072,0.51595,748.93011
0.07711,0.09930,0.14071,0.49547,0.50717,-0.48072,0.51595,749.46019
0.07708,0.09982,0.14071,0.49547,0.50717,-0.48072,0.51595,749.98887
0.07706,0.10035,0.14072,0.49547,0.50717,-0.48072,0.51595,750.51018
0.07703,0.10086,0.14072,0.49547,0.50717,-0.48072,0.51595,751.01823
0.07701,0.10136,0.14072,0.49547,0.50717,-0.48072,0.51595,751.50726
0.07699,0.10184,0.14072,0.49547,0.50717,-0.48072,0.51595,751.97174
0.07697,0.10229,0.14073,0.49547,0.50717,-0.48072,0.51595,752.40639
0.07695,0.10271,0.14073,0.49547,0.50717,-0.48072,0.51595,752.80629
0.07693,0.10309,0.14073,0.49547,0.50717,-0.48072,0.51595,753.16688
0.07691,0.10343,0.14073,0.49547,0.50717,-0.48072,0.51595,753.48405
0.07690,0.10373,0.14073,0.49547,0.50717,-0.48072,0.51595,753.75418
0.07689,0.10397,0.14074,0.49547,0.50717,-0.48072,0.51595,753.97418
0.07688,0.10417,0.14074,0.49547,0.50717,-0.48072,0.51595,754.14151
0.07687,0.10431,0.14074,0.49547,0.50717,-0.48072,0.51595,754.25426
0.07687,0.10439,0.14074,0.49547,0.50717,-0.48072,0.51595,754.31108
0.07687,0.10442,0.14074,0.49547,0.50717,-0.48072,0.51595,754.31132
0.07687,0.10439,0.14074,0.49547,0.50717,-0.48072,0.51595,754.36772
0.07687,0.10431,0.14074,0.49547,0.50717,-0.48072,0.51595,754.48015
0.07688,0.10417,0.14074,0.49547,0.50717,-0.48072,0.51595,754.64737
0.07689,0.10397,0.14074,0.49547,0.50717,-0.48072,0.51595,754.86752
0.07690,0.10373,0.14073,0.49547,0.50717,-0.48072,0.51595,755.13812
0.07691,0.10343,0.14073,0.49547,0.50717,-0.48072,0.51595,755.45613
0.07693,0.10309,0.14073,0.49547,0.50717,-0.48072,0.51595,755.81795
0.07695,0.10271,0.14073,0.49547,0.50717,-0.48072,0.51595,756.21951
0.07697,0.10229,0.14073,0.49547,0.50717,-0.48072,0.51595,756.65623
0.07699,0.10183,0.14072,0.49547,0.50717,-0.48072,0.51595,757.12318
0.07701,0.10135,0.14072,0.49547,0.50717,-0.48072,0.51595,757.61503
0.07703,0.10085,0.14072,0.49547,0.50717,-0.48072,0.51595,758.12619
0.07706,0.10033,0.14072,0.49547,0.50717,-0.48072,0.51595,758.65084
0.07708,0.09980,0.14071,0.49547,0.50717,-0.48072,0.51595,759.18299
0.07711,0.09928,0.14071,0.49547,0.50717,-0.48072,0.51595,759.71657
0.07713,0.09874,0.14071,0.49547,0.50717,-0.48072,0.51595,760.24546
0.07716,0.09822,0.14070,0.49547,0.50717,-0.48072,0.51595,760.76363
0.07718,0.09771,0.14070,0.49547,0.50717,-0.48072,0.51595,761.26513
0.07720,0.09722,0.14070,0.49547,0.50717,-0.48072,0.51595,761.74420
0.07723,0.09675,0.14070,0.49547,0.50717,-0.48072,0.51595,762.19535
0.07725,0.09631,0.14069,0.49547,0.50717,-0.48072,0.51595,762.61339
0.07727,0.09591,0.14069,0.49547,0.50717,-0.48072,0.51595,762.99349
0.07728,0.09555,0.14069,0.49547,0.50717,-0.48072,0.51595,763.33128
0.07730,0.09524,0.14069,0.49547,0.50717,-0.48072,0.51595,763.62285
0.07731,0.09497,0.14069,0.49547,0.50717,-0.48072,0.51595,763.86482
0.07732,0.09475,0.14069,0.49547,0.50717,-0.48072,0.51595,764.05438
0.07733,0.09459,0.14068,0.49547,0.50717,-0.48072,0.51595,764.18931
0.07733,0.09448,0.14068,0.49547,0.50717,-0.48072,0.51595,764.26803
0.07734,0.09443,0.14068,0.49547,0.50717,-0.48072,0.51595,764.28960
0.07733,0.09444,0.14068,0.49547,0.50717,-0.48072,0.51595,764.32547
0.07733,0.09451,0.14068,0.49547,0.50717,-0.48072,0.51595,764.41841
0.07733,0.09463,0.14068,0.49547,0.50717,-0.48072,0.51595,764.56739
0.07732,0.09480,0.14069,0.49547,0.50717,-0.48072,0.51595,764.77071
0.07731,0.09503,0.14069,0.49547,0.50717,-0.48072,0.51595,765.02609
0.07729,0.09531,0.14069,0.49547,0.50717,-0.48072,0.51595,765.33060
0.07728,0.09564,0.14069,0.49547,0.50717,-0.48072,0.51595,765.68076
0.07726,0.09601,0.14069,0.49547,0.50717,-0.48072,0.51595,766.07257
0.07724,0.09643,0.14069,0.49547,0.50717,-0.48072,0.51595,766.50153
0.07722,0.09687,0.14070,0.49547,0.50717,-0.48072,0.51595,766.96270
0.07720,0.09735,0.14070,0.49547,0.50717,-0.48072,0.51595,767.45078
0.07717,0.09785,0.14070,0.49547,0.50717,-0.48072,0.51595,767.96014
0.07715,0.09837,0.14070,0.49547,0.50717,-0.48072,0.51595,768.48490
0.07713,0.09890,0.14071,0.49547,0.50717,-0.48072,0.51595,769.01901
0.07710,0.09943,0.14071,0.49547,0.50717,-0.48072,0.51595,769.55627
0.07708,0.09996,0.14071,0.49547,0.50717,-0.48072,0.51595,770.09048
0.07705,0.10049,0.14072,0.49547,0.50717,-0.48072,0.51595,770.61543
0.07703,0.10101,0.14072,0.49547,0.50717,-0.48072,0.51595,771.12504
0.07700,0.10151,0.14072,0.49547,0.50717,-0.48072,0.51595,771.61339
0.07698,0.10199,0.14072,0.49547,0.50717,-0.48072,0.51595,772.07478
0.07696,0.10244,0.14073,0.49547,0.50717,-0.48072,0.51595,772.50386
0.07694,0.10285,0.14073,0.49547,0.50717,-0.48072,0.51595,772.89561
0.07692,0.10322,0.14073,0.49547,0.50717,-0.48072,0.51595,773.24545
0.07691,0.10355,0.14073,0.49547,0.50717,-0.48072,0.51595,773.54930
0.07689,0.10383,0.14073,0.49547,0.50717,-0.48072,0.51595,773.80359
0.07688,0.10406,0.14074,0.49547,0.50717,-0.48072,0.51595,774.00532
0.07687,0.10423,0.14074,0.49547,0.50717,-0.48072,0.51595,774.15212
0.07687,0.10435,0.14074,0.49547,0.50717,-0.48072,0.51595,774.24223
0.07687,0.10441,0.14074,0.49547,0.50717,-0.48072,0.51595,774.27458
0.07687,0.10441,0.14074,0.49547,0.50717,-0.48072,0.51595,774.30042
0.07687,0.10436,0.14074,0.49547,0.50717,-0.48072,0.51595,774.38418
0.07687,0.10425,0.14074,0.49547,0.50717,-0.48072,0.51595,774.52492
0.07688,0.10408,0.14074,0.49547,0.50717,-0.48072,0.51595,774.72104
0.07689,0.10385,0.14073,0.49547,0.50717,-0.48072,0.51595,774.97029
0.07691,0.10358,0.14073,0.49547,0.50717,-0.48072,0.51595,775.26978
0.07692,0.10326,0.14073,0.49547,0.50717,-0.48072,0.51595,775.61605
0.07694,0.10289,0.14073,0.49547,0.50717,-0.48072,0.51595,776.00509
0.07696,0.10248,0.14073,0.49547,0.50717,-0.48072,0.51595,776.43237
0.07698,0.10203,0.14072,0.49547,0.50717,-0.48072,0.51595,776.89291
0.07700,0.10156,0.14072,0.49547,0.50717,-0.48072,0.51595,777.38136
0.07702,0.10106,0.14072,0.49547,0.50717,-0.48072,0.51595,777.89199
0.07705,0.10054,0.14072,0.49547,0.50717,-0.48072,0.51595,778.41885
0.07707,0.10000,0.14071,0.49547,0.50717,-0.48072,0.51595,778.95577
0.07710,0.09946,0.14071,0.49547,0.50717,-0.48072,0.51595,779.49646
0.07712,0.09893,0.14071,0.49547,0.50717,-0.48072,0.51595,780.03458
0.07715,0.09839,0.14070,0.49547,0.50717,-0.48072,0.51595,780.56381
0.07717,0.09787,0.14070,0.49547,0.50717,-0.48072,0.51595,781.07792
0.07720,0.09737,0.14070,0.49547,0.50717,-0.48072,0.51595,781.57088
0.07722,0.09689,0.14070,0.49547,0.50717,-0.48072,0.51595,782.03687
0.07724,0.09643,0.14069,0.49547,0.50717,-0.48072,0.51595,782.47039
0.07726,0.09602,0.14069,0.49547,0.50717,-0.48072,0.51595,782.86632
0.07728,0.09564,0.14069,0.49547,0.50717,-0.48072,0.51595,783.21998
0.07729,0.09531,0.14069,0.49547,0.50717,-0.48072,0.51595,783.52718
0.07731,0.09503,0.14069,0.49547,0.50717,-0.48072,0.51595,783.78426
0.07732,0.09480,0.14069,0.49547,0.50717,-0.48072,0.51595,783.98817
0.07733,0.09462,0.14068,0.49547,0.50717,-0.48072,0.51595,784.13647
0.07733,0.09450,0.14068,0.49547,0.50717,-0.48072,0.51595,784.22736
0.07733,0.09444,0.14068,0.49547,0.50717,-0.48072,0.51595,784.25974
0.07733,0.09444,0.14068,0.49547,0.50717,-0.48072,0.51595,784.28629
0.07733,0.09449,0.14068,0.49547,0.50717,-0.48072,0.51595,784.37150
0.07733,0.09461,0.14068,0.49547,0.50717,-0.48072,0.51595,784.51439
0.07732,0.09478,0.14069,0.49547,0.50717,-0.48072,0.51595,784.71332
0.07731,0.09500,0.14069,0.49547,0.50717,-0.48072,0.51595,784.96597
0.07730,0.09528,0.14069,0.49547,0.50717,-0.48072,0.51595,785.26939
0.07728,0.09561,0.14069,0.49547,0.50717,-0.48072,0.51595,785.62002
0.07726,0.09598,0.14069,0.49547,0.50717,-0.48072,0.51595,786.01373
0.07724,0.09640,0.14069,0.49547,0.50717,-0.48072,0.51595,786.44590
0.07722,0.09685,0.14070,0.49547,0.50717,-0.48072,0.51595,786.91142
0.07720,0.09733,0.14070,0.49547,0.50717,-0.48072,0.51595,787.40480
0.07718,0.09784,0.14070,0.49547,0.50717,-0.48072,0.51595,787.92020
0.07715,0.09836,0.14070,0.49547,0.50717,-0.48072,0.51595,788.45153
0.07713,0.09890,0.14071,0.49547,0.50717,-0.48072,0.51595,788.99247
0.07710,0.09943,0.14071,0.49547,0.50717,-0.48072,0.51595,789.53662
0.07707,0.09998,0.14071,0.49547,0.50717,-0.48072,0.51595,790.07751
0.07705,0.10051,0.14072,0.49547,0.50717,-0.48072,0.51595,790.60870
0.07702,0.10104,0.14072,0.49547,0.50717,-0.48072,0.51595,791.12388
0.07700,0.10154,0.14072,0.49547,0.50717,-0.48072,0.51595,791.61690
0.07698,0.10202,0.14072,0.49547,0.50717,-0.48072,0.51595,792.08187
0.07696,0.10247,0.14073,0.49547,0.50717,-0.48072,0.51595,792.51325
0.07694,0.10289,0.14073,0.49547,0.50717,-0.48072,0.51595,792.90587
0.07692,0.10326,0.14073,0.49547,0.50717,-0.48072,0.51595,793.25503
0.07690,0.10359,0.14073,0.49547,0.50717,-0.48072,0.51595,793.55653
0.07689,0.10386,0.14073,0.49547,0.50717,-0.48072,0.51595,793.80675
0.07688,0.10409,0.14074,0.49547,0.50717,-0.48072,0.51595,794.00266
0.07687,0.10425,0.14074,0.49547,0.50717,-0.48072,0.51595,794.14190
0.07687,0.10436,0.14074,0.49547,0.50717,-0.48072,0.51595,794.22275
0.07687,0.10442,0.14074,0.49547,0.50717,-0.48072,0.51595,794.24422
0.07687,0.10441,0.14074,0.49547,0.50717,-0.48072,0.51595,794.28243
0.07687,0.10434,0.14074,0.49547,0.50717,-0.48072,0.51595,794.37990
0.07688,0.10421,0.14074,0.49547,0.50717,-0.48072,0.51595,794.53550
0.07688,0.10403,0.14074,0.49547,0.50717,-0.48072,0.51595,794.74741
0.07690,0.10379,0.14073,0.49547,0.50717,-0.48072,0.51595,795.01313
0.07691,0.10350,0.14073,0.49547,0.50717,-0.48072,0.51595,795.32950
0.07692,0.10316,0.14073,0.49547,0.50717,-0.48072,0.51595,795.69278
0.07694,0.10277,0.14073,0.49547,0.50717,-0.48072,0.51595,796.09862
0.07696,0.10234,0.14073,0.49547,0.50717,-0.48072,0.51595,796.54220
0.07698,0.10188,0.14072,0.49547,0.50717,-0.48072,0.51595,797.01821
0.07701,0.10139,0.14072,0.49547,0.50717,-0.48072,0.51595,797.52095
0.07703,0.10088,0.14072,0.49547,0.50717,-0.48072,0.51595,798.04441
0.07706,0.10035,0.14072,0.49547,0.50717,-0.48072,0.51595,798.58230
0.07708,0.09980,0.14071,0.49547,0.50717,-0.48072,0.51595,799.12818
0.07711,0.09926,0.14071,0.49547,0.50717,-0.48072,0.51595,799.67546
0.07713,0.09872,0.14071,0.49547,0.50717,-0.48072,0.51595,800.21758
0.07716,0.09818,0.14070,0.49547,0.50717,-0.48072,0.51595,800.74800
0.07718,0.09766,0.14070,0.49547,0.50717,-0.48072,0.51595,801.26033
0.07721,0.09715,0.14070,0.49547,0.50717,-0.48072,0.51595,801.74837
0.07723,0.09668,0.14070,0.49547,0.50717,-0.48072,0.51595,802.20624
0.07725,0.09624,0.14069,0.49547,0.50717,-0.48072,0.51595,802.62838
0.07727,0.09584,0.14069,0.49547,0.50717,-0.48072,0.51595,803.00968
0.07729,0.09548,0.14069,0.49547,0.50717,-0.48072,0.51595,803.34551
0.07730,0.09516,0.14069,0.49547,0.50717,-0.48072,0.51595,803.63180
0.07731,0.09490,0.14069,0.49547,0.50717,-0.48072,0.51595,803.86503
0.07732,0.09470,0.14068,0.49547,0.50717,-0.48072,0.51595,804.04237
0.07733,0.09455,0.14068,0.49547,0.50717,-0.48072,0.51595,804.16163
0.07733,0.09446,0.14068,0.49547,0.50717,-0.48072,0.51595,804.22133
0.07734,0.09443,0.14068,0.49547,0.50717,-0.48072,0.51595,804.22195
0.07733,0.09446,0.14068,0.49547,0.50717,-0.48072,0.51595,804.28292
0.07733,0.09455,0.14068,0.49547,0.50717,-0.48072,0.51595,804.40354
0.07732,0.09470,0.14068,0.49547,0.50717,-0.48072,0.51595,804.58239
0.07731,0.09491,0.14069,0.49547,0.50717,-0.48072,0.51595,804.81734
0.07730,0.09517,0.14069,0.49547,0.50717,-0.48072,0.51595,805.10558
0.07729,0.09549,0.14069,0.49547,0.50717,-0.48072,0.51595,805.44363
0.07727,0.09585,0.14069,0.49547,0.50717,-0.48072,0.51595,805.82744
0.07725,0.09625,0.14069,0.49547,0.50717,-0.48072,0.51595,806.25237
0.07723,0.09670,0.14070,0.49547,0.50717,-0.48072,0.51595,806.71328
0.07721,0.09718,0.14070,0.49547,0.50717,-0.48072,0.51595,807.20459
0.07718,0.09768,0.14070,0.49547,0.50717,-0.48072,0.51595,807.72035
0.07716,0.09821,0.14070,0.49547,0.50717,-0.48072,0.51595,808.25430
0.07713,0.09875,0.14071,0.49547,0.50717,-0.48072,0.51595,808.79996
0.07711,0.09930,0.14071,0.49547,0.50717,-0.48072,0.51595,809.35068
0.07708,0.09984,0.14071,0.49547,0.50717,-0.48072,0.51595,809.89977
0.07705,0.10039,0.14072,0.49547,0.50717,-0.48072,0.51595,810.44052
0.07703,0.10092,0.14072,0.49547,0.50717,-0.48072,0.51595,810.96634
0.07701,0.10144,0.14072,0.49547,0.50717,-0.48072,0.51595,811.47082
0.07698,0.10193,0.14072,0.49547,0.50717,-0.48072,0.51595,811.94777
0.07696,0.10239,0.14073,0.49547,0.50717,-0.48072,0.51595,812.39136
0.07694,0.10282,0.14073,0.49547,0.50717,-0.48072,0.51595,812.79614
0.07692,0.10320,0.14073,0.49547,0.50717,-0.48072,0.51595,813.15716
0.07691,0.10354,0.14073,0.49547,0.50717,-0.48072,0.51595,813.46996
0.07689,0.10383,0.14073,0.49547,0.50717,-0.48072,0.51595,813.73069
0.07688,0.10406,0.14074,0.49547,0.50717,-0.48072,0.51595,813.93613
0.07687,0.10424,0.14074,0.49547,0.50717,-0.48072,0.51595,814.08373
0.07687,0.10436,0.14074,0.49547,0.50717,-0.48072,0.51595,814.17164
0.07687,0.10441,0.14074,0.49547,0.50717,-0.48072,0.51595,814.19875
0.07687,0.10441,0.14074,0.49547,0.50717,-0.48072,0.51595,814.23281
0.07687,0.10435,0.14074,0.49547,0.50717,-0.48072,0.51595,814.32768
0.07687,0.10422,0.14074,0.49547,0.50717,-0.48072,0.51595,814.48221
0.07688,0.10404,0.14074,0.49547,0.50717,-0.48072,0.51595,814.69456
0.07689,0.10380,0.14073,0.49547,0.50717,-0.48072,0.51595,814.96215
0.07691,0.10350,0.14073,0.49547,0.50717,-0.48072,0.51595,815.28174
0.07692,0.10316,0.14073,0.49547,0.50717,-0.48072,0.51595,815.64942
0.07694,0.10277,0.14073,0.49547,0.50717,-0.48072,0.51595,816.06072
0.07696,0.10233,0.14073,0.49547,0.50717,-0.48072,0.51595,816.51060
0.07699,0.10187,0.14072,0.49547,0.50717,-0.48072,0.51595,816.99355
0.07701,0.10137,0.14072,0.49547,0.50717,-0.48072,0.51595,817.50364
0.07703,0.10085,0.14072,0.49547,0.50717,-0.48072,0.51595,818.03463
0.07706,0.10031,0.14072,0.49547,0.50717,-0.48072,0.51595,818.57997
0.07708,0.09976,0.14071,0.49547,0.50717,-0.48072,0.51595,819.13295
0.07711,0.09921,0.14071,0.49547,0.50717,-0.48072,0.51595,819.68677
0.07714,0.09866,0.14071,0.49547,0.50717,-0.48072,0.51595,820.23460
0.07716,0.09811,0.14070,0.49547,0.50717,-0.48072,0.51595,820.76966
0.07719,0.09759,0.14070,0.49547,0.50717,-0.48072,0.51595,821.28534
0.07721,0.09708,0.14070,0.49547,0.50717,-0.48072,0.51595,821.77527
0.07723,0.09661,0.14070,0.49547,0.50717,-0.48072,0.51595,822.23338
0.07725,0.09617,0.14069,0.49547,0.50717,-0.48072,0.51595,822.65397
0.07727,0.09577,0.14069,0.49547,0.50717,-0.48072,0.51595,823.03183
0.07729,0.09541,0.14069,0.49547,0.50717,-0.48072,0.51595,823.36225
0.07730,0.09511,0.14069,0.49547,0.50717,-0.48072,0.51595,823.64112
0.07732,0.09485,0.14069,0.49547,0.50717,-0.48072,0.51595,823.86495
0.07732,0.09466,0.14068,0.49547,0.50717,-0.48072,0.51595,824.03092
0.07733,0.09452,0.14068,0.49547,0.50717,-0.48072,0.51595,824.13695
0.07733,0.09445,0.14068,0.49547,0.50717,-0.48072,0.51595,824.18168
0.07734,0.09443,0.14068,0.49547,0.50717,-0.48072,0.51595,824.19884
0.07733,0.09448,0.14068,0.49547,0.50717,-0.48072,0.51595,824.27772
0.07733,0.09459,0.14068,0.49547,0.50717,-0.48072,0.51595,824.41738
0.07732,0.09476,0.14069,0.49547,0.50717,-0.48072,0.51595,824.61611
0.07731,0.09499,0.14069,0.49547,0.50717,-0.48072,0.51595,824.87150
0.07730,0.09527,0.14069,0.49547,0.50717,-0.48072,0.51595,825.18041
0.07728,0.09561,0.14069,0.49547,0.50717,-0.48072,0.51595,825.53902
0.07726,0.09599,0.14069,0.49547,0.50717,-0.48072,0.51595,825.94290
0.07724,0.09641,0.14069,0.49547,0.50717,-0.48072,0.51595,826.38707
0.07722,0.09688,0.14070,0.49547,0.50717,-0.48072,0.51595,826.86601
0.07720,0.09737,0.14070,0.49547,0.50717,-0.48072,0.51595,827.37377
0.07717,0.09789,0.14070,0.49547,0.50717,-0.48072,0.51595,827.90407
0.07715,0.09843,0.14071,0.49547,0.50717,-0.48072,0.51595,828.45028
0.07712,0.09898,0.14071,0.49547,0.50717,-0.48072,0.51595,829.00562
0.07710,0.09953,0.14071,0.49547,0.50717,-0.48072,0.51595,829.56315
0.07707,0.10009,0.14071,0.49547,0.50717,-0.48072,0.51595,830.11593
0.07704,0.10064,0.14072,0.49547,0.50717,-0.48072,0.51595,830.65704
0.07702,0.10117,0.14072,0.49547,0.50717,-0.48072,0.51595,831.17971
0.07699,0.10168,0.14072,0.49547,0.50717,-0.48072,0.51595,831.67741
0.07697,0.10217,0.14073,0.49547,0.50717,-0.48072,0.51595,832.14388
0.07695,0.10262,0.14073,0.49547,0.50717,-0.48072,0.51595,832.57329
0.07693,0.10303,0.14073,0.49547,0.50717,-0.48072,0.51595,832.96022
0.07691,0.10339,0.14073,0.49547,0.50717,-0.48072,0.51595,833.29981
0.07690,0.10370,0.14073,0.49547,0.50717,-0.48072,0.51595,833.58777
0.07689,0.10397,0.14074,0.49547,0.50717,-0.48072,0.51595,833.82046
0.07688,0.10417,0.14074,0.49547,0.50717,-0.48072,0.51595,833.99493
0.07687,0.10431,0.14074,0.49547,0.50717,-0.48072,0.51595,834.10895
0.07687,0.10440,0.14074,0.49547,0.50717,-0.48072,0.51595,834.16106
0.07687,0.10442,0.14074,0.49547,0.50717,-0.48072,0.51595,834.17156
0.07687,0.10438,0.14074,0.49547,0.50717,-0.48072,0.51595,834.24458
0.07687,0.10427,0.14074,0.49547,0.50717,-0.48072,0.51595,834.37923
0.07688,0.10411,0.14074,0.49547,0.50717,-0.48072,0.51595,834.57387
0.07689,0.10388,0.14073,0.49547,0.50717,-0.48072,0.51595,834.82609
0.07690,0.10360,0.14073,0.49547,0.50717,-0.48072,0.51595,835.13275
0.07692,0.10327,0.14073,0.49547,0.50717,-0.48072,0.51595,835.49003
0.07694,0.10289,0.14073,0.49547,0.50717,-0.48072,0.51595,835.89345
0.07696,0.10246,0.14073,0.49547,0.50717,-0.48072,0.51595,836.33797
0.07698,0.10200,0.14072,0.49547,0.50717,-0.48072,0.51595,836.81802
0.07700,0.10150,0.14072,0.49547,0.50717,-0.48072,0.51595,837.32756
0.07703,0.10098,0.14072,0.49547,0.50717,-0.48072,0.51595,837.86019
0.07705,0.10044,0.14072,0.49547,0.50717,-0.48072,0.51595,838.40920
0.07708,0.09988,0.14071,0.49547,0.50717,-0.48072,0.51595,838.96767
0.07711,0.09933,0.14071,0.49547,0.50717,-0.48072,0.51595,839.52856
0.07713,0.09877,0.14071,0.49547,0.50717,-0.48072,0.51595,840.08478
0.07716,0.09822,0.14070,0.49547,0.50717,-0.48072,0.51595,840.62930
0.07718,0.09768,0.14070,0.49547,0.50717,-0.48072,0.51595,841.15523
0.07721,0.09717,0.14070,0.49547,0.50717,-0.48072,0.51595,841.65590
0.07723,0.09668,0.14070,0.49547,0.50717,-0.48072,0.51595,842.12497
0.07725,0.09623,0.14069,0.49547,0.50717,-0.48072,0.51595,842.55646
0.07727,0.09582,0.14069,0.49547,0.50717,-0.48072,0.51595,842.94491
0.07729,0.09545,0.14069,0.49547,0.50717,-0.48072,0.51595,843.28535
0.07730,0.09514,0.14069,0.49547,0.50717,-0.48072,0.51595,843.57344
0.07731,0.09488,0.14069,0.49547,0.50717,-0.48072,0.51595,843.80549
0.07732,0.09467,0.14068,0.49547,0.50717,-0.48072,0.51595,843.97853
0.07733,0.09453,0.14068,0.49547,0.50717,-0.48072,0.51595,844.09032
0.07733,0.09445,0.14068,0.49547,0.50717,-0.48072,0.51595,844.13940
0.07734,0.09443,0.14068,0.49547,0.50717,-0.48072,0.51595,844.15369
0.07733,0.09448,0.14068,0.49547,0.50717,-0.48072,0.51595,844.23121
0.07733,0.09459,0.14068,0.49547,0.50717,-0.48072,0.51595,844.37101
0.07732,0.09476,0.14069,0.49547,0.50717,-0.48072,0.51595,844.57135
0.07731,0.09499,0.14069,0.49547,0.50717,-0.48072,0.51595,844.82973
0.07730,0.09527,0.14069,0.49547,0.50717,-0.48072,0.51595,845.14289
0.07728,0.09561,0.14069,0.49547,0.50717,-0.48072,0.51595,845.50688
0.07726,0.09600,0.14069,0.49547,0.50717,-0.48072,0.51595,845.91709
0.07724,0.09643,0.14069,0.49547,0.50717,-0.48072,0.51595,846.36832
0.07722,0.09690,0.14070,0.49547,0.50717,-0.48072,0.51595,846.85485
0.07720,0.09741,0.14070,0.49547,0.50717,-0.48072,0.51595,847.37049
0.07717,0.09794,0.14070,0.49547,0.50717,-0.48072,0.51595,847.90868
0.07715,0.09848,0.14071,0.49547,0.50717,-0.48072,0.51595,848.46257
0.07712,0.09904,0.14071,0.49547,0.50717,-0.48072,0.51595,849.02508
0.07709,0.09960,0.14071,0.49547,0.50717,-0.48072,0.51595,849.58904
0.07707,0.10016,0.14071,0.49547,0.50717,-0.48072,0.51595,850.14724
0.07704,0.10071,0.14072,0.49547,0.50717,-0.48072,0.51595,850.69253
0.07701,0.10125,0.14072,0.49547,0.50717,-0.48072,0.51595,851.21793
0.07699,0.10177,0.14072,0.49547,0.50717,-0.48072,0.51595,851.71671
0.07697,0.10225,0.14073,0.49547,0.50717,-0.48072,0.51595,852.18246
0.07695,0.10270,0.14073,0.49547,0.50717,-0.48072,0.51595,852.60919
0.07693,0.10310,0.14073,0.49547,0.50717,-0.48072,0.51595,852.99141
0.07691,0.10346,0.14073,0.49547,0.50717,-0.48072,0.51595,853.32419
0.07690,0.10377,0.14073,0.49547,0.50717,-0.48072,0.51595,853.60323
0.07688,0.10402,0.14074,0.49547,0.50717,-0.48072,0.51595,853.82492
0.07688,0.10421,0.14074,0.49547,0.50717,-0.48072,0.51595,853.98637
0.07687,0.10434,0.14074,0.49547,0.50717,-0.48072,0.51595,854.08548
0.07687,0.10441,0.14074,0.49547,0.50717,-0.48072,0.51595,854.12093
0.07687,0.10441,0.14074,0.49547,0.50717,-0.48072,0.51595,854.14964
0.07687,0.10435,0.14074,0.49547,0.50717,-0.48072,0.51595,854.24217
0.07687,0.10423,0.14074,0.49547,0.50717,-0.48072,0.51595,854.39738
0.07688,0.10404,0.14074,0.49547,0.50717,-0.48072,0.51595,854.61330
0.07689,0.10380,0.14073,0.49547,0.50717,-0.48072,0.51595,854.88720
0.07691,0.10349,0.14073,0.49547,0.50717,-0.48072,0.51595,855.21558
0.07693,0.10314,0.14073,0.49547,0.50717,-0.48072,0.51595,855.59425
0.07694,0.10274,0.14073,0.49547,0.50717,-0.48072,0.51595,856.01836
0.07697,0.10229,0.14073,0.49547,0.50717,-0.48072,0.51595,856.48247
0.07699,0.10181,0.14072,0.49547,0.50717,-0.48072,0.51595,856.98060
0.07701,0.10130,0.14072,0.49547,0.50717,-0.48072,0.51595,857.50636
0.07704,0.10076,0.14072,0.49547,0.50717,-0.48072,0.51595,858.05298
0.07706,0.10020,0.14071,0.49547,0.50717,-0.48072,0.51595,858.61340
0.07709,0.09964,0.14071,0.49547,0.50717,-0.48072,0.51595,859.18039
0.07712,0.09908,0.14071,0.49547,0.50717,-0.48072,0.51595,859.74662
0.07714,0.09851,0.14071,0.49547,0.50717,-0.48072,0.51595,860.30477
0.07717,0.09796,0.14070,0.49547,0.50717,-0.48072,0.51595,860.84762
0.07719,0.09743,0.14070,0.49547,0.50717,-0.48072,0.51595,861.36812
0.07722,0.09692,0.14070,0.49547,0.50717,-0.48072,0.51595,861.85951
0.07724,0.09645,0.14069,0.49547,0.50717,-0.48072,0.51595,862.31543
0.07726,0.09601,0.14069,0.49547,0.50717,-0.48072,0.51595,862.72993
0.07728,0.09562,0.14069,0.49547,0.50717,-0.48072,0.51595,863.09761
0.07730,0.09527,0.14069,0.49547,0.50717,-0.48072,0.51595,863.41367
0.07731,0.09498,0.14069,0.49547,0.50717,-0.48072,0.51595,863.67398
0.07732,0.09475,0.14069,0.49547,0.50717,-0.48072,0.51595,863.87513
0.07733,0.09458,0.14068,0.49547,0.50717,-0.48072,0.51595,864.01447
0.07733,0.09447,0.14068,0.49547,0.50717,-0.48072,0.51595,864.09013
0.07734,0.09443,0.14068,0.49547,0.50717,-0.48072,0.51595,864.10111
0.07733,0.09445,0.14068,0.49547,0.50717,-0.48072,0.51595,864.15500
0.07733,0.09454,0.14068,0.49547,0.50717,-0.48072,0.51595,864.27311
0.07732,0.09469,0.14068,0.49547,0.50717,-0.48072,0.51595,864.45392
0.07731,0.09490,0.14069,0.49547,0.50717,-0.48072,0.51595,864.69513
0.07730,0.09517,0.14069,0.49547,0.50717,-0.48072,0.51595,864.99364
0.07729,0.09550,0.14069,0.49547,0.50717,-0.48072,0.51595,865.34558
0.07727,0.09587,0.14069,0.49547,0.50717,-0.48072,0.51595,865.74641
0.07725,0.09630,0.14069,0.49547,0.50717,-0.48072,0.51595,866.19093
0.07723,0.09676,0.14070,0.49547,0.50717,-0.48072,0.51595,866.67336
0.07720,0.09726,0.14070,0.49547,0.50717,-0.48072,0.51595,867.18742
0.07718,0.09779,0.14070,0.49547,0.50717,-0.48072,0.51595,867.72644
0.07715,0.09834,0.14070,0.49547,0.50717,-0.48072,0.51595,868.28337
0.07712,0.09891,0.14071,0.49547,0.50717,-0.48072,0.51595,868.85095
0.07710,0.09947,0.14071,0.49547,0.50717,-0.48072,0.51595,869.42177
0.07707,0.10004,0.14071,0.49547,0.50717,-0.48072,0.51595,869.98835
0.07705,0.10060,0.14072,0.49547,0.50717,-0.48072,0.51595,870.54330
0.07702,0.10115,0.14072,0.49547,0.50717,-0.48072,0.51595,871.07932
0.07699,0.10167,0.14072,0.49547,0.50717,-0.48072,0.51595,871.58938
0.07697,0.10217,0.14073,0.49547,0.50717,-0.48072,0.51595,872.06680
0.07695,0.10263,0.14073,0.49547,0.50717,-0.48072,0.51595,872.50529
0.07693,0.10304,0.14073,0.49547,0.50717,-0.48072,0.51595,872.89907
0.07691,0.10341,0.14073,0.49547,0.50717,-0.48072,0.51595,873.24295
0.07690,0.10373,0.14073,0.49547,0.50717,-0.48072,0.51595,873.53239
0.07689,0.10399,0.14074,0.49547,0.50717,-0.48072,0.51595,873.76354
0.07688,0.10419,0.14074,0.49547,0.50717,-0.48072,0.51595,873.93335
0.07687,0.10433,0.14074,0.49547,0.50717,-0.48072,0.51595,874.03954
0.07687,0.10441,0.14074,0.49547,0.50717,-0.48072,0.51595,874.08067
0.07687,0.10442,0.14074,0.49547,0.50717,-0.48072,0.51595,874.10518
0.07687,0.10436,0.14074,0.49547,0.50717,-0.48072,0.51595,874.19504
0.07687,0.10424,0.14074,0.49547,0.50717,-0.48072,0.51595,874.34912
0.07688,0.10405,0.14074,0.49547,0.50717,-0.48072,0.51595,874.56542
0.07689,0.10380,0.14073,0.49547,0.50717,-0.48072,0.51595,874.84113
0.07691,0.10350,0.14073,0.49547,0.50717,-0.48072,0.51595,875.17267
0.07693,0.10314,0.14073,0.49547,0.50717,-0.48072,0.51595,875.55568
0.07694,0.10273,0.14073,0.49547,0.50717,-0.48072,0.51595,875.98515
0.07697,0.10228,0.14073,0.49547,0.50717,-0.48072,0.51595,876.45544
0.07699,0.10179,0.14072,0.49547,0.50717,-0.48072,0.51595,876.96038
0.07701,0.10127,0.14072,0.49547,0.50717,-0.48072,0.51595,877.49330
0.07704,0.10073,0.14072,0.49547,0.50717,-0.48072,0.51595,878.04719
0.07707,0.10016,0.14071,0.49547,0.50717,-0.48072,0.51595,878.61473
0.07709,0.09959,0.14071,0.49547,0.50717,-0.48072,0.51595,879.18844
0.07712,0.09903,0.14071,0.49547,0.50717,-0.48072,0.51595,879.76073
0.07715,0.09846,0.14071,0.49547,0.50717,-0.48072,0.51595,880.32402
0.07717,0.09790,0.14070,0.49547,0.50717,-0.48072,0.51595,880.87084
0.07720,0.09736,0.14070,0.49547,0.50717,-0.48072,0.51595,881.39395
0.07722,0.09685,0.14070,0.49547,0.50717,-0.48072,0.51595,881.88640
0.07724,0.09638,0.14069,0.49547,0.50717,-0.48072,0.51595,882.34164
0.07726,0.09594,0.14069,0.49547,0.50717,-0.48072,0.51595,882.75361
0.07728,0.09555,0.14069,0.49547,0.50717,-0.48072,0.51595,883.11682
0.07730,0.09522,0.14069,0.49547,0.50717,-0.48072,0.51595,883.42641
0.07731,0.09493,0.14069,0.49547,0.50717,-0.48072,0.51595,883.67825
0.07732,0.09471,0.14068,0.49547,0.50717,-0.48072,0.51595,883.86895
0.07733,0.09455,0.14068,0.49547,0.50717,-0.48072,0.51595,883.99594
0.07733,0.09446,0.14068,0.49547,0.50717,-0.48072,0.51595,884.05749
0.07734,0.09443,0.14068,0.49547,0.50717,-0.48072,0.51595,884.06224
0.07733,0.09447,0.14068,0.49547,0.50717,-0.48072,0.51595,884.13326
0.07733,0.09457,0.14068,0.49547,0.50717,-0.48072,0.51595,884.26965
0.07732,0.09474,0.14069,0.49547,0.50717,-0.48072,0.51595,884.46963
0.07731,0.09497,0.14069,0.49547,0.50717,-0.48072,0.51595,884.73059
0.07730,0.09526,0.14069,0.49547,0.50717,-0.48072,0.51595,885.04907
0.07728,0.09561,0.14069,0.49547,0.50717,-0.48072,0.51595,885.42088
0.07726,0.09601,0.14069,0.49547,0.50717,-0.48072,0.51595,885.84107
0.07724,0.09645,0.14069,0.49547,0.50717,-0.48072,0.51595,886.30408
0.07722,0.09693,0.14070,0.49547,0.50717,-0.48072,0.51595,886.80375
0.07719,0.09745,0.14070,0.49547,0.50717,-0.48072,0.51595,887.33342
0.07717,0.09799,0.14070,0.49547,0.50717,-0.48072,0.51595,887.88605
0.07714,0.09855,0.14071,0.49547,0.50717,-0.48072,0.51595,888.45426
0.07711,0.09913,0.14071,0.49547,0.50717,-0.48072,0.51595,889.03045
0.07709,0.09970,0.14071,0.49547,0.50717,-0.48072,0.51595,889.60693
0.07706,0.10027,0.14072,0.49547,0.50717,-0.48072,0.51595,890.17599
0.07703,0.10083,0.14072,0.49547,0.50717,-0.48072,0.51595,890.72999
0.07701,0.10138,0.14072,0.49547,0.50717,-0.48072,0.51595,891.26151
0.07698,0.10190,0.14072,0.49547,0.50717,-0.48072,0.51595,891.76341
0.07696,0.10238,0.14073,0.49547,0.50717,-0.48072,0.51595,892.22895
0.07694,0.10283,0.14073,0.49547,0.50717,-0.48072,0.51595,892.65185
0.07692,0.10323,0.14073,0.49547,0.50717,-0.48072,0.51595,893.02643
0.07691,0.10358,0.14073,0.49547,0.50717,-0.48072,0.51595,893.34763
0.07689,0.10387,0.14073,0.49547,0.50717,-0.48072,0.51595,893.61109
0.07688,0.10410,0.14074,0.49547,0.50717,-0.48072,0.51595,893.81324
0.07687,0.10428,0.14074,0.49547,0.50717,-0.48072,0.51595,893.95133
0.07687,0.10438,0.14074,0.49547,0.50717,-0.48072,0.51595,894.02347
0.07687,0.10442,0.14074,0.49547,0.50717,-0.48072,0.51595,894.02864
0.07687,0.10439,0.14074,0.49547,0.50717,-0.48072,0.51595,894.09055
0.07687,0.10430,0.14074,0.49547,0.50717,-0.48072,0.51595,894.21875
0.07688,0.10413,0.14074,0.49547,0.50717,-0.48072,0.51595,894.41154
0.07689,0.10391,0.14073,0.49547,0.50717,-0.48072,0.51595,894.66638
0.07690,0.10363,0.14073,0.49547,0.50717,-0.48072,0.51595,894.97987
0.07692,0.10328,0.14073,0.49547,0.50717,-0.48072,0.51595,895.34781
0.07694,0.10289,0.14073,0.49547,0.50717,-0.48072,0.51595,895.76528
0.07696,0.10245,0.14073,0.49547,0.50717,-0.48072,0.51595,896.22667
0.07698,0.10197,0.14072,0.49547,0.50717,-0.48072,0.51595,896.72579
0.07701,0.10145,0.14072,0.49547,0.50717,-0.48072,0.51595,897.25591
0.07703,0.10091,0.14072,0.49547,0.50717,-0.48072,0.51595,897.80989
0.07706,0.10034,0.14072,0.49547,0.50717,-0.48072,0.51595,898.38027
0.07708,0.09977,0.14071,0.49547,0.50717,-0.48072,0.51595,898.95933
0.07711,0.09919,0.14071,0.49547,0.50717,-0.48072,0.51595,899.53925
0.07714,0.09862,0.14071,0.49547,0.50717,-0.48072,0.51595,900.11218
0.07717,0.09805,0.14070,0.49547,0.50717,-0.48072,0.51595,900.67037
0.07719,0.09750,0.14070,0.49547,0.50717,-0.48072,0.51595,901.20623
0.07722,0.09698,0.14070,0.49547,0.50717,-0.48072,0.51595,901.71251
0.07724,0.09649,0.14069,0.49547,0.50717,-0.48072,0.51595,902.18232
0.07726,0.09604,0.14069,0.49547,0.50717,-0.48072,0.51595,902.60926
0.07728,0.09563,0.14069,0.49547,0.50717,-0.48072,0.51595,902.98752
0.07730,0.09528,0.14069,0.49547,0.50717,-0.48072,0.51595,903.31194
0.07731,0.09498,0.14069,0.49547,0.50717,-0.48072,0.51595,903.57807
0.07732,0.09475,0.14069,0.49547,0.50717,-0.48072,0.51595,903.78227
0.07733,0.09458,0.14068,0.49547,0.50717,-0.48072,0.51595,903.92172
0.07733,0.09447,0.14068,0.49547,0.50717,-0.48072,0.51595,903.99449
0.07734,0.09443,0.14068,0.49547,0.50717,-0.48072,0.51595,903.99955
0.07733,0.09446,0.14068,0.49547,0.50717,-0.48072,0.51595,904.06231
0.07733,0.09456,0.14068,0.49547,0.50717,-0.48072,0.51595,904.19208
0.07732,0.09472,0.14069,0.49547,0.50717,-0.48072,0.51595,904.38714
0.07731,0.09495,0.14069,0.49547,0.50717,-0.48072,0.51595,904.64485
0.07730,0.09523,0.14069,0.49547,0.50717,-0.48072,0.51595,904.96177
0.07728,0.09558,0.14069,0.49547,0.50717,-0.48072,0.51595,905.33358
0.07726,0.09598,0.14069,0.49547,0.50717,-0.48072,0.51595,905.75527
0.07724,0.09642,0.14069,0.49547,0.50717,-0.48072,0.51595,906.22111
0.07722,0.09691,0.14070,0.49547,0.50717,-0.48072,0.51595,906.72477
0.07719,0.09743,0.14070,0.49547,0.50717,-0.48072,0.51595,907.25938
0.07717,0.09798,0.14070,0.49547,0.50717,-0.48072,0.51595,907.81768
0.07714,0.09855,0.14071,0.49547,0.50717,-0.48072,0.51595,908.39204
0.07711,0.09913,0.14071,0.49547,0.50717,-0.48072,0.51595,908.97462
0.07709,0.09970,0.14071,0.49547,0.50717,-0.48072,0.51595,909.55746
0.07706,0.10028,0.14072,0.49547,0.50717,-0.48072,0.51595,910.13258
0.07703,0.10085,0.14072,0.49547,0.50717,-0.48072,0.51595,910.69211
0.07701,0.10140,0.14072,0.49547,0.50717,-0.48072,0.51595,911.22837
0.07698,0.10192,0.14072,0.49547,0.50717,-0.48072,0.51595,911.73401
0.07696,0.10241,0.14073,0.49547,0.50717,-0.48072,0.51595,912.20207
0.07694,0.10286,0.14073,0.49547,0.50717,-0.48072,0.51595,912.62612
0.07692,0.10326,0.14073,0.49547,0.50717,-0.48072,0.51595,913.00032
0.07690,0.10361,0.14073,0.49547,0.50717,-0.48072,0.51595,913.31949
0.07689,0.10390,0.14073,0.49547,0.50717,-0.48072,0.51595,913.57922
0.07688,0.10413,0.14074,0.49547,0.50717,-0.48072,0.51595,913.77592
0.07687,0.10429,0.14074,0.49547,0.50717,-0.48072,0.51595,913.90683
0.07687,0.10439,0.14074,0.49547,0.50717,-0.48072,0.51595,913.97013
0.07687,0.10442,0.14074,0.49547,0.50717,-0.48072,0.51595,913.97536
0.07687,0.10438,0.14074,0.49547,0.50717,-0.48072,0.51595,914.04910
0.07687,0.10427,0.14074,0.49547,0.50717,-0.48072,0.51595,914.19036
0.07688,0.10410,0.14074,0.49547,0.50717,-0.48072,0.51595,914.39725
0.07689,0.10386,0.14073,0.49547,0.50717,-0.48072,0.51595,914.66695
0.07691,0.10356,0.14073,0.49547,0.50717,-0.48072,0.51595,914.99579
0.07692,0.10320,0.14073,0.49547,0.50717,-0.48072,0.51595,915.37927
0.07694,0.10279,0.14073,0.49547,0.50717,-0.48072,0.51595,915.81214
0.07696,0.10234,0.14073,0.49547,0.50717,-0.48072,0.51595,916.28845
0.07699,0.10184,0.14072,0.49547,0.50717,-0.48072,0.51595,916.80166
0.07701,0.10131,0.14072,0.49547,0.50717,-0.48072,0.51595,917.34470
0.07704,0.10075,0.14072,0.49547,0.50717,-0.48072,0.51595,917.91010
0.07706,0.10018,0.14071,0.49547,0.50717,-0.48072,0.51595,918.49005
0.07709,0.09959,0.14071,0.49547,0.50717,-0.48072,0.51595,919.07656
0.07712,0.09901,0.14071,0.49547,0.50717,-0.48072,0.51595,919.66150
0.07715,0.09843,0.14071,0.49547,0.50717,-0.48072,0.51595,920.23679
0.07717,0.09786,0.14070,0.49547,0.50717,-0.48072,0.51595,920.79446
0.07720,0.09732,0.14070,0.49547,0.50717,-0.48072,0.51595,921.32679
0.07722,0.09680,0.14070,0.49547,0.50717,-0.48072,0.51595,921.82637
0.07725,0.09632,0.14069,0.49547,0.50717,-0.48072,0.51595,922.28628
0.07727,0.09588,0.14069,0.49547,0.50717,-0.48072,0.51595,922.70011
0.07729,0.09549,0.14069,0.49547,0.50717,-0.48072,0.51595,923.06209
0.07730,0.09516,0.14069,0.49547,0.50717,-0.48072,0.51595,923.36717
0.07731,0.09488,0.14069,0.49547,0.50717,-0.48072,0.51595,923.61108
0.07732,0.09467,0.14068,0.49547,0.50717,-0.48072,0.51595,923.79041
0.07733,0.09452,0.14068,0.49547,0.50717,-0.48072,0.51595,923.90261
0.07733,0.09444,0.14068,0.49547,0.50717,-0.48072,0.51595,923.94610
0.07734,0.09443,0.14068,0.49547,0.50717,-0.48072,0.51595,923.97198
0.07733,0.09450,0.14068,0.49547,0.50717,-0.48072,0.51595,924.06691
0.07733,0.09462,0.14068,0.49547,0.50717,-0.48072,0.51595,924.22961
0.07732,0.09482,0.14069,0.49547,0.50717,-0.48072,0.51595,924.45785
0.07730,0.09508,0.14069,0.49547,0.50717,-0.48072,0.51595,924.74850
0.07729,0.09540,0.14069,0.49547,0.50717,-0.48072,0.51595,925.09755
0.07727,0.09578,0.14069,0.49547,0.50717,-0.48072,0.51595,925.50017
0.07725,0.09621,0.14069,0.49547,0.50717,-0.48072,0.51595,925.95077
0.07723,0.09668,0.14070,0.49547,0.50717,-0.48072,0.51595,926.44311
0.07721,0.09719,0.14070,0.49547,0.50717,-0.48072,0.51595,926.97034
0.07718,0.09773,0.14070,0.49547,0.50717,-0.48072,0.51595,927.52511
0.07715,0.09830,0.14070,0.49547,0.50717,-0.48072,0.51595,928.09971
0.07713,0.09888,0.14071,0.49547,0.50717,-0.48072,0.51595,928.68612
0.07710,0.09946,0.14071,0.49547,0.50717,-0.48072,0.51595,929.27615
0.07707,0.10005,0.14071,0.49547,0.50717,-0.48072,0.51595,929.86155
0.07704,0.10064,0.14072,0.49547,0.50717,-0.48072,0.51595,930.43414
0.07702,0.10120,0.14072,0.49547,0.50717,-0.48072,0.51595,930.98589
0.07699,0.10174,0.14072,0.49547,0.50717,-0.48072,0.51595,931.50908
0.07697,0.10225,0.14073,0.49547,0.50717,-0.48072,0.51595,931.99635
0.07695,0.10271,0.14073,0.49547,0.50717,-0.48072,0.51595,932.44086
0.07693,0.10313,0.14073,0.49547,0.50717,-0.48072,0.51595,932.83636
0.07691,0.10350,0.14073,0.49547,0.50717,-0.48072,0.51595,933.17727
0.07689,0.10382,0.14073,0.49547,0.50717,-0.48072,0.51595,933.45878
0.07688,0.10407,0.14074,0.49547,0.50717,-0.48072,0.51595,933.67690
0.07687,0.10425,0.14074,0.49547,0.50717,-0.48072,0.51595,933.82853
0.07687,0.10437,0.14074,0.49547,0.50717,-0.48072,0.51595,933.91150
0.07687,0.10442,0.14074,0.49547,0.50717,-0.48072,0.51595,933.92461
0.07687,0.10440,0.14074,0.49547,0.50717,-0.48072,0.51595,933.98159
0.07687,0.10430,0.14074,0.49547,0.50717,-0.48072,0.51595,934.10790
0.07688,0.10414,0.14074,0.49547,0.50717,-0.48072,0.51595,934.30181
0.07689,0.10392,0.14073,0.49547,0.50717,-0.48072,0.51595,934.56062
0.07690,0.10363,0.14073,0.49547,0.50717,-0.48072,0.51595,934.88074
0.07692,0.10328,0.14073,0.49547,0.50717,-0.48072,0.51595,935.25769
0.07694,0.10287,0.14073,0.49547,0.50717,-0.48072,0.51595,935.68620
0.07696,0.10242,0.14073,0.49547,0.50717,-0.48072,0.51595,936.16026
0.07698,0.10192,0.14072,0.49547,0.50717,-0.48072,0.51595,936.67321
0.07701,0.10139,0.14072,0.49547,0.50717,-0.48072,0.51595,937.21785
0.07703,0.10084,0.14072,0.49547,0.50717,-0.48072,0.51595,937.78650
0.07706,0.10026,0.14072,0.49547,0.50717,-0.48072,0.51595,938.37116
0.07709,0.09967,0.14071,0.49547,0.50717,-0.48072,0.51595,938.96357
0.07712,0.09908,0.14071,0.49547,0.50717,-0.48072,0.51595,939.55539
0.07714,0.09849,0.14071,0.49547,0.50717,-0.48072,0.51595,940.13823
0.07717,0.09792,0.14070,0.49547,0.50717,-0.48072,0.51595,940.70385
0.07720,0.09736,0.14070,0.49547,0.50717,-0.48072,0.51595,941.24425
0.07722,0.09684,0.14070,0.49547,0.50717,-0.48072,0.51595,941.75177
0.07725,0.09635,0.14069,0.49547,0.50717,-0.48072,0.51595,942.21919
0.07727,0.09590,0.14069,0.49547,0.50717,-0.48072,0.51595,942.63988
0.07729,0.09550,0.14069,0.49547,0.50717,-0.48072,0.51595,943.00785
0.07730,0.09516,0.14069,0.49547,0.50717,-0.48072,0.51595,943.31786
0.07731,0.09488,0.14069,0.49547,0.50717,-0.48072,0.51595,943.56546
0.07732,0.09467,0.14068,0.49547,0.50717,-0.48072,0.51595,943.74712
0.07733,0.09452,0.14068,0.49547,0.50717,-0.48072,0.51595,943.86022
0.07733,0.09444,0.14068,0.49547,0.50717,-0.48072,0.51595,943.90311
0.07733,0.09444,0.14068,0.49547,0.50717,-0.48072,0.51595,943.93108
0.07733,0.09450,0.14068,0.49547,0.50717,-0.48072,0.51595,944.02956
0.07733,0.09463,0.14068,0.49547,0.50717,-0.48072,0.51595,944.19719
0.07732,0.09483,0.14069,0.49547,0.50717,-0.48072,0.51595,944.43162
0.07730,0.09510,0.14069,0.49547,0.50717,-0.48072,0.51595,944.72956
0.07729,0.09543,0.14069,0.49547,0.50717,-0.48072,0.51595,945.08682
0.07727,0.09582,0.14069,0.49547,0.50717,-0.48072,0.51595,945.49833
0.07725,0.09625,0.14069,0.49547,0.50717,-0.48072,0.51595,945.95828
0.07723,0.09674,0.14070,0.49547,0.50717,-0.48072,0.51595,946.46014
0.07720,0.09726,0.14070,0.49547,0.50717,-0.48072,0.51595,946.99678
0.07718,0.09781,0.14070,0.49547,0.50717,-0.48072,0.51595,947.56058
0.07715,0.09838,0.14070,0.49547,0.50717,-0.48072,0.51595,948.14350
0.07712,0.09897,0.14071,0.49547,0.50717,-0.48072,0.51595,948.73724
0.07709,0.09956,0.14071,0.49547,0.50717,-0.48072,0.51595,949.33333
0.07707,0.10016,0.14071,0.49547,0.50717,-0.48072,0.51595,949.92327
0.07704,0.10074,0.14072,0.49547,0.50717,-0.48072,0.51595,950.49861
0.07701,0.10131,0.14072,0.49547,0.50717,-0.48072,0.51595,951.05114
0.07699,0.10185,0.14072,0.49547,0.50717,-0.48072,0.51595,951.57293
0.07696,0.10235,0.14073,0.49547,0.50717,-0.48072,0.51595,952.05650
0.07694,0.10281,0.14073,0.49547,0.50717,-0.48072,0.51595,952.49492
0.07692,0.10323,0.14073,0.49547,0.50717,-0.48072,0.51595,952.88188
0.07690,0.10359,0.14073,0.49547,0.50717,-0.48072,0.51595,953.21181
0.07689,0.10389,0.14073,0.49547,0.50717,-0.48072,0.51595,953.47995
0.07688,0.10412,0.14074,0.49547,0.50717,-0.48072,0.51595,953.68241
0.07687,0.10429,0.14074,0.49547,0.50717,-0.48072,0.51595,953.81626
0.07687,0.10439,0.14074,0.49547,0.50717,-0.48072,0.51595,953.87954
0.07687,0.10442,0.14074,0.49547,0.50717,-0.48072,0.51595,953.88779
0.07687,0.10438,0.14074,0.49547,0.50717,-0.48072,0.51595,953.96748
0.07687,0.10426,0.14074,0.49547,0.50717,-0.48072,0.51595,954.11752
0.07688,0.10408,0.14074,0.49547,0.50717,-0.48072,0.51595,954.33579
0.07689,0.10382,0.14073,0.49547,0.50717,-0.48072,0.51595,954.61920
0.07691,0.10351,0.14073,0.49547,0.50717,-0.48072,0.51595,954.96371
0.07693,0.10313,0.14073,0.49547,0.50717,-0.48072,0.51595,955.36440
0.07695,0.10271,0.14073,0.49547,0.50717,-0.48072,0.51595,955.81554
0.07697,0.10223,0.14073,0.49547,0.50717,-0.48072,0.51595,956.31066
0.07699,0.10172,0.14072,0.49547,0.50717,-0.48072,0.51595,956.84267
0.07702,0.10117,0.14072,0.49547,0.50717,-0.48072,0.51595,957.40392
0.07705,0.10059,0.14072,0.49547,0.50717,-0.48072,0.51595,957.98634
0.07707,0.10000,0.14071,0.49547,0.50717,-0.48072,0.51595,958.58154
0.07710,0.09940,0.14071,0.49547,0.50717,-0.48072,0.51595,959.18096
0.07713,0.09881,0.14071,0.49547,0.50717,-0.48072,0.51595,959.77593
0.07716,0.09822,0.14070,0.49547,0.50717,-0.48072,0.51595,960.35788
0.07718,0.09765,0.14070,0.49547,0.50717,-0.48072,0.51595,960.91839
0.07721,0.09710,0.14070,0.49547,0.50717,-0.48072,0.51595,961.44935
0.07723,0.09659,0.14070,0.49547,0.50717,-0.48072,0.51595,961.94307
0.07726,0.09612,0.14069,0.49547,0.50717,-0.48072,0.51595,962.39239
0.07728,0.09569,0.14069,0.49547,0.50717,-0.48072,0.51595,962.79079
0.07729,0.09532,0.14069,0.49547,0.50717,-0.48072,0.51595,963.13247
0.07731,0.09501,0.14069,0.49547,0.50717,-0.48072,0.51595,963.41245
0.07732,0.09476,0.14069,0.49547,0.50717,-0.48072,0.51595,963.62665
0.07733,0.09458,0.14068,0.49547,0.50717,-0.48072,0.51595,963.77191
0.07733,0.09447,0.14068,0.49547,0.50717,-0.48072,0.51595,963.84611
0.07734,0.09443,0.14068,0.49547,0.50717,-0.48072,0.51595,963.84810
0.07733,0.09446,0.14068,0.49547,0.50717,-0.48072,0.51595,963.91837
0.07733,0.09457,0.14068,0.49547,0.50717,-0.48072,0.51595,964.05993
0.07732,0.09475,0.14069,0.49547,0.50717,-0.48072,0.51595,964.27076
0.07731,0.09499,0.14069,0.49547,0.50717,-0.48072,0.51595,964.54784
0.07729,0.09530,0.14069,0.49547,0.50717,-0.48072,0.51595,964.88720
0.07728,0.09567,0.14069,0.49547,0.50717,-0.48072,0.51595,965.28393
0.07726,0.09610,0.14069,0.49547,0.50717,-0.48072,0.51595,965.73230
0.07723,0.09657,0.14070,0.49547,0.50717,-0.48072,0.51595,966.22583
0.07721,0.09708,0.14070,0.49547,0.50717,-0.48072,0.51595,966.75735
0.07719,0.09763,0.14070,0.49547,0.50717,-0.48072,0.51595,967.31915
0.07716,0.09821,0.14070,0.49547,0.50717,-0.48072,0.51595,967.90308
0.07713,0.09880,0.14071,0.49547,0.50717,-0.48072,0.51595,968.50064
0.07710,0.09939,0.14071,0.49547,0.50717,-0.48072,0.51595,969.10313
0.07707,0.09999,0.14071,0.49547,0.50717,-0.48072,0.51595,969.70176
0.07705,0.10059,0.14072,0.49547,0.50717,-0.48072,0.51595,970.28782
0.07702,0.10117,0.14072,0.49547,0.50717,-0.48072,0.51595,970.85273
0.07699,0.10172,0.14072,0.49547,0.50717,-0.48072,0.51595,971.38825
0.07697,0.10224,0.14073,0.49547,0.50717,-0.48072,0.51595,971.88653
0.07695,0.10271,0.14073,0.49547,0.50717,-0.48072,0.51595,972.34028
0.07693,0.10314,0.14073,0.49547,0.50717,-0.48072,0.51595,972.74284
0.07691,0.10352,0.14073,0.49547,0.50717,-0.48072,0.51595,973.08830
0.07689,0.10384,0.14073,0.49547,0.50717,-0.48072,0.51595,973.37157
0.07688,0.10409,0.14074,0.49547,0.50717,-0.48072,0.51595,973.58846
0.07687,0.10427,0.14074,0.49547,0.50717,-0.48072,0.51595,973.73577
0.07687,0.10438,0.14074,0.49547,0.50717,-0.48072,0.51595,973.81130
0.07687,0.10442,0.14074,0.49547,0.50717,-0.48072,0.51595,973.81389
0.07687,0.10439,0.14074,0.49547,0.50717,-0.48072,0.51595,973.88431
0.07687,0.10428,0.14074,0.49547,0.50717,-0.48072,0.51595,974.02675
0.07688,0.10410,0.14074,0.49547,0.50717,-0.48072,0.51595,974.23916
0.07689,0.10385,0.14073,0.49547,0.50717,-0.48072,0.51595,974.51847
0.07691,0.10354,0.14073,0.49547,0.50717,-0.48072,0.51595,974.86063
0.07692,0.10317,0.14073,0.49547,0.50717,-0.48072,0.51595,975.26064
0.07694,0.10274,0.14073,0.49547,0.50717,-0.48072,0.51595,975.71267
0.07697,0.10227,0.14073,0.49547,0.50717,-0.48072,0.51595,976.21010
0.07699,0.10175,0.14072,0.49547,0.50717,-0.48072,0.51595,976.74564
0.07702,0.10119,0.14072,0.49547,0.50717,-0.48072,0.51595,977.31145
0.07704,0.10062,0.14072,0.49547,0.50717,-0.48072,0.51595,977.89923
0.07707,0.10002,0.14071,0.49547,0.50717,-0.48072,0.51595,978.50032
0.07710,0.09941,0.14071,0.49547,0.50717,-0.48072,0.51595,979.10590
0.07713,0.09882,0.14071,0.49547,0.50717,-0.48072,0.51595,979.70705
0.07716,0.09822,0.14070,0.49547,0.50717,-0.48072,0.51595,980.29490
0.07718,0.09764,0.14070,0.49547,0.50717,-0.48072,0.51595,980.86078
0.07721,0.09709,0.14070,0.49547,0.50717,-0.48072,0.51595,981.39634
0.07723,0.09657,0.14070,0.49547,0.50717,-0.48072,0.51595,981.89366
0.07726,0.09610,0.14069,0.49547,0.50717,-0.48072,0.51595,982.34538
0.07728,0.09567,0.14069,0.49547,0.50717,-0.48072,0.51595,982.74480
0.07729,0.09530,0.14069,0.49547,0.50717,-0.48072,0.51595,983.08600
0.07731,0.09499,0.14069,0.49547,0.50717,-0.48072,0.51595,983.36389
0.07732,0.09474,0.14069,0.49547,0.50717,-0.48072,0.51595,983.57434
0.07733,0.09456,0.14068,0.49547,0.50717,-0.48072,0.51595,983.71420
0.07733,0.09446,0.14068,0.49547,0.50717,-0.48072,0.51595,983.78134
0.07734,0.09443,0.14068,0.49547,0.50717,-0.48072,0.51595,983.78794
0.07733,0.09447,0.14068,0.49547,0.50717,-0.48072,0.51595,983.86822
0.07733,0.09459,0.14068,0.49547,0.50717,-0.48072,0.51595,984.02105
0.07732,0.09478,0.14069,0.49547,0.50717,-0.48072,0.51595,984.24420
0.07731,0.09504,0.14069,0.49547,0.50717,-0.48072,0.51595,984.53440
0.07729,0.09536,0.14069,0.49547,0.50717,-0.48072,0.51595,984.88740
0.07727,0.09574,0.14069,0.49547,0.50717,-0.48072,0.51595,985.29799
0.07725,0.09618,0.14069,0.49547,0.50717,-0.48072,0.51595,985.76011
0.07723,0.09667,0.14070,0.49547,0.50717,-0.48072,0.51595,986.26694
0.07721,0.09719,0.14070,0.49547,0.50717,-0.48072,0.51595,986.81097
0.07718,0.09776,0.14070,0.49547,0.50717,-0.48072,0.51595,987.38415
0.07715,0.09834,0.14070,0.49547,0.50717,-0.48072,0.51595,987.97797
0.07712,0.09894,0.14071,0.49547,0.50717,-0.48072,0.51595,988.58362
0.07709,0.09954,0.14071,0.49547,0.50717,-0.48072,0.51595,989.19210
0.07707,0.10015,0.14071,0.49547,0.50717,-0.48072,0.51595,989.79435
0.07704,0.10075,0.14072,0.49547,0.50717,-0.48072,0.51595,990.38141
0.07701,0.10132,0.14072,0.49547,0.50717,-0.48072,0.51595,990.94453
0.07699,0.10187,0.14072,0.49547,0.50717,-0.48072,0.51595,991.47530
0.07696,0.10239,0.14073,0.49547,0.50717,-0.48072,0.51595,991.96580
0.07694,0.10285,0.14073,0.49547,0.50717,-0.48072,0.51595,992.40869
0.07692,0.10327,0.14073,0.49547,0.50717,-0.48072,0.51595,992.79735
0.07690,0.10363,0.14073,0.49547,0.50717,-0.48072,0.51595,993.12593
0.07689,0.10393,0.14073,0.49547,0.50717,-0.48072,0.51595,993.38950
0.07688,0.10416,0.14074,0.49547,0.50717,-0.48072,0.51595,993.58409
0.07687,0.10432,0.14074,0.49547,0.50717,-0.48072,0.51595,993.70674
0.07687,0.10440,0.14074,0.49547,0.50717,-0.48072,0.51595,993.75560
0.07687,0.10442,0.14074,0.49547,0.50717,-0.48072,0.51595,993.78132
0.07687,0.10435,0.14074,0.49547,0.50717,-0.48072,0.51595,993.88128
0.07687,0.10422,0.14074,0.49547,0.50717,-0.48072,0.51595,994.05403
0.07688,0.10401,0.14074,0.49547,0.50717,-0.48072,0.51595,994.29702
0.07690,0.10373,0.14073,0.49547,0.50717,-0.48072,0.51595,994.60665
0.07691,0.10339,0.14073,0.49547,0.50717,-0.48072,0.51595,994.97833
0.07693,0.10299,0.14073,0.49547,0.50717,-0.48072,0.51595,995.40652
0.07695,0.10253,0.14073,0.49547,0.50717,-0.48072,0.51595,995.88485
0.07698,0.10203,0.14072,0.49547,0.50717,-0.48072,0.51595,996.40615
0.07700,0.10149,0.14072,0.49547,0.50717,-0.48072,0.51595,996.96265
0.07703,0.10092,0.14072,0.49547,0.50717,-0.48072,0.51595,997.54600
0.07706,0.10032,0.14072,0.49547,0.50717,-0.48072,0.51595,998.14747
0.07709,0.09971,0.14071,0.49547,0.50717,-0.48072,0.51595,998.75804
0.07712,0.09911,0.14071,0.49547,0.50717,-0.48072,0.51595,999.36853
0.07714,0.09850,0.14071,0.49547,0.50717,-0.48072,0.51595,999.96977
0.07717,0.09791,0.14070,0.49547,0.50717,-0.48072,0.51595,1000.55272
0.07720,0.09734,0.14070,0.49547,0.50717,-0.48072,0.51595,1001.10860
0.07722,0.09680,0.14070,0.49547,0.50717,-0.48072,0.51595,1001.62902
0.07725,0.09630,0.14069,0.49547,0.50717,-0.48072,0.51595,1002.10613
0.07727,0.09584,0.14069,0.49547,0.50717,-0.48072,0.51595,1002.53272
0.07729,0.09544,0.14069,0.49547,0.50717,-0.48072,0.51595,1002.90234
0.07730,0.09510,0.14069,0.49547,0.50717,-0.48072,0.51595,1003.20938
0.07732,0.09483,0.14069,0.49547,0.50717,-0.48072,0.51595,1003.44918
0.07733,0.09462,0.14068,0.49547,0.50717,-0.48072,0.51595,1003.61808
0.07733,0.09449,0.14068,0.49547,0.50717,-0.48072,0.51595,1003.71349
0.07734,0.09443,0.14068,0.49547,0.50717,-0.48072,0.51595,1003.73392
0.07733,0.09445,0.14068,0.49547,0.50717,-0.48072,0.51595,1003.78881
0.07733,0.09454,0.14068,0.49547,0.50717,-0.48072,0.51595,1003.91824
0.07732,0.09471,0.14068,0.49547,0.50717,-0.48072,0.51595,1004.12029
0.07731,0.09495,0.14069,0.49547,0.50717,-0.48072,0.51595,1004.39195
0.07730,0.09525,0.14069,0.49547,0.50717,-0.48072,0.51595,1004.72916
0.07728,0.09562,0.14069,0.49547,0.50717,-0.48072,0.51595,1005.12685
0.07726,0.09605,0.14069,0.49547,0.50717,-0.48072,0.51595,1005.57904
0.07724,0.09653,0.14069,0.49547,0.50717,-0.48072,0.51595,1006.07891
0.07721,0.09705,0.14070,0.49547,0.50717,-0.48072,0.51595,1006.61892
0.07719,0.09761,0.14070,0.49547,0.50717,-0.48072,0.51595,1007.19090
0.07716,0.09819,0.14070,0.49547,0.50717,-0.48072,0.51595,1007.78622
0.07713,0.09880,0.14071,0.49547,0.50717,-0.48072,0.51595,1008.39584
0.07710,0.09940,0.14071,0.49547,0.50717,-0.48072,0.51595,1009.01054
0.07707,0.10002,0.14071,0.49547,0.50717,-0.48072,0.51595,1009.62098
0.07704,0.10062,0.14072,0.49547,0.50717,-0.48072,0.51595,1010.21790
0.07702,0.10121,0.14072,0.49547,0.50717,-0.48072,0.51595,1010.79222
0.07699,0.10177,0.14072,0.49547,0.50717,-0.48072,0.51595,1011.33521
0.07697,0.10230,0.14073,0.49547,0.50717,-0.48072,0.51595,1011.83858
0.07694,0.10278,0.14073,0.49547,0.50717,-0.48072,0.51595,1012.29467
0.07692,0.10321,0.14073,0.49547,0.50717,-0.48072,0.51595,1012.69651
0.07691,0.10358,0.14073,0.49547,0.50717,-0.48072,0.51595,1013.03795
0.07689,0.10389,0.14073,0.49547,0.50717,-0.48072,0.51595,1013.31377
0.07688,0.10413,0.14074,0.49547,0.50717,-0.48072,0.51595,1013.51971
0.07687,0.10430,0.14074,0.49547,0.50717,-0.48072,0.51595,1013.65260
0.07687,0.10440,0.14074,0.49547,0.50717,-0.48072,0.51595,1013.71039
0.07687,0.10442,0.14074,0.49547,0.50717,-0.48072,0.51595,1013.72864
0.07687,0.10436,0.14074,0.49547,0.50717,-0.48072,0.51595,1013.82270
0.07687,0.10423,0.14074,0.49547,0.50717,-0.48072,0.51595,1013.99117
0.07688,0.10402,0.14074,0.49547,0.50717,-0.48072,0.51595,1014.23153
0.07690,0.10375,0.14073,0.49547,0.50717,-0.48072,0.51595,1014.54014
0.07691,0.10341,0.14073,0.49547,0.50717,-0.48072,0.51595,1014.91233
0.07693,0.10300,0.14073,0.49547,0.50717,-0.48072,0.51595,1015.34244
0.07695,0.10255,0.14073,0.49547,0.50717,-0.48072,0.51595,1015.82395
0.07698,0.10204,0.14072,0.49547,0.50717,-0.48072,0.51595,1016.34950
0.07700,0.10150,0.14072,0.49547,0.50717,-0.48072,0.51595,1016.91109
0.07703,0.10092,0.14072,0.49547,0.50717,-0.48072,0.51595,1017.50014
0.07706,0.10032,0.14072,0.49547,0.50717,-0.48072,0.51595,1018.10765
0.07709,0.09970,0.14071,0.49547,0.50717,-0.48072,0.51595,1018.72432
0.07712,0.09909,0.14071,0.49547,0.50717,-0.48072,0.51595,1019.34071
0.07715,0.09848,0.14071,0.49547,0.50717,-0.48072,0.51595,1019.94737
0.07717,0.09788,0.14070,0.49547,0.50717,-0.48072,0.51595,1020.53499
0.07720,0.09731,0.14070,0.49547,0.50717,-0.48072,0.51595,1021.09454
0.07723,0.09676,0.14070,0.49547,0.50717,-0.48072,0.51595,1021.61743
0.07725,0.09626,0.14069,0.49547,0.50717,-0.48072,0.51595,1022.09559
0.07727,0.09581,0.14069,0.49547,0.50717,-0.48072,0.51595,1022.52167
0.07729,0.09541,0.14069,0.49547,0.50717,-0.48072,0.51595,1022.88908
0.07731,0.09507,0.14069,0.49547,0.50717,-0.48072,0.51595,1023.19215
0.07732,0.09480,0.14069,0.49547,0.50717,-0.48072,0.51595,1023.42617
0.07733,0.09460,0.14068,0.49547,0.50717,-0.48072,0.51595,1023.58752
0.07733,0.09448,0.14068,0.49547,0.50717,-0.48072,0.51595,1023.67365
0.07734,0.09443,0.14068,0.49547,0.50717,-0.48072,0.51595,1023.68321
0.07733,0.09446,0.14068,0.49547,0.50717,-0.48072,0.51595,1023.75042
0.07733,0.09457,0.14068,0.49547,0.50717,-0.48072,0.51595,1023.89340
0.07732,0.09475,0.14069,0.49547,0.50717,-0.48072,0.51595,1024.11000
0.07731,0.09500,0.14069,0.49547,0.50717,-0.48072,0.51595,1024.39692
0.07729,0.09532,0.14069,0.49547,0.50717,-0.48072,0.51595,1024.74977
0.07728,0.09570,0.14069,0.49547,0.50717,-0.48072,0.51595,1025.16315
0.07725,0.09615,0.14069,0.49547,0.50717,-0.48072,0.51595,1025.63071
0.07723,0.09664,0.14070,0.49547,0.50717,-0.48072,0.51595,1026.14526
0.07721,0.09718,0.14070,0.49547,0.50717,-0.48072,0.51595,1026.69888
0.07718,0.09775,0.14070,0.49547,0.50717,-0.48072,0.51595,1027.28304
0.07715,0.09834,0.14070,0.49547,0.50717,-0.48072,0.51595,1027.88872
0.07712,0.09896,0.14071,0.49547,0.50717,-0.48072,0.51595,1028.50657
0.07709,0.09957,0.14071,0.49547,0.50717,-0.48072,0.51595,1029.12704
0.07706,0.10019,0.14071,0.49547,0.50717,-0.48072,0.51595,1029.74052
0.07704,0.10080,0.14072,0.49547,0.50717,-0.48072,0.51595,1030.33752
0.07701,0.10138,0.14072,0.49547,0.50717,-0.48072,0.51595,1030.90877
0.07698,0.10194,0.14072,0.49547,0.50717,-0.48072,0.51595,1031.44541
0.07696,0.10246,0.14073,0.49547,0.50717,-0.48072,0.51595,1031.93910
0.07694,0.10293,0.14073,0.49547,0.50717,-0.48072,0.51595,1032.38216
0.07692,0.10334,0.14073,0.49547,0.50717,-0.48072,0.51595,1032.76770
0.07690,0.10370,0.14073,0.49547,0.50717,-0.48072,0.51595,1033.08968
0.07689,0.10399,0.14074,0.49547,0.50717,-0.48072,0.51595,1033.34309
0.07688,0.10420,0.14074,0.49547,0.50717,-0.48072,0.51595,1033.52393
0.07687,0.10435,0.14074,0.49547,0.50717,-0.48072,0.51595,1033.62937
0.07687,0.10441,0.14074,0.49547,0.50717,-0.48072,0.51595,1033.65772
0.07687,0.10440,0.14074,0.49547,0.50717,-0.48072,0.51595,1033.70695
0.07687,0.10432,0.14074,0.49547,0.50717,-0.48072,0.51595,1033.83303
0.07688,0.10415,0.14074,0.49547,0.50717,-0.48072,0.51595,1034.03404
0.07689,0.10391,0.14073,0.49547,0.50717,-0.48072,0.51595,1034.30690
0.07690,0.10361,0.14073,0.49547,0.50717,-0.48072,0.51595,1034.64741
0.07692,0.10323,0.14073,0.49547,0.50717,-0.48072,0.51595,1035.05028
0.07694,0.10280,0.14073,0.49547,0.50717,-0.48072,0.51595,1035.50930
0.07696,0.10232,0.14073,0.49547,0.50717,-0.48072,0.51595,1036.01731
0.07699,0.10178,0.14072,0.49547,0.50717,-0.48072,0.51595,1036.56645
0.07702,0.10122,0.14072,0.49547,0.50717,-0.48072,0.51595,1037.14815
0.07704,0.10062,0.14072,0.49547,0.50717,-0.48072,0.51595,1037.75336
0.07707,0.10001,0.14071,0.49547,0.50717,-0.48072,0.51595,1038.37264
0.07710,0.09939,0.14071,0.49547,0.50717,-0.48072,0.51595,1038.99633
0.07713,0.09877,0.14071,0.49547,0.50717,-0.48072,0.51595,1039.61468
0.07716,0.09816,0.14070,0.49547,0.50717,-0.48072,0.51595,1040.21802
0.07719,0.09756,0.14070,0.49547,0.50717,-0.48072,0.51595,1040.79692
0.07721,0.09700,0.14070,0.49547,0.50717,-0.48072,0.51595,1041.34230
0.07724,0.09647,0.14069,0.49547,0.50717,-0.48072,0.51595,1041.84560
0.07726,0.09599,0.14069,0.49547,0.50717,-0.48072,0.51595,1042.29893
0.07728,0.09557,0.14069,0.49547,0.50717,-0.48072,0.51595,1042.69515
0.07730,0.09520,0.14069,0.49547,0.50717,-0.48072,0.51595,1043.02803
0.07731,0.09490,0.14069,0.49547,0.50717,-0.48072,0.51595,1043.29231
0.07732,0.09467,0.14068,0.49547,0.50717,-0.48072,0.51595,1043.48381
0.07733,0.09452,0.14068,0.49547,0.50717,-0.48072,0.51595,1043.59948
0.07733,0.09444,0.14068,0.49547,0.50717,-0.48072,0.51595,1043.63746
0.07733,0.09444,0.14068,0.49547,0.50717,-0.48072,0.51595,1043.67780
0.07733,0.09452,0.14068,0.49547,0.50717,-0.48072,0.51595,1043.79588
0.07732,0.09468,0.14068,0.49547,0.50717,-0.48072,0.51595,1043.98988
0.07731,0.09491,0.14069,0.49547,0.50717,-0.48072,0.51595,1044.25680
0.07730,0.09521,0.14069,0.49547,0.50717,-0.48072,0.51595,1044.59249
0.07728,0.09558,0.14069,0.49547,0.50717,-0.48072,0.51595,1044.99170
0.07726,0.09601,0.14069,0.49547,0.50717,-0.48072,0.51595,1045.44819
0.07724,0.09649,0.14069,0.49547,0.50717,-0.48072,0.51595,1045.95481
0.07721,0.09702,0.14070,0.49547,0.50717,-0.48072,0.51595,1046.50361
0.07719,0.09759,0.14070,0.49547,0.50717,-0.48072,0.51595,1047.08596
0.07716,0.09819,0.14070,0.49547,0.50717,-0.48072,0.51595,1047.69272
0.07713,0.09880,0.14071,0.49547,0.50717,-0.48072,0.51595,1048.31433
0.07710,0.09942,0.14071,0.49547,0.50717,-0.48072,0.51595,1048.94094
