x,y,z,qx,qy,qz,qw,u
0.08771,0.28635,0.07982,0.41273,0.42876,-0.54273,0.59267,0.00000
0.08771,0.28634,0.07983,0.41274,0.42876,-0.54273,0.59267,0.00800
0.08771,0.28633,0.07983,0.41275,0.42878,-0.54272,0.59266,0.02000
0.08771,0.28631,0.07984,0.41276,0.42879,-0.54271,0.59265,0.03600
0.08771,0.28629,0.07984,0.41277,0.42880,-0.54270,0.59264,0.05600
0.08771,0.28627,0.07985,0.41279,0.42882,-0.54269,0.59263,0.08000
0.08772,0.28624,0.07986,0.41281,0.42884,-0.54267,0.59261,0.10800
0.08772,0.28621,0.07987,0.41284,0.42887,-0.54265,0.59259,0.14000
0.08772,0.28618,0.07988,0.41286,0.42889,-0.54264,0.59257,0.17600
0.08772,0.28614,0.07989,0.41289,0.42892,-0.54262,0.59255,0.21600
0.08772,0.28610,0.07990,0.41292,0.42896,-0.54259,0.59252,0.26000
0.08773,0.28605,0.07992,0.41295,0.42900,-0.54257,0.59250,0.30800
0.08773,0.28600,0.07993,0.41299,0.42904,-0.54254,0.59247,0.36000
0.08773,0.28595,0.07994,0.41303,0.42908,-0.54251,0.59244,0.41600
0.08774,0.28589,0.07996,0.41308,0.42913,-0.54247,0.59240,0.47600
0.08774,0.28583,0.07998,0.41311,0.42917,-0.54244,0.59237,0.54000
0.08774,0.28577,0.08000,0.41316,0.42922,-0.54241,0.59233,0.60800
0.08775,0.28570,0.08002,0.41322,0.42928,-0.54236,0.59229,0.68000
0.08775,0.28563,0.08004,0.41327,0.42934,-0.54233,0.59225,0.75600
0.08776,0.28555,0.08007,0.41333,0.42940,-0.54228,0.59220,0.83600
0.08776,0.28547,0.08009,0.41339,0.42947,-0.54224,0.59215,0.92000
0.08777,0.28538,0.08012,0.41345,0.42954,-0.54219,0.59211,1.00800
0.08777,0.28530,0.08014,0.41351,0.42961,-0.54214,0.59205,1.10000
0.08778,0.28521,0.08017,0.41358,0.42968,-0.54209,0.59200,1.19600
0.08779,0.28511,0.08020,0.41366,0.42976,-0.54203,0.59194,1.29600
0.08779,0.28501,0.08023,0.41372,0.42984,-0.54198,0.59189,1.39600
0.08780,0.28492,0.08026,0.41379,0.42991,-0.54193,0.59183,1.49600
0.08781,0.28482,0.08028,0.41387,0.42999,-0.54187,0.59178,1.59600
0.08781,0.28473,0.08031,0.41394,0.43007,-0.54182,0.59172,1.69600
0.08782,0.28463,0.08034,0.41401,0.43015,-0.54176,0.59166,1.79600
0.08782,0.28454,0.08037,0.41408,0.43022,-0.54171,0.59161,1.89600
0.08783,0.28444,0.08040,0.41415,0.43030,-0.54165,0.59155,1.99600
0.08783,0.28435,0.08043,0.41422,0.43038,-0.54160,0.59149,2.09600
0.08784,0.28425,0.08046,0.41429,0.43046,-0.54154,0.59144,2.19600
0.08785,0.28415,0.08049,0.41436,0.43054,-0.54149,0.59138,2.29600
0.08785,0.28405,0.08052,0.41443,0.43061,-0.54144,0.59133,2.39600
0.08786,0.28395,0.08055,0.41451,0.43069,-0.54138,0.59127,2.49600
0.08787,0.28386,0.08058,0.41457,0.43076,-0.54133,0.59121,2.59600
0.08787,0.28376,0.08060,0.41464,0.43084,-0.54128,0.59116,2.69600
0.08788,0.28367,0.08063,0.41471,0.43092,-0.54122,0.59110,2.79600
0.08788,0.28357,0.08066,0.41478,0.43099,-0.54117,0.59105,2.89600
0.08789,0.28348,0.08068,0.41486,0.43107,-0.54111,0.59099,2.99600
0.08790,0.28338,0.08071,0.41492,0.43115,-0.54106,0.59094,3.09600
0.08790,0.28328,0.08074,0.41500,0.43123,-0.54100,0.59087,3.19600
0.08791,0.28319,0.08077,0.41506,0.43130,-0.54095,0.59082,3.29600
0.08791,0.28309,0.08080,0.41514,0.43138,-0.54089,0.59076,3.39600
0.08792,0.28300,0.08083,0.41521,0.43146,-0.54084,0.59071,3.49600
0.08793,0.28290,0.08086,0.41528,0.43153,-0.54079,0.59065,3.59600
0.08793,0.28281,0.08089,0.41535,0.43161,-0.54073,0.59060,3.69600
0.08794,0.28271,0.08091,0.41542,0.43169,-0.54068,0.59054,3.79600
0.08794,0.28261,0.08094,0.41549,0.43177,-0.54063,0.59048,3.89600
0.08795,0.28252,0.08097,0.41556,0.43184,-0.54057,0.59043,3.99600
0.08796,0.28242,0.08100,0.41563,0.43192,-0.54052,0.59037,4.09600
0.08796,0.28233,0.08102,0.41570,0.43200,-0.54046,0.59031,4.19600
0.08797,0.28223,0.08105,0.41577,0.43207,-0.54041,0.59026,4.29600
0.08797,0.28214,0.08108,0.41585,0.43215,-0.54035,0.59020,4.39600
0.08798,0.28204,0.08111,0.41591,0.43223,-0.54030,0.59015,4.49600
0.08799,0.28195,0.08114,0.41599,0.43231,-0.54024,0.59008,4.59600
0.08799,0.28185,0.08117,0.41605,0.43238,-0.54019,0.59003,4.69600
0.08800,0.28175,0.08120,0.41612,0.43246,-0.54014,0.58998,4.79600
0.08800,0.28166,0.08122,0.41620,0.43254,-0.54008,0.58992,4.89600
0.08801,0.28156,0.08125,0.41627,0.43261,-0.54003,0.58986,4.99600
0.08802,0.28147,0.08127,0.41634,0.43269,-0.53997,0.58980,5.09600
0.08802,0.28137,0.08130,0.41641,0.43277,-0.53992,0.58975,5.19600
0.08803,0.28127,0.08133,0.41647,0.43284,-0.53987,0.58970,5.29600
0.08804,0.28118,0.08136,0.41655,0.43292,-0.53981,0.58963,5.39600
0.08804,0.28108,0.08139,0.41662,0.43300,-0.53976,0.58958,5.49600
0.08805,0.28099,0.08142,0.41669,0.43308,-0.53970,0.58952,5.59600
0.08805,0.28089,0.08145,0.41676,0.43315,-0.53965,0.58947,5.69600
0.08806,0.28080,0.08148,0.41683,0.43323,-0.53960,0.58941,5.79600
0.08807,0.28070,0.08150,0.41690,0.43331,-0.53954,0.58935,5.89600
0.08807,0.28060,0.08152,0.41697,0.43338,-0.53949,0.58930,5.99600
0.08808,0.28051,0.08155,0.41705,0.43347,-0.53943,0.58924,6.09600
0.08808,0.28041,0.08158,0.41711,0.43354,-0.53938,0.58918,6.19600
0.08809,0.28032,0.08161,0.41718,0.43361,-0.53932,0.58913,6.29600
0.08810,0.28022,0.08164,0.41725,0.43369,-0.53927,0.58907,6.39600
0.08810,0.28012,0.08167,0.41732,0.43377,-0.53921,0.58901,6.49600
0.08811,0.28003,0.08169,0.41740,0.43385,-0.53916,0.58896,6.59600
0.08811,0.27993,0.08172,0.41747,0.43392,-0.53910,0.58890,6.69600
0.08812,0.27984,0.08175,0.41753,0.43400,-0.53905,0.58885,6.79600
0.08813,0.27974,0.08178,0.41761,0.43408,-0.53899,0.58878,6.89600
0.08813,0.27965,0.08181,0.41767,0.43415,-0.53894,0.58873,6.99600
0.08814,0.27955,0.08183,0.41775,0.43423,-0.53888,0.58867,7.09600
0.08815,0.27945,0.08185,0.41781,0.43430,-0.53883,0.58862,7.19600
0.08815,0.27936,0.08188,0.41788,0.43438,-0.53878,0.58856,7.29600
0.08816,0.27926,0.08191,0.41796,0.43446,-0.53872,0.58850,7.39600
0.08816,0.27917,0.08194,0.41803,0.43454,-0.53867,0.58845,7.49600
0.08817,0.27907,0.08197,0.41810,0.43461,-0.53861,0.58839,7.59600
0.08818,0.27897,0.08200,0.41817,0.43469,-0.53856,0.58833,7.69600
0.08818,0.27888,0.08202,0.41823,0.43476,-0.53851,0.58828,7.79600
0.08819,0.27878,0.08205,0.41831,0.43485,-0.53845,0.58822,7.89600
0.08819,0.27869,0.08208,0.41838,0.43492,-0.53839,0.58816,7.99600
0.08820,0.27859,0.08211,0.41845,0.43500,-0.53834,0.58810,8.09600
0.08821,0.27849,0.08213,0.41852,0.43508,-0.53828,0.58805,8.19600
0.08821,0.27840,0.08215,0.41859,0.43515,-0.53823,0.58799,8.29600
0.08822,0.27830,0.08218,0.41866,0.43523,-0.53817,0.58793,8.39600
0.08822,0.27821,0.08221,0.41873,0.43530,-0.53812,0.58788,8.49600
0.08823,0.27811,0.08224,0.41880,0.43538,-0.53807,0.58782,8.59600
0.08824,0.27801,0.08227,0.41887,0.43546,-0.53801,0.58777,8.69600
0.08824,0.27792,0.08229,0.41894,0.43553,-0.53796,0.58771,8.79600
0.08825,0.27782,0.08232,0.41901,0.43561,-0.53790,0.58765,8.89600
0.08825,0.27773,0.08235,0.41908,0.43569,-0.53785,0.58759,8.99600
0.08826,0.27763,0.08238,0.41915,0.43576,-0.53780,0.58754,9.09600
0.08827,0.27753,0.08240,0.41922,0.43584,-0.53774,0.58748,9.19600
0.08827,0.27744,0.08242,0.41929,0.43592,-0.53768,0.58742,9.29600
0.08828,0.27734,0.08245,0.41936,0.43600,-0.53763,0.58736,9.39600
0.08829,0.27725,0.08248,0.41943,0.43607,-0.53757,0.58731,9.49600
0.08829,0.27715,0.08251,0.41950,0.43615,-0.53752,0.58725,9.59600
0.08830,0.27705,0.08253,0.41958,0.43623,-0.53746,0.58719,9.69600
0.08830,0.27696,0.08256,0.41964,0.43630,-0.53741,0.58714,9.79600
0.08831,0.27686,0.08259,0.41971,0.43638,-0.53736,0.58708,9.89600
0.08832,0.27676,0.08262,0.41978,0.43645,-0.53730,0.58703,9.99600
0.08832,0.27667,0.08264,0.41985,0.43653,-0.53725,0.58697,10.09600
0.08833,0.27657,0.08267,0.41993,0.43661,-0.53719,0.58691,10.19600
0.08833,0.27648,0.08270,0.41999,0.43669,-0.53714,0.58685,10.29600
0.08834,0.27638,0.08272,0.42006,0.43676,-0.53708,0.58680,10.39600
0.08835,0.27628,0.08274,0.42013,0.43684,-0.53702,0.58674,10.49600
0.08835,0.27619,0.08277,0.42020,0.43692,-0.53697,0.58668,10.59600
0.08836,0.27609,0.08280,0.42027,0.43699,-0.53692,0.58663,10.69600
0.08836,0.27600,0.08283,0.42035,0.43707,-0.53686,0.58657,10.79600
0.08837,0.27590,0.08285,0.42041,0.43714,-0.53681,0.58651,10.89600
0.08838,0.27580,0.08288,0.42048,0.43722,-0.53675,0.58646,10.99600
0.08838,0.27571,0.08291,0.42056,0.43730,-0.53669,0.58640,11.09600
0.08839,0.27561,0.08293,0.42062,0.43737,-0.53664,0.58634,11.19600
0.08840,0.27551,0.08296,0.42070,0.43746,-0.53658,0.58628,11.29600
0.08840,0.27542,0.08299,0.42076,0.43753,-0.53653,0.58623,11.39600
0.08841,0.27532,0.08301,0.42083,0.43760,-0.53648,0.58617,11.49600
0.08841,0.27523,0.08303,0.42090,0.43768,-0.53642,0.58611,11.59600
0.08842,0.27513,0.08306,0.42097,0.43776,-0.53637,0.58605,11.69600
0.08843,0.27503,0.08309,0.42104,0.43783,-0.53631,0.58600,11.79600
0.08843,0.27494,0.08312,0.42112,0.43791,-0.53626,0.58594,11.89600
0.08844,0.27484,0.08314,0.42118,0.43799,-0.53620,0.58588,11.99600
0.08845,0.27474,0.08317,0.42125,0.43806,-0.53615,0.58583,12.09600
0.08845,0.27465,0.08320,0.42133,0.43814,-0.53609,0.58577,12.19600
0.08846,0.27455,0.08322,0.42139,0.43821,-0.53604,0.58571,12.29600
0.08846,0.27446,0.08325,0.42146,0.43829,-0.53598,0.58566,12.39600
0.08847,0.27436,0.08328,0.42154,0.43837,-0.53592,0.58560,12.49600
0.08848,0.27426,0.08329,0.42160,0.43844,-0.53587,0.58554,12.59600
0.08848,0.27417,0.08332,0.42168,0.43853,-0.53581,0.58548,12.69600
0.08849,0.27407,0.08335,0.42174,0.43860,-0.53576,0.58543,12.79600
0.08849,0.27397,0.08337,0.42181,0.43867,-0.53571,0.58537,12.89600
0.08850,0.27388,0.08340,0.42189,0.43876,-0.53565,0.58531,12.99600
0.08851,0.27378,0.08343,0.42195,0.43883,-0.53560,0.58525,13.09600
0.08851,0.27369,0.08346,0.42202,0.43890,-0.53554,0.58520,13.19600
0.08852,0.27359,0.08348,0.42209,0.43898,-0.53549,0.58514,13.29600
0.08853,0.27349,0.08351,0.42216,0.43906,-0.53543,0.58508,13.39600
0.08853,0.27340,0.08354,0.42223,0.43913,-0.53538,0.58503,13.49600
0.08854,0.27330,0.08355,0.42230,0.43921,-0.53532,0.58497,13.59600
0.08854,0.27320,0.08358,0.42237,0.43929,-0.53526,0.58491,13.69600
0.08855,0.27311,0.08361,0.42244,0.43936,-0.53521,0.58486,13.79600
0.08856,0.27301,0.08363,0.42252,0.43944,-0.53515,0.58479,13.89600
0.08856,0.27291,0.08366,0.42258,0.43951,-0.53510,0.58474,13.99600
0.08857,0.27282,0.08369,0.42265,0.43959,-0.53505,0.58468,14.09600
0.08857,0.27272,0.08371,0.42273,0.43967,-0.53499,0.58462,14.19600
0.08858,0.27263,0.08374,0.42279,0.43974,-0.53494,0.58457,14.29600
0.08859,0.27253,0.08376,0.42286,0.43982,-0.53488,0.58451,14.39600
0.08859,0.27243,0.08379,0.42293,0.43990,-0.53482,0.58445,14.49600
0.08860,0.27234,0.08382,0.42300,0.43997,-0.53477,0.58439,14.59600
0.08861,0.27224,0.08383,0.42307,0.44005,-0.53471,0.58434,14.69600
0.08861,0.27214,0.08386,0.42314,0.44013,-0.53466,0.58428,14.79600
0.08862,0.27205,0.08389,0.42321,0.44020,-0.53460,0.58422,14.89600
0.08862,0.27195,0.08391,0.42328,0.44027,-0.53455,0.58417,14.99600
0.08863,0.27185,0.08394,0.42335,0.44036,-0.53449,0.58410,15.09600
0.08864,0.27176,0.08397,0.42342,0.44043,-0.53444,0.58405,15.19600
0.08864,0.27166,0.08399,0.42349,0.44050,-0.53439,0.58399,15.29600
0.08865,0.27156,0.08402,0.42356,0.44058,-0.53433,0.58393,15.39600
0.08865,0.27147,0.08404,0.42363,0.44066,-0.53427,0.58388,15.49600
0.08866,0.27137,0.08407,0.42370,0.44073,-0.53422,0.58382,15.59600
0.08867,0.27127,0.08410,0.42377,0.44081,-0.53416,0.58376,15.69600
0.08867,0.27118,0.08411,0.42384,0.44089,-0.53411,0.58370,15.79600
0.08868,0.27108,0.08414,0.42391,0.44096,-0.53405,0.58365,15.89600
0.08869,0.27098,0.08416,0.42398,0.44104,-0.53400,0.58359,15.99600
0.08869,0.27089,0.08419,0.42405,0.44111,-0.53394,0.58353,16.09600
0.08870,0.27079,0.08422,0.42412,0.44119,-0.53389,0.58347,16.19600
0.08870,0.27070,0.08424,0.42419,0.44127,-0.53383,0.58342,16.29600
0.08871,0.27060,0.08427,0.42426,0.44134,-0.53377,0.58336,16.39600
0.08872,0.27050,0.08429,0.42433,0.44142,-0.53372,0.58330,16.49600
0.08872,0.27041,0.08432,0.42440,0.44150,-0.53366,0.58324,16.59600
0.08873,0.27031,0.08435,0.42447,0.44157,-0.53361,0.58318,16.69600
0.08874,0.27021,0.08437,0.42453,0.44164,-0.53356,0.58313,16.79600
0.08874,0.27012,0.08439,0.42461,0.44173,-0.53350,0.58307,16.89600
0.08875,0.27002,0.08441,0.42468,0.44180,-0.53344,0.58301,16.99600
0.08875,0.26992,0.08444,0.42474,0.44187,-0.53339,0.58296,17.09600
0.08876,0.26983,0.08447,0.42482,0.44196,-0.53333,0.58289,17.19600
0.08877,0.26973,0.08449,0.42489,0.44203,-0.53327,0.58284,17.29600
0.08877,0.26963,0.08452,0.42495,0.44210,-0.53322,0.58278,17.39600
0.08878,0.26954,0.08454,0.42503,0.44219,-0.53316,0.58272,17.49600
0.08879,0.26944,0.08457,0.42509,0.44226,-0.53311,0.58267,17.59600
0.08879,0.26934,0.08459,0.42516,0.44233,-0.53305,0.58261,17.69600
0.08880,0.26925,0.08462,0.42524,0.44241,-0.53299,0.58255,17.79600
0.08880,0.26915,0.08465,0.42530,0.44249,-0.53294,0.58249,17.89600
0.08881,0.26905,0.08466,0.42537,0.44256,-0.53289,0.58244,17.99600
0.08882,0.26896,0.08469,0.42545,0.44264,-0.53283,0.58237,18.09600
0.08882,0.26886,0.08471,0.42551,0.44271,-0.53278,0.58232,18.19600
0.08883,0.26876,0.08474,0.42558,0.44279,-0.53272,0.58226,18.29600
0.08883,0.26867,0.08476,0.42564,0.44286,-0.53267,0.58221,18.39600
0.08884,0.26857,0.08479,0.42572,0.44294,-0.53261,0.58214,18.49600
0.08885,0.26847,0.08481,0.42579,0.44302,-0.53255,0.58209,18.59600
0.08885,0.26838,0.08484,0.42585,0.44309,-0.53250,0.58203,18.69600
0.08886,0.26828,0.08486,0.42593,0.44317,-0.53244,0.58197,18.79600
0.08887,0.26818,0.08489,0.42600,0.44325,-0.53239,0.58191,18.89600
0.08887,0.26808,0.08492,0.42606,0.44332,-0.53233,0.58186,18.99600
0.08888,0.26799,0.08493,0.42614,0.44340,-0.53227,0.58180,19.09600
0.08888,0.26788,0.08496,0.42621,0.44348,-0.53222,0.58174,19.19600
0.08889,0.26779,0.08498,0.42627,0.44355,-0.53217,0.58168,19.29600
0.08890,0.26769,0.08501,0.42635,0.44363,-0.53211,0.58162,19.39600
0.08890,0.26759,0.08503,0.42642,0.44371,-0.53205,0.58156,19.49600
0.08891,0.26749,0.08506,0.42648,0.44378,-0.53200,0.58151,19.59600
0.08892,0.26740,0.08508,0.42655,0.44385,-0.53194,0.58145,19.69600
0.08892,0.26730,0.08511,0.42662,0.44393,-0.53189,0.58139,19.79600
0.08893,0.26720,0.08513,0.42669,0.44400,-0.53183,0.58134,19.89600
0.08893,0.26711,0.08516,0.42676,0.44408,-0.53177,0.58128,19.99600
0.08894,0.26701,0.08518,0.42683,0.44416,-0.53172,0.58122,20.09600
0.08895,0.26691,0.08520,0.42690,0.44423,-0.53166,0.58116,20.19600
0.08895,0.26682,0.08522,0.42697,0.44431,-0.53161,0.58110,20.29600
0.08896,0.26672,0.08525,0.42704,0.44439,-0.53155,0.58104,20.39600
0.08897,0.26662,0.08527,0.42711,0.44446,-0.53149,0.58099,20.49600
0.08897,0.26653,0.08530,0.42718,0.44454,-0.53144,0.58093,20.59600
0.08898,0.26643,0.08532,0.42724,0.44461,-0.53139,0.58087,20.69600
0.08898,0.26633,0.08535,0.42732,0.44469,-0.53133,0.58081,20.79600
0.08899,0.26624,0.08537,0.42739,0.44477,-0.53127,0.58075,20.89600
0.08900,0.26614,0.08540,0.42745,0.44484,-0.53122,0.58070,20.99600
0.08900,0.26604,0.08542,0.42753,0.44492,-0.53116,0.58064,21.09600
0.08901,0.26595,0.08545,0.42760,0.44499,-0.53110,0.58058,21.19600
0.08902,0.26585,0.08546,0.42766,0.44506,-0.53105,0.58052,21.29600
0.08902,0.26575,0.08549,0.42773,0.44514,-0.53100,0.58047,21.39600
0.08903,0.26565,0.08551,0.42780,0.44522,-0.53093,0.58040,21.49600
0.08903,0.26556,0.08553,0.42787,0.44529,-0.53088,0.58035,21.59600
0.08904,0.26546,0.08556,0.42794,0.44537,-0.53083,0.58029,21.69600
0.08905,0.26536,0.08558,0.42801,0.44545,-0.53077,0.58023,21.79600
0.08905,0.26527,0.08561,0.42808,0.44552,-0.53071,0.58017,21.89600
0.08906,0.26517,0.08563,0.42815,0.44560,-0.53066,0.58012,21.99600
0.08907,0.26507,0.08566,0.42822,0.44567,-0.53060,0.58006,22.09600
0.08907,0.26498,0.08568,0.42829,0.44575,-0.53055,0.58000,22.19600
0.08908,0.26488,0.08571,0.42836,0.44582,-0.53049,0.57994,22.29600
0.08908,0.26478,0.08572,0.42842,0.44590,-0.53043,0.57988,22.39600
0.08909,0.26469,0.08575,0.42850,0.44598,-0.53038,0.57982,22.49600
0.08910,0.26459,0.08577,0.42856,0.44605,-0.53032,0.57977,22.59600
0.08910,0.26449,0.08579,0.42863,0.44613,-0.53027,0.57971,22.69600
0.08911,0.26439,0.08582,0.42870,0.44620,-0.53021,0.57965,22.79600
0.08912,0.26430,0.08584,0.42877,0.44628,-0.53015,0.57959,22.89600
0.08912,0.26420,0.08587,0.42884,0.44636,-0.53010,0.57953,22.99600
0.08913,0.26410,0.08589,0.42891,0.44643,-0.53005,0.57948,23.09600
0.08913,0.26401,0.08592,0.42898,0.44651,-0.52998,0.57941,23.19600
0.08914,0.26391,0.08594,0.42905,0.44658,-0.52993,0.57936,23.29600
0.08915,0.26381,0.08596,0.42911,0.44665,-0.52988,0.57930,23.39600
0.08915,0.26372,0.08598,0.42918,0.44673,-0.52982,0.57924,23.49600
0.08916,0.26362,0.08600,0.42926,0.44681,-0.52976,0.57918,23.59600
0.08917,0.26352,0.08603,0.42932,0.44688,-0.52971,0.57913,23.69600
0.08917,0.26342,0.08605,0.42939,0.44696,-0.52965,0.57907,23.79600
0.08918,0.26333,0.08607,0.42946,0.44703,-0.52960,0.57901,23.89600
0.08918,0.26323,0.08610,0.42954,0.44711,-0.52954,0.57895,23.99600
0.08919,0.26313,0.08612,0.42960,0.44718,-0.52948,0.57889,24.09600
0.08920,0.26304,0.08615,0.42967,0.44726,-0.52943,0.57883,24.19600
0.08920,0.26294,0.08617,0.42974,0.44734,-0.52937,0.57877,24.29600
0.08921,0.26284,0.08619,0.42981,0.44741,-0.52931,0.57872,24.39600
0.08922,0.26274,0.08621,0.42988,0.44749,-0.52926,0.57866,24.49600
0.08922,0.26265,0.08623,0.42995,0.44756,-0.52920,0.57860,24.59600
0.08923,0.26255,0.08626,0.43002,0.44764,-0.52915,0.57854,24.69600
0.08924,0.26245,0.08628,0.43009,0.44772,-0.52909,0.57848,24.79600
0.08924,0.26236,0.08630,0.43015,0.44779,-0.52903,0.57842,24.89600
0.08925,0.26226,0.08633,0.43022,0.44786,-0.52898,0.57837,24.99600
0.08925,0.26216,0.08635,0.43029,0.44794,-0.52892,0.57831,25.09600
0.08926,0.26206,0.08638,0.43036,0.44802,-0.52886,0.57825,25.19600
0.08927,0.26197,0.08640,0.43043,0.44809,-0.52881,0.57819,25.29600
0.08927,0.26187,0.08642,0.43050,0.44816,-0.52876,0.57814,25.39600
0.08928,0.26177,0.08645,0.43057,0.44825,-0.52869,0.57807,25.49600
0.08929,0.26168,0.08646,0.43064,0.44832,-0.52864,0.57801,25.59600
0.08929,0.26158,0.08648,0.43070,0.44839,-0.52859,0.57796,25.69600
0.08930,0.26148,0.08651,0.43077,0.44847,-0.52853,0.57790,25.79600
0.08930,0.26138,0.08653,0.43085,0.44855,-0.52847,0.57784,25.89600
0.08931,0.26129,0.08655,0.43092,0.44862,-0.52841,0.57778,25.99600
0.08932,0.26119,0.08658,0.43098,0.44869,-0.52836,0.57772,26.09600
0.08932,0.26109,0.08660,0.43105,0.44878,-0.52830,0.57766,26.19600
0.08933,0.26100,0.08663,0.43112,0.44885,-0.52824,0.57760,26.29600
0.08934,0.26090,0.08665,0.43119,0.44892,-0.52819,0.57755,26.39600
0.08934,0.26080,0.08667,0.43126,0.44900,-0.52814,0.57749,26.49600
0.08935,0.26070,0.08670,0.43133,0.44908,-0.52807,0.57743,26.59600
0.08935,0.26061,0.08671,0.43140,0.44915,-0.52802,0.57737,26.69600
0.08936,0.26051,0.08673,0.43146,0.44922,-0.52797,0.57731,26.79600
0.08937,0.26041,0.08676,0.43153,0.44930,-0.52791,0.57725,26.89600
0.08937,0.26032,0.08678,0.43161,0.44938,-0.52785,0.57719,26.99600
0.08938,0.26022,0.08680,0.43167,0.44945,-0.52780,0.57714,27.09600
0.08939,0.26012,0.08683,0.43174,0.44952,-0.52774,0.57708,27.19600
0.08939,0.26002,0.08685,0.43181,0.44960,-0.52768,0.57702,27.29600
0.08940,0.25993,0.08687,0.43188,0.44968,-0.52763,0.57696,27.39600
0.08941,0.25983,0.08689,0.43195,0.44975,-0.52757,0.57690,27.49600
0.08941,0.25973,0.08692,0.43202,0.44983,-0.52751,0.57684,27.59600
0.08942,0.25963,0.08694,0.43209,0.44990,-0.52746,0.57678,27.69600
0.08942,0.25954,0.08695,0.43215,0.44997,-0.52740,0.57673,27.79600
0.08943,0.25944,0.08698,0.43222,0.45005,-0.52734,0.57667,27.89600
0.08944,0.25934,0.08700,0.43229,0.45013,-0.52729,0.57661,27.99600
0.08944,0.25925,0.08702,0.43236,0.45020,-0.52723,0.57655,28.09600
0.08945,0.25915,0.08705,0.43243,0.45027,-0.52718,0.57649,28.19600
0.08946,0.25905,0.08707,0.43250,0.45036,-0.52712,0.57643,28.29600
0.08946,0.25895,0.08709,0.43257,0.45043,-0.52706,0.57637,28.39600
0.08947,0.25886,0.08711,0.43264,0.45051,-0.52700,0.57631,28.49600
0.08947,0.25876,0.08714,0.43270,0.45058,-0.52695,0.57626,28.59600
0.08948,0.25866,0.08716,0.43278,0.45066,-0.52689,0.57619,28.69600
0.08949,0.25856,0.08718,0.43284,0.45073,-0.52683,0.57614,28.79600
0.08949,0.25847,0.08720,0.43291,0.45080,-0.52678,0.57608,28.89600
0.08950,0.25837,0.08722,0.43298,0.45088,-0.52673,0.57602,28.99600
0.08951,0.25827,0.08724,0.43305,0.45096,-0.52666,0.57596,29.09600
0.08951,0.25817,0.08726,0.43312,0.45103,-0.52661,0.57590,29.19600
0.08952,0.25808,0.08729,0.43318,0.45110,-0.52656,0.57584,29.29600
0.08953,0.25798,0.08731,0.43325,0.45118,-0.52650,0.57579,29.39600
0.08953,0.25788,0.08733,0.43332,0.45125,-0.52644,0.57573,29.49600
0.08954,0.25778,0.08736,0.43340,0.45134,-0.52638,0.57566,29.59600
0.08954,0.25769,0.08738,0.43346,0.45141,-0.52633,0.57561,29.69600
0.08955,0.25759,0.08740,0.43353,0.45148,-0.52627,0.57555,29.79600
0.08956,0.25749,0.08742,0.43360,0.45156,-0.52622,0.57549,29.89600
0.08956,0.25739,0.08744,0.43367,0.45164,-0.52615,0.57543,29.99600
0.08957,0.25730,0.08746,0.43373,0.45171,-0.52610,0.57537,30.09600
0.08958,0.25720,0.08748,0.43380,0.45178,-0.52604,0.57531,30.19600
0.08958,0.25710,0.08750,0.43387,0.45186,-0.52599,0.57525,30.29600
0.08959,0.25701,0.08753,0.43394,0.45193,-0.52593,0.57520,30.39600
0.08960,0.25691,0.08755,0.43401,0.45201,-0.52587,0.57514,30.49600
0.08960,0.25681,0.08757,0.43408,0.45208,-0.52582,0.57508,30.59600
0.08961,0.25671,0.08759,0.43415,0.45216,-0.52576,0.57502,30.69600
0.08961,0.25662,0.08761,0.43422,0.45223,-0.52570,0.57496,30.79600
0.08962,0.25652,0.08764,0.43429,0.45231,-0.52565,0.57490,30.89600
0.08963,0.25642,0.08765,0.43435,0.45238,-0.52559,0.57484,30.99600
0.08963,0.25632,0.08767,0.43442,0.45246,-0.52553,0.57478,31.09600
0.08964,0.25623,0.08769,0.43449,0.45253,-0.52548,0.57472,31.19600
0.08965,0.25613,0.08772,0.43455,0.45260,-0.52542,0.57467,31.29600
0.08965,0.25603,0.08774,0.43463,0.45268,-0.52536,0.57460,31.39600
0.08966,0.25593,0.08776,0.43470,0.45276,-0.52531,0.57454,31.49600
0.08966,0.25584,0.08778,0.43477,0.45283,-0.52525,0.57448,31.59600
0.08967,0.25574,0.08780,0.43483,0.45290,-0.52520,0.57443,31.69600
0.08968,0.25564,0.08783,0.43490,0.45298,-0.52514,0.57437,31.79600
0.08968,0.25554,0.08785,0.43497,0.45306,-0.52508,0.57431,31.89600
0.08969,0.25545,0.08787,0.43504,0.45313,-0.52502,0.57425,31.99600
0.08970,0.25535,0.08788,0.43510,0.45320,-0.52497,0.57419,32.09600
0.08970,0.25525,0.08790,0.43517,0.45328,-0.52491,0.57413,32.19600
0.08971,0.25515,0.08793,0.43525,0.45336,-0.52485,0.57407,32.29600
0.08972,0.25505,0.08795,0.43532,0.45344,-0.52479,0.57401,32.39600
0.08972,0.25496,0.08797,0.43538,0.45351,-0.52474,0.57395,32.49600
0.08973,0.25486,0.08799,0.43545,0.45358,-0.52468,0.57390,32.59600
0.08974,0.25476,0.08801,0.43552,0.45365,-0.52463,0.57384,32.69600
0.08974,0.25466,0.08804,0.43559,0.45374,-0.52457,0.57377,32.79600
0.08975,0.25457,0.08806,0.43566,0.45381,-0.52451,0.57371,32.89600
0.08975,0.25447,0.08808,0.43572,0.45388,-0.52446,0.57366,32.99600
0.08976,0.25437,0.08810,0.43579,0.45395,-0.52440,0.57360,33.09600
0.08977,0.25427,0.08811,0.43586,0.45403,-0.52434,0.57354,33.19600
0.08977,0.25418,0.08813,0.43593,0.45411,-0.52428,0.57348,33.29600
0.08978,0.25408,0.08816,0.43600,0.45419,-0.52422,0.57342,33.39600
0.08979,0.25398,0.08818,0.43606,0.45425,-0.52417,0.57336,33.49600
0.08979,0.25388,0.08820,0.43613,0.45433,-0.52411,0.57330,33.59600
0.08980,0.25379,0.08822,0.43620,0.45440,-0.52406,0.57324,33.69600
0.08981,0.25369,0.08824,0.43628,0.45449,-0.52400,0.57318,33.79600
0.08981,0.25359,0.08826,0.43634,0.45455,-0.52394,0.57312,33.89600
0.08982,0.25349,0.08829,0.43641,0.45463,-0.52389,0.57306,33.99600
0.08982,0.25340,0.08831,0.43648,0.45470,-0.52383,0.57301,34.09600
0.08983,0.25330,0.08833,0.43654,0.45478,-0.52377,0.57295,34.19600
0.08984,0.25320,0.08834,0.43662,0.45486,-0.52371,0.57288,34.29600
0.08984,0.25310,0.08836,0.43668,0.45493,-0.52366,0.57283,34.39600
0.08985,0.25300,0.08838,0.43675,0.45500,-0.52360,0.57277,34.49600
0.08986,0.25291,0.08840,0.43682,0.45508,-0.52354,0.57271,34.59600
0.08986,0.25281,0.08843,0.43689,0.45515,-0.52349,0.57265,34.69600
0.08987,0.25271,0.08845,0.43696,0.45523,-0.52343,0.57259,34.79600
0.08988,0.25261,0.08847,0.43702,0.45530,-0.52337,0.57253,34.89600
0.08988,0.25252,0.08849,0.43709,0.45538,-0.52332,0.57247,34.99600
0.08989,0.25242,0.08851,0.43716,0.45545,-0.52326,0.57241,35.09600
0.08989,0.25232,0.08853,0.43723,0.45553,-0.52320,0.57235,35.19600
0.08990,0.25222,0.08855,0.43729,0.45560,-0.52315,0.57230,35.29600
0.08991,0.25213,0.08856,0.43737,0.45568,-0.52309,0.57223,35.39600
0.08991,0.25203,0.08859,0.43743,0.45575,-0.52303,0.57217,35.49600
0.08992,0.25193,0.08861,0.43750,0.45583,-0.52297,0.57211,35.59600
0.08993,0.25183,0.08863,0.43757,0.45590,-0.52292,0.57205,35.69600
0.08993,0.25173,0.08865,0.43763,0.45597,-0.52286,0.57200,35.79600
0.08994,0.25164,0.08867,0.43771,0.45605,-0.52280,0.57193,35.89600
0.08995,0.25154,0.08869,0.43778,0.45613,-0.52274,0.57187,35.99600
0.08995,0.25144,0.08871,0.43784,0.45620,-0.52269,0.57181,36.09600
0.08996,0.25134,0.08873,0.43791,0.45628,-0.52263,0.57176,36.19600
0.08996,0.25125,0.08875,0.43798,0.45635,-0.52258,0.57170,36.29600
0.08997,0.25115,0.08877,0.43804,0.45642,-0.52252,0.57164,36.39600
0.08998,0.25105,0.08879,0.43812,0.45650,-0.52246,0.57158,36.49600
0.08998,0.25095,0.08881,0.43819,0.45657,-0.52240,0.57152,36.59600
0.08999,0.25085,0.08883,0.43825,0.45665,-0.52234,0.57146,36.69600
0.09000,0.25076,0.08885,0.43832,0.45672,-0.52229,0.57140,36.79600
0.09000,0.25066,0.08887,0.43839,0.45679,-0.52223,0.57134,36.89600
0.09001,0.25056,0.08889,0.43846,0.45687,-0.52217,0.57128,36.99600
0.09002,0.25046,0.08891,0.43853,0.45695,-0.52211,0.57122,37.09600
0.09002,0.25036,0.08893,0.43860,0.45702,-0.52206,0.57116,37.19600
0.09003,0.25027,0.08895,0.43866,0.45710,-0.52200,0.57110,37.29600
0.09004,0.25017,0.08897,0.43873,0.45717,-0.52195,0.57104,37.39600
0.09004,0.25007,0.08898,0.43879,0.45724,-0.52189,0.57098,37.49600
0.09005,0.24997,0.08900,0.43887,0.45732,-0.52183,0.57092,37.59600
0.09005,0.24988,0.08902,0.43894,0.45740,-0.52177,0.57086,37.69600
0.09006,0.24978,0.08904,0.43900,0.45747,-0.52171,0.57080,37.79600
0.09007,0.24968,0.08906,0.43907,0.45754,-0.52166,0.57074,37.89600
0.09007,0.24958,0.08909,0.43914,0.45761,-0.52160,0.57068,37.99600
0.09008,0.24948,0.08911,0.43920,0.45769,-0.52154,0.57062,38.09600
0.09009,0.24939,0.08913,0.43928,0.45777,-0.52148,0.57056,38.19600
0.09009,0.24929,0.08915,0.43935,0.45784,-0.52143,0.57050,38.29600
0.09010,0.24919,0.08917,0.43941,0.45792,-0.52137,0.57044,38.39600
0.09011,0.24909,0.08919,0.43948,0.45799,-0.52131,0.57038,38.49600
0.09011,0.24899,0.08920,0.43954,0.45806,-0.52126,0.57033,38.59600
0.09012,0.24890,0.08922,0.43961,0.45814,-0.52120,0.57027,38.69600
0.09013,0.24880,0.08924,0.43968,0.45821,-0.52114,0.57021,38.79600
0.09013,0.24870,0.08926,0.43975,0.45829,-0.52108,0.57014,38.89600
0.09014,0.24860,0.08928,0.43982,0.45837,-0.52102,0.57008,38.99600
0.09014,0.24851,0.08930,0.43989,0.45843,-0.52097,0.57003,39.09600
0.09015,0.24841,0.08932,0.43995,0.45851,-0.52091,0.56997,39.19600
0.09016,0.24831,0.08934,0.44002,0.45858,-0.52086,0.56991,39.29600
0.09016,0.24821,0.08936,0.44009,0.45866,-0.52080,0.56985,39.39600
0.09017,0.24811,0.08938,0.44016,0.45874,-0.52074,0.56978,39.49600
0.09018,0.24802,0.08940,0.44023,0.45881,-0.52068,0.56972,39.59600
0.09018,0.24792,0.08941,0.44029,0.45888,-0.52062,0.56967,39.69600
0.09019,0.24782,0.08943,0.44036,0.45896,-0.52057,0.56961,39.79600
0.09020,0.24772,0.08945,0.44043,0.45903,-0.52051,0.56955,39.89600
0.09020,0.24762,0.08947,0.44050,0.45910,-0.52045,0.56949,39.99600
0.09021,0.24753,0.08949,0.44057,0.45918,-0.52040,0.56943,40.09600
0.09022,0.24743,0.08951,0.44064,0.45926,-0.52033,0.56936,40.19600
0.09022,0.24733,0.08953,0.44070,0.45933,-0.52028,0.56931,40.29600
0.09023,0.24723,0.08955,0.44077,0.45940,-0.52022,0.56925,40.39600
0.09024,0.24713,0.08957,0.44084,0.45948,-0.52016,0.56919,40.49600
0.09024,0.24704,0.08959,0.44091,0.45955,-0.52011,0.56913,40.59600
0.09025,0.24694,0.08961,0.44097,0.45962,-0.52005,0.56907,40.69600
0.09025,0.24684,0.08962,0.44104,0.45970,-0.51999,0.56901,40.79600
0.09026,0.24674,0.08964,0.44111,0.45977,-0.51993,0.56895,40.89600
0.09027,0.24664,0.08966,0.44118,0.45985,-0.51988,0.56889,40.99600
0.09027,0.24655,0.08968,0.44125,0.45992,-0.51982,0.56883,41.09600
0.09028,0.24645,0.08970,0.44131,0.46000,-0.51976,0.56877,41.19600
0.09029,0.24635,0.08972,0.44138,0.46007,-0.51970,0.56871,41.29600
0.09029,0.24625,0.08974,0.44145,0.46014,-0.51965,0.56865,41.39600
0.09030,0.24615,0.08976,0.44152,0.46022,-0.51959,0.56859,41.49600
0.09031,0.24605,0.08978,0.44158,0.46029,-0.51953,0.56853,41.59600
0.09031,0.24596,0.08980,0.44165,0.46037,-0.51947,0.56847,41.69600
0.09032,0.24586,0.08980,0.44172,0.46044,-0.51941,0.56841,41.79600
0.09033,0.24576,0.08982,0.44179,0.46052,-0.51936,0.56835,41.89600
0.09033,0.24566,0.08984,0.44186,0.46059,-0.51930,0.56828,41.99600
0.09034,0.24556,0.08986,0.44192,0.46066,-0.51924,0.56822,42.09600
0.09034,0.24547,0.08988,0.44199,0.46074,-0.51918,0.56816,42.19600
0.09035,0.24537,0.08990,0.44206,0.46081,-0.51913,0.56810,42.29600
0.09036,0.24527,0.08992,0.44213,0.46089,-0.51907,0.56804,42.39600
0.09036,0.24517,0.08994,0.44220,0.46096,-0.51901,0.56798,42.49600
0.09037,0.24508,0.08996,0.44226,0.46104,-0.51895,0.56792,42.59600
0.09038,0.24499,0.08998,0.44233,0.46111,-0.51890,0.56786,42.69600
0.09038,0.24489,0.09000,0.44240,0.46118,-0.51884,0.56780,42.79600
0.09039,0.24479,0.09001,0.44247,0.46126,-0.51878,0.56774,42.89600
0.09040,0.24469,0.09003,0.44253,0.46133,-0.51873,0.56769,42.99600
0.09040,0.24459,0.09005,0.44260,0.46141,-0.51866,0.56762,43.09600
0.09041,0.24450,0.09007,0.44267,0.46148,-0.51861,0.56756,43.19600
0.09042,0.24440,0.09008,0.44274,0.46155,-0.51855,0.56750,43.29600
0.09042,0.24430,0.09010,0.44280,0.46163,-0.51849,0.56744,43.39600
0.09043,0.24420,0.09012,0.44287,0.46170,-0.51843,0.56738,43.49600
0.09044,0.24410,0.09014,0.44294,0.46178,-0.51838,0.56732,43.59600
0.09044,0.24400,0.09016,0.44301,0.46185,-0.51832,0.56726,43.69600
0.09045,0.24391,0.09018,0.44307,0.46192,-0.51826,0.56721,43.79600
0.09045,0.24381,0.09020,0.44314,0.46200,-0.51820,0.56714,43.89600
0.09046,0.24371,0.09021,0.44321,0.46207,-0.51814,0.56708,43.99600
0.09047,0.24361,0.09023,0.44328,0.46215,-0.51809,0.56702,44.09600
0.09047,0.24351,0.09025,0.44335,0.46222,-0.51803,0.56696,44.19600
0.09048,0.24342,0.09026,0.44341,0.46230,-0.51797,0.56690,44.29600
0.09049,0.24332,0.09028,0.44348,0.46237,-0.51791,0.56684,44.39600
0.09049,0.24322,0.09030,0.44355,0.46244,-0.51785,0.56678,44.49600
0.09050,0.24312,0.09032,0.44361,0.46251,-0.51780,0.56672,44.59600
0.09051,0.24302,0.09034,0.44368,0.46259,-0.51774,0.56666,44.69600
0.09051,0.24292,0.09036,0.44375,0.46267,-0.51768,0.56660,44.79600
0.09052,0.24283,0.09038,0.44382,0.46274,-0.51762,0.56654,44.89600
0.09053,0.24273,0.09040,0.44389,0.46281,-0.51756,0.56648,44.99600
0.09053,0.24263,0.09040,0.44395,0.46289,-0.51751,0.56642,45.09600
0.09054,0.24253,0.09042,0.44402,0.46296,-0.51745,0.56636,45.19600
0.09055,0.24243,0.09044,0.44409,0.46304,-0.51739,0.56629,45.29600
0.09055,0.24233,0.09046,0.44416,0.46311,-0.51733,0.56623,45.39600
0.09056,0.24224,0.09048,0.44422,0.46318,-0.51728,0.56618,45.49600
0.09056,0.24214,0.09050,0.44429,0.46325,-0.51722,0.56612,45.59600
0.09057,0.24204,0.09052,0.44436,0.46333,-0.51716,0.56605,45.69600
0.09058,0.24194,0.09053,0.44443,0.46341,-0.51710,0.56599,45.79600
0.09058,0.24184,0.09055,0.44450,0.46348,-0.51704,0.56593,45.89600
0.09059,0.24175,0.09057,0.44456,0.46355,-0.51698,0.56587,45.99600
0.09060,0.24165,0.09059,0.44463,0.46363,-0.51693,0.56581,46.09600
0.09060,0.24155,0.09060,0.44470,0.46370,-0.51687,0.56575,46.19600
0.09061,0.24145,0.09062,0.44476,0.46377,-0.51681,0.56569,46.29600
0.09062,0.24135,0.09063,0.44483,0.46385,-0.51675,0.56563,46.39600
0.09062,0.24125,0.09065,0.44489,0.46392,-0.51670,0.56557,46.49600
0.09063,0.24116,0.09067,0.44497,0.46400,-0.51664,0.56551,46.59600
0.09064,0.24106,0.09069,0.44503,0.46407,-0.51658,0.56545,46.69600
0.09064,0.24096,0.09071,0.44510,0.46414,-0.51652,0.56539,46.79600
0.09065,0.24086,0.09073,0.44517,0.46422,-0.51646,0.56533,46.89600
0.09066,0.24076,0.09074,0.44524,0.46429,-0.51640,0.56527,46.99600
0.09066,0.24066,0.09076,0.44530,0.46436,-0.51635,0.56520,47.09600
0.09067,0.24057,0.09077,0.44537,0.46444,-0.51629,0.56514,47.19600
0.09068,0.24047,0.09079,0.44544,0.46451,-0.51623,0.56508,47.29600
0.09068,0.24037,0.09081,0.44551,0.46459,-0.51617,0.56502,47.39600
0.09069,0.24027,0.09082,0.44557,0.46465,-0.51612,0.56497,47.49600
0.09070,0.24017,0.09084,0.44564,0.46473,-0.51606,0.56491,47.59600
0.09070,0.24007,0.09086,0.44571,0.46481,-0.51600,0.56484,47.69600
0.09071,0.23998,0.09088,0.44578,0.46488,-0.51594,0.56478,47.79600
0.09071,0.23988,0.09090,0.44584,0.46496,-0.51588,0.56472,47.89600
0.09072,0.23978,0.09091,0.44591,0.46503,-0.51582,0.56466,47.99600
0.09073,0.23968,0.09093,0.44598,0.46510,-0.51576,0.56460,48.09600
0.09073,0.23958,0.09095,0.44605,0.46518,-0.51571,0.56454,48.19600
0.09074,0.23948,0.09096,0.44611,0.46525,-0.51565,0.56448,48.29600
0.09075,0.23938,0.09098,0.44618,0.46532,-0.51559,0.56442,48.39600
0.09075,0.23929,0.09099,0.44625,0.46540,-0.51553,0.56436,48.49600
0.09076,0.23919,0.09101,0.44631,0.46547,-0.51547,0.56429,48.59600
0.09077,0.23909,0.09103,0.44638,0.46554,-0.51542,0.56424,48.69600
0.09077,0.23899,0.09105,0.44645,0.46562,-0.51536,0.56417,48.79600
0.09078,0.23889,0.09107,0.44652,0.46569,-0.51530,0.56411,48.89600
0.09079,0.23879,0.09108,0.44658,0.46577,-0.51524,0.56405,48.99600
0.09079,0.23870,0.09110,0.44665,0.46584,-0.51518,0.56399,49.09600
0.09080,0.23860,0.09112,0.44672,0.46591,-0.51512,0.56393,49.19600
0.09081,0.23850,0.09114,0.44679,0.46599,-0.51506,0.56387,49.29600
0.09081,0.23840,0.09114,0.44685,0.46606,-0.51501,0.56381,49.39600
0.09082,0.23830,0.09116,0.44692,0.46613,-0.51495,0.56375,49.49600
0.09083,0.23820,0.09118,0.44699,0.46621,-0.51489,0.56369,49.59600
0.09083,0.23811,0.09120,0.44705,0.46628,-0.51483,0.56363,49.69600
0.09084,0.23801,0.09121,0.44712,0.46635,-0.51477,0.56357,49.79600
0.09084,0.23791,0.09123,0.44719,0.46643,-0.51471,0.56350,49.89600
0.09085,0.23781,0.09125,0.44725,0.46650,-0.51466,0.56345,49.99600
0.09086,0.23771,0.09127,0.44732,0.46657,-0.51460,0.56338,50.09600
0.09086,0.23761,0.09128,0.44739,0.46665,-0.51454,0.56332,50.19600
0.09087,0.23751,0.09130,0.44746,0.46672,-0.51448,0.56326,50.29600
0.09088,0.23742,0.09132,0.44752,0.46680,-0.51442,0.56320,50.39600
0.09088,0.23732,0.09132,0.44759,0.46687,-0.51436,0.56314,50.49600
0.09089,0.23722,0.09134,0.44766,0.46694,-0.51431,0.56308,50.59600
0.09090,0.23712,0.09136,0.44773,0.46702,-0.51425,0.56302,50.69600
0.09090,0.23702,0.09138,0.44779,0.46709,-0.51419,0.56296,50.79600
0.09091,0.23692,0.09139,0.44786,0.46716,-0.51413,0.56289,50.89600
0.09092,0.23682,0.09141,0.44793,0.46724,-0.51407,0.56283,50.99600
0.09092,0.23673,0.09143,0.44799,0.46731,-0.51401,0.56277,51.09600
0.09093,0.23663,0.09144,0.44806,0.46738,-0.51396,0.56271,51.19600
0.09094,0.23653,0.09146,0.44813,0.46746,-0.51390,0.56265,51.29600
0.09094,0.23643,0.09148,0.44819,0.46753,-0.51384,0.56259,51.39600
0.09095,0.23633,0.09149,0.44826,0.46760,-0.51378,0.56253,51.49600
0.09096,0.23623,0.09150,0.44833,0.46768,-0.51372,0.56247,51.59600
0.09096,0.23614,0.09152,0.44840,0.46775,-0.51366,0.56241,51.69600
0.09097,0.23604,0.09154,0.44846,0.46782,-0.51360,0.56235,51.79600
0.09098,0.23594,0.09155,0.44853,0.46790,-0.51355,0.56228,51.89600
0.09098,0.23584,0.09157,0.44860,0.46797,-0.51349,0.56222,51.99600
0.09099,0.23574,0.09159,0.44866,0.46804,-0.51343,0.56216,52.09600
0.09100,0.23564,0.09160,0.44873,0.46812,-0.51337,0.56210,52.19600
0.09100,0.23554,0.09162,0.44880,0.46819,-0.51331,0.56204,52.29600
0.09101,0.23545,0.09164,0.44887,0.46826,-0.51325,0.56198,52.39600
0.09101,0.23535,0.09165,0.44893,0.46834,-0.51319,0.56192,52.49600
0.09102,0.23525,0.09166,0.44900,0.46841,-0.51314,0.56186,52.59600
0.09103,0.23515,0.09168,0.44907,0.46848,-0.51308,0.56180,52.69600
0.09103,0.23505,0.09170,0.44913,0.46856,-0.51302,0.56174,52.79600
0.09104,0.23495,0.09171,0.44920,0.46863,-0.51296,0.56167,52.89600
0.09105,0.23485,0.09173,0.44927,0.46870,-0.51290,0.56161,52.99600
0.09105,0.23475,0.09174,0.44933,0.46878,-0.51284,0.56155,53.09600
0.09106,0.23466,0.09176,0.44940,0.46885,-0.51278,0.56149,53.19600
0.09107,0.23456,0.09178,0.44947,0.46892,-0.51273,0.56143,53.29600
0.09107,0.23446,0.09179,0.44953,0.46900,-0.51267,0.56137,53.39600
0.09108,0.23436,0.09181,0.44960,0.46907,-0.51261,0.56131,53.49600
0.09109,0.23426,0.09183,0.44967,0.46915,-0.51255,0.56124,53.59600
0.09109,0.23416,0.09183,0.44974,0.46922,-0.51249,0.56118,53.69600
0.09110,0.23406,0.09185,0.44981,0.46929,-0.51243,0.56112,53.79600
0.09111,0.23397,0.09187,0.44987,0.46937,-0.51237,0.56106,53.89600
0.09111,0.23387,0.09188,0.44994,0.46944,-0.51231,0.56100,53.99600
0.09112,0.23377,0.09190,0.45000,0.46951,-0.51226,0.56094,54.09600
0.09113,0.23367,0.09192,0.45007,0.46958,-0.51220,0.56088,54.19600
0.09113,0.23357,0.09193,0.45014,0.46965,-0.51214,0.56082,54.29600
0.09114,0.23347,0.09195,0.45020,0.46973,-0.51208,0.56076,54.39600
0.09115,0.23337,0.09196,0.45027,0.46980,-0.51202,0.56069,54.49600
0.09115,0.23328,0.09198,0.45034,0.46987,-0.51196,0.56063,54.59600
0.09116,0.23318,0.09199,0.45040,0.46995,-0.51190,0.56057,54.69600
0.09117,0.23308,0.09200,0.45047,0.47002,-0.51185,0.56051,54.79600
0.09117,0.23298,0.09202,0.45054,0.47009,-0.51179,0.56045,54.89600
0.09118,0.23288,0.09204,0.45060,0.47017,-0.51173,0.56039,54.99600
0.09119,0.23278,0.09205,0.45067,0.47024,-0.51167,0.56033,55.09600
0.09119,0.23268,0.09207,0.45074,0.47031,-0.51161,0.56027,55.19600
0.09120,0.23258,0.09208,0.45080,0.47039,-0.51155,0.56020,55.29600
0.09121,0.23249,0.09210,0.45087,0.47046,-0.51149,0.56014,55.39600
0.09121,0.23239,0.09212,0.45094,0.47053,-0.51143,0.56008,55.49600
0.09122,0.23229,0.09213,0.45100,0.47060,-0.51138,0.56002,55.59600
0.09123,0.23219,0.09215,0.45107,0.47068,-0.51132,0.55996,55.69600
0.09123,0.23209,0.09215,0.45114,0.47075,-0.51126,0.55990,55.79600
0.09124,0.23199,0.09217,0.45120,0.47082,-0.51120,0.55984,55.89600
0.09125,0.23189,0.09219,0.45127,0.47090,-0.51114,0.55977,55.99600
0.09125,0.23179,0.09220,0.45134,0.47097,-0.51108,0.55971,56.09600
0.09126,0.23170,0.09222,0.45140,0.47104,-0.51102,0.55965,56.19600
0.09126,0.23160,0.09223,0.45147,0.47112,-0.51096,0.55959,56.29600
0.09127,0.23150,0.09225,0.45154,0.47119,-0.51090,0.55953,56.39600
0.09128,0.23140,0.09226,0.45161,0.47127,-0.51084,0.55946,56.49600
0.09128,0.23130,0.09228,0.45168,0.47134,-0.51078,0.55940,56.59600
0.09129,0.23120,0.09230,0.45174,0.47141,-0.51072,0.55934,56.69600
0.09130,0.23110,0.09231,0.45181,0.47149,-0.51066,0.55928,56.79600
0.09130,0.23100,0.09232,0.45188,0.47156,-0.51061,0.55922,56.89600
0.09131,0.23091,0.09233,0.45194,0.47163,-0.51055,0.55916,56.99600
0.09132,0.23081,0.09235,0.45201,0.47171,-0.51049,0.55909,57.09600
0.09132,0.23071,0.09236,0.45207,0.47178,-0.51043,0.55903,57.19600
0.09133,0.23061,0.09238,0.45214,0.47185,-0.51037,0.55897,57.29600
0.09134,0.23051,0.09240,0.45221,0.47192,-0.51031,0.55891,57.39600
0.09134,0.23041,0.09241,0.45227,0.47200,-0.51025,0.55885,57.49600
0.09135,0.23031,0.09243,0.45234,0.47207,-0.51019,0.55879,57.59600
0.09136,0.23021,0.09244,0.45241,0.47214,-0.51013,0.55872,57.69600
0.09136,0.23012,0.09246,0.45247,0.47222,-0.51007,0.55866,57.79600
0.09137,0.23002,0.09247,0.45254,0.47229,-0.51002,0.55860,57.89600
0.09138,0.22992,0.09248,0.45261,0.47236,-0.50996,0.55854,57.99600
0.09138,0.22982,0.09249,0.45267,0.47243,-0.50990,0.55848,58.09600
0.09139,0.22972,0.09251,0.45274,0.47251,-0.50984,0.55842,58.19600
0.09140,0.22962,0.09252,0.45281,0.47258,-0.50978,0.55835,58.29600
0.09140,0.22952,0.09254,0.45287,0.47265,-0.50972,0.55829,58.39600
0.09141,0.22942,0.09255,0.45294,0.47272,-0.50966,0.55823,58.49600
0.09142,0.22932,0.09257,0.45301,0.47280,-0.50960,0.55817,58.59600
0.09142,0.22923,0.09258,0.45307,0.47287,-0.50954,0.55811,58.69600
0.09143,0.22913,0.09260,0.45314,0.47294,-0.50948,0.55805,58.79600
0.09144,0.22903,0.09261,0.45321,0.47302,-0.50943,0.55798,58.89600
0.09144,0.22893,0.09262,0.45327,0.47309,-0.50937,0.55792,58.99600
0.09145,0.22883,0.09263,0.45334,0.47316,-0.50931,0.55786,59.09600
0.09146,0.22873,0.09265,0.45340,0.47323,-0.50925,0.55780,59.19600
0.09146,0.22863,0.09266,0.45347,0.47331,-0.50919,0.55774,59.29600
0.09147,0.22853,0.09268,0.45354,0.47338,-0.50913,0.55768,59.39600
0.09148,0.22845,0.09269,0.45360,0.47345,-0.50907,0.55761,59.49600
0.09148,0.22835,0.09271,0.45367,0.47353,-0.50901,0.55755,59.59600
0.09149,0.22825,0.09272,0.45374,0.47360,-0.50895,0.55749,59.69600
0.09150,0.22815,0.09274,0.45380,0.47367,-0.50889,0.55743,59.79600
0.09150,0.22805,0.09275,0.45387,0.47374,-0.50883,0.55737,59.89600
0.09151,0.22795,0.09277,0.45394,0.47382,-0.50877,0.55731,59.99600
0.09152,0.22785,0.09277,0.45400,0.47389,-0.50872,0.55724,60.09600
0.09152,0.22775,0.09279,0.45407,0.47396,-0.50866,0.55718,60.19600
0.09153,0.22765,0.09280,0.45413,0.47403,-0.50860,0.55712,60.29600
0.09154,0.22756,0.09282,0.45420,0.47411,-0.50854,0.55706,60.39600
0.09154,0.22746,0.09283,0.45427,0.47418,-0.50848,0.55700,60.49600
0.09155,0.22736,0.09285,0.45433,0.47425,-0.50842,0.55694,60.59600
0.09156,0.22726,0.09286,0.45440,0.47433,-0.50836,0.55687,60.69600
0.09156,0.22716,0.09288,0.45447,0.47440,-0.50830,0.55681,60.79600
0.09157,0.22706,0.09289,0.45454,0.47447,-0.50824,0.55675,60.89600
0.09158,0.22696,0.09291,0.45460,0.47455,-0.50818,0.55668,60.99600
0.09158,0.22686,0.09292,0.45467,0.47462,-0.50812,0.55662,61.09600
0.09159,0.22676,0.09293,0.45474,0.47469,-0.50806,0.55656,61.19600
0.09160,0.22666,0.09294,0.45480,0.47476,-0.50800,0.55650,61.29600
0.09160,0.22657,0.09295,0.45487,0.47484,-0.50794,0.55644,61.39600
0.09161,0.22647,0.09297,0.45493,0.47491,-0.50788,0.55637,61.49600
0.09162,0.22637,0.09298,0.45500,0.47498,-0.50782,0.55631,61.59600
0.09162,0.22627,0.09300,0.45507,0.47505,-0.50776,0.55625,61.69600
0.09163,0.22617,0.09301,0.45513,0.47513,-0.50770,0.55619,61.79600
0.09164,0.22607,0.09303,0.45520,0.47520,-0.50764,0.55613,61.89600
0.09164,0.22597,0.09304,0.45527,0.47527,-0.50758,0.55606,61.99600
0.09165,0.22587,0.09305,0.45533,0.47535,-0.50753,0.55600,62.09600
0.09166,0.22577,0.09306,0.45539,0.47541,-0.50747,0.55595,62.19600
0.09166,0.22568,0.09307,0.45546,0.47548,-0.50741,0.55588,62.29600
0.09167,0.22558,0.09309,0.45552,0.47556,-0.50735,0.55582,62.39600
0.09167,0.22548,0.09310,0.45559,0.47563,-0.50729,0.55576,62.49600
0.09168,0.22538,0.09312,0.45566,0.47570,-0.50723,0.55570,62.59600
0.09169,0.22528,0.09313,0.45572,0.47577,-0.50717,0.55564,62.69600
0.09169,0.22518,0.09314,0.45579,0.47585,-0.50711,0.55557,62.79600
0.09170,0.22508,0.09316,0.45585,0.47592,-0.50706,0.55551,62.89600
0.09171,0.22498,0.09317,0.45592,0.47599,-0.50700,0.55545,62.99600
0.09171,0.22488,0.09319,0.45599,0.47607,-0.50693,0.55538,63.09600
0.09172,0.22478,0.09320,0.45606,0.47614,-0.50687,0.55532,63.19600
0.09173,0.22469,0.09320,0.45612,0.47621,-0.50681,0.55526,63.29600
0.09173,0.22459,0.09322,0.45619,0.47629,-0.50675,0.55520,63.39600
0.09174,0.22449,0.09323,0.45626,0.47636,-0.50669,0.55513,63.49600
0.09175,0.22439,0.09325,0.45632,0.47643,-0.50663,0.55507,63.59600
0.09175,0.22429,0.09326,0.45639,0.47650,-0.50658,0.55501,63.69600
0.09176,0.22419,0.09327,0.45645,0.47658,-0.50652,0.55495,63.79600
0.09177,0.22409,0.09329,0.45652,0.47665,-0.50646,0.55489,63.89600
0.09177,0.22399,0.09330,0.45659,0.47672,-0.50640,0.55482,63.99600
0.09178,0.22389,0.09332,0.45665,0.47679,-0.50634,0.55476,64.09600
0.09179,0.22379,0.09333,0.45672,0.47686,-0.50628,0.55470,64.19600
0.09180,0.22369,0.09334,0.45678,0.47694,-0.50622,0.55464,64.29600
0.09180,0.22360,0.09335,0.45685,0.47701,-0.50616,0.55457,64.39600
0.09181,0.22350,0.09336,0.45692,0.47708,-0.50610,0.55451,64.49600
0.09181,0.22340,0.09337,0.45698,0.47715,-0.50604,0.55445,64.59600
0.09182,0.22330,0.09339,0.45705,0.47723,-0.50598,0.55439,64.69600
0.09183,0.22320,0.09340,0.45712,0.47730,-0.50592,0.55432,64.79600
0.09183,0.22310,0.09341,0.45718,0.47738,-0.50586,0.55426,64.89600
0.09184,0.22300,0.09343,0.45725,0.47745,-0.50580,0.55420,64.99600
0.09185,0.22290,0.09344,0.45731,0.47751,-0.50574,0.55414,65.09600
0.09185,0.22280,0.09346,0.45738,0.47759,-0.50568,0.55408,65.19600
0.09186,0.22270,0.09347,0.45744,0.47766,-0.50562,0.55402,65.29600
0.09187,0.22260,0.09347,0.45751,0.47773,-0.50556,0.55395,65.39600
0.09187,0.22251,0.09349,0.45758,0.47780,-0.50550,0.55389,65.49600
0.09188,0.22241,0.09350,0.45764,0.47788,-0.50544,0.55383,65.59600
0.09189,0.22231,0.09351,0.45771,0.47795,-0.50538,0.55377,65.69600
0.09189,0.22221,0.09353,0.45777,0.47802,-0.50532,0.55370,65.79600
0.09190,0.22211,0.09354,0.45784,0.47809,-0.50526,0.55364,65.89600
0.09191,0.22201,0.09355,0.45790,0.47816,-0.50520,0.55358,65.99600
0.09191,0.22191,0.09357,0.45798,0.47824,-0.50514,0.55351,66.09600
0.09192,0.22181,0.09358,0.45804,0.47831,-0.50508,0.55345,66.19600
0.09193,0.22171,0.09359,0.45811,0.47839,-0.50502,0.55339,66.29600
0.09194,0.22161,0.09360,0.45817,0.47846,-0.50496,0.55333,66.39600
0.09194,0.22151,0.09361,0.45824,0.47853,-0.50490,0.55326,66.49600
0.09195,0.22142,0.09362,0.45830,0.47860,-0.50484,0.55320,66.59600
0.09195,0.22132,0.09363,0.45837,0.47867,-0.50478,0.55314,66.69600
0.09196,0.22122,0.09365,0.45844,0.47875,-0.50472,0.55308,66.79600
0.09197,0.22112,0.09366,0.45850,0.47882,-0.50466,0.55301,66.89600
0.09197,0.22102,0.09367,0.45856,0.47889,-0.50461,0.55296,66.99600
0.09198,0.22092,0.09369,0.45863,0.47896,-0.50455,0.55289,67.09600
0.09199,0.22082,0.09370,0.45869,0.47903,-0.50449,0.55283,67.19600
0.09199,0.22072,0.09371,0.45876,0.47911,-0.50442,0.55276,67.29600
0.09200,0.22062,0.09373,0.45883,0.47918,-0.50436,0.55270,67.39600
0.09201,0.22052,0.09374,0.45890,0.47925,-0.50430,0.55264,67.49600
0.09202,0.22042,0.09374,0.45896,0.47932,-0.50424,0.55258,67.59600
0.09202,0.22032,0.09375,0.45903,0.47939,-0.50419,0.55251,67.69600
0.09203,0.22023,0.09377,0.45909,0.47947,-0.50413,0.55245,67.79600
0.09203,0.22013,0.09378,0.45916,0.47954,-0.50407,0.55239,67.89600
0.09204,0.22003,0.09379,0.45922,0.47961,-0.50401,0.55233,67.99600
0.09205,0.21993,0.09381,0.45929,0.47968,-0.50395,0.55226,68.09600
0.09205,0.21983,0.09382,0.45936,0.47975,-0.50389,0.55220,68.19600
0.09206,0.21973,0.09383,0.45942,0.47983,-0.50383,0.55214,68.29600
0.09207,0.21963,0.09384,0.45949,0.47990,-0.50376,0.55207,68.39600
0.09208,0.21953,0.09386,0.45955,0.47997,-0.50371,0.55201,68.49600
0.09208,0.21943,0.09386,0.45962,0.48004,-0.50365,0.55195,68.59600
0.09209,0.21933,0.09387,0.45968,0.48011,-0.50359,0.55189,68.69600
0.09210,0.21923,0.09388,0.45975,0.48019,-0.50353,0.55183,68.79600
0.09210,0.21913,0.09390,0.45981,0.48026,-0.50347,0.55176,68.89600
0.09211,0.21904,0.09391,0.45988,0.48033,-0.50341,0.55170,68.99600
0.09211,0.21894,0.09392,0.45995,0.48040,-0.50335,0.55164,69.09600
0.09212,0.21884,0.09393,0.46001,0.48047,-0.50329,0.55158,69.19600
0.09213,0.21874,0.09395,0.46008,0.48055,-0.50322,0.55151,69.29600
0.09214,0.21864,0.09396,0.46015,0.48062,-0.50316,0.55145,69.39600
0.09214,0.21855,0.09397,0.46021,0.48069,-0.50310,0.55138,69.49600
0.09215,0.21845,0.09398,0.46028,0.48077,-0.50304,0.55132,69.59600
0.09216,0.21835,0.09399,0.46034,0.48084,-0.50298,0.55126,69.69600
0.09216,0.21825,0.09400,0.46040,0.48090,-0.50293,0.55120,69.79600
0.09217,0.21815,0.09401,0.46047,0.48098,-0.50287,0.55114,69.89600
0.09218,0.21805,0.09402,0.46054,0.48105,-0.50281,0.55108,69.99600
0.09218,0.21795,0.09403,0.46060,0.48112,-0.50275,0.55101,70.09600
0.09219,0.21785,0.09405,0.46067,0.48120,-0.50268,0.55095,70.19600
0.09220,0.21776,0.09406,0.46074,0.48127,-0.50262,0.55088,70.29600
0.09220,0.21766,0.09407,0.46080,0.48134,-0.50256,0.55082,70.39600
0.09221,0.21756,0.09408,0.46087,0.48141,-0.50250,0.55076,70.49600
0.09222,0.21746,0.09410,0.46093,0.48148,-0.50244,0.55069,70.59600
0.09222,0.21736,0.09411,0.46100,0.48156,-0.50238,0.55063,70.69600
0.09223,0.21726,0.09411,0.46106,0.48163,-0.50232,0.55057,70.79600
0.09224,0.21716,0.09412,0.46112,0.48169,-0.50227,0.55051,70.89600
0.09224,0.21706,0.09413,0.46119,0.48177,-0.50220,0.55044,70.99600
0.09225,0.21696,0.09415,0.46126,0.48184,-0.50214,0.55038,71.09600
0.09226,0.21686,0.09416,0.46133,0.48191,-0.50208,0.55032,71.19600
0.09226,0.21676,0.09417,0.46139,0.48199,-0.50202,0.55026,71.29600
0.09227,0.21666,0.09418,0.46146,0.48206,-0.50196,0.55019,71.39600
0.09228,0.21656,0.09419,0.46152,0.48213,-0.50190,0.55013,71.49600
0.09228,0.21646,0.09420,0.46159,0.48220,-0.50184,0.55007,71.59600
0.09229,0.21637,0.09422,0.46165,0.48227,-0.50178,0.55000,71.69600
0.09230,0.21627,0.09422,0.46172,0.48235,-0.50172,0.54994,71.79600
0.09230,0.21617,0.09423,0.46179,0.48242,-0.50166,0.54987,71.89600
0.09231,0.21607,0.09424,0.46185,0.48249,-0.50160,0.54982,71.99600
0.09232,0.21597,0.09425,0.46191,0.48256,-0.50154,0.54975,72.09600
0.09232,0.21587,0.09427,0.46198,0.48263,-0.50148,0.54969,72.19600
0.09233,0.21577,0.09428,0.46204,0.48270,-0.50142,0.54963,72.29600
0.09234,0.21567,0.09429,0.46211,0.48277,-0.50136,0.54956,72.39600
0.09234,0.21557,0.09430,0.46218,0.48285,-0.50130,0.54950,72.49600
0.09235,0.21547,0.09431,0.46225,0.48292,-0.50124,0.54943,72.59600
0.09236,0.21537,0.09432,0.46231,0.48299,-0.50118,0.54937,72.69600
0.09236,0.21527,0.09433,0.46238,0.48307,-0.50112,0.54931,72.79600
0.09237,0.21517,0.09434,0.46244,0.48313,-0.50106,0.54925,72.89600
0.09238,0.21507,0.09435,0.46250,0.48320,-0.50100,0.54919,72.99600
0.09238,0.21497,0.09436,0.46257,0.48327,-0.50094,0.54912,73.09600
0.09239,0.21488,0.09437,0.46263,0.48335,-0.50088,0.54906,73.19600
0.09240,0.21478,0.09438,0.46270,0.48342,-0.50081,0.54899,73.29600
0.09240,0.21468,0.09439,0.46277,0.48349,-0.50075,0.54893,73.39600
0.09241,0.21458,0.09440,0.46283,0.48357,-0.50069,0.54887,73.49600
0.09242,0.21448,0.09442,0.46290,0.48364,-0.50063,0.54880,73.59600
0.09242,0.21438,0.09443,0.46296,0.48371,-0.50057,0.54874,73.69600
0.09243,0.21428,0.09444,0.46302,0.48377,-0.50052,0.54868,73.79600
0.09244,0.21418,0.09445,0.46309,0.48385,-0.50046,0.54862,73.89600
0.09244,0.21408,0.09445,0.46316,0.48392,-0.50039,0.54855,73.99600
0.09245,0.21398,0.09446,0.46322,0.48399,-0.50033,0.54849,74.09600
0.09246,0.21388,0.09447,0.46329,0.48407,-0.50027,0.54843,74.19600
0.09246,0.21378,0.09448,0.46335,0.48414,-0.50021,0.54836,74.29600
0.09247,0.21368,0.09450,0.46342,0.48421,-0.50015,0.54830,74.39600
0.09248,0.21358,0.09451,0.46348,0.48428,-0.50009,0.54824,74.49600
0.09249,0.21348,0.09452,0.46355,0.48436,-0.50003,0.54817,74.59600
0.09249,0.21338,0.09453,0.46361,0.48442,-0.49997,0.54811,74.69600
0.09250,0.21329,0.09454,0.46368,0.48449,-0.49991,0.54805,74.79600
0.09250,0.21319,0.09455,0.46374,0.48457,-0.49985,0.54799,74.89600
0.09251,0.21309,0.09455,0.46381,0.48464,-0.49979,0.54792,74.99600
0.09252,0.21299,0.09456,0.46387,0.48471,-0.49973,0.54786,75.09600
0.09253,0.21289,0.09457,0.46394,0.48478,-0.49966,0.54779,75.19600
0.09253,0.21279,0.09458,0.46401,0.48486,-0.49960,0.54773,75.29600
0.09254,0.21269,0.09460,0.46408,0.48493,-0.49954,0.54766,75.39600
0.09255,0.21259,0.09461,0.46413,0.48499,-0.49949,0.54761,75.49600
0.09255,0.21249,0.09462,0.46420,0.48506,-0.49943,0.54754,75.59600
0.09256,0.21239,0.09463,0.46427,0.48514,-0.49937,0.54748,75.69600
0.09257,0.21229,0.09464,0.46433,0.48521,-0.49931,0.54742,75.79600
0.09257,0.21219,0.09465,0.46440,0.48528,-0.49924,0.54735,75.89600
0.09258,0.21209,0.09466,0.46447,0.48536,-0.49918,0.54729,75.99600
0.09259,0.21199,0.09466,0.46453,0.48543,-0.49912,0.54722,76.09600
0.09259,0.21189,0.09467,0.46459,0.48549,-0.49906,0.54716,76.19600
0.09260,0.21179,0.09468,0.46465,0.48556,-0.49900,0.54710,76.29600
0.09261,0.21169,0.09469,0.46472,0.48564,-0.49894,0.54703,76.39600
0.09261,0.21160,0.09470,0.46479,0.48571,-0.49888,0.54697,76.49600
0.09262,0.21150,0.09471,0.46485,0.48578,-0.49882,0.54691,76.59600
0.09263,0.21140,0.09472,0.46492,0.48585,-0.49876,0.54684,76.69600
0.09263,0.21130,0.09473,0.46498,0.48592,-0.49870,0.54678,76.79600
0.09264,0.21120,0.09474,0.46505,0.48600,-0.49864,0.54672,76.89600
0.09265,0.21110,0.09476,0.46511,0.48607,-0.49858,0.54665,76.99600
0.09265,0.21100,0.09477,0.46518,0.48614,-0.49851,0.54659,77.09600
0.09266,0.21090,0.09477,0.46524,0.48621,-0.49845,0.54653,77.19600
0.09267,0.21080,0.09478,0.46531,0.48628,-0.49839,0.54646,77.29600
0.09267,0.21070,0.09479,0.46537,0.48635,-0.49833,0.54640,77.39600
0.09268,0.21061,0.09480,0.46544,0.48642,-0.49827,0.54634,77.49600
0.09269,0.21051,0.09481,0.46551,0.48650,-0.49821,0.54627,77.59600
0.09269,0.21041,0.09482,0.46557,0.48656,-0.49815,0.54621,77.69600
0.09270,0.21031,0.09483,0.46563,0.48664,-0.49809,0.54615,77.79600
0.09271,0.21021,0.09484,0.46570,0.48671,-0.49803,0.54608,77.89600
0.09271,0.21011,0.09485,0.46576,0.48678,-0.49797,0.54602,77.99600
0.09272,0.21001,0.09486,0.46583,0.48685,-0.49790,0.54595,78.09600
0.09273,0.20991,0.09486,0.46590,0.48693,-0.49784,0.54589,78.19600
0.09274,0.20981,0.09487,0.46596,0.48699,-0.49779,0.54583,78.29600
0.09274,0.20972,0.09488,0.46602,0.48706,-0.49773,0.54577,78.39600
0.09275,0.20962,0.09489,0.46609,0.48713,-0.49767,0.54570,78.49600
0.09276,0.20952,0.09490,0.46616,0.48721,-0.49760,0.54564,78.59600
0.09276,0.20942,0.09491,0.46622,0.48728,-0.49754,0.54557,78.69600
0.09277,0.20932,0.09492,0.46629,0.48735,-0.49748,0.54551,78.79600
0.09278,0.20922,0.09493,0.46635,0.48742,-0.49742,0.54544,78.89600
0.09278,0.20912,0.09494,0.46641,0.48749,-0.49736,0.54539,78.99600
0.09279,0.20902,0.09495,0.46648,0.48756,-0.49730,0.54532,79.09600
0.09280,0.20892,0.09496,0.46655,0.48764,-0.49724,0.54525,79.19600
0.09280,0.20882,0.09496,0.46661,0.48771,-0.49718,0.54519,79.29600
0.09281,0.20872,0.09497,0.46667,0.48778,-0.49711,0.54513,79.39600
0.09282,0.20862,0.09498,0.46674,0.48785,-0.49705,0.54506,79.49600
0.09282,0.20852,0.09499,0.46680,0.48791,-0.49700,0.54501,79.59600
0.09283,0.20842,0.09500,0.46687,0.48799,-0.49693,0.54494,79.69600
0.09284,0.20832,0.09501,0.46693,0.48806,-0.49687,0.54487,79.79600
0.09284,0.20822,0.09502,0.46700,0.48813,-0.49681,0.54481,79.89600
0.09285,0.20812,0.09503,0.46706,0.48820,-0.49675,0.54475,79.99600
0.09286,0.20802,0.09504,0.46713,0.48828,-0.49669,0.54468,80.09600
0.09286,0.20792,0.09505,0.46719,0.48835,-0.49663,0.54462,80.19600
0.09287,0.20782,0.09505,0.46726,0.48842,-0.49657,0.54456,80.29600
0.09288,0.20773,0.09505,0.46732,0.48849,-0.49651,0.54449,80.39600
0.09288,0.20763,0.09506,0.46739,0.48856,-0.49645,0.54443,80.49600
0.09289,0.20753,0.09507,0.46746,0.48863,-0.49638,0.54436,80.59600
0.09290,0.20743,0.09508,0.46752,0.48871,-0.49632,0.54430,80.69600
0.09290,0.20733,0.09509,0.46758,0.48877,-0.49626,0.54424,80.79600
0.09291,0.20723,0.09510,0.46764,0.48884,-0.49620,0.54417,80.89600
0.09292,0.20713,0.09511,0.46771,0.48891,-0.49614,0.54411,80.99600
0.09292,0.20703,0.09512,0.46778,0.48899,-0.49608,0.54404,81.09600
0.09293,0.20693,0.09513,0.46784,0.48906,-0.49602,0.54398,81.19600
0.09294,0.20683,0.09514,0.46791,0.48913,-0.49595,0.54391,81.29600
0.09295,0.20673,0.09514,0.46797,0.48920,-0.49590,0.54386,81.39600
0.09295,0.20663,0.09515,0.46803,0.48927,-0.49584,0.54379,81.49600
0.09296,0.20653,0.09516,0.46810,0.48934,-0.49577,0.54372,81.59600
0.09297,0.20643,0.09517,0.46817,0.48941,-0.49571,0.54366,81.69600
0.09297,0.20633,0.09518,0.46823,0.48948,-0.49565,0.54360,81.79600
0.09298,0.20623,0.09518,0.46829,0.48955,-0.49559,0.54353,81.89600
0.09299,0.20613,0.09519,0.46836,0.48963,-0.49553,0.54347,81.99600
0.09299,0.20603,0.09520,0.46842,0.48970,-0.49547,0.54341,82.09600
0.09300,0.20593,0.09521,0.46849,0.48977,-0.49541,0.54334,82.19600
0.09301,0.20583,0.09522,0.46855,0.48984,-0.49535,0.54328,82.29600
0.09301,0.20573,0.09523,0.46862,0.48991,-0.49528,0.54321,82.39600
0.09302,0.20563,0.09523,0.46868,0.48998,-0.49522,0.54315,82.49600
0.09303,0.20553,0.09524,0.46875,0.49005,-0.49516,0.54309,82.59600
0.09303,0.20543,0.09525,0.46881,0.49012,-0.49510,0.54302,82.69600
0.09304,0.20534,0.09526,0.46887,0.49019,-0.49504,0.54296,82.79600
0.09305,0.20524,0.09526,0.46894,0.49027,-0.49497,0.54289,82.89600
0.09305,0.20514,0.09527,0.46900,0.49033,-0.49492,0.54283,82.99600
0.09306,0.20504,0.09528,0.46907,0.49040,-0.49486,0.54277,83.09600
0.09307,0.20494,0.09529,0.46913,0.49047,-0.49480,0.54270,83.19600
0.09307,0.20484,0.09530,0.46920,0.49055,-0.49473,0.54264,83.29600
0.09308,0.20474,0.09531,0.46927,0.49062,-0.49467,0.54257,83.39600
0.09309,0.20464,0.09532,0.46933,0.49069,-0.49461,0.54251,83.49600
0.09309,0.20454,0.09532,0.46939,0.49076,-0.49455,0.54245,83.59600
0.09310,0.20444,0.09532,0.46945,0.49083,-0.49449,0.54238,83.69600
0.09311,0.20434,0.09533,0.46952,0.49090,-0.49443,0.54232,83.79600
0.09312,0.20424,0.09534,0.46959,0.49097,-0.49436,0.54225,83.89600
0.09312,0.20414,0.09535,0.46965,0.49104,-0.49430,0.54219,83.99600
0.09313,0.20404,0.09536,0.46971,0.49111,-0.49425,0.54213,84.09600
0.09314,0.20394,0.09537,0.46978,0.49118,-0.49418,0.54206,84.19600
0.09314,0.20385,0.09538,0.46985,0.49126,-0.49412,0.54200,84.29600
0.09315,0.20375,0.09539,0.46991,0.49133,-0.49406,0.54193,84.39600
0.09316,0.20365,0.09539,0.46997,0.49140,-0.49400,0.54187,84.49600
0.09316,0.20355,0.09539,0.47004,0.49147,-0.49394,0.54180,84.59600
0.09317,0.20345,0.09540,0.47010,0.49154,-0.49388,0.54174,84.69600
0.09318,0.20335,0.09541,0.47017,0.49161,-0.49381,0.54168,84.79600
0.09318,0.20325,0.09542,0.47023,0.49168,-0.49375,0.54161,84.89600
0.09319,0.20315,0.09543,0.47030,0.49175,-0.49369,0.54154,84.99600
0.09320,0.20305,0.09543,0.47036,0.49182,-0.49363,0.54148,85.09600
0.09320,0.20295,0.09544,0.47042,0.49189,-0.49357,0.54142,85.19600
0.09321,0.20285,0.09545,0.47049,0.49196,-0.49351,0.54136,85.29600
0.09322,0.20275,0.09546,0.47056,0.49204,-0.49344,0.54129,85.39600
0.09322,0.20266,0.09547,0.47062,0.49210,-0.49339,0.54123,85.49600
0.09323,0.20256,0.09548,0.47068,0.49217,-0.49332,0.54116,85.59600
0.09324,0.20246,0.09547,0.47074,0.49224,-0.49326,0.54110,85.69600
0.09324,0.20236,0.09548,0.47081,0.49232,-0.49320,0.54103,85.79600
0.09325,0.20226,0.09549,0.47088,0.49239,-0.49314,0.54097,85.89600
0.09326,0.20216,0.09550,0.47094,0.49245,-0.49308,0.54091,85.99600
0.09327,0.20206,0.09551,0.47100,0.49252,-0.49302,0.54084,86.09600
0.09327,0.20196,0.09551,0.47107,0.49260,-0.49295,0.54078,86.19600
0.09328,0.20186,0.09552,0.47113,0.49267,-0.49289,0.54071,86.29600
0.09329,0.20176,0.09553,0.47120,0.49274,-0.49283,0.54065,86.39600
0.09329,0.20166,0.09554,0.47126,0.49281,-0.49277,0.54058,86.49600
0.09330,0.20156,0.09555,0.47133,0.49288,-0.49271,0.54052,86.59600
0.09331,0.20146,0.09555,0.47139,0.49295,-0.49265,0.54045,86.69600
0.09331,0.20136,0.09555,0.47145,0.49302,-0.49258,0.54039,86.79600
0.09332,0.20126,0.09556,0.47152,0.49309,-0.49252,0.54033,86.89600
0.09333,0.20116,0.09557,0.47158,0.49316,-0.49246,0.54026,86.99600
0.09333,0.20106,0.09557,0.47165,0.49323,-0.49240,0.54020,87.09600
0.09334,0.20096,0.09558,0.47171,0.49330,-0.49234,0.54013,87.19600
0.09335,0.20086,0.09559,0.47178,0.49338,-0.49227,0.54006,87.29600
0.09335,0.20076,0.09560,0.47184,0.49344,-0.49222,0.54001,87.39600
0.09336,0.20066,0.09561,0.47190,0.49351,-0.49215,0.53994,87.49600
0.09337,0.20056,0.09561,0.47197,0.49358,-0.49209,0.53988,87.59600
0.09338,0.20046,0.09562,0.47204,0.49366,-0.49203,0.53981,87.69600
0.09338,0.20036,0.09562,0.47210,0.49372,-0.49197,0.53975,87.79600
0.09339,0.20026,0.09563,0.47216,0.49379,-0.49191,0.53968,87.89600
0.09340,0.20016,0.09563,0.47223,0.49387,-0.49184,0.53962,87.99600
0.09340,0.20006,0.09564,0.47229,0.49394,-0.49178,0.53955,88.09600
0.09341,0.19996,0.09565,0.47236,0.49401,-0.49172,0.53949,88.19600
0.09342,0.19986,0.09566,0.47242,0.49407,-0.49166,0.53943,88.29600
0.09342,0.19976,0.09566,0.47248,0.49415,-0.49160,0.53936,88.39600
0.09343,0.19966,0.09567,0.47255,0.49422,-0.49154,0.53929,88.49600
0.09344,0.19956,0.09568,0.47261,0.49429,-0.49147,0.53923,88.59600
0.09344,0.19947,0.09569,0.47267,0.49436,-0.49142,0.53917,88.69600
0.09345,0.19937,0.09569,0.47274,0.49443,-0.49135,0.53910,88.79600
0.09346,0.19927,0.09569,0.47280,0.49450,-0.49129,0.53904,88.89600
0.09346,0.19917,0.09570,0.47287,0.49457,-0.49123,0.53897,88.99600
0.09347,0.19907,0.09571,0.47293,0.49464,-0.49117,0.53891,89.09600
0.09348,0.19897,0.09571,0.47300,0.49471,-0.49111,0.53884,89.19600
0.09348,0.19887,0.09572,0.47306,0.49478,-0.49104,0.53878,89.29600
0.09349,0.19877,0.09573,0.47312,0.49485,-0.49098,0.53871,89.39600
0.09350,0.19867,0.09573,0.47319,0.49492,-0.49092,0.53865,89.49600
0.09351,0.19857,0.09574,0.47325,0.49499,-0.49086,0.53859,89.59600
0.09351,0.19847,0.09575,0.47331,0.49506,-0.49080,0.53852,89.69600
0.09352,0.19837,0.09576,0.47338,0.49514,-0.49073,0.53845,89.79600
0.09353,0.19827,0.09576,0.47344,0.49520,-0.49067,0.53839,89.89600
0.09353,0.19817,0.09576,0.47351,0.49527,-0.49061,0.53833,89.99600
0.09354,0.19807,0.09577,0.47357,0.49535,-0.49055,0.53826,90.09600
0.09355,0.19797,0.09577,0.47364,0.49542,-0.49048,0.53819,90.19600
0.09355,0.19788,0.09578,0.47370,0.49548,-0.49043,0.53814,90.29600
0.09356,0.19778,0.09579,0.47376,0.49555,-0.49037,0.53807,90.39600
0.09357,0.19768,0.09579,0.47383,0.49563,-0.49030,0.53800,90.49600
0.09357,0.19758,0.09580,0.47389,0.49570,-0.49024,0.53794,90.59600
0.09358,0.19748,0.09581,0.47395,0.49576,-0.49018,0.53788,90.69600
0.09359,0.19738,0.09582,0.47402,0.49584,-0.49011,0.53781,90.79600
0.09359,0.19728,0.09582,0.47409,0.49591,-0.49005,0.53774,90.89600
0.09360,0.19718,0.09582,0.47415,0.49598,-0.48999,0.53768,90.99600
0.09361,0.19708,0.09583,0.47421,0.49605,-0.48993,0.53761,91.09600
0.09362,0.19698,0.09583,0.47428,0.49612,-0.48987,0.53755,91.19600
0.09362,0.19688,0.09584,0.47434,0.49619,-0.48981,0.53749,91.29600
0.09363,0.19678,0.09585,0.47440,0.49626,-0.48974,0.53742,91.39600
0.09364,0.19668,0.09585,0.47447,0.49633,-0.48968,0.53736,91.49600
0.09364,0.19658,0.09586,0.47453,0.49640,-0.48962,0.53729,91.59600
0.09365,0.19648,0.09587,0.47459,0.49647,-0.48956,0.53723,91.69600
0.09366,0.19638,0.09587,0.47466,0.49654,-0.48949,0.53716,91.79600
0.09366,0.19628,0.09588,0.47472,0.49661,-0.48944,0.53710,91.89600
0.09367,0.19618,0.09589,0.47479,0.49668,-0.48937,0.53703,91.99600
0.09368,0.19608,0.09588,0.47485,0.49675,-0.48931,0.53696,92.09600
0.09368,0.19598,0.09589,0.47492,0.49682,-0.48925,0.53690,92.19600
0.09369,0.19588,0.09590,0.47498,0.49689,-0.48919,0.53684,92.29600
0.09370,0.19578,0.09590,0.47505,0.49696,-0.48912,0.53677,92.39600
0.09370,0.19568,0.09591,0.47511,0.49703,-0.48906,0.53671,92.49600
0.09371,0.19558,0.09591,0.47517,0.49710,-0.48900,0.53664,92.59600
0.09372,0.19548,0.09592,0.47523,0.49716,-0.48894,0.53658,92.69600
0.09373,0.19538,0.09593,0.47530,0.49724,-0.48888,0.53651,92.79600
0.09373,0.19528,0.09593,0.47536,0.49731,-0.48881,0.53645,92.89600
0.09374,0.19519,0.09594,0.47542,0.49737,-0.48876,0.53639,92.99600
0.09375,0.19509,0.09594,0.47549,0.49745,-0.48869,0.53632,93.09600
0.09375,0.19499,0.09594,0.47555,0.49752,-0.48863,0.53625,93.19600
0.09376,0.19489,0.09595,0.47562,0.49759,-0.48857,0.53619,93.29600
0.09377,0.19479,0.09595,0.47568,0.49766,-0.48850,0.53612,93.39600
0.09377,0.19469,0.09596,0.47574,0.49773,-0.48844,0.53606,93.49600
0.09378,0.19459,0.09597,0.47581,0.49780,-0.48838,0.53599,93.59600
0.09379,0.19449,0.09597,0.47588,0.49787,-0.48831,0.53592,93.69600
0.09379,0.19439,0.09598,0.47594,0.49794,-0.48826,0.53586,93.79600
0.09380,0.19429,0.09598,0.47600,0.49801,-0.48819,0.53580,93.89600
0.09381,0.19419,0.09599,0.47607,0.49808,-0.48813,0.53573,93.99600
0.09381,0.19409,0.09600,0.47613,0.49815,-0.48807,0.53567,94.09600
0.09382,0.19399,0.09599,0.47619,0.49822,-0.48801,0.53560,94.19600
0.09383,0.19389,0.09600,0.47626,0.49829,-0.48794,0.53554,94.29600
0.09384,0.19379,0.09600,0.47632,0.49836,-0.48788,0.53547,94.39600
0.09384,0.19369,0.09601,0.47638,0.49842,-0.48782,0.53541,94.49600
0.09385,0.19359,0.09602,0.47645,0.49850,-0.48776,0.53534,94.59600
0.09386,0.19349,0.09602,0.47651,0.49857,-0.48769,0.53528,94.69600
0.09386,0.19339,0.09603,0.47657,0.49863,-0.48764,0.53522,94.79600
0.09387,0.19329,0.09603,0.47664,0.49871,-0.48757,0.53515,94.89600
0.09388,0.19319,0.09604,0.47670,0.49878,-0.48751,0.53508,94.99600
0.09388,0.19309,0.09605,0.47676,0.49885,-0.48745,0.53502,95.09600
0.09389,0.19299,0.09605,0.47683,0.49892,-0.48738,0.53495,95.19600
0.09390,0.19289,0.09605,0.47689,0.49899,-0.48732,0.53489,95.29600
0.09390,0.19279,0.09605,0.47696,0.49906,-0.48726,0.53482,95.39600
0.09391,0.19269,0.09606,0.47702,0.49913,-0.48720,0.53476,95.49600
0.09392,0.19259,0.09606,0.47708,0.49920,-0.48714,0.53469,95.59600
0.09393,0.19249,0.09607,0.47715,0.49926,-0.48707,0.53463,95.69600
0.09393,0.19240,0.09607,0.47721,0.49934,-0.48701,0.53456,95.79600
0.09394,0.19230,0.09608,0.47727,0.49940,-0.48695,0.53450,95.89600
0.09395,0.19220,0.09609,0.47734,0.49947,-0.48689,0.53443,95.99600
0.09395,0.19210,0.09609,0.47740,0.49955,-0.48682,0.53436,96.09600
0.09396,0.19200,0.09610,0.47746,0.49961,-0.48676,0.53430,96.19600
0.09397,0.19190,0.09609,0.47752,0.49968,-0.48670,0.53424,96.29600
0.09397,0.19180,0.09610,0.47759,0.49976,-0.48663,0.53417,96.39600
0.09398,0.19170,0.09610,0.47765,0.49982,-0.48658,0.53411,96.49600
0.09399,0.19160,0.09611,0.47772,0.49990,-0.48651,0.53404,96.59600
0.09399,0.19150,0.09611,0.47778,0.49997,-0.48645,0.53397,96.69600
0.09400,0.19140,0.09612,0.47785,0.50003,-0.48639,0.53391,96.79600
0.09401,0.19130,0.09612,0.47791,0.50010,-0.48632,0.53384,96.89600
0.09401,0.19120,0.09613,0.47797,0.50017,-0.48626,0.53378,96.99600
0.09402,0.19110,0.09613,0.47804,0.50024,-0.48620,0.53371,97.09600
0.09403,0.19100,0.09614,0.47810,0.50031,-0.48614,0.53365,97.19600
0.09404,0.19090,0.09614,0.47816,0.50038,-0.48608,0.53358,97.29600
0.09404,0.19080,0.09614,0.47823,0.50045,-0.48601,0.53352,97.39600
0.09405,0.19070,0.09614,0.47829,0.50052,-0.48595,0.53345,97.49600
0.09406,0.19060,0.09615,0.47835,0.50059,-0.48589,0.53339,97.59600
0.09406,0.19050,0.09615,0.47842,0.50066,-0.48583,0.53332,97.69600
0.09407,0.19040,0.09616,0.47848,0.50073,-0.48576,0.53326,97.79600
0.09408,0.19030,0.09616,0.47854,0.50080,-0.48570,0.53319,97.89600
0.09408,0.19020,0.09617,0.47861,0.50087,-0.48564,0.53312,97.99600
0.09409,0.19010,0.09617,0.47867,0.50094,-0.48557,0.53306,98.09600
0.09410,0.19000,0.09618,0.47873,0.50101,-0.48552,0.53300,98.19600
0.09411,0.18990,0.09618,0.47880,0.50108,-0.48545,0.53293,98.29600
0.09411,0.18980,0.09619,0.47886,0.50115,-0.48539,0.53286,98.39600
0.09412,0.18970,0.09618,0.47892,0.50121,-0.48533,0.53280,98.49600
0.09413,0.18960,0.09619,0.47899,0.50129,-0.48526,0.53273,98.59600
0.09413,0.18950,0.09619,0.47905,0.50136,-0.48520,0.53266,98.69600
0.09414,0.18940,0.09620,0.47911,0.50142,-0.48514,0.53260,98.79600
0.09415,0.18930,0.09620,0.47918,0.50150,-0.48507,0.53253,98.89600
0.09415,0.18920,0.09621,0.47924,0.50157,-0.48501,0.53247,98.99600
0.09416,0.18910,0.09621,0.47930,0.50163,-0.48495,0.53240,99.09600
0.09417,0.18900,0.09622,0.47937,0.50170,-0.48489,0.53234,99.19600
0.09417,0.18890,0.09622,0.47943,0.50177,-0.48483,0.53227,99.29600
0.09418,0.18880,0.09623,0.47949,0.50184,-0.48476,0.53221,99.39600
0.09419,0.18870,0.09622,0.47956,0.50191,-0.48470,0.53214,99.49600
0.09420,0.18860,0.09623,0.47962,0.50198,-0.48464,0.53208,99.59600
0.09420,0.18850,0.09623,0.47968,0.50205,-0.48458,0.53201,99.69600
0.09421,0.18840,0.09623,0.47974,0.50212,-0.48451,0.53195,99.79600
0.09422,0.18831,0.09624,0.47981,0.50219,-0.48445,0.53188,99.89600
0.09422,0.18821,0.09624,0.47987,0.50226,-0.48439,0.53182,99.99600
0.09423,0.18811,0.09625,0.47993,0.50233,-0.48433,0.53175,100.09600
0.09424,0.18801,0.09625,0.48000,0.50240,-0.48426,0.53168,100.19600
0.09424,0.18791,0.09626,0.48006,0.50246,-0.48420,0.53162,100.29600
0.09425,0.18781,0.09626,0.48013,0.50254,-0.48413,0.53155,100.39600
0.09426,0.18771,0.09627,0.48019,0.50261,-0.48407,0.53149,100.49600
0.09426,0.18761,0.09626,0.48025,0.50267,-0.48401,0.53142,100.59600
0.09427,0.18751,0.09626,0.48032,0.50275,-0.48395,0.53135,100.69600
0.09428,0.18742,0.09627,0.48038,0.50282,-0.48388,0.53129,100.79600
0.09428,0.18732,0.09627,0.48044,0.50288,-0.48383,0.53123,100.89600
0.09429,0.18722,0.09628,0.48051,0.50295,-0.48376,0.53116,100.99600
0.09430,0.18712,0.09628,0.48057,0.50302,-0.48370,0.53109,101.09600
0.09431,0.18702,0.09628,0.48063,0.50309,-0.48363,0.53103,101.19600
0.09431,0.18692,0.09629,0.48069,0.50316,-0.48357,0.53096,101.29600
0.09432,0.18682,0.09629,0.48076,0.50323,-0.48351,0.53090,101.39600
0.09433,0.18672,0.09630,0.48082,0.50330,-0.48345,0.53083,101.49600
0.09433,0.18662,0.09630,0.48088,0.50337,-0.48338,0.53077,101.59600
0.09434,0.18652,0.09630,0.48095,0.50344,-0.48332,0.53070,101.69600
0.09435,0.18642,0.09630,0.48101,0.50351,-0.48326,0.53063,101.79600
0.09435,0.18632,0.09630,0.48107,0.50357,-0.48320,0.53057,101.89600
0.09436,0.18622,0.09631,0.48114,0.50365,-0.48313,0.53050,101.99600
0.09437,0.18612,0.09631,0.48120,0.50371,-0.48307,0.53044,102.09600
0.09438,0.18602,0.09631,0.48126,0.50379,-0.48300,0.53037,102.19600
0.09438,0.18592,0.09632,0.48133,0.50386,-0.48294,0.53030,102.29600
0.09439,0.18582,0.09632,0.48138,0.50392,-0.48288,0.53024,102.39600
0.09440,0.18572,0.09633,0.48145,0.50399,-0.48282,0.53017,102.49600
0.09440,0.18562,0.09633,0.48152,0.50406,-0.48275,0.53011,102.59600
0.09441,0.18552,0.09632,0.48158,0.50413,-0.48269,0.53004,102.69600
0.09442,0.18542,0.09633,0.48164,0.50420,-0.48263,0.52997,102.79600
0.09442,0.18532,0.09633,0.48170,0.50426,-0.48257,0.52991,102.89600
0.09443,0.18522,0.09633,0.48177,0.50434,-0.48250,0.52984,102.99600
0.09444,0.18512,0.09634,0.48183,0.50441,-0.48244,0.52978,103.09600
0.09444,0.18502,0.09634,0.48189,0.50448,-0.48238,0.52971,103.19600
0.09445,0.18492,0.09635,0.48195,0.50455,-0.48232,0.52965,103.29600
0.09446,0.18482,0.09635,0.48202,0.50461,-0.48225,0.52958,103.39600
0.09447,0.18472,0.09635,0.48208,0.50468,-0.48219,0.52952,103.49600
0.09447,0.18462,0.09636,0.48214,0.50475,-0.48213,0.52945,103.59600
0.09448,0.18452,0.09636,0.48221,0.50483,-0.48206,0.52938,103.69600
0.09449,0.18442,0.09635,0.48227,0.50489,-0.48200,0.52932,103.79600
0.09449,0.18432,0.09636,0.48234,0.50496,-0.48193,0.52925,103.89600
0.09450,0.18422,0.09636,0.48240,0.50503,-0.48187,0.52918,103.99600
0.09451,0.18412,0.09636,0.48246,0.50510,-0.48181,0.52912,104.09600
0.09451,0.18402,0.09637,0.48252,0.50517,-0.48175,0.52905,104.19600
0.09452,0.18392,0.09637,0.48258,0.50523,-0.48169,0.52899,104.29600
0.09453,0.18382,0.09637,0.48265,0.50531,-0.48162,0.52892,104.39600
0.09454,0.18372,0.09638,0.48271,0.50538,-0.48156,0.52885,104.49600
0.09454,0.18362,0.09638,0.48277,0.50544,-0.48150,0.52879,104.59600
0.09455,0.18352,0.09638,0.48284,0.50551,-0.48143,0.52872,104.69600
0.09456,0.18342,0.09638,0.48290,0.50558,-0.48137,0.52866,104.79600
0.09456,0.18332,0.09638,0.48296,0.50565,-0.48131,0.52859,104.89600
0.09457,0.18322,0.09638,0.48302,0.50572,-0.48124,0.52853,104.99600
0.09458,0.18312,0.09639,0.48309,0.50579,-0.48118,0.52845,105.09600
0.09458,0.18302,0.09639,0.48315,0.50586,-0.48112,0.52839,105.19600
0.09459,0.18292,0.09639,0.48321,0.50593,-0.48106,0.52833,105.29600
0.09460,0.18282,0.09639,0.48327,0.50599,-0.48099,0.52826,105.39600
0.09460,0.18273,0.09640,0.48334,0.50606,-0.48093,0.52820,105.49600
0.09461,0.18263,0.09640,0.48340,0.50614,-0.48086,0.52813,105.59600
0.09462,0.18253,0.09640,0.48346,0.50620,-0.48080,0.52806,105.69600
0.09463,0.18243,0.09641,0.48353,0.50627,-0.48074,0.52799,105.79600
0.09463,0.18233,0.09640,0.48359,0.50634,-0.48067,0.52793,105.89600
0.09464,0.18223,0.09640,0.48365,0.50641,-0.48062,0.52787,105.99600
0.09465,0.18213,0.09641,0.48372,0.50648,-0.48055,0.52780,106.09600
0.09465,0.18203,0.09641,0.48377,0.50654,-0.48049,0.52774,106.19600
0.09466,0.18193,0.09641,0.48384,0.50662,-0.48042,0.52766,106.29600
0.09467,0.18183,0.09641,0.48390,0.50669,-0.48036,0.52760,106.39600
0.09467,0.18173,0.09642,0.48397,0.50675,-0.48030,0.52753,106.49600
0.09468,0.18163,0.09642,0.48403,0.50682,-0.48023,0.52747,106.59600
0.09469,0.18153,0.09642,0.48409,0.50689,-0.48018,0.52741,106.69600
0.09470,0.18143,0.09642,0.48415,0.50696,-0.48011,0.52734,106.79600
0.09470,0.18133,0.09643,0.48422,0.50703,-0.48005,0.52727,106.89600
0.09471,0.18123,0.09642,0.48428,0.50710,-0.47998,0.52720,106.99600
0.09472,0.18113,0.09642,0.48434,0.50717,-0.47992,0.52714,107.09600
0.09472,0.18103,0.09643,0.48441,0.50724,-0.47985,0.52707,107.19600
0.09473,0.18093,0.09643,0.48447,0.50730,-0.47979,0.52701,107.29600
0.09474,0.18083,0.09643,0.48453,0.50738,-0.47973,0.52693,107.39600
0.09474,0.18073,0.09643,0.48459,0.50744,-0.47967,0.52687,107.49600
0.09475,0.18063,0.09644,0.48465,0.50751,-0.47960,0.52681,107.59600
0.09476,0.18053,0.09644,0.48472,0.50758,-0.47954,0.52674,107.69600
0.09477,0.18043,0.09644,0.48478,0.50765,-0.47948,0.52668,107.79600
0.09477,0.18033,0.09644,0.48484,0.50772,-0.47941,0.52660,107.89600
0.09478,0.18023,0.09643,0.48490,0.50778,-0.47935,0.52654,107.99600
0.09479,0.18013,0.09644,0.48497,0.50786,-0.47928,0.52647,108.09600
0.09479,0.18003,0.09644,0.48503,0.50792,-0.47922,0.52641,108.19600
0.09480,0.17993,0.09644,0.48509,0.50799,-0.47916,0.52634,108.29600
0.09481,0.17983,0.09644,0.48516,0.50806,-0.47909,0.52627,108.39600
0.09481,0.17973,0.09645,0.48522,0.50813,-0.47903,0.52621,108.49600
0.09482,0.17963,0.09645,0.48528,0.50820,-0.47897,0.52614,108.59600
0.09483,0.17953,0.09645,0.48534,0.50827,-0.47891,0.52608,108.69600
0.09484,0.17943,0.09645,0.48541,0.50834,-0.47884,0.52601,108.79600
0.09484,0.17933,0.09645,0.48547,0.50840,-0.47878,0.52594,108.89600
0.09485,0.17923,0.09646,0.48553,0.50847,-0.47872,0.52588,108.99600
0.09486,0.17913,0.09645,0.48559,0.50854,-0.47865,0.52581,109.09600
0.09486,0.17903,0.09645,0.48566,0.50861,-0.47859,0.52574,109.19600
0.09487,0.17893,0.09645,0.48572,0.50868,-0.47853,0.52568,109.29600
0.09488,0.17883,0.09645,0.48578,0.50875,-0.47846,0.52561,109.39600
0.09488,0.17873,0.09646,0.48584,0.50881,-0.47840,0.52555,109.49600
0.09489,0.17863,0.09646,0.48591,0.50889,-0.47833,0.52548,109.59600
0.09490,0.17853,0.09646,0.48597,0.50896,-0.47827,0.52541,109.69600
0.09491,0.17843,0.09646,0.48603,0.50902,-0.47821,0.52535,109.79600
0.09491,0.17834,0.09646,0.48609,0.50909,-0.47814,0.52528,109.89600
0.09492,0.17824,0.09647,0.48615,0.50916,-0.47808,0.52522,109.99600
0.09493,0.17814,0.09647,0.48622,0.50923,-0.47802,0.52514,110.09600
0.09493,0.17804,0.09646,0.48628,0.50929,-0.47796,0.52508,110.19600
0.09494,0.17794,0.09646,0.48634,0.50937,-0.47789,0.52501,110.29600
0.09495,0.17784,0.09646,0.48641,0.50943,-0.47783,0.52495,110.39600
0.09495,0.17774,0.09647,0.48647,0.50950,-0.47776,0.52488,110.49600
0.09496,0.17764,0.09647,0.48653,0.50957,-0.47770,0.52481,110.59600
0.09497,0.17754,0.09647,0.48659,0.50964,-0.47764,0.52475,110.69600
0.09498,0.17744,0.09647,0.48665,0.50971,-0.47757,0.52468,110.79600
0.09498,0.17734,0.09647,0.48672,0.50978,-0.47751,0.52461,110.89600
0.09499,0.17724,0.09647,0.48678,0.50984,-0.47745,0.52455,110.99600
0.09500,0.17714,0.09647,0.48684,0.50992,-0.47738,0.52448,111.09600
0.09500,0.17704,0.09647,0.48690,0.50998,-0.47732,0.52442,111.19600
0.09501,0.17694,0.09647,0.48697,0.51005,-0.47725,0.52434,111.29600
0.09502,0.17684,0.09647,0.48703,0.51012,-0.47719,0.52428,111.39600
0.09502,0.17674,0.09647,0.48709,0.51019,-0.47713,0.52421,111.49600
0.09503,0.17664,0.09647,0.48715,0.51026,-0.47706,0.52415,111.59600
0.09504,0.17654,0.09647,0.48721,0.51032,-0.47700,0.52408,111.69600
0.09505,0.17644,0.09647,0.48728,0.51039,-0.47694,0.52401,111.79600
0.09505,0.17634,0.09648,0.48734,0.51046,-0.47688,0.52395,111.89600
0.09506,0.17624,0.09648,0.48740,0.51053,-0.47681,0.52388,111.99600
0.09507,0.17614,0.09648,0.48746,0.51059,-0.47675,0.52382,112.09600
0.09507,0.17604,0.09648,0.48753,0.51067,-0.47668,0.52375,112.19600
0.09508,0.17594,0.09647,0.48759,0.51073,-0.47662,0.52368,112.29600
0.09509,0.17584,0.09647,0.48765,0.51080,-0.47656,0.52361,112.39600
0.09509,0.17574,0.09647,0.48771,0.51087,-0.47649,0.52355,112.49600
0.09510,0.17564,0.09647,0.48777,0.51094,-0.47643,0.52348,112.59600
0.09511,0.17554,0.09648,0.48784,0.51101,-0.47637,0.52342,112.69600
0.09512,0.17544,0.09648,0.48790,0.51107,-0.47630,0.52335,112.79600
0.09512,0.17534,0.09648,0.48796,0.51114,-0.47624,0.52328,112.89600
0.09513,0.17524,0.09648,0.48802,0.51121,-0.47618,0.52322,112.99600
0.09514,0.17514,0.09648,0.48808,0.51128,-0.47611,0.52315,113.09600
0.09514,0.17504,0.09648,0.48815,0.51135,-0.47604,0.52308,113.19600
0.09515,0.17494,0.09647,0.48821,0.51141,-0.47598,0.52302,113.29600
0.09516,0.17484,0.09647,0.48827,0.51149,-0.47592,0.52295,113.39600
0.09516,0.17474,0.09647,0.48833,0.51155,-0.47586,0.52288,113.49600
0.09517,0.17464,0.09648,0.48840,0.51162,-0.47579,0.52281,113.59600
0.09518,0.17454,0.09648,0.48846,0.51169,-0.47573,0.52275,113.69600
0.09519,0.17444,0.09648,0.48852,0.51176,-0.47566,0.52268,113.79600
0.09519,0.17434,0.09648,0.48858,0.51183,-0.47560,0.52261,113.89600
0.09520,0.17424,0.09648,0.48865,0.51190,-0.47554,0.52255,113.99600
0.09521,0.17415,0.09648,0.48871,0.51196,-0.47547,0.52248,114.09600
0.09521,0.17405,0.09648,0.48877,0.51203,-0.47541,0.52241,114.19600
0.09522,0.17395,0.09648,0.48883,0.51210,-0.47535,0.52235,114.29600
0.09523,0.17385,0.09647,0.48889,0.51217,-0.47528,0.52228,114.39600
0.09523,0.17375,0.09647,0.48895,0.51223,-0.47522,0.52221,114.49600
0.09524,0.17365,0.09647,0.48902,0.51230,-0.47515,0.52215,114.59600
0.09525,0.17355,0.09647,0.48908,0.51237,-0.47509,0.52208,114.69600
0.09526,0.17345,0.09647,0.48914,0.51244,-0.47503,0.52201,114.79600
0.09526,0.17335,0.09647,0.48920,0.51251,-0.47496,0.52195,114.89600
0.09527,0.17325,0.09647,0.48927,0.51258,-0.47490,0.52188,114.99600
0.09528,0.17315,0.09648,0.48933,0.51264,-0.47484,0.52181,115.09600
0.09528,0.17305,0.09648,0.48939,0.51272,-0.47477,0.52174,115.19600
0.09529,0.17295,0.09648,0.48945,0.51278,-0.47471,0.52168,115.29600
0.09530,0.17285,0.09648,0.48952,0.51285,-0.47464,0.52161,115.39600
0.09531,0.17275,0.09647,0.48957,0.51291,-0.47458,0.52155,115.49600
0.09531,0.17265,0.09647,0.48964,0.51299,-0.47451,0.52148,115.59600
0.09532,0.17255,0.09647,0.48970,0.51305,-0.47445,0.52141,115.69600
0.09533,0.17245,0.09647,0.48976,0.51312,-0.47439,0.52134,115.79600
0.09533,0.17235,0.09647,0.48982,0.51319,-0.47432,0.52128,115.89600
0.09534,0.17225,0.09647,0.48989,0.51326,-0.47426,0.52121,115.99600
0.09535,0.17215,0.09647,0.48995,0.51333,-0.47419,0.52114,116.09600
0.09535,0.17205,0.09647,0.49001,0.51339,-0.47413,0.52107,116.19600
0.09536,0.17195,0.09647,0.49007,0.51347,-0.47406,0.52100,116.29600
0.09537,0.17185,0.09647,0.49013,0.51353,-0.47400,0.52094,116.39600
0.09538,0.17175,0.09646,0.49020,0.51360,-0.47394,0.52087,116.49600
0.09538,0.17165,0.09646,0.49025,0.51366,-0.47388,0.52081,116.59600
0.09539,0.17155,0.09646,0.49032,0.51374,-0.47381,0.52074,116.69600
0.09540,0.17145,0.09646,0.49038,0.51380,-0.47375,0.52067,116.79600
0.09540,0.17135,0.09646,0.49044,0.51387,-0.47368,0.52060,116.89600
0.09541,0.17125,0.09646,0.49050,0.51393,-0.47362,0.52054,116.99600
0.09542,0.17115,0.09646,0.49057,0.51401,-0.47355,0.52047,117.09600
0.09542,0.17105,0.09646,0.49062,0.51407,-0.47349,0.52041,117.19600
0.09543,0.17095,0.09646,0.49069,0.51414,-0.47343,0.52034,117.29600
0.09544,0.17085,0.09646,0.49075,0.51421,-0.47337,0.52027,117.39600
0.09545,0.17075,0.09646,0.49081,0.51428,-0.47330,0.52020,117.49600
0.09545,0.17065,0.09645,0.49087,0.51434,-0.47324,0.52014,117.59600
0.09546,0.17055,0.09645,0.49094,0.51441,-0.47317,0.52007,117.69600
0.09547,0.17045,0.09645,0.49100,0.51448,-0.47311,0.52000,117.79600
0.09547,0.17035,0.09645,0.49106,0.51455,-0.47304,0.51993,117.89600
0.09548,0.17025,0.09645,0.49112,0.51462,-0.47298,0.51987,117.99600
0.09549,0.17016,0.09645,0.49118,0.51468,-0.47291,0.51980,118.09600
0.09550,0.17006,0.09645,0.49125,0.51476,-0.47285,0.51973,118.19600
0.09550,0.16996,0.09645,0.49131,0.51482,-0.47279,0.51967,118.29600
0.09551,0.16986,0.09645,0.49137,0.51489,-0.47272,0.51959,118.39600
0.09552,0.16976,0.09645,0.49143,0.51495,-0.47266,0.51953,118.49600
0.09552,0.16966,0.09645,0.49149,0.51503,-0.47259,0.51946,118.59600
0.09553,0.16956,0.09644,0.49155,0.51509,-0.47253,0.51940,118.69600
0.09554,0.16946,0.09644,0.49162,0.51516,-0.47246,0.51933,118.79600
0.09554,0.16936,0.09644,0.49167,0.51522,-0.47240,0.51926,118.89600
0.09555,0.16926,0.09643,0.49174,0.51530,-0.47233,0.51919,118.99600
0.09556,0.16916,0.09643,0.49180,0.51536,-0.47227,0.51913,119.09600
0.09557,0.16906,0.09643,0.49186,0.51543,-0.47221,0.51906,119.19600
0.09557,0.16896,0.09643,0.49192,0.51550,-0.47214,0.51899,119.29600
0.09558,0.16886,0.09643,0.49199,0.51557,-0.47208,0.51892,119.39600
0.09559,0.16876,0.09643,0.49205,0.51563,-0.47201,0.51886,119.49600
0.09559,0.16866,0.09643,0.49211,0.51570,-0.47195,0.51879,119.59600
0.09560,0.16856,0.09642,0.49217,0.51577,-0.47189,0.51872,119.69600
0.09561,0.16846,0.09642,0.49223,0.51584,-0.47182,0.51866,119.79600
0.09562,0.16836,0.09642,0.49229,0.51590,-0.47176,0.51859,119.89600
0.09562,0.16826,0.09642,0.49235,0.51597,-0.47170,0.51852,119.99600
0.09563,0.16816,0.09642,0.49242,0.51604,-0.47163,0.51845,120.09600
0.09564,0.16806,0.09642,0.49248,0.51611,-0.47156,0.51838,120.19600
0.09564,0.16796,0.09642,0.49254,0.51617,-0.47150,0.51832,120.29600
0.09565,0.16786,0.09641,0.49260,0.51625,-0.47143,0.51825,120.39600
0.09566,0.16776,0.09641,0.49266,0.51631,-0.47137,0.51819,120.49600
0.09566,0.16766,0.09641,0.49273,0.51638,-0.47131,0.51811,120.59600
0.09567,0.16756,0.09641,0.49278,0.51644,-0.47125,0.51805,120.69600
0.09568,0.16746,0.09640,0.49285,0.51652,-0.47118,0.51798,120.79600
0.09569,0.16736,0.09640,0.49291,0.51658,-0.47112,0.51792,120.89600
0.09569,0.16726,0.09640,0.49297,0.51665,-0.47105,0.51785,120.99600
0.09570,0.16716,0.09640,0.49303,0.51672,-0.47099,0.51778,121.09600
0.09571,0.16706,0.09640,0.49309,0.51678,-0.47092,0.51771,121.19600
0.09571,0.16696,0.09640,0.49316,0.51685,-0.47086,0.51764,121.29600
0.09572,0.16686,0.09639,0.49322,0.51692,-0.47079,0.51758,121.39600
0.09573,0.16676,0.09639,0.49328,0.51699,-0.47073,0.51751,121.49600
0.09574,0.16666,0.09639,0.49334,0.51705,-0.47066,0.51744,121.59600
0.09574,0.16656,0.09639,0.49340,0.51712,-0.47060,0.51738,121.69600
0.09575,0.16646,0.09639,0.49347,0.51719,-0.47053,0.51730,121.79600
0.09576,0.16636,0.09638,0.49352,0.51726,-0.47047,0.51724,121.89600
0.09576,0.16627,0.09638,0.49359,0.51733,-0.47040,0.51717,121.99600
0.09577,0.16617,0.09638,0.49364,0.51739,-0.47034,0.51711,122.09600
0.09578,0.16607,0.09637,0.49371,0.51746,-0.47028,0.51703,122.19600
0.09578,0.16597,0.09637,0.49377,0.51752,-0.47022,0.51697,122.29600
0.09579,0.16587,0.09637,0.49383,0.51759,-0.47015,0.51690,122.39600
0.09580,0.16577,0.09637,0.49389,0.51766,-0.47008,0.51683,122.49600
0.09581,0.16567,0.09637,0.49395,0.51773,-0.47002,0.51677,122.59600
0.09581,0.16557,0.09637,0.49402,0.51780,-0.46995,0.51670,122.69600
0.09582,0.16547,0.09637,0.49407,0.51786,-0.46989,0.51664,122.79600
0.09583,0.16537,0.09635,0.49414,0.51793,-0.46983,0.51656,122.89600
0.09583,0.16527,0.09635,0.49419,0.51799,-0.46977,0.51650,122.99600
0.09584,0.16517,0.09635,0.49426,0.51807,-0.46970,0.51643,123.09600
0.09585,0.16507,0.09635,0.49432,0.51813,-0.46963,0.51636,123.19600
0.09586,0.16497,0.09635,0.49438,0.51820,-0.46957,0.51629,123.29600
0.09586,0.16487,0.09635,0.49444,0.51827,-0.46950,0.51623,123.39600
0.09587,0.16477,0.09634,0.49450,0.51834,-0.46944,0.51616,123.49600
0.09588,0.16467,0.09634,0.49457,0.51840,-0.46938,0.51609,123.59600
0.09588,0.16457,0.09634,0.49463,0.51847,-0.46931,0.51602,123.69600
0.09589,0.16447,0.09634,0.49469,0.51854,-0.46925,0.51596,123.79600
0.09590,0.16437,0.09634,0.49475,0.51861,-0.46918,0.51588,123.89600
0.09591,0.16427,0.09633,0.49481,0.51867,-0.46912,0.51582,123.99600
0.09591,0.16417,0.09632,0.49488,0.51874,-0.46905,0.51575,124.09600
0.09592,0.16407,0.09632,0.49493,0.51880,-0.46899,0.51569,124.19600
0.09593,0.16397,0.09632,0.49499,0.51887,-0.46893,0.51562,124.29600
0.09593,0.16387,0.09632,0.49506,0.51894,-0.46886,0.51555,124.39600
0.09594,0.16377,0.09632,0.49511,0.51901,-0.46880,0.51548,124.49600
0.09595,0.16367,0.09631,0.49518,0.51908,-0.46873,0.51541,124.59600
0.09595,0.16357,0.09631,0.49524,0.51914,-0.46867,0.51535,124.69600
0.09596,0.16347,0.09631,0.49530,0.51921,-0.46860,0.51528,124.79600
0.09597,0.16337,0.09631,0.49536,0.51928,-0.46853,0.51521,124.89600
0.09598,0.16327,0.09630,0.49542,0.51935,-0.46847,0.51514,124.99600
0.09598,0.16317,0.09629,0.49548,0.51941,-0.46841,0.51507,125.09600
0.09599,0.16307,0.09629,0.49555,0.51948,-0.46834,0.51501,125.19600
0.09600,0.16297,0.09629,0.49561,0.51955,-0.46828,0.51494,125.29600
0.09600,0.16287,0.09629,0.49567,0.51962,-0.46821,0.51487,125.39600
0.09601,0.16277,0.09629,0.49573,0.51968,-0.46815,0.51480,125.49600
0.09602,0.16268,0.09628,0.49579,0.51975,-0.46808,0.51474,125.59600
0.09603,0.16258,0.09628,0.49585,0.51981,-0.46802,0.51467,125.69600
0.09603,0.16248,0.09628,0.49591,0.51988,-0.46795,0.51460,125.79600
0.09604,0.16238,0.09628,0.49598,0.51995,-0.46788,0.51453,125.89600
0.09605,0.16228,0.09627,0.49603,0.52002,-0.46783,0.51447,125.99600
0.09605,0.16218,0.09626,0.49610,0.52009,-0.46776,0.51439,126.09600
0.09606,0.16208,0.09626,0.49615,0.52015,-0.46770,0.51433,126.19600
0.09607,0.16198,0.09626,0.49622,0.52022,-0.46763,0.51426,126.29600
0.09608,0.16188,0.09625,0.49628,0.52029,-0.46756,0.51419,126.39600
0.09608,0.16178,0.09625,0.49634,0.52035,-0.46750,0.51413,126.49600
0.09609,0.16168,0.09625,0.49640,0.52042,-0.46743,0.51405,126.59600
0.09610,0.16158,0.09625,0.49646,0.52048,-0.46737,0.51399,126.69600
0.09610,0.16148,0.09624,0.49652,0.52056,-0.46730,0.51392,126.79600
0.09611,0.16138,0.09624,0.49658,0.52062,-0.46724,0.51385,126.89600
0.09612,0.16128,0.09624,0.49664,0.52069,-0.46718,0.51378,126.99600
0.09612,0.16118,0.09624,0.49671,0.52076,-0.46711,0.51372,127.09600
0.09613,0.16108,0.09622,0.49677,0.52082,-0.46705,0.51365,127.19600
0.09614,0.16098,0.09622,0.49683,0.52089,-0.46698,0.51358,127.29600
0.09615,0.16088,0.09622,0.49689,0.52096,-0.46692,0.51351,127.39600
0.09615,0.16078,0.09622,0.49695,0.52102,-0.46685,0.51345,127.49600
0.09616,0.16068,0.09621,0.49701,0.52109,-0.46679,0.51338,127.59600
0.09617,0.16058,0.09621,0.49707,0.52116,-0.46672,0.51330,127.69600
0.09617,0.16048,0.09621,0.49713,0.52122,-0.46666,0.51324,127.79600
0.09618,0.16038,0.09620,0.49720,0.52129,-0.46659,0.51317,127.89600
0.09619,0.16028,0.09620,0.49725,0.52136,-0.46653,0.51311,127.99600
0.09620,0.16018,0.09620,0.49732,0.52143,-0.46646,0.51303,128.09600
0.09620,0.16008,0.09619,0.49738,0.52150,-0.46639,0.51297,128.19600
0.09621,0.15998,0.09618,0.49743,0.52156,-0.46633,0.51290,128.29600
0.09622,0.15988,0.09618,0.49750,0.52163,-0.46627,0.51283,128.39600
0.09622,0.15978,0.09618,0.49756,0.52170,-0.46620,0.51276,128.49600
0.09623,0.15968,0.09617,0.49762,0.52176,-0.46614,0.51269,128.59600
0.09624,0.15958,0.09617,0.49768,0.52183,-0.46607,0.51263,128.69600
0.09625,0.15948,0.09617,0.49774,0.52189,-0.46601,0.51256,128.79600
0.09625,0.15938,0.09616,0.49780,0.52196,-0.46594,0.51249,128.89600
0.09626,0.15928,0.09616,0.49786,0.52203,-0.46588,0.51242,128.99600
0.09627,0.15918,0.09616,0.49792,0.52209,-0.46581,0.51236,129.09600
0.09627,0.15909,0.09616,0.49798,0.52216,-0.46575,0.51229,129.19600
0.09628,0.15899,0.09614,0.49805,0.52223,-0.46568,0.51221,129.29600
0.09629,0.15889,0.09614,0.49810,0.52229,-0.46562,0.51215,129.39600
0.09630,0.15879,0.09614,0.49817,0.52236,-0.46555,0.51208,129.49600
0.09630,0.15869,0.09613,0.49823,0.52243,-0.46549,0.51202,129.59600
0.09631,0.15859,0.09613,0.49829,0.52249,-0.46542,0.51195,129.69600
0.09632,0.15849,0.09613,0.49835,0.52257,-0.46535,0.51187,129.79600
0.09632,0.15839,0.09612,0.49841,0.52263,-0.46529,0.51181,129.89600
0.09633,0.15829,0.09612,0.49847,0.52270,-0.46522,0.51174,129.99600
0.09634,0.15819,0.09612,0.49853,0.52277,-0.46516,0.51167,130.09600
0.09635,0.15809,0.09611,0.49859,0.52283,-0.46510,0.51161,130.19600
0.09635,0.15799,0.09611,0.49865,0.52290,-0.46503,0.51154,130.29600
0.09636,0.15789,0.09609,0.49871,0.52297,-0.46497,0.51147,130.39600
0.09637,0.15779,0.09609,0.49877,0.52303,-0.46490,0.51140,130.49600
0.09637,0.15769,0.09609,0.49884,0.52310,-0.46484,0.51133,130.59600
0.09638,0.15759,0.09608,0.49889,0.52316,-0.46478,0.51127,130.69600
0.09639,0.15749,0.09608,0.49896,0.52323,-0.46471,0.51120,130.79600
0.09640,0.15739,0.09608,0.49902,0.52330,-0.46464,0.51113,130.89600
0.09640,0.15729,0.09607,0.49908,0.52336,-0.46458,0.51106,130.99600
0.09641,0.15719,0.09607,0.49914,0.52343,-0.46451,0.51099,131.09600
0.09642,0.15709,0.09607,0.49920,0.52350,-0.46445,0.51092,131.19600
0.09642,0.15699,0.09606,0.49926,0.52356,-0.46438,0.51085,131.29600
0.09643,0.15689,0.09605,0.49932,0.52363,-0.46432,0.51079,131.39600
0.09644,0.15679,0.09604,0.49938,0.52370,-0.46425,0.51071,131.49600
0.09645,0.15669,0.09604,0.49944,0.52376,-0.46419,0.51065,131.59600
0.09645,0.15659,0.09604,0.49950,0.52383,-0.46412,0.51058,131.69600
0.09646,0.15649,0.09603,0.49956,0.52390,-0.46405,0.51051,131.79600
0.09647,0.15639,0.09603,0.49962,0.52396,-0.46399,0.51045,131.89600
0.09647,0.15629,0.09603,0.49969,0.52403,-0.46392,0.51037,131.99600
0.09648,0.15619,0.09602,0.49975,0.52410,-0.46386,0.51030,132.09600
0.09649,0.15609,0.09602,0.49980,0.52416,-0.46380,0.51024,132.19600
0.09650,0.15599,0.09601,0.49987,0.52423,-0.46373,0.51017,132.29600
0.09650,0.15589,0.09601,0.49993,0.52430,-0.46366,0.51010,132.39600
0.09651,0.15579,0.09600,0.49999,0.52436,-0.46360,0.51003,132.49600
0.09652,0.15571,0.09599,0.50005,0.52443,-0.46353,0.50996,132.59600
0.09652,0.15561,0.09599,0.50011,0.52450,-0.46347,0.50990,132.69600
0.09653,0.15551,0.09598,0.50017,0.52456,-0.46340,0.50983,132.79600
0.09654,0.15541,0.09598,0.50023,0.52463,-0.46334,0.50976,132.89600
0.09654,0.15531,0.09598,0.50029,0.52470,-0.46327,0.50969,132.99600
0.09655,0.15521,0.09597,0.50035,0.52476,-0.46321,0.50962,133.09600
0.09656,0.15511,0.09597,0.50041,0.52483,-0.46314,0.50955,133.19600
0.09657,0.15501,0.09596,0.50047,0.52490,-0.46308,0.50949,133.29600
0.09657,0.15491,0.09596,0.50053,0.52496,-0.46301,0.50942,133.39600
0.09658,0.15481,0.09595,0.50059,0.52503,-0.46294,0.50934,133.49600
0.09659,0.15471,0.09594,0.50065,0.52509,-0.46288,0.50928,133.59600
0.09659,0.15461,0.09594,0.50071,0.52516,-0.46282,0.50921,133.69600
0.09660,0.15451,0.09593,0.50077,0.52523,-0.46275,0.50914,133.79600
0.09661,0.15441,0.09593,0.50083,0.52529,-0.46269,0.50908,133.89600
0.09662,0.15431,0.09592,0.50089,0.52536,-0.46262,0.50901,133.99600
0.09662,0.15421,0.09592,0.50095,0.52543,-0.46255,0.50893,134.09600
0.09663,0.15411,0.09591,0.50102,0.52550,-0.46249,0.50887,134.19600
0.09664,0.15401,0.09591,0.50108,0.52556,-0.46242,0.50880,134.29600
0.09664,0.15391,0.09590,0.50114,0.52563,-0.46235,0.50873,134.39600
0.09665,0.15381,0.09590,0.50120,0.52569,-0.46229,0.50866,134.49600
0.09666,0.15371,0.09588,0.50126,0.52576,-0.46222,0.50859,134.59600
0.09667,0.15361,0.09588,0.50132,0.52583,-0.46216,0.50852,134.69600
0.09667,0.15351,0.09588,0.50138,0.52590,-0.46209,0.50845,134.79600
0.09668,0.15341,0.09587,0.50144,0.52596,-0.46203,0.50839,134.89600
0.09669,0.15331,0.09587,0.50150,0.52603,-0.46196,0.50832,134.99600
0.09669,0.15321,0.09586,0.50156,0.52610,-0.46189,0.50825,135.09600
0.09670,0.15311,0.09586,0.50162,0.52616,-0.46183,0.50818,135.19600
0.09671,0.15301,0.09585,0.50168,0.52622,-0.46177,0.50811,135.29600
0.09672,0.15291,0.09585,0.50174,0.52629,-0.46170,0.50804,135.39600
0.09672,0.15281,0.09584,0.50180,0.52636,-0.46164,0.50798,135.49600
0.09673,0.15271,0.09584,0.50186,0.52642,-0.46157,0.50791,135.59600
0.09674,0.15261,0.09582,0.50192,0.52649,-0.46150,0.50784,135.69600
0.09674,0.15251,0.09582,0.50198,0.52655,-0.46144,0.50777,135.79600
0.09675,0.15242,0.09581,0.50204,0.52662,-0.46137,0.50770,135.89600
0.09676,0.15232,0.09581,0.50210,0.52669,-0.46131,0.50763,135.99600
0.09677,0.15222,0.09580,0.50216,0.52675,-0.46125,0.50757,136.09600
0.09677,0.15212,0.09580,0.50222,0.52682,-0.46118,0.50749,136.19600
0.09678,0.15202,0.09579,0.50228,0.52689,-0.46111,0.50742,136.29600
0.09679,0.15192,0.09579,0.50234,0.52696,-0.46104,0.50736,136.39600
0.09679,0.15182,0.09578,0.50240,0.52702,-0.46098,0.50729,136.49600
0.09680,0.15172,0.09578,0.50246,0.52709,-0.46091,0.50722,136.59600
0.09681,0.15162,0.09577,0.50252,0.52715,-0.46085,0.50715,136.69600
0.09682,0.15152,0.09576,0.50258,0.52722,-0.46078,0.50708,136.79600
0.09682,0.15142,0.09575,0.50264,0.52728,-0.46072,0.50701,136.89600
0.09683,0.15132,0.09575,0.50270,0.52736,-0.46065,0.50694,136.99600
0.09684,0.15122,0.09574,0.50276,0.52742,-0.46059,0.50688,137.09600
0.09684,0.15112,0.09574,0.50282,0.52748,-0.46052,0.50681,137.19600
0.09685,0.15102,0.09573,0.50288,0.52755,-0.46045,0.50673,137.29600
0.09686,0.15092,0.09573,0.50294,0.52761,-0.46039,0.50667,137.39600
0.09687,0.15082,0.09572,0.50300,0.52768,-0.46033,0.50660,137.49600
0.09687,0.15072,0.09572,0.50306,0.52775,-0.46026,0.50653,137.59600
0.09688,0.15062,0.09571,0.50312,0.52782,-0.46019,0.50646,137.69600
0.09689,0.15052,0.09569,0.50318,0.52788,-0.46013,0.50640,137.79600
0.09690,0.15042,0.09569,0.50324,0.52795,-0.46006,0.50632,137.89600
0.09690,0.15032,0.09568,0.50330,0.52801,-0.45999,0.50625,137.99600
0.09691,0.15022,0.09568,0.50336,0.52808,-0.45993,0.50619,138.09600
0.09692,0.15012,0.09567,0.50342,0.52815,-0.45986,0.50612,138.19600
0.09692,0.15002,0.09567,0.50348,0.52821,-0.45980,0.50605,138.29600
0.09693,0.14992,0.09566,0.50354,0.52827,-0.45974,0.50598,138.39600
0.09694,0.14982,0.09566,0.50360,0.52834,-0.45967,0.50591,138.49600
0.09695,0.14972,0.09565,0.50366,0.52841,-0.45960,0.50584,138.59600
0.09695,0.14962,0.09564,0.50372,0.52848,-0.45954,0.50577,138.69600
0.09696,0.14952,0.09564,0.50378,0.52854,-0.45947,0.50570,138.79600
0.09697,0.14942,0.09562,0.50384,0.52861,-0.45940,0.50563,138.89600
0.09697,0.14932,0.09562,0.50390,0.52867,-0.45934,0.50557,138.99600
0.09698,0.14923,0.09561,0.50396,0.52874,-0.45927,0.50550,139.09600
0.09699,0.14913,0.09561,0.50402,0.52880,-0.45921,0.50543,139.19600
0.09700,0.14903,0.09560,0.50408,0.52887,-0.45914,0.50536,139.29600
0.09700,0.14893,0.09559,0.50414,0.52894,-0.45907,0.50529,139.39600
0.09701,0.14883,0.09559,0.50420,0.52900,-0.45901,0.50522,139.49600
0.09702,0.14873,0.09558,0.50426,0.52907,-0.45895,0.50515,139.59600
0.09702,0.14863,0.09558,0.50432,0.52914,-0.45887,0.50508,139.69600
0.09703,0.14853,0.09557,0.50438,0.52920,-0.45881,0.50502,139.79600
0.09704,0.14843,0.09556,0.50444,0.52926,-0.45875,0.50495,139.89600
0.09705,0.14833,0.09555,0.50450,0.52933,-0.45868,0.50487,139.99600
0.09705,0.14823,0.09554,0.50456,0.52940,-0.45861,0.50480,140.09600
0.09706,0.14813,0.09554,0.50462,0.52946,-0.45855,0.50474,140.19600
0.09707,0.14804,0.09553,0.50468,0.52953,-0.45848,0.50467,140.29600
0.09707,0.14794,0.09552,0.50474,0.52960,-0.45842,0.50460,140.39600
0.09708,0.14784,0.09552,0.50480,0.52966,-0.45835,0.50453,140.49600
0.09709,0.14774,0.09551,0.50486,0.52973,-0.45828,0.50446,140.59600
0.09710,0.14764,0.09551,0.50492,0.52979,-0.45822,0.50439,140.69600
0.09710,0.14754,0.09550,0.50498,0.52986,-0.45815,0.50432,140.79600
0.09711,0.14744,0.09549,0.50504,0.52993,-0.45809,0.50425,140.89600
0.09712,0.14734,0.09548,0.50510,0.52999,-0.45802,0.50418,140.99600
0.09712,0.14724,0.09547,0.50516,0.53006,-0.45796,0.50411,141.09600
0.09713,0.14714,0.09546,0.50522,0.53013,-0.45789,0.50404,141.19600
0.09714,0.14704,0.09546,0.50528,0.53019,-0.45782,0.50398,141.29600
0.09715,0.14694,0.09545,0.50534,0.53025,-0.45776,0.50391,141.39600
0.09715,0.14684,0.09545,0.50540,0.53032,-0.45769,0.50383,141.49600
0.09716,0.14674,0.09544,0.50546,0.53039,-0.45762,0.50376,141.59600
0.09717,0.14664,0.09543,0.50552,0.53045,-0.45756,0.50370,141.69600
0.09717,0.14654,0.09543,0.50558,0.53052,-0.45749,0.50363,141.79600
0.09718,0.14644,0.09542,0.50564,0.53059,-0.45742,0.50356,141.89600
0.09719,0.14634,0.09541,0.50569,0.53065,-0.45736,0.50349,141.99600
0.09720,0.14624,0.09540,0.50575,0.53071,-0.45730,0.50342,142.09600
0.09720,0.14615,0.09539,0.50582,0.53078,-0.45723,0.50335,142.19600
0.09721,0.14605,0.09538,0.50588,0.53085,-0.45716,0.50328,142.29600
0.09722,0.14595,0.09538,0.50593,0.53091,-0.45710,0.50322,142.39600
0.09722,0.14585,0.09537,0.50600,0.53098,-0.45703,0.50314,142.49600
0.09723,0.14575,0.09536,0.50606,0.53104,-0.45696,0.50307,142.59600
0.09724,0.14565,0.09536,0.50612,0.53111,-0.45690,0.50301,142.69600
0.09725,0.14555,0.09535,0.50617,0.53117,-0.45683,0.50294,142.79600
0.09725,0.14545,0.09534,0.50623,0.53124,-0.45677,0.50287,142.89600
0.09726,0.14535,0.09534,0.50629,0.53131,-0.45670,0.50280,142.99600
0.09727,0.14525,0.09533,0.50636,0.53138,-0.45663,0.50272,143.09600
0.09728,0.14515,0.09531,0.50641,0.53144,-0.45657,0.50266,143.19600
0.09728,0.14505,0.09531,0.50647,0.53150,-0.45650,0.50259,143.29600
0.09729,0.14495,0.09530,0.50653,0.53157,-0.45644,0.50252,143.39600
0.09730,0.14485,0.09529,0.50659,0.53164,-0.45637,0.50245,143.49600
0.09730,0.14475,0.09529,0.50665,0.53170,-0.45631,0.50238,143.59600
0.09731,0.14465,0.09528,0.50671,0.53176,-0.45624,0.50231,143.69600
0.09732,0.14455,0.09527,0.50677,0.53183,-0.45617,0.50224,143.79600
0.09733,0.14445,0.09526,0.50683,0.53190,-0.45610,0.50217,143.89600
0.09733,0.14435,0.09526,0.50689,0.53196,-0.45604,0.50211,143.99600
0.09734,0.14425,0.09525,0.50695,0.53202,-0.45598,0.50204,144.09600
0.09735,0.14415,0.09523,0.50701,0.53209,-0.45591,0.50196,144.19600
0.09735,0.14405,0.09523,0.50707,0.53216,-0.45584,0.50189,144.29600
0.09736,0.14395,0.09522,0.50712,0.53222,-0.45578,0.50183,144.39600
0.09737,0.14385,0.09521,0.50719,0.53229,-0.45571,0.50175,144.49600
0.09738,0.14375,0.09520,0.50725,0.53236,-0.45564,0.50169,144.59600
0.09738,0.14365,0.09520,0.50731,0.53242,-0.45558,0.50162,144.69600
0.09739,0.14356,0.09519,0.50737,0.53249,-0.45551,0.50155,144.79600
0.09740,0.14346,0.09518,0.50743,0.53255,-0.45544,0.50148,144.89600
0.09740,0.14336,0.09518,0.50748,0.53262,-0.45538,0.50141,144.99600
0.09741,0.14326,0.09517,0.50754,0.53268,-0.45531,0.50134,145.09600
0.09742,0.14316,0.09516,0.50761,0.53275,-0.45524,0.50126,145.19600
0.09743,0.14307,0.09514,0.50766,0.53281,-0.45518,0.50120,145.29600
0.09743,0.14297,0.09514,0.50772,0.53288,-0.45511,0.50113,145.39600
0.09744,0.14287,0.09513,0.50778,0.53294,-0.45505,0.50106,145.49600
0.09745,0.14277,0.09512,0.50784,0.53301,-0.45498,0.50099,145.59600
0.09745,0.14267,0.09511,0.50790,0.53307,-0.45491,0.50092,145.69600
0.09746,0.14257,0.09511,0.50796,0.53314,-0.45485,0.50085,145.79600
0.09747,0.14247,0.09510,0.50802,0.53321,-0.45478,0.50078,145.89600
0.09748,0.14237,0.09509,0.50808,0.53327,-0.45471,0.50071,145.99600
0.09748,0.14227,0.09508,0.50814,0.53333,-0.45465,0.50065,146.09600
0.09749,0.14217,0.09508,0.50819,0.53340,-0.45458,0.50058,146.19600
0.09750,0.14207,0.09507,0.50826,0.53347,-0.45451,0.50050,146.29600
0.09751,0.14197,0.09505,0.50832,0.53353,-0.45445,0.50043,146.39600
0.09751,0.14187,0.09504,0.50837,0.53359,-0.45439,0.50037,146.49600
0.09752,0.14177,0.09504,0.50844,0.53366,-0.45431,0.50029,146.59600
0.09753,0.14167,0.09503,0.50849,0.53373,-0.45425,0.50022,146.69600
0.09753,0.14157,0.09502,0.50855,0.53379,-0.45418,0.50015,146.79600
0.09754,0.14147,0.09501,0.50861,0.53386,-0.45412,0.50009,146.89600
0.09755,0.14137,0.09500,0.50867,0.53392,-0.45405,0.50002,146.99600
0.09756,0.14127,0.09500,0.50873,0.53399,-0.45398,0.49995,147.09600
0.09756,0.14117,0.09499,0.50879,0.53405,-0.45392,0.49988,147.19600
0.09757,0.14107,0.09498,0.50885,0.53412,-0.45385,0.49981,147.29600
0.09758,0.14097,0.09497,0.50891,0.53418,-0.45379,0.49974,147.39600
0.09758,0.14087,0.09495,0.50897,0.53425,-0.45372,0.49967,147.49600
0.09759,0.14077,0.09495,0.50903,0.53431,-0.45365,0.49960,147.59600
0.09760,0.14067,0.09494,0.50909,0.53438,-0.45359,0.49953,147.69600
0.09761,0.14057,0.09493,0.50915,0.53445,-0.45352,0.49945,147.79600
0.09761,0.14047,0.09492,0.50920,0.53451,-0.45345,0.49939,147.89600
0.09762,0.14037,0.09491,0.50926,0.53457,-0.45339,0.49932,147.99600
0.09763,0.14027,0.09491,0.50932,0.53464,-0.45332,0.49925,148.09600
0.09763,0.14019,0.09490,0.50938,0.53471,-0.45325,0.49918,148.19600
0.09764,0.14009,0.09489,0.50944,0.53477,-0.45318,0.49911,148.29600
0.09765,0.13999,0.09488,0.50950,0.53483,-0.45312,0.49904,148.39600
0.09766,0.13989,0.09486,0.50956,0.53490,-0.45306,0.49897,148.49600
0.09766,0.13979,0.09486,0.50962,0.53497,-0.45299,0.49890,148.59600
0.09767,0.13969,0.09485,0.50968,0.53503,-0.45292,0.49883,148.69600
0.09768,0.13959,0.09484,0.50974,0.53510,-0.45285,0.49876,148.79600
0.09769,0.13949,0.09483,0.50979,0.53516,-0.45279,0.49869,148.89600
0.09769,0.13939,0.09482,0.50986,0.53523,-0.45272,0.49862,148.99600
0.09770,0.13929,0.09481,0.50992,0.53529,-0.45265,0.49855,149.09600
0.09771,0.13919,0.09481,0.50997,0.53536,-0.45259,0.49848,149.19600
0.09771,0.13909,0.09480,0.51003,0.53542,-0.45253,0.49842,149.29600
0.09772,0.13899,0.09479,0.51009,0.53549,-0.45245,0.49834,149.39600
0.09773,0.13889,0.09478,0.51015,0.53555,-0.45239,0.49827,149.49600
0.09774,0.13879,0.09476,0.51021,0.53562,-0.45232,0.49820,149.59600
0.09774,0.13869,0.09475,0.51027,0.53568,-0.45226,0.49813,149.69600
0.09775,0.13859,0.09474,0.51033,0.53575,-0.45219,0.49806,149.79600
0.09776,0.13849,0.09474,0.51039,0.53581,-0.45212,0.49799,149.89600
0.09776,0.13839,0.09473,0.51044,0.53588,-0.45206,0.49792,149.99600
0.09777,0.13829,0.09472,0.51050,0.53594,-0.45199,0.49785,150.09600
0.09778,0.13819,0.09471,0.51057,0.53601,-0.45192,0.49778,150.19600
0.09779,0.13809,0.09470,0.51062,0.53607,-0.45186,0.49771,150.29600
0.09779,0.13799,0.09469,0.51068,0.53614,-0.45179,0.49764,150.39600
0.09780,0.13789,0.09468,0.51074,0.53620,-0.45172,0.49757,150.49600
0.09781,0.13779,0.09468,0.51080,0.53627,-0.45165,0.49750,150.59600
0.09782,0.13769,0.09466,0.51086,0.53634,-0.45159,0.49743,150.69600
0.09782,0.13759,0.09465,0.51092,0.53640,-0.45152,0.49736,150.79600
0.09783,0.13750,0.09464,0.51097,0.53646,-0.45146,0.49729,150.89600
0.09784,0.13740,0.09463,0.51104,0.53653,-0.45139,0.49722,150.99600
0.09784,0.13731,0.09462,0.51110,0.53659,-0.45132,0.49715,151.09600
0.09785,0.13721,0.09461,0.51115,0.53666,-0.45125,0.49708,151.19600
0.09786,0.13711,0.09460,0.51121,0.53672,-0.45119,0.49701,151.29600
0.09787,0.13701,0.09459,0.51127,0.53678,-0.45113,0.49695,151.39600
0.09787,0.13691,0.09459,0.51133,0.53685,-0.45105,0.49687,151.49600
0.09788,0.13681,0.09458,0.51139,0.53692,-0.45099,0.49680,151.59600
0.09789,0.13671,0.09456,0.51145,0.53698,-0.45092,0.49673,151.69600
0.09789,0.13661,0.09455,0.51151,0.53705,-0.45085,0.49666,151.79600
0.09790,0.13651,0.09454,0.51157,0.53711,-0.45079,0.49659,151.89600
0.09791,0.13641,0.09453,0.51162,0.53718,-0.45072,0.49652,151.99600
0.09792,0.13631,0.09452,0.51168,0.53724,-0.45065,0.49645,152.09600
0.09792,0.13621,0.09451,0.51174,0.53731,-0.45059,0.49638,152.19600
0.09793,0.13611,0.09450,0.51180,0.53737,-0.45052,0.49631,152.29600
0.09794,0.13601,0.09449,0.51186,0.53744,-0.45045,0.49624,152.39600
0.09795,0.13591,0.09448,0.51192,0.53750,-0.45039,0.49617,152.49600
0.09795,0.13581,0.09447,0.51198,0.53756,-0.45032,0.49610,152.59600
0.09796,0.13571,0.09447,0.51203,0.53763,-0.45025,0.49603,152.69600
0.09797,0.13561,0.09445,0.51210,0.53770,-0.45018,0.49596,152.79600
0.09797,0.13551,0.09444,0.51216,0.53776,-0.45012,0.49589,152.89600
0.09798,0.13541,0.09443,0.51221,0.53783,-0.45005,0.49582,152.99600
0.09799,0.13531,0.09442,0.51227,0.53789,-0.44999,0.49575,153.09600
0.09800,0.13521,0.09441,0.51233,0.53795,-0.44992,0.49568,153.19600
0.09800,0.13512,0.09440,0.51239,0.53802,-0.44985,0.49561,153.29600
0.09801,0.13502,0.09439,0.51245,0.53809,-0.44978,0.49554,153.39600
0.09802,0.13492,0.09438,0.51251,0.53815,-0.44972,0.49547,153.49600
0.09802,0.13482,0.09437,0.51257,0.53821,-0.44965,0.49540,153.59600
0.09803,0.13472,0.09436,0.51262,0.53827,-0.44959,0.49533,153.69600
0.09804,0.13462,0.09435,0.51268,0.53834,-0.44952,0.49526,153.79600
0.09805,0.13453,0.09433,0.51274,0.53841,-0.44945,0.49519,153.89600
0.09805,0.13443,0.09432,0.51280,0.53847,-0.44938,0.49512,153.99600
0.09806,0.13433,0.09431,0.51286,0.53854,-0.44932,0.49505,154.09600
0.09807,0.13423,0.09430,0.51292,0.53860,-0.44925,0.49498,154.19600
0.09808,0.13413,0.09429,0.51298,0.53867,-0.44918,0.49491,154.29600
0.09808,0.13403,0.09428,0.51303,0.53873,-0.44912,0.49484,154.39600
0.09809,0.13393,0.09427,0.51309,0.53879,-0.44905,0.49476,154.49600
0.09810,0.13383,0.09426,0.51315,0.53886,-0.44898,0.49469,154.59600
0.09810,0.13373,0.09425,0.51321,0.53892,-0.44891,0.49462,154.69600
0.09811,0.13363,0.09424,0.51327,0.53899,-0.44884,0.49455,154.79600
0.09812,0.13353,0.09423,0.51333,0.53905,-0.44878,0.49448,154.89600
0.09813,0.13343,0.09421,0.51338,0.53912,-0.44871,0.49441,154.99600
0.09813,0.13333,0.09420,0.51344,0.53918,-0.44865,0.49434,155.09600
0.09814,0.13323,0.09419,0.51350,0.53924,-0.44858,0.49427,155.19600
0.09815,0.13313,0.09418,0.51356,0.53931,-0.44851,0.49420,155.29600
0.09815,0.13304,0.09417,0.51362,0.53938,-0.44844,0.49413,155.39600
0.09816,0.13294,0.09416,0.51368,0.53944,-0.44838,0.49406,155.49600
0.09817,0.13284,0.09415,0.51373,0.53950,-0.44831,0.49399,155.59600
0.09818,0.13274,0.09414,0.51379,0.53957,-0.44825,0.49392,155.69600
0.09818,0.13264,0.09413,0.51386,0.53964,-0.44817,0.49385,155.79600
0.09819,0.13254,0.09412,0.51391,0.53970,-0.44811,0.49378,155.89600
0.09820,0.13244,0.09410,0.51397,0.53976,-0.44804,0.49371,155.99600
0.09821,0.13234,0.09409,0.51403,0.53983,-0.44797,0.49364,156.09600
0.09821,0.13224,0.09408,0.51408,0.53989,-0.44791,0.49357,156.19600
0.09822,0.13214,0.09407,0.51415,0.53996,-0.44784,0.49350,156.29600
0.09823,0.13204,0.09406,0.51421,0.54002,-0.44777,0.49343,156.39600
0.09823,0.13194,0.09405,0.51426,0.54009,-0.44771,0.49336,156.49600
0.09824,0.13184,0.09404,0.51432,0.54015,-0.44764,0.49328,156.59600
0.09825,0.13175,0.09403,0.51438,0.54021,-0.44757,0.49321,156.69600
0.09826,0.13165,0.09402,0.51444,0.54028,-0.44751,0.49314,156.79600
0.09826,0.13155,0.09401,0.51450,0.54034,-0.44744,0.49307,156.89600
0.09827,0.13145,0.09400,0.51456,0.54041,-0.44737,0.49300,156.99600
0.09828,0.13135,0.09398,0.51461,0.54047,-0.44730,0.49293,157.09600
0.09829,0.13125,0.09397,0.51467,0.54053,-0.44724,0.49286,157.19600
0.09829,0.13116,0.09396,0.51473,0.54060,-0.44717,0.49279,157.29600
0.09830,0.13106,0.09395,0.51479,0.54067,-0.44710,0.49272,157.39600
0.09831,0.13096,0.09394,0.51485,0.54073,-0.44703,0.49265,157.49600
0.09831,0.13086,0.09393,0.51490,0.54079,-0.44697,0.49258,157.59600
0.09832,0.13076,0.09392,0.51496,0.54086,-0.44690,0.49251,157.69600
0.09833,0.13066,0.09391,0.51502,0.54092,-0.44684,0.49244,157.79600
0.09834,0.13056,0.09390,0.51508,0.54098,-0.44677,0.49237,157.89600
0.09834,0.13046,0.09389,0.51514,0.54105,-0.44670,0.49229,157.99600
0.09835,0.13036,0.09387,0.51520,0.54112,-0.44663,0.49222,158.09600
0.09836,0.13026,0.09385,0.51526,0.54118,-0.44656,0.49215,158.19600
0.09837,0.13016,0.09384,0.51531,0.54124,-0.44650,0.49209,158.29600
0.09837,0.13006,0.09383,0.51537,0.54130,-0.44643,0.49202,158.39600
0.09838,0.12996,0.09382,0.51543,0.54137,-0.44637,0.49195,158.49600
0.09839,0.12986,0.09381,0.51549,0.54144,-0.44629,0.49187,158.59600
0.09839,0.12976,0.09380,0.51555,0.54150,-0.44623,0.49180,158.69600
0.09840,0.12966,0.09379,0.51561,0.54156,-0.44616,0.49173,158.79600
0.09841,0.12956,0.09378,0.51567,0.54163,-0.44609,0.49166,158.89600
0.09842,0.12946,0.09377,0.51572,0.54169,-0.44602,0.49159,158.99600
0.09842,0.12937,0.09376,0.51578,0.54175,-0.44596,0.49152,159.09600
0.09843,0.12927,0.09375,0.51584,0.54182,-0.44589,0.49145,159.19600
0.09844,0.12917,0.09372,0.51590,0.54188,-0.44582,0.49138,159.29600
0.09844,0.12908,0.09371,0.51596,0.54195,-0.44576,0.49131,159.39600
0.09845,0.12898,0.09370,0.51601,0.54201,-0.44569,0.49124,159.49600
0.09846,0.12888,0.09369,0.51607,0.54208,-0.44562,0.49117,159.59600
0.09847,0.12878,0.09368,0.51613,0.54214,-0.44555,0.49110,159.69600
0.09847,0.12868,0.09367,0.51619,0.54220,-0.44549,0.49102,159.79600
0.09848,0.12858,0.09366,0.51625,0.54227,-0.44542,0.49095,159.89600
0.09849,0.12848,0.09365,0.51630,0.54233,-0.44535,0.49088,159.99600
0.09850,0.12838,0.09364,0.51636,0.54240,-0.44529,0.49081,160.09600
0.09850,0.12828,0.09362,0.51642,0.54246,-0.44522,0.49074,160.19600
0.09851,0.12818,0.09360,0.51648,0.54252,-0.44515,0.49067,160.29600
0.09852,0.12808,0.09359,0.51654,0.54259,-0.44508,0.49060,160.39600
0.09852,0.12798,0.09358,0.51659,0.54265,-0.44502,0.49053,160.49600
0.09853,0.12788,0.09357,0.51666,0.54272,-0.44494,0.49045,160.59600
0.09854,0.12779,0.09356,0.51671,0.54278,-0.44488,0.49038,160.69600
0.09855,0.12769,0.09355,0.51677,0.54284,-0.44482,0.49032,160.79600
0.09855,0.12759,0.09353,0.51682,0.54291,-0.44475,0.49025,160.89600
0.09856,0.12749,0.09352,0.51688,0.54297,-0.44468,0.49018,160.99600
0.09857,0.12739,0.09351,0.51694,0.54304,-0.44461,0.49011,161.09600
0.09858,0.12729,0.09350,0.51700,0.54310,-0.44455,0.49004,161.19600
0.09858,0.12719,0.09349,0.51706,0.54317,-0.44447,0.48996,161.29600
0.09859,0.12709,0.09347,0.51712,0.54323,-0.44441,0.48989,161.39600
0.09860,0.12699,0.09346,0.51718,0.54330,-0.44434,0.48982,161.49600
0.09860,0.12689,0.09344,0.51723,0.54336,-0.44427,0.48975,161.59600
0.09861,0.12679,0.09343,0.51729,0.54342,-0.44420,0.48968,161.69600
0.09862,0.12669,0.09342,0.51735,0.54348,-0.44414,0.48961,161.79600
0.09863,0.12659,0.09341,0.51740,0.54355,-0.44407,0.48954,161.89600
0.09863,0.12649,0.09340,0.51747,0.54361,-0.44400,0.48946,161.99600
0.09864,0.12640,0.09339,0.51752,0.54368,-0.44393,0.48939,162.09600
0.09865,0.12631,0.09337,0.51758,0.54374,-0.44387,0.48932,162.19600
0.09866,0.12621,0.09336,0.51764,0.54381,-0.44380,0.48925,162.29600
0.09866,0.12611,0.09335,0.51770,0.54387,-0.44373,0.48918,162.39600
0.09867,0.12601,0.09333,0.51776,0.54393,-0.44366,0.48911,162.49600
0.09868,0.12591,0.09332,0.51781,0.54400,-0.44360,0.48904,162.59600
0.09868,0.12581,0.09330,0.51787,0.54406,-0.44353,0.48897,162.69600
0.09869,0.12571,0.09329,0.51793,0.54412,-0.44346,0.48890,162.79600
0.09870,0.12561,0.09328,0.51799,0.54419,-0.44340,0.48883,162.89600
0.09871,0.12551,0.09327,0.51804,0.54425,-0.44333,0.48876,162.99600
0.09871,0.12541,0.09326,0.51810,0.54431,-0.44326,0.48869,163.09600
0.09872,0.12531,0.09324,0.51816,0.54438,-0.44319,0.48861,163.19600
0.09873,0.12521,0.09323,0.51822,0.54444,-0.44313,0.48854,163.29600
0.09874,0.12511,0.09322,0.51827,0.54451,-0.44306,0.48847,163.39600
0.09874,0.12501,0.09320,0.51833,0.54457,-0.44299,0.48840,163.49600
0.09875,0.12492,0.09319,0.51839,0.54464,-0.44292,0.48833,163.59600
0.09876,0.12482,0.09317,0.51845,0.54470,-0.44285,0.48825,163.69600
0.09876,0.12472,0.09316,0.51851,0.54476,-0.44278,0.48818,163.79600
0.09877,0.12462,0.09315,0.51856,0.54482,-0.44272,0.48812,163.89600
0.09878,0.12452,0.09314,0.51862,0.54489,-0.44265,0.48805,163.99600
0.09879,0.12442,0.09313,0.51868,0.54495,-0.44259,0.48798,164.09600
0.09879,0.12432,0.09311,0.51874,0.54501,-0.44252,0.48790,164.19600
0.09880,0.12422,0.09310,0.51879,0.54508,-0.44245,0.48783,164.29600
0.09881,0.12412,0.09309,0.51886,0.54515,-0.44238,0.48776,164.39600
0.09882,0.12402,0.09308,0.51891,0.54521,-0.44231,0.48769,164.49600
0.09882,0.12392,0.09305,0.51897,0.54527,-0.44224,0.48762,164.59600
0.09883,0.12383,0.09304,0.51903,0.54534,-0.44217,0.48754,164.69600
0.09884,0.12373,0.09303,0.51909,0.54540,-0.44211,0.48747,164.79600
0.09884,0.12364,0.09302,0.51914,0.54546,-0.44204,0.48740,164.89600
0.09885,0.12354,0.09300,0.51920,0.54553,-0.44197,0.48733,164.99600
0.09886,0.12344,0.09299,0.51926,0.54559,-0.44190,0.48726,165.09600
0.09887,0.12334,0.09298,0.51931,0.54565,-0.44184,0.48719,165.19600
0.09887,0.12324,0.09297,0.51937,0.54571,-0.44177,0.48712,165.29600
0.09888,0.12314,0.09295,0.51943,0.54578,-0.44170,0.48705,165.39600
0.09889,0.12304,0.09294,0.51949,0.54584,-0.44163,0.48698,165.49600
0.09890,0.12294,0.09293,0.51955,0.54591,-0.44157,0.48690,165.59600
0.09890,0.12284,0.09291,0.51960,0.54597,-0.44150,0.48683,165.69600
0.09891,0.12274,0.09289,0.51966,0.54603,-0.44143,0.48676,165.79600
0.09892,0.12264,0.09288,0.51972,0.54610,-0.44136,0.48669,165.89600
0.09892,0.12254,0.09287,0.51978,0.54616,-0.44129,0.48662,165.99600
0.09893,0.12245,0.09285,0.51983,0.54622,-0.44123,0.48655,166.09600
0.09894,0.12235,0.09284,0.51989,0.54629,-0.44116,0.48648,166.19600
0.09895,0.12225,0.09283,0.51995,0.54635,-0.44109,0.48641,166.29600
0.09895,0.12215,0.09282,0.52001,0.54642,-0.44102,0.48633,166.39600
0.09896,0.12205,0.09280,0.52007,0.54648,-0.44095,0.48626,166.49600
0.09897,0.12195,0.09279,0.52012,0.54654,-0.44089,0.48619,166.59600
0.09898,0.12185,0.09278,0.52018,0.54660,-0.44082,0.48612,166.69600
0.09898,0.12175,0.09275,0.52024,0.54667,-0.44075,0.48605,166.79600
0.09899,0.12165,0.09274,0.52029,0.54673,-0.44069,0.48598,166.89600
0.09900,0.12155,0.09273,0.52035,0.54679,-0.44062,0.48591,166.99600
0.09900,0.12145,0.09272,0.52041,0.54686,-0.44055,0.48584,167.09600
0.09901,0.12136,0.09270,0.52047,0.54692,-0.44048,0.48577,167.19600
0.09902,0.12127,0.09269,0.52052,0.54698,-0.44041,0.48569,167.29600
0.09903,0.12117,0.09268,0.52058,0.54705,-0.44035,0.48562,167.39600
0.09903,0.12107,0.09266,0.52064,0.54712,-0.44027,0.48555,167.49600
0.09904,0.12097,0.09265,0.52070,0.54718,-0.44021,0.48548,167.59600
0.09905,0.12087,0.09264,0.52076,0.54724,-0.44014,0.48540,167.69600
0.09906,0.12077,0.09262,0.52081,0.54731,-0.44007,0.48533,167.79600
0.09906,0.12067,0.09260,0.52087,0.54737,-0.44000,0.48526,167.89600
0.09907,0.12057,0.09259,0.52093,0.54743,-0.43993,0.48519,167.99600
0.09908,0.12047,0.09257,0.52099,0.54750,-0.43987,0.48512,168.09600
0.09908,0.12037,0.09256,0.52104,0.54756,-0.43980,0.48505,168.19600
0.09909,0.12027,0.09255,0.52110,0.54762,-0.43974,0.48498,168.29600
0.09910,0.12018,0.09253,0.52115,0.54768,-0.43967,0.48491,168.39600
0.09911,0.12008,0.09252,0.52121,0.54774,-0.43960,0.48484,168.49600
0.09911,0.11998,0.09251,0.52127,0.54781,-0.43953,0.48477,168.59600
0.09912,0.11988,0.09249,0.52133,0.54787,-0.43946,0.48470,168.69600
0.09913,0.11978,0.09248,0.52139,0.54794,-0.43939,0.48462,168.79600
0.09914,0.11968,0.09246,0.52144,0.54800,-0.43932,0.48455,168.89600
0.09914,0.11958,0.09244,0.52150,0.54806,-0.43925,0.48448,168.99600
0.09915,0.11948,0.09243,0.52156,0.54813,-0.43919,0.48440,169.09600
0.09916,0.11938,0.09242,0.52162,0.54819,-0.43912,0.48433,169.19600
0.09917,0.11928,0.09240,0.52167,0.54825,-0.43905,0.48426,169.29600
0.09917,0.11918,0.09239,0.52173,0.54832,-0.43898,0.48419,169.39600
0.09918,0.11909,0.09237,0.52179,0.54838,-0.43891,0.48412,169.49600
0.09919,0.11899,0.09236,0.52185,0.54844,-0.43885,0.48405,169.59600
0.09919,0.11890,0.09235,0.52190,0.54851,-0.43878,0.48398,169.69600
0.09920,0.11880,0.09233,0.52196,0.54857,-0.43871,0.48390,169.79600
0.09921,0.11870,0.09232,0.52202,0.54863,-0.43864,0.48383,169.89600
0.09922,0.11860,0.09230,0.52207,0.54870,-0.43857,0.48376,169.99600
0.09922,0.11850,0.09228,0.52213,0.54876,-0.43851,0.48369,170.09600
0.09923,0.11840,0.09227,0.52219,0.54882,-0.43844,0.48362,170.19600
0.09924,0.11830,0.09225,0.52225,0.54888,-0.43837,0.48355,170.29600
0.09925,0.11820,0.09224,0.52231,0.54895,-0.43830,0.48347,170.39600
0.09925,0.11810,0.09223,0.52236,0.54901,-0.43823,0.48340,170.49600
0.09926,0.11801,0.09221,0.52242,0.54908,-0.43816,0.48333,170.59600
0.09927,0.11791,0.09220,0.52248,0.54914,-0.43809,0.48326,170.69600
0.09927,0.11781,0.09218,0.52253,0.54920,-0.43803,0.48319,170.79600
0.09928,0.11771,0.09217,0.52259,0.54926,-0.43796,0.48312,170.89600
0.09929,0.11761,0.09216,0.52264,0.54932,-0.43789,0.48305,170.99600
0.09930,0.11751,0.09213,0.52270,0.54939,-0.43783,0.48297,171.09600
0.09930,0.11741,0.09212,0.52276,0.54945,-0.43776,0.48290,171.19600
0.09931,0.11731,0.09210,0.52282,0.54951,-0.43769,0.48283,171.29600
0.09932,0.11721,0.09209,0.52287,0.54958,-0.43762,0.48276,171.39600
0.09933,0.11711,0.09208,0.52293,0.54964,-0.43755,0.48269,171.49600
0.09933,0.11702,0.09206,0.52299,0.54970,-0.43749,0.48262,171.59600
0.09934,0.11692,0.09205,0.52304,0.54977,-0.43742,0.48254,171.69600
0.09935,0.11682,0.09203,0.52310,0.54983,-0.43735,0.48247,171.79600
0.09935,0.11672,0.09202,0.52316,0.54989,-0.43728,0.48240,171.89600
0.09936,0.11662,0.09200,0.52322,0.54995,-0.43721,0.48233,171.99600
0.09937,0.11652,0.09199,0.52327,0.55002,-0.43714,0.48226,172.09600
0.09938,0.11643,0.09197,0.52333,0.55008,-0.43708,0.48219,172.19600
0.09938,0.11633,0.09195,0.52339,0.55014,-0.43701,0.48211,172.29600
0.09939,0.11623,0.09194,0.52344,0.55021,-0.43694,0.48204,172.39600
0.09940,0.11613,0.09192,0.52350,0.55027,-0.43687,0.48197,172.49600
0.09941,0.11604,0.09191,0.52356,0.55034,-0.43680,0.48189,172.59600
0.09941,0.11594,0.09189,0.52362,0.55040,-0.43673,0.48182,172.69600
0.09942,0.11584,0.09188,0.52367,0.55046,-0.43666,0.48175,172.79600
0.09943,0.11574,0.09187,0.52373,0.55052,-0.43659,0.48168,172.89600
0.09943,0.11564,0.09185,0.52379,0.55059,-0.43652,0.48161,172.99600
0.09944,0.11554,0.09184,0.52385,0.55065,-0.43646,0.48154,173.09600
0.09945,0.11544,0.09182,0.52390,0.55071,-0.43639,0.48146,173.19600
0.09946,0.11534,0.09180,0.52396,0.55078,-0.43632,0.48139,173.29600
0.09946,0.11524,0.09178,0.52402,0.55084,-0.43625,0.48132,173.39600
0.09947,0.11515,0.09177,0.52407,0.55090,-0.43618,0.48125,173.49600
0.09948,0.11505,0.09175,0.52413,0.55096,-0.43612,0.48118,173.59600
0.09949,0.11495,0.09174,0.52419,0.55103,-0.43605,0.48110,173.69600
0.09949,0.11485,0.09172,0.52424,0.55109,-0.43598,0.48103,173.79600
0.09950,0.11475,0.09171,0.52430,0.55115,-0.43591,0.48096,173.89600
0.09951,0.11465,0.09169,0.52436,0.55121,-0.43584,0.48089,173.99600
0.09952,0.11455,0.09168,0.52441,0.55128,-0.43577,0.48082,174.09600
0.09952,0.11445,0.09166,0.52447,0.55134,-0.43570,0.48075,174.19600
0.09953,0.11435,0.09164,0.52453,0.55140,-0.43564,0.48067,174.29600
0.09954,0.11426,0.09162,0.52458,0.55147,-0.43557,0.48060,174.39600
0.09954,0.11416,0.09161,0.52464,0.55153,-0.43550,0.48053,174.49600
0.09955,0.11407,0.09159,0.52470,0.55159,-0.43543,0.48046,174.59600
0.09956,0.11397,0.09158,0.52475,0.55165,-0.43536,0.48039,174.69600
0.09957,0.11387,0.09156,0.52481,0.55172,-0.43529,0.48031,174.79600
0.09957,0.11377,0.09155,0.52487,0.55178,-0.43523,0.48024,174.89600
0.09958,0.11367,0.09153,0.52493,0.55184,-0.43516,0.48017,174.99600
0.09959,0.11357,0.09152,0.52498,0.55190,-0.43509,0.48010,175.09600
0.09960,0.11347,0.09150,0.52504,0.55197,-0.43502,0.48003,175.19600
0.09960,0.11338,0.09149,0.52510,0.55203,-0.43495,0.47995,175.29600
0.09961,0.11328,0.09146,0.52515,0.55209,-0.43488,0.47988,175.39600
0.09962,0.11318,0.09145,0.52521,0.55215,-0.43482,0.47981,175.49600
0.09962,0.11308,0.09143,0.52527,0.55222,-0.43475,0.47974,175.59600
0.09963,0.11298,0.09142,0.52532,0.55228,-0.43468,0.47967,175.69600
0.09964,0.11288,0.09140,0.52538,0.55234,-0.43461,0.47959,175.79600
0.09965,0.11278,0.09139,0.52544,0.55240,-0.43454,0.47952,175.89600
0.09965,0.11268,0.09137,0.52549,0.55247,-0.43447,0.47945,175.99600
0.09966,0.11259,0.09136,0.52555,0.55253,-0.43440,0.47938,176.09600
0.09967,0.11249,0.09134,0.52561,0.55259,-0.43434,0.47931,176.19600
0.09968,0.11239,0.09133,0.52566,0.55265,-0.43427,0.47923,176.29600
0.09968,0.11229,0.09131,0.52572,0.55272,-0.43420,0.47916,176.39600
0.09969,0.11219,0.09128,0.52578,0.55278,-0.43413,0.47909,176.49600
0.09970,0.11209,0.09127,0.52583,0.55284,-0.43406,0.47902,176.59600
0.09971,0.11199,0.09125,0.52589,0.55290,-0.43399,0.47895,176.69600
0.09971,0.11189,0.09124,0.52595,0.55297,-0.43392,0.47887,176.79600
0.09972,0.11179,0.09122,0.52600,0.55303,-0.43386,0.47880,176.89600
0.09973,0.11171,0.09121,0.52606,0.55309,-0.43379,0.47873,176.99600
0.09973,0.11161,0.09119,0.52611,0.55315,-0.43372,0.47866,177.09600
0.09974,0.11151,0.09118,0.52617,0.55322,-0.43365,0.47858,177.19600
0.09975,0.11141,0.09116,0.52623,0.55328,-0.43358,0.47851,177.29600
0.09976,0.11131,0.09114,0.52628,0.55334,-0.43351,0.47844,177.39600
0.09976,0.11121,0.09113,0.52634,0.55340,-0.43344,0.47837,177.49600
0.09977,0.11111,0.09110,0.52640,0.55347,-0.43338,0.47830,177.59600
0.09978,0.11101,0.09109,0.52645,0.55353,-0.43331,0.47822,177.69600
0.09979,0.11092,0.09107,0.52651,0.55359,-0.43324,0.47815,177.79600
0.09979,0.11082,0.09106,0.52657,0.55365,-0.43317,0.47808,177.89600
0.09980,0.11072,0.09104,0.52662,0.55371,-0.43310,0.47801,177.99600
0.09981,0.11062,0.09102,0.52668,0.55378,-0.43303,0.47794,178.09600
0.09982,0.11052,0.09101,0.52674,0.55384,-0.43296,0.47786,178.19600
0.09982,0.11042,0.09099,0.52679,0.55390,-0.43290,0.47779,178.29600
0.09983,0.11032,0.09098,0.52685,0.55396,-0.43283,0.47772,178.39600
0.09984,0.11022,0.09096,0.52691,0.55403,-0.43276,0.47765,178.49600
0.09984,0.11013,0.09094,0.52697,0.55409,-0.43268,0.47757,178.59600
0.09985,0.11003,0.09092,0.52702,0.55416,-0.43261,0.47750,178.69600
0.09986,0.10993,0.09090,0.52708,0.55422,-0.43255,0.47742,178.79600
0.09987,0.10983,0.09089,0.52714,0.55428,-0.43248,0.47735,178.89600
0.09987,0.10973,0.09087,0.52719,0.55434,-0.43241,0.47728,178.99600
0.09988,0.10963,0.09085,0.52725,0.55440,-0.43234,0.47721,179.09600
0.09989,0.10953,0.09084,0.52731,0.55447,-0.43227,0.47713,179.19600
0.09990,0.10944,0.09082,0.52736,0.55453,-0.43220,0.47706,179.29600
0.09990,0.10935,0.09080,0.52742,0.55459,-0.43213,0.47699,179.39600
0.09991,0.10925,0.09079,0.52747,0.55465,-0.43206,0.47692,179.49600
0.09992,0.10915,0.09077,0.52753,0.55472,-0.43200,0.47685,179.59600
0.09992,0.10905,0.09076,0.52759,0.55478,-0.43193,0.47677,179.69600
0.09993,0.10895,0.09073,0.52764,0.55484,-0.43186,0.47670,179.79600
0.09994,0.10885,0.09071,0.52770,0.55490,-0.43179,0.47663,179.89600
0.09995,0.10875,0.09070,0.52776,0.55496,-0.43172,0.47656,179.99600
0.09995,0.10866,0.09068,0.52781,0.55503,-0.43165,0.47648,180.09600
0.09996,0.10856,0.09066,0.52787,0.55509,-0.43158,0.47641,180.19600
0.09997,0.10846,0.09065,0.52792,0.55515,-0.43151,0.47634,180.29600
0.09998,0.10836,0.09063,0.52798,0.55521,-0.43145,0.47627,180.39600
0.09998,0.10826,0.09061,0.52804,0.55528,-0.43138,0.47619,180.49600
0.09999,0.10816,0.09060,0.52809,0.55534,-0.43131,0.47612,180.59600
0.10000,0.10806,0.09058,0.52815,0.55540,-0.43124,0.47605,180.69600
0.10001,0.10797,0.09056,0.52820,0.55546,-0.43117,0.47598,180.79600
0.10001,0.10787,0.09054,0.52826,0.55552,-0.43111,0.47591,180.89600
0.10002,0.10777,0.09052,0.52831,0.55558,-0.43104,0.47584,180.99600
0.10003,0.10767,0.09051,0.52837,0.55565,-0.43096,0.47576,181.09600
0.10003,0.10757,0.09049,0.52843,0.55571,-0.43089,0.47569,181.19600
0.10004,0.10747,0.09047,0.52849,0.55577,-0.43082,0.47561,181.29600
0.10005,0.10737,0.09046,0.52854,0.55583,-0.43076,0.47554,181.39600
0.10006,0.10728,0.09044,0.52860,0.55590,-0.43069,0.47547,181.49600
0.10006,0.10718,0.09042,0.52866,0.55596,-0.43062,0.47540,181.59600
0.10007,0.10709,0.09040,0.52871,0.55602,-0.43055,0.47532,181.69600
0.10008,0.10699,0.09039,0.52877,0.55608,-0.43048,0.47525,181.79600
0.10009,0.10689,0.09036,0.52882,0.55614,-0.43041,0.47518,181.89600
0.10009,0.10679,0.09034,0.52888,0.55621,-0.43034,0.47511,181.99600
0.10010,0.10669,0.09033,0.52894,0.55627,-0.43027,0.47503,182.09600
0.10011,0.10660,0.09031,0.52899,0.55633,-0.43020,0.47496,182.19600
0.10012,0.10650,0.09029,0.52905,0.55639,-0.43014,0.47489,182.29600
0.10012,0.10640,0.09028,0.52910,0.55645,-0.43007,0.47482,182.39600
0.10013,0.10630,0.09026,0.52916,0.55652,-0.43000,0.47474,182.49600
0.10014,0.10620,0.09024,0.52922,0.55658,-0.42993,0.47467,182.59600
0.10014,0.10610,0.09023,0.52927,0.55664,-0.42986,0.47460,182.69600
0.10015,0.10600,0.09021,0.52933,0.55670,-0.42979,0.47453,182.79600
0.10016,0.10591,0.09019,0.52939,0.55676,-0.42972,0.47445,182.89600
0.10017,0.10581,0.09016,0.52944,0.55683,-0.42965,0.47438,182.99600
0.10017,0.10571,0.09015,0.52950,0.55689,-0.42958,0.47431,183.09600
0.10018,0.10561,0.09013,0.52955,0.55695,-0.42951,0.47423,183.19600
0.10019,0.10551,0.09011,0.52961,0.55701,-0.42944,0.47416,183.29600
0.10020,0.10541,0.09010,0.52967,0.55707,-0.42938,0.47409,183.39600
0.10020,0.10531,0.09008,0.52972,0.55714,-0.42931,0.47402,183.49600
0.10021,0.10522,0.09006,0.52978,0.55720,-0.42924,0.47394,183.59600
0.10022,0.10512,0.09004,0.52983,0.55726,-0.42917,0.47387,183.69600
0.10023,0.10502,0.09003,0.52989,0.55732,-0.42910,0.47380,183.79600
0.10023,0.10492,0.09001,0.52995,0.55738,-0.42903,0.47373,183.89600
0.10024,0.10483,0.08999,0.53000,0.55744,-0.42896,0.47365,183.99600
0.10025,0.10473,0.08996,0.53006,0.55751,-0.42889,0.47358,184.09600
0.10025,0.10464,0.08995,0.53011,0.55757,-0.42882,0.47351,184.19600
0.10026,0.10454,0.08993,0.53017,0.55763,-0.42875,0.47343,184.29600
0.10027,0.10444,0.08991,0.53023,0.55770,-0.42868,0.47336,184.39600
0.10028,0.10434,0.08989,0.53028,0.55775,-0.42861,0.47329,184.49600
0.10028,0.10424,0.08988,0.53034,0.55782,-0.42854,0.47322,184.59600
0.10029,0.10414,0.08986,0.53039,0.55788,-0.42848,0.47314,184.69600
0.10030,0.10404,0.08984,0.53045,0.55794,-0.42841,0.47307,184.79600
0.10031,0.10395,0.08982,0.53051,0.55800,-0.42834,0.47300,184.89600
0.10031,0.10385,0.08981,0.53056,0.55806,-0.42827,0.47293,184.99600
0.10032,0.10375,0.08979,0.53062,0.55812,-0.42820,0.47285,185.09600
0.10033,0.10365,0.08976,0.53067,0.55819,-0.42813,0.47278,185.19600
0.10034,0.10355,0.08974,0.53073,0.55825,-0.42806,0.47271,185.29600
0.10034,0.10345,0.08973,0.53078,0.55831,-0.42799,0.47263,185.39600
0.10035,0.10336,0.08971,0.53084,0.55837,-0.42792,0.47256,185.49600
0.10036,0.10326,0.08969,0.53090,0.55844,-0.42785,0.47248,185.59600
0.10036,0.10316,0.08967,0.53096,0.55850,-0.42778,0.47241,185.69600
0.10037,0.10306,0.08965,0.53101,0.55856,-0.42771,0.47234,185.79600
0.10038,0.10296,0.08964,0.53106,0.55862,-0.42764,0.47227,185.89600
0.10039,0.10286,0.08962,0.53112,0.55868,-0.42758,0.47220,185.99600
0.10039,0.10277,0.08960,0.53118,0.55874,-0.42751,0.47212,186.09600
0.10040,0.10268,0.08958,0.53123,0.55880,-0.42744,0.47205,186.19600
0.10041,0.10258,0.08955,0.53129,0.55886,-0.42737,0.47198,186.29600
0.10042,0.10248,0.08954,0.53134,0.55892,-0.42730,0.47190,186.39600
0.10042,0.10238,0.08952,0.53140,0.55899,-0.42723,0.47183,186.49600
0.10043,0.10228,0.08950,0.53145,0.55905,-0.42716,0.47176,186.59600
0.10044,0.10219,0.08948,0.53151,0.55911,-0.42708,0.47168,186.69600
0.10045,0.10209,0.08946,0.53157,0.55918,-0.42702,0.47161,186.79600
0.10045,0.10199,0.08945,0.53162,0.55923,-0.42695,0.47154,186.89600
0.10046,0.10189,0.08943,0.53168,0.55929,-0.42688,0.47147,186.99600
0.10047,0.10179,0.08941,0.53173,0.55936,-0.42681,0.47139,187.09600
0.10048,0.10169,0.08939,0.53179,0.55942,-0.42674,0.47132,187.19600
0.10048,0.10160,0.08937,0.53184,0.55948,-0.42667,0.47125,187.29600
0.10049,0.10150,0.08934,0.53190,0.55954,-0.42660,0.47117,187.39600
0.10050,0.10140,0.08933,0.53196,0.55960,-0.42653,0.47110,187.49600
0.10050,0.10130,0.08931,0.53201,0.55966,-0.42647,0.47103,187.59600
0.10051,0.10120,0.08929,0.53207,0.55973,-0.42639,0.47095,187.69600
0.10052,0.10110,0.08927,0.53213,0.55979,-0.42632,0.47088,187.79600
0.10053,0.10101,0.08925,0.53218,0.55985,-0.42626,0.47081,187.89600
0.10053,0.10091,0.08923,0.53223,0.55991,-0.42619,0.47074,187.99600
0.10054,0.10081,0.08922,0.53229,0.55997,-0.42612,0.47066,188.09600
0.10055,0.10071,0.08920,0.53235,0.56003,-0.42605,0.47059,188.19600
0.10056,0.10061,0.08918,0.53240,0.56009,-0.42598,0.47052,188.29600
0.10056,0.10052,0.08915,0.53246,0.56016,-0.42591,0.47044,188.39600
0.10057,0.10043,0.08913,0.53251,0.56022,-0.42584,0.47037,188.49600
0.10058,0.10033,0.08911,0.53257,0.56028,-0.42577,0.47030,188.59600
0.10059,0.10023,0.08909,0.53263,0.56034,-0.42570,0.47022,188.69600
0.10059,0.10013,0.08908,0.53268,0.56040,-0.42563,0.47015,188.79600
0.10060,0.10003,0.08906,0.53273,0.56046,-0.42556,0.47008,188.89600
0.10061,0.09993,0.08904,0.53279,0.56052,-0.42549,0.47000,188.99600
0.10061,0.09984,0.08902,0.53285,0.56059,-0.42542,0.46993,189.09600
0.10062,0.09974,0.08900,0.53290,0.56065,-0.42535,0.46986,189.19600
0.10063,0.09964,0.08898,0.53296,0.56071,-0.42528,0.46979,189.29600
0.10064,0.09954,0.08896,0.53301,0.56077,-0.42521,0.46971,189.39600
0.10064,0.09944,0.08893,0.53307,0.56083,-0.42514,0.46964,189.49600
0.10065,0.09935,0.08892,0.53313,0.56090,-0.42507,0.46956,189.59600
0.10066,0.09925,0.08890,0.53318,0.56095,-0.42500,0.46949,189.69600
0.10067,0.09915,0.08888,0.53323,0.56101,-0.42493,0.46942,189.79600
0.10067,0.09905,0.08886,0.53329,0.56108,-0.42487,0.46935,189.89600
0.10068,0.09895,0.08884,0.53335,0.56114,-0.42480,0.46927,189.99600
0.10069,0.09885,0.08882,0.53340,0.56120,-0.42473,0.46920,190.09600
0.10070,0.09876,0.08880,0.53346,0.56126,-0.42466,0.46913,190.19600
0.10070,0.09866,0.08878,0.53351,0.56132,-0.42459,0.46905,190.29600
0.10071,0.09856,0.08876,0.53357,0.56139,-0.42451,0.46897,190.39600
0.10072,0.09846,0.08875,0.53362,0.56144,-0.42445,0.46891,190.49600
0.10073,0.09837,0.08872,0.53368,0.56150,-0.42438,0.46883,190.59600
0.10073,0.09828,0.08870,0.53373,0.56157,-0.42431,0.46876,190.69600
0.10074,0.09818,0.08868,0.53379,0.56163,-0.42424,0.46869,190.79600
0.10075,0.09808,0.08866,0.53384,0.56169,-0.42417,0.46861,190.89600
0.10075,0.09798,0.08864,0.53390,0.56175,-0.42410,0.46854,190.99600
0.10076,0.09788,0.08862,0.53395,0.56181,-0.42403,0.46847,191.09600
0.10077,0.09778,0.08860,0.53401,0.56188,-0.42395,0.46839,191.19600
0.10078,0.09769,0.08858,0.53407,0.56193,-0.42389,0.46832,191.29600
0.10078,0.09759,0.08856,0.53412,0.56199,-0.42382,0.46825,191.39600
0.10079,0.09749,0.08854,0.53418,0.56206,-0.42375,0.46817,191.49600
0.10080,0.09739,0.08852,0.53423,0.56212,-0.42368,0.46810,191.59600
0.10081,0.09729,0.08849,0.53429,0.56218,-0.42361,0.46803,191.69600
0.10081,0.09720,0.08848,0.53434,0.56224,-0.42354,0.46795,191.79600
0.10082,0.09710,0.08846,0.53440,0.56230,-0.42347,0.46788,191.89600
0.10083,0.09700,0.08844,0.53445,0.56236,-0.42340,0.46780,191.99600
0.10084,0.09690,0.08842,0.53451,0.56242,-0.42333,0.46773,192.09600
0.10084,0.09680,0.08840,0.53456,0.56248,-0.42326,0.46766,192.19600
0.10085,0.09671,0.08838,0.53462,0.56254,-0.42319,0.46758,192.29600
0.10086,0.09661,0.08836,0.53467,0.56261,-0.42312,0.46751,192.39600
0.10086,0.09651,0.08834,0.53473,0.56267,-0.42305,0.46744,192.49600
0.10087,0.09641,0.08832,0.53478,0.56273,-0.42298,0.46736,192.59600
0.10088,0.09631,0.08830,0.53484,0.56279,-0.42291,0.46729,192.69600
0.10089,0.09622,0.08827,0.53490,0.56285,-0.42284,0.46722,192.79600
0.10089,0.09613,0.08825,0.53495,0.56291,-0.42277,0.46714,192.89600
0.10090,0.09603,0.08823,0.53501,0.56297,-0.42270,0.46707,192.99600
0.10091,0.09593,0.08821,0.53506,0.56303,-0.42263,0.46700,193.09600
0.10092,0.09583,0.08819,0.53512,0.56309,-0.42256,0.46692,193.19600
0.10092,0.09573,0.08817,0.53517,0.56315,-0.42250,0.46685,193.29600
0.10093,0.09564,0.08815,0.53523,0.56322,-0.42242,0.46678,193.39600
0.10094,0.09554,0.08813,0.53528,0.56328,-0.42235,0.46670,193.49600
0.10095,0.09544,0.08811,0.53534,0.56334,-0.42228,0.46663,193.59600
0.10095,0.09534,0.08809,0.53539,0.56340,-0.42221,0.46655,193.69600
0.10096,0.09524,0.08807,0.53545,0.56346,-0.42214,0.46648,193.79600
0.10097,0.09515,0.08804,0.53550,0.56352,-0.42207,0.46641,193.89600
0.10098,0.09505,0.08802,0.53555,0.56358,-0.42201,0.46634,193.99600
0.10098,0.09495,0.08800,0.53561,0.56364,-0.42193,0.46626,194.09600
0.10099,0.09485,0.08798,0.53567,0.56370,-0.42186,0.46619,194.19600
0.10100,0.09475,0.08796,0.53572,0.56376,-0.42179,0.46611,194.29600
0.10100,0.09466,0.08794,0.53578,0.56382,-0.42172,0.46604,194.39600
0.10101,0.09456,0.08792,0.53583,0.56389,-0.42165,0.46597,194.49600
0.10102,0.09446,0.08790,0.53588,0.56394,-0.42159,0.46590,194.59600
0.10103,0.09436,0.08788,0.53594,0.56401,-0.42151,0.46582,194.69600
0.10103,0.09427,0.08786,0.53600,0.56407,-0.42144,0.46574,194.79600
0.10104,0.09418,0.08784,0.53605,0.56413,-0.42137,0.46567,194.89600
0.10105,0.09408,0.08781,0.53611,0.56419,-0.42130,0.46560,194.99600
0.10106,0.09398,0.08779,0.53616,0.56425,-0.42123,0.46552,195.09600
0.10106,0.09388,0.08777,0.53621,0.56431,-0.42117,0.46546,195.19600
0.10107,0.09379,0.08775,0.53627,0.56437,-0.42110,0.46538,195.29600
0.10108,0.09369,0.08773,0.53633,0.56443,-0.42102,0.46530,195.39600
0.10109,0.09359,0.08771,0.53638,0.56449,-0.42095,0.46523,195.49600
0.10109,0.09349,0.08769,0.53644,0.56455,-0.42088,0.46515,195.59600
0.10110,0.09339,0.08767,0.53649,0.56462,-0.42081,0.46508,195.69600
0.10111,0.09330,0.08765,0.53654,0.56467,-0.42075,0.46501,195.79600
0.10111,0.09320,0.08763,0.53660,0.56473,-0.42068,0.46494,195.89600
0.10112,0.09310,0.08761,0.53666,0.56480,-0.42060,0.46486,195.99600
0.10113,0.09300,0.08758,0.53671,0.56486,-0.42053,0.46479,196.09600
0.10114,0.09290,0.08756,0.53677,0.56492,-0.42046,0.46471,196.19600
0.10114,0.09281,0.08754,0.53682,0.56498,-0.42040,0.46464,196.29600
0.10115,0.09271,0.08752,0.53687,0.56504,-0.42033,0.46457,196.39600
0.10116,0.09261,0.08749,0.53693,0.56510,-0.42026,0.46450,196.49600
0.10117,0.09251,0.08747,0.53699,0.56516,-0.42018,0.46442,196.59600
0.10117,0.09242,0.08745,0.53704,0.56522,-0.42011,0.46434,196.69600
0.10118,0.09232,0.08743,0.53710,0.56528,-0.42004,0.46427,196.79600
0.10119,0.09222,0.08741,0.53715,0.56534,-0.41998,0.46420,196.89600
0.10120,0.09213,0.08739,0.53720,0.56540,-0.41991,0.46413,196.99600
0.10120,0.09203,0.08737,0.53726,0.56546,-0.41984,0.46405,197.09600
0.10121,0.09194,0.08734,0.53732,0.56553,-0.41976,0.46397,197.19600
0.10122,0.09184,0.08732,0.53737,0.56559,-0.41969,0.46390,197.29600
0.10123,0.09174,0.08730,0.53742,0.56564,-0.41962,0.46383,197.39600
0.10123,0.09164,0.08728,0.53748,0.56570,-0.41955,0.46376,197.49600
0.10124,0.09154,0.08726,0.53753,0.56576,-0.41948,0.46368,197.59600
0.10125,0.09145,0.08724,0.53759,0.56582,-0.41941,0.46361,197.69600
0.10126,0.09135,0.08721,0.53765,0.56589,-0.41934,0.46353,197.79600
0.10126,0.09125,0.08719,0.53770,0.56595,-0.41927,0.46346,197.89600
0.10127,0.09115,0.08717,0.53775,0.56601,-0.41920,0.46339,197.99600
0.10128,0.09106,0.08715,0.53781,0.56607,-0.41913,0.46331,198.09600
0.10128,0.09096,0.08713,0.53786,0.56613,-0.41906,0.46324,198.19600
0.10129,0.09086,0.08710,0.53792,0.56619,-0.41899,0.46316,198.29600
0.10130,0.09076,0.08708,0.53797,0.56625,-0.41892,0.46309,198.39600
0.10131,0.09066,0.08706,0.53803,0.56631,-0.41885,0.46302,198.49600
0.10131,0.09057,0.08704,0.53808,0.56637,-0.41878,0.46294,198.59600
0.10132,0.09047,0.08701,0.53814,0.56643,-0.41871,0.46287,198.69600
0.10133,0.09037,0.08699,0.53819,0.56649,-0.41864,0.46280,198.79600
0.10134,0.09027,0.08697,0.53825,0.56655,-0.41857,0.46272,198.89600
0.10134,0.09018,0.08695,0.53830,0.56661,-0.41850,0.46265,198.99600
0.10135,0.09009,0.08693,0.53835,0.56667,-0.41843,0.46257,199.09600
0.10136,0.08999,0.08691,0.53841,0.56673,-0.41836,0.46250,199.19600
0.10137,0.08989,0.08689,0.53846,0.56679,-0.41829,0.46242,199.29600
0.10137,0.08980,0.08686,0.53852,0.56685,-0.41822,0.46235,199.39600
0.10138,0.08970,0.08683,0.53857,0.56691,-0.41815,0.46228,199.49600
0.10139,0.08960,0.08681,0.53863,0.56697,-0.41808,0.46220,199.59600
0.10140,0.08950,0.08679,0.53868,0.56704,-0.41801,0.46213,199.69600
0.10140,0.08940,0.08677,0.53873,0.56709,-0.41794,0.46206,199.79600
0.10141,0.08931,0.08675,0.53879,0.56716,-0.41787,0.46198,199.89600
0.10142,0.08921,0.08673,0.53885,0.56722,-0.41780,0.46191,199.99600
0.10142,0.08911,0.08671,0.53890,0.56728,-0.41773,0.46183,200.09600
0.10143,0.08901,0.08668,0.53896,0.56734,-0.41766,0.46176,200.19600
0.10144,0.08892,0.08666,0.53901,0.56739,-0.41759,0.46169,200.29600
0.10145,0.08882,0.08664,0.53907,0.56746,-0.41751,0.46161,200.39600
0.10145,0.08872,0.08661,0.53912,0.56752,-0.41744,0.46153,200.49600
0.10146,0.08862,0.08659,0.53917,0.56758,-0.41737,0.46146,200.59600
0.10147,0.08853,0.08657,0.53923,0.56764,-0.41730,0.46139,200.69600
0.10148,0.08843,0.08654,0.53928,0.56769,-0.41724,0.46132,200.79600
0.10148,0.08833,0.08652,0.53934,0.56776,-0.41716,0.46124,200.89600
0.10149,0.08823,0.08650,0.53939,0.56782,-0.41709,0.46116,200.99600
0.10150,0.08814,0.08648,0.53945,0.56788,-0.41702,0.46109,201.09600
0.10151,0.08805,0.08646,0.53950,0.56794,-0.41695,0.46102,201.19600
0.10151,0.08795,0.08644,0.53955,0.56800,-0.41688,0.46095,201.29600
0.10152,0.08785,0.08641,0.53961,0.56806,-0.41681,0.46087,201.39600
0.10153,0.08776,0.08639,0.53966,0.56812,-0.41674,0.46079,201.49600
0.10154,0.08766,0.08636,0.53972,0.56818,-0.41667,0.46072,201.59600
0.10154,0.08756,0.08634,0.53977,0.56824,-0.41660,0.46065,201.69600
0.10155,0.08746,0.08632,0.53982,0.56830,-0.41653,0.46057,201.79600
0.10156,0.08736,0.08629,0.53988,0.56836,-0.41646,0.46049,201.89600
0.10156,0.08727,0.08627,0.53994,0.56842,-0.41638,0.46042,201.99600
0.10157,0.08717,0.08625,0.53999,0.56848,-0.41632,0.46035,202.09600
0.10158,0.08707,0.08623,0.54004,0.56854,-0.41625,0.46028,202.19600
0.10159,0.08697,0.08621,0.54010,0.56860,-0.41618,0.46020,202.29600
0.10159,0.08688,0.08618,0.54016,0.56866,-0.41610,0.46012,202.39600
0.10160,0.08678,0.08616,0.54021,0.56872,-0.41604,0.46005,202.49600
0.10161,0.08668,0.08614,0.54026,0.56878,-0.41597,0.45998,202.59600
0.10162,0.08658,0.08611,0.54031,0.56884,-0.41590,0.45991,202.69600
0.10162,0.08649,0.08609,0.54037,0.56890,-0.41582,0.45983,202.79600
0.10163,0.08639,0.08606,0.54042,0.56896,-0.41575,0.45976,202.89600
0.10164,0.08629,0.08604,0.54048,0.56902,-0.41568,0.45968,202.99600
0.10165,0.08619,0.08602,0.54053,0.56908,-0.41561,0.45961,203.09600
0.10165,0.08611,0.08600,0.54059,0.56914,-0.41554,0.45953,203.19600
0.10166,0.08601,0.08597,0.54064,0.56920,-0.41547,0.45946,203.29600
0.10167,0.08591,0.08595,0.54070,0.56926,-0.41540,0.45938,203.39600
0.10168,0.08581,0.08593,0.54075,0.56932,-0.41533,0.45931,203.49600
0.10168,0.08572,0.08591,0.54080,0.56938,-0.41526,0.45924,203.59600
0.10169,0.08562,0.08588,0.54086,0.56944,-0.41519,0.45916,203.69600
0.10170,0.08552,0.08585,0.54091,0.56950,-0.41512,0.45909,203.79600
0.10171,0.08542,0.08583,0.54097,0.56956,-0.41505,0.45901,203.89600
0.10171,0.08533,0.08581,0.54102,0.56962,-0.41498,0.45894,203.99600
0.10172,0.08523,0.08578,0.54107,0.56968,-0.41491,0.45887,204.09600
0.10173,0.08513,0.08576,0.54113,0.56974,-0.41483,0.45879,204.19600
0.10173,0.08504,0.08574,0.54118,0.56980,-0.41476,0.45871,204.29600
0.10174,0.08494,0.08572,0.54124,0.56986,-0.41469,0.45864,204.39600
0.10175,0.08484,0.08569,0.54129,0.56992,-0.41463,0.45857,204.49600
0.10176,0.08474,0.08567,0.54135,0.56998,-0.41455,0.45849,204.59600
0.10176,0.08465,0.08565,0.54140,0.57004,-0.41448,0.45842,204.69600
0.10177,0.08455,0.08563,0.54145,0.57010,-0.41441,0.45834,204.79600
0.10178,0.08445,0.08559,0.54151,0.57016,-0.41434,0.45827,204.89600
0.10179,0.08435,0.08557,0.54156,0.57022,-0.41427,0.45820,204.99600
0.10179,0.08426,0.08555,0.54162,0.57028,-0.41420,0.45812,205.09600
0.10180,0.08417,0.08552,0.54167,0.57034,-0.41413,0.45805,205.19600
0.10181,0.08407,0.08550,0.54172,0.57040,-0.41406,0.45797,205.29600
0.10182,0.08397,0.08548,0.54178,0.57046,-0.41399,0.45790,205.39600
0.10182,0.08388,0.08546,0.54183,0.57052,-0.41391,0.45782,205.49600
0.10183,0.08378,0.08543,0.54188,0.57058,-0.41385,0.45775,205.59600
0.10184,0.08368,0.08541,0.54194,0.57064,-0.41378,0.45767,205.69600
0.10185,0.08358,0.08539,0.54199,0.57070,-0.41371,0.45760,205.79600
0.10185,0.08349,0.08536,0.54205,0.57076,-0.41363,0.45752,205.89600
0.10186,0.08339,0.08533,0.54210,0.57082,-0.41356,0.45745,205.99600
0.10187,0.08329,0.08531,0.54216,0.57088,-0.41349,0.45738,206.09600
0.10187,0.08320,0.08529,0.54221,0.57094,-0.41342,0.45730,206.19600
0.10188,0.08310,0.08526,0.54227,0.57100,-0.41335,0.45722,206.29600
0.10189,0.08300,0.08524,0.54232,0.57106,-0.41328,0.45715,206.39600
0.10190,0.08290,0.08522,0.54237,0.57111,-0.41321,0.45708,206.49600
0.10190,0.08281,0.08519,0.54243,0.57117,-0.41314,0.45700,206.59600
0.10191,0.08271,0.08517,0.54248,0.57123,-0.41307,0.45693,206.69600
0.10192,0.08261,0.08515,0.54253,0.57129,-0.41300,0.45685,206.79600
0.10193,0.08251,0.08512,0.54259,0.57135,-0.41293,0.45678,206.89600
0.10193,0.08242,0.08510,0.54264,0.57141,-0.41285,0.45670,206.99600
0.10194,0.08232,0.08507,0.54270,0.57147,-0.41278,0.45663,207.09600
0.10195,0.08223,0.08504,0.54275,0.57153,-0.41271,0.45655,207.19600
0.10196,0.08214,0.08502,0.54280,0.57159,-0.41264,0.45648,207.29600
0.10196,0.08204,0.08500,0.54285,0.57165,-0.41258,0.45641,207.39600
0.10197,0.08194,0.08497,0.54291,0.57171,-0.41250,0.45633,207.49600
0.10198,0.08184,0.08495,0.54297,0.57177,-0.41243,0.45625,207.59600
0.10199,0.08175,0.08493,0.54302,0.57183,-0.41236,0.45618,207.69600
0.10199,0.08165,0.08490,0.54307,0.57189,-0.41229,0.45611,207.79600
0.10200,0.08155,0.08488,0.54313,0.57195,-0.41221,0.45603,207.89600
0.10201,0.08146,0.08486,0.54318,0.57201,-0.41214,0.45595,207.99600
0.10202,0.08136,0.08483,0.54323,0.57207,-0.41208,0.45588,208.09600
0.10202,0.08126,0.08480,0.54329,0.57213,-0.41201,0.45581,208.19600
0.10203,0.08116,0.08477,0.54334,0.57219,-0.41193,0.45573,208.29600
0.10204,0.08107,0.08475,0.54339,0.57225,-0.41186,0.45566,208.39600
0.10204,0.08097,0.08473,0.54345,0.57231,-0.41179,0.45559,208.49600
0.10205,0.08087,0.08470,0.54350,0.57236,-0.41172,0.45551,208.59600
0.10206,0.08077,0.08468,0.54356,0.57243,-0.41165,0.45543,208.69600
0.10207,0.08068,0.08466,0.54361,0.57248,-0.41158,0.45536,208.79600
0.10207,0.08058,0.08463,0.54366,0.57254,-0.41151,0.45529,208.89600
0.10208,0.08048,0.08461,0.54372,0.57260,-0.41144,0.45521,208.99600
0.10209,0.08039,0.08459,0.54377,0.57266,-0.41137,0.45514,209.09600
0.10210,0.08030,0.08456,0.54382,0.57272,-0.41129,0.45506,209.19600
0.10210,0.08020,0.08453,0.54388,0.57278,-0.41122,0.45499,209.29600
0.10211,0.08010,0.08450,0.54393,0.57284,-0.41116,0.45492,209.39600
0.10212,0.08001,0.08448,0.54399,0.57290,-0.41108,0.45484,209.49600
0.10213,0.07991,0.08446,0.54404,0.57296,-0.41101,0.45476,209.59600
0.10213,0.07981,0.08443,0.54409,0.57302,-0.41094,0.45469,209.69600
0.10214,0.07972,0.08441,0.54415,0.57308,-0.41087,0.45461,209.79600
0.10215,0.07962,0.08438,0.54420,0.57314,-0.41080,0.45454,209.89600
0.10216,0.07952,0.08436,0.54425,0.57320,-0.41073,0.45446,209.99600
0.10216,0.07943,0.08434,0.54430,0.57325,-0.41066,0.45439,210.09600
0.10217,0.07933,0.08431,0.54436,0.57332,-0.41058,0.45431,210.19600
0.10218,0.07923,0.08429,0.54442,0.57338,-0.41051,0.45424,210.29600
0.10219,0.07913,0.08425,0.54447,0.57343,-0.41045,0.45417,210.39600
0.10219,0.07904,0.08423,0.54452,0.57349,-0.41037,0.45409,210.49600
0.10220,0.07894,0.08420,0.54458,0.57356,-0.41030,0.45401,210.59600
0.10221,0.07884,0.08418,0.54463,0.57361,-0.41023,0.45394,210.69600
0.10221,0.07875,0.08416,0.54468,0.57367,-0.41016,0.45387,210.79600
0.10222,0.07865,0.08413,0.54474,0.57373,-0.41008,0.45378,210.89600
0.10223,0.07855,0.08411,0.54479,0.57379,-0.41002,0.45371,210.99600
0.10224,0.07846,0.08408,0.54484,0.57385,-0.40995,0.45364,211.09600
0.10224,0.07837,0.08406,0.54490,0.57391,-0.40987,0.45357,211.19600
0.10225,0.07827,0.08403,0.54495,0.57397,-0.40980,0.45348,211.29600
0.10226,0.07817,0.08401,0.54500,0.57403,-0.40973,0.45341,211.39600
0.10227,0.07808,0.08398,0.54506,0.57409,-0.40966,0.45334,211.49600
0.10227,0.07798,0.08395,0.54511,0.57414,-0.40959,0.45326,211.59600
0.10228,0.07788,0.08393,0.54516,0.57421,-0.40952,0.45319,211.69600
0.10229,0.07779,0.08390,0.54522,0.57426,-0.40945,0.45311,211.79600
0.10230,0.07769,0.08388,0.54527,0.57432,-0.40938,0.45304,211.89600
0.10230,0.07759,0.08385,0.54533,0.57438,-0.40930,0.45296,211.99600
0.10231,0.07750,0.08383,0.54538,0.57444,-0.40923,0.45289,212.09600
0.10232,0.07740,0.08380,0.54543,0.57450,-0.40916,0.45281,212.19600
0.10233,0.07730,0.08378,0.54548,0.57456,-0.40909,0.45274,212.29600
0.10233,0.07720,0.08376,0.54554,0.57462,-0.40902,0.45266,212.39600
0.10234,0.07711,0.08373,0.54559,0.57468,-0.40895,0.45259,212.49600
0.10235,0.07701,0.08370,0.54564,0.57473,-0.40888,0.45252,212.59600
0.10236,0.07691,0.08367,0.54570,0.57480,-0.40880,0.45244,212.69600
0.10236,0.07682,0.08365,0.54575,0.57486,-0.40873,0.45236,212.79600
0.10237,0.07672,0.08362,0.54580,0.57491,-0.40867,0.45229,212.89600
0.10238,0.07662,0.08360,0.54586,0.57497,-0.40859,0.45222,212.99600
0.10238,0.07654,0.08357,0.54591,0.57503,-0.40852,0.45214,213.09600
0.10239,0.07644,0.08355,0.54596,0.57509,-0.40845,0.45207,213.19600
0.10240,0.07634,0.08352,0.54602,0.57515,-0.40838,0.45199,213.29600
0.10241,0.07625,0.08350,0.54607,0.57521,-0.40831,0.45191,213.39600
0.10241,0.07615,0.08347,0.54612,0.57527,-0.40824,0.45184,213.49600
0.10242,0.07605,0.08345,0.54618,0.57533,-0.40816,0.45176,213.59600
0.10243,0.07596,0.08341,0.54623,0.57539,-0.40809,0.45169,213.69600
0.10244,0.07586,0.08339,0.54629,0.57545,-0.40802,0.45161,213.79600
0.10244,0.07576,0.08336,0.54634,0.57550,-0.40795,0.45154,213.89600
0.10245,0.07566,0.08334,0.54639,0.57556,-0.40788,0.45147,213.99600
0.10246,0.07557,0.08331,0.54645,0.57562,-0.40781,0.45139,214.09600
0.10247,0.07547,0.08329,0.54650,0.57568,-0.40774,0.45131,214.19600
0.10247,0.07537,0.08326,0.54655,0.57574,-0.40767,0.45124,214.29600
0.10248,0.07528,0.08324,0.54661,0.57580,-0.40759,0.45116,214.39600
0.10249,0.07518,0.08321,0.54666,0.57586,-0.40752,0.45109,214.49600
0.10250,0.07508,0.08319,0.54671,0.57591,-0.40745,0.45102,214.59600
0.10250,0.07499,0.08316,0.54677,0.57598,-0.40738,0.45093,214.69600
0.10251,0.07489,0.08313,0.54682,0.57604,-0.40731,0.45086,214.79600
0.10252,0.07479,0.08310,0.54687,0.57609,-0.40724,0.45079,214.89600
0.10252,0.07471,0.08308,0.54692,0.57615,-0.40717,0.45071,214.99600
0.10253,0.07461,0.08305,0.54698,0.57621,-0.40709,0.45063,215.09600
0.10254,0.07451,0.08302,0.54703,0.57627,-0.40702,0.45056,215.19600
0.10255,0.07442,0.08300,0.54708,0.57633,-0.40695,0.45049,215.29600
0.10255,0.07432,0.08297,0.54714,0.57639,-0.40688,0.45041,215.39600
0.10256,0.07422,0.08295,0.54719,0.57645,-0.40681,0.45034,215.49600
0.10257,0.07413,0.08292,0.54724,0.57650,-0.40674,0.45026,215.59600
0.10258,0.07403,0.08290,0.54730,0.57656,-0.40666,0.45018,215.69600
0.10258,0.07393,0.08287,0.54735,0.57662,-0.40659,0.45011,215.79600
0.10259,0.07384,0.08284,0.54740,0.57668,-0.40652,0.45003,215.89600
0.10260,0.07374,0.08281,0.54746,0.57674,-0.40645,0.44996,215.99600
0.10261,0.07364,0.08279,0.54751,0.57680,-0.40638,0.44988,216.09600
0.10261,0.07355,0.08276,0.54756,0.57686,-0.40631,0.44981,216.19600
0.10262,0.07345,0.08273,0.54762,0.57692,-0.40623,0.44973,216.29600
0.10263,0.07335,0.08271,0.54767,0.57698,-0.40616,0.44966,216.39600
0.10264,0.07326,0.08268,0.54772,0.57703,-0.40610,0.44959,216.49600
0.10264,0.07316,0.08266,0.54777,0.57709,-0.40603,0.44951,216.59600
0.10265,0.07306,0.08263,0.54783,0.57715,-0.40595,0.44943,216.69600
0.10266,0.07297,0.08261,0.54788,0.57721,-0.40588,0.44936,216.79600
0.10267,0.07288,0.08258,0.54793,0.57727,-0.40581,0.44928,216.89600
0.10267,0.07278,0.08254,0.54799,0.57733,-0.40573,0.44920,216.99600
0.10268,0.07269,0.08252,0.54804,0.57738,-0.40567,0.44913,217.09600
0.10269,0.07259,0.08249,0.54809,0.57744,-0.40559,0.44906,217.19600
0.10270,0.07249,0.08247,0.54814,0.57750,-0.40552,0.44898,217.29600
0.10270,0.07240,0.08244,0.54820,0.57756,-0.40545,0.44890,217.39600
0.10271,0.07230,0.08241,0.54825,0.57762,-0.40538,0.44883,217.49600
0.10272,0.07220,0.08239,0.54830,0.57768,-0.40531,0.44875,217.59600
0.10272,0.07211,0.08236,0.54836,0.57774,-0.40523,0.44868,217.69600
0.10273,0.07201,0.08234,0.54840,0.57779,-0.40517,0.44861,217.79600
0.10274,0.07191,0.08231,0.54846,0.57786,-0.40509,0.44853,217.89600
0.10275,0.07182,0.08228,0.54851,0.57791,-0.40502,0.44845,217.99600
0.10275,0.07172,0.08226,0.54856,0.57797,-0.40495,0.44838,218.09600
0.10276,0.07162,0.08222,0.54862,0.57803,-0.40487,0.44830,218.19600
0.10277,0.07153,0.08220,0.54867,0.57809,-0.40480,0.44822,218.29600
0.10278,0.07143,0.08217,0.54872,0.57814,-0.40474,0.44815,218.39600
0.10278,0.07134,0.08214,0.54878,0.57821,-0.40466,0.44807,218.49600
0.10279,0.07124,0.08212,0.54883,0.57826,-0.40459,0.44800,218.59600
0.10280,0.07114,0.08209,0.54888,0.57832,-0.40452,0.44792,218.69600
0.10281,0.07106,0.08207,0.54894,0.57838,-0.40444,0.44784,218.79600
0.10281,0.07096,0.08204,0.54899,0.57844,-0.40438,0.44777,218.89600
0.10282,0.07086,0.08201,0.54904,0.57850,-0.40430,0.44770,218.99600
0.10283,0.07077,0.08199,0.54909,0.57856,-0.40423,0.44762,219.09600
0.10284,0.07067,0.08196,0.54915,0.57861,-0.40416,0.44755,219.19600
0.10284,0.07057,0.08192,0.54920,0.57867,-0.40409,0.44747,219.29600
0.10285,0.07048,0.08190,0.54925,0.57873,-0.40402,0.44739,219.39600
0.10286,0.07038,0.08187,0.54931,0.57879,-0.40394,0.44732,219.49600
0.10287,0.07028,0.08184,0.54936,0.57884,-0.40388,0.44725,219.59600
0.10287,0.07019,0.08182,0.54941,0.57891,-0.40380,0.44717,219.69600
0.10288,0.07009,0.08179,0.54947,0.57897,-0.40373,0.44709,219.79600
0.10289,0.06999,0.08176,0.54951,0.57902,-0.40366,0.44702,219.89600
0.10290,0.06990,0.08174,0.54957,0.57908,-0.40358,0.44694,219.99600
0.10290,0.06980,0.08171,0.54962,0.57914,-0.40352,0.44687,220.09600
0.10291,0.06971,0.08169,0.54967,0.57920,-0.40345,0.44679,220.19600
0.10292,0.06961,0.08166,0.54973,0.57926,-0.40337,0.44671,220.29600
0.10293,0.06951,0.08162,0.54978,0.57931,-0.40330,0.44664,220.39600
0.10293,0.06942,0.08160,0.54983,0.57937,-0.40323,0.44656,220.49600
0.10294,0.06932,0.08157,0.54989,0.57943,-0.40316,0.44649,220.59600
0.10295,0.06923,0.08154,0.54994,0.57949,-0.40308,0.44641,220.69600
0.10295,0.06914,0.08151,0.54999,0.57955,-0.40301,0.44633,220.79600
0.10296,0.06904,0.08149,0.55004,0.57961,-0.40294,0.44626,220.89600
0.10297,0.06894,0.08146,0.55010,0.57966,-0.40287,0.44618,220.99600
0.10298,0.06885,0.08143,0.55015,0.57972,-0.40280,0.44611,221.09600
0.10298,0.06875,0.08141,0.55020,0.57978,-0.40272,0.44603,221.19600
0.10299,0.06866,0.08138,0.55025,0.57984,-0.40266,0.44596,221.29600
0.10300,0.06856,0.08135,0.55031,0.57990,-0.40258,0.44588,221.39600
0.10301,0.06846,0.08132,0.55036,0.57996,-0.40251,0.44580,221.49600
0.10301,0.06837,0.08129,0.55041,0.58001,-0.40244,0.44573,221.59600
0.10302,0.06827,0.08126,0.55047,0.58007,-0.40236,0.44565,221.69600
0.10303,0.06817,0.08124,0.55052,0.58013,-0.40230,0.44558,221.79600
0.10304,0.06808,0.08121,0.55057,0.58019,-0.40222,0.44550,221.89600
0.10304,0.06798,0.08118,0.55062,0.58025,-0.40215,0.44543,221.99600
0.10305,0.06789,0.08115,0.55067,0.58030,-0.40208,0.44535,222.09600
0.10306,0.06779,0.08113,0.55073,0.58036,-0.40201,0.44528,222.19600
0.10307,0.06769,0.08110,0.55078,0.58042,-0.40193,0.44520,222.29600
0.10307,0.06760,0.08107,0.55083,0.58048,-0.40186,0.44512,222.39600
0.10308,0.06751,0.08105,0.55088,0.58054,-0.40179,0.44505,222.49600
0.10309,0.06741,0.08101,0.55094,0.58060,-0.40172,0.44497,222.59600
0.10310,0.06732,0.08098,0.55099,0.58065,-0.40165,0.44490,222.69600
0.10310,0.06722,0.08095,0.55104,0.58071,-0.40157,0.44482,222.79600
0.10311,0.06713,0.08093,0.55109,0.58077,-0.40150,0.44474,222.89600
0.10312,0.06703,0.08090,0.55114,0.58082,-0.40143,0.44467,222.99600
0.10313,0.06693,0.08087,0.55120,0.58089,-0.40136,0.44459,223.09600
0.10313,0.06684,0.08084,0.55125,0.58094,-0.40129,0.44452,223.19600
0.10314,0.06674,0.08082,0.55130,0.58100,-0.40122,0.44444,223.29600
0.10315,0.06664,0.08079,0.55135,0.58106,-0.40114,0.44437,223.39600
0.10315,0.06655,0.08076,0.55141,0.58112,-0.40107,0.44429,223.49600
0.10316,0.06645,0.08074,0.55146,0.58118,-0.40100,0.44421,223.59600
0.10317,0.06636,0.08070,0.55151,0.58123,-0.40093,0.44414,223.69600
0.10318,0.06626,0.08067,0.55156,0.58129,-0.40086,0.44406,223.79600
0.10318,0.06616,0.08064,0.55162,0.58135,-0.40078,0.44399,223.89600
0.10319,0.06607,0.08062,0.55167,0.58141,-0.40071,0.44391,223.99600
0.10320,0.06597,0.08059,0.55172,0.58146,-0.40064,0.44384,224.09600
0.10321,0.06588,0.08056,0.55178,0.58152,-0.40057,0.44376,224.19600
0.10321,0.06578,0.08053,0.55182,0.58158,-0.40050,0.44369,224.29600
0.10322,0.06569,0.08050,0.55188,0.58164,-0.40042,0.44360,224.39600
0.10323,0.06560,0.08048,0.55193,0.58170,-0.40035,0.44353,224.49600
0.10324,0.06550,0.08045,0.55198,0.58175,-0.40028,0.44346,224.59600
0.10324,0.06541,0.08042,0.55204,0.58182,-0.40020,0.44338,224.69600
0.10325,0.06531,0.08039,0.55209,0.58187,-0.40014,0.44330,224.79600
0.10326,0.06521,0.08036,0.55214,0.58193,-0.40006,0.44323,224.89600
0.10327,0.06512,0.08033,0.55219,0.58199,-0.39999,0.44315,224.99600
0.10327,0.06502,0.08030,0.55224,0.58204,-0.39992,0.44308,225.09600
0.10328,0.06492,0.08027,0.55230,0.58210,-0.39985,0.44300,225.19600
0.10329,0.06483,0.08024,0.55235,0.58216,-0.39977,0.44292,225.29600
0.10330,0.06473,0.08022,0.55240,0.58221,-0.39971,0.44285,225.39600
0.10330,0.06464,0.08019,0.55245,0.58228,-0.39963,0.44277,225.49600
0.10331,0.06454,0.08016,0.55250,0.58233,-0.39956,0.44270,225.59600
0.10332,0.06444,0.08013,0.55256,0.58239,-0.39948,0.44262,225.69600
0.10332,0.06435,0.08010,0.55261,0.58245,-0.39941,0.44254,225.79600
0.10333,0.06425,0.08008,0.55266,0.58250,-0.39934,0.44247,225.89600
0.10334,0.06416,0.08004,0.55272,0.58257,-0.39927,0.44239,225.99600
0.10335,0.06406,0.08001,0.55277,0.58262,-0.39920,0.44232,226.09600
0.10335,0.06397,0.07998,0.55282,0.58268,-0.39913,0.44224,226.19600
0.10336,0.06388,0.07995,0.55287,0.58274,-0.39905,0.44216,226.29600
0.10337,0.06378,0.07993,0.55292,0.58280,-0.39898,0.44209,226.39600
0.10338,0.06369,0.07990,0.55297,0.58285,-0.39891,0.44201,226.49600
0.10338,0.06359,0.07987,0.55303,0.58291,-0.39884,0.44193,226.59600
0.10339,0.06350,0.07984,0.55308,0.58297,-0.39877,0.44186,226.69600
0.10340,0.06340,0.07981,0.55313,0.58303,-0.39869,0.44178,226.79600
0.10341,0.06330,0.07978,0.55318,0.58308,-0.39862,0.44171,226.89600
0.10341,0.06321,0.07976,0.55324,0.58314,-0.39854,0.44163,226.99600
0.10342,0.06311,0.07972,0.55329,0.58320,-0.39848,0.44156,227.09600
0.10343,0.06302,0.07969,0.55334,0.58325,-0.39841,0.44148,227.19600
0.10344,0.06292,0.07966,0.55339,0.58331,-0.39833,0.44140,227.29600
0.10344,0.06282,0.07963,0.55344,0.58337,-0.39826,0.44133,227.39600
0.10345,0.06273,0.07960,0.55350,0.58343,-0.39818,0.44124,227.49600
0.10346,0.06263,0.07958,0.55355,0.58349,-0.39811,0.44117,227.59600
0.10347,0.06254,0.07955,0.55360,0.58354,-0.39804,0.44110,227.69600
0.10347,0.06244,0.07952,0.55365,0.58360,-0.39797,0.44102,227.79600
0.10348,0.06234,0.07949,0.55370,0.58366,-0.39790,0.44094,227.89600
0.10349,0.06226,0.07946,0.55376,0.58372,-0.39782,0.44087,227.99600
0.10350,0.06216,0.07943,0.55381,0.58378,-0.39775,0.44079,228.09600
0.10350,0.06207,0.07939,0.55386,0.58383,-0.39768,0.44072,228.19600
0.10351,0.06197,0.07937,0.55391,0.58389,-0.39761,0.44064,228.29600
0.10352,0.06188,0.07934,0.55396,0.58395,-0.39754,0.44057,228.39600
0.10352,0.06178,0.07931,0.55402,0.58401,-0.39746,0.44048,228.49600
0.10353,0.06168,0.07928,0.55407,0.58406,-0.39739,0.44041,228.59600
0.10354,0.06159,0.07925,0.55412,0.58412,-0.39732,0.44034,228.69600
0.10355,0.06149,0.07922,0.55417,0.58418,-0.39725,0.44026,228.79600
0.10355,0.06140,0.07919,0.55422,0.58423,-0.39717,0.44018,228.89600
0.10356,0.06130,0.07916,0.55427,0.58429,-0.39710,0.44010,228.99600
0.10357,0.06121,0.07914,0.55433,0.58435,-0.39703,0.44003,229.09600
0.10358,0.06111,0.07911,0.55437,0.58440,-0.39696,0.43996,229.19600
0.10358,0.06101,0.07907,0.55443,0.58447,-0.39688,0.43988,229.29600
0.10359,0.06092,0.07904,0.55448,0.58452,-0.39682,0.43980,229.39600
0.10360,0.06082,0.07901,0.55453,0.58458,-0.39674,0.43972,229.49600
0.10361,0.06073,0.07898,0.55458,0.58464,-0.39667,0.43965,229.59600
0.10361,0.06063,0.07895,0.55464,0.58470,-0.39659,0.43957,229.69600
0.10362,0.06055,0.07892,0.55469,0.58475,-0.39652,0.43950,229.79600
0.10363,0.06045,0.07889,0.55474,0.58481,-0.39645,0.43942,229.89600
0.10364,0.06035,0.07887,0.55479,0.58487,-0.39638,0.43934,229.99600
0.10364,0.06026,0.07884,0.55484,0.58492,-0.39631,0.43927,230.09600
0.10365,0.06016,0.07881,0.55490,0.58498,-0.39623,0.43919,230.19600
0.10366,0.06007,0.07878,0.55495,0.58504,-0.39616,0.43911,230.29600
0.10367,0.05997,0.07875,0.55500,0.58509,-0.39609,0.43904,230.39600
0.10367,0.05988,0.07871,0.55505,0.58516,-0.39601,0.43896,230.49600
0.10368,0.05978,0.07868,0.55510,0.58521,-0.39595,0.43889,230.59600
0.10369,0.05968,0.07865,0.55516,0.58527,-0.39587,0.43880,230.69600
0.10370,0.05959,0.07862,0.55520,0.58532,-0.39580,0.43873,230.79600
0.10370,0.05949,0.07859,0.55526,0.58539,-0.39572,0.43865,230.89600
0.10371,0.05940,0.07856,0.55531,0.58544,-0.39565,0.43858,230.99600
0.10372,0.05930,0.07853,0.55536,0.58550,-0.39558,0.43850,231.09600
0.10372,0.05921,0.07850,0.55541,0.58555,-0.39551,0.43843,231.19600
0.10373,0.05911,0.07848,0.55546,0.58561,-0.39544,0.43835,231.29600
0.10374,0.05902,0.07845,0.55552,0.58567,-0.39536,0.43827,231.39600
0.10375,0.05893,0.07842,0.55557,0.58573,-0.39529,0.43820,231.49600
0.10375,0.05883,0.07838,0.55562,0.58579,-0.39522,0.43812,231.59600
0.10376,0.05874,0.07835,0.55567,0.58584,-0.39514,0.43804,231.69600
0.10377,0.05864,0.07832,0.55572,0.58590,-0.39508,0.43797,231.79600
0.10378,0.05855,0.07829,0.55578,0.58596,-0.39500,0.43789,231.89600
0.10378,0.05845,0.07826,0.55582,0.58601,-0.39493,0.43782,231.99600
0.10379,0.05836,0.07823,0.55588,0.58607,-0.39486,0.43774,232.09600
0.10380,0.05826,0.07820,0.55593,0.58613,-0.39478,0.43766,232.19600
0.10381,0.05817,0.07817,0.55598,0.58618,-0.39471,0.43758,232.29600
0.10381,0.05807,0.07814,0.55603,0.58624,-0.39464,0.43751,232.39600
0.10382,0.05797,0.07811,0.55608,0.58629,-0.39457,0.43744,232.49600
0.10383,0.05788,0.07808,0.55613,0.58636,-0.39449,0.43735,232.59600
0.10384,0.05778,0.07804,0.55618,0.58641,-0.39442,0.43728,232.69600
0.10384,0.05769,0.07801,0.55624,0.58647,-0.39434,0.43720,232.79600
0.10385,0.05760,0.07798,0.55629,0.58652,-0.39428,0.43713,232.89200
0.10386,0.05751,0.07796,0.55633,0.58658,-0.39421,0.43706,232.98400
0.10386,0.05742,0.07793,0.55638,0.58663,-0.39415,0.43699,233.07200
0.10387,0.05734,0.07790,0.55642,0.58667,-0.39409,0.43693,233.15600
0.10388,0.05728,0.07788,0.55646,0.58672,-0.39403,0.43687,233.23600
0.10388,0.05721,0.07786,0.55650,0.58676,-0.39397,0.43681,233.31200
0.10389,0.05714,0.07784,0.55654,0.58680,-0.39392,0.43675,233.38400
0.10389,0.05707,0.07782,0.55657,0.58684,-0.39387,0.43670,233.45200
0.10390,0.05701,0.07780,0.55661,0.58688,-0.39383,0.43665,233.51600
0.10390,0.05695,0.07778,0.55664,0.58691,-0.39378,0.43661,233.57600
0.10391,0.05690,0.07776,0.55667,0.58694,-0.39374,0.43656,233.63200
0.10391,0.05685,0.07775,0.55669,0.58698,-0.39370,0.43652,233.68400
0.10391,0.05680,0.07773,0.55672,0.58700,-0.39367,0.43649,233.73200
0.10392,0.05676,0.07772,0.55674,0.58703,-0.39363,0.43645,233.77600
0.10392,0.05672,0.07770,0.55676,0.58705,-0.39360,0.43642,233.81600
0.10392,0.05669,0.07769,0.55678,0.58707,-0.39358,0.43640,233.85200
0.10392,0.05666,0.07768,0.55680,0.58709,-0.39356,0.43637,233.88400
0.10393,0.05663,0.07767,0.55681,0.58711,-0.39353,0.43634,233.91200
0.10393,0.05661,0.07766,0.55682,0.58712,-0.39352,0.43633,233.93600
0.10393,0.05659,0.07765,0.55683,0.58713,-0.39351,0.43631,233.95600
0.10393,0.05658,0.07765,0.55684,0.58714,-0.39349,0.43630,233.97200
0.10393,0.05656,0.07765,0.55685,0.58715,-0.39348,0.43629,233.98400
0.10393,0.05656,0.07764,0.55685,0.58715,-0.39348,0.43628,233.99200
0.10393,0.05655,0.07764,0.55685,0.58715,-0.39348,0.43628,233.99600
0.10393,0.05655,0.07764,0.55685,0.58715,-0.39348,0.43628,233.99600
0.10393,0.05656,0.07764,0.55685,0.58715,-0.39348,0.43628,234.00000
