x,y,z,qx,qy,qz,qw,u
0.09031,0.31059,0.08011,0.41514,0.42671,-0.54596,0.58950,0.00000
0.09031,0.31058,0.08012,0.41515,0.42672,-0.54595,0.58949,0.00800
0.09031,0.31057,0.08012,0.41516,0.42673,-0.54594,0.58948,0.02000
0.09031,0.31055,0.08013,0.41517,0.42674,-0.54594,0.58948,0.03600
0.09031,0.31053,0.08013,0.41518,0.42675,-0.54593,0.58947,0.05600
0.09031,0.31051,0.08014,0.41520,0.42677,-0.54591,0.58945,0.08000
0.09031,0.31048,0.08015,0.41522,0.42679,-0.54590,0.58944,0.10800
0.09032,0.31045,0.08016,0.41524,0.42682,-0.54588,0.58942,0.14000
0.09032,0.31042,0.08017,0.41527,0.42685,-0.54586,0.58940,0.17600
0.09032,0.31038,0.08018,0.41529,0.42688,-0.54584,0.58938,0.21600
0.09032,0.31034,0.08019,0.41533,0.42691,-0.54581,0.58935,0.26000
0.09032,0.31029,0.08021,0.41536,0.42695,-0.54579,0.58933,0.30800
0.09033,0.31024,0.08022,0.41540,0.42699,-0.54576,0.58930,0.36000
0.09033,0.31019,0.08024,0.41544,0.42703,-0.54573,0.58926,0.41600
0.09033,0.31013,0.08026,0.41548,0.42708,-0.54570,0.58923,0.47600
0.09034,0.31007,0.08027,0.41552,0.42712,-0.54567,0.58920,0.54000
0.09034,0.31001,0.08029,0.41557,0.42718,-0.54563,0.58916,0.60800
0.09034,0.30994,0.08031,0.41563,0.42724,-0.54559,0.58912,0.68000
0.09035,0.30987,0.08033,0.41568,0.42729,-0.54555,0.58908,0.75600
0.09035,0.30979,0.08036,0.41574,0.42735,-0.54550,0.58903,0.83600
0.09036,0.30971,0.08038,0.41580,0.42742,-0.54546,0.58898,0.92000
0.09036,0.30962,0.08041,0.41586,0.42749,-0.54541,0.58894,1.00800
0.09036,0.30954,0.08043,0.41592,0.42756,-0.54536,0.58888,1.10000
0.09037,0.30945,0.08046,0.41599,0.42763,-0.54531,0.58883,1.19600
0.09037,0.30935,0.08049,0.41607,0.42771,-0.54525,0.58877,1.29600
0.09038,0.30925,0.08052,0.41613,0.42778,-0.54520,0.58872,1.39600
0.09038,0.30916,0.08055,0.41620,0.42786,-0.54515,0.58866,1.49600
0.09039,0.30906,0.08057,0.41628,0.42794,-0.54509,0.58861,1.59600
0.09039,0.30897,0.08060,0.41635,0.42802,-0.54504,0.58855,1.69600
0.09040,0.30887,0.08063,0.41642,0.42809,-0.54498,0.58849,1.79600
0.09040,0.30878,0.08066,0.41649,0.42817,-0.54493,0.58844,1.89600
0.09041,0.30868,0.08069,0.41656,0.42825,-0.54487,0.58838,1.99600
0.09041,0.30859,0.08072,0.41663,0.42833,-0.54482,0.58833,2.09600
0.09042,0.30849,0.08075,0.41671,0.42840,-0.54476,0.58827,2.19600
0.09042,0.30839,0.08078,0.41678,0.42848,-0.54471,0.58821,2.29600
0.09043,0.30830,0.08081,0.41684,0.42855,-0.54466,0.58816,2.39600
0.09043,0.30820,0.08084,0.41692,0.42863,-0.54460,0.58810,2.49600
0.09044,0.30811,0.08087,0.41699,0.42871,-0.54455,0.58805,2.59600
0.09044,0.30801,0.08089,0.41706,0.42878,-0.54449,0.58799,2.69600
0.09045,0.30792,0.08092,0.41713,0.42886,-0.54444,0.58794,2.79600
0.09045,0.30782,0.08095,0.41720,0.42893,-0.54439,0.58788,2.89600
0.09046,0.30773,0.08097,0.41727,0.42902,-0.54433,0.58782,2.99600
0.09046,0.30763,0.08100,0.41734,0.42909,-0.54428,0.58777,3.09600
0.09047,0.30753,0.08103,0.41742,0.42917,-0.54422,0.58771,3.19600
0.09047,0.30744,0.08106,0.41748,0.42924,-0.54417,0.58766,3.29600
0.09048,0.30734,0.08109,0.41756,0.42932,-0.54411,0.58760,3.39600
0.09048,0.30725,0.08112,0.41763,0.42940,-0.54406,0.58754,3.49600
0.09049,0.30715,0.08115,0.41770,0.42947,-0.54400,0.58749,3.59600
0.09049,0.30706,0.08117,0.41777,0.42955,-0.54395,0.58743,3.69600
0.09050,0.30696,0.08120,0.41784,0.42963,-0.54389,0.58738,3.79600
0.09050,0.30686,0.08123,0.41791,0.42971,-0.54384,0.58732,3.89600
0.09051,0.30677,0.08126,0.41798,0.42978,-0.54378,0.58726,3.99600
0.09051,0.30667,0.08129,0.41806,0.42986,-0.54373,0.58721,4.09600
0.09052,0.30658,0.08131,0.41813,0.42994,-0.54367,0.58715,4.19600
0.09052,0.30648,0.08134,0.41819,0.43001,-0.54362,0.58710,4.29600
0.09053,0.30639,0.08137,0.41827,0.43009,-0.54356,0.58704,4.39600
0.09053,0.30629,0.08140,0.41834,0.43016,-0.54351,0.58698,4.49600
0.09054,0.30620,0.08143,0.41841,0.43025,-0.54345,0.58692,4.59600
0.09054,0.30610,0.08146,0.41848,0.43032,-0.54340,0.58687,4.69600
0.09055,0.30600,0.08148,0.41855,0.43039,-0.54335,0.58682,4.79600
0.09055,0.30591,0.08151,0.41862,0.43047,-0.54329,0.58676,4.89600
0.09056,0.30581,0.08154,0.41869,0.43055,-0.54324,0.58670,4.99600
0.09056,0.30572,0.08156,0.41876,0.43063,-0.54318,0.58664,5.09600
0.09057,0.30561,0.08159,0.41883,0.43070,-0.54313,0.58659,5.19600
0.09057,0.30551,0.08162,0.41890,0.43077,-0.54308,0.58654,5.29600
0.09058,0.30542,0.08165,0.41898,0.43086,-0.54302,0.58648,5.39600
0.09058,0.30532,0.08168,0.41904,0.43093,-0.54297,0.58642,5.49600
0.09059,0.30523,0.08171,0.41912,0.43101,-0.54291,0.58636,5.59600
0.09059,0.30513,0.08174,0.41919,0.43108,-0.54286,0.58631,5.69600
0.09060,0.30504,0.08176,0.41926,0.43116,-0.54280,0.58625,5.79600
0.09060,0.30494,0.08178,0.41933,0.43124,-0.54275,0.58620,5.89600
0.09061,0.30484,0.08181,0.41940,0.43131,-0.54269,0.58614,5.99600
0.09061,0.30475,0.08184,0.41948,0.43139,-0.54263,0.58608,6.09600
0.09062,0.30465,0.08187,0.41954,0.43147,-0.54258,0.58603,6.19600
0.09062,0.30456,0.08190,0.41961,0.43154,-0.54253,0.58597,6.29600
0.09063,0.30446,0.08193,0.41969,0.43162,-0.54247,0.58591,6.39600
0.09064,0.30436,0.08196,0.41976,0.43170,-0.54242,0.58586,6.49600
0.09064,0.30427,0.08198,0.41983,0.43177,-0.54236,0.58580,6.59600
0.09065,0.30417,0.08201,0.41990,0.43185,-0.54231,0.58574,6.69600
0.09065,0.30408,0.08204,0.41996,0.43192,-0.54225,0.58569,6.79600
0.09066,0.30398,0.08206,0.42004,0.43200,-0.54219,0.58563,6.89600
0.09066,0.30389,0.08209,0.42011,0.43208,-0.54214,0.58558,6.99600
0.09067,0.30379,0.08212,0.42018,0.43216,-0.54208,0.58552,7.09600
0.09067,0.30369,0.08214,0.42025,0.43223,-0.54203,0.58546,7.19600
0.09068,0.30360,0.08217,0.42032,0.43231,-0.54198,0.58541,7.29600
0.09068,0.30350,0.08220,0.42039,0.43238,-0.54192,0.58535,7.39600
0.09069,0.30341,0.08223,0.42046,0.43246,-0.54187,0.58529,7.49600
0.09069,0.30331,0.08226,0.42053,0.43254,-0.54181,0.58524,7.59600
0.09070,0.30321,0.08229,0.42061,0.43261,-0.54176,0.58518,7.69600
0.09070,0.30312,0.08231,0.42067,0.43268,-0.54171,0.58513,7.79600
0.09071,0.30302,0.08233,0.42075,0.43277,-0.54165,0.58507,7.89600
0.09071,0.30293,0.08236,0.42082,0.43284,-0.54159,0.58501,7.99600
0.09072,0.30283,0.08239,0.42089,0.43292,-0.54154,0.58495,8.09600
0.09072,0.30273,0.08242,0.42096,0.43300,-0.54148,0.58490,8.19600
0.09073,0.30264,0.08244,0.42103,0.43307,-0.54143,0.58484,8.29600
0.09073,0.30254,0.08247,0.42110,0.43315,-0.54137,0.58478,8.39600
0.09074,0.30245,0.08250,0.42117,0.43322,-0.54132,0.58473,8.49600
0.09074,0.30235,0.08253,0.42124,0.43330,-0.54126,0.58467,8.59600
0.09075,0.30225,0.08256,0.42131,0.43338,-0.54121,0.58462,8.69600
0.09075,0.30216,0.08258,0.42138,0.43345,-0.54115,0.58456,8.79600
0.09076,0.30206,0.08260,0.42145,0.43353,-0.54110,0.58450,8.89600
0.09076,0.30197,0.08263,0.42152,0.43361,-0.54104,0.58444,8.99600
0.09077,0.30187,0.08266,0.42159,0.43368,-0.54099,0.58439,9.09600
0.09077,0.30177,0.08268,0.42167,0.43376,-0.54093,0.58433,9.19600
0.09078,0.30168,0.08271,0.42174,0.43384,-0.54088,0.58427,9.29600
0.09078,0.30158,0.08274,0.42181,0.43391,-0.54082,0.58422,9.39600
0.09079,0.30149,0.08277,0.42188,0.43399,-0.54077,0.58416,9.49600
0.09079,0.30139,0.08280,0.42194,0.43406,-0.54071,0.58411,9.59600
0.09080,0.30129,0.08282,0.42202,0.43414,-0.54066,0.58405,9.69600
0.09080,0.30120,0.08285,0.42209,0.43421,-0.54060,0.58399,9.79600
0.09081,0.30110,0.08288,0.42216,0.43429,-0.54055,0.58394,9.89600
0.09081,0.30100,0.08290,0.42223,0.43437,-0.54049,0.58388,9.99600
0.09082,0.30091,0.08292,0.42230,0.43444,-0.54044,0.58382,10.09600
0.09082,0.30081,0.08295,0.42238,0.43453,-0.54038,0.58376,10.19600
0.09083,0.30072,0.08298,0.42244,0.43460,-0.54033,0.58371,10.29600
0.09083,0.30062,0.08301,0.42251,0.43467,-0.54027,0.58365,10.39600
0.09084,0.30052,0.08303,0.42258,0.43475,-0.54022,0.58359,10.49600
0.09084,0.30043,0.08306,0.42265,0.43483,-0.54016,0.58354,10.59600
0.09085,0.30033,0.08309,0.42272,0.43490,-0.54011,0.58348,10.69600
0.09085,0.30024,0.08312,0.42280,0.43498,-0.54005,0.58342,10.79600
0.09086,0.30014,0.08314,0.42286,0.43505,-0.54000,0.58337,10.89600
0.09086,0.30004,0.08316,0.42293,0.43513,-0.53994,0.58331,10.99600
0.09087,0.29995,0.08319,0.42301,0.43521,-0.53988,0.58325,11.09600
0.09087,0.29985,0.08321,0.42307,0.43528,-0.53983,0.58320,11.19600
0.09088,0.29975,0.08324,0.42315,0.43536,-0.53977,0.58314,11.29600
0.09088,0.29966,0.08327,0.42322,0.43543,-0.53972,0.58308,11.39600
0.09089,0.29956,0.08330,0.42329,0.43551,-0.53967,0.58303,11.49600
0.09089,0.29947,0.08332,0.42336,0.43559,-0.53961,0.58297,11.59600
0.09090,0.29937,0.08335,0.42343,0.43566,-0.53955,0.58291,11.69600
0.09090,0.29927,0.08338,0.42350,0.43574,-0.53950,0.58286,11.79600
0.09091,0.29918,0.08341,0.42357,0.43582,-0.53944,0.58280,11.89600
0.09091,0.29908,0.08343,0.42364,0.43589,-0.53939,0.58274,11.99600
0.09092,0.29898,0.08345,0.42371,0.43596,-0.53934,0.58269,12.09600
0.09092,0.29889,0.08348,0.42378,0.43605,-0.53928,0.58263,12.19600
0.09093,0.29879,0.08350,0.42385,0.43612,-0.53922,0.58257,12.29600
0.09093,0.29869,0.08353,0.42392,0.43619,-0.53917,0.58252,12.39600
0.09094,0.29859,0.08356,0.42399,0.43627,-0.53911,0.58246,12.49600
0.09095,0.29849,0.08358,0.42406,0.43635,-0.53906,0.58240,12.59600
0.09095,0.29840,0.08361,0.42414,0.43643,-0.53900,0.58234,12.69600
0.09095,0.29830,0.08364,0.42420,0.43650,-0.53895,0.58229,12.79600
0.09096,0.29820,0.08366,0.42427,0.43657,-0.53889,0.58223,12.89600
0.09097,0.29811,0.08369,0.42435,0.43666,-0.53883,0.58217,12.99600
0.09097,0.29801,0.08371,0.42441,0.43673,-0.53878,0.58212,13.09600
0.09098,0.29792,0.08374,0.42448,0.43680,-0.53872,0.58206,13.19600
0.09098,0.29782,0.08376,0.42455,0.43688,-0.53867,0.58200,13.29600
0.09099,0.29772,0.08379,0.42463,0.43696,-0.53861,0.58194,13.39600
0.09099,0.29763,0.08382,0.42469,0.43703,-0.53856,0.58189,13.49600
0.09100,0.29753,0.08384,0.42477,0.43711,-0.53850,0.58183,13.59600
0.09100,0.29743,0.08387,0.42484,0.43719,-0.53845,0.58177,13.69600
0.09101,0.29734,0.08390,0.42490,0.43726,-0.53839,0.58172,13.79600
0.09101,0.29724,0.08392,0.42498,0.43734,-0.53833,0.58166,13.89600
0.09102,0.29714,0.08395,0.42504,0.43741,-0.53828,0.58160,13.99600
0.09102,0.29705,0.08397,0.42511,0.43748,-0.53823,0.58155,14.09600
0.09103,0.29695,0.08399,0.42519,0.43757,-0.53817,0.58149,14.19600
0.09103,0.29686,0.08402,0.42526,0.43764,-0.53811,0.58143,14.29600
0.09104,0.29676,0.08404,0.42533,0.43771,-0.53806,0.58138,14.39600
0.09104,0.29666,0.08407,0.42540,0.43779,-0.53800,0.58132,14.49600
0.09105,0.29657,0.08410,0.42547,0.43787,-0.53795,0.58126,14.59600
0.09105,0.29647,0.08412,0.42554,0.43794,-0.53789,0.58120,14.69600
0.09106,0.29637,0.08415,0.42561,0.43802,-0.53784,0.58115,14.79600
0.09106,0.29628,0.08418,0.42568,0.43809,-0.53778,0.58109,14.89600
0.09107,0.29618,0.08420,0.42574,0.43817,-0.53773,0.58103,14.99600
0.09107,0.29608,0.08423,0.42582,0.43825,-0.53767,0.58097,15.09600
0.09108,0.29599,0.08425,0.42589,0.43832,-0.53761,0.58092,15.19600
0.09108,0.29589,0.08427,0.42596,0.43839,-0.53756,0.58086,15.29600
0.09109,0.29579,0.08430,0.42603,0.43848,-0.53750,0.58080,15.39600
0.09109,0.29570,0.08432,0.42610,0.43855,-0.53745,0.58075,15.49600
0.09110,0.29560,0.08435,0.42617,0.43862,-0.53739,0.58069,15.59600
0.09110,0.29550,0.08438,0.42624,0.43870,-0.53733,0.58063,15.69600
0.09111,0.29541,0.08440,0.42631,0.43877,-0.53728,0.58057,15.79600
0.09111,0.29531,0.08443,0.42638,0.43885,-0.53723,0.58052,15.89600
0.09112,0.29521,0.08445,0.42645,0.43893,-0.53717,0.58046,15.99600
0.09112,0.29512,0.08448,0.42652,0.43900,-0.53711,0.58040,16.09600
0.09113,0.29502,0.08450,0.42659,0.43908,-0.53706,0.58034,16.19600
0.09113,0.29493,0.08452,0.42666,0.43916,-0.53700,0.58029,16.29600
0.09114,0.29483,0.08455,0.42673,0.43923,-0.53695,0.58023,16.39600
0.09114,0.29473,0.08457,0.42680,0.43931,-0.53689,0.58017,16.49600
0.09115,0.29464,0.08460,0.42687,0.43938,-0.53683,0.58011,16.59600
0.09115,0.29454,0.08463,0.42694,0.43946,-0.53678,0.58006,16.69600
0.09116,0.29444,0.08465,0.42701,0.43953,-0.53673,0.58000,16.79600
0.09116,0.29435,0.08468,0.42708,0.43961,-0.53667,0.57994,16.89600
0.09117,0.29425,0.08470,0.42715,0.43969,-0.53661,0.57988,16.99600
0.09118,0.29415,0.08473,0.42722,0.43976,-0.53656,0.57983,17.09600
0.09118,0.29406,0.08476,0.42729,0.43984,-0.53650,0.57977,17.19600
0.09119,0.29396,0.08477,0.42736,0.43992,-0.53644,0.57971,17.29600
0.09119,0.29386,0.08480,0.42743,0.43999,-0.53639,0.57966,17.39600
0.09120,0.29377,0.08482,0.42750,0.44007,-0.53633,0.57960,17.49600
0.09120,0.29367,0.08485,0.42757,0.44014,-0.53628,0.57954,17.59600
0.09121,0.29357,0.08487,0.42764,0.44021,-0.53622,0.57948,17.69600
0.09121,0.29348,0.08490,0.42772,0.44030,-0.53616,0.57942,17.79600
0.09122,0.29338,0.08493,0.42778,0.44037,-0.53611,0.57937,17.89600
0.09122,0.29328,0.08495,0.42785,0.44044,-0.53605,0.57931,17.99600
0.09123,0.29319,0.08498,0.42793,0.44052,-0.53599,0.57925,18.09600
0.09123,0.29309,0.08500,0.42799,0.44059,-0.53594,0.57920,18.19600
0.09124,0.29299,0.08502,0.42806,0.44067,-0.53589,0.57914,18.29600
0.09124,0.29290,0.08504,0.42813,0.44074,-0.53583,0.57908,18.39600
0.09125,0.29280,0.08507,0.42820,0.44082,-0.53577,0.57902,18.49600
0.09125,0.29270,0.08509,0.42827,0.44090,-0.53572,0.57896,18.59600
0.09126,0.29261,0.08512,0.42834,0.44097,-0.53567,0.57891,18.69600
0.09126,0.29251,0.08514,0.42841,0.44105,-0.53560,0.57885,18.79600
0.09127,0.29241,0.08517,0.42848,0.44112,-0.53555,0.57879,18.89600
0.09127,0.29232,0.08520,0.42855,0.44119,-0.53550,0.57874,18.99600
0.09128,0.29222,0.08522,0.42862,0.44128,-0.53544,0.57868,19.09600
0.09128,0.29212,0.08525,0.42869,0.44135,-0.53538,0.57862,19.19600
0.09129,0.29203,0.08526,0.42876,0.44142,-0.53533,0.57856,19.29600
0.09129,0.29193,0.08529,0.42883,0.44150,-0.53527,0.57850,19.39600
0.09130,0.29183,0.08531,0.42890,0.44158,-0.53521,0.57844,19.49600
0.09130,0.29173,0.08534,0.42897,0.44165,-0.53516,0.57839,19.59600
0.09131,0.29164,0.08536,0.42904,0.44173,-0.53510,0.57833,19.69600
0.09132,0.29154,0.08539,0.42911,0.44180,-0.53505,0.57827,19.79600
0.09132,0.29144,0.08541,0.42918,0.44188,-0.53499,0.57822,19.89600
0.09133,0.29135,0.08544,0.42925,0.44195,-0.53494,0.57816,19.99600
0.09133,0.29125,0.08546,0.42932,0.44203,-0.53488,0.57810,20.09600
0.09134,0.29115,0.08549,0.42939,0.44210,-0.53482,0.57804,20.19600
0.09134,0.29106,0.08551,0.42946,0.44218,-0.53477,0.57799,20.29600
0.09135,0.29096,0.08553,0.42953,0.44226,-0.53471,0.57793,20.39600
0.09135,0.29086,0.08555,0.42960,0.44233,-0.53465,0.57787,20.49600
0.09136,0.29077,0.08558,0.42967,0.44241,-0.53460,0.57781,20.59600
0.09136,0.29067,0.08560,0.42973,0.44248,-0.53455,0.57776,20.69600
0.09137,0.29057,0.08563,0.42981,0.44256,-0.53448,0.57770,20.79600
0.09137,0.29047,0.08565,0.42988,0.44263,-0.53443,0.57764,20.89600
0.09138,0.29037,0.08568,0.42994,0.44270,-0.53438,0.57758,20.99600
0.09138,0.29027,0.08570,0.43002,0.44279,-0.53432,0.57752,21.09600
0.09139,0.29018,0.08573,0.43009,0.44286,-0.53426,0.57746,21.19600
0.09139,0.29008,0.08575,0.43015,0.44293,-0.53421,0.57741,21.29600
0.09140,0.28998,0.08577,0.43022,0.44301,-0.53415,0.57735,21.39600
0.09140,0.28988,0.08579,0.43030,0.44309,-0.53409,0.57729,21.49600
0.09141,0.28979,0.08581,0.43036,0.44316,-0.53404,0.57724,21.59600
0.09141,0.28969,0.08584,0.43043,0.44323,-0.53398,0.57718,21.69600
0.09142,0.28959,0.08586,0.43051,0.44332,-0.53392,0.57712,21.79600
0.09142,0.28950,0.08589,0.43057,0.44339,-0.53387,0.57706,21.89600
0.09143,0.28940,0.08591,0.43064,0.44346,-0.53381,0.57700,21.99600
0.09143,0.28930,0.08594,0.43071,0.44354,-0.53376,0.57695,22.09600
0.09144,0.28921,0.08596,0.43078,0.44361,-0.53370,0.57689,22.19600
0.09144,0.28911,0.08599,0.43085,0.44369,-0.53364,0.57683,22.29600
0.09145,0.28901,0.08600,0.43092,0.44376,-0.53359,0.57677,22.39600
0.09145,0.28892,0.08603,0.43099,0.44384,-0.53353,0.57671,22.49600
0.09146,0.28882,0.08605,0.43106,0.44391,-0.53347,0.57665,22.59600
0.09147,0.28872,0.08607,0.43113,0.44399,-0.53342,0.57660,22.69600
0.09147,0.28862,0.08610,0.43120,0.44406,-0.53337,0.57654,22.79600
0.09148,0.28853,0.08612,0.43127,0.44414,-0.53330,0.57648,22.89600
0.09148,0.28843,0.08615,0.43134,0.44422,-0.53325,0.57642,22.99600
0.09149,0.28833,0.08617,0.43141,0.44429,-0.53320,0.57637,23.09600
0.09149,0.28824,0.08620,0.43148,0.44437,-0.53313,0.57631,23.19600
0.09150,0.28814,0.08622,0.43155,0.44444,-0.53308,0.57625,23.29600
0.09150,0.28804,0.08623,0.43162,0.44451,-0.53303,0.57619,23.39600
0.09151,0.28795,0.08626,0.43169,0.44459,-0.53297,0.57614,23.49600
0.09151,0.28785,0.08628,0.43176,0.44467,-0.53291,0.57607,23.59600
0.09152,0.28775,0.08631,0.43183,0.44474,-0.53286,0.57602,23.69600
0.09152,0.28765,0.08633,0.43190,0.44481,-0.53280,0.57596,23.79600
0.09153,0.28756,0.08635,0.43197,0.44489,-0.53274,0.57590,23.89600
0.09153,0.28746,0.08638,0.43204,0.44497,-0.53268,0.57584,23.99600
0.09154,0.28736,0.08640,0.43211,0.44504,-0.53263,0.57579,24.09600
0.09154,0.28727,0.08643,0.43217,0.44512,-0.53257,0.57573,24.19600
0.09155,0.28717,0.08645,0.43225,0.44520,-0.53251,0.57566,24.29600
0.09155,0.28707,0.08647,0.43231,0.44527,-0.53246,0.57561,24.39600
0.09156,0.28697,0.08649,0.43238,0.44534,-0.53240,0.57555,24.49600
0.09156,0.28688,0.08651,0.43245,0.44542,-0.53235,0.57549,24.59600
0.09157,0.28678,0.08654,0.43252,0.44549,-0.53229,0.57544,24.69600
0.09158,0.28668,0.08656,0.43259,0.44557,-0.53223,0.57538,24.79600
0.09158,0.28659,0.08658,0.43266,0.44564,-0.53218,0.57532,24.89600
0.09159,0.28649,0.08661,0.43273,0.44571,-0.53212,0.57527,24.99600
0.09159,0.28639,0.08663,0.43280,0.44579,-0.53206,0.57520,25.09600
0.09160,0.28629,0.08666,0.43287,0.44587,-0.53201,0.57514,25.19600
0.09160,0.28620,0.08668,0.43294,0.44594,-0.53195,0.57509,25.29600
0.09161,0.28610,0.08670,0.43301,0.44601,-0.53190,0.57503,25.39600
0.09161,0.28600,0.08672,0.43308,0.44610,-0.53184,0.57497,25.49600
0.09162,0.28591,0.08674,0.43315,0.44617,-0.53178,0.57491,25.59600
0.09162,0.28581,0.08676,0.43321,0.44624,-0.53173,0.57486,25.69600
0.09163,0.28571,0.08679,0.43328,0.44632,-0.53167,0.57480,25.79600
0.09163,0.28561,0.08681,0.43336,0.44640,-0.53161,0.57474,25.89600
0.09164,0.28552,0.08683,0.43343,0.44647,-0.53155,0.57468,25.99600
0.09164,0.28542,0.08686,0.43349,0.44654,-0.53150,0.57462,26.09600
0.09165,0.28532,0.08688,0.43357,0.44662,-0.53144,0.57456,26.19600
0.09165,0.28523,0.08691,0.43364,0.44670,-0.53138,0.57450,26.29600
0.09166,0.28513,0.08693,0.43370,0.44677,-0.53133,0.57445,26.39600
0.09166,0.28503,0.08694,0.43377,0.44684,-0.53127,0.57439,26.49600
0.09167,0.28493,0.08697,0.43385,0.44692,-0.53121,0.57433,26.59600
0.09167,0.28484,0.08699,0.43392,0.44700,-0.53116,0.57427,26.69600
0.09168,0.28474,0.08701,0.43398,0.44707,-0.53110,0.57421,26.79600
0.09169,0.28464,0.08704,0.43405,0.44714,-0.53105,0.57415,26.89600
0.09169,0.28455,0.08706,0.43412,0.44722,-0.53099,0.57409,26.99600
0.09170,0.28445,0.08708,0.43419,0.44729,-0.53093,0.57404,27.09600
0.09170,0.28435,0.08711,0.43426,0.44737,-0.53088,0.57398,27.19600
0.09171,0.28425,0.08713,0.43433,0.44744,-0.53082,0.57392,27.29600
0.09171,0.28416,0.08715,0.43440,0.44752,-0.53076,0.57386,27.39600
0.09172,0.28406,0.08717,0.43447,0.44759,-0.53071,0.57380,27.49600
0.09172,0.28396,0.08719,0.43454,0.44767,-0.53065,0.57374,27.59600
0.09173,0.28386,0.08721,0.43461,0.44774,-0.53059,0.57369,27.69600
0.09173,0.28377,0.08723,0.43467,0.44781,-0.53054,0.57363,27.79600
0.09174,0.28367,0.08726,0.43474,0.44789,-0.53048,0.57357,27.89600
0.09174,0.28357,0.08728,0.43481,0.44797,-0.53042,0.57351,27.99600
0.09175,0.28348,0.08730,0.43488,0.44804,-0.53036,0.57345,28.09600
0.09175,0.28338,0.08733,0.43495,0.44811,-0.53031,0.57340,28.19600
0.09176,0.28328,0.08735,0.43502,0.44819,-0.53025,0.57333,28.29600
0.09176,0.28318,0.08737,0.43509,0.44827,-0.53019,0.57328,28.39600
0.09177,0.28309,0.08739,0.43516,0.44834,-0.53014,0.57322,28.49600
0.09177,0.28299,0.08741,0.43522,0.44841,-0.53008,0.57316,28.59600
0.09178,0.28289,0.08743,0.43530,0.44849,-0.53002,0.57310,28.69600
0.09179,0.28279,0.08745,0.43537,0.44857,-0.52997,0.57304,28.79600
0.09179,0.28270,0.08748,0.43543,0.44864,-0.52991,0.57299,28.89600
0.09180,0.28260,0.08750,0.43550,0.44871,-0.52986,0.57293,28.99600
0.09180,0.28250,0.08752,0.43558,0.44879,-0.52979,0.57286,29.09600
0.09181,0.28240,0.08754,0.43565,0.44887,-0.52974,0.57281,29.19600
0.09181,0.28231,0.08757,0.43571,0.44894,-0.52969,0.57275,29.29600
0.09182,0.28221,0.08759,0.43578,0.44901,-0.52963,0.57269,29.39600
0.09182,0.28211,0.08761,0.43585,0.44909,-0.52957,0.57263,29.49600
0.09183,0.28201,0.08763,0.43592,0.44917,-0.52951,0.57257,29.59600
0.09183,0.28192,0.08765,0.43599,0.44924,-0.52946,0.57252,29.69600
0.09184,0.28182,0.08767,0.43606,0.44931,-0.52940,0.57246,29.79600
0.09184,0.28172,0.08769,0.43613,0.44939,-0.52934,0.57240,29.89600
0.09185,0.28162,0.08772,0.43620,0.44947,-0.52928,0.57234,29.99600
0.09185,0.28153,0.08774,0.43626,0.44954,-0.52923,0.57228,30.09600
0.09186,0.28143,0.08776,0.43633,0.44961,-0.52917,0.57222,30.19600
0.09186,0.28133,0.08778,0.43640,0.44969,-0.52911,0.57216,30.29600
0.09187,0.28124,0.08781,0.43647,0.44976,-0.52906,0.57211,30.39600
0.09187,0.28114,0.08783,0.43654,0.44984,-0.52900,0.57205,30.49600
0.09188,0.28104,0.08785,0.43661,0.44991,-0.52894,0.57199,30.59600
0.09189,0.28094,0.08786,0.43668,0.44999,-0.52889,0.57193,30.69600
0.09189,0.28085,0.08788,0.43675,0.45006,-0.52883,0.57187,30.79600
0.09190,0.28075,0.08791,0.43682,0.45014,-0.52877,0.57181,30.89600
0.09190,0.28065,0.08793,0.43689,0.45021,-0.52871,0.57175,30.99600
0.09191,0.28055,0.08795,0.43696,0.45029,-0.52866,0.57169,31.09600
0.09191,0.28046,0.08797,0.43703,0.45036,-0.52860,0.57163,31.19600
0.09192,0.28036,0.08800,0.43709,0.45043,-0.52855,0.57158,31.29600
0.09192,0.28026,0.08802,0.43716,0.45051,-0.52849,0.57152,31.39600
0.09193,0.28016,0.08804,0.43723,0.45058,-0.52843,0.57146,31.49600
0.09193,0.28007,0.08806,0.43730,0.45066,-0.52837,0.57140,31.59600
0.09194,0.27997,0.08807,0.43737,0.45073,-0.52832,0.57134,31.69600
0.09194,0.27987,0.08810,0.43744,0.45081,-0.52826,0.57128,31.79600
0.09195,0.27977,0.08812,0.43751,0.45088,-0.52820,0.57122,31.89600
0.09195,0.27968,0.08814,0.43758,0.45096,-0.52814,0.57116,31.99600
0.09196,0.27958,0.08816,0.43764,0.45103,-0.52809,0.57111,32.09600
0.09196,0.27948,0.08818,0.43771,0.45110,-0.52803,0.57105,32.19600
0.09197,0.27937,0.08821,0.43779,0.45118,-0.52797,0.57099,32.29600
0.09198,0.27927,0.08823,0.43785,0.45126,-0.52791,0.57093,32.39600
0.09198,0.27918,0.08825,0.43792,0.45133,-0.52786,0.57087,32.49600
0.09199,0.27908,0.08827,0.43799,0.45140,-0.52780,0.57081,32.59600
0.09199,0.27898,0.08828,0.43806,0.45148,-0.52775,0.57075,32.69600
0.09200,0.27888,0.08831,0.43813,0.45156,-0.52768,0.57069,32.79600
0.09200,0.27879,0.08833,0.43820,0.45163,-0.52763,0.57063,32.89600
0.09201,0.27869,0.08835,0.43826,0.45170,-0.52757,0.57058,32.99600
0.09201,0.27859,0.08837,0.43833,0.45177,-0.52752,0.57052,33.09600
0.09202,0.27849,0.08839,0.43840,0.45185,-0.52746,0.57046,33.19600
0.09202,0.27840,0.08841,0.43848,0.45193,-0.52740,0.57039,33.29600
0.09203,0.27830,0.08844,0.43854,0.45200,-0.52734,0.57034,33.39600
0.09203,0.27820,0.08846,0.43861,0.45207,-0.52729,0.57028,33.49600
0.09204,0.27810,0.08848,0.43868,0.45215,-0.52723,0.57022,33.59600
0.09204,0.27801,0.08849,0.43875,0.45222,-0.52717,0.57016,33.69600
0.09205,0.27791,0.08851,0.43882,0.45230,-0.52711,0.57010,33.79600
0.09205,0.27781,0.08853,0.43888,0.45237,-0.52706,0.57004,33.89600
0.09206,0.27771,0.08856,0.43895,0.45245,-0.52700,0.56999,33.99600
0.09206,0.27762,0.08858,0.43902,0.45252,-0.52694,0.56993,34.09600
0.09207,0.27752,0.08860,0.43909,0.45259,-0.52689,0.56987,34.19600
0.09208,0.27742,0.08862,0.43917,0.45267,-0.52682,0.56980,34.29600
0.09208,0.27732,0.08864,0.43923,0.45274,-0.52677,0.56975,34.39600
0.09209,0.27722,0.08866,0.43930,0.45282,-0.52671,0.56969,34.49600
0.09209,0.27713,0.08868,0.43937,0.45289,-0.52666,0.56963,34.59600
0.09210,0.27703,0.08871,0.43943,0.45297,-0.52660,0.56957,34.69600
0.09210,0.27693,0.08872,0.43950,0.45304,-0.52654,0.56951,34.79600
0.09211,0.27683,0.08874,0.43957,0.45312,-0.52648,0.56945,34.89600
0.09211,0.27674,0.08876,0.43964,0.45319,-0.52643,0.56939,34.99600
0.09212,0.27664,0.08878,0.43971,0.45326,-0.52637,0.56933,35.09600
0.09212,0.27654,0.08880,0.43978,0.45334,-0.52631,0.56928,35.19600
0.09213,0.27644,0.08882,0.43984,0.45341,-0.52626,0.56922,35.29600
0.09213,0.27635,0.08884,0.43992,0.45349,-0.52620,0.56916,35.39600
0.09214,0.27625,0.08887,0.43999,0.45356,-0.52614,0.56910,35.49600
0.09214,0.27615,0.08889,0.44005,0.45364,-0.52608,0.56904,35.59600
0.09215,0.27605,0.08891,0.44012,0.45371,-0.52602,0.56898,35.69600
0.09216,0.27595,0.08892,0.44019,0.45378,-0.52597,0.56892,35.79600
0.09216,0.27586,0.08894,0.44026,0.45386,-0.52591,0.56886,35.89600
0.09217,0.27576,0.08896,0.44033,0.45393,-0.52585,0.56880,35.99600
0.09217,0.27566,0.08898,0.44040,0.45401,-0.52579,0.56874,36.09600
0.09218,0.27556,0.08900,0.44047,0.45408,-0.52574,0.56868,36.19600
0.09218,0.27547,0.08902,0.44053,0.45415,-0.52568,0.56863,36.29600
0.09219,0.27537,0.08904,0.44060,0.45423,-0.52563,0.56857,36.39600
0.09219,0.27527,0.08907,0.44067,0.45431,-0.52556,0.56850,36.49600
0.09220,0.27517,0.08909,0.44074,0.45438,-0.52551,0.56844,36.59600
0.09220,0.27507,0.08911,0.44081,0.45445,-0.52545,0.56839,36.69600
0.09221,0.27498,0.08912,0.44087,0.45452,-0.52539,0.56833,36.79600
0.09221,0.27488,0.08914,0.44094,0.45460,-0.52534,0.56827,36.89600
0.09222,0.27478,0.08916,0.44102,0.45468,-0.52527,0.56821,36.99600
0.09223,0.27468,0.08918,0.44109,0.45475,-0.52522,0.56815,37.09600
0.09223,0.27458,0.08920,0.44115,0.45483,-0.52516,0.56809,37.19600
0.09224,0.27449,0.08922,0.44122,0.45490,-0.52510,0.56803,37.29600
0.09224,0.27439,0.08924,0.44129,0.45497,-0.52505,0.56797,37.39600
0.09225,0.27429,0.08926,0.44135,0.45504,-0.52499,0.56791,37.49600
0.09225,0.27419,0.08928,0.44143,0.45512,-0.52493,0.56785,37.59600
0.09226,0.27410,0.08930,0.44150,0.45520,-0.52487,0.56779,37.69600
0.09226,0.27400,0.08931,0.44157,0.45527,-0.52481,0.56773,37.79600
0.09227,0.27390,0.08933,0.44163,0.45534,-0.52476,0.56768,37.89600
0.09227,0.27380,0.08936,0.44170,0.45541,-0.52470,0.56762,37.99600
0.09228,0.27370,0.08938,0.44177,0.45549,-0.52465,0.56756,38.09600
0.09228,0.27361,0.08940,0.44184,0.45557,-0.52458,0.56749,38.19600
0.09229,0.27351,0.08942,0.44191,0.45564,-0.52453,0.56743,38.29600
0.09229,0.27341,0.08944,0.44198,0.45572,-0.52447,0.56737,38.39600
0.09230,0.27331,0.08946,0.44204,0.45578,-0.52441,0.56732,38.49600
0.09231,0.27321,0.08948,0.44211,0.45586,-0.52436,0.56726,38.59600
0.09231,0.27312,0.08950,0.44218,0.45593,-0.52430,0.56720,38.69600
0.09232,0.27302,0.08952,0.44225,0.45601,-0.52424,0.56714,38.79600
0.09232,0.27292,0.08953,0.44232,0.45609,-0.52418,0.56708,38.89600
0.09233,0.27282,0.08955,0.44239,0.45616,-0.52412,0.56702,38.99600
0.09233,0.27273,0.08957,0.44245,0.45623,-0.52407,0.56696,39.09600
0.09234,0.27263,0.08959,0.44252,0.45630,-0.52401,0.56690,39.19600
0.09234,0.27253,0.08961,0.44259,0.45638,-0.52395,0.56684,39.29600
0.09235,0.27243,0.08963,0.44266,0.45645,-0.52389,0.56678,39.39600
0.09235,0.27233,0.08965,0.44273,0.45653,-0.52383,0.56672,39.49600
0.09236,0.27224,0.08967,0.44280,0.45661,-0.52377,0.56666,39.59600
0.09236,0.27214,0.08969,0.44286,0.45667,-0.52372,0.56660,39.69600
0.09237,0.27204,0.08971,0.44293,0.45675,-0.52366,0.56654,39.79600
0.09237,0.27194,0.08972,0.44300,0.45682,-0.52360,0.56648,39.89600
0.09238,0.27184,0.08974,0.44307,0.45690,-0.52355,0.56642,39.99600
0.09239,0.27175,0.08976,0.44314,0.45697,-0.52349,0.56636,40.09600
0.09239,0.27165,0.08978,0.44321,0.45705,-0.52343,0.56630,40.19600
0.09240,0.27155,0.08980,0.44327,0.45712,-0.52337,0.56624,40.29600
0.09240,0.27145,0.08982,0.44334,0.45719,-0.52331,0.56619,40.39600
0.09241,0.27135,0.08984,0.44341,0.45727,-0.52326,0.56613,40.49600
0.09241,0.27126,0.08986,0.44348,0.45734,-0.52320,0.56607,40.59600
0.09242,0.27116,0.08988,0.44355,0.45741,-0.52314,0.56601,40.69600
0.09242,0.27106,0.08990,0.44361,0.45749,-0.52308,0.56595,40.79600
0.09243,0.27096,0.08991,0.44368,0.45756,-0.52302,0.56589,40.89600
0.09243,0.27086,0.08993,0.44375,0.45764,-0.52297,0.56583,40.99600
0.09244,0.27077,0.08995,0.44382,0.45771,-0.52291,0.56577,41.09600
0.09244,0.27067,0.08997,0.44389,0.45778,-0.52285,0.56571,41.19600
0.09245,0.27057,0.08999,0.44396,0.45786,-0.52279,0.56565,41.29600
0.09246,0.27047,0.09001,0.44402,0.45793,-0.52274,0.56559,41.39600
0.09246,0.27037,0.09003,0.44409,0.45800,-0.52268,0.56553,41.49600
0.09247,0.27027,0.09005,0.44416,0.45808,-0.52262,0.56547,41.59600
0.09247,0.27018,0.09007,0.44423,0.45815,-0.52256,0.56541,41.69600
0.09248,0.27008,0.09008,0.44430,0.45823,-0.52250,0.56535,41.79600
0.09248,0.26998,0.09009,0.44437,0.45830,-0.52245,0.56529,41.89600
0.09249,0.26988,0.09011,0.44443,0.45837,-0.52239,0.56523,41.99600
0.09249,0.26978,0.09013,0.44450,0.45845,-0.52233,0.56517,42.09600
0.09250,0.26969,0.09015,0.44457,0.45852,-0.52227,0.56511,42.19600
0.09250,0.26959,0.09017,0.44464,0.45860,-0.52221,0.56505,42.29600
0.09251,0.26949,0.09019,0.44471,0.45867,-0.52215,0.56499,42.39600
0.09251,0.26939,0.09021,0.44478,0.45874,-0.52210,0.56493,42.49600
0.09252,0.26929,0.09023,0.44484,0.45882,-0.52204,0.56487,42.59600
0.09253,0.26920,0.09025,0.44491,0.45889,-0.52198,0.56481,42.69600
0.09253,0.26910,0.09027,0.44498,0.45896,-0.52192,0.56475,42.79600
0.09254,0.26900,0.09029,0.44505,0.45904,-0.52186,0.56469,42.89600
0.09254,0.26890,0.09030,0.44511,0.45911,-0.52181,0.56463,42.99600
0.09255,0.26880,0.09032,0.44518,0.45919,-0.52175,0.56457,43.09600
0.09255,0.26871,0.09034,0.44525,0.45926,-0.52169,0.56451,43.19600
0.09256,0.26861,0.09035,0.44532,0.45933,-0.52163,0.56445,43.29600
0.09256,0.26851,0.09037,0.44539,0.45941,-0.52157,0.56439,43.39600
0.09257,0.26841,0.09039,0.44546,0.45948,-0.52152,0.56433,43.49600
0.09257,0.26831,0.09041,0.44552,0.45955,-0.52146,0.56427,43.59600
0.09258,0.26821,0.09043,0.44559,0.45963,-0.52140,0.56421,43.69600
0.09258,0.26812,0.09045,0.44566,0.45970,-0.52135,0.56415,43.79600
0.09259,0.26802,0.09047,0.44573,0.45978,-0.52128,0.56409,43.89600
0.09260,0.26792,0.09048,0.44580,0.45985,-0.52122,0.56403,43.99600
0.09260,0.26782,0.09050,0.44587,0.45992,-0.52117,0.56397,44.09600
0.09261,0.26772,0.09052,0.44593,0.46000,-0.52111,0.56391,44.19600
0.09261,0.26763,0.09053,0.44600,0.46007,-0.52105,0.56385,44.29600
0.09262,0.26753,0.09055,0.44607,0.46014,-0.52099,0.56379,44.39600
0.09262,0.26743,0.09057,0.44614,0.46022,-0.52093,0.56373,44.49600
0.09263,0.26733,0.09059,0.44620,0.46029,-0.52088,0.56367,44.59600
0.09263,0.26723,0.09061,0.44627,0.46036,-0.52082,0.56361,44.69600
0.09264,0.26713,0.09063,0.44634,0.46044,-0.52076,0.56355,44.79600
0.09264,0.26704,0.09065,0.44641,0.46051,-0.52070,0.56349,44.89600
0.09265,0.26694,0.09066,0.44648,0.46059,-0.52064,0.56343,44.99600
0.09266,0.26684,0.09067,0.44655,0.46066,-0.52058,0.56337,45.09600
0.09266,0.26674,0.09069,0.44661,0.46073,-0.52053,0.56331,45.19600
0.09267,0.26664,0.09071,0.44668,0.46081,-0.52047,0.56325,45.29600
0.09267,0.26654,0.09073,0.44675,0.46088,-0.52041,0.56319,45.39600
0.09268,0.26645,0.09075,0.44681,0.46095,-0.52035,0.56313,45.49600
0.09268,0.26635,0.09077,0.44688,0.46102,-0.52030,0.56307,45.59600
0.09269,0.26625,0.09079,0.44695,0.46110,-0.52023,0.56301,45.69600
0.09269,0.26615,0.09080,0.44702,0.46117,-0.52018,0.56295,45.79600
0.09270,0.26605,0.09082,0.44709,0.46125,-0.52012,0.56289,45.89600
0.09270,0.26596,0.09083,0.44716,0.46132,-0.52006,0.56283,45.99600
0.09271,0.26586,0.09085,0.44722,0.46139,-0.52000,0.56277,46.09600
0.09271,0.26576,0.09087,0.44729,0.46147,-0.51994,0.56271,46.19600
0.09272,0.26566,0.09089,0.44736,0.46154,-0.51988,0.56265,46.29600
0.09273,0.26556,0.09090,0.44743,0.46161,-0.51983,0.56259,46.39600
0.09273,0.26546,0.09092,0.44749,0.46168,-0.51977,0.56253,46.49600
0.09274,0.26537,0.09094,0.44756,0.46176,-0.51971,0.56246,46.59600
0.09274,0.26527,0.09096,0.44763,0.46183,-0.51965,0.56240,46.69600
0.09275,0.26517,0.09098,0.44770,0.46191,-0.51959,0.56234,46.79600
0.09275,0.26507,0.09100,0.44777,0.46198,-0.51953,0.56228,46.89600
0.09276,0.26497,0.09100,0.44784,0.46205,-0.51947,0.56222,46.99600
0.09276,0.26487,0.09102,0.44790,0.46213,-0.51942,0.56216,47.09600
0.09277,0.26478,0.09104,0.44797,0.46220,-0.51936,0.56210,47.19600
0.09277,0.26468,0.09106,0.44804,0.46227,-0.51930,0.56204,47.29600
0.09278,0.26458,0.09108,0.44811,0.46235,-0.51924,0.56198,47.39600
0.09279,0.26448,0.09109,0.44817,0.46242,-0.51919,0.56193,47.49600
0.09279,0.26438,0.09111,0.44824,0.46249,-0.51913,0.56187,47.59600
0.09280,0.26428,0.09113,0.44831,0.46257,-0.51906,0.56180,47.69600
0.09280,0.26419,0.09115,0.44838,0.46264,-0.51901,0.56174,47.79600
0.09281,0.26409,0.09117,0.44845,0.46272,-0.51895,0.56168,47.89600
0.09281,0.26399,0.09118,0.44851,0.46279,-0.51889,0.56162,47.99600
0.09282,0.26389,0.09119,0.44858,0.46286,-0.51883,0.56156,48.09600
0.09282,0.26379,0.09121,0.44865,0.46293,-0.51877,0.56150,48.19600
0.09283,0.26369,0.09123,0.44872,0.46301,-0.51871,0.56144,48.29600
0.09283,0.26359,0.09125,0.44878,0.46308,-0.51866,0.56138,48.39600
0.09284,0.26350,0.09126,0.44885,0.46315,-0.51860,0.56132,48.49600
0.09284,0.26340,0.09128,0.44892,0.46323,-0.51854,0.56126,48.59600
0.09285,0.26330,0.09130,0.44898,0.46330,-0.51848,0.56120,48.69600
0.09286,0.26320,0.09132,0.44905,0.46337,-0.51842,0.56114,48.79600
0.09286,0.26310,0.09134,0.44912,0.46345,-0.51836,0.56108,48.89600
0.09287,0.26300,0.09135,0.44919,0.46352,-0.51830,0.56102,48.99600
0.09287,0.26291,0.09136,0.44926,0.46359,-0.51824,0.56095,49.09600
0.09288,0.26281,0.09138,0.44933,0.46367,-0.51819,0.56089,49.19600
0.09288,0.26271,0.09140,0.44939,0.46374,-0.51813,0.56083,49.29600
0.09289,0.26261,0.09141,0.44946,0.46381,-0.51807,0.56077,49.39600
0.09289,0.26251,0.09143,0.44953,0.46389,-0.51801,0.56071,49.49600
0.09290,0.26241,0.09145,0.44960,0.46396,-0.51795,0.56065,49.59600
0.09290,0.26232,0.09147,0.44966,0.46403,-0.51789,0.56059,49.69600
0.09291,0.26222,0.09148,0.44973,0.46411,-0.51783,0.56053,49.79600
0.09292,0.26212,0.09150,0.44980,0.46418,-0.51778,0.56047,49.89600
0.09292,0.26202,0.09152,0.44986,0.46425,-0.51772,0.56041,49.99600
0.09293,0.26192,0.09153,0.44993,0.46433,-0.51766,0.56035,50.09600
0.09293,0.26182,0.09154,0.45000,0.46440,-0.51760,0.56029,50.19600
0.09294,0.26172,0.09156,0.45007,0.46447,-0.51754,0.56023,50.29600
0.09294,0.26163,0.09158,0.45014,0.46455,-0.51748,0.56017,50.39600
0.09295,0.26153,0.09159,0.45020,0.46462,-0.51742,0.56011,50.49600
0.09295,0.26143,0.09161,0.45027,0.46469,-0.51736,0.56005,50.59600
0.09296,0.26133,0.09163,0.45034,0.46476,-0.51731,0.55999,50.69600
0.09296,0.26123,0.09165,0.45041,0.46484,-0.51725,0.55993,50.79600
0.09297,0.26113,0.09166,0.45047,0.46491,-0.51719,0.55986,50.89600
0.09298,0.26103,0.09168,0.45054,0.46498,-0.51713,0.55980,50.99600
0.09298,0.26094,0.09169,0.45061,0.46506,-0.51707,0.55974,51.09600
0.09299,0.26084,0.09170,0.45068,0.46513,-0.51701,0.55968,51.19600
0.09299,0.26074,0.09172,0.45074,0.46520,-0.51695,0.55962,51.29600
0.09300,0.26064,0.09174,0.45081,0.46528,-0.51689,0.55956,51.39600
0.09300,0.26054,0.09176,0.45088,0.46535,-0.51684,0.55950,51.49600
0.09301,0.26044,0.09177,0.45095,0.46542,-0.51678,0.55944,51.59600
0.09301,0.26035,0.09179,0.45101,0.46550,-0.51672,0.55938,51.69600
0.09302,0.26025,0.09181,0.45108,0.46557,-0.51666,0.55932,51.79600
0.09302,0.26015,0.09182,0.45115,0.46564,-0.51660,0.55926,51.89600
0.09303,0.26005,0.09184,0.45122,0.46571,-0.51654,0.55920,51.99600
0.09304,0.25995,0.09185,0.45128,0.46579,-0.51648,0.55914,52.09600
0.09304,0.25985,0.09186,0.45135,0.46586,-0.51642,0.55908,52.19600
0.09305,0.25975,0.09188,0.45142,0.46593,-0.51636,0.55901,52.29600
0.09305,0.25966,0.09190,0.45148,0.46601,-0.51631,0.55895,52.39600
0.09306,0.25956,0.09191,0.45155,0.46608,-0.51625,0.55889,52.49600
0.09306,0.25946,0.09193,0.45162,0.46615,-0.51619,0.55883,52.59600
0.09307,0.25936,0.09195,0.45169,0.46622,-0.51613,0.55877,52.69600
0.09307,0.25926,0.09197,0.45175,0.46630,-0.51607,0.55871,52.79600
0.09308,0.25916,0.09198,0.45182,0.46637,-0.51601,0.55865,52.89600
0.09309,0.25906,0.09200,0.45189,0.46644,-0.51595,0.55859,52.99600
0.09309,0.25896,0.09201,0.45196,0.46652,-0.51589,0.55853,53.09600
0.09310,0.25887,0.09202,0.45202,0.46659,-0.51583,0.55847,53.19600
0.09310,0.25877,0.09204,0.45209,0.46666,-0.51578,0.55841,53.29600
0.09311,0.25867,0.09205,0.45216,0.46673,-0.51572,0.55835,53.39600
0.09311,0.25857,0.09207,0.45222,0.46681,-0.51566,0.55828,53.49600
0.09312,0.25847,0.09209,0.45230,0.46689,-0.51559,0.55822,53.59600
0.09312,0.25837,0.09210,0.45236,0.46696,-0.51553,0.55816,53.69600
0.09313,0.25827,0.09212,0.45243,0.46703,-0.51548,0.55810,53.79600
0.09313,0.25818,0.09214,0.45250,0.46710,-0.51542,0.55804,53.89600
0.09314,0.25808,0.09215,0.45257,0.46718,-0.51536,0.55798,53.99600
0.09315,0.25798,0.09217,0.45263,0.46724,-0.51530,0.55792,54.09600
0.09315,0.25788,0.09218,0.45270,0.46732,-0.51524,0.55786,54.19600
0.09316,0.25778,0.09219,0.45276,0.46739,-0.51518,0.55780,54.29600
0.09316,0.25768,0.09221,0.45283,0.46746,-0.51513,0.55774,54.39600
0.09317,0.25758,0.09222,0.45290,0.46754,-0.51507,0.55767,54.49600
0.09317,0.25749,0.09224,0.45296,0.46761,-0.51501,0.55761,54.59600
0.09318,0.25739,0.09226,0.45303,0.46768,-0.51495,0.55755,54.69600
0.09318,0.25729,0.09227,0.45310,0.46775,-0.51489,0.55749,54.79600
0.09319,0.25719,0.09229,0.45317,0.46783,-0.51483,0.55743,54.89600
0.09319,0.25709,0.09231,0.45323,0.46790,-0.51477,0.55737,54.99600
0.09320,0.25699,0.09232,0.45330,0.46797,-0.51471,0.55731,55.09600
0.09321,0.25689,0.09233,0.45337,0.46804,-0.51465,0.55725,55.19600
0.09321,0.25679,0.09234,0.45343,0.46812,-0.51459,0.55719,55.29600
0.09322,0.25670,0.09236,0.45350,0.46819,-0.51453,0.55713,55.39600
0.09322,0.25660,0.09238,0.45357,0.46826,-0.51448,0.55706,55.49600
0.09323,0.25650,0.09239,0.45364,0.46833,-0.51442,0.55700,55.59600
0.09323,0.25640,0.09241,0.45370,0.46841,-0.51436,0.55694,55.69600
0.09324,0.25630,0.09242,0.45377,0.46848,-0.51430,0.55688,55.79600
0.09324,0.25620,0.09244,0.45384,0.46855,-0.51424,0.55682,55.89600
0.09325,0.25610,0.09246,0.45390,0.46862,-0.51418,0.55676,55.99600
0.09326,0.25600,0.09247,0.45397,0.46870,-0.51412,0.55670,56.09600
0.09326,0.25591,0.09248,0.45404,0.46877,-0.51406,0.55664,56.19600
0.09327,0.25581,0.09249,0.45411,0.46884,-0.51400,0.55658,56.29600
0.09327,0.25571,0.09251,0.45417,0.46892,-0.51394,0.55651,56.39600
0.09328,0.25561,0.09252,0.45424,0.46899,-0.51388,0.55645,56.49600
0.09328,0.25551,0.09254,0.45431,0.46907,-0.51382,0.55639,56.59600
0.09329,0.25541,0.09256,0.45438,0.46914,-0.51376,0.55633,56.69600
0.09329,0.25531,0.09257,0.45445,0.46921,-0.51370,0.55627,56.79600
0.09330,0.25521,0.09259,0.45451,0.46928,-0.51364,0.55620,56.89600
0.09330,0.25512,0.09260,0.45458,0.46936,-0.51358,0.55614,56.99600
0.09331,0.25502,0.09262,0.45465,0.46943,-0.51352,0.55608,57.09600
0.09332,0.25492,0.09262,0.45471,0.46950,-0.51346,0.55602,57.19600
0.09332,0.25482,0.09264,0.45478,0.46957,-0.51340,0.55596,57.29600
0.09333,0.25472,0.09266,0.45485,0.46965,-0.51335,0.55590,57.39600
0.09333,0.25462,0.09267,0.45491,0.46972,-0.51329,0.55584,57.49600
0.09334,0.25452,0.09269,0.45498,0.46979,-0.51323,0.55578,57.59600
0.09334,0.25442,0.09270,0.45505,0.46986,-0.51317,0.55571,57.69600
0.09335,0.25433,0.09272,0.45512,0.46994,-0.51311,0.55565,57.79600
0.09335,0.25423,0.09273,0.45518,0.47001,-0.51305,0.55559,57.89600
0.09336,0.25413,0.09275,0.45525,0.47008,-0.51299,0.55553,57.99600
0.09337,0.25403,0.09276,0.45532,0.47015,-0.51293,0.55547,58.09600
0.09337,0.25393,0.09277,0.45538,0.47023,-0.51287,0.55541,58.19600
0.09338,0.25383,0.09278,0.45545,0.47030,-0.51281,0.55535,58.29600
0.09338,0.25373,0.09280,0.45552,0.47037,-0.51275,0.55529,58.39600
0.09339,0.25363,0.09281,0.45558,0.47044,-0.51269,0.55522,58.49600
0.09339,0.25353,0.09283,0.45565,0.47052,-0.51263,0.55516,58.59600
0.09340,0.25344,0.09284,0.45572,0.47059,-0.51257,0.55510,58.69600
0.09340,0.25334,0.09286,0.45578,0.47066,-0.51251,0.55504,58.79600
0.09341,0.25324,0.09287,0.45585,0.47073,-0.51245,0.55498,58.89600
0.09342,0.25314,0.09289,0.45592,0.47081,-0.51240,0.55492,58.99600
0.09342,0.25304,0.09290,0.45598,0.47088,-0.51234,0.55486,59.09600
0.09343,0.25294,0.09292,0.45605,0.47095,-0.51228,0.55479,59.19600
0.09343,0.25284,0.09292,0.45612,0.47102,-0.51222,0.55473,59.29600
0.09344,0.25274,0.09294,0.45618,0.47109,-0.51216,0.55467,59.39600
0.09344,0.25265,0.09295,0.45625,0.47117,-0.51210,0.55461,59.49600
0.09345,0.25255,0.09297,0.45632,0.47124,-0.51204,0.55455,59.59600
0.09345,0.25245,0.09298,0.45638,0.47131,-0.51198,0.55449,59.69600
0.09346,0.25235,0.09300,0.45645,0.47138,-0.51192,0.55443,59.79600
0.09347,0.25225,0.09301,0.45652,0.47146,-0.51186,0.55436,59.89600
0.09347,0.25215,0.09303,0.45659,0.47153,-0.51180,0.55430,59.99600
0.09348,0.25205,0.09304,0.45665,0.47160,-0.51174,0.55424,60.09600
0.09348,0.25195,0.09306,0.45672,0.47167,-0.51168,0.55418,60.19600
0.09349,0.25185,0.09306,0.45679,0.47174,-0.51162,0.55412,60.29600
0.09349,0.25176,0.09308,0.45685,0.47182,-0.51156,0.55406,60.39600
0.09350,0.25166,0.09309,0.45692,0.47189,-0.51150,0.55400,60.49600
0.09350,0.25156,0.09311,0.45699,0.47196,-0.51144,0.55393,60.59600
0.09351,0.25146,0.09312,0.45706,0.47204,-0.51138,0.55387,60.69600
0.09352,0.25136,0.09314,0.45712,0.47211,-0.51132,0.55381,60.79600
0.09352,0.25126,0.09315,0.45719,0.47218,-0.51126,0.55374,60.89600
0.09353,0.25116,0.09317,0.45726,0.47226,-0.51120,0.55368,60.99600
0.09353,0.25106,0.09318,0.45732,0.47233,-0.51114,0.55362,61.09600
0.09354,0.25096,0.09320,0.45739,0.47240,-0.51108,0.55356,61.19600
0.09354,0.25086,0.09320,0.45746,0.47247,-0.51102,0.55350,61.29600
0.09355,0.25077,0.09321,0.45752,0.47254,-0.51096,0.55344,61.39600
0.09355,0.25067,0.09323,0.45759,0.47262,-0.51090,0.55337,61.49600
0.09356,0.25057,0.09324,0.45766,0.47269,-0.51084,0.55331,61.59600
0.09356,0.25047,0.09326,0.45772,0.47276,-0.51078,0.55325,61.69600
0.09357,0.25037,0.09327,0.45779,0.47283,-0.51072,0.55319,61.79600
0.09358,0.25027,0.09329,0.45786,0.47291,-0.51066,0.55313,61.89600
0.09358,0.25017,0.09330,0.45792,0.47298,-0.51060,0.55307,61.99600
0.09359,0.25007,0.09331,0.45799,0.47305,-0.51054,0.55301,62.09600
0.09359,0.24997,0.09333,0.45805,0.47312,-0.51049,0.55295,62.19600
0.09360,0.24988,0.09333,0.45812,0.47319,-0.51043,0.55289,62.29600
0.09360,0.24978,0.09335,0.45818,0.47326,-0.51037,0.55283,62.39600
0.09361,0.24968,0.09336,0.45825,0.47333,-0.51031,0.55276,62.49600
0.09361,0.24958,0.09338,0.45832,0.47340,-0.51025,0.55270,62.59600
0.09362,0.24948,0.09339,0.45838,0.47348,-0.51019,0.55264,62.69600
0.09363,0.24938,0.09340,0.45845,0.47355,-0.51013,0.55258,62.79600
0.09363,0.24928,0.09342,0.45852,0.47362,-0.51007,0.55252,62.89600
0.09364,0.24918,0.09343,0.45858,0.47369,-0.51001,0.55245,62.99600
0.09364,0.24908,0.09345,0.45865,0.47377,-0.50995,0.55239,63.09600
0.09365,0.24898,0.09346,0.45872,0.47384,-0.50989,0.55233,63.19600
0.09365,0.24889,0.09346,0.45879,0.47391,-0.50983,0.55226,63.29600
0.09366,0.24879,0.09348,0.45885,0.47399,-0.50977,0.55220,63.39600
0.09367,0.24869,0.09349,0.45892,0.47406,-0.50971,0.55214,63.49600
0.09367,0.24859,0.09351,0.45899,0.47413,-0.50965,0.55208,63.59600
0.09368,0.24849,0.09352,0.45905,0.47420,-0.50959,0.55202,63.69600
0.09368,0.24839,0.09353,0.45912,0.47427,-0.50953,0.55196,63.79600
0.09369,0.24829,0.09355,0.45919,0.47434,-0.50947,0.55189,63.89600
0.09369,0.24819,0.09356,0.45925,0.47442,-0.50941,0.55183,63.99600
0.09370,0.24809,0.09358,0.45932,0.47449,-0.50935,0.55177,64.09600
0.09370,0.24799,0.09359,0.45938,0.47456,-0.50929,0.55171,64.19600
0.09371,0.24789,0.09359,0.45945,0.47463,-0.50923,0.55165,64.29600
0.09371,0.24780,0.09361,0.45952,0.47470,-0.50917,0.55158,64.39600
0.09372,0.24770,0.09362,0.45958,0.47478,-0.50911,0.55152,64.49600
0.09373,0.24760,0.09363,0.45965,0.47485,-0.50905,0.55146,64.59600
0.09373,0.24750,0.09365,0.45972,0.47492,-0.50899,0.55140,64.69600
0.09374,0.24740,0.09366,0.45979,0.47500,-0.50893,0.55133,64.79600
0.09374,0.24730,0.09367,0.45985,0.47507,-0.50887,0.55127,64.89600
0.09375,0.24720,0.09369,0.45992,0.47514,-0.50881,0.55121,64.99600
0.09375,0.24710,0.09370,0.45998,0.47521,-0.50875,0.55115,65.09600
0.09376,0.24700,0.09372,0.46005,0.47528,-0.50869,0.55109,65.19600
0.09377,0.24690,0.09372,0.46011,0.47535,-0.50863,0.55103,65.29600
0.09377,0.24680,0.09373,0.46018,0.47542,-0.50857,0.55097,65.39600
0.09378,0.24671,0.09375,0.46025,0.47549,-0.50851,0.55090,65.49600
0.09378,0.24661,0.09376,0.46031,0.47557,-0.50845,0.55084,65.59600
0.09379,0.24651,0.09377,0.46038,0.47564,-0.50839,0.55078,65.69600
0.09379,0.24641,0.09379,0.46045,0.47571,-0.50833,0.55072,65.79600
0.09380,0.24631,0.09380,0.46051,0.47578,-0.50827,0.55066,65.89600
0.09380,0.24621,0.09381,0.46058,0.47585,-0.50821,0.55059,65.99600
0.09381,0.24611,0.09383,0.46065,0.47593,-0.50815,0.55053,66.09600
0.09382,0.24601,0.09384,0.46072,0.47600,-0.50809,0.55047,66.19600
0.09382,0.24591,0.09385,0.46078,0.47607,-0.50803,0.55040,66.29600
0.09383,0.24581,0.09385,0.46085,0.47615,-0.50797,0.55034,66.39600
0.09383,0.24571,0.09387,0.46091,0.47622,-0.50791,0.55028,66.49600
0.09384,0.24562,0.09388,0.46098,0.47629,-0.50785,0.55022,66.59600
0.09384,0.24552,0.09389,0.46105,0.47636,-0.50779,0.55015,66.69600
0.09385,0.24542,0.09391,0.46111,0.47643,-0.50773,0.55009,66.79600
0.09385,0.24532,0.09392,0.46118,0.47650,-0.50767,0.55003,66.89600
0.09386,0.24522,0.09393,0.46124,0.47657,-0.50761,0.54997,66.99600
0.09387,0.24512,0.09395,0.46131,0.47664,-0.50755,0.54991,67.09600
0.09387,0.24502,0.09396,0.46137,0.47671,-0.50749,0.54985,67.19600
0.09388,0.24492,0.09397,0.46144,0.47679,-0.50743,0.54978,67.29600
0.09388,0.24482,0.09398,0.46151,0.47686,-0.50736,0.54972,67.39600
0.09389,0.24472,0.09399,0.46158,0.47693,-0.50730,0.54966,67.49600
0.09389,0.24462,0.09400,0.46164,0.47701,-0.50724,0.54960,67.59600
0.09390,0.24452,0.09401,0.46171,0.47708,-0.50718,0.54953,67.69600
0.09390,0.24443,0.09403,0.46177,0.47715,-0.50712,0.54947,67.79600
0.09391,0.24433,0.09404,0.46184,0.47722,-0.50706,0.54941,67.89600
0.09392,0.24423,0.09405,0.46191,0.47729,-0.50700,0.54935,67.99600
0.09392,0.24413,0.09407,0.46197,0.47736,-0.50694,0.54929,68.09600
0.09393,0.24403,0.09408,0.46204,0.47744,-0.50688,0.54922,68.19600
0.09393,0.24393,0.09409,0.46210,0.47751,-0.50682,0.54916,68.29600
0.09394,0.24383,0.09409,0.46217,0.47758,-0.50676,0.54909,68.39600
0.09394,0.24373,0.09411,0.46224,0.47765,-0.50670,0.54904,68.49600
0.09395,0.24363,0.09412,0.46230,0.47772,-0.50664,0.54897,68.59600
0.09396,0.24353,0.09413,0.46237,0.47779,-0.50658,0.54891,68.69600
0.09396,0.24343,0.09414,0.46243,0.47786,-0.50652,0.54885,68.79600
0.09397,0.24333,0.09416,0.46250,0.47794,-0.50646,0.54879,68.89600
0.09397,0.24324,0.09417,0.46257,0.47801,-0.50640,0.54873,68.99600
0.09398,0.24314,0.09418,0.46263,0.47808,-0.50634,0.54866,69.09600
0.09398,0.24304,0.09419,0.46270,0.47815,-0.50628,0.54860,69.19600
0.09399,0.24294,0.09421,0.46277,0.47823,-0.50622,0.54853,69.29600
0.09399,0.24284,0.09421,0.46283,0.47830,-0.50616,0.54847,69.39600
0.09400,0.24274,0.09422,0.46290,0.47837,-0.50610,0.54841,69.49600
0.09401,0.24264,0.09423,0.46297,0.47844,-0.50604,0.54835,69.59600
0.09401,0.24254,0.09425,0.46303,0.47851,-0.50598,0.54828,69.69600
0.09402,0.24244,0.09426,0.46309,0.47858,-0.50592,0.54823,69.79600
0.09402,0.24234,0.09427,0.46316,0.47865,-0.50586,0.54816,69.89600
0.09403,0.24224,0.09428,0.46322,0.47872,-0.50580,0.54810,69.99600
0.09403,0.24214,0.09429,0.46329,0.47879,-0.50574,0.54804,70.09600
0.09404,0.24204,0.09431,0.46336,0.47887,-0.50567,0.54797,70.19600
0.09405,0.24195,0.09432,0.46343,0.47894,-0.50561,0.54791,70.29600
0.09405,0.24185,0.09432,0.46349,0.47901,-0.50555,0.54785,70.39600
0.09406,0.24175,0.09433,0.46356,0.47908,-0.50549,0.54779,70.49600
0.09406,0.24165,0.09435,0.46363,0.47916,-0.50543,0.54772,70.59600
0.09407,0.24155,0.09436,0.46369,0.47923,-0.50537,0.54766,70.69600
0.09407,0.24145,0.09437,0.46376,0.47930,-0.50531,0.54760,70.79600
0.09408,0.24135,0.09438,0.46382,0.47936,-0.50526,0.54754,70.89600
0.09408,0.24125,0.09439,0.46389,0.47944,-0.50519,0.54747,70.99600
0.09409,0.24115,0.09441,0.46395,0.47951,-0.50513,0.54741,71.09600
0.09410,0.24105,0.09442,0.46402,0.47958,-0.50507,0.54735,71.19600
0.09410,0.24095,0.09443,0.46409,0.47965,-0.50501,0.54729,71.29600
0.09411,0.24085,0.09443,0.46415,0.47973,-0.50495,0.54722,71.39600
0.09411,0.24075,0.09444,0.46422,0.47980,-0.50489,0.54716,71.49600
0.09412,0.24065,0.09445,0.46428,0.47987,-0.50483,0.54710,71.59600
0.09412,0.24056,0.09447,0.46435,0.47994,-0.50477,0.54704,71.69600
0.09413,0.24046,0.09448,0.46442,0.48002,-0.50470,0.54697,71.79600
0.09414,0.24036,0.09449,0.46449,0.48009,-0.50464,0.54691,71.89600
0.09414,0.24026,0.09450,0.46455,0.48015,-0.50459,0.54685,71.99600
0.09415,0.24016,0.09451,0.46461,0.48022,-0.50453,0.54679,72.09600
0.09415,0.24006,0.09453,0.46468,0.48030,-0.50446,0.54672,72.19600
0.09416,0.23996,0.09454,0.46474,0.48037,-0.50440,0.54666,72.29600
0.09416,0.23986,0.09454,0.46481,0.48044,-0.50434,0.54660,72.39600
0.09417,0.23976,0.09455,0.46487,0.48051,-0.50428,0.54654,72.49600
0.09418,0.23966,0.09456,0.46494,0.48059,-0.50422,0.54647,72.59600
0.09418,0.23956,0.09457,0.46501,0.48066,-0.50416,0.54641,72.69600
0.09419,0.23946,0.09458,0.46508,0.48073,-0.50410,0.54634,72.79600
0.09419,0.23936,0.09460,0.46514,0.48079,-0.50404,0.54629,72.89600
0.09420,0.23926,0.09461,0.46520,0.48086,-0.50398,0.54622,72.99600
0.09420,0.23916,0.09462,0.46527,0.48094,-0.50392,0.54616,73.09600
0.09421,0.23907,0.09463,0.46533,0.48101,-0.50386,0.54610,73.19600
0.09421,0.23897,0.09464,0.46540,0.48108,-0.50379,0.54603,73.29600
0.09422,0.23887,0.09465,0.46547,0.48115,-0.50373,0.54597,73.39600
0.09423,0.23877,0.09465,0.46554,0.48123,-0.50367,0.54590,73.49600
0.09423,0.23867,0.09467,0.46560,0.48130,-0.50361,0.54584,73.59600
0.09424,0.23857,0.09468,0.46567,0.48137,-0.50355,0.54578,73.69600
0.09424,0.23847,0.09469,0.46573,0.48143,-0.50350,0.54572,73.79600
0.09425,0.23837,0.09470,0.46579,0.48150,-0.50344,0.54566,73.89600
0.09425,0.23827,0.09471,0.46586,0.48158,-0.50337,0.54559,73.99600
0.09426,0.23817,0.09472,0.46593,0.48165,-0.50331,0.54553,74.09600
0.09427,0.23807,0.09473,0.46599,0.48172,-0.50325,0.54547,74.19600
0.09427,0.23797,0.09474,0.46606,0.48179,-0.50319,0.54540,74.29600
0.09428,0.23787,0.09476,0.46613,0.48187,-0.50313,0.54534,74.39600
0.09428,0.23777,0.09476,0.46619,0.48194,-0.50307,0.54528,74.49600
0.09429,0.23767,0.09477,0.46626,0.48201,-0.50300,0.54521,74.59600
0.09429,0.23757,0.09478,0.46632,0.48208,-0.50295,0.54515,74.69600
0.09430,0.23748,0.09479,0.46639,0.48215,-0.50288,0.54509,74.79600
0.09430,0.23738,0.09480,0.46645,0.48222,-0.50282,0.54503,74.89600
0.09431,0.23728,0.09481,0.46652,0.48229,-0.50276,0.54496,74.99600
0.09432,0.23718,0.09482,0.46658,0.48236,-0.50270,0.54490,75.09600
0.09432,0.23708,0.09483,0.46665,0.48244,-0.50264,0.54483,75.19600
0.09433,0.23698,0.09484,0.46672,0.48251,-0.50258,0.54477,75.29600
0.09433,0.23688,0.09486,0.46679,0.48258,-0.50251,0.54471,75.39600
0.09434,0.23678,0.09486,0.46685,0.48265,-0.50246,0.54465,75.49600
0.09434,0.23668,0.09487,0.46691,0.48272,-0.50240,0.54459,75.59600
0.09435,0.23658,0.09488,0.46698,0.48279,-0.50234,0.54452,75.69600
0.09436,0.23648,0.09489,0.46704,0.48286,-0.50228,0.54446,75.79600
0.09436,0.23638,0.09490,0.46711,0.48293,-0.50221,0.54439,75.89600
0.09437,0.23628,0.09491,0.46718,0.48301,-0.50215,0.54433,75.99600
0.09437,0.23618,0.09492,0.46724,0.48308,-0.50209,0.54427,76.09600
0.09438,0.23608,0.09493,0.46730,0.48314,-0.50203,0.54421,76.19600
0.09438,0.23598,0.09494,0.46737,0.48321,-0.50197,0.54415,76.29600
0.09439,0.23588,0.09495,0.46744,0.48329,-0.50191,0.54408,76.39600
0.09440,0.23579,0.09495,0.46750,0.48336,-0.50185,0.54402,76.49600
0.09440,0.23569,0.09496,0.46757,0.48343,-0.50179,0.54395,76.59600
0.09441,0.23559,0.09497,0.46764,0.48350,-0.50172,0.54389,76.69600
0.09441,0.23549,0.09498,0.46770,0.48357,-0.50166,0.54383,76.79600
0.09442,0.23539,0.09499,0.46777,0.48364,-0.50160,0.54376,76.89600
0.09442,0.23529,0.09501,0.46783,0.48371,-0.50154,0.54370,76.99600
0.09443,0.23519,0.09502,0.46790,0.48378,-0.50148,0.54364,77.09600
0.09444,0.23509,0.09503,0.46796,0.48385,-0.50142,0.54358,77.19600
0.09444,0.23499,0.09504,0.46803,0.48393,-0.50136,0.54351,77.29600
0.09445,0.23489,0.09505,0.46809,0.48400,-0.50130,0.54345,77.39600
0.09445,0.23479,0.09505,0.46816,0.48407,-0.50124,0.54339,77.49600
0.09446,0.23469,0.09506,0.46823,0.48414,-0.50117,0.54332,77.59600
0.09446,0.23459,0.09507,0.46829,0.48421,-0.50112,0.54326,77.69600
0.09447,0.23449,0.09508,0.46835,0.48428,-0.50105,0.54320,77.79600
0.09448,0.23439,0.09509,0.46842,0.48435,-0.50099,0.54313,77.89600
0.09448,0.23429,0.09510,0.46848,0.48442,-0.50093,0.54307,77.99600
0.09449,0.23419,0.09511,0.46855,0.48450,-0.50087,0.54300,78.09600
0.09449,0.23409,0.09512,0.46862,0.48457,-0.50081,0.54294,78.19600
0.09450,0.23399,0.09513,0.46868,0.48463,-0.50075,0.54288,78.29600
0.09450,0.23390,0.09514,0.46874,0.48470,-0.50069,0.54282,78.39600
0.09451,0.23380,0.09514,0.46881,0.48477,-0.50063,0.54276,78.49600
0.09451,0.23370,0.09515,0.46888,0.48485,-0.50056,0.54269,78.59600
0.09452,0.23360,0.09516,0.46894,0.48492,-0.50050,0.54263,78.69600
0.09453,0.23350,0.09517,0.46901,0.48499,-0.50044,0.54256,78.79600
0.09453,0.23340,0.09518,0.46908,0.48506,-0.50038,0.54250,78.89600
0.09454,0.23330,0.09519,0.46913,0.48513,-0.50032,0.54244,78.99600
0.09454,0.23320,0.09520,0.46920,0.48520,-0.50026,0.54237,79.09600
0.09455,0.23310,0.09521,0.46927,0.48527,-0.50020,0.54231,79.19600
0.09455,0.23300,0.09522,0.46934,0.48534,-0.50013,0.54225,79.29600
0.09456,0.23290,0.09523,0.46940,0.48542,-0.50007,0.54218,79.39600
0.09457,0.23281,0.09523,0.46947,0.48549,-0.50001,0.54212,79.49600
0.09457,0.23271,0.09524,0.46953,0.48555,-0.49996,0.54206,79.59600
0.09458,0.23261,0.09525,0.46960,0.48563,-0.49989,0.54199,79.69600
0.09458,0.23251,0.09526,0.46966,0.48570,-0.49983,0.54193,79.79600
0.09459,0.23241,0.09527,0.46973,0.48577,-0.49977,0.54187,79.89600
0.09459,0.23231,0.09528,0.46979,0.48584,-0.49971,0.54180,79.99600
0.09460,0.23221,0.09529,0.46986,0.48591,-0.49964,0.54174,80.09600
0.09461,0.23211,0.09530,0.46992,0.48598,-0.49958,0.54168,80.19600
0.09461,0.23201,0.09530,0.46999,0.48605,-0.49952,0.54161,80.29600
0.09462,0.23192,0.09531,0.47005,0.48612,-0.49946,0.54155,80.39600
0.09462,0.23182,0.09531,0.47012,0.48619,-0.49940,0.54149,80.49600
0.09463,0.23172,0.09532,0.47019,0.48627,-0.49933,0.54142,80.59600
0.09463,0.23162,0.09533,0.47025,0.48634,-0.49927,0.54136,80.69600
0.09464,0.23152,0.09534,0.47031,0.48640,-0.49922,0.54130,80.79600
0.09465,0.23142,0.09535,0.47038,0.48647,-0.49916,0.54123,80.89600
0.09465,0.23132,0.09536,0.47044,0.48654,-0.49909,0.54117,80.99600
0.09466,0.23122,0.09537,0.47051,0.48662,-0.49903,0.54110,81.09600
0.09466,0.23112,0.09538,0.47058,0.48669,-0.49897,0.54104,81.19600
0.09467,0.23102,0.09539,0.47064,0.48676,-0.49891,0.54098,81.29600
0.09467,0.23092,0.09540,0.47070,0.48682,-0.49885,0.54092,81.39600
0.09468,0.23082,0.09540,0.47077,0.48690,-0.49879,0.54085,81.49600
0.09469,0.23072,0.09541,0.47084,0.48697,-0.49872,0.54079,81.59600
0.09469,0.23062,0.09542,0.47090,0.48704,-0.49866,0.54072,81.69600
0.09470,0.23052,0.09543,0.47097,0.48711,-0.49860,0.54066,81.79600
0.09470,0.23042,0.09543,0.47103,0.48718,-0.49854,0.54060,81.89600
0.09471,0.23032,0.09544,0.47109,0.48725,-0.49848,0.54053,81.99600
0.09471,0.23022,0.09545,0.47116,0.48732,-0.49842,0.54047,82.09600
0.09472,0.23012,0.09546,0.47122,0.48739,-0.49835,0.54041,82.19600
0.09473,0.23002,0.09547,0.47129,0.48746,-0.49829,0.54034,82.29600
0.09473,0.22992,0.09548,0.47135,0.48753,-0.49823,0.54028,82.39600
0.09474,0.22982,0.09549,0.47142,0.48760,-0.49817,0.54022,82.49600
0.09474,0.22972,0.09549,0.47148,0.48767,-0.49811,0.54015,82.59600
0.09475,0.22962,0.09550,0.47155,0.48774,-0.49805,0.54009,82.69600
0.09475,0.22953,0.09551,0.47161,0.48781,-0.49799,0.54002,82.79600
0.09476,0.22943,0.09551,0.47168,0.48789,-0.49792,0.53996,82.89600
0.09477,0.22933,0.09552,0.47174,0.48796,-0.49786,0.53990,82.99600
0.09477,0.22923,0.09553,0.47181,0.48803,-0.49780,0.53983,83.09600
0.09478,0.22913,0.09554,0.47187,0.48810,-0.49774,0.53977,83.19600
0.09478,0.22903,0.09555,0.47194,0.48817,-0.49767,0.53970,83.29600
0.09479,0.22893,0.09556,0.47201,0.48824,-0.49761,0.53964,83.39600
0.09479,0.22883,0.09557,0.47207,0.48831,-0.49755,0.53958,83.49600
0.09480,0.22873,0.09557,0.47213,0.48838,-0.49750,0.53952,83.59600
0.09481,0.22863,0.09557,0.47220,0.48845,-0.49743,0.53945,83.69600
0.09481,0.22853,0.09558,0.47227,0.48852,-0.49737,0.53938,83.79600
0.09482,0.22843,0.09559,0.47233,0.48859,-0.49731,0.53932,83.89600
0.09482,0.22833,0.09560,0.47240,0.48866,-0.49724,0.53926,83.99600
0.09483,0.22823,0.09561,0.47246,0.48873,-0.49719,0.53920,84.09600
0.09483,0.22813,0.09562,0.47252,0.48880,-0.49712,0.53913,84.19600
0.09484,0.22803,0.09563,0.47259,0.48887,-0.49706,0.53907,84.29600
0.09485,0.22793,0.09564,0.47265,0.48894,-0.49700,0.53900,84.39600
0.09485,0.22783,0.09564,0.47272,0.48901,-0.49694,0.53894,84.49600
0.09486,0.22773,0.09564,0.47278,0.48908,-0.49688,0.53888,84.59600
0.09486,0.22763,0.09565,0.47285,0.48915,-0.49681,0.53881,84.69600
0.09487,0.22753,0.09566,0.47291,0.48922,-0.49675,0.53875,84.79600
0.09487,0.22743,0.09567,0.47298,0.48929,-0.49669,0.53868,84.89600
0.09488,0.22733,0.09568,0.47305,0.48937,-0.49662,0.53862,84.99600
0.09489,0.22723,0.09568,0.47311,0.48943,-0.49657,0.53856,85.09600
0.09489,0.22713,0.09569,0.47317,0.48950,-0.49651,0.53849,85.19600
0.09490,0.22703,0.09570,0.47324,0.48957,-0.49644,0.53843,85.29600
0.09490,0.22693,0.09571,0.47331,0.48965,-0.49638,0.53836,85.39600
0.09491,0.22684,0.09572,0.47337,0.48971,-0.49632,0.53830,85.49600
0.09491,0.22674,0.09572,0.47343,0.48978,-0.49626,0.53824,85.59600
0.09492,0.22664,0.09572,0.47349,0.48985,-0.49620,0.53818,85.69600
0.09493,0.22654,0.09573,0.47356,0.48993,-0.49613,0.53811,85.79600
0.09493,0.22644,0.09574,0.47363,0.49000,-0.49607,0.53804,85.89600
0.09494,0.22634,0.09575,0.47369,0.49006,-0.49601,0.53798,85.99600
0.09494,0.22624,0.09576,0.47375,0.49013,-0.49595,0.53792,86.09600
0.09495,0.22614,0.09576,0.47382,0.49021,-0.49589,0.53785,86.19600
0.09495,0.22604,0.09577,0.47389,0.49028,-0.49582,0.53779,86.29600
0.09496,0.22594,0.09578,0.47395,0.49035,-0.49576,0.53772,86.39600
0.09497,0.22584,0.09579,0.47402,0.49042,-0.49570,0.53766,86.49600
0.09497,0.22574,0.09579,0.47408,0.49049,-0.49564,0.53760,86.59600
0.09498,0.22564,0.09579,0.47414,0.49056,-0.49558,0.53753,86.69600
0.09498,0.22554,0.09580,0.47421,0.49063,-0.49552,0.53747,86.79600
0.09499,0.22544,0.09581,0.47427,0.49070,-0.49545,0.53741,86.89600
0.09499,0.22534,0.09582,0.47434,0.49077,-0.49539,0.53734,86.99600
0.09500,0.22524,0.09582,0.47440,0.49084,-0.49533,0.53728,87.09600
0.09501,0.22514,0.09583,0.47447,0.49091,-0.49527,0.53721,87.19600
0.09501,0.22504,0.09584,0.47454,0.49098,-0.49520,0.53714,87.29600
0.09502,0.22494,0.09585,0.47460,0.49105,-0.49515,0.53709,87.39600
0.09502,0.22484,0.09586,0.47466,0.49112,-0.49508,0.53702,87.49600
0.09503,0.22474,0.09585,0.47472,0.49119,-0.49502,0.53696,87.59600
0.09504,0.22464,0.09586,0.47479,0.49126,-0.49496,0.53689,87.69600
0.09504,0.22454,0.09587,0.47485,0.49133,-0.49490,0.53683,87.79600
0.09505,0.22444,0.09588,0.47492,0.49140,-0.49484,0.53677,87.89600
0.09505,0.22434,0.09588,0.47499,0.49147,-0.49477,0.53670,87.99600
0.09506,0.22424,0.09589,0.47505,0.49154,-0.49471,0.53663,88.09600
0.09506,0.22414,0.09590,0.47512,0.49161,-0.49465,0.53657,88.19600
0.09507,0.22404,0.09591,0.47517,0.49168,-0.49459,0.53651,88.29600
0.09508,0.22394,0.09591,0.47524,0.49175,-0.49452,0.53644,88.39600
0.09508,0.22384,0.09592,0.47531,0.49182,-0.49446,0.53638,88.49600
0.09509,0.22374,0.09592,0.47537,0.49189,-0.49440,0.53631,88.59600
0.09509,0.22365,0.09593,0.47543,0.49196,-0.49434,0.53625,88.69600
0.09510,0.22355,0.09593,0.47550,0.49203,-0.49428,0.53619,88.79600
0.09510,0.22345,0.09594,0.47557,0.49210,-0.49421,0.53612,88.89600
0.09511,0.22335,0.09595,0.47563,0.49217,-0.49415,0.53606,88.99600
0.09512,0.22325,0.09596,0.47569,0.49224,-0.49409,0.53599,89.09600
0.09512,0.22315,0.09596,0.47576,0.49231,-0.49403,0.53593,89.19600
0.09513,0.22305,0.09597,0.47582,0.49238,-0.49397,0.53587,89.29600
0.09513,0.22295,0.09598,0.47589,0.49245,-0.49390,0.53580,89.39600
0.09514,0.22285,0.09598,0.47595,0.49252,-0.49384,0.53574,89.49600
0.09514,0.22275,0.09598,0.47602,0.49259,-0.49378,0.53567,89.59600
0.09515,0.22265,0.09599,0.47608,0.49266,-0.49372,0.53561,89.69600
0.09516,0.22255,0.09600,0.47615,0.49273,-0.49365,0.53554,89.79600
0.09516,0.22245,0.09600,0.47621,0.49280,-0.49359,0.53548,89.89600
0.09517,0.22235,0.09601,0.47627,0.49287,-0.49353,0.53542,89.99600
0.09517,0.22225,0.09602,0.47634,0.49294,-0.49347,0.53535,90.09600
0.09518,0.22215,0.09602,0.47641,0.49301,-0.49340,0.53528,90.19600
0.09518,0.22205,0.09603,0.47647,0.49308,-0.49335,0.53522,90.29600
0.09519,0.22195,0.09604,0.47653,0.49315,-0.49328,0.53516,90.39600
0.09520,0.22185,0.09604,0.47660,0.49322,-0.49322,0.53509,90.49600
0.09520,0.22175,0.09604,0.47666,0.49329,-0.49316,0.53503,90.59600
0.09521,0.22165,0.09605,0.47672,0.49336,-0.49310,0.53497,90.69600
0.09521,0.22155,0.09606,0.47679,0.49343,-0.49303,0.53490,90.79600
0.09522,0.22146,0.09606,0.47685,0.49350,-0.49297,0.53483,90.89600
0.09523,0.22136,0.09607,0.47692,0.49357,-0.49291,0.53477,90.99600
0.09523,0.22126,0.09608,0.47698,0.49364,-0.49285,0.53471,91.09600
0.09524,0.22116,0.09608,0.47705,0.49371,-0.49278,0.53464,91.19600
0.09524,0.22106,0.09609,0.47711,0.49378,-0.49272,0.53458,91.29600
0.09525,0.22096,0.09610,0.47718,0.49385,-0.49266,0.53451,91.39600
0.09525,0.22086,0.09610,0.47724,0.49392,-0.49260,0.53445,91.49600
0.09526,0.22076,0.09610,0.47730,0.49399,-0.49254,0.53439,91.59600
0.09527,0.22066,0.09611,0.47737,0.49406,-0.49247,0.53432,91.69600
0.09527,0.22056,0.09611,0.47744,0.49413,-0.49241,0.53425,91.79600
0.09528,0.22046,0.09612,0.47750,0.49420,-0.49235,0.53419,91.89600
0.09528,0.22036,0.09613,0.47756,0.49426,-0.49229,0.53413,91.99600
0.09529,0.22026,0.09613,0.47763,0.49434,-0.49222,0.53406,92.09600
0.09529,0.22016,0.09614,0.47769,0.49441,-0.49216,0.53399,92.19600
0.09530,0.22006,0.09615,0.47775,0.49447,-0.49210,0.53394,92.29600
0.09531,0.21996,0.09615,0.47782,0.49455,-0.49203,0.53387,92.39600
0.09531,0.21986,0.09616,0.47788,0.49462,-0.49197,0.53380,92.49600
0.09532,0.21976,0.09615,0.47795,0.49469,-0.49191,0.53374,92.59600
0.09532,0.21966,0.09616,0.47801,0.49475,-0.49185,0.53368,92.69600
0.09533,0.21956,0.09617,0.47808,0.49483,-0.49179,0.53361,92.79600
0.09534,0.21946,0.09617,0.47814,0.49489,-0.49172,0.53354,92.89600
0.09534,0.21937,0.09618,0.47820,0.49496,-0.49167,0.53348,92.99600
0.09535,0.21927,0.09619,0.47827,0.49503,-0.49160,0.53342,93.09600
0.09535,0.21917,0.09619,0.47833,0.49510,-0.49154,0.53335,93.19600
0.09536,0.21907,0.09620,0.47840,0.49517,-0.49147,0.53329,93.29600
0.09536,0.21897,0.09620,0.47846,0.49524,-0.49141,0.53322,93.39600
0.09537,0.21887,0.09621,0.47852,0.49531,-0.49135,0.53316,93.49600
0.09538,0.21877,0.09622,0.47859,0.49538,-0.49129,0.53309,93.59600
0.09538,0.21867,0.09621,0.47866,0.49546,-0.49122,0.53302,93.69600
0.09539,0.21857,0.09622,0.47872,0.49552,-0.49116,0.53296,93.79600
0.09539,0.21847,0.09622,0.47878,0.49559,-0.49110,0.53290,93.89600
0.09540,0.21837,0.09623,0.47885,0.49566,-0.49103,0.53283,93.99600
0.09540,0.21827,0.09624,0.47891,0.49573,-0.49098,0.53277,94.09600
0.09541,0.21817,0.09624,0.47897,0.49580,-0.49091,0.53271,94.19600
0.09542,0.21807,0.09625,0.47904,0.49587,-0.49085,0.53264,94.29600
0.09542,0.21797,0.09625,0.47910,0.49594,-0.49078,0.53257,94.39600
0.09543,0.21787,0.09626,0.47916,0.49600,-0.49073,0.53251,94.49600
0.09543,0.21777,0.09627,0.47923,0.49608,-0.49066,0.53244,94.59600
0.09544,0.21767,0.09626,0.47930,0.49615,-0.49060,0.53238,94.69600
0.09544,0.21757,0.09627,0.47935,0.49621,-0.49054,0.53232,94.79600
0.09545,0.21747,0.09627,0.47942,0.49629,-0.49047,0.53225,94.89600
0.09546,0.21737,0.09628,0.47949,0.49636,-0.49041,0.53219,94.99600
0.09546,0.21727,0.09629,0.47955,0.49642,-0.49035,0.53212,95.09600
0.09547,0.21717,0.09629,0.47961,0.49649,-0.49029,0.53206,95.19600
0.09547,0.21707,0.09630,0.47968,0.49656,-0.49022,0.53199,95.29600
0.09548,0.21697,0.09630,0.47974,0.49663,-0.49016,0.53193,95.39600
0.09549,0.21687,0.09631,0.47981,0.49670,-0.49010,0.53186,95.49600
0.09549,0.21677,0.09631,0.47987,0.49677,-0.49004,0.53180,95.59600
0.09550,0.21667,0.09631,0.47993,0.49684,-0.48997,0.53173,95.69600
0.09550,0.21657,0.09631,0.48000,0.49691,-0.48991,0.53166,95.79600
0.09551,0.21647,0.09632,0.48006,0.49698,-0.48985,0.53160,95.89600
0.09551,0.21637,0.09633,0.48012,0.49705,-0.48979,0.53154,95.99600
0.09552,0.21627,0.09633,0.48019,0.49712,-0.48972,0.53147,96.09600
0.09553,0.21617,0.09634,0.48025,0.49719,-0.48966,0.53141,96.19600
0.09553,0.21607,0.09634,0.48032,0.49725,-0.48960,0.53135,96.29600
0.09554,0.21597,0.09635,0.48038,0.49733,-0.48953,0.53128,96.39600
0.09554,0.21587,0.09635,0.48044,0.49739,-0.48947,0.53122,96.49600
0.09555,0.21577,0.09636,0.48051,0.49747,-0.48941,0.53115,96.59600
0.09556,0.21567,0.09635,0.48057,0.49754,-0.48934,0.53108,96.69600
0.09556,0.21557,0.09636,0.48064,0.49761,-0.48928,0.53102,96.79600
0.09557,0.21547,0.09636,0.48070,0.49767,-0.48922,0.53095,96.89600
0.09557,0.21537,0.09637,0.48077,0.49774,-0.48916,0.53089,96.99600
0.09558,0.21527,0.09637,0.48083,0.49781,-0.48909,0.53082,97.09600
0.09558,0.21517,0.09638,0.48089,0.49788,-0.48903,0.53076,97.19600
0.09559,0.21507,0.09638,0.48096,0.49795,-0.48897,0.53069,97.29600
0.09560,0.21497,0.09639,0.48102,0.49802,-0.48891,0.53063,97.39600
0.09560,0.21487,0.09639,0.48108,0.49809,-0.48884,0.53056,97.49600
0.09561,0.21477,0.09640,0.48115,0.49816,-0.48878,0.53050,97.59600
0.09561,0.21467,0.09639,0.48121,0.49823,-0.48872,0.53043,97.69600
0.09562,0.21457,0.09640,0.48127,0.49830,-0.48866,0.53037,97.79600
0.09563,0.21447,0.09640,0.48134,0.49836,-0.48859,0.53030,97.89600
0.09563,0.21437,0.09641,0.48141,0.49844,-0.48853,0.53023,97.99600
0.09564,0.21427,0.09641,0.48147,0.49851,-0.48846,0.53017,98.09600
0.09564,0.21417,0.09642,0.48153,0.49857,-0.48841,0.53011,98.19600
0.09565,0.21407,0.09642,0.48160,0.49865,-0.48834,0.53004,98.29600
0.09565,0.21397,0.09643,0.48166,0.49871,-0.48828,0.52998,98.39600
0.09566,0.21387,0.09643,0.48172,0.49878,-0.48822,0.52992,98.49600
0.09567,0.21377,0.09644,0.48179,0.49885,-0.48815,0.52985,98.59600
0.09567,0.21367,0.09643,0.48185,0.49892,-0.48809,0.52978,98.69600
0.09568,0.21357,0.09644,0.48191,0.49898,-0.48803,0.52972,98.79600
0.09568,0.21347,0.09644,0.48198,0.49906,-0.48796,0.52965,98.89600
0.09569,0.21337,0.09645,0.48204,0.49913,-0.48790,0.52959,98.99600
0.09570,0.21327,0.09645,0.48210,0.49920,-0.48784,0.52952,99.09600
0.09570,0.21317,0.09646,0.48217,0.49927,-0.48777,0.52946,99.19600
0.09571,0.21307,0.09646,0.48223,0.49933,-0.48771,0.52939,99.29600
0.09571,0.21297,0.09647,0.48229,0.49940,-0.48765,0.52933,99.39600
0.09572,0.21288,0.09647,0.48236,0.49947,-0.48759,0.52926,99.49600
0.09572,0.21278,0.09648,0.48242,0.49954,-0.48752,0.52920,99.59600
0.09573,0.21268,0.09647,0.48248,0.49961,-0.48746,0.52913,99.69600
0.09574,0.21258,0.09647,0.48255,0.49968,-0.48740,0.52907,99.79600
0.09574,0.21249,0.09648,0.48262,0.49975,-0.48733,0.52900,99.89600
0.09575,0.21239,0.09648,0.48267,0.49982,-0.48727,0.52894,99.99600
0.09575,0.21229,0.09649,0.48274,0.49988,-0.48721,0.52887,100.09600
0.09576,0.21219,0.09649,0.48281,0.49996,-0.48714,0.52880,100.19600
0.09576,0.21209,0.09650,0.48287,0.50002,-0.48708,0.52874,100.29600
0.09577,0.21199,0.09650,0.48293,0.50010,-0.48702,0.52867,100.39600
0.09578,0.21189,0.09651,0.48300,0.50017,-0.48695,0.52861,100.49600
0.09578,0.21179,0.09651,0.48306,0.50023,-0.48690,0.52855,100.59600
0.09579,0.21169,0.09650,0.48312,0.50030,-0.48683,0.52848,100.69600
0.09579,0.21159,0.09651,0.48319,0.50037,-0.48677,0.52841,100.79600
0.09580,0.21149,0.09651,0.48324,0.50043,-0.48671,0.52835,100.89600
0.09581,0.21139,0.09652,0.48331,0.50051,-0.48664,0.52828,100.99600
0.09581,0.21129,0.09652,0.48338,0.50058,-0.48658,0.52822,101.09600
0.09582,0.21119,0.09652,0.48344,0.50065,-0.48651,0.52815,101.19600
0.09582,0.21109,0.09653,0.48350,0.50071,-0.48645,0.52809,101.29600
0.09583,0.21099,0.09653,0.48357,0.50078,-0.48639,0.52802,101.39600
0.09583,0.21089,0.09654,0.48363,0.50085,-0.48633,0.52796,101.49600
0.09584,0.21079,0.09654,0.48369,0.50092,-0.48626,0.52789,101.59600
0.09585,0.21069,0.09654,0.48376,0.50099,-0.48619,0.52782,101.69600
0.09585,0.21059,0.09654,0.48382,0.50106,-0.48614,0.52776,101.79600
0.09586,0.21049,0.09654,0.48388,0.50113,-0.48607,0.52770,101.89600
0.09586,0.21039,0.09655,0.48395,0.50120,-0.48601,0.52763,101.99600
0.09587,0.21029,0.09655,0.48401,0.50126,-0.48595,0.52757,102.09600
0.09588,0.21019,0.09655,0.48408,0.50134,-0.48588,0.52749,102.19600
0.09588,0.21009,0.09656,0.48414,0.50141,-0.48582,0.52743,102.29600
0.09589,0.20999,0.09656,0.48420,0.50147,-0.48576,0.52737,102.39600
0.09589,0.20989,0.09657,0.48427,0.50154,-0.48569,0.52730,102.49600
0.09590,0.20979,0.09657,0.48433,0.50161,-0.48563,0.52723,102.59600
0.09591,0.20969,0.09656,0.48439,0.50168,-0.48557,0.52717,102.69600
0.09591,0.20959,0.09657,0.48446,0.50175,-0.48550,0.52710,102.79600
0.09592,0.20949,0.09657,0.48451,0.50181,-0.48544,0.52704,102.89600
0.09592,0.20939,0.09657,0.48458,0.50189,-0.48538,0.52697,102.99600
0.09593,0.20929,0.09658,0.48464,0.50195,-0.48531,0.52691,103.09600
0.09593,0.20919,0.09658,0.48471,0.50202,-0.48525,0.52684,103.19600
0.09594,0.20909,0.09659,0.48477,0.50209,-0.48519,0.52678,103.29600
0.09595,0.20899,0.09659,0.48483,0.50216,-0.48512,0.52671,103.39600
0.09595,0.20889,0.09659,0.48490,0.50223,-0.48506,0.52665,103.49600
0.09596,0.20879,0.09660,0.48496,0.50230,-0.48500,0.52658,103.59600
0.09596,0.20869,0.09660,0.48503,0.50237,-0.48493,0.52651,103.69600
0.09597,0.20859,0.09659,0.48509,0.50243,-0.48487,0.52645,103.79600
0.09598,0.20849,0.09660,0.48515,0.50251,-0.48480,0.52638,103.89600
0.09598,0.20839,0.09660,0.48522,0.50258,-0.48474,0.52632,103.99600
0.09599,0.20829,0.09660,0.48528,0.50264,-0.48468,0.52625,104.09600
0.09599,0.20819,0.09661,0.48534,0.50271,-0.48461,0.52618,104.19600
0.09600,0.20809,0.09661,0.48540,0.50278,-0.48456,0.52612,104.29600
0.09600,0.20799,0.09661,0.48547,0.50285,-0.48449,0.52605,104.39600
0.09601,0.20789,0.09662,0.48553,0.50292,-0.48443,0.52599,104.49600
0.09602,0.20779,0.09662,0.48559,0.50298,-0.48437,0.52593,104.59600
0.09602,0.20769,0.09662,0.48566,0.50305,-0.48430,0.52586,104.69600
0.09603,0.20759,0.09662,0.48572,0.50312,-0.48424,0.52579,104.79600
0.09603,0.20749,0.09662,0.48578,0.50319,-0.48417,0.52573,104.89600
0.09604,0.20739,0.09662,0.48585,0.50326,-0.48411,0.52566,104.99600
0.09605,0.20729,0.09663,0.48591,0.50333,-0.48404,0.52559,105.09600
0.09605,0.20719,0.09663,0.48597,0.50340,-0.48398,0.52553,105.19600
0.09606,0.20709,0.09663,0.48604,0.50346,-0.48392,0.52546,105.29600
0.09606,0.20699,0.09663,0.48610,0.50353,-0.48386,0.52540,105.39600
0.09607,0.20689,0.09664,0.48616,0.50360,-0.48379,0.52533,105.49600
0.09608,0.20679,0.09664,0.48623,0.50368,-0.48373,0.52526,105.59600
0.09608,0.20669,0.09664,0.48629,0.50374,-0.48367,0.52520,105.69600
0.09609,0.20659,0.09664,0.48636,0.50381,-0.48360,0.52513,105.79600
0.09609,0.20649,0.09664,0.48642,0.50388,-0.48354,0.52507,105.89600
0.09610,0.20639,0.09664,0.48648,0.50394,-0.48348,0.52501,105.99600
0.09610,0.20629,0.09665,0.48654,0.50402,-0.48341,0.52494,106.09600
0.09611,0.20619,0.09665,0.48660,0.50408,-0.48335,0.52488,106.19600
0.09612,0.20609,0.09665,0.48667,0.50415,-0.48328,0.52480,106.29600
0.09612,0.20599,0.09665,0.48673,0.50422,-0.48322,0.52474,106.39600
0.09613,0.20589,0.09666,0.48680,0.50429,-0.48316,0.52467,106.49600
0.09613,0.20580,0.09666,0.48686,0.50436,-0.48309,0.52461,106.59600
0.09614,0.20570,0.09666,0.48692,0.50442,-0.48303,0.52455,106.69600
0.09615,0.20560,0.09665,0.48698,0.50449,-0.48297,0.52448,106.79600
0.09615,0.20550,0.09666,0.48705,0.50456,-0.48290,0.52441,106.89600
0.09616,0.20540,0.09666,0.48711,0.50463,-0.48284,0.52435,106.99600
0.09616,0.20530,0.09666,0.48717,0.50470,-0.48278,0.52428,107.09600
0.09617,0.20520,0.09667,0.48724,0.50477,-0.48271,0.52421,107.19600
0.09618,0.20510,0.09667,0.48730,0.50483,-0.48265,0.52415,107.29600
0.09618,0.20500,0.09667,0.48737,0.50491,-0.48258,0.52408,107.39600
0.09619,0.20490,0.09667,0.48742,0.50497,-0.48252,0.52402,107.49600
0.09619,0.20480,0.09668,0.48749,0.50504,-0.48246,0.52395,107.59600
0.09620,0.20470,0.09668,0.48755,0.50511,-0.48239,0.52388,107.69600
0.09620,0.20460,0.09667,0.48761,0.50518,-0.48233,0.52382,107.79600
0.09621,0.20450,0.09667,0.48768,0.50525,-0.48226,0.52375,107.89600
0.09622,0.20440,0.09667,0.48774,0.50531,-0.48221,0.52369,107.99600
0.09622,0.20430,0.09668,0.48780,0.50538,-0.48214,0.52362,108.09600
0.09623,0.20420,0.09668,0.48787,0.50545,-0.48207,0.52355,108.19600
0.09623,0.20410,0.09668,0.48793,0.50552,-0.48201,0.52349,108.29600
0.09624,0.20400,0.09668,0.48799,0.50559,-0.48195,0.52342,108.39600
0.09625,0.20390,0.09669,0.48805,0.50566,-0.48188,0.52336,108.49600
0.09625,0.20380,0.09669,0.48812,0.50573,-0.48182,0.52329,108.59600
0.09626,0.20370,0.09669,0.48818,0.50579,-0.48176,0.52322,108.69600
0.09626,0.20360,0.09668,0.48824,0.50586,-0.48169,0.52316,108.79600
0.09627,0.20350,0.09668,0.48831,0.50593,-0.48163,0.52309,108.89600
0.09628,0.20340,0.09669,0.48837,0.50600,-0.48157,0.52303,108.99600
0.09628,0.20330,0.09669,0.48843,0.50607,-0.48150,0.52296,109.09600
0.09629,0.20320,0.09669,0.48850,0.50614,-0.48143,0.52289,109.19600
0.09629,0.20310,0.09669,0.48856,0.50620,-0.48138,0.52283,109.29600
0.09630,0.20300,0.09669,0.48862,0.50627,-0.48131,0.52276,109.39600
0.09630,0.20290,0.09670,0.48868,0.50634,-0.48125,0.52270,109.49600
0.09631,0.20280,0.09670,0.48875,0.50641,-0.48118,0.52263,109.59600
0.09632,0.20270,0.09670,0.48881,0.50648,-0.48112,0.52256,109.69600
0.09632,0.20260,0.09669,0.48887,0.50654,-0.48106,0.52250,109.79600
0.09633,0.20250,0.09669,0.48894,0.50661,-0.48099,0.52243,109.89600
0.09633,0.20240,0.09670,0.48899,0.50668,-0.48093,0.52237,109.99600
0.09634,0.20230,0.09670,0.48906,0.50675,-0.48086,0.52230,110.09600
0.09635,0.20220,0.09670,0.48912,0.50681,-0.48080,0.52224,110.19600
0.09635,0.20210,0.09670,0.48919,0.50689,-0.48074,0.52217,110.29600
0.09636,0.20200,0.09670,0.48925,0.50695,-0.48067,0.52210,110.39600
0.09636,0.20190,0.09671,0.48931,0.50702,-0.48061,0.52203,110.49600
0.09637,0.20180,0.09671,0.48937,0.50709,-0.48055,0.52197,110.59600
0.09638,0.20170,0.09671,0.48944,0.50716,-0.48048,0.52190,110.69600
0.09638,0.20160,0.09670,0.48950,0.50723,-0.48042,0.52184,110.79600
0.09639,0.20150,0.09670,0.48957,0.50730,-0.48035,0.52177,110.89600
0.09639,0.20140,0.09670,0.48962,0.50736,-0.48029,0.52170,110.99600
0.09640,0.20130,0.09670,0.48969,0.50743,-0.48022,0.52163,111.09600
0.09641,0.20120,0.09671,0.48975,0.50750,-0.48016,0.52157,111.19600
0.09641,0.20110,0.09671,0.48982,0.50757,-0.48009,0.52150,111.29600
0.09642,0.20100,0.09671,0.48987,0.50763,-0.48004,0.52144,111.39600
0.09642,0.20090,0.09671,0.48994,0.50770,-0.47997,0.52137,111.49600
0.09643,0.20080,0.09671,0.49000,0.50777,-0.47990,0.52130,111.59600
0.09643,0.20070,0.09671,0.49006,0.50784,-0.47984,0.52124,111.69600
0.09644,0.20060,0.09670,0.49013,0.50791,-0.47978,0.52117,111.79600
0.09645,0.20050,0.09671,0.49018,0.50797,-0.47972,0.52111,111.89600
0.09645,0.20040,0.09671,0.49025,0.50804,-0.47965,0.52104,111.99600
0.09646,0.20030,0.09671,0.49031,0.50811,-0.47959,0.52098,112.09600
0.09646,0.20020,0.09671,0.49038,0.50818,-0.47952,0.52091,112.19600
0.09647,0.20010,0.09671,0.49044,0.50825,-0.47946,0.52084,112.29600
0.09648,0.20000,0.09671,0.49050,0.50831,-0.47939,0.52077,112.39600
0.09648,0.19990,0.09671,0.49056,0.50838,-0.47933,0.52071,112.49600
0.09649,0.19980,0.09671,0.49063,0.50845,-0.47927,0.52064,112.59600
0.09649,0.19970,0.09672,0.49069,0.50852,-0.47920,0.52058,112.69600
0.09650,0.19960,0.09671,0.49075,0.50859,-0.47914,0.52051,112.79600
0.09651,0.19951,0.09671,0.49081,0.50865,-0.47907,0.52044,112.89600
0.09651,0.19941,0.09671,0.49088,0.50872,-0.47901,0.52038,112.99600
0.09652,0.19931,0.09671,0.49094,0.50879,-0.47895,0.52031,113.09600
0.09652,0.19921,0.09671,0.49100,0.50886,-0.47888,0.52024,113.19600
0.09653,0.19911,0.09671,0.49106,0.50892,-0.47882,0.52018,113.29600
0.09654,0.19901,0.09671,0.49113,0.50900,-0.47875,0.52011,113.39600
0.09654,0.19891,0.09671,0.49119,0.50906,-0.47869,0.52005,113.49600
0.09655,0.19881,0.09672,0.49125,0.50913,-0.47862,0.51998,113.59600
0.09655,0.19871,0.09672,0.49131,0.50919,-0.47856,0.51992,113.69600
0.09656,0.19861,0.09671,0.49138,0.50927,-0.47850,0.51984,113.79600
0.09656,0.19851,0.09671,0.49144,0.50933,-0.47843,0.51978,113.89600
0.09657,0.19841,0.09671,0.49150,0.50940,-0.47837,0.51971,113.99600
0.09658,0.19831,0.09671,0.49156,0.50947,-0.47830,0.51965,114.09600
0.09658,0.19821,0.09671,0.49163,0.50954,-0.47824,0.51958,114.19600
0.09659,0.19811,0.09671,0.49169,0.50960,-0.47818,0.51951,114.29600
0.09659,0.19801,0.09671,0.49175,0.50967,-0.47811,0.51945,114.39600
0.09660,0.19791,0.09671,0.49181,0.50974,-0.47805,0.51938,114.49600
0.09661,0.19781,0.09671,0.49188,0.50981,-0.47798,0.51931,114.59600
0.09661,0.19771,0.09671,0.49194,0.50987,-0.47792,0.51925,114.69600
0.09662,0.19761,0.09671,0.49200,0.50994,-0.47786,0.51918,114.79600
0.09662,0.19751,0.09670,0.49206,0.51001,-0.47779,0.51912,114.89600
0.09663,0.19741,0.09670,0.49213,0.51008,-0.47772,0.51904,114.99600
0.09664,0.19731,0.09671,0.49219,0.51014,-0.47766,0.51898,115.09600
0.09664,0.19721,0.09671,0.49225,0.51022,-0.47760,0.51891,115.19600
0.09665,0.19711,0.09671,0.49231,0.51028,-0.47754,0.51885,115.29600
0.09665,0.19701,0.09671,0.49238,0.51035,-0.47747,0.51878,115.39600
0.09666,0.19691,0.09671,0.49243,0.51041,-0.47741,0.51872,115.49600
0.09667,0.19681,0.09671,0.49250,0.51049,-0.47734,0.51865,115.59600
0.09667,0.19671,0.09671,0.49256,0.51055,-0.47728,0.51858,115.69600
0.09668,0.19661,0.09671,0.49262,0.51062,-0.47721,0.51851,115.79600
0.09668,0.19651,0.09670,0.49269,0.51069,-0.47715,0.51845,115.89600
0.09669,0.19641,0.09670,0.49275,0.51076,-0.47708,0.51838,115.99600
0.09670,0.19631,0.09670,0.49281,0.51082,-0.47702,0.51831,116.09600
0.09670,0.19621,0.09670,0.49287,0.51089,-0.47695,0.51825,116.19600
0.09671,0.19611,0.09670,0.49294,0.51096,-0.47689,0.51818,116.29600
0.09671,0.19601,0.09670,0.49300,0.51103,-0.47683,0.51811,116.39600
0.09672,0.19591,0.09670,0.49306,0.51110,-0.47676,0.51804,116.49600
0.09673,0.19581,0.09670,0.49312,0.51116,-0.47670,0.51798,116.59600
0.09673,0.19571,0.09670,0.49319,0.51123,-0.47663,0.51791,116.69600
0.09674,0.19561,0.09670,0.49324,0.51130,-0.47657,0.51785,116.79600
0.09674,0.19551,0.09669,0.49331,0.51137,-0.47650,0.51778,116.89600
0.09675,0.19541,0.09669,0.49337,0.51143,-0.47644,0.51772,116.99600
0.09675,0.19531,0.09669,0.49344,0.51150,-0.47637,0.51764,117.09600
0.09676,0.19521,0.09669,0.49349,0.51156,-0.47631,0.51758,117.19600
0.09677,0.19511,0.09669,0.49356,0.51164,-0.47624,0.51751,117.29600
0.09677,0.19501,0.09669,0.49362,0.51170,-0.47619,0.51745,117.39600
0.09678,0.19491,0.09669,0.49368,0.51177,-0.47612,0.51738,117.49600
0.09678,0.19481,0.09669,0.49374,0.51183,-0.47606,0.51732,117.59600
0.09679,0.19471,0.09669,0.49381,0.51191,-0.47599,0.51724,117.69600
0.09680,0.19461,0.09669,0.49387,0.51197,-0.47592,0.51718,117.79600
0.09680,0.19451,0.09668,0.49393,0.51204,-0.47586,0.51711,117.89600
0.09681,0.19441,0.09668,0.49399,0.51211,-0.47580,0.51705,117.99600
0.09681,0.19431,0.09668,0.49405,0.51218,-0.47573,0.51698,118.09600
0.09682,0.19421,0.09668,0.49412,0.51225,-0.47566,0.51691,118.19600
0.09683,0.19411,0.09668,0.49418,0.51231,-0.47560,0.51685,118.29600
0.09683,0.19401,0.09668,0.49424,0.51238,-0.47553,0.51677,118.39600
0.09684,0.19392,0.09668,0.49430,0.51244,-0.47547,0.51671,118.49600
0.09684,0.19382,0.09668,0.49437,0.51252,-0.47540,0.51664,118.59600
0.09685,0.19372,0.09668,0.49443,0.51258,-0.47535,0.51658,118.69600
0.09686,0.19362,0.09668,0.49449,0.51265,-0.47528,0.51651,118.79600
0.09686,0.19352,0.09667,0.49455,0.51271,-0.47522,0.51645,118.89600
0.09687,0.19342,0.09666,0.49462,0.51278,-0.47515,0.51637,118.99600
0.09687,0.19332,0.09666,0.49468,0.51285,-0.47508,0.51631,119.09600
0.09688,0.19322,0.09666,0.49474,0.51292,-0.47502,0.51624,119.19600
0.09689,0.19312,0.09666,0.49480,0.51299,-0.47495,0.51617,119.29600
0.09689,0.19302,0.09666,0.49486,0.51305,-0.47489,0.51611,119.39600
0.09690,0.19292,0.09666,0.49492,0.51312,-0.47483,0.51604,119.49600
0.09690,0.19282,0.09666,0.49499,0.51319,-0.47476,0.51597,119.59600
0.09691,0.19272,0.09666,0.49505,0.51325,-0.47470,0.51591,119.69600
0.09692,0.19262,0.09666,0.49511,0.51332,-0.47463,0.51584,119.79600
0.09692,0.19252,0.09665,0.49517,0.51339,-0.47457,0.51577,119.89600
0.09693,0.19242,0.09665,0.49523,0.51346,-0.47450,0.51571,119.99600
0.09693,0.19232,0.09665,0.49529,0.51352,-0.47444,0.51564,120.09600
0.09694,0.19222,0.09665,0.49536,0.51359,-0.47437,0.51557,120.19600
0.09695,0.19212,0.09665,0.49542,0.51366,-0.47431,0.51551,120.29600
0.09695,0.19202,0.09664,0.49548,0.51373,-0.47424,0.51543,120.39600
0.09696,0.19192,0.09664,0.49554,0.51379,-0.47418,0.51537,120.49600
0.09696,0.19182,0.09664,0.49561,0.51386,-0.47411,0.51530,120.59600
0.09697,0.19172,0.09664,0.49566,0.51392,-0.47405,0.51524,120.69600
0.09698,0.19162,0.09664,0.49573,0.51400,-0.47398,0.51517,120.79600
0.09698,0.19152,0.09663,0.49579,0.51406,-0.47392,0.51511,120.89600
0.09699,0.19142,0.09663,0.49585,0.51413,-0.47386,0.51503,120.99600
0.09699,0.19132,0.09663,0.49592,0.51420,-0.47379,0.51497,121.09600
0.09700,0.19122,0.09663,0.49598,0.51426,-0.47373,0.51490,121.19600
0.09700,0.19112,0.09663,0.49604,0.51433,-0.47366,0.51483,121.29600
0.09701,0.19102,0.09662,0.49610,0.51440,-0.47360,0.51477,121.39600
0.09702,0.19092,0.09662,0.49616,0.51447,-0.47353,0.51470,121.49600
0.09702,0.19082,0.09662,0.49622,0.51453,-0.47347,0.51463,121.59600
0.09703,0.19072,0.09662,0.49628,0.51460,-0.47340,0.51457,121.69600
0.09703,0.19062,0.09662,0.49635,0.51467,-0.47333,0.51449,121.79600
0.09704,0.19052,0.09661,0.49641,0.51473,-0.47327,0.51443,121.89600
0.09705,0.19042,0.09661,0.49647,0.51480,-0.47321,0.51436,121.99600
0.09705,0.19032,0.09661,0.49653,0.51487,-0.47315,0.51430,122.09600
0.09706,0.19022,0.09660,0.49660,0.51494,-0.47308,0.51423,122.19600
0.09706,0.19012,0.09660,0.49665,0.51500,-0.47302,0.51416,122.29600
0.09707,0.19002,0.09660,0.49672,0.51507,-0.47295,0.51410,122.39600
0.09708,0.18992,0.09660,0.49678,0.51514,-0.47288,0.51403,122.49600
0.09708,0.18982,0.09660,0.49684,0.51520,-0.47282,0.51396,122.59600
0.09709,0.18972,0.09660,0.49690,0.51527,-0.47275,0.51389,122.69600
0.09709,0.18962,0.09660,0.49696,0.51533,-0.47269,0.51383,122.79600
0.09710,0.18952,0.09658,0.49703,0.51541,-0.47262,0.51376,122.89600
0.09711,0.18942,0.09658,0.49708,0.51547,-0.47256,0.51370,122.99600
0.09711,0.18932,0.09658,0.49715,0.51554,-0.47249,0.51362,123.09600
0.09712,0.18922,0.09658,0.49721,0.51561,-0.47243,0.51356,123.19600
0.09712,0.18912,0.09658,0.49727,0.51567,-0.47237,0.51349,123.29600
0.09713,0.18902,0.09658,0.49733,0.51574,-0.47230,0.51342,123.39600
0.09714,0.18892,0.09657,0.49740,0.51581,-0.47224,0.51335,123.49600
0.09714,0.18883,0.09657,0.49746,0.51587,-0.47217,0.51329,123.59600
0.09715,0.18873,0.09657,0.49752,0.51595,-0.47210,0.51322,123.69600
0.09715,0.18863,0.09657,0.49758,0.51601,-0.47204,0.51315,123.79600
0.09716,0.18853,0.09656,0.49765,0.51608,-0.47197,0.51308,123.89600
0.09717,0.18843,0.09656,0.49770,0.51614,-0.47191,0.51302,123.99600
0.09717,0.18833,0.09655,0.49777,0.51621,-0.47184,0.51295,124.09600
0.09718,0.18823,0.09655,0.49783,0.51627,-0.47178,0.51289,124.19600
0.09718,0.18813,0.09655,0.49789,0.51634,-0.47172,0.51282,124.29600
0.09719,0.18803,0.09655,0.49795,0.51641,-0.47165,0.51275,124.39600
0.09720,0.18793,0.09655,0.49801,0.51647,-0.47159,0.51268,124.49600
0.09720,0.18783,0.09654,0.49808,0.51655,-0.47152,0.51261,124.59600
0.09721,0.18773,0.09654,0.49813,0.51661,-0.47146,0.51255,124.69600
0.09721,0.18763,0.09654,0.49820,0.51668,-0.47139,0.51248,124.79600
0.09722,0.18753,0.09653,0.49826,0.51675,-0.47133,0.51241,124.89600
0.09723,0.18743,0.09653,0.49832,0.51681,-0.47126,0.51234,124.99600
0.09723,0.18733,0.09652,0.49838,0.51688,-0.47120,0.51228,125.09600
0.09724,0.18723,0.09652,0.49844,0.51695,-0.47113,0.51221,125.19600
0.09724,0.18713,0.09652,0.49850,0.51701,-0.47107,0.51214,125.29600
0.09725,0.18703,0.09652,0.49857,0.51708,-0.47100,0.51207,125.39600
0.09726,0.18693,0.09652,0.49863,0.51715,-0.47094,0.51201,125.49600
0.09726,0.18683,0.09651,0.49869,0.51721,-0.47087,0.51194,125.59600
0.09727,0.18673,0.09651,0.49875,0.51728,-0.47081,0.51187,125.69600
0.09727,0.18663,0.09651,0.49881,0.51734,-0.47074,0.51181,125.79600
0.09728,0.18653,0.09651,0.49888,0.51742,-0.47067,0.51173,125.89600
0.09729,0.18643,0.09649,0.49893,0.51748,-0.47061,0.51167,125.99600
0.09729,0.18633,0.09649,0.49900,0.51755,-0.47054,0.51160,126.09600
0.09730,0.18623,0.09649,0.49906,0.51761,-0.47048,0.51154,126.19600
0.09730,0.18613,0.09649,0.49912,0.51768,-0.47041,0.51146,126.29600
0.09731,0.18603,0.09648,0.49918,0.51775,-0.47035,0.51140,126.39600
0.09732,0.18593,0.09648,0.49924,0.51781,-0.47029,0.51133,126.49600
0.09732,0.18583,0.09648,0.49930,0.51788,-0.47022,0.51126,126.59600
0.09733,0.18573,0.09648,0.49936,0.51794,-0.47016,0.51120,126.69600
0.09733,0.18563,0.09647,0.49943,0.51801,-0.47009,0.51113,126.79600
0.09734,0.18553,0.09647,0.49949,0.51808,-0.47002,0.51106,126.89600
0.09735,0.18543,0.09646,0.49955,0.51815,-0.46996,0.51099,126.99600
0.09735,0.18533,0.09646,0.49961,0.51821,-0.46989,0.51092,127.09600
0.09736,0.18523,0.09645,0.49967,0.51828,-0.46983,0.51086,127.19600
0.09736,0.18513,0.09645,0.49973,0.51835,-0.46976,0.51079,127.29600
0.09737,0.18503,0.09645,0.49979,0.51841,-0.46970,0.51072,127.39600
0.09738,0.18493,0.09645,0.49985,0.51848,-0.46963,0.51066,127.49600
0.09738,0.18483,0.09644,0.49992,0.51855,-0.46957,0.51059,127.59600
0.09739,0.18473,0.09644,0.49998,0.51862,-0.46950,0.51052,127.69600
0.09739,0.18463,0.09644,0.50004,0.51868,-0.46944,0.51045,127.79600
0.09740,0.18453,0.09643,0.50010,0.51875,-0.46937,0.51038,127.89600
0.09741,0.18443,0.09642,0.50016,0.51881,-0.46931,0.51032,127.99600
0.09741,0.18433,0.09642,0.50023,0.51888,-0.46924,0.51025,128.09600
0.09742,0.18423,0.09642,0.50029,0.51895,-0.46917,0.51018,128.19600
0.09742,0.18413,0.09641,0.50034,0.51901,-0.46911,0.51012,128.29600
0.09743,0.18404,0.09641,0.50041,0.51908,-0.46904,0.51004,128.39600
0.09744,0.18394,0.09641,0.50047,0.51915,-0.46898,0.50998,128.49600
0.09744,0.18384,0.09640,0.50053,0.51921,-0.46891,0.50991,128.59600
0.09745,0.18374,0.09640,0.50059,0.51928,-0.46885,0.50984,128.69600
0.09745,0.18364,0.09640,0.50065,0.51935,-0.46878,0.50977,128.79600
0.09746,0.18354,0.09639,0.50071,0.51941,-0.46872,0.50971,128.89600
0.09747,0.18344,0.09638,0.50077,0.51948,-0.46865,0.50964,128.99600
0.09747,0.18334,0.09638,0.50083,0.51955,-0.46859,0.50957,129.09600
0.09748,0.18324,0.09638,0.50090,0.51961,-0.46852,0.50950,129.19600
0.09748,0.18314,0.09637,0.50096,0.51968,-0.46845,0.50943,129.29600
0.09749,0.18304,0.09637,0.50102,0.51974,-0.46839,0.50937,129.39600
0.09750,0.18294,0.09637,0.50108,0.51981,-0.46833,0.50930,129.49600
0.09750,0.18284,0.09636,0.50114,0.51988,-0.46826,0.50923,129.59600
0.09751,0.18274,0.09636,0.50120,0.51994,-0.46820,0.50916,129.69600
0.09751,0.18264,0.09636,0.50127,0.52001,-0.46813,0.50909,129.79600
0.09752,0.18254,0.09635,0.50132,0.52008,-0.46807,0.50903,129.89600
0.09753,0.18244,0.09634,0.50139,0.52015,-0.46800,0.50896,129.99600
0.09753,0.18234,0.09634,0.50145,0.52021,-0.46793,0.50889,130.09600
0.09754,0.18224,0.09633,0.50150,0.52027,-0.46787,0.50883,130.19600
0.09754,0.18214,0.09633,0.50157,0.52035,-0.46780,0.50875,130.29600
0.09755,0.18204,0.09632,0.50163,0.52041,-0.46774,0.50869,130.39600
0.09756,0.18194,0.09632,0.50169,0.52048,-0.46767,0.50862,130.49600
0.09756,0.18184,0.09632,0.50175,0.52054,-0.46760,0.50855,130.59600
0.09757,0.18174,0.09631,0.50181,0.52061,-0.46754,0.50849,130.69600
0.09757,0.18164,0.09631,0.50187,0.52068,-0.46747,0.50842,130.79600
0.09758,0.18154,0.09631,0.50193,0.52074,-0.46741,0.50835,130.89600
0.09759,0.18144,0.09629,0.50200,0.52081,-0.46734,0.50828,130.99600
0.09759,0.18134,0.09629,0.50206,0.52087,-0.46728,0.50821,131.09600
0.09760,0.18124,0.09629,0.50212,0.52094,-0.46721,0.50814,131.19600
0.09760,0.18114,0.09628,0.50218,0.52101,-0.46715,0.50808,131.29600
0.09761,0.18104,0.09628,0.50224,0.52107,-0.46708,0.50801,131.39600
0.09762,0.18094,0.09627,0.50230,0.52114,-0.46701,0.50794,131.49600
0.09762,0.18084,0.09627,0.50236,0.52120,-0.46695,0.50787,131.59600
0.09763,0.18074,0.09627,0.50243,0.52128,-0.46688,0.50780,131.69600
0.09764,0.18064,0.09626,0.50249,0.52134,-0.46682,0.50773,131.79600
0.09764,0.18054,0.09626,0.50254,0.52140,-0.46676,0.50767,131.89600
0.09765,0.18044,0.09625,0.50261,0.52147,-0.46669,0.50760,131.99600
0.09765,0.18034,0.09624,0.50267,0.52154,-0.46662,0.50753,132.09600
0.09766,0.18024,0.09624,0.50272,0.52160,-0.46656,0.50747,132.19600
0.09767,0.18014,0.09623,0.50279,0.52167,-0.46649,0.50739,132.29600
0.09767,0.18004,0.09623,0.50285,0.52174,-0.46642,0.50733,132.39600
0.09768,0.17994,0.09623,0.50291,0.52180,-0.46636,0.50726,132.49600
0.09768,0.17985,0.09622,0.50297,0.52187,-0.46629,0.50719,132.59600
0.09769,0.17975,0.09622,0.50303,0.52194,-0.46623,0.50712,132.69600
0.09769,0.17965,0.09621,0.50309,0.52200,-0.46616,0.50705,132.79600
0.09770,0.17955,0.09621,0.50315,0.52207,-0.46610,0.50699,132.89600
0.09771,0.17946,0.09620,0.50322,0.52214,-0.46603,0.50691,132.99600
0.09771,0.17936,0.09619,0.50327,0.52220,-0.46597,0.50685,133.09600
0.09772,0.17926,0.09619,0.50334,0.52227,-0.46590,0.50678,133.19600
0.09772,0.17916,0.09618,0.50340,0.52233,-0.46584,0.50672,133.29600
0.09773,0.17906,0.09618,0.50346,0.52240,-0.46577,0.50665,133.39600
0.09774,0.17896,0.09617,0.50352,0.52247,-0.46570,0.50657,133.49600
0.09774,0.17886,0.09617,0.50358,0.52253,-0.46564,0.50651,133.59600
0.09775,0.17876,0.09617,0.50364,0.52259,-0.46557,0.50644,133.69600
0.09776,0.17866,0.09616,0.50370,0.52267,-0.46550,0.50637,133.79600
0.09776,0.17856,0.09616,0.50376,0.52273,-0.46544,0.50631,133.89600
0.09777,0.17846,0.09615,0.50382,0.52279,-0.46538,0.50624,133.99600
0.09777,0.17836,0.09614,0.50388,0.52286,-0.46531,0.50617,134.09600
0.09778,0.17826,0.09613,0.50395,0.52293,-0.46524,0.50610,134.19600
0.09779,0.17816,0.09613,0.50401,0.52299,-0.46518,0.50603,134.29600
0.09779,0.17806,0.09612,0.50407,0.52306,-0.46511,0.50596,134.39600
0.09780,0.17796,0.09612,0.50413,0.52313,-0.46504,0.50589,134.49600
0.09780,0.17786,0.09611,0.50419,0.52319,-0.46498,0.50583,134.59600
0.09781,0.17776,0.09611,0.50425,0.52326,-0.46491,0.50576,134.69600
0.09782,0.17766,0.09611,0.50431,0.52333,-0.46484,0.50568,134.79600
0.09782,0.17756,0.09610,0.50437,0.52339,-0.46478,0.50562,134.89600
0.09783,0.17746,0.09610,0.50443,0.52346,-0.46472,0.50555,134.99600
0.09783,0.17736,0.09608,0.50449,0.52353,-0.46465,0.50548,135.09600
0.09784,0.17726,0.09608,0.50455,0.52359,-0.46459,0.50542,135.19600
0.09785,0.17716,0.09607,0.50461,0.52365,-0.46452,0.50535,135.29600
0.09785,0.17706,0.09607,0.50468,0.52372,-0.46445,0.50528,135.39600
0.09786,0.17696,0.09606,0.50473,0.52378,-0.46439,0.50521,135.49600
0.09786,0.17686,0.09606,0.50479,0.52385,-0.46432,0.50515,135.59600
0.09787,0.17676,0.09605,0.50486,0.52392,-0.46425,0.50507,135.69600
0.09788,0.17666,0.09605,0.50491,0.52398,-0.46419,0.50501,135.79600
0.09788,0.17656,0.09604,0.50498,0.52405,-0.46412,0.50494,135.89600
0.09789,0.17646,0.09604,0.50504,0.52412,-0.46405,0.50487,135.99600
0.09789,0.17636,0.09602,0.50509,0.52418,-0.46399,0.50480,136.09600
0.09790,0.17626,0.09602,0.50516,0.52425,-0.46392,0.50473,136.19600
0.09791,0.17616,0.09601,0.50522,0.52431,-0.46386,0.50466,136.29600
0.09791,0.17606,0.09601,0.50528,0.52438,-0.46379,0.50459,136.39600
0.09792,0.17596,0.09600,0.50534,0.52445,-0.46373,0.50453,136.49600
0.09792,0.17586,0.09600,0.50540,0.52451,-0.46366,0.50446,136.59600
0.09793,0.17576,0.09599,0.50546,0.52458,-0.46359,0.50439,136.69600
0.09794,0.17566,0.09599,0.50552,0.52464,-0.46353,0.50432,136.79600
0.09794,0.17556,0.09598,0.50558,0.52471,-0.46346,0.50425,136.89600
0.09795,0.17546,0.09598,0.50565,0.52478,-0.46339,0.50418,136.99600
0.09795,0.17536,0.09596,0.50570,0.52484,-0.46333,0.50412,137.09600
0.09796,0.17527,0.09596,0.50576,0.52490,-0.46327,0.50405,137.19600
0.09797,0.17517,0.09595,0.50583,0.52497,-0.46320,0.50398,137.29600
0.09797,0.17507,0.09595,0.50588,0.52504,-0.46313,0.50391,137.39600
0.09798,0.17497,0.09594,0.50594,0.52510,-0.46307,0.50384,137.49600
0.09799,0.17487,0.09594,0.50601,0.52517,-0.46300,0.50377,137.59600
0.09799,0.17477,0.09593,0.50607,0.52524,-0.46293,0.50370,137.69600
0.09800,0.17467,0.09592,0.50612,0.52530,-0.46287,0.50364,137.79600
0.09800,0.17457,0.09592,0.50619,0.52537,-0.46280,0.50357,137.89600
0.09801,0.17447,0.09591,0.50625,0.52543,-0.46273,0.50350,137.99600
0.09802,0.17437,0.09590,0.50630,0.52549,-0.46267,0.50343,138.09600
0.09802,0.17427,0.09589,0.50637,0.52556,-0.46260,0.50336,138.19600
0.09803,0.17417,0.09589,0.50643,0.52563,-0.46254,0.50329,138.29600
0.09803,0.17407,0.09588,0.50648,0.52569,-0.46248,0.50323,138.39600
0.09804,0.17397,0.09588,0.50655,0.52576,-0.46241,0.50316,138.49600
0.09805,0.17387,0.09587,0.50661,0.52583,-0.46234,0.50309,138.59600
0.09805,0.17377,0.09586,0.50667,0.52589,-0.46227,0.50302,138.69600
0.09806,0.17367,0.09586,0.50673,0.52596,-0.46221,0.50295,138.79600
0.09806,0.17357,0.09585,0.50679,0.52602,-0.46214,0.50288,138.89600
0.09807,0.17347,0.09585,0.50685,0.52609,-0.46208,0.50281,138.99600
0.09808,0.17337,0.09583,0.50691,0.52615,-0.46201,0.50275,139.09600
0.09808,0.17327,0.09583,0.50697,0.52622,-0.46194,0.50268,139.19600
0.09809,0.17317,0.09582,0.50703,0.52628,-0.46188,0.50261,139.29600
0.09809,0.17307,0.09581,0.50709,0.52635,-0.46181,0.50253,139.39600
0.09810,0.17297,0.09581,0.50715,0.52641,-0.46175,0.50247,139.49600
0.09811,0.17287,0.09580,0.50721,0.52648,-0.46168,0.50240,139.59600
0.09811,0.17277,0.09580,0.50727,0.52655,-0.46161,0.50233,139.69600
0.09812,0.17267,0.09579,0.50733,0.52661,-0.46155,0.50227,139.79600
0.09812,0.17257,0.09578,0.50739,0.52668,-0.46148,0.50220,139.89600
0.09813,0.17247,0.09578,0.50745,0.52675,-0.46141,0.50212,139.99600
0.09814,0.17237,0.09576,0.50751,0.52681,-0.46135,0.50206,140.09600
0.09814,0.17227,0.09576,0.50757,0.52687,-0.46128,0.50199,140.19600
0.09815,0.17218,0.09575,0.50763,0.52694,-0.46121,0.50192,140.29600
0.09815,0.17208,0.09574,0.50769,0.52701,-0.46115,0.50185,140.39600
0.09816,0.17198,0.09574,0.50775,0.52707,-0.46108,0.50178,140.49600
0.09817,0.17188,0.09573,0.50781,0.52714,-0.46102,0.50171,140.59600
0.09817,0.17178,0.09573,0.50787,0.52720,-0.46095,0.50164,140.69600
0.09818,0.17168,0.09572,0.50793,0.52727,-0.46088,0.50158,140.79600
0.09819,0.17158,0.09571,0.50799,0.52733,-0.46082,0.50151,140.89600
0.09819,0.17148,0.09571,0.50805,0.52740,-0.46075,0.50144,140.99600
0.09820,0.17138,0.09569,0.50811,0.52746,-0.46068,0.50137,141.09600
0.09820,0.17129,0.09568,0.50818,0.52753,-0.46061,0.50130,141.19600
0.09821,0.17119,0.09568,0.50823,0.52759,-0.46055,0.50123,141.29600
0.09822,0.17109,0.09567,0.50829,0.52766,-0.46049,0.50116,141.39600
0.09822,0.17099,0.09567,0.50836,0.52773,-0.46042,0.50109,141.49600
0.09823,0.17089,0.09566,0.50842,0.52780,-0.46035,0.50102,141.59600
0.09823,0.17079,0.09565,0.50847,0.52786,-0.46029,0.50096,141.69600
0.09824,0.17069,0.09565,0.50854,0.52793,-0.46022,0.50088,141.79600
0.09825,0.17059,0.09564,0.50860,0.52799,-0.46015,0.50082,141.89600
0.09825,0.17049,0.09563,0.50865,0.52805,-0.46009,0.50075,141.99600
0.09826,0.17039,0.09563,0.50871,0.52812,-0.46002,0.50068,142.09600
0.09826,0.17029,0.09561,0.50878,0.52819,-0.45995,0.50061,142.19600
0.09827,0.17019,0.09560,0.50884,0.52825,-0.45989,0.50054,142.29600
0.09828,0.17009,0.09560,0.50889,0.52831,-0.45983,0.50048,142.39600
0.09828,0.16999,0.09559,0.50896,0.52838,-0.45975,0.50040,142.49600
0.09829,0.16989,0.09558,0.50902,0.52845,-0.45969,0.50033,142.59600
0.09829,0.16979,0.09558,0.50908,0.52851,-0.45962,0.50027,142.69600
0.09830,0.16969,0.09557,0.50914,0.52858,-0.45956,0.50020,142.79600
0.09831,0.16959,0.09556,0.50920,0.52864,-0.45949,0.50013,142.89600
0.09831,0.16949,0.09556,0.50926,0.52871,-0.45942,0.50006,142.99600
0.09832,0.16939,0.09555,0.50932,0.52878,-0.45935,0.49999,143.09600
0.09833,0.16929,0.09553,0.50937,0.52884,-0.45929,0.49992,143.19600
0.09833,0.16919,0.09553,0.50943,0.52890,-0.45922,0.49985,143.29600
0.09834,0.16909,0.09552,0.50949,0.52897,-0.45916,0.49978,143.39600
0.09834,0.16899,0.09551,0.50956,0.52904,-0.45909,0.49971,143.49600
0.09835,0.16889,0.09551,0.50961,0.52910,-0.45903,0.49965,143.59600
0.09836,0.16879,0.09550,0.50967,0.52916,-0.45896,0.49958,143.69600
0.09836,0.16869,0.09549,0.50974,0.52923,-0.45889,0.49950,143.79600
0.09837,0.16859,0.09548,0.50980,0.52930,-0.45882,0.49943,143.89600
0.09837,0.16849,0.09548,0.50985,0.52936,-0.45876,0.49937,143.99600
0.09838,0.16839,0.09547,0.50991,0.52942,-0.45869,0.49930,144.09600
0.09839,0.16829,0.09545,0.50998,0.52949,-0.45862,0.49923,144.19600
0.09839,0.16819,0.09545,0.51004,0.52956,-0.45856,0.49916,144.29600
0.09840,0.16809,0.09544,0.51009,0.52962,-0.45849,0.49910,144.39600
0.09840,0.16799,0.09543,0.51015,0.52969,-0.45842,0.49902,144.49600
0.09841,0.16789,0.09542,0.51021,0.52975,-0.45836,0.49895,144.59600
0.09842,0.16779,0.09542,0.51027,0.52982,-0.45829,0.49888,144.69600
0.09842,0.16770,0.09541,0.51033,0.52988,-0.45822,0.49882,144.79600
0.09843,0.16760,0.09540,0.51039,0.52995,-0.45816,0.49875,144.89600
0.09843,0.16750,0.09540,0.51045,0.53001,-0.45809,0.49868,144.99600
0.09844,0.16741,0.09539,0.51051,0.53008,-0.45802,0.49861,145.09600
0.09845,0.16731,0.09537,0.51058,0.53015,-0.45795,0.49853,145.19600
0.09845,0.16721,0.09536,0.51063,0.53021,-0.45789,0.49847,145.29600
0.09846,0.16711,0.09536,0.51069,0.53027,-0.45783,0.49840,145.39600
0.09847,0.16701,0.09535,0.51075,0.53034,-0.45776,0.49833,145.49600
0.09847,0.16691,0.09534,0.51082,0.53040,-0.45769,0.49826,145.59600
0.09848,0.16681,0.09533,0.51087,0.53046,-0.45763,0.49819,145.69600
0.09848,0.16671,0.09533,0.51093,0.53053,-0.45756,0.49813,145.79600
0.09849,0.16661,0.09532,0.51099,0.53060,-0.45749,0.49805,145.89600
0.09850,0.16651,0.09531,0.51105,0.53066,-0.45742,0.49798,145.99600
0.09850,0.16641,0.09530,0.51111,0.53072,-0.45736,0.49792,146.09600
0.09851,0.16631,0.09529,0.51117,0.53079,-0.45729,0.49785,146.19600
0.09851,0.16621,0.09528,0.51123,0.53086,-0.45722,0.49777,146.29600
0.09852,0.16611,0.09527,0.51129,0.53092,-0.45716,0.49771,146.39600
0.09853,0.16601,0.09526,0.51135,0.53098,-0.45709,0.49764,146.49600
0.09853,0.16591,0.09526,0.51141,0.53105,-0.45702,0.49757,146.59600
0.09854,0.16581,0.09525,0.51147,0.53112,-0.45696,0.49750,146.69600
0.09854,0.16571,0.09524,0.51153,0.53118,-0.45689,0.49743,146.79600
0.09855,0.16561,0.09523,0.51159,0.53125,-0.45682,0.49736,146.89600
0.09856,0.16551,0.09522,0.51165,0.53131,-0.45676,0.49729,146.99600
0.09856,0.16541,0.09522,0.51171,0.53138,-0.45669,0.49722,147.09600
0.09857,0.16531,0.09520,0.51177,0.53144,-0.45662,0.49715,147.19600
0.09858,0.16521,0.09519,0.51183,0.53151,-0.45656,0.49708,147.29600
0.09858,0.16511,0.09518,0.51189,0.53157,-0.45649,0.49701,147.39600
0.09859,0.16501,0.09517,0.51194,0.53163,-0.45642,0.49695,147.49600
0.09859,0.16491,0.09517,0.51200,0.53170,-0.45636,0.49688,147.59600
0.09860,0.16481,0.09516,0.51206,0.53176,-0.45629,0.49681,147.69600
0.09861,0.16471,0.09515,0.51213,0.53183,-0.45622,0.49673,147.79600
0.09861,0.16461,0.09514,0.51218,0.53189,-0.45616,0.49667,147.89600
0.09862,0.16451,0.09513,0.51224,0.53196,-0.45609,0.49660,147.99600
0.09862,0.16441,0.09513,0.51230,0.53202,-0.45602,0.49653,148.09600
0.09863,0.16432,0.09511,0.51236,0.53209,-0.45595,0.49646,148.19600
0.09864,0.16422,0.09510,0.51242,0.53216,-0.45589,0.49639,148.29600
0.09864,0.16412,0.09509,0.51248,0.53222,-0.45582,0.49632,148.39600
0.09865,0.16402,0.09508,0.51254,0.53228,-0.45576,0.49625,148.49600
0.09865,0.16392,0.09508,0.51260,0.53235,-0.45569,0.49618,148.59600
0.09866,0.16382,0.09507,0.51266,0.53242,-0.45562,0.49611,148.69600
0.09867,0.16372,0.09506,0.51272,0.53248,-0.45555,0.49604,148.79600
0.09867,0.16363,0.09505,0.51278,0.53254,-0.45549,0.49598,148.89600
0.09868,0.16353,0.09504,0.51284,0.53261,-0.45542,0.49590,148.99600
0.09869,0.16343,0.09503,0.51290,0.53267,-0.45535,0.49583,149.09600
0.09869,0.16333,0.09503,0.51296,0.53274,-0.45528,0.49576,149.19600
0.09870,0.16323,0.09501,0.51301,0.53280,-0.45522,0.49570,149.29600
0.09870,0.16313,0.09500,0.51308,0.53287,-0.45515,0.49562,149.39600
0.09871,0.16303,0.09499,0.51314,0.53293,-0.45508,0.49555,149.49600
0.09872,0.16293,0.09498,0.51319,0.53300,-0.45502,0.49549,149.59600
0.09872,0.16283,0.09497,0.51325,0.53306,-0.45495,0.49542,149.69600
0.09873,0.16273,0.09496,0.51331,0.53312,-0.45488,0.49535,149.79600
0.09873,0.16263,0.09496,0.51337,0.53319,-0.45482,0.49528,149.89600
0.09874,0.16253,0.09495,0.51343,0.53325,-0.45475,0.49521,149.99600
0.09875,0.16243,0.09494,0.51349,0.53332,-0.45468,0.49514,150.09600
0.09875,0.16233,0.09493,0.51355,0.53339,-0.45461,0.49506,150.19600
0.09876,0.16223,0.09491,0.51361,0.53345,-0.45455,0.49500,150.29600
0.09876,0.16213,0.09490,0.51367,0.53351,-0.45448,0.49493,150.39600
0.09877,0.16203,0.09489,0.51373,0.53358,-0.45442,0.49486,150.49600
0.09878,0.16193,0.09489,0.51379,0.53364,-0.45434,0.49479,150.59600
0.09878,0.16183,0.09488,0.51385,0.53371,-0.45428,0.49472,150.69600
0.09879,0.16173,0.09487,0.51391,0.53377,-0.45421,0.49465,150.79600
0.09879,0.16164,0.09486,0.51396,0.53383,-0.45415,0.49458,150.89600
0.09880,0.16154,0.09485,0.51403,0.53390,-0.45408,0.49451,150.99600
0.09881,0.16144,0.09484,0.51409,0.53397,-0.45401,0.49444,151.09600
0.09881,0.16134,0.09483,0.51415,0.53403,-0.45394,0.49437,151.19600
0.09882,0.16124,0.09481,0.51420,0.53410,-0.45388,0.49430,151.29600
0.09883,0.16114,0.09480,0.51426,0.53415,-0.45381,0.49424,151.39600
0.09883,0.16104,0.09480,0.51432,0.53422,-0.45374,0.49416,151.49600
0.09884,0.16094,0.09479,0.51438,0.53429,-0.45368,0.49409,151.59600
0.09884,0.16084,0.09478,0.51444,0.53435,-0.45361,0.49402,151.69600
0.09885,0.16074,0.09477,0.51450,0.53442,-0.45354,0.49395,151.79600
0.09886,0.16064,0.09476,0.51456,0.53448,-0.45347,0.49388,151.89600
0.09886,0.16054,0.09475,0.51462,0.53455,-0.45341,0.49381,151.99600
0.09887,0.16044,0.09474,0.51468,0.53461,-0.45334,0.49374,152.09600
0.09887,0.16034,0.09473,0.51474,0.53467,-0.45327,0.49367,152.19600
0.09888,0.16024,0.09471,0.51479,0.53474,-0.45321,0.49360,152.29600
0.09889,0.16015,0.09470,0.51486,0.53481,-0.45313,0.49353,152.39600
0.09889,0.16005,0.09469,0.51491,0.53487,-0.45307,0.49347,152.49600
0.09890,0.15995,0.09468,0.51497,0.53493,-0.45301,0.49340,152.59600
0.09891,0.15985,0.09468,0.51503,0.53500,-0.45294,0.49333,152.69600
0.09891,0.15975,0.09467,0.51509,0.53506,-0.45287,0.49325,152.79600
0.09892,0.15965,0.09466,0.51515,0.53513,-0.45280,0.49318,152.89600
0.09892,0.15955,0.09465,0.51521,0.53519,-0.45273,0.49311,152.99600
0.09893,0.15945,0.09464,0.51527,0.53525,-0.45267,0.49305,153.09600
0.09894,0.15935,0.09463,0.51533,0.53532,-0.45260,0.49298,153.19600
0.09894,0.15926,0.09461,0.51539,0.53538,-0.45253,0.49290,153.29600
0.09895,0.15916,0.09460,0.51545,0.53545,-0.45246,0.49283,153.39600
0.09895,0.15906,0.09459,0.51551,0.53551,-0.45240,0.49276,153.49600
0.09896,0.15896,0.09458,0.51557,0.53558,-0.45233,0.49269,153.59600
0.09897,0.15886,0.09457,0.51562,0.53564,-0.45227,0.49263,153.69600
0.09897,0.15876,0.09456,0.51568,0.53571,-0.45220,0.49255,153.79600
0.09898,0.15866,0.09455,0.51574,0.53577,-0.45213,0.49248,153.89600
0.09899,0.15856,0.09454,0.51580,0.53583,-0.45206,0.49241,153.99600
0.09899,0.15846,0.09453,0.51586,0.53590,-0.45199,0.49234,154.09600
0.09900,0.15836,0.09452,0.51592,0.53596,-0.45193,0.49227,154.19600
0.09900,0.15826,0.09450,0.51598,0.53603,-0.45186,0.49221,154.29600
0.09901,0.15816,0.09449,0.51604,0.53609,-0.45179,0.49214,154.39600
0.09902,0.15806,0.09448,0.51609,0.53615,-0.45173,0.49207,154.49600
0.09902,0.15796,0.09447,0.51615,0.53622,-0.45166,0.49200,154.59600
0.09903,0.15786,0.09446,0.51621,0.53628,-0.45159,0.49193,154.69600
0.09903,0.15776,0.09445,0.51628,0.53635,-0.45152,0.49185,154.79600
0.09904,0.15766,0.09444,0.51633,0.53641,-0.45146,0.49179,154.89600
0.09905,0.15756,0.09443,0.51639,0.53647,-0.45139,0.49172,154.99600
0.09905,0.15746,0.09442,0.51645,0.53654,-0.45132,0.49165,155.09600
0.09906,0.15736,0.09441,0.51651,0.53660,-0.45126,0.49158,155.19600
0.09907,0.15726,0.09439,0.51657,0.53667,-0.45118,0.49150,155.29600
0.09907,0.15717,0.09438,0.51663,0.53674,-0.45112,0.49143,155.39600
0.09908,0.15707,0.09437,0.51668,0.53679,-0.45105,0.49137,155.49600
0.09908,0.15697,0.09436,0.51674,0.53686,-0.45099,0.49130,155.59600
0.09909,0.15687,0.09435,0.51680,0.53692,-0.45092,0.49123,155.69600
0.09910,0.15677,0.09434,0.51686,0.53699,-0.45085,0.49115,155.79600
0.09910,0.15668,0.09433,0.51692,0.53705,-0.45078,0.49108,155.89600
0.09911,0.15658,0.09432,0.51698,0.53712,-0.45071,0.49101,155.99600
0.09911,0.15648,0.09431,0.51704,0.53718,-0.45064,0.49094,156.09600
0.09912,0.15638,0.09430,0.51709,0.53724,-0.45058,0.49088,156.19600
0.09913,0.15628,0.09429,0.51716,0.53731,-0.45051,0.49080,156.29600
0.09913,0.15618,0.09427,0.51721,0.53737,-0.45044,0.49073,156.39600
0.09914,0.15608,0.09426,0.51727,0.53744,-0.45038,0.49066,156.49600
0.09914,0.15598,0.09425,0.51733,0.53750,-0.45031,0.49059,156.59600
0.09915,0.15588,0.09424,0.51739,0.53757,-0.45024,0.49052,156.69600
0.09916,0.15578,0.09423,0.51745,0.53763,-0.45017,0.49045,156.79600
0.09916,0.15568,0.09422,0.51751,0.53769,-0.45011,0.49038,156.89600
0.09917,0.15558,0.09421,0.51757,0.53776,-0.45004,0.49031,156.99600
0.09918,0.15548,0.09420,0.51762,0.53782,-0.44997,0.49024,157.09600
0.09918,0.15538,0.09419,0.51768,0.53789,-0.44990,0.49017,157.19600
0.09919,0.15529,0.09418,0.51774,0.53795,-0.44984,0.49010,157.29600
0.09919,0.15519,0.09416,0.51781,0.53802,-0.44976,0.49003,157.39600
0.09920,0.15509,0.09415,0.51786,0.53808,-0.44970,0.48996,157.49600
0.09921,0.15499,0.09414,0.51792,0.53814,-0.44963,0.48989,157.59600
0.09921,0.15489,0.09413,0.51798,0.53820,-0.44957,0.48982,157.69600
0.09922,0.15479,0.09412,0.51803,0.53827,-0.44950,0.48975,157.79600
0.09922,0.15469,0.09411,0.51809,0.53833,-0.44943,0.48968,157.89600
0.09923,0.15459,0.09410,0.51816,0.53840,-0.44936,0.48961,157.99600
0.09924,0.15449,0.09408,0.51821,0.53846,-0.44929,0.48954,158.09600
0.09924,0.15439,0.09407,0.51827,0.53853,-0.44922,0.48947,158.19600
0.09925,0.15429,0.09406,0.51833,0.53859,-0.44916,0.48940,158.29600
0.09926,0.15419,0.09404,0.51839,0.53865,-0.44909,0.48933,158.39600
0.09926,0.15409,0.09403,0.51844,0.53871,-0.44903,0.48926,158.49600
0.09927,0.15399,0.09402,0.51851,0.53878,-0.44895,0.48919,158.59600
0.09927,0.15389,0.09401,0.51857,0.53885,-0.44889,0.48912,158.69600
0.09928,0.15379,0.09400,0.51862,0.53891,-0.44882,0.48905,158.79600
0.09929,0.15369,0.09399,0.51868,0.53897,-0.44875,0.48898,158.89600
0.09929,0.15359,0.09398,0.51874,0.53904,-0.44868,0.48891,158.99600
0.09930,0.15350,0.09397,0.51879,0.53910,-0.44862,0.48884,159.09600
0.09930,0.15341,0.09396,0.51886,0.53916,-0.44855,0.48877,159.19600
0.09931,0.15331,0.09394,0.51892,0.53923,-0.44848,0.48870,159.29600
0.09932,0.15321,0.09392,0.51897,0.53929,-0.44841,0.48863,159.39600
0.09932,0.15311,0.09391,0.51903,0.53936,-0.44835,0.48855,159.49600
0.09933,0.15301,0.09390,0.51909,0.53942,-0.44828,0.48848,159.59600
0.09934,0.15291,0.09389,0.51915,0.53948,-0.44821,0.48841,159.69600
0.09934,0.15281,0.09388,0.51921,0.53955,-0.44814,0.48834,159.79600
0.09935,0.15271,0.09387,0.51927,0.53961,-0.44807,0.48827,159.89600
0.09935,0.15261,0.09386,0.51932,0.53967,-0.44801,0.48820,159.99600
0.09936,0.15251,0.09385,0.51938,0.53974,-0.44794,0.48813,160.09600
0.09937,0.15241,0.09383,0.51944,0.53980,-0.44787,0.48806,160.19600
0.09937,0.15231,0.09382,0.51950,0.53986,-0.44781,0.48799,160.29600
0.09938,0.15221,0.09380,0.51956,0.53993,-0.44774,0.48792,160.39600
0.09939,0.15211,0.09379,0.51962,0.53999,-0.44767,0.48785,160.49600
0.09939,0.15201,0.09378,0.51968,0.54006,-0.44760,0.48778,160.59600
0.09940,0.15192,0.09377,0.51974,0.54012,-0.44753,0.48771,160.69600
0.09940,0.15182,0.09376,0.51979,0.54018,-0.44747,0.48764,160.79600
0.09941,0.15172,0.09374,0.51985,0.54025,-0.44740,0.48757,160.89600
0.09942,0.15162,0.09373,0.51991,0.54031,-0.44733,0.48750,160.99600
0.09942,0.15152,0.09372,0.51997,0.54037,-0.44726,0.48743,161.09600
0.09943,0.15142,0.09371,0.52002,0.54044,-0.44720,0.48736,161.19600
0.09943,0.15132,0.09370,0.52009,0.54050,-0.44712,0.48728,161.29600
0.09944,0.15122,0.09369,0.52014,0.54057,-0.44706,0.48721,161.39600
0.09945,0.15112,0.09367,0.52020,0.54063,-0.44699,0.48714,161.49600
0.09945,0.15102,0.09365,0.52026,0.54069,-0.44692,0.48707,161.59600
0.09946,0.15092,0.09364,0.52032,0.54076,-0.44685,0.48700,161.69600
0.09947,0.15082,0.09363,0.52037,0.54082,-0.44679,0.48694,161.79600
0.09947,0.15072,0.09362,0.52043,0.54088,-0.44672,0.48687,161.89600
0.09948,0.15062,0.09361,0.52049,0.54095,-0.44665,0.48679,161.99600
0.09948,0.15052,0.09360,0.52055,0.54101,-0.44658,0.48672,162.09600
0.09949,0.15043,0.09358,0.52061,0.54107,-0.44651,0.48665,162.19600
0.09950,0.15033,0.09357,0.52067,0.54114,-0.44645,0.48658,162.29600
0.09950,0.15024,0.09356,0.52073,0.54120,-0.44638,0.48651,162.39600
0.09951,0.15014,0.09354,0.52078,0.54126,-0.44631,0.48644,162.49600
0.09951,0.15004,0.09353,0.52084,0.54133,-0.44624,0.48637,162.59600
0.09952,0.14994,0.09351,0.52090,0.54139,-0.44617,0.48630,162.69600
0.09953,0.14984,0.09350,0.52096,0.54145,-0.44611,0.48623,162.79600
0.09953,0.14974,0.09349,0.52102,0.54152,-0.44604,0.48616,162.89600
0.09954,0.14964,0.09348,0.52108,0.54158,-0.44597,0.48609,162.99600
0.09955,0.14954,0.09347,0.52113,0.54164,-0.44590,0.48602,163.09600
0.09955,0.14944,0.09345,0.52119,0.54171,-0.44584,0.48595,163.19600
0.09956,0.14934,0.09344,0.52125,0.54177,-0.44577,0.48587,163.29600
0.09956,0.14924,0.09343,0.52131,0.54183,-0.44570,0.48580,163.39600
0.09957,0.14914,0.09341,0.52137,0.54190,-0.44563,0.48573,163.49600
0.09958,0.14905,0.09340,0.52143,0.54197,-0.44556,0.48566,163.59600
0.09958,0.14895,0.09338,0.52149,0.54203,-0.44549,0.48559,163.69600
0.09959,0.14885,0.09337,0.52154,0.54209,-0.44542,0.48552,163.79600
0.09959,0.14875,0.09336,0.52160,0.54215,-0.44536,0.48545,163.89600
0.09960,0.14865,0.09335,0.52166,0.54221,-0.44529,0.48538,163.99600
0.09961,0.14855,0.09334,0.52171,0.54228,-0.44522,0.48531,164.09600
0.09961,0.14845,0.09332,0.52177,0.54234,-0.44516,0.48524,164.19600
0.09962,0.14835,0.09331,0.52183,0.54240,-0.44509,0.48517,164.29600
0.09963,0.14825,0.09330,0.52189,0.54247,-0.44502,0.48509,164.39600
0.09963,0.14815,0.09328,0.52195,0.54253,-0.44495,0.48502,164.49600
0.09964,0.14805,0.09326,0.52201,0.54260,-0.44488,0.48495,164.59600
0.09964,0.14795,0.09325,0.52207,0.54266,-0.44481,0.48488,164.69600
0.09965,0.14785,0.09324,0.52212,0.54272,-0.44474,0.48481,164.79600
0.09966,0.14776,0.09323,0.52218,0.54279,-0.44467,0.48474,164.89600
0.09966,0.14766,0.09321,0.52224,0.54285,-0.44461,0.48467,164.99600
0.09967,0.14756,0.09320,0.52230,0.54291,-0.44454,0.48460,165.09600
0.09967,0.14746,0.09319,0.52235,0.54297,-0.44448,0.48453,165.19600
0.09968,0.14736,0.09318,0.52241,0.54304,-0.44441,0.48446,165.29600
0.09969,0.14726,0.09316,0.52247,0.54310,-0.44434,0.48439,165.39600
0.09969,0.14716,0.09315,0.52253,0.54317,-0.44427,0.48431,165.49600
0.09970,0.14707,0.09313,0.52259,0.54323,-0.44420,0.48424,165.59600
0.09971,0.14697,0.09312,0.52264,0.54329,-0.44413,0.48417,165.69600
0.09971,0.14687,0.09310,0.52270,0.54336,-0.44406,0.48410,165.79600
0.09972,0.14677,0.09309,0.52276,0.54342,-0.44399,0.48403,165.89600
0.09972,0.14667,0.09308,0.52282,0.54348,-0.44393,0.48396,165.99600
0.09973,0.14658,0.09306,0.52288,0.54354,-0.44386,0.48389,166.09600
0.09974,0.14648,0.09305,0.52293,0.54361,-0.44379,0.48382,166.19600
0.09974,0.14638,0.09304,0.52299,0.54367,-0.44372,0.48375,166.29600
0.09975,0.14628,0.09303,0.52305,0.54374,-0.44365,0.48367,166.39600
0.09976,0.14618,0.09301,0.52311,0.54380,-0.44358,0.48360,166.49600
0.09976,0.14608,0.09299,0.52317,0.54386,-0.44352,0.48354,166.59600
0.09977,0.14598,0.09298,0.52322,0.54392,-0.44345,0.48347,166.69600
0.09977,0.14588,0.09296,0.52328,0.54399,-0.44338,0.48339,166.79600
0.09978,0.14578,0.09295,0.52334,0.54405,-0.44331,0.48332,166.89600
0.09979,0.14568,0.09294,0.52340,0.54411,-0.44324,0.48325,166.99600
0.09979,0.14558,0.09293,0.52345,0.54417,-0.44318,0.48318,167.09600
0.09980,0.14548,0.09291,0.52351,0.54424,-0.44311,0.48311,167.19600
0.09980,0.14539,0.09290,0.52357,0.54430,-0.44304,0.48304,167.29600
0.09981,0.14529,0.09289,0.52363,0.54436,-0.44297,0.48297,167.39600
0.09982,0.14519,0.09287,0.52369,0.54443,-0.44290,0.48289,167.49600
0.09982,0.14509,0.09285,0.52375,0.54449,-0.44283,0.48282,167.59600
0.09983,0.14499,0.09284,0.52380,0.54456,-0.44276,0.48275,167.69600
0.09984,0.14489,0.09282,0.52386,0.54462,-0.44269,0.48268,167.79600
0.09984,0.14479,0.09281,0.52392,0.54468,-0.44263,0.48261,167.89600
0.09985,0.14469,0.09280,0.52398,0.54475,-0.44256,0.48254,167.99600
0.09985,0.14459,0.09278,0.52404,0.54481,-0.44249,0.48247,168.09600
0.09986,0.14449,0.09277,0.52409,0.54487,-0.44242,0.48240,168.19600
0.09987,0.14439,0.09276,0.52415,0.54493,-0.44236,0.48233,168.29600
0.09987,0.14430,0.09274,0.52420,0.54499,-0.44229,0.48226,168.39600
0.09988,0.14420,0.09273,0.52426,0.54505,-0.44222,0.48219,168.49600
0.09989,0.14410,0.09271,0.52432,0.54512,-0.44215,0.48212,168.59600
0.09989,0.14401,0.09269,0.52438,0.54518,-0.44208,0.48205,168.69600
0.09990,0.14391,0.09268,0.52444,0.54525,-0.44201,0.48197,168.79600
0.09990,0.14381,0.09267,0.52450,0.54531,-0.44194,0.48190,168.89600
0.09991,0.14371,0.09265,0.52455,0.54537,-0.44187,0.48183,168.99600
0.09992,0.14361,0.09264,0.52461,0.54544,-0.44181,0.48176,169.09600
0.09992,0.14351,0.09263,0.52467,0.54550,-0.44174,0.48169,169.19600
0.09993,0.14341,0.09261,0.52473,0.54556,-0.44167,0.48161,169.29600
0.09994,0.14331,0.09260,0.52478,0.54562,-0.44160,0.48154,169.39600
0.09994,0.14322,0.09258,0.52484,0.54569,-0.44153,0.48147,169.49600
0.09995,0.14312,0.09256,0.52490,0.54575,-0.44146,0.48140,169.59600
0.09995,0.14302,0.09255,0.52496,0.54581,-0.44140,0.48133,169.69600
0.09996,0.14292,0.09253,0.52501,0.54588,-0.44133,0.48126,169.79600
0.09997,0.14282,0.09252,0.52507,0.54594,-0.44126,0.48119,169.89600
0.09997,0.14272,0.09251,0.52513,0.54600,-0.44119,0.48112,169.99600
0.09998,0.14262,0.09249,0.52519,0.54606,-0.44112,0.48105,170.09600
0.09998,0.14252,0.09248,0.52524,0.54613,-0.44105,0.48097,170.19600
0.09999,0.14242,0.09246,0.52530,0.54619,-0.44098,0.48090,170.29600
0.10000,0.14232,0.09245,0.52536,0.54626,-0.44091,0.48083,170.39600
0.10000,0.14222,0.09244,0.52542,0.54632,-0.44084,0.48076,170.49600
0.10001,0.14213,0.09242,0.52548,0.54638,-0.44077,0.48068,170.59600
0.10002,0.14203,0.09240,0.52554,0.54644,-0.44071,0.48061,170.69600
0.10002,0.14193,0.09238,0.52559,0.54650,-0.44064,0.48055,170.79600
0.10003,0.14183,0.09237,0.52565,0.54656,-0.44057,0.48048,170.89600
0.10003,0.14173,0.09236,0.52570,0.54663,-0.44051,0.48040,170.99600
0.10004,0.14163,0.09234,0.52576,0.54669,-0.44044,0.48033,171.09600
0.10005,0.14153,0.09233,0.52582,0.54675,-0.44037,0.48026,171.19600
0.10005,0.14143,0.09231,0.52588,0.54682,-0.44030,0.48019,171.29600
0.10006,0.14133,0.09230,0.52593,0.54688,-0.44023,0.48012,171.39600
0.10007,0.14123,0.09229,0.52599,0.54694,-0.44016,0.48005,171.49600
0.10007,0.14115,0.09227,0.52605,0.54700,-0.44009,0.47998,171.59600
0.10008,0.14105,0.09225,0.52611,0.54707,-0.44003,0.47991,171.69600
0.10008,0.14095,0.09223,0.52616,0.54713,-0.43996,0.47983,171.79600
0.10009,0.14085,0.09222,0.52622,0.54719,-0.43989,0.47976,171.89600
0.10010,0.14075,0.09220,0.52628,0.54725,-0.43982,0.47969,171.99600
0.10010,0.14065,0.09219,0.52633,0.54732,-0.43975,0.47962,172.09600
0.10011,0.14055,0.09218,0.52639,0.54738,-0.43968,0.47955,172.19600
0.10012,0.14045,0.09216,0.52645,0.54744,-0.43961,0.47948,172.29600
0.10012,0.14035,0.09215,0.52651,0.54750,-0.43955,0.47941,172.39600
0.10013,0.14025,0.09213,0.52657,0.54757,-0.43947,0.47933,172.49600
0.10013,0.14016,0.09212,0.52663,0.54763,-0.43940,0.47926,172.59600
0.10014,0.14006,0.09209,0.52668,0.54770,-0.43933,0.47919,172.69600
0.10015,0.13996,0.09208,0.52674,0.54776,-0.43927,0.47912,172.79600
0.10015,0.13986,0.09207,0.52680,0.54782,-0.43920,0.47904,172.89600
0.10016,0.13976,0.09205,0.52685,0.54788,-0.43913,0.47897,172.99600
0.10016,0.13966,0.09204,0.52691,0.54795,-0.43906,0.47890,173.09600
0.10017,0.13956,0.09202,0.52697,0.54801,-0.43899,0.47883,173.19600
0.10018,0.13946,0.09201,0.52703,0.54807,-0.43892,0.47876,173.29600
0.10018,0.13936,0.09199,0.52708,0.54813,-0.43885,0.47869,173.39600
0.10019,0.13927,0.09198,0.52714,0.54819,-0.43879,0.47862,173.49600
0.10020,0.13917,0.09196,0.52720,0.54826,-0.43872,0.47854,173.59600
0.10020,0.13907,0.09194,0.52726,0.54832,-0.43865,0.47847,173.69600
0.10021,0.13897,0.09192,0.52731,0.54838,-0.43858,0.47840,173.79600
0.10021,0.13887,0.09191,0.52737,0.54844,-0.43851,0.47833,173.89600
0.10022,0.13877,0.09189,0.52743,0.54851,-0.43844,0.47826,173.99600
0.10023,0.13867,0.09188,0.52748,0.54857,-0.43837,0.47819,174.09600
0.10023,0.13857,0.09186,0.52754,0.54863,-0.43830,0.47811,174.19600
0.10024,0.13847,0.09185,0.52760,0.54869,-0.43824,0.47804,174.29600
0.10025,0.13838,0.09183,0.52766,0.54876,-0.43817,0.47797,174.39600
0.10025,0.13829,0.09182,0.52771,0.54882,-0.43810,0.47790,174.49600
0.10026,0.13819,0.09180,0.52777,0.54888,-0.43803,0.47783,174.59600
0.10026,0.13809,0.09179,0.52783,0.54894,-0.43796,0.47776,174.69600
0.10027,0.13799,0.09176,0.52788,0.54901,-0.43789,0.47769,174.79600
0.10028,0.13789,0.09175,0.52794,0.54907,-0.43782,0.47761,174.89600
0.10028,0.13779,0.09173,0.52800,0.54913,-0.43775,0.47754,174.99600
0.10029,0.13769,0.09172,0.52806,0.54919,-0.43768,0.47747,175.09600
0.10030,0.13759,0.09170,0.52811,0.54925,-0.43762,0.47740,175.19600
0.10030,0.13750,0.09169,0.52817,0.54932,-0.43755,0.47733,175.29600
0.10031,0.13740,0.09167,0.52823,0.54938,-0.43748,0.47726,175.39600
0.10031,0.13730,0.09166,0.52828,0.54944,-0.43741,0.47718,175.49600
0.10032,0.13720,0.09164,0.52834,0.54950,-0.43734,0.47711,175.59600
0.10033,0.13710,0.09163,0.52840,0.54957,-0.43727,0.47704,175.69600
0.10033,0.13700,0.09160,0.52845,0.54963,-0.43720,0.47697,175.79600
0.10034,0.13690,0.09159,0.52851,0.54969,-0.43713,0.47690,175.89600
0.10035,0.13680,0.09157,0.52857,0.54975,-0.43706,0.47683,175.99600
0.10035,0.13671,0.09156,0.52863,0.54981,-0.43700,0.47675,176.09600
0.10036,0.13661,0.09154,0.52868,0.54988,-0.43693,0.47668,176.19600
0.10036,0.13651,0.09153,0.52874,0.54994,-0.43686,0.47661,176.29600
0.10037,0.13641,0.09151,0.52880,0.55000,-0.43679,0.47654,176.39600
0.10038,0.13631,0.09149,0.52885,0.55006,-0.43672,0.47647,176.49600
0.10038,0.13621,0.09148,0.52891,0.55012,-0.43665,0.47640,176.59600
0.10039,0.13611,0.09146,0.52897,0.55019,-0.43658,0.47632,176.69600
0.10039,0.13601,0.09144,0.52902,0.55025,-0.43651,0.47625,176.79600
0.10040,0.13591,0.09142,0.52908,0.55031,-0.43644,0.47618,176.89600
0.10041,0.13582,0.09141,0.52914,0.55037,-0.43637,0.47611,176.99600
0.10041,0.13572,0.09139,0.52919,0.55044,-0.43631,0.47604,177.09600
0.10042,0.13562,0.09138,0.52925,0.55050,-0.43624,0.47597,177.19600
0.10043,0.13552,0.09136,0.52931,0.55056,-0.43617,0.47589,177.29600
0.10043,0.13543,0.09134,0.52937,0.55062,-0.43610,0.47582,177.39600
0.10044,0.13533,0.09133,0.52942,0.55068,-0.43603,0.47575,177.49600
0.10044,0.13523,0.09131,0.52948,0.55075,-0.43596,0.47568,177.59600
0.10045,0.13513,0.09130,0.52954,0.55081,-0.43589,0.47561,177.69600
0.10046,0.13504,0.09128,0.52959,0.55087,-0.43582,0.47553,177.79600
0.10046,0.13494,0.09126,0.52965,0.55093,-0.43575,0.47546,177.89600
0.10047,0.13484,0.09124,0.52971,0.55099,-0.43568,0.47539,177.99600
0.10048,0.13474,0.09122,0.52976,0.55106,-0.43562,0.47532,178.09600
0.10048,0.13464,0.09121,0.52982,0.55112,-0.43555,0.47525,178.19600
0.10049,0.13454,0.09119,0.52988,0.55118,-0.43548,0.47518,178.29600
0.10049,0.13444,0.09118,0.52993,0.55124,-0.43541,0.47510,178.39600
0.10050,0.13434,0.09116,0.52999,0.55130,-0.43534,0.47503,178.49600
0.10051,0.13425,0.09114,0.53005,0.55137,-0.43526,0.47495,178.59600
0.10051,0.13415,0.09113,0.53011,0.55143,-0.43520,0.47488,178.69600
0.10052,0.13405,0.09111,0.53017,0.55149,-0.43513,0.47481,178.79600
0.10053,0.13395,0.09109,0.53022,0.55156,-0.43506,0.47474,178.89600
0.10053,0.13385,0.09107,0.53028,0.55162,-0.43499,0.47467,178.99600
0.10054,0.13375,0.09105,0.53034,0.55168,-0.43492,0.47459,179.09600
0.10054,0.13365,0.09104,0.53039,0.55174,-0.43485,0.47452,179.19600
0.10055,0.13356,0.09102,0.53045,0.55180,-0.43478,0.47445,179.29600
0.10056,0.13346,0.09100,0.53051,0.55187,-0.43471,0.47438,179.39600
0.10056,0.13336,0.09099,0.53056,0.55193,-0.43464,0.47431,179.49600
0.10057,0.13326,0.09097,0.53062,0.55199,-0.43457,0.47423,179.59600
0.10058,0.13316,0.09096,0.53068,0.55205,-0.43450,0.47416,179.69600
0.10058,0.13306,0.09094,0.53073,0.55211,-0.43443,0.47409,179.79600
0.10059,0.13296,0.09091,0.53079,0.55217,-0.43437,0.47402,179.89600
0.10059,0.13286,0.09090,0.53085,0.55224,-0.43430,0.47395,179.99600
0.10060,0.13278,0.09088,0.53090,0.55230,-0.43423,0.47387,180.09600
0.10061,0.13268,0.09086,0.53096,0.55236,-0.43416,0.47380,180.19600
0.10061,0.13258,0.09085,0.53102,0.55242,-0.43409,0.47373,180.29600
0.10062,0.13248,0.09083,0.53107,0.55248,-0.43402,0.47366,180.39600
0.10063,0.13238,0.09081,0.53113,0.55255,-0.43395,0.47359,180.49600
0.10063,0.13228,0.09080,0.53118,0.55261,-0.43388,0.47351,180.59600
0.10064,0.13218,0.09078,0.53124,0.55267,-0.43381,0.47344,180.69600
0.10064,0.13209,0.09077,0.53129,0.55273,-0.43375,0.47338,180.79600
0.10065,0.13199,0.09074,0.53135,0.55279,-0.43368,0.47330,180.89600
0.10066,0.13189,0.09072,0.53141,0.55285,-0.43361,0.47323,180.99600
0.10066,0.13179,0.09071,0.53147,0.55292,-0.43353,0.47315,181.09600
0.10067,0.13169,0.09069,0.53152,0.55298,-0.43346,0.47308,181.19600
0.10068,0.13159,0.09067,0.53158,0.55304,-0.43339,0.47301,181.29600
0.10068,0.13149,0.09066,0.53164,0.55310,-0.43333,0.47294,181.39600
0.10069,0.13140,0.09064,0.53169,0.55316,-0.43326,0.47286,181.49600
0.10069,0.13130,0.09062,0.53175,0.55322,-0.43319,0.47279,181.59600
0.10070,0.13120,0.09060,0.53181,0.55329,-0.43312,0.47272,181.69600
0.10071,0.13110,0.09059,0.53186,0.55335,-0.43305,0.47265,181.79600
0.10071,0.13100,0.09057,0.53192,0.55341,-0.43298,0.47258,181.89600
0.10072,0.13090,0.09054,0.53198,0.55347,-0.43291,0.47250,181.99600
0.10073,0.13080,0.09053,0.53203,0.55353,-0.43284,0.47243,182.09600
0.10073,0.13071,0.09051,0.53209,0.55359,-0.43277,0.47236,182.19600
0.10074,0.13061,0.09049,0.53215,0.55366,-0.43270,0.47229,182.29600
0.10074,0.13051,0.09048,0.53220,0.55372,-0.43263,0.47222,182.39600
0.10075,0.13041,0.09046,0.53226,0.55378,-0.43256,0.47214,182.49600
0.10076,0.13031,0.09044,0.53232,0.55384,-0.43249,0.47207,182.59600
0.10076,0.13021,0.09043,0.53237,0.55390,-0.43242,0.47200,182.69600
0.10077,0.13011,0.09041,0.53243,0.55396,-0.43235,0.47193,182.79600
0.10078,0.13003,0.09039,0.53248,0.55403,-0.43228,0.47185,182.89600
0.10078,0.12993,0.09036,0.53254,0.55409,-0.43221,0.47178,182.99600
0.10079,0.12983,0.09035,0.53260,0.55415,-0.43215,0.47171,183.09600
0.10079,0.12973,0.09033,0.53265,0.55421,-0.43208,0.47164,183.19600
0.10080,0.12963,0.09031,0.53271,0.55427,-0.43201,0.47156,183.29600
0.10081,0.12953,0.09030,0.53277,0.55433,-0.43194,0.47149,183.39600
0.10081,0.12943,0.09028,0.53282,0.55440,-0.43187,0.47142,183.49600
0.10082,0.12934,0.09026,0.53288,0.55446,-0.43180,0.47135,183.59600
0.10083,0.12924,0.09024,0.53294,0.55452,-0.43173,0.47127,183.69600
0.10083,0.12914,0.09023,0.53299,0.55458,-0.43166,0.47120,183.79600
0.10084,0.12904,0.09021,0.53305,0.55464,-0.43159,0.47113,183.89600
0.10084,0.12894,0.09018,0.53310,0.55470,-0.43152,0.47106,183.99600
0.10085,0.12884,0.09016,0.53316,0.55476,-0.43145,0.47099,184.09600
0.10086,0.12875,0.09015,0.53322,0.55483,-0.43138,0.47091,184.19600
0.10086,0.12865,0.09013,0.53328,0.55489,-0.43131,0.47083,184.29600
0.10087,0.12855,0.09011,0.53333,0.55495,-0.43124,0.47076,184.39600
0.10088,0.12845,0.09009,0.53339,0.55501,-0.43117,0.47070,184.49600
0.10088,0.12835,0.09008,0.53344,0.55507,-0.43110,0.47062,184.59600
0.10089,0.12825,0.09006,0.53350,0.55513,-0.43103,0.47055,184.69600
0.10089,0.12815,0.09004,0.53355,0.55519,-0.43096,0.47048,184.79600
0.10090,0.12806,0.09002,0.53361,0.55526,-0.43089,0.47041,184.89600
0.10091,0.12796,0.09001,0.53367,0.55532,-0.43082,0.47033,184.99600
0.10091,0.12786,0.08998,0.53372,0.55538,-0.43075,0.47026,185.09600
0.10092,0.12776,0.08996,0.53378,0.55544,-0.43068,0.47019,185.19600
0.10093,0.12766,0.08994,0.53384,0.55550,-0.43061,0.47012,185.29600
0.10093,0.12756,0.08993,0.53389,0.55556,-0.43055,0.47004,185.39600
0.10094,0.12748,0.08991,0.53395,0.55562,-0.43048,0.46997,185.49600
0.10094,0.12738,0.08989,0.53401,0.55569,-0.43040,0.46989,185.59600
0.10095,0.12728,0.08987,0.53406,0.55575,-0.43033,0.46982,185.69600
0.10096,0.12718,0.08985,0.53412,0.55581,-0.43027,0.46975,185.79600
0.10096,0.12708,0.08984,0.53417,0.55587,-0.43020,0.46968,185.89600
0.10097,0.12698,0.08982,0.53423,0.55593,-0.43013,0.46961,185.99600
0.10098,0.12689,0.08979,0.53429,0.55599,-0.43006,0.46954,186.09600
0.10098,0.12679,0.08977,0.53434,0.55605,-0.42999,0.46946,186.19600
0.10099,0.12669,0.08975,0.53440,0.55611,-0.42992,0.46939,186.29600
0.10099,0.12659,0.08974,0.53445,0.55618,-0.42985,0.46932,186.39600
0.10100,0.12649,0.08972,0.53451,0.55624,-0.42978,0.46925,186.49600
0.10101,0.12639,0.08970,0.53457,0.55630,-0.42971,0.46917,186.59600
0.10101,0.12630,0.08968,0.53463,0.55636,-0.42963,0.46909,186.69600
0.10102,0.12620,0.08966,0.53468,0.55642,-0.42956,0.46902,186.79600
0.10103,0.12610,0.08965,0.53473,0.55648,-0.42950,0.46895,186.89600
0.10103,0.12600,0.08963,0.53479,0.55654,-0.42943,0.46888,186.99600
0.10104,0.12590,0.08960,0.53485,0.55660,-0.42936,0.46881,187.09600
0.10104,0.12580,0.08958,0.53490,0.55667,-0.42929,0.46874,187.19600
0.10105,0.12571,0.08956,0.53496,0.55673,-0.42922,0.46866,187.29600
0.10106,0.12561,0.08954,0.53501,0.55679,-0.42915,0.46859,187.39600
0.10106,0.12551,0.08953,0.53507,0.55685,-0.42908,0.46852,187.49600
0.10107,0.12541,0.08951,0.53513,0.55691,-0.42901,0.46845,187.59600
0.10108,0.12531,0.08949,0.53519,0.55698,-0.42893,0.46837,187.69600
0.10108,0.12521,0.08947,0.53524,0.55704,-0.42886,0.46830,187.79600
0.10109,0.12512,0.08945,0.53529,0.55709,-0.42880,0.46823,187.89600
0.10109,0.12502,0.08943,0.53535,0.55715,-0.42873,0.46815,187.99600
0.10110,0.12493,0.08942,0.53541,0.55722,-0.42866,0.46808,188.09600
0.10111,0.12483,0.08939,0.53546,0.55728,-0.42859,0.46801,188.19600
0.10111,0.12473,0.08937,0.53552,0.55734,-0.42852,0.46794,188.29600
0.10112,0.12463,0.08935,0.53557,0.55740,-0.42845,0.46786,188.39600
0.10113,0.12454,0.08933,0.53563,0.55746,-0.42838,0.46779,188.49600
0.10113,0.12444,0.08931,0.53569,0.55752,-0.42831,0.46772,188.59600
0.10114,0.12434,0.08929,0.53575,0.55759,-0.42824,0.46764,188.69600
0.10114,0.12424,0.08928,0.53580,0.55764,-0.42817,0.46757,188.79600
0.10115,0.12414,0.08926,0.53585,0.55770,-0.42810,0.46750,188.89600
0.10116,0.12404,0.08924,0.53591,0.55777,-0.42803,0.46743,188.99600
0.10116,0.12395,0.08922,0.53597,0.55783,-0.42796,0.46735,189.09600
0.10117,0.12385,0.08919,0.53602,0.55789,-0.42789,0.46728,189.19600
0.10118,0.12375,0.08917,0.53608,0.55795,-0.42782,0.46721,189.29600
0.10118,0.12365,0.08915,0.53613,0.55801,-0.42775,0.46714,189.39600
0.10119,0.12355,0.08913,0.53619,0.55807,-0.42768,0.46706,189.49600
0.10119,0.12346,0.08912,0.53625,0.55814,-0.42761,0.46698,189.59600
0.10120,0.12336,0.08910,0.53630,0.55819,-0.42754,0.46692,189.69600
0.10121,0.12326,0.08908,0.53636,0.55825,-0.42747,0.46684,189.79600
0.10121,0.12316,0.08906,0.53641,0.55831,-0.42740,0.46677,189.89600
0.10122,0.12306,0.08904,0.53647,0.55838,-0.42733,0.46670,189.99600
0.10123,0.12296,0.08902,0.53652,0.55844,-0.42726,0.46663,190.09600
0.10123,0.12287,0.08899,0.53658,0.55850,-0.42719,0.46655,190.19600
0.10124,0.12277,0.08897,0.53664,0.55856,-0.42712,0.46648,190.29600
0.10124,0.12267,0.08895,0.53670,0.55862,-0.42705,0.46640,190.39600
0.10125,0.12257,0.08894,0.53675,0.55868,-0.42698,0.46633,190.49600
0.10126,0.12247,0.08892,0.53680,0.55874,-0.42691,0.46626,190.59600
0.10126,0.12239,0.08890,0.53686,0.55880,-0.42684,0.46619,190.69600
0.10127,0.12229,0.08888,0.53691,0.55886,-0.42677,0.46611,190.79600
0.10128,0.12219,0.08886,0.53697,0.55892,-0.42670,0.46604,190.89600
0.10128,0.12209,0.08884,0.53703,0.55898,-0.42663,0.46597,190.99600
0.10129,0.12199,0.08882,0.53708,0.55904,-0.42656,0.46590,191.09600
0.10130,0.12189,0.08880,0.53714,0.55911,-0.42648,0.46582,191.19600
0.10130,0.12180,0.08877,0.53719,0.55917,-0.42642,0.46575,191.29600
0.10131,0.12170,0.08875,0.53725,0.55923,-0.42635,0.46568,191.39600
0.10131,0.12160,0.08873,0.53730,0.55929,-0.42628,0.46560,191.49600
0.10132,0.12150,0.08871,0.53736,0.55935,-0.42621,0.46553,191.59600
0.10133,0.12140,0.08869,0.53742,0.55941,-0.42614,0.46546,191.69600
0.10133,0.12131,0.08868,0.53747,0.55947,-0.42607,0.46538,191.79600
0.10134,0.12121,0.08866,0.53753,0.55953,-0.42600,0.46531,191.89600
0.10134,0.12111,0.08864,0.53758,0.55959,-0.42593,0.46524,191.99600
0.10135,0.12101,0.08862,0.53764,0.55965,-0.42586,0.46516,192.09600
0.10136,0.12091,0.08860,0.53769,0.55971,-0.42579,0.46509,192.19600
0.10136,0.12082,0.08857,0.53775,0.55977,-0.42572,0.46502,192.29600
0.10137,0.12072,0.08855,0.53780,0.55984,-0.42565,0.46495,192.39600
0.10138,0.12062,0.08853,0.53786,0.55990,-0.42558,0.46487,192.49600
0.10138,0.12052,0.08851,0.53792,0.55996,-0.42551,0.46480,192.59600
0.10139,0.12042,0.08849,0.53797,0.56002,-0.42544,0.46473,192.69600
0.10140,0.12032,0.08847,0.53803,0.56008,-0.42537,0.46465,192.79600
0.10140,0.12023,0.08845,0.53808,0.56014,-0.42530,0.46458,192.89600
0.10141,0.12013,0.08843,0.53814,0.56020,-0.42523,0.46451,192.99600
0.10141,0.12003,0.08841,0.53819,0.56026,-0.42516,0.46443,193.09600
0.10142,0.11994,0.08839,0.53825,0.56032,-0.42509,0.46436,193.19600
0.10143,0.11984,0.08836,0.53830,0.56038,-0.42502,0.46429,193.29600
0.10143,0.11975,0.08834,0.53836,0.56044,-0.42494,0.46421,193.39600
0.10144,0.11965,0.08832,0.53842,0.56050,-0.42487,0.46414,193.49600
0.10145,0.11955,0.08830,0.53847,0.56056,-0.42480,0.46407,193.59600
0.10145,0.11945,0.08828,0.53853,0.56062,-0.42473,0.46399,193.69600
0.10146,0.11935,0.08826,0.53858,0.56068,-0.42466,0.46392,193.79600
0.10146,0.11926,0.08824,0.53864,0.56074,-0.42459,0.46385,193.89600
0.10147,0.11916,0.08822,0.53869,0.56080,-0.42453,0.46378,193.99600
0.10148,0.11906,0.08820,0.53875,0.56087,-0.42445,0.46370,194.09600
0.10148,0.11896,0.08818,0.53880,0.56093,-0.42438,0.46363,194.19600
0.10149,0.11886,0.08816,0.53886,0.56099,-0.42431,0.46355,194.29600
0.10150,0.11877,0.08813,0.53892,0.56105,-0.42424,0.46348,194.39600
0.10150,0.11867,0.08811,0.53897,0.56111,-0.42417,0.46341,194.49600
0.10151,0.11857,0.08809,0.53902,0.56116,-0.42410,0.46334,194.59600
0.10151,0.11847,0.08807,0.53908,0.56123,-0.42403,0.46326,194.69600
0.10152,0.11838,0.08805,0.53914,0.56129,-0.42396,0.46319,194.79600
0.10153,0.11828,0.08803,0.53919,0.56135,-0.42389,0.46311,194.89600
0.10153,0.11818,0.08801,0.53925,0.56141,-0.42382,0.46304,194.99600
0.10154,0.11808,0.08799,0.53930,0.56147,-0.42375,0.46297,195.09600
0.10155,0.11798,0.08797,0.53935,0.56153,-0.42368,0.46290,195.19600
0.10155,0.11789,0.08795,0.53941,0.56159,-0.42361,0.46283,195.29600
0.10156,0.11779,0.08792,0.53947,0.56165,-0.42354,0.46275,195.39600
0.10156,0.11769,0.08790,0.53952,0.56171,-0.42347,0.46267,195.49600
0.10157,0.11759,0.08788,0.53958,0.56177,-0.42340,0.46260,195.59600
0.10158,0.11750,0.08786,0.53964,0.56183,-0.42332,0.46253,195.69600
0.10158,0.11741,0.08784,0.53969,0.56189,-0.42326,0.46246,195.79600
0.10159,0.11731,0.08782,0.53974,0.56195,-0.42319,0.46239,195.89600
0.10160,0.11721,0.08780,0.53980,0.56202,-0.42311,0.46231,195.99600
0.10160,0.11711,0.08778,0.53986,0.56208,-0.42304,0.46223,196.09600
0.10161,0.11701,0.08776,0.53991,0.56214,-0.42297,0.46216,196.19600
0.10161,0.11692,0.08774,0.53996,0.56219,-0.42291,0.46209,196.29600
0.10162,0.11682,0.08771,0.54002,0.56225,-0.42284,0.46202,196.39600
0.10163,0.11672,0.08768,0.54007,0.56231,-0.42277,0.46195,196.49600
0.10163,0.11662,0.08766,0.54013,0.56238,-0.42269,0.46187,196.59600
0.10164,0.11653,0.08764,0.54019,0.56244,-0.42262,0.46179,196.69600
0.10165,0.11643,0.08762,0.54024,0.56250,-0.42255,0.46172,196.79600
0.10165,0.11633,0.08760,0.54029,0.56256,-0.42248,0.46165,196.89600
0.10166,0.11623,0.08758,0.54035,0.56262,-0.42241,0.46158,196.99600
0.10167,0.11613,0.08756,0.54040,0.56268,-0.42234,0.46150,197.09600
0.10167,0.11604,0.08754,0.54046,0.56274,-0.42227,0.46143,197.19600
0.10168,0.11594,0.08752,0.54052,0.56280,-0.42220,0.46135,197.29600
0.10168,0.11584,0.08750,0.54057,0.56286,-0.42213,0.46128,197.39600
0.10169,0.11574,0.08747,0.54063,0.56292,-0.42206,0.46121,197.49600
0.10170,0.11564,0.08745,0.54068,0.56298,-0.42199,0.46114,197.59600
0.10170,0.11555,0.08743,0.54074,0.56304,-0.42192,0.46106,197.69600
0.10171,0.11545,0.08740,0.54080,0.56310,-0.42184,0.46098,197.79600
0.10172,0.11535,0.08738,0.54085,0.56316,-0.42178,0.46092,197.89600
0.10172,0.11525,0.08736,0.54090,0.56322,-0.42171,0.46084,197.99600
0.10173,0.11517,0.08734,0.54096,0.56328,-0.42163,0.46077,198.09600
0.10173,0.11507,0.08732,0.54101,0.56334,-0.42156,0.46070,198.19600
0.10174,0.11497,0.08730,0.54107,0.56340,-0.42149,0.46062,198.29600
0.10175,0.11487,0.08728,0.54112,0.56346,-0.42142,0.46055,198.39600
0.10175,0.11477,0.08725,0.54118,0.56352,-0.42135,0.46047,198.49600
0.10176,0.11468,0.08723,0.54123,0.56358,-0.42128,0.46040,198.59600
0.10177,0.11458,0.08720,0.54129,0.56364,-0.42121,0.46033,198.69600
0.10177,0.11448,0.08718,0.54134,0.56370,-0.42114,0.46025,198.79600
0.10178,0.11438,0.08716,0.54140,0.56376,-0.42107,0.46018,198.89600
0.10178,0.11429,0.08714,0.54145,0.56382,-0.42100,0.46011,198.99600
0.10179,0.11419,0.08712,0.54151,0.56388,-0.42093,0.46003,199.09600
0.10180,0.11409,0.08710,0.54156,0.56394,-0.42086,0.45996,199.19600
0.10180,0.11399,0.08708,0.54162,0.56400,-0.42079,0.45988,199.29600
0.10181,0.11390,0.08706,0.54167,0.56406,-0.42071,0.45981,199.39600
0.10182,0.11380,0.08703,0.54173,0.56412,-0.42064,0.45974,199.49600
0.10182,0.11370,0.08700,0.54178,0.56418,-0.42057,0.45966,199.59600
0.10183,0.11360,0.08698,0.54184,0.56424,-0.42050,0.45959,199.69600
0.10184,0.11350,0.08696,0.54189,0.56430,-0.42044,0.45952,199.79600
0.10184,0.11341,0.08694,0.54195,0.56436,-0.42036,0.45944,199.89600
0.10185,0.11331,0.08692,0.54200,0.56442,-0.42029,0.45937,199.99600
0.10185,0.11321,0.08690,0.54206,0.56448,-0.42022,0.45929,200.09600
0.10186,0.11311,0.08687,0.54211,0.56454,-0.42015,0.45922,200.19600
0.10187,0.11302,0.08685,0.54216,0.56460,-0.42008,0.45915,200.29600
0.10187,0.11292,0.08683,0.54222,0.56466,-0.42001,0.45907,200.39600
0.10188,0.11283,0.08681,0.54228,0.56472,-0.41994,0.45900,200.49600
0.10189,0.11273,0.08678,0.54233,0.56478,-0.41986,0.45892,200.59600
0.10189,0.11264,0.08676,0.54239,0.56484,-0.41979,0.45885,200.69600
0.10190,0.11254,0.08673,0.54244,0.56490,-0.41973,0.45878,200.79600
0.10190,0.11244,0.08671,0.54250,0.56496,-0.41965,0.45870,200.89600
0.10191,0.11234,0.08669,0.54255,0.56502,-0.41958,0.45863,200.99600
0.10192,0.11225,0.08667,0.54261,0.56508,-0.41951,0.45856,201.09600
0.10192,0.11215,0.08665,0.54266,0.56514,-0.41944,0.45849,201.19600
0.10193,0.11205,0.08663,0.54271,0.56520,-0.41937,0.45841,201.29600
0.10194,0.11195,0.08660,0.54277,0.56526,-0.41930,0.45833,201.39600
0.10194,0.11186,0.08658,0.54283,0.56532,-0.41923,0.45826,201.49600
0.10195,0.11176,0.08655,0.54288,0.56538,-0.41916,0.45819,201.59600
0.10195,0.11166,0.08653,0.54293,0.56544,-0.41909,0.45812,201.69600
0.10196,0.11156,0.08651,0.54299,0.56550,-0.41902,0.45804,201.79600
0.10197,0.11146,0.08648,0.54304,0.56556,-0.41894,0.45796,201.89600
0.10197,0.11137,0.08646,0.54310,0.56562,-0.41887,0.45789,201.99600
0.10198,0.11127,0.08644,0.54315,0.56568,-0.41880,0.45782,202.09600
0.10199,0.11117,0.08642,0.54320,0.56574,-0.41873,0.45775,202.19600
0.10199,0.11107,0.08640,0.54326,0.56580,-0.41866,0.45767,202.29600
0.10200,0.11098,0.08637,0.54332,0.56586,-0.41859,0.45759,202.39600
0.10201,0.11088,0.08635,0.54337,0.56592,-0.41852,0.45753,202.49600
0.10201,0.11078,0.08633,0.54342,0.56598,-0.41845,0.45745,202.59600
0.10202,0.11068,0.08630,0.54348,0.56604,-0.41838,0.45738,202.69600
0.10202,0.11059,0.08628,0.54354,0.56610,-0.41830,0.45730,202.79600
0.10203,0.11050,0.08625,0.54359,0.56616,-0.41824,0.45723,202.89600
0.10204,0.11040,0.08623,0.54364,0.56621,-0.41817,0.45716,202.99600
0.10204,0.11030,0.08621,0.54370,0.56627,-0.41809,0.45708,203.09600
0.10205,0.11021,0.08619,0.54375,0.56633,-0.41802,0.45701,203.19600
0.10206,0.11011,0.08616,0.54381,0.56639,-0.41795,0.45693,203.29600
0.10206,0.11001,0.08614,0.54386,0.56645,-0.41788,0.45686,203.39600
0.10207,0.10991,0.08612,0.54392,0.56651,-0.41781,0.45678,203.49600
0.10207,0.10982,0.08610,0.54397,0.56657,-0.41774,0.45671,203.59600
0.10208,0.10972,0.08606,0.54403,0.56663,-0.41767,0.45664,203.69600
0.10209,0.10962,0.08604,0.54408,0.56669,-0.41760,0.45656,203.79600
0.10209,0.10952,0.08602,0.54413,0.56675,-0.41752,0.45649,203.89600
0.10210,0.10943,0.08600,0.54419,0.56681,-0.41745,0.45641,203.99600
0.10211,0.10933,0.08597,0.54424,0.56687,-0.41739,0.45635,204.09600
0.10211,0.10923,0.08595,0.54430,0.56693,-0.41731,0.45627,204.19600
0.10212,0.10914,0.08593,0.54435,0.56699,-0.41724,0.45619,204.29600
0.10212,0.10904,0.08591,0.54441,0.56705,-0.41717,0.45612,204.39600
0.10213,0.10894,0.08588,0.54446,0.56711,-0.41710,0.45605,204.49600
0.10214,0.10884,0.08586,0.54452,0.56717,-0.41703,0.45597,204.59600
0.10214,0.10875,0.08584,0.54457,0.56723,-0.41695,0.45589,204.69600
0.10215,0.10865,0.08581,0.54463,0.56729,-0.41688,0.45582,204.79600
0.10216,0.10855,0.08578,0.54468,0.56735,-0.41682,0.45575,204.89600
0.10216,0.10845,0.08576,0.54473,0.56740,-0.41675,0.45568,204.99600
0.10217,0.10836,0.08574,0.54479,0.56747,-0.41667,0.45560,205.09600
0.10218,0.10827,0.08571,0.54484,0.56752,-0.41660,0.45553,205.19600
0.10218,0.10817,0.08569,0.54489,0.56758,-0.41653,0.45545,205.29600
0.10219,0.10807,0.08567,0.54495,0.56764,-0.41646,0.45538,205.39600
0.10219,0.10798,0.08565,0.54501,0.56771,-0.41638,0.45530,205.49600
0.10220,0.10788,0.08562,0.54506,0.56776,-0.41632,0.45523,205.59600
0.10221,0.10778,0.08560,0.54511,0.56782,-0.41625,0.45516,205.69600
0.10221,0.10768,0.08557,0.54517,0.56788,-0.41618,0.45508,205.79600
0.10222,0.10759,0.08554,0.54523,0.56795,-0.41610,0.45500,205.89600
0.10223,0.10749,0.08552,0.54528,0.56800,-0.41603,0.45493,205.99600
0.10223,0.10739,0.08550,0.54533,0.56806,-0.41596,0.45486,206.09600
0.10224,0.10730,0.08548,0.54538,0.56812,-0.41589,0.45479,206.19600
0.10224,0.10720,0.08545,0.54544,0.56818,-0.41581,0.45471,206.29600
0.10225,0.10710,0.08543,0.54549,0.56824,-0.41575,0.45464,206.39600
0.10226,0.10700,0.08541,0.54555,0.56830,-0.41568,0.45456,206.49600
0.10226,0.10691,0.08538,0.54560,0.56836,-0.41561,0.45449,206.59600
0.10227,0.10681,0.08536,0.54566,0.56842,-0.41553,0.45441,206.69600
0.10228,0.10671,0.08534,0.54571,0.56848,-0.41546,0.45434,206.79600
0.10228,0.10661,0.08530,0.54577,0.56854,-0.41539,0.45427,206.89600
0.10229,0.10652,0.08528,0.54582,0.56860,-0.41532,0.45419,206.99600
0.10230,0.10642,0.08526,0.54587,0.56866,-0.41525,0.45412,207.09600
0.10230,0.10632,0.08523,0.54593,0.56871,-0.41518,0.45404,207.19600
0.10231,0.10623,0.08521,0.54598,0.56877,-0.41511,0.45397,207.29600
0.10231,0.10613,0.08519,0.54603,0.56883,-0.41504,0.45390,207.39600
0.10232,0.10604,0.08516,0.54609,0.56889,-0.41496,0.45382,207.49600
0.10233,0.10594,0.08514,0.54615,0.56895,-0.41489,0.45374,207.59600
0.10233,0.10585,0.08512,0.54620,0.56901,-0.41482,0.45367,207.69600
0.10234,0.10575,0.08509,0.54625,0.56907,-0.41475,0.45360,207.79600
0.10235,0.10565,0.08506,0.54631,0.56913,-0.41468,0.45352,207.89600
0.10235,0.10556,0.08504,0.54636,0.56919,-0.41460,0.45345,207.99600
0.10236,0.10546,0.08501,0.54641,0.56924,-0.41454,0.45338,208.09600
0.10236,0.10536,0.08499,0.54647,0.56930,-0.41447,0.45330,208.19600
0.10237,0.10526,0.08496,0.54653,0.56937,-0.41439,0.45322,208.29600
0.10238,0.10517,0.08494,0.54658,0.56942,-0.41432,0.45315,208.39600
0.10238,0.10507,0.08492,0.54663,0.56948,-0.41425,0.45308,208.49600
0.10239,0.10497,0.08489,0.54668,0.56954,-0.41418,0.45300,208.59600
0.10240,0.10487,0.08487,0.54674,0.56960,-0.41410,0.45292,208.69600
0.10240,0.10478,0.08485,0.54679,0.56966,-0.41404,0.45286,208.79600
0.10241,0.10468,0.08482,0.54685,0.56972,-0.41397,0.45278,208.89600
0.10242,0.10458,0.08479,0.54690,0.56978,-0.41389,0.45271,208.99600
0.10242,0.10449,0.08477,0.54696,0.56984,-0.41382,0.45263,209.09600
0.10243,0.10439,0.08474,0.54701,0.56990,-0.41375,0.45256,209.19600
0.10243,0.10429,0.08472,0.54706,0.56996,-0.41368,0.45248,209.29600
0.10244,0.10419,0.08469,0.54711,0.57001,-0.41361,0.45241,209.39600
0.10245,0.10410,0.08467,0.54717,0.57007,-0.41354,0.45233,209.49600
0.10245,0.10400,0.08465,0.54723,0.57013,-0.41346,0.45226,209.59600
0.10246,0.10391,0.08462,0.54728,0.57019,-0.41339,0.45218,209.69600
0.10247,0.10382,0.08460,0.54734,0.57025,-0.41332,0.45211,209.79600
0.10247,0.10372,0.08457,0.54739,0.57031,-0.41325,0.45203,209.89600
0.10248,0.10362,0.08454,0.54744,0.57037,-0.41318,0.45196,209.99600
0.10248,0.10353,0.08452,0.54749,0.57043,-0.41311,0.45189,210.09600
0.10249,0.10343,0.08449,0.54755,0.57049,-0.41303,0.45181,210.19600
0.10250,0.10333,0.08447,0.54761,0.57055,-0.41296,0.45174,210.29600
0.10250,0.10323,0.08444,0.54766,0.57060,-0.41290,0.45167,210.39600
0.10251,0.10314,0.08442,0.54771,0.57066,-0.41282,0.45159,210.49600
0.10252,0.10304,0.08439,0.54777,0.57073,-0.41275,0.45151,210.59600
0.10252,0.10294,0.08437,0.54782,0.57078,-0.41268,0.45144,210.69600
0.10253,0.10285,0.08435,0.54787,0.57084,-0.41261,0.45137,210.79600
0.10254,0.10275,0.08432,0.54793,0.57090,-0.41253,0.45129,210.89600
0.10254,0.10265,0.08430,0.54798,0.57096,-0.41247,0.45122,210.99600
0.10255,0.10256,0.08426,0.54803,0.57102,-0.41239,0.45114,211.09600
0.10255,0.10246,0.08424,0.54809,0.57108,-0.41232,0.45107,211.19600
0.10256,0.10236,0.08421,0.54815,0.57114,-0.41224,0.45099,211.29600
0.10257,0.10226,0.08419,0.54820,0.57119,-0.41218,0.45092,211.39600
0.10257,0.10217,0.08417,0.54825,0.57125,-0.41211,0.45084,211.49600
0.10258,0.10207,0.08414,0.54830,0.57131,-0.41204,0.45077,211.59600
0.10259,0.10197,0.08412,0.54836,0.57137,-0.41196,0.45069,211.69600
0.10259,0.10188,0.08409,0.54841,0.57143,-0.41189,0.45062,211.79600
0.10260,0.10179,0.08407,0.54847,0.57149,-0.41182,0.45055,211.89600
0.10261,0.10169,0.08404,0.54852,0.57155,-0.41175,0.45047,211.99600
0.10261,0.10160,0.08401,0.54857,0.57161,-0.41168,0.45039,212.09600
0.10262,0.10150,0.08398,0.54863,0.57167,-0.41160,0.45032,212.19600
0.10262,0.10140,0.08396,0.54868,0.57172,-0.41154,0.45025,212.29600
0.10263,0.10130,0.08394,0.54874,0.57178,-0.41146,0.45017,212.39600
0.10264,0.10121,0.08391,0.54879,0.57184,-0.41139,0.45010,212.49600
0.10264,0.10111,0.08389,0.54884,0.57190,-0.41132,0.45003,212.59600
0.10265,0.10101,0.08386,0.54890,0.57196,-0.41124,0.44995,212.69600
0.10266,0.10092,0.08384,0.54895,0.57202,-0.41117,0.44987,212.79600
0.10266,0.10082,0.08381,0.54900,0.57207,-0.41111,0.44980,212.89600
0.10267,0.10072,0.08379,0.54905,0.57213,-0.41103,0.44973,212.99600
0.10267,0.10063,0.08376,0.54911,0.57220,-0.41096,0.44965,213.09600
0.10268,0.10053,0.08373,0.54916,0.57225,-0.41089,0.44958,213.19600
0.10269,0.10043,0.08370,0.54922,0.57231,-0.41082,0.44950,213.29600
0.10269,0.10034,0.08368,0.54927,0.57237,-0.41075,0.44943,213.39600
0.10270,0.10024,0.08365,0.54932,0.57243,-0.41067,0.44935,213.49600
0.10271,0.10014,0.08363,0.54938,0.57249,-0.41060,0.44928,213.59600
0.10271,0.10005,0.08360,0.54943,0.57255,-0.41053,0.44920,213.69600
0.10272,0.09995,0.08358,0.54949,0.57260,-0.41046,0.44913,213.79600
0.10273,0.09985,0.08355,0.54954,0.57266,-0.41039,0.44905,213.89600
0.10273,0.09975,0.08353,0.54959,0.57272,-0.41032,0.44898,213.99600
0.10274,0.09967,0.08350,0.54965,0.57278,-0.41024,0.44890,214.09600
0.10274,0.09957,0.08347,0.54970,0.57284,-0.41017,0.44883,214.19600
0.10275,0.09947,0.08344,0.54975,0.57289,-0.41010,0.44876,214.29600
0.10276,0.09938,0.08342,0.54981,0.57296,-0.41003,0.44868,214.39600
0.10276,0.09928,0.08339,0.54986,0.57302,-0.40995,0.44860,214.49600
0.10277,0.09918,0.08337,0.54991,0.57307,-0.40989,0.44853,214.59600
0.10278,0.09909,0.08334,0.54997,0.57313,-0.40981,0.44845,214.69600
0.10278,0.09899,0.08332,0.55002,0.57319,-0.40974,0.44838,214.79600
0.10279,0.09889,0.08329,0.55007,0.57325,-0.40967,0.44831,214.89600
0.10279,0.09880,0.08327,0.55013,0.57331,-0.40960,0.44823,214.99600
0.10280,0.09870,0.08324,0.55018,0.57337,-0.40952,0.44815,215.09600
0.10281,0.09860,0.08321,0.55023,0.57342,-0.40945,0.44808,215.19600
0.10281,0.09851,0.08318,0.55029,0.57348,-0.40938,0.44801,215.29600
0.10282,0.09841,0.08315,0.55034,0.57354,-0.40931,0.44793,215.39600
0.10283,0.09831,0.08313,0.55039,0.57360,-0.40924,0.44786,215.49600
0.10283,0.09822,0.08310,0.55045,0.57366,-0.40917,0.44778,215.59600
0.10284,0.09812,0.08308,0.55050,0.57372,-0.40909,0.44770,215.69600
0.10285,0.09802,0.08305,0.55056,0.57378,-0.40902,0.44763,215.79600
0.10285,0.09793,0.08303,0.55061,0.57383,-0.40895,0.44755,215.89600
0.10286,0.09783,0.08300,0.55066,0.57389,-0.40888,0.44748,215.99600
0.10286,0.09773,0.08298,0.55072,0.57395,-0.40881,0.44740,216.09600
0.10287,0.09764,0.08295,0.55077,0.57401,-0.40873,0.44733,216.19600
0.10288,0.09755,0.08291,0.55082,0.57407,-0.40866,0.44725,216.29600
0.10288,0.09745,0.08289,0.55088,0.57413,-0.40859,0.44718,216.39600
0.10289,0.09736,0.08286,0.55093,0.57418,-0.40852,0.44711,216.49600
0.10290,0.09726,0.08284,0.55098,0.57424,-0.40845,0.44703,216.59600
0.10290,0.09716,0.08281,0.55104,0.57430,-0.40837,0.44695,216.69600
0.10291,0.09707,0.08279,0.55109,0.57436,-0.40831,0.44688,216.79600
0.10292,0.09697,0.08276,0.55114,0.57442,-0.40823,0.44681,216.89600
0.10292,0.09687,0.08273,0.55120,0.57448,-0.40816,0.44673,216.99600
0.10293,0.09678,0.08271,0.55125,0.57453,-0.40809,0.44666,217.09600
0.10293,0.09668,0.08268,0.55130,0.57459,-0.40802,0.44658,217.19600
0.10294,0.09658,0.08266,0.55135,0.57465,-0.40794,0.44651,217.29600
0.10295,0.09649,0.08262,0.55141,0.57471,-0.40787,0.44643,217.39600
0.10295,0.09639,0.08259,0.55146,0.57477,-0.40780,0.44636,217.49600
0.10296,0.09629,0.08257,0.55151,0.57483,-0.40773,0.44628,217.59600
0.10297,0.09620,0.08254,0.55157,0.57488,-0.40765,0.44620,217.69600
0.10297,0.09610,0.08252,0.55162,0.57494,-0.40759,0.44613,217.79600
0.10298,0.09600,0.08249,0.55168,0.57500,-0.40751,0.44605,217.89600
0.10298,0.09591,0.08246,0.55173,0.57506,-0.40744,0.44598,217.99600
0.10299,0.09581,0.08244,0.55178,0.57511,-0.40737,0.44591,218.09600
0.10300,0.09571,0.08241,0.55184,0.57518,-0.40729,0.44583,218.19600
0.10300,0.09562,0.08239,0.55189,0.57523,-0.40722,0.44575,218.29600
0.10301,0.09553,0.08235,0.55194,0.57529,-0.40715,0.44568,218.39600
0.10302,0.09544,0.08232,0.55200,0.57535,-0.40708,0.44560,218.49600
0.10302,0.09534,0.08230,0.55204,0.57541,-0.40701,0.44553,218.59600
0.10303,0.09524,0.08227,0.55210,0.57546,-0.40694,0.44546,218.69600
0.10304,0.09515,0.08225,0.55216,0.57553,-0.40686,0.44537,218.79600
0.10304,0.09505,0.08222,0.55220,0.57558,-0.40679,0.44530,218.89600
0.10305,0.09495,0.08219,0.55226,0.57564,-0.40672,0.44523,218.99600
0.10305,0.09486,0.08217,0.55231,0.57570,-0.40665,0.44515,219.09600
0.10306,0.09476,0.08214,0.55236,0.57576,-0.40657,0.44508,219.19600
0.10307,0.09466,0.08211,0.55242,0.57581,-0.40650,0.44500,219.29600
0.10307,0.09457,0.08209,0.55247,0.57587,-0.40643,0.44493,219.39600
0.10308,0.09447,0.08205,0.55252,0.57593,-0.40636,0.44485,219.49600
0.10309,0.09437,0.08202,0.55257,0.57599,-0.40629,0.44478,219.59600
0.10309,0.09428,0.08200,0.55263,0.57605,-0.40621,0.44470,219.69600
0.10310,0.09418,0.08197,0.55268,0.57611,-0.40614,0.44463,219.79600
0.10311,0.09408,0.08194,0.55273,0.57616,-0.40607,0.44456,219.89600
0.10311,0.09399,0.08192,0.55279,0.57622,-0.40599,0.44447,219.99600
0.10312,0.09389,0.08189,0.55284,0.57628,-0.40593,0.44440,220.09600
0.10312,0.09380,0.08187,0.55289,0.57633,-0.40586,0.44433,220.19600
0.10313,0.09370,0.08184,0.55295,0.57640,-0.40578,0.44425,220.29600
0.10314,0.09360,0.08181,0.55300,0.57645,-0.40571,0.44418,220.39600
0.10314,0.09351,0.08178,0.55305,0.57651,-0.40564,0.44410,220.49600
0.10315,0.09342,0.08175,0.55311,0.57657,-0.40556,0.44403,220.59600
0.10316,0.09332,0.08172,0.55316,0.57663,-0.40549,0.44395,220.69600
0.10316,0.09323,0.08169,0.55321,0.57669,-0.40542,0.44387,220.79600
0.10317,0.09313,0.08167,0.55327,0.57674,-0.40535,0.44380,220.89600
0.10318,0.09303,0.08164,0.55332,0.57680,-0.40528,0.44372,220.99600
0.10318,0.09294,0.08161,0.55337,0.57686,-0.40520,0.44365,221.09600
0.10319,0.09284,0.08159,0.55343,0.57692,-0.40513,0.44357,221.19600
0.10319,0.09275,0.08156,0.55347,0.57697,-0.40506,0.44350,221.29600
0.10320,0.09265,0.08153,0.55353,0.57703,-0.40498,0.44342,221.39600
0.10321,0.09255,0.08151,0.55358,0.57709,-0.40491,0.44335,221.49600
0.10321,0.09246,0.08147,0.55363,0.57715,-0.40484,0.44328,221.59600
0.10322,0.09236,0.08144,0.55369,0.57721,-0.40477,0.44319,221.69600
0.10323,0.09226,0.08142,0.55374,0.57726,-0.40470,0.44312,221.79600
0.10323,0.09217,0.08139,0.55379,0.57732,-0.40463,0.44305,221.89600
0.10324,0.09207,0.08136,0.55385,0.57738,-0.40455,0.44297,221.99600
0.10324,0.09198,0.08133,0.55390,0.57744,-0.40448,0.44290,222.09600
0.10325,0.09188,0.08131,0.55395,0.57749,-0.40441,0.44282,222.19600
0.10326,0.09178,0.08128,0.55401,0.57755,-0.40434,0.44274,222.29600
0.10326,0.09169,0.08125,0.55406,0.57761,-0.40426,0.44267,222.39600
0.10327,0.09159,0.08123,0.55411,0.57767,-0.40419,0.44259,222.49600
0.10328,0.09150,0.08119,0.55416,0.57773,-0.40412,0.44252,222.59600
0.10328,0.09141,0.08116,0.55421,0.57778,-0.40405,0.44245,222.69600
0.10329,0.09131,0.08113,0.55427,0.57784,-0.40397,0.44237,222.79600
0.10329,0.09122,0.08111,0.55432,0.57790,-0.40390,0.44229,222.89600
0.10330,0.09112,0.08108,0.55437,0.57795,-0.40383,0.44222,222.99600
0.10331,0.09102,0.08105,0.55443,0.57802,-0.40375,0.44214,223.09600
0.10331,0.09093,0.08102,0.55448,0.57807,-0.40369,0.44207,223.19600
0.10332,0.09083,0.08100,0.55453,0.57813,-0.40361,0.44199,223.29600
0.10333,0.09073,0.08097,0.55459,0.57819,-0.40354,0.44192,223.39600
0.10333,0.09064,0.08094,0.55464,0.57824,-0.40347,0.44184,223.49600
0.10334,0.09054,0.08092,0.55469,0.57830,-0.40339,0.44176,223.59600
0.10335,0.09045,0.08088,0.55474,0.57836,-0.40332,0.44169,223.69600
0.10335,0.09035,0.08085,0.55480,0.57842,-0.40325,0.44161,223.79600
0.10336,0.09025,0.08082,0.55485,0.57848,-0.40318,0.44154,223.89600
0.10336,0.09016,0.08080,0.55490,0.57853,-0.40310,0.44146,223.99600
0.10337,0.09006,0.08077,0.55495,0.57859,-0.40304,0.44139,224.09600
0.10338,0.08997,0.08074,0.55501,0.57865,-0.40296,0.44131,224.19600
0.10338,0.08987,0.08071,0.55506,0.57870,-0.40289,0.44124,224.29600
0.10339,0.08977,0.08068,0.55511,0.57877,-0.40281,0.44116,224.39600
0.10340,0.08968,0.08066,0.55516,0.57882,-0.40274,0.44109,224.49600
0.10340,0.08958,0.08063,0.55522,0.57888,-0.40267,0.44101,224.59600
0.10341,0.08950,0.08060,0.55527,0.57894,-0.40259,0.44093,224.69600
0.10342,0.08940,0.08056,0.55532,0.57899,-0.40253,0.44086,224.79600
0.10342,0.08930,0.08054,0.55537,0.57905,-0.40245,0.44078,224.89600
0.10343,0.08921,0.08051,0.55543,0.57911,-0.40238,0.44071,224.99600
0.10343,0.08911,0.08048,0.55548,0.57917,-0.40231,0.44063,225.09600
0.10344,0.08901,0.08045,0.55553,0.57923,-0.40223,0.44055,225.19600
0.10345,0.08892,0.08042,0.55559,0.57928,-0.40216,0.44048,225.29600
0.10345,0.08882,0.08040,0.55563,0.57934,-0.40209,0.44041,225.39600
0.10346,0.08873,0.08037,0.55569,0.57940,-0.40202,0.44033,225.49600
0.10347,0.08863,0.08034,0.55574,0.57945,-0.40195,0.44026,225.59600
0.10347,0.08853,0.08031,0.55580,0.57951,-0.40187,0.44017,225.69600
0.10348,0.08844,0.08027,0.55585,0.57957,-0.40180,0.44010,225.79600
0.10349,0.08834,0.08025,0.55590,0.57963,-0.40173,0.44003,225.89600
0.10349,0.08825,0.08022,0.55596,0.57969,-0.40165,0.43995,225.99600
0.10350,0.08815,0.08019,0.55600,0.57974,-0.40158,0.43988,226.09600
0.10350,0.08805,0.08016,0.55606,0.57980,-0.40151,0.43980,226.19600
0.10351,0.08796,0.08013,0.55611,0.57986,-0.40144,0.43972,226.29600
0.10352,0.08786,0.08011,0.55616,0.57991,-0.40137,0.43965,226.39600
0.10352,0.08777,0.08008,0.55622,0.57997,-0.40129,0.43957,226.49600
0.10353,0.08767,0.08005,0.55627,0.58003,-0.40122,0.43949,226.59600
0.10354,0.08759,0.08002,0.55632,0.58008,-0.40115,0.43942,226.69600
0.10354,0.08749,0.07999,0.55637,0.58015,-0.40107,0.43934,226.79600
0.10355,0.08739,0.07995,0.55642,0.58020,-0.40100,0.43927,226.89600
0.10356,0.08730,0.07993,0.55648,0.58026,-0.40093,0.43919,226.99600
0.10356,0.08720,0.07990,0.55653,0.58031,-0.40086,0.43912,227.09600
0.10357,0.08711,0.07987,0.55658,0.58037,-0.40079,0.43904,227.19600
0.10357,0.08701,0.07984,0.55663,0.58043,-0.40071,0.43897,227.29600
0.10358,0.08691,0.07981,0.55668,0.58049,-0.40064,0.43889,227.39600
0.10359,0.08682,0.07978,0.55674,0.58055,-0.40056,0.43881,227.49600
0.10359,0.08672,0.07976,0.55679,0.58060,-0.40049,0.43874,227.59600
0.10360,0.08663,0.07973,0.55684,0.58066,-0.40042,0.43866,227.69600
0.10361,0.08653,0.07970,0.55690,0.58072,-0.40035,0.43859,227.79600
0.10361,0.08643,0.07966,0.55695,0.58077,-0.40027,0.43851,227.89600
0.10362,0.08634,0.07963,0.55700,0.58083,-0.40020,0.43843,227.99600
0.10363,0.08624,0.07960,0.55705,0.58089,-0.40013,0.43836,228.09600
0.10363,0.08615,0.07957,0.55710,0.58094,-0.40006,0.43829,228.19600
0.10364,0.08605,0.07955,0.55716,0.58101,-0.39998,0.43820,228.29600
0.10364,0.08596,0.07952,0.55721,0.58106,-0.39991,0.43813,228.39600
0.10365,0.08586,0.07949,0.55726,0.58112,-0.39983,0.43805,228.49600
0.10366,0.08576,0.07946,0.55731,0.58117,-0.39977,0.43798,228.59600
0.10366,0.08568,0.07943,0.55736,0.58123,-0.39969,0.43791,228.69600
0.10367,0.08558,0.07940,0.55742,0.58129,-0.39962,0.43783,228.79600
0.10368,0.08549,0.07937,0.55747,0.58135,-0.39955,0.43775,228.89600
0.10368,0.08539,0.07933,0.55752,0.58140,-0.39947,0.43768,228.99600
0.10369,0.08530,0.07931,0.55757,0.58146,-0.39940,0.43760,229.09600
0.10369,0.08520,0.07928,0.55762,0.58151,-0.39933,0.43753,229.19600
0.10370,0.08510,0.07925,0.55768,0.58158,-0.39925,0.43745,229.29600
0.10371,0.08501,0.07922,0.55773,0.58163,-0.39919,0.43738,229.39600
0.10371,0.08491,0.07919,0.55778,0.58169,-0.39911,0.43729,229.49600
0.10372,0.08482,0.07916,0.55783,0.58174,-0.39904,0.43722,229.59600
0.10373,0.08472,0.07913,0.55789,0.58181,-0.39896,0.43714,229.69600
0.10373,0.08463,0.07910,0.55794,0.58186,-0.39889,0.43707,229.79600
0.10374,0.08453,0.07907,0.55799,0.58192,-0.39882,0.43699,229.89600
0.10375,0.08443,0.07905,0.55804,0.58197,-0.39875,0.43692,229.99600
0.10375,0.08434,0.07901,0.55809,0.58203,-0.39867,0.43684,230.09600
0.10376,0.08424,0.07898,0.55815,0.58209,-0.39860,0.43676,230.19600
0.10376,0.08415,0.07895,0.55820,0.58215,-0.39853,0.43669,230.29600
0.10377,0.08405,0.07892,0.55825,0.58220,-0.39846,0.43662,230.39600
0.10378,0.08396,0.07889,0.55830,0.58226,-0.39838,0.43653,230.49600
0.10378,0.08386,0.07886,0.55835,0.58231,-0.39831,0.43646,230.59600
0.10379,0.08377,0.07883,0.55841,0.58238,-0.39823,0.43638,230.69600
0.10380,0.08368,0.07880,0.55846,0.58243,-0.39817,0.43631,230.79600
0.10380,0.08358,0.07877,0.55851,0.58249,-0.39809,0.43623,230.89600
0.10381,0.08349,0.07874,0.55856,0.58254,-0.39802,0.43616,230.99600
0.10382,0.08339,0.07870,0.55861,0.58260,-0.39795,0.43608,231.09600
0.10382,0.08330,0.07867,0.55867,0.58266,-0.39787,0.43600,231.19600
0.10383,0.08320,0.07865,0.55872,0.58271,-0.39780,0.43593,231.29600
0.10383,0.08311,0.07862,0.55877,0.58277,-0.39772,0.43585,231.39600
0.10384,0.08301,0.07859,0.55882,0.58283,-0.39765,0.43577,231.49600
0.10385,0.08291,0.07856,0.55888,0.58289,-0.39758,0.43570,231.59600
0.10385,0.08282,0.07853,0.55893,0.58294,-0.39750,0.43562,231.69600
0.10386,0.08272,0.07850,0.55898,0.58300,-0.39744,0.43555,231.79600
0.10387,0.08263,0.07847,0.55903,0.58306,-0.39736,0.43547,231.89600
0.10387,0.08253,0.07844,0.55908,0.58311,-0.39729,0.43540,231.99600
0.10388,0.08244,0.07841,0.55913,0.58317,-0.39722,0.43532,232.09600
0.10389,0.08234,0.07837,0.55918,0.58323,-0.39714,0.43524,232.19600
0.10389,0.08225,0.07834,0.55924,0.58328,-0.39707,0.43517,232.29600
0.10390,0.08215,0.07831,0.55929,0.58334,-0.39700,0.43509,232.39600
0.10390,0.08205,0.07828,0.55934,0.58339,-0.39693,0.43502,232.49600
0.10391,0.08196,0.07825,0.55939,0.58346,-0.39685,0.43494,232.59600
0.10392,0.08187,0.07822,0.55944,0.58351,-0.39678,0.43487,232.69600
0.10392,0.08178,0.07819,0.55950,0.58357,-0.39670,0.43478,232.79600
0.10393,0.08169,0.07816,0.55955,0.58362,-0.39663,0.43471,232.89200
0.10394,0.08160,0.07814,0.55959,0.58368,-0.39656,0.43464,232.98400
0.10394,0.08151,0.07811,0.55964,0.58372,-0.39650,0.43458,233.07200
0.10395,0.08143,0.07808,0.55968,0.58377,-0.39645,0.43452,233.15600
0.10395,0.08136,0.07805,0.55972,0.58382,-0.39638,0.43445,233.23600
0.10396,0.08129,0.07803,0.55976,0.58386,-0.39633,0.43439,233.31200
0.10396,0.08122,0.07801,0.55980,0.58390,-0.39628,0.43434,233.38400
0.10397,0.08115,0.07799,0.55983,0.58394,-0.39623,0.43429,233.45200
0.10397,0.08109,0.07797,0.55987,0.58397,-0.39618,0.43424,233.51600
0.10397,0.08103,0.07795,0.55990,0.58401,-0.39613,0.43419,233.57600
0.10398,0.08098,0.07793,0.55993,0.58404,-0.39609,0.43415,233.63200
0.10398,0.08093,0.07792,0.55996,0.58407,-0.39606,0.43411,233.68400
0.10398,0.08088,0.07790,0.55998,0.58410,-0.39602,0.43408,233.73200
0.10399,0.08084,0.07789,0.56000,0.58412,-0.39599,0.43404,233.77600
0.10399,0.08080,0.07788,0.56003,0.58415,-0.39595,0.43400,233.81600
0.10399,0.08077,0.07787,0.56004,0.58416,-0.39594,0.43399,233.85200
0.10399,0.08074,0.07786,0.56006,0.58419,-0.39591,0.43396,233.88400
0.10399,0.08071,0.07785,0.56008,0.58420,-0.39589,0.43393,233.91200
0.10400,0.08069,0.07784,0.56009,0.58422,-0.39587,0.43391,233.93600
0.10400,0.08067,0.07783,0.56010,0.58422,-0.39586,0.43390,233.95600
0.10400,0.08066,0.07783,0.56010,0.58423,-0.39585,0.43389,233.97200
0.10400,0.08064,0.07783,0.56011,0.58424,-0.39583,0.43388,233.98400
0.10400,0.08064,0.07782,0.56012,0.58425,-0.39583,0.43387,233.99200
0.10400,0.08063,0.07782,0.56012,0.58425,-0.39583,0.43387,233.99600
0.10400,0.08063,0.07782,0.56012,0.58425,-0.39583,0.43387,233.99600
0.10400,0.08064,0.07782,0.56012,0.58425,-0.39583,0.43387,234.00000
