x,y,z,qx,qy,qz,qw,u
0.05660,0.15181,0.14098,0.50184,0.50155,-0.48631,0.51001,0.00000
0.05660,0.15178,0.14098,0.50184,0.50155,-0.48631,0.51001,0.06301
0.05661,0.15175,0.14098,0.50184,0.50155,-0.48631,0.51001,0.09466
0.05661,0.15172,0.14098,0.50184,0.50155,-0.48631,0.51001,0.12643
0.05661,0.15168,0.14098,0.50184,0.50155,-0.48631,0.51001,0.15831
0.05661,0.15165,0.14098,0.50184,0.50155,-0.48631,0.51001,0.19031
0.05661,0.15162,0.14098,0.50184,0.50155,-0.48631,0.51001,0.22242
0.05661,0.15160,0.14098,0.50184,0.50155,-0.48631,0.51001,0.25464
0.05661,0.15156,0.14098,0.50184,0.50155,-0.48631,0.51001,0.28697
0.05661,0.15153,0.14098,0.50184,0.50155,-0.48631,0.51001,0.31940
0.05661,0.15150,0.14098,0.50184,0.50155,-0.48631,0.51001,0.35195
0.05661,0.15147,0.14098,0.50184,0.50155,-0.48631,0.51001,0.38459
0.05661,0.15143,0.14098,0.50184,0.50155,-0.48631,0.51001,0.41734
0.05661,0.15140,0.14098,0.50184,0.50155,-0.48631,0.51001,0.45020
0.05661,0.15137,0.14098,0.50184,0.50155,-0.48631,0.51001,0.48315
0.05662,0.15134,0.14098,0.50184,0.50155,-0.48631,0.51001,0.51620
0.05662,0.15130,0.14097,0.50184,0.50155,-0.48631,0.51001,0.54934
0.05662,0.15127,0.14097,0.50184,0.50155,-0.48631,0.51001,0.58259
0.05662,0.15124,0.14097,0.50184,0.50155,-0.48631,0.51001,0.61592
0.05662,0.15120,0.14097,0.50184,0.50155,-0.48631,0.51001,0.64935
0.05662,0.15117,0.14097,0.50184,0.50155,-0.48631,0.51001,0.68286
0.05662,0.15114,0.14097,0.50184,0.50155,-0.48631,0.51001,0.71647
0.05662,0.15110,0.14097,0.50184,0.50155,-0.48631,0.51001,0.75016
0.05662,0.15107,0.14097,0.50184,0.50155,-0.48631,0.51001,0.78393
0.05662,0.15103,0.14097,0.50184,0.50155,-0.48631,0.51001,0.81779
0.05662,0.15100,0.14097,0.50184,0.50155,-0.48631,0.51001,0.85172
0.05662,0.15097,0.14097,0.50184,0.50155,-0.48631,0.51001,0.88574
0.05662,0.15093,0.14097,0.50184,0.50155,-0.48631,0.51001,0.91983
0.05663,0.15090,0.14097,0.50184,0.50155,-0.48631,0.51001,0.95399
0.05663,0.15086,0.14097,0.50184,0.50155,-0.48631,0.51001,0.98822
0.05663,0.15083,0.14097,0.50184,0.50155,-0.48631,0.51001,1.02253
0.05663,0.15080,0.14097,0.50184,0.50155,-0.48631,0.51001,1.05690
0.05663,0.15076,0.14097,0.50184,0.50155,-0.48631,0.51001,1.09134
0.05663,0.15073,0.14097,0.50184,0.50155,-0.48631,0.51001,1.12584
0.05663,0.15069,0.14097,0.50184,0.50155,-0.48631,0.51001,1.16040
0.05663,0.15066,0.14097,0.50184,0.50155,-0.48631,0.51001,1.19502
0.05663,0.15062,0.14097,0.50184,0.50155,-0.48631,0.51001,1.22969
0.05663,0.15059,0.14097,0.50184,0.50155,-0.48631,0.51001,1.26442
0.05663,0.15055,0.14097,0.50184,0.50155,-0.48631,0.51001,1.29920
0.05663,0.15052,0.14097,0.50184,0.50155,-0.48631,0.51001,1.33403
0.05664,0.15048,0.14097,0.50184,0.50155,-0.48631,0.51001,1.36891
0.05664,0.15045,0.14097,0.50184,0.50155,-0.48631,0.51001,1.40383
0.05664,0.15041,0.14097,0.50184,0.50155,-0.48631,0.51001,1.43879
0.05664,0.15038,0.14097,0.50184,0.50155,-0.48631,0.51001,1.47379
0.05664,0.15034,0.14097,0.50184,0.50155,-0.48631,0.51001,1.50882
0.05664,0.15031,0.14097,0.50184,0.50155,-0.48631,0.51001,1.54389
0.05664,0.15027,0.14097,0.50184,0.50155,-0.48631,0.51001,1.57899
0.05664,0.15024,0.14097,0.50184,0.50155,-0.48631,0.51001,1.61412
0.05664,0.15020,0.14097,0.50184,0.50155,-0.48631,0.51001,1.64927
0.05664,0.15017,0.14097,0.50184,0.50155,-0.48631,0.51001,1.68444
0.05664,0.15013,0.14097,0.50184,0.50155,-0.48631,0.51001,1.71964
0.05664,0.15010,0.14097,0.50184,0.50155,-0.48631,0.51001,1.75485
0.05665,0.15006,0.14097,0.50184,0.50155,-0.48631,0.51001,1.79007
0.05665,0.15003,0.14097,0.50184,0.50155,-0.48631,0.51001,1.82531
0.05665,0.14999,0.14097,0.50184,0.50155,-0.48631,0.51001,1.86055
0.05665,0.14996,0.14097,0.50184,0.50155,-0.48631,0.51001,1.89580
0.05665,0.14992,0.14097,0.50184,0.50155,-0.48631,0.51001,1.93105
0.05665,0.14989,0.14097,0.50184,0.50155,-0.48631,0.51001,1.96630
0.05665,0.14985,0.14097,0.50184,0.50155,-0.48631,0.51001,2.00154
0.05665,0.14982,0.14096,0.50184,0.50155,-0.48631,0.51001,2.03678
0.05665,0.14978,0.14096,0.50184,0.50155,-0.48631,0.51001,2.07200
0.05665,0.14975,0.14096,0.50184,0.50155,-0.48631,0.51001,2.10722
0.05665,0.14971,0.14096,0.50184,0.50155,-0.48631,0.51001,2.14241
0.05665,0.14968,0.14096,0.50184,0.50155,-0.48631,0.51001,2.17758
0.05665,0.14964,0.14096,0.50184,0.50155,-0.48631,0.51001,2.21273
0.05666,0.14961,0.14096,0.50184,0.50155,-0.48631,0.51001,2.24786
0.05666,0.14957,0.14096,0.50184,0.50155,-0.48631,0.51001,2.28295
0.05666,0.14954,0.14096,0.50184,0.50155,-0.48631,0.51001,2.31801
0.05666,0.14950,0.14096,0.50184,0.50155,-0.48631,0.51001,2.35303
0.05666,0.14947,0.14096,0.50184,0.50155,-0.48631,0.51001,2.38801
0.05666,0.14943,0.14096,0.50184,0.50155,-0.48631,0.51001,2.42294
0.05666,0.14940,0.14096,0.50184,0.50155,-0.48631,0.51001,2.45783
0.05666,0.14936,0.14096,0.50184,0.50155,-0.48631,0.51001,2.49267
0.05666,0.14933,0.14096,0.50184,0.50155,-0.48631,0.51001,2.52745
0.05666,0.14929,0.14096,0.50184,0.50155,-0.48631,0.51001,2.56217
0.05666,0.14926,0.14096,0.50184,0.50155,-0.48631,0.51001,2.59682
0.05666,0.14922,0.14096,0.50184,0.50155,-0.48631,0.51001,2.63142
0.05667,0.14919,0.14096,0.50184,0.50155,-0.48631,0.51001,2.66594
0.05667,0.14915,0.14096,0.50184,0.50155,-0.48631,0.51001,2.70038
0.05667,0.14912,0.14096,0.50184,0.50155,-0.48631,0.51001,2.73475
0.05667,0.14908,0.14096,0.50184,0.50155,-0.48631,0.51001,2.76904
0.05667,0.14905,0.14096,0.50184,0.50155,-0.48631,0.51001,2.80324
0.05667,0.14902,0.14096,0.50184,0.50155,-0.48631,0.51001,2.83735
0.05667,0.14898,0.14096,0.50184,0.50155,-0.48631,0.51001,2.87137
0.05667,0.14895,0.14096,0.50184,0.50155,-0.48631,0.51001,2.90529
0.05667,0.14891,0.14096,0.50184,0.50155,-0.48631,0.51001,2.93911
0.05667,0.14888,0.14096,0.50184,0.50155,-0.48631,0.51001,2.97283
0.05667,0.14885,0.14096,0.50184,0.50155,-0.48631,0.51001,3.00643
0.05667,0.14881,0.14096,0.50184,0.50155,-0.48631,0.51001,3.03992
0.05668,0.14878,0.14096,0.50184,0.50155,-0.48631,0.51001,3.07329
0.05668,0.14875,0.14096,0.50184,0.50155,-0.48631,0.51001,3.10654
0.05668,0.14871,0.14096,0.50184,0.50155,-0.48631,0.51001,3.13966
0.05668,0.14868,0.14096,0.50184,0.50155,-0.48631,0.51001,3.17265
0.05668,0.14865,0.14096,0.50184,0.50155,-0.48631,0.51001,3.20551
0.05668,0.14861,0.14096,0.50184,0.50155,-0.48631,0.51001,3.23823
0.05668,0.14858,0.14096,0.50184,0.50155,-0.48631,0.51001,3.27080
0.05668,0.14855,0.14096,0.50184,0.50155,-0.48631,0.51001,3.30322
0.05668,0.14852,0.14096,0.50184,0.50155,-0.48631,0.51001,3.33550
0.05668,0.14848,0.14096,0.50184,0.50155,-0.48631,0.51001,3.36761
0.05668,0.14845,0.14096,0.50184,0.50155,-0.48631,0.51001,3.39957
0.05668,0.14842,0.14096,0.50184,0.50155,-0.48631,0.51001,3.43136
0.05668,0.14839,0.14096,0.50184,0.50155,-0.48631,0.51001,3.46298
0.05669,0.14836,0.14095,0.50184,0.50155,-0.48631,0.51001,3.49442
0.05669,0.14833,0.14095,0.50184,0.50155,-0.48631,0.51001,3.52568
0.05669,0.14829,0.14095,0.50184,0.50155,-0.48631,0.51001,3.55676
0.05669,0.14826,0.14095,0.50184,0.50155,-0.48631,0.51001,3.58766
0.05669,0.14823,0.14095,0.50184,0.50155,-0.48631,0.51001,3.61835
0.05669,0.14820,0.14095,0.50184,0.50155,-0.48631,0.51001,3.64885
0.05669,0.14817,0.14095,0.50184,0.50155,-0.48631,0.51001,3.67915
0.05669,0.14814,0.14095,0.50184,0.50155,-0.48631,0.51001,3.70924
0.05669,0.14811,0.14095,0.50184,0.50155,-0.48631,0.51001,3.73912
0.05669,0.14808,0.14095,0.50184,0.50155,-0.48631,0.51001,3.76878
0.05669,0.14805,0.14095,0.50184,0.50155,-0.48631,0.51001,3.79822
0.05669,0.14802,0.14095,0.50184,0.50155,-0.48631,0.51001,3.82744
0.05669,0.14799,0.14095,0.50184,0.50155,-0.48631,0.51001,3.85642
0.05669,0.14796,0.14095,0.50184,0.50155,-0.48631,0.51001,3.88517
0.05669,0.14794,0.14095,0.50184,0.50155,-0.48631,0.51001,3.91368
0.05670,0.14791,0.14095,0.50184,0.50155,-0.48631,0.51001,3.94194
0.05670,0.14788,0.14095,0.50184,0.50155,-0.48631,0.51001,3.96995
0.05670,0.14785,0.14095,0.50184,0.50155,-0.48631,0.51001,3.99771
0.05670,0.14782,0.14095,0.50184,0.50155,-0.48631,0.51001,4.02520
0.05670,0.14780,0.14095,0.50184,0.50155,-0.48631,0.51001,4.05243
0.05670,0.14777,0.14095,0.50184,0.50155,-0.48631,0.51001,4.07939
0.05670,0.14774,0.14095,0.50184,0.50155,-0.48631,0.51001,4.10608
0.05670,0.14772,0.14095,0.50184,0.50155,-0.48631,0.51001,4.13248
0.05670,0.14769,0.14095,0.50184,0.50155,-0.48631,0.51001,4.15860
0.05670,0.14766,0.14095,0.50184,0.50155,-0.48631,0.51001,4.18443
0.05670,0.14764,0.14095,0.50184,0.50155,-0.48631,0.51001,4.20997
0.05670,0.14761,0.14095,0.50184,0.50155,-0.48631,0.51001,4.23520
0.05670,0.14759,0.14095,0.50184,0.50155,-0.48631,0.51001,4.26014
0.05670,0.14756,0.14095,0.50184,0.50155,-0.48631,0.51001,4.28476
0.05670,0.14754,0.14095,0.50184,0.50155,-0.48631,0.51001,4.30906
0.05670,0.14751,0.14095,0.50184,0.50155,-0.48631,0.51001,4.33305
0.05671,0.14749,0.14095,0.50184,0.50155,-0.48631,0.51001,4.35671
0.05671,0.14747,0.14095,0.50184,0.50155,-0.48631,0.51001,4.38004
0.05671,0.14744,0.14095,0.50184,0.50155,-0.48631,0.51001,4.40303
0.05671,0.14742,0.14095,0.50184,0.50155,-0.48631,0.51001,4.42569
0.05671,0.14740,0.14095,0.50184,0.50155,-0.48631,0.51001,4.44800
0.05671,0.14738,0.14095,0.50184,0.50155,-0.48631,0.51001,4.46996
0.05671,0.14735,0.14095,0.50184,0.50155,-0.48631,0.51001,4.49156
0.05671,0.14733,0.14095,0.50184,0.50155,-0.48631,0.51001,4.51281
0.05671,0.14731,0.14095,0.50184,0.50155,-0.48631,0.51001,4.53369
0.05671,0.14729,0.14095,0.50184,0.50155,-0.48631,0.51001,4.55419
0.05671,0.14727,0.14095,0.50184,0.50155,-0.48631,0.51001,4.57432
0.05671,0.14725,0.14095,0.50184,0.50155,-0.48631,0.51001,4.59408
0.05671,0.14723,0.14095,0.50184,0.50155,-0.48631,0.51001,4.61344
0.05671,0.14721,0.14095,0.50184,0.50155,-0.48631,0.51001,4.63242
0.05671,0.14719,0.14095,0.50184,0.50155,-0.48631,0.51001,4.65099
0.05671,0.14718,0.14095,0.50184,0.50155,-0.48631,0.51001,4.66917
0.05671,0.14716,0.14095,0.50184,0.50155,-0.48631,0.51001,4.68694
0.05671,0.14714,0.14095,0.50184,0.50155,-0.48631,0.51001,4.70431
0.05671,0.14712,0.14095,0.50184,0.50155,-0.48631,0.51001,4.72125
0.05671,0.14711,0.14095,0.50184,0.50155,-0.48631,0.51001,4.73778
0.05671,0.14709,0.14095,0.50184,0.50155,-0.48631,0.51001,4.75387
0.05672,0.14707,0.14095,0.50184,0.50155,-0.48631,0.51001,4.76954
0.05672,0.14706,0.14095,0.50184,0.50155,-0.48631,0.51001,4.78477
0.05672,0.14704,0.14095,0.50184,0.50155,-0.48631,0.51001,4.79956
0.05672,0.14703,0.14095,0.50184,0.50155,-0.48631,0.51001,4.81391
0.05672,0.14701,0.14095,0.50184,0.50155,-0.48631,0.51001,4.82781
0.05672,0.14700,0.14095,0.50184,0.50155,-0.48631,0.51001,4.84125
0.05672,0.14699,0.14095,0.50184,0.50155,-0.48631,0.51001,4.85423
0.05672,0.14698,0.14095,0.50184,0.50155,-0.48631,0.51001,4.86674
0.05672,0.14696,0.14095,0.50184,0.50155,-0.48631,0.51001,4.87879
0.05672,0.14695,0.14095,0.50184,0.50155,-0.48631,0.51001,4.89036
0.05672,0.14694,0.14095,0.50184,0.50155,-0.48631,0.51001,4.90145
0.05672,0.14693,0.14095,0.50184,0.50155,-0.48631,0.51001,4.91205
0.05672,0.14692,0.14095,0.50184,0.50155,-0.48631,0.51001,4.92217
0.05672,0.14691,0.14095,0.50184,0.50155,-0.48631,0.51001,4.93180
0.05672,0.14690,0.14095,0.50184,0.50155,-0.48631,0.51001,4.94093
0.05672,0.14689,0.14095,0.50184,0.50155,-0.48631,0.51001,4.94955
0.05672,0.14688,0.14094,0.50184,0.50155,-0.48631,0.51001,4.95767
0.05672,0.14687,0.14094,0.50184,0.50155,-0.48631,0.51001,4.96527
0.05672,0.14687,0.14094,0.50184,0.50155,-0.48631,0.51001,4.97236
0.05672,0.14686,0.14094,0.50184,0.50155,-0.48631,0.51001,4.97893
0.05672,0.14685,0.14094,0.50184,0.50155,-0.48631,0.51001,4.98498
0.05672,0.14685,0.14094,0.50184,0.50155,-0.48631,0.51001,4.99049
0.05672,0.14684,0.14094,0.50184,0.50155,-0.48631,0.51001,4.99547
0.05672,0.14684,0.14094,0.50184,0.50155,-0.48631,0.51001,4.99991
0.05672,0.14683,0.14094,0.50184,0.50155,-0.48631,0.51001,5.00381
0.05672,0.14683,0.14094,0.50184,0.50155,-0.48631,0.51001,5.00717
0.05672,0.14683,0.14094,0.50184,0.50155,-0.48631,0.51001,5.00997
0.05672,0.14682,0.14094,0.50184,0.50155,-0.48631,0.51001,5.01222
0.05672,0.14682,0.14094,0.50184,0.50155,-0.48631,0.51001,5.01391
0.05672,0.14682,0.14094,0.50184,0.50155,-0.48631,0.51001,5.01504
0.05672,0.14682,0.14094,0.50184,0.50155,-0.48631,0.51001,5.01560
0.05672,0.14682,0.14094,0.50184,0.50155,-0.48631,0.51001,5.01561
0.05672,0.14682,0.14094,0.50184,0.50155,-0.48631,0.51001,5.01619
0.05672,0.14682,0.14094,0.50184,0.50155,-0.48631,0.51001,5.01736
0.05672,0.14682,0.14094,0.50184,0.50155,-0.48631,0.51001,5.01910
0.05672,0.14682,0.14094,0.50184,0.50155,-0.48631,0.51001,5.02143
0.05672,0.14683,0.14094,0.50184,0.50155,-0.48631,0.51001,5.02435
0.05672,0.14683,0.14094,0.50184,0.50155,-0.48631,0.51001,5.02786
0.05672,0.14683,0.14094,0.50184,0.50155,-0.48631,0.51001,5.03197
0.05672,0.14684,0.14094,0.50184,0.50155,-0.48631,0.51001,5.03668
0.05672,0.14684,0.14094,0.50184,0.50155,-0.48631,0.51001,5.04199
0.05672,0.14685,0.14094,0.50184,0.50155,-0.48631,0.51001,5.04790
0.05672,0.14686,0.14094,0.50184,0.50155,-0.48631,0.51001,5.05443
0.05672,0.14686,0.14094,0.50184,0.50155,-0.48631,0.51001,5.06157
0.05672,0.14687,0.14094,0.50184,0.50155,-0.48631,0.51001,5.06932
0.05672,0.14688,0.14094,0.50184,0.50155,-0.48631,0.51001,5.07769
0.05672,0.14689,0.14095,0.50184,0.50155,-0.48631,0.51001,5.08668
0.05672,0.14690,0.14095,0.50184,0.50155,-0.48631,0.51001,5.09630
0.05672,0.14691,0.14095,0.50184,0.50155,-0.48631,0.51001,5.10654
0.05672,0.14692,0.14095,0.50184,0.50155,-0.48631,0.51001,5.11742
0.05672,0.14693,0.14095,0.50184,0.50155,-0.48631,0.51001,5.12892
0.05672,0.14694,0.14095,0.50184,0.50155,-0.48631,0.51001,5.14106
0.05672,0.14695,0.14095,0.50184,0.50155,-0.48631,0.51001,5.15384
0.05672,0.14696,0.14095,0.50184,0.50155,-0.48631,0.51001,5.16726
0.05672,0.14698,0.14095,0.50184,0.50155,-0.48631,0.51001,5.18131
0.05672,0.14699,0.14095,0.50184,0.50155,-0.48631,0.51001,5.19601
0.05672,0.14701,0.14095,0.50184,0.50155,-0.48631,0.51001,5.21136
0.05672,0.14702,0.14095,0.50184,0.50155,-0.48631,0.51001,5.22736
0.05672,0.14704,0.14095,0.50184,0.50155,-0.48631,0.51001,5.24400
0.05672,0.14706,0.14095,0.50184,0.50155,-0.48631,0.51001,5.26129
0.05672,0.14707,0.14095,0.50184,0.50155,-0.48631,0.51001,5.27924
0.05671,0.14709,0.14095,0.50184,0.50155,-0.48631,0.51001,5.29784
0.05671,0.14711,0.14095,0.50184,0.50155,-0.48631,0.51001,5.31710
0.05671,0.14713,0.14095,0.50184,0.50155,-0.48631,0.51001,5.33701
0.05671,0.14715,0.14095,0.50184,0.50155,-0.48631,0.51001,5.35759
0.05671,0.14717,0.14095,0.50184,0.50155,-0.48631,0.51001,5.37882
0.05671,0.14719,0.14095,0.50184,0.50155,-0.48631,0.51001,5.40071
0.05671,0.14722,0.14095,0.50184,0.50155,-0.48631,0.51001,5.42326
0.05671,0.14724,0.14095,0.50184,0.50155,-0.48631,0.51001,5.44648
0.05671,0.14726,0.14095,0.50184,0.50155,-0.48631,0.51001,5.47036
0.05671,0.14729,0.14095,0.50184,0.50155,-0.48631,0.51001,5.49490
0.05671,0.14731,0.14095,0.50184,0.50155,-0.48631,0.51001,5.52010
0.05671,0.14734,0.14095,0.50184,0.50155,-0.48631,0.51001,5.54597
0.05671,0.14736,0.14095,0.50184,0.50155,-0.48631,0.51001,5.57251
0.05671,0.14739,0.14095,0.50184,0.50155,-0.48631,0.51001,5.59971
0.05671,0.14742,0.14095,0.50184,0.50155,-0.48631,0.51001,5.62757
0.05671,0.14745,0.14095,0.50184,0.50155,-0.48631,0.51001,5.65610
0.05671,0.14748,0.14095,0.50184,0.50155,-0.48631,0.51001,5.68529
0.05671,0.14750,0.14095,0.50184,0.50155,-0.48631,0.51001,5.71515
0.05670,0.14753,0.14095,0.50184,0.50155,-0.48631,0.51001,5.74566
0.05670,0.14757,0.14095,0.50184,0.50155,-0.48631,0.51001,5.77685
0.05670,0.14760,0.14095,0.50184,0.50155,-0.48631,0.51001,5.80869
0.05670,0.14763,0.14095,0.50184,0.50155,-0.48631,0.51001,5.84119
0.05670,0.14766,0.14095,0.50184,0.50155,-0.48631,0.51001,5.87436
0.05670,0.14770,0.14095,0.50184,0.50155,-0.48631,0.51001,5.90818
0.05670,0.14773,0.14095,0.50184,0.50155,-0.48631,0.51001,5.94266
0.05670,0.14776,0.14095,0.50184,0.50155,-0.48631,0.51001,5.97779
0.05670,0.14780,0.14095,0.50184,0.50155,-0.48631,0.51001,6.01358
0.05670,0.14784,0.14095,0.50184,0.50155,-0.48631,0.51001,6.05002
0.05670,0.14787,0.14095,0.50184,0.50155,-0.48631,0.51001,6.08712
0.05670,0.14791,0.14095,0.50184,0.50155,-0.48631,0.51001,6.12486
0.05669,0.14795,0.14095,0.50184,0.50155,-0.48631,0.51001,6.16325
0.05669,0.14799,0.14095,0.50184,0.50155,-0.48631,0.51001,6.20228
0.05669,0.14803,0.14095,0.50184,0.50155,-0.48631,0.51001,6.24195
0.05669,0.14807,0.14095,0.50184,0.50155,-0.48631,0.51001,6.28227
0.05669,0.14811,0.14095,0.50184,0.50155,-0.48631,0.51001,6.32321
0.05669,0.14815,0.14095,0.50184,0.50155,-0.48631,0.51001,6.36480
0.05669,0.14819,0.14095,0.50184,0.50155,-0.48631,0.51001,6.40701
0.05669,0.14823,0.14095,0.50184,0.50155,-0.48631,0.51001,6.44985
0.05669,0.14828,0.14095,0.50184,0.50155,-0.48631,0.51001,6.49332
0.05669,0.14832,0.14095,0.50184,0.50155,-0.48631,0.51001,6.53741
0.05669,0.14836,0.14095,0.50184,0.50155,-0.48631,0.51001,6.58211
0.05668,0.14841,0.14096,0.50184,0.50155,-0.48631,0.51001,6.62743
0.05668,0.14845,0.14096,0.50184,0.50155,-0.48631,0.51001,6.67335
0.05668,0.14850,0.14096,0.50184,0.50155,-0.48631,0.51001,6.71988
0.05668,0.14855,0.14096,0.50184,0.50155,-0.48631,0.51001,6.76702
0.05668,0.14860,0.14096,0.50184,0.50155,-0.48631,0.51001,6.81475
0.05668,0.14864,0.14096,0.50184,0.50155,-0.48631,0.51001,6.86307
0.05668,0.14869,0.14096,0.50184,0.50155,-0.48631,0.51001,6.91198
0.05668,0.14874,0.14096,0.50184,0.50155,-0.48631,0.51001,6.96147
0.05667,0.14879,0.14096,0.50184,0.50155,-0.48631,0.51001,7.01153
0.05667,0.14884,0.14096,0.50184,0.50155,-0.48631,0.51001,7.06217
0.05667,0.14889,0.14096,0.50184,0.50155,-0.48631,0.51001,7.11338
0.05667,0.14894,0.14096,0.50184,0.50155,-0.48631,0.51001,7.16515
0.05667,0.14900,0.14096,0.50184,0.50155,-0.48631,0.51001,7.21747
0.05667,0.14905,0.14096,0.50184,0.50155,-0.48631,0.51001,7.27035
0.05667,0.14910,0.14096,0.50184,0.50155,-0.48631,0.51001,7.32377
0.05667,0.14916,0.14096,0.50184,0.50155,-0.48631,0.51001,7.37772
0.05667,0.14921,0.14096,0.50184,0.50155,-0.48631,0.51001,7.43221
0.05666,0.14926,0.14096,0.50184,0.50155,-0.48631,0.51001,7.48722
0.05666,0.14932,0.14096,0.50184,0.50155,-0.48631,0.51001,7.54275
0.05666,0.14938,0.14096,0.50184,0.50155,-0.48631,0.51001,7.59879
0.05666,0.14943,0.14096,0.50184,0.50155,-0.48631,0.51001,7.65533
0.05666,0.14949,0.14096,0.50184,0.50155,-0.48631,0.51001,7.71238
0.05666,0.14955,0.14096,0.50184,0.50155,-0.48631,0.51001,7.76991
0.05666,0.14960,0.14096,0.50184,0.50155,-0.48631,0.51001,7.82792
0.05665,0.14966,0.14096,0.50184,0.50155,-0.48631,0.51001,7.88641
0.05665,0.14972,0.14096,0.50184,0.50155,-0.48631,0.51001,7.94536
0.05665,0.14978,0.14096,0.50184,0.50155,-0.48631,0.51001,8.00478
0.05665,0.14984,0.14097,0.50184,0.50155,-0.48631,0.51001,8.06464
0.05665,0.14990,0.14097,0.50184,0.50155,-0.48631,0.51001,8.12495
0.05665,0.14996,0.14097,0.50184,0.50155,-0.48631,0.51001,8.18569
0.05665,0.15002,0.14097,0.50184,0.50155,-0.48631,0.51001,8.24685
0.05664,0.15008,0.14097,0.50184,0.50155,-0.48631,0.51001,8.30844
0.05664,0.15014,0.14097,0.50184,0.50155,-0.48631,0.51001,8.37042
0.05664,0.15021,0.14097,0.50184,0.50155,-0.48631,0.51001,8.43281
0.05664,0.15027,0.14097,0.50184,0.50155,-0.48631,0.51001,8.49559
0.05664,0.15033,0.14097,0.50184,0.50155,-0.48631,0.51001,8.55874
0.05664,0.15039,0.14097,0.50184,0.50155,-0.48631,0.51001,8.62227
0.05664,0.15046,0.14097,0.50184,0.50155,-0.48631,0.51001,8.68615
0.05663,0.15052,0.14097,0.50184,0.50155,-0.48631,0.51001,8.75039
0.05663,0.15059,0.14097,0.50184,0.50155,-0.48631,0.51001,8.81496
0.05663,0.15065,0.14097,0.50184,0.50155,-0.48631,0.51001,8.87986
0.05663,0.15072,0.14097,0.50184,0.50155,-0.48631,0.51001,8.94509
0.05663,0.15078,0.14097,0.50184,0.50155,-0.48631,0.51001,9.01062
0.05663,0.15085,0.14097,0.50184,0.50155,-0.48631,0.51001,9.07645
0.05663,0.15091,0.14097,0.50184,0.50155,-0.48631,0.51001,9.14256
0.05662,0.15098,0.14097,0.50184,0.50155,-0.48631,0.51001,9.20895
0.05662,0.15105,0.14097,0.50184,0.50155,-0.48631,0.51001,9.27561
0.05662,0.15111,0.14097,0.50184,0.50155,-0.48631,0.51001,9.34251
0.05662,0.15118,0.14097,0.50184,0.50155,-0.48631,0.51001,9.40966
0.05662,0.15125,0.14097,0.50184,0.50155,-0.48631,0.51001,9.47704
0.05662,0.15132,0.14098,0.50184,0.50155,-0.48631,0.51001,9.54464
0.05661,0.15138,0.14098,0.50184,0.50155,-0.48631,0.51001,9.61244
0.05661,0.15145,0.14098,0.50184,0.50155,-0.48631,0.51001,9.68044
0.05661,0.15152,0.14098,0.50184,0.50155,-0.48631,0.51001,9.74862
0.05661,0.15159,0.14098,0.50184,0.50155,-0.48631,0.51001,9.81697
0.05661,0.15165,0.14098,0.50184,0.50155,-0.48631,0.51001,9.88547
0.05661,0.15171,0.14098,0.50184,0.50155,-0.48631,0.51001,9.95412
0.05660,0.15178,0.14098,0.50184,0.50155,-0.48631,0.51001,10.02290
0.05660,0.15185,0.14098,0.50184,0.50155,-0.48631,0.51001,10.09180
0.05660,0.15192,0.14098,0.50184,0.50155,-0.48631,0.51001,10.16080
0.05660,0.15199,0.14098,0.50184,0.50155,-0.48631,0.51001,10.22989
0.05660,0.15206,0.14098,0.50184,0.50155,-0.48631,0.51001,10.29906
0.05660,0.15213,0.14098,0.50184,0.50155,-0.48631,0.51001,10.36830
0.05659,0.15220,0.14098,0.50184,0.50155,-0.48631,0.51001,10.43758
0.05659,0.15227,0.14098,0.50184,0.50155,-0.48631,0.51001,10.50691
0.05659,0.15234,0.14098,0.50184,0.50155,-0.48631,0.51001,10.57626
0.05659,0.15241,0.14098,0.50184,0.50155,-0.48631,0.51001,10.64561
0.05659,0.15247,0.14098,0.50184,0.50155,-0.48631,0.51001,10.71497
0.05659,0.15254,0.14098,0.50184,0.50155,-0.48631,0.51001,10.78430
0.05658,0.15261,0.14098,0.50184,0.50155,-0.48631,0.51001,10.85360
0.05658,0.15268,0.14098,0.50184,0.50155,-0.48631,0.51001,10.92285
0.05658,0.15275,0.14098,0.50184,0.50155,-0.48631,0.51001,10.99204
0.05658,0.15282,0.14099,0.50184,0.50155,-0.48631,0.51001,11.06115
0.05658,0.15289,0.14099,0.50184,0.50155,-0.48631,0.51001,11.13017
0.05658,0.15296,0.14099,0.50184,0.50155,-0.48631,0.51001,11.19908
0.05658,0.15303,0.14099,0.50184,0.50155,-0.48631,0.51001,11.26788
0.05657,0.15310,0.14099,0.50184,0.50155,-0.48631,0.51001,11.33653
0.05657,0.15317,0.14099,0.50184,0.50155,-0.48631,0.51001,11.40503
0.05657,0.15323,0.14099,0.50184,0.50155,-0.48631,0.51001,11.47337
0.05657,0.15330,0.14099,0.50184,0.50155,-0.48631,0.51001,11.54152
0.05657,0.15337,0.14099,0.50184,0.50155,-0.48631,0.51001,11.60947
0.05657,0.15344,0.14099,0.50184,0.50155,-0.48631,0.51001,11.67722
0.05656,0.15351,0.14099,0.50184,0.50155,-0.48631,0.51001,11.74473
0.05656,0.15357,0.14099,0.50184,0.50155,-0.48631,0.51001,11.81199
0.05656,0.15364,0.14099,0.50184,0.50155,-0.48631,0.51001,11.87900
0.05656,0.15371,0.14099,0.50184,0.50155,-0.48631,0.51001,11.94573
0.05656,0.15377,0.14099,0.50184,0.50155,-0.48631,0.51001,12.01217
0.05656,0.15384,0.14099,0.50184,0.50155,-0.48631,0.51001,12.07830
0.05655,0.15391,0.14099,0.50184,0.50155,-0.48631,0.51001,12.14410
0.05655,0.15397,0.14099,0.50184,0.50155,-0.48631,0.51001,12.20957
0.05655,0.15404,0.14099,0.50184,0.50155,-0.48631,0.51001,12.27468
0.05655,0.15410,0.14099,0.50184,0.50155,-0.48631,0.51001,12.33941
0.05655,0.15417,0.14099,0.50184,0.50155,-0.48631,0.51001,12.40376
0.05655,0.15423,0.14099,0.50184,0.50155,-0.48631,0.51001,12.46770
0.05655,0.15429,0.14100,0.50184,0.50155,-0.48631,0.51001,12.53123
0.05654,0.15436,0.14100,0.50184,0.50155,-0.48631,0.51001,12.59431
0.05654,0.15442,0.14100,0.50184,0.50155,-0.48631,0.51001,12.65695
0.05654,0.15448,0.14100,0.50184,0.50155,-0.48631,0.51001,12.71911
0.05654,0.15454,0.14100,0.50184,0.50155,-0.48631,0.51001,12.78079
0.05654,0.15461,0.14100,0.50184,0.50155,-0.48631,0.51001,12.84197
0.05654,0.15467,0.14100,0.50184,0.50155,-0.48631,0.51001,12.90262
0.05654,0.15473,0.14100,0.50184,0.50155,-0.48631,0.51001,12.96275
0.05653,0.15479,0.14100,0.50184,0.50155,-0.48631,0.51001,13.02232
0.05653,0.15485,0.14100,0.50184,0.50155,-0.48631,0.51001,13.08133
0.05653,0.15491,0.14100,0.50184,0.50155,-0.48631,0.51001,13.13975
0.05653,0.15496,0.14100,0.50184,0.50155,-0.48631,0.51001,13.19757
0.05653,0.15502,0.14100,0.50184,0.50155,-0.48631,0.51001,13.25478
0.05653,0.15508,0.14100,0.50184,0.50155,-0.48631,0.51001,13.31135
0.05653,0.15513,0.14100,0.50184,0.50155,-0.48631,0.51001,13.36728
0.05652,0.15519,0.14100,0.50184,0.50155,-0.48631,0.51001,13.42254
0.05652,0.15524,0.14100,0.50184,0.50155,-0.48631,0.51001,13.47712
0.05652,0.15530,0.14100,0.50184,0.50155,-0.48631,0.51001,13.53101
0.05652,0.15535,0.14100,0.50184,0.50155,-0.48631,0.51001,13.58418
0.05652,0.15541,0.14100,0.50184,0.50155,-0.48631,0.51001,13.63663
0.05652,0.15546,0.14100,0.50184,0.50155,-0.48631,0.51001,13.68833
0.05652,0.15551,0.14100,0.50184,0.50155,-0.48631,0.51001,13.73927
0.05652,0.15556,0.14100,0.50184,0.50155,-0.48631,0.51001,13.78944
0.05651,0.15561,0.14100,0.50184,0.50155,-0.48631,0.51001,13.83882
0.05651,0.15566,0.14100,0.50184,0.50155,-0.48631,0.51001,13.88739
0.05651,0.15571,0.14100,0.50184,0.50155,-0.48631,0.51001,13.93513
0.05651,0.15575,0.14101,0.50184,0.50155,-0.48631,0.51001,13.98204
0.05651,0.15580,0.14101,0.50184,0.50155,-0.48631,0.51001,14.02810
0.05651,0.15585,0.14101,0.50184,0.50155,-0.48631,0.51001,14.07329
0.05651,0.15589,0.14101,0.50184,0.50155,-0.48631,0.51001,14.11760
0.05651,0.15593,0.14101,0.50184,0.50155,-0.48631,0.51001,14.16101
0.05651,0.15598,0.14101,0.50184,0.50155,-0.48631,0.51001,14.20351
0.05650,0.15602,0.14101,0.50184,0.50155,-0.48631,0.51001,14.24508
0.05650,0.15606,0.14101,0.50184,0.50155,-0.48631,0.51001,14.28570
0.05650,0.15610,0.14101,0.50184,0.50155,-0.48631,0.51001,14.32538
0.05650,0.15614,0.14101,0.50184,0.50155,-0.48631,0.51001,14.36408
0.05650,0.15618,0.14101,0.50184,0.50155,-0.48631,0.51001,14.40180
0.05650,0.15621,0.14101,0.50184,0.50155,-0.48631,0.51001,14.43852
0.05650,0.15625,0.14101,0.50184,0.50155,-0.48631,0.51001,14.47423
0.05650,0.15629,0.14101,0.50184,0.50155,-0.48631,0.51001,14.50891
0.05650,0.15632,0.14101,0.50184,0.50155,-0.48631,0.51001,14.54256
0.05650,0.15635,0.14101,0.50184,0.50155,-0.48631,0.51001,14.57515
0.05650,0.15639,0.14101,0.50184,0.50155,-0.48631,0.51001,14.60668
0.05650,0.15642,0.14101,0.50184,0.50155,-0.48631,0.51001,14.63713
0.05649,0.15645,0.14101,0.50184,0.50155,-0.48631,0.51001,14.66649
0.05649,0.15648,0.14101,0.50184,0.50155,-0.48631,0.51001,14.69474
0.05649,0.15650,0.14101,0.50184,0.50155,-0.48631,0.51001,14.72188
0.05649,0.15653,0.14101,0.50184,0.50155,-0.48631,0.51001,14.74790
0.05649,0.15656,0.14101,0.50184,0.50155,-0.48631,0.51001,14.77277
0.05649,0.15658,0.14101,0.50184,0.50155,-0.48631,0.51001,14.79650
0.05649,0.15660,0.14101,0.50184,0.50155,-0.48631,0.51001,14.81906
0.05649,0.15662,0.14101,0.50184,0.50155,-0.48631,0.51001,14.84045
0.05649,0.15665,0.14101,0.50184,0.50155,-0.48631,0.51001,14.86066
0.05649,0.15666,0.14101,0.50184,0.50155,-0.48631,0.51001,14.87967
0.05649,0.15668,0.14101,0.50184,0.50155,-0.48631,0.51001,14.89747
0.05649,0.15670,0.14101,0.50184,0.50155,-0.48631,0.51001,14.91406
0.05649,0.15672,0.14101,0.50184,0.50155,-0.48631,0.51001,14.92943
0.05649,0.15673,0.14101,0.50184,0.50155,-0.48631,0.51001,14.94357
0.05649,0.15674,0.14101,0.50184,0.50155,-0.48631,0.51001,14.95645
0.05649,0.15676,0.14101,0.50184,0.50155,-0.48631,0.51001,14.96809
0.05649,0.15677,0.14101,0.50184,0.50155,-0.48631,0.51001,14.97847
0.05649,0.15678,0.14101,0.50184,0.50155,-0.48631,0.51001,14.98757
0.05649,0.15679,0.14101,0.50184,0.50155,-0.48631,0.51001,14.99540
0.05649,0.15679,0.14101,0.50184,0.50155,-0.48631,0.51001,15.00195
0.05649,0.15680,0.14101,0.50184,0.50155,-0.48631,0.51001,15.00720
0.05649,0.15680,0.14101,0.50184,0.50155,-0.48631,0.51001,15.01115
0.05649,0.15681,0.14101,0.50184,0.50155,-0.48631,0.51001,15.01379
0.05649,0.15681,0.14101,0.50184,0.50155,-0.48631,0.51001,15.01512
0.05649,0.15681,0.14101,0.50184,0.50155,-0.48631,0.51001,15.01514
0.05649,0.15681,0.14101,0.50184,0.50155,-0.48631,0.51001,15.01645
0.05649,0.15681,0.14101,0.50184,0.50155,-0.48631,0.51001,15.01909
0.05649,0.15680,0.14101,0.50184,0.50155,-0.48631,0.51001,15.02307
0.05649,0.15680,0.14101,0.50184,0.50155,-0.48631,0.51001,15.02840
0.05649,0.15679,0.14101,0.50184,0.50155,-0.48631,0.51001,15.03506
0.05649,0.15679,0.14101,0.50184,0.50155,-0.48631,0.51001,15.04308
0.05649,0.15678,0.14101,0.50184,0.50155,-0.48631,0.51001,15.05245
0.05649,0.15677,0.14101,0.50184,0.50155,-0.48631,0.51001,15.06317
0.05649,0.15676,0.14101,0.50184,0.50155,-0.48631,0.51001,15.07525
0.05649,0.15674,0.14101,0.50184,0.50155,-0.48631,0.51001,15.08870
0.05649,0.15673,0.14101,0.50184,0.50155,-0.48631,0.51001,15.10351
0.05649,0.15671,0.14101,0.50184,0.50155,-0.48631,0.51001,15.11968
0.05649,0.15670,0.14101,0.50184,0.50155,-0.48631,0.51001,15.13722
0.05649,0.15668,0.14101,0.50184,0.50155,-0.48631,0.51001,15.15613
0.05649,0.15666,0.14101,0.50184,0.50155,-0.48631,0.51001,15.17641
0.05649,0.15664,0.14101,0.50184,0.50155,-0.48631,0.51001,15.19806
0.05649,0.15662,0.14101,0.50184,0.50155,-0.48631,0.51001,15.22107
0.05649,0.15659,0.14101,0.50184,0.50155,-0.48631,0.51001,15.24546
0.05649,0.15657,0.14101,0.50184,0.50155,-0.48631,0.51001,15.27120
0.05649,0.15654,0.14101,0.50184,0.50155,-0.48631,0.51001,15.29832
0.05649,0.15651,0.14101,0.50184,0.50155,-0.48631,0.51001,15.32680
0.05649,0.15648,0.14101,0.50184,0.50155,-0.48631,0.51001,15.35664
0.05649,0.15645,0.14101,0.50184,0.50155,-0.48631,0.51001,15.38783
0.05650,0.15642,0.14101,0.50184,0.50155,-0.48631,0.51001,15.42039
0.05650,0.15639,0.14101,0.50184,0.50155,-0.48631,0.51001,15.45429
0.05650,0.15635,0.14101,0.50184,0.50155,-0.48631,0.51001,15.48954
0.05650,0.15632,0.14101,0.50184,0.50155,-0.48631,0.51001,15.52613
0.05650,0.15628,0.14101,0.50184,0.50155,-0.48631,0.51001,15.56406
0.05650,0.15624,0.14101,0.50184,0.50155,-0.48631,0.51001,15.60333
0.05650,0.15620,0.14101,0.50184,0.50155,-0.48631,0.51001,15.64392
0.05650,0.15616,0.14101,0.50184,0.50155,-0.48631,0.51001,15.68582
0.05650,0.15612,0.14101,0.50184,0.50155,-0.48631,0.51001,15.72905
0.05650,0.15607,0.14101,0.50184,0.50155,-0.48631,0.51001,15.77357
0.05650,0.15603,0.14101,0.50184,0.50155,-0.48631,0.51001,15.81940
0.05651,0.15598,0.14101,0.50184,0.50155,-0.48631,0.51001,15.86652
0.05651,0.15593,0.14101,0.50184,0.50155,-0.48631,0.51001,15.91491
0.05651,0.15589,0.14101,0.50184,0.50155,-0.48631,0.51001,15.96458
0.05651,0.15584,0.14101,0.50184,0.50155,-0.48631,0.51001,16.01551
0.05651,0.15578,0.14101,0.50184,0.50155,-0.48631,0.51001,16.06770
0.05651,0.15573,0.14101,0.50184,0.50155,-0.48631,0.51001,16.12112
0.05651,0.15568,0.14100,0.50184,0.50155,-0.48631,0.51001,16.17578
0.05651,0.15562,0.14100,0.50184,0.50155,-0.48631,0.51001,16.23165
0.05652,0.15556,0.14100,0.50184,0.50155,-0.48631,0.51001,16.28874
0.05652,0.15551,0.14100,0.50184,0.50155,-0.48631,0.51001,16.34701
0.05652,0.15545,0.14100,0.50184,0.50155,-0.48631,0.51001,16.40647
0.05652,0.15539,0.14100,0.50184,0.50155,-0.48631,0.51001,16.46710
0.05652,0.15533,0.14100,0.50184,0.50155,-0.48631,0.51001,16.52889
0.05652,0.15526,0.14100,0.50184,0.50155,-0.48631,0.51001,16.59181
0.05652,0.15520,0.14100,0.50184,0.50155,-0.48631,0.51001,16.65586
0.05653,0.15514,0.14100,0.50184,0.50155,-0.48631,0.51001,16.72102
0.05653,0.15507,0.14100,0.50184,0.50155,-0.48631,0.51001,16.78728
0.05653,0.15500,0.14100,0.50184,0.50155,-0.48631,0.51001,16.85461
0.05653,0.15494,0.14100,0.50184,0.50155,-0.48631,0.51001,16.92301
0.05653,0.15487,0.14100,0.50184,0.50155,-0.48631,0.51001,16.99245
0.05653,0.15480,0.14100,0.50184,0.50155,-0.48631,0.51001,17.06292
0.05654,0.15473,0.14100,0.50184,0.50155,-0.48631,0.51001,17.13440
0.05654,0.15465,0.14100,0.50184,0.50155,-0.48631,0.51001,17.20687
0.05654,0.15458,0.14100,0.50184,0.50155,-0.48631,0.51001,17.28031
0.05654,0.15451,0.14100,0.50184,0.50155,-0.48631,0.51001,17.35470
0.05654,0.15443,0.14100,0.50184,0.50155,-0.48631,0.51001,17.43003
0.05654,0.15436,0.14100,0.50184,0.50155,-0.48631,0.51001,17.50627
0.05655,0.15428,0.14100,0.50184,0.50155,-0.48631,0.51001,17.58340
0.05655,0.15420,0.14099,0.50184,0.50155,-0.48631,0.51001,17.66141
0.05655,0.15412,0.14099,0.50184,0.50155,-0.48631,0.51001,17.74026
0.05655,0.15404,0.14099,0.50184,0.50155,-0.48631,0.51001,17.81994
0.05655,0.15396,0.14099,0.50184,0.50155,-0.48631,0.51001,17.90042
0.05656,0.15388,0.14099,0.50184,0.50155,-0.48631,0.51001,17.98169
0.05656,0.15380,0.14099,0.50184,0.50155,-0.48631,0.51001,18.06371
0.05656,0.15372,0.14099,0.50184,0.50155,-0.48631,0.51001,18.14647
0.05656,0.15364,0.14099,0.50184,0.50155,-0.48631,0.51001,18.22994
0.05656,0.15355,0.14099,0.50184,0.50155,-0.48631,0.51001,18.31410
0.05656,0.15347,0.14099,0.50184,0.50155,-0.48631,0.51001,18.39891
0.05657,0.15338,0.14099,0.50184,0.50155,-0.48631,0.51001,18.48437
0.05657,0.15330,0.14099,0.50184,0.50155,-0.48631,0.51001,18.57043
0.05657,0.15321,0.14099,0.50184,0.50155,-0.48631,0.51001,18.65708
0.05657,0.15312,0.14099,0.50184,0.50155,-0.48631,0.51001,18.74429
0.05657,0.15304,0.14099,0.50184,0.50155,-0.48631,0.51001,18.83203
0.05658,0.15295,0.14099,0.50184,0.50155,-0.48631,0.51001,18.92027
0.05658,0.15286,0.14099,0.50184,0.50155,-0.48631,0.51001,19.00899
0.05658,0.15277,0.14099,0.50184,0.50155,-0.48631,0.51001,19.09816
0.05658,0.15268,0.14098,0.50184,0.50155,-0.48631,0.51001,19.18774
0.05659,0.15259,0.14098,0.50184,0.50155,-0.48631,0.51001,19.27772
0.05659,0.15250,0.14098,0.50184,0.50155,-0.48631,0.51001,19.36807
0.05659,0.15241,0.14098,0.50184,0.50155,-0.48631,0.51001,19.45874
0.05659,0.15232,0.14098,0.50184,0.50155,-0.48631,0.51001,19.54972
0.05659,0.15223,0.14098,0.50184,0.50155,-0.48631,0.51001,19.64098
0.05660,0.15214,0.14098,0.50184,0.50155,-0.48631,0.51001,19.73248
0.05660,0.15205,0.14098,0.50184,0.50155,-0.48631,0.51001,19.82419
0.05660,0.15195,0.14098,0.50184,0.50155,-0.48631,0.51001,19.91609
0.05660,0.15186,0.14098,0.50184,0.50155,-0.48631,0.51001,20.00814
0.05660,0.15177,0.14098,0.50184,0.50155,-0.48631,0.51001,20.10032
0.05661,0.15168,0.14098,0.50184,0.50155,-0.48631,0.51001,20.19258
0.05661,0.15160,0.14098,0.50184,0.50155,-0.48631,0.51001,20.28490
0.05661,0.15150,0.14098,0.50184,0.50155,-0.48631,0.51001,20.37725
0.05661,0.15141,0.14098,0.50184,0.50155,-0.48631,0.51001,20.46959
0.05662,0.15132,0.14098,0.50184,0.50155,-0.48631,0.51001,20.56190
0.05662,0.15123,0.14097,0.50184,0.50155,-0.48631,0.51001,20.65413
0.05662,0.15113,0.14097,0.50184,0.50155,-0.48631,0.51001,20.74626
0.05662,0.15104,0.14097,0.50184,0.50155,-0.48631,0.51001,20.83826
0.05662,0.15095,0.14097,0.50184,0.50155,-0.48631,0.51001,20.93009
0.05663,0.15086,0.14097,0.50184,0.50155,-0.48631,0.51001,21.02172
0.05663,0.15077,0.14097,0.50184,0.50155,-0.48631,0.51001,21.11311
0.05663,0.15068,0.14097,0.50184,0.50155,-0.48631,0.51001,21.20424
0.05663,0.15059,0.14097,0.50184,0.50155,-0.48631,0.51001,21.29506
0.05663,0.15049,0.14097,0.50184,0.50155,-0.48631,0.51001,21.38555
0.05664,0.15040,0.14097,0.50184,0.50155,-0.48631,0.51001,21.47567
0.05664,0.15031,0.14097,0.50184,0.50155,-0.48631,0.51001,21.56538
0.05664,0.15022,0.14097,0.50184,0.50155,-0.48631,0.51001,21.65466
0.05664,0.15014,0.14097,0.50184,0.50155,-0.48631,0.51001,21.74347
0.05665,0.15005,0.14097,0.50184,0.50155,-0.48631,0.51001,21.83178
0.05665,0.14996,0.14097,0.50184,0.50155,-0.48631,0.51001,21.91955
0.05665,0.14987,0.14097,0.50184,0.50155,-0.48631,0.51001,22.00674
0.05665,0.14978,0.14096,0.50184,0.50155,-0.48631,0.51001,22.09333
0.05665,0.14970,0.14096,0.50184,0.50155,-0.48631,0.51001,22.17928
0.05666,0.14961,0.14096,0.50184,0.50155,-0.48631,0.51001,22.26456
0.05666,0.14953,0.14096,0.50184,0.50155,-0.48631,0.51001,22.34913
0.05666,0.14944,0.14096,0.50184,0.50155,-0.48631,0.51001,22.43296
0.05666,0.14936,0.14096,0.50184,0.50155,-0.48631,0.51001,22.51601
0.05666,0.14928,0.14096,0.50184,0.50155,-0.48631,0.51001,22.59826
0.05667,0.14920,0.14096,0.50184,0.50155,-0.48631,0.51001,22.67966
0.05667,0.14911,0.14096,0.50184,0.50155,-0.48631,0.51001,22.76019
0.05667,0.14903,0.14096,0.50184,0.50155,-0.48631,0.51001,22.83981
0.05667,0.14896,0.14096,0.50184,0.50155,-0.48631,0.51001,22.91849
0.05667,0.14888,0.14096,0.50184,0.50155,-0.48631,0.51001,22.99619
0.05667,0.14880,0.14096,0.50184,0.50155,-0.48631,0.51001,23.07289
0.05668,0.14872,0.14096,0.50184,0.50155,-0.48631,0.51001,23.14855
0.05668,0.14865,0.14096,0.50184,0.50155,-0.48631,0.51001,23.22313
0.05668,0.14857,0.14096,0.50184,0.50155,-0.48631,0.51001,23.29661
0.05668,0.14850,0.14096,0.50184,0.50155,-0.48631,0.51001,23.36895
0.05668,0.14843,0.14096,0.50184,0.50155,-0.48631,0.51001,23.44013
0.05669,0.14836,0.14095,0.50184,0.50155,-0.48631,0.51001,23.51010
0.05669,0.14829,0.14095,0.50184,0.50155,-0.48631,0.51001,23.57885
0.05669,0.14822,0.14095,0.50184,0.50155,-0.48631,0.51001,23.64633
0.05669,0.14816,0.14095,0.50184,0.50155,-0.48631,0.51001,23.71252
0.05669,0.14809,0.14095,0.50184,0.50155,-0.48631,0.51001,23.77739
0.05669,0.14803,0.14095,0.50184,0.50155,-0.48631,0.51001,23.84091
0.05669,0.14796,0.14095,0.50184,0.50155,-0.48631,0.51001,23.90305
0.05670,0.14790,0.14095,0.50184,0.50155,-0.48631,0.51001,23.96377
0.05670,0.14784,0.14095,0.50184,0.50155,-0.48631,0.51001,24.02306
0.05670,0.14778,0.14095,0.50184,0.50155,-0.48631,0.51001,24.08088
0.05670,0.14773,0.14095,0.50184,0.50155,-0.48631,0.51001,24.13720
0.05670,0.14767,0.14095,0.50184,0.50155,-0.48631,0.51001,24.19201
0.05670,0.14762,0.14095,0.50184,0.50155,-0.48631,0.51001,24.24526
0.05670,0.14756,0.14095,0.50184,0.50155,-0.48631,0.51001,24.29693
0.05670,0.14751,0.14095,0.50184,0.50155,-0.48631,0.51001,24.34700
0.05671,0.14746,0.14095,0.50184,0.50155,-0.48631,0.51001,24.39545
0.05671,0.14742,0.14095,0.50184,0.50155,-0.48631,0.51001,24.44224
0.05671,0.14737,0.14095,0.50184,0.50155,-0.48631,0.51001,24.48735
0.05671,0.14733,0.14095,0.50184,0.50155,-0.48631,0.51001,24.53077
0.05671,0.14728,0.14095,0.50184,0.50155,-0.48631,0.51001,24.57245
0.05671,0.14724,0.14095,0.50184,0.50155,-0.48631,0.51001,24.61239
0.05671,0.14720,0.14095,0.50184,0.50155,-0.48631,0.51001,24.65056
0.05671,0.14717,0.14095,0.50184,0.50155,-0.48631,0.51001,24.68694
0.05671,0.14713,0.14095,0.50184,0.50155,-0.48631,0.51001,24.72150
0.05671,0.14710,0.14095,0.50184,0.50155,-0.48631,0.51001,24.75423
0.05672,0.14706,0.14095,0.50184,0.50155,-0.48631,0.51001,24.78511
0.05672,0.14703,0.14095,0.50184,0.50155,-0.48631,0.51001,24.81411
0.05672,0.14701,0.14095,0.50184,0.50155,-0.48631,0.51001,24.84123
0.05672,0.14698,0.14095,0.50184,0.50155,-0.48631,0.51001,24.86643
0.05672,0.14696,0.14095,0.50184,0.50155,-0.48631,0.51001,24.88971
0.05672,0.14693,0.14095,0.50184,0.50155,-0.48631,0.51001,24.91105
0.05672,0.14691,0.14095,0.50184,0.50155,-0.48631,0.51001,24.93043
0.05672,0.14690,0.14095,0.50184,0.50155,-0.48631,0.51001,24.94784
0.05672,0.14688,0.14094,0.50184,0.50155,-0.48631,0.51001,24.96326
0.05672,0.14686,0.14094,0.50184,0.50155,-0.48631,0.51001,24.97668
0.05672,0.14685,0.14094,0.50184,0.50155,-0.48631,0.51001,24.98809
0.05672,0.14684,0.14094,0.50184,0.50155,-0.48631,0.51001,24.99747
0.05672,0.14683,0.14094,0.50184,0.50155,-0.48631,0.51001,25.00482
0.05672,0.14683,0.14094,0.50184,0.50155,-0.48631,0.51001,25.01012
0.05672,0.14682,0.14094,0.50184,0.50155,-0.48631,0.51001,25.01337
0.05672,0.14682,0.14094,0.50184,0.50155,-0.48631,0.51001,25.01455
0.05672,0.14682,0.14094,0.50184,0.50155,-0.48631,0.51001,25.01544
0.05672,0.14682,0.14094,0.50184,0.50155,-0.48631,0.51001,25.01841
0.05672,0.14683,0.14094,0.50184,0.50155,-0.48631,0.51001,25.02346
0.05672,0.14683,0.14094,0.50184,0.50155,-0.48631,0.51001,25.03061
0.05672,0.14684,0.14094,0.50184,0.50155,-0.48631,0.51001,25.03985
0.05672,0.14685,0.14094,0.50184,0.50155,-0.48631,0.51001,25.05118
0.05672,0.14686,0.14094,0.50184,0.50155,-0.48631,0.51001,25.06462
0.05672,0.14688,0.14094,0.50184,0.50155,-0.48631,0.51001,25.08016
0.05672,0.14689,0.14095,0.50184,0.50155,-0.48631,0.51001,25.09780
0.05672,0.14691,0.14095,0.50184,0.50155,-0.48631,0.51001,25.11754
0.05672,0.14693,0.14095,0.50184,0.50155,-0.48631,0.51001,25.13939
0.05672,0.14696,0.14095,0.50184,0.50155,-0.48631,0.51001,25.16334
0.05672,0.14698,0.14095,0.50184,0.50155,-0.48631,0.51001,25.18938
0.05672,0.14701,0.14095,0.50184,0.50155,-0.48631,0.51001,25.21751
0.05672,0.14704,0.14095,0.50184,0.50155,-0.48631,0.51001,25.24773
0.05672,0.14707,0.14095,0.50184,0.50155,-0.48631,0.51001,25.28003
0.05671,0.14710,0.14095,0.50184,0.50155,-0.48631,0.51001,25.31441
0.05671,0.14714,0.14095,0.50184,0.50155,-0.48631,0.51001,25.35086
0.05671,0.14718,0.14095,0.50184,0.50155,-0.48631,0.51001,25.38936
0.05671,0.14721,0.14095,0.50184,0.50155,-0.48631,0.51001,25.42991
0.05671,0.14726,0.14095,0.50184,0.50155,-0.48631,0.51001,25.47250
0.05671,0.14730,0.14095,0.50184,0.50155,-0.48631,0.51001,25.51711
0.05671,0.14735,0.14095,0.50184,0.50155,-0.48631,0.51001,25.56374
0.05671,0.14739,0.14095,0.50184,0.50155,-0.48631,0.51001,25.61237
0.05671,0.14744,0.14095,0.50184,0.50155,-0.48631,0.51001,25.66298
0.05671,0.14749,0.14095,0.50184,0.50155,-0.48631,0.51001,25.71557
0.05670,0.14755,0.14095,0.50184,0.50155,-0.48631,0.51001,25.77010
0.05670,0.14760,0.14095,0.50184,0.50155,-0.48631,0.51001,25.82657
0.05670,0.14766,0.14095,0.50184,0.50155,-0.48631,0.51001,25.88496
0.05670,0.14772,0.14095,0.50184,0.50155,-0.48631,0.51001,25.94524
0.05670,0.14778,0.14095,0.50184,0.50155,-0.48631,0.51001,26.00740
0.05670,0.14784,0.14095,0.50184,0.50155,-0.48631,0.51001,26.07142
0.05670,0.14791,0.14095,0.50184,0.50155,-0.48631,0.51001,26.13727
0.05669,0.14798,0.14095,0.50184,0.50155,-0.48631,0.51001,26.20492
0.05669,0.14804,0.14095,0.50184,0.50155,-0.48631,0.51001,26.27436
0.05669,0.14812,0.14095,0.50184,0.50155,-0.48631,0.51001,26.34556
0.05669,0.14819,0.14095,0.50184,0.50155,-0.48631,0.51001,26.41850
0.05669,0.14826,0.14095,0.50184,0.50155,-0.48631,0.51001,26.49313
0.05669,0.14834,0.14095,0.50184,0.50155,-0.48631,0.51001,26.56945
0.05668,0.14841,0.14096,0.50184,0.50155,-0.48631,0.51001,26.64741
0.05668,0.14849,0.14096,0.50184,0.50155,-0.48631,0.51001,26.72699
0.05668,0.14857,0.14096,0.50184,0.50155,-0.48631,0.51001,26.80816
0.05668,0.14865,0.14096,0.50184,0.50155,-0.48631,0.51001,26.89088
0.05668,0.14874,0.14096,0.50184,0.50155,-0.48631,0.51001,26.97512
0.05667,0.14882,0.14096,0.50184,0.50155,-0.48631,0.51001,27.06085
0.05667,0.14891,0.14096,0.50184,0.50155,-0.48631,0.51001,27.14804
0.05667,0.14900,0.14096,0.50184,0.50155,-0.48631,0.51001,27.23664
0.05667,0.14909,0.14096,0.50184,0.50155,-0.48631,0.51001,27.32662
0.05667,0.14918,0.14096,0.50184,0.50155,-0.48631,0.51001,27.41794
0.05666,0.14927,0.14096,0.50184,0.50155,-0.48631,0.51001,27.51057
0.05666,0.14936,0.14096,0.50184,0.50155,-0.48631,0.51001,27.60447
0.05666,0.14946,0.14096,0.50184,0.50155,-0.48631,0.51001,27.69959
0.05666,0.14955,0.14096,0.50184,0.50155,-0.48631,0.51001,27.79590
0.05665,0.14965,0.14096,0.50184,0.50155,-0.48631,0.51001,27.89335
0.05665,0.14975,0.14096,0.50184,0.50155,-0.48631,0.51001,27.99191
0.05665,0.14985,0.14097,0.50184,0.50155,-0.48631,0.51001,28.09152
0.05665,0.14995,0.14097,0.50184,0.50155,-0.48631,0.51001,28.19215
0.05665,0.15005,0.14097,0.50184,0.50155,-0.48631,0.51001,28.29375
0.05664,0.15015,0.14097,0.50184,0.50155,-0.48631,0.51001,28.39627
0.05664,0.15025,0.14097,0.50184,0.50155,-0.48631,0.51001,28.49967
0.05664,0.15036,0.14097,0.50184,0.50155,-0.48631,0.51001,28.60391
0.05664,0.15046,0.14097,0.50184,0.50155,-0.48631,0.51001,28.70893
0.05663,0.15057,0.14097,0.50184,0.50155,-0.48631,0.51001,28.81469
0.05663,0.15067,0.14097,0.50184,0.50155,-0.48631,0.51001,28.92114
0.05663,0.15078,0.14097,0.50184,0.50155,-0.48631,0.51001,29.02823
0.05663,0.15089,0.14097,0.50184,0.50155,-0.48631,0.51001,29.13591
0.05662,0.15100,0.14097,0.50184,0.50155,-0.48631,0.51001,29.24413
0.05662,0.15110,0.14097,0.50184,0.50155,-0.48631,0.51001,29.35284
0.05662,0.15121,0.14097,0.50184,0.50155,-0.48631,0.51001,29.46198
0.05662,0.15132,0.14098,0.50184,0.50155,-0.48631,0.51001,29.57152
0.05661,0.15143,0.14098,0.50184,0.50155,-0.48631,0.51001,29.68138
0.05661,0.15154,0.14098,0.50184,0.50155,-0.48631,0.51001,29.79153
0.05661,0.15164,0.14098,0.50184,0.50155,-0.48631,0.51001,29.90190
0.05661,0.15175,0.14098,0.50184,0.50155,-0.48631,0.51001,30.01245
0.05660,0.15186,0.14098,0.50184,0.50155,-0.48631,0.51001,30.12312
0.05660,0.15197,0.14098,0.50184,0.50155,-0.48631,0.51001,30.23386
0.05660,0.15208,0.14098,0.50184,0.50155,-0.48631,0.51001,30.34460
0.05659,0.15220,0.14098,0.50184,0.50155,-0.48631,0.51001,30.45531
0.05659,0.15231,0.14098,0.50184,0.50155,-0.48631,0.51001,30.56591
0.05659,0.15242,0.14098,0.50184,0.50155,-0.48631,0.51001,30.67636
0.05659,0.15253,0.14098,0.50184,0.50155,-0.48631,0.51001,30.78660
0.05658,0.15264,0.14098,0.50184,0.50155,-0.48631,0.51001,30.89657
0.05658,0.15275,0.14098,0.50184,0.50155,-0.48631,0.51001,31.00622
0.05658,0.15286,0.14099,0.50184,0.50155,-0.48631,0.51001,31.11550
0.05658,0.15297,0.14099,0.50184,0.50155,-0.48631,0.51001,31.22434
0.05657,0.15307,0.14099,0.50184,0.50155,-0.48631,0.51001,31.33268
0.05657,0.15318,0.14099,0.50184,0.50155,-0.48631,0.51001,31.44049
0.05657,0.15329,0.14099,0.50184,0.50155,-0.48631,0.51001,31.54768
0.05657,0.15340,0.14099,0.50184,0.50155,-0.48631,0.51001,31.65422
0.05656,0.15350,0.14099,0.50184,0.50155,-0.48631,0.51001,31.76004
0.05656,0.15361,0.14099,0.50184,0.50155,-0.48631,0.51001,31.86509
0.05656,0.15371,0.14099,0.50184,0.50155,-0.48631,0.51001,31.96931
0.05656,0.15382,0.14099,0.50184,0.50155,-0.48631,0.51001,32.07265
0.05655,0.15392,0.14099,0.50184,0.50155,-0.48631,0.51001,32.17504
0.05655,0.15402,0.14099,0.50184,0.50155,-0.48631,0.51001,32.27644
0.05655,0.15412,0.14099,0.50184,0.50155,-0.48631,0.51001,32.37679
0.05655,0.15422,0.14099,0.50184,0.50155,-0.48631,0.51001,32.47603
0.05654,0.15432,0.14100,0.50184,0.50155,-0.48631,0.51001,32.57411
0.05654,0.15442,0.14100,0.50184,0.50155,-0.48631,0.51001,32.67097
0.05654,0.15451,0.14100,0.50184,0.50155,-0.48631,0.51001,32.76657
0.05654,0.15461,0.14100,0.50184,0.50155,-0.48631,0.51001,32.86083
0.05654,0.15470,0.14100,0.50184,0.50155,-0.48631,0.51001,32.95372
0.05653,0.15480,0.14100,0.50184,0.50155,-0.48631,0.51001,33.04518
0.05653,0.15489,0.14100,0.50184,0.50155,-0.48631,0.51001,33.13516
0.05653,0.15498,0.14100,0.50184,0.50155,-0.48631,0.51001,33.22360
0.05653,0.15506,0.14100,0.50184,0.50155,-0.48631,0.51001,33.31046
0.05653,0.15515,0.14100,0.50184,0.50155,-0.48631,0.51001,33.39567
0.05652,0.15523,0.14100,0.50184,0.50155,-0.48631,0.51001,33.47921
0.05652,0.15532,0.14100,0.50184,0.50155,-0.48631,0.51001,33.56100
0.05652,0.15540,0.14100,0.50184,0.50155,-0.48631,0.51001,33.64101
0.05652,0.15548,0.14100,0.50184,0.50155,-0.48631,0.51001,33.71918
0.05652,0.15555,0.14100,0.50184,0.50155,-0.48631,0.51001,33.79548
0.05651,0.15563,0.14100,0.50184,0.50155,-0.48631,0.51001,33.86984
0.05651,0.15570,0.14100,0.50184,0.50155,-0.48631,0.51001,33.94223
0.05651,0.15577,0.14101,0.50184,0.50155,-0.48631,0.51001,34.01261
0.05651,0.15584,0.14101,0.50184,0.50155,-0.48631,0.51001,34.08092
0.05651,0.15591,0.14101,0.50184,0.50155,-0.48631,0.51001,34.14713
0.05651,0.15598,0.14101,0.50184,0.50155,-0.48631,0.51001,34.21118
0.05650,0.15604,0.14101,0.50184,0.50155,-0.48631,0.51001,34.27305
0.05650,0.15610,0.14101,0.50184,0.50155,-0.48631,0.51001,34.33269
0.05650,0.15616,0.14101,0.50184,0.50155,-0.48631,0.51001,34.39006
0.05650,0.15621,0.14101,0.50184,0.50155,-0.48631,0.51001,34.44512
0.05650,0.15627,0.14101,0.50184,0.50155,-0.48631,0.51001,34.49784
0.05650,0.15632,0.14101,0.50184,0.50155,-0.48631,0.51001,34.54818
0.05650,0.15637,0.14101,0.50184,0.50155,-0.48631,0.51001,34.59611
0.05650,0.15642,0.14101,0.50184,0.50155,-0.48631,0.51001,34.64158
0.05649,0.15646,0.14101,0.50184,0.50155,-0.48631,0.51001,34.68457
0.05649,0.15650,0.14101,0.50184,0.50155,-0.48631,0.51001,34.72506
0.05649,0.15654,0.14101,0.50184,0.50155,-0.48631,0.51001,34.76300
0.05649,0.15658,0.14101,0.50184,0.50155,-0.48631,0.51001,34.79836
0.05649,0.15661,0.14101,0.50184,0.50155,-0.48631,0.51001,34.83113
0.05649,0.15664,0.14101,0.50184,0.50155,-0.48631,0.51001,34.86128
0.05649,0.15667,0.14101,0.50184,0.50155,-0.48631,0.51001,34.88877
0.05649,0.15670,0.14101,0.50184,0.50155,-0.48631,0.51001,34.91359
0.05649,0.15672,0.14101,0.50184,0.50155,-0.48631,0.51001,34.93572
0.05649,0.15674,0.14101,0.50184,0.50155,-0.48631,0.51001,34.95513
0.05649,0.15676,0.14101,0.50184,0.50155,-0.48631,0.51001,34.97181
0.05649,0.15678,0.14101,0.50184,0.50155,-0.48631,0.51001,34.98573
0.05649,0.15679,0.14101,0.50184,0.50155,-0.48631,0.51001,34.99689
0.05649,0.15680,0.14101,0.50184,0.50155,-0.48631,0.51001,35.00526
0.05649,0.15680,0.14101,0.50184,0.50155,-0.48631,0.51001,35.01083
0.05649,0.15681,0.14101,0.50184,0.50155,-0.48631,0.51001,35.01360
0.05649,0.15681,0.14101,0.50184,0.50155,-0.48631,0.51001,35.01365
0.05649,0.15681,0.14101,0.50184,0.50155,-0.48631,0.51001,35.01653
0.05649,0.15680,0.14101,0.50184,0.50155,-0.48631,0.51001,35.02224
0.05649,0.15680,0.14101,0.50184,0.50155,-0.48631,0.51001,35.03079
0.05649,0.15679,0.14101,0.50184,0.50155,-0.48631,0.51001,35.04218
0.05649,0.15677,0.14101,0.50184,0.50155,-0.48631,0.51001,35.05642
0.05649,0.15676,0.14101,0.50184,0.50155,-0.48631,0.51001,35.07350
0.05649,0.15674,0.14101,0.50184,0.50155,-0.48631,0.51001,35.09342
0.05649,0.15672,0.14101,0.50184,0.50155,-0.48631,0.51001,35.11619
0.05649,0.15669,0.14101,0.50184,0.50155,-0.48631,0.51001,35.14179
0.05649,0.15667,0.14101,0.50184,0.50155,-0.48631,0.51001,35.17022
0.05649,0.15664,0.14101,0.50184,0.50155,-0.48631,0.51001,35.20147
0.05649,0.15661,0.14101,0.50184,0.50155,-0.48631,0.51001,35.23553
0.05649,0.15657,0.14101,0.50184,0.50155,-0.48631,0.51001,35.27240
0.05649,0.15653,0.14101,0.50184,0.50155,-0.48631,0.51001,35.31205
0.05649,0.15649,0.14101,0.50184,0.50155,-0.48631,0.51001,35.35447
0.05649,0.15645,0.14101,0.50184,0.50155,-0.48631,0.51001,35.39965
0.05650,0.15640,0.14101,0.50184,0.50155,-0.48631,0.51001,35.44756
0.05650,0.15635,0.14101,0.50184,0.50155,-0.48631,0.51001,35.49820
0.05650,0.15630,0.14101,0.50184,0.50155,-0.48631,0.51001,35.55153
0.05650,0.15624,0.14101,0.50184,0.50155,-0.48631,0.51001,35.60753
0.05650,0.15619,0.14101,0.50184,0.50155,-0.48631,0.51001,35.66618
0.05650,0.15613,0.14101,0.50184,0.50155,-0.48631,0.51001,35.72745
0.05650,0.15606,0.14101,0.50184,0.50155,-0.48631,0.51001,35.79131
0.05651,0.15600,0.14101,0.50184,0.50155,-0.48631,0.51001,35.85773
0.05651,0.15593,0.14101,0.50184,0.50155,-0.48631,0.51001,35.92668
0.05651,0.15586,0.14101,0.50184,0.50155,-0.48631,0.51001,35.99812
0.05651,0.15579,0.14101,0.50184,0.50155,-0.48631,0.51001,36.07203
0.05651,0.15571,0.14100,0.50184,0.50155,-0.48631,0.51001,36.14836
0.05651,0.15564,0.14100,0.50184,0.50155,-0.48631,0.51001,36.22707
0.05652,0.15556,0.14100,0.50184,0.50155,-0.48631,0.51001,36.30812
0.05652,0.15547,0.14100,0.50184,0.50155,-0.48631,0.51001,36.39148
0.05652,0.15539,0.14100,0.50184,0.50155,-0.48631,0.51001,36.47710
0.05652,0.15530,0.14100,0.50184,0.50155,-0.48631,0.51001,36.56493
0.05652,0.15521,0.14100,0.50184,0.50155,-0.48631,0.51001,36.65492
0.05653,0.15512,0.14100,0.50184,0.50155,-0.48631,0.51001,36.74703
0.05653,0.15503,0.14100,0.50184,0.50155,-0.48631,0.51001,36.84121
0.05653,0.15493,0.14100,0.50184,0.50155,-0.48631,0.51001,36.93741
0.05653,0.15484,0.14100,0.50184,0.50155,-0.48631,0.51001,37.03557
0.05653,0.15474,0.14100,0.50184,0.50155,-0.48631,0.51001,37.13564
0.05654,0.15464,0.14100,0.50184,0.50155,-0.48631,0.51001,37.23756
0.05654,0.15453,0.14100,0.50184,0.50155,-0.48631,0.51001,37.34128
0.05654,0.15443,0.14100,0.50184,0.50155,-0.48631,0.51001,37.44674
0.05654,0.15432,0.14100,0.50184,0.50155,-0.48631,0.51001,37.55387
0.05655,0.15422,0.14099,0.50184,0.50155,-0.48631,0.51001,37.66262
0.05655,0.15411,0.14099,0.50184,0.50155,-0.48631,0.51001,37.77293
0.05655,0.15399,0.14099,0.50184,0.50155,-0.48631,0.51001,37.88472
0.05656,0.15388,0.14099,0.50184,0.50155,-0.48631,0.51001,37.99794
0.05656,0.15377,0.14099,0.50184,0.50155,-0.48631,0.51001,38.11252
0.05656,0.15365,0.14099,0.50184,0.50155,-0.48631,0.51001,38.22838
0.05656,0.15354,0.14099,0.50184,0.50155,-0.48631,0.51001,38.34547
0.05657,0.15342,0.14099,0.50184,0.50155,-0.48631,0.51001,38.46371
0.05657,0.15330,0.14099,0.50184,0.50155,-0.48631,0.51001,38.58303
0.05657,0.15318,0.14099,0.50184,0.50155,-0.48631,0.51001,38.70336
0.05657,0.15306,0.14099,0.50184,0.50155,-0.48631,0.51001,38.82462
0.05658,0.15294,0.14099,0.50184,0.50155,-0.48631,0.51001,38.94675
0.05658,0.15281,0.14099,0.50184,0.50155,-0.48631,0.51001,39.06966
0.05658,0.15269,0.14098,0.50184,0.50155,-0.48631,0.51001,39.19329
0.05659,0.15257,0.14098,0.50184,0.50155,-0.48631,0.51001,39.31755
0.05659,0.15244,0.14098,0.50184,0.50155,-0.48631,0.51001,39.44237
0.05659,0.15232,0.14098,0.50184,0.50155,-0.48631,0.51001,39.56767
0.05659,0.15219,0.14098,0.50184,0.50155,-0.48631,0.51001,39.69337
0.05660,0.15207,0.14098,0.50184,0.50155,-0.48631,0.51001,39.81940
0.05660,0.15194,0.14098,0.50184,0.50155,-0.48631,0.51001,39.94567
0.05660,0.15181,0.14098,0.50184,0.50155,-0.48631,0.51001,40.07209
0.05661,0.15169,0.14098,0.50184,0.50155,-0.48631,0.51001,40.19861
0.05661,0.15157,0.14098,0.50184,0.50155,-0.48631,0.51001,40.32512
0.05661,0.15144,0.14098,0.50184,0.50155,-0.48631,0.51001,40.45155
0.05662,0.15132,0.14098,0.50184,0.50155,-0.48631,0.51001,40.57781
0.05662,0.15119,0.14097,0.50184,0.50155,-0.48631,0.51001,40.70383
0.05662,0.15107,0.14097,0.50184,0.50155,-0.48631,0.51001,40.82952
0.05662,0.15094,0.14097,0.50184,0.50155,-0.48631,0.51001,40.95480
0.05663,0.15082,0.14097,0.50184,0.50155,-0.48631,0.51001,41.07959
0.05663,0.15069,0.14097,0.50184,0.50155,-0.48631,0.51001,41.20380
0.05663,0.15057,0.14097,0.50184,0.50155,-0.48631,0.51001,41.32735
0.05664,0.15044,0.14097,0.50184,0.50155,-0.48631,0.51001,41.45016
0.05664,0.15032,0.14097,0.50184,0.50155,-0.48631,0.51001,41.57215
0.05664,0.15020,0.14097,0.50184,0.50155,-0.48631,0.51001,41.69322
0.05664,0.15008,0.14097,0.50184,0.50155,-0.48631,0.51001,41.81331
0.05665,0.14996,0.14097,0.50184,0.50155,-0.48631,0.51001,41.93232
0.05665,0.14984,0.14097,0.50184,0.50155,-0.48631,0.51001,42.05019
0.05665,0.14972,0.14096,0.50184,0.50155,-0.48631,0.51001,42.16681
0.05666,0.14961,0.14096,0.50184,0.50155,-0.48631,0.51001,42.28212
0.05666,0.14949,0.14096,0.50184,0.50155,-0.48631,0.51001,42.39604
0.05666,0.14938,0.14096,0.50184,0.50155,-0.48631,0.51001,42.50848
0.05666,0.14927,0.14096,0.50184,0.50155,-0.48631,0.51001,42.61936
0.05667,0.14916,0.14096,0.50184,0.50155,-0.48631,0.51001,42.72862
0.05667,0.14905,0.14096,0.50184,0.50155,-0.48631,0.51001,42.83616
0.05667,0.14894,0.14096,0.50184,0.50155,-0.48631,0.51001,42.94191
0.05667,0.14884,0.14096,0.50184,0.50155,-0.48631,0.51001,43.04580
0.05668,0.14874,0.14096,0.50184,0.50155,-0.48631,0.51001,43.14775
0.05668,0.14863,0.14096,0.50184,0.50155,-0.48631,0.51001,43.24768
0.05668,0.14854,0.14096,0.50184,0.50155,-0.48631,0.51001,43.34553
0.05668,0.14844,0.14096,0.50184,0.50155,-0.48631,0.51001,43.44122
0.05669,0.14834,0.14095,0.50184,0.50155,-0.48631,0.51001,43.53469
0.05669,0.14825,0.14095,0.50184,0.50155,-0.48631,0.51001,43.62585
0.05669,0.14816,0.14095,0.50184,0.50155,-0.48631,0.51001,43.71464
0.05669,0.14807,0.14095,0.50184,0.50155,-0.48631,0.51001,43.80101
0.05669,0.14799,0.14095,0.50184,0.50155,-0.48631,0.51001,43.88487
0.05670,0.14791,0.14095,0.50184,0.50155,-0.48631,0.51001,43.96616
0.05670,0.14783,0.14095,0.50184,0.50155,-0.48631,0.51001,44.04483
0.05670,0.14775,0.14095,0.50184,0.50155,-0.48631,0.51001,44.12081
0.05670,0.14767,0.14095,0.50184,0.50155,-0.48631,0.51001,44.19405
0.05670,0.14760,0.14095,0.50184,0.50155,-0.48631,0.51001,44.26447
0.05670,0.14753,0.14095,0.50184,0.50155,-0.48631,0.51001,44.33204
0.05671,0.14747,0.14095,0.50184,0.50155,-0.48631,0.51001,44.39668
0.05671,0.14740,0.14095,0.50184,0.50155,-0.48631,0.51001,44.45836
0.05671,0.14734,0.14095,0.50184,0.50155,-0.48631,0.51001,44.51701
0.05671,0.14729,0.14095,0.50184,0.50155,-0.48631,0.51001,44.57260
0.05671,0.14723,0.14095,0.50184,0.50155,-0.48631,0.51001,44.62507
0.05671,0.14718,0.14095,0.50184,0.50155,-0.48631,0.51001,44.67438
0.05671,0.14713,0.14095,0.50184,0.50155,-0.48631,0.51001,44.72048
0.05671,0.14709,0.14095,0.50184,0.50155,-0.48631,0.51001,44.76333
0.05672,0.14705,0.14095,0.50184,0.50155,-0.48631,0.51001,44.80290
0.05672,0.14701,0.14095,0.50184,0.50155,-0.48631,0.51001,44.83915
0.05672,0.14698,0.14095,0.50184,0.50155,-0.48631,0.51001,44.87204
0.05672,0.14695,0.14095,0.50184,0.50155,-0.48631,0.51001,44.90154
0.05672,0.14692,0.14095,0.50184,0.50155,-0.48631,0.51001,44.92763
0.05672,0.14689,0.14095,0.50184,0.50155,-0.48631,0.51001,44.95027
0.05672,0.14687,0.14094,0.50184,0.50155,-0.48631,0.51001,44.96943
0.05672,0.14685,0.14094,0.50184,0.50155,-0.48631,0.51001,44.98510
0.05672,0.14684,0.14094,0.50184,0.50155,-0.48631,0.51001,44.99726
0.05672,0.14683,0.14094,0.50184,0.50155,-0.48631,0.51001,45.00588
0.05672,0.14682,0.14094,0.50184,0.50155,-0.48631,0.51001,45.01095
0.05672,0.14682,0.14094,0.50184,0.50155,-0.48631,0.51001,45.01246
0.05672,0.14682,0.14094,0.50184,0.50155,-0.48631,0.51001,45.01453
0.05672,0.14682,0.14094,0.50184,0.50155,-0.48631,0.51001,45.02017
0.05672,0.14683,0.14094,0.50184,0.50155,-0.48631,0.51001,45.02940
0.05672,0.14684,0.14094,0.50184,0.50155,-0.48631,0.51001,45.04222
0.05672,0.14686,0.14094,0.50184,0.50155,-0.48631,0.51001,45.05863
0.05672,0.14688,0.14094,0.50184,0.50155,-0.48631,0.51001,45.07863
0.05672,0.14690,0.14095,0.50184,0.50155,-0.48631,0.51001,45.10221
0.05672,0.14692,0.14095,0.50184,0.50155,-0.48631,0.51001,45.12936
0.05672,0.14695,0.14095,0.50184,0.50155,-0.48631,0.51001,45.16008
0.05672,0.14698,0.14095,0.50184,0.50155,-0.48631,0.51001,45.19435
0.05672,0.14702,0.14095,0.50184,0.50155,-0.48631,0.51001,45.23216
0.05672,0.14706,0.14095,0.50184,0.50155,-0.48631,0.51001,45.27349
0.05671,0.14710,0.14095,0.50184,0.50155,-0.48631,0.51001,45.31831
0.05671,0.14715,0.14095,0.50184,0.50155,-0.48631,0.51001,45.36661
0.05671,0.14720,0.14095,0.50184,0.50155,-0.48631,0.51001,45.41835
0.05671,0.14725,0.14095,0.50184,0.50155,-0.48631,0.51001,45.47352
0.05671,0.14731,0.14095,0.50184,0.50155,-0.48631,0.51001,45.53207
0.05671,0.14737,0.14095,0.50184,0.50155,-0.48631,0.51001,45.59397
0.05671,0.14743,0.14095,0.50184,0.50155,-0.48631,0.51001,45.65918
0.05671,0.14750,0.14095,0.50184,0.50155,-0.48631,0.51001,45.72768
0.05670,0.14757,0.14095,0.50184,0.50155,-0.48631,0.51001,45.79940
0.05670,0.14764,0.14095,0.50184,0.50155,-0.48631,0.51001,45.87432
0.05670,0.14772,0.14095,0.50184,0.50155,-0.48631,0.51001,45.95238
0.05670,0.14780,0.14095,0.50184,0.50155,-0.48631,0.51001,46.03352
0.05670,0.14788,0.14095,0.50184,0.50155,-0.48631,0.51001,46.11771
0.05669,0.14797,0.14095,0.50184,0.50155,-0.48631,0.51001,46.20488
0.05669,0.14806,0.14095,0.50184,0.50155,-0.48631,0.51001,46.29497
0.05669,0.14815,0.14095,0.50184,0.50155,-0.48631,0.51001,46.38793
0.05669,0.14824,0.14095,0.50184,0.50155,-0.48631,0.51001,46.48370
0.05669,0.14834,0.14095,0.50184,0.50155,-0.48631,0.51001,46.58220
0.05668,0.14844,0.14096,0.50184,0.50155,-0.48631,0.51001,46.68337
0.05668,0.14854,0.14096,0.50184,0.50155,-0.48631,0.51001,46.78715
0.05668,0.14865,0.14096,0.50184,0.50155,-0.48631,0.51001,46.89345
0.05668,0.14876,0.14096,0.50184,0.50155,-0.48631,0.51001,47.00221
0.05667,0.14887,0.14096,0.50184,0.50155,-0.48631,0.51001,47.11334
0.05667,0.14898,0.14096,0.50184,0.50155,-0.48631,0.51001,47.22678
0.05667,0.14909,0.14096,0.50184,0.50155,-0.48631,0.51001,47.34244
0.05667,0.14921,0.14096,0.50184,0.50155,-0.48631,0.51001,47.46023
0.05666,0.14933,0.14096,0.50184,0.50155,-0.48631,0.51001,47.58008
0.05666,0.14945,0.14096,0.50184,0.50155,-0.48631,0.51001,47.70189
0.05666,0.14957,0.14096,0.50184,0.50155,-0.48631,0.51001,47.82557
0.05665,0.14970,0.14096,0.50184,0.50155,-0.48631,0.51001,47.95105
0.05665,0.14982,0.14096,0.50184,0.50155,-0.48631,0.51001,48.07822
0.05665,0.14995,0.14097,0.50184,0.50155,-0.48631,0.51001,48.20698
0.05664,0.15008,0.14097,0.50184,0.50155,-0.48631,0.51001,48.33725
0.05664,0.15021,0.14097,0.50184,0.50155,-0.48631,0.51001,48.46893
0.05664,0.15034,0.14097,0.50184,0.50155,-0.48631,0.51001,48.60192
0.05664,0.15048,0.14097,0.50184,0.50155,-0.48631,0.51001,48.73612
0.05663,0.15061,0.14097,0.50184,0.50155,-0.48631,0.51001,48.87142
0.05663,0.15075,0.14097,0.50184,0.50155,-0.48631,0.51001,49.00773
0.05663,0.15088,0.14097,0.50184,0.50155,-0.48631,0.51001,49.14494
0.05662,0.15102,0.14097,0.50184,0.50155,-0.48631,0.51001,49.28294
0.05662,0.15116,0.14097,0.50184,0.50155,-0.48631,0.51001,49.42163
0.05662,0.15130,0.14097,0.50184,0.50155,-0.48631,0.51001,49.56090
0.05661,0.15144,0.14098,0.50184,0.50155,-0.48631,0.51001,49.70065
0.05661,0.15158,0.14098,0.50184,0.50155,-0.48631,0.51001,49.84076
0.05661,0.15171,0.14098,0.50184,0.50155,-0.48631,0.51001,49.98112
0.05660,0.15185,0.14098,0.50184,0.50155,-0.48631,0.51001,50.12163
0.05660,0.15199,0.14098,0.50184,0.50155,-0.48631,0.51001,50.26217
0.05660,0.15213,0.14098,0.50184,0.50155,-0.48631,0.51001,50.40263
0.05659,0.15227,0.14098,0.50184,0.50155,-0.48631,0.51001,50.54290
0.05659,0.15241,0.14098,0.50184,0.50155,-0.48631,0.51001,50.68286
0.05659,0.15255,0.14098,0.50184,0.50155,-0.48631,0.51001,50.82241
0.05658,0.15269,0.14098,0.50184,0.50155,-0.48631,0.51001,50.96144
0.05658,0.15283,0.14099,0.50184,0.50155,-0.48631,0.51001,51.09982
0.05658,0.15297,0.14099,0.50184,0.50155,-0.48631,0.51001,51.23744
0.05657,0.15310,0.14099,0.50184,0.50155,-0.48631,0.51001,51.37420
0.05657,0.15324,0.14099,0.50184,0.50155,-0.48631,0.51001,51.50999
0.05657,0.15338,0.14099,0.50184,0.50155,-0.48631,0.51001,51.64468
0.05656,0.15351,0.14099,0.50184,0.50155,-0.48631,0.51001,51.77817
0.05656,0.15364,0.14099,0.50184,0.50155,-0.48631,0.51001,51.91034
0.05656,0.15377,0.14099,0.50184,0.50155,-0.48631,0.51001,52.04110
0.05655,0.15390,0.14099,0.50184,0.50155,-0.48631,0.51001,52.17031
0.05655,0.15403,0.14099,0.50184,0.50155,-0.48631,0.51001,52.29789
0.05655,0.15416,0.14099,0.50184,0.50155,-0.48631,0.51001,52.42372
0.05655,0.15428,0.14100,0.50184,0.50155,-0.48631,0.51001,52.54768
0.05654,0.15441,0.14100,0.50184,0.50155,-0.48631,0.51001,52.66969
0.05654,0.15453,0.14100,0.50184,0.50155,-0.48631,0.51001,52.78962
0.05654,0.15465,0.14100,0.50184,0.50155,-0.48631,0.51001,52.90739
0.05653,0.15476,0.14100,0.50184,0.50155,-0.48631,0.51001,53.02288
0.05653,0.15488,0.14100,0.50184,0.50155,-0.48631,0.51001,53.13599
0.05653,0.15499,0.14100,0.50184,0.50155,-0.48631,0.51001,53.24664
0.05653,0.15510,0.14100,0.50184,0.50155,-0.48631,0.51001,53.35471
0.05652,0.15521,0.14100,0.50184,0.50155,-0.48631,0.51001,53.46011
0.05652,0.15531,0.14100,0.50184,0.50155,-0.48631,0.51001,53.56275
0.05652,0.15541,0.14100,0.50184,0.50155,-0.48631,0.51001,53.66254
0.05652,0.15551,0.14100,0.50184,0.50155,-0.48631,0.51001,53.75938
0.05651,0.15561,0.14100,0.50184,0.50155,-0.48631,0.51001,53.85320
0.05651,0.15570,0.14100,0.50184,0.50155,-0.48631,0.51001,53.94389
0.05651,0.15579,0.14101,0.50184,0.50155,-0.48631,0.51001,54.03139
0.05651,0.15587,0.14101,0.50184,0.50155,-0.48631,0.51001,54.11560
0.05651,0.15595,0.14101,0.50184,0.50155,-0.48631,0.51001,54.19646
0.05650,0.15603,0.14101,0.50184,0.50155,-0.48631,0.51001,54.27387
0.05650,0.15611,0.14101,0.50184,0.50155,-0.48631,0.51001,54.34778
0.05650,0.15618,0.14101,0.50184,0.50155,-0.48631,0.51001,54.41811
0.05650,0.15625,0.14101,0.50184,0.50155,-0.48631,0.51001,54.48478
0.05650,0.15632,0.14101,0.50184,0.50155,-0.48631,0.51001,54.54775
0.05650,0.15638,0.14101,0.50184,0.50155,-0.48631,0.51001,54.60693
0.05650,0.15643,0.14101,0.50184,0.50155,-0.48631,0.51001,54.66228
0.05649,0.15649,0.14101,0.50184,0.50155,-0.48631,0.51001,54.71373
0.05649,0.15654,0.14101,0.50184,0.50155,-0.48631,0.51001,54.76124
0.05649,0.15658,0.14101,0.50184,0.50155,-0.48631,0.51001,54.80476
0.05649,0.15662,0.14101,0.50184,0.50155,-0.48631,0.51001,54.84423
0.05649,0.15666,0.14101,0.50184,0.50155,-0.48631,0.51001,54.87961
0.05649,0.15669,0.14101,0.50184,0.50155,-0.48631,0.51001,54.91086
0.05649,0.15672,0.14101,0.50184,0.50155,-0.48631,0.51001,54.93795
0.05649,0.15675,0.14101,0.50184,0.50155,-0.48631,0.51001,54.96085
0.05649,0.15677,0.14101,0.50184,0.50155,-0.48631,0.51001,54.97951
0.05649,0.15679,0.14101,0.50184,0.50155,-0.48631,0.51001,54.99392
0.05649,0.15680,0.14101,0.50184,0.50155,-0.48631,0.51001,55.00406
0.05649,0.15681,0.14101,0.50184,0.50155,-0.48631,0.51001,55.00989
0.05649,0.15681,0.14101,0.50184,0.50155,-0.48631,0.51001,55.01142
0.05649,0.15681,0.14101,0.50184,0.50155,-0.48631,0.51001,55.01422
0.05649,0.15680,0.14101,0.50184,0.50155,-0.48631,0.51001,55.02135
0.05649,0.15679,0.14101,0.50184,0.50155,-0.48631,0.51001,55.03281
0.05649,0.15678,0.14101,0.50184,0.50155,-0.48631,0.51001,55.04862
0.05649,0.15676,0.14101,0.50184,0.50155,-0.48631,0.51001,55.06875
0.05649,0.15674,0.14101,0.50184,0.50155,-0.48631,0.51001,55.09321
0.05649,0.15671,0.14101,0.50184,0.50155,-0.48631,0.51001,55.12199
0.05649,0.15668,0.14101,0.50184,0.50155,-0.48631,0.51001,55.15507
0.05649,0.15665,0.14101,0.50184,0.50155,-0.48631,0.51001,55.19243
0.05649,0.15661,0.14101,0.50184,0.50155,-0.48631,0.51001,55.23405
0.05649,0.15656,0.14101,0.50184,0.50155,-0.48631,0.51001,55.27990
0.05649,0.15652,0.14101,0.50184,0.50155,-0.48631,0.51001,55.32995
0.05649,0.15646,0.14101,0.50184,0.50155,-0.48631,0.51001,55.38418
0.05650,0.15641,0.14101,0.50184,0.50155,-0.48631,0.51001,55.44253
0.05650,0.15635,0.14101,0.50184,0.50155,-0.48631,0.51001,55.50498
0.05650,0.15628,0.14101,0.50184,0.50155,-0.48631,0.51001,55.57147
0.05650,0.15622,0.14101,0.50184,0.50155,-0.48631,0.51001,55.64195
0.05650,0.15614,0.14101,0.50184,0.50155,-0.48631,0.51001,55.71637
0.05650,0.15607,0.14101,0.50184,0.50155,-0.48631,0.51001,55.79468
0.05651,0.15599,0.14101,0.50184,0.50155,-0.48631,0.51001,55.87681
0.05651,0.15590,0.14101,0.50184,0.50155,-0.48631,0.51001,55.96269
0.05651,0.15581,0.14101,0.50184,0.50155,-0.48631,0.51001,56.05227
0.05651,0.15572,0.14101,0.50184,0.50155,-0.48631,0.51001,56.14547
0.05651,0.15563,0.14100,0.50184,0.50155,-0.48631,0.51001,56.24221
0.05652,0.15553,0.14100,0.50184,0.50155,-0.48631,0.51001,56.34242
0.05652,0.15543,0.14100,0.50184,0.50155,-0.48631,0.51001,56.44601
0.05652,0.15532,0.14100,0.50184,0.50155,-0.48631,0.51001,56.55290
0.05652,0.15521,0.14100,0.50184,0.50155,-0.48631,0.51001,56.66300
0.05653,0.15510,0.14100,0.50184,0.50155,-0.48631,0.51001,56.77622
0.05653,0.15499,0.14100,0.50184,0.50155,-0.48631,0.51001,56.89245
0.05653,0.15487,0.14100,0.50184,0.50155,-0.48631,0.51001,57.01161
0.05653,0.15475,0.14100,0.50184,0.50155,-0.48631,0.51001,57.13359
0.05654,0.15463,0.14100,0.50184,0.50155,-0.48631,0.51001,57.25828
0.05654,0.15450,0.14100,0.50184,0.50155,-0.48631,0.51001,57.38559
0.05654,0.15437,0.14100,0.50184,0.50155,-0.48631,0.51001,57.51539
0.05655,0.15424,0.14099,0.50184,0.50155,-0.48631,0.51001,57.64758
0.05655,0.15411,0.14099,0.50184,0.50155,-0.48631,0.51001,57.78204
0.05655,0.15397,0.14099,0.50184,0.50155,-0.48631,0.51001,57.91865
0.05656,0.15383,0.14099,0.50184,0.50155,-0.48631,0.51001,58.05729
0.05656,0.15369,0.14099,0.50184,0.50155,-0.48631,0.51001,58.19784
0.05656,0.15355,0.14099,0.50184,0.50155,-0.48631,0.51001,58.34017
0.05657,0.15341,0.14099,0.50184,0.50155,-0.48631,0.51001,58.48416
0.05657,0.15326,0.14099,0.50184,0.50155,-0.48631,0.51001,58.62967
0.05657,0.15312,0.14099,0.50184,0.50155,-0.48631,0.51001,58.77658
0.05658,0.15297,0.14099,0.50184,0.50155,-0.48631,0.51001,58.92474
0.05658,0.15282,0.14099,0.50184,0.50155,-0.48631,0.51001,59.07403
0.05658,0.15267,0.14098,0.50184,0.50155,-0.48631,0.51001,59.22431
0.05659,0.15252,0.14098,0.50184,0.50155,-0.48631,0.51001,59.37544
0.05659,0.15237,0.14098,0.50184,0.50155,-0.48631,0.51001,59.52729
0.05659,0.15222,0.14098,0.50184,0.50155,-0.48631,0.51001,59.67970
0.05660,0.15206,0.14098,0.50184,0.50155,-0.48631,0.51001,59.83254
0.05660,0.15191,0.14098,0.50184,0.50155,-0.48631,0.51001,59.98567
0.05660,0.15176,0.14098,0.50184,0.50155,-0.48631,0.51001,60.13894
0.05661,0.15161,0.14098,0.50184,0.50155,-0.48631,0.51001,60.29221
0.05661,0.15146,0.14098,0.50184,0.50155,-0.48631,0.51001,60.44534
0.05662,0.15131,0.14098,0.50184,0.50155,-0.48631,0.51001,60.59817
0.05662,0.15116,0.14097,0.50184,0.50155,-0.48631,0.51001,60.75056
0.05662,0.15100,0.14097,0.50184,0.50155,-0.48631,0.51001,60.90238
0.05663,0.15085,0.14097,0.50184,0.50155,-0.48631,0.51001,61.05346
0.05663,0.15070,0.14097,0.50184,0.50155,-0.48631,0.51001,61.20368
0.05663,0.15055,0.14097,0.50184,0.50155,-0.48631,0.51001,61.35287
0.05664,0.15040,0.14097,0.50184,0.50155,-0.48631,0.51001,61.50090
0.05664,0.15026,0.14097,0.50184,0.50155,-0.48631,0.51001,61.64762
0.05664,0.15011,0.14097,0.50184,0.50155,-0.48631,0.51001,61.79289
0.05665,0.14997,0.14097,0.50184,0.50155,-0.48631,0.51001,61.93657
0.05665,0.14982,0.14096,0.50184,0.50155,-0.48631,0.51001,62.07851
0.05665,0.14968,0.14096,0.50184,0.50155,-0.48631,0.51001,62.21858
0.05666,0.14954,0.14096,0.50184,0.50155,-0.48631,0.51001,62.35663
0.05666,0.14941,0.14096,0.50184,0.50155,-0.48631,0.51001,62.49253
0.05666,0.14927,0.14096,0.50184,0.50155,-0.48631,0.51001,62.62614
0.05667,0.14914,0.14096,0.50184,0.50155,-0.48631,0.51001,62.75732
0.05667,0.14901,0.14096,0.50184,0.50155,-0.48631,0.51001,62.88595
0.05667,0.14888,0.14096,0.50184,0.50155,-0.48631,0.51001,63.01189
0.05668,0.14876,0.14096,0.50184,0.50155,-0.48631,0.51001,63.13501
0.05668,0.14863,0.14096,0.50184,0.50155,-0.48631,0.51001,63.25519
0.05668,0.14852,0.14096,0.50184,0.50155,-0.48631,0.51001,63.37230
0.05668,0.14840,0.14096,0.50184,0.50155,-0.48631,0.51001,63.48622
0.05669,0.14829,0.14095,0.50184,0.50155,-0.48631,0.51001,63.59684
0.05669,0.14818,0.14095,0.50184,0.50155,-0.48631,0.51001,63.70404
0.05669,0.14807,0.14095,0.50184,0.50155,-0.48631,0.51001,63.80770
0.05669,0.14797,0.14095,0.50184,0.50155,-0.48631,0.51001,63.90771
0.05670,0.14787,0.14095,0.50184,0.50155,-0.48631,0.51001,64.00397
0.05670,0.14778,0.14095,0.50184,0.50155,-0.48631,0.51001,64.09637
0.05670,0.14769,0.14095,0.50184,0.50155,-0.48631,0.51001,64.18482
0.05670,0.14760,0.14095,0.50184,0.50155,-0.48631,0.51001,64.26921
0.05670,0.14752,0.14095,0.50184,0.50155,-0.48631,0.51001,64.34946
0.05671,0.14744,0.14095,0.50184,0.50155,-0.48631,0.51001,64.42548
0.05671,0.14737,0.14095,0.50184,0.50155,-0.48631,0.51001,64.49717
0.05671,0.14730,0.14095,0.50184,0.50155,-0.48631,0.51001,64.56447
0.05671,0.14723,0.14095,0.50184,0.50155,-0.48631,0.51001,64.62728
0.05671,0.14717,0.14095,0.50184,0.50155,-0.48631,0.51001,64.68555
0.05671,0.14712,0.14095,0.50184,0.50155,-0.48631,0.51001,64.73919
0.05672,0.14707,0.14095,0.50184,0.50155,-0.48631,0.51001,64.78815
0.05672,0.14702,0.14095,0.50184,0.50155,-0.48631,0.51001,64.83237
0.05672,0.14698,0.14095,0.50184,0.50155,-0.48631,0.51001,64.87179
0.05672,0.14694,0.14095,0.50184,0.50155,-0.48631,0.51001,64.90636
0.05672,0.14691,0.14095,0.50184,0.50155,-0.48631,0.51001,64.93604
0.05672,0.14688,0.14094,0.50184,0.50155,-0.48631,0.51001,64.96078
0.05672,0.14686,0.14094,0.50184,0.50155,-0.48631,0.51001,64.98055
0.05672,0.14684,0.14094,0.50184,0.50155,-0.48631,0.51001,64.99532
0.05672,0.14683,0.14094,0.50184,0.50155,-0.48631,0.51001,65.00505
0.05672,0.14682,0.14094,0.50184,0.50155,-0.48631,0.51001,65.00974
0.05672,0.14682,0.14094,0.50184,0.50155,-0.48631,0.51001,65.01012
0.05672,0.14682,0.14094,0.50184,0.50155,-0.48631,0.51001,65.01558
0.05672,0.14683,0.14094,0.50184,0.50155,-0.48631,0.51001,65.02612
0.05672,0.14684,0.14094,0.50184,0.50155,-0.48631,0.51001,65.04174
0.05672,0.14686,0.14094,0.50184,0.50155,-0.48631,0.51001,65.06245
0.05672,0.14689,0.14095,0.50184,0.50155,-0.48631,0.51001,65.08822
0.05672,0.14691,0.14095,0.50184,0.50155,-0.48631,0.51001,65.11905
0.05672,0.14695,0.14095,0.50184,0.50155,-0.48631,0.51001,65.15492
0.05672,0.14699,0.14095,0.50184,0.50155,-0.48631,0.51001,65.19579
0.05672,0.14703,0.14095,0.50184,0.50155,-0.48631,0.51001,65.24164
0.05672,0.14708,0.14095,0.50184,0.50155,-0.48631,0.51001,65.29243
0.05671,0.14713,0.14095,0.50184,0.50155,-0.48631,0.51001,65.34812
0.05671,0.14719,0.14095,0.50184,0.50155,-0.48631,0.51001,65.40867
0.05671,0.14725,0.14095,0.50184,0.50155,-0.48631,0.51001,65.47402
0.05671,0.14732,0.14095,0.50184,0.50155,-0.48631,0.51001,65.54411
0.05671,0.14739,0.14095,0.50184,0.50155,-0.48631,0.51001,65.61889
0.05671,0.14747,0.14095,0.50184,0.50155,-0.48631,0.51001,65.69828
0.05670,0.14755,0.14095,0.50184,0.50155,-0.48631,0.51001,65.78221
0.05670,0.14764,0.14095,0.50184,0.50155,-0.48631,0.51001,65.87061
0.05670,0.14773,0.14095,0.50184,0.50155,-0.48631,0.51001,65.96339
0.05670,0.14782,0.14095,0.50184,0.50155,-0.48631,0.51001,66.06047
0.05670,0.14792,0.14095,0.50184,0.50155,-0.48631,0.51001,66.16174
0.05669,0.14802,0.14095,0.50184,0.50155,-0.48631,0.51001,66.26713
0.05669,0.14813,0.14095,0.50184,0.50155,-0.48631,0.51001,66.37652
0.05669,0.14824,0.14095,0.50184,0.50155,-0.48631,0.51001,66.48981
0.05669,0.14836,0.14095,0.50184,0.50155,-0.48631,0.51001,66.60688
0.05668,0.14848,0.14096,0.50184,0.50155,-0.48631,0.51001,66.72763
0.05668,0.14860,0.14096,0.50184,0.50155,-0.48631,0.51001,66.85193
0.05668,0.14873,0.14096,0.50184,0.50155,-0.48631,0.51001,66.97966
0.05667,0.14886,0.14096,0.50184,0.50155,-0.48631,0.51001,67.11069
0.05667,0.14899,0.14096,0.50184,0.50155,-0.48631,0.51001,67.24489
0.05667,0.14912,0.14096,0.50184,0.50155,-0.48631,0.51001,67.38212
0.05666,0.14926,0.14096,0.50184,0.50155,-0.48631,0.51001,67.52224
0.05666,0.14940,0.14096,0.50184,0.50155,-0.48631,0.51001,67.66512
0.05666,0.14955,0.14096,0.50184,0.50155,-0.48631,0.51001,67.81060
0.05665,0.14970,0.14096,0.50184,0.50155,-0.48631,0.51001,67.95853
0.05665,0.14984,0.14097,0.50184,0.50155,-0.48631,0.51001,68.10877
0.05665,0.15000,0.14097,0.50184,0.50155,-0.48631,0.51001,68.26115
0.05664,0.15015,0.14097,0.50184,0.50155,-0.48631,0.51001,68.41551
0.05664,0.15030,0.14097,0.50184,0.50155,-0.48631,0.51001,68.57170
0.05664,0.15046,0.14097,0.50184,0.50155,-0.48631,0.51001,68.72955
0.05663,0.15062,0.14097,0.50184,0.50155,-0.48631,0.51001,68.88890
0.05663,0.15078,0.14097,0.50184,0.50155,-0.48631,0.51001,69.04956
0.05662,0.15094,0.14097,0.50184,0.50155,-0.48631,0.51001,69.21138
0.05662,0.15110,0.14097,0.50184,0.50155,-0.48631,0.51001,69.37418
0.05662,0.15127,0.14097,0.50184,0.50155,-0.48631,0.51001,69.53779
0.05661,0.15143,0.14098,0.50184,0.50155,-0.48631,0.51001,69.70202
0.05661,0.15160,0.14098,0.50184,0.50155,-0.48631,0.51001,69.86671
0.05661,0.15175,0.14098,0.50184,0.50155,-0.48631,0.51001,70.03167
0.05660,0.15192,0.14098,0.50184,0.50155,-0.48631,0.51001,70.19673
0.05660,0.15208,0.14098,0.50184,0.50155,-0.48631,0.51001,70.36170
0.05659,0.15225,0.14098,0.50184,0.50155,-0.48631,0.51001,70.52640
0.05659,0.15241,0.14098,0.50184,0.50155,-0.48631,0.51001,70.69065
0.05659,0.15257,0.14098,0.50184,0.50155,-0.48631,0.51001,70.85428
0.05658,0.15274,0.14098,0.50184,0.50155,-0.48631,0.51001,71.01709
0.05658,0.15290,0.14099,0.50184,0.50155,-0.48631,0.51001,71.17891
0.05657,0.15306,0.14099,0.50184,0.50155,-0.48631,0.51001,71.33956
0.05657,0.15322,0.14099,0.50184,0.50155,-0.48631,0.51001,71.49886
0.05657,0.15338,0.14099,0.50184,0.50155,-0.48631,0.51001,71.65663
0.05656,0.15354,0.14099,0.50184,0.50155,-0.48631,0.51001,71.81269
0.05656,0.15369,0.14099,0.50184,0.50155,-0.48631,0.51001,71.96686
0.05656,0.15384,0.14099,0.50184,0.50155,-0.48631,0.51001,72.11897
0.05655,0.15400,0.14099,0.50184,0.50155,-0.48631,0.51001,72.26884
0.05655,0.15414,0.14099,0.50184,0.50155,-0.48631,0.51001,72.41631
0.05655,0.15429,0.14100,0.50184,0.50155,-0.48631,0.51001,72.56120
0.05654,0.15443,0.14100,0.50184,0.50155,-0.48631,0.51001,72.70335
0.05654,0.15458,0.14100,0.50184,0.50155,-0.48631,0.51001,72.84259
0.05654,0.15471,0.14100,0.50184,0.50155,-0.48631,0.51001,72.97876
0.05653,0.15485,0.14100,0.50184,0.50155,-0.48631,0.51001,73.11169
0.05653,0.15498,0.14100,0.50184,0.50155,-0.48631,0.51001,73.24124
0.05653,0.15511,0.14100,0.50184,0.50155,-0.48631,0.51001,73.36726
0.05652,0.15523,0.14100,0.50184,0.50155,-0.48631,0.51001,73.48958
0.05652,0.15535,0.14100,0.50184,0.50155,-0.48631,0.51001,73.60807
0.05652,0.15547,0.14100,0.50184,0.50155,-0.48631,0.51001,73.72258
0.05652,0.15558,0.14100,0.50184,0.50155,-0.48631,0.51001,73.83297
0.05651,0.15569,0.14100,0.50184,0.50155,-0.48631,0.51001,73.93912
0.05651,0.15579,0.14101,0.50184,0.50155,-0.48631,0.51001,74.04089
0.05651,0.15589,0.14101,0.50184,0.50155,-0.48631,0.51001,74.13816
0.05651,0.15599,0.14101,0.50184,0.50155,-0.48631,0.51001,74.23080
0.05650,0.15608,0.14101,0.50184,0.50155,-0.48631,0.51001,74.31870
0.05650,0.15616,0.14101,0.50184,0.50155,-0.48631,0.51001,74.40175
0.05650,0.15624,0.14101,0.50184,0.50155,-0.48631,0.51001,74.47985
0.05650,0.15632,0.14101,0.50184,0.50155,-0.48631,0.51001,74.55290
0.05650,0.15639,0.14101,0.50184,0.50155,-0.48631,0.51001,74.62079
0.05649,0.15645,0.14101,0.50184,0.50155,-0.48631,0.51001,74.68345
0.05649,0.15651,0.14101,0.50184,0.50155,-0.48631,0.51001,74.74079
0.05649,0.15657,0.14101,0.50184,0.50155,-0.48631,0.51001,74.79273
0.05649,0.15662,0.14101,0.50184,0.50155,-0.48631,0.51001,74.83920
0.05649,0.15666,0.14101,0.50184,0.50155,-0.48631,0.51001,74.88014
0.05649,0.15670,0.14101,0.50184,0.50155,-0.48631,0.51001,74.91548
0.05649,0.15673,0.14101,0.50184,0.50155,-0.48631,0.51001,74.94517
0.05649,0.15676,0.14101,0.50184,0.50155,-0.48631,0.51001,74.96918
0.05649,0.15678,0.14101,0.50184,0.50155,-0.48631,0.51001,74.98745
0.05649,0.15680,0.14101,0.50184,0.50155,-0.48631,0.51001,74.99996
0.05649,0.15681,0.14101,0.50184,0.50155,-0.48631,0.51001,75.00667
0.05649,0.15681,0.14101,0.50184,0.50155,-0.48631,0.51001,75.00757
0.05649,0.15681,0.14101,0.50184,0.50155,-0.48631,0.51001,75.01250
0.05649,0.15680,0.14101,0.50184,0.50155,-0.48631,0.51001,75.02325
0.05649,0.15679,0.14101,0.50184,0.50155,-0.48631,0.51001,75.03984
0.05649,0.15677,0.14101,0.50184,0.50155,-0.48631,0.51001,75.06225
0.05649,0.15674,0.14101,0.50184,0.50155,-0.48631,0.51001,75.09047
0.05649,0.15671,0.14101,0.50184,0.50155,-0.48631,0.51001,75.12448
0.05649,0.15667,0.14101,0.50184,0.50155,-0.48631,0.51001,75.16425
0.05649,0.15663,0.14101,0.50184,0.50155,-0.48631,0.51001,75.20975
0.05649,0.15658,0.14101,0.50184,0.50155,-0.48631,0.51001,75.26094
0.05649,0.15653,0.14101,0.50184,0.50155,-0.48631,0.51001,75.31776
0.05649,0.15647,0.14101,0.50184,0.50155,-0.48631,0.51001,75.38016
0.05650,0.15640,0.14101,0.50184,0.50155,-0.48631,0.51001,75.44808
0.05650,0.15633,0.14101,0.50184,0.50155,-0.48631,0.51001,75.52144
0.05650,0.15626,0.14101,0.50184,0.50155,-0.48631,0.51001,75.60019
0.05650,0.15618,0.14101,0.50184,0.50155,-0.48631,0.51001,75.68422
0.05650,0.15609,0.14101,0.50184,0.50155,-0.48631,0.51001,75.77345
0.05651,0.15600,0.14101,0.50184,0.50155,-0.48631,0.51001,75.86779
0.05651,0.15590,0.14101,0.50184,0.50155,-0.48631,0.51001,75.96714
0.05651,0.15580,0.14101,0.50184,0.50155,-0.48631,0.51001,76.07138
0.05651,0.15569,0.14100,0.50184,0.50155,-0.48631,0.51001,76.18040
0.05652,0.15558,0.14100,0.50184,0.50155,-0.48631,0.51001,76.29408
0.05652,0.15546,0.14100,0.50184,0.50155,-0.48631,0.51001,76.41229
0.05652,0.15534,0.14100,0.50184,0.50155,-0.48631,0.51001,76.53491
0.05652,0.15522,0.14100,0.50184,0.50155,-0.48631,0.51001,76.66178
0.05653,0.15509,0.14100,0.50184,0.50155,-0.48631,0.51001,76.79278
0.05653,0.15496,0.14100,0.50184,0.50155,-0.48631,0.51001,76.92774
0.05653,0.15482,0.14100,0.50184,0.50155,-0.48631,0.51001,77.06651
0.05654,0.15468,0.14100,0.50184,0.50155,-0.48631,0.51001,77.20894
0.05654,0.15454,0.14100,0.50184,0.50155,-0.48631,0.51001,77.35485
0.05654,0.15439,0.14100,0.50184,0.50155,-0.48631,0.51001,77.50408
0.05655,0.15424,0.14099,0.50184,0.50155,-0.48631,0.51001,77.65645
0.05655,0.15408,0.14099,0.50184,0.50155,-0.48631,0.51001,77.81179
0.05655,0.15393,0.14099,0.50184,0.50155,-0.48631,0.51001,77.96990
0.05656,0.15377,0.14099,0.50184,0.50155,-0.48631,0.51001,78.13061
0.05656,0.15360,0.14099,0.50184,0.50155,-0.48631,0.51001,78.29372
0.05657,0.15344,0.14099,0.50184,0.50155,-0.48631,0.51001,78.45903
0.05657,0.15327,0.14099,0.50184,0.50155,-0.48631,0.51001,78.62636
0.05657,0.15311,0.14099,0.50184,0.50155,-0.48631,0.51001,78.79549
0.05658,0.15294,0.14099,0.50184,0.50155,-0.48631,0.51001,78.96622
0.05658,0.15276,0.14098,0.50184,0.50155,-0.48631,0.51001,79.13835
0.05659,0.15259,0.14098,0.50184,0.50155,-0.48631,0.51001,79.31166
0.05659,0.15242,0.14098,0.50184,0.50155,-0.48631,0.51001,79.48595
0.05659,0.15224,0.14098,0.50184,0.50155,-0.48631,0.51001,79.66100
0.05660,0.15207,0.14098,0.50184,0.50155,-0.48631,0.51001,79.83660
0.05660,0.15189,0.14098,0.50184,0.50155,-0.48631,0.51001,80.01252
0.05661,0.15172,0.14098,0.50184,0.50155,-0.48631,0.51001,80.18856
0.05661,0.15155,0.14098,0.50184,0.50155,-0.48631,0.51001,80.36449
0.05661,0.15137,0.14098,0.50184,0.50155,-0.48631,0.51001,80.54010
0.05662,0.15120,0.14097,0.50184,0.50155,-0.48631,0.51001,80.71515
0.05662,0.15102,0.14097,0.50184,0.50155,-0.48631,0.51001,80.88945
0.05663,0.15085,0.14097,0.50184,0.50155,-0.48631,0.51001,81.06276
0.05663,0.15068,0.14097,0.50184,0.50155,-0.48631,0.51001,81.23486
0.05663,0.15051,0.14097,0.50184,0.50155,-0.48631,0.51001,81.40555
0.05664,0.15034,0.14097,0.50184,0.50155,-0.48631,0.51001,81.57459
0.05664,0.15017,0.14097,0.50184,0.50155,-0.48631,0.51001,81.74178
0.05665,0.15000,0.14097,0.50184,0.50155,-0.48631,0.51001,81.90691
0.05665,0.14984,0.14097,0.50184,0.50155,-0.48631,0.51001,82.06975
0.05665,0.14968,0.14096,0.50184,0.50155,-0.48631,0.51001,82.23010
0.05666,0.14952,0.14096,0.50184,0.50155,-0.48631,0.51001,82.38776
0.05666,0.14936,0.14096,0.50184,0.50155,-0.48631,0.51001,82.54251
0.05667,0.14921,0.14096,0.50184,0.50155,-0.48631,0.51001,82.69415
0.05667,0.14906,0.14096,0.50184,0.50155,-0.48631,0.51001,82.84249
0.05667,0.14891,0.14096,0.50184,0.50155,-0.48631,0.51001,82.98733
0.05668,0.14877,0.14096,0.50184,0.50155,-0.48631,0.51001,83.12849
0.05668,0.14863,0.14096,0.50184,0.50155,-0.48631,0.51001,83.26576
0.05668,0.14849,0.14096,0.50184,0.50155,-0.48631,0.51001,83.39898
0.05669,0.14836,0.14095,0.50184,0.50155,-0.48631,0.51001,83.52796
0.05669,0.14824,0.14095,0.50184,0.50155,-0.48631,0.51001,83.65252
0.05669,0.14811,0.14095,0.50184,0.50155,-0.48631,0.51001,83.77251
0.05669,0.14800,0.14095,0.50184,0.50155,-0.48631,0.51001,83.88775
0.05670,0.14788,0.14095,0.50184,0.50155,-0.48631,0.51001,83.99809
0.05670,0.14777,0.14095,0.50184,0.50155,-0.48631,0.51001,84.10338
0.05670,0.14767,0.14095,0.50184,0.50155,-0.48631,0.51001,84.20348
0.05670,0.14757,0.14095,0.50184,0.50155,-0.48631,0.51001,84.29823
0.05671,0.14748,0.14095,0.50184,0.50155,-0.48631,0.51001,84.38752
0.05671,0.14740,0.14095,0.50184,0.50155,-0.48631,0.51001,84.47121
0.05671,0.14731,0.14095,0.50184,0.50155,-0.48631,0.51001,84.54918
0.05671,0.14724,0.14095,0.50184,0.50155,-0.48631,0.51001,84.62133
0.05671,0.14717,0.14095,0.50184,0.50155,-0.48631,0.51001,84.68754
0.05671,0.14711,0.14095,0.50184,0.50155,-0.48631,0.51001,84.74772
0.05672,0.14705,0.14095,0.50184,0.50155,-0.48631,0.51001,84.80178
0.05672,0.14700,0.14095,0.50184,0.50155,-0.48631,0.51001,84.84964
0.05672,0.14695,0.14095,0.50184,0.50155,-0.48631,0.51001,84.89122
0.05672,0.14692,0.14095,0.50184,0.50155,-0.48631,0.51001,84.92645
0.05672,0.14688,0.14094,0.50184,0.50155,-0.48631,0.51001,84.95527
0.05672,0.14686,0.14094,0.50184,0.50155,-0.48631,0.51001,84.97765
0.05672,0.14684,0.14094,0.50184,0.50155,-0.48631,0.51001,84.99352
0.05672,0.14683,0.14094,0.50184,0.50155,-0.48631,0.51001,85.00287
0.05672,0.14682,0.14094,0.50184,0.50155,-0.48631,0.51001,85.00566
0.05672,0.14682,0.14094,0.50184,0.50155,-0.48631,0.51001,85.00944
0.05672,0.14683,0.14094,0.50184,0.50155,-0.48631,0.51001,85.01980
0.05672,0.14684,0.14094,0.50184,0.50155,-0.48631,0.51001,85.03675
0.05672,0.14686,0.14094,0.50184,0.50155,-0.48631,0.51001,85.06026
0.05672,0.14689,0.14095,0.50184,0.50155,-0.48631,0.51001,85.09032
0.05672,0.14692,0.14095,0.50184,0.50155,-0.48631,0.51001,85.12691
0.05672,0.14696,0.14095,0.50184,0.50155,-0.48631,0.51001,85.16999
0.05672,0.14701,0.14095,0.50184,0.50155,-0.48631,0.51001,85.21952
0.05672,0.14706,0.14095,0.50184,0.50155,-0.48631,0.51001,85.27543
0.05671,0.14712,0.14095,0.50184,0.50155,-0.48631,0.51001,85.33768
0.05671,0.14719,0.14095,0.50184,0.50155,-0.48631,0.51001,85.40618
0.05671,0.14726,0.14095,0.50184,0.50155,-0.48631,0.51001,85.48087
0.05671,0.14733,0.14095,0.50184,0.50155,-0.48631,0.51001,85.56165
0.05671,0.14742,0.14095,0.50184,0.50155,-0.48631,0.51001,85.64842
0.05670,0.14751,0.14095,0.50184,0.50155,-0.48631,0.51001,85.74109
0.05670,0.14760,0.14095,0.50184,0.50155,-0.48631,0.51001,85.83953
0.05670,0.14771,0.14095,0.50184,0.50155,-0.48631,0.51001,85.94363
0.05670,0.14781,0.14095,0.50184,0.50155,-0.48631,0.51001,86.05326
0.05670,0.14792,0.14095,0.50184,0.50155,-0.48631,0.51001,86.16828
0.05669,0.14804,0.14095,0.50184,0.50155,-0.48631,0.51001,86.28855
0.05669,0.14817,0.14095,0.50184,0.50155,-0.48631,0.51001,86.41391
0.05669,0.14829,0.14095,0.50184,0.50155,-0.48631,0.51001,86.54421
0.05668,0.14843,0.14096,0.50184,0.50155,-0.48631,0.51001,86.67928
0.05668,0.14856,0.14096,0.50184,0.50155,-0.48631,0.51001,86.81894
0.05668,0.14871,0.14096,0.50184,0.50155,-0.48631,0.51001,86.96301
0.05667,0.14885,0.14096,0.50184,0.50155,-0.48631,0.51001,87.11132
0.05667,0.14900,0.14096,0.50184,0.50155,-0.48631,0.51001,87.26365
0.05667,0.14916,0.14096,0.50184,0.50155,-0.48631,0.51001,87.41981
0.05666,0.14931,0.14096,0.50184,0.50155,-0.48631,0.51001,87.57961
0.05666,0.14948,0.14096,0.50184,0.50155,-0.48631,0.51001,87.74281
0.05665,0.14964,0.14096,0.50184,0.50155,-0.48631,0.51001,87.90922
0.05665,0.14981,0.14096,0.50184,0.50155,-0.48631,0.51001,88.07860
0.05665,0.14998,0.14097,0.50184,0.50155,-0.48631,0.51001,88.25073
0.05664,0.15015,0.14097,0.50184,0.50155,-0.48631,0.51001,88.42539
0.05664,0.15033,0.14097,0.50184,0.50155,-0.48631,0.51001,88.60232
0.05663,0.15051,0.14097,0.50184,0.50155,-0.48631,0.51001,88.78130
0.05663,0.15069,0.14097,0.50184,0.50155,-0.48631,0.51001,88.96208
0.05663,0.15087,0.14097,0.50184,0.50155,-0.48631,0.51001,89.14442
0.05662,0.15105,0.14097,0.50184,0.50155,-0.48631,0.51001,89.32806
0.05662,0.15124,0.14097,0.50184,0.50155,-0.48631,0.51001,89.51275
0.05661,0.15142,0.14098,0.50184,0.50155,-0.48631,0.51001,89.69825
0.05661,0.15161,0.14098,0.50184,0.50155,-0.48631,0.51001,89.88429
0.05660,0.15178,0.14098,0.50184,0.50155,-0.48631,0.51001,90.07061
0.05660,0.15197,0.14098,0.50184,0.50155,-0.48631,0.51001,90.25697
0.05660,0.15216,0.14098,0.50184,0.50155,-0.48631,0.51001,90.44309
0.05659,0.15234,0.14098,0.50184,0.50155,-0.48631,0.51001,90.62872
0.05659,0.15253,0.14098,0.50184,0.50155,-0.48631,0.51001,90.81360
0.05658,0.15271,0.14098,0.50184,0.50155,-0.48631,0.51001,90.99746
0.05658,0.15289,0.14099,0.50184,0.50155,-0.48631,0.51001,91.18005
0.05657,0.15308,0.14099,0.50184,0.50155,-0.48631,0.51001,91.36112
0.05657,0.15326,0.14099,0.50184,0.50155,-0.48631,0.51001,91.54039
0.05657,0.15343,0.14099,0.50184,0.50155,-0.48631,0.51001,91.71762
0.05656,0.15361,0.14099,0.50184,0.50155,-0.48631,0.51001,91.89256
0.05656,0.15378,0.14099,0.50184,0.50155,-0.48631,0.51001,92.06495
0.05655,0.15396,0.14099,0.50184,0.50155,-0.48631,0.51001,92.23454
0.05655,0.15412,0.14099,0.50184,0.50155,-0.48631,0.51001,92.40109
0.05655,0.15429,0.14100,0.50184,0.50155,-0.48631,0.51001,92.56436
0.05654,0.15445,0.14100,0.50184,0.50155,-0.48631,0.51001,92.72411
0.05654,0.15461,0.14100,0.50184,0.50155,-0.48631,0.51001,92.88011
0.05653,0.15476,0.14100,0.50184,0.50155,-0.48631,0.51001,93.03212
0.05653,0.15491,0.14100,0.50184,0.50155,-0.48631,0.51001,93.17993
0.05653,0.15506,0.14100,0.50184,0.50155,-0.48631,0.51001,93.32331
0.05652,0.15520,0.14100,0.50184,0.50155,-0.48631,0.51001,93.46206
0.05652,0.15534,0.14100,0.50184,0.50155,-0.48631,0.51001,93.59597
0.05652,0.15547,0.14100,0.50184,0.50155,-0.48631,0.51001,93.72483
0.05651,0.15559,0.14100,0.50184,0.50155,-0.48631,0.51001,93.84845
0.05651,0.15571,0.14100,0.50184,0.50155,-0.48631,0.51001,93.96665
0.05651,0.15583,0.14101,0.50184,0.50155,-0.48631,0.51001,94.07924
0.05651,0.15594,0.14101,0.50184,0.50155,-0.48631,0.51001,94.18605
0.05650,0.15604,0.14101,0.50184,0.50155,-0.48631,0.51001,94.28692
0.05650,0.15614,0.14101,0.50184,0.50155,-0.48631,0.51001,94.38170
0.05650,0.15623,0.14101,0.50184,0.50155,-0.48631,0.51001,94.47022
0.05650,0.15632,0.14101,0.50184,0.50155,-0.48631,0.51001,94.55236
0.05650,0.15640,0.14101,0.50184,0.50155,-0.48631,0.51001,94.62798
0.05649,0.15647,0.14101,0.50184,0.50155,-0.48631,0.51001,94.69697
0.05649,0.15653,0.14101,0.50184,0.50155,-0.48631,0.51001,94.75920
0.05649,0.15659,0.14101,0.50184,0.50155,-0.48631,0.51001,94.81458
0.05649,0.15665,0.14101,0.50184,0.50155,-0.48631,0.51001,94.86301
0.05649,0.15669,0.14101,0.50184,0.50155,-0.48631,0.51001,94.90440
0.05649,0.15673,0.14101,0.50184,0.50155,-0.48631,0.51001,94.93870
0.05649,0.15676,0.14101,0.50184,0.50155,-0.48631,0.51001,94.96582
0.05649,0.15678,0.14101,0.50184,0.50155,-0.48631,0.51001,94.98573
0.05649,0.15680,0.14101,0.50184,0.50155,-0.48631,0.51001,94.99837
0.05649,0.15681,0.14101,0.50184,0.50155,-0.48631,0.51001,95.00371
0.05649,0.15681,0.14101,0.50184,0.50155,-0.48631,0.51001,95.00568
0.05649,0.15680,0.14101,0.50184,0.50155,-0.48631,0.51001,95.01499
0.05649,0.15679,0.14101,0.50184,0.50155,-0.48631,0.51001,95.03162
0.05649,0.15677,0.14101,0.50184,0.50155,-0.48631,0.51001,95.05556
0.05649,0.15674,0.14101,0.50184,0.50155,-0.48631,0.51001,95.08681
0.05649,0.15671,0.14101,0.50184,0.50155,-0.48631,0.51001,95.12532
0.05649,0.15667,0.14101,0.50184,0.50155,-0.48631,0.51001,95.17104
0.05649,0.15662,0.14101,0.50184,0.50155,-0.48631,0.51001,95.22394
0.05649,0.15656,0.14101,0.50184,0.50155,-0.48631,0.51001,95.28393
0.05649,0.15650,0.14101,0.50184,0.50155,-0.48631,0.51001,95.35096
0.05650,0.15643,0.14101,0.50184,0.50155,-0.48631,0.51001,95.42492
0.05650,0.15635,0.14101,0.50184,0.50155,-0.48631,0.51001,95.50572
0.05650,0.15626,0.14101,0.50184,0.50155,-0.48631,0.51001,95.59326
0.05650,0.15617,0.14101,0.50184,0.50155,-0.48631,0.51001,95.68741
0.05650,0.15608,0.14101,0.50184,0.50155,-0.48631,0.51001,95.78805
0.05651,0.15597,0.14101,0.50184,0.50155,-0.48631,0.51001,95.89505
0.05651,0.15586,0.14101,0.50184,0.50155,-0.48631,0.51001,96.00824
0.05651,0.15575,0.14101,0.50184,0.50155,-0.48631,0.51001,96.12748
0.05651,0.15562,0.14100,0.50184,0.50155,-0.48631,0.51001,96.25260
0.05652,0.15550,0.14100,0.50184,0.50155,-0.48631,0.51001,96.38341
0.05652,0.15536,0.14100,0.50184,0.50155,-0.48631,0.51001,96.51974
0.05652,0.15522,0.14100,0.50184,0.50155,-0.48631,0.51001,96.66139
0.05653,0.15508,0.14100,0.50184,0.50155,-0.48631,0.51001,96.80816
0.05653,0.15493,0.14100,0.50184,0.50155,-0.48631,0.51001,96.95982
0.05653,0.15478,0.14100,0.50184,0.50155,-0.48631,0.51001,97.11618
0.05654,0.15462,0.14100,0.50184,0.50155,-0.48631,0.51001,97.27699
0.05654,0.15445,0.14100,0.50184,0.50155,-0.48631,0.51001,97.44201
0.05655,0.15429,0.14100,0.50184,0.50155,-0.48631,0.51001,97.61102
0.05655,0.15412,0.14099,0.50184,0.50155,-0.48631,0.51001,97.78376
0.05655,0.15394,0.14099,0.50184,0.50155,-0.48631,0.51001,97.95997
0.05656,0.15376,0.14099,0.50184,0.50155,-0.48631,0.51001,98.13939
0.05656,0.15358,0.14099,0.50184,0.50155,-0.48631,0.51001,98.32176
0.05657,0.15340,0.14099,0.50184,0.50155,-0.48631,0.51001,98.50680
0.05657,0.15321,0.14099,0.50184,0.50155,-0.48631,0.51001,98.69424
0.05658,0.15302,0.14099,0.50184,0.50155,-0.48631,0.51001,98.88378
0.05658,0.15283,0.14099,0.50184,0.50155,-0.48631,0.51001,99.07516
0.05658,0.15264,0.14098,0.50184,0.50155,-0.48631,0.51001,99.26807
0.05659,0.15245,0.14098,0.50184,0.50155,-0.48631,0.51001,99.46222
0.05659,0.15225,0.14098,0.50184,0.50155,-0.48631,0.51001,99.65733
0.05660,0.15206,0.14098,0.50184,0.50155,-0.48631,0.51001,99.85308
0.05660,0.15186,0.14098,0.50184,0.50155,-0.48631,0.51001,100.04918
0.05661,0.15167,0.14098,0.50184,0.50155,-0.48631,0.51001,100.24533
0.05661,0.15148,0.14098,0.50184,0.50155,-0.48631,0.51001,100.44122
0.05662,0.15128,0.14097,0.50184,0.50155,-0.48631,0.51001,100.63655
0.05662,0.15109,0.14097,0.50184,0.50155,-0.48631,0.51001,100.83103
0.05663,0.15089,0.14097,0.50184,0.50155,-0.48631,0.51001,101.02433
0.05663,0.15070,0.14097,0.50184,0.50155,-0.48631,0.51001,101.21618
0.05663,0.15051,0.14097,0.50184,0.50155,-0.48631,0.51001,101.40625
0.05664,0.15032,0.14097,0.50184,0.50155,-0.48631,0.51001,101.59426
0.05664,0.15013,0.14097,0.50184,0.50155,-0.48631,0.51001,101.77991
0.05665,0.14995,0.14097,0.50184,0.50155,-0.48631,0.51001,101.96290
0.05665,0.14977,0.14096,0.50184,0.50155,-0.48631,0.51001,102.14295
0.05666,0.14959,0.14096,0.50184,0.50155,-0.48631,0.51001,102.31976
0.05666,0.14942,0.14096,0.50184,0.50155,-0.48631,0.51001,102.49306
0.05666,0.14924,0.14096,0.50184,0.50155,-0.48631,0.51001,102.66256
0.05667,0.14908,0.14096,0.50184,0.50155,-0.48631,0.51001,102.82801
0.05667,0.14891,0.14096,0.50184,0.50155,-0.48631,0.51001,102.98911
0.05668,0.14875,0.14096,0.50184,0.50155,-0.48631,0.51001,103.14563
0.05668,0.14860,0.14096,0.50184,0.50155,-0.48631,0.51001,103.29730
0.05668,0.14845,0.14096,0.50184,0.50155,-0.48631,0.51001,103.44387
0.05669,0.14831,0.14095,0.50184,0.50155,-0.48631,0.51001,103.58510
0.05669,0.14817,0.14095,0.50184,0.50155,-0.48631,0.51001,103.72077
0.05669,0.14804,0.14095,0.50184,0.50155,-0.48631,0.51001,103.85064
0.05670,0.14791,0.14095,0.50184,0.50155,-0.48631,0.51001,103.97451
0.05670,0.14779,0.14095,0.50184,0.50155,-0.48631,0.51001,104.09216
0.05670,0.14767,0.14095,0.50184,0.50155,-0.48631,0.51001,104.20339
0.05670,0.14757,0.14095,0.50184,0.50155,-0.48631,0.51001,104.30802
0.05671,0.14746,0.14095,0.50184,0.50155,-0.48631,0.51001,104.40587
0.05671,0.14737,0.14095,0.50184,0.50155,-0.48631,0.51001,104.49678
0.05671,0.14728,0.14095,0.50184,0.50155,-0.48631,0.51001,104.58057
0.05671,0.14720,0.14095,0.50184,0.50155,-0.48631,0.51001,104.65711
0.05671,0.14713,0.14095,0.50184,0.50155,-0.48631,0.51001,104.72627
0.05672,0.14706,0.14095,0.50184,0.50155,-0.48631,0.51001,104.78791
0.05672,0.14701,0.14095,0.50184,0.50155,-0.48631,0.51001,104.84193
0.05672,0.14696,0.14095,0.50184,0.50155,-0.48631,0.51001,104.88823
0.05672,0.14691,0.14095,0.50184,0.50155,-0.48631,0.51001,104.92671
0.05672,0.14688,0.14094,0.50184,0.50155,-0.48631,0.51001,104.95730
0.05672,0.14685,0.14094,0.50184,0.50155,-0.48631,0.51001,104.97994
0.05672,0.14683,0.14094,0.50184,0.50155,-0.48631,0.51001,104.99458
0.05672,0.14682,0.14094,0.50184,0.50155,-0.48631,0.51001,105.00118
0.05672,0.14682,0.14094,0.50184,0.50155,-0.48631,0.51001,105.00265
0.05672,0.14683,0.14094,0.50184,0.50155,-0.48631,0.51001,105.01219
0.05672,0.14684,0.14094,0.50184,0.50155,-0.48631,0.51001,105.02981
0.05672,0.14686,0.14094,0.50184,0.50155,-0.48631,0.51001,105.05549
0.05672,0.14689,0.14095,0.50184,0.50155,-0.48631,0.51001,105.08921
0.05672,0.14693,0.14095,0.50184,0.50155,-0.48631,0.51001,105.13092
0.05672,0.14697,0.14095,0.50184,0.50155,-0.48631,0.51001,105.18057
0.05672,0.14703,0.14095,0.50184,0.50155,-0.48631,0.51001,105.23810
0.05671,0.14709,0.14095,0.50184,0.50155,-0.48631,0.51001,105.30342
0.05671,0.14716,0.14095,0.50184,0.50155,-0.48631,0.51001,105.37644
0.05671,0.14724,0.14095,0.50184,0.50155,-0.48631,0.51001,105.45706
0.05671,0.14732,0.14095,0.50184,0.50155,-0.48631,0.51001,105.54515
0.05671,0.14741,0.14095,0.50184,0.50155,-0.48631,0.51001,105.64059
0.05670,0.14751,0.14095,0.50184,0.50155,-0.48631,0.51001,105.74324
0.05670,0.14762,0.14095,0.50184,0.50155,-0.48631,0.51001,105.85293
0.05670,0.14773,0.14095,0.50184,0.50155,-0.48631,0.51001,105.96949
0.05670,0.14785,0.14095,0.50184,0.50155,-0.48631,0.51001,106.09276
0.05669,0.14798,0.14095,0.50184,0.50155,-0.48631,0.51001,106.22253
0.05669,0.14811,0.14095,0.50184,0.50155,-0.48631,0.51001,106.35861
0.05669,0.14825,0.14095,0.50184,0.50155,-0.48631,0.51001,106.50078
0.05668,0.14839,0.14096,0.50184,0.50155,-0.48631,0.51001,106.64882
0.05668,0.14854,0.14096,0.50184,0.50155,-0.48631,0.51001,106.80249
0.05668,0.14870,0.14096,0.50184,0.50155,-0.48631,0.51001,106.96155
0.05667,0.14886,0.14096,0.50184,0.50155,-0.48631,0.51001,107.12574
0.05667,0.14903,0.14096,0.50184,0.50155,-0.48631,0.51001,107.29480
0.05667,0.14920,0.14096,0.50184,0.50155,-0.48631,0.51001,107.46845
0.05666,0.14938,0.14096,0.50184,0.50155,-0.48631,0.51001,107.64642
0.05666,0.14956,0.14096,0.50184,0.50155,-0.48631,0.51001,107.82842
0.05665,0.14974,0.14096,0.50184,0.50155,-0.48631,0.51001,108.01414
0.05665,0.14993,0.14097,0.50184,0.50155,-0.48631,0.51001,108.20329
0.05664,0.15012,0.14097,0.50184,0.50155,-0.48631,0.51001,108.39556
0.05664,0.15031,0.14097,0.50184,0.50155,-0.48631,0.51001,108.59062
0.05663,0.15051,0.14097,0.50184,0.50155,-0.48631,0.51001,108.78816
0.05663,0.15071,0.14097,0.50184,0.50155,-0.48631,0.51001,108.98785
0.05663,0.15091,0.14097,0.50184,0.50155,-0.48631,0.51001,109.18935
0.05662,0.15111,0.14097,0.50184,0.50155,-0.48631,0.51001,109.39233
0.05662,0.15131,0.14098,0.50184,0.50155,-0.48631,0.51001,109.59646
0.05661,0.15152,0.14098,0.50184,0.50155,-0.48631,0.51001,109.80138
0.05661,0.15171,0.14098,0.50184,0.50155,-0.48631,0.51001,110.00676
0.05660,0.15192,0.14098,0.50184,0.50155,-0.48631,0.51001,110.21224
0.05660,0.15213,0.14098,0.50184,0.50155,-0.48631,0.51001,110.41749
0.05659,0.15233,0.14098,0.50184,0.50155,-0.48631,0.51001,110.62214
0.05659,0.15253,0.14098,0.50184,0.50155,-0.48631,0.51001,110.82586
0.05658,0.15274,0.14098,0.50184,0.50155,-0.48631,0.51001,111.02830
0.05658,0.15294,0.14099,0.50184,0.50155,-0.48631,0.51001,111.22910
0.05657,0.15314,0.14099,0.50184,0.50155,-0.48631,0.51001,111.42793
0.05657,0.15334,0.14099,0.50184,0.50155,-0.48631,0.51001,111.62443
0.05656,0.15353,0.14099,0.50184,0.50155,-0.48631,0.51001,111.81828
0.05656,0.15372,0.14099,0.50184,0.50155,-0.48631,0.51001,112.00914
0.05655,0.15391,0.14099,0.50184,0.50155,-0.48631,0.51001,112.19667
0.05655,0.15410,0.14099,0.50184,0.50155,-0.48631,0.51001,112.38055
0.05655,0.15428,0.14100,0.50184,0.50155,-0.48631,0.51001,112.56046
0.05654,0.15446,0.14100,0.50184,0.50155,-0.48631,0.51001,112.73607
0.05654,0.15463,0.14100,0.50184,0.50155,-0.48631,0.51001,112.90709
0.05653,0.15480,0.14100,0.50184,0.50155,-0.48631,0.51001,113.07321
0.05653,0.15497,0.14100,0.50184,0.50155,-0.48631,0.51001,113.23413
0.05653,0.15512,0.14100,0.50184,0.50155,-0.48631,0.51001,113.38957
0.05652,0.15528,0.14100,0.50184,0.50155,-0.48631,0.51001,113.53925
0.05652,0.15542,0.14100,0.50184,0.50155,-0.48631,0.51001,113.68290
0.05652,0.15556,0.14100,0.50184,0.50155,-0.48631,0.51001,113.82026
0.05651,0.15570,0.14100,0.50184,0.50155,-0.48631,0.51001,113.95109
0.05651,0.15583,0.14101,0.50184,0.50155,-0.48631,0.51001,114.07514
0.05651,0.15595,0.14101,0.50184,0.50155,-0.48631,0.51001,114.19219
0.05650,0.15606,0.14101,0.50184,0.50155,-0.48631,0.51001,114.30202
0.05650,0.15617,0.14101,0.50184,0.50155,-0.48631,0.51001,114.40443
0.05650,0.15626,0.14101,0.50184,0.50155,-0.48631,0.51001,114.49924
0.05650,0.15635,0.14101,0.50184,0.50155,-0.48631,0.51001,114.58625
0.05649,0.15644,0.14101,0.50184,0.50155,-0.48631,0.51001,114.66530
0.05649,0.15651,0.14101,0.50184,0.50155,-0.48631,0.51001,114.73625
0.05649,0.15658,0.14101,0.50184,0.50155,-0.48631,0.51001,114.79895
0.05649,0.15664,0.14101,0.50184,0.50155,-0.48631,0.51001,114.85328
0.05649,0.15669,0.14101,0.50184,0.50155,-0.48631,0.51001,114.89914
0.05649,0.15673,0.14101,0.50184,0.50155,-0.48631,0.51001,114.93642
0.05649,0.15676,0.14101,0.50184,0.50155,-0.48631,0.51001,114.96504
0.05649,0.15679,0.14101,0.50184,0.50155,-0.48631,0.51001,114.98495
0.05649,0.15680,0.14101,0.50184,0.50155,-0.48631,0.51001,114.99608
0.05649,0.15681,0.14101,0.50184,0.50155,-0.48631,0.51001,114.99842
0.05649,0.15681,0.14101,0.50184,0.50155,-0.48631,0.51001,115.00491
0.05649,0.15680,0.14101,0.50184,0.50155,-0.48631,0.51001,115.02023
0.05649,0.15678,0.14101,0.50184,0.50155,-0.48631,0.51001,115.04436
0.05649,0.15675,0.14101,0.50184,0.50155,-0.48631,0.51001,115.07728
0.05649,0.15671,0.14101,0.50184,0.50155,-0.48631,0.51001,115.11894
0.05649,0.15667,0.14101,0.50184,0.50155,-0.48631,0.51001,115.16929
0.05649,0.15661,0.14101,0.50184,0.50155,-0.48631,0.51001,115.22825
0.05649,0.15655,0.14101,0.50184,0.50155,-0.48631,0.51001,115.29572
0.05649,0.15648,0.14101,0.50184,0.50155,-0.48631,0.51001,115.37162
0.05650,0.15640,0.14101,0.50184,0.50155,-0.48631,0.51001,115.45580
0.05650,0.15631,0.14101,0.50184,0.50155,-0.48631,0.51001,115.54814
0.05650,0.15621,0.14101,0.50184,0.50155,-0.48631,0.51001,115.64848
0.05650,0.15611,0.14101,0.50184,0.50155,-0.48631,0.51001,115.75666
0.05651,0.15599,0.14101,0.50184,0.50155,-0.48631,0.51001,115.87250
0.05651,0.15587,0.14101,0.50184,0.50155,-0.48631,0.51001,115.99581
0.05651,0.15575,0.14101,0.50184,0.50155,-0.48631,0.51001,116.12636
0.05651,0.15561,0.14100,0.50184,0.50155,-0.48631,0.51001,116.26395
0.05652,0.15547,0.14100,0.50184,0.50155,-0.48631,0.51001,116.40834
0.05652,0.15532,0.14100,0.50184,0.50155,-0.48631,0.51001,116.55927
0.05652,0.15517,0.14100,0.50184,0.50155,-0.48631,0.51001,116.71649
0.05653,0.15501,0.14100,0.50184,0.50155,-0.48631,0.51001,116.87971
0.05653,0.15484,0.14100,0.50184,0.50155,-0.48631,0.51001,117.04867
0.05654,0.15467,0.14100,0.50184,0.50155,-0.48631,0.51001,117.22306
0.05654,0.15450,0.14100,0.50184,0.50155,-0.48631,0.51001,117.40257
0.05654,0.15431,0.14100,0.50184,0.50155,-0.48631,0.51001,117.58689
0.05655,0.15413,0.14099,0.50184,0.50155,-0.48631,0.51001,117.77568
0.05655,0.15394,0.14099,0.50184,0.50155,-0.48631,0.51001,117.96862
0.05656,0.15374,0.14099,0.50184,0.50155,-0.48631,0.51001,118.16536
0.05656,0.15354,0.14099,0.50184,0.50155,-0.48631,0.51001,118.36555
0.05657,0.15334,0.14099,0.50184,0.50155,-0.48631,0.51001,118.56883
0.05657,0.15314,0.14099,0.50184,0.50155,-0.48631,0.51001,118.77482
0.05658,0.15293,0.14099,0.50184,0.50155,-0.48631,0.51001,118.98317
0.05658,0.15272,0.14098,0.50184,0.50155,-0.48631,0.51001,119.19349
0.05659,0.15251,0.14098,0.50184,0.50155,-0.48631,0.51001,119.40540
0.05659,0.15230,0.14098,0.50184,0.50155,-0.48631,0.51001,119.61851
0.05660,0.15208,0.14098,0.50184,0.50155,-0.48631,0.51001,119.83243
0.05660,0.15187,0.14098,0.50184,0.50155,-0.48631,0.51001,120.04678
0.05661,0.15165,0.14098,0.50184,0.50155,-0.48631,0.51001,120.26115
0.05661,0.15145,0.14098,0.50184,0.50155,-0.48631,0.51001,120.47516
0.05662,0.15124,0.14097,0.50184,0.50155,-0.48631,0.51001,120.68840
0.05662,0.15102,0.14097,0.50184,0.50155,-0.48631,0.51001,120.90049
0.05663,0.15081,0.14097,0.50184,0.50155,-0.48631,0.51001,121.11102
0.05663,0.15060,0.14097,0.50184,0.50155,-0.48631,0.51001,121.31961
0.05664,0.15039,0.14097,0.50184,0.50155,-0.48631,0.51001,121.52586
0.05664,0.15019,0.14097,0.50184,0.50155,-0.48631,0.51001,121.72939
0.05665,0.14999,0.14097,0.50184,0.50155,-0.48631,0.51001,121.92982
0.05665,0.14979,0.14096,0.50184,0.50155,-0.48631,0.51001,122.12677
0.05666,0.14959,0.14096,0.50184,0.50155,-0.48631,0.51001,122.31986
0.05666,0.14940,0.14096,0.50184,0.50155,-0.48631,0.51001,122.50873
0.05666,0.14922,0.14096,0.50184,0.50155,-0.48631,0.51001,122.69302
0.05667,0.14903,0.14096,0.50184,0.50155,-0.48631,0.51001,122.87238
0.05667,0.14886,0.14096,0.50184,0.50155,-0.48631,0.51001,123.04647
0.05668,0.14868,0.14096,0.50184,0.50155,-0.48631,0.51001,123.21494
0.05668,0.14852,0.14096,0.50184,0.50155,-0.48631,0.51001,123.37748
0.05669,0.14836,0.14095,0.50184,0.50155,-0.48631,0.51001,123.53376
0.05669,0.14821,0.14095,0.50184,0.50155,-0.48631,0.51001,123.68350
0.05669,0.14806,0.14095,0.50184,0.50155,-0.48631,0.51001,123.82639
0.05670,0.14792,0.14095,0.50184,0.50155,-0.48631,0.51001,123.96215
0.05670,0.14779,0.14095,0.50184,0.50155,-0.48631,0.51001,124.09051
0.05670,0.14766,0.14095,0.50184,0.50155,-0.48631,0.51001,124.21123
0.05670,0.14755,0.14095,0.50184,0.50155,-0.48631,0.51001,124.32406
0.05671,0.14744,0.14095,0.50184,0.50155,-0.48631,0.51001,124.42877
0.05671,0.14734,0.14095,0.50184,0.50155,-0.48631,0.51001,124.52516
0.05671,0.14725,0.14095,0.50184,0.50155,-0.48631,0.51001,124.61302
0.05671,0.14716,0.14095,0.50184,0.50155,-0.48631,0.51001,124.69218
0.05671,0.14709,0.14095,0.50184,0.50155,-0.48631,0.51001,124.76247
0.05672,0.14702,0.14095,0.50184,0.50155,-0.48631,0.51001,124.82374
0.05672,0.14696,0.14095,0.50184,0.50155,-0.48631,0.51001,124.87587
0.05672,0.14692,0.14095,0.50184,0.50155,-0.48631,0.51001,124.91873
0.05672,0.14688,0.14094,0.50184,0.50155,-0.48631,0.51001,124.95223
0.05672,0.14685,0.14094,0.50184,0.50155,-0.48631,0.51001,124.97629
0.05672,0.14683,0.14094,0.50184,0.50155,-0.48631,0.51001,124.99085
0.05672,0.14682,0.14094,0.50184,0.50155,-0.48631,0.51001,124.99587
0.05672,0.14682,0.14094,0.50184,0.50155,-0.48631,0.51001,125.00042
0.05672,0.14683,0.14094,0.50184,0.50155,-0.48631,0.51001,125.01455
0.05672,0.14685,0.14094,0.50184,0.50155,-0.48631,0.51001,125.03824
0.05672,0.14688,0.14094,0.50184,0.50155,-0.48631,0.51001,125.07147
0.05672,0.14692,0.14095,0.50184,0.50155,-0.48631,0.51001,125.11418
0.05672,0.14696,0.14095,0.50184,0.50155,-0.48631,0.51001,125.16632
0.05672,0.14702,0.14095,0.50184,0.50155,-0.48631,0.51001,125.22779
0.05671,0.14709,0.14095,0.50184,0.50155,-0.48631,0.51001,125.29849
0.05671,0.14716,0.14095,0.50184,0.50155,-0.48631,0.51001,125.37830
0.05671,0.14725,0.14095,0.50184,0.50155,-0.48631,0.51001,125.46708
0.05671,0.14734,0.14095,0.50184,0.50155,-0.48631,0.51001,125.56467
0.05671,0.14744,0.14095,0.50184,0.50155,-0.48631,0.51001,125.67090
0.05670,0.14755,0.14095,0.50184,0.50155,-0.48631,0.51001,125.78558
0.05670,0.14767,0.14095,0.50184,0.50155,-0.48631,0.51001,125.90849
0.05670,0.14780,0.14095,0.50184,0.50155,-0.48631,0.51001,126.03941
0.05670,0.14793,0.14095,0.50184,0.50155,-0.48631,0.51001,126.17810
0.05669,0.14807,0.14095,0.50184,0.50155,-0.48631,0.51001,126.32431
0.05669,0.14822,0.14095,0.50184,0.50155,-0.48631,0.51001,126.47775
0.05668,0.14838,0.14096,0.50184,0.50155,-0.48631,0.51001,126.63814
0.05668,0.14855,0.14096,0.50184,0.50155,-0.48631,0.51001,126.80518
0.05668,0.14872,0.14096,0.50184,0.50155,-0.48631,0.51001,126.97855
0.05667,0.14889,0.14096,0.50184,0.50155,-0.48631,0.51001,127.15793
0.05667,0.14907,0.14096,0.50184,0.50155,-0.48631,0.51001,127.34296
0.05666,0.14926,0.14096,0.50184,0.50155,-0.48631,0.51001,127.53330
0.05666,0.14946,0.14096,0.50184,0.50155,-0.48631,0.51001,127.72858
0.05665,0.14965,0.14096,0.50184,0.50155,-0.48631,0.51001,127.92842
0.05665,0.14985,0.14097,0.50184,0.50155,-0.48631,0.51001,128.13244
0.05665,0.15006,0.14097,0.50184,0.50155,-0.48631,0.51001,128.34024
0.05664,0.15027,0.14097,0.50184,0.50155,-0.48631,0.51001,128.55141
0.05664,0.15048,0.14097,0.50184,0.50155,-0.48631,0.51001,128.76555
0.05663,0.15070,0.14097,0.50184,0.50155,-0.48631,0.51001,128.98224
0.05662,0.15092,0.14097,0.50184,0.50155,-0.48631,0.51001,129.20105
0.05662,0.15114,0.14097,0.50184,0.50155,-0.48631,0.51001,129.42155
0.05661,0.15136,0.14098,0.50184,0.50155,-0.48631,0.51001,129.64331
0.05661,0.15158,0.14098,0.50184,0.50155,-0.48631,0.51001,129.86588
0.05660,0.15179,0.14098,0.50184,0.50155,-0.48631,0.51001,130.08882
0.05660,0.15202,0.14098,0.50184,0.50155,-0.48631,0.51001,130.31170
0.05659,0.15224,0.14098,0.50184,0.50155,-0.48631,0.51001,130.53407
0.05659,0.15246,0.14098,0.50184,0.50155,-0.48631,0.51001,130.75547
0.05658,0.15268,0.14098,0.50184,0.50155,-0.48631,0.51001,130.97548
0.05658,0.15290,0.14099,0.50184,0.50155,-0.48631,0.51001,131.19364
0.05657,0.15312,0.14099,0.50184,0.50155,-0.48631,0.51001,131.40952
0.05657,0.15333,0.14099,0.50184,0.50155,-0.48631,0.51001,131.62268
0.05656,0.15354,0.14099,0.50184,0.50155,-0.48631,0.51001,131.83269
0.05656,0.15375,0.14099,0.50184,0.50155,-0.48631,0.51001,132.03912
0.05655,0.15396,0.14099,0.50184,0.50155,-0.48631,0.51001,132.24155
0.05655,0.15416,0.14099,0.50184,0.50155,-0.48631,0.51001,132.43956
0.05654,0.15435,0.14100,0.50184,0.50155,-0.48631,0.51001,132.63276
0.05654,0.15454,0.14100,0.50184,0.50155,-0.48631,0.51001,132.82074
0.05654,0.15473,0.14100,0.50184,0.50155,-0.48631,0.51001,133.00311
0.05653,0.15491,0.14100,0.50184,0.50155,-0.48631,0.51001,133.17951
0.05653,0.15508,0.14100,0.50184,0.50155,-0.48631,0.51001,133.34955
0.05652,0.15525,0.14100,0.50184,0.50155,-0.48631,0.51001,133.51289
0.05652,0.15541,0.14100,0.50184,0.50155,-0.48631,0.51001,133.66918
0.05652,0.15556,0.14100,0.50184,0.50155,-0.48631,0.51001,133.81810
0.05651,0.15571,0.14100,0.50184,0.50155,-0.48631,0.51001,133.95933
0.05651,0.15584,0.14101,0.50184,0.50155,-0.48631,0.51001,134.09257
0.05651,0.15597,0.14101,0.50184,0.50155,-0.48631,0.51001,134.21754
0.05650,0.15609,0.14101,0.50184,0.50155,-0.48631,0.51001,134.33397
0.05650,0.15621,0.14101,0.50184,0.50155,-0.48631,0.51001,134.44161
0.05650,0.15631,0.14101,0.50184,0.50155,-0.48631,0.51001,134.54023
0.05650,0.15640,0.14101,0.50184,0.50155,-0.48631,0.51001,134.62960
0.05649,0.15649,0.14101,0.50184,0.50155,-0.48631,0.51001,134.70954
0.05649,0.15656,0.14101,0.50184,0.50155,-0.48631,0.51001,134.77985
0.05649,0.15663,0.14101,0.50184,0.50155,-0.48631,0.51001,134.84039
0.05649,0.15668,0.14101,0.50184,0.50155,-0.48631,0.51001,134.89102
0.05649,0.15673,0.14101,0.50184,0.50155,-0.48631,0.51001,134.93160
0.05649,0.15676,0.14101,0.50184,0.50155,-0.48631,0.51001,134.96205
0.05649,0.15679,0.14101,0.50184,0.50155,-0.48631,0.51001,134.98229
0.05649,0.15681,0.14101,0.50184,0.50155,-0.48631,0.51001,134.99225
0.05649,0.15681,0.14101,0.50184,0.50155,-0.48631,0.51001,134.99260
0.05649,0.15680,0.14101,0.50184,0.50155,-0.48631,0.51001,135.00327
0.05649,0.15679,0.14101,0.50184,0.50155,-0.48631,0.51001,135.02426
0.05649,0.15676,0.14101,0.50184,0.50155,-0.48631,0.51001,135.05554
0.05649,0.15673,0.14101,0.50184,0.50155,-0.48631,0.51001,135.09706
0.05649,0.15668,0.14101,0.50184,0.50155,-0.48631,0.51001,135.14876
0.05649,0.15662,0.14101,0.50184,0.50155,-0.48631,0.51001,135.21054
0.05649,0.15656,0.14101,0.50184,0.50155,-0.48631,0.51001,135.28229
0.05649,0.15648,0.14101,0.50184,0.50155,-0.48631,0.51001,135.36387
0.05650,0.15639,0.14101,0.50184,0.50155,-0.48631,0.51001,135.45513
0.05650,0.15630,0.14101,0.50184,0.50155,-0.48631,0.51001,135.55590
0.05650,0.15619,0.14101,0.50184,0.50155,-0.48631,0.51001,135.66598
0.05650,0.15608,0.14101,0.50184,0.50155,-0.48631,0.51001,135.78515
0.05651,0.15595,0.14101,0.50184,0.50155,-0.48631,0.51001,135.91319
0.05651,0.15582,0.14101,0.50184,0.50155,-0.48631,0.51001,136.04982
0.05651,0.15568,0.14100,0.50184,0.50155,-0.48631,0.51001,136.19479
0.05652,0.15553,0.14100,0.50184,0.50155,-0.48631,0.51001,136.34780
0.05652,0.15537,0.14100,0.50184,0.50155,-0.48631,0.51001,136.50854
0.05652,0.15521,0.14100,0.50184,0.50155,-0.48631,0.51001,136.67668
0.05653,0.15504,0.14100,0.50184,0.50155,-0.48631,0.51001,136.85189
0.05653,0.15486,0.14100,0.50184,0.50155,-0.48631,0.51001,137.03380
0.05654,0.15467,0.14100,0.50184,0.50155,-0.48631,0.51001,137.22205
0.05654,0.15448,0.14100,0.50184,0.50155,-0.48631,0.51001,137.41623
0.05655,0.15429,0.14100,0.50184,0.50155,-0.48631,0.51001,137.61596
0.05655,0.15408,0.14099,0.50184,0.50155,-0.48631,0.51001,137.82081
0.05656,0.15388,0.14099,0.50184,0.50155,-0.48631,0.51001,138.03037
0.05656,0.15366,0.14099,0.50184,0.50155,-0.48631,0.51001,138.24419
0.05657,0.15345,0.14099,0.50184,0.50155,-0.48631,0.51001,138.46182
0.05657,0.15323,0.14099,0.50184,0.50155,-0.48631,0.51001,138.68282
0.05658,0.15301,0.14099,0.50184,0.50155,-0.48631,0.51001,138.90671
0.05658,0.15278,0.14099,0.50184,0.50155,-0.48631,0.51001,139.13302
0.05659,0.15255,0.14098,0.50184,0.50155,-0.48631,0.51001,139.36128
0.05659,0.15232,0.14098,0.50184,0.50155,-0.48631,0.51001,139.59099
0.05660,0.15209,0.14098,0.50184,0.50155,-0.48631,0.51001,139.82168
0.05660,0.15186,0.14098,0.50184,0.50155,-0.48631,0.51001,140.05284
0.05661,0.15163,0.14098,0.50184,0.50155,-0.48631,0.51001,140.28399
0.05661,0.15141,0.14098,0.50184,0.50155,-0.48631,0.51001,140.51463
0.05662,0.15118,0.14097,0.50184,0.50155,-0.48631,0.51001,140.74426
0.05662,0.15095,0.14097,0.50184,0.50155,-0.48631,0.51001,140.97238
0.05663,0.15072,0.14097,0.50184,0.50155,-0.48631,0.51001,141.19852
0.05663,0.15050,0.14097,0.50184,0.50155,-0.48631,0.51001,141.42217
0.05664,0.15028,0.14097,0.50184,0.50155,-0.48631,0.51001,141.64285
0.05665,0.15006,0.14097,0.50184,0.50155,-0.48631,0.51001,141.86008
0.05665,0.14984,0.14097,0.50184,0.50155,-0.48631,0.51001,142.07338
0.05666,0.14963,0.14096,0.50184,0.50155,-0.48631,0.51001,142.28229
0.05666,0.14942,0.14096,0.50184,0.50155,-0.48631,0.51001,142.48635
0.05666,0.14922,0.14096,0.50184,0.50155,-0.48631,0.51001,142.68511
0.05667,0.14903,0.14096,0.50184,0.50155,-0.48631,0.51001,142.87814
0.05667,0.14884,0.14096,0.50184,0.50155,-0.48631,0.51001,143.06499
0.05668,0.14865,0.14096,0.50184,0.50155,-0.48631,0.51001,143.24526
0.05668,0.14848,0.14096,0.50184,0.50155,-0.48631,0.51001,143.41855
0.05669,0.14831,0.14095,0.50184,0.50155,-0.48631,0.51001,143.58447
0.05669,0.14814,0.14095,0.50184,0.50155,-0.48631,0.51001,143.74264
0.05669,0.14799,0.14095,0.50184,0.50155,-0.48631,0.51001,143.89271
0.05670,0.14784,0.14095,0.50184,0.50155,-0.48631,0.51001,144.03434
0.05670,0.14771,0.14095,0.50184,0.50155,-0.48631,0.51001,144.16720
0.05670,0.14758,0.14095,0.50184,0.50155,-0.48631,0.51001,144.29099
0.05671,0.14746,0.14095,0.50184,0.50155,-0.48631,0.51001,144.40543
0.05671,0.14735,0.14095,0.50184,0.50155,-0.48631,0.51001,144.51026
0.05671,0.14725,0.14095,0.50184,0.50155,-0.48631,0.51001,144.60521
0.05671,0.14716,0.14095,0.50184,0.50155,-0.48631,0.51001,144.69008
0.05672,0.14708,0.14095,0.50184,0.50155,-0.48631,0.51001,144.76466
0.05672,0.14701,0.14095,0.50184,0.50155,-0.48631,0.51001,144.82878
0.05672,0.14695,0.14095,0.50184,0.50155,-0.48631,0.51001,144.88226
0.05672,0.14690,0.14095,0.50184,0.50155,-0.48631,0.51001,144.92498
0.05672,0.14687,0.14094,0.50184,0.50155,-0.48631,0.51001,144.95684
0.05672,0.14684,0.14094,0.50184,0.50155,-0.48631,0.51001,144.97773
0.05672,0.14682,0.14094,0.50184,0.50155,-0.48631,0.51001,144.98760
0.05672,0.14682,0.14094,0.50184,0.50155,-0.48631,0.51001,144.98879
0.05672,0.14683,0.14094,0.50184,0.50155,-0.48631,0.51001,145.00105
0.05672,0.14684,0.14094,0.50184,0.50155,-0.48631,0.51001,145.02438
0.05672,0.14687,0.14094,0.50184,0.50155,-0.48631,0.51001,145.05873
0.05672,0.14691,0.14095,0.50184,0.50155,-0.48631,0.51001,145.10406
0.05672,0.14696,0.14095,0.50184,0.50155,-0.48631,0.51001,145.16027
0.05672,0.14703,0.14095,0.50184,0.50155,-0.48631,0.51001,145.22725
0.05671,0.14710,0.14095,0.50184,0.50155,-0.48631,0.51001,145.30488
0.05671,0.14718,0.14095,0.50184,0.50155,-0.48631,0.51001,145.39299
0.05671,0.14727,0.14095,0.50184,0.50155,-0.48631,0.51001,145.49141
0.05671,0.14738,0.14095,0.50184,0.50155,-0.48631,0.51001,145.59993
0.05671,0.14749,0.14095,0.50184,0.50155,-0.48631,0.51001,145.71833
0.05670,0.14761,0.14095,0.50184,0.50155,-0.48631,0.51001,145.84634
0.05670,0.14775,0.14095,0.50184,0.50155,-0.48631,0.51001,145.98371
0.05670,0.14789,0.14095,0.50184,0.50155,-0.48631,0.51001,146.13013
0.05669,0.14804,0.14095,0.50184,0.50155,-0.48631,0.51001,146.28529
0.05669,0.14820,0.14095,0.50184,0.50155,-0.48631,0.51001,146.44885
0.05668,0.14837,0.14096,0.50184,0.50155,-0.48631,0.51001,146.62046
0.05668,0.14854,0.14096,0.50184,0.50155,-0.48631,0.51001,146.79974
0.05668,0.14873,0.14096,0.50184,0.50155,-0.48631,0.51001,146.98631
0.05667,0.14892,0.14096,0.50184,0.50155,-0.48631,0.51001,147.17974
0.05667,0.14911,0.14096,0.50184,0.50155,-0.48631,0.51001,147.37961
0.05666,0.14932,0.14096,0.50184,0.50155,-0.48631,0.51001,147.58548
0.05666,0.14952,0.14096,0.50184,0.50155,-0.48631,0.51001,147.79690
0.05665,0.14974,0.14096,0.50184,0.50155,-0.48631,0.51001,148.01338
0.05665,0.14996,0.14097,0.50184,0.50155,-0.48631,0.51001,148.23445
0.05664,0.15018,0.14097,0.50184,0.50155,-0.48631,0.51001,148.45961
0.05664,0.15041,0.14097,0.50184,0.50155,-0.48631,0.51001,148.68835
0.05663,0.15064,0.14097,0.50184,0.50155,-0.48631,0.51001,148.92016
0.05663,0.15087,0.14097,0.50184,0.50155,-0.48631,0.51001,149.15452
0.05662,0.15111,0.14097,0.50184,0.50155,-0.48631,0.51001,149.39088
0.05662,0.15134,0.14098,0.50184,0.50155,-0.48631,0.51001,149.62873
0.05661,0.15158,0.14098,0.50184,0.50155,-0.48631,0.51001,149.86750
0.05660,0.15181,0.14098,0.50184,0.50155,-0.48631,0.51001,150.10667
0.05660,0.15205,0.14098,0.50184,0.50155,-0.48631,0.51001,150.34568
0.05659,0.15229,0.14098,0.50184,0.50155,-0.48631,0.51001,150.58398
0.05659,0.15253,0.14098,0.50184,0.50155,-0.48631,0.51001,150.82102
0.05658,0.15276,0.14098,0.50184,0.50155,-0.48631,0.51001,151.05626
0.05658,0.15300,0.14099,0.50184,0.50155,-0.48631,0.51001,151.28916
0.05657,0.15323,0.14099,0.50184,0.50155,-0.48631,0.51001,151.51917
0.05656,0.15346,0.14099,0.50184,0.50155,-0.48631,0.51001,151.74576
0.05656,0.15368,0.14099,0.50184,0.50155,-0.48631,0.51001,151.96840
0.05655,0.15390,0.14099,0.50184,0.50155,-0.48631,0.51001,152.18657
0.05655,0.15412,0.14099,0.50184,0.50155,-0.48631,0.51001,152.39976
0.05654,0.15433,0.14100,0.50184,0.50155,-0.48631,0.51001,152.60747
0.05654,0.15453,0.14100,0.50184,0.50155,-0.48631,0.51001,152.80921
0.05654,0.15473,0.14100,0.50184,0.50155,-0.48631,0.51001,153.00450
0.05653,0.15493,0.14100,0.50184,0.50155,-0.48631,0.51001,153.19288
0.05653,0.15511,0.14100,0.50184,0.50155,-0.48631,0.51001,153.37390
0.05652,0.15529,0.14100,0.50184,0.50155,-0.48631,0.51001,153.54713
0.05652,0.15546,0.14100,0.50184,0.50155,-0.48631,0.51001,153.71216
0.05651,0.15562,0.14100,0.50184,0.50155,-0.48631,0.51001,153.86858
0.05651,0.15577,0.14101,0.50184,0.50155,-0.48631,0.51001,154.01603
0.05651,0.15591,0.14101,0.50184,0.50155,-0.48631,0.51001,154.15414
0.05650,0.15605,0.14101,0.50184,0.50155,-0.48631,0.51001,154.28257
0.05650,0.15617,0.14101,0.50184,0.50155,-0.48631,0.51001,154.40101
0.05650,0.15628,0.14101,0.50184,0.50155,-0.48631,0.51001,154.50918
0.05650,0.15639,0.14101,0.50184,0.50155,-0.48631,0.51001,154.60679
0.05649,0.15648,0.14101,0.50184,0.50155,-0.48631,0.51001,154.69361
0.05649,0.15656,0.14101,0.50184,0.50155,-0.48631,0.51001,154.76941
0.05649,0.15663,0.14101,0.50184,0.50155,-0.48631,0.51001,154.83401
0.05649,0.15669,0.14101,0.50184,0.50155,-0.48631,0.51001,154.88722
0.05649,0.15674,0.14101,0.50184,0.50155,-0.48631,0.51001,154.92892
0.05649,0.15677,0.14101,0.50184,0.50155,-0.48631,0.51001,154.95898
0.05649,0.15680,0.14101,0.50184,0.50155,-0.48631,0.51001,154.97732
0.05649,0.15681,0.14101,0.50184,0.50155,-0.48631,0.51001,154.98387
0.05649,0.15681,0.14101,0.50184,0.50155,-0.48631,0.51001,154.98913
0.05649,0.15680,0.14101,0.50184,0.50155,-0.48631,0.51001,155.00622
0.05649,0.15677,0.14101,0.50184,0.50155,-0.48631,0.51001,155.03510
0.05649,0.15674,0.14101,0.50184,0.50155,-0.48631,0.51001,155.07574
0.05649,0.15669,0.14101,0.50184,0.50155,-0.48631,0.51001,155.12804
0.05649,0.15664,0.14101,0.50184,0.50155,-0.48631,0.51001,155.19190
0.05649,0.15657,0.14101,0.50184,0.50155,-0.48631,0.51001,155.26719
0.05649,0.15648,0.14101,0.50184,0.50155,-0.48631,0.51001,155.35374
0.05650,0.15639,0.14101,0.50184,0.50155,-0.48631,0.51001,155.45136
0.05650,0.15629,0.14101,0.50184,0.50155,-0.48631,0.51001,155.55985
0.05650,0.15618,0.14101,0.50184,0.50155,-0.48631,0.51001,155.67894
0.05650,0.15605,0.14101,0.50184,0.50155,-0.48631,0.51001,155.80838
0.05651,0.15592,0.14101,0.50184,0.50155,-0.48631,0.51001,155.94788
0.05651,0.15577,0.14101,0.50184,0.50155,-0.48631,0.51001,156.09710
0.05651,0.15562,0.14100,0.50184,0.50155,-0.48631,0.51001,156.25571
0.05652,0.15546,0.14100,0.50184,0.50155,-0.48631,0.51001,156.42334
0.05652,0.15528,0.14100,0.50184,0.50155,-0.48631,0.51001,156.59960
0.05653,0.15510,0.14100,0.50184,0.50155,-0.48631,0.51001,156.78407
0.05653,0.15491,0.14100,0.50184,0.50155,-0.48631,0.51001,156.97634
0.05654,0.15472,0.14100,0.50184,0.50155,-0.48631,0.51001,157.17594
0.05654,0.15451,0.14100,0.50184,0.50155,-0.48631,0.51001,157.38241
0.05654,0.15431,0.14100,0.50184,0.50155,-0.48631,0.51001,157.59525
0.05655,0.15409,0.14099,0.50184,0.50155,-0.48631,0.51001,157.81396
0.05656,0.15387,0.14099,0.50184,0.50155,-0.48631,0.51001,158.03802
0.05656,0.15364,0.14099,0.50184,0.50155,-0.48631,0.51001,158.26690
0.05657,0.15341,0.14099,0.50184,0.50155,-0.48631,0.51001,158.50004
0.05657,0.15317,0.14099,0.50184,0.50155,-0.48631,0.51001,158.73690
0.05658,0.15294,0.14099,0.50184,0.50155,-0.48631,0.51001,158.97689
0.05658,0.15269,0.14098,0.50184,0.50155,-0.48631,0.51001,159.21944
0.05659,0.15245,0.14098,0.50184,0.50155,-0.48631,0.51001,159.46396
0.05659,0.15221,0.14098,0.50184,0.50155,-0.48631,0.51001,159.70987
0.05660,0.15196,0.14098,0.50184,0.50155,-0.48631,0.51001,159.95656
0.05661,0.15171,0.14098,0.50184,0.50155,-0.48631,0.51001,160.20343
0.05661,0.15148,0.14098,0.50184,0.50155,-0.48631,0.51001,160.44987
0.05662,0.15123,0.14097,0.50184,0.50155,-0.48631,0.51001,160.69530
0.05662,0.15098,0.14097,0.50184,0.50155,-0.48631,0.51001,160.93910
0.05663,0.15074,0.14097,0.50184,0.50155,-0.48631,0.51001,161.18067
0.05663,0.15050,0.14097,0.50184,0.50155,-0.48631,0.51001,161.41942
0.05664,0.15026,0.14097,0.50184,0.50155,-0.48631,0.51001,161.65476
0.05665,0.15003,0.14097,0.50184,0.50155,-0.48631,0.51001,161.88611
0.05665,0.14980,0.14096,0.50184,0.50155,-0.48631,0.51001,162.11289
0.05666,0.14958,0.14096,0.50184,0.50155,-0.48631,0.51001,162.33453
0.05666,0.14936,0.14096,0.50184,0.50155,-0.48631,0.51001,162.55049
0.05667,0.14915,0.14096,0.50184,0.50155,-0.48631,0.51001,162.76021
0.05667,0.14894,0.14096,0.50184,0.50155,-0.48631,0.51001,162.96319
0.05668,0.14874,0.14096,0.50184,0.50155,-0.48631,0.51001,163.15889
0.05668,0.14855,0.14096,0.50184,0.50155,-0.48631,0.51001,163.34684
0.05669,0.14836,0.14095,0.50184,0.50155,-0.48631,0.51001,163.52654
0.05669,0.14819,0.14095,0.50184,0.50155,-0.48631,0.51001,163.69756
0.05669,0.14802,0.14095,0.50184,0.50155,-0.48631,0.51001,163.85944
0.05670,0.14786,0.14095,0.50184,0.50155,-0.48631,0.51001,164.01177
0.05670,0.14772,0.14095,0.50184,0.50155,-0.48631,0.51001,164.15417
0.05670,0.14758,0.14095,0.50184,0.50155,-0.48631,0.51001,164.28626
0.05671,0.14745,0.14095,0.50184,0.50155,-0.48631,0.51001,164.40770
0.05671,0.14734,0.14095,0.50184,0.50155,-0.48631,0.51001,164.51817
0.05671,0.14723,0.14095,0.50184,0.50155,-0.48631,0.51001,164.61738
0.05671,0.14714,0.14095,0.50184,0.50155,-0.48631,0.51001,164.70506
0.05672,0.14706,0.14095,0.50184,0.50155,-0.48631,0.51001,164.78099
0.05672,0.14699,0.14095,0.50184,0.50155,-0.48631,0.51001,164.84495
0.05672,0.14693,0.14095,0.50184,0.50155,-0.48631,0.51001,164.89676
0.05672,0.14688,0.14094,0.50184,0.50155,-0.48631,0.51001,164.93629
0.05672,0.14685,0.14094,0.50184,0.50155,-0.48631,0.51001,164.96340
0.05672,0.14683,0.14094,0.50184,0.50155,-0.48631,0.51001,164.97802
0.05672,0.14682,0.14094,0.50184,0.50155,-0.48631,0.51001,164.98010
0.05672,0.14682,0.14094,0.50184,0.50155,-0.48631,0.51001,164.99060
0.05672,0.14684,0.14094,0.50184,0.50155,-0.48631,0.51001,165.01366
0.05672,0.14687,0.14094,0.50184,0.50155,-0.48631,0.51001,165.04924
0.05672,0.14691,0.14095,0.50184,0.50155,-0.48631,0.51001,165.09727
0.05672,0.14697,0.14095,0.50184,0.50155,-0.48631,0.51001,165.15766
0.05672,0.14703,0.14095,0.50184,0.50155,-0.48631,0.51001,165.23025
0.05671,0.14711,0.14095,0.50184,0.50155,-0.48631,0.51001,165.31489
0.05671,0.14720,0.14095,0.50184,0.50155,-0.48631,0.51001,165.41138
0.05671,0.14730,0.14095,0.50184,0.50155,-0.48631,0.51001,165.51949
0.05671,0.14742,0.14095,0.50184,0.50155,-0.48631,0.51001,165.63896
0.05670,0.14754,0.14095,0.50184,0.50155,-0.48631,0.51001,165.76951
0.05670,0.14768,0.14095,0.50184,0.50155,-0.48631,0.51001,165.91082
0.05670,0.14783,0.14095,0.50184,0.50155,-0.48631,0.51001,166.06254
0.05669,0.14798,0.14095,0.50184,0.50155,-0.48631,0.51001,166.22430
0.05669,0.14815,0.14095,0.50184,0.50155,-0.48631,0.51001,166.39572
0.05669,0.14833,0.14095,0.50184,0.50155,-0.48631,0.51001,166.57635
0.05668,0.14851,0.14096,0.50184,0.50155,-0.48631,0.51001,166.76575
0.05668,0.14870,0.14096,0.50184,0.50155,-0.48631,0.51001,166.96346
0.05667,0.14891,0.14096,0.50184,0.50155,-0.48631,0.51001,167.16897
0.05667,0.14912,0.14096,0.50184,0.50155,-0.48631,0.51001,167.38178
0.05666,0.14933,0.14096,0.50184,0.50155,-0.48631,0.51001,167.60134
0.05666,0.14955,0.14096,0.50184,0.50155,-0.48631,0.51001,167.82710
0.05665,0.14978,0.14096,0.50184,0.50155,-0.48631,0.51001,168.05849
0.05665,0.15002,0.14097,0.50184,0.50155,-0.48631,0.51001,168.29493
0.05664,0.15026,0.14097,0.50184,0.50155,-0.48631,0.51001,168.53580
0.05663,0.15050,0.14097,0.50184,0.50155,-0.48631,0.51001,168.78051
0.05663,0.15075,0.14097,0.50184,0.50155,-0.48631,0.51001,169.02842
0.05662,0.15100,0.14097,0.50184,0.50155,-0.48631,0.51001,169.27889
0.05662,0.15125,0.14097,0.50184,0.50155,-0.48631,0.51001,169.53128
0.05661,0.15150,0.14098,0.50184,0.50155,-0.48631,0.51001,169.78495
0.05661,0.15174,0.14098,0.50184,0.50155,-0.48631,0.51001,170.03924
0.05660,0.15200,0.14098,0.50184,0.50155,-0.48631,0.51001,170.29349
0.05659,0.15225,0.14098,0.50184,0.50155,-0.48631,0.51001,170.54704
0.05659,0.15251,0.14098,0.50184,0.50155,-0.48631,0.51001,170.79922
0.05658,0.15276,0.14098,0.50184,0.50155,-0.48631,0.51001,171.04940
0.05658,0.15301,0.14099,0.50184,0.50155,-0.48631,0.51001,171.29690
0.05657,0.15325,0.14099,0.50184,0.50155,-0.48631,0.51001,171.54109
0.05656,0.15349,0.14099,0.50184,0.50155,-0.48631,0.51001,171.78131
0.05656,0.15373,0.14099,0.50184,0.50155,-0.48631,0.51001,172.01695
0.05655,0.15397,0.14099,0.50184,0.50155,-0.48631,0.51001,172.24738
0.05655,0.15419,0.14099,0.50184,0.50155,-0.48631,0.51001,172.47198
0.05654,0.15441,0.14100,0.50184,0.50155,-0.48631,0.51001,172.69017
0.05654,0.15463,0.14100,0.50184,0.50155,-0.48631,0.51001,172.90136
0.05653,0.15484,0.14100,0.50184,0.50155,-0.48631,0.51001,173.10499
0.05653,0.15504,0.14100,0.50184,0.50155,-0.48631,0.51001,173.30051
0.05652,0.15523,0.14100,0.50184,0.50155,-0.48631,0.51001,173.48741
0.05652,0.15541,0.14100,0.50184,0.50155,-0.48631,0.51001,173.66517
0.05652,0.15558,0.14100,0.50184,0.50155,-0.48631,0.51001,173.83332
0.05651,0.15575,0.14101,0.50184,0.50155,-0.48631,0.51001,173.99140
0.05651,0.15590,0.14101,0.50184,0.50155,-0.48631,0.51001,174.13898
0.05650,0.15604,0.14101,0.50184,0.50155,-0.48631,0.51001,174.27566
0.05650,0.15617,0.14101,0.50184,0.50155,-0.48631,0.51001,174.40105
0.05650,0.15629,0.14101,0.50184,0.50155,-0.48631,0.51001,174.51482
0.05650,0.15640,0.14101,0.50184,0.50155,-0.48631,0.51001,174.61665
0.05649,0.15650,0.14101,0.50184,0.50155,-0.48631,0.51001,174.70625
0.05649,0.15658,0.14101,0.50184,0.50155,-0.48631,0.51001,174.78336
0.05649,0.15665,0.14101,0.50184,0.50155,-0.48631,0.51001,174.84777
0.05649,0.15671,0.14101,0.50184,0.50155,-0.48631,0.51001,174.89928
0.05649,0.15675,0.14101,0.50184,0.50155,-0.48631,0.51001,174.93774
0.05649,0.15679,0.14101,0.50184,0.50155,-0.48631,0.51001,174.96303
0.05649,0.15680,0.14101,0.50184,0.50155,-0.48631,0.51001,174.97506
0.05649,0.15681,0.14101,0.50184,0.50155,-0.48631,0.51001,174.97634
0.05649,0.15680,0.14101,0.50184,0.50155,-0.48631,0.51001,174.99093
0.05649,0.15678,0.14101,0.50184,0.50155,-0.48631,0.51001,175.01882
0.05649,0.15675,0.14101,0.50184,0.50155,-0.48631,0.51001,175.05996
0.05649,0.15670,0.14101,0.50184,0.50155,-0.48631,0.51001,175.11425
0.05649,0.15664,0.14101,0.50184,0.50155,-0.48631,0.51001,175.18156
0.05649,0.15656,0.14101,0.50184,0.50155,-0.48631,0.51001,175.26174
0.05649,0.15648,0.14101,0.50184,0.50155,-0.48631,0.51001,175.35459
0.05650,0.15638,0.14101,0.50184,0.50155,-0.48631,0.51001,175.45987
0.05650,0.15627,0.14101,0.50184,0.50155,-0.48631,0.51001,175.57732
0.05650,0.15614,0.14101,0.50184,0.50155,-0.48631,0.51001,175.70664
0.05651,0.15601,0.14101,0.50184,0.50155,-0.48631,0.51001,175.84750
0.05651,0.15586,0.14101,0.50184,0.50155,-0.48631,0.51001,175.99953
0.05651,0.15570,0.14100,0.50184,0.50155,-0.48631,0.51001,176.16234
0.05652,0.15554,0.14100,0.50184,0.50155,-0.48631,0.51001,176.33551
0.05652,0.15536,0.14100,0.50184,0.50155,-0.48631,0.51001,176.51858
0.05652,0.15517,0.14100,0.50184,0.50155,-0.48631,0.51001,176.71108
0.05653,0.15497,0.14100,0.50184,0.50155,-0.48631,0.51001,176.91248
0.05653,0.15477,0.14100,0.50184,0.50155,-0.48631,0.51001,177.12226
0.05654,0.15455,0.14100,0.50184,0.50155,-0.48631,0.51001,177.33987
0.05654,0.15433,0.14100,0.50184,0.50155,-0.48631,0.51001,177.56471
0.05655,0.15410,0.14099,0.50184,0.50155,-0.48631,0.51001,177.79620
0.05656,0.15387,0.14099,0.50184,0.50155,-0.48631,0.51001,178.03371
0.05656,0.15363,0.14099,0.50184,0.50155,-0.48631,0.51001,178.27661
0.05657,0.15338,0.14099,0.50184,0.50155,-0.48631,0.51001,178.52423
0.05657,0.15313,0.14099,0.50184,0.50155,-0.48631,0.51001,178.77591
0.05658,0.15288,0.14099,0.50184,0.50155,-0.48631,0.51001,179.03097
0.05658,0.15262,0.14098,0.50184,0.50155,-0.48631,0.51001,179.28872
0.05659,0.15236,0.14098,0.50184,0.50155,-0.48631,0.51001,179.54845
0.05660,0.15210,0.14098,0.50184,0.50155,-0.48631,0.51001,179.80946
0.05660,0.15184,0.14098,0.50184,0.50155,-0.48631,0.51001,180.07104
0.05661,0.15159,0.14098,0.50184,0.50155,-0.48631,0.51001,180.33246
0.05662,0.15133,0.14098,0.50184,0.50155,-0.48631,0.51001,180.59302
0.05662,0.15107,0.14097,0.50184,0.50155,-0.48631,0.51001,180.85199
0.05663,0.15081,0.14097,0.50184,0.50155,-0.48631,0.51001,181.10866
0.05663,0.15056,0.14097,0.50184,0.50155,-0.48631,0.51001,181.36232
0.05664,0.15030,0.14097,0.50184,0.50155,-0.48631,0.51001,181.61227
0.05665,0.15006,0.14097,0.50184,0.50155,-0.48631,0.51001,181.85781
0.05665,0.14981,0.14096,0.50184,0.50155,-0.48631,0.51001,182.09826
0.05666,0.14958,0.14096,0.50184,0.50155,-0.48631,0.51001,182.33296
0.05666,0.14934,0.14096,0.50184,0.50155,-0.48631,0.51001,182.56123
0.05667,0.14912,0.14096,0.50184,0.50155,-0.48631,0.51001,182.78245
0.05667,0.14890,0.14096,0.50184,0.50155,-0.48631,0.51001,182.99599
0.05668,0.14869,0.14096,0.50184,0.50155,-0.48631,0.51001,183.20125
0.05668,0.14849,0.14096,0.50184,0.50155,-0.48631,0.51001,183.39765
0.05669,0.14830,0.14095,0.50184,0.50155,-0.48631,0.51001,183.58463
0.05669,0.14812,0.14095,0.50184,0.50155,-0.48631,0.51001,183.76165
0.05669,0.14794,0.14095,0.50184,0.50155,-0.48631,0.51001,183.92822
0.05670,0.14778,0.14095,0.50184,0.50155,-0.48631,0.51001,184.08385
0.05670,0.14763,0.14095,0.50184,0.50155,-0.48631,0.51001,184.22810
0.05671,0.14749,0.14095,0.50184,0.50155,-0.48631,0.51001,184.36055
0.05671,0.14737,0.14095,0.50184,0.50155,-0.48631,0.51001,184.48081
0.05671,0.14725,0.14095,0.50184,0.50155,-0.48631,0.51001,184.58853
0.05671,0.14715,0.14095,0.50184,0.50155,-0.48631,0.51001,184.68339
0.05672,0.14706,0.14095,0.50184,0.50155,-0.48631,0.51001,184.76510
0.05672,0.14699,0.14095,0.50184,0.50155,-0.48631,0.51001,184.83344
0.05672,0.14693,0.14095,0.50184,0.50155,-0.48631,0.51001,184.88817
0.05672,0.14688,0.14094,0.50184,0.50155,-0.48631,0.51001,184.92913
0.05672,0.14685,0.14094,0.50184,0.50155,-0.48631,0.51001,184.95619
0.05672,0.14683,0.14094,0.50184,0.50155,-0.48631,0.51001,184.96925
0.05672,0.14682,0.14094,0.50184,0.50155,-0.48631,0.51001,184.97025
0.05672,0.14683,0.14094,0.50184,0.50155,-0.48631,0.51001,184.98531
0.05672,0.14685,0.14094,0.50184,0.50155,-0.48631,0.51001,185.01442
0.05672,0.14689,0.14095,0.50184,0.50155,-0.48631,0.51001,185.05751
0.05672,0.14694,0.14095,0.50184,0.50155,-0.48631,0.51001,185.11448
0.05672,0.14700,0.14095,0.50184,0.50155,-0.48631,0.51001,185.18520
0.05672,0.14708,0.14095,0.50184,0.50155,-0.48631,0.51001,185.26946
0.05671,0.14717,0.14095,0.50184,0.50155,-0.48631,0.51001,185.36707
0.05671,0.14727,0.14095,0.50184,0.50155,-0.48631,0.51001,185.47775
0.05671,0.14739,0.14095,0.50184,0.50155,-0.48631,0.51001,185.60122
0.05670,0.14752,0.14095,0.50184,0.50155,-0.48631,0.51001,185.73713
0.05670,0.14766,0.14095,0.50184,0.50155,-0.48631,0.51001,185.88512
0.05670,0.14782,0.14095,0.50184,0.50155,-0.48631,0.51001,186.04478
0.05669,0.14798,0.14095,0.50184,0.50155,-0.48631,0.51001,186.21568
0.05669,0.14816,0.14095,0.50184,0.50155,-0.48631,0.51001,186.39734
0.05669,0.14834,0.14095,0.50184,0.50155,-0.48631,0.51001,186.58925
0.05668,0.14854,0.14096,0.50184,0.50155,-0.48631,0.51001,186.79090
0.05668,0.14875,0.14096,0.50184,0.50155,-0.48631,0.51001,187.00170
0.05667,0.14896,0.14096,0.50184,0.50155,-0.48631,0.51001,187.22108
0.05667,0.14919,0.14096,0.50184,0.50155,-0.48631,0.51001,187.44841
0.05666,0.14942,0.14096,0.50184,0.50155,-0.48631,0.51001,187.68305
0.05665,0.14966,0.14096,0.50184,0.50155,-0.48631,0.51001,187.92434
0.05665,0.14990,0.14097,0.50184,0.50155,-0.48631,0.51001,188.17160
0.05664,0.15015,0.14097,0.50184,0.50155,-0.48631,0.51001,188.42413
0.05664,0.15041,0.14097,0.50184,0.50155,-0.48631,0.51001,188.68120
0.05663,0.15066,0.14097,0.50184,0.50155,-0.48631,0.51001,188.94208
0.05662,0.15093,0.14097,0.50184,0.50155,-0.48631,0.51001,189.20602
0.05662,0.15119,0.14097,0.50184,0.50155,-0.48631,0.51001,189.47228
0.05661,0.15146,0.14098,0.50184,0.50155,-0.48631,0.51001,189.74008
0.05661,0.15172,0.14098,0.50184,0.50155,-0.48631,0.51001,190.00865
0.05660,0.15199,0.14098,0.50184,0.50155,-0.48631,0.51001,190.27721
0.05659,0.15226,0.14098,0.50184,0.50155,-0.48631,0.51001,190.54500
0.05659,0.15252,0.14098,0.50184,0.50155,-0.48631,0.51001,190.81123
0.05658,0.15279,0.14099,0.50184,0.50155,-0.48631,0.51001,191.07512
0.05657,0.15305,0.14099,0.50184,0.50155,-0.48631,0.51001,191.33592
0.05657,0.15331,0.14099,0.50184,0.50155,-0.48631,0.51001,191.59286
0.05656,0.15356,0.14099,0.50184,0.50155,-0.48631,0.51001,191.84518
0.05656,0.15381,0.14099,0.50184,0.50155,-0.48631,0.51001,192.09215
0.05655,0.15406,0.14099,0.50184,0.50155,-0.48631,0.51001,192.33304
0.05655,0.15430,0.14100,0.50184,0.50155,-0.48631,0.51001,192.56715
0.05654,0.15453,0.14100,0.50184,0.50155,-0.48631,0.51001,192.79377
0.05653,0.15475,0.14100,0.50184,0.50155,-0.48631,0.51001,193.01224
0.05653,0.15496,0.14100,0.50184,0.50155,-0.48631,0.51001,193.22190
0.05652,0.15517,0.14100,0.50184,0.50155,-0.48631,0.51001,193.42215
0.05652,0.15536,0.14100,0.50184,0.50155,-0.48631,0.51001,193.61236
0.05652,0.15555,0.14100,0.50184,0.50155,-0.48631,0.51001,193.79199
0.05651,0.15572,0.14101,0.50184,0.50155,-0.48631,0.51001,193.96047
0.05651,0.15589,0.14101,0.50184,0.50155,-0.48631,0.51001,194.11731
0.05650,0.15604,0.14101,0.50184,0.50155,-0.48631,0.51001,194.26204
0.05650,0.15618,0.14101,0.50184,0.50155,-0.48631,0.51001,194.39419
0.05650,0.15630,0.14101,0.50184,0.50155,-0.48631,0.51001,194.51338
0.05650,0.15641,0.14101,0.50184,0.50155,-0.48631,0.51001,194.61924
0.05649,0.15651,0.14101,0.50184,0.50155,-0.48631,0.51001,194.71143
0.05649,0.15660,0.14101,0.50184,0.50155,-0.48631,0.51001,194.78966
0.05649,0.15667,0.14101,0.50184,0.50155,-0.48631,0.51001,194.85369
0.05649,0.15673,0.14101,0.50184,0.50155,-0.48631,0.51001,194.90330
0.05649,0.15677,0.14101,0.50184,0.50155,-0.48631,0.51001,194.93834
0.05649,0.15680,0.14101,0.50184,0.50155,-0.48631,0.51001,194.95867
0.05649,0.15681,0.14101,0.50184,0.50155,-0.48631,0.51001,194.96423
0.05649,0.15681,0.14101,0.50184,0.50155,-0.48631,0.51001,194.97349
0.05649,0.15679,0.14101,0.50184,0.50155,-0.48631,0.51001,194.99756
0.05649,0.15676,0.14101,0.50184,0.50155,-0.48631,0.51001,195.03639
0.05649,0.15671,0.14101,0.50184,0.50155,-0.48631,0.51001,195.08988
0.05649,0.15665,0.14101,0.50184,0.50155,-0.48631,0.51001,195.15789
0.05649,0.15658,0.14101,0.50184,0.50155,-0.48631,0.51001,195.24024
0.05649,0.15649,0.14101,0.50184,0.50155,-0.48631,0.51001,195.33670
0.05650,0.15638,0.14101,0.50184,0.50155,-0.48631,0.51001,195.44700
0.05650,0.15627,0.14101,0.50184,0.50155,-0.48631,0.51001,195.57084
0.05650,0.15614,0.14101,0.50184,0.50155,-0.48631,0.51001,195.70784
0.05651,0.15599,0.14101,0.50184,0.50155,-0.48631,0.51001,195.85764
0.05651,0.15584,0.14101,0.50184,0.50155,-0.48631,0.51001,196.01979
0.05651,0.15567,0.14100,0.50184,0.50155,-0.48631,0.51001,196.19382
0.05652,0.15549,0.14100,0.50184,0.50155,-0.48631,0.51001,196.37923
0.05652,0.15530,0.14100,0.50184,0.50155,-0.48631,0.51001,196.57547
0.05653,0.15510,0.14100,0.50184,0.50155,-0.48631,0.51001,196.78197
0.05653,0.15488,0.14100,0.50184,0.50155,-0.48631,0.51001,196.99813
0.05654,0.15466,0.14100,0.50184,0.50155,-0.48631,0.51001,197.22330
0.05654,0.15443,0.14100,0.50184,0.50155,-0.48631,0.51001,197.45681
0.05655,0.15420,0.14099,0.50184,0.50155,-0.48631,0.51001,197.69799
0.05655,0.15395,0.14099,0.50184,0.50155,-0.48631,0.51001,197.94609
0.05656,0.15370,0.14099,0.50184,0.50155,-0.48631,0.51001,198.20040
0.05657,0.15344,0.14099,0.50184,0.50155,-0.48631,0.51001,198.46014
0.05657,0.15318,0.14099,0.50184,0.50155,-0.48631,0.51001,198.72454
0.05658,0.15291,0.14099,0.50184,0.50155,-0.48631,0.51001,198.99279
0.05658,0.15264,0.14098,0.50184,0.50155,-0.48631,0.51001,199.26411
0.05659,0.15237,0.14098,0.50184,0.50155,-0.48631,0.51001,199.53765
0.05660,0.15210,0.14098,0.50184,0.50155,-0.48631,0.51001,199.81261
0.05660,0.15182,0.14098,0.50184,0.50155,-0.48631,0.51001,200.08814
0.05661,0.15156,0.14098,0.50184,0.50155,-0.48631,0.51001,200.36340
0.05662,0.15128,0.14097,0.50184,0.50155,-0.48631,0.51001,200.63756
0.05662,0.15101,0.14097,0.50184,0.50155,-0.48631,0.51001,200.90979
0.05663,0.15074,0.14097,0.50184,0.50155,-0.48631,0.51001,201.17924
0.05664,0.15047,0.14097,0.50184,0.50155,-0.48631,0.51001,201.44509
0.05664,0.15021,0.14097,0.50184,0.50155,-0.48631,0.51001,201.70653
0.05665,0.14995,0.14097,0.50184,0.50155,-0.48631,0.51001,201.96275
0.05665,0.14969,0.14096,0.50184,0.50155,-0.48631,0.51001,202.21297
0.05666,0.14945,0.14096,0.50184,0.50155,-0.48631,0.51001,202.45639
0.05667,0.14921,0.14096,0.50184,0.50155,-0.48631,0.51001,202.69228
0.05667,0.14897,0.14096,0.50184,0.50155,-0.48631,0.51001,202.91990
0.05668,0.14875,0.14096,0.50184,0.50155,-0.48631,0.51001,203.13853
0.05668,0.14854,0.14096,0.50184,0.50155,-0.48631,0.51001,203.34750
0.05669,0.14833,0.14095,0.50184,0.50155,-0.48631,0.51001,203.54615
0.05669,0.14814,0.14095,0.50184,0.50155,-0.48631,0.51001,203.73385
0.05669,0.14796,0.14095,0.50184,0.50155,-0.48631,0.51001,203.91002
0.05670,0.14779,0.14095,0.50184,0.50155,-0.48631,0.51001,204.07408
0.05670,0.14763,0.14095,0.50184,0.50155,-0.48631,0.51001,204.22553
0.05671,0.14748,0.14095,0.50184,0.50155,-0.48631,0.51001,204.36388
0.05671,0.14735,0.14095,0.50184,0.50155,-0.48631,0.51001,204.48868
0.05671,0.14723,0.14095,0.50184,0.50155,-0.48631,0.51001,204.59954
0.05671,0.14713,0.14095,0.50184,0.50155,-0.48631,0.51001,204.69607
0.05672,0.14704,0.14095,0.50184,0.50155,-0.48631,0.51001,204.77798
0.05672,0.14697,0.14095,0.50184,0.50155,-0.48631,0.51001,204.84499
0.05672,0.14691,0.14095,0.50184,0.50155,-0.48631,0.51001,204.89687
0.05672,0.14686,0.14094,0.50184,0.50155,-0.48631,0.51001,204.93344
0.05672,0.14683,0.14094,0.50184,0.50155,-0.48631,0.51001,204.95456
0.05672,0.14682,0.14094,0.50184,0.50155,-0.48631,0.51001,204.96016
0.05672,0.14682,0.14094,0.50184,0.50155,-0.48631,0.51001,204.97013
0.05672,0.14684,0.14094,0.50184,0.50155,-0.48631,0.51001,204.99566
0.05672,0.14687,0.14094,0.50184,0.50155,-0.48631,0.51001,205.03668
0.05672,0.14692,0.14095,0.50184,0.50155,-0.48631,0.51001,205.09309
0.05672,0.14699,0.14095,0.50184,0.50155,-0.48631,0.51001,205.16473
0.05672,0.14707,0.14095,0.50184,0.50155,-0.48631,0.51001,205.25139
0.05671,0.14716,0.14095,0.50184,0.50155,-0.48631,0.51001,205.35283
0.05671,0.14727,0.14095,0.50184,0.50155,-0.48631,0.51001,205.46875
0.05671,0.14739,0.14095,0.50184,0.50155,-0.48631,0.51001,205.59879
0.05670,0.14753,0.14095,0.50184,0.50155,-0.48631,0.51001,205.74257
0.05670,0.14768,0.14095,0.50184,0.50155,-0.48631,0.51001,205.89966
0.05670,0.14784,0.14095,0.50184,0.50155,-0.48631,0.51001,206.06958
0.05669,0.14802,0.14095,0.50184,0.50155,-0.48631,0.51001,206.25181
0.05669,0.14821,0.14095,0.50184,0.50155,-0.48631,0.51001,206.44579
0.05668,0.14841,0.14096,0.50184,0.50155,-0.48631,0.51001,206.65092
0.05668,0.14862,0.14096,0.50184,0.50155,-0.48631,0.51001,206.86657
0.05667,0.14884,0.14096,0.50184,0.50155,-0.48631,0.51001,207.09208
0.05667,0.14907,0.14096,0.50184,0.50155,-0.48631,0.51001,207.32674
0.05666,0.14931,0.14096,0.50184,0.50155,-0.48631,0.51001,207.56983
0.05666,0.14956,0.14096,0.50184,0.50155,-0.48631,0.51001,207.82057
0.05665,0.14981,0.14096,0.50184,0.50155,-0.48631,0.51001,208.07820
0.05664,0.15007,0.14097,0.50184,0.50155,-0.48631,0.51001,208.34190
0.05664,0.15034,0.14097,0.50184,0.50155,-0.48631,0.51001,208.61084
0.05663,0.15061,0.14097,0.50184,0.50155,-0.48631,0.51001,208.88417
0.05663,0.15088,0.14097,0.50184,0.50155,-0.48631,0.51001,209.16103
0.05662,0.15116,0.14097,0.50184,0.50155,-0.48631,0.51001,209.44055
0.05661,0.15144,0.14098,0.50184,0.50155,-0.48631,0.51001,209.72183
0.05661,0.15171,0.14098,0.50184,0.50155,-0.48631,0.51001,210.00398
0.05660,0.15200,0.14098,0.50184,0.50155,-0.48631,0.51001,210.28611
0.05659,0.15228,0.14098,0.50184,0.50155,-0.48631,0.51001,210.56730
0.05659,0.15256,0.14098,0.50184,0.50155,-0.48631,0.51001,210.84667
0.05658,0.15284,0.14099,0.50184,0.50155,-0.48631,0.51001,211.12331
0.05657,0.15311,0.14099,0.50184,0.50155,-0.48631,0.51001,211.39635
0.05657,0.15338,0.14099,0.50184,0.50155,-0.48631,0.51001,211.66488
0.05656,0.15365,0.14099,0.50184,0.50155,-0.48631,0.51001,211.92806
0.05655,0.15391,0.14099,0.50184,0.50155,-0.48631,0.51001,212.18503
0.05655,0.15416,0.14099,0.50184,0.50155,-0.48631,0.51001,212.43495
0.05654,0.15441,0.14100,0.50184,0.50155,-0.48631,0.51001,212.67702
0.05654,0.15465,0.14100,0.50184,0.50155,-0.48631,0.51001,212.91044
0.05653,0.15488,0.14100,0.50184,0.50155,-0.48631,0.51001,213.13445
0.05653,0.15510,0.14100,0.50184,0.50155,-0.48631,0.51001,213.34832
0.05652,0.15530,0.14100,0.50184,0.50155,-0.48631,0.51001,213.55134
0.05652,0.15550,0.14100,0.50184,0.50155,-0.48631,0.51001,213.74285
0.05651,0.15569,0.14100,0.50184,0.50155,-0.48631,0.51001,213.92222
0.05651,0.15586,0.14101,0.50184,0.50155,-0.48631,0.51001,214.08884
0.05650,0.15602,0.14101,0.50184,0.50155,-0.48631,0.51001,214.24216
0.05650,0.15617,0.14101,0.50184,0.50155,-0.48631,0.51001,214.38167
0.05650,0.15630,0.14101,0.50184,0.50155,-0.48631,0.51001,214.50690
0.05650,0.15642,0.14101,0.50184,0.50155,-0.48631,0.51001,214.61743
0.05649,0.15652,0.14101,0.50184,0.50155,-0.48631,0.51001,214.71287
0.05649,0.15661,0.14101,0.50184,0.50155,-0.48631,0.51001,214.79290
0.05649,0.15668,0.14101,0.50184,0.50155,-0.48631,0.51001,214.85724
0.05649,0.15674,0.14101,0.50184,0.50155,-0.48631,0.51001,214.90566
0.05649,0.15678,0.14101,0.50184,0.50155,-0.48631,0.51001,214.93798
0.05649,0.15680,0.14101,0.50184,0.50155,-0.48631,0.51001,214.95408
0.05649,0.15681,0.14101,0.50184,0.50155,-0.48631,0.51001,214.95428
0.05649,0.15680,0.14101,0.50184,0.50155,-0.48631,0.51001,214.97080
0.05649,0.15678,0.14101,0.50184,0.50155,-0.48631,0.51001,215.00360
0.05649,0.15674,0.14101,0.50184,0.50155,-0.48631,0.51001,215.05259
0.05649,0.15668,0.14101,0.50184,0.50155,-0.48631,0.51001,215.11765
0.05649,0.15661,0.14101,0.50184,0.50155,-0.48631,0.51001,215.19856
0.05649,0.15652,0.14101,0.50184,0.50155,-0.48631,0.51001,215.29509
0.05650,0.15641,0.14101,0.50184,0.50155,-0.48631,0.51001,215.40695
0.05650,0.15629,0.14101,0.50184,0.50155,-0.48631,0.51001,215.53377
0.05650,0.15616,0.14101,0.50184,0.50155,-0.48631,0.51001,215.67517
0.05651,0.15601,0.14101,0.50184,0.50155,-0.48631,0.51001,215.83069
0.05651,0.15585,0.14101,0.50184,0.50155,-0.48631,0.51001,215.99985
0.05651,0.15567,0.14100,0.50184,0.50155,-0.48631,0.51001,216.18209
0.05652,0.15548,0.14100,0.50184,0.50155,-0.48631,0.51001,216.37685
0.05652,0.15528,0.14100,0.50184,0.50155,-0.48631,0.51001,216.58347
0.05653,0.15507,0.14100,0.50184,0.50155,-0.48631,0.51001,216.80131
0.05653,0.15485,0.14100,0.50184,0.50155,-0.48631,0.51001,217.02966
0.05654,0.15461,0.14100,0.50184,0.50155,-0.48631,0.51001,217.26776
0.05654,0.15437,0.14100,0.50184,0.50155,-0.48631,0.51001,217.51485
0.05655,0.15412,0.14099,0.50184,0.50155,-0.48631,0.51001,217.77011
0.05656,0.15386,0.14099,0.50184,0.50155,-0.48631,0.51001,218.03272
0.05656,0.15359,0.14099,0.50184,0.50155,-0.48631,0.51001,218.30179
0.05657,0.15332,0.14099,0.50184,0.50155,-0.48631,0.51001,218.57646
0.05657,0.15305,0.14099,0.50184,0.50155,-0.48631,0.51001,218.85581
0.05658,0.15276,0.14098,0.50184,0.50155,-0.48631,0.51001,219.13892
0.05659,0.15248,0.14098,0.50184,0.50155,-0.48631,0.51001,219.42485
0.05659,0.15219,0.14098,0.50184,0.50155,-0.48631,0.51001,219.71265
0.05660,0.15190,0.14098,0.50184,0.50155,-0.48631,0.51001,220.00136
0.05661,0.15161,0.14098,0.50184,0.50155,-0.48631,0.51001,220.29001
0.05662,0.15134,0.14098,0.50184,0.50155,-0.48631,0.51001,220.57765
0.05662,0.15105,0.14097,0.50184,0.50155,-0.48631,0.51001,220.86331
0.05663,0.15076,0.14097,0.50184,0.50155,-0.48631,0.51001,221.14603
0.05664,0.15048,0.14097,0.50184,0.50155,-0.48631,0.51001,221.42485
0.05664,0.15021,0.14097,0.50184,0.50155,-0.48631,0.51001,221.69885
0.05665,0.14994,0.14097,0.50184,0.50155,-0.48631,0.51001,221.96709
0.05665,0.14967,0.14096,0.50184,0.50155,-0.48631,0.51001,222.22866
0.05666,0.14941,0.14096,0.50184,0.50155,-0.48631,0.51001,222.48268
0.05667,0.14916,0.14096,0.50184,0.50155,-0.48631,0.51001,222.72828
0.05667,0.14892,0.14096,0.50184,0.50155,-0.48631,0.51001,222.96462
0.05668,0.14869,0.14096,0.50184,0.50155,-0.48631,0.51001,223.19090
0.05668,0.14847,0.14096,0.50184,0.50155,-0.48631,0.51001,223.40634
0.05669,0.14826,0.14095,0.50184,0.50155,-0.48631,0.51001,223.61020
0.05669,0.14806,0.14095,0.50184,0.50155,-0.48631,0.51001,223.80178
0.05670,0.14788,0.14095,0.50184,0.50155,-0.48631,0.51001,223.98041
0.05670,0.14770,0.14095,0.50184,0.50155,-0.48631,0.51001,224.14548
0.05670,0.14755,0.14095,0.50184,0.50155,-0.48631,0.51001,224.29640
0.05671,0.14740,0.14095,0.50184,0.50155,-0.48631,0.51001,224.43265
0.05671,0.14727,0.14095,0.50184,0.50155,-0.48631,0.51001,224.55374
0.05671,0.14716,0.14095,0.50184,0.50155,-0.48631,0.51001,224.65926
0.05672,0.14706,0.14095,0.50184,0.50155,-0.48631,0.51001,224.74881
0.05672,0.14698,0.14095,0.50184,0.50155,-0.48631,0.51001,224.82208
0.05672,0.14692,0.14095,0.50184,0.50155,-0.48631,0.51001,224.87880
0.05672,0.14687,0.14094,0.50184,0.50155,-0.48631,0.51001,224.91875
0.05672,0.14684,0.14094,0.50184,0.50155,-0.48631,0.51001,224.94177
0.05672,0.14682,0.14094,0.50184,0.50155,-0.48631,0.51001,224.94778
0.05672,0.14682,0.14094,0.50184,0.50155,-0.48631,0.51001,224.95884
0.05672,0.14684,0.14094,0.50184,0.50155,-0.48631,0.51001,224.98695
0.05672,0.14688,0.14094,0.50184,0.50155,-0.48631,0.51001,225.03203
0.05672,0.14693,0.14095,0.50184,0.50155,-0.48631,0.51001,225.09396
0.05672,0.14700,0.14095,0.50184,0.50155,-0.48631,0.51001,225.17252
0.05671,0.14709,0.14095,0.50184,0.50155,-0.48631,0.51001,225.26749
0.05671,0.14719,0.14095,0.50184,0.50155,-0.48631,0.51001,225.37855
0.05671,0.14731,0.14095,0.50184,0.50155,-0.48631,0.51001,225.50534
0.05671,0.14745,0.14095,0.50184,0.50155,-0.48631,0.51001,225.64745
0.05670,0.14760,0.14095,0.50184,0.50155,-0.48631,0.51001,225.80440
0.05670,0.14776,0.14095,0.50184,0.50155,-0.48631,0.51001,225.97567
0.05669,0.14794,0.14095,0.50184,0.50155,-0.48631,0.51001,226.16068
0.05669,0.14813,0.14095,0.50184,0.50155,-0.48631,0.51001,226.35883
0.05669,0.14834,0.14095,0.50184,0.50155,-0.48631,0.51001,226.56943
0.05668,0.14855,0.14096,0.50184,0.50155,-0.48631,0.51001,226.79178
0.05668,0.14878,0.14096,0.50184,0.50155,-0.48631,0.51001,227.02513
0.05667,0.14902,0.14096,0.50184,0.50155,-0.48631,0.51001,227.26867
0.05666,0.14927,0.14096,0.50184,0.50155,-0.48631,0.51001,227.52157
0.05666,0.14952,0.14096,0.50184,0.50155,-0.48631,0.51001,227.78298
0.05665,0.14979,0.14096,0.50184,0.50155,-0.48631,0.51001,228.05200
0.05665,0.15006,0.14097,0.50184,0.50155,-0.48631,0.51001,228.32770
0.05664,0.15034,0.14097,0.50184,0.50155,-0.48631,0.51001,228.60913
0.05663,0.15063,0.14097,0.50184,0.50155,-0.48631,0.51001,228.89531
0.05663,0.15091,0.14097,0.50184,0.50155,-0.48631,0.51001,229.18527
0.05662,0.15121,0.14097,0.50184,0.50155,-0.48631,0.51001,229.47799
0.05661,0.15150,0.14098,0.50184,0.50155,-0.48631,0.51001,229.77246
0.05660,0.15178,0.14098,0.50184,0.50155,-0.48631,0.51001,230.06765
0.05660,0.15208,0.14098,0.50184,0.50155,-0.48631,0.51001,230.36253
0.05659,0.15237,0.14098,0.50184,0.50155,-0.48631,0.51001,230.65608
0.05658,0.15267,0.14098,0.50184,0.50155,-0.48631,0.51001,230.94726
0.05658,0.15296,0.14099,0.50184,0.50155,-0.48631,0.51001,231.23505
0.05657,0.15324,0.14099,0.50184,0.50155,-0.48631,0.51001,231.51844
0.05656,0.15352,0.14099,0.50184,0.50155,-0.48631,0.51001,231.79643
0.05656,0.15380,0.14099,0.50184,0.50155,-0.48631,0.51001,232.06804
0.05655,0.15407,0.14099,0.50184,0.50155,-0.48631,0.51001,232.33231
0.05654,0.15433,0.14100,0.50184,0.50155,-0.48631,0.51001,232.58829
0.05654,0.15458,0.14100,0.50184,0.50155,-0.48631,0.51001,232.83509
0.05653,0.15482,0.14100,0.50184,0.50155,-0.48631,0.51001,233.07182
0.05653,0.15505,0.14100,0.50184,0.50155,-0.48631,0.51001,233.29763
0.05652,0.15527,0.14100,0.50184,0.50155,-0.48631,0.51001,233.51172
0.05652,0.15548,0.14100,0.50184,0.50155,-0.48631,0.51001,233.71331
0.05651,0.15568,0.14100,0.50184,0.50155,-0.48631,0.51001,233.90169
0.05651,0.15586,0.14101,0.50184,0.50155,-0.48631,0.51001,234.07616
0.05650,0.15602,0.14101,0.50184,0.50155,-0.48631,0.51001,234.23609
0.05650,0.15618,0.14101,0.50184,0.50155,-0.48631,0.51001,234.38090
0.05650,0.15631,0.14101,0.50184,0.50155,-0.48631,0.51001,234.51007
0.05649,0.15644,0.14101,0.50184,0.50155,-0.48631,0.51001,234.62310
0.05649,0.15654,0.14101,0.50184,0.50155,-0.48631,0.51001,234.71959
0.05649,0.15663,0.14101,0.50184,0.50155,-0.48631,0.51001,234.79916
0.05649,0.15670,0.14101,0.50184,0.50155,-0.48631,0.51001,234.86153
0.05649,0.15675,0.14101,0.50184,0.50155,-0.48631,0.51001,234.90643
0.05649,0.15679,0.14101,0.50184,0.50155,-0.48631,0.51001,234.93370
0.05649,0.15681,0.14101,0.50184,0.50155,-0.48631,0.51001,234.94322
0.05649,0.15681,0.14101,0.50184,0.50155,-0.48631,0.51001,234.95151
0.05649,0.15679,0.14101,0.50184,0.50155,-0.48631,0.51001,234.97761
0.05649,0.15676,0.14101,0.50184,0.50155,-0.48631,0.51001,235.02144
0.05649,0.15670,0.14101,0.50184,0.50155,-0.48631,0.51001,235.08286
0.05649,0.15663,0.14101,0.50184,0.50155,-0.48631,0.51001,235.16169
0.05649,0.15655,0.14101,0.50184,0.50155,-0.48631,0.51001,235.25764
0.05649,0.15644,0.14101,0.50184,0.50155,-0.48631,0.51001,235.37041
0.05650,0.15632,0.14101,0.50184,0.50155,-0.48631,0.51001,235.49960
0.05650,0.15618,0.14101,0.50184,0.50155,-0.48631,0.51001,235.64478
0.05650,0.15603,0.14101,0.50184,0.50155,-0.48631,0.51001,235.80544
0.05651,0.15586,0.14101,0.50184,0.50155,-0.48631,0.51001,235.98103
0.05651,0.15568,0.14100,0.50184,0.50155,-0.48631,0.51001,236.17092
0.05652,0.15548,0.14100,0.50184,0.50155,-0.48631,0.51001,236.37446
0.05652,0.15527,0.14100,0.50184,0.50155,-0.48631,0.51001,236.59092
0.05653,0.15505,0.14100,0.50184,0.50155,-0.48631,0.51001,236.81954
0.05653,0.15481,0.14100,0.50184,0.50155,-0.48631,0.51001,237.05951
0.05654,0.15457,0.14100,0.50184,0.50155,-0.48631,0.51001,237.30999
0.05654,0.15431,0.14100,0.50184,0.50155,-0.48631,0.51001,237.57006
0.05655,0.15405,0.14099,0.50184,0.50155,-0.48631,0.51001,237.83881
0.05656,0.15378,0.14099,0.50184,0.50155,-0.48631,0.51001,238.11528
0.05656,0.15350,0.14099,0.50184,0.50155,-0.48631,0.51001,238.39847
0.05657,0.15321,0.14099,0.50184,0.50155,-0.48631,0.51001,238.68736
0.05658,0.15292,0.14099,0.50184,0.50155,-0.48631,0.51001,238.98091
0.05658,0.15262,0.14098,0.50184,0.50155,-0.48631,0.51001,239.27806
0.05659,0.15232,0.14098,0.50184,0.50155,-0.48631,0.51001,239.57774
0.05660,0.15202,0.14098,0.50184,0.50155,-0.48631,0.51001,239.87886
0.05661,0.15172,0.14098,0.50184,0.50155,-0.48631,0.51001,240.18032
0.05661,0.15143,0.14098,0.50184,0.50155,-0.48631,0.51001,240.48103
0.05662,0.15113,0.14097,0.50184,0.50155,-0.48631,0.51001,240.77989
0.05663,0.15083,0.14097,0.50184,0.50155,-0.48631,0.51001,241.07581
0.05663,0.15054,0.14097,0.50184,0.50155,-0.48631,0.51001,241.36770
0.05664,0.15025,0.14097,0.50184,0.50155,-0.48631,0.51001,241.65450
0.05665,0.14996,0.14097,0.50184,0.50155,-0.48631,0.51001,241.93514
0.05665,0.14969,0.14096,0.50184,0.50155,-0.48631,0.51001,242.20860
0.05666,0.14942,0.14096,0.50184,0.50155,-0.48631,0.51001,242.47386
0.05667,0.14916,0.14096,0.50184,0.50155,-0.48631,0.51001,242.72994
0.05667,0.14891,0.14096,0.50184,0.50155,-0.48631,0.51001,242.97589
0.05668,0.14866,0.14096,0.50184,0.50155,-0.48631,0.51001,243.21080
0.05668,0.14844,0.14096,0.50184,0.50155,-0.48631,0.51001,243.43379
0.05669,0.14822,0.14095,0.50184,0.50155,-0.48631,0.51001,243.64403
0.05669,0.14802,0.14095,0.50184,0.50155,-0.48631,0.51001,243.84072
0.05670,0.14783,0.14095,0.50184,0.50155,-0.48631,0.51001,244.02313
0.05670,0.14765,0.14095,0.50184,0.50155,-0.48631,0.51001,244.19057
0.05671,0.14749,0.14095,0.50184,0.50155,-0.48631,0.51001,244.34240
0.05671,0.14735,0.14095,0.50184,0.50155,-0.48631,0.51001,244.47805
0.05671,0.14722,0.14095,0.50184,0.50155,-0.48631,0.51001,244.59699
0.05671,0.14711,0.14095,0.50184,0.50155,-0.48631,0.51001,244.69876
0.05672,0.14702,0.14095,0.50184,0.50155,-0.48631,0.51001,244.78298
0.05672,0.14694,0.14095,0.50184,0.50155,-0.48631,0.51001,244.84929
0.05672,0.14688,0.14094,0.50184,0.50155,-0.48631,0.51001,244.89745
0.05672,0.14684,0.14094,0.50184,0.50155,-0.48631,0.51001,244.92724
0.05672,0.14682,0.14094,0.50184,0.50155,-0.48631,0.51001,244.93854
0.05672,0.14682,0.14094,0.50184,0.50155,-0.48631,0.51001,244.94580
0.05672,0.14684,0.14094,0.50184,0.50155,-0.48631,0.51001,244.97161
0.05672,0.14687,0.14094,0.50184,0.50155,-0.48631,0.51001,245.01590
0.05672,0.14693,0.14095,0.50184,0.50155,-0.48631,0.51001,245.07852
0.05672,0.14700,0.14095,0.50184,0.50155,-0.48631,0.51001,245.15926
0.05671,0.14709,0.14095,0.50184,0.50155,-0.48631,0.51001,245.25785
0.05671,0.14720,0.14095,0.50184,0.50155,-0.48631,0.51001,245.37394
0.05671,0.14732,0.14095,0.50184,0.50155,-0.48631,0.51001,245.50710
0.05671,0.14746,0.14095,0.50184,0.50155,-0.48631,0.51001,245.65687
0.05670,0.14762,0.14095,0.50184,0.50155,-0.48631,0.51001,245.82271
0.05670,0.14779,0.14095,0.50184,0.50155,-0.48631,0.51001,246.00401
0.05669,0.14798,0.14095,0.50184,0.50155,-0.48631,0.51001,246.20011
0.05669,0.14819,0.14095,0.50184,0.50155,-0.48631,0.51001,246.41029
0.05668,0.14840,0.14096,0.50184,0.50155,-0.48631,0.51001,246.63379
0.05668,0.14863,0.14096,0.50184,0.50155,-0.48631,0.51001,246.86977
0.05667,0.14887,0.14096,0.50184,0.50155,-0.48631,0.51001,247.11736
0.05667,0.14913,0.14096,0.50184,0.50155,-0.48631,0.51001,247.37565
0.05666,0.14939,0.14096,0.50184,0.50155,-0.48631,0.51001,247.64368
0.05665,0.14966,0.14096,0.50184,0.50155,-0.48631,0.51001,247.92045
0.05665,0.14994,0.14097,0.50184,0.50155,-0.48631,0.51001,248.20493
0.05664,0.15023,0.14097,0.50184,0.50155,-0.48631,0.51001,248.49604
0.05663,0.15053,0.14097,0.50184,0.50155,-0.48631,0.51001,248.79271
0.05663,0.15083,0.14097,0.50184,0.50155,-0.48631,0.51001,249.09381
0.05662,0.15113,0.14097,0.50184,0.50155,-0.48631,0.51001,249.39821
0.05661,0.15143,0.14098,0.50184,0.50155,-0.48631,0.51001,249.70477
0.05661,0.15173,0.14098,0.50184,0.50155,-0.48631,0.51001,250.01232
0.05660,0.15204,0.14098,0.50184,0.50155,-0.48631,0.51001,250.31970
0.05659,0.15235,0.14098,0.50184,0.50155,-0.48631,0.51001,250.62574
0.05658,0.15265,0.14098,0.50184,0.50155,-0.48631,0.51001,250.92929
0.05658,0.15295,0.14099,0.50184,0.50155,-0.48631,0.51001,251.22918
0.05657,0.15325,0.14099,0.50184,0.50155,-0.48631,0.51001,251.52427
0.05656,0.15354,0.14099,0.50184,0.50155,-0.48631,0.51001,251.81342
0.05656,0.15383,0.14099,0.50184,0.50155,-0.48631,0.51001,252.09555
0.05655,0.15411,0.14099,0.50184,0.50155,-0.48631,0.51001,252.36955
0.05654,0.15438,0.14100,0.50184,0.50155,-0.48631,0.51001,252.63438
0.05654,0.15464,0.14100,0.50184,0.50155,-0.48631,0.51001,252.88901
0.05653,0.15489,0.14100,0.50184,0.50155,-0.48631,0.51001,253.13246
0.05653,0.15513,0.14100,0.50184,0.50155,-0.48631,0.51001,253.36378
0.05652,0.15535,0.14100,0.50184,0.50155,-0.48631,0.51001,253.58209
0.05652,0.15556,0.14100,0.50184,0.50155,-0.48631,0.51001,253.78651
0.05651,0.15576,0.14101,0.50184,0.50155,-0.48631,0.51001,253.97627
0.05651,0.15594,0.14101,0.50184,0.50155,-0.48631,0.51001,254.15060
0.05650,0.15611,0.14101,0.50184,0.50155,-0.48631,0.51001,254.30883
0.05650,0.15626,0.14101,0.50184,0.50155,-0.48631,0.51001,254.45033
0.05650,0.15639,0.14101,0.50184,0.50155,-0.48631,0.51001,254.57453
0.05649,0.15651,0.14101,0.50184,0.50155,-0.48631,0.51001,254.68094
0.05649,0.15660,0.14101,0.50184,0.50155,-0.48631,0.51001,254.76913
0.05649,0.15668,0.14101,0.50184,0.50155,-0.48631,0.51001,254.83873
0.05649,0.15674,0.14101,0.50184,0.50155,-0.48631,0.51001,254.88946
0.05649,0.15678,0.14101,0.50184,0.50155,-0.48631,0.51001,254.92110
0.05649,0.15681,0.14101,0.50184,0.50155,-0.48631,0.51001,254.93350
0.05649,0.15681,0.14101,0.50184,0.50155,-0.48631,0.51001,254.94040
0.05649,0.15679,0.14101,0.50184,0.50155,-0.48631,0.51001,254.96660
0.05649,0.15676,0.14101,0.50184,0.50155,-0.48631,0.51001,255.01203
0.05649,0.15670,0.14101,0.50184,0.50155,-0.48631,0.51001,255.07652
0.05649,0.15663,0.14101,0.50184,0.50155,-0.48631,0.51001,255.15985
0.05649,0.15653,0.14101,0.50184,0.50155,-0.48631,0.51001,255.26172
0.05650,0.15642,0.14101,0.50184,0.50155,-0.48631,0.51001,255.38175
0.05650,0.15629,0.14101,0.50184,0.50155,-0.48631,0.51001,255.51951
0.05650,0.15615,0.14101,0.50184,0.50155,-0.48631,0.51001,255.67446
0.05651,0.15598,0.14101,0.50184,0.50155,-0.48631,0.51001,255.84603
0.05651,0.15580,0.14101,0.50184,0.50155,-0.48631,0.51001,256.03358
0.05651,0.15561,0.14100,0.50184,0.50155,-0.48631,0.51001,256.23638
0.05652,0.15540,0.14100,0.50184,0.50155,-0.48631,0.51001,256.45367
0.05652,0.15518,0.14100,0.50184,0.50155,-0.48631,0.51001,256.68461
0.05653,0.15494,0.14100,0.50184,0.50155,-0.48631,0.51001,256.92832
0.05654,0.15469,0.14100,0.50184,0.50155,-0.48631,0.51001,257.18386
0.05654,0.15443,0.14100,0.50184,0.50155,-0.48631,0.51001,257.45024
0.05655,0.15415,0.14099,0.50184,0.50155,-0.48631,0.51001,257.72643
0.05656,0.15387,0.14099,0.50184,0.50155,-0.48631,0.51001,258.01136
0.05656,0.15359,0.14099,0.50184,0.50155,-0.48631,0.51001,258.30393
0.05657,0.15329,0.14099,0.50184,0.50155,-0.48631,0.51001,258.60299
0.05658,0.15299,0.14099,0.50184,0.50155,-0.48631,0.51001,258.90738
0.05658,0.15268,0.14098,0.50184,0.50155,-0.48631,0.51001,259.21590
0.05659,0.15237,0.14098,0.50184,0.50155,-0.48631,0.51001,259.52736
0.05660,0.15206,0.14098,0.50184,0.50155,-0.48631,0.51001,259.84052
0.05661,0.15174,0.14098,0.50184,0.50155,-0.48631,0.51001,260.15416
0.05661,0.15144,0.14098,0.50184,0.50155,-0.48631,0.51001,260.46703
0.05662,0.15113,0.14097,0.50184,0.50155,-0.48631,0.51001,260.77791
0.05663,0.15082,0.14097,0.50184,0.50155,-0.48631,0.51001,261.08556
0.05663,0.15051,0.14097,0.50184,0.50155,-0.48631,0.51001,261.38877
0.05664,0.15021,0.14097,0.50184,0.50155,-0.48631,0.51001,261.68633
0.05665,0.14992,0.14097,0.50184,0.50155,-0.48631,0.51001,261.97706
0.05666,0.14963,0.14096,0.50184,0.50155,-0.48631,0.51001,262.25979
0.05666,0.14935,0.14096,0.50184,0.50155,-0.48631,0.51001,262.53340
0.05667,0.14908,0.14096,0.50184,0.50155,-0.48631,0.51001,262.79680
0.05667,0.14883,0.14096,0.50184,0.50155,-0.48631,0.51001,263.04892
0.05668,0.14858,0.14096,0.50184,0.50155,-0.48631,0.51001,263.28876
0.05669,0.14835,0.14095,0.50184,0.50155,-0.48631,0.51001,263.51533
0.05669,0.14813,0.14095,0.50184,0.50155,-0.48631,0.51001,263.72774
0.05670,0.14792,0.14095,0.50184,0.50155,-0.48631,0.51001,263.92511
0.05670,0.14773,0.14095,0.50184,0.50155,-0.48631,0.51001,264.10665
0.05670,0.14756,0.14095,0.50184,0.50155,-0.48631,0.51001,264.27161
0.05671,0.14740,0.14095,0.50184,0.50155,-0.48631,0.51001,264.41931
0.05671,0.14726,0.14095,0.50184,0.50155,-0.48631,0.51001,264.54914
0.05671,0.14714,0.14095,0.50184,0.50155,-0.48631,0.51001,264.66058
0.05672,0.14704,0.14095,0.50184,0.50155,-0.48631,0.51001,264.75314
0.05672,0.14696,0.14095,0.50184,0.50155,-0.48631,0.51001,264.82644
0.05672,0.14689,0.14095,0.50184,0.50155,-0.48631,0.51001,264.88016
0.05672,0.14685,0.14094,0.50184,0.50155,-0.48631,0.51001,264.91406
0.05672,0.14682,0.14094,0.50184,0.50155,-0.48631,0.51001,264.92800
0.05672,0.14682,0.14094,0.50184,0.50155,-0.48631,0.51001,264.93412
0.05672,0.14684,0.14094,0.50184,0.50155,-0.48631,0.51001,264.96029
0.05672,0.14687,0.14094,0.50184,0.50155,-0.48631,0.51001,265.00642
0.05672,0.14693,0.14095,0.50184,0.50155,-0.48631,0.51001,265.07236
0.05672,0.14701,0.14095,0.50184,0.50155,-0.48631,0.51001,265.15787
0.05671,0.14710,0.14095,0.50184,0.50155,-0.48631,0.51001,265.26261
0.05671,0.14721,0.14095,0.50184,0.50155,-0.48631,0.51001,265.38619
0.05671,0.14735,0.14095,0.50184,0.50155,-0.48631,0.51001,265.52813
0.05671,0.14750,0.14095,0.50184,0.50155,-0.48631,0.51001,265.68787
0.05670,0.14767,0.14095,0.50184,0.50155,-0.48631,0.51001,265.86481
0.05670,0.14785,0.14095,0.50184,0.50155,-0.48631,0.51001,266.05822
0.05669,0.14805,0.14095,0.50184,0.50155,-0.48631,0.51001,266.26736
0.05669,0.14827,0.14095,0.50184,0.50155,-0.48631,0.51001,266.49139
0.05668,0.14850,0.14096,0.50184,0.50155,-0.48631,0.51001,266.72943
0.05668,0.14875,0.14096,0.50184,0.50155,-0.48631,0.51001,266.98051
0.05667,0.14900,0.14096,0.50184,0.50155,-0.48631,0.51001,267.24364
0.05666,0.14927,0.14096,0.50184,0.50155,-0.48631,0.51001,267.51776
0.05666,0.14955,0.14096,0.50184,0.50155,-0.48631,0.51001,267.80178
0.05665,0.14984,0.14097,0.50184,0.50155,-0.48631,0.51001,268.09453
0.05664,0.15014,0.14097,0.50184,0.50155,-0.48631,0.51001,268.39485
0.05664,0.15044,0.14097,0.50184,0.50155,-0.48631,0.51001,268.70151
0.05663,0.15075,0.14097,0.50184,0.50155,-0.48631,0.51001,269.01328
0.05662,0.15107,0.14097,0.50184,0.50155,-0.48631,0.51001,269.32889
0.05661,0.15138,0.14098,0.50184,0.50155,-0.48631,0.51001,269.64705
0.05661,0.15169,0.14098,0.50184,0.50155,-0.48631,0.51001,269.96646
0.05660,0.15201,0.14098,0.50184,0.50155,-0.48631,0.51001,270.28582
0.05659,0.15233,0.14098,0.50184,0.50155,-0.48631,0.51001,270.60383
0.05658,0.15265,0.14098,0.50184,0.50155,-0.48631,0.51001,270.91917
0.05658,0.15296,0.14099,0.50184,0.50155,-0.48631,0.51001,271.23055
0.05657,0.15327,0.14099,0.50184,0.50155,-0.48631,0.51001,271.53670
0.05656,0.15357,0.14099,0.50184,0.50155,-0.48631,0.51001,271.83634
0.05656,0.15387,0.14099,0.50184,0.50155,-0.48631,0.51001,272.12825
0.05655,0.15416,0.14099,0.50184,0.50155,-0.48631,0.51001,272.41120
0.05654,0.15444,0.14100,0.50184,0.50155,-0.48631,0.51001,272.68404
0.05654,0.15470,0.14100,0.50184,0.50155,-0.48631,0.51001,272.94561
0.05653,0.15496,0.14100,0.50184,0.50155,-0.48631,0.51001,273.19484
0.05652,0.15520,0.14100,0.50184,0.50155,-0.48631,0.51001,273.43067
0.05652,0.15543,0.14100,0.50184,0.50155,-0.48631,0.51001,273.65213
0.05651,0.15564,0.14100,0.50184,0.50155,-0.48631,0.51001,273.85828
0.05651,0.15584,0.14101,0.50184,0.50155,-0.48631,0.51001,274.04825
0.05650,0.15602,0.14101,0.50184,0.50155,-0.48631,0.51001,274.22124
0.05650,0.15619,0.14101,0.50184,0.50155,-0.48631,0.51001,274.37651
0.05650,0.15633,0.14101,0.50184,0.50155,-0.48631,0.51001,274.51341
0.05649,0.15646,0.14101,0.50184,0.50155,-0.48631,0.51001,274.63133
0.05649,0.15657,0.14101,0.50184,0.50155,-0.48631,0.51001,274.72978
0.05649,0.15666,0.14101,0.50184,0.50155,-0.48631,0.51001,274.80832
0.05649,0.15673,0.14101,0.50184,0.50155,-0.48631,0.51001,274.86661
0.05649,0.15678,0.14101,0.50184,0.50155,-0.48631,0.51001,274.90437
0.05649,0.15680,0.14101,0.50184,0.50155,-0.48631,0.51001,274.92143
0.05649,0.15681,0.14101,0.50184,0.50155,-0.48631,0.51001,274.92517
0.05649,0.15680,0.14101,0.50184,0.50155,-0.48631,0.51001,274.94970
0.05649,0.15676,0.14101,0.50184,0.50155,-0.48631,0.51001,274.99496
0.05649,0.15671,0.14101,0.50184,0.50155,-0.48631,0.51001,275.06077
0.05649,0.15663,0.14101,0.50184,0.50155,-0.48631,0.51001,275.14689
0.05649,0.15653,0.14101,0.50184,0.50155,-0.48631,0.51001,275.25298
0.05650,0.15642,0.14101,0.50184,0.50155,-0.48631,0.51001,275.37862
0.05650,0.15628,0.14101,0.50184,0.50155,-0.48631,0.51001,275.52329
0.05650,0.15613,0.14101,0.50184,0.50155,-0.48631,0.51001,275.68642
0.05651,0.15596,0.14101,0.50184,0.50155,-0.48631,0.51001,275.86735
0.05651,0.15577,0.14101,0.50184,0.50155,-0.48631,0.51001,276.06533
0.05652,0.15556,0.14100,0.50184,0.50155,-0.48631,0.51001,276.27956
0.05652,0.15534,0.14100,0.50184,0.50155,-0.48631,0.51001,276.50914
0.05653,0.15510,0.14100,0.50184,0.50155,-0.48631,0.51001,276.75314
0.05653,0.15485,0.14100,0.50184,0.50155,-0.48631,0.51001,277.01054
0.05654,0.15459,0.14100,0.50184,0.50155,-0.48631,0.51001,277.28027
0.05654,0.15431,0.14100,0.50184,0.50155,-0.48631,0.51001,277.56121
0.05655,0.15402,0.14099,0.50184,0.50155,-0.48631,0.51001,277.85219
0.05656,0.15373,0.14099,0.50184,0.50155,-0.48631,0.51001,278.15199
0.05657,0.15342,0.14099,0.50184,0.50155,-0.48631,0.51001,278.45935
0.05657,0.15311,0.14099,0.50184,0.50155,-0.48631,0.51001,278.77299
0.05658,0.15280,0.14099,0.50184,0.50155,-0.48631,0.51001,279.09159
0.05659,0.15248,0.14098,0.50184,0.50155,-0.48631,0.51001,279.41379
0.05660,0.15215,0.14098,0.50184,0.50155,-0.48631,0.51001,279.73825
0.05660,0.15183,0.14098,0.50184,0.50155,-0.48631,0.51001,280.06359
0.05661,0.15151,0.14098,0.50184,0.50155,-0.48631,0.51001,280.38843
0.05662,0.15119,0.14097,0.50184,0.50155,-0.48631,0.51001,280.71139
0.05663,0.15087,0.14097,0.50184,0.50155,-0.48631,0.51001,281.03109
0.05663,0.15055,0.14097,0.50184,0.50155,-0.48631,0.51001,281.34618
0.05664,0.15024,0.14097,0.50184,0.50155,-0.48631,0.51001,281.65532
0.05665,0.14993,0.14097,0.50184,0.50155,-0.48631,0.51001,281.95716
0.05666,0.14963,0.14096,0.50184,0.50155,-0.48631,0.51001,282.25044
0.05666,0.14934,0.14096,0.50184,0.50155,-0.48631,0.51001,282.53387
0.05667,0.14906,0.14096,0.50184,0.50155,-0.48631,0.51001,282.80625
0.05667,0.14880,0.14096,0.50184,0.50155,-0.48631,0.51001,283.06640
0.05668,0.14854,0.14096,0.50184,0.50155,-0.48631,0.51001,283.31320
0.05669,0.14830,0.14095,0.50184,0.50155,-0.48631,0.51001,283.54557
0.05669,0.14808,0.14095,0.50184,0.50155,-0.48631,0.51001,283.76250
0.05670,0.14787,0.14095,0.50184,0.50155,-0.48631,0.51001,283.96305
0.05670,0.14768,0.14095,0.50184,0.50155,-0.48631,0.51001,284.14635
0.05671,0.14750,0.14095,0.50184,0.50155,-0.48631,0.51001,284.31158
0.05671,0.14735,0.14095,0.50184,0.50155,-0.48631,0.51001,284.45802
0.05671,0.14721,0.14095,0.50184,0.50155,-0.48631,0.51001,284.58502
0.05671,0.14709,0.14095,0.50184,0.50155,-0.48631,0.51001,284.69201
0.05672,0.14700,0.14095,0.50184,0.50155,-0.48631,0.51001,284.77851
0.05672,0.14692,0.14095,0.50184,0.50155,-0.48631,0.51001,284.84412
0.05672,0.14687,0.14094,0.50184,0.50155,-0.48631,0.51001,284.88855
0.05672,0.14683,0.14094,0.50184,0.50155,-0.48631,0.51001,284.91157
0.05672,0.14682,0.14094,0.50184,0.50155,-0.48631,0.51001,284.91306
0.05672,0.14683,0.14094,0.50184,0.50155,-0.48631,0.51001,284.93313
0.05672,0.14686,0.14094,0.50184,0.50155,-0.48631,0.51001,284.97468
0.05672,0.14691,0.14095,0.50184,0.50155,-0.48631,0.51001,285.03758
0.05672,0.14699,0.14095,0.50184,0.50155,-0.48631,0.51001,285.12156
0.05672,0.14708,0.14095,0.50184,0.50155,-0.48631,0.51001,285.22629
0.05671,0.14720,0.14095,0.50184,0.50155,-0.48631,0.51001,285.35134
0.05671,0.14733,0.14095,0.50184,0.50155,-0.48631,0.51001,285.49619
0.05671,0.14749,0.14095,0.50184,0.50155,-0.48631,0.51001,285.66022
0.05670,0.14766,0.14095,0.50184,0.50155,-0.48631,0.51001,285.84276
0.05670,0.14785,0.14095,0.50184,0.50155,-0.48631,0.51001,286.04302
0.05669,0.14806,0.14095,0.50184,0.50155,-0.48631,0.51001,286.26016
0.05669,0.14828,0.14095,0.50184,0.50155,-0.48631,0.51001,286.49324
0.05668,0.14853,0.14096,0.50184,0.50155,-0.48631,0.51001,286.74128
0.05668,0.14878,0.14096,0.50184,0.50155,-0.48631,0.51001,287.00320
0.05667,0.14905,0.14096,0.50184,0.50155,-0.48631,0.51001,287.27788
0.05666,0.14933,0.14096,0.50184,0.50155,-0.48631,0.51001,287.56414
0.05666,0.14962,0.14096,0.50184,0.50155,-0.48631,0.51001,287.86074
0.05665,0.14992,0.14097,0.50184,0.50155,-0.48631,0.51001,288.16638
0.05664,0.15023,0.14097,0.50184,0.50155,-0.48631,0.51001,288.47976
0.05663,0.15055,0.14097,0.50184,0.50155,-0.48631,0.51001,288.79950
0.05663,0.15087,0.14097,0.50184,0.50155,-0.48631,0.51001,289.12420
0.05662,0.15120,0.14097,0.50184,0.50155,-0.48631,0.51001,289.45246
0.05661,0.15153,0.14098,0.50184,0.50155,-0.48631,0.51001,289.78284
0.05660,0.15185,0.14098,0.50184,0.50155,-0.48631,0.51001,290.11389
0.05660,0.15218,0.14098,0.50184,0.50155,-0.48631,0.51001,290.44415
0.05659,0.15251,0.14098,0.50184,0.50155,-0.48631,0.51001,290.77218
0.05658,0.15284,0.14099,0.50184,0.50155,-0.48631,0.51001,291.09652
0.05657,0.15316,0.14099,0.50184,0.50155,-0.48631,0.51001,291.41576
0.05656,0.15348,0.14099,0.50184,0.50155,-0.48631,0.51001,291.72847
0.05656,0.15378,0.14099,0.50184,0.50155,-0.48631,0.51001,292.03327
0.05655,0.15409,0.14099,0.50184,0.50155,-0.48631,0.51001,292.32881
0.05654,0.15438,0.14100,0.50184,0.50155,-0.48631,0.51001,292.61377
0.05654,0.15466,0.14100,0.50184,0.50155,-0.48631,0.51001,292.88689
0.05653,0.15492,0.14100,0.50184,0.50155,-0.48631,0.51001,293.14694
0.05652,0.15518,0.14100,0.50184,0.50155,-0.48631,0.51001,293.39276
0.05652,0.15541,0.14100,0.50184,0.50155,-0.48631,0.51001,293.62324
0.05651,0.15564,0.14100,0.50184,0.50155,-0.48631,0.51001,293.83736
0.05651,0.15584,0.14101,0.50184,0.50155,-0.48631,0.51001,294.03413
0.05650,0.15603,0.14101,0.50184,0.50155,-0.48631,0.51001,294.21268
0.05650,0.15620,0.14101,0.50184,0.50155,-0.48631,0.51001,294.37219
0.05650,0.15635,0.14101,0.50184,0.50155,-0.48631,0.51001,294.51192
0.05649,0.15648,0.14101,0.50184,0.50155,-0.48631,0.51001,294.63124
0.05649,0.15659,0.14101,0.50184,0.50155,-0.48631,0.51001,294.72959
0.05649,0.15668,0.14101,0.50184,0.50155,-0.48631,0.51001,294.80652
0.05649,0.15674,0.14101,0.50184,0.50155,-0.48631,0.51001,294.86166
0.05649,0.15679,0.14101,0.50184,0.50155,-0.48631,0.51001,294.89473
0.05649,0.15681,0.14101,0.50184,0.50155,-0.48631,0.51001,294.90558
0.05649,0.15681,0.14101,0.50184,0.50155,-0.48631,0.51001,294.91704
0.05649,0.15678,0.14101,0.50184,0.50155,-0.48631,0.51001,294.95078
0.05649,0.15674,0.14101,0.50184,0.50155,-0.48631,0.51001,295.00667
0.05649,0.15667,0.14101,0.50184,0.50155,-0.48631,0.51001,295.08448
0.05649,0.15658,0.14101,0.50184,0.50155,-0.48631,0.51001,295.18389
0.05649,0.15647,0.14101,0.50184,0.50155,-0.48631,0.51001,295.30448
0.05650,0.15634,0.14101,0.50184,0.50155,-0.48631,0.51001,295.44573
0.05650,0.15619,0.14101,0.50184,0.50155,-0.48631,0.51001,295.60702
0.05650,0.15602,0.14101,0.50184,0.50155,-0.48631,0.51001,295.78766
0.05651,0.15583,0.14101,0.50184,0.50155,-0.48631,0.51001,295.98685
0.05651,0.15562,0.14100,0.50184,0.50155,-0.48631,0.51001,296.20372
0.05652,0.15540,0.14100,0.50184,0.50155,-0.48631,0.51001,296.43731
0.05653,0.15515,0.14100,0.50184,0.50155,-0.48631,0.51001,296.68659
0.05653,0.15490,0.14100,0.50184,0.50155,-0.48631,0.51001,296.95044
0.05654,0.15463,0.14100,0.50184,0.50155,-0.48631,0.51001,297.22770
0.05654,0.15434,0.14100,0.50184,0.50155,-0.48631,0.51001,297.51713
0.05655,0.15405,0.14099,0.50184,0.50155,-0.48631,0.51001,297.81744
0.05656,0.15374,0.14099,0.50184,0.50155,-0.48631,0.51001,298.12727
0.05657,0.15343,0.14099,0.50184,0.50155,-0.48631,0.51001,298.44524
0.05657,0.15311,0.14099,0.50184,0.50155,-0.48631,0.51001,298.76992
0.05658,0.15278,0.14099,0.50184,0.50155,-0.48631,0.51001,299.09984
0.05659,0.15245,0.14098,0.50184,0.50155,-0.48631,0.51001,299.43352
0.05660,0.15211,0.14098,0.50184,0.50155,-0.48631,0.51001,299.76944
0.05660,0.15178,0.14098,0.50184,0.50155,-0.48631,0.51001,300.10609
0.05661,0.15145,0.14098,0.50184,0.50155,-0.48631,0.51001,300.44193
0.05662,0.15111,0.14097,0.50184,0.50155,-0.48631,0.51001,300.77545
0.05663,0.15078,0.14097,0.50184,0.50155,-0.48631,0.51001,301.10511
0.05664,0.15045,0.14097,0.50184,0.50155,-0.48631,0.51001,301.42941
0.05664,0.15013,0.14097,0.50184,0.50155,-0.48631,0.51001,301.74688
0.05665,0.14982,0.14096,0.50184,0.50155,-0.48631,0.51001,302.05606
0.05666,0.14951,0.14096,0.50184,0.50155,-0.48631,0.51001,302.35552
0.05666,0.14922,0.14096,0.50184,0.50155,-0.48631,0.51001,302.64390
0.05667,0.14894,0.14096,0.50184,0.50155,-0.48631,0.51001,302.91986
0.05668,0.14867,0.14096,0.50184,0.50155,-0.48631,0.51001,303.18213
0.05668,0.14841,0.14096,0.50184,0.50155,-0.48631,0.51001,303.42949
0.05669,0.14817,0.14095,0.50184,0.50155,-0.48631,0.51001,303.66080
0.05669,0.14795,0.14095,0.50184,0.50155,-0.48631,0.51001,303.87499
0.05670,0.14775,0.14095,0.50184,0.50155,-0.48631,0.51001,304.07104
0.05670,0.14756,0.14095,0.50184,0.50155,-0.48631,0.51001,304.24804
0.05671,0.14739,0.14095,0.50184,0.50155,-0.48631,0.51001,304.40517
0.05671,0.14724,0.14095,0.50184,0.50155,-0.48631,0.51001,304.54167
0.05671,0.14712,0.14095,0.50184,0.50155,-0.48631,0.51001,304.65690
0.05672,0.14701,0.14095,0.50184,0.50155,-0.48631,0.51001,304.75031
0.05672,0.14693,0.14095,0.50184,0.50155,-0.48631,0.51001,304.82144
0.05672,0.14687,0.14094,0.50184,0.50155,-0.48631,0.51001,304.86994
0.05672,0.14683,0.14094,0.50184,0.50155,-0.48631,0.51001,304.89557
0.05672,0.14682,0.14094,0.50184,0.50155,-0.48631,0.51001,304.89817
0.05672,0.14683,0.14094,0.50184,0.50155,-0.48631,0.51001,304.91862
0.05672,0.14686,0.14094,0.50184,0.50155,-0.48631,0.51001,304.96205
0.05672,0.14692,0.14095,0.50184,0.50155,-0.48631,0.51001,305.02829
0.05672,0.14699,0.14095,0.50184,0.50155,-0.48631,0.51001,305.11706
0.05671,0.14709,0.14095,0.50184,0.50155,-0.48631,0.51001,305.22796
0.05671,0.14722,0.14095,0.50184,0.50155,-0.48631,0.51001,305.36051
0.05671,0.14736,0.14095,0.50184,0.50155,-0.48631,0.51001,305.51411
0.05670,0.14752,0.14095,0.50184,0.50155,-0.48631,0.51001,305.68809
0.05670,0.14771,0.14095,0.50184,0.50155,-0.48631,0.51001,305.88164
0.05670,0.14791,0.14095,0.50184,0.50155,-0.48631,0.51001,306.09389
0.05669,0.14813,0.14095,0.50184,0.50155,-0.48631,0.51001,306.32388
0.05668,0.14837,0.14096,0.50184,0.50155,-0.48631,0.51001,306.57055
0.05668,0.14862,0.14096,0.50184,0.50155,-0.48631,0.51001,306.83277
0.05667,0.14889,0.14096,0.50184,0.50155,-0.48631,0.51001,307.10934
0.05667,0.14918,0.14096,0.50184,0.50155,-0.48631,0.51001,307.39898
0.05666,0.14947,0.14096,0.50184,0.50155,-0.48631,0.51001,307.70036
0.05665,0.14978,0.14096,0.50184,0.50155,-0.48631,0.51001,308.01208
0.05664,0.15010,0.14097,0.50184,0.50155,-0.48631,0.51001,308.33270
0.05664,0.15042,0.14097,0.50184,0.50155,-0.48631,0.51001,308.66072
0.05663,0.15075,0.14097,0.50184,0.50155,-0.48631,0.51001,308.99462
0.05662,0.15109,0.14097,0.50184,0.50155,-0.48631,0.51001,309.33285
0.05661,0.15143,0.14098,0.50184,0.50155,-0.48631,0.51001,309.67382
0.05660,0.15176,0.14098,0.50184,0.50155,-0.48631,0.51001,310.01594
0.05660,0.15210,0.14098,0.50184,0.50155,-0.48631,0.51001,310.35760
0.05659,0.15244,0.14098,0.50184,0.50155,-0.48631,0.51001,310.69720
0.05658,0.15278,0.14099,0.50184,0.50155,-0.48631,0.51001,311.03315
0.05657,0.15312,0.14099,0.50184,0.50155,-0.48631,0.51001,311.36386
0.05657,0.15344,0.14099,0.50184,0.50155,-0.48631,0.51001,311.68777
0.05656,0.15376,0.14099,0.50184,0.50155,-0.48631,0.51001,312.00334
0.05655,0.15408,0.14099,0.50184,0.50155,-0.48631,0.51001,312.30909
0.05654,0.15438,0.14100,0.50184,0.50155,-0.48631,0.51001,312.60356
0.05654,0.15466,0.14100,0.50184,0.50155,-0.48631,0.51001,312.88535
0.05653,0.15494,0.14100,0.50184,0.50155,-0.48631,0.51001,313.15311
0.05652,0.15520,0.14100,0.50184,0.50155,-0.48631,0.51001,313.40558
0.05652,0.15544,0.14100,0.50184,0.50155,-0.48631,0.51001,313.64153
0.05651,0.15567,0.14100,0.50184,0.50155,-0.48631,0.51001,313.85984
0.05651,0.15588,0.14101,0.50184,0.50155,-0.48631,0.51001,314.05946
0.05650,0.15607,0.14101,0.50184,0.50155,-0.48631,0.51001,314.23941
0.05650,0.15624,0.14101,0.50184,0.50155,-0.48631,0.51001,314.39883
0.05650,0.15639,0.14101,0.50184,0.50155,-0.48631,0.51001,314.53693
0.05649,0.15652,0.14101,0.50184,0.50155,-0.48631,0.51001,314.65305
0.05649,0.15662,0.14101,0.50184,0.50155,-0.48631,0.51001,314.74661
0.05649,0.15670,0.14101,0.50184,0.50155,-0.48631,0.51001,314.81713
0.05649,0.15676,0.14101,0.50184,0.50155,-0.48631,0.51001,314.86426
0.05649,0.15680,0.14101,0.50184,0.50155,-0.48631,0.51001,314.88775
0.05649,0.15681,0.14101,0.50184,0.50155,-0.48631,0.51001,314.88803
0.05649,0.15680,0.14101,0.50184,0.50155,-0.48631,0.51001,314.91212
0.05649,0.15676,0.14101,0.50184,0.50155,-0.48631,0.51001,314.95991
0.05649,0.15670,0.14101,0.50184,0.50155,-0.48631,0.51001,315.03121
0.05649,0.15662,0.14101,0.50184,0.50155,-0.48631,0.51001,315.12570
0.05649,0.15651,0.14101,0.50184,0.50155,-0.48631,0.51001,315.24295
0.05650,0.15638,0.14101,0.50184,0.50155,-0.48631,0.51001,315.38242
0.05650,0.15623,0.14101,0.50184,0.50155,-0.48631,0.51001,315.54348
0.05650,0.15606,0.14101,0.50184,0.50155,-0.48631,0.51001,315.72537
0.05651,0.15587,0.14101,0.50184,0.50155,-0.48631,0.51001,315.92723
0.05651,0.15566,0.14100,0.50184,0.50155,-0.48631,0.51001,316.14813
0.05652,0.15543,0.14100,0.50184,0.50155,-0.48631,0.51001,316.38703
0.05652,0.15518,0.14100,0.50184,0.50155,-0.48631,0.51001,316.64279
0.05653,0.15492,0.14100,0.50184,0.50155,-0.48631,0.51001,316.91420
0.05654,0.15464,0.14100,0.50184,0.50155,-0.48631,0.51001,317.19997
0.05654,0.15435,0.14100,0.50184,0.50155,-0.48631,0.51001,317.49875
0.05655,0.15404,0.14099,0.50184,0.50155,-0.48631,0.51001,317.80910
0.05656,0.15372,0.14099,0.50184,0.50155,-0.48631,0.51001,318.12955
0.05657,0.15340,0.14099,0.50184,0.50155,-0.48631,0.51001,318.45856
0.05657,0.15307,0.14099,0.50184,0.50155,-0.48631,0.51001,318.79455
0.05658,0.15273,0.14098,0.50184,0.50155,-0.48631,0.51001,319.13591
0.05659,0.15238,0.14098,0.50184,0.50155,-0.48631,0.51001,319.48099
0.05660,0.15204,0.14098,0.50184,0.50155,-0.48631,0.51001,319.82812
0.05661,0.15169,0.14098,0.50184,0.50155,-0.48631,0.51001,320.17563
0.05661,0.15135,0.14098,0.50184,0.50155,-0.48631,0.51001,320.52184
0.05662,0.15101,0.14097,0.50184,0.50155,-0.48631,0.51001,320.86507
0.05663,0.15067,0.14097,0.50184,0.50155,-0.48631,0.51001,321.20365
0.05664,0.15033,0.14097,0.50184,0.50155,-0.48631,0.51001,321.53593
0.05665,0.15000,0.14097,0.50184,0.50155,-0.48631,0.51001,321.86029
0.05665,0.14968,0.14096,0.50184,0.50155,-0.48631,0.51001,322.17516
0.05666,0.14937,0.14096,0.50184,0.50155,-0.48631,0.51001,322.47898
0.05667,0.14907,0.14096,0.50184,0.50155,-0.48631,0.51001,322.77027
0.05667,0.14879,0.14096,0.50184,0.50155,-0.48631,0.51001,323.04760
0.05668,0.14852,0.14096,0.50184,0.50155,-0.48631,0.51001,323.30960
0.05669,0.14827,0.14095,0.50184,0.50155,-0.48631,0.51001,323.55498
0.05669,0.14803,0.14095,0.50184,0.50155,-0.48631,0.51001,323.78253
0.05670,0.14781,0.14095,0.50184,0.50155,-0.48631,0.51001,323.99111
0.05670,0.14761,0.14095,0.50184,0.50155,-0.48631,0.51001,324.17969
0.05671,0.14743,0.14095,0.50184,0.50155,-0.48631,0.51001,324.34732
0.05671,0.14728,0.14095,0.50184,0.50155,-0.48631,0.51001,324.49317
0.05671,0.14714,0.14095,0.50184,0.50155,-0.48631,0.51001,324.61650
0.05672,0.14703,0.14095,0.50184,0.50155,-0.48631,0.51001,324.71667
0.05672,0.14694,0.14095,0.50184,0.50155,-0.48631,0.51001,324.79318
0.05672,0.14688,0.14094,0.50184,0.50155,-0.48631,0.51001,324.84563
0.05672,0.14684,0.14094,0.50184,0.50155,-0.48631,0.51001,324.87374
0.05672,0.14682,0.14094,0.50184,0.50155,-0.48631,0.51001,324.87733
0.05672,0.14683,0.14094,0.50184,0.50155,-0.48631,0.51001,324.89829
0.05672,0.14686,0.14094,0.50184,0.50155,-0.48631,0.51001,324.94372
0.05672,0.14692,0.14095,0.50184,0.50155,-0.48631,0.51001,325.01342
0.05672,0.14700,0.14095,0.50184,0.50155,-0.48631,0.51001,325.10709
0.05671,0.14711,0.14095,0.50184,0.50155,-0.48631,0.51001,325.22427
0.05671,0.14724,0.14095,0.50184,0.50155,-0.48631,0.51001,325.36441
0.05671,0.14739,0.14095,0.50184,0.50155,-0.48631,0.51001,325.52686
0.05670,0.14756,0.14095,0.50184,0.50155,-0.48631,0.51001,325.71082
0.05670,0.14776,0.14095,0.50184,0.50155,-0.48631,0.51001,325.91541
0.05669,0.14797,0.14095,0.50184,0.50155,-0.48631,0.51001,326.13964
0.05669,0.14820,0.14095,0.50184,0.50155,-0.48631,0.51001,326.38241
0.05668,0.14846,0.14096,0.50184,0.50155,-0.48631,0.51001,326.64256
0.05668,0.14872,0.14096,0.50184,0.50155,-0.48631,0.51001,326.91880
0.05667,0.14901,0.14096,0.50184,0.50155,-0.48631,0.51001,327.20977
0.05666,0.14931,0.14096,0.50184,0.50155,-0.48631,0.51001,327.51407
0.05666,0.14962,0.14096,0.50184,0.50155,-0.48631,0.51001,327.83017
0.05665,0.14994,0.14097,0.50184,0.50155,-0.48631,0.51001,328.15653
0.05664,0.15027,0.14097,0.50184,0.50155,-0.48631,0.51001,328.49154
0.05663,0.15061,0.14097,0.50184,0.50155,-0.48631,0.51001,328.83352
0.05662,0.15095,0.14097,0.50184,0.50155,-0.48631,0.51001,329.18080
0.05662,0.15130,0.14097,0.50184,0.50155,-0.48631,0.51001,329.53164
0.05661,0.15165,0.14098,0.50184,0.50155,-0.48631,0.51001,329.88431
0.05660,0.15200,0.14098,0.50184,0.50155,-0.48631,0.51001,330.23703
0.05659,0.15235,0.14098,0.50184,0.50155,-0.48631,0.51001,330.58805
0.05658,0.15270,0.14098,0.50184,0.50155,-0.48631,0.51001,330.93562
0.05657,0.15305,0.14099,0.50184,0.50155,-0.48631,0.51001,331.27798
0.05657,0.15338,0.14099,0.50184,0.50155,-0.48631,0.51001,331.61344
0.05656,0.15372,0.14099,0.50184,0.50155,-0.48631,0.51001,331.94029
0.05655,0.15404,0.14099,0.50184,0.50155,-0.48631,0.51001,332.25690
0.05654,0.15435,0.14100,0.50184,0.50155,-0.48631,0.51001,332.56166
0.05654,0.15465,0.14100,0.50184,0.50155,-0.48631,0.51001,332.85304
0.05653,0.15493,0.14100,0.50184,0.50155,-0.48631,0.51001,333.12956
0.05652,0.15520,0.14100,0.50184,0.50155,-0.48631,0.51001,333.38981
0.05652,0.15545,0.14100,0.50184,0.50155,-0.48631,0.51001,333.63247
0.05651,0.15569,0.14100,0.50184,0.50155,-0.48631,0.51001,333.85630
0.05651,0.15590,0.14101,0.50184,0.50155,-0.48631,0.51001,334.06016
0.05650,0.15609,0.14101,0.50184,0.50155,-0.48631,0.51001,334.24300
0.05650,0.15627,0.14101,0.50184,0.50155,-0.48631,0.51001,334.40387
0.05650,0.15642,0.14101,0.50184,0.50155,-0.48631,0.51001,334.54195
0.05649,0.15654,0.14101,0.50184,0.50155,-0.48631,0.51001,334.65651
0.05649,0.15665,0.14101,0.50184,0.50155,-0.48631,0.51001,334.74695
0.05649,0.15672,0.14101,0.50184,0.50155,-0.48631,0.51001,334.81279
0.05649,0.15678,0.14101,0.50184,0.50155,-0.48631,0.51001,334.85368
0.05649,0.15681,0.14101,0.50184,0.50155,-0.48631,0.51001,334.86937
0.05649,0.15681,0.14101,0.50184,0.50155,-0.48631,0.51001,334.87897
0.05649,0.15679,0.14101,0.50184,0.50155,-0.48631,0.51001,334.91384
0.05649,0.15674,0.14101,0.50184,0.50155,-0.48631,0.51001,334.97384
0.05649,0.15667,0.14101,0.50184,0.50155,-0.48631,0.51001,335.05867
0.05649,0.15657,0.14101,0.50184,0.50155,-0.48631,0.51001,335.16794
0.05649,0.15645,0.14101,0.50184,0.50155,-0.48631,0.51001,335.30111
0.05650,0.15630,0.14101,0.50184,0.50155,-0.48631,0.51001,335.45753
0.05650,0.15613,0.14101,0.50184,0.50155,-0.48631,0.51001,335.63644
0.05651,0.15594,0.14101,0.50184,0.50155,-0.48631,0.51001,335.83693
0.05651,0.15573,0.14101,0.50184,0.50155,-0.48631,0.51001,336.05801
0.05652,0.15550,0.14100,0.50184,0.50155,-0.48631,0.51001,336.29858
0.05652,0.15525,0.14100,0.50184,0.50155,-0.48631,0.51001,336.55743
0.05653,0.15498,0.14100,0.50184,0.50155,-0.48631,0.51001,336.83325
0.05654,0.15470,0.14100,0.50184,0.50155,-0.48631,0.51001,337.12465
0.05654,0.15440,0.14100,0.50184,0.50155,-0.48631,0.51001,337.43016
0.05655,0.15409,0.14099,0.50184,0.50155,-0.48631,0.51001,337.74823
0.05656,0.15377,0.14099,0.50184,0.50155,-0.48631,0.51001,338.07724
0.05657,0.15343,0.14099,0.50184,0.50155,-0.48631,0.51001,338.41553
0.05657,0.15309,0.14099,0.50184,0.50155,-0.48631,0.51001,338.76136
0.05658,0.15274,0.14098,0.50184,0.50155,-0.48631,0.51001,339.11297
0.05659,0.15239,0.14098,0.50184,0.50155,-0.48631,0.51001,339.46856
0.05660,0.15203,0.14098,0.50184,0.50155,-0.48631,0.51001,339.82631
0.05661,0.15167,0.14098,0.50184,0.50155,-0.48631,0.51001,340.18438
0.05662,0.15132,0.14098,0.50184,0.50155,-0.48631,0.51001,340.54093
0.05662,0.15097,0.14097,0.50184,0.50155,-0.48631,0.51001,340.89413
0.05663,0.15062,0.14097,0.50184,0.50155,-0.48631,0.51001,341.24215
0.05664,0.15027,0.14097,0.50184,0.50155,-0.48631,0.51001,341.58320
0.05665,0.14993,0.14097,0.50184,0.50155,-0.48631,0.51001,341.91551
0.05666,0.14961,0.14096,0.50184,0.50155,-0.48631,0.51001,342.23736
0.05666,0.14929,0.14096,0.50184,0.50155,-0.48631,0.51001,342.54707
0.05667,0.14899,0.14096,0.50184,0.50155,-0.48631,0.51001,342.84303
0.05668,0.14870,0.14096,0.50184,0.50155,-0.48631,0.51001,343.12370
0.05668,0.14843,0.14096,0.50184,0.50155,-0.48631,0.51001,343.38762
0.05669,0.14817,0.14095,0.50184,0.50155,-0.48631,0.51001,343.63339
0.05670,0.14793,0.14095,0.50184,0.50155,-0.48631,0.51001,343.85973
0.05670,0.14772,0.14095,0.50184,0.50155,-0.48631,0.51001,344.06545
0.05670,0.14752,0.14095,0.50184,0.50155,-0.48631,0.51001,344.24945
0.05671,0.14735,0.14095,0.50184,0.50155,-0.48631,0.51001,344.41077
0.05671,0.14720,0.14095,0.50184,0.50155,-0.48631,0.51001,344.54854
0.05672,0.14707,0.14095,0.50184,0.50155,-0.48631,0.51001,344.66202
0.05672,0.14697,0.14095,0.50184,0.50155,-0.48631,0.51001,344.75060
0.05672,0.14690,0.14095,0.50184,0.50155,-0.48631,0.51001,344.81379
0.05672,0.14685,0.14094,0.50184,0.50155,-0.48631,0.51001,344.85123
0.05672,0.14682,0.14094,0.50184,0.50155,-0.48631,0.51001,344.86272
0.05672,0.14682,0.14094,0.50184,0.50155,-0.48631,0.51001,344.87728
0.05672,0.14685,0.14094,0.50184,0.50155,-0.48631,0.51001,344.91784
0.05672,0.14691,0.14095,0.50184,0.50155,-0.48631,0.51001,344.98422
0.05672,0.14698,0.14095,0.50184,0.50155,-0.48631,0.51001,345.07608
0.05671,0.14709,0.14095,0.50184,0.50155,-0.48631,0.51001,345.19298
0.05671,0.14722,0.14095,0.50184,0.50155,-0.48631,0.51001,345.33433
0.05671,0.14737,0.14095,0.50184,0.50155,-0.48631,0.51001,345.49942
0.05670,0.14755,0.14095,0.50184,0.50155,-0.48631,0.51001,345.68739
0.05670,0.14775,0.14095,0.50184,0.50155,-0.48631,0.51001,345.89730
0.05669,0.14797,0.14095,0.50184,0.50155,-0.48631,0.51001,346.12805
0.05669,0.14821,0.14095,0.50184,0.50155,-0.48631,0.51001,346.37847
0.05668,0.14847,0.14096,0.50184,0.50155,-0.48631,0.51001,346.64725
0.05668,0.14875,0.14096,0.50184,0.50155,-0.48631,0.51001,346.93299
0.05667,0.14904,0.14096,0.50184,0.50155,-0.48631,0.51001,347.23422
0.05666,0.14935,0.14096,0.50184,0.50155,-0.48631,0.51001,347.54937
0.05665,0.14967,0.14096,0.50184,0.50155,-0.48631,0.51001,347.87678
0.05665,0.15000,0.14097,0.50184,0.50155,-0.48631,0.51001,348.21474
0.05664,0.15035,0.14097,0.50184,0.50155,-0.48631,0.51001,348.56149
0.05663,0.15070,0.14097,0.50184,0.50155,-0.48631,0.51001,348.91520
0.05662,0.15105,0.14097,0.50184,0.50155,-0.48631,0.51001,349.27401
0.05661,0.15142,0.14098,0.50184,0.50155,-0.48631,0.51001,349.63603
0.05660,0.15177,0.14098,0.50184,0.50155,-0.48631,0.51001,349.99935
0.05660,0.15213,0.14098,0.50184,0.50155,-0.48631,0.51001,350.36204
0.05659,0.15249,0.14098,0.50184,0.50155,-0.48631,0.51001,350.72220
0.05658,0.15285,0.14099,0.50184,0.50155,-0.48631,0.51001,351.07790
0.05657,0.15320,0.14099,0.50184,0.50155,-0.48631,0.51001,351.42726
0.05656,0.15355,0.14099,0.50184,0.50155,-0.48631,0.51001,351.76842
0.05655,0.15389,0.14099,0.50184,0.50155,-0.48631,0.51001,352.09956
0.05655,0.15421,0.14099,0.50184,0.50155,-0.48631,0.51001,352.41891
0.05654,0.15453,0.14100,0.50184,0.50155,-0.48631,0.51001,352.72476
0.05653,0.15482,0.14100,0.50184,0.50155,-0.48631,0.51001,353.01547
0.05653,0.15511,0.14100,0.50184,0.50155,-0.48631,0.51001,353.28949
0.05652,0.15537,0.14100,0.50184,0.50155,-0.48631,0.51001,353.54533
0.05651,0.15562,0.14100,0.50184,0.50155,-0.48631,0.51001,353.78161
0.05651,0.15585,0.14101,0.50184,0.50155,-0.48631,0.51001,353.99706
0.05650,0.15605,0.14101,0.50184,0.50155,-0.48631,0.51001,354.19050
0.05650,0.15623,0.14101,0.50184,0.50155,-0.48631,0.51001,354.36089
0.05650,0.15639,0.14101,0.50184,0.50155,-0.48631,0.51001,354.50728
0.05649,0.15652,0.14101,0.50184,0.50155,-0.48631,0.51001,354.62887
0.05649,0.15663,0.14101,0.50184,0.50155,-0.48631,0.51001,354.72499
0.05649,0.15672,0.14101,0.50184,0.50155,-0.48631,0.51001,354.79510
0.05649,0.15677,0.14101,0.50184,0.50155,-0.48631,0.51001,354.83879
0.05649,0.15680,0.14101,0.50184,0.50155,-0.48631,0.51001,354.85581
0.05649,0.15681,0.14101,0.50184,0.50155,-0.48631,0.51001,354.86558
0.05649,0.15679,0.14101,0.50184,0.50155,-0.48631,0.51001,354.90212
0.05649,0.15674,0.14101,0.50184,0.50155,-0.48631,0.51001,354.96525
0.05649,0.15666,0.14101,0.50184,0.50155,-0.48631,0.51001,355.05466
0.05649,0.15656,0.14101,0.50184,0.50155,-0.48631,0.51001,355.16989
0.05650,0.15643,0.14101,0.50184,0.50155,-0.48631,0.51001,355.31036
0.05650,0.15628,0.14101,0.50184,0.50155,-0.48631,0.51001,355.47532
0.05650,0.15610,0.14101,0.50184,0.50155,-0.48631,0.51001,355.66392
0.05651,0.15590,0.14101,0.50184,0.50155,-0.48631,0.51001,355.87517
0.05651,0.15568,0.14100,0.50184,0.50155,-0.48631,0.51001,356.10793
0.05652,0.15543,0.14100,0.50184,0.50155,-0.48631,0.51001,356.36098
0.05652,0.15517,0.14100,0.50184,0.50155,-0.48631,0.51001,356.63297
0.05653,0.15489,0.14100,0.50184,0.50155,-0.48631,0.51001,356.92245
0.05654,0.15459,0.14100,0.50184,0.50155,-0.48631,0.51001,357.22787
0.05655,0.15428,0.14100,0.50184,0.50155,-0.48631,0.51001,357.54759
0.05655,0.15395,0.14099,0.50184,0.50155,-0.48631,0.51001,357.87990
0.05656,0.15361,0.14099,0.50184,0.50155,-0.48631,0.51001,358.22300
0.05657,0.15327,0.14099,0.50184,0.50155,-0.48631,0.51001,358.57505
0.05658,0.15291,0.14099,0.50184,0.50155,-0.48631,0.51001,358.93414
0.05659,0.15255,0.14098,0.50184,0.50155,-0.48631,0.51001,359.29833
0.05660,0.15218,0.14098,0.50184,0.50155,-0.48631,0.51001,359.66565
0.05660,0.15181,0.14098,0.50184,0.50155,-0.48631,0.51001,360.03410
0.05661,0.15145,0.14098,0.50184,0.50155,-0.48631,0.51001,360.40168
0.05662,0.15109,0.14097,0.50184,0.50155,-0.48631,0.51001,360.76639
0.05663,0.15072,0.14097,0.50184,0.50155,-0.48631,0.51001,361.12623
0.05664,0.15037,0.14097,0.50184,0.50155,-0.48631,0.51001,361.47925
0.05665,0.15002,0.14097,0.50184,0.50155,-0.48631,0.51001,361.82350
0.05665,0.14968,0.14096,0.50184,0.50155,-0.48631,0.51001,362.15711
0.05666,0.14935,0.14096,0.50184,0.50155,-0.48631,0.51001,362.47824
0.05667,0.14904,0.14096,0.50184,0.50155,-0.48631,0.51001,362.78512
0.05668,0.14874,0.14096,0.50184,0.50155,-0.48631,0.51001,363.07606
0.05668,0.14845,0.14096,0.50184,0.50155,-0.48631,0.51001,363.34945
0.05669,0.14819,0.14095,0.50184,0.50155,-0.48631,0.51001,363.60378
0.05669,0.14795,0.14095,0.50184,0.50155,-0.48631,0.51001,363.83763
0.05670,0.14772,0.14095,0.50184,0.50155,-0.48631,0.51001,364.04972
0.05670,0.14752,0.14095,0.50184,0.50155,-0.48631,0.51001,364.23884
0.05671,0.14734,0.14095,0.50184,0.50155,-0.48631,0.51001,364.40394
0.05671,0.14719,0.14095,0.50184,0.50155,-0.48631,0.51001,364.54409
0.05672,0.14706,0.14095,0.50184,0.50155,-0.48631,0.51001,364.65850
0.05672,0.14696,0.14095,0.50184,0.50155,-0.48631,0.51001,364.74650
0.05672,0.14689,0.14095,0.50184,0.50155,-0.48631,0.51001,364.80760
0.05672,0.14684,0.14094,0.50184,0.50155,-0.48631,0.51001,364.84142
0.05672,0.14682,0.14094,0.50184,0.50155,-0.48631,0.51001,364.84777
0.05672,0.14683,0.14094,0.50184,0.50155,-0.48631,0.51001,364.86897
0.05672,0.14686,0.14094,0.50184,0.50155,-0.48631,0.51001,364.91763
0.05672,0.14693,0.14095,0.50184,0.50155,-0.48631,0.51001,364.99350
0.05672,0.14701,0.14095,0.50184,0.50155,-0.48631,0.51001,365.09619
0.05671,0.14713,0.14095,0.50184,0.50155,-0.48631,0.51001,365.22516
0.05671,0.14727,0.14095,0.50184,0.50155,-0.48631,0.51001,365.37972
0.05671,0.14744,0.14095,0.50184,0.50155,-0.48631,0.51001,365.55904
0.05670,0.14763,0.14095,0.50184,0.50155,-0.48631,0.51001,365.76215
0.05670,0.14785,0.14095,0.50184,0.50155,-0.48631,0.51001,365.98794
0.05669,0.14808,0.14095,0.50184,0.50155,-0.48631,0.51001,366.23519
0.05669,0.14834,0.14095,0.50184,0.50155,-0.48631,0.51001,366.50254
0.05668,0.14862,0.14096,0.50184,0.50155,-0.48631,0.51001,366.78853
0.05667,0.14891,0.14096,0.50184,0.50155,-0.48631,0.51001,367.09159
0.05666,0.14922,0.14096,0.50184,0.50155,-0.48631,0.51001,367.41004
0.05666,0.14955,0.14096,0.50184,0.50155,-0.48631,0.51001,367.74214
0.05665,0.14989,0.14097,0.50184,0.50155,-0.48631,0.51001,368.08604
0.05664,0.15024,0.14097,0.50184,0.50155,-0.48631,0.51001,368.43984
0.05663,0.15060,0.14097,0.50184,0.50155,-0.48631,0.51001,368.80158
0.05662,0.15096,0.14097,0.50184,0.50155,-0.48631,0.51001,369.16924
0.05662,0.15133,0.14098,0.50184,0.50155,-0.48631,0.51001,369.54078
0.05661,0.15169,0.14098,0.50184,0.50155,-0.48631,0.51001,369.91413
0.05660,0.15207,0.14098,0.50184,0.50155,-0.48631,0.51001,370.28721
0.05659,0.15244,0.14098,0.50184,0.50155,-0.48631,0.51001,370.65791
0.05658,0.15281,0.14099,0.50184,0.50155,-0.48631,0.51001,371.02418
0.05657,0.15317,0.14099,0.50184,0.50155,-0.48631,0.51001,371.38396
0.05656,0.15353,0.14099,0.50184,0.50155,-0.48631,0.51001,371.73521
0.05656,0.15388,0.14099,0.50184,0.50155,-0.48631,0.51001,372.07597
0.05655,0.15421,0.14099,0.50184,0.50155,-0.48631,0.51001,372.40431
0.05654,0.15453,0.14100,0.50184,0.50155,-0.48631,0.51001,372.71837
0.05653,0.15484,0.14100,0.50184,0.50155,-0.48631,0.51001,373.01639
0.05653,0.15513,0.14100,0.50184,0.50155,-0.48631,0.51001,373.29666
0.05652,0.15540,0.14100,0.50184,0.50155,-0.48631,0.51001,373.55759
0.05651,0.15565,0.14100,0.50184,0.50155,-0.48631,0.51001,373.79771
0.05651,0.15588,0.14101,0.50184,0.50155,-0.48631,0.51001,374.01563
0.05650,0.15609,0.14101,0.50184,0.50155,-0.48631,0.51001,374.21010
0.05650,0.15627,0.14101,0.50184,0.50155,-0.48631,0.51001,374.38001
0.05650,0.15643,0.14101,0.50184,0.50155,-0.48631,0.51001,374.52438
0.05649,0.15656,0.14101,0.50184,0.50155,-0.48631,0.51001,374.64236
0.05649,0.15666,0.14101,0.50184,0.50155,-0.48631,0.51001,374.73326
0.05649,0.15674,0.14101,0.50184,0.50155,-0.48631,0.51001,374.79655
0.05649,0.15679,0.14101,0.50184,0.50155,-0.48631,0.51001,374.83183
0.05649,0.15681,0.14101,0.50184,0.50155,-0.48631,0.51001,374.83889
0.05649,0.15680,0.14101,0.50184,0.50155,-0.48631,0.51001,374.86012
0.05649,0.15677,0.14101,0.50184,0.50155,-0.48631,0.51001,374.90956
0.05649,0.15670,0.14101,0.50184,0.50155,-0.48631,0.51001,374.98694
0.05649,0.15661,0.14101,0.50184,0.50155,-0.48631,0.51001,375.09186
0.05649,0.15649,0.14101,0.50184,0.50155,-0.48631,0.51001,375.22374
0.05650,0.15635,0.14101,0.50184,0.50155,-0.48631,0.51001,375.38187
0.05650,0.15618,0.14101,0.50184,0.50155,-0.48631,0.51001,375.56536
0.05651,0.15598,0.14101,0.50184,0.50155,-0.48631,0.51001,375.77319
0.05651,0.15576,0.14101,0.50184,0.50155,-0.48631,0.51001,376.00422
0.05652,0.15552,0.14100,0.50184,0.50155,-0.48631,0.51001,376.25713
0.05652,0.15526,0.14100,0.50184,0.50155,-0.48631,0.51001,376.53052
0.05653,0.15497,0.14100,0.50184,0.50155,-0.48631,0.51001,376.82283
0.05654,0.15467,0.14100,0.50184,0.50155,-0.48631,0.51001,377.13243
0.05654,0.15435,0.14100,0.50184,0.50155,-0.48631,0.51001,377.45756
0.05655,0.15402,0.14099,0.50184,0.50155,-0.48631,0.51001,377.79637
0.05656,0.15368,0.14099,0.50184,0.50155,-0.48631,0.51001,378.14694
0.05657,0.15332,0.14099,0.50184,0.50155,-0.48631,0.51001,378.50728
0.05658,0.15295,0.14099,0.50184,0.50155,-0.48631,0.51001,378.87533
0.05659,0.15258,0.14098,0.50184,0.50155,-0.48631,0.51001,379.24899
0.05659,0.15221,0.14098,0.50184,0.50155,-0.48631,0.51001,379.62613
0.05660,0.15183,0.14098,0.50184,0.50155,-0.48631,0.51001,380.00458
0.05661,0.15146,0.14098,0.50184,0.50155,-0.48631,0.51001,380.38217
0.05662,0.15108,0.14097,0.50184,0.50155,-0.48631,0.51001,380.75673
0.05663,0.15071,0.14097,0.50184,0.50155,-0.48631,0.51001,381.12611
0.05664,0.15035,0.14097,0.50184,0.50155,-0.48631,0.51001,381.48818
0.05665,0.14999,0.14097,0.50184,0.50155,-0.48631,0.51001,381.84084
0.05665,0.14964,0.14096,0.50184,0.50155,-0.48631,0.51001,382.18207
0.05666,0.14930,0.14096,0.50184,0.50155,-0.48631,0.51001,382.50987
0.05667,0.14898,0.14096,0.50184,0.50155,-0.48631,0.51001,382.82235
0.05668,0.14868,0.14096,0.50184,0.50155,-0.48631,0.51001,383.11769
0.05668,0.14839,0.14096,0.50184,0.50155,-0.48631,0.51001,383.39418
0.05669,0.14813,0.14095,0.50184,0.50155,-0.48631,0.51001,383.65018
0.05670,0.14788,0.14095,0.50184,0.50155,-0.48631,0.51001,383.88422
0.05670,0.14766,0.14095,0.50184,0.50155,-0.48631,0.51001,384.09490
0.05671,0.14746,0.14095,0.50184,0.50155,-0.48631,0.51001,384.28100
0.05671,0.14729,0.14095,0.50184,0.50155,-0.48631,0.51001,384.44140
0.05671,0.14714,0.14095,0.50184,0.50155,-0.48631,0.51001,384.57516
0.05672,0.14702,0.14095,0.50184,0.50155,-0.48631,0.51001,384.68148
0.05672,0.14693,0.14095,0.50184,0.50155,-0.48631,0.51001,384.75971
0.05672,0.14686,0.14094,0.50184,0.50155,-0.48631,0.51001,384.80937
0.05672,0.14683,0.14094,0.50184,0.50155,-0.48631,0.51001,384.83015
0.05672,0.14682,0.14094,0.50184,0.50155,-0.48631,0.51001,384.83840
0.05672,0.14684,0.14094,0.50184,0.50155,-0.48631,0.51001,384.87566
0.05672,0.14690,0.14095,0.50184,0.50155,-0.48631,0.51001,384.94175
0.05672,0.14698,0.14095,0.50184,0.50155,-0.48631,0.51001,385.03629
0.05672,0.14708,0.14095,0.50184,0.50155,-0.48631,0.51001,385.15877
0.05671,0.14722,0.14095,0.50184,0.50155,-0.48631,0.51001,385.30851
0.05671,0.14738,0.14095,0.50184,0.50155,-0.48631,0.51001,385.48464
0.05670,0.14757,0.14095,0.50184,0.50155,-0.48631,0.51001,385.68618
0.05670,0.14779,0.14095,0.50184,0.50155,-0.48631,0.51001,385.91196
0.05669,0.14802,0.14095,0.50184,0.50155,-0.48631,0.51001,386.16068
0.05669,0.14828,0.14095,0.50184,0.50155,-0.48631,0.51001,386.43092
0.05668,0.14857,0.14096,0.50184,0.50155,-0.48631,0.51001,386.72112
0.05667,0.14887,0.14096,0.50184,0.50155,-0.48631,0.51001,387.02958
0.05667,0.14918,0.14096,0.50184,0.50155,-0.48631,0.51001,387.35453
0.05666,0.14952,0.14096,0.50184,0.50155,-0.48631,0.51001,387.69407
0.05665,0.14986,0.14097,0.50184,0.50155,-0.48631,0.51001,388.04622
0.05664,0.15022,0.14097,0.50184,0.50155,-0.48631,0.51001,388.40893
0.05663,0.15059,0.14097,0.50184,0.50155,-0.48631,0.51001,388.78008
0.05662,0.15096,0.14097,0.50184,0.50155,-0.48631,0.51001,389.15748
0.05662,0.15134,0.14098,0.50184,0.50155,-0.48631,0.51001,389.53894
0.05661,0.15171,0.14098,0.50184,0.50155,-0.48631,0.51001,389.92220
0.05660,0.15210,0.14098,0.50184,0.50155,-0.48631,0.51001,390.30501
0.05659,0.15248,0.14098,0.50184,0.50155,-0.48631,0.51001,390.68512
0.05658,0.15286,0.14099,0.50184,0.50155,-0.48631,0.51001,391.06028
0.05657,0.15323,0.14099,0.50184,0.50155,-0.48631,0.51001,391.42827
0.05656,0.15359,0.14099,0.50184,0.50155,-0.48631,0.51001,391.78691
0.05655,0.15395,0.14099,0.50184,0.50155,-0.48631,0.51001,392.13408
0.05655,0.15429,0.14100,0.50184,0.50155,-0.48631,0.51001,392.46772
0.05654,0.15462,0.14100,0.50184,0.50155,-0.48631,0.51001,392.78583
0.05653,0.15492,0.14100,0.50184,0.50155,-0.48631,0.51001,393.08652
0.05652,0.15522,0.14100,0.50184,0.50155,-0.48631,0.51001,393.36799
0.05652,0.15549,0.14100,0.50184,0.50155,-0.48631,0.51001,393.62856
0.05651,0.15574,0.14101,0.50184,0.50155,-0.48631,0.51001,393.86666
0.05651,0.15596,0.14101,0.50184,0.50155,-0.48631,0.51001,394.08086
0.05650,0.15617,0.14101,0.50184,0.50155,-0.48631,0.51001,394.26987
0.05650,0.15634,0.14101,0.50184,0.50155,-0.48631,0.51001,394.43253
0.05649,0.15649,0.14101,0.50184,0.50155,-0.48631,0.51001,394.56786
0.05649,0.15661,0.14101,0.50184,0.50155,-0.48631,0.51001,394.67503
0.05649,0.15671,0.14101,0.50184,0.50155,-0.48631,0.51001,394.75337
0.05649,0.15677,0.14101,0.50184,0.50155,-0.48631,0.51001,394.80239
0.05649,0.15680,0.14101,0.50184,0.50155,-0.48631,0.51001,394.82177
0.05649,0.15681,0.14101,0.50184,0.50155,-0.48631,0.51001,394.83217
0.05649,0.15678,0.14101,0.50184,0.50155,-0.48631,0.51001,394.87232
0.05649,0.15673,0.14101,0.50184,0.50155,-0.48631,0.51001,394.94201
0.05649,0.15664,0.14101,0.50184,0.50155,-0.48631,0.51001,395.04084
0.05649,0.15653,0.14101,0.50184,0.50155,-0.48631,0.51001,395.16826
0.05650,0.15639,0.14101,0.50184,0.50155,-0.48631,0.51001,395.32352
0.05650,0.15622,0.14101,0.50184,0.50155,-0.48631,0.51001,395.50573
0.05650,0.15602,0.14101,0.50184,0.50155,-0.48631,0.51001,395.71382
0.05651,0.15580,0.14101,0.50184,0.50155,-0.48631,0.51001,395.94656
0.05652,0.15556,0.14100,0.50184,0.50155,-0.48631,0.51001,396.20258
0.05652,0.15529,0.14100,0.50184,0.50155,-0.48631,0.51001,396.48037
0.05653,0.15500,0.14100,0.50184,0.50155,-0.48631,0.51001,396.77828
0.05654,0.15470,0.14100,0.50184,0.50155,-0.48631,0.51001,397.09454
0.05654,0.15437,0.14100,0.50184,0.50155,-0.48631,0.51001,397.42727
0.05655,0.15403,0.14099,0.50184,0.50155,-0.48631,0.51001,397.77447
0.05656,0.15368,0.14099,0.50184,0.50155,-0.48631,0.51001,398.13407
0.05657,0.15331,0.14099,0.50184,0.50155,-0.48631,0.51001,398.50393
0.05658,0.15294,0.14099,0.50184,0.50155,-0.48631,0.51001,398.88181
0.05659,0.15256,0.14098,0.50184,0.50155,-0.48631,0.51001,399.26545
0.05660,0.15217,0.14098,0.50184,0.50155,-0.48631,0.51001,399.65254
0.05660,0.15178,0.14098,0.50184,0.50155,-0.48631,0.51001,400.04074
0.05661,0.15140,0.14098,0.50184,0.50155,-0.48631,0.51001,400.42772
0.05662,0.15102,0.14097,0.50184,0.50155,-0.48631,0.51001,400.81113
0.05663,0.15064,0.14097,0.50184,0.50155,-0.48631,0.51001,401.18864
0.05664,0.15026,0.14097,0.50184,0.50155,-0.48631,0.51001,401.55798
0.05665,0.14990,0.14097,0.50184,0.50155,-0.48631,0.51001,401.91689
0.05666,0.14954,0.14096,0.50184,0.50155,-0.48631,0.51001,402.26319
0.05667,0.14920,0.14096,0.50184,0.50155,-0.48631,0.51001,402.59478
0.05667,0.14888,0.14096,0.50184,0.50155,-0.48631,0.51001,402.90961
0.05668,0.14858,0.14096,0.50184,0.50155,-0.48631,0.51001,403.20578
0.05669,0.14829,0.14095,0.50184,0.50155,-0.48631,0.51001,403.48146
0.05669,0.14802,0.14095,0.50184,0.50155,-0.48631,0.51001,403.73495
0.05670,0.14778,0.14095,0.50184,0.50155,-0.48631,0.51001,403.96471
0.05670,0.14756,0.14095,0.50184,0.50155,-0.48631,0.51001,404.16929
0.05671,0.14737,0.14095,0.50184,0.50155,-0.48631,0.51001,404.34745
0.05671,0.14721,0.14095,0.50184,0.50155,-0.48631,0.51001,404.49806
0.05672,0.14707,0.14095,0.50184,0.50155,-0.48631,0.51001,404.62019
0.05672,0.14696,0.14095,0.50184,0.50155,-0.48631,0.51001,404.71306
0.05672,0.14689,0.14095,0.50184,0.50155,-0.48631,0.51001,404.77608
0.05672,0.14684,0.14094,0.50184,0.50155,-0.48631,0.51001,404.80884
0.05672,0.14682,0.14094,0.50184,0.50155,-0.48631,0.51001,404.81111
0.05672,0.14683,0.14094,0.50184,0.50155,-0.48631,0.51001,404.83938
0.05672,0.14688,0.14094,0.50184,0.50155,-0.48631,0.51001,404.89803
0.05672,0.14695,0.14095,0.50184,0.50155,-0.48631,0.51001,404.98673
0.05672,0.14705,0.14095,0.50184,0.50155,-0.48631,0.51001,405.10498
0.05671,0.14719,0.14095,0.50184,0.50155,-0.48631,0.51001,405.25207
0.05671,0.14735,0.14095,0.50184,0.50155,-0.48631,0.51001,405.42712
0.05670,0.14754,0.14095,0.50184,0.50155,-0.48631,0.51001,405.62909
0.05670,0.14775,0.14095,0.50184,0.50155,-0.48631,0.51001,405.85676
0.05669,0.14799,0.14095,0.50184,0.50155,-0.48631,0.51001,406.10876
0.05669,0.14826,0.14095,0.50184,0.50155,-0.48631,0.51001,406.38356
0.05668,0.14854,0.14096,0.50184,0.50155,-0.48631,0.51001,406.67949
0.05667,0.14885,0.14096,0.50184,0.50155,-0.48631,0.51001,406.99474
0.05667,0.14917,0.14096,0.50184,0.50155,-0.48631,0.51001,407.32739
0.05666,0.14951,0.14096,0.50184,0.50155,-0.48631,0.51001,407.67542
0.05665,0.14987,0.14097,0.50184,0.50155,-0.48631,0.51001,408.03667
0.05664,0.15024,0.14097,0.50184,0.50155,-0.48631,0.51001,408.40895
0.05663,0.15061,0.14097,0.50184,0.50155,-0.48631,0.51001,408.78995
0.05662,0.15100,0.14097,0.50184,0.50155,-0.48631,0.51001,409.17734
0.05661,0.15139,0.14098,0.50184,0.50155,-0.48631,0.51001,409.56873
0.05660,0.15177,0.14098,0.50184,0.50155,-0.48631,0.51001,409.96169
0.05660,0.15216,0.14098,0.50184,0.50155,-0.48631,0.51001,410.35379
0.05659,0.15255,0.14098,0.50184,0.50155,-0.48631,0.51001,410.74261
0.05658,0.15294,0.14099,0.50184,0.50155,-0.48631,0.51001,411.12574
0.05657,0.15332,0.14099,0.50184,0.50155,-0.48631,0.51001,411.50079
0.05656,0.15369,0.14099,0.50184,0.50155,-0.48631,0.51001,411.86543
0.05655,0.15405,0.14099,0.50184,0.50155,-0.48631,0.51001,412.21738
0.05654,0.15440,0.14100,0.50184,0.50155,-0.48631,0.51001,412.55445
0.05654,0.15472,0.14100,0.50184,0.50155,-0.48631,0.51001,412.87453
0.05653,0.15504,0.14100,0.50184,0.50155,-0.48631,0.51001,413.17561
0.05652,0.15533,0.14100,0.50184,0.50155,-0.48631,0.51001,413.45581
0.05651,0.15560,0.14100,0.50184,0.50155,-0.48631,0.51001,413.71335
0.05651,0.15584,0.14101,0.50184,0.50155,-0.48631,0.51001,413.94661
0.05650,0.15606,0.14101,0.50184,0.50155,-0.48631,0.51001,414.15412
0.05650,0.15626,0.14101,0.50184,0.50155,-0.48631,0.51001,414.33456
0.05650,0.15642,0.14101,0.50184,0.50155,-0.48631,0.51001,414.48677
0.05649,0.15656,0.14101,0.50184,0.50155,-0.48631,0.51001,414.60979
0.05649,0.15667,0.14101,0.50184,0.50155,-0.48631,0.51001,414.70281
0.05649,0.15675,0.14101,0.50184,0.50155,-0.48631,0.51001,414.76522
0.05649,0.15679,0.14101,0.50184,0.50155,-0.48631,0.51001,414.79662
0.05649,0.15681,0.14101,0.50184,0.50155,-0.48631,0.51001,414.79677
0.05649,0.15679,0.14101,0.50184,0.50155,-0.48631,0.51001,414.82790
0.05649,0.15675,0.14101,0.50184,0.50155,-0.48631,0.51001,414.89013
0.05649,0.15667,0.14101,0.50184,0.50155,-0.48631,0.51001,414.98311
0.05649,0.15656,0.14101,0.50184,0.50155,-0.48631,0.51001,415.10628
0.05650,0.15642,0.14101,0.50184,0.50155,-0.48631,0.51001,415.25889
0.05650,0.15626,0.14101,0.50184,0.50155,-0.48631,0.51001,415.44002
0.05650,0.15606,0.14101,0.50184,0.50155,-0.48631,0.51001,415.64854
0.05651,0.15584,0.14101,0.50184,0.50155,-0.48631,0.51001,415.88317
0.05651,0.15559,0.14100,0.50184,0.50155,-0.48631,0.51001,416.14247
0.05652,0.15532,0.14100,0.50184,0.50155,-0.48631,0.51001,416.42480
0.05653,0.15503,0.14100,0.50184,0.50155,-0.48631,0.51001,416.72843
0.05654,0.15471,0.14100,0.50184,0.50155,-0.48631,0.51001,417.05145
0.05654,0.15438,0.14100,0.50184,0.50155,-0.48631,0.51001,417.39184
0.05655,0.15403,0.14099,0.50184,0.50155,-0.48631,0.51001,417.74747
0.05656,0.15367,0.14099,0.50184,0.50155,-0.48631,0.51001,418.11610
0.05657,0.15330,0.14099,0.50184,0.50155,-0.48631,0.51001,418.49541
0.05658,0.15291,0.14099,0.50184,0.50155,-0.48631,0.51001,418.88303
0.05659,0.15252,0.14098,0.50184,0.50155,-0.48631,0.51001,419.27649
0.05660,0.15212,0.14098,0.50184,0.50155,-0.48631,0.51001,419.67331
0.05661,0.15173,0.14098,0.50184,0.50155,-0.48631,0.51001,420.07099
0.05662,0.15134,0.14098,0.50184,0.50155,-0.48631,0.51001,420.46700
0.05662,0.15094,0.14097,0.50184,0.50155,-0.48631,0.51001,420.85882
0.05663,0.15056,0.14097,0.50184,0.50155,-0.48631,0.51001,421.24397
0.05664,0.15017,0.14097,0.50184,0.50155,-0.48631,0.51001,421.62000
0.05665,0.14980,0.14096,0.50184,0.50155,-0.48631,0.51001,421.98449
0.05666,0.14945,0.14096,0.50184,0.50155,-0.48631,0.51001,422.33514
0.05667,0.14910,0.14096,0.50184,0.50155,-0.48631,0.51001,422.66968
0.05668,0.14878,0.14096,0.50184,0.50155,-0.48631,0.51001,422.98599
0.05668,0.14847,0.14096,0.50184,0.50155,-0.48631,0.51001,423.28202
0.05669,0.14818,0.14095,0.50184,0.50155,-0.48631,0.51001,423.55587
0.05670,0.14792,0.14095,0.50184,0.50155,-0.48631,0.51001,423.80578
0.05670,0.14768,0.14095,0.50184,0.50155,-0.48631,0.51001,424.03012
0.05671,0.14747,0.14095,0.50184,0.50155,-0.48631,0.51001,424.22745
0.05671,0.14729,0.14095,0.50184,0.50155,-0.48631,0.51001,424.39647
0.05671,0.14714,0.14095,0.50184,0.50155,-0.48631,0.51001,424.53609
0.05672,0.14701,0.14095,0.50184,0.50155,-0.48631,0.51001,424.64537
0.05672,0.14692,0.14095,0.50184,0.50155,-0.48631,0.51001,424.72360
0.05672,0.14685,0.14094,0.50184,0.50155,-0.48631,0.51001,424.77025
0.05672,0.14682,0.14094,0.50184,0.50155,-0.48631,0.51001,424.78498
0.05672,0.14682,0.14094,0.50184,0.50155,-0.48631,0.51001,424.80228
0.05672,0.14686,0.14094,0.50184,0.50155,-0.48631,0.51001,424.85153
0.05672,0.14692,0.14095,0.50184,0.50155,-0.48631,0.51001,424.93245
0.05672,0.14702,0.14095,0.50184,0.50155,-0.48631,0.51001,425.04454
0.05671,0.14715,0.14095,0.50184,0.50155,-0.48631,0.51001,425.18711
0.05671,0.14730,0.14095,0.50184,0.50155,-0.48631,0.51001,425.35926
0.05671,0.14749,0.14095,0.50184,0.50155,-0.48631,0.51001,425.55993
0.05670,0.14771,0.14095,0.50184,0.50155,-0.48631,0.51001,425.78784
0.05669,0.14795,0.14095,0.50184,0.50155,-0.48631,0.51001,426.04154
0.05669,0.14821,0.14095,0.50184,0.50155,-0.48631,0.51001,426.31943
0.05668,0.14850,0.14096,0.50184,0.50155,-0.48631,0.51001,426.61974
0.05667,0.14881,0.14096,0.50184,0.50155,-0.48631,0.51001,426.94053
0.05667,0.14914,0.14096,0.50184,0.50155,-0.48631,0.51001,427.27977
0.05666,0.14949,0.14096,0.50184,0.50155,-0.48631,0.51001,427.63527
0.05665,0.14986,0.14097,0.50184,0.50155,-0.48631,0.51001,428.00475
0.05664,0.15023,0.14097,0.50184,0.50155,-0.48631,0.51001,428.38584
0.05663,0.15062,0.14097,0.50184,0.50155,-0.48631,0.51001,428.77607
0.05662,0.15101,0.14097,0.50184,0.50155,-0.48631,0.51001,429.17292
0.05661,0.15141,0.14098,0.50184,0.50155,-0.48631,0.51001,429.57383
0.05660,0.15180,0.14098,0.50184,0.50155,-0.48631,0.51001,429.97620
0.05659,0.15221,0.14098,0.50184,0.50155,-0.48631,0.51001,430.37743
0.05658,0.15261,0.14098,0.50184,0.50155,-0.48631,0.51001,430.77490
0.05658,0.15300,0.14099,0.50184,0.50155,-0.48631,0.51001,431.16602
0.05657,0.15339,0.14099,0.50184,0.50155,-0.48631,0.51001,431.54826
0.05656,0.15377,0.14099,0.50184,0.50155,-0.48631,0.51001,431.91912
0.05655,0.15413,0.14099,0.50184,0.50155,-0.48631,0.51001,432.27617
0.05654,0.15448,0.14100,0.50184,0.50155,-0.48631,0.51001,432.61707
0.05653,0.15481,0.14100,0.50184,0.50155,-0.48631,0.51001,432.93959
0.05653,0.15513,0.14100,0.50184,0.50155,-0.48631,0.51001,433.24161
0.05652,0.15542,0.14100,0.50184,0.50155,-0.48631,0.51001,433.52114
0.05651,0.15568,0.14100,0.50184,0.50155,-0.48631,0.51001,433.77634
0.05651,0.15593,0.14101,0.50184,0.50155,-0.48631,0.51001,434.00551
0.05650,0.15614,0.14101,0.50184,0.50155,-0.48631,0.51001,434.20714
0.05650,0.15633,0.14101,0.50184,0.50155,-0.48631,0.51001,434.37989
0.05649,0.15649,0.14101,0.50184,0.50155,-0.48631,0.51001,434.52259
0.05649,0.15662,0.14101,0.50184,0.50155,-0.48631,0.51001,434.63429
0.05649,0.15671,0.14101,0.50184,0.50155,-0.48631,0.51001,434.71423
0.05649,0.15678,0.14101,0.50184,0.50155,-0.48631,0.51001,434.76185
0.05649,0.15681,0.14101,0.50184,0.50155,-0.48631,0.51001,434.77682
0.05649,0.15681,0.14101,0.50184,0.50155,-0.48631,0.51001,434.79463
0.05649,0.15677,0.14101,0.50184,0.50155,-0.48631,0.51001,434.84514
0.05649,0.15670,0.14101,0.50184,0.50155,-0.48631,0.51001,434.92804
0.05649,0.15661,0.14101,0.50184,0.50155,-0.48631,0.51001,435.04282
0.05649,0.15647,0.14101,0.50184,0.50155,-0.48631,0.51001,435.18874
0.05650,0.15631,0.14101,0.50184,0.50155,-0.48631,0.51001,435.36488
0.05650,0.15612,0.14101,0.50184,0.50155,-0.48631,0.51001,435.57010
0.05651,0.15590,0.14101,0.50184,0.50155,-0.48631,0.51001,435.80308
0.05651,0.15566,0.14100,0.50184,0.50155,-0.48631,0.51001,436.06230
0.05652,0.15538,0.14100,0.50184,0.50155,-0.48631,0.51001,436.34607
0.05653,0.15509,0.14100,0.50184,0.50155,-0.48631,0.51001,436.65255
0.05653,0.15477,0.14100,0.50184,0.50155,-0.48631,0.51001,436.97973
0.05654,0.15443,0.14100,0.50184,0.50155,-0.48631,0.51001,437.32546
0.05655,0.15408,0.14099,0.50184,0.50155,-0.48631,0.51001,437.68747
0.05656,0.15371,0.14099,0.50184,0.50155,-0.48631,0.51001,438.06339
0.05657,0.15333,0.14099,0.50184,0.50155,-0.48631,0.51001,438.45074
0.05658,0.15294,0.14099,0.50184,0.50155,-0.48631,0.51001,438.84696
0.05659,0.15254,0.14098,0.50184,0.50155,-0.48631,0.51001,439.24942
0.05660,0.15213,0.14098,0.50184,0.50155,-0.48631,0.51001,439.65548
0.05661,0.15172,0.14098,0.50184,0.50155,-0.48631,0.51001,440.06243
0.05662,0.15133,0.14098,0.50184,0.50155,-0.48631,0.51001,440.46758
0.05662,0.15092,0.14097,0.50184,0.50155,-0.48631,0.51001,440.86823
0.05663,0.15053,0.14097,0.50184,0.50155,-0.48631,0.51001,441.26171
0.05664,0.15014,0.14097,0.50184,0.50155,-0.48631,0.51001,441.64540
0.05665,0.14976,0.14096,0.50184,0.50155,-0.48631,0.51001,442.01674
0.05666,0.14939,0.14096,0.50184,0.50155,-0.48631,0.51001,442.37324
0.05667,0.14905,0.14096,0.50184,0.50155,-0.48631,0.51001,442.71252
0.05668,0.14872,0.14096,0.50184,0.50155,-0.48631,0.51001,443.03229
0.05668,0.14841,0.14096,0.50184,0.50155,-0.48631,0.51001,443.33041
0.05669,0.14812,0.14095,0.50184,0.50155,-0.48631,0.51001,443.60487
0.05670,0.14786,0.14095,0.50184,0.50155,-0.48631,0.51001,443.85381
0.05670,0.14762,0.14095,0.50184,0.50155,-0.48631,0.51001,444.07554
0.05671,0.14741,0.14095,0.50184,0.50155,-0.48631,0.51001,444.26857
0.05671,0.14723,0.14095,0.50184,0.50155,-0.48631,0.51001,444.43158
0.05671,0.14709,0.14095,0.50184,0.50155,-0.48631,0.51001,444.56344
0.05672,0.14697,0.14095,0.50184,0.50155,-0.48631,0.51001,444.66324
0.05672,0.14689,0.14095,0.50184,0.50155,-0.48631,0.51001,444.73030
0.05672,0.14684,0.14094,0.50184,0.50155,-0.48631,0.51001,444.76412
0.05672,0.14682,0.14094,0.50184,0.50155,-0.48631,0.51001,444.76446
0.05672,0.14684,0.14094,0.50184,0.50155,-0.48631,0.51001,444.79764
0.05672,0.14689,0.14095,0.50184,0.50155,-0.48631,0.51001,444.86414
0.05672,0.14697,0.14095,0.50184,0.50155,-0.48631,0.51001,444.96354
0.05671,0.14709,0.14095,0.50184,0.50155,-0.48631,0.51001,445.09521
0.05671,0.14723,0.14095,0.50184,0.50155,-0.48631,0.51001,445.25829
0.05671,0.14741,0.14095,0.50184,0.50155,-0.48631,0.51001,445.45170
0.05670,0.14762,0.14095,0.50184,0.50155,-0.48631,0.51001,445.67418
0.05670,0.14786,0.14095,0.50184,0.50155,-0.48631,0.51001,445.92423
0.05669,0.14812,0.14095,0.50184,0.50155,-0.48631,0.51001,446.20021
0.05668,0.14841,0.14096,0.50184,0.50155,-0.48631,0.51001,446.50027
0.05668,0.14872,0.14096,0.50184,0.50155,-0.48631,0.51001,446.82241
0.05667,0.14905,0.14096,0.50184,0.50155,-0.48631,0.51001,447.16447
0.05666,0.14940,0.14096,0.50184,0.50155,-0.48631,0.51001,447.52415
0.05665,0.14977,0.14096,0.50184,0.50155,-0.48631,0.51001,447.89903
0.05664,0.15015,0.14097,0.50184,0.50155,-0.48631,0.51001,448.28659
0.05663,0.15055,0.14097,0.50184,0.50155,-0.48631,0.51001,448.68422
0.05662,0.15095,0.14097,0.50184,0.50155,-0.48631,0.51001,449.08923
0.05661,0.15136,0.14098,0.50184,0.50155,-0.48631,0.51001,449.49888
0.05660,0.15176,0.14098,0.50184,0.50155,-0.48631,0.51001,449.91039
0.05660,0.15217,0.14098,0.50184,0.50155,-0.48631,0.51001,450.32098
0.05659,0.15258,0.14098,0.50184,0.50155,-0.48631,0.51001,450.72784
0.05658,0.15298,0.14099,0.50184,0.50155,-0.48631,0.51001,451.12822
0.05657,0.15338,0.14099,0.50184,0.50155,-0.48631,0.51001,451.51939
0.05656,0.15377,0.14099,0.50184,0.50155,-0.48631,0.51001,451.89867
0.05655,0.15414,0.14099,0.50184,0.50155,-0.48631,0.51001,452.26347
0.05654,0.15450,0.14100,0.50184,0.50155,-0.48631,0.51001,452.61130
0.05653,0.15483,0.14100,0.50184,0.50155,-0.48631,0.51001,452.93976
0.05653,0.15515,0.14100,0.50184,0.50155,-0.48631,0.51001,453.24661
0.05652,0.15545,0.14100,0.50184,0.50155,-0.48631,0.51001,453.52973
0.05651,0.15572,0.14101,0.50184,0.50155,-0.48631,0.51001,453.78716
0.05651,0.15596,0.14101,0.50184,0.50155,-0.48631,0.51001,454.01712
0.05650,0.15618,0.14101,0.50184,0.50155,-0.48631,0.51001,454.21803
0.05650,0.15636,0.14101,0.50184,0.50155,-0.48631,0.51001,454.38847
0.05649,0.15652,0.14101,0.50184,0.50155,-0.48631,0.51001,454.52725
0.05649,0.15664,0.14101,0.50184,0.50155,-0.48631,0.51001,454.63341
0.05649,0.15673,0.14101,0.50184,0.50155,-0.48631,0.51001,454.70618
0.05649,0.15679,0.14101,0.50184,0.50155,-0.48631,0.51001,454.74503
0.05649,0.15681,0.14101,0.50184,0.50155,-0.48631,0.51001,454.74967
0.05649,0.15680,0.14101,0.50184,0.50155,-0.48631,0.51001,454.77930
0.05649,0.15675,0.14101,0.50184,0.50155,-0.48631,0.51001,454.84303
0.05649,0.15667,0.14101,0.50184,0.50155,-0.48631,0.51001,454.94045
0.05649,0.15656,0.14101,0.50184,0.50155,-0.48631,0.51001,455.07092
0.05650,0.15641,0.14101,0.50184,0.50155,-0.48631,0.51001,455.23357
0.05650,0.15623,0.14101,0.50184,0.50155,-0.48631,0.51001,455.42731
0.05650,0.15602,0.14101,0.50184,0.50155,-0.48631,0.51001,455.65083
0.05651,0.15578,0.14101,0.50184,0.50155,-0.48631,0.51001,455.90261
0.05652,0.15552,0.14100,0.50184,0.50155,-0.48631,0.51001,456.18095
0.05652,0.15523,0.14100,0.50184,0.50155,-0.48631,0.51001,456.48394
0.05653,0.15491,0.14100,0.50184,0.50155,-0.48631,0.51001,456.80952
0.05654,0.15458,0.14100,0.50184,0.50155,-0.48631,0.51001,457.15546
0.05655,0.15422,0.14099,0.50184,0.50155,-0.48631,0.51001,457.51938
0.05656,0.15385,0.14099,0.50184,0.50155,-0.48631,0.51001,457.89878
0.05656,0.15346,0.14099,0.50184,0.50155,-0.48631,0.51001,458.29105
0.05657,0.15306,0.14099,0.50184,0.50155,-0.48631,0.51001,458.69349
0.05658,0.15266,0.14098,0.50184,0.50155,-0.48631,0.51001,459.10331
0.05659,0.15224,0.14098,0.50184,0.50155,-0.48631,0.51001,459.51768
0.05660,0.15183,0.14098,0.50184,0.50155,-0.48631,0.51001,459.93373
0.05661,0.15142,0.14098,0.50184,0.50155,-0.48631,0.51001,460.34858
0.05662,0.15101,0.14097,0.50184,0.50155,-0.48631,0.51001,460.75934
0.05663,0.15060,0.14097,0.50184,0.50155,-0.48631,0.51001,461.16316
0.05664,0.15020,0.14097,0.50184,0.50155,-0.48631,0.51001,461.55723
0.05665,0.14981,0.14096,0.50184,0.50155,-0.48631,0.51001,461.93879
0.05666,0.14944,0.14096,0.50184,0.50155,-0.48631,0.51001,462.30518
0.05667,0.14908,0.14096,0.50184,0.50155,-0.48631,0.51001,462.65383
0.05668,0.14874,0.14096,0.50184,0.50155,-0.48631,0.51001,462.98230
0.05668,0.14842,0.14096,0.50184,0.50155,-0.48631,0.51001,463.28829
0.05669,0.14813,0.14095,0.50184,0.50155,-0.48631,0.51001,463.56963
0.05670,0.14786,0.14095,0.50184,0.50155,-0.48631,0.51001,463.82435
0.05670,0.14762,0.14095,0.50184,0.50155,-0.48631,0.51001,464.05065
0.05671,0.14741,0.14095,0.50184,0.50155,-0.48631,0.51001,464.24691
0.05671,0.14723,0.14095,0.50184,0.50155,-0.48631,0.51001,464.41174
0.05672,0.14708,0.14095,0.50184,0.50155,-0.48631,0.51001,464.54396
0.05672,0.14696,0.14095,0.50184,0.50155,-0.48631,0.51001,464.64262
0.05672,0.14688,0.14094,0.50184,0.50155,-0.48631,0.51001,464.70700
0.05672,0.14683,0.14094,0.50184,0.50155,-0.48631,0.51001,464.73661
0.05672,0.14682,0.14094,0.50184,0.50155,-0.48631,0.51001,464.74200
0.05672,0.14684,0.14094,0.50184,0.50155,-0.48631,0.51001,464.78238
0.05672,0.14690,0.14095,0.50184,0.50155,-0.48631,0.51001,464.85750
0.05672,0.14699,0.14095,0.50184,0.50155,-0.48631,0.51001,464.96686
0.05671,0.14712,0.14095,0.50184,0.50155,-0.48631,0.51001,465.10972
0.05671,0.14728,0.14095,0.50184,0.50155,-0.48631,0.51001,465.28510
0.05671,0.14747,0.14095,0.50184,0.50155,-0.48631,0.51001,465.49181
0.05670,0.14769,0.14095,0.50184,0.50155,-0.48631,0.51001,465.72840
0.05669,0.14794,0.14095,0.50184,0.50155,-0.48631,0.51001,465.99325
0.05669,0.14822,0.14095,0.50184,0.50155,-0.48631,0.51001,466.28451
0.05668,0.14853,0.14096,0.50184,0.50155,-0.48631,0.51001,466.60014
0.05667,0.14885,0.14096,0.50184,0.50155,-0.48631,0.51001,466.93794
0.05667,0.14920,0.14096,0.50184,0.50155,-0.48631,0.51001,467.29555
0.05666,0.14957,0.14096,0.50184,0.50155,-0.48631,0.51001,467.67045
0.05665,0.14995,0.14097,0.50184,0.50155,-0.48631,0.51001,468.06002
0.05664,0.15035,0.14097,0.50184,0.50155,-0.48631,0.51001,468.46150
0.05663,0.15075,0.14097,0.50184,0.50155,-0.48631,0.51001,468.87207
0.05662,0.15117,0.14097,0.50184,0.50155,-0.48631,0.51001,469.28884
0.05661,0.15159,0.14098,0.50184,0.50155,-0.48631,0.51001,469.70884
0.05660,0.15200,0.14098,0.50184,0.50155,-0.48631,0.51001,470.12912
0.05659,0.15242,0.14098,0.50184,0.50155,-0.48631,0.51001,470.54668
0.05658,0.15283,0.14099,0.50184,0.50155,-0.48631,0.51001,470.95857
0.05657,0.15324,0.14099,0.50184,0.50155,-0.48631,0.51001,471.36185
0.05656,0.15364,0.14099,0.50184,0.50155,-0.48631,0.51001,471.75366
0.05655,0.15403,0.14099,0.50184,0.50155,-0.48631,0.51001,472.13120
0.05654,0.15440,0.14100,0.50184,0.50155,-0.48631,0.51001,472.49177
0.05653,0.15475,0.14100,0.50184,0.50155,-0.48631,0.51001,472.83279
0.05653,0.15508,0.14100,0.50184,0.50155,-0.48631,0.51001,473.15181
0.05652,0.15539,0.14100,0.50184,0.50155,-0.48631,0.51001,473.44656
0.05651,0.15567,0.14100,0.50184,0.50155,-0.48631,0.51001,473.71490
0.05651,0.15592,0.14101,0.50184,0.50155,-0.48631,0.51001,473.95490
0.05650,0.15615,0.14101,0.50184,0.50155,-0.48631,0.51001,474.16482
0.05650,0.15634,0.14101,0.50184,0.50155,-0.48631,0.51001,474.34314
0.05649,0.15650,0.14101,0.50184,0.50155,-0.48631,0.51001,474.48856
0.05649,0.15663,0.14101,0.50184,0.50155,-0.48631,0.51001,474.60001
0.05649,0.15673,0.14101,0.50184,0.50155,-0.48631,0.51001,474.67667
0.05649,0.15679,0.14101,0.50184,0.50155,-0.48631,0.51001,474.71795
0.05649,0.15681,0.14101,0.50184,0.50155,-0.48631,0.51001,474.72354
0.05649,0.15680,0.14101,0.50184,0.50155,-0.48631,0.51001,474.75372
0.05649,0.15675,0.14101,0.50184,0.50155,-0.48631,0.51001,474.81949
0.05649,0.15667,0.14101,0.50184,0.50155,-0.48631,0.51001,474.92039
0.05649,0.15655,0.14101,0.50184,0.50155,-0.48631,0.51001,475.05575
0.05650,0.15640,0.14101,0.50184,0.50155,-0.48631,0.51001,475.22460
0.05650,0.15621,0.14101,0.50184,0.50155,-0.48631,0.51001,475.42578
0.05651,0.15599,0.14101,0.50184,0.50155,-0.48631,0.51001,475.65786
0.05651,0.15575,0.14101,0.50184,0.50155,-0.48631,0.51001,475.91919
0.05652,0.15547,0.14100,0.50184,0.50155,-0.48631,0.51001,476.20792
0.05652,0.15517,0.14100,0.50184,0.50155,-0.48631,0.51001,476.52200
0.05653,0.15484,0.14100,0.50184,0.50155,-0.48631,0.51001,476.85918
0.05654,0.15449,0.14100,0.50184,0.50155,-0.48631,0.51001,477.21706
0.05655,0.15413,0.14099,0.50184,0.50155,-0.48631,0.51001,477.59306
0.05656,0.15374,0.14099,0.50184,0.50155,-0.48631,0.51001,477.98450
0.05657,0.15334,0.14099,0.50184,0.50155,-0.48631,0.51001,478.38855
0.05658,0.15293,0.14099,0.50184,0.50155,-0.48631,0.51001,478.80231
0.05659,0.15252,0.14098,0.50184,0.50155,-0.48631,0.51001,479.22280
0.05660,0.15209,0.14098,0.50184,0.50155,-0.48631,0.51001,479.64698
0.05661,0.15167,0.14098,0.50184,0.50155,-0.48631,0.51001,480.07178
0.05662,0.15125,0.14097,0.50184,0.50155,-0.48631,0.51001,480.49414
0.05663,0.15083,0.14097,0.50184,0.50155,-0.48631,0.51001,480.91098
0.05664,0.15042,0.14097,0.50184,0.50155,-0.48631,0.51001,481.31928
0.05665,0.15002,0.14097,0.50184,0.50155,-0.48631,0.51001,481.71608
0.05666,0.14963,0.14096,0.50184,0.50155,-0.48631,0.51001,482.09847
0.05666,0.14925,0.14096,0.50184,0.50155,-0.48631,0.51001,482.46369
0.05667,0.14890,0.14096,0.50184,0.50155,-0.48631,0.51001,482.80905
0.05668,0.14856,0.14096,0.50184,0.50155,-0.48631,0.51001,483.13203
0.05669,0.14825,0.14095,0.50184,0.50155,-0.48631,0.51001,483.43026
0.05669,0.14796,0.14095,0.50184,0.50155,-0.48631,0.51001,483.70156
0.05670,0.14771,0.14095,0.50184,0.50155,-0.48631,0.51001,483.94392
0.05671,0.14748,0.14095,0.50184,0.50155,-0.48631,0.51001,484.15555
0.05671,0.14728,0.14095,0.50184,0.50155,-0.48631,0.51001,484.33488
0.05671,0.14712,0.14095,0.50184,0.50155,-0.48631,0.51001,484.48059
0.05672,0.14699,0.14095,0.50184,0.50155,-0.48631,0.51001,484.59157
0.05672,0.14690,0.14095,0.50184,0.50155,-0.48631,0.51001,484.66700
0.05672,0.14684,0.14094,0.50184,0.50155,-0.48631,0.51001,484.70628
0.05672,0.14682,0.14094,0.50184,0.50155,-0.48631,0.51001,484.70911
0.05672,0.14684,0.14094,0.50184,0.50155,-0.48631,0.51001,484.74279
0.05672,0.14689,0.14095,0.50184,0.50155,-0.48631,0.51001,484.81277
0.05672,0.14698,0.14095,0.50184,0.50155,-0.48631,0.51001,484.91856
0.05671,0.14710,0.14095,0.50184,0.50155,-0.48631,0.51001,485.05942
0.05671,0.14726,0.14095,0.50184,0.50155,-0.48631,0.51001,485.23435
0.05671,0.14745,0.14095,0.50184,0.50155,-0.48631,0.51001,485.44208
0.05670,0.14767,0.14095,0.50184,0.50155,-0.48631,0.51001,485.68112
0.05670,0.14793,0.14095,0.50184,0.50155,-0.48631,0.51001,485.94975
0.05669,0.14821,0.14095,0.50184,0.50155,-0.48631,0.51001,486.24601
0.05668,0.14852,0.14096,0.50184,0.50155,-0.48631,0.51001,486.56775
0.05667,0.14885,0.14096,0.50184,0.50155,-0.48631,0.51001,486.91263
0.05667,0.14921,0.14096,0.50184,0.50155,-0.48631,0.51001,487.27812
0.05666,0.14958,0.14096,0.50184,0.50155,-0.48631,0.51001,487.66155
0.05665,0.14998,0.14097,0.50184,0.50155,-0.48631,0.51001,488.06011
0.05664,0.15038,0.14097,0.50184,0.50155,-0.48631,0.51001,488.47089
0.05663,0.15080,0.14097,0.50184,0.50155,-0.48631,0.51001,488.89085
0.05662,0.15122,0.14097,0.50184,0.50155,-0.48631,0.51001,489.31690
0.05661,0.15164,0.14098,0.50184,0.50155,-0.48631,0.51001,489.74591
0.05660,0.15207,0.14098,0.50184,0.50155,-0.48631,0.51001,490.17471
0.05659,0.15250,0.14098,0.50184,0.50155,-0.48631,0.51001,490.60013
0.05658,0.15292,0.14099,0.50184,0.50155,-0.48631,0.51001,491.01902
0.05657,0.15334,0.14099,0.50184,0.50155,-0.48631,0.51001,491.42827
0.05656,0.15374,0.14099,0.50184,0.50155,-0.48631,0.51001,491.82485
0.05655,0.15413,0.14099,0.50184,0.50155,-0.48631,0.51001,492.20581
0.05654,0.15450,0.14100,0.50184,0.50155,-0.48631,0.51001,492.56831
0.05653,0.15485,0.14100,0.50184,0.50155,-0.48631,0.51001,492.90965
0.05652,0.15518,0.14100,0.50184,0.50155,-0.48631,0.51001,493.22727
0.05652,0.15549,0.14100,0.50184,0.50155,-0.48631,0.51001,493.51881
0.05651,0.15577,0.14101,0.50184,0.50155,-0.48631,0.51001,493.78207
0.05650,0.15602,0.14101,0.50184,0.50155,-0.48631,0.51001,494.01507
0.05650,0.15623,0.14101,0.50184,0.50155,-0.48631,0.51001,494.21605
0.05650,0.15642,0.14101,0.50184,0.50155,-0.48631,0.51001,494.38350
0.05649,0.15657,0.14101,0.50184,0.50155,-0.48631,0.51001,494.51613
0.05649,0.15668,0.14101,0.50184,0.50155,-0.48631,0.51001,494.61294
0.05649,0.15676,0.14101,0.50184,0.50155,-0.48631,0.51001,494.67316
0.05649,0.15680,0.14101,0.50184,0.50155,-0.48631,0.51001,494.69633
0.05649,0.15681,0.14101,0.50184,0.50155,-0.48631,0.51001,494.71042
0.05649,0.15677,0.14101,0.50184,0.50155,-0.48631,0.51001,494.76171
0.05649,0.15670,0.14101,0.50184,0.50155,-0.48631,0.51001,494.84983
0.05649,0.15660,0.14101,0.50184,0.50155,-0.48631,0.51001,494.97416
0.05649,0.15646,0.14101,0.50184,0.50155,-0.48631,0.51001,495.13380
0.05650,0.15628,0.14101,0.50184,0.50155,-0.48631,0.51001,495.32758
0.05650,0.15607,0.14101,0.50184,0.50155,-0.48631,0.51001,495.55408
0.05651,0.15583,0.14101,0.50184,0.50155,-0.48631,0.51001,495.81164
0.05652,0.15555,0.14100,0.50184,0.50155,-0.48631,0.51001,496.09834
0.05652,0.15525,0.14100,0.50184,0.50155,-0.48631,0.51001,496.41206
0.05653,0.15493,0.14100,0.50184,0.50155,-0.48631,0.51001,496.75047
0.05654,0.15458,0.14100,0.50184,0.50155,-0.48631,0.51001,497.11104
0.05655,0.15420,0.14099,0.50184,0.50155,-0.48631,0.51001,497.49110
0.05656,0.15382,0.14099,0.50184,0.50155,-0.48631,0.51001,497.88780
0.05657,0.15341,0.14099,0.50184,0.50155,-0.48631,0.51001,498.29816
0.05658,0.15300,0.14099,0.50184,0.50155,-0.48631,0.51001,498.71912
0.05659,0.15257,0.14098,0.50184,0.50155,-0.48631,0.51001,499.14752
0.05660,0.15214,0.14098,0.50184,0.50155,-0.48631,0.51001,499.58012
0.05661,0.15170,0.14098,0.50184,0.50155,-0.48631,0.51001,500.01369
0.05662,0.15128,0.14097,0.50184,0.50155,-0.48631,0.51001,500.44494
0.05663,0.15085,0.14097,0.50184,0.50155,-0.48631,0.51001,500.87062
0.05664,0.15043,0.14097,0.50184,0.50155,-0.48631,0.51001,501.28752
0.05665,0.15002,0.14097,0.50184,0.50155,-0.48631,0.51001,501.69248
0.05666,0.14962,0.14096,0.50184,0.50155,-0.48631,0.51001,502.08243
0.05666,0.14924,0.14096,0.50184,0.50155,-0.48631,0.51001,502.45441
0.05667,0.14888,0.14096,0.50184,0.50155,-0.48631,0.51001,502.80559
0.05668,0.14854,0.14096,0.50184,0.50155,-0.48631,0.51001,503.13329
0.05669,0.14822,0.14095,0.50184,0.50155,-0.48631,0.51001,503.43502
0.05670,0.14793,0.14095,0.50184,0.50155,-0.48631,0.51001,503.70846
0.05670,0.14767,0.14095,0.50184,0.50155,-0.48631,0.51001,503.95153
0.05671,0.14745,0.14095,0.50184,0.50155,-0.48631,0.51001,504.16234
0.05671,0.14725,0.14095,0.50184,0.50155,-0.48631,0.51001,504.33928
0.05671,0.14709,0.14095,0.50184,0.50155,-0.48631,0.51001,504.48097
0.05672,0.14697,0.14095,0.50184,0.50155,-0.48631,0.51001,504.58632
0.05672,0.14688,0.14094,0.50184,0.50155,-0.48631,0.51001,504.65448
0.05672,0.14683,0.14094,0.50184,0.50155,-0.48631,0.51001,504.68490
0.05672,0.14682,0.14094,0.50184,0.50155,-0.48631,0.51001,504.69247
0.05672,0.14685,0.14094,0.50184,0.50155,-0.48631,0.51001,504.73800
0.05672,0.14691,0.14095,0.50184,0.50155,-0.48631,0.51001,504.82119
0.05672,0.14701,0.14095,0.50184,0.50155,-0.48631,0.51001,504.94142
0.05671,0.14715,0.14095,0.50184,0.50155,-0.48631,0.51001,505.09782
0.05671,0.14733,0.14095,0.50184,0.50155,-0.48631,0.51001,505.28921
0.05670,0.14754,0.14095,0.50184,0.50155,-0.48631,0.51001,505.51417
0.05670,0.14778,0.14095,0.50184,0.50155,-0.48631,0.51001,505.77101
0.05669,0.14805,0.14095,0.50184,0.50155,-0.48631,0.51001,506.05778
0.05669,0.14835,0.14095,0.50184,0.50155,-0.48631,0.51001,506.37231
0.05668,0.14868,0.14096,0.50184,0.50155,-0.48631,0.51001,506.71223
0.05667,0.14903,0.14096,0.50184,0.50155,-0.48631,0.51001,507.07496
0.05666,0.14940,0.14096,0.50184,0.50155,-0.48631,0.51001,507.45772
0.05665,0.14980,0.14096,0.50184,0.50155,-0.48631,0.51001,507.85761
0.05664,0.15020,0.14097,0.50184,0.50155,-0.48631,0.51001,508.27157
0.05663,0.15062,0.14097,0.50184,0.50155,-0.48631,0.51001,508.69644
0.05662,0.15105,0.14097,0.50184,0.50155,-0.48631,0.51001,509.12896
0.05661,0.15149,0.14098,0.50184,0.50155,-0.48631,0.51001,509.56582
0.05660,0.15192,0.14098,0.50184,0.50155,-0.48631,0.51001,510.00366
0.05659,0.15235,0.14098,0.50184,0.50155,-0.48631,0.51001,510.43912
0.05658,0.15279,0.14099,0.50184,0.50155,-0.48631,0.51001,510.86884
0.05657,0.15321,0.14099,0.50184,0.50155,-0.48631,0.51001,511.28952
0.05656,0.15363,0.14099,0.50184,0.50155,-0.48631,0.51001,511.69790
0.05655,0.15403,0.14099,0.50184,0.50155,-0.48631,0.51001,512.09083
0.05654,0.15441,0.14100,0.50184,0.50155,-0.48631,0.51001,512.46527
0.05653,0.15478,0.14100,0.50184,0.50155,-0.48631,0.51001,512.81830
0.05653,0.15512,0.14100,0.50184,0.50155,-0.48631,0.51001,513.14720
0.05652,0.15544,0.14100,0.50184,0.50155,-0.48631,0.51001,513.44939
0.05651,0.15573,0.14101,0.50184,0.50155,-0.48631,0.51001,513.72252
0.05651,0.15598,0.14101,0.50184,0.50155,-0.48631,0.51001,513.96447
0.05650,0.15621,0.14101,0.50184,0.50155,-0.48631,0.51001,514.17332
0.05650,0.15640,0.14101,0.50184,0.50155,-0.48631,0.51001,514.34744
0.05649,0.15656,0.14101,0.50184,0.50155,-0.48631,0.51001,514.48545
0.05649,0.15668,0.14101,0.50184,0.50155,-0.48631,0.51001,514.58624
0.05649,0.15676,0.14101,0.50184,0.50155,-0.48631,0.51001,514.64902
0.05649,0.15680,0.14101,0.50184,0.50155,-0.48631,0.51001,514.67326
0.05649,0.15681,0.14101,0.50184,0.50155,-0.48631,0.51001,514.68778
0.05649,0.15677,0.14101,0.50184,0.50155,-0.48631,0.51001,514.74098
0.05649,0.15670,0.14101,0.50184,0.50155,-0.48631,0.51001,514.83246
0.05649,0.15659,0.14101,0.50184,0.50155,-0.48631,0.51001,514.96157
0.05649,0.15644,0.14101,0.50184,0.50155,-0.48631,0.51001,515.12731
0.05650,0.15626,0.14101,0.50184,0.50155,-0.48631,0.51001,515.32844
0.05650,0.15604,0.14101,0.50184,0.50155,-0.48631,0.51001,515.56341
0.05651,0.15579,0.14101,0.50184,0.50155,-0.48631,0.51001,515.83042
0.05652,0.15551,0.14100,0.50184,0.50155,-0.48631,0.51001,516.12741
0.05652,0.15519,0.14100,0.50184,0.50155,-0.48631,0.51001,516.45210
0.05653,0.15486,0.14100,0.50184,0.50155,-0.48631,0.51001,516.80197
0.05654,0.15450,0.14100,0.50184,0.50155,-0.48631,0.51001,517.17430
0.05655,0.15411,0.14099,0.50184,0.50155,-0.48631,0.51001,517.56622
0.05656,0.15371,0.14099,0.50184,0.50155,-0.48631,0.51001,517.97467
0.05657,0.15330,0.14099,0.50184,0.50155,-0.48631,0.51001,518.39648
0.05658,0.15287,0.14099,0.50184,0.50155,-0.48631,0.51001,518.82834
0.05659,0.15243,0.14098,0.50184,0.50155,-0.48631,0.51001,519.26690
0.05660,0.15199,0.14098,0.50184,0.50155,-0.48631,0.51001,519.70871
0.05661,0.15156,0.14098,0.50184,0.50155,-0.48631,0.51001,520.15033
0.05662,0.15112,0.14097,0.50184,0.50155,-0.48631,0.51001,520.58828
0.05663,0.15068,0.14097,0.50184,0.50155,-0.48631,0.51001,521.01913
0.05664,0.15026,0.14097,0.50184,0.50155,-0.48631,0.51001,521.43949
0.05665,0.14984,0.14097,0.50184,0.50155,-0.48631,0.51001,521.84606
0.05666,0.14944,0.14096,0.50184,0.50155,-0.48631,0.51001,522.23561
0.05667,0.14906,0.14096,0.50184,0.50155,-0.48631,0.51001,522.60509
0.05668,0.14870,0.14096,0.50184,0.50155,-0.48631,0.51001,522.95156
0.05668,0.14837,0.14096,0.50184,0.50155,-0.48631,0.51001,523.27228
0.05669,0.14806,0.14095,0.50184,0.50155,-0.48631,0.51001,523.56470
0.05670,0.14778,0.14095,0.50184,0.50155,-0.48631,0.51001,523.82650
0.05670,0.14754,0.14095,0.50184,0.50155,-0.48631,0.51001,524.05559
0.05671,0.14733,0.14095,0.50184,0.50155,-0.48631,0.51001,524.25014
0.05671,0.14715,0.14095,0.50184,0.50155,-0.48631,0.51001,524.40857
0.05672,0.14701,0.14095,0.50184,0.50155,-0.48631,0.51001,524.52962
0.05672,0.14691,0.14095,0.50184,0.50155,-0.48631,0.51001,524.61229
0.05672,0.14684,0.14094,0.50184,0.50155,-0.48631,0.51001,524.65591
0.05672,0.14682,0.14094,0.50184,0.50155,-0.48631,0.51001,524.66008
0.05672,0.14684,0.14094,0.50184,0.50155,-0.48631,0.51001,524.69541
0.05672,0.14689,0.14095,0.50184,0.50155,-0.48631,0.51001,524.76998
0.05672,0.14698,0.14095,0.50184,0.50155,-0.48631,0.51001,524.88325
0.05671,0.14712,0.14095,0.50184,0.50155,-0.48631,0.51001,525.03434
0.05671,0.14729,0.14095,0.50184,0.50155,-0.48631,0.51001,525.22209
0.05671,0.14749,0.14095,0.50184,0.50155,-0.48631,0.51001,525.44504
0.05670,0.14773,0.14095,0.50184,0.50155,-0.48631,0.51001,525.70145
0.05669,0.14801,0.14095,0.50184,0.50155,-0.48631,0.51001,525.98930
0.05669,0.14831,0.14095,0.50184,0.50155,-0.48631,0.51001,526.30634
0.05668,0.14864,0.14096,0.50184,0.50155,-0.48631,0.51001,526.65006
0.05667,0.14900,0.14096,0.50184,0.50155,-0.48631,0.51001,527.01776
0.05666,0.14938,0.14096,0.50184,0.50155,-0.48631,0.51001,527.40652
0.05665,0.14977,0.14096,0.50184,0.50155,-0.48631,0.51001,527.81327
0.05664,0.15019,0.14097,0.50184,0.50155,-0.48631,0.51001,528.23478
0.05663,0.15062,0.14097,0.50184,0.50155,-0.48631,0.51001,528.66770
0.05662,0.15105,0.14097,0.50184,0.50155,-0.48631,0.51001,529.10859
0.05661,0.15150,0.14098,0.50184,0.50155,-0.48631,0.51001,529.55393
0.05660,0.15194,0.14098,0.50184,0.50155,-0.48631,0.51001,530.00017
0.05659,0.15238,0.14098,0.50184,0.50155,-0.48631,0.51001,530.44376
0.05658,0.15282,0.14099,0.50184,0.50155,-0.48631,0.51001,530.88113
0.05657,0.15326,0.14099,0.50184,0.50155,-0.48631,0.51001,531.30878
0.05656,0.15368,0.14099,0.50184,0.50155,-0.48631,0.51001,531.72330
0.05655,0.15408,0.14099,0.50184,0.50155,-0.48631,0.51001,532.12133
0.05654,0.15447,0.14100,0.50184,0.50155,-0.48631,0.51001,532.49970
0.05653,0.15484,0.14100,0.50184,0.50155,-0.48631,0.51001,532.85534
0.05652,0.15519,0.14100,0.50184,0.50155,-0.48631,0.51001,533.18538
0.05652,0.15550,0.14100,0.50184,0.50155,-0.48631,0.51001,533.48716
0.05651,0.15579,0.14101,0.50184,0.50155,-0.48631,0.51001,533.75824
0.05650,0.15604,0.14101,0.50184,0.50155,-0.48631,0.51001,533.99640
0.05650,0.15626,0.14101,0.50184,0.50155,-0.48631,0.51001,534.19972
0.05649,0.15645,0.14101,0.50184,0.50155,-0.48631,0.51001,534.36652
0.05649,0.15660,0.14101,0.50184,0.50155,-0.48631,0.51001,534.49544
0.05649,0.15671,0.14101,0.50184,0.50155,-0.48631,0.51001,534.58540
0.05649,0.15678,0.14101,0.50184,0.50155,-0.48631,0.51001,534.63566
0.05649,0.15681,0.14101,0.50184,0.50155,-0.48631,0.51001,534.64578
0.05649,0.15680,0.14101,0.50184,0.50155,-0.48631,0.51001,534.67592
0.05649,0.15675,0.14101,0.50184,0.50155,-0.48631,0.51001,534.74611
0.05649,0.15666,0.14101,0.50184,0.50155,-0.48631,0.51001,534.85581
0.05649,0.15653,0.14101,0.50184,0.50155,-0.48631,0.51001,535.00417
0.05650,0.15636,0.14101,0.50184,0.50155,-0.48631,0.51001,535.19001
0.05650,0.15616,0.14101,0.50184,0.50155,-0.48631,0.51001,535.41188
0.05651,0.15592,0.14101,0.50184,0.50155,-0.48631,0.51001,535.66799
0.05651,0.15565,0.14100,0.50184,0.50155,-0.48631,0.51001,535.95631
0.05652,0.15534,0.14100,0.50184,0.50155,-0.48631,0.51001,536.27453
0.05653,0.15501,0.14100,0.50184,0.50155,-0.48631,0.51001,536.62009
0.05654,0.15465,0.14100,0.50184,0.50155,-0.48631,0.51001,536.99021
0.05655,0.15427,0.14100,0.50184,0.50155,-0.48631,0.51001,537.38191
0.05656,0.15387,0.14099,0.50184,0.50155,-0.48631,0.51001,537.79204
0.05657,0.15345,0.14099,0.50184,0.50155,-0.48631,0.51001,538.21727
0.05658,0.15302,0.14099,0.50184,0.50155,-0.48631,0.51001,538.65416
0.05659,0.15257,0.14098,0.50184,0.50155,-0.48631,0.51001,539.09918
0.05660,0.15213,0.14098,0.50184,0.50155,-0.48631,0.51001,539.54870
0.05661,0.15168,0.14098,0.50184,0.50155,-0.48631,0.51001,539.99908
0.05662,0.15124,0.14097,0.50184,0.50155,-0.48631,0.51001,540.44666
0.05663,0.15079,0.14097,0.50184,0.50155,-0.48631,0.51001,540.88778
0.05664,0.15035,0.14097,0.50184,0.50155,-0.48631,0.51001,541.31884
0.05665,0.14993,0.14097,0.50184,0.50155,-0.48631,0.51001,541.73632
0.05666,0.14952,0.14096,0.50184,0.50155,-0.48631,0.51001,542.13682
0.05667,0.14913,0.14096,0.50184,0.50155,-0.48631,0.51001,542.51703
0.05668,0.14876,0.14096,0.50184,0.50155,-0.48631,0.51001,542.87385
0.05668,0.14841,0.14096,0.50184,0.50155,-0.48631,0.51001,543.20434
0.05669,0.14810,0.14095,0.50184,0.50155,-0.48631,0.51001,543.50578
0.05670,0.14781,0.14095,0.50184,0.50155,-0.48631,0.51001,543.77568
0.05670,0.14756,0.14095,0.50184,0.50155,-0.48631,0.51001,544.01180
0.05671,0.14734,0.14095,0.50184,0.50155,-0.48631,0.51001,544.21220
0.05671,0.14716,0.14095,0.50184,0.50155,-0.48631,0.51001,544.37518
0.05672,0.14701,0.14095,0.50184,0.50155,-0.48631,0.51001,544.49940
0.05672,0.14691,0.14095,0.50184,0.50155,-0.48631,0.51001,544.58380
0.05672,0.14684,0.14094,0.50184,0.50155,-0.48631,0.51001,544.62766
0.05672,0.14682,0.14094,0.50184,0.50155,-0.48631,0.51001,544.63059
0.05672,0.14684,0.14094,0.50184,0.50155,-0.48631,0.51001,544.66865
0.05672,0.14690,0.14095,0.50184,0.50155,-0.48631,0.51001,544.74743
0.05672,0.14700,0.14095,0.50184,0.50155,-0.48631,0.51001,544.86629
0.05671,0.14713,0.14095,0.50184,0.50155,-0.48631,0.51001,545.02431
0.05671,0.14731,0.14095,0.50184,0.50155,-0.48631,0.51001,545.22020
0.05670,0.14753,0.14095,0.50184,0.50155,-0.48631,0.51001,545.45239
0.05670,0.14778,0.14095,0.50184,0.50155,-0.48631,0.51001,545.71899
0.05669,0.14806,0.14095,0.50184,0.50155,-0.48631,0.51001,546.01782
0.05668,0.14837,0.14096,0.50184,0.50155,-0.48631,0.51001,546.34646
0.05668,0.14872,0.14096,0.50184,0.50155,-0.48631,0.51001,546.70221
0.05667,0.14908,0.14096,0.50184,0.50155,-0.48631,0.51001,547.08216
0.05666,0.14948,0.14096,0.50184,0.50155,-0.48631,0.51001,547.48318
0.05665,0.14989,0.14097,0.50184,0.50155,-0.48631,0.51001,547.90198
0.05664,0.15031,0.14097,0.50184,0.50155,-0.48631,0.51001,548.33511
0.05663,0.15075,0.14097,0.50184,0.50155,-0.48631,0.51001,548.77900
0.05662,0.15120,0.14097,0.50184,0.50155,-0.48631,0.51001,549.22998
0.05661,0.15165,0.14098,0.50184,0.50155,-0.48631,0.51001,549.68432
0.05660,0.15210,0.14098,0.50184,0.50155,-0.48631,0.51001,550.13826
0.05659,0.15255,0.14098,0.50184,0.50155,-0.48631,0.51001,550.58804
0.05658,0.15300,0.14099,0.50184,0.50155,-0.48631,0.51001,551.02992
0.05657,0.15344,0.14099,0.50184,0.50155,-0.48631,0.51001,551.46022
0.05656,0.15386,0.14099,0.50184,0.50155,-0.48631,0.51001,551.87537
0.05655,0.15427,0.14100,0.50184,0.50155,-0.48631,0.51001,552.27190
0.05654,0.15465,0.14100,0.50184,0.50155,-0.48631,0.51001,552.64651
0.05653,0.15502,0.14100,0.50184,0.50155,-0.48631,0.51001,552.99606
0.05652,0.15535,0.14100,0.50184,0.50155,-0.48631,0.51001,553.31762
0.05651,0.15566,0.14100,0.50184,0.50155,-0.48631,0.51001,553.60849
0.05651,0.15593,0.14101,0.50184,0.50155,-0.48631,0.51001,553.86623
0.05650,0.15617,0.14101,0.50184,0.50155,-0.48631,0.51001,554.08865
0.05650,0.15638,0.14101,0.50184,0.50155,-0.48631,0.51001,554.27389
0.05649,0.15655,0.14101,0.50184,0.50155,-0.48631,0.51001,554.42037
0.05649,0.15667,0.14101,0.50184,0.50155,-0.48631,0.51001,554.52682
0.05649,0.15676,0.14101,0.50184,0.50155,-0.48631,0.51001,554.59234
0.05649,0.15680,0.14101,0.50184,0.50155,-0.48631,0.51001,554.61634
0.05649,0.15681,0.14101,0.50184,0.50155,-0.48631,0.51001,554.63409
0.05649,0.15677,0.14101,0.50184,0.50155,-0.48631,0.51001,554.69348
0.05649,0.15669,0.14101,0.50184,0.50155,-0.48631,0.51001,554.79404
0.05649,0.15657,0.14101,0.50184,0.50155,-0.48631,0.51001,554.93496
0.05650,0.15641,0.14101,0.50184,0.50155,-0.48631,0.51001,555.11509
0.05650,0.15621,0.14101,0.50184,0.50155,-0.48631,0.51001,555.33295
0.05651,0.15597,0.14101,0.50184,0.50155,-0.48631,0.51001,555.58675
0.05651,0.15570,0.14100,0.50184,0.50155,-0.48631,0.51001,555.87438
0.05652,0.15539,0.14100,0.50184,0.50155,-0.48631,0.51001,556.19345
0.05653,0.15506,0.14100,0.50184,0.50155,-0.48631,0.51001,556.54131
0.05654,0.15470,0.14100,0.50184,0.50155,-0.48631,0.51001,556.91507
0.05654,0.15431,0.14100,0.50184,0.50155,-0.48631,0.51001,557.31158
0.05655,0.15391,0.14099,0.50184,0.50155,-0.48631,0.51001,557.72755
0.05656,0.15348,0.14099,0.50184,0.50155,-0.48631,0.51001,558.15947
0.05657,0.15304,0.14099,0.50184,0.50155,-0.48631,0.51001,558.60373
0.05659,0.15259,0.14098,0.50184,0.50155,-0.48631,0.51001,559.05659
0.05660,0.15214,0.14098,0.50184,0.50155,-0.48631,0.51001,559.51425
0.05661,0.15168,0.14098,0.50184,0.50155,-0.48631,0.51001,559.97283
0.05662,0.15123,0.14097,0.50184,0.50155,-0.48631,0.51001,560.42849
0.05663,0.15078,0.14097,0.50184,0.50155,-0.48631,0.51001,560.87735
0.05664,0.15033,0.14097,0.50184,0.50155,-0.48631,0.51001,561.31564
0.05665,0.14990,0.14097,0.50184,0.50155,-0.48631,0.51001,561.73963
0.05666,0.14948,0.14096,0.50184,0.50155,-0.48631,0.51001,562.14572
0.05667,0.14909,0.14096,0.50184,0.50155,-0.48631,0.51001,562.53048
0.05668,0.14871,0.14096,0.50184,0.50155,-0.48631,0.51001,562.89062
0.05668,0.14837,0.14096,0.50184,0.50155,-0.48631,0.51001,563.22308
0.05669,0.14805,0.14095,0.50184,0.50155,-0.48631,0.51001,563.52501
0.05670,0.14776,0.14095,0.50184,0.50155,-0.48631,0.51001,563.79383
0.05670,0.14751,0.14095,0.50184,0.50155,-0.48631,0.51001,564.02724
0.05671,0.14730,0.14095,0.50184,0.50155,-0.48631,0.51001,564.22323
0.05671,0.14712,0.14095,0.50184,0.50155,-0.48631,0.51001,564.38010
0.05672,0.14698,0.14095,0.50184,0.50155,-0.48631,0.51001,564.49650
0.05672,0.14689,0.14095,0.50184,0.50155,-0.48631,0.51001,564.57139
0.05672,0.14683,0.14094,0.50184,0.50155,-0.48631,0.51001,564.60412
0.05672,0.14682,0.14094,0.50184,0.50155,-0.48631,0.51001,564.61387
0.05672,0.14685,0.14094,0.50184,0.50155,-0.48631,0.51001,564.66606
0.05672,0.14693,0.14095,0.50184,0.50155,-0.48631,0.51001,564.76026
0.05672,0.14704,0.14095,0.50184,0.50155,-0.48631,0.51001,564.89571
0.05671,0.14720,0.14095,0.50184,0.50155,-0.48631,0.51001,565.07128
0.05671,0.14739,0.14095,0.50184,0.50155,-0.48631,0.51001,565.28551
0.05670,0.14762,0.14095,0.50184,0.50155,-0.48631,0.51001,565.53660
0.05670,0.14789,0.14095,0.50184,0.50155,-0.48631,0.51001,565.82244
0.05669,0.14820,0.14095,0.50184,0.50155,-0.48631,0.51001,566.14060
0.05668,0.14853,0.14096,0.50184,0.50155,-0.48631,0.51001,566.48839
0.05667,0.14889,0.14096,0.50184,0.50155,-0.48631,0.51001,566.86287
0.05666,0.14928,0.14096,0.50184,0.50155,-0.48631,0.51001,567.26084
0.05665,0.14969,0.14096,0.50184,0.50155,-0.48631,0.51001,567.67891
0.05664,0.15012,0.14097,0.50184,0.50155,-0.48631,0.51001,568.11353
0.05663,0.15056,0.14097,0.50184,0.50155,-0.48631,0.51001,568.56098
0.05662,0.15101,0.14097,0.50184,0.50155,-0.48631,0.51001,569.01742
0.05661,0.15147,0.14098,0.50184,0.50155,-0.48631,0.51001,569.47896
0.05660,0.15192,0.14098,0.50184,0.50155,-0.48631,0.51001,569.94163
0.05659,0.15239,0.14098,0.50184,0.50155,-0.48631,0.51001,570.40147
0.05658,0.15284,0.14099,0.50184,0.50155,-0.48631,0.51001,570.85450
0.05657,0.15329,0.14099,0.50184,0.50155,-0.48631,0.51001,571.29685
0.05656,0.15373,0.14099,0.50184,0.50155,-0.48631,0.51001,571.72469
0.05655,0.15415,0.14099,0.50184,0.50155,-0.48631,0.51001,572.13433
0.05654,0.15455,0.14100,0.50184,0.50155,-0.48631,0.51001,572.52222
0.05653,0.15492,0.14100,0.50184,0.50155,-0.48631,0.51001,572.88502
0.05652,0.15527,0.14100,0.50184,0.50155,-0.48631,0.51001,573.21957
0.05651,0.15559,0.14100,0.50184,0.50155,-0.48631,0.51001,573.52296
0.05651,0.15588,0.14101,0.50184,0.50155,-0.48631,0.51001,573.79256
0.05650,0.15613,0.14101,0.50184,0.50155,-0.48631,0.51001,574.02601
0.05650,0.15635,0.14101,0.50184,0.50155,-0.48631,0.51001,574.22126
0.05649,0.15652,0.14101,0.50184,0.50155,-0.48631,0.51001,574.37661
0.05649,0.15666,0.14101,0.50184,0.50155,-0.48631,0.51001,574.49067
0.05649,0.15675,0.14101,0.50184,0.50155,-0.48631,0.51001,574.56242
0.05649,0.15680,0.14101,0.50184,0.50155,-0.48631,0.51001,574.59122
0.05649,0.15681,0.14101,0.50184,0.50155,-0.48631,0.51001,574.60566
0.05649,0.15677,0.14101,0.50184,0.50155,-0.48631,0.51001,574.66325
0.05649,0.15669,0.14101,0.50184,0.50155,-0.48631,0.51001,574.76351
0.05649,0.15657,0.14101,0.50184,0.50155,-0.48631,0.51001,574.90562
0.05650,0.15641,0.14101,0.50184,0.50155,-0.48631,0.51001,575.08837
0.05650,0.15621,0.14101,0.50184,0.50155,-0.48631,0.51001,575.31021
0.05651,0.15596,0.14101,0.50184,0.50155,-0.48631,0.51001,575.56924
0.05651,0.15569,0.14100,0.50184,0.50155,-0.48631,0.51001,575.86324
0.05652,0.15538,0.14100,0.50184,0.50155,-0.48631,0.51001,576.18967
0.05653,0.15503,0.14100,0.50184,0.50155,-0.48631,0.51001,576.54573
0.05654,0.15466,0.14100,0.50184,0.50155,-0.48631,0.51001,576.92833
0.05655,0.15427,0.14100,0.50184,0.50155,-0.48631,0.51001,577.33417
0.05656,0.15385,0.14099,0.50184,0.50155,-0.48631,0.51001,577.75973
0.05657,0.15342,0.14099,0.50184,0.50155,-0.48631,0.51001,578.20130
0.05658,0.15297,0.14099,0.50184,0.50155,-0.48631,0.51001,578.65506
0.05659,0.15251,0.14098,0.50184,0.50155,-0.48631,0.51001,579.11705
0.05660,0.15205,0.14098,0.50184,0.50155,-0.48631,0.51001,579.58325
0.05661,0.15159,0.14098,0.50184,0.50155,-0.48631,0.51001,580.04958
0.05662,0.15112,0.14097,0.50184,0.50155,-0.48631,0.51001,580.51197
0.05663,0.15066,0.14097,0.50184,0.50155,-0.48631,0.51001,580.96637
0.05664,0.15021,0.14097,0.50184,0.50155,-0.48631,0.51001,581.40880
0.05665,0.14978,0.14096,0.50184,0.50155,-0.48631,0.51001,581.83539
0.05666,0.14936,0.14096,0.50184,0.50155,-0.48631,0.51001,582.24238
0.05667,0.14896,0.14096,0.50184,0.50155,-0.48631,0.51001,582.62619
0.05668,0.14859,0.14096,0.50184,0.50155,-0.48631,0.51001,582.98343
0.05669,0.14825,0.14095,0.50184,0.50155,-0.48631,0.51001,583.31097
0.05669,0.14794,0.14095,0.50184,0.50155,-0.48631,0.51001,583.60588
0.05670,0.14766,0.14095,0.50184,0.50155,-0.48631,0.51001,583.86558
0.05671,0.14742,0.14095,0.50184,0.50155,-0.48631,0.51001,584.08774
0.05671,0.14722,0.14095,0.50184,0.50155,-0.48631,0.51001,584.27038
0.05672,0.14705,0.14095,0.50184,0.50155,-0.48631,0.51001,584.41187
0.05672,0.14693,0.14095,0.50184,0.50155,-0.48631,0.51001,584.51093
0.05672,0.14686,0.14094,0.50184,0.50155,-0.48631,0.51001,584.56666
0.05672,0.14682,0.14094,0.50184,0.50155,-0.48631,0.51001,584.57854
0.05672,0.14683,0.14094,0.50184,0.50155,-0.48631,0.51001,584.61066
0.05672,0.14689,0.14095,0.50184,0.50155,-0.48631,0.51001,584.68652
0.05672,0.14698,0.14095,0.50184,0.50155,-0.48631,0.51001,584.80549
0.05671,0.14712,0.14095,0.50184,0.50155,-0.48631,0.51001,584.96656
0.05671,0.14731,0.14095,0.50184,0.50155,-0.48631,0.51001,585.16833
0.05670,0.14753,0.14095,0.50184,0.50155,-0.48631,0.51001,585.40904
0.05670,0.14779,0.14095,0.50184,0.50155,-0.48631,0.51001,585.68661
0.05669,0.14808,0.14095,0.50184,0.50155,-0.48631,0.51001,585.99860
0.05668,0.14841,0.14096,0.50184,0.50155,-0.48631,0.51001,586.34229
0.05668,0.14877,0.14096,0.50184,0.50155,-0.48631,0.51001,586.71465
0.05667,0.14916,0.14096,0.50184,0.50155,-0.48631,0.51001,587.11240
0.05666,0.14957,0.14096,0.50184,0.50155,-0.48631,0.51001,587.53205
0.05665,0.15000,0.14097,0.50184,0.50155,-0.48631,0.51001,587.96989
0.05664,0.15044,0.14097,0.50184,0.50155,-0.48631,0.51001,588.42204
0.05663,0.15090,0.14097,0.50184,0.50155,-0.48631,0.51001,588.88451
0.05661,0.15137,0.14098,0.50184,0.50155,-0.48631,0.51001,589.35320
0.05660,0.15183,0.14098,0.50184,0.50155,-0.48631,0.51001,589.82396
0.05659,0.15230,0.14098,0.50184,0.50155,-0.48631,0.51001,590.29259
0.05658,0.15276,0.14098,0.50184,0.50155,-0.48631,0.51001,590.75492
0.05657,0.15322,0.14099,0.50184,0.50155,-0.48631,0.51001,591.20685
0.05656,0.15367,0.14099,0.50184,0.50155,-0.48631,0.51001,591.64434
0.05655,0.15410,0.14099,0.50184,0.50155,-0.48631,0.51001,592.06349
0.05654,0.15451,0.14100,0.50184,0.50155,-0.48631,0.51001,592.46054
0.05653,0.15489,0.14100,0.50184,0.50155,-0.48631,0.51001,592.83193
0.05652,0.15525,0.14100,0.50184,0.50155,-0.48631,0.51001,593.17435
0.05652,0.15558,0.14100,0.50184,0.50155,-0.48631,0.51001,593.48470
0.05651,0.15587,0.14101,0.50184,0.50155,-0.48631,0.51001,593.76020
0.05650,0.15613,0.14101,0.50184,0.50155,-0.48631,0.51001,593.99835
0.05650,0.15635,0.14101,0.50184,0.50155,-0.48631,0.51001,594.19700
0.05649,0.15652,0.14101,0.50184,0.50155,-0.48631,0.51001,594.35435
0.05649,0.15666,0.14101,0.50184,0.50155,-0.48631,0.51001,594.46895
0.05649,0.15675,0.14101,0.50184,0.50155,-0.48631,0.51001,594.53975
0.05649,0.15680,0.14101,0.50184,0.50155,-0.48631,0.51001,594.56608
0.05649,0.15681,0.14101,0.50184,0.50155,-0.48631,0.51001,594.58449
0.05649,0.15677,0.14101,0.50184,0.50155,-0.48631,0.51001,594.64751
0.05649,0.15668,0.14101,0.50184,0.50155,-0.48631,0.51001,594.75461
0.05649,0.15655,0.14101,0.50184,0.50155,-0.48631,0.51001,594.90485
0.05650,0.15638,0.14101,0.50184,0.50155,-0.48631,0.51001,595.09693
0.05650,0.15617,0.14101,0.50184,0.50155,-0.48631,0.51001,595.32914
0.05651,0.15592,0.14101,0.50184,0.50155,-0.48631,0.51001,595.59944
0.05651,0.15563,0.14100,0.50184,0.50155,-0.48631,0.51001,595.90541
0.05652,0.15530,0.14100,0.50184,0.50155,-0.48631,0.51001,596.24435
0.05653,0.15495,0.14100,0.50184,0.50155,-0.48631,0.51001,596.61321
0.05654,0.15457,0.14100,0.50184,0.50155,-0.48631,0.51001,597.00870
0.05655,0.15416,0.14099,0.50184,0.50155,-0.48631,0.51001,597.42728
0.05656,0.15373,0.14099,0.50184,0.50155,-0.48631,0.51001,597.86519
0.05657,0.15328,0.14099,0.50184,0.50155,-0.48631,0.51001,598.31849
0.05658,0.15282,0.14099,0.50184,0.50155,-0.48631,0.51001,598.78312
0.05659,0.15235,0.14098,0.50184,0.50155,-0.48631,0.51001,599.25487
0.05660,0.15188,0.14098,0.50184,0.50155,-0.48631,0.51001,599.72951
0.05661,0.15141,0.14098,0.50184,0.50155,-0.48631,0.51001,600.20273
0.05662,0.15094,0.14097,0.50184,0.50155,-0.48631,0.51001,600.67026
0.05664,0.15048,0.14097,0.50184,0.50155,-0.48631,0.51001,601.12787
0.05665,0.15003,0.14097,0.50184,0.50155,-0.48631,0.51001,601.57140
0.05666,0.14959,0.14096,0.50184,0.50155,-0.48631,0.51001,601.99684
0.05667,0.14918,0.14096,0.50184,0.50155,-0.48631,0.51001,602.40030
0.05668,0.14878,0.14096,0.50184,0.50155,-0.48631,0.51001,602.77813
0.05668,0.14842,0.14096,0.50184,0.50155,-0.48631,0.51001,603.12687
0.05669,0.14809,0.14095,0.50184,0.50155,-0.48631,0.51001,603.44334
0.05670,0.14779,0.14095,0.50184,0.50155,-0.48631,0.51001,603.72464
0.05670,0.14752,0.14095,0.50184,0.50155,-0.48631,0.51001,603.96819
0.05671,0.14730,0.14095,0.50184,0.50155,-0.48631,0.51001,604.17175
0.05671,0.14712,0.14095,0.50184,0.50155,-0.48631,0.51001,604.33344
0.05672,0.14698,0.14095,0.50184,0.50155,-0.48631,0.51001,604.45175
0.05672,0.14688,0.14094,0.50184,0.50155,-0.48631,0.51001,604.52558
0.05672,0.14683,0.14094,0.50184,0.50155,-0.48631,0.51001,604.55422
0.05672,0.14682,0.14094,0.50184,0.50155,-0.48631,0.51001,604.57107
0.05672,0.14686,0.14094,0.50184,0.50155,-0.48631,0.51001,604.63327
0.05672,0.14695,0.14095,0.50184,0.50155,-0.48631,0.51001,604.74031
0.05672,0.14708,0.14095,0.50184,0.50155,-0.48631,0.51001,604.89123
0.05671,0.14725,0.14095,0.50184,0.50155,-0.48631,0.51001,605.08470
0.05671,0.14746,0.14095,0.50184,0.50155,-0.48631,0.51001,605.31898
0.05670,0.14772,0.14095,0.50184,0.50155,-0.48631,0.51001,605.59195
0.05669,0.14801,0.14095,0.50184,0.50155,-0.48631,0.51001,605.90116
0.05669,0.14834,0.14095,0.50184,0.50155,-0.48631,0.51001,606.24379
0.05668,0.14869,0.14096,0.50184,0.50155,-0.48631,0.51001,606.61675
0.05667,0.14908,0.14096,0.50184,0.50155,-0.48631,0.51001,607.01663
0.05666,0.14949,0.14096,0.50184,0.50155,-0.48631,0.51001,607.43980
0.05665,0.14993,0.14097,0.50184,0.50155,-0.48631,0.51001,607.88240
0.05664,0.15038,0.14097,0.50184,0.50155,-0.48631,0.51001,608.34037
0.05663,0.15084,0.14097,0.50184,0.50155,-0.48631,0.51001,608.80954
0.05662,0.15132,0.14098,0.50184,0.50155,-0.48631,0.51001,609.28561
0.05660,0.15179,0.14098,0.50184,0.50155,-0.48631,0.51001,609.76420
0.05659,0.15227,0.14098,0.50184,0.50155,-0.48631,0.51001,610.24093
0.05658,0.15274,0.14098,0.50184,0.50155,-0.48631,0.51001,610.71140
0.05657,0.15321,0.14099,0.50184,0.50155,-0.48631,0.51001,611.17130
0.05656,0.15366,0.14099,0.50184,0.50155,-0.48631,0.51001,611.61637
0.05655,0.15410,0.14099,0.50184,0.50155,-0.48631,0.51001,612.04252
0.05654,0.15451,0.14100,0.50184,0.50155,-0.48631,0.51001,612.44580
0.05653,0.15490,0.14100,0.50184,0.50155,-0.48631,0.51001,612.82248
0.05652,0.15527,0.14100,0.50184,0.50155,-0.48631,0.51001,613.16907
0.05651,0.15560,0.14100,0.50184,0.50155,-0.48631,0.51001,613.48234
0.05651,0.15589,0.14101,0.50184,0.50155,-0.48631,0.51001,613.75939
0.05650,0.15615,0.14101,0.50184,0.50155,-0.48631,0.51001,613.99763
0.05650,0.15637,0.14101,0.50184,0.50155,-0.48631,0.51001,614.19482
0.05649,0.15654,0.14101,0.50184,0.50155,-0.48631,0.51001,614.34912
0.05649,0.15668,0.14101,0.50184,0.50155,-0.48631,0.51001,614.45907
0.05649,0.15676,0.14101,0.50184,0.50155,-0.48631,0.51001,614.52361
0.05649,0.15681,0.14101,0.50184,0.50155,-0.48631,0.51001,614.54212
0.05649,0.15680,0.14101,0.50184,0.50155,-0.48631,0.51001,614.56985
0.05649,0.15675,0.14101,0.50184,0.50155,-0.48631,0.51001,614.64360
0.05649,0.15665,0.14101,0.50184,0.50155,-0.48631,0.51001,614.76272
0.05649,0.15651,0.14101,0.50184,0.50155,-0.48631,0.51001,614.92613
0.05650,0.15633,0.14101,0.50184,0.50155,-0.48631,0.51001,615.13235
0.05650,0.15610,0.14101,0.50184,0.50155,-0.48631,0.51001,615.37951
0.05651,0.15583,0.14101,0.50184,0.50155,-0.48631,0.51001,615.66533
0.05652,0.15553,0.14100,0.50184,0.50155,-0.48631,0.51001,615.98719
0.05652,0.15519,0.14100,0.50184,0.50155,-0.48631,0.51001,616.34212
0.05653,0.15482,0.14100,0.50184,0.50155,-0.48631,0.51001,616.72685
0.05654,0.15442,0.14100,0.50184,0.50155,-0.48631,0.51001,617.13782
0.05655,0.15400,0.14099,0.50184,0.50155,-0.48631,0.51001,617.57121
0.05656,0.15355,0.14099,0.50184,0.50155,-0.48631,0.51001,618.02302
0.05657,0.15309,0.14099,0.50184,0.50155,-0.48631,0.51001,618.48903
0.05658,0.15262,0.14098,0.50184,0.50155,-0.48631,0.51001,618.96493
0.05660,0.15214,0.14098,0.50184,0.50155,-0.48631,0.51001,619.44627
0.05661,0.15166,0.14098,0.50184,0.50155,-0.48631,0.51001,619.92857
0.05662,0.15119,0.14097,0.50184,0.50155,-0.48631,0.51001,620.40732
0.05663,0.15071,0.14097,0.50184,0.50155,-0.48631,0.51001,620.87804
0.05664,0.15025,0.14097,0.50184,0.50155,-0.48631,0.51001,621.33634
0.05665,0.14979,0.14096,0.50184,0.50155,-0.48631,0.51001,621.77792
0.05666,0.14936,0.14096,0.50184,0.50155,-0.48631,0.51001,622.19863
0.05667,0.14895,0.14096,0.50184,0.50155,-0.48631,0.51001,622.59451
0.05668,0.14857,0.14096,0.50184,0.50155,-0.48631,0.51001,622.96185
0.05669,0.14822,0.14095,0.50184,0.50155,-0.48631,0.51001,623.29718
0.05670,0.14790,0.14095,0.50184,0.50155,-0.48631,0.51001,623.59733
0.05670,0.14762,0.14095,0.50184,0.50155,-0.48631,0.51001,623.85946
0.05671,0.14738,0.14095,0.50184,0.50155,-0.48631,0.51001,624.08108
0.05671,0.14717,0.14095,0.50184,0.50155,-0.48631,0.51001,624.26008
0.05672,0.14702,0.14095,0.50184,0.50155,-0.48631,0.51001,624.39475
0.05672,0.14691,0.14095,0.50184,0.50155,-0.48631,0.51001,624.48380
0.05672,0.14684,0.14094,0.50184,0.50155,-0.48631,0.51001,624.52634
0.05672,0.14682,0.14094,0.50184,0.50155,-0.48631,0.51001,624.53073
0.05672,0.14685,0.14094,0.50184,0.50155,-0.48631,0.51001,624.58205
0.05672,0.14692,0.14095,0.50184,0.50155,-0.48631,0.51001,624.67986
0.05672,0.14704,0.14095,0.50184,0.50155,-0.48631,0.51001,624.82325
0.05671,0.14721,0.14095,0.50184,0.50155,-0.48631,0.51001,625.01092
0.05671,0.14742,0.14095,0.50184,0.50155,-0.48631,0.51001,625.24113
0.05670,0.14767,0.14095,0.50184,0.50155,-0.48631,0.51001,625.51173
0.05669,0.14796,0.14095,0.50184,0.50155,-0.48631,0.51001,625.82020
0.05669,0.14829,0.14095,0.50184,0.50155,-0.48631,0.51001,626.16366
0.05668,0.14865,0.14096,0.50184,0.50155,-0.48631,0.51001,626.53888
0.05667,0.14904,0.14096,0.50184,0.50155,-0.48631,0.51001,626.94235
0.05666,0.14945,0.14096,0.50184,0.50155,-0.48631,0.51001,627.37026
0.05665,0.14989,0.14097,0.50184,0.50155,-0.48631,0.51001,627.81859
0.05664,0.15035,0.14097,0.50184,0.50155,-0.48631,0.51001,628.28310
0.05663,0.15082,0.14097,0.50184,0.50155,-0.48631,0.51001,628.75941
0.05662,0.15130,0.14097,0.50184,0.50155,-0.48631,0.51001,629.24301
0.05660,0.15178,0.14098,0.50184,0.50155,-0.48631,0.51001,629.72932
0.05659,0.15227,0.14098,0.50184,0.50155,-0.48631,0.51001,630.21374
0.05658,0.15275,0.14098,0.50184,0.50155,-0.48631,0.51001,630.69165
0.05657,0.15322,0.14099,0.50184,0.50155,-0.48631,0.51001,631.15852
0.05656,0.15368,0.14099,0.50184,0.50155,-0.48631,0.51001,631.60991
0.05655,0.15412,0.14099,0.50184,0.50155,-0.48631,0.51001,632.04151
0.05654,0.15455,0.14100,0.50184,0.50155,-0.48631,0.51001,632.44920
0.05653,0.15494,0.14100,0.50184,0.50155,-0.48631,0.51001,632.82909
0.05652,0.15531,0.14100,0.50184,0.50155,-0.48631,0.51001,633.17754
0.05651,0.15564,0.14100,0.50184,0.50155,-0.48631,0.51001,633.49121
0.05651,0.15593,0.14101,0.50184,0.50155,-0.48631,0.51001,633.76708
0.05650,0.15619,0.14101,0.50184,0.50155,-0.48631,0.51001,634.00251
0.05650,0.15640,0.14101,0.50184,0.50155,-0.48631,0.51001,634.19520
0.05649,0.15657,0.14101,0.50184,0.50155,-0.48631,0.51001,634.34330
0.05649,0.15670,0.14101,0.50184,0.50155,-0.48631,0.51001,634.44535
0.05649,0.15678,0.14101,0.50184,0.50155,-0.48631,0.51001,634.50035
0.05649,0.15681,0.14101,0.50184,0.50155,-0.48631,0.51001,634.50774
0.05649,0.15679,0.14101,0.50184,0.50155,-0.48631,0.51001,634.54807
0.05649,0.15673,0.14101,0.50184,0.50155,-0.48631,0.51001,634.63577
0.05649,0.15662,0.14101,0.50184,0.50155,-0.48631,0.51001,634.77002
0.05649,0.15646,0.14101,0.50184,0.50155,-0.48631,0.51001,634.94959
0.05650,0.15626,0.14101,0.50184,0.50155,-0.48631,0.51001,635.17278
0.05651,0.15601,0.14101,0.50184,0.50155,-0.48631,0.51001,635.43749
0.05651,0.15573,0.14101,0.50184,0.50155,-0.48631,0.51001,635.74120
0.05652,0.15541,0.14100,0.50184,0.50155,-0.48631,0.51001,636.08104
0.05653,0.15505,0.14100,0.50184,0.50155,-0.48631,0.51001,636.45377
0.05654,0.15466,0.14100,0.50184,0.50155,-0.48631,0.51001,636.85583
0.05655,0.15425,0.14100,0.50184,0.50155,-0.48631,0.51001,637.28337
0.05656,0.15381,0.14099,0.50184,0.50155,-0.48631,0.51001,637.73232
0.05657,0.15335,0.14099,0.50184,0.50155,-0.48631,0.51001,638.19837
0.05658,0.15287,0.14099,0.50184,0.50155,-0.48631,0.51001,638.67704
0.05659,0.15239,0.14098,0.50184,0.50155,-0.48631,0.51001,639.16373
0.05660,0.15190,0.14098,0.50184,0.50155,-0.48631,0.51001,639.65378
0.05661,0.15142,0.14098,0.50184,0.50155,-0.48631,0.51001,640.14245
0.05662,0.15093,0.14097,0.50184,0.50155,-0.48631,0.51001,640.62503
0.05664,0.15045,0.14097,0.50184,0.50155,-0.48631,0.51001,641.09687
0.05665,0.14999,0.14097,0.50184,0.50155,-0.48631,0.51001,641.55340
0.05666,0.14954,0.14096,0.50184,0.50155,-0.48631,0.51001,641.99021
0.05667,0.14912,0.14096,0.50184,0.50155,-0.48631,0.51001,642.40306
0.05668,0.14872,0.14096,0.50184,0.50155,-0.48631,0.51001,642.78794
0.05669,0.14835,0.14095,0.50184,0.50155,-0.48631,0.51001,643.14112
0.05669,0.14801,0.14095,0.50184,0.50155,-0.48631,0.51001,643.45916
0.05670,0.14771,0.14095,0.50184,0.50155,-0.48631,0.51001,643.73894
0.05671,0.14745,0.14095,0.50184,0.50155,-0.48631,0.51001,643.97774
0.05671,0.14723,0.14095,0.50184,0.50155,-0.48631,0.51001,644.17320
0.05672,0.14706,0.14095,0.50184,0.50155,-0.48631,0.51001,644.32342
0.05672,0.14693,0.14095,0.50184,0.50155,-0.48631,0.51001,644.42688
0.05672,0.14685,0.14094,0.50184,0.50155,-0.48631,0.51001,644.48257
0.05672,0.14682,0.14094,0.50184,0.50155,-0.48631,0.51001,644.48990
0.05672,0.14684,0.14094,0.50184,0.50155,-0.48631,0.51001,644.53103
0.05672,0.14690,0.14095,0.50184,0.50155,-0.48631,0.51001,644.62027
0.05672,0.14702,0.14095,0.50184,0.50155,-0.48631,0.51001,644.75677
0.05671,0.14718,0.14095,0.50184,0.50155,-0.48631,0.51001,644.93924
0.05671,0.14738,0.14095,0.50184,0.50155,-0.48631,0.51001,645.16595
0.05670,0.14763,0.14095,0.50184,0.50155,-0.48631,0.51001,645.43471
0.05670,0.14792,0.14095,0.50184,0.50155,-0.48631,0.51001,645.74294
0.05669,0.14825,0.14095,0.50184,0.50155,-0.48631,0.51001,646.08766
0.05668,0.14861,0.14096,0.50184,0.50155,-0.48631,0.51001,646.46555
0.05667,0.14900,0.14096,0.50184,0.50155,-0.48631,0.51001,646.87293
0.05666,0.14942,0.14096,0.50184,0.50155,-0.48631,0.51001,647.30586
0.05665,0.14987,0.14097,0.50184,0.50155,-0.48631,0.51001,647.76013
0.05664,0.15033,0.14097,0.50184,0.50155,-0.48631,0.51001,648.23131
0.05663,0.15081,0.14097,0.50184,0.50155,-0.48631,0.51001,648.71481
0.05662,0.15130,0.14097,0.50184,0.50155,-0.48631,0.51001,649.20592
0.05660,0.15178,0.14098,0.50184,0.50155,-0.48631,0.51001,649.69984
0.05659,0.15228,0.14098,0.50184,0.50155,-0.48631,0.51001,650.19173
0.05658,0.15277,0.14099,0.50184,0.50155,-0.48631,0.51001,650.67678
0.05657,0.15325,0.14099,0.50184,0.50155,-0.48631,0.51001,651.15024
0.05656,0.15371,0.14099,0.50184,0.50155,-0.48631,0.51001,651.60744
0.05655,0.15416,0.14099,0.50184,0.50155,-0.48631,0.51001,652.04391
0.05654,0.15459,0.14100,0.50184,0.50155,-0.48631,0.51001,652.45533
0.05653,0.15498,0.14100,0.50184,0.50155,-0.48631,0.51001,652.83767
0.05652,0.15535,0.14100,0.50184,0.50155,-0.48631,0.51001,653.18713
0.05651,0.15568,0.14100,0.50184,0.50155,-0.48631,0.51001,653.50027
0.05651,0.15598,0.14101,0.50184,0.50155,-0.48631,0.51001,653.77398
0.05650,0.15623,0.14101,0.50184,0.50155,-0.48631,0.51001,654.00553
0.05649,0.15644,0.14101,0.50184,0.50155,-0.48631,0.51001,654.19264
0.05649,0.15660,0.14101,0.50184,0.50155,-0.48631,0.51001,654.33341
0.05649,0.15672,0.14101,0.50184,0.50155,-0.48631,0.51001,654.42642
0.05649,0.15679,0.14101,0.50184,0.50155,-0.48631,0.51001,654.47074
0.05649,0.15681,0.14101,0.50184,0.50155,-0.48631,0.51001,654.47560
0.05649,0.15678,0.14101,0.50184,0.50155,-0.48631,0.51001,654.52962
0.05649,0.15670,0.14101,0.50184,0.50155,-0.48631,0.51001,654.63230
0.05649,0.15657,0.14101,0.50184,0.50155,-0.48631,0.51001,654.78266
0.05650,0.15640,0.14101,0.50184,0.50155,-0.48631,0.51001,654.97926
0.05650,0.15618,0.14101,0.50184,0.50155,-0.48631,0.51001,655.22019
0.05651,0.15592,0.14101,0.50184,0.50155,-0.48631,0.51001,655.50309
0.05651,0.15562,0.14100,0.50184,0.50155,-0.48631,0.51001,655.82520
0.05652,0.15527,0.14100,0.50184,0.50155,-0.48631,0.51001,656.18335
0.05653,0.15490,0.14100,0.50184,0.50155,-0.48631,0.51001,656.57404
0.05654,0.15449,0.14100,0.50184,0.50155,-0.48631,0.51001,656.99340
0.05655,0.15406,0.14099,0.50184,0.50155,-0.48631,0.51001,657.43731
0.05656,0.15361,0.14099,0.50184,0.50155,-0.48631,0.51001,657.90139
0.05657,0.15313,0.14099,0.50184,0.50155,-0.48631,0.51001,658.38104
0.05658,0.15265,0.14098,0.50184,0.50155,-0.48631,0.51001,658.87152
0.05660,0.15215,0.14098,0.50184,0.50155,-0.48631,0.51001,659.36797
0.05661,0.15165,0.14098,0.50184,0.50155,-0.48631,0.51001,659.86545
0.05662,0.15117,0.14097,0.50184,0.50155,-0.48631,0.51001,660.35903
0.05663,0.15068,0.14097,0.50184,0.50155,-0.48631,0.51001,660.84379
0.05664,0.15020,0.14097,0.50184,0.50155,-0.48631,0.51001,661.31491
0.05665,0.14973,0.14096,0.50184,0.50155,-0.48631,0.51001,661.76769
0.05666,0.14929,0.14096,0.50184,0.50155,-0.48631,0.51001,662.19760
0.05667,0.14887,0.14096,0.50184,0.50155,-0.48631,0.51001,662.60035
0.05668,0.14849,0.14096,0.50184,0.50155,-0.48631,0.51001,662.97191
0.05669,0.14813,0.14095,0.50184,0.50155,-0.48631,0.51001,663.30854
0.05670,0.14781,0.14095,0.50184,0.50155,-0.48631,0.51001,663.60687
0.05670,0.14753,0.14095,0.50184,0.50155,-0.48631,0.51001,663.86389
0.05671,0.14730,0.14095,0.50184,0.50155,-0.48631,0.51001,664.07700
0.05671,0.14711,0.14095,0.50184,0.50155,-0.48631,0.51001,664.24405
0.05672,0.14696,0.14095,0.50184,0.50155,-0.48631,0.51001,664.36332
0.05672,0.14687,0.14094,0.50184,0.50155,-0.48631,0.51001,664.43361
0.05672,0.14682,0.14094,0.50184,0.50155,-0.48631,0.51001,664.45415
0.05672,0.14683,0.14094,0.50184,0.50155,-0.48631,0.51001,664.48358
0.05672,0.14688,0.14094,0.50184,0.50155,-0.48631,0.51001,664.56272
0.05672,0.14699,0.14095,0.50184,0.50155,-0.48631,0.51001,664.69083
0.05671,0.14714,0.14095,0.50184,0.50155,-0.48631,0.51001,664.86664
0.05671,0.14734,0.14095,0.50184,0.50155,-0.48631,0.51001,665.08843
0.05670,0.14758,0.14095,0.50184,0.50155,-0.48631,0.51001,665.35402
0.05670,0.14787,0.14095,0.50184,0.50155,-0.48631,0.51001,665.66075
0.05669,0.14820,0.14095,0.50184,0.50155,-0.48631,0.51001,666.00559
0.05668,0.14856,0.14096,0.50184,0.50155,-0.48631,0.51001,666.38509
0.05667,0.14896,0.14096,0.50184,0.50155,-0.48631,0.51001,666.79546
0.05666,0.14938,0.14096,0.50184,0.50155,-0.48631,0.51001,667.23261
0.05665,0.14983,0.14096,0.50184,0.50155,-0.48631,0.51001,667.69215
0.05664,0.15030,0.14097,0.50184,0.50155,-0.48631,0.51001,668.16946
0.05663,0.15078,0.14097,0.50184,0.50155,-0.48631,0.51001,668.65977
0.05662,0.15128,0.14097,0.50184,0.50155,-0.48631,0.51001,669.15812
0.05660,0.15177,0.14098,0.50184,0.50155,-0.48631,0.51001,669.65952
0.05659,0.15227,0.14098,0.50184,0.50155,-0.48631,0.51001,670.15889
0.05658,0.15277,0.14099,0.50184,0.50155,-0.48631,0.51001,670.65121
0.05657,0.15326,0.14099,0.50184,0.50155,-0.48631,0.51001,671.13149
0.05656,0.15373,0.14099,0.50184,0.50155,-0.48631,0.51001,671.59488
0.05655,0.15418,0.14099,0.50184,0.50155,-0.48631,0.51001,672.03668
0.05654,0.15461,0.14100,0.50184,0.50155,-0.48631,0.51001,672.45242
0.05653,0.15502,0.14100,0.50184,0.50155,-0.48631,0.51001,672.83786
0.05652,0.15538,0.14100,0.50184,0.50155,-0.48631,0.51001,673.18909
0.05651,0.15572,0.14101,0.50184,0.50155,-0.48631,0.51001,673.50252
0.05651,0.15601,0.14101,0.50184,0.50155,-0.48631,0.51001,673.77496
0.05650,0.15626,0.14101,0.50184,0.50155,-0.48631,0.51001,674.00361
0.05649,0.15647,0.14101,0.50184,0.50155,-0.48631,0.51001,674.18613
0.05649,0.15663,0.14101,0.50184,0.50155,-0.48631,0.51001,674.32062
0.05649,0.15674,0.14101,0.50184,0.50155,-0.48631,0.51001,674.40570
0.05649,0.15680,0.14101,0.50184,0.50155,-0.48631,0.51001,674.44047
0.05649,0.15681,0.14101,0.50184,0.50155,-0.48631,0.51001,674.45641
0.05649,0.15677,0.14101,0.50184,0.50155,-0.48631,0.51001,674.52293
0.05649,0.15667,0.14101,0.50184,0.50155,-0.48631,0.51001,674.63939
0.05649,0.15653,0.14101,0.50184,0.50155,-0.48631,0.51001,674.80464
0.05650,0.15634,0.14101,0.50184,0.50155,-0.48631,0.51001,675.01703
0.05650,0.15611,0.14101,0.50184,0.50155,-0.48631,0.51001,675.27443
0.05651,0.15583,0.14101,0.50184,0.50155,-0.48631,0.51001,675.57426
0.05652,0.15551,0.14100,0.50184,0.50155,-0.48631,0.51001,675.91349
0.05653,0.15515,0.14100,0.50184,0.50155,-0.48631,0.51001,676.28868
0.05653,0.15476,0.14100,0.50184,0.50155,-0.48631,0.51001,676.69603
0.05654,0.15434,0.14100,0.50184,0.50155,-0.48631,0.51001,677.13142
0.05655,0.15389,0.14099,0.50184,0.50155,-0.48631,0.51001,677.59041
0.05657,0.15342,0.14099,0.50184,0.50155,-0.48631,0.51001,678.06833
0.05658,0.15293,0.14099,0.50184,0.50155,-0.48631,0.51001,678.56032
0.05659,0.15243,0.14098,0.50184,0.50155,-0.48631,0.51001,679.06134
0.05660,0.15193,0.14098,0.50184,0.50155,-0.48631,0.51001,679.56629
0.05661,0.15143,0.14098,0.50184,0.50155,-0.48631,0.51001,680.06999
0.05662,0.15093,0.14097,0.50184,0.50155,-0.48631,0.51001,680.56729
0.05664,0.15044,0.14097,0.50184,0.50155,-0.48631,0.51001,681.05309
0.05665,0.14996,0.14097,0.50184,0.50155,-0.48631,0.51001,681.52240
0.05666,0.14950,0.14096,0.50184,0.50155,-0.48631,0.51001,681.97040
0.05667,0.14906,0.14096,0.50184,0.50155,-0.48631,0.51001,682.39247
0.05668,0.14866,0.14096,0.50184,0.50155,-0.48631,0.51001,682.78428
0.05669,0.14828,0.14095,0.50184,0.50155,-0.48631,0.51001,683.14176
0.05669,0.14794,0.14095,0.50184,0.50155,-0.48631,0.51001,683.46123
0.05670,0.14764,0.14095,0.50184,0.50155,-0.48631,0.51001,683.73938
0.05671,0.14739,0.14095,0.50184,0.50155,-0.48631,0.51001,683.97331
0.05671,0.14717,0.14095,0.50184,0.50155,-0.48631,0.51001,684.16059
0.05672,0.14701,0.14095,0.50184,0.50155,-0.48631,0.51001,684.29926
0.05672,0.14690,0.14095,0.50184,0.50155,-0.48631,0.51001,684.38785
0.05672,0.14683,0.14094,0.50184,0.50155,-0.48631,0.51001,684.42542
0.05672,0.14682,0.14094,0.50184,0.50155,-0.48631,0.51001,684.43930
0.05672,0.14686,0.14094,0.50184,0.50155,-0.48631,0.51001,684.50451
0.05672,0.14695,0.14095,0.50184,0.50155,-0.48631,0.51001,684.62042
0.05671,0.14709,0.14095,0.50184,0.50155,-0.48631,0.51001,684.78588
0.05671,0.14728,0.14095,0.50184,0.50155,-0.48631,0.51001,684.99920
0.05670,0.14752,0.14095,0.50184,0.50155,-0.48631,0.51001,685.25822
0.05670,0.14780,0.14095,0.50184,0.50155,-0.48631,0.51001,685.56029
0.05669,0.14812,0.14095,0.50184,0.50155,-0.48631,0.51001,685.90232
0.05668,0.14849,0.14096,0.50184,0.50155,-0.48631,0.51001,686.28080
0.05667,0.14888,0.14096,0.50184,0.50155,-0.48631,0.51001,686.69183
0.05666,0.14931,0.14096,0.50184,0.50155,-0.48631,0.51001,687.13118
0.05665,0.14976,0.14096,0.50184,0.50155,-0.48631,0.51001,687.59433
0.05664,0.15023,0.14097,0.50184,0.50155,-0.48631,0.51001,688.07648
0.05663,0.15072,0.14097,0.50184,0.50155,-0.48631,0.51001,688.57265
0.05662,0.15123,0.14097,0.50184,0.50155,-0.48631,0.51001,689.07770
0.05661,0.15172,0.14098,0.50184,0.50155,-0.48631,0.51001,689.58640
0.05659,0.15223,0.14098,0.50184,0.50155,-0.48631,0.51001,690.09346
0.05658,0.15274,0.14098,0.50184,0.50155,-0.48631,0.51001,690.59362
0.05657,0.15323,0.14099,0.50184,0.50155,-0.48631,0.51001,691.08167
0.05656,0.15371,0.14099,0.50184,0.50155,-0.48631,0.51001,691.55253
0.05655,0.15418,0.14099,0.50184,0.50155,-0.48631,0.51001,692.00129
0.05654,0.15461,0.14100,0.50184,0.50155,-0.48631,0.51001,692.42325
0.05653,0.15502,0.14100,0.50184,0.50155,-0.48631,0.51001,692.81402
0.05652,0.15539,0.14100,0.50184,0.50155,-0.48631,0.51001,693.16949
0.05651,0.15573,0.14101,0.50184,0.50155,-0.48631,0.51001,693.48594
0.05650,0.15603,0.14101,0.50184,0.50155,-0.48631,0.51001,693.76003
0.05650,0.15628,0.14101,0.50184,0.50155,-0.48631,0.51001,693.98888
0.05649,0.15648,0.14101,0.50184,0.50155,-0.48631,0.51001,694.17007
0.05649,0.15664,0.14101,0.50184,0.50155,-0.48631,0.51001,694.30167
0.05649,0.15675,0.14101,0.50184,0.50155,-0.48631,0.51001,694.38227
0.05649,0.15680,0.14101,0.50184,0.50155,-0.48631,0.51001,694.41100
0.05649,0.15680,0.14101,0.50184,0.50155,-0.48631,0.51001,694.43449
0.05649,0.15676,0.14101,0.50184,0.50155,-0.48631,0.51001,694.50997
0.05649,0.15665,0.14101,0.50184,0.50155,-0.48631,0.51001,694.63671
0.05649,0.15650,0.14101,0.50184,0.50155,-0.48631,0.51001,694.81340
0.05650,0.15630,0.14101,0.50184,0.50155,-0.48631,0.51001,695.03824
0.05650,0.15605,0.14101,0.50184,0.50155,-0.48631,0.51001,695.30889
0.05651,0.15576,0.14101,0.50184,0.50155,-0.48631,0.51001,695.62255
0.05652,0.15542,0.14100,0.50184,0.50155,-0.48631,0.51001,695.97597
0.05653,0.15505,0.14100,0.50184,0.50155,-0.48631,0.51001,696.36545
0.05654,0.15465,0.14100,0.50184,0.50155,-0.48631,0.51001,696.78693
0.05655,0.15421,0.14099,0.50184,0.50155,-0.48631,0.51001,697.23602
0.05656,0.15375,0.14099,0.50184,0.50155,-0.48631,0.51001,697.70800
0.05657,0.15327,0.14099,0.50184,0.50155,-0.48631,0.51001,698.19793
0.05658,0.15277,0.14099,0.50184,0.50155,-0.48631,0.51001,698.70066
0.05659,0.15226,0.14098,0.50184,0.50155,-0.48631,0.51001,699.21092
0.05661,0.15175,0.14098,0.50184,0.50155,-0.48631,0.51001,699.72333
0.05662,0.15124,0.14097,0.50184,0.50155,-0.48631,0.51001,700.23250
0.05663,0.15074,0.14097,0.50184,0.50155,-0.48631,0.51001,700.73306
0.05664,0.15024,0.14097,0.50184,0.50155,-0.48631,0.51001,701.21973
0.05665,0.14977,0.14096,0.50184,0.50155,-0.48631,0.51001,701.68735
0.05666,0.14931,0.14096,0.50184,0.50155,-0.48631,0.51001,702.13098
0.05667,0.14888,0.14096,0.50184,0.50155,-0.48631,0.51001,702.54592
0.05668,0.14848,0.14096,0.50184,0.50155,-0.48631,0.51001,702.92777
0.05669,0.14811,0.14095,0.50184,0.50155,-0.48631,0.51001,703.27246
0.05670,0.14779,0.14095,0.50184,0.50155,-0.48631,0.51001,703.57633
0.05670,0.14751,0.14095,0.50184,0.50155,-0.48631,0.51001,703.83613
0.05671,0.14727,0.14095,0.50184,0.50155,-0.48631,0.51001,704.04908
0.05672,0.14708,0.14095,0.50184,0.50155,-0.48631,0.51001,704.21289
0.05672,0.14694,0.14095,0.50184,0.50155,-0.48631,0.51001,704.32580
0.05672,0.14686,0.14094,0.50184,0.50155,-0.48631,0.51001,704.38657
0.05672,0.14682,0.14094,0.50184,0.50155,-0.48631,0.51001,704.39452
0.05672,0.14684,0.14094,0.50184,0.50155,-0.48631,0.51001,704.43951
0.05672,0.14691,0.14095,0.50184,0.50155,-0.48631,0.51001,704.53700
0.05672,0.14703,0.14095,0.50184,0.50155,-0.48631,0.51001,704.68599
0.05671,0.14721,0.14095,0.50184,0.50155,-0.48631,0.51001,704.88493
0.05671,0.14743,0.14095,0.50184,0.50155,-0.48631,0.51001,705.13174
0.05670,0.14770,0.14095,0.50184,0.50155,-0.48631,0.51001,705.42384
0.05669,0.14802,0.14095,0.50184,0.50155,-0.48631,0.51001,705.75814
0.05668,0.14837,0.14096,0.50184,0.50155,-0.48631,0.51001,706.13112
0.05668,0.14876,0.14096,0.50184,0.50155,-0.48631,0.51001,706.53883
0.05667,0.14919,0.14096,0.50184,0.50155,-0.48631,0.51001,706.97695
0.05665,0.14964,0.14096,0.50184,0.50155,-0.48631,0.51001,707.44083
0.05664,0.15011,0.14097,0.50184,0.50155,-0.48631,0.51001,707.92555
0.05663,0.15061,0.14097,0.50184,0.50155,-0.48631,0.51001,708.42594
0.05662,0.15111,0.14097,0.50184,0.50155,-0.48631,0.51001,708.93668
0.05661,0.15162,0.14098,0.50184,0.50155,-0.48631,0.51001,709.45232
0.05660,0.15214,0.14098,0.50184,0.50155,-0.48631,0.51001,709.96736
0.05658,0.15265,0.14098,0.50184,0.50155,-0.48631,0.51001,710.47628
0.05657,0.15315,0.14099,0.50184,0.50155,-0.48631,0.51001,710.97365
0.05656,0.15364,0.14099,0.50184,0.50155,-0.48631,0.51001,711.45414
0.05655,0.15411,0.14099,0.50184,0.50155,-0.48631,0.51001,711.91258
0.05654,0.15456,0.14100,0.50184,0.50155,-0.48631,0.51001,712.34406
0.05653,0.15498,0.14100,0.50184,0.50155,-0.48631,0.51001,712.74394
0.05652,0.15536,0.14100,0.50184,0.50155,-0.48631,0.51001,713.10790
0.05651,0.15571,0.14100,0.50184,0.50155,-0.48631,0.51001,713.43202
0.05651,0.15601,0.14101,0.50184,0.50155,-0.48631,0.51001,713.71280
0.05650,0.15627,0.14101,0.50184,0.50155,-0.48631,0.51001,713.94719
0.05649,0.15648,0.14101,0.50184,0.50155,-0.48631,0.51001,714.13265
0.05649,0.15664,0.14101,0.50184,0.50155,-0.48631,0.51001,714.26714
0.05649,0.15675,0.14101,0.50184,0.50155,-0.48631,0.51001,714.34919
0.05649,0.15680,0.14101,0.50184,0.50155,-0.48631,0.51001,714.37788
0.05649,0.15680,0.14101,0.50184,0.50155,-0.48631,0.51001,714.40290
0.05649,0.15675,0.14101,0.50184,0.50155,-0.48631,0.51001,714.48139
0.05649,0.15665,0.14101,0.50184,0.50155,-0.48631,0.51001,714.61255
0.05649,0.15649,0.14101,0.50184,0.50155,-0.48631,0.51001,714.79500
0.05650,0.15628,0.14101,0.50184,0.50155,-0.48631,0.51001,715.02680
0.05650,0.15603,0.14101,0.50184,0.50155,-0.48631,0.51001,715.30550
0.05651,0.15572,0.14101,0.50184,0.50155,-0.48631,0.51001,715.62812
0.05652,0.15538,0.14100,0.50184,0.50155,-0.48631,0.51001,715.99120
0.05653,0.15500,0.14100,0.50184,0.50155,-0.48631,0.51001,716.39086
0.05654,0.15458,0.14100,0.50184,0.50155,-0.48631,0.51001,716.82280
0.05655,0.15413,0.14099,0.50184,0.50155,-0.48631,0.51001,717.28238
0.05656,0.15366,0.14099,0.50184,0.50155,-0.48631,0.51001,717.76465
0.05657,0.15317,0.14099,0.50184,0.50155,-0.48631,0.51001,718.26440
0.05658,0.15266,0.14098,0.50184,0.50155,-0.48631,0.51001,718.77625
0.05660,0.15215,0.14098,0.50184,0.50155,-0.48631,0.51001,719.29465
0.05661,0.15163,0.14098,0.50184,0.50155,-0.48631,0.51001,719.81399
0.05662,0.15112,0.14097,0.50184,0.50155,-0.48631,0.51001,720.32866
0.05663,0.15061,0.14097,0.50184,0.50155,-0.48631,0.51001,720.83306
0.05664,0.15011,0.14097,0.50184,0.50155,-0.48631,0.51001,721.32172
0.05666,0.14963,0.14096,0.50184,0.50155,-0.48631,0.51001,721.78932
0.05667,0.14917,0.14096,0.50184,0.50155,-0.48631,0.51001,722.23078
0.05668,0.14875,0.14096,0.50184,0.50155,-0.48631,0.51001,722.64127
0.05669,0.14835,0.14095,0.50184,0.50155,-0.48631,0.51001,723.01633
0.05669,0.14800,0.14095,0.50184,0.50155,-0.48631,0.51001,723.35184
0.05670,0.14768,0.14095,0.50184,0.50155,-0.48631,0.51001,723.64414
0.05671,0.14741,0.14095,0.50184,0.50155,-0.48631,0.51001,723.89000
0.05671,0.14719,0.14095,0.50184,0.50155,-0.48631,0.51001,724.08673
0.05672,0.14702,0.14095,0.50184,0.50155,-0.48631,0.51001,724.23214
0.05672,0.14690,0.14095,0.50184,0.50155,-0.48631,0.51001,724.32462
0.05672,0.14683,0.14094,0.50184,0.50155,-0.48631,0.51001,724.36313
0.05672,0.14682,0.14094,0.50184,0.50155,-0.48631,0.51001,724.37906
0.05672,0.14687,0.14094,0.50184,0.50155,-0.48631,0.51001,724.44929
0.05672,0.14696,0.14095,0.50184,0.50155,-0.48631,0.51001,724.57308
0.05671,0.14711,0.14095,0.50184,0.50155,-0.48631,0.51001,724.74913
0.05671,0.14731,0.14095,0.50184,0.50155,-0.48631,0.51001,724.97555
0.05670,0.14757,0.14095,0.50184,0.50155,-0.48631,0.51001,725.24989
0.05670,0.14786,0.14095,0.50184,0.50155,-0.48631,0.51001,725.56918
0.05669,0.14820,0.14095,0.50184,0.50155,-0.48631,0.51001,725.92997
0.05668,0.14859,0.14096,0.50184,0.50155,-0.48631,0.51001,726.32834
0.05667,0.14900,0.14096,0.50184,0.50155,-0.48631,0.51001,726.75994
0.05666,0.14945,0.14096,0.50184,0.50155,-0.48631,0.51001,727.22007
0.05665,0.14992,0.14097,0.50184,0.50155,-0.48631,0.51001,727.70370
0.05664,0.15042,0.14097,0.50184,0.50155,-0.48631,0.51001,728.20556
0.05662,0.15093,0.14097,0.50184,0.50155,-0.48631,0.51001,728.72014
0.05661,0.15144,0.14098,0.50184,0.50155,-0.48631,0.51001,729.24180
0.05660,0.15196,0.14098,0.50184,0.50155,-0.48631,0.51001,729.76483
0.05659,0.15248,0.14098,0.50184,0.50155,-0.48631,0.51001,730.28347
0.05658,0.15300,0.14099,0.50184,0.50155,-0.48631,0.51001,730.79203
0.05656,0.15350,0.14099,0.50184,0.50155,-0.48631,0.51001,731.28491
0.05655,0.15398,0.14099,0.50184,0.50155,-0.48631,0.51001,731.75666
0.05654,0.15444,0.14100,0.50184,0.50155,-0.48631,0.51001,732.20209
0.05653,0.15487,0.14100,0.50184,0.50155,-0.48631,0.51001,732.61628
0.05652,0.15527,0.14100,0.50184,0.50155,-0.48631,0.51001,732.99463
0.05651,0.15563,0.14100,0.50184,0.50155,-0.48631,0.51001,733.33295
0.05651,0.15595,0.14101,0.50184,0.50155,-0.48631,0.51001,733.62750
0.05650,0.15622,0.14101,0.50184,0.50155,-0.48631,0.51001,733.87498
0.05649,0.15644,0.14101,0.50184,0.50155,-0.48631,0.51001,734.07264
0.05649,0.15661,0.14101,0.50184,0.50155,-0.48631,0.51001,734.21825
0.05649,0.15673,0.14101,0.50184,0.50155,-0.48631,0.51001,734.31018
0.05649,0.15680,0.14101,0.50184,0.50155,-0.48631,0.51001,734.34738
0.05649,0.15681,0.14101,0.50184,0.50155,-0.48631,0.51001,734.36537
0.05649,0.15676,0.14101,0.50184,0.50155,-0.48631,0.51001,734.43839
0.05649,0.15666,0.14101,0.50184,0.50155,-0.48631,0.51001,734.56566
0.05649,0.15651,0.14101,0.50184,0.50155,-0.48631,0.51001,734.74581
0.05650,0.15630,0.14101,0.50184,0.50155,-0.48631,0.51001,734.97688
0.05650,0.15604,0.14101,0.50184,0.50155,-0.48631,0.51001,735.25635
0.05651,0.15574,0.14101,0.50184,0.50155,-0.48631,0.51001,735.58115
0.05652,0.15540,0.14100,0.50184,0.50155,-0.48631,0.51001,735.94771
0.05653,0.15501,0.14100,0.50184,0.50155,-0.48631,0.51001,736.35198
0.05654,0.15459,0.14100,0.50184,0.50155,-0.48631,0.51001,736.78952
0.05655,0.15413,0.14099,0.50184,0.50155,-0.48631,0.51001,737.25547
0.05656,0.15365,0.14099,0.50184,0.50155,-0.48631,0.51001,737.74469
0.05657,0.15316,0.14099,0.50184,0.50155,-0.48631,0.51001,738.25174
0.05658,0.15264,0.14098,0.50184,0.50155,-0.48631,0.51001,738.77101
0.05660,0.15212,0.14098,0.50184,0.50155,-0.48631,0.51001,739.29672
0.05661,0.15160,0.14098,0.50184,0.50155,-0.48631,0.51001,739.82303
0.05662,0.15107,0.14097,0.50184,0.50155,-0.48631,0.51001,740.34407
0.05663,0.15056,0.14097,0.50184,0.50155,-0.48631,0.51001,740.85403
0.05665,0.15005,0.14097,0.50184,0.50155,-0.48631,0.51001,741.34723
0.05666,0.14957,0.14096,0.50184,0.50155,-0.48631,0.51001,741.81816
0.05667,0.14911,0.14096,0.50184,0.50155,-0.48631,0.51001,742.26153
0.05668,0.14868,0.14096,0.50184,0.50155,-0.48631,0.51001,742.67240
0.05669,0.14829,0.14095,0.50184,0.50155,-0.48631,0.51001,743.04614
0.05669,0.14794,0.14095,0.50184,0.50155,-0.48631,0.51001,743.37855
0.05670,0.14763,0.14095,0.50184,0.50155,-0.48631,0.51001,743.66590
0.05671,0.14736,0.14095,0.50184,0.50155,-0.48631,0.51001,743.90494
0.05671,0.14715,0.14095,0.50184,0.50155,-0.48631,0.51001,744.09296
0.05672,0.14699,0.14095,0.50184,0.50155,-0.48631,0.51001,744.22782
0.05672,0.14688,0.14094,0.50184,0.50155,-0.48631,0.51001,744.30799
0.05672,0.14683,0.14094,0.50184,0.50155,-0.48631,0.51001,744.33251
0.05672,0.14683,0.14094,0.50184,0.50155,-0.48631,0.51001,744.36394
0.05672,0.14689,0.14095,0.50184,0.50155,-0.48631,0.51001,744.45099
0.05672,0.14700,0.14095,0.50184,0.50155,-0.48631,0.51001,744.59275
0.05671,0.14717,0.14095,0.50184,0.50155,-0.48631,0.51001,744.78764
0.05671,0.14739,0.14095,0.50184,0.50155,-0.48631,0.51001,745.03353
0.05670,0.14766,0.14095,0.50184,0.50155,-0.48631,0.51001,745.32768
0.05669,0.14798,0.14095,0.50184,0.50155,-0.48631,0.51001,745.66681
0.05669,0.14834,0.14095,0.50184,0.50155,-0.48631,0.51001,746.04716
0.05668,0.14874,0.14096,0.50184,0.50155,-0.48631,0.51001,746.46445
0.05667,0.14918,0.14096,0.50184,0.50155,-0.48631,0.51001,746.91404
0.05665,0.14964,0.14096,0.50184,0.50155,-0.48631,0.51001,747.39087
0.05664,0.15013,0.14097,0.50184,0.50155,-0.48631,0.51001,747.88959
0.05663,0.15064,0.14097,0.50184,0.50155,-0.48631,0.51001,748.40461
0.05662,0.15116,0.14097,0.50184,0.50155,-0.48631,0.51001,748.93011
0.05661,0.15168,0.14098,0.50184,0.50155,-0.48631,0.51001,749.46019
0.05659,0.15221,0.14098,0.50184,0.50155,-0.48631,0.51001,749.98887
0.05658,0.15274,0.14098,0.50184,0.50155,-0.48631,0.51001,750.51018
0.05657,0.15325,0.14099,0.50184,0.50155,-0.48631,0.51001,751.01823
0.05656,0.15375,0.14099,0.50184,0.50155,-0.48631,0.51001,751.50726
0.05655,0.15423,0.14099,0.50184,0.50155,-0.48631,0.51001,751.97174
0.05654,0.15468,0.14100,0.50184,0.50155,-0.48631,0.51001,752.40639
0.05653,0.15510,0.14100,0.50184,0.50155,-0.48631,0.51001,752.80629
0.05652,0.15548,0.14100,0.50184,0.50155,-0.48631,0.51001,753.16688
0.05651,0.15582,0.14101,0.50184,0.50155,-0.48631,0.51001,753.48405
0.05650,0.15612,0.14101,0.50184,0.50155,-0.48631,0.51001,753.75418
0.05650,0.15636,0.14101,0.50184,0.50155,-0.48631,0.51001,753.97418
0.05649,0.15656,0.14101,0.50184,0.50155,-0.48631,0.51001,754.14151
0.05649,0.15670,0.14101,0.50184,0.50155,-0.48631,0.51001,754.25426
0.05649,0.15678,0.14101,0.50184,0.50155,-0.48631,0.51001,754.31108
0.05649,0.15681,0.14101,0.50184,0.50155,-0.48631,0.51001,754.31132
0.05649,0.15678,0.14101,0.50184,0.50155,-0.48631,0.51001,754.36772
0.05649,0.15670,0.14101,0.50184,0.50155,-0.48631,0.51001,754.48015
0.05649,0.15656,0.14101,0.50184,0.50155,-0.48631,0.51001,754.64737
0.05650,0.15636,0.14101,0.50184,0.50155,-0.48631,0.51001,754.86752
0.05650,0.15612,0.14101,0.50184,0.50155,-0.48631,0.51001,755.13812
0.05651,0.15582,0.14101,0.50184,0.50155,-0.48631,0.51001,755.45613
0.05652,0.15548,0.14100,0.50184,0.50155,-0.48631,0.51001,755.81795
0.05653,0.15510,0.14100,0.50184,0.50155,-0.48631,0.51001,756.21951
0.05654,0.15468,0.14100,0.50184,0.50155,-0.48631,0.51001,756.65623
0.05655,0.15422,0.14099,0.50184,0.50155,-0.48631,0.51001,757.12318
0.05656,0.15374,0.14099,0.50184,0.50155,-0.48631,0.51001,757.61503
0.05657,0.15324,0.14099,0.50184,0.50155,-0.48631,0.51001,758.12619
0.05658,0.15272,0.14098,0.50184,0.50155,-0.48631,0.51001,758.65084
0.05659,0.15219,0.14098,0.50184,0.50155,-0.48631,0.51001,759.18299
0.05661,0.15166,0.14098,0.50184,0.50155,-0.48631,0.51001,759.71657
0.05662,0.15113,0.14097,0.50184,0.50155,-0.48631,0.51001,760.24546
0.05663,0.15061,0.14097,0.50184,0.50155,-0.48631,0.51001,760.76363
0.05664,0.15010,0.14097,0.50184,0.50155,-0.48631,0.51001,761.26513
0.05666,0.14961,0.14096,0.50184,0.50155,-0.48631,0.51001,761.74420
0.05667,0.14914,0.14096,0.50184,0.50155,-0.48631,0.51001,762.19535
0.05668,0.14870,0.14096,0.50184,0.50155,-0.48631,0.51001,762.61339
0.05669,0.14830,0.14095,0.50184,0.50155,-0.48631,0.51001,762.99349
0.05669,0.14794,0.14095,0.50184,0.50155,-0.48631,0.51001,763.33128
0.05670,0.14763,0.14095,0.50184,0.50155,-0.48631,0.51001,763.62285
0.05671,0.14736,0.14095,0.50184,0.50155,-0.48631,0.51001,763.86482
0.05671,0.14714,0.14095,0.50184,0.50155,-0.48631,0.51001,764.05438
0.05672,0.14698,0.14095,0.50184,0.50155,-0.48631,0.51001,764.18931
0.05672,0.14687,0.14094,0.50184,0.50155,-0.48631,0.51001,764.26803
0.05672,0.14682,0.14094,0.50184,0.50155,-0.48631,0.51001,764.28960
0.05672,0.14683,0.14094,0.50184,0.50155,-0.48631,0.51001,764.32547
0.05672,0.14690,0.14095,0.50184,0.50155,-0.48631,0.51001,764.41841
0.05672,0.14702,0.14095,0.50184,0.50155,-0.48631,0.51001,764.56739
0.05671,0.14719,0.14095,0.50184,0.50155,-0.48631,0.51001,764.77071
0.05671,0.14742,0.14095,0.50184,0.50155,-0.48631,0.51001,765.02609
0.05670,0.14770,0.14095,0.50184,0.50155,-0.48631,0.51001,765.33060
0.05669,0.14803,0.14095,0.50184,0.50155,-0.48631,0.51001,765.68076
0.05668,0.14840,0.14096,0.50184,0.50155,-0.48631,0.51001,766.07257
0.05667,0.14882,0.14096,0.50184,0.50155,-0.48631,0.51001,766.50153
0.05666,0.14926,0.14096,0.50184,0.50155,-0.48631,0.51001,766.96270
0.05665,0.14974,0.14096,0.50184,0.50155,-0.48631,0.51001,767.45078
0.05664,0.15024,0.14097,0.50184,0.50155,-0.48631,0.51001,767.96014
0.05663,0.15076,0.14097,0.50184,0.50155,-0.48631,0.51001,768.48490
0.05662,0.15129,0.14097,0.50184,0.50155,-0.48631,0.51001,769.01901
0.05660,0.15182,0.14098,0.50184,0.50155,-0.48631,0.51001,769.55627
0.05659,0.15235,0.14098,0.50184,0.50155,-0.48631,0.51001,770.09048
0.05658,0.15288,0.14099,0.50184,0.50155,-0.48631,0.51001,770.61543
0.05657,0.15340,0.14099,0.50184,0.50155,-0.48631,0.51001,771.12504
0.05655,0.15390,0.14099,0.50184,0.50155,-0.48631,0.51001,771.61339
0.05654,0.15438,0.14100,0.50184,0.50155,-0.48631,0.51001,772.07478
0.05653,0.15483,0.14100,0.50184,0.50155,-0.48631,0.51001,772.50386
0.05652,0.15524,0.14100,0.50184,0.50155,-0.48631,0.51001,772.89561
0.05651,0.15561,0.14100,0.50184,0.50155,-0.48631,0.51001,773.24545
0.05651,0.15594,0.14101,0.50184,0.50155,-0.48631,0.51001,773.54930
0.05650,0.15622,0.14101,0.50184,0.50155,-0.48631,0.51001,773.80359
0.05649,0.15645,0.14101,0.50184,0.50155,-0.48631,0.51001,774.00532
0.05649,0.15662,0.14101,0.50184,0.50155,-0.48631,0.51001,774.15212
0.05649,0.15674,0.14101,0.50184,0.50155,-0.48631,0.51001,774.24223
0.05649,0.15680,0.14101,0.50184,0.50155,-0.48631,0.51001,774.27458
0.05649,0.15680,0.14101,0.50184,0.50155,-0.48631,0.51001,774.30042
0.05649,0.15675,0.14101,0.50184,0.50155,-0.48631,0.51001,774.38418
0.05649,0.15664,0.14101,0.50184,0.50155,-0.48631,0.51001,774.52492
0.05649,0.15647,0.14101,0.50184,0.50155,-0.48631,0.51001,774.72104
0.05650,0.15624,0.14101,0.50184,0.50155,-0.48631,0.51001,774.97029
0.05651,0.15597,0.14101,0.50184,0.50155,-0.48631,0.51001,775.26978
0.05651,0.15565,0.14100,0.50184,0.50155,-0.48631,0.51001,775.61605
0.05652,0.15528,0.14100,0.50184,0.50155,-0.48631,0.51001,776.00509
0.05653,0.15487,0.14100,0.50184,0.50155,-0.48631,0.51001,776.43237
0.05654,0.15442,0.14100,0.50184,0.50155,-0.48631,0.51001,776.89291
0.05655,0.15395,0.14099,0.50184,0.50155,-0.48631,0.51001,777.38136
0.05657,0.15345,0.14099,0.50184,0.50155,-0.48631,0.51001,777.89199
0.05658,0.15293,0.14099,0.50184,0.50155,-0.48631,0.51001,778.41885
0.05659,0.15239,0.14098,0.50184,0.50155,-0.48631,0.51001,778.95577
0.05660,0.15185,0.14098,0.50184,0.50155,-0.48631,0.51001,779.49646
0.05662,0.15132,0.14098,0.50184,0.50155,-0.48631,0.51001,780.03458
0.05663,0.15078,0.14097,0.50184,0.50155,-0.48631,0.51001,780.56381
0.05664,0.15026,0.14097,0.50184,0.50155,-0.48631,0.51001,781.07792
0.05665,0.14976,0.14096,0.50184,0.50155,-0.48631,0.51001,781.57088
0.05666,0.14928,0.14096,0.50184,0.50155,-0.48631,0.51001,782.03687
0.05667,0.14882,0.14096,0.50184,0.50155,-0.48631,0.51001,782.47039
0.05668,0.14841,0.14096,0.50184,0.50155,-0.48631,0.51001,782.86632
0.05669,0.14803,0.14095,0.50184,0.50155,-0.48631,0.51001,783.21998
0.05670,0.14770,0.14095,0.50184,0.50155,-0.48631,0.51001,783.52718
0.05671,0.14742,0.14095,0.50184,0.50155,-0.48631,0.51001,783.78426
0.05671,0.14719,0.14095,0.50184,0.50155,-0.48631,0.51001,783.98817
0.05672,0.14701,0.14095,0.50184,0.50155,-0.48631,0.51001,784.13647
0.05672,0.14689,0.14095,0.50184,0.50155,-0.48631,0.51001,784.22736
0.05672,0.14683,0.14094,0.50184,0.50155,-0.48631,0.51001,784.25974
0.05672,0.14683,0.14094,0.50184,0.50155,-0.48631,0.51001,784.28629
0.05672,0.14688,0.14094,0.50184,0.50155,-0.48631,0.51001,784.37150
0.05672,0.14700,0.14095,0.50184,0.50155,-0.48631,0.51001,784.51439
0.05671,0.14717,0.14095,0.50184,0.50155,-0.48631,0.51001,784.71332
0.05671,0.14739,0.14095,0.50184,0.50155,-0.48631,0.51001,784.96597
0.05670,0.14767,0.14095,0.50184,0.50155,-0.48631,0.51001,785.26939
0.05669,0.14800,0.14095,0.50184,0.50155,-0.48631,0.51001,785.62002
0.05668,0.14837,0.14096,0.50184,0.50155,-0.48631,0.51001,786.01373
0.05667,0.14879,0.14096,0.50184,0.50155,-0.48631,0.51001,786.44590
0.05666,0.14924,0.14096,0.50184,0.50155,-0.48631,0.51001,786.91142
0.05665,0.14972,0.14096,0.50184,0.50155,-0.48631,0.51001,787.40480
0.05664,0.15023,0.14097,0.50184,0.50155,-0.48631,0.51001,787.92020
0.05663,0.15075,0.14097,0.50184,0.50155,-0.48631,0.51001,788.45153
0.05662,0.15129,0.14097,0.50184,0.50155,-0.48631,0.51001,788.99247
0.05660,0.15182,0.14098,0.50184,0.50155,-0.48631,0.51001,789.53662
0.05659,0.15237,0.14098,0.50184,0.50155,-0.48631,0.51001,790.07751
0.05658,0.15290,0.14099,0.50184,0.50155,-0.48631,0.51001,790.60870
0.05657,0.15343,0.14099,0.50184,0.50155,-0.48631,0.51001,791.12388
0.05655,0.15393,0.14099,0.50184,0.50155,-0.48631,0.51001,791.61690
0.05654,0.15441,0.14100,0.50184,0.50155,-0.48631,0.51001,792.08187
0.05653,0.15486,0.14100,0.50184,0.50155,-0.48631,0.51001,792.51325
0.05652,0.15528,0.14100,0.50184,0.50155,-0.48631,0.51001,792.90587
0.05651,0.15565,0.14100,0.50184,0.50155,-0.48631,0.51001,793.25503
0.05651,0.15598,0.14101,0.50184,0.50155,-0.48631,0.51001,793.55653
0.05650,0.15625,0.14101,0.50184,0.50155,-0.48631,0.51001,793.80675
0.05649,0.15648,0.14101,0.50184,0.50155,-0.48631,0.51001,794.00266
0.05649,0.15664,0.14101,0.50184,0.50155,-0.48631,0.51001,794.14190
0.05649,0.15675,0.14101,0.50184,0.50155,-0.48631,0.51001,794.22275
0.05649,0.15681,0.14101,0.50184,0.50155,-0.48631,0.51001,794.24422
0.05649,0.15680,0.14101,0.50184,0.50155,-0.48631,0.51001,794.28243
0.05649,0.15673,0.14101,0.50184,0.50155,-0.48631,0.51001,794.37990
0.05649,0.15660,0.14101,0.50184,0.50155,-0.48631,0.51001,794.53550
0.05650,0.15642,0.14101,0.50184,0.50155,-0.48631,0.51001,794.74741
0.05650,0.15618,0.14101,0.50184,0.50155,-0.48631,0.51001,795.01313
0.05651,0.15589,0.14101,0.50184,0.50155,-0.48631,0.51001,795.32950
0.05652,0.15555,0.14100,0.50184,0.50155,-0.48631,0.51001,795.69278
0.05653,0.15516,0.14100,0.50184,0.50155,-0.48631,0.51001,796.09862
0.05654,0.15473,0.14100,0.50184,0.50155,-0.48631,0.51001,796.54220
0.05655,0.15427,0.14100,0.50184,0.50155,-0.48631,0.51001,797.01821
0.05656,0.15378,0.14099,0.50184,0.50155,-0.48631,0.51001,797.52095
0.05657,0.15327,0.14099,0.50184,0.50155,-0.48631,0.51001,798.04441
0.05658,0.15274,0.14098,0.50184,0.50155,-0.48631,0.51001,798.58230
0.05659,0.15219,0.14098,0.50184,0.50155,-0.48631,0.51001,799.12818
0.05661,0.15164,0.14098,0.50184,0.50155,-0.48631,0.51001,799.67546
0.05662,0.15111,0.14097,0.50184,0.50155,-0.48631,0.51001,800.21758
0.05663,0.15057,0.14097,0.50184,0.50155,-0.48631,0.51001,800.74800
0.05665,0.15005,0.14097,0.50184,0.50155,-0.48631,0.51001,801.26033
0.05666,0.14954,0.14096,0.50184,0.50155,-0.48631,0.51001,801.74837
0.05667,0.14907,0.14096,0.50184,0.50155,-0.48631,0.51001,802.20624
0.05668,0.14863,0.14096,0.50184,0.50155,-0.48631,0.51001,802.62838
0.05669,0.14823,0.14095,0.50184,0.50155,-0.48631,0.51001,803.00968
0.05670,0.14787,0.14095,0.50184,0.50155,-0.48631,0.51001,803.34551
0.05670,0.14755,0.14095,0.50184,0.50155,-0.48631,0.51001,803.63180
0.05671,0.14729,0.14095,0.50184,0.50155,-0.48631,0.51001,803.86503
0.05671,0.14709,0.14095,0.50184,0.50155,-0.48631,0.51001,804.04237
0.05672,0.14694,0.14095,0.50184,0.50155,-0.48631,0.51001,804.16163
0.05672,0.14685,0.14094,0.50184,0.50155,-0.48631,0.51001,804.22133
0.05672,0.14682,0.14094,0.50184,0.50155,-0.48631,0.51001,804.22195
0.05672,0.14685,0.14094,0.50184,0.50155,-0.48631,0.51001,804.28292
0.05672,0.14694,0.14095,0.50184,0.50155,-0.48631,0.51001,804.40354
0.05671,0.14709,0.14095,0.50184,0.50155,-0.48631,0.51001,804.58239
0.05671,0.14730,0.14095,0.50184,0.50155,-0.48631,0.51001,804.81734
0.05670,0.14756,0.14095,0.50184,0.50155,-0.48631,0.51001,805.10558
0.05670,0.14788,0.14095,0.50184,0.50155,-0.48631,0.51001,805.44363
0.05669,0.14824,0.14095,0.50184,0.50155,-0.48631,0.51001,805.82744
0.05668,0.14864,0.14096,0.50184,0.50155,-0.48631,0.51001,806.25237
0.05667,0.14909,0.14096,0.50184,0.50155,-0.48631,0.51001,806.71328
0.05666,0.14957,0.14096,0.50184,0.50155,-0.48631,0.51001,807.20459
0.05664,0.15007,0.14097,0.50184,0.50155,-0.48631,0.51001,807.72035
0.05663,0.15060,0.14097,0.50184,0.50155,-0.48631,0.51001,808.25430
0.05662,0.15114,0.14097,0.50184,0.50155,-0.48631,0.51001,808.79996
0.05661,0.15168,0.14098,0.50184,0.50155,-0.48631,0.51001,809.35068
0.05659,0.15223,0.14098,0.50184,0.50155,-0.48631,0.51001,809.89977
0.05658,0.15278,0.14099,0.50184,0.50155,-0.48631,0.51001,810.44052
0.05657,0.15331,0.14099,0.50184,0.50155,-0.48631,0.51001,810.96634
0.05656,0.15383,0.14099,0.50184,0.50155,-0.48631,0.51001,811.47082
0.05654,0.15432,0.14100,0.50184,0.50155,-0.48631,0.51001,811.94777
0.05653,0.15478,0.14100,0.50184,0.50155,-0.48631,0.51001,812.39136
0.05652,0.15521,0.14100,0.50184,0.50155,-0.48631,0.51001,812.79614
0.05651,0.15559,0.14100,0.50184,0.50155,-0.48631,0.51001,813.15716
0.05651,0.15593,0.14101,0.50184,0.50155,-0.48631,0.51001,813.46996
0.05650,0.15622,0.14101,0.50184,0.50155,-0.48631,0.51001,813.73069
0.05649,0.15645,0.14101,0.50184,0.50155,-0.48631,0.51001,813.93613
0.05649,0.15663,0.14101,0.50184,0.50155,-0.48631,0.51001,814.08373
0.05649,0.15675,0.14101,0.50184,0.50155,-0.48631,0.51001,814.17164
0.05649,0.15680,0.14101,0.50184,0.50155,-0.48631,0.51001,814.19875
0.05649,0.15680,0.14101,0.50184,0.50155,-0.48631,0.51001,814.23281
0.05649,0.15674,0.14101,0.50184,0.50155,-0.48631,0.51001,814.32768
0.05649,0.15661,0.14101,0.50184,0.50155,-0.48631,0.51001,814.48221
0.05650,0.15643,0.14101,0.50184,0.50155,-0.48631,0.51001,814.69456
0.05650,0.15619,0.14101,0.50184,0.50155,-0.48631,0.51001,814.96215
0.05651,0.15589,0.14101,0.50184,0.50155,-0.48631,0.51001,815.28174
0.05652,0.15555,0.14100,0.50184,0.50155,-0.48631,0.51001,815.64942
0.05653,0.15516,0.14100,0.50184,0.50155,-0.48631,0.51001,816.06072
0.05654,0.15472,0.14100,0.50184,0.50155,-0.48631,0.51001,816.51060
0.05655,0.15426,0.14100,0.50184,0.50155,-0.48631,0.51001,816.99355
0.05656,0.15376,0.14099,0.50184,0.50155,-0.48631,0.51001,817.50364
0.05657,0.15324,0.14099,0.50184,0.50155,-0.48631,0.51001,818.03463
0.05658,0.15270,0.14098,0.50184,0.50155,-0.48631,0.51001,818.57997
0.05660,0.15215,0.14098,0.50184,0.50155,-0.48631,0.51001,819.13295
0.05661,0.15160,0.14098,0.50184,0.50155,-0.48631,0.51001,819.68677
0.05662,0.15105,0.14097,0.50184,0.50155,-0.48631,0.51001,820.23460
0.05663,0.15050,0.14097,0.50184,0.50155,-0.48631,0.51001,820.76966
0.05665,0.14998,0.14097,0.50184,0.50155,-0.48631,0.51001,821.28534
0.05666,0.14947,0.14096,0.50184,0.50155,-0.48631,0.51001,821.77527
0.05667,0.14900,0.14096,0.50184,0.50155,-0.48631,0.51001,822.23338
0.05668,0.14856,0.14096,0.50184,0.50155,-0.48631,0.51001,822.65397
0.05669,0.14816,0.14095,0.50184,0.50155,-0.48631,0.51001,823.03183
0.05670,0.14780,0.14095,0.50184,0.50155,-0.48631,0.51001,823.36225
0.05671,0.14750,0.14095,0.50184,0.50155,-0.48631,0.51001,823.64112
0.05671,0.14724,0.14095,0.50184,0.50155,-0.48631,0.51001,823.86495
0.05672,0.14705,0.14095,0.50184,0.50155,-0.48631,0.51001,824.03092
0.05672,0.14691,0.14095,0.50184,0.50155,-0.48631,0.51001,824.13695
0.05672,0.14684,0.14094,0.50184,0.50155,-0.48631,0.51001,824.18168
0.05672,0.14682,0.14094,0.50184,0.50155,-0.48631,0.51001,824.19884
0.05672,0.14687,0.14094,0.50184,0.50155,-0.48631,0.51001,824.27772
0.05672,0.14698,0.14095,0.50184,0.50155,-0.48631,0.51001,824.41738
0.05671,0.14715,0.14095,0.50184,0.50155,-0.48631,0.51001,824.61611
0.05671,0.14738,0.14095,0.50184,0.50155,-0.48631,0.51001,824.87150
0.05670,0.14766,0.14095,0.50184,0.50155,-0.48631,0.51001,825.18041
0.05669,0.14800,0.14095,0.50184,0.50155,-0.48631,0.51001,825.53902
0.05668,0.14838,0.14096,0.50184,0.50155,-0.48631,0.51001,825.94290
0.05667,0.14880,0.14096,0.50184,0.50155,-0.48631,0.51001,826.38707
0.05666,0.14927,0.14096,0.50184,0.50155,-0.48631,0.51001,826.86601
0.05665,0.14976,0.14096,0.50184,0.50155,-0.48631,0.51001,827.37377
0.05664,0.15028,0.14097,0.50184,0.50155,-0.48631,0.51001,827.90407
0.05663,0.15082,0.14097,0.50184,0.50155,-0.48631,0.51001,828.45028
0.05661,0.15137,0.14098,0.50184,0.50155,-0.48631,0.51001,829.00562
0.05660,0.15192,0.14098,0.50184,0.50155,-0.48631,0.51001,829.56315
0.05659,0.15248,0.14098,0.50184,0.50155,-0.48631,0.51001,830.11593
0.05658,0.15303,0.14099,0.50184,0.50155,-0.48631,0.51001,830.65704
0.05656,0.15356,0.14099,0.50184,0.50155,-0.48631,0.51001,831.17971
0.05655,0.15407,0.14099,0.50184,0.50155,-0.48631,0.51001,831.67741
0.05654,0.15456,0.14100,0.50184,0.50155,-0.48631,0.51001,832.14388
0.05653,0.15501,0.14100,0.50184,0.50155,-0.48631,0.51001,832.57329
0.05652,0.15542,0.14100,0.50184,0.50155,-0.48631,0.51001,832.96022
0.05651,0.15578,0.14101,0.50184,0.50155,-0.48631,0.51001,833.29981
0.05650,0.15609,0.14101,0.50184,0.50155,-0.48631,0.51001,833.58777
0.05650,0.15636,0.14101,0.50184,0.50155,-0.48631,0.51001,833.82046
0.05649,0.15656,0.14101,0.50184,0.50155,-0.48631,0.51001,833.99493
0.05649,0.15670,0.14101,0.50184,0.50155,-0.48631,0.51001,834.10895
0.05649,0.15679,0.14101,0.50184,0.50155,-0.48631,0.51001,834.16106
0.05649,0.15681,0.14101,0.50184,0.50155,-0.48631,0.51001,834.17156
0.05649,0.15677,0.14101,0.50184,0.50155,-0.48631,0.51001,834.24458
0.05649,0.15666,0.14101,0.50184,0.50155,-0.48631,0.51001,834.37923
0.05649,0.15650,0.14101,0.50184,0.50155,-0.48631,0.51001,834.57387
0.05650,0.15627,0.14101,0.50184,0.50155,-0.48631,0.51001,834.82609
0.05651,0.15599,0.14101,0.50184,0.50155,-0.48631,0.51001,835.13275
0.05651,0.15566,0.14100,0.50184,0.50155,-0.48631,0.51001,835.49003
0.05652,0.15528,0.14100,0.50184,0.50155,-0.48631,0.51001,835.89345
0.05653,0.15485,0.14100,0.50184,0.50155,-0.48631,0.51001,836.33797
0.05654,0.15439,0.14100,0.50184,0.50155,-0.48631,0.51001,836.81802
0.05655,0.15389,0.14099,0.50184,0.50155,-0.48631,0.51001,837.32756
0.05657,0.15337,0.14099,0.50184,0.50155,-0.48631,0.51001,837.86019
0.05658,0.15283,0.14099,0.50184,0.50155,-0.48631,0.51001,838.40920
0.05659,0.15227,0.14098,0.50184,0.50155,-0.48631,0.51001,838.96767
0.05661,0.15171,0.14098,0.50184,0.50155,-0.48631,0.51001,839.52856
0.05662,0.15116,0.14097,0.50184,0.50155,-0.48631,0.51001,840.08478
0.05663,0.15061,0.14097,0.50184,0.50155,-0.48631,0.51001,840.62930
0.05664,0.15007,0.14097,0.50184,0.50155,-0.48631,0.51001,841.15523
0.05666,0.14956,0.14096,0.50184,0.50155,-0.48631,0.51001,841.65590
0.05667,0.14907,0.14096,0.50184,0.50155,-0.48631,0.51001,842.12497
0.05668,0.14862,0.14096,0.50184,0.50155,-0.48631,0.51001,842.55646
0.05669,0.14821,0.14095,0.50184,0.50155,-0.48631,0.51001,842.94491
0.05670,0.14784,0.14095,0.50184,0.50155,-0.48631,0.51001,843.28535
0.05670,0.14753,0.14095,0.50184,0.50155,-0.48631,0.51001,843.57344
0.05671,0.14727,0.14095,0.50184,0.50155,-0.48631,0.51001,843.80549
0.05672,0.14706,0.14095,0.50184,0.50155,-0.48631,0.51001,843.97853
0.05672,0.14692,0.14095,0.50184,0.50155,-0.48631,0.51001,844.09032
0.05672,0.14684,0.14094,0.50184,0.50155,-0.48631,0.51001,844.13940
0.05672,0.14682,0.14094,0.50184,0.50155,-0.48631,0.51001,844.15369
0.05672,0.14687,0.14094,0.50184,0.50155,-0.48631,0.51001,844.23121
0.05672,0.14698,0.14095,0.50184,0.50155,-0.48631,0.51001,844.37101
0.05671,0.14715,0.14095,0.50184,0.50155,-0.48631,0.51001,844.57135
0.05671,0.14738,0.14095,0.50184,0.50155,-0.48631,0.51001,844.82973
0.05670,0.14766,0.14095,0.50184,0.50155,-0.48631,0.51001,845.14289
0.05669,0.14800,0.14095,0.50184,0.50155,-0.48631,0.51001,845.50688
0.05668,0.14839,0.14096,0.50184,0.50155,-0.48631,0.51001,845.91709
0.05667,0.14882,0.14096,0.50184,0.50155,-0.48631,0.51001,846.36832
0.05666,0.14929,0.14096,0.50184,0.50155,-0.48631,0.51001,846.85485
0.05665,0.14980,0.14096,0.50184,0.50155,-0.48631,0.51001,847.37049
0.05664,0.15033,0.14097,0.50184,0.50155,-0.48631,0.51001,847.90868
0.05663,0.15087,0.14097,0.50184,0.50155,-0.48631,0.51001,848.46257
0.05661,0.15143,0.14098,0.50184,0.50155,-0.48631,0.51001,849.02508
0.05660,0.15199,0.14098,0.50184,0.50155,-0.48631,0.51001,849.58904
0.05659,0.15255,0.14098,0.50184,0.50155,-0.48631,0.51001,850.14724
0.05657,0.15310,0.14099,0.50184,0.50155,-0.48631,0.51001,850.69253
0.05656,0.15364,0.14099,0.50184,0.50155,-0.48631,0.51001,851.21793
0.05655,0.15416,0.14099,0.50184,0.50155,-0.48631,0.51001,851.71671
0.05654,0.15464,0.14100,0.50184,0.50155,-0.48631,0.51001,852.18246
0.05653,0.15509,0.14100,0.50184,0.50155,-0.48631,0.51001,852.60919
0.05652,0.15549,0.14100,0.50184,0.50155,-0.48631,0.51001,852.99141
0.05651,0.15585,0.14101,0.50184,0.50155,-0.48631,0.51001,853.32419
0.05650,0.15616,0.14101,0.50184,0.50155,-0.48631,0.51001,853.60323
0.05650,0.15641,0.14101,0.50184,0.50155,-0.48631,0.51001,853.82492
0.05649,0.15660,0.14101,0.50184,0.50155,-0.48631,0.51001,853.98637
0.05649,0.15673,0.14101,0.50184,0.50155,-0.48631,0.51001,854.08548
0.05649,0.15680,0.14101,0.50184,0.50155,-0.48631,0.51001,854.12093
0.05649,0.15680,0.14101,0.50184,0.50155,-0.48631,0.51001,854.14964
0.05649,0.15674,0.14101,0.50184,0.50155,-0.48631,0.51001,854.24217
0.05649,0.15662,0.14101,0.50184,0.50155,-0.48631,0.51001,854.39738
0.05650,0.15643,0.14101,0.50184,0.50155,-0.48631,0.51001,854.61330
0.05650,0.15619,0.14101,0.50184,0.50155,-0.48631,0.51001,854.88720
0.05651,0.15588,0.14101,0.50184,0.50155,-0.48631,0.51001,855.21558
0.05652,0.15553,0.14100,0.50184,0.50155,-0.48631,0.51001,855.59425
0.05653,0.15513,0.14100,0.50184,0.50155,-0.48631,0.51001,856.01836
0.05654,0.15468,0.14100,0.50184,0.50155,-0.48631,0.51001,856.48247
0.05655,0.15420,0.14099,0.50184,0.50155,-0.48631,0.51001,856.98060
0.05656,0.15369,0.14099,0.50184,0.50155,-0.48631,0.51001,857.50636
0.05657,0.15315,0.14099,0.50184,0.50155,-0.48631,0.51001,858.05298
0.05659,0.15259,0.14098,0.50184,0.50155,-0.48631,0.51001,858.61340
0.05660,0.15203,0.14098,0.50184,0.50155,-0.48631,0.51001,859.18039
0.05661,0.15147,0.14098,0.50184,0.50155,-0.48631,0.51001,859.74662
0.05663,0.15090,0.14097,0.50184,0.50155,-0.48631,0.51001,860.30477
0.05664,0.15035,0.14097,0.50184,0.50155,-0.48631,0.51001,860.84762
0.05665,0.14982,0.14096,0.50184,0.50155,-0.48631,0.51001,861.36812
0.05666,0.14931,0.14096,0.50184,0.50155,-0.48631,0.51001,861.85951
0.05667,0.14884,0.14096,0.50184,0.50155,-0.48631,0.51001,862.31543
0.05668,0.14840,0.14096,0.50184,0.50155,-0.48631,0.51001,862.72993
0.05669,0.14801,0.14095,0.50184,0.50155,-0.48631,0.51001,863.09761
0.05670,0.14766,0.14095,0.50184,0.50155,-0.48631,0.51001,863.41367
0.05671,0.14737,0.14095,0.50184,0.50155,-0.48631,0.51001,863.67398
0.05671,0.14714,0.14095,0.50184,0.50155,-0.48631,0.51001,863.87513
0.05672,0.14697,0.14095,0.50184,0.50155,-0.48631,0.51001,864.01447
0.05672,0.14686,0.14094,0.50184,0.50155,-0.48631,0.51001,864.09013
0.05672,0.14682,0.14094,0.50184,0.50155,-0.48631,0.51001,864.10111
0.05672,0.14684,0.14094,0.50184,0.50155,-0.48631,0.51001,864.15500
0.05672,0.14693,0.14095,0.50184,0.50155,-0.48631,0.51001,864.27311
0.05672,0.14708,0.14095,0.50184,0.50155,-0.48631,0.51001,864.45392
0.05671,0.14729,0.14095,0.50184,0.50155,-0.48631,0.51001,864.69513
0.05670,0.14756,0.14095,0.50184,0.50155,-0.48631,0.51001,864.99364
0.05670,0.14789,0.14095,0.50184,0.50155,-0.48631,0.51001,865.34558
0.05669,0.14826,0.14095,0.50184,0.50155,-0.48631,0.51001,865.74641
0.05668,0.14869,0.14096,0.50184,0.50155,-0.48631,0.51001,866.19093
0.05667,0.14915,0.14096,0.50184,0.50155,-0.48631,0.51001,866.67336
0.05665,0.14965,0.14096,0.50184,0.50155,-0.48631,0.51001,867.18742
0.05664,0.15018,0.14097,0.50184,0.50155,-0.48631,0.51001,867.72644
0.05663,0.15073,0.14097,0.50184,0.50155,-0.48631,0.51001,868.28337
0.05662,0.15130,0.14097,0.50184,0.50155,-0.48631,0.51001,868.85095
0.05660,0.15186,0.14098,0.50184,0.50155,-0.48631,0.51001,869.42177
0.05659,0.15243,0.14098,0.50184,0.50155,-0.48631,0.51001,869.98835
0.05658,0.15299,0.14099,0.50184,0.50155,-0.48631,0.51001,870.54330
0.05656,0.15354,0.14099,0.50184,0.50155,-0.48631,0.51001,871.07932
0.05655,0.15406,0.14099,0.50184,0.50155,-0.48631,0.51001,871.58938
0.05654,0.15456,0.14100,0.50184,0.50155,-0.48631,0.51001,872.06680
0.05653,0.15502,0.14100,0.50184,0.50155,-0.48631,0.51001,872.50529
0.05652,0.15543,0.14100,0.50184,0.50155,-0.48631,0.51001,872.89907
0.05651,0.15580,0.14101,0.50184,0.50155,-0.48631,0.51001,873.24295
0.05650,0.15612,0.14101,0.50184,0.50155,-0.48631,0.51001,873.53239
0.05650,0.15638,0.14101,0.50184,0.50155,-0.48631,0.51001,873.76354
0.05649,0.15658,0.14101,0.50184,0.50155,-0.48631,0.51001,873.93335
0.05649,0.15672,0.14101,0.50184,0.50155,-0.48631,0.51001,874.03954
0.05649,0.15680,0.14101,0.50184,0.50155,-0.48631,0.51001,874.08067
0.05649,0.15681,0.14101,0.50184,0.50155,-0.48631,0.51001,874.10518
0.05649,0.15675,0.14101,0.50184,0.50155,-0.48631,0.51001,874.19504
0.05649,0.15663,0.14101,0.50184,0.50155,-0.48631,0.51001,874.34912
0.05649,0.15644,0.14101,0.50184,0.50155,-0.48631,0.51001,874.56542
0.05650,0.15619,0.14101,0.50184,0.50155,-0.48631,0.51001,874.84113
0.05651,0.15589,0.14101,0.50184,0.50155,-0.48631,0.51001,875.17267
0.05652,0.15553,0.14100,0.50184,0.50155,-0.48631,0.51001,875.55568
0.05653,0.15512,0.14100,0.50184,0.50155,-0.48631,0.51001,875.98515
0.05654,0.15467,0.14100,0.50184,0.50155,-0.48631,0.51001,876.45544
0.05655,0.15418,0.14099,0.50184,0.50155,-0.48631,0.51001,876.96038
0.05656,0.15366,0.14099,0.50184,0.50155,-0.48631,0.51001,877.49330
0.05657,0.15312,0.14099,0.50184,0.50155,-0.48631,0.51001,878.04719
0.05659,0.15255,0.14098,0.50184,0.50155,-0.48631,0.51001,878.61473
0.05660,0.15198,0.14098,0.50184,0.50155,-0.48631,0.51001,879.18844
0.05661,0.15142,0.14098,0.50184,0.50155,-0.48631,0.51001,879.76073
0.05663,0.15085,0.14097,0.50184,0.50155,-0.48631,0.51001,880.32402
0.05664,0.15029,0.14097,0.50184,0.50155,-0.48631,0.51001,880.87084
0.05665,0.14975,0.14096,0.50184,0.50155,-0.48631,0.51001,881.39395
0.05666,0.14924,0.14096,0.50184,0.50155,-0.48631,0.51001,881.88640
0.05668,0.14877,0.14096,0.50184,0.50155,-0.48631,0.51001,882.34164
0.05669,0.14833,0.14095,0.50184,0.50155,-0.48631,0.51001,882.75361
0.05669,0.14794,0.14095,0.50184,0.50155,-0.48631,0.51001,883.11682
0.05670,0.14761,0.14095,0.50184,0.50155,-0.48631,0.51001,883.42641
0.05671,0.14732,0.14095,0.50184,0.50155,-0.48631,0.51001,883.67825
0.05671,0.14710,0.14095,0.50184,0.50155,-0.48631,0.51001,883.86895
0.05672,0.14694,0.14095,0.50184,0.50155,-0.48631,0.51001,883.99594
0.05672,0.14685,0.14094,0.50184,0.50155,-0.48631,0.51001,884.05749
0.05672,0.14682,0.14094,0.50184,0.50155,-0.48631,0.51001,884.06224
0.05672,0.14686,0.14094,0.50184,0.50155,-0.48631,0.51001,884.13326
0.05672,0.14696,0.14095,0.50184,0.50155,-0.48631,0.51001,884.26965
0.05671,0.14713,0.14095,0.50184,0.50155,-0.48631,0.51001,884.46963
0.05671,0.14736,0.14095,0.50184,0.50155,-0.48631,0.51001,884.73059
0.05670,0.14765,0.14095,0.50184,0.50155,-0.48631,0.51001,885.04907
0.05669,0.14800,0.14095,0.50184,0.50155,-0.48631,0.51001,885.42088
0.05668,0.14840,0.14096,0.50184,0.50155,-0.48631,0.51001,885.84107
0.05667,0.14884,0.14096,0.50184,0.50155,-0.48631,0.51001,886.30408
0.05666,0.14932,0.14096,0.50184,0.50155,-0.48631,0.51001,886.80375
0.05665,0.14984,0.14097,0.50184,0.50155,-0.48631,0.51001,887.33342
0.05664,0.15038,0.14097,0.50184,0.50155,-0.48631,0.51001,887.88605
0.05662,0.15094,0.14097,0.50184,0.50155,-0.48631,0.51001,888.45426
0.05661,0.15152,0.14098,0.50184,0.50155,-0.48631,0.51001,889.03045
0.05660,0.15209,0.14098,0.50184,0.50155,-0.48631,0.51001,889.60693
0.05658,0.15266,0.14098,0.50184,0.50155,-0.48631,0.51001,890.17599
0.05657,0.15322,0.14099,0.50184,0.50155,-0.48631,0.51001,890.72999
0.05656,0.15377,0.14099,0.50184,0.50155,-0.48631,0.51001,891.26151
0.05655,0.15429,0.14100,0.50184,0.50155,-0.48631,0.51001,891.76341
0.05653,0.15477,0.14100,0.50184,0.50155,-0.48631,0.51001,892.22895
0.05652,0.15522,0.14100,0.50184,0.50155,-0.48631,0.51001,892.65185
0.05651,0.15562,0.14100,0.50184,0.50155,-0.48631,0.51001,893.02643
0.05651,0.15597,0.14101,0.50184,0.50155,-0.48631,0.51001,893.34763
0.05650,0.15626,0.14101,0.50184,0.50155,-0.48631,0.51001,893.61109
0.05649,0.15649,0.14101,0.50184,0.50155,-0.48631,0.51001,893.81324
0.05649,0.15667,0.14101,0.50184,0.50155,-0.48631,0.51001,893.95133
0.05649,0.15677,0.14101,0.50184,0.50155,-0.48631,0.51001,894.02347
0.05649,0.15681,0.14101,0.50184,0.50155,-0.48631,0.51001,894.02864
0.05649,0.15678,0.14101,0.50184,0.50155,-0.48631,0.51001,894.09055
0.05649,0.15669,0.14101,0.50184,0.50155,-0.48631,0.51001,894.21875
0.05649,0.15652,0.14101,0.50184,0.50155,-0.48631,0.51001,894.41154
0.05650,0.15630,0.14101,0.50184,0.50155,-0.48631,0.51001,894.66638
0.05650,0.15602,0.14101,0.50184,0.50155,-0.48631,0.51001,894.97987
0.05651,0.15567,0.14100,0.50184,0.50155,-0.48631,0.51001,895.34781
0.05652,0.15528,0.14100,0.50184,0.50155,-0.48631,0.51001,895.76528
0.05653,0.15484,0.14100,0.50184,0.50155,-0.48631,0.51001,896.22667
0.05654,0.15436,0.14100,0.50184,0.50155,-0.48631,0.51001,896.72579
0.05656,0.15384,0.14099,0.50184,0.50155,-0.48631,0.51001,897.25591
0.05657,0.15330,0.14099,0.50184,0.50155,-0.48631,0.51001,897.80989
0.05658,0.15273,0.14098,0.50184,0.50155,-0.48631,0.51001,898.38027
0.05660,0.15216,0.14098,0.50184,0.50155,-0.48631,0.51001,898.95933
0.05661,0.15158,0.14098,0.50184,0.50155,-0.48631,0.51001,899.53925
0.05662,0.15101,0.14097,0.50184,0.50155,-0.48631,0.51001,900.11218
0.05664,0.15044,0.14097,0.50184,0.50155,-0.48631,0.51001,900.67037
0.05665,0.14989,0.14097,0.50184,0.50155,-0.48631,0.51001,901.20623
0.05666,0.14937,0.14096,0.50184,0.50155,-0.48631,0.51001,901.71251
0.05667,0.14888,0.14096,0.50184,0.50155,-0.48631,0.51001,902.18232
0.05668,0.14843,0.14096,0.50184,0.50155,-0.48631,0.51001,902.60926
0.05669,0.14802,0.14095,0.50184,0.50155,-0.48631,0.51001,902.98752
0.05670,0.14767,0.14095,0.50184,0.50155,-0.48631,0.51001,903.31194
0.05671,0.14737,0.14095,0.50184,0.50155,-0.48631,0.51001,903.57807
0.05671,0.14714,0.14095,0.50184,0.50155,-0.48631,0.51001,903.78227
0.05672,0.14697,0.14095,0.50184,0.50155,-0.48631,0.51001,903.92172
0.05672,0.14686,0.14094,0.50184,0.50155,-0.48631,0.51001,903.99449
0.05672,0.14682,0.14094,0.50184,0.50155,-0.48631,0.51001,903.99955
0.05672,0.14685,0.14094,0.50184,0.50155,-0.48631,0.51001,904.06231
0.05672,0.14695,0.14095,0.50184,0.50155,-0.48631,0.51001,904.19208
0.05671,0.14711,0.14095,0.50184,0.50155,-0.48631,0.51001,904.38714
0.05671,0.14734,0.14095,0.50184,0.50155,-0.48631,0.51001,904.64485
0.05670,0.14762,0.14095,0.50184,0.50155,-0.48631,0.51001,904.96177
0.05669,0.14797,0.14095,0.50184,0.50155,-0.48631,0.51001,905.33358
0.05668,0.14837,0.14096,0.50184,0.50155,-0.48631,0.51001,905.75527
0.05667,0.14881,0.14096,0.50184,0.50155,-0.48631,0.51001,906.22111
0.05666,0.14930,0.14096,0.50184,0.50155,-0.48631,0.51001,906.72477
0.05665,0.14982,0.14096,0.50184,0.50155,-0.48631,0.51001,907.25938
0.05664,0.15037,0.14097,0.50184,0.50155,-0.48631,0.51001,907.81768
0.05662,0.15094,0.14097,0.50184,0.50155,-0.48631,0.51001,908.39204
0.05661,0.15152,0.14098,0.50184,0.50155,-0.48631,0.51001,908.97462
0.05660,0.15209,0.14098,0.50184,0.50155,-0.48631,0.51001,909.55746
0.05658,0.15267,0.14098,0.50184,0.50155,-0.48631,0.51001,910.13258
0.05657,0.15324,0.14099,0.50184,0.50155,-0.48631,0.51001,910.69211
0.05656,0.15379,0.14099,0.50184,0.50155,-0.48631,0.51001,911.22837
0.05654,0.15431,0.14100,0.50184,0.50155,-0.48631,0.51001,911.73401
0.05653,0.15480,0.14100,0.50184,0.50155,-0.48631,0.51001,912.20207
0.05652,0.15525,0.14100,0.50184,0.50155,-0.48631,0.51001,912.62612
0.05651,0.15565,0.14100,0.50184,0.50155,-0.48631,0.51001,913.00032
0.05651,0.15600,0.14101,0.50184,0.50155,-0.48631,0.51001,913.31949
0.05650,0.15629,0.14101,0.50184,0.50155,-0.48631,0.51001,913.57922
0.05649,0.15652,0.14101,0.50184,0.50155,-0.48631,0.51001,913.77592
0.05649,0.15668,0.14101,0.50184,0.50155,-0.48631,0.51001,913.90683
0.05649,0.15678,0.14101,0.50184,0.50155,-0.48631,0.51001,913.97013
0.05649,0.15681,0.14101,0.50184,0.50155,-0.48631,0.51001,913.97536
0.05649,0.15677,0.14101,0.50184,0.50155,-0.48631,0.51001,914.04910
0.05649,0.15666,0.14101,0.50184,0.50155,-0.48631,0.51001,914.19036
0.05649,0.15649,0.14101,0.50184,0.50155,-0.48631,0.51001,914.39725
0.05650,0.15625,0.14101,0.50184,0.50155,-0.48631,0.51001,914.66695
0.05651,0.15595,0.14101,0.50184,0.50155,-0.48631,0.51001,914.99579
0.05651,0.15559,0.14100,0.50184,0.50155,-0.48631,0.51001,915.37927
0.05652,0.15518,0.14100,0.50184,0.50155,-0.48631,0.51001,915.81214
0.05654,0.15473,0.14100,0.50184,0.50155,-0.48631,0.51001,916.28845
0.05655,0.15423,0.14099,0.50184,0.50155,-0.48631,0.51001,916.80166
0.05656,0.15370,0.14099,0.50184,0.50155,-0.48631,0.51001,917.34470
0.05657,0.15314,0.14099,0.50184,0.50155,-0.48631,0.51001,917.91010
0.05659,0.15257,0.14098,0.50184,0.50155,-0.48631,0.51001,918.49005
0.05660,0.15198,0.14098,0.50184,0.50155,-0.48631,0.51001,919.07656
0.05661,0.15140,0.14098,0.50184,0.50155,-0.48631,0.51001,919.66150
0.05663,0.15082,0.14097,0.50184,0.50155,-0.48631,0.51001,920.23679
0.05664,0.15025,0.14097,0.50184,0.50155,-0.48631,0.51001,920.79446
0.05665,0.14971,0.14096,0.50184,0.50155,-0.48631,0.51001,921.32679
0.05667,0.14919,0.14096,0.50184,0.50155,-0.48631,0.51001,921.82637
0.05668,0.14871,0.14096,0.50184,0.50155,-0.48631,0.51001,922.28628
0.05669,0.14827,0.14095,0.50184,0.50155,-0.48631,0.51001,922.70011
0.05670,0.14788,0.14095,0.50184,0.50155,-0.48631,0.51001,923.06209
0.05670,0.14755,0.14095,0.50184,0.50155,-0.48631,0.51001,923.36717
0.05671,0.14727,0.14095,0.50184,0.50155,-0.48631,0.51001,923.61108
0.05672,0.14706,0.14095,0.50184,0.50155,-0.48631,0.51001,923.79041
0.05672,0.14691,0.14095,0.50184,0.50155,-0.48631,0.51001,923.90261
0.05672,0.14683,0.14094,0.50184,0.50155,-0.48631,0.51001,923.94610
0.05672,0.14682,0.14094,0.50184,0.50155,-0.48631,0.51001,923.97198
0.05672,0.14689,0.14095,0.50184,0.50155,-0.48631,0.51001,924.06691
0.05672,0.14701,0.14095,0.50184,0.50155,-0.48631,0.51001,924.22961
0.05671,0.14721,0.14095,0.50184,0.50155,-0.48631,0.51001,924.45785
0.05671,0.14747,0.14095,0.50184,0.50155,-0.48631,0.51001,924.74850
0.05670,0.14779,0.14095,0.50184,0.50155,-0.48631,0.51001,925.09755
0.05669,0.14817,0.14095,0.50184,0.50155,-0.48631,0.51001,925.50017
0.05668,0.14860,0.14096,0.50184,0.50155,-0.48631,0.51001,925.95077
0.05667,0.14907,0.14096,0.50184,0.50155,-0.48631,0.51001,926.44311
0.05666,0.14958,0.14096,0.50184,0.50155,-0.48631,0.51001,926.97034
0.05664,0.15012,0.14097,0.50184,0.50155,-0.48631,0.51001,927.52511
0.05663,0.15069,0.14097,0.50184,0.50155,-0.48631,0.51001,928.09971
0.05662,0.15127,0.14097,0.50184,0.50155,-0.48631,0.51001,928.68612
0.05660,0.15185,0.14098,0.50184,0.50155,-0.48631,0.51001,929.27615
0.05659,0.15244,0.14098,0.50184,0.50155,-0.48631,0.51001,929.86155
0.05658,0.15303,0.14099,0.50184,0.50155,-0.48631,0.51001,930.43414
0.05656,0.15359,0.14099,0.50184,0.50155,-0.48631,0.51001,930.98589
0.05655,0.15413,0.14099,0.50184,0.50155,-0.48631,0.51001,931.50908
0.05654,0.15464,0.14100,0.50184,0.50155,-0.48631,0.51001,931.99635
0.05653,0.15510,0.14100,0.50184,0.50155,-0.48631,0.51001,932.44086
0.05652,0.15552,0.14100,0.50184,0.50155,-0.48631,0.51001,932.83636
0.05651,0.15589,0.14101,0.50184,0.50155,-0.48631,0.51001,933.17727
0.05650,0.15621,0.14101,0.50184,0.50155,-0.48631,0.51001,933.45878
0.05649,0.15646,0.14101,0.50184,0.50155,-0.48631,0.51001,933.67690
0.05649,0.15664,0.14101,0.50184,0.50155,-0.48631,0.51001,933.82853
0.05649,0.15676,0.14101,0.50184,0.50155,-0.48631,0.51001,933.91150
0.05649,0.15681,0.14101,0.50184,0.50155,-0.48631,0.51001,933.92461
0.05649,0.15679,0.14101,0.50184,0.50155,-0.48631,0.51001,933.98159
0.05649,0.15669,0.14101,0.50184,0.50155,-0.48631,0.51001,934.10790
0.05649,0.15653,0.14101,0.50184,0.50155,-0.48631,0.51001,934.30181
0.05650,0.15631,0.14101,0.50184,0.50155,-0.48631,0.51001,934.56062
0.05650,0.15602,0.14101,0.50184,0.50155,-0.48631,0.51001,934.88074
0.05651,0.15567,0.14100,0.50184,0.50155,-0.48631,0.51001,935.25769
0.05652,0.15526,0.14100,0.50184,0.50155,-0.48631,0.51001,935.68620
0.05653,0.15481,0.14100,0.50184,0.50155,-0.48631,0.51001,936.16026
0.05654,0.15431,0.14100,0.50184,0.50155,-0.48631,0.51001,936.67321
0.05656,0.15378,0.14099,0.50184,0.50155,-0.48631,0.51001,937.21785
0.05657,0.15323,0.14099,0.50184,0.50155,-0.48631,0.51001,937.78650
0.05658,0.15265,0.14098,0.50184,0.50155,-0.48631,0.51001,938.37116
0.05660,0.15206,0.14098,0.50184,0.50155,-0.48631,0.51001,938.96357
0.05661,0.15147,0.14098,0.50184,0.50155,-0.48631,0.51001,939.55539
0.05663,0.15088,0.14097,0.50184,0.50155,-0.48631,0.51001,940.13823
0.05664,0.15031,0.14097,0.50184,0.50155,-0.48631,0.51001,940.70385
0.05665,0.14975,0.14096,0.50184,0.50155,-0.48631,0.51001,941.24425
0.05666,0.14923,0.14096,0.50184,0.50155,-0.48631,0.51001,941.75177
0.05668,0.14874,0.14096,0.50184,0.50155,-0.48631,0.51001,942.21919
0.05669,0.14829,0.14095,0.50184,0.50155,-0.48631,0.51001,942.63988
0.05670,0.14789,0.14095,0.50184,0.50155,-0.48631,0.51001,943.00785
0.05670,0.14755,0.14095,0.50184,0.50155,-0.48631,0.51001,943.31786
0.05671,0.14727,0.14095,0.50184,0.50155,-0.48631,0.51001,943.56546
0.05672,0.14706,0.14095,0.50184,0.50155,-0.48631,0.51001,943.74712
0.05672,0.14691,0.14095,0.50184,0.50155,-0.48631,0.51001,943.86022
0.05672,0.14683,0.14094,0.50184,0.50155,-0.48631,0.51001,943.90311
0.05672,0.14683,0.14094,0.50184,0.50155,-0.48631,0.51001,943.93108
0.05672,0.14689,0.14095,0.50184,0.50155,-0.48631,0.51001,944.02956
0.05672,0.14702,0.14095,0.50184,0.50155,-0.48631,0.51001,944.19719
0.05671,0.14722,0.14095,0.50184,0.50155,-0.48631,0.51001,944.43162
0.05671,0.14749,0.14095,0.50184,0.50155,-0.48631,0.51001,944.72956
0.05670,0.14782,0.14095,0.50184,0.50155,-0.48631,0.51001,945.08682
0.05669,0.14821,0.14095,0.50184,0.50155,-0.48631,0.51001,945.49833
0.05668,0.14864,0.14096,0.50184,0.50155,-0.48631,0.51001,945.95828
0.05667,0.14913,0.14096,0.50184,0.50155,-0.48631,0.51001,946.46014
0.05665,0.14965,0.14096,0.50184,0.50155,-0.48631,0.51001,946.99678
0.05664,0.15020,0.14097,0.50184,0.50155,-0.48631,0.51001,947.56058
0.05663,0.15077,0.14097,0.50184,0.50155,-0.48631,0.51001,948.14350
0.05661,0.15136,0.14098,0.50184,0.50155,-0.48631,0.51001,948.73724
0.05660,0.15195,0.14098,0.50184,0.50155,-0.48631,0.51001,949.33333
0.05659,0.15255,0.14098,0.50184,0.50155,-0.48631,0.51001,949.92327
0.05657,0.15313,0.14099,0.50184,0.50155,-0.48631,0.51001,950.49861
0.05656,0.15370,0.14099,0.50184,0.50155,-0.48631,0.51001,951.05114
0.05655,0.15424,0.14099,0.50184,0.50155,-0.48631,0.51001,951.57293
0.05653,0.15474,0.14100,0.50184,0.50155,-0.48631,0.51001,952.05650
0.05652,0.15520,0.14100,0.50184,0.50155,-0.48631,0.51001,952.49492
0.05651,0.15562,0.14100,0.50184,0.50155,-0.48631,0.51001,952.88188
0.05651,0.15598,0.14101,0.50184,0.50155,-0.48631,0.51001,953.21181
0.05650,0.15628,0.14101,0.50184,0.50155,-0.48631,0.51001,953.47995
0.05649,0.15651,0.14101,0.50184,0.50155,-0.48631,0.51001,953.68241
0.05649,0.15668,0.14101,0.50184,0.50155,-0.48631,0.51001,953.81626
0.05649,0.15678,0.14101,0.50184,0.50155,-0.48631,0.51001,953.87954
0.05649,0.15681,0.14101,0.50184,0.50155,-0.48631,0.51001,953.88779
0.05649,0.15677,0.14101,0.50184,0.50155,-0.48631,0.51001,953.96748
0.05649,0.15665,0.14101,0.50184,0.50155,-0.48631,0.51001,954.11752
0.05649,0.15647,0.14101,0.50184,0.50155,-0.48631,0.51001,954.33579
0.05650,0.15621,0.14101,0.50184,0.50155,-0.48631,0.51001,954.61920
0.05651,0.15590,0.14101,0.50184,0.50155,-0.48631,0.51001,954.96371
0.05652,0.15552,0.14100,0.50184,0.50155,-0.48631,0.51001,955.36440
0.05653,0.15510,0.14100,0.50184,0.50155,-0.48631,0.51001,955.81554
0.05654,0.15462,0.14100,0.50184,0.50155,-0.48631,0.51001,956.31066
0.05655,0.15411,0.14099,0.50184,0.50155,-0.48631,0.51001,956.84267
0.05656,0.15356,0.14099,0.50184,0.50155,-0.48631,0.51001,957.40392
0.05658,0.15298,0.14099,0.50184,0.50155,-0.48631,0.51001,957.98634
0.05659,0.15239,0.14098,0.50184,0.50155,-0.48631,0.51001,958.58154
0.05660,0.15179,0.14098,0.50184,0.50155,-0.48631,0.51001,959.18096
0.05662,0.15120,0.14097,0.50184,0.50155,-0.48631,0.51001,959.77593
0.05663,0.15061,0.14097,0.50184,0.50155,-0.48631,0.51001,960.35788
0.05665,0.15004,0.14097,0.50184,0.50155,-0.48631,0.51001,960.91839
0.05666,0.14949,0.14096,0.50184,0.50155,-0.48631,0.51001,961.44935
0.05667,0.14898,0.14096,0.50184,0.50155,-0.48631,0.51001,961.94307
0.05668,0.14851,0.14096,0.50184,0.50155,-0.48631,0.51001,962.39239
0.05669,0.14808,0.14095,0.50184,0.50155,-0.48631,0.51001,962.79079
0.05670,0.14771,0.14095,0.50184,0.50155,-0.48631,0.51001,963.13247
0.05671,0.14740,0.14095,0.50184,0.50155,-0.48631,0.51001,963.41245
0.05671,0.14715,0.14095,0.50184,0.50155,-0.48631,0.51001,963.62665
0.05672,0.14697,0.14095,0.50184,0.50155,-0.48631,0.51001,963.77191
0.05672,0.14686,0.14094,0.50184,0.50155,-0.48631,0.51001,963.84611
0.05672,0.14682,0.14094,0.50184,0.50155,-0.48631,0.51001,963.84810
0.05672,0.14685,0.14094,0.50184,0.50155,-0.48631,0.51001,963.91837
0.05672,0.14696,0.14095,0.50184,0.50155,-0.48631,0.51001,964.05993
0.05671,0.14714,0.14095,0.50184,0.50155,-0.48631,0.51001,964.27076
0.05671,0.14738,0.14095,0.50184,0.50155,-0.48631,0.51001,964.54784
0.05670,0.14769,0.14095,0.50184,0.50155,-0.48631,0.51001,964.88720
0.05669,0.14806,0.14095,0.50184,0.50155,-0.48631,0.51001,965.28393
0.05668,0.14849,0.14096,0.50184,0.50155,-0.48631,0.51001,965.73230
0.05667,0.14896,0.14096,0.50184,0.50155,-0.48631,0.51001,966.22583
0.05666,0.14947,0.14096,0.50184,0.50155,-0.48631,0.51001,966.75735
0.05665,0.15002,0.14097,0.50184,0.50155,-0.48631,0.51001,967.31915
0.05663,0.15060,0.14097,0.50184,0.50155,-0.48631,0.51001,967.90308
0.05662,0.15119,0.14097,0.50184,0.50155,-0.48631,0.51001,968.50064
0.05660,0.15178,0.14098,0.50184,0.50155,-0.48631,0.51001,969.10313
0.05659,0.15238,0.14098,0.50184,0.50155,-0.48631,0.51001,969.70176
0.05658,0.15298,0.14099,0.50184,0.50155,-0.48631,0.51001,970.28782
0.05656,0.15356,0.14099,0.50184,0.50155,-0.48631,0.51001,970.85273
0.05655,0.15411,0.14099,0.50184,0.50155,-0.48631,0.51001,971.38825
0.05654,0.15463,0.14100,0.50184,0.50155,-0.48631,0.51001,971.88653
0.05653,0.15510,0.14100,0.50184,0.50155,-0.48631,0.51001,972.34028
0.05652,0.15553,0.14100,0.50184,0.50155,-0.48631,0.51001,972.74284
0.05651,0.15591,0.14101,0.50184,0.50155,-0.48631,0.51001,973.08830
0.05650,0.15623,0.14101,0.50184,0.50155,-0.48631,0.51001,973.37157
0.05649,0.15648,0.14101,0.50184,0.50155,-0.48631,0.51001,973.58846
0.05649,0.15666,0.14101,0.50184,0.50155,-0.48631,0.51001,973.73577
0.05649,0.15677,0.14101,0.50184,0.50155,-0.48631,0.51001,973.81130
0.05649,0.15681,0.14101,0.50184,0.50155,-0.48631,0.51001,973.81389
0.05649,0.15678,0.14101,0.50184,0.50155,-0.48631,0.51001,973.88431
0.05649,0.15667,0.14101,0.50184,0.50155,-0.48631,0.51001,974.02675
0.05649,0.15649,0.14101,0.50184,0.50155,-0.48631,0.51001,974.23916
0.05650,0.15624,0.14101,0.50184,0.50155,-0.48631,0.51001,974.51847
0.05651,0.15593,0.14101,0.50184,0.50155,-0.48631,0.51001,974.86063
0.05652,0.15556,0.14100,0.50184,0.50155,-0.48631,0.51001,975.26064
0.05653,0.15513,0.14100,0.50184,0.50155,-0.48631,0.51001,975.71267
0.05654,0.15466,0.14100,0.50184,0.50155,-0.48631,0.51001,976.21010
0.05655,0.15414,0.14099,0.50184,0.50155,-0.48631,0.51001,976.74564
0.05656,0.15358,0.14099,0.50184,0.50155,-0.48631,0.51001,977.31145
0.05658,0.15301,0.14099,0.50184,0.50155,-0.48631,0.51001,977.89923
0.05659,0.15241,0.14098,0.50184,0.50155,-0.48631,0.51001,978.50032
0.05660,0.15180,0.14098,0.50184,0.50155,-0.48631,0.51001,979.10590
0.05662,0.15121,0.14097,0.50184,0.50155,-0.48631,0.51001,979.70705
0.05663,0.15061,0.14097,0.50184,0.50155,-0.48631,0.51001,980.29490
0.05665,0.15003,0.14097,0.50184,0.50155,-0.48631,0.51001,980.86078
0.05666,0.14948,0.14096,0.50184,0.50155,-0.48631,0.51001,981.39634
0.05667,0.14896,0.14096,0.50184,0.50155,-0.48631,0.51001,981.89366
0.05668,0.14849,0.14096,0.50184,0.50155,-0.48631,0.51001,982.34538
0.05669,0.14806,0.14095,0.50184,0.50155,-0.48631,0.51001,982.74480
0.05670,0.14769,0.14095,0.50184,0.50155,-0.48631,0.51001,983.08600
0.05671,0.14738,0.14095,0.50184,0.50155,-0.48631,0.51001,983.36389
0.05671,0.14713,0.14095,0.50184,0.50155,-0.48631,0.51001,983.57434
0.05672,0.14695,0.14095,0.50184,0.50155,-0.48631,0.51001,983.71420
0.05672,0.14685,0.14094,0.50184,0.50155,-0.48631,0.51001,983.78134
0.05672,0.14682,0.14094,0.50184,0.50155,-0.48631,0.51001,983.78794
0.05672,0.14686,0.14094,0.50184,0.50155,-0.48631,0.51001,983.86822
0.05672,0.14698,0.14095,0.50184,0.50155,-0.48631,0.51001,984.02105
0.05671,0.14717,0.14095,0.50184,0.50155,-0.48631,0.51001,984.24420
0.05671,0.14743,0.14095,0.50184,0.50155,-0.48631,0.51001,984.53440
0.05670,0.14775,0.14095,0.50184,0.50155,-0.48631,0.51001,984.88740
0.05669,0.14813,0.14095,0.50184,0.50155,-0.48631,0.51001,985.29799
0.05668,0.14857,0.14096,0.50184,0.50155,-0.48631,0.51001,985.76011
0.05667,0.14906,0.14096,0.50184,0.50155,-0.48631,0.51001,986.26694
0.05666,0.14958,0.14096,0.50184,0.50155,-0.48631,0.51001,986.81097
0.05664,0.15015,0.14097,0.50184,0.50155,-0.48631,0.51001,987.38415
0.05663,0.15073,0.14097,0.50184,0.50155,-0.48631,0.51001,987.97797
0.05662,0.15133,0.14098,0.50184,0.50155,-0.48631,0.51001,988.58362
0.05660,0.15193,0.14098,0.50184,0.50155,-0.48631,0.51001,989.19210
0.05659,0.15254,0.14098,0.50184,0.50155,-0.48631,0.51001,989.79435
0.05657,0.15314,0.14099,0.50184,0.50155,-0.48631,0.51001,990.38141
0.05656,0.15371,0.14099,0.50184,0.50155,-0.48631,0.51001,990.94453
0.05655,0.15426,0.14100,0.50184,0.50155,-0.48631,0.51001,991.47530
0.05653,0.15478,0.14100,0.50184,0.50155,-0.48631,0.51001,991.96580
0.05652,0.15524,0.14100,0.50184,0.50155,-0.48631,0.51001,992.40869
0.05651,0.15566,0.14100,0.50184,0.50155,-0.48631,0.51001,992.79735
0.05650,0.15602,0.14101,0.50184,0.50155,-0.48631,0.51001,993.12593
0.05650,0.15632,0.14101,0.50184,0.50155,-0.48631,0.51001,993.38950
0.05649,0.15655,0.14101,0.50184,0.50155,-0.48631,0.51001,993.58409
0.05649,0.15671,0.14101,0.50184,0.50155,-0.48631,0.51001,993.70674
0.05649,0.15679,0.14101,0.50184,0.50155,-0.48631,0.51001,993.75560
0.05649,0.15681,0.14101,0.50184,0.50155,-0.48631,0.51001,993.78132
0.05649,0.15674,0.14101,0.50184,0.50155,-0.48631,0.51001,993.88128
0.05649,0.15661,0.14101,0.50184,0.50155,-0.48631,0.51001,994.05403
0.05650,0.15640,0.14101,0.50184,0.50155,-0.48631,0.51001,994.29702
0.05650,0.15612,0.14101,0.50184,0.50155,-0.48631,0.51001,994.60665
0.05651,0.15578,0.14101,0.50184,0.50155,-0.48631,0.51001,994.97833
0.05652,0.15538,0.14100,0.50184,0.50155,-0.48631,0.51001,995.40652
0.05653,0.15492,0.14100,0.50184,0.50155,-0.48631,0.51001,995.88485
0.05654,0.15442,0.14100,0.50184,0.50155,-0.48631,0.51001,996.40615
0.05656,0.15388,0.14099,0.50184,0.50155,-0.48631,0.51001,996.96265
0.05657,0.15331,0.14099,0.50184,0.50155,-0.48631,0.51001,997.54600
0.05658,0.15271,0.14098,0.50184,0.50155,-0.48631,0.51001,998.14747
0.05660,0.15210,0.14098,0.50184,0.50155,-0.48631,0.51001,998.75804
0.05661,0.15150,0.14098,0.50184,0.50155,-0.48631,0.51001,999.36853
0.05663,0.15089,0.14097,0.50184,0.50155,-0.48631,0.51001,999.96977
0.05664,0.15030,0.14097,0.50184,0.50155,-0.48631,0.51001,1000.55272
0.05665,0.14973,0.14096,0.50184,0.50155,-0.48631,0.51001,1001.10860
0.05667,0.14919,0.14096,0.50184,0.50155,-0.48631,0.51001,1001.62902
0.05668,0.14869,0.14096,0.50184,0.50155,-0.48631,0.51001,1002.10613
0.05669,0.14823,0.14095,0.50184,0.50155,-0.48631,0.51001,1002.53272
0.05670,0.14783,0.14095,0.50184,0.50155,-0.48631,0.51001,1002.90234
0.05671,0.14749,0.14095,0.50184,0.50155,-0.48631,0.51001,1003.20938
0.05671,0.14722,0.14095,0.50184,0.50155,-0.48631,0.51001,1003.44918
0.05672,0.14701,0.14095,0.50184,0.50155,-0.48631,0.51001,1003.61808
0.05672,0.14688,0.14094,0.50184,0.50155,-0.48631,0.51001,1003.71349
0.05672,0.14682,0.14094,0.50184,0.50155,-0.48631,0.51001,1003.73392
0.05672,0.14684,0.14094,0.50184,0.50155,-0.48631,0.51001,1003.78881
0.05672,0.14693,0.14095,0.50184,0.50155,-0.48631,0.51001,1003.91824
0.05671,0.14710,0.14095,0.50184,0.50155,-0.48631,0.51001,1004.12029
0.05671,0.14734,0.14095,0.50184,0.50155,-0.48631,0.51001,1004.39195
0.05670,0.14764,0.14095,0.50184,0.50155,-0.48631,0.51001,1004.72916
0.05669,0.14801,0.14095,0.50184,0.50155,-0.48631,0.51001,1005.12685
0.05668,0.14844,0.14096,0.50184,0.50155,-0.48631,0.51001,1005.57904
0.05667,0.14892,0.14096,0.50184,0.50155,-0.48631,0.51001,1006.07891
0.05666,0.14944,0.14096,0.50184,0.50155,-0.48631,0.51001,1006.61892
0.05665,0.15000,0.14097,0.50184,0.50155,-0.48631,0.51001,1007.19090
0.05663,0.15058,0.14097,0.50184,0.50155,-0.48631,0.51001,1007.78622
0.05662,0.15119,0.14097,0.50184,0.50155,-0.48631,0.51001,1008.39584
0.05660,0.15179,0.14098,0.50184,0.50155,-0.48631,0.51001,1009.01054
0.05659,0.15241,0.14098,0.50184,0.50155,-0.48631,0.51001,1009.62098
0.05658,0.15301,0.14099,0.50184,0.50155,-0.48631,0.51001,1010.21790
0.05656,0.15360,0.14099,0.50184,0.50155,-0.48631,0.51001,1010.79222
0.05655,0.15416,0.14099,0.50184,0.50155,-0.48631,0.51001,1011.33521
0.05654,0.15469,0.14100,0.50184,0.50155,-0.48631,0.51001,1011.83858
0.05652,0.15517,0.14100,0.50184,0.50155,-0.48631,0.51001,1012.29467
0.05651,0.15560,0.14100,0.50184,0.50155,-0.48631,0.51001,1012.69651
0.05651,0.15597,0.14101,0.50184,0.50155,-0.48631,0.51001,1013.03795
0.05650,0.15628,0.14101,0.50184,0.50155,-0.48631,0.51001,1013.31377
0.05649,0.15652,0.14101,0.50184,0.50155,-0.48631,0.51001,1013.51971
0.05649,0.15669,0.14101,0.50184,0.50155,-0.48631,0.51001,1013.65260
0.05649,0.15679,0.14101,0.50184,0.50155,-0.48631,0.51001,1013.71039
0.05649,0.15681,0.14101,0.50184,0.50155,-0.48631,0.51001,1013.72864
0.05649,0.15675,0.14101,0.50184,0.50155,-0.48631,0.51001,1013.82270
0.05649,0.15662,0.14101,0.50184,0.50155,-0.48631,0.51001,1013.99117
0.05650,0.15641,0.14101,0.50184,0.50155,-0.48631,0.51001,1014.23153
0.05650,0.15614,0.14101,0.50184,0.50155,-0.48631,0.51001,1014.54014
0.05651,0.15580,0.14101,0.50184,0.50155,-0.48631,0.51001,1014.91233
0.05652,0.15539,0.14100,0.50184,0.50155,-0.48631,0.51001,1015.34244
0.05653,0.15494,0.14100,0.50184,0.50155,-0.48631,0.51001,1015.82395
0.05654,0.15443,0.14100,0.50184,0.50155,-0.48631,0.51001,1016.34950
0.05655,0.15389,0.14099,0.50184,0.50155,-0.48631,0.51001,1016.91109
0.05657,0.15331,0.14099,0.50184,0.50155,-0.48631,0.51001,1017.50014
0.05658,0.15271,0.14098,0.50184,0.50155,-0.48631,0.51001,1018.10765
0.05660,0.15209,0.14098,0.50184,0.50155,-0.48631,0.51001,1018.72432
0.05661,0.15148,0.14098,0.50184,0.50155,-0.48631,0.51001,1019.34071
0.05663,0.15087,0.14097,0.50184,0.50155,-0.48631,0.51001,1019.94737
0.05664,0.15027,0.14097,0.50184,0.50155,-0.48631,0.51001,1020.53499
0.05665,0.14970,0.14096,0.50184,0.50155,-0.48631,0.51001,1021.09454
0.05667,0.14915,0.14096,0.50184,0.50155,-0.48631,0.51001,1021.61743
0.05668,0.14865,0.14096,0.50184,0.50155,-0.48631,0.51001,1022.09559
0.05669,0.14820,0.14095,0.50184,0.50155,-0.48631,0.51001,1022.52167
0.05670,0.14780,0.14095,0.50184,0.50155,-0.48631,0.51001,1022.88908
0.05671,0.14746,0.14095,0.50184,0.50155,-0.48631,0.51001,1023.19215
0.05671,0.14719,0.14095,0.50184,0.50155,-0.48631,0.51001,1023.42617
0.05672,0.14699,0.14095,0.50184,0.50155,-0.48631,0.51001,1023.58752
0.05672,0.14687,0.14094,0.50184,0.50155,-0.48631,0.51001,1023.67365
0.05672,0.14682,0.14094,0.50184,0.50155,-0.48631,0.51001,1023.68321
0.05672,0.14685,0.14094,0.50184,0.50155,-0.48631,0.51001,1023.75042
0.05672,0.14696,0.14095,0.50184,0.50155,-0.48631,0.51001,1023.89340
0.05671,0.14714,0.14095,0.50184,0.50155,-0.48631,0.51001,1024.11000
0.05671,0.14739,0.14095,0.50184,0.50155,-0.48631,0.51001,1024.39692
0.05670,0.14771,0.14095,0.50184,0.50155,-0.48631,0.51001,1024.74977
0.05669,0.14809,0.14095,0.50184,0.50155,-0.48631,0.51001,1025.16315
0.05668,0.14854,0.14096,0.50184,0.50155,-0.48631,0.51001,1025.63071
0.05667,0.14903,0.14096,0.50184,0.50155,-0.48631,0.51001,1026.14526
0.05666,0.14957,0.14096,0.50184,0.50155,-0.48631,0.51001,1026.69888
0.05664,0.15014,0.14097,0.50184,0.50155,-0.48631,0.51001,1027.28304
0.05663,0.15073,0.14097,0.50184,0.50155,-0.48631,0.51001,1027.88872
0.05661,0.15135,0.14098,0.50184,0.50155,-0.48631,0.51001,1028.50657
0.05660,0.15196,0.14098,0.50184,0.50155,-0.48631,0.51001,1029.12704
0.05659,0.15258,0.14098,0.50184,0.50155,-0.48631,0.51001,1029.74052
0.05657,0.15319,0.14099,0.50184,0.50155,-0.48631,0.51001,1030.33752
0.05656,0.15377,0.14099,0.50184,0.50155,-0.48631,0.51001,1030.90877
0.05654,0.15433,0.14100,0.50184,0.50155,-0.48631,0.51001,1031.44541
0.05653,0.15485,0.14100,0.50184,0.50155,-0.48631,0.51001,1031.93910
0.05652,0.15532,0.14100,0.50184,0.50155,-0.48631,0.51001,1032.38216
0.05651,0.15573,0.14101,0.50184,0.50155,-0.48631,0.51001,1032.76770
0.05650,0.15609,0.14101,0.50184,0.50155,-0.48631,0.51001,1033.08968
0.05650,0.15638,0.14101,0.50184,0.50155,-0.48631,0.51001,1033.34309
0.05649,0.15659,0.14101,0.50184,0.50155,-0.48631,0.51001,1033.52393
0.05649,0.15674,0.14101,0.50184,0.50155,-0.48631,0.51001,1033.62937
0.05649,0.15680,0.14101,0.50184,0.50155,-0.48631,0.51001,1033.65772
0.05649,0.15679,0.14101,0.50184,0.50155,-0.48631,0.51001,1033.70695
0.05649,0.15671,0.14101,0.50184,0.50155,-0.48631,0.51001,1033.83303
0.05649,0.15654,0.14101,0.50184,0.50155,-0.48631,0.51001,1034.03404
0.05650,0.15630,0.14101,0.50184,0.50155,-0.48631,0.51001,1034.30690
0.05651,0.15600,0.14101,0.50184,0.50155,-0.48631,0.51001,1034.64741
0.05651,0.15562,0.14100,0.50184,0.50155,-0.48631,0.51001,1035.05028
0.05652,0.15519,0.14100,0.50184,0.50155,-0.48631,0.51001,1035.50930
0.05654,0.15471,0.14100,0.50184,0.50155,-0.48631,0.51001,1036.01731
0.05655,0.15417,0.14099,0.50184,0.50155,-0.48631,0.51001,1036.56645
0.05656,0.15361,0.14099,0.50184,0.50155,-0.48631,0.51001,1037.14815
0.05658,0.15301,0.14099,0.50184,0.50155,-0.48631,0.51001,1037.75336
0.05659,0.15240,0.14098,0.50184,0.50155,-0.48631,0.51001,1038.37264
0.05660,0.15177,0.14098,0.50184,0.50155,-0.48631,0.51001,1038.99633
0.05662,0.15116,0.14097,0.50184,0.50155,-0.48631,0.51001,1039.61468
0.05663,0.15055,0.14097,0.50184,0.50155,-0.48631,0.51001,1040.21802
0.05665,0.14995,0.14097,0.50184,0.50155,-0.48631,0.51001,1040.79692
0.05666,0.14939,0.14096,0.50184,0.50155,-0.48631,0.51001,1041.34230
0.05667,0.14886,0.14096,0.50184,0.50155,-0.48631,0.51001,1041.84560
0.05668,0.14838,0.14096,0.50184,0.50155,-0.48631,0.51001,1042.29893
0.05669,0.14796,0.14095,0.50184,0.50155,-0.48631,0.51001,1042.69515
0.05670,0.14759,0.14095,0.50184,0.50155,-0.48631,0.51001,1043.02803
0.05671,0.14729,0.14095,0.50184,0.50155,-0.48631,0.51001,1043.29231
0.05672,0.14706,0.14095,0.50184,0.50155,-0.48631,0.51001,1043.48381
0.05672,0.14691,0.14095,0.50184,0.50155,-0.48631,0.51001,1043.59948
0.05672,0.14683,0.14094,0.50184,0.50155,-0.48631,0.51001,1043.63746
0.05672,0.14683,0.14094,0.50184,0.50155,-0.48631,0.51001,1043.67780
0.05672,0.14691,0.14095,0.50184,0.50155,-0.48631,0.51001,1043.79588
0.05672,0.14707,0.14095,0.50184,0.50155,-0.48631,0.51001,1043.98988
0.05671,0.14730,0.14095,0.50184,0.50155,-0.48631,0.51001,1044.25680
0.05670,0.14760,0.14095,0.50184,0.50155,-0.48631,0.51001,1044.59249
0.05669,0.14797,0.14095,0.50184,0.50155,-0.48631,0.51001,1044.99170
0.05668,0.14840,0.14096,0.50184,0.50155,-0.48631,0.51001,1045.44819
0.05667,0.14888,0.14096,0.50184,0.50155,-0.48631,0.51001,1045.95481
0.05666,0.14941,0.14096,0.50184,0.50155,-0.48631,0.51001,1046.50361
0.05665,0.14998,0.14097,0.50184,0.50155,-0.48631,0.51001,1047.08596
0.05663,0.15058,0.14097,0.50184,0.50155,-0.48631,0.51001,1047.69272
0.05662,0.15119,0.14097,0.50184,0.50155,-0.48631,0.51001,1048.31433
0.05660,0.15181,0.14098,0.50184,0.50155,-0.48631,0.51001,1048.94094
