x,y,z,qx,qy,qz,qw,u
0.25532,0.44556,0.14151,-0.43439,-0.51757,0.56074,-0.47853,0.00000
0.25532,0.44555,0.14151,-0.43441,-0.51755,0.56072,-0.47855,0.00804
0.25532,0.44554,0.14151,-0.43444,-0.51754,0.56071,-0.47857,0.02010
0.25532,0.44552,0.14151,-0.43446,-0.51752,0.56069,-0.47859,0.03619
0.25532,0.44550,0.14152,-0.43447,-0.51751,0.56067,-0.47862,0.05629
0.25532,0.44548,0.14152,-0.43449,-0.51749,0.56066,-0.47863,0.08042
0.25533,0.44545,0.14152,-0.43451,-0.51747,0.56063,-0.47866,0.10857
0.25533,0.44542,0.14152,-0.43453,-0.51746,0.56062,-0.47868,0.14073
0.25533,0.44538,0.14153,-0.43455,-0.51744,0.56060,-0.47870,0.17692
0.25533,0.44534,0.14153,-0.43457,-0.51743,0.56058,-0.47872,0.21713
0.25533,0.44530,0.14154,-0.43459,-0.51740,0.56057,-0.47874,0.26136
0.25533,0.44525,0.14154,-0.43461,-0.51739,0.56055,-0.47876,0.30961
0.25533,0.44520,0.14155,-0.43463,-0.51738,0.56053,-0.47878,0.36188
0.25533,0.44514,0.14154,-0.43465,-0.51735,0.56051,-0.47881,0.41818
0.25533,0.44508,0.14155,-0.43467,-0.51734,0.56048,-0.47883,0.47849
0.25533,0.44502,0.14156,-0.43469,-0.51732,0.56047,-0.47885,0.54283
0.25533,0.44495,0.14156,-0.43471,-0.51730,0.56045,-0.47887,0.61118
0.25533,0.44488,0.14157,-0.43473,-0.51729,0.56043,-0.47889,0.68356
0.25533,0.44480,0.14158,-0.43475,-0.51727,0.56042,-0.47891,0.75996
0.25533,0.44472,0.14159,-0.43477,-0.51726,0.56039,-0.47893,0.84038
0.25533,0.44464,0.14159,-0.43479,-0.51725,0.56038,-0.47895,0.92481
0.25533,0.44455,0.14160,-0.43481,-0.51722,0.56036,-0.47898,1.01328
0.25533,0.44446,0.14160,-0.43483,-0.51721,0.56034,-0.47899,1.10576
0.25533,0.44436,0.14161,-0.43485,-0.51719,0.56032,-0.47902,1.20226
0.25533,0.44426,0.14162,-0.43487,-0.51718,0.56030,-0.47904,1.30278
0.25534,0.44416,0.14163,-0.43489,-0.51716,0.56028,-0.47906,1.40331
0.25534,0.44406,0.14164,-0.43491,-0.51715,0.56026,-0.47908,1.50383
0.25534,0.44396,0.14165,-0.43493,-0.51713,0.56025,-0.47910,1.60435
0.25534,0.44386,0.14166,-0.43495,-0.51712,0.56023,-0.47911,1.70487
0.25534,0.44376,0.14166,-0.43497,-0.51710,0.56021,-0.47913,1.80540
0.25534,0.44366,0.14167,-0.43499,-0.51708,0.56019,-0.47916,1.90592
0.25534,0.44356,0.14168,-0.43501,-0.51707,0.56017,-0.47917,2.00644
0.25534,0.44346,0.14170,-0.43503,-0.51705,0.56015,-0.47920,2.10697
0.25534,0.44336,0.14171,-0.43505,-0.51704,0.56013,-0.47922,2.20749
0.25534,0.44326,0.14172,-0.43507,-0.51702,0.56011,-0.47924,2.30801
0.25534,0.44316,0.14172,-0.43509,-0.51701,0.56009,-0.47926,2.40854
0.25534,0.44306,0.14173,-0.43511,-0.51699,0.56007,-0.47928,2.50906
0.25535,0.44296,0.14174,-0.43513,-0.51698,0.56005,-0.47930,2.60958
0.25535,0.44286,0.14175,-0.43515,-0.51696,0.56004,-0.47932,2.71010
0.25535,0.44276,0.14176,-0.43517,-0.51695,0.56001,-0.47934,2.81063
0.25535,0.44266,0.14177,-0.43519,-0.51693,0.56000,-0.47936,2.91115
0.25535,0.44256,0.14178,-0.43521,-0.51692,0.55998,-0.47938,3.01167
0.25535,0.44246,0.14178,-0.43523,-0.51691,0.55996,-0.47940,3.11219
0.25535,0.44236,0.14179,-0.43525,-0.51689,0.55994,-0.47942,3.21272
0.25535,0.44226,0.14180,-0.43527,-0.51688,0.55992,-0.47944,3.31324
0.25535,0.44216,0.14181,-0.43529,-0.51686,0.55990,-0.47946,3.41376
0.25535,0.44206,0.14182,-0.43532,-0.51685,0.55988,-0.47948,3.51428
0.25535,0.44196,0.14183,-0.43534,-0.51683,0.55986,-0.47950,3.61480
0.25535,0.44186,0.14183,-0.43536,-0.51682,0.55984,-0.47952,3.71533
0.25536,0.44176,0.14184,-0.43538,-0.51680,0.55982,-0.47954,3.81585
0.25536,0.44166,0.14185,-0.43540,-0.51679,0.55980,-0.47956,3.91637
0.25536,0.44156,0.14186,-0.43542,-0.51678,0.55978,-0.47958,4.01689
0.25536,0.44146,0.14187,-0.43544,-0.51676,0.55976,-0.47960,4.11741
0.25536,0.44136,0.14188,-0.43546,-0.51675,0.55974,-0.47962,4.21794
0.25536,0.44126,0.14189,-0.43548,-0.51673,0.55972,-0.47964,4.31846
0.25536,0.44116,0.14189,-0.43551,-0.51672,0.55970,-0.47966,4.41898
0.25536,0.44106,0.14190,-0.43553,-0.51671,0.55968,-0.47967,4.51950
0.25536,0.44095,0.14191,-0.43555,-0.51669,0.55966,-0.47970,4.62002
0.25536,0.44085,0.14192,-0.43557,-0.51668,0.55964,-0.47971,4.72054
0.25536,0.44075,0.14193,-0.43559,-0.51666,0.55962,-0.47974,4.82106
0.25536,0.44065,0.14194,-0.43562,-0.51665,0.55960,-0.47975,4.92159
0.25537,0.44055,0.14195,-0.43563,-0.51664,0.55958,-0.47977,5.02211
0.25537,0.44045,0.14195,-0.43566,-0.51662,0.55956,-0.47978,5.12263
0.25537,0.44035,0.14196,-0.43568,-0.51661,0.55954,-0.47980,5.22315
0.25537,0.44025,0.14197,-0.43571,-0.51660,0.55951,-0.47983,5.32367
0.25537,0.44015,0.14198,-0.43573,-0.51658,0.55949,-0.47985,5.42419
0.25537,0.44005,0.14199,-0.43575,-0.51657,0.55947,-0.47987,5.52471
0.25537,0.43995,0.14200,-0.43577,-0.51656,0.55945,-0.47988,5.62523
0.25537,0.43985,0.14200,-0.43580,-0.51654,0.55943,-0.47990,5.72575
0.25537,0.43975,0.14201,-0.43582,-0.51653,0.55941,-0.47992,5.82627
0.25537,0.43965,0.14202,-0.43583,-0.51652,0.55939,-0.47994,5.92679
0.25537,0.43955,0.14203,-0.43586,-0.51650,0.55937,-0.47996,6.02731
0.25537,0.43945,0.14204,-0.43588,-0.51649,0.55935,-0.47997,6.12783
0.25538,0.43935,0.14205,-0.43590,-0.51648,0.55933,-0.47999,6.22835
0.25538,0.43925,0.14206,-0.43593,-0.51646,0.55931,-0.48001,6.32887
0.25538,0.43915,0.14206,-0.43595,-0.51645,0.55928,-0.48003,6.42939
0.25538,0.43905,0.14208,-0.43597,-0.51644,0.55926,-0.48005,6.52991
0.25538,0.43895,0.14209,-0.43600,-0.51642,0.55924,-0.48007,6.63043
0.25538,0.43885,0.14210,-0.43602,-0.51641,0.55922,-0.48009,6.73095
0.25538,0.43875,0.14211,-0.43604,-0.51639,0.55920,-0.48011,6.83147
0.25538,0.43865,0.14212,-0.43606,-0.51639,0.55918,-0.48012,6.93198
0.25538,0.43855,0.14212,-0.43609,-0.51637,0.55916,-0.48014,7.03250
0.25538,0.43845,0.14213,-0.43611,-0.51635,0.55914,-0.48016,7.13302
0.25538,0.43835,0.14214,-0.43613,-0.51635,0.55911,-0.48018,7.23354
0.25538,0.43825,0.14215,-0.43615,-0.51634,0.55909,-0.48020,7.33406
0.25538,0.43815,0.14216,-0.43618,-0.51632,0.55907,-0.48022,7.43458
0.25539,0.43805,0.14217,-0.43620,-0.51630,0.55905,-0.48024,7.53509
0.25539,0.43795,0.14218,-0.43622,-0.51630,0.55903,-0.48025,7.63561
0.25539,0.43785,0.14218,-0.43624,-0.51628,0.55901,-0.48027,7.73613
0.25539,0.43775,0.14219,-0.43627,-0.51627,0.55898,-0.48029,7.83665
0.25539,0.43765,0.14220,-0.43629,-0.51626,0.55896,-0.48031,7.93716
0.25539,0.43755,0.14221,-0.43631,-0.51624,0.55894,-0.48033,8.03768
0.25539,0.43745,0.14222,-0.43634,-0.51623,0.55892,-0.48034,8.13820
0.25539,0.43735,0.14223,-0.43636,-0.51622,0.55890,-0.48035,8.23872
0.25539,0.43725,0.14224,-0.43638,-0.51621,0.55887,-0.48038,8.33923
0.25539,0.43715,0.14224,-0.43640,-0.51620,0.55885,-0.48040,8.43975
0.25539,0.43705,0.14225,-0.43643,-0.51618,0.55883,-0.48041,8.54027
0.25539,0.43695,0.14226,-0.43645,-0.51617,0.55881,-0.48042,8.64078
0.25540,0.43685,0.14227,-0.43647,-0.51616,0.55879,-0.48044,8.74130
0.25540,0.43675,0.14228,-0.43650,-0.51615,0.55876,-0.48046,8.84181
0.25540,0.43665,0.14229,-0.43652,-0.51614,0.55874,-0.48048,8.94233
0.25540,0.43655,0.14229,-0.43654,-0.51612,0.55872,-0.48050,9.04285
0.25540,0.43645,0.14230,-0.43657,-0.51611,0.55870,-0.48051,9.14336
0.25540,0.43635,0.14231,-0.43659,-0.51610,0.55867,-0.48053,9.24388
0.25540,0.43625,0.14232,-0.43661,-0.51609,0.55865,-0.48055,9.34439
0.25540,0.43615,0.14233,-0.43664,-0.51608,0.55863,-0.48057,9.44491
0.25540,0.43605,0.14234,-0.43666,-0.51607,0.55861,-0.48058,9.54542
0.25540,0.43595,0.14235,-0.43669,-0.51606,0.55858,-0.48060,9.64594
0.25540,0.43585,0.14235,-0.43671,-0.51604,0.55856,-0.48062,9.74645
0.25540,0.43575,0.14236,-0.43673,-0.51603,0.55854,-0.48064,9.84696
0.25541,0.43565,0.14237,-0.43676,-0.51602,0.55851,-0.48065,9.94748
0.25541,0.43555,0.14238,-0.43678,-0.51601,0.55849,-0.48067,10.04799
0.25541,0.43545,0.14239,-0.43680,-0.51600,0.55847,-0.48069,10.14851
0.25541,0.43535,0.14240,-0.43683,-0.51599,0.55844,-0.48071,10.24902
0.25541,0.43525,0.14240,-0.43685,-0.51598,0.55842,-0.48072,10.34953
0.25541,0.43515,0.14241,-0.43688,-0.51597,0.55840,-0.48074,10.45004
0.25541,0.43505,0.14242,-0.43690,-0.51596,0.55837,-0.48076,10.55056
0.25541,0.43495,0.14243,-0.43692,-0.51595,0.55835,-0.48077,10.65107
0.25541,0.43485,0.14244,-0.43695,-0.51594,0.55833,-0.48079,10.75158
0.25541,0.43475,0.14245,-0.43697,-0.51593,0.55830,-0.48080,10.85209
0.25541,0.43465,0.14246,-0.43700,-0.51591,0.55828,-0.48082,10.95261
0.25541,0.43455,0.14246,-0.43702,-0.51590,0.55826,-0.48084,11.05312
0.25542,0.43445,0.14247,-0.43704,-0.51589,0.55824,-0.48086,11.15363
0.25542,0.43435,0.14248,-0.43707,-0.51588,0.55821,-0.48088,11.25414
0.25542,0.43425,0.14249,-0.43709,-0.51587,0.55819,-0.48089,11.35465
0.25542,0.43415,0.14250,-0.43712,-0.51586,0.55817,-0.48090,11.45516
0.25542,0.43405,0.14251,-0.43714,-0.51585,0.55814,-0.48093,11.55567
0.25542,0.43395,0.14252,-0.43717,-0.51584,0.55812,-0.48093,11.65618
0.25542,0.43385,0.14252,-0.43719,-0.51583,0.55810,-0.48095,11.75670
0.25542,0.43374,0.14253,-0.43722,-0.51582,0.55807,-0.48097,11.85721
0.25542,0.43364,0.14254,-0.43724,-0.51581,0.55805,-0.48098,11.95771
0.25542,0.43354,0.14255,-0.43727,-0.51580,0.55802,-0.48100,12.05822
0.25542,0.43344,0.14256,-0.43729,-0.51579,0.55800,-0.48101,12.15873
0.25542,0.43334,0.14257,-0.43732,-0.51578,0.55797,-0.48103,12.25924
0.25543,0.43324,0.14257,-0.43734,-0.51577,0.55795,-0.48105,12.35975
0.25543,0.43314,0.14258,-0.43736,-0.51576,0.55793,-0.48106,12.46026
0.25543,0.43304,0.14259,-0.43739,-0.51575,0.55790,-0.48108,12.56077
0.25543,0.43294,0.14260,-0.43741,-0.51574,0.55788,-0.48110,12.66128
0.25543,0.43284,0.14261,-0.43744,-0.51573,0.55786,-0.48111,12.76178
0.25543,0.43274,0.14262,-0.43746,-0.51572,0.55783,-0.48113,12.86229
0.25543,0.43264,0.14263,-0.43749,-0.51571,0.55781,-0.48114,12.96280
0.25543,0.43254,0.14263,-0.43752,-0.51570,0.55778,-0.48116,13.06331
0.25543,0.43244,0.14264,-0.43754,-0.51569,0.55775,-0.48118,13.16381
0.25543,0.43234,0.14265,-0.43757,-0.51569,0.55772,-0.48119,13.26432
0.25543,0.43224,0.14267,-0.43759,-0.51568,0.55770,-0.48121,13.36483
0.25543,0.43214,0.14268,-0.43762,-0.51567,0.55768,-0.48122,13.46533
0.25544,0.43204,0.14269,-0.43764,-0.51566,0.55765,-0.48124,13.56584
0.25544,0.43194,0.14270,-0.43767,-0.51564,0.55763,-0.48125,13.66635
0.25544,0.43184,0.14270,-0.43769,-0.51564,0.55761,-0.48127,13.76685
0.25544,0.43174,0.14271,-0.43772,-0.51562,0.55758,-0.48128,13.86736
0.25544,0.43164,0.14272,-0.43774,-0.51562,0.55756,-0.48130,13.96786
0.25544,0.43154,0.14273,-0.43777,-0.51560,0.55753,-0.48132,14.06837
0.25544,0.43144,0.14274,-0.43780,-0.51560,0.55751,-0.48133,14.16887
0.25544,0.43134,0.14275,-0.43782,-0.51559,0.55748,-0.48135,14.26937
0.25544,0.43124,0.14275,-0.43785,-0.51558,0.55745,-0.48136,14.36988
0.25544,0.43114,0.14276,-0.43787,-0.51557,0.55743,-0.48137,14.47038
0.25544,0.43104,0.14277,-0.43790,-0.51556,0.55740,-0.48139,14.57088
0.25544,0.43094,0.14278,-0.43792,-0.51556,0.55738,-0.48140,14.67139
0.25545,0.43084,0.14279,-0.43795,-0.51554,0.55735,-0.48142,14.77189
0.25545,0.43074,0.14280,-0.43798,-0.51553,0.55733,-0.48143,14.87239
0.25545,0.43064,0.14281,-0.43800,-0.51553,0.55730,-0.48145,14.97289
0.25545,0.43054,0.14281,-0.43803,-0.51552,0.55728,-0.48146,15.07340
0.25545,0.43044,0.14282,-0.43805,-0.51551,0.55725,-0.48148,15.17390
0.25545,0.43034,0.14283,-0.43808,-0.51551,0.55722,-0.48149,15.27440
0.25545,0.43024,0.14284,-0.43811,-0.51549,0.55720,-0.48151,15.37490
0.25545,0.43014,0.14285,-0.43814,-0.51549,0.55718,-0.48152,15.47540
0.25545,0.43004,0.14286,-0.43816,-0.51547,0.55715,-0.48154,15.57590
0.25545,0.42994,0.14286,-0.43818,-0.51548,0.55712,-0.48155,15.67640
0.25545,0.42984,0.14287,-0.43821,-0.51546,0.55710,-0.48157,15.77690
0.25545,0.42974,0.14288,-0.43824,-0.51545,0.55707,-0.48158,15.87740
0.25545,0.42964,0.14289,-0.43826,-0.51544,0.55705,-0.48160,15.97790
0.25546,0.42954,0.14290,-0.43830,-0.51543,0.55702,-0.48161,16.07840
0.25546,0.42944,0.14291,-0.43832,-0.51543,0.55699,-0.48163,16.17890
0.25546,0.42934,0.14292,-0.43834,-0.51542,0.55697,-0.48164,16.27940
0.25546,0.42924,0.14292,-0.43837,-0.51541,0.55694,-0.48166,16.37989
0.25546,0.42914,0.14293,-0.43840,-0.51540,0.55692,-0.48167,16.48039
0.25546,0.42904,0.14294,-0.43842,-0.51540,0.55689,-0.48169,16.58089
0.25546,0.42894,0.14295,-0.43845,-0.51539,0.55686,-0.48170,16.68139
0.25546,0.42884,0.14296,-0.43848,-0.51538,0.55684,-0.48171,16.78188
0.25546,0.42874,0.14297,-0.43851,-0.51537,0.55681,-0.48173,16.88238
0.25546,0.42864,0.14298,-0.43853,-0.51536,0.55679,-0.48174,16.98288
0.25546,0.42854,0.14298,-0.43856,-0.51536,0.55676,-0.48175,17.08337
0.25546,0.42844,0.14299,-0.43859,-0.51535,0.55673,-0.48177,17.18387
0.25547,0.42834,0.14300,-0.43861,-0.51534,0.55671,-0.48178,17.28436
0.25547,0.42824,0.14301,-0.43864,-0.51534,0.55668,-0.48179,17.38486
0.25547,0.42814,0.14302,-0.43867,-0.51533,0.55665,-0.48181,17.48535
0.25547,0.42804,0.14303,-0.43869,-0.51532,0.55663,-0.48182,17.58585
0.25547,0.42794,0.14303,-0.43873,-0.51531,0.55660,-0.48184,17.68634
0.25547,0.42784,0.14304,-0.43875,-0.51531,0.55657,-0.48185,17.78683
0.25547,0.42774,0.14305,-0.43877,-0.51530,0.55655,-0.48186,17.88733
0.25547,0.42764,0.14306,-0.43880,-0.51529,0.55652,-0.48188,17.98782
0.25547,0.42754,0.14307,-0.43883,-0.51529,0.55649,-0.48189,18.08831
0.25547,0.42744,0.14308,-0.43886,-0.51528,0.55647,-0.48190,18.18881
0.25547,0.42734,0.14309,-0.43889,-0.51527,0.55644,-0.48192,18.28930
0.25547,0.42724,0.14309,-0.43891,-0.51527,0.55641,-0.48193,18.38979
0.25548,0.42714,0.14310,-0.43894,-0.51526,0.55639,-0.48195,18.49028
0.25548,0.42704,0.14311,-0.43897,-0.51525,0.55636,-0.48196,18.59077
0.25548,0.42694,0.14312,-0.43900,-0.51525,0.55633,-0.48197,18.69126
0.25548,0.42684,0.14312,-0.43902,-0.51524,0.55631,-0.48199,18.79175
0.25548,0.42674,0.14313,-0.43905,-0.51523,0.55628,-0.48200,18.89224
0.25548,0.42664,0.14313,-0.43908,-0.51523,0.55625,-0.48201,18.99273
0.25548,0.42654,0.14314,-0.43911,-0.51522,0.55622,-0.48203,19.09322
0.25548,0.42644,0.14315,-0.43914,-0.51521,0.55620,-0.48204,19.19371
0.25548,0.42633,0.14316,-0.43916,-0.51521,0.55617,-0.48206,19.29420
0.25548,0.42623,0.14317,-0.43919,-0.51520,0.55614,-0.48207,19.39469
0.25548,0.42613,0.14318,-0.43922,-0.51519,0.55612,-0.48208,19.49517
0.25548,0.42603,0.14319,-0.43925,-0.51518,0.55608,-0.48209,19.59566
0.25549,0.42593,0.14319,-0.43928,-0.51518,0.55606,-0.48211,19.69615
0.25549,0.42583,0.14320,-0.43930,-0.51518,0.55603,-0.48212,19.79663
0.25549,0.42573,0.14321,-0.43933,-0.51516,0.55600,-0.48213,19.89712
0.25549,0.42563,0.14322,-0.43936,-0.51516,0.55598,-0.48214,19.99761
0.25549,0.42553,0.14323,-0.43939,-0.51516,0.55595,-0.48215,20.09809
0.25549,0.42543,0.14324,-0.43942,-0.51515,0.55592,-0.48217,20.19858
0.25549,0.42533,0.14325,-0.43944,-0.51515,0.55589,-0.48218,20.29906
0.25549,0.42523,0.14325,-0.43947,-0.51514,0.55587,-0.48219,20.39955
0.25549,0.42513,0.14326,-0.43951,-0.51513,0.55584,-0.48220,20.50003
0.25549,0.42503,0.14327,-0.43953,-0.51513,0.55580,-0.48222,20.60051
0.25549,0.42493,0.14328,-0.43957,-0.51512,0.55578,-0.48223,20.70100
0.25549,0.42483,0.14329,-0.43959,-0.51512,0.55575,-0.48224,20.80148
0.25550,0.42473,0.14330,-0.43961,-0.51511,0.55572,-0.48226,20.90196
0.25550,0.42463,0.14330,-0.43964,-0.51510,0.55569,-0.48227,21.00245
0.25550,0.42453,0.14331,-0.43968,-0.51510,0.55567,-0.48228,21.10293
0.25550,0.42443,0.14332,-0.43970,-0.51510,0.55564,-0.48229,21.20341
0.25550,0.42433,0.14333,-0.43973,-0.51509,0.55561,-0.48231,21.30389
0.25550,0.42423,0.14334,-0.43976,-0.51508,0.55558,-0.48232,21.40437
0.25550,0.42413,0.14335,-0.43979,-0.51507,0.55555,-0.48233,21.50485
0.25550,0.42403,0.14336,-0.43982,-0.51507,0.55553,-0.48234,21.60533
0.25550,0.42393,0.14336,-0.43984,-0.51507,0.55549,-0.48236,21.70581
0.25550,0.42383,0.14337,-0.43988,-0.51506,0.55547,-0.48237,21.80629
0.25550,0.42373,0.14338,-0.43991,-0.51506,0.55544,-0.48238,21.90677
0.25550,0.42363,0.14339,-0.43994,-0.51505,0.55542,-0.48239,22.00725
0.25551,0.42353,0.14340,-0.43996,-0.51504,0.55538,-0.48241,22.10772
0.25551,0.42343,0.14341,-0.43999,-0.51503,0.55535,-0.48242,22.20820
0.25551,0.42333,0.14341,-0.44002,-0.51503,0.55532,-0.48243,22.30868
0.25551,0.42323,0.14342,-0.44005,-0.51503,0.55529,-0.48244,22.40915
0.25551,0.42313,0.14343,-0.44009,-0.51503,0.55526,-0.48245,22.50963
0.25551,0.42303,0.14344,-0.44011,-0.51502,0.55523,-0.48246,22.61011
0.25551,0.42293,0.14345,-0.44014,-0.51501,0.55520,-0.48248,22.71058
0.25551,0.42283,0.14346,-0.44017,-0.51501,0.55518,-0.48248,22.81106
0.25551,0.42273,0.14347,-0.44020,-0.51500,0.55515,-0.48250,22.91153
0.25551,0.42263,0.14347,-0.44022,-0.51500,0.55512,-0.48251,23.01201
0.25551,0.42253,0.14348,-0.44025,-0.51499,0.55509,-0.48252,23.11248
0.25551,0.42243,0.14349,-0.44028,-0.51499,0.55506,-0.48253,23.21295
0.25552,0.42233,0.14350,-0.44032,-0.51498,0.55503,-0.48254,23.31343
0.25552,0.42223,0.14351,-0.44035,-0.51498,0.55500,-0.48255,23.41390
0.25552,0.42213,0.14352,-0.44037,-0.51498,0.55497,-0.48256,23.51437
0.25552,0.42203,0.14353,-0.44040,-0.51497,0.55494,-0.48258,23.61484
0.25552,0.42193,0.14353,-0.44043,-0.51497,0.55491,-0.48259,23.71531
0.25552,0.42183,0.14354,-0.44047,-0.51496,0.55488,-0.48260,23.81578
0.25552,0.42173,0.14355,-0.44050,-0.51496,0.55485,-0.48261,23.91625
0.25552,0.42163,0.14356,-0.44052,-0.51496,0.55482,-0.48262,24.01672
0.25552,0.42153,0.14356,-0.44056,-0.51495,0.55479,-0.48263,24.11719
0.25552,0.42143,0.14357,-0.44058,-0.51495,0.55477,-0.48265,24.21766
0.25552,0.42133,0.14357,-0.44061,-0.51494,0.55474,-0.48266,24.31813
0.25552,0.42123,0.14358,-0.44064,-0.51494,0.55471,-0.48267,24.41860
0.25553,0.42113,0.14359,-0.44067,-0.51494,0.55468,-0.48268,24.51907
0.25553,0.42103,0.14360,-0.44070,-0.51493,0.55465,-0.48269,24.61953
0.25553,0.42093,0.14361,-0.44073,-0.51493,0.55462,-0.48270,24.72000
0.25553,0.42083,0.14362,-0.44076,-0.51493,0.55459,-0.48271,24.82047
0.25553,0.42073,0.14363,-0.44080,-0.51492,0.55456,-0.48272,24.92093
0.25553,0.42063,0.14363,-0.44082,-0.51492,0.55453,-0.48273,25.02140
0.25553,0.42053,0.14364,-0.44085,-0.51491,0.55450,-0.48275,25.12186
0.25553,0.42043,0.14365,-0.44088,-0.51491,0.55447,-0.48276,25.22233
0.25553,0.42033,0.14366,-0.44091,-0.51491,0.55444,-0.48276,25.32279
0.25553,0.42023,0.14367,-0.44095,-0.51490,0.55441,-0.48277,25.42326
0.25553,0.42013,0.14368,-0.44098,-0.51490,0.55438,-0.48278,25.52372
0.25553,0.42003,0.14368,-0.44101,-0.51490,0.55435,-0.48279,25.62418
0.25554,0.41993,0.14369,-0.44104,-0.51489,0.55432,-0.48280,25.72464
0.25554,0.41983,0.14370,-0.44107,-0.51489,0.55429,-0.48281,25.82511
0.25554,0.41973,0.14371,-0.44110,-0.51489,0.55426,-0.48282,25.92557
0.25554,0.41963,0.14372,-0.44113,-0.51489,0.55422,-0.48283,26.02603
0.25554,0.41953,0.14373,-0.44116,-0.51488,0.55419,-0.48285,26.12649
0.25554,0.41943,0.14374,-0.44119,-0.51488,0.55416,-0.48286,26.22695
0.25554,0.41933,0.14374,-0.44122,-0.51488,0.55413,-0.48287,26.32741
0.25554,0.41923,0.14375,-0.44126,-0.51487,0.55410,-0.48288,26.42787
0.25554,0.41913,0.14376,-0.44128,-0.51487,0.55407,-0.48289,26.52833
0.25554,0.41903,0.14377,-0.44132,-0.51487,0.55404,-0.48290,26.62878
0.25554,0.41892,0.14378,-0.44135,-0.51487,0.55401,-0.48291,26.72924
0.25554,0.41882,0.14379,-0.44138,-0.51486,0.55398,-0.48292,26.82970
0.25555,0.41872,0.14379,-0.44141,-0.51486,0.55395,-0.48293,26.93016
0.25555,0.41862,0.14379,-0.44144,-0.51486,0.55392,-0.48294,27.03061
0.25555,0.41852,0.14380,-0.44147,-0.51486,0.55388,-0.48295,27.13107
0.25555,0.41842,0.14381,-0.44150,-0.51485,0.55386,-0.48296,27.23152
0.25555,0.41832,0.14382,-0.44153,-0.51485,0.55383,-0.48297,27.33198
0.25555,0.41822,0.14383,-0.44157,-0.51485,0.55379,-0.48298,27.43243
0.25555,0.41812,0.14384,-0.44160,-0.51485,0.55376,-0.48299,27.53289
0.25555,0.41802,0.14384,-0.44163,-0.51484,0.55373,-0.48300,27.63334
0.25555,0.41792,0.14385,-0.44166,-0.51484,0.55370,-0.48301,27.73379
0.25555,0.41782,0.14386,-0.44169,-0.51484,0.55367,-0.48302,27.83424
0.25555,0.41772,0.14387,-0.44172,-0.51484,0.55364,-0.48302,27.93470
0.25555,0.41762,0.14388,-0.44176,-0.51483,0.55360,-0.48303,28.03515
0.25555,0.41752,0.14389,-0.44179,-0.51483,0.55357,-0.48304,28.13560
0.25556,0.41742,0.14390,-0.44182,-0.51483,0.55354,-0.48306,28.23605
0.25556,0.41732,0.14390,-0.44185,-0.51483,0.55351,-0.48306,28.33650
0.25556,0.41722,0.14391,-0.44188,-0.51483,0.55347,-0.48307,28.43695
0.25556,0.41712,0.14392,-0.44191,-0.51483,0.55344,-0.48308,28.53740
0.25556,0.41702,0.14393,-0.44195,-0.51481,0.55341,-0.48309,28.63784
0.25556,0.41692,0.14394,-0.44198,-0.51481,0.55338,-0.48310,28.73829
0.25556,0.41682,0.14395,-0.44201,-0.51482,0.55335,-0.48311,28.83874
0.25556,0.41672,0.14394,-0.44204,-0.51482,0.55331,-0.48312,28.93919
0.25556,0.41662,0.14395,-0.44207,-0.51481,0.55328,-0.48313,29.03963
0.25556,0.41652,0.14396,-0.44211,-0.51481,0.55325,-0.48314,29.14008
0.25556,0.41642,0.14397,-0.44214,-0.51480,0.55322,-0.48315,29.24052
0.25556,0.41632,0.14398,-0.44217,-0.51480,0.55319,-0.48316,29.34097
0.25557,0.41622,0.14399,-0.44220,-0.51481,0.55315,-0.48317,29.44141
0.25557,0.41612,0.14400,-0.44224,-0.51480,0.55312,-0.48317,29.54186
0.25557,0.41602,0.14400,-0.44227,-0.51480,0.55309,-0.48318,29.64230
0.25557,0.41592,0.14401,-0.44230,-0.51480,0.55306,-0.48319,29.74274
0.25557,0.41582,0.14402,-0.44233,-0.51480,0.55303,-0.48320,29.84319
0.25557,0.41572,0.14403,-0.44236,-0.51480,0.55300,-0.48321,29.94363
0.25557,0.41562,0.14404,-0.44240,-0.51479,0.55296,-0.48322,30.04407
0.25557,0.41552,0.14405,-0.44243,-0.51479,0.55293,-0.48323,30.14451
0.25557,0.41542,0.14406,-0.44246,-0.51479,0.55290,-0.48324,30.24495
0.25557,0.41532,0.14406,-0.44250,-0.51479,0.55286,-0.48325,30.34539
0.25557,0.41522,0.14407,-0.44253,-0.51479,0.55283,-0.48325,30.44583
0.25557,0.41512,0.14408,-0.44256,-0.51479,0.55280,-0.48326,30.54627
0.25558,0.41502,0.14408,-0.44259,-0.51479,0.55277,-0.48326,30.64671
0.25558,0.41492,0.14409,-0.44263,-0.51479,0.55273,-0.48327,30.74714
0.25558,0.41482,0.14410,-0.44266,-0.51479,0.55270,-0.48328,30.84758
0.25558,0.41472,0.14410,-0.44269,-0.51479,0.55267,-0.48329,30.94802
0.25558,0.41462,0.14411,-0.44272,-0.51478,0.55264,-0.48330,31.04845
0.25558,0.41452,0.14412,-0.44276,-0.51478,0.55260,-0.48331,31.14889
0.25558,0.41442,0.14413,-0.44279,-0.51478,0.55257,-0.48332,31.24932
0.25558,0.41432,0.14414,-0.44282,-0.51478,0.55254,-0.48332,31.34976
0.25558,0.41422,0.14415,-0.44286,-0.51478,0.55250,-0.48333,31.45019
0.25558,0.41412,0.14416,-0.44289,-0.51478,0.55247,-0.48334,31.55062
0.25558,0.41402,0.14416,-0.44292,-0.51478,0.55244,-0.48335,31.65106
0.25558,0.41392,0.14417,-0.44296,-0.51478,0.55241,-0.48336,31.75149
0.25559,0.41382,0.14418,-0.44299,-0.51478,0.55237,-0.48337,31.85192
0.25559,0.41372,0.14419,-0.44302,-0.51478,0.55234,-0.48338,31.95235
0.25559,0.41362,0.14420,-0.44306,-0.51478,0.55231,-0.48338,32.05278
0.25559,0.41352,0.14420,-0.44309,-0.51478,0.55227,-0.48339,32.15321
0.25559,0.41342,0.14420,-0.44312,-0.51478,0.55224,-0.48340,32.25364
0.25559,0.41332,0.14421,-0.44316,-0.51478,0.55221,-0.48341,32.35407
0.25559,0.41322,0.14422,-0.44319,-0.51478,0.55217,-0.48342,32.45450
0.25559,0.41312,0.14423,-0.44322,-0.51478,0.55214,-0.48342,32.55493
0.25559,0.41302,0.14424,-0.44326,-0.51478,0.55211,-0.48343,32.65536
0.25559,0.41292,0.14425,-0.44329,-0.51478,0.55207,-0.48344,32.75578
0.25559,0.41282,0.14426,-0.44333,-0.51478,0.55204,-0.48344,32.85621
0.25559,0.41272,0.14426,-0.44336,-0.51478,0.55201,-0.48345,32.95663
0.25560,0.41262,0.14427,-0.44339,-0.51478,0.55197,-0.48346,33.05706
0.25560,0.41252,0.14428,-0.44343,-0.51478,0.55194,-0.48346,33.15748
0.25560,0.41242,0.14429,-0.44346,-0.51478,0.55191,-0.48347,33.25791
0.25560,0.41232,0.14430,-0.44349,-0.51478,0.55187,-0.48349,33.35833
0.25560,0.41222,0.14430,-0.44353,-0.51478,0.55183,-0.48349,33.45875
0.25560,0.41212,0.14431,-0.44356,-0.51478,0.55180,-0.48350,33.55918
0.25560,0.41202,0.14431,-0.44360,-0.51478,0.55177,-0.48350,33.65960
0.25560,0.41192,0.14432,-0.44363,-0.51478,0.55174,-0.48351,33.76002
0.25560,0.41182,0.14433,-0.44366,-0.51478,0.55170,-0.48352,33.86044
0.25560,0.41172,0.14434,-0.44370,-0.51479,0.55166,-0.48352,33.96086
0.25560,0.41162,0.14435,-0.44373,-0.51479,0.55163,-0.48353,34.06128
0.25560,0.41152,0.14436,-0.44377,-0.51479,0.55159,-0.48354,34.16170
0.25561,0.41142,0.14436,-0.44380,-0.51479,0.55156,-0.48355,34.26212
0.25561,0.41132,0.14437,-0.44384,-0.51479,0.55152,-0.48355,34.36253
0.25561,0.41122,0.14438,-0.44387,-0.51479,0.55149,-0.48356,34.46295
0.25561,0.41112,0.14439,-0.44390,-0.51479,0.55146,-0.48357,34.56337
0.25561,0.41102,0.14439,-0.44394,-0.51479,0.55142,-0.48358,34.66378
0.25561,0.41091,0.14440,-0.44397,-0.51479,0.55139,-0.48358,34.76420
0.25561,0.41081,0.14441,-0.44401,-0.51479,0.55135,-0.48359,34.86461
0.25561,0.41071,0.14441,-0.44404,-0.51479,0.55132,-0.48360,34.96503
0.25561,0.41061,0.14442,-0.44408,-0.51480,0.55128,-0.48360,35.06544
0.25561,0.41051,0.14443,-0.44411,-0.51480,0.55125,-0.48361,35.16585
0.25561,0.41041,0.14444,-0.44415,-0.51480,0.55121,-0.48362,35.26627
0.25561,0.41031,0.14445,-0.44418,-0.51480,0.55118,-0.48362,35.36668
0.25562,0.41021,0.14446,-0.44422,-0.51480,0.55114,-0.48363,35.46709
0.25562,0.41011,0.14447,-0.44425,-0.51480,0.55111,-0.48363,35.56750
0.25562,0.41001,0.14447,-0.44429,-0.51479,0.55108,-0.48364,35.66791
0.25562,0.40991,0.14447,-0.44432,-0.51481,0.55104,-0.48364,35.76832
0.25562,0.40981,0.14448,-0.44435,-0.51480,0.55101,-0.48365,35.86873
0.25562,0.40971,0.14449,-0.44439,-0.51480,0.55097,-0.48366,35.96914
0.25562,0.40961,0.14450,-0.44443,-0.51480,0.55094,-0.48366,36.06955
0.25562,0.40951,0.14451,-0.44446,-0.51481,0.55090,-0.48367,36.16995
0.25562,0.40941,0.14451,-0.44449,-0.51480,0.55087,-0.48368,36.27036
0.25562,0.40931,0.14452,-0.44453,-0.51481,0.55083,-0.48368,36.37077
0.25562,0.40921,0.14453,-0.44456,-0.51481,0.55080,-0.48369,36.47117
0.25562,0.40911,0.14454,-0.44460,-0.51481,0.55076,-0.48370,36.57158
0.25563,0.40901,0.14455,-0.44463,-0.51481,0.55073,-0.48370,36.67198
0.25563,0.40891,0.14456,-0.44467,-0.51482,0.55069,-0.48371,36.77238
0.25563,0.40881,0.14456,-0.44470,-0.51481,0.55066,-0.48372,36.87279
0.25563,0.40871,0.14456,-0.44474,-0.51482,0.55062,-0.48372,36.97319
0.25563,0.40861,0.14457,-0.44477,-0.51482,0.55059,-0.48373,37.07359
0.25563,0.40851,0.14458,-0.44481,-0.51483,0.55055,-0.48373,37.17399
0.25563,0.40841,0.14459,-0.44485,-0.51483,0.55051,-0.48374,37.27439
0.25563,0.40831,0.14460,-0.44488,-0.51482,0.55048,-0.48375,37.37479
0.25563,0.40821,0.14461,-0.44492,-0.51483,0.55044,-0.48375,37.47519
0.25563,0.40811,0.14461,-0.44495,-0.51483,0.55041,-0.48375,37.57559
0.25563,0.40801,0.14462,-0.44499,-0.51484,0.55037,-0.48376,37.67599
0.25563,0.40791,0.14462,-0.44502,-0.51483,0.55034,-0.48376,37.77639
0.25564,0.40781,0.14463,-0.44505,-0.51484,0.55030,-0.48377,37.87678
0.25564,0.40771,0.14464,-0.44509,-0.51484,0.55027,-0.48377,37.97718
0.25564,0.40761,0.14465,-0.44513,-0.51484,0.55023,-0.48378,38.07758
0.25564,0.40751,0.14466,-0.44517,-0.51485,0.55019,-0.48379,38.17797
0.25564,0.40741,0.14466,-0.44520,-0.51485,0.55015,-0.48379,38.27837
0.25564,0.40731,0.14467,-0.44523,-0.51485,0.55012,-0.48380,38.37876
0.25564,0.40721,0.14468,-0.44527,-0.51485,0.55009,-0.48380,38.47915
0.25564,0.40711,0.14469,-0.44531,-0.51485,0.55005,-0.48381,38.57955
0.25564,0.40701,0.14469,-0.44534,-0.51486,0.55001,-0.48381,38.67994
0.25564,0.40691,0.14470,-0.44538,-0.51486,0.54997,-0.48382,38.78033
0.25564,0.40681,0.14471,-0.44542,-0.51486,0.54994,-0.48382,38.88072
0.25564,0.40671,0.14471,-0.44545,-0.51487,0.54990,-0.48383,38.98111
0.25565,0.40661,0.14472,-0.44548,-0.51487,0.54987,-0.48384,39.08150
0.25565,0.40651,0.14473,-0.44552,-0.51487,0.54983,-0.48384,39.18189
0.25565,0.40641,0.14474,-0.44556,-0.51487,0.54979,-0.48385,39.28228
0.25565,0.40631,0.14475,-0.44559,-0.51488,0.54976,-0.48385,39.38267
0.25565,0.40621,0.14476,-0.44563,-0.51488,0.54972,-0.48386,39.48305
0.25565,0.40611,0.14475,-0.44567,-0.51488,0.54969,-0.48386,39.58344
0.25565,0.40601,0.14476,-0.44570,-0.51489,0.54964,-0.48387,39.68382
0.25565,0.40591,0.14477,-0.44574,-0.51489,0.54961,-0.48387,39.78421
0.25565,0.40581,0.14478,-0.44578,-0.51489,0.54957,-0.48388,39.88459
0.25565,0.40571,0.14479,-0.44581,-0.51490,0.54954,-0.48388,39.98498
0.25565,0.40561,0.14480,-0.44585,-0.51490,0.54950,-0.48388,40.08536
0.25565,0.40551,0.14481,-0.44589,-0.51490,0.54946,-0.48389,40.18574
0.25566,0.40541,0.14481,-0.44592,-0.51491,0.54942,-0.48390,40.28613
0.25566,0.40531,0.14481,-0.44596,-0.51491,0.54939,-0.48389,40.38651
0.25566,0.40521,0.14482,-0.44600,-0.51491,0.54935,-0.48390,40.48689
0.25566,0.40511,0.14483,-0.44603,-0.51492,0.54931,-0.48391,40.58727
0.25566,0.40501,0.14484,-0.44607,-0.51492,0.54928,-0.48391,40.68765
0.25566,0.40491,0.14485,-0.44611,-0.51492,0.54924,-0.48391,40.78803
0.25566,0.40481,0.14485,-0.44614,-0.51493,0.54920,-0.48392,40.88841
0.25566,0.40471,0.14486,-0.44618,-0.51493,0.54917,-0.48392,40.98878
0.25566,0.40461,0.14487,-0.44622,-0.51494,0.54913,-0.48393,41.08916
0.25566,0.40451,0.14487,-0.44625,-0.51494,0.54909,-0.48393,41.18954
0.25566,0.40441,0.14488,-0.44629,-0.51494,0.54905,-0.48394,41.28991
0.25566,0.40431,0.14489,-0.44633,-0.51495,0.54902,-0.48394,41.39029
0.25567,0.40421,0.14490,-0.44637,-0.51495,0.54898,-0.48395,41.49066
0.25567,0.40411,0.14490,-0.44640,-0.51496,0.54894,-0.48395,41.59103
0.25567,0.40401,0.14491,-0.44644,-0.51496,0.54891,-0.48396,41.69141
0.25567,0.40391,0.14492,-0.44648,-0.51496,0.54887,-0.48396,41.79178
0.25567,0.40381,0.14492,-0.44651,-0.51497,0.54883,-0.48396,41.89215
0.25567,0.40371,0.14493,-0.44655,-0.51497,0.54879,-0.48397,41.99252
0.25567,0.40361,0.14494,-0.44659,-0.51498,0.54876,-0.48397,42.09289
0.25567,0.40351,0.14495,-0.44663,-0.51498,0.54872,-0.48398,42.19326
0.25567,0.40341,0.14495,-0.44666,-0.51498,0.54868,-0.48398,42.29363
0.25567,0.40331,0.14496,-0.44670,-0.51499,0.54864,-0.48399,42.39400
0.25567,0.40321,0.14497,-0.44674,-0.51499,0.54861,-0.48399,42.49437
0.25567,0.40311,0.14497,-0.44678,-0.51500,0.54857,-0.48398,42.59474
0.25568,0.40301,0.14498,-0.44681,-0.51500,0.54853,-0.48400,42.69510
0.25568,0.40291,0.14499,-0.44685,-0.51501,0.54849,-0.48400,42.79547
0.25568,0.40281,0.14499,-0.44689,-0.51500,0.54846,-0.48400,42.89583
0.25568,0.40271,0.14500,-0.44693,-0.51501,0.54842,-0.48400,42.99620
0.25568,0.40260,0.14501,-0.44697,-0.51501,0.54838,-0.48401,43.09656
0.25568,0.40250,0.14502,-0.44700,-0.51503,0.54834,-0.48401,43.19693
0.25568,0.40240,0.14502,-0.44704,-0.51503,0.54830,-0.48401,43.29729
0.25568,0.40230,0.14503,-0.44708,-0.51503,0.54827,-0.48402,43.39765
0.25568,0.40220,0.14504,-0.44712,-0.51503,0.54823,-0.48402,43.49801
0.25568,0.40210,0.14504,-0.44716,-0.51504,0.54819,-0.48402,43.59837
0.25568,0.40200,0.14505,-0.44719,-0.51505,0.54815,-0.48403,43.69873
0.25568,0.40190,0.14506,-0.44723,-0.51505,0.54811,-0.48403,43.79909
0.25569,0.40180,0.14507,-0.44726,-0.51505,0.54807,-0.48404,43.89945
0.25569,0.40170,0.14507,-0.44731,-0.51505,0.54804,-0.48404,43.99981
0.25569,0.40160,0.14508,-0.44735,-0.51506,0.54799,-0.48404,44.10017
0.25569,0.40150,0.14508,-0.44738,-0.51507,0.54796,-0.48405,44.20052
0.25569,0.40140,0.14509,-0.44742,-0.51508,0.54792,-0.48405,44.30088
0.25569,0.40130,0.14510,-0.44746,-0.51508,0.54788,-0.48405,44.40123
0.25569,0.40120,0.14511,-0.44749,-0.51508,0.54784,-0.48405,44.50159
0.25569,0.40110,0.14511,-0.44754,-0.51508,0.54780,-0.48406,44.60194
0.25569,0.40100,0.14512,-0.44758,-0.51509,0.54776,-0.48406,44.70229
0.25569,0.40090,0.14513,-0.44760,-0.51510,0.54772,-0.48406,44.80265
0.25569,0.40080,0.14513,-0.44765,-0.51511,0.54769,-0.48407,44.90300
0.25569,0.40070,0.14514,-0.44769,-0.51511,0.54764,-0.48407,45.00335
0.25570,0.40060,0.14515,-0.44773,-0.51511,0.54760,-0.48407,45.10370
0.25570,0.40050,0.14516,-0.44776,-0.51512,0.54757,-0.48407,45.20405
0.25570,0.40040,0.14516,-0.44780,-0.51512,0.54753,-0.48407,45.30440
0.25570,0.40030,0.14517,-0.44784,-0.51513,0.54749,-0.48408,45.40475
0.25570,0.40020,0.14518,-0.44788,-0.51513,0.54745,-0.48408,45.50510
0.25570,0.40010,0.14518,-0.44792,-0.51514,0.54741,-0.48408,45.60544
0.25570,0.40000,0.14519,-0.44795,-0.51514,0.54737,-0.48409,45.70579
0.25570,0.39990,0.14520,-0.44799,-0.51515,0.54733,-0.48409,45.80614
0.25570,0.39980,0.14520,-0.44803,-0.51516,0.54729,-0.48409,45.90648
0.25570,0.39970,0.14521,-0.44807,-0.51516,0.54726,-0.48409,46.00683
0.25570,0.39960,0.14522,-0.44811,-0.51517,0.54722,-0.48410,46.10717
0.25570,0.39950,0.14522,-0.44815,-0.51517,0.54718,-0.48410,46.20751
0.25571,0.39940,0.14523,-0.44819,-0.51518,0.54714,-0.48410,46.30786
0.25571,0.39930,0.14523,-0.44822,-0.51519,0.54710,-0.48411,46.40820
0.25571,0.39920,0.14524,-0.44826,-0.51519,0.54706,-0.48411,46.50854
0.25571,0.39910,0.14525,-0.44830,-0.51520,0.54702,-0.48411,46.60888
0.25571,0.39900,0.14526,-0.44834,-0.51520,0.54698,-0.48411,46.70922
0.25571,0.39890,0.14527,-0.44838,-0.51521,0.54694,-0.48412,46.80956
0.25571,0.39880,0.14527,-0.44842,-0.51522,0.54690,-0.48412,46.90990
0.25571,0.39870,0.14527,-0.44846,-0.51522,0.54686,-0.48412,47.01023
0.25571,0.39860,0.14528,-0.44850,-0.51523,0.54682,-0.48412,47.11057
0.25571,0.39850,0.14529,-0.44854,-0.51523,0.54678,-0.48413,47.21091
0.25571,0.39840,0.14530,-0.44858,-0.51524,0.54674,-0.48412,47.31124
0.25571,0.39830,0.14531,-0.44862,-0.51525,0.54671,-0.48412,47.41158
0.25572,0.39820,0.14531,-0.44866,-0.51525,0.54667,-0.48412,47.51191
0.25572,0.39810,0.14531,-0.44870,-0.51526,0.54662,-0.48413,47.61225
0.25572,0.39800,0.14532,-0.44874,-0.51527,0.54658,-0.48413,47.71258
0.25572,0.39790,0.14533,-0.44878,-0.51527,0.54655,-0.48413,47.81291
0.25572,0.39780,0.14534,-0.44882,-0.51528,0.54651,-0.48413,47.91324
0.25572,0.39770,0.14535,-0.44885,-0.51529,0.54647,-0.48413,48.01357
0.25572,0.39760,0.14535,-0.44889,-0.51529,0.54643,-0.48414,48.11390
0.25572,0.39750,0.14535,-0.44893,-0.51530,0.54639,-0.48414,48.21423
0.25572,0.39740,0.14536,-0.44897,-0.51531,0.54635,-0.48414,48.31456
0.25572,0.39730,0.14537,-0.44901,-0.51531,0.54631,-0.48414,48.41489
0.25572,0.39720,0.14538,-0.44905,-0.51532,0.54627,-0.48414,48.51522
0.25573,0.39710,0.14538,-0.44909,-0.51533,0.54622,-0.48415,48.61555
0.25573,0.39700,0.14539,-0.44913,-0.51533,0.54619,-0.48415,48.71587
0.25573,0.39690,0.14540,-0.44917,-0.51534,0.54615,-0.48415,48.81620
0.25573,0.39680,0.14540,-0.44921,-0.51535,0.54610,-0.48415,48.91652
0.25573,0.39670,0.14541,-0.44925,-0.51535,0.54607,-0.48415,49.01685
0.25573,0.39660,0.14542,-0.44929,-0.51536,0.54602,-0.48415,49.11717
0.25573,0.39650,0.14542,-0.44933,-0.51537,0.54598,-0.48415,49.21749
0.25573,0.39640,0.14543,-0.44937,-0.51538,0.54594,-0.48415,49.31781
0.25573,0.39630,0.14544,-0.44941,-0.51538,0.54590,-0.48415,49.41813
0.25573,0.39620,0.14544,-0.44945,-0.51539,0.54586,-0.48415,49.51845
0.25573,0.39610,0.14545,-0.44949,-0.51540,0.54582,-0.48415,49.61877
0.25573,0.39600,0.14545,-0.44953,-0.51540,0.54578,-0.48416,49.71909
0.25574,0.39590,0.14546,-0.44958,-0.51541,0.54573,-0.48416,49.81941
0.25574,0.39580,0.14547,-0.44962,-0.51542,0.54569,-0.48416,49.91973
0.25574,0.39570,0.14548,-0.44965,-0.51543,0.54565,-0.48416,50.02005
0.25574,0.39560,0.14549,-0.44970,-0.51543,0.54561,-0.48416,50.12036
0.25574,0.39550,0.14548,-0.44974,-0.51544,0.54557,-0.48416,50.22068
0.25574,0.39540,0.14549,-0.44978,-0.51545,0.54553,-0.48416,50.32099
0.25574,0.39530,0.14550,-0.44981,-0.51546,0.54549,-0.48416,50.42131
0.25574,0.39520,0.14551,-0.44985,-0.51546,0.54545,-0.48417,50.52162
0.25574,0.39510,0.14551,-0.44989,-0.51547,0.54541,-0.48417,50.62193
0.25574,0.39500,0.14552,-0.44993,-0.51547,0.54537,-0.48417,50.72225
0.25574,0.39490,0.14552,-0.44997,-0.51548,0.54533,-0.48417,50.82256
0.25574,0.39480,0.14553,-0.45001,-0.51549,0.54529,-0.48417,50.92287
0.25575,0.39470,0.14554,-0.45005,-0.51550,0.54525,-0.48417,51.02318
0.25575,0.39460,0.14554,-0.45010,-0.51551,0.54520,-0.48417,51.12349
0.25575,0.39450,0.14555,-0.45014,-0.51552,0.54516,-0.48417,51.22380
0.25575,0.39440,0.14556,-0.45017,-0.51553,0.54512,-0.48417,51.32410
0.25575,0.39430,0.14557,-0.45022,-0.51552,0.54508,-0.48417,51.42441
0.25575,0.39420,0.14557,-0.45026,-0.51553,0.54504,-0.48417,51.52472
0.25575,0.39410,0.14557,-0.45030,-0.51554,0.54500,-0.48417,51.62502
0.25575,0.39400,0.14558,-0.45034,-0.51555,0.54496,-0.48417,51.72533
0.25575,0.39390,0.14559,-0.45038,-0.51556,0.54492,-0.48417,51.82563
0.25575,0.39380,0.14560,-0.45042,-0.51556,0.54488,-0.48417,51.92594
0.25575,0.39370,0.14560,-0.45046,-0.51558,0.54483,-0.48417,52.02624
0.25575,0.39360,0.14561,-0.45050,-0.51559,0.54479,-0.48417,52.12654
0.25576,0.39350,0.14561,-0.45054,-0.51560,0.54475,-0.48417,52.22684
0.25576,0.39340,0.14562,-0.45058,-0.51560,0.54471,-0.48417,52.32714
0.25576,0.39329,0.14563,-0.45063,-0.51560,0.54467,-0.48417,52.42744
0.25576,0.39319,0.14563,-0.45067,-0.51561,0.54463,-0.48417,52.52774
0.25576,0.39309,0.14564,-0.45071,-0.51562,0.54459,-0.48417,52.62804
0.25576,0.39299,0.14565,-0.45075,-0.51564,0.54454,-0.48417,52.72834
0.25576,0.39289,0.14565,-0.45079,-0.51564,0.54450,-0.48417,52.82864
0.25576,0.39279,0.14565,-0.45083,-0.51565,0.54446,-0.48417,52.92893
0.25576,0.39269,0.14566,-0.45087,-0.51566,0.54442,-0.48417,53.02923
0.25576,0.39259,0.14567,-0.45092,-0.51566,0.54438,-0.48417,53.12953
0.25576,0.39249,0.14568,-0.45096,-0.51567,0.54433,-0.48417,53.22982
0.25576,0.39239,0.14569,-0.45100,-0.51568,0.54428,-0.48418,53.33011
0.25577,0.39229,0.14569,-0.45104,-0.51569,0.54424,-0.48418,53.43041
0.25577,0.39219,0.14569,-0.45108,-0.51570,0.54420,-0.48417,53.53070
0.25577,0.39209,0.14570,-0.45112,-0.51571,0.54416,-0.48417,53.63099
0.25577,0.39199,0.14571,-0.45117,-0.51571,0.54412,-0.48417,53.73128
0.25577,0.39189,0.14571,-0.45121,-0.51572,0.54407,-0.48417,53.83157
0.25577,0.39179,0.14572,-0.45125,-0.51573,0.54403,-0.48417,53.93186
0.25577,0.39169,0.14573,-0.45129,-0.51574,0.54399,-0.48417,54.03215
0.25577,0.39159,0.14573,-0.45133,-0.51575,0.54395,-0.48417,54.13244
0.25577,0.39149,0.14573,-0.45137,-0.51576,0.54391,-0.48417,54.23273
0.25577,0.39139,0.14574,-0.45142,-0.51577,0.54386,-0.48417,54.33301
0.25577,0.39129,0.14575,-0.45146,-0.51578,0.54382,-0.48417,54.43330
0.25577,0.39119,0.14576,-0.45149,-0.51579,0.54378,-0.48417,54.53358
0.25578,0.39109,0.14576,-0.45154,-0.51579,0.54374,-0.48416,54.63387
0.25578,0.39099,0.14577,-0.45158,-0.51581,0.54370,-0.48416,54.73415
0.25578,0.39089,0.14577,-0.45163,-0.51581,0.54365,-0.48416,54.83443
0.25578,0.39079,0.14578,-0.45167,-0.51582,0.54361,-0.48416,54.93472
0.25578,0.39069,0.14578,-0.45171,-0.51583,0.54357,-0.48416,55.03500
0.25578,0.39059,0.14579,-0.45175,-0.51584,0.54352,-0.48416,55.13528
0.25578,0.39049,0.14580,-0.45180,-0.51585,0.54348,-0.48416,55.23556
0.25578,0.39039,0.14581,-0.45183,-0.51586,0.54344,-0.48416,55.33584
0.25578,0.39029,0.14581,-0.45187,-0.51587,0.54340,-0.48416,55.43612
0.25578,0.39019,0.14581,-0.45192,-0.51588,0.54335,-0.48416,55.53640
0.25578,0.39009,0.14582,-0.45195,-0.51589,0.54331,-0.48416,55.63667
0.25578,0.38999,0.14583,-0.45200,-0.51590,0.54327,-0.48415,55.73695
0.25579,0.38989,0.14583,-0.45204,-0.51591,0.54323,-0.48415,55.83723
0.25579,0.38979,0.14584,-0.45208,-0.51592,0.54318,-0.48415,55.93750
0.25579,0.38969,0.14585,-0.45212,-0.51593,0.54314,-0.48415,56.03778
0.25579,0.38959,0.14585,-0.45217,-0.51593,0.54310,-0.48415,56.13805
0.25579,0.38949,0.14585,-0.45221,-0.51594,0.54305,-0.48415,56.23832
0.25579,0.38939,0.14586,-0.45225,-0.51595,0.54301,-0.48415,56.33860
0.25579,0.38929,0.14587,-0.45229,-0.51596,0.54297,-0.48414,56.43887
0.25579,0.38919,0.14588,-0.45234,-0.51597,0.54293,-0.48414,56.53914
0.25579,0.38909,0.14588,-0.45238,-0.51598,0.54288,-0.48414,56.63941
0.25579,0.38899,0.14589,-0.45242,-0.51599,0.54284,-0.48414,56.73968
0.25579,0.38889,0.14589,-0.45247,-0.51600,0.54280,-0.48414,56.83995
0.25580,0.38879,0.14590,-0.45251,-0.51601,0.54275,-0.48414,56.94021
0.25580,0.38869,0.14590,-0.45255,-0.51602,0.54271,-0.48414,57.04048
0.25580,0.38859,0.14591,-0.45259,-0.51603,0.54267,-0.48414,57.14075
0.25580,0.38849,0.14592,-0.45264,-0.51604,0.54262,-0.48414,57.24101
0.25580,0.38839,0.14592,-0.45268,-0.51605,0.54257,-0.48414,57.34128
0.25580,0.38829,0.14593,-0.45272,-0.51606,0.54254,-0.48413,57.44154
0.25580,0.38819,0.14593,-0.45277,-0.51607,0.54249,-0.48413,57.54181
0.25580,0.38809,0.14594,-0.45281,-0.51608,0.54245,-0.48413,57.64207
0.25580,0.38799,0.14594,-0.45285,-0.51609,0.54240,-0.48413,57.74233
0.25580,0.38789,0.14595,-0.45290,-0.51610,0.54235,-0.48413,57.84260
0.25580,0.38779,0.14596,-0.45294,-0.51611,0.54231,-0.48412,57.94286
0.25580,0.38769,0.14596,-0.45298,-0.51612,0.54227,-0.48412,58.04312
0.25581,0.38759,0.14596,-0.45302,-0.51613,0.54223,-0.48412,58.14338
0.25581,0.38749,0.14597,-0.45307,-0.51614,0.54218,-0.48411,58.24363
0.25581,0.38739,0.14598,-0.45311,-0.51615,0.54214,-0.48411,58.34389
0.25581,0.38729,0.14598,-0.45315,-0.51616,0.54210,-0.48411,58.44415
0.25581,0.38719,0.14599,-0.45320,-0.51617,0.54205,-0.48411,58.54441
0.25581,0.38709,0.14600,-0.45323,-0.51618,0.54201,-0.48411,58.64466
0.25581,0.38699,0.14601,-0.45328,-0.51620,0.54196,-0.48410,58.74492
0.25581,0.38689,0.14600,-0.45333,-0.51620,0.54192,-0.48410,58.84517
0.25581,0.38679,0.14601,-0.45337,-0.51622,0.54187,-0.48410,58.94543
0.25581,0.38669,0.14602,-0.45341,-0.51623,0.54183,-0.48410,59.04568
0.25581,0.38659,0.14602,-0.45345,-0.51623,0.54179,-0.48410,59.14593
0.25581,0.38649,0.14603,-0.45350,-0.51624,0.54174,-0.48410,59.24618
0.25582,0.38639,0.14604,-0.45354,-0.51625,0.54170,-0.48409,59.34643
0.25582,0.38629,0.14604,-0.45359,-0.51627,0.54165,-0.48409,59.44668
0.25582,0.38619,0.14604,-0.45363,-0.51628,0.54161,-0.48409,59.54693
0.25582,0.38609,0.14605,-0.45367,-0.51628,0.54157,-0.48408,59.64718
0.25582,0.38599,0.14606,-0.45371,-0.51629,0.54152,-0.48409,59.74743
0.25582,0.38589,0.14606,-0.45376,-0.51631,0.54148,-0.48408,59.84768
0.25582,0.38579,0.14607,-0.45381,-0.51632,0.54143,-0.48408,59.94792
0.25582,0.38569,0.14608,-0.45384,-0.51633,0.54139,-0.48408,60.04817
0.25582,0.38559,0.14607,-0.45389,-0.51634,0.54134,-0.48407,60.14842
0.25582,0.38549,0.14608,-0.45393,-0.51635,0.54130,-0.48407,60.24866
0.25582,0.38539,0.14609,-0.45397,-0.51636,0.54126,-0.48406,60.34890
0.25582,0.38529,0.14610,-0.45402,-0.51637,0.54121,-0.48406,60.44915
0.25583,0.38519,0.14610,-0.45406,-0.51638,0.54117,-0.48406,60.54939
0.25583,0.38509,0.14611,-0.45411,-0.51639,0.54112,-0.48406,60.64963
0.25583,0.38499,0.14612,-0.45415,-0.51640,0.54108,-0.48405,60.74987
0.25583,0.38489,0.14611,-0.45419,-0.51642,0.54103,-0.48405,60.85011
0.25583,0.38479,0.14612,-0.45424,-0.51642,0.54099,-0.48405,60.95035
0.25583,0.38469,0.14613,-0.45428,-0.51643,0.54095,-0.48405,61.05059
0.25583,0.38459,0.14613,-0.45433,-0.51645,0.54090,-0.48404,61.15083
0.25583,0.38449,0.14614,-0.45437,-0.51646,0.54085,-0.48404,61.25107
0.25583,0.38439,0.14615,-0.45441,-0.51647,0.54081,-0.48404,61.35130
0.25583,0.38429,0.14614,-0.45446,-0.51648,0.54076,-0.48404,61.45154
0.25583,0.38419,0.14615,-0.45450,-0.51650,0.54072,-0.48403,61.55177
0.25583,0.38409,0.14616,-0.45455,-0.51650,0.54067,-0.48403,61.65201
0.25584,0.38399,0.14616,-0.45459,-0.51651,0.54063,-0.48403,61.75224
0.25584,0.38389,0.14617,-0.45464,-0.51653,0.54058,-0.48402,61.85248
0.25584,0.38379,0.14618,-0.45468,-0.51654,0.54053,-0.48402,61.95271
0.25584,0.38369,0.14619,-0.45472,-0.51655,0.54049,-0.48402,62.05294
0.25584,0.38359,0.14618,-0.45477,-0.51656,0.54044,-0.48401,62.15317
0.25584,0.38349,0.14619,-0.45481,-0.51657,0.54040,-0.48401,62.25340
0.25584,0.38339,0.14620,-0.45486,-0.51658,0.54035,-0.48401,62.35363
0.25584,0.38329,0.14620,-0.45490,-0.51659,0.54031,-0.48400,62.45386
0.25584,0.38319,0.14621,-0.45495,-0.51661,0.54026,-0.48400,62.55409
0.25584,0.38309,0.14622,-0.45499,-0.51662,0.54022,-0.48399,62.65432
0.25584,0.38299,0.14621,-0.45504,-0.51663,0.54017,-0.48399,62.75454
0.25585,0.38289,0.14622,-0.45508,-0.51664,0.54013,-0.48399,62.85477
0.25585,0.38278,0.14623,-0.45513,-0.51665,0.54008,-0.48398,62.95499
0.25585,0.38268,0.14623,-0.45516,-0.51667,0.54004,-0.48398,63.05522
0.25585,0.38258,0.14624,-0.45521,-0.51668,0.53999,-0.48398,63.15544
0.25585,0.38248,0.14625,-0.45525,-0.51669,0.53995,-0.48398,63.25567
0.25585,0.38238,0.14625,-0.45531,-0.51670,0.53990,-0.48397,63.35589
0.25585,0.38228,0.14625,-0.45534,-0.51671,0.53986,-0.48397,63.45611
0.25585,0.38218,0.14626,-0.45539,-0.51672,0.53981,-0.48397,63.55633
0.25585,0.38208,0.14626,-0.45543,-0.51674,0.53977,-0.48396,63.65655
0.25585,0.38198,0.14627,-0.45548,-0.51675,0.53972,-0.48395,63.75677
0.25585,0.38188,0.14628,-0.45552,-0.51676,0.53968,-0.48395,63.85699
0.25585,0.38178,0.14628,-0.45557,-0.51677,0.53963,-0.48395,63.95721
0.25586,0.38168,0.14629,-0.45561,-0.51679,0.53958,-0.48394,64.05743
0.25586,0.38158,0.14629,-0.45566,-0.51680,0.53953,-0.48394,64.15764
0.25586,0.38148,0.14629,-0.45570,-0.51681,0.53949,-0.48394,64.25786
0.25586,0.38138,0.14630,-0.45575,-0.51682,0.53945,-0.48393,64.35807
0.25586,0.38128,0.14631,-0.45579,-0.51683,0.53940,-0.48393,64.45829
0.25586,0.38118,0.14631,-0.45584,-0.51685,0.53935,-0.48392,64.55850
0.25586,0.38108,0.14632,-0.45588,-0.51686,0.53931,-0.48392,64.65872
0.25586,0.38098,0.14632,-0.45593,-0.51687,0.53926,-0.48391,64.75893
0.25586,0.38088,0.14632,-0.45597,-0.51688,0.53922,-0.48391,64.85914
0.25586,0.38078,0.14633,-0.45602,-0.51690,0.53916,-0.48391,64.95935
0.25586,0.38068,0.14633,-0.45606,-0.51691,0.53913,-0.48390,65.05956
0.25586,0.38058,0.14634,-0.45611,-0.51692,0.53907,-0.48390,65.15977
0.25587,0.38048,0.14635,-0.45615,-0.51693,0.53903,-0.48390,65.25998
0.25587,0.38038,0.14635,-0.45620,-0.51695,0.53898,-0.48389,65.36019
0.25587,0.38028,0.14635,-0.45624,-0.51696,0.53894,-0.48389,65.46040
0.25587,0.38018,0.14636,-0.45629,-0.51697,0.53889,-0.48388,65.56060
0.25587,0.38008,0.14636,-0.45634,-0.51698,0.53884,-0.48388,65.66081
0.25587,0.37998,0.14637,-0.45638,-0.51699,0.53880,-0.48387,65.76102
0.25587,0.37988,0.14638,-0.45643,-0.51701,0.53875,-0.48386,65.86122
0.25587,0.37978,0.14638,-0.45647,-0.51702,0.53870,-0.48387,65.96143
0.25587,0.37968,0.14638,-0.45652,-0.51703,0.53866,-0.48386,66.06163
0.25587,0.37958,0.14639,-0.45656,-0.51705,0.53861,-0.48385,66.16183
0.25587,0.37948,0.14639,-0.45661,-0.51706,0.53856,-0.48385,66.26203
0.25588,0.37938,0.14640,-0.45666,-0.51707,0.53852,-0.48384,66.36224
0.25588,0.37928,0.14640,-0.45670,-0.51708,0.53847,-0.48384,66.46244
0.25588,0.37918,0.14641,-0.45674,-0.51709,0.53843,-0.48383,66.56264
0.25588,0.37908,0.14642,-0.45679,-0.51711,0.53838,-0.48383,66.66284
0.25588,0.37898,0.14641,-0.45684,-0.51712,0.53833,-0.48382,66.76303
0.25588,0.37888,0.14642,-0.45687,-0.51713,0.53829,-0.48382,66.86323
0.25588,0.37878,0.14643,-0.45692,-0.51714,0.53824,-0.48382,66.96343
0.25588,0.37868,0.14643,-0.45698,-0.51716,0.53819,-0.48381,67.06363
0.25588,0.37858,0.14644,-0.45701,-0.51717,0.53815,-0.48381,67.16382
0.25588,0.37848,0.14644,-0.45706,-0.51718,0.53810,-0.48380,67.26402
0.25588,0.37838,0.14645,-0.45711,-0.51720,0.53805,-0.48380,67.36421
0.25588,0.37828,0.14645,-0.45715,-0.51721,0.53801,-0.48379,67.46441
0.25589,0.37818,0.14645,-0.45720,-0.51722,0.53796,-0.48379,67.56460
0.25589,0.37808,0.14646,-0.45725,-0.51724,0.53791,-0.48378,67.66479
0.25589,0.37798,0.14647,-0.45729,-0.51724,0.53787,-0.48378,67.76498
0.25589,0.37788,0.14647,-0.45733,-0.51726,0.53782,-0.48378,67.86517
0.25589,0.37778,0.14648,-0.45738,-0.51728,0.53777,-0.48377,67.96536
0.25589,0.37768,0.14647,-0.45743,-0.51728,0.53773,-0.48376,68.06555
0.25589,0.37758,0.14648,-0.45747,-0.51730,0.53768,-0.48375,68.16574
0.25589,0.37748,0.14649,-0.45752,-0.51731,0.53763,-0.48375,68.26593
0.25589,0.37738,0.14649,-0.45757,-0.51732,0.53759,-0.48374,68.36612
0.25589,0.37728,0.14650,-0.45761,-0.51734,0.53754,-0.48374,68.46631
0.25589,0.37718,0.14651,-0.45766,-0.51735,0.53749,-0.48373,68.56649
0.25589,0.37708,0.14651,-0.45771,-0.51736,0.53744,-0.48373,68.66668
0.25590,0.37698,0.14651,-0.45775,-0.51738,0.53740,-0.48372,68.76686
0.25590,0.37688,0.14651,-0.45780,-0.51739,0.53734,-0.48372,68.86705
0.25590,0.37678,0.14652,-0.45784,-0.51741,0.53730,-0.48371,68.96723
0.25590,0.37668,0.14653,-0.45789,-0.51742,0.53725,-0.48371,69.06741
0.25590,0.37658,0.14653,-0.45794,-0.51743,0.53721,-0.48370,69.16759
0.25590,0.37648,0.14654,-0.45798,-0.51744,0.53716,-0.48370,69.26778
0.25590,0.37638,0.14653,-0.45803,-0.51746,0.53711,-0.48369,69.36796
0.25590,0.37628,0.14654,-0.45808,-0.51747,0.53706,-0.48369,69.46814
0.25590,0.37618,0.14655,-0.45812,-0.51749,0.53701,-0.48368,69.56832
0.25590,0.37608,0.14655,-0.45817,-0.51750,0.53696,-0.48368,69.66850
0.25590,0.37598,0.14656,-0.45822,-0.51751,0.53692,-0.48367,69.76867
0.25591,0.37588,0.14656,-0.45826,-0.51753,0.53687,-0.48367,69.86885
0.25591,0.37578,0.14657,-0.45831,-0.51754,0.53682,-0.48366,69.96903
0.25591,0.37568,0.14657,-0.45836,-0.51755,0.53677,-0.48366,70.06920
0.25591,0.37558,0.14657,-0.45840,-0.51757,0.53673,-0.48364,70.16938
0.25591,0.37548,0.14658,-0.45845,-0.51758,0.53668,-0.48364,70.26955
0.25591,0.37538,0.14658,-0.45849,-0.51760,0.53663,-0.48363,70.36973
0.25591,0.37528,0.14659,-0.45854,-0.51761,0.53659,-0.48363,70.46990
0.25591,0.37518,0.14659,-0.45859,-0.51762,0.53654,-0.48362,70.57007
0.25591,0.37508,0.14660,-0.45863,-0.51764,0.53649,-0.48361,70.67025
0.25591,0.37498,0.14660,-0.45868,-0.51765,0.53644,-0.48361,70.77042
0.25591,0.37488,0.14660,-0.45872,-0.51767,0.53639,-0.48360,70.87059
0.25591,0.37478,0.14661,-0.45877,-0.51768,0.53635,-0.48360,70.97076
0.25592,0.37468,0.14661,-0.45882,-0.51769,0.53630,-0.48359,71.07093
0.25592,0.37458,0.14662,-0.45886,-0.51771,0.53625,-0.48359,71.17110
0.25592,0.37448,0.14663,-0.45891,-0.51772,0.53620,-0.48358,71.27126
0.25592,0.37438,0.14662,-0.45896,-0.51774,0.53615,-0.48357,71.37143
0.25592,0.37428,0.14663,-0.45901,-0.51775,0.53611,-0.48357,71.47160
0.25592,0.37418,0.14663,-0.45905,-0.51776,0.53606,-0.48356,71.57176
0.25592,0.37408,0.14664,-0.45910,-0.51778,0.53601,-0.48356,71.67193
0.25592,0.37398,0.14664,-0.45915,-0.51779,0.53597,-0.48355,71.77209
0.25592,0.37388,0.14665,-0.45919,-0.51781,0.53592,-0.48354,71.87226
0.25592,0.37378,0.14666,-0.45924,-0.51782,0.53587,-0.48354,71.97242
0.25592,0.37368,0.14665,-0.45929,-0.51784,0.53582,-0.48352,72.07258
0.25592,0.37358,0.14666,-0.45934,-0.51785,0.53577,-0.48352,72.17275
0.25593,0.37348,0.14666,-0.45938,-0.51786,0.53573,-0.48351,72.27291
0.25593,0.37338,0.14667,-0.45943,-0.51788,0.53567,-0.48351,72.37307
0.25593,0.37328,0.14667,-0.45948,-0.51789,0.53563,-0.48350,72.47323
0.25593,0.37318,0.14668,-0.45953,-0.51791,0.53558,-0.48349,72.57339
0.25593,0.37308,0.14669,-0.45957,-0.51792,0.53553,-0.48349,72.67355
0.25593,0.37298,0.14668,-0.45962,-0.51794,0.53548,-0.48348,72.77370
0.25593,0.37288,0.14669,-0.45967,-0.51795,0.53543,-0.48348,72.87386
0.25593,0.37278,0.14669,-0.45971,-0.51797,0.53538,-0.48347,72.97402
0.25593,0.37268,0.14670,-0.45976,-0.51798,0.53534,-0.48346,73.07417
0.25593,0.37258,0.14670,-0.45981,-0.51799,0.53529,-0.48346,73.17433
0.25593,0.37248,0.14671,-0.45986,-0.51801,0.53523,-0.48345,73.27448
0.25594,0.37238,0.14670,-0.45990,-0.51802,0.53519,-0.48345,73.37464
0.25594,0.37228,0.14671,-0.45995,-0.51804,0.53514,-0.48344,73.47479
0.25594,0.37218,0.14672,-0.46000,-0.51805,0.53509,-0.48343,73.57494
0.25594,0.37208,0.14672,-0.46004,-0.51807,0.53504,-0.48342,73.67510
0.25594,0.37198,0.14673,-0.46010,-0.51808,0.53499,-0.48342,73.77525
0.25594,0.37188,0.14673,-0.46014,-0.51810,0.53494,-0.48341,73.87540
0.25594,0.37178,0.14674,-0.46019,-0.51811,0.53489,-0.48341,73.97555
0.25594,0.37168,0.14673,-0.46023,-0.51813,0.53485,-0.48339,74.07570
0.25594,0.37158,0.14674,-0.46028,-0.51814,0.53480,-0.48338,74.17585
0.25594,0.37148,0.14674,-0.46033,-0.51815,0.53475,-0.48338,74.27600
0.25594,0.37138,0.14675,-0.46037,-0.51817,0.53470,-0.48337,74.37614
0.25594,0.37128,0.14676,-0.46042,-0.51818,0.53465,-0.48337,74.47629
0.25595,0.37118,0.14676,-0.46047,-0.51820,0.53460,-0.48336,74.57644
0.25595,0.37108,0.14676,-0.46052,-0.51822,0.53455,-0.48335,74.67658
0.25595,0.37098,0.14676,-0.46057,-0.51822,0.53451,-0.48335,74.77673
0.25595,0.37088,0.14677,-0.46061,-0.51824,0.53446,-0.48334,74.87687
0.25595,0.37078,0.14677,-0.46066,-0.51826,0.53441,-0.48333,74.97702
0.25595,0.37068,0.14678,-0.46071,-0.51827,0.53436,-0.48333,75.07716
0.25595,0.37058,0.14678,-0.46076,-0.51828,0.53431,-0.48332,75.17730
0.25595,0.37048,0.14679,-0.46081,-0.51830,0.53426,-0.48331,75.27744
0.25595,0.37038,0.14678,-0.46086,-0.51832,0.53421,-0.48330,75.37758
0.25595,0.37028,0.14679,-0.46090,-0.51834,0.53416,-0.48330,75.47773
0.25595,0.37018,0.14679,-0.46095,-0.51834,0.53412,-0.48329,75.57787
0.25595,0.37008,0.14680,-0.46100,-0.51836,0.53407,-0.48327,75.67800
0.25596,0.36998,0.14680,-0.46105,-0.51837,0.53401,-0.48327,75.77814
0.25596,0.36988,0.14681,-0.46110,-0.51839,0.53396,-0.48326,75.87828
0.25596,0.36978,0.14682,-0.46114,-0.51841,0.53392,-0.48326,75.97842
0.25596,0.36968,0.14681,-0.46119,-0.51842,0.53386,-0.48325,76.07856
0.25596,0.36958,0.14682,-0.46124,-0.51843,0.53382,-0.48324,76.17869
0.25596,0.36948,0.14682,-0.46129,-0.51845,0.53377,-0.48323,76.27883
0.25596,0.36937,0.14683,-0.46134,-0.51846,0.53371,-0.48323,76.37896
0.25596,0.36927,0.14683,-0.46139,-0.51848,0.53366,-0.48322,76.47910
0.25596,0.36917,0.14684,-0.46144,-0.51849,0.53362,-0.48321,76.57923
0.25596,0.36907,0.14683,-0.46148,-0.51851,0.53357,-0.48320,76.67936
0.25596,0.36897,0.14684,-0.46152,-0.51852,0.53352,-0.48320,76.77950
0.25597,0.36887,0.14684,-0.46157,-0.51854,0.53347,-0.48319,76.87963
0.25597,0.36877,0.14685,-0.46162,-0.51856,0.53342,-0.48318,76.97976
0.25597,0.36867,0.14685,-0.46167,-0.51857,0.53337,-0.48318,77.07989
0.25597,0.36857,0.14686,-0.46172,-0.51859,0.53332,-0.48317,77.18002
0.25597,0.36847,0.14686,-0.46177,-0.51860,0.53327,-0.48316,77.28015
0.25597,0.36837,0.14686,-0.46181,-0.51862,0.53322,-0.48315,77.38028
0.25597,0.36827,0.14686,-0.46186,-0.51863,0.53317,-0.48315,77.48041
0.25597,0.36817,0.14687,-0.46191,-0.51865,0.53312,-0.48314,77.58053
0.25597,0.36807,0.14687,-0.46196,-0.51866,0.53307,-0.48313,77.68066
0.25597,0.36797,0.14688,-0.46201,-0.51868,0.53302,-0.48312,77.78079
0.25597,0.36787,0.14688,-0.46206,-0.51870,0.53297,-0.48311,77.88091
0.25597,0.36777,0.14688,-0.46211,-0.51871,0.53292,-0.48310,77.98104
0.25598,0.36767,0.14688,-0.46215,-0.51873,0.53287,-0.48309,78.08116
0.25598,0.36757,0.14689,-0.46220,-0.51874,0.53282,-0.48309,78.18129
0.25598,0.36747,0.14689,-0.46225,-0.51876,0.53277,-0.48308,78.28141
0.25598,0.36737,0.14690,-0.46230,-0.51877,0.53273,-0.48307,78.38153
0.25598,0.36727,0.14690,-0.46235,-0.51879,0.53268,-0.48306,78.48165
0.25598,0.36717,0.14691,-0.46240,-0.51881,0.53263,-0.48305,78.58177
0.25598,0.36707,0.14690,-0.46245,-0.51882,0.53258,-0.48305,78.68190
0.25598,0.36697,0.14691,-0.46250,-0.51884,0.53252,-0.48304,78.78202
0.25598,0.36687,0.14691,-0.46255,-0.51885,0.53248,-0.48303,78.88214
0.25598,0.36677,0.14692,-0.46259,-0.51887,0.53243,-0.48302,78.98225
0.25598,0.36667,0.14692,-0.46264,-0.51888,0.53238,-0.48301,79.08237
0.25599,0.36657,0.14693,-0.46269,-0.51890,0.53233,-0.48301,79.18249
0.25599,0.36647,0.14693,-0.46273,-0.51892,0.53227,-0.48300,79.28261
0.25599,0.36637,0.14693,-0.46279,-0.51893,0.53223,-0.48299,79.38272
0.25599,0.36627,0.14693,-0.46284,-0.51895,0.53218,-0.48298,79.48284
0.25599,0.36617,0.14694,-0.46289,-0.51896,0.53213,-0.48297,79.58296
0.25599,0.36607,0.14694,-0.46293,-0.51898,0.53207,-0.48296,79.68307
0.25599,0.36597,0.14695,-0.46298,-0.51900,0.53202,-0.48295,79.78318
0.25599,0.36587,0.14695,-0.46303,-0.51901,0.53197,-0.48294,79.88330
0.25599,0.36577,0.14694,-0.46308,-0.51903,0.53192,-0.48293,79.98341
0.25599,0.36567,0.14695,-0.46313,-0.51904,0.53187,-0.48292,80.08352
0.25599,0.36557,0.14695,-0.46317,-0.51906,0.53182,-0.48292,80.18364
0.25599,0.36547,0.14696,-0.46322,-0.51908,0.53177,-0.48291,80.28375
0.25600,0.36537,0.14696,-0.46327,-0.51909,0.53172,-0.48290,80.38386
0.25600,0.36527,0.14697,-0.46332,-0.51911,0.53167,-0.48289,80.48397
0.25600,0.36517,0.14697,-0.46337,-0.51912,0.53162,-0.48288,80.58408
0.25600,0.36507,0.14697,-0.46342,-0.51914,0.53157,-0.48288,80.68419
0.25600,0.36497,0.14697,-0.46347,-0.51916,0.53152,-0.48287,80.78429
0.25600,0.36487,0.14698,-0.46352,-0.51917,0.53147,-0.48286,80.88440
0.25600,0.36477,0.14698,-0.46357,-0.51919,0.53142,-0.48285,80.98451
0.25600,0.36467,0.14699,-0.46362,-0.51921,0.53137,-0.48284,81.08462
0.25600,0.36457,0.14699,-0.46367,-0.51922,0.53132,-0.48283,81.18472
0.25600,0.36447,0.14699,-0.46372,-0.51923,0.53127,-0.48282,81.28483
0.25600,0.36437,0.14699,-0.46377,-0.51925,0.53122,-0.48281,81.38493
0.25601,0.36427,0.14699,-0.46382,-0.51927,0.53116,-0.48281,81.48504
0.25601,0.36417,0.14700,-0.46387,-0.51929,0.53111,-0.48279,81.58514
0.25601,0.36407,0.14700,-0.46392,-0.51930,0.53106,-0.48279,81.68524
0.25601,0.36397,0.14701,-0.46397,-0.51932,0.53101,-0.48277,81.78535
0.25601,0.36387,0.14701,-0.46402,-0.51933,0.53096,-0.48277,81.88545
0.25601,0.36377,0.14701,-0.46407,-0.51935,0.53091,-0.48276,81.98555
0.25601,0.36367,0.14701,-0.46411,-0.51937,0.53086,-0.48275,82.08565
0.25601,0.36357,0.14702,-0.46416,-0.51939,0.53081,-0.48274,82.18575
0.25601,0.36347,0.14702,-0.46421,-0.51940,0.53076,-0.48273,82.28585
0.25601,0.36337,0.14703,-0.46426,-0.51942,0.53071,-0.48272,82.38595
0.25601,0.36327,0.14703,-0.46431,-0.51944,0.53066,-0.48271,82.48605
0.25601,0.36317,0.14703,-0.46435,-0.51945,0.53061,-0.48271,82.58615
0.25602,0.36307,0.14703,-0.46440,-0.51946,0.53056,-0.48270,82.68625
0.25602,0.36297,0.14703,-0.46445,-0.51948,0.53050,-0.48269,82.78634
0.25602,0.36287,0.14704,-0.46450,-0.51950,0.53046,-0.48268,82.88644
0.25602,0.36277,0.14704,-0.46455,-0.51951,0.53040,-0.48267,82.98653
0.25602,0.36267,0.14705,-0.46460,-0.51953,0.53036,-0.48266,83.08663
0.25602,0.36257,0.14705,-0.46465,-0.51955,0.53030,-0.48265,83.18672
0.25602,0.36247,0.14704,-0.46470,-0.51957,0.53025,-0.48264,83.28682
0.25602,0.36237,0.14705,-0.46476,-0.51958,0.53020,-0.48263,83.38691
0.25602,0.36227,0.14705,-0.46480,-0.51960,0.53014,-0.48262,83.48701
0.25602,0.36217,0.14706,-0.46485,-0.51961,0.53009,-0.48261,83.58710
0.25602,0.36207,0.14706,-0.46490,-0.51963,0.53004,-0.48260,83.68719
0.25603,0.36197,0.14707,-0.46495,-0.51964,0.52999,-0.48259,83.78728
0.25603,0.36187,0.14707,-0.46500,-0.51966,0.52994,-0.48258,83.88737
0.25603,0.36177,0.14706,-0.46505,-0.51968,0.52989,-0.48257,83.98746
0.25603,0.36167,0.14707,-0.46510,-0.51969,0.52984,-0.48256,84.08755
0.25603,0.36157,0.14707,-0.46515,-0.51971,0.52979,-0.48255,84.18764
0.25603,0.36147,0.14708,-0.46520,-0.51973,0.52974,-0.48254,84.28773
0.25603,0.36137,0.14708,-0.46525,-0.51975,0.52968,-0.48253,84.38782
0.25603,0.36127,0.14709,-0.46530,-0.51976,0.52963,-0.48253,84.48791
0.25603,0.36117,0.14708,-0.46535,-0.51978,0.52958,-0.48252,84.58799
0.25603,0.36107,0.14708,-0.46540,-0.51979,0.52953,-0.48251,84.68808
0.25603,0.36097,0.14709,-0.46545,-0.51981,0.52948,-0.48250,84.78817
0.25603,0.36087,0.14709,-0.46550,-0.51983,0.52943,-0.48249,84.88825
0.25604,0.36077,0.14710,-0.46555,-0.51984,0.52938,-0.48248,84.98834
0.25604,0.36067,0.14710,-0.46560,-0.51986,0.52933,-0.48247,85.08842
0.25604,0.36057,0.14710,-0.46564,-0.51988,0.52928,-0.48245,85.18851
0.25604,0.36047,0.14710,-0.46570,-0.51990,0.52922,-0.48245,85.28859
0.25604,0.36037,0.14710,-0.46576,-0.51991,0.52917,-0.48243,85.38867
0.25604,0.36027,0.14711,-0.46580,-0.51993,0.52912,-0.48242,85.48876
0.25604,0.36017,0.14711,-0.46585,-0.51995,0.52907,-0.48241,85.58884
0.25604,0.36007,0.14712,-0.46590,-0.51996,0.52902,-0.48240,85.68892
0.25604,0.35997,0.14712,-0.46595,-0.51998,0.52897,-0.48239,85.78900
0.25604,0.35987,0.14712,-0.46600,-0.52000,0.52891,-0.48239,85.88908
0.25604,0.35977,0.14712,-0.46605,-0.52001,0.52886,-0.48238,85.98916
0.25605,0.35967,0.14712,-0.46610,-0.52003,0.52881,-0.48237,86.08924
0.25605,0.35957,0.14713,-0.46615,-0.52005,0.52875,-0.48236,86.18932
0.25605,0.35947,0.14713,-0.46620,-0.52006,0.52871,-0.48235,86.28940
0.25605,0.35937,0.14713,-0.46625,-0.52008,0.52866,-0.48234,86.38947
0.25605,0.35927,0.14714,-0.46630,-0.52010,0.52860,-0.48233,86.48955
0.25605,0.35917,0.14713,-0.46635,-0.52012,0.52855,-0.48232,86.58963
0.25605,0.35907,0.14713,-0.46640,-0.52013,0.52850,-0.48231,86.68971
0.25605,0.35897,0.14714,-0.46645,-0.52015,0.52845,-0.48230,86.78978
0.25605,0.35887,0.14714,-0.46650,-0.52017,0.52839,-0.48229,86.88986
0.25605,0.35877,0.14715,-0.46655,-0.52019,0.52834,-0.48227,86.98993
0.25605,0.35867,0.14715,-0.46660,-0.52020,0.52829,-0.48227,87.09001
0.25605,0.35857,0.14715,-0.46665,-0.52022,0.52824,-0.48225,87.19008
0.25606,0.35847,0.14715,-0.46670,-0.52024,0.52819,-0.48224,87.29015
0.25606,0.35837,0.14715,-0.46676,-0.52025,0.52813,-0.48223,87.39023
0.25606,0.35827,0.14716,-0.46681,-0.52027,0.52808,-0.48222,87.49030
0.25606,0.35817,0.14716,-0.46686,-0.52029,0.52803,-0.48221,87.59037
0.25606,0.35807,0.14716,-0.46690,-0.52031,0.52798,-0.48220,87.69044
0.25606,0.35797,0.14717,-0.46696,-0.52032,0.52793,-0.48219,87.79051
0.25606,0.35787,0.14717,-0.46700,-0.52034,0.52788,-0.48218,87.89058
0.25606,0.35777,0.14716,-0.46706,-0.52036,0.52782,-0.48217,87.99065
0.25606,0.35767,0.14717,-0.46710,-0.52038,0.52777,-0.48216,88.09072
0.25606,0.35757,0.14717,-0.46716,-0.52039,0.52772,-0.48215,88.19079
0.25606,0.35747,0.14718,-0.46720,-0.52041,0.52767,-0.48214,88.29086
0.25607,0.35737,0.14718,-0.46725,-0.52043,0.52762,-0.48213,88.39093
0.25607,0.35727,0.14718,-0.46730,-0.52045,0.52757,-0.48212,88.49099
0.25607,0.35717,0.14718,-0.46736,-0.52046,0.52751,-0.48211,88.59106
0.25607,0.35707,0.14718,-0.46741,-0.52048,0.52746,-0.48210,88.69113
0.25607,0.35697,0.14718,-0.46746,-0.52050,0.52741,-0.48208,88.79119
0.25607,0.35687,0.14719,-0.46751,-0.52052,0.52736,-0.48207,88.89126
0.25607,0.35677,0.14719,-0.46756,-0.52053,0.52731,-0.48206,88.99132
0.25607,0.35667,0.14719,-0.46761,-0.52055,0.52725,-0.48205,89.09139
0.25607,0.35657,0.14720,-0.46766,-0.52057,0.52720,-0.48204,89.19145
0.25607,0.35647,0.14719,-0.46771,-0.52059,0.52715,-0.48203,89.29152
0.25607,0.35637,0.14720,-0.46776,-0.52060,0.52710,-0.48202,89.39158
0.25608,0.35627,0.14720,-0.46781,-0.52062,0.52705,-0.48201,89.49164
0.25608,0.35617,0.14720,-0.46786,-0.52064,0.52699,-0.48200,89.59170
0.25608,0.35607,0.14721,-0.46792,-0.52065,0.52693,-0.48199,89.69177
0.25608,0.35597,0.14721,-0.46797,-0.52067,0.52688,-0.48198,89.79183
0.25608,0.35587,0.14720,-0.46802,-0.52069,0.52683,-0.48197,89.89189
0.25608,0.35577,0.14721,-0.46807,-0.52070,0.52678,-0.48196,89.99195
0.25608,0.35567,0.14721,-0.46812,-0.52073,0.52672,-0.48195,90.09201
0.25608,0.35557,0.14721,-0.46817,-0.52074,0.52668,-0.48194,90.19207
0.25608,0.35547,0.14722,-0.46822,-0.52076,0.52662,-0.48193,90.29213
0.25608,0.35537,0.14722,-0.46827,-0.52077,0.52657,-0.48192,90.39219
0.25608,0.35527,0.14722,-0.46832,-0.52080,0.52651,-0.48191,90.49224
0.25608,0.35517,0.14722,-0.46838,-0.52081,0.52646,-0.48190,90.59230
0.25609,0.35507,0.14722,-0.46842,-0.52082,0.52641,-0.48188,90.69236
0.25609,0.35497,0.14722,-0.46847,-0.52085,0.52636,-0.48186,90.79242
0.25609,0.35487,0.14723,-0.46852,-0.52086,0.52631,-0.48185,90.89247
0.25609,0.35477,0.14723,-0.46857,-0.52089,0.52625,-0.48184,90.99253
0.25609,0.35467,0.14723,-0.46863,-0.52090,0.52620,-0.48184,91.09258
0.25609,0.35457,0.14724,-0.46867,-0.52092,0.52615,-0.48182,91.19264
0.25609,0.35447,0.14723,-0.46872,-0.52094,0.52610,-0.48181,91.29269
0.25609,0.35437,0.14723,-0.46878,-0.52095,0.52604,-0.48180,91.39275
0.25609,0.35427,0.14724,-0.46883,-0.52097,0.52599,-0.48179,91.49280
0.25609,0.35417,0.14724,-0.46888,-0.52098,0.52594,-0.48178,91.59285
0.25609,0.35407,0.14724,-0.46893,-0.52100,0.52589,-0.48177,91.69291
0.25610,0.35397,0.14725,-0.46898,-0.52102,0.52583,-0.48176,91.79296
0.25610,0.35387,0.14724,-0.46903,-0.52104,0.52578,-0.48175,91.89301
0.25610,0.35377,0.14724,-0.46908,-0.52106,0.52573,-0.48174,91.99306
0.25610,0.35367,0.14725,-0.46914,-0.52107,0.52568,-0.48173,92.09311
0.25610,0.35357,0.14725,-0.46919,-0.52109,0.52562,-0.48171,92.19317
0.25610,0.35347,0.14725,-0.46924,-0.52111,0.52557,-0.48170,92.29322
0.25610,0.35337,0.14726,-0.46929,-0.52113,0.52552,-0.48169,92.39327
0.25610,0.35327,0.14726,-0.46934,-0.52114,0.52547,-0.48168,92.49332
0.25610,0.35317,0.14725,-0.46939,-0.52117,0.52541,-0.48167,92.59336
0.25610,0.35307,0.14726,-0.46944,-0.52118,0.52536,-0.48166,92.69341
0.25610,0.35297,0.14726,-0.46950,-0.52120,0.52530,-0.48164,92.79346
0.25610,0.35287,0.14726,-0.46955,-0.52121,0.52526,-0.48163,92.89351
0.25611,0.35277,0.14726,-0.46960,-0.52123,0.52520,-0.48162,92.99356
0.25611,0.35267,0.14727,-0.46965,-0.52125,0.52515,-0.48161,93.09360
0.25611,0.35257,0.14726,-0.46969,-0.52127,0.52509,-0.48160,93.19365
0.25611,0.35247,0.14726,-0.46974,-0.52129,0.52504,-0.48159,93.29370
0.25611,0.35237,0.14727,-0.46981,-0.52130,0.52499,-0.48157,93.39374
0.25611,0.35227,0.14727,-0.46986,-0.52132,0.52494,-0.48156,93.49379
0.25611,0.35217,0.14727,-0.46990,-0.52134,0.52488,-0.48155,93.59383
0.25611,0.35207,0.14728,-0.46995,-0.52136,0.52483,-0.48154,93.69388
0.25611,0.35197,0.14728,-0.47000,-0.52138,0.52477,-0.48153,93.79392
0.25611,0.35187,0.14727,-0.47005,-0.52139,0.52473,-0.48152,93.89396
0.25611,0.35177,0.14727,-0.47011,-0.52141,0.52467,-0.48151,93.99401
0.25612,0.35167,0.14728,-0.47016,-0.52143,0.52461,-0.48150,94.09405
0.25612,0.35157,0.14728,-0.47021,-0.52145,0.52456,-0.48148,94.19409
0.25612,0.35147,0.14728,-0.47026,-0.52147,0.52451,-0.48147,94.29414
0.25612,0.35137,0.14729,-0.47031,-0.52149,0.52446,-0.48145,94.39418
0.25612,0.35127,0.14729,-0.47036,-0.52150,0.52440,-0.48145,94.49422
0.25612,0.35117,0.14728,-0.47042,-0.52152,0.52435,-0.48143,94.59426
0.25612,0.35107,0.14729,-0.47047,-0.52154,0.52430,-0.48142,94.69430
0.25612,0.35097,0.14729,-0.47052,-0.52156,0.52424,-0.48141,94.79434
0.25612,0.35087,0.14729,-0.47057,-0.52158,0.52419,-0.48140,94.89438
0.25612,0.35077,0.14729,-0.47062,-0.52159,0.52414,-0.48139,94.99442
0.25612,0.35067,0.14730,-0.47067,-0.52161,0.52409,-0.48137,95.09446
0.25613,0.35057,0.14729,-0.47073,-0.52163,0.52403,-0.48136,95.19450
0.25613,0.35047,0.14729,-0.47078,-0.52165,0.52398,-0.48135,95.29454
0.25613,0.35037,0.14729,-0.47083,-0.52167,0.52393,-0.48134,95.39457
0.25613,0.35027,0.14730,-0.47088,-0.52168,0.52387,-0.48133,95.49461
0.25613,0.35017,0.14730,-0.47093,-0.52170,0.52382,-0.48132,95.59465
0.25613,0.35007,0.14730,-0.47098,-0.52172,0.52377,-0.48131,95.69469
0.25613,0.34997,0.14731,-0.47103,-0.52174,0.52372,-0.48129,95.79472
0.25613,0.34987,0.14730,-0.47109,-0.52176,0.52366,-0.48128,95.89476
0.25613,0.34977,0.14730,-0.47113,-0.52178,0.52361,-0.48127,95.99479
0.25613,0.34967,0.14730,-0.47118,-0.52179,0.52356,-0.48126,96.09483
0.25613,0.34957,0.14731,-0.47124,-0.52181,0.52350,-0.48124,96.19487
0.25613,0.34947,0.14731,-0.47129,-0.52183,0.52344,-0.48123,96.29490
0.25614,0.34937,0.14731,-0.47134,-0.52185,0.52339,-0.48122,96.39493
0.25614,0.34927,0.14730,-0.47139,-0.52187,0.52334,-0.48120,96.49497
0.25614,0.34917,0.14731,-0.47144,-0.52189,0.52329,-0.48119,96.59500
0.25614,0.34907,0.14731,-0.47150,-0.52190,0.52323,-0.48118,96.69504
0.25614,0.34897,0.14731,-0.47155,-0.52192,0.52318,-0.48117,96.79507
0.25614,0.34887,0.14731,-0.47160,-0.52194,0.52312,-0.48116,96.89510
0.25614,0.34877,0.14732,-0.47165,-0.52196,0.52307,-0.48115,96.99513
0.25614,0.34867,0.14732,-0.47170,-0.52198,0.52302,-0.48113,97.09517
0.25614,0.34857,0.14731,-0.47176,-0.52200,0.52296,-0.48112,97.19520
0.25614,0.34847,0.14731,-0.47181,-0.52201,0.52291,-0.48111,97.29523
0.25614,0.34837,0.14732,-0.47186,-0.52203,0.52285,-0.48110,97.39526
0.25615,0.34827,0.14732,-0.47191,-0.52205,0.52280,-0.48109,97.49529
0.25615,0.34817,0.14732,-0.47196,-0.52207,0.52275,-0.48108,97.59532
0.25615,0.34807,0.14732,-0.47202,-0.52209,0.52270,-0.48105,97.69535
0.25615,0.34797,0.14733,-0.47207,-0.52211,0.52264,-0.48105,97.79538
0.25615,0.34787,0.14732,-0.47212,-0.52212,0.52259,-0.48104,97.89541
0.25615,0.34777,0.14732,-0.47217,-0.52214,0.52254,-0.48102,97.99544
0.25615,0.34767,0.14732,-0.47222,-0.52216,0.52248,-0.48101,98.09547
0.25615,0.34757,0.14733,-0.47228,-0.52218,0.52243,-0.48099,98.19549
0.25615,0.34747,0.14733,-0.47232,-0.52219,0.52238,-0.48098,98.29552
0.25615,0.34737,0.14733,-0.47237,-0.52222,0.52232,-0.48097,98.39555
0.25615,0.34727,0.14732,-0.47243,-0.52223,0.52227,-0.48096,98.49558
0.25616,0.34717,0.14733,0.47248,0.52225,-0.52221,0.48095,98.59560
0.25616,0.34707,0.14733,0.47254,0.52227,-0.52216,0.48093,98.69563
0.25616,0.34697,0.14733,0.47258,0.52229,-0.52211,0.48092,98.79566
0.25616,0.34687,0.14733,0.47263,0.52231,-0.52205,0.48091,98.89568
0.25616,0.34677,0.14733,0.47269,0.52232,-0.52200,0.48090,98.99571
0.25616,0.34667,0.14734,0.47274,0.52233,-0.52195,0.48089,99.09573
0.25616,0.34657,0.14733,0.47279,0.52236,-0.52189,0.48087,99.19576
0.25616,0.34647,0.14733,0.47284,0.52238,-0.52184,0.48086,99.29578
0.25616,0.34637,0.14733,0.47289,0.52240,-0.52179,0.48085,99.39581
0.25616,0.34627,0.14734,0.47295,0.52241,-0.52173,0.48084,99.49583
0.25616,0.34617,0.14734,0.47300,0.52243,-0.52167,0.48082,99.59586
0.25617,0.34607,0.14734,0.47305,0.52245,-0.52163,0.48080,99.69588
0.25617,0.34597,0.14734,0.47310,0.52247,-0.52157,0.48080,99.79590
0.25617,0.34587,0.14733,0.47316,0.52248,-0.52151,0.48078,99.89593
0.25617,0.34577,0.14734,0.47321,0.52250,-0.52146,0.48077,99.99595
0.25617,0.34567,0.14734,0.47326,0.52252,-0.52140,0.48076,100.09597
0.25617,0.34557,0.14734,0.47331,0.52255,-0.52136,0.48074,100.19599
0.25617,0.34547,0.14734,0.47336,0.52256,-0.52130,0.48073,100.29602
0.25617,0.34537,0.14735,0.47342,0.52258,-0.52124,0.48072,100.39604
0.25617,0.34527,0.14734,0.47347,0.52259,-0.52119,0.48071,100.49606
0.25617,0.34517,0.14734,0.47352,0.52261,-0.52113,0.48070,100.59608
0.25617,0.34507,0.14734,0.47358,0.52263,-0.52108,0.48068,100.69610
0.25617,0.34497,0.14734,0.47362,0.52265,-0.52103,0.48067,100.79612
0.25618,0.34487,0.14735,0.47368,0.52267,-0.52097,0.48066,100.89614
0.25618,0.34477,0.14735,0.47372,0.52269,-0.52092,0.48065,100.99616
0.25618,0.34467,0.14735,0.47378,0.52270,-0.52087,0.48063,101.09618
0.25618,0.34457,0.14734,0.47384,0.52272,-0.52081,0.48062,101.19620
0.25618,0.34447,0.14734,0.47388,0.52274,-0.52076,0.48061,101.29622
0.25618,0.34437,0.14735,0.47393,0.52276,-0.52071,0.48059,101.39624
0.25618,0.34427,0.14735,0.47399,0.52278,-0.52065,0.48058,101.49626
0.25618,0.34417,0.14735,0.47404,0.52280,-0.52060,0.48056,101.59627
0.25618,0.34407,0.14735,0.47409,0.52282,-0.52054,0.48055,101.69629
0.25618,0.34397,0.14734,0.47414,0.52283,-0.52049,0.48054,101.79631
0.25618,0.34387,0.14734,0.47420,0.52285,-0.52044,0.48052,101.89633
0.25619,0.34377,0.14735,0.47425,0.52287,-0.52038,0.48051,101.99635
0.25619,0.34367,0.14735,0.47430,0.52289,-0.52033,0.48050,102.09636
0.25619,0.34357,0.14735,0.47435,0.52291,-0.52027,0.48049,102.19638
0.25619,0.34347,0.14735,0.47441,0.52293,-0.52022,0.48047,102.29640
0.25619,0.34337,0.14735,0.47446,0.52295,-0.52017,0.48046,102.39641
0.25619,0.34326,0.14735,0.47451,0.52297,-0.52011,0.48045,102.49643
0.25619,0.34316,0.14735,0.47456,0.52298,-0.52006,0.48044,102.59644
0.25619,0.34306,0.14735,0.47462,0.52300,-0.52001,0.48042,102.69646
0.25619,0.34297,0.14735,0.47467,0.52302,-0.51995,0.48041,102.79647
0.25619,0.34287,0.14735,0.47472,0.52304,-0.51990,0.48040,102.89649
0.25619,0.34277,0.14735,0.47477,0.52306,-0.51984,0.48039,102.99650
0.25620,0.34266,0.14736,0.47483,0.52308,-0.51978,0.48037,103.09652
0.25620,0.34256,0.14735,0.47487,0.52310,-0.51973,0.48035,103.19653
0.25620,0.34246,0.14735,0.47493,0.52311,-0.51968,0.48035,103.29655
0.25620,0.34236,0.14735,0.47498,0.52313,-0.51962,0.48033,103.39656
0.25620,0.34226,0.14735,0.47504,0.52315,-0.51957,0.48032,103.49657
0.25620,0.34216,0.14735,0.47508,0.52317,-0.51951,0.48030,103.59659
0.25620,0.34206,0.14736,0.47513,0.52319,-0.51946,0.48029,103.69660
0.25620,0.34196,0.14735,0.47519,0.52321,-0.51940,0.48028,103.79661
0.25620,0.34186,0.14735,0.47524,0.52323,-0.51935,0.48026,103.89663
0.25620,0.34176,0.14735,0.47530,0.52324,-0.51930,0.48025,103.99664
0.25620,0.34166,0.14735,0.47534,0.52326,-0.51924,0.48024,104.09665
0.25621,0.34156,0.14735,0.47540,0.52328,-0.51919,0.48023,104.19666
0.25621,0.34146,0.14736,0.47545,0.52330,-0.51913,0.48021,104.29668
0.25621,0.34136,0.14736,0.47550,0.52332,-0.51908,0.48020,104.39669
0.25621,0.34126,0.14735,0.47556,0.52334,-0.51902,0.48019,104.49670
0.25621,0.34116,0.14735,0.47561,0.52336,-0.51897,0.48017,104.59671
0.25621,0.34106,0.14735,0.47566,0.52338,-0.51892,0.48016,104.69672
0.25621,0.34096,0.14735,0.47571,0.52339,-0.51886,0.48015,104.79673
0.25621,0.34086,0.14735,0.47577,0.52341,-0.51881,0.48013,104.89674
0.25621,0.34076,0.14736,0.47582,0.52343,-0.51875,0.48012,104.99675
0.25621,0.34066,0.14735,0.47587,0.52345,-0.51870,0.48011,105.09676
0.25621,0.34056,0.14735,0.47592,0.52347,-0.51865,0.48009,105.19677
0.25622,0.34046,0.14735,0.47598,0.52349,-0.51859,0.48007,105.29678
0.25622,0.34036,0.14735,0.47603,0.52351,-0.51854,0.48006,105.39679
0.25622,0.34026,0.14735,0.47608,0.52352,-0.51848,0.48006,105.49680
0.25622,0.34016,0.14735,0.47613,0.52354,-0.51843,0.48004,105.59681
0.25622,0.34006,0.14736,0.47619,0.52356,-0.51838,0.48002,105.69682
0.25622,0.33996,0.14735,0.47624,0.52358,-0.51832,0.48001,105.79683
0.25622,0.33986,0.14735,0.47628,0.52360,-0.51827,0.48000,105.89684
0.25622,0.33976,0.14735,0.47634,0.52362,-0.51821,0.47998,105.99685
0.25622,0.33966,0.14735,0.47639,0.52364,-0.51816,0.47997,106.09685
0.25622,0.33956,0.14735,0.47644,0.52365,-0.51810,0.47996,106.19686
0.25622,0.33946,0.14735,0.47650,0.52367,-0.51804,0.47995,106.29687
0.25623,0.33936,0.14735,0.47655,0.52369,-0.51800,0.47993,106.39688
0.25623,0.33926,0.14735,0.47660,0.52371,-0.51794,0.47992,106.49689
0.25623,0.33916,0.14735,0.47665,0.52373,-0.51788,0.47991,106.59689
0.25623,0.33906,0.14735,0.47671,0.52375,-0.51783,0.47989,106.69690
0.25623,0.33896,0.14735,0.47676,0.52377,-0.51777,0.47987,106.79691
0.25623,0.33886,0.14735,0.47681,0.52378,-0.51772,0.47986,106.89692
0.25623,0.33876,0.14735,0.47687,0.52380,-0.51767,0.47985,106.99692
0.25623,0.33866,0.14734,0.47692,0.52382,-0.51761,0.47983,107.09693
0.25623,0.33856,0.14734,0.47697,0.52384,-0.51755,0.47982,107.19694
0.25623,0.33846,0.14735,0.47702,0.52386,-0.51751,0.47980,107.29694
0.25623,0.33836,0.14735,0.47708,0.52387,-0.51745,0.47979,107.39695
0.25623,0.33826,0.14735,0.47713,0.52389,-0.51739,0.47978,107.49695
0.25624,0.33816,0.14735,0.47718,0.52391,-0.51734,0.47977,107.59696
0.25624,0.33806,0.14735,0.47724,0.52393,-0.51728,0.47975,107.69697
0.25624,0.33796,0.14734,0.47729,0.52395,-0.51723,0.47974,107.79697
0.25624,0.33786,0.14734,0.47734,0.52397,-0.51717,0.47973,107.89698
0.25624,0.33776,0.14734,0.47740,0.52398,-0.51712,0.47971,107.99698
0.25624,0.33766,0.14734,0.47744,0.52400,-0.51707,0.47970,108.09699
0.25624,0.33756,0.14734,0.47749,0.52402,-0.51701,0.47969,108.19699
0.25624,0.33746,0.14735,0.47754,0.52404,-0.51696,0.47967,108.29700
0.25624,0.33736,0.14734,0.47760,0.52406,-0.51690,0.47966,108.39700
0.25624,0.33726,0.14734,0.47765,0.52407,-0.51685,0.47965,108.49701
0.25624,0.33716,0.14734,0.47771,0.52410,-0.51679,0.47963,108.59701
0.25625,0.33706,0.14734,0.47776,0.52411,-0.51674,0.47961,108.69701
0.25625,0.33696,0.14734,0.47781,0.52413,-0.51669,0.47960,108.79702
0.25625,0.33686,0.14734,0.47786,0.52416,-0.51663,0.47958,108.89702
0.25625,0.33676,0.14734,0.47791,0.52417,-0.51658,0.47957,108.99703
0.25625,0.33666,0.14733,0.47797,0.52419,-0.51652,0.47956,109.09703
0.25625,0.33656,0.14733,0.47802,0.52421,-0.51647,0.47954,109.19703
0.25625,0.33646,0.14733,0.47807,0.52423,-0.51641,0.47953,109.29704
0.25625,0.33636,0.14734,0.47813,0.52424,-0.51636,0.47952,109.39704
0.25625,0.33626,0.14734,0.47818,0.52426,-0.51631,0.47950,109.49704
0.25625,0.33616,0.14734,0.47823,0.52428,-0.51625,0.47949,109.59705
0.25625,0.33606,0.14734,0.47829,0.52430,-0.51619,0.47948,109.69705
0.25626,0.33596,0.14733,0.47834,0.52432,-0.51614,0.47946,109.79705
0.25626,0.33586,0.14733,0.47839,0.52434,-0.51608,0.47945,109.89706
0.25626,0.33576,0.14733,0.47844,0.52436,-0.51603,0.47944,109.99706
0.25626,0.33566,0.14733,0.47850,0.52437,-0.51598,0.47942,110.09706
0.25626,0.33556,0.14733,0.47855,0.52439,-0.51592,0.47941,110.19706
0.25626,0.33546,0.14733,0.47860,0.52441,-0.51586,0.47940,110.29707
0.25626,0.33536,0.14732,0.47866,0.52443,-0.51581,0.47937,110.39707
0.25626,0.33526,0.14732,0.47871,0.52445,-0.51575,0.47936,110.49707
0.25626,0.33516,0.14732,0.47875,0.52447,-0.51570,0.47935,110.59707
0.25626,0.33506,0.14733,0.47881,0.52449,-0.51564,0.47933,110.69708
0.25626,0.33496,0.14733,0.47886,0.52450,-0.51559,0.47932,110.79708
0.25627,0.33486,0.14733,0.47892,0.52452,-0.51553,0.47931,110.89708
0.25627,0.33476,0.14733,0.47897,0.52454,-0.51548,0.47929,110.99708
0.25627,0.33466,0.14732,0.47902,0.52456,-0.51543,0.47928,111.09708
0.25627,0.33456,0.14732,0.47907,0.52458,-0.51537,0.47927,111.19709
0.25627,0.33446,0.14732,0.47912,0.52460,-0.51532,0.47925,111.29709
0.25627,0.33436,0.14732,0.47918,0.52462,-0.51526,0.47924,111.39709
0.25627,0.33426,0.14732,0.47923,0.52463,-0.51521,0.47923,111.49709
0.25627,0.33416,0.14732,0.47928,0.52465,-0.51515,0.47921,111.59709
0.25627,0.33406,0.14732,0.47934,0.52467,-0.51510,0.47920,111.69709
0.25627,0.33396,0.14731,0.47939,0.52469,-0.51504,0.47919,111.79709
0.25627,0.33386,0.14731,0.47944,0.52471,-0.51499,0.47917,111.89710
0.25628,0.33376,0.14731,0.47950,0.52473,-0.51494,0.47915,111.99710
0.25628,0.33366,0.14731,0.47955,0.52475,-0.51488,0.47914,112.09710
0.25628,0.33356,0.14731,0.47960,0.52476,-0.51483,0.47913,112.19710
0.25628,0.33346,0.14731,0.47966,0.52478,-0.51477,0.47911,112.29710
0.25628,0.33336,0.14730,0.47971,0.52480,-0.51472,0.47909,112.39710
0.25628,0.33326,0.14730,0.47976,0.52482,-0.51466,0.47908,112.49710
0.25628,0.33317,0.14730,0.47981,0.52484,-0.51461,0.47907,112.59710
0.25628,0.33306,0.14731,0.47987,0.52486,-0.51455,0.47905,112.69710
0.25628,0.33296,0.14731,0.47992,0.52488,-0.51450,0.47904,112.79710
0.25628,0.33286,0.14731,0.47997,0.52489,-0.51445,0.47903,112.89710
0.25628,0.33276,0.14731,0.48003,0.52491,-0.51439,0.47901,112.99710
0.25629,0.33266,0.14730,0.48007,0.52493,-0.51433,0.47900,113.09710
0.25629,0.33256,0.14730,0.48012,0.52495,-0.51428,0.47899,113.19711
0.25629,0.33246,0.14730,0.48018,0.52497,-0.51422,0.47897,113.29711
0.25629,0.33236,0.14730,0.48023,0.52499,-0.51416,0.47896,113.39711
0.25629,0.33226,0.14730,0.48028,0.52501,-0.51411,0.47894,113.49711
0.25629,0.33217,0.14730,0.48034,0.52502,-0.51406,0.47893,113.59711
0.25629,0.33207,0.14729,0.48039,0.52504,-0.51400,0.47892,113.69711
0.25629,0.33197,0.14729,0.48044,0.52506,-0.51395,0.47890,113.79711
0.25629,0.33187,0.14729,0.48049,0.52508,-0.51389,0.47889,113.89711
0.25629,0.33177,0.14729,0.48055,0.52509,-0.51384,0.47887,113.99711
0.25629,0.33167,0.14729,0.48060,0.52512,-0.51378,0.47885,114.09711
0.25630,0.33157,0.14729,0.48065,0.52514,-0.51373,0.47884,114.19711
0.25630,0.33147,0.14729,0.48071,0.52515,-0.51367,0.47883,114.29711
0.25630,0.33137,0.14728,0.48076,0.52517,-0.51362,0.47881,114.39711
0.25630,0.33127,0.14728,0.48081,0.52519,-0.51356,0.47880,114.49711
0.25630,0.33117,0.14728,0.48087,0.52521,-0.51351,0.47878,114.59711
0.25630,0.33107,0.14728,0.48092,0.52522,-0.51346,0.47877,114.69711
0.25630,0.33097,0.14728,0.48097,0.52525,-0.51340,0.47876,114.79711
0.25630,0.33087,0.14728,0.48103,0.52526,-0.51335,0.47874,114.89711
0.25630,0.33077,0.14728,0.48108,0.52528,-0.51329,0.47873,114.99711
0.25630,0.33067,0.14727,0.48113,0.52530,-0.51324,0.47872,115.09711
0.25630,0.33057,0.14727,0.48118,0.52532,-0.51318,0.47870,115.19711
0.25631,0.33047,0.14727,0.48123,0.52533,-0.51313,0.47868,115.29711
0.25631,0.33037,0.14727,0.48129,0.52536,-0.51307,0.47867,115.39711
0.25631,0.33027,0.14727,0.48133,0.52538,-0.51302,0.47866,115.49711
0.25631,0.33017,0.14727,0.48139,0.52539,-0.51296,0.47865,115.59711
0.25631,0.33007,0.14726,0.48145,0.52541,-0.51291,0.47863,115.69711
0.25631,0.32997,0.14726,0.48149,0.52543,-0.51286,0.47861,115.79711
0.25631,0.32987,0.14726,0.48155,0.52544,-0.51279,0.47860,115.89711
0.25631,0.32977,0.14726,0.48160,0.52546,-0.51275,0.47858,115.99711
0.25631,0.32967,0.14726,0.48165,0.52548,-0.51269,0.47857,116.09711
0.25631,0.32957,0.14726,0.48171,0.52550,-0.51264,0.47855,116.19711
0.25631,0.32947,0.14726,0.48176,0.52552,-0.51258,0.47854,116.29711
0.25632,0.32937,0.14725,0.48181,0.52553,-0.51252,0.47853,116.39711
0.25632,0.32927,0.14725,0.48187,0.52555,-0.51247,0.47851,116.49711
0.25632,0.32917,0.14725,0.48192,0.52557,-0.51241,0.47850,116.59711
0.25632,0.32907,0.14725,0.48197,0.52559,-0.51236,0.47848,116.69711
0.25632,0.32897,0.14725,0.48202,0.52561,-0.51231,0.47847,116.79711
0.25632,0.32887,0.14725,0.48208,0.52562,-0.51225,0.47846,116.89711
0.25632,0.32877,0.14724,0.48213,0.52565,-0.51220,0.47844,116.99711
0.25632,0.32867,0.14724,0.48218,0.52566,-0.51214,0.47843,117.09711
0.25632,0.32857,0.14724,0.48224,0.52568,-0.51208,0.47841,117.19711
0.25632,0.32847,0.14724,0.48229,0.52570,-0.51203,0.47839,117.29711
0.25632,0.32837,0.14724,0.48234,0.52572,-0.51197,0.47839,117.39711
0.25633,0.32827,0.14724,0.48240,0.52573,-0.51192,0.47836,117.49711
0.25633,0.32817,0.14724,0.48245,0.52575,-0.51186,0.47835,117.59711
0.25633,0.32807,0.14723,0.48249,0.52577,-0.51181,0.47834,117.69711
0.25633,0.32797,0.14723,0.48255,0.52579,-0.51176,0.47832,117.79711
0.25633,0.32787,0.14723,0.48260,0.52581,-0.51170,0.47831,117.89711
0.25633,0.32777,0.14722,0.48266,0.52582,-0.51165,0.47829,117.99711
0.25633,0.32767,0.14722,0.48271,0.52585,-0.51159,0.47828,118.09712
0.25633,0.32757,0.14722,0.48276,0.52586,-0.51154,0.47827,118.19712
0.25633,0.32747,0.14722,0.48281,0.52588,-0.51148,0.47825,118.29712
0.25633,0.32737,0.14721,0.48286,0.52590,-0.51143,0.47824,118.39712
0.25633,0.32727,0.14721,0.48292,0.52592,-0.51137,0.47822,118.49712
0.25634,0.32717,0.14721,0.48297,0.52593,-0.51132,0.47821,118.59712
0.25634,0.32707,0.14721,0.48302,0.52595,-0.51127,0.47820,118.69712
0.25634,0.32697,0.14721,0.48308,0.52597,-0.51121,0.47818,118.79712
0.25634,0.32687,0.14721,0.48313,0.52599,-0.51116,0.47816,118.89712
0.25634,0.32677,0.14720,0.48318,0.52601,-0.51110,0.47815,118.99712
0.25634,0.32667,0.14720,0.48323,0.52602,-0.51105,0.47814,119.09713
0.25634,0.32657,0.14720,0.48329,0.52604,-0.51099,0.47812,119.19713
0.25634,0.32647,0.14720,0.48334,0.52606,-0.51094,0.47810,119.29713
0.25634,0.32637,0.14720,0.48339,0.52608,-0.51088,0.47809,119.39713
0.25634,0.32627,0.14720,0.48345,0.52610,-0.51082,0.47808,119.49713
0.25634,0.32617,0.14720,0.48350,0.52611,-0.51077,0.47806,119.59713
0.25635,0.32607,0.14719,0.48355,0.52613,-0.51072,0.47805,119.69714
0.25635,0.32597,0.14719,0.48361,0.52615,-0.51066,0.47803,119.79714
0.25635,0.32587,0.14719,0.48366,0.52617,-0.51061,0.47802,119.89714
0.25635,0.32577,0.14718,0.48370,0.52619,-0.51055,0.47801,119.99714
0.25635,0.32567,0.14718,0.48376,0.52621,-0.51049,0.47799,120.09714
0.25635,0.32557,0.14718,0.48381,0.52622,-0.51044,0.47798,120.19715
0.25635,0.32547,0.14717,0.48387,0.52624,-0.51039,0.47796,120.29715
0.25635,0.32537,0.14717,0.48391,0.52626,-0.51033,0.47795,120.39715
0.25635,0.32527,0.14717,0.48397,0.52628,-0.51027,0.47794,120.49715
0.25635,0.32517,0.14717,0.48402,0.52630,-0.51022,0.47792,120.59716
0.25635,0.32507,0.14717,0.48407,0.52631,-0.51017,0.47791,120.69716
0.25636,0.32497,0.14717,0.48413,0.52633,-0.51011,0.47789,120.79716
0.25636,0.32487,0.14717,0.48418,0.52635,-0.51006,0.47787,120.89717
0.25636,0.32477,0.14716,0.48423,0.52637,-0.51000,0.47786,120.99717
0.25636,0.32467,0.14716,0.48429,0.52639,-0.50995,0.47784,121.09717
0.25636,0.32457,0.14716,0.48434,0.52640,-0.50989,0.47783,121.19718
0.25636,0.32447,0.14715,0.48439,0.52642,-0.50984,0.47781,121.29718
0.25636,0.32437,0.14715,0.48444,0.52644,-0.50978,0.47780,121.39718
0.25636,0.32427,0.14715,0.48450,0.52646,-0.50973,0.47779,121.49719
0.25636,0.32417,0.14715,0.48455,0.52648,-0.50968,0.47777,121.59719
0.25636,0.32407,0.14714,0.48460,0.52649,-0.50962,0.47776,121.69719
0.25636,0.32397,0.14714,0.48466,0.52651,-0.50957,0.47774,121.79720
0.25637,0.32387,0.14714,0.48471,0.52653,-0.50951,0.47773,121.89720
0.25637,0.32377,0.14714,0.48476,0.52655,-0.50946,0.47772,121.99721
0.25637,0.32367,0.14714,0.48481,0.52656,-0.50940,0.47770,122.09721
0.25637,0.32357,0.14714,0.48487,0.52658,-0.50935,0.47769,122.19722
0.25637,0.32347,0.14713,0.48492,0.52660,-0.50930,0.47767,122.29722
0.25637,0.32337,0.14712,0.48497,0.52662,-0.50924,0.47766,122.39722
0.25637,0.32327,0.14712,0.48502,0.52663,-0.50918,0.47764,122.49723
0.25637,0.32317,0.14712,0.48508,0.52665,-0.50913,0.47763,122.59723
0.25637,0.32307,0.14712,0.48512,0.52667,-0.50908,0.47761,122.69724
0.25637,0.32297,0.14712,0.48518,0.52669,-0.50902,0.47759,122.79725
0.25637,0.32287,0.14712,0.48523,0.52671,-0.50897,0.47758,122.89725
0.25638,0.32277,0.14711,0.48528,0.52673,-0.50891,0.47757,122.99726
0.25638,0.32267,0.14711,0.48534,0.52674,-0.50886,0.47755,123.09726
0.25638,0.32257,0.14711,0.48539,0.52675,-0.50880,0.47754,123.19727
0.25638,0.32247,0.14711,0.48544,0.52678,-0.50875,0.47752,123.29727
0.25638,0.32237,0.14710,0.48549,0.52680,-0.50869,0.47751,123.39728
0.25638,0.32227,0.14710,0.48555,0.52681,-0.50863,0.47750,123.49729
0.25638,0.32217,0.14710,0.48560,0.52683,-0.50858,0.47748,123.59729
0.25638,0.32207,0.14709,0.48565,0.52685,-0.50852,0.47747,123.69730
0.25638,0.32197,0.14709,0.48570,0.52687,-0.50848,0.47745,123.79731
0.25638,0.32187,0.14709,0.48576,0.52688,-0.50842,0.47743,123.89732
0.25638,0.32177,0.14709,0.48581,0.52690,-0.50836,0.47743,123.99732
0.25639,0.32167,0.14709,0.48586,0.52692,-0.50831,0.47741,124.09733
0.25639,0.32157,0.14708,0.48592,0.52693,-0.50825,0.47739,124.19734
0.25639,0.32147,0.14707,0.48597,0.52695,-0.50820,0.47737,124.29735
0.25639,0.32137,0.14707,0.48602,0.52697,-0.50814,0.47737,124.39735
0.25639,0.32127,0.14707,0.48607,0.52699,-0.50809,0.47735,124.49736
0.25639,0.32117,0.14707,0.48613,0.52700,-0.50804,0.47733,124.59737
0.25639,0.32107,0.14707,0.48618,0.52702,-0.50798,0.47732,124.69738
0.25639,0.32097,0.14707,0.48623,0.52704,-0.50793,0.47730,124.79739
0.25639,0.32087,0.14707,0.48628,0.52706,-0.50787,0.47729,124.89740
0.25639,0.32077,0.14705,0.48633,0.52707,-0.50782,0.47728,124.99740
0.25639,0.32067,0.14705,0.48639,0.52710,-0.50776,0.47726,125.09741
0.25640,0.32057,0.14705,0.48644,0.52711,-0.50771,0.47725,125.19742
0.25640,0.32047,0.14705,0.48649,0.52712,-0.50766,0.47723,125.29743
0.25640,0.32037,0.14705,0.48654,0.52714,-0.50760,0.47722,125.39744
0.25640,0.32027,0.14705,0.48659,0.52716,-0.50755,0.47721,125.49745
0.25640,0.32017,0.14704,0.48665,0.52718,-0.50749,0.47719,125.59746
0.25640,0.32007,0.14703,0.48670,0.52719,-0.50744,0.47718,125.69747
0.25640,0.31997,0.14703,0.48675,0.52721,-0.50739,0.47716,125.79748
0.25640,0.31987,0.14703,0.48680,0.52723,-0.50733,0.47715,125.89750
0.25640,0.31977,0.14703,0.48685,0.52724,-0.50728,0.47714,125.99751
0.25640,0.31967,0.14703,0.48691,0.52726,-0.50722,0.47712,126.09752
0.25640,0.31957,0.14703,0.48696,0.52728,-0.50717,0.47710,126.19753
0.25641,0.31947,0.14702,0.48701,0.52730,-0.50711,0.47709,126.29754
0.25641,0.31937,0.14701,0.48707,0.52731,-0.50706,0.47707,126.39755
0.25641,0.31927,0.14701,0.48712,0.52733,-0.50700,0.47706,126.49756
0.25641,0.31917,0.14701,0.48717,0.52735,-0.50695,0.47704,126.59758
0.25641,0.31907,0.14701,0.48722,0.52737,-0.50689,0.47703,126.69759
0.25641,0.31897,0.14701,0.48728,0.52738,-0.50684,0.47701,126.79760
0.25641,0.31887,0.14701,0.48733,0.52740,-0.50678,0.47700,126.89761
0.25641,0.31877,0.14699,0.48737,0.52742,-0.50673,0.47699,126.99763
0.25641,0.31867,0.14699,0.48743,0.52744,-0.50668,0.47697,127.09764
0.25641,0.31857,0.14699,0.48748,0.52745,-0.50662,0.47696,127.19766
0.25641,0.31847,0.14699,0.48754,0.52747,-0.50657,0.47694,127.29767
0.25642,0.31837,0.14699,0.48758,0.52749,-0.50651,0.47693,127.39768
0.25642,0.31827,0.14699,0.48764,0.52750,-0.50646,0.47692,127.49770
0.25642,0.31817,0.14697,0.48769,0.52752,-0.50640,0.47690,127.59771
0.25642,0.31807,0.14697,0.48774,0.52754,-0.50635,0.47688,127.69773
0.25642,0.31797,0.14697,0.48779,0.52756,-0.50629,0.47687,127.79774
0.25642,0.31787,0.14697,0.48784,0.52757,-0.50624,0.47686,127.89776
0.25642,0.31777,0.14697,0.48790,0.52759,-0.50618,0.47684,127.99777
0.25642,0.31767,0.14697,0.48795,0.52761,-0.50613,0.47682,128.09779
0.25642,0.31757,0.14696,0.48800,0.52762,-0.50608,0.47681,128.19780
0.25642,0.31747,0.14695,0.48806,0.52764,-0.50602,0.47679,128.29782
0.25643,0.31737,0.14695,0.48811,0.52766,-0.50597,0.47678,128.39784
0.25643,0.31727,0.14695,0.48816,0.52768,-0.50591,0.47677,128.49785
0.25643,0.31717,0.14695,0.48821,0.52769,-0.50586,0.47675,128.59787
0.25643,0.31707,0.14694,0.48827,0.52771,-0.50581,0.47674,128.69789
0.25643,0.31697,0.14694,0.48832,0.52773,-0.50575,0.47672,128.79791
0.25643,0.31687,0.14693,0.48837,0.52774,-0.50570,0.47671,128.89792
0.25643,0.31677,0.14693,0.48842,0.52776,-0.50564,0.47670,128.99794
0.25643,0.31667,0.14693,0.48848,0.52778,-0.50559,0.47668,129.09796
0.25643,0.31657,0.14693,0.48853,0.52779,-0.50554,0.47667,129.19798
0.25643,0.31647,0.14692,0.48858,0.52781,-0.50548,0.47665,129.29800
0.25643,0.31637,0.14692,0.48863,0.52783,-0.50543,0.47664,129.39802
0.25644,0.31627,0.14692,0.48868,0.52785,-0.50537,0.47663,129.49804
0.25644,0.31617,0.14691,0.48874,0.52786,-0.50532,0.47661,129.59806
0.25644,0.31607,0.14691,0.48878,0.52788,-0.50527,0.47659,129.69807
0.25644,0.31597,0.14690,0.48884,0.52790,-0.50521,0.47658,129.79810
0.25644,0.31587,0.14690,0.48889,0.52791,-0.50516,0.47657,129.89812
0.25644,0.31577,0.14690,0.48894,0.52793,-0.50510,0.47655,129.99814
0.25644,0.31567,0.14690,0.48899,0.52795,-0.50505,0.47653,130.09816
0.25644,0.31557,0.14690,0.48904,0.52796,-0.50500,0.47652,130.19818
0.25644,0.31547,0.14688,0.48909,0.52798,-0.50494,0.47651,130.29820
0.25644,0.31537,0.14688,0.48915,0.52800,-0.50488,0.47649,130.39822
0.25644,0.31527,0.14688,0.48920,0.52801,-0.50483,0.47648,130.49824
0.25645,0.31517,0.14688,0.48925,0.52803,-0.50478,0.47646,130.59827
0.25645,0.31507,0.14687,0.48930,0.52805,-0.50472,0.47645,130.69829
0.25645,0.31497,0.14687,0.48936,0.52806,-0.50467,0.47644,130.79831
0.25645,0.31487,0.14686,0.48941,0.52808,-0.50461,0.47642,130.89834
0.25645,0.31477,0.14686,0.48946,0.52810,-0.50456,0.47641,130.99836
0.25645,0.31467,0.14686,0.48951,0.52811,-0.50451,0.47639,131.09838
0.25645,0.31457,0.14685,0.48956,0.52813,-0.50445,0.47638,131.19841
0.25645,0.31447,0.14685,0.48962,0.52814,-0.50440,0.47636,131.29843
0.25645,0.31437,0.14685,0.48967,0.52816,-0.50434,0.47635,131.39846
0.25645,0.31427,0.14685,0.48972,0.52818,-0.50429,0.47633,131.49848
0.25645,0.31417,0.14683,0.48977,0.52819,-0.50424,0.47632,131.59851
0.25646,0.31407,0.14683,0.48983,0.52821,-0.50418,0.47630,131.69853
0.25646,0.31397,0.14683,0.48988,0.52823,-0.50413,0.47629,131.79856
0.25646,0.31387,0.14683,0.48993,0.52825,-0.50407,0.47627,131.89859
0.25646,0.31377,0.14683,0.48998,0.52826,-0.50402,0.47626,131.99861
0.25646,0.31367,0.14682,0.49003,0.52828,-0.50397,0.47625,132.09864
0.25646,0.31357,0.14682,0.49009,0.52830,-0.50391,0.47623,132.19867
0.25646,0.31347,0.14681,0.49014,0.52831,-0.50386,0.47622,132.29869
0.25646,0.31337,0.14681,0.49018,0.52833,-0.50381,0.47620,132.39872
0.25646,0.31327,0.14680,0.49023,0.52835,-0.50375,0.47619,132.49875
0.25646,0.31317,0.14680,0.49029,0.52835,-0.50370,0.47618,132.59878
0.25646,0.31307,0.14680,0.49034,0.52837,-0.50365,0.47616,132.69881
0.25647,0.31297,0.14680,0.49039,0.52839,-0.50359,0.47615,132.79884
0.25647,0.31287,0.14678,0.49044,0.52840,-0.50354,0.47614,132.89887
0.25647,0.31277,0.14678,0.49049,0.52843,-0.50348,0.47612,132.99890
0.25647,0.31267,0.14678,0.49055,0.52844,-0.50343,0.47611,133.09893
0.25647,0.31257,0.14678,0.49060,0.52846,-0.50338,0.47608,133.19896
0.25647,0.31247,0.14677,0.49065,0.52848,-0.50332,0.47607,133.29899
0.25647,0.31237,0.14677,0.49070,0.52849,-0.50327,0.47606,133.39902
0.25647,0.31227,0.14677,0.49075,0.52851,-0.50322,0.47604,133.49905
0.25647,0.31217,0.14676,0.49081,0.52852,-0.50315,0.47603,133.59908
0.25647,0.31207,0.14675,0.49086,0.52853,-0.50310,0.47602,133.69912
0.25648,0.31197,0.14675,0.49091,0.52855,-0.50305,0.47600,133.79915
0.25648,0.31187,0.14675,0.49096,0.52857,-0.50300,0.47599,133.89918
0.25648,0.31177,0.14675,0.49101,0.52859,-0.50295,0.47597,133.99921
0.25648,0.31167,0.14674,0.49107,0.52860,-0.50289,0.47596,134.09925
0.25648,0.31157,0.14673,0.49112,0.52861,-0.50283,0.47595,134.19928
0.25648,0.31147,0.14673,0.49117,0.52863,-0.50278,0.47593,134.29932
0.25648,0.31137,0.14673,0.49122,0.52864,-0.50273,0.47592,134.39935
0.25648,0.31127,0.14672,0.49127,0.52866,-0.50267,0.47591,134.49939
0.25648,0.31117,0.14672,0.49132,0.52868,-0.50262,0.47589,134.59942
0.25648,0.31107,0.14672,0.49137,0.52869,-0.50257,0.47588,134.69946
0.25648,0.31097,0.14672,0.49142,0.52871,-0.50251,0.47586,134.79949
0.25649,0.31087,0.14670,0.49147,0.52873,-0.50246,0.47584,134.89953
0.25649,0.31077,0.14670,0.49152,0.52874,-0.50241,0.47583,134.99957
0.25649,0.31067,0.14670,0.49158,0.52877,-0.50235,0.47582,135.09960
0.25649,0.31057,0.14669,0.49163,0.52877,-0.50230,0.47580,135.19964
0.25649,0.31047,0.14669,0.49168,0.52879,-0.50225,0.47579,135.29968
0.25649,0.31037,0.14669,0.49174,0.52881,-0.50219,0.47577,135.39972
0.25649,0.31027,0.14669,0.49178,0.52882,-0.50214,0.47576,135.49976
0.25649,0.31017,0.14667,0.49183,0.52884,-0.50209,0.47575,135.59980
0.25649,0.31007,0.14667,0.49188,0.52886,-0.50203,0.47573,135.69984
0.25649,0.30997,0.14667,0.49194,0.52887,-0.50198,0.47572,135.79988
0.25649,0.30987,0.14667,0.49199,0.52888,-0.50193,0.47571,135.89992
0.25650,0.30977,0.14666,0.49204,0.52890,-0.50187,0.47569,135.99996
0.25650,0.30967,0.14666,0.49209,0.52892,-0.50182,0.47568,136.10000
0.25650,0.30957,0.14665,0.49214,0.52893,-0.50177,0.47566,136.20004
0.25650,0.30947,0.14664,0.49219,0.52895,-0.50171,0.47565,136.30008
0.25650,0.30937,0.14664,0.49225,0.52896,-0.50166,0.47564,136.40012
0.25650,0.30927,0.14664,0.49230,0.52898,-0.50161,0.47562,136.50017
0.25650,0.30917,0.14663,0.49235,0.52899,-0.50156,0.47561,136.60021
0.25650,0.30907,0.14663,0.49240,0.52901,-0.50150,0.47560,136.70025
0.25650,0.30897,0.14663,0.49245,0.52903,-0.50145,0.47557,136.80030
0.25650,0.30887,0.14662,0.49250,0.52904,-0.50140,0.47556,136.90034
0.25650,0.30877,0.14661,0.49255,0.52906,-0.50134,0.47555,137.00038
0.25651,0.30867,0.14661,0.49261,0.52907,-0.50129,0.47553,137.10043
0.25651,0.30857,0.14661,0.49265,0.52909,-0.50123,0.47552,137.20047
0.25651,0.30847,0.14660,0.49271,0.52910,-0.50118,0.47551,137.30052
0.25651,0.30837,0.14660,0.49276,0.52912,-0.50113,0.47549,137.40057
0.25651,0.30827,0.14659,0.49281,0.52913,-0.50108,0.47548,137.50061
0.25651,0.30817,0.14658,0.49286,0.52915,-0.50102,0.47547,137.60066
0.25651,0.30807,0.14658,0.49291,0.52917,-0.50096,0.47545,137.70071
0.25651,0.30797,0.14658,0.49296,0.52918,-0.50091,0.47544,137.80076
0.25651,0.30787,0.14658,0.49301,0.52920,-0.50086,0.47543,137.90080
0.25651,0.30777,0.14657,0.49306,0.52921,-0.50081,0.47541,138.00085
0.25652,0.30767,0.14657,0.49311,0.52923,-0.50075,0.47540,138.10090
0.25652,0.30757,0.14656,0.49316,0.52924,-0.50070,0.47539,138.20095
0.25652,0.30747,0.14655,0.49321,0.52926,-0.50065,0.47537,138.30100
0.25652,0.30737,0.14655,0.49327,0.52927,-0.50059,0.47536,138.40105
0.25652,0.30727,0.14655,0.49332,0.52929,-0.50054,0.47534,138.50110
0.25652,0.30717,0.14654,0.49337,0.52930,-0.50049,0.47532,138.60115
0.25652,0.30707,0.14654,0.49342,0.52932,-0.50043,0.47531,138.70120
0.25652,0.30697,0.14654,0.49347,0.52933,-0.50038,0.47530,138.80126
0.25652,0.30687,0.14652,0.49352,0.52935,-0.50033,0.47528,138.90131
0.25652,0.30677,0.14652,0.49357,0.52937,-0.50028,0.47527,139.00136
0.25652,0.30667,0.14652,0.49363,0.52938,-0.50022,0.47526,139.10141
0.25653,0.30658,0.14651,0.49368,0.52940,-0.50017,0.47524,139.20147
0.25653,0.30648,0.14651,0.49373,0.52941,-0.50012,0.47523,139.30152
0.25653,0.30638,0.14651,0.49377,0.52942,-0.50007,0.47522,139.40158
0.25653,0.30628,0.14649,0.49383,0.52944,-0.50001,0.47520,139.50163
0.25653,0.30618,0.14649,0.49388,0.52946,-0.49996,0.47519,139.60169
0.25653,0.30608,0.14649,0.49393,0.52947,-0.49991,0.47518,139.70174
0.25653,0.30598,0.14648,0.49398,0.52949,-0.49985,0.47516,139.80180
0.25653,0.30588,0.14648,0.49403,0.52950,-0.49980,0.47515,139.90186
0.25653,0.30578,0.14648,0.49408,0.52951,-0.49975,0.47513,140.00191
0.25653,0.30568,0.14647,0.49413,0.52953,-0.49970,0.47512,140.10197
0.25653,0.30558,0.14646,0.49418,0.52955,-0.49964,0.47510,140.20203
0.25654,0.30548,0.14646,0.49423,0.52956,-0.49959,0.47509,140.30209
0.25654,0.30538,0.14645,0.49428,0.52958,-0.49954,0.47507,140.40215
0.25654,0.30528,0.14645,0.49433,0.52959,-0.49949,0.47506,140.50221
0.25654,0.30518,0.14645,0.49438,0.52961,-0.49943,0.47505,140.60227
0.25654,0.30508,0.14644,0.49443,0.52962,-0.49938,0.47503,140.70233
0.25654,0.30498,0.14643,0.49448,0.52964,-0.49933,0.47502,140.80239
0.25654,0.30488,0.14643,0.49454,0.52964,-0.49927,0.47501,140.90245
0.25654,0.30478,0.14642,0.49459,0.52966,-0.49922,0.47500,141.00251
0.25654,0.30468,0.14642,0.49464,0.52968,-0.49917,0.47498,141.10257
0.25654,0.30458,0.14642,0.49469,0.52969,-0.49912,0.47497,141.20264
0.25655,0.30448,0.14641,0.49474,0.52970,-0.49906,0.47496,141.30270
0.25655,0.30438,0.14641,0.49479,0.52972,-0.49902,0.47494,141.40276
0.25655,0.30428,0.14639,0.49484,0.52974,-0.49896,0.47493,141.50283
0.25655,0.30418,0.14639,0.49489,0.52975,-0.49891,0.47492,141.60289
0.25655,0.30408,0.14639,0.49494,0.52977,-0.49885,0.47490,141.70296
0.25655,0.30398,0.14638,0.49499,0.52978,-0.49880,0.47489,141.80302
0.25655,0.30388,0.14638,0.49504,0.52980,-0.49874,0.47488,141.90309
0.25655,0.30378,0.14638,0.49510,0.52981,-0.49869,0.47486,142.00316
0.25655,0.30368,0.14637,0.49514,0.52982,-0.49864,0.47484,142.10322
0.25655,0.30358,0.14636,0.49519,0.52983,-0.49859,0.47483,142.20329
0.25655,0.30348,0.14636,0.49524,0.52984,-0.49854,0.47482,142.30336
0.25656,0.30338,0.14635,0.49530,0.52987,-0.49848,0.47480,142.40343
0.25656,0.30328,0.14635,0.49535,0.52988,-0.49843,0.47479,142.50349
0.25656,0.30318,0.14634,0.49539,0.52989,-0.49838,0.47478,142.60356
0.25656,0.30308,0.14634,0.49545,0.52991,-0.49833,0.47476,142.70363
0.25656,0.30298,0.14633,0.49549,0.52993,-0.49827,0.47475,142.80370
0.25656,0.30288,0.14632,0.49554,0.52994,-0.49822,0.47474,142.90378
0.25656,0.30278,0.14632,0.49559,0.52995,-0.49817,0.47473,143.00385
0.25656,0.30268,0.14632,0.49564,0.52996,-0.49812,0.47471,143.10392
0.25656,0.30258,0.14631,0.49569,0.52997,-0.49807,0.47470,143.20399
0.25656,0.30248,0.14631,0.49574,0.52999,-0.49801,0.47469,143.30406
0.25656,0.30238,0.14630,0.49579,0.53001,-0.49796,0.47467,143.40414
0.25657,0.30228,0.14629,0.49585,0.53002,-0.49791,0.47466,143.50421
0.25657,0.30218,0.14629,0.49590,0.53003,-0.49786,0.47464,143.60428
0.25657,0.30208,0.14628,0.49595,0.53004,-0.49781,0.47463,143.70436
0.25657,0.30198,0.14628,0.49600,0.53006,-0.49776,0.47461,143.80444
0.25657,0.30188,0.14627,0.49605,0.53007,-0.49770,0.47461,143.90451
0.25657,0.30178,0.14627,0.49610,0.53009,-0.49765,0.47459,144.00459
0.25657,0.30168,0.14627,0.49615,0.53010,-0.49760,0.47458,144.10466
0.25657,0.30158,0.14625,0.49620,0.53011,-0.49755,0.47456,144.20474
0.25657,0.30148,0.14625,0.49625,0.53013,-0.49750,0.47455,144.30482
0.25657,0.30138,0.14625,0.49630,0.53014,-0.49744,0.47454,144.40490
0.25658,0.30128,0.14624,0.49635,0.53016,-0.49739,0.47452,144.50498
0.25658,0.30118,0.14624,0.49640,0.53017,-0.49734,0.47451,144.60506
0.25658,0.30108,0.14623,0.49645,0.53018,-0.49729,0.47450,144.70514
0.25658,0.30098,0.14622,0.49649,0.53020,-0.49723,0.47449,144.80522
0.25658,0.30088,0.14622,0.49655,0.53021,-0.49719,0.47447,144.90530
0.25658,0.30078,0.14621,0.49660,0.53023,-0.49713,0.47446,145.00538
0.25658,0.30068,0.14621,0.49665,0.53024,-0.49708,0.47445,145.10546
0.25658,0.30058,0.14620,0.49670,0.53025,-0.49703,0.47444,145.20554
0.25658,0.30048,0.14620,0.49674,0.53027,-0.49698,0.47442,145.30563
0.25658,0.30038,0.14619,0.49679,0.53028,-0.49693,0.47441,145.40571
0.25658,0.30028,0.14618,0.49684,0.53030,-0.49687,0.47439,145.50579
0.25659,0.30018,0.14618,0.49689,0.53031,-0.49681,0.47439,145.60588
0.25659,0.30008,0.14617,0.49695,0.53032,-0.49677,0.47437,145.70596
0.25659,0.29998,0.14617,0.49699,0.53034,-0.49671,0.47435,145.80605
0.25659,0.29988,0.14616,0.49704,0.53035,-0.49666,0.47434,145.90613
0.25659,0.29978,0.14616,0.49709,0.53036,-0.49661,0.47433,146.00622
0.25659,0.29968,0.14615,0.49714,0.53038,-0.49656,0.47431,146.10631
0.25659,0.29958,0.14614,0.49719,0.53039,-0.49651,0.47430,146.20640
0.25659,0.29948,0.14614,0.49724,0.53040,-0.49645,0.47429,146.30648
0.25659,0.29938,0.14613,0.49729,0.53042,-0.49640,0.47428,146.40657
0.25659,0.29928,0.14613,0.49734,0.53043,-0.49635,0.47426,146.50666
0.25659,0.29918,0.14612,0.49739,0.53044,-0.49630,0.47425,146.60675
0.25660,0.29908,0.14612,0.49744,0.53046,-0.49625,0.47424,146.70684
0.25660,0.29898,0.14611,0.49749,0.53047,-0.49620,0.47423,146.80693
0.25660,0.29888,0.14610,0.49754,0.53048,-0.49615,0.47421,146.90703
0.25660,0.29878,0.14610,0.49759,0.53050,-0.49609,0.47420,147.00712
0.25660,0.29868,0.14609,0.49764,0.53051,-0.49604,0.47419,147.10721
0.25660,0.29858,0.14609,0.49769,0.53052,-0.49599,0.47418,147.20730
0.25660,0.29848,0.14608,0.49774,0.53054,-0.49594,0.47416,147.30740
0.25660,0.29838,0.14608,0.49779,0.53055,-0.49589,0.47415,147.40749
0.25660,0.29828,0.14607,0.49784,0.53056,-0.49584,0.47414,147.50759
0.25660,0.29818,0.14606,0.49788,0.53058,-0.49579,0.47412,147.60768
0.25661,0.29808,0.14606,0.49793,0.53059,-0.49574,0.47411,147.70778
0.25661,0.29798,0.14605,0.49799,0.53060,-0.49569,0.47409,147.80787
0.25661,0.29788,0.14605,0.49804,0.53062,-0.49563,0.47408,147.90797
0.25661,0.29778,0.14604,0.49809,0.53063,-0.49558,0.47407,148.00807
0.25661,0.29768,0.14603,0.49813,0.53064,-0.49553,0.47406,148.10817
0.25661,0.29758,0.14603,0.49818,0.53066,-0.49548,0.47405,148.20827
0.25661,0.29748,0.14602,0.49823,0.53067,-0.49543,0.47403,148.30836
0.25661,0.29738,0.14602,0.49828,0.53068,-0.49538,0.47402,148.40846
0.25661,0.29728,0.14601,0.49833,0.53069,-0.49533,0.47401,148.50856
0.25661,0.29718,0.14601,0.49838,0.53071,-0.49527,0.47400,148.60867
0.25661,0.29708,0.14600,0.49843,0.53072,-0.49522,0.47399,148.70877
0.25662,0.29698,0.14599,0.49848,0.53073,-0.49518,0.47397,148.80887
0.25662,0.29688,0.14598,0.49853,0.53074,-0.49512,0.47395,148.90897
0.25662,0.29678,0.14598,0.49858,0.53076,-0.49507,0.47395,149.00908
0.25662,0.29668,0.14597,0.49863,0.53077,-0.49502,0.47394,149.10918
0.25662,0.29658,0.14597,0.49868,0.53078,-0.49496,0.47392,149.20928
0.25662,0.29648,0.14597,0.49872,0.53080,-0.49492,0.47391,149.30939
0.25662,0.29638,0.14595,0.49877,0.53081,-0.49487,0.47390,149.40949
0.25662,0.29628,0.14595,0.49882,0.53082,-0.49482,0.47389,149.50960
0.25662,0.29618,0.14594,0.49887,0.53084,-0.49476,0.47387,149.60971
0.25662,0.29608,0.14594,0.49892,0.53085,-0.49471,0.47386,149.70981
0.25663,0.29598,0.14593,0.49897,0.53086,-0.49466,0.47384,149.80992
0.25663,0.29588,0.14593,0.49902,0.53087,-0.49461,0.47383,149.91003
0.25663,0.29578,0.14592,0.49907,0.53088,-0.49456,0.47382,150.01014
0.25663,0.29568,0.14591,0.49911,0.53089,-0.49451,0.47381,150.11025
0.25663,0.29558,0.14590,0.49916,0.53090,-0.49446,0.47380,150.21036
0.25663,0.29548,0.14590,0.49922,0.53092,-0.49441,0.47378,150.31047
0.25663,0.29538,0.14589,0.49926,0.53093,-0.49436,0.47377,150.41058
0.25663,0.29528,0.14589,0.49932,0.53095,-0.49430,0.47376,150.51069
0.25663,0.29518,0.14588,0.49936,0.53096,-0.49425,0.47375,150.61080
0.25663,0.29508,0.14588,0.49941,0.53097,-0.49420,0.47374,150.71092
0.25663,0.29498,0.14587,0.49946,0.53098,-0.49415,0.47373,150.81103
0.25664,0.29488,0.14586,0.49951,0.53100,-0.49410,0.47371,150.91115
0.25664,0.29478,0.14586,0.49956,0.53101,-0.49405,0.47370,151.01126
0.25664,0.29468,0.14585,0.49960,0.53102,-0.49400,0.47369,151.11138
0.25664,0.29458,0.14585,0.49965,0.53103,-0.49395,0.47368,151.21149
0.25664,0.29448,0.14584,0.49970,0.53104,-0.49390,0.47366,151.31161
0.25664,0.29438,0.14583,0.49975,0.53105,-0.49385,0.47365,151.41173
0.25664,0.29428,0.14582,0.49980,0.53107,-0.49380,0.47363,151.51184
0.25664,0.29418,0.14582,0.49985,0.53108,-0.49375,0.47362,151.61196
0.25664,0.29408,0.14581,0.49989,0.53109,-0.49370,0.47361,151.71208
0.25664,0.29398,0.14581,0.49994,0.53110,-0.49365,0.47360,151.81220
0.25664,0.29388,0.14580,0.49999,0.53111,-0.49360,0.47359,151.91232
0.25665,0.29378,0.14580,0.50004,0.53112,-0.49355,0.47358,152.01244
0.25665,0.29369,0.14578,0.50009,0.53113,-0.49350,0.47357,152.11256
0.25665,0.29359,0.14578,0.50014,0.53115,-0.49345,0.47355,152.21269
0.25665,0.29349,0.14577,0.50019,0.53116,-0.49340,0.47354,152.31281
0.25665,0.29339,0.14577,0.50024,0.53117,-0.49335,0.47353,152.41293
0.25665,0.29329,0.14576,0.50028,0.53118,-0.49330,0.47352,152.51305
0.25665,0.29319,0.14576,0.50033,0.53119,-0.49325,0.47351,152.61318
0.25665,0.29309,0.14575,0.50038,0.53120,-0.49320,0.47350,152.71330
0.25665,0.29299,0.14574,0.50043,0.53122,-0.49314,0.47348,152.81343
0.25665,0.29289,0.14573,0.50048,0.53123,-0.49310,0.47347,152.91356
0.25666,0.29279,0.14573,0.50053,0.53124,-0.49305,0.47345,153.01368
0.25666,0.29269,0.14572,0.50058,0.53125,-0.49300,0.47344,153.11381
0.25666,0.29259,0.14572,0.50063,0.53126,-0.49295,0.47343,153.21394
0.25666,0.29249,0.14571,0.50067,0.53127,-0.49290,0.47342,153.31407
0.25666,0.29239,0.14570,0.50072,0.53128,-0.49285,0.47341,153.41420
0.25666,0.29229,0.14569,0.50076,0.53130,-0.49279,0.47340,153.51433
0.25666,0.29219,0.14569,0.50081,0.53131,-0.49274,0.47339,153.61446
0.25666,0.29209,0.14568,0.50087,0.53132,-0.49270,0.47337,153.71459
0.25666,0.29199,0.14568,0.50091,0.53133,-0.49265,0.47336,153.81472
0.25666,0.29189,0.14567,0.50096,0.53135,-0.49260,0.47335,153.91485
0.25666,0.29179,0.14567,0.50101,0.53135,-0.49255,0.47334,154.01499
0.25667,0.29169,0.14565,0.50105,0.53137,-0.49249,0.47333,154.11512
0.25667,0.29159,0.14565,0.50110,0.53138,-0.49244,0.47332,154.21525
0.25667,0.29149,0.14564,0.50115,0.53139,-0.49239,0.47331,154.31539
0.25667,0.29139,0.14564,0.50120,0.53140,-0.49235,0.47329,154.41552
0.25667,0.29129,0.14563,0.50124,0.53141,-0.49230,0.47329,154.51566
0.25667,0.29119,0.14563,0.50129,0.53142,-0.49225,0.47328,154.61580
0.25667,0.29109,0.14561,0.50134,0.53143,-0.49220,0.47326,154.71593
0.25667,0.29099,0.14560,0.50139,0.53144,-0.49215,0.47325,154.81607
0.25667,0.29089,0.14560,0.50144,0.53146,-0.49210,0.47323,154.91621
0.25667,0.29079,0.14559,0.50149,0.53147,-0.49205,0.47322,155.01635
0.25668,0.29069,0.14559,0.50153,0.53148,-0.49200,0.47321,155.11649
0.25668,0.29059,0.14558,0.50158,0.53149,-0.49195,0.47320,155.21663
0.25668,0.29049,0.14558,0.50163,0.53150,-0.49190,0.47319,155.31677
0.25668,0.29039,0.14556,0.50168,0.53151,-0.49185,0.47318,155.41691
0.25668,0.29029,0.14556,0.50173,0.53152,-0.49180,0.47317,155.51706
0.25668,0.29019,0.14555,0.50177,0.53153,-0.49175,0.47316,155.61720
0.25668,0.29009,0.14555,0.50182,0.53154,-0.49170,0.47315,155.71734
0.25668,0.28999,0.14554,0.50187,0.53155,-0.49165,0.47314,155.81749
0.25668,0.28989,0.14554,0.50192,0.53156,-0.49161,0.47312,155.91763
0.25668,0.28979,0.14553,0.50196,0.53158,-0.49156,0.47311,156.01778
0.25668,0.28969,0.14552,0.50201,0.53159,-0.49151,0.47310,156.11793
0.25669,0.28959,0.14551,0.50206,0.53160,-0.49146,0.47309,156.21807
0.25669,0.28949,0.14550,0.50210,0.53161,-0.49141,0.47308,156.31822
0.25669,0.28939,0.14550,0.50215,0.53162,-0.49136,0.47307,156.41837
0.25669,0.28929,0.14549,0.50220,0.53163,-0.49131,0.47305,156.51852
0.25669,0.28919,0.14549,0.50225,0.53164,-0.49126,0.47305,156.61867
0.25669,0.28909,0.14547,0.50229,0.53165,-0.49121,0.47304,156.71882
0.25669,0.28899,0.14547,0.50234,0.53166,-0.49116,0.47302,156.81897
0.25669,0.28889,0.14546,0.50239,0.53167,-0.49111,0.47301,156.91912
0.25669,0.28879,0.14546,0.50243,0.53168,-0.49107,0.47300,157.01927
0.25669,0.28869,0.14545,0.50248,0.53169,-0.49102,0.47299,157.11942
0.25670,0.28859,0.14544,0.50253,0.53170,-0.49097,0.47298,157.21958
0.25670,0.28849,0.14544,0.50258,0.53171,-0.49092,0.47297,157.31973
0.25670,0.28839,0.14542,0.50262,0.53172,-0.49087,0.47296,157.41989
0.25670,0.28829,0.14542,0.50267,0.53173,-0.49082,0.47295,157.52004
0.25670,0.28819,0.14541,0.50272,0.53174,-0.49077,0.47294,157.62020
0.25670,0.28809,0.14541,0.50277,0.53175,-0.49073,0.47292,157.72036
0.25670,0.28799,0.14540,0.50281,0.53177,-0.49068,0.47291,157.82051
0.25670,0.28789,0.14540,0.50286,0.53178,-0.49062,0.47290,157.92067
0.25670,0.28779,0.14538,0.50291,0.53179,-0.49057,0.47289,158.02083
0.25670,0.28769,0.14537,0.50296,0.53180,-0.49052,0.47288,158.12099
0.25670,0.28759,0.14537,0.50300,0.53181,-0.49048,0.47287,158.22115
0.25671,0.28749,0.14536,0.50305,0.53182,-0.49042,0.47286,158.32131
0.25671,0.28739,0.14536,0.50310,0.53183,-0.49038,0.47284,158.42147
0.25671,0.28729,0.14535,0.50315,0.53183,-0.49033,0.47283,158.52163
0.25671,0.28719,0.14535,0.50319,0.53185,-0.49028,0.47282,158.62180
0.25671,0.28709,0.14533,0.50324,0.53186,-0.49023,0.47281,158.72196
0.25671,0.28699,0.14532,0.50329,0.53187,-0.49018,0.47280,158.82212
0.25671,0.28689,0.14532,0.50333,0.53188,-0.49013,0.47279,158.92229
0.25671,0.28679,0.14531,0.50338,0.53189,-0.49009,0.47278,159.02245
0.25671,0.28669,0.14531,0.50342,0.53189,-0.49004,0.47277,159.12262
0.25671,0.28659,0.14530,0.50347,0.53190,-0.48999,0.47276,159.22279
0.25672,0.28649,0.14530,0.50352,0.53192,-0.48994,0.47275,159.32295
0.25672,0.28639,0.14528,0.50357,0.53193,-0.48989,0.47274,159.42312
0.25672,0.28629,0.14527,0.50362,0.53193,-0.48984,0.47273,159.52329
0.25672,0.28619,0.14527,0.50366,0.53194,-0.48980,0.47272,159.62346
0.25672,0.28609,0.14526,0.50371,0.53195,-0.48975,0.47271,159.72363
0.25672,0.28599,0.14526,0.50376,0.53196,-0.48970,0.47270,159.82380
0.25672,0.28589,0.14525,0.50380,0.53197,-0.48965,0.47269,159.92397
0.25672,0.28579,0.14523,0.50385,0.53198,-0.48960,0.47268,160.02414
0.25672,0.28569,0.14523,0.50389,0.53199,-0.48956,0.47267,160.12432
0.25672,0.28559,0.14522,0.50394,0.53199,-0.48951,0.47266,160.22449
0.25672,0.28549,0.14522,0.50398,0.53201,-0.48946,0.47265,160.32466
0.25673,0.28539,0.14521,0.50403,0.53202,-0.48941,0.47264,160.42484
0.25673,0.28529,0.14521,0.50408,0.53202,-0.48937,0.47262,160.52501
0.25673,0.28519,0.14520,0.50412,0.53204,-0.48932,0.47261,160.62519
0.25673,0.28509,0.14518,0.50417,0.53204,-0.48927,0.47261,160.72537
0.25673,0.28499,0.14518,0.50422,0.53205,-0.48922,0.47260,160.82554
0.25673,0.28489,0.14517,0.50426,0.53206,-0.48917,0.47259,160.92572
0.25673,0.28479,0.14517,0.50431,0.53207,-0.48913,0.47258,161.02590
0.25673,0.28469,0.14516,0.50436,0.53208,-0.48907,0.47257,161.12608
0.25673,0.28459,0.14515,0.50440,0.53209,-0.48903,0.47256,161.22626
0.25673,0.28449,0.14515,0.50445,0.53210,-0.48898,0.47255,161.32644
0.25674,0.28439,0.14513,0.50450,0.53210,-0.48894,0.47254,161.42662
0.25674,0.28429,0.14513,0.50454,0.53211,-0.48889,0.47253,161.52680
0.25674,0.28419,0.14512,0.50459,0.53212,-0.48884,0.47252,161.62699
0.25674,0.28409,0.14511,0.50464,0.53213,-0.48879,0.47251,161.72717
0.25674,0.28399,0.14511,0.50468,0.53214,-0.48875,0.47250,161.82735
0.25674,0.28389,0.14510,0.50473,0.53215,-0.48869,0.47249,161.92754
0.25674,0.28379,0.14509,0.50477,0.53216,-0.48865,0.47248,162.02772
0.25674,0.28370,0.14508,0.50482,0.53217,-0.48860,0.47247,162.12791
0.25674,0.28360,0.14507,0.50486,0.53218,-0.48855,0.47245,162.22810
0.25674,0.28350,0.14507,0.50491,0.53219,-0.48851,0.47245,162.32829
0.25674,0.28340,0.14506,0.50496,0.53219,-0.48846,0.47244,162.42847
0.25675,0.28330,0.14505,0.50500,0.53220,-0.48840,0.47243,162.52866
0.25675,0.28320,0.14505,0.50504,0.53221,-0.48836,0.47242,162.62885
0.25675,0.28310,0.14503,0.50509,0.53222,-0.48831,0.47241,162.72904
0.25675,0.28300,0.14503,0.50514,0.53223,-0.48826,0.47240,162.82923
0.25675,0.28290,0.14502,0.50518,0.53224,-0.48822,0.47239,162.92943
0.25675,0.28280,0.14501,0.50523,0.53224,-0.48817,0.47238,163.02962
0.25675,0.28270,0.14501,0.50528,0.53225,-0.48813,0.47237,163.12981
0.25675,0.28260,0.14500,0.50532,0.53226,-0.48807,0.47236,163.23000
0.25675,0.28250,0.14498,0.50536,0.53227,-0.48803,0.47235,163.33020
0.25675,0.28240,0.14498,0.50541,0.53228,-0.48798,0.47234,163.43039
0.25676,0.28230,0.14497,0.50546,0.53229,-0.48793,0.47233,163.53059
0.25676,0.28220,0.14497,0.50550,0.53230,-0.48789,0.47233,163.63079
0.25676,0.28210,0.14496,0.50555,0.53230,-0.48784,0.47232,163.73098
0.25676,0.28200,0.14495,0.50559,0.53231,-0.48779,0.47231,163.83118
0.25676,0.28190,0.14495,0.50564,0.53232,-0.48775,0.47230,163.93138
0.25676,0.28180,0.14493,0.50569,0.53233,-0.48770,0.47228,164.03158
0.25676,0.28170,0.14492,0.50573,0.53234,-0.48765,0.47228,164.13178
0.25676,0.28160,0.14492,0.50578,0.53235,-0.48761,0.47226,164.23198
0.25676,0.28150,0.14491,0.50582,0.53235,-0.48756,0.47226,164.33218
0.25676,0.28140,0.14491,0.50587,0.53236,-0.48751,0.47225,164.43238
0.25677,0.28130,0.14490,0.50591,0.53237,-0.48747,0.47224,164.53259
0.25677,0.28120,0.14489,0.50596,0.53238,-0.48742,0.47223,164.63279
0.25677,0.28110,0.14488,0.50601,0.53239,-0.48737,0.47222,164.73300
0.25677,0.28100,0.14487,0.50605,0.53239,-0.48733,0.47221,164.83320
0.25677,0.28090,0.14486,0.50610,0.53240,-0.48728,0.47220,164.93341
0.25677,0.28080,0.14486,0.50614,0.53241,-0.48723,0.47219,165.03361
0.25677,0.28070,0.14485,0.50619,0.53242,-0.48719,0.47218,165.13382
0.25677,0.28060,0.14484,0.50623,0.53243,-0.48714,0.47218,165.23403
0.25677,0.28050,0.14483,0.50628,0.53243,-0.48709,0.47217,165.33424
0.25677,0.28040,0.14482,0.50632,0.53244,-0.48705,0.47216,165.43444
0.25677,0.28030,0.14481,0.50637,0.53245,-0.48700,0.47215,165.53465
0.25678,0.28020,0.14481,0.50641,0.53246,-0.48696,0.47213,165.63486
0.25678,0.28010,0.14480,0.50646,0.53246,-0.48691,0.47213,165.73508
0.25678,0.28000,0.14480,0.50650,0.53247,-0.48686,0.47213,165.83529
0.25678,0.27990,0.14479,0.50654,0.53248,-0.48682,0.47211,165.93550
0.25678,0.27980,0.14477,0.50659,0.53249,-0.48677,0.47210,166.03571
0.25678,0.27970,0.14477,0.50664,0.53249,-0.48672,0.47210,166.13593
0.25678,0.27960,0.14476,0.50668,0.53250,-0.48668,0.47208,166.23614
0.25678,0.27950,0.14475,0.50673,0.53251,-0.48663,0.47208,166.33636
0.25678,0.27940,0.14475,0.50677,0.53251,-0.48658,0.47207,166.43657
0.25678,0.27930,0.14474,0.50681,0.53252,-0.48654,0.47206,166.53679
0.25679,0.27920,0.14472,0.50686,0.53253,-0.48649,0.47205,166.63701
0.25679,0.27910,0.14472,0.50690,0.53254,-0.48645,0.47204,166.73723
0.25679,0.27900,0.14471,0.50695,0.53255,-0.48640,0.47203,166.83745
0.25679,0.27890,0.14470,0.50699,0.53255,-0.48635,0.47203,166.93767
0.25679,0.27880,0.14470,0.50704,0.53256,-0.48630,0.47202,167.03789
0.25679,0.27870,0.14469,0.50708,0.53257,-0.48626,0.47201,167.13811
0.25679,0.27860,0.14468,0.50713,0.53257,-0.48622,0.47200,167.23833
0.25679,0.27850,0.14467,0.50717,0.53258,-0.48617,0.47199,167.33855
0.25679,0.27840,0.14466,0.50722,0.53258,-0.48612,0.47199,167.43877
0.25679,0.27830,0.14465,0.50726,0.53260,-0.48607,0.47198,167.53900
0.25679,0.27820,0.14465,0.50731,0.53260,-0.48603,0.47197,167.63922
0.25680,0.27810,0.14464,0.50735,0.53261,-0.48598,0.47196,167.73945
0.25680,0.27800,0.14463,0.50740,0.53261,-0.48594,0.47194,167.83967
0.25680,0.27790,0.14463,0.50744,0.53262,-0.48589,0.47195,167.93990
0.25680,0.27780,0.14461,0.50749,0.53263,-0.48584,0.47193,168.04013
0.25680,0.27770,0.14460,0.50753,0.53264,-0.48580,0.47192,168.14036
0.25680,0.27760,0.14460,0.50757,0.53264,-0.48576,0.47192,168.24059
0.25680,0.27750,0.14459,0.50762,0.53265,-0.48571,0.47190,168.34081
0.25680,0.27740,0.14458,0.50766,0.53266,-0.48566,0.47190,168.44105
0.25680,0.27730,0.14458,0.50771,0.53266,-0.48562,0.47189,168.54128
0.25680,0.27720,0.14456,0.50775,0.53267,-0.48557,0.47188,168.64151
0.25681,0.27710,0.14455,0.50780,0.53267,-0.48553,0.47187,168.74174
0.25681,0.27700,0.14454,0.50784,0.53268,-0.48548,0.47187,168.84197
0.25681,0.27690,0.14454,0.50788,0.53268,-0.48544,0.47186,168.94221
0.25681,0.27680,0.14453,0.50793,0.53270,-0.48539,0.47185,169.04244
0.25681,0.27670,0.14452,0.50797,0.53270,-0.48535,0.47184,169.14268
0.25681,0.27660,0.14452,0.50801,0.53270,-0.48530,0.47184,169.24291
0.25681,0.27650,0.14450,0.50805,0.53271,-0.48526,0.47183,169.34315
0.25681,0.27640,0.14449,0.50811,0.53272,-0.48521,0.47182,169.44339
0.25681,0.27630,0.14449,0.50815,0.53272,-0.48517,0.47181,169.54363
0.25681,0.27620,0.14448,0.50819,0.53273,-0.48512,0.47180,169.64386
0.25682,0.27610,0.14447,0.50823,0.53273,-0.48508,0.47180,169.74410
0.25682,0.27600,0.14447,0.50828,0.53275,-0.48503,0.47179,169.84434
0.25682,0.27590,0.14446,0.50832,0.53274,-0.48499,0.47178,169.94458
0.25682,0.27580,0.14444,0.50836,0.53275,-0.48494,0.47178,170.04483
0.25682,0.27570,0.14444,0.50841,0.53276,-0.48490,0.47176,170.14507
0.25682,0.27560,0.14443,0.50846,0.53277,-0.48485,0.47176,170.24531
0.25682,0.27550,0.14442,0.50849,0.53277,-0.48481,0.47175,170.34556
0.25682,0.27540,0.14441,0.50854,0.53277,-0.48476,0.47174,170.44580
0.25682,0.27530,0.14441,0.50858,0.53278,-0.48472,0.47173,170.54605
0.25682,0.27520,0.14439,0.50863,0.53279,-0.48467,0.47173,170.64629
0.25682,0.27511,0.14438,0.50867,0.53279,-0.48463,0.47172,170.74654
0.25683,0.27501,0.14438,0.50871,0.53280,-0.48458,0.47171,170.84679
0.25683,0.27491,0.14437,0.50876,0.53280,-0.48454,0.47170,170.94703
0.25683,0.27481,0.14436,0.50880,0.53281,-0.48450,0.47170,171.04728
0.25683,0.27471,0.14436,0.50884,0.53282,-0.48445,0.47169,171.14753
0.25683,0.27461,0.14435,0.50889,0.53282,-0.48441,0.47168,171.24778
0.25683,0.27451,0.14433,0.50893,0.53283,-0.48436,0.47168,171.34803
0.25683,0.27441,0.14432,0.50897,0.53283,-0.48432,0.47167,171.44828
0.25683,0.27431,0.14432,0.50902,0.53284,-0.48427,0.47166,171.54854
0.25683,0.27421,0.14431,0.50906,0.53284,-0.48423,0.47166,171.64879
0.25683,0.27411,0.14430,0.50911,0.53285,-0.48418,0.47164,171.74904
0.25684,0.27401,0.14430,0.50915,0.53285,-0.48414,0.47164,171.84930
0.25684,0.27391,0.14428,0.50919,0.53286,-0.48409,0.47163,171.94955
0.25684,0.27381,0.14427,0.50924,0.53287,-0.48404,0.47162,172.04981
0.25684,0.27371,0.14426,0.50928,0.53287,-0.48401,0.47161,172.15007
0.25684,0.27361,0.14426,0.50932,0.53288,-0.48396,0.47161,172.25032
0.25684,0.27351,0.14425,0.50937,0.53288,-0.48391,0.47160,172.35058
0.25684,0.27341,0.14424,0.50941,0.53289,-0.48387,0.47159,172.45084
0.25684,0.27331,0.14423,0.50945,0.53289,-0.48383,0.47159,172.55110
0.25684,0.27321,0.14422,0.50949,0.53290,-0.48378,0.47158,172.65136
0.25684,0.27311,0.14421,0.50953,0.53290,-0.48374,0.47158,172.75162
0.25685,0.27301,0.14420,0.50958,0.53291,-0.48369,0.47157,172.85188
0.25685,0.27291,0.14420,0.50963,0.53291,-0.48365,0.47156,172.95215
0.25685,0.27281,0.14419,0.50966,0.53292,-0.48360,0.47156,173.05241
0.25685,0.27271,0.14418,0.50971,0.53292,-0.48356,0.47155,173.15267
0.25685,0.27261,0.14417,0.50975,0.53293,-0.48352,0.47154,173.25294
0.25685,0.27251,0.14416,0.50980,0.53293,-0.48347,0.47154,173.35320
0.25685,0.27241,0.14415,0.50983,0.53294,-0.48343,0.47153,173.45347
0.25685,0.27231,0.14414,0.50988,0.53294,-0.48339,0.47152,173.55373
0.25685,0.27221,0.14414,0.50992,0.53295,-0.48334,0.47152,173.65400
0.25685,0.27211,0.14413,0.50996,0.53295,-0.48330,0.47151,173.75427
0.25685,0.27201,0.14412,0.51000,0.53296,-0.48326,0.47150,173.85454
0.25686,0.27191,0.14410,0.51005,0.53296,-0.48321,0.47150,173.95481
0.25686,0.27181,0.14410,0.51009,0.53297,-0.48317,0.47148,174.05508
0.25686,0.27171,0.14409,0.51013,0.53297,-0.48313,0.47148,174.15535
0.25686,0.27161,0.14408,0.51017,0.53298,-0.48308,0.47147,174.25562
0.25686,0.27151,0.14407,0.51022,0.53298,-0.48304,0.47147,174.35589
0.25686,0.27141,0.14407,0.51026,0.53298,-0.48300,0.47146,174.45617
0.25686,0.27131,0.14406,0.51030,0.53299,-0.48295,0.47146,174.55644
0.25686,0.27121,0.14404,0.51034,0.53299,-0.48291,0.47145,174.65672
0.25686,0.27111,0.14403,0.51039,0.53300,-0.48287,0.47144,174.75699
0.25686,0.27101,0.14403,0.51043,0.53300,-0.48282,0.47144,174.85727
0.25687,0.27091,0.14402,0.51047,0.53301,-0.48278,0.47143,174.95754
0.25687,0.27081,0.14401,0.51051,0.53301,-0.48274,0.47143,175.05782
0.25687,0.27071,0.14400,0.51056,0.53302,-0.48269,0.47142,175.15810
0.25687,0.27061,0.14400,0.51060,0.53302,-0.48265,0.47142,175.25838
0.25687,0.27051,0.14398,0.51064,0.53302,-0.48261,0.47141,175.35866
0.25687,0.27041,0.14397,0.51068,0.53303,-0.48257,0.47140,175.45894
0.25687,0.27031,0.14396,0.51072,0.53303,-0.48252,0.47140,175.55922
0.25687,0.27021,0.14396,0.51077,0.53304,-0.48248,0.47139,175.65950
0.25687,0.27011,0.14395,0.51081,0.53304,-0.48244,0.47138,175.75978
0.25687,0.27001,0.14394,0.51085,0.53304,-0.48239,0.47138,175.86007
0.25688,0.26991,0.14392,0.51089,0.53305,-0.48235,0.47138,175.96035
0.25688,0.26981,0.14392,0.51094,0.53305,-0.48231,0.47136,176.06063
0.25688,0.26971,0.14391,0.51097,0.53305,-0.48226,0.47136,176.16092
0.25688,0.26961,0.14390,0.51102,0.53306,-0.48222,0.47135,176.26120
0.25688,0.26951,0.14389,0.51106,0.53306,-0.48218,0.47135,176.36149
0.25688,0.26941,0.14389,0.51110,0.53307,-0.48214,0.47134,176.46178
0.25688,0.26931,0.14388,0.51115,0.53307,-0.48210,0.47133,176.56207
0.25688,0.26921,0.14386,0.51119,0.53307,-0.48205,0.47133,176.66236
0.25688,0.26911,0.14385,0.51123,0.53308,-0.48201,0.47132,176.76264
0.25688,0.26901,0.14385,0.51127,0.53308,-0.48197,0.47132,176.86294
0.25688,0.26891,0.14384,0.51131,0.53309,-0.48193,0.47131,176.96323
0.25689,0.26881,0.14383,0.51135,0.53309,-0.48188,0.47131,177.06352
0.25689,0.26871,0.14382,0.51140,0.53309,-0.48184,0.47130,177.16381
0.25689,0.26861,0.14381,0.51143,0.53309,-0.48179,0.47130,177.26410
0.25689,0.26851,0.14380,0.51148,0.53310,-0.48176,0.47129,177.36440
0.25689,0.26841,0.14379,0.51151,0.53310,-0.48172,0.47129,177.46469
0.25689,0.26831,0.14378,0.51156,0.53311,-0.48167,0.47128,177.56499
0.25689,0.26821,0.14377,0.51160,0.53311,-0.48163,0.47128,177.66528
0.25689,0.26811,0.14377,0.51164,0.53310,-0.48158,0.47127,177.76558
0.25689,0.26801,0.14376,0.51168,0.53311,-0.48154,0.47126,177.86588
0.25689,0.26791,0.14374,0.51172,0.53311,-0.48150,0.47126,177.96617
0.25690,0.26781,0.14373,0.51177,0.53312,-0.48146,0.47126,178.06647
0.25690,0.26771,0.14373,0.51180,0.53312,-0.48142,0.47126,178.16677
0.25690,0.26761,0.14372,0.51184,0.53313,-0.48137,0.47124,178.26707
0.25690,0.26751,0.14371,0.51188,0.53312,-0.48133,0.47124,178.36737
0.25690,0.26741,0.14370,0.51193,0.53312,-0.48129,0.47123,178.46767
0.25690,0.26732,0.14369,0.51197,0.53313,-0.48124,0.47123,178.56798
0.25690,0.26722,0.14368,0.51201,0.53314,-0.48120,0.47122,178.66828
0.25690,0.26712,0.14367,0.51205,0.53313,-0.48116,0.47122,178.76858
0.25690,0.26702,0.14366,0.51209,0.53314,-0.48112,0.47121,178.86889
0.25690,0.26692,0.14365,0.51213,0.53314,-0.48108,0.47121,178.96919
0.25691,0.26682,0.14365,0.51217,0.53314,-0.48104,0.47121,179.06950
0.25691,0.26672,0.14364,0.51221,0.53315,-0.48100,0.47120,179.16981
0.25691,0.26662,0.14362,0.51226,0.53315,-0.48095,0.47120,179.27011
0.25691,0.26652,0.14361,0.51230,0.53315,-0.48091,0.47119,179.37042
0.25691,0.26642,0.14360,0.51234,0.53315,-0.48087,0.47119,179.47073
0.25691,0.26632,0.14360,0.51238,0.53316,-0.48083,0.47118,179.57104
0.25691,0.26622,0.14359,0.51242,0.53316,-0.48079,0.47118,179.67135
0.25691,0.26612,0.14358,0.51246,0.53316,-0.48075,0.47117,179.77166
0.25691,0.26602,0.14357,0.51250,0.53316,-0.48071,0.47117,179.87197
0.25691,0.26592,0.14355,0.51254,0.53316,-0.48067,0.47117,179.97228
0.25691,0.26582,0.14355,0.51258,0.53317,-0.48062,0.47116,180.07260
0.25692,0.26572,0.14354,0.51262,0.53317,-0.48058,0.47116,180.17291
0.25692,0.26562,0.14353,0.51266,0.53317,-0.48054,0.47115,180.27322
0.25692,0.26552,0.14352,0.51270,0.53318,-0.48050,0.47115,180.37354
0.25692,0.26542,0.14352,0.51274,0.53318,-0.48046,0.47114,180.47385
0.25692,0.26532,0.14350,0.51279,0.53318,-0.48042,0.47113,180.57417
0.25692,0.26522,0.14349,0.51283,0.53318,-0.48038,0.47113,180.67449
0.25692,0.26512,0.14348,0.51287,0.53318,-0.48034,0.47113,180.77480
0.25692,0.26502,0.14347,0.51291,0.53318,-0.48030,0.47112,180.87512
0.25692,0.26492,0.14347,0.51294,0.53319,-0.48026,0.47112,180.97544
0.25692,0.26482,0.14346,0.51299,0.53319,-0.48021,0.47112,181.07576
0.25693,0.26472,0.14345,0.51303,0.53319,-0.48017,0.47111,181.17608
0.25693,0.26462,0.14343,0.51307,0.53319,-0.48013,0.47111,181.27640
0.25693,0.26452,0.14342,0.51311,0.53319,-0.48009,0.47110,181.37673
0.25693,0.26442,0.14342,0.51315,0.53320,-0.48005,0.47110,181.47705
0.25693,0.26432,0.14341,0.51318,0.53320,-0.48001,0.47110,181.57737
0.25693,0.26422,0.14340,0.51323,0.53320,-0.47997,0.47109,181.67769
0.25693,0.26412,0.14339,0.51327,0.53320,-0.47993,0.47109,181.77802
0.25693,0.26402,0.14338,0.51331,0.53320,-0.47989,0.47109,181.87834
0.25693,0.26392,0.14336,0.51335,0.53320,-0.47985,0.47108,181.97867
0.25693,0.26382,0.14336,0.51338,0.53321,-0.47981,0.47107,182.07900
0.25694,0.26372,0.14335,0.51342,0.53321,-0.47977,0.47107,182.17933
0.25694,0.26362,0.14334,0.51346,0.53321,-0.47973,0.47106,182.27965
0.25694,0.26352,0.14333,0.51350,0.53321,-0.47969,0.47106,182.37998
0.25694,0.26342,0.14332,0.51354,0.53321,-0.47965,0.47106,182.48031
0.25694,0.26332,0.14331,0.51359,0.53321,-0.47961,0.47105,182.58064
0.25694,0.26322,0.14330,0.51362,0.53321,-0.47957,0.47105,182.68097
0.25694,0.26312,0.14329,0.51366,0.53322,-0.47952,0.47105,182.78130
0.25694,0.26302,0.14328,0.51370,0.53322,-0.47948,0.47105,182.88164
0.25694,0.26292,0.14327,0.51374,0.53322,-0.47945,0.47104,182.98197
0.25694,0.26282,0.14327,0.51378,0.53322,-0.47940,0.47104,183.08230
0.25695,0.26272,0.14326,0.51382,0.53322,-0.47936,0.47104,183.18264
0.25695,0.26262,0.14324,0.51386,0.53322,-0.47933,0.47103,183.28297
0.25695,0.26252,0.14323,0.51390,0.53322,-0.47929,0.47103,183.38331
0.25695,0.26242,0.14322,0.51394,0.53322,-0.47924,0.47103,183.48364
0.25695,0.26232,0.14321,0.51398,0.53322,-0.47921,0.47102,183.58398
0.25695,0.26222,0.14321,0.51402,0.53322,-0.47917,0.47102,183.68432
0.25695,0.26212,0.14320,0.51405,0.53323,-0.47912,0.47102,183.78466
0.25695,0.26202,0.14319,0.51409,0.53323,-0.47908,0.47102,183.88500
0.25695,0.26192,0.14317,0.51413,0.53323,-0.47905,0.47101,183.98534
0.25695,0.26182,0.14316,0.51417,0.53323,-0.47901,0.47101,184.08568
0.25695,0.26172,0.14315,0.51421,0.53323,-0.47896,0.47101,184.18602
0.25696,0.26162,0.14315,0.51425,0.53323,-0.47892,0.47100,184.28636
0.25696,0.26152,0.14314,0.51429,0.53323,-0.47889,0.47100,184.38670
0.25696,0.26142,0.14313,0.51433,0.53323,-0.47885,0.47100,184.48705
0.25696,0.26132,0.14311,0.51437,0.53323,-0.47880,0.47099,184.58739
0.25696,0.26122,0.14310,0.51441,0.53323,-0.47877,0.47099,184.68773
0.25696,0.26112,0.14310,0.51445,0.53323,-0.47873,0.47098,184.78808
0.25696,0.26102,0.14309,0.51449,0.53323,-0.47869,0.47098,184.88843
0.25696,0.26092,0.14308,0.51452,0.53323,-0.47865,0.47098,184.98877
0.25696,0.26082,0.14307,0.51456,0.53323,-0.47861,0.47098,185.08912
0.25696,0.26072,0.14306,0.51460,0.53323,-0.47858,0.47097,185.18947
0.25697,0.26062,0.14304,0.51464,0.53323,-0.47853,0.47097,185.28982
0.25697,0.26052,0.14304,0.51468,0.53323,-0.47849,0.47097,185.39016
0.25697,0.26042,0.14303,0.51472,0.53323,-0.47845,0.47097,185.49051
0.25697,0.26032,0.14302,0.51476,0.53323,-0.47841,0.47097,185.59087
0.25697,0.26022,0.14301,0.51480,0.53323,-0.47838,0.47096,185.69122
0.25697,0.26013,0.14300,0.51484,0.53323,-0.47834,0.47096,185.79157
0.25697,0.26003,0.14298,0.51487,0.53323,-0.47830,0.47096,185.89192
0.25697,0.25993,0.14297,0.51491,0.53323,-0.47826,0.47096,185.99227
0.25697,0.25983,0.14297,0.51495,0.53323,-0.47822,0.47096,186.09263
0.25697,0.25973,0.14296,0.51499,0.53323,-0.47818,0.47095,186.19298
0.25698,0.25963,0.14295,0.51503,0.53323,-0.47814,0.47095,186.29334
0.25698,0.25953,0.14294,0.51507,0.53323,-0.47810,0.47095,186.39369
0.25698,0.25943,0.14293,0.51511,0.53322,-0.47807,0.47094,186.49405
0.25698,0.25933,0.14291,0.51514,0.53323,-0.47803,0.47094,186.59441
0.25698,0.25923,0.14291,0.51518,0.53323,-0.47799,0.47094,186.69477
0.25698,0.25913,0.14290,0.51522,0.53323,-0.47795,0.47094,186.79513
0.25698,0.25903,0.14289,0.51526,0.53323,-0.47791,0.47093,186.89548
0.25698,0.25893,0.14288,0.51530,0.53323,-0.47787,0.47093,186.99584
0.25698,0.25883,0.14287,0.51533,0.53322,-0.47784,0.47093,187.09620
0.25698,0.25873,0.14286,0.51537,0.53322,-0.47780,0.47093,187.19657
0.25699,0.25863,0.14284,0.51541,0.53322,-0.47776,0.47093,187.29693
0.25699,0.25853,0.14284,0.51544,0.53322,-0.47772,0.47093,187.39729
0.25699,0.25843,0.14283,0.51549,0.53323,-0.47768,0.47092,187.49765
0.25699,0.25833,0.14282,0.51552,0.53322,-0.47765,0.47092,187.59802
0.25699,0.25823,0.14281,0.51555,0.53322,-0.47761,0.47092,187.69838
0.25699,0.25813,0.14280,0.51559,0.53322,-0.47757,0.47092,187.79875
0.25699,0.25803,0.14278,0.51563,0.53322,-0.47753,0.47092,187.89911
0.25699,0.25793,0.14277,0.51567,0.53322,-0.47749,0.47092,187.99948
0.25699,0.25783,0.14277,0.51571,0.53321,-0.47746,0.47092,188.09985
0.25699,0.25773,0.14276,0.51574,0.53321,-0.47742,0.47092,188.20022
0.25699,0.25763,0.14275,0.51579,0.53322,-0.47738,0.47091,188.30058
0.25700,0.25753,0.14274,0.51582,0.53321,-0.47734,0.47091,188.40095
0.25700,0.25743,0.14273,0.51586,0.53321,-0.47730,0.47091,188.50132
0.25700,0.25733,0.14271,0.51589,0.53321,-0.47727,0.47091,188.60169
0.25700,0.25723,0.14270,0.51593,0.53321,-0.47723,0.47090,188.70206
0.25700,0.25713,0.14270,0.51597,0.53321,-0.47719,0.47090,188.80244
0.25700,0.25703,0.14269,0.51601,0.53321,-0.47715,0.47090,188.90281
0.25700,0.25693,0.14268,0.51604,0.53320,-0.47712,0.47090,189.00318
0.25700,0.25683,0.14267,0.51608,0.53320,-0.47708,0.47090,189.10356
0.25700,0.25673,0.14265,0.51612,0.53320,-0.47704,0.47090,189.20393
0.25700,0.25663,0.14264,0.51616,0.53320,-0.47700,0.47090,189.30430
0.25701,0.25653,0.14263,0.51619,0.53320,-0.47697,0.47090,189.40468
0.25701,0.25643,0.14263,0.51623,0.53320,-0.47692,0.47090,189.50506
0.25701,0.25633,0.14262,0.51627,0.53320,-0.47689,0.47089,189.60543
0.25701,0.25623,0.14261,0.51631,0.53319,-0.47686,0.47089,189.70581
0.25701,0.25613,0.14260,0.51634,0.53319,-0.47682,0.47089,189.80619
0.25701,0.25603,0.14258,0.51638,0.53319,-0.47678,0.47089,189.90657
0.25701,0.25593,0.14257,0.51642,0.53319,-0.47674,0.47089,190.00695
0.25701,0.25583,0.14256,0.51645,0.53319,-0.47671,0.47089,190.10733
0.25701,0.25573,0.14255,0.51649,0.53319,-0.47667,0.47089,190.20771
0.25701,0.25563,0.14255,0.51653,0.53318,-0.47663,0.47089,190.30809
0.25702,0.25553,0.14254,0.51656,0.53318,-0.47660,0.47089,190.40847
0.25702,0.25543,0.14253,0.51660,0.53318,-0.47656,0.47089,190.50885
0.25702,0.25533,0.14251,0.51664,0.53318,-0.47652,0.47089,190.60924
0.25702,0.25523,0.14250,0.51668,0.53318,-0.47648,0.47088,190.70962
0.25702,0.25513,0.14249,0.51671,0.53317,-0.47645,0.47089,190.81001
0.25702,0.25503,0.14248,0.51675,0.53317,-0.47641,0.47089,190.91039
0.25702,0.25493,0.14247,0.51679,0.53317,-0.47637,0.47088,191.01078
0.25702,0.25483,0.14247,0.51682,0.53317,-0.47633,0.47088,191.11116
0.25702,0.25473,0.14245,0.51686,0.53317,-0.47629,0.47088,191.21155
0.25702,0.25463,0.14244,0.51690,0.53316,-0.47626,0.47088,191.31194
0.25703,0.25453,0.14243,0.51693,0.53316,-0.47623,0.47088,191.41233
0.25703,0.25443,0.14242,0.51697,0.53316,-0.47618,0.47088,191.51272
0.25703,0.25433,0.14241,0.51701,0.53316,-0.47615,0.47088,191.61311
0.25703,0.25423,0.14240,0.51704,0.53315,-0.47612,0.47088,191.71350
0.25703,0.25413,0.14239,0.51708,0.53315,-0.47608,0.47088,191.81389
0.25703,0.25403,0.14237,0.51711,0.53315,-0.47604,0.47088,191.91428
0.25703,0.25393,0.14237,0.51715,0.53315,-0.47600,0.47088,192.01467
0.25703,0.25383,0.14236,0.51719,0.53314,-0.47597,0.47088,192.11506
0.25703,0.25373,0.14235,0.51722,0.53314,-0.47594,0.47088,192.21546
0.25703,0.25363,0.14234,0.51726,0.53314,-0.47589,0.47088,192.31585
0.25704,0.25353,0.14233,0.51730,0.53314,-0.47586,0.47088,192.41624
0.25704,0.25343,0.14232,0.51733,0.53313,-0.47582,0.47089,192.51664
0.25704,0.25334,0.14230,0.51737,0.53313,-0.47579,0.47088,192.61704
0.25704,0.25324,0.14229,0.51740,0.53313,-0.47575,0.47089,192.71743
0.25704,0.25314,0.14228,0.51744,0.53313,-0.47571,0.47089,192.81783
0.25704,0.25304,0.14228,0.51748,0.53312,-0.47568,0.47088,192.91823
0.25704,0.25294,0.14227,0.51751,0.53312,-0.47564,0.47089,193.01862
0.25704,0.25284,0.14226,0.51754,0.53312,-0.47561,0.47088,193.11902
0.25704,0.25274,0.14224,0.51758,0.53311,-0.47557,0.47089,193.21942
0.25704,0.25264,0.14223,0.51762,0.53311,-0.47554,0.47088,193.31982
0.25704,0.25254,0.14222,0.51766,0.53311,-0.47550,0.47088,193.42022
0.25705,0.25244,0.14221,0.51769,0.53310,-0.47547,0.47088,193.52062
0.25705,0.25234,0.14220,0.51773,0.53310,-0.47543,0.47088,193.62103
0.25705,0.25224,0.14219,0.51776,0.53310,-0.47539,0.47089,193.72143
0.25705,0.25214,0.14219,0.51780,0.53309,-0.47536,0.47089,193.82183
0.25705,0.25204,0.14217,0.51783,0.53309,-0.47532,0.47089,193.92224
0.25705,0.25194,0.14216,0.51786,0.53309,-0.47529,0.47089,194.02264
0.25705,0.25184,0.14215,0.51791,0.53308,-0.47525,0.47089,194.12304
0.25705,0.25174,0.14214,0.51794,0.53308,-0.47522,0.47089,194.22345
0.25705,0.25164,0.14213,0.51797,0.53308,-0.47518,0.47089,194.32386
0.25705,0.25154,0.14212,0.51801,0.53307,-0.47515,0.47089,194.42426
0.25706,0.25144,0.14210,0.51804,0.53307,-0.47511,0.47090,194.52467
0.25706,0.25134,0.14209,0.51807,0.53306,-0.47508,0.47090,194.62508
0.25706,0.25124,0.14208,0.51811,0.53306,-0.47504,0.47090,194.72549
0.25706,0.25114,0.14207,0.51814,0.53306,-0.47501,0.47090,194.82589
0.25706,0.25104,0.14207,0.51819,0.53305,-0.47497,0.47090,194.92630
0.25706,0.25094,0.14206,0.51822,0.53305,-0.47494,0.47090,195.02671
0.25706,0.25084,0.14205,0.51825,0.53305,-0.47490,0.47090,195.12713
0.25706,0.25074,0.14203,0.51828,0.53304,-0.47487,0.47091,195.22754
0.25706,0.25064,0.14202,0.51832,0.53304,-0.47483,0.47090,195.32795
0.25706,0.25054,0.14201,0.51835,0.53303,-0.47480,0.47090,195.42836
0.25707,0.25044,0.14200,0.51840,0.53303,-0.47476,0.47091,195.52877
0.25707,0.25034,0.14199,0.51842,0.53303,-0.47473,0.47090,195.62919
0.25707,0.25024,0.14198,0.51846,0.53301,-0.47470,0.47091,195.72960
0.25707,0.25014,0.14197,0.51849,0.53302,-0.47466,0.47091,195.83002
0.25707,0.25004,0.14195,0.51853,0.53300,-0.47463,0.47091,195.93043
0.25707,0.24994,0.14195,0.51856,0.53301,-0.47459,0.47091,196.03085
0.25707,0.24984,0.14194,0.51860,0.53300,-0.47456,0.47091,196.13127
0.25707,0.24974,0.14193,0.51863,0.53300,-0.47452,0.47092,196.23168
0.25707,0.24964,0.14192,0.51867,0.53299,-0.47449,0.47092,196.33210
0.25707,0.24954,0.14191,0.51871,0.53299,-0.47445,0.47092,196.43252
0.25708,0.24944,0.14189,0.51874,0.53298,-0.47442,0.47092,196.53294
0.25708,0.24934,0.14188,0.51877,0.53298,-0.47439,0.47092,196.63336
0.25708,0.24924,0.14187,0.51880,0.53298,-0.47435,0.47093,196.73378
0.25708,0.24914,0.14186,0.51884,0.53296,-0.47432,0.47093,196.83420
0.25708,0.24904,0.14185,0.51887,0.53297,-0.47428,0.47093,196.93462
0.25708,0.24894,0.14184,0.51891,0.53296,-0.47425,0.47093,197.03504
0.25708,0.24884,0.14183,0.51894,0.53295,-0.47422,0.47094,197.13546
0.25708,0.24874,0.14182,0.51898,0.53295,-0.47418,0.47094,197.23589
0.25708,0.24864,0.14181,0.51901,0.53294,-0.47415,0.47094,197.33631
0.25708,0.24854,0.14180,0.51904,0.53294,-0.47412,0.47094,197.43673
0.25709,0.24844,0.14179,0.51908,0.53293,-0.47408,0.47094,197.53716
0.25709,0.24834,0.14178,0.51911,0.53293,-0.47405,0.47094,197.63758
0.25709,0.24824,0.14177,0.51915,0.53292,-0.47401,0.47095,197.73801
0.25709,0.24814,0.14176,0.51918,0.53292,-0.47398,0.47094,197.83843
0.25709,0.24804,0.14174,0.51922,0.53291,-0.47394,0.47095,197.93886
0.25709,0.24794,0.14173,0.51925,0.53291,-0.47391,0.47095,198.03929
0.25709,0.24784,0.14172,0.51928,0.53290,-0.47388,0.47095,198.13972
0.25709,0.24774,0.14171,0.51932,0.53290,-0.47384,0.47096,198.24014
0.25709,0.24764,0.14170,0.51935,0.53289,-0.47381,0.47096,198.34057
0.25709,0.24754,0.14169,0.51938,0.53289,-0.47378,0.47096,198.44100
0.25709,0.24744,0.14168,0.51942,0.53288,-0.47374,0.47097,198.54143
0.25710,0.24734,0.14167,0.51945,0.53287,-0.47371,0.47097,198.64186
0.25710,0.24724,0.14166,0.51949,0.53287,-0.47367,0.47097,198.74229
0.25710,0.24714,0.14165,0.51952,0.53286,-0.47365,0.47097,198.84273
0.25710,0.24704,0.14164,0.51955,0.53286,-0.47361,0.47098,198.94316
0.25710,0.24694,0.14163,0.51959,0.53285,-0.47357,0.47098,199.04359
0.25710,0.24685,0.14162,0.51962,0.53285,-0.47354,0.47098,199.14402
0.25710,0.24675,0.14160,0.51965,0.53284,-0.47351,0.47099,199.24446
0.25710,0.24665,0.14159,0.51969,0.53284,-0.47347,0.47099,199.34489
0.25710,0.24655,0.14158,0.51972,0.53283,-0.47345,0.47099,199.44533
0.25710,0.24645,0.14157,0.51975,0.53282,-0.47341,0.47100,199.54576
0.25711,0.24635,0.14156,0.51979,0.53282,-0.47337,0.47100,199.64620
0.25711,0.24625,0.14155,0.51982,0.53281,-0.47334,0.47101,199.74664
0.25711,0.24615,0.14153,0.51985,0.53281,-0.47331,0.47100,199.84707
0.25711,0.24605,0.14152,0.51989,0.53280,-0.47328,0.47100,199.94751
0.25711,0.24595,0.14152,0.51992,0.53279,-0.47324,0.47102,200.04795
0.25711,0.24585,0.14151,0.51995,0.53279,-0.47321,0.47101,200.14839
0.25711,0.24575,0.14150,0.51999,0.53278,-0.47318,0.47101,200.24883
0.25711,0.24565,0.14149,0.52002,0.53278,-0.47315,0.47102,200.34927
0.25711,0.24555,0.14148,0.52005,0.53277,-0.47311,0.47102,200.44971
0.25711,0.24545,0.14146,0.52008,0.53276,-0.47308,0.47103,200.55015
0.25712,0.24535,0.14145,0.52012,0.53276,-0.47305,0.47103,200.65059
0.25712,0.24525,0.14144,0.52015,0.53275,-0.47302,0.47103,200.75103
0.25712,0.24515,0.14143,0.52018,0.53274,-0.47299,0.47104,200.85147
0.25712,0.24505,0.14142,0.52022,0.53274,-0.47295,0.47104,200.95192
0.25712,0.24495,0.14141,0.52025,0.53273,-0.47292,0.47105,201.05236
0.25712,0.24485,0.14140,0.52028,0.53273,-0.47289,0.47105,201.15280
0.25712,0.24475,0.14138,0.52031,0.53272,-0.47286,0.47105,201.25325
0.25712,0.24465,0.14137,0.52035,0.53271,-0.47282,0.47106,201.35369
0.25712,0.24455,0.14136,0.52038,0.53271,-0.47279,0.47106,201.45414
0.25712,0.24445,0.14135,0.52041,0.53270,-0.47276,0.47107,201.55458
0.25713,0.24435,0.14134,0.52044,0.53269,-0.47273,0.47107,201.65503
0.25713,0.24425,0.14134,0.52047,0.53268,-0.47270,0.47107,201.75548
0.25713,0.24415,0.14132,0.52051,0.53268,-0.47266,0.47108,201.85592
0.25713,0.24405,0.14131,0.52054,0.53267,-0.47263,0.47108,201.95637
0.25713,0.24395,0.14130,0.52057,0.53266,-0.47260,0.47109,202.05682
0.25713,0.24385,0.14129,0.52061,0.53266,-0.47257,0.47109,202.15727
0.25713,0.24375,0.14128,0.52064,0.53265,-0.47254,0.47109,202.25772
0.25713,0.24365,0.14127,0.52067,0.53264,-0.47251,0.47110,202.35817
0.25713,0.24355,0.14126,0.52070,0.53264,-0.47248,0.47110,202.45862
0.25713,0.24345,0.14124,0.52074,0.53263,-0.47244,0.47110,202.55907
0.25714,0.24335,0.14123,0.52077,0.53262,-0.47241,0.47111,202.65952
0.25714,0.24325,0.14122,0.52080,0.53262,-0.47238,0.47111,202.75997
0.25714,0.24315,0.14121,0.52083,0.53261,-0.47235,0.47112,202.86042
0.25714,0.24305,0.14120,0.52086,0.53260,-0.47232,0.47112,202.96088
0.25714,0.24295,0.14119,0.52089,0.53259,-0.47229,0.47113,203.06133
0.25714,0.24285,0.14117,0.52092,0.53258,-0.47226,0.47113,203.16178
0.25714,0.24275,0.14116,0.52095,0.53257,-0.47223,0.47114,203.26224
0.25714,0.24265,0.14115,0.52099,0.53257,-0.47219,0.47114,203.36269
0.25714,0.24255,0.14114,0.52102,0.53256,-0.47216,0.47115,203.46315
0.25714,0.24245,0.14113,0.52105,0.53256,-0.47213,0.47115,203.56360
0.25715,0.24235,0.14112,0.52109,0.53254,-0.47210,0.47116,203.66406
0.25715,0.24225,0.14112,0.52112,0.53254,-0.47207,0.47116,203.76452
0.25715,0.24215,0.14110,0.52115,0.53253,-0.47204,0.47117,203.86497
0.25715,0.24205,0.14109,0.52118,0.53253,-0.47201,0.47117,203.96543
0.25715,0.24195,0.14108,0.52121,0.53252,-0.47198,0.47118,204.06589
0.25715,0.24185,0.14107,0.52124,0.53251,-0.47195,0.47118,204.16635
0.25715,0.24175,0.14106,0.52127,0.53250,-0.47192,0.47119,204.26681
0.25715,0.24165,0.14105,0.52130,0.53248,-0.47189,0.47120,204.36727
0.25715,0.24155,0.14104,0.52133,0.53248,-0.47186,0.47119,204.46773
0.25715,0.24145,0.14102,0.52136,0.53247,-0.47183,0.47120,204.56819
0.25716,0.24135,0.14101,0.52140,0.53246,-0.47180,0.47121,204.66865
0.25716,0.24125,0.14100,0.52143,0.53246,-0.47176,0.47122,204.76911
0.25716,0.24115,0.14099,0.52146,0.53245,-0.47173,0.47122,204.86957
0.25716,0.24105,0.14098,0.52149,0.53245,-0.47170,0.47122,204.97003
0.25716,0.24095,0.14097,0.52152,0.53244,-0.47167,0.47123,205.07050
0.25716,0.24085,0.14095,0.52156,0.53242,-0.47164,0.47123,205.17096
0.25716,0.24075,0.14094,0.52159,0.53241,-0.47161,0.47124,205.27142
0.25716,0.24065,0.14093,0.52162,0.53241,-0.47158,0.47124,205.37189
0.25716,0.24056,0.14092,0.52165,0.53240,-0.47155,0.47125,205.47235
0.25716,0.24046,0.14091,0.52167,0.53239,-0.47152,0.47126,205.57282
0.25716,0.24036,0.14090,0.52171,0.53238,-0.47149,0.47126,205.67328
0.25717,0.24026,0.14089,0.52174,0.53237,-0.47146,0.47127,205.77375
0.25717,0.24016,0.14087,0.52177,0.53237,-0.47143,0.47127,205.87422
0.25717,0.24006,0.14086,0.52180,0.53236,-0.47140,0.47128,205.97468
0.25717,0.23996,0.14085,0.52183,0.53235,-0.47137,0.47129,206.07515
0.25717,0.23986,0.14084,0.52186,0.53234,-0.47134,0.47129,206.17562
0.25717,0.23976,0.14083,0.52189,0.53233,-0.47131,0.47130,206.27609
0.25717,0.23966,0.14082,0.52192,0.53232,-0.47128,0.47131,206.37655
0.25717,0.23956,0.14081,0.52195,0.53231,-0.47126,0.47131,206.47702
0.25717,0.23946,0.14080,0.52198,0.53230,-0.47123,0.47132,206.57749
0.25717,0.23936,0.14079,0.52201,0.53229,-0.47119,0.47132,206.67796
0.25718,0.23926,0.14078,0.52204,0.53228,-0.47117,0.47133,206.77843
0.25718,0.23916,0.14077,0.52207,0.53227,-0.47114,0.47134,206.87890
0.25718,0.23906,0.14076,0.52210,0.53226,-0.47111,0.47134,206.97938
0.25718,0.23896,0.14075,0.52214,0.53225,-0.47108,0.47135,207.07985
0.25718,0.23886,0.14073,0.52217,0.53224,-0.47105,0.47136,207.18032
0.25718,0.23876,0.14072,0.52219,0.53224,-0.47101,0.47136,207.28079
0.25718,0.23866,0.14071,0.52222,0.53223,-0.47099,0.47136,207.38126
0.25718,0.23856,0.14070,0.52225,0.53222,-0.47096,0.47137,207.48174
0.25718,0.23846,0.14069,0.52228,0.53221,-0.47092,0.47138,207.58221
0.25718,0.23836,0.14068,0.52232,0.53220,-0.47090,0.47138,207.68269
0.25719,0.23826,0.14067,0.52234,0.53219,-0.47087,0.47139,207.78316
0.25719,0.23816,0.14065,0.52237,0.53218,-0.47084,0.47140,207.88363
0.25719,0.23806,0.14064,0.52240,0.53217,-0.47081,0.47141,207.98411
0.25719,0.23796,0.14063,0.52243,0.53216,-0.47079,0.47141,208.08459
0.25719,0.23786,0.14062,0.52246,0.53215,-0.47075,0.47142,208.18506
0.25719,0.23776,0.14061,0.52249,0.53214,-0.47072,0.47143,208.28554
0.25719,0.23766,0.14060,0.52252,0.53213,-0.47069,0.47144,208.38602
0.25719,0.23756,0.14058,0.52255,0.53212,-0.47067,0.47144,208.48649
0.25719,0.23746,0.14057,0.52258,0.53211,-0.47065,0.47145,208.58697
0.25719,0.23736,0.14056,0.52261,0.53210,-0.47062,0.47146,208.68745
0.25720,0.23726,0.14055,0.52264,0.53209,-0.47059,0.47146,208.78793
0.25720,0.23716,0.14054,0.52267,0.53208,-0.47056,0.47147,208.88841
0.25720,0.23706,0.14053,0.52270,0.53207,-0.47053,0.47148,208.98889
0.25720,0.23696,0.14052,0.52273,0.53206,-0.47050,0.47149,209.08937
0.25720,0.23686,0.14050,0.52276,0.53205,-0.47047,0.47150,209.18985
0.25720,0.23676,0.14049,0.52279,0.53204,-0.47045,0.47150,209.29033
0.25720,0.23666,0.14048,0.52281,0.53203,-0.47041,0.47151,209.39081
0.25720,0.23656,0.14047,0.52284,0.53202,-0.47038,0.47152,209.49129
0.25720,0.23646,0.14046,0.52287,0.53201,-0.47035,0.47153,209.59177
0.25720,0.23636,0.14045,0.52291,0.53200,-0.47033,0.47153,209.69225
0.25721,0.23626,0.14044,0.52293,0.53199,-0.47030,0.47153,209.79274
0.25721,0.23616,0.14042,0.52296,0.53198,-0.47027,0.47154,209.89322
0.25721,0.23606,0.14041,0.52299,0.53197,-0.47024,0.47155,209.99370
0.25721,0.23596,0.14040,0.52302,0.53196,-0.47021,0.47156,210.09419
0.25721,0.23586,0.14039,0.52304,0.53195,-0.47018,0.47157,210.19467
0.25721,0.23576,0.14038,0.52307,0.53194,-0.47016,0.47157,210.29515
0.25721,0.23566,0.14037,0.52310,0.53193,-0.47013,0.47158,210.39564
0.25721,0.23556,0.14035,0.52313,0.53192,-0.47010,0.47159,210.49612
0.25721,0.23546,0.14034,0.52316,0.53191,-0.47007,0.47160,210.59661
0.25721,0.23536,0.14033,0.52319,0.53189,-0.47005,0.47161,210.69710
0.25722,0.23526,0.14032,0.52322,0.53188,-0.47002,0.47162,210.79758
0.25722,0.23516,0.14031,0.52325,0.53187,-0.47000,0.47162,210.89807
0.25722,0.23506,0.14030,0.52328,0.53186,-0.46997,0.47163,210.99856
0.25722,0.23496,0.14029,0.52330,0.53185,-0.46994,0.47164,211.09904
0.25722,0.23486,0.14027,0.52333,0.53184,-0.46991,0.47165,211.19953
0.25722,0.23476,0.14026,0.52336,0.53183,-0.46988,0.47166,211.30002
0.25722,0.23466,0.14025,0.52339,0.53182,-0.46985,0.47167,211.40051
0.25722,0.23457,0.14024,0.52341,0.53181,-0.46983,0.47168,211.50100
0.25722,0.23447,0.14023,0.52345,0.53180,-0.46980,0.47168,211.60148
0.25722,0.23437,0.14022,0.52347,0.53179,-0.46977,0.47169,211.70197
0.25723,0.23427,0.14021,0.52350,0.53177,-0.46975,0.47170,211.80246
0.25723,0.23417,0.14020,0.52353,0.53176,-0.46972,0.47171,211.90295
0.25723,0.23407,0.14019,0.52356,0.53175,-0.46969,0.47172,212.00344
0.25723,0.23397,0.14018,0.52359,0.53174,-0.46966,0.47173,212.10394
0.25723,0.23387,0.14017,0.52361,0.53173,-0.46964,0.47173,212.20443
0.25723,0.23377,0.14016,0.52364,0.53171,-0.46961,0.47174,212.30492
0.25723,0.23367,0.14015,0.52367,0.53170,-0.46958,0.47175,212.40541
0.25723,0.23357,0.14013,0.52370,0.53169,-0.46956,0.47177,212.50590
0.25723,0.23347,0.14012,0.52373,0.53168,-0.46953,0.47177,212.60640
0.25723,0.23337,0.14011,0.52376,0.53167,-0.46950,0.47178,212.70689
0.25724,0.23327,0.14010,0.52378,0.53166,-0.46948,0.47178,212.80738
0.25724,0.23317,0.14009,0.52381,0.53164,-0.46945,0.47179,212.90788
0.25724,0.23307,0.14008,0.52384,0.53164,-0.46942,0.47180,213.00837
0.25724,0.23297,0.14007,0.52387,0.53162,-0.46940,0.47181,213.10886
0.25724,0.23287,0.14005,0.52390,0.53161,-0.46937,0.47182,213.20936
0.25724,0.23277,0.14004,0.52392,0.53159,-0.46935,0.47183,213.30985
0.25724,0.23267,0.14003,0.52395,0.53159,-0.46932,0.47184,213.41035
0.25724,0.23257,0.14002,0.52397,0.53158,-0.46929,0.47185,213.51084
0.25724,0.23247,0.14001,0.52400,0.53155,-0.46927,0.47186,213.61134
0.25724,0.23237,0.14000,0.52403,0.53154,-0.46924,0.47187,213.71184
0.25724,0.23227,0.13998,0.52406,0.53154,-0.46921,0.47188,213.81233
0.25725,0.23217,0.13997,0.52408,0.53152,-0.46919,0.47189,213.91283
0.25725,0.23207,0.13996,0.52411,0.53151,-0.46916,0.47190,214.01333
0.25725,0.23197,0.13995,0.52414,0.53150,-0.46914,0.47191,214.11382
0.25725,0.23187,0.13994,0.52417,0.53149,-0.46911,0.47192,214.21432
0.25725,0.23177,0.13993,0.52419,0.53147,-0.46909,0.47193,214.31482
0.25725,0.23167,0.13992,0.52422,0.53146,-0.46906,0.47194,214.41532
0.25725,0.23157,0.13990,0.52425,0.53145,-0.46903,0.47195,214.51582
0.25725,0.23147,0.13989,0.52427,0.53143,-0.46901,0.47196,214.61632
0.25725,0.23137,0.13988,0.52430,0.53142,-0.46898,0.47197,214.71681
0.25725,0.23127,0.13987,0.52432,0.53141,-0.46896,0.47198,214.81731
0.25726,0.23117,0.13986,0.52436,0.53140,-0.46893,0.47199,214.91781
0.25726,0.23107,0.13985,0.52438,0.53138,-0.46891,0.47199,215.01831
0.25726,0.23097,0.13984,0.52441,0.53137,-0.46888,0.47201,215.11881
0.25726,0.23087,0.13982,0.52444,0.53136,-0.46885,0.47202,215.21932
0.25726,0.23077,0.13981,0.52447,0.53134,-0.46883,0.47202,215.31982
0.25726,0.23067,0.13980,0.52449,0.53134,-0.46880,0.47204,215.42032
0.25726,0.23057,0.13979,0.52452,0.53132,-0.46878,0.47204,215.52082
0.25726,0.23047,0.13978,0.52455,0.53130,-0.46875,0.47206,215.62132
0.25726,0.23037,0.13977,0.52457,0.53129,-0.46873,0.47207,215.72182
0.25726,0.23027,0.13975,0.52459,0.53128,-0.46870,0.47208,215.82233
0.25727,0.23017,0.13974,0.52462,0.53126,-0.46868,0.47209,215.92283
0.25727,0.23007,0.13973,0.52465,0.53125,-0.46865,0.47210,216.02333
0.25727,0.22997,0.13972,0.52467,0.53124,-0.46863,0.47211,216.12384
0.25727,0.22987,0.13971,0.52471,0.53122,-0.46860,0.47212,216.22434
0.25727,0.22977,0.13970,0.52473,0.53121,-0.46858,0.47213,216.32484
0.25727,0.22967,0.13969,0.52476,0.53120,-0.46855,0.47214,216.42535
0.25727,0.22957,0.13967,0.52478,0.53118,-0.46853,0.47215,216.52585
0.25727,0.22947,0.13966,0.52481,0.53117,-0.46850,0.47216,216.62636
0.25727,0.22937,0.13965,0.52483,0.53116,-0.46848,0.47218,216.72686
0.25727,0.22927,0.13964,0.52486,0.53114,-0.46845,0.47219,216.82737
0.25728,0.22917,0.13963,0.52489,0.53113,-0.46843,0.47220,216.92787
0.25728,0.22907,0.13962,0.52490,0.53112,-0.46841,0.47221,217.02838
0.25728,0.22897,0.13960,0.52494,0.53110,-0.46838,0.47222,217.12888
0.25728,0.22887,0.13959,0.52496,0.53109,-0.46836,0.47223,217.22939
0.25728,0.22877,0.13957,0.52499,0.53108,-0.46833,0.47224,217.32990
0.25728,0.22867,0.13956,0.52501,0.53106,-0.46831,0.47225,217.43040
0.25728,0.22858,0.13955,0.52504,0.53105,-0.46828,0.47227,217.53091
0.25728,0.22848,0.13954,0.52507,0.53103,-0.46826,0.47228,217.63142
0.25728,0.22838,0.13953,0.52509,0.53102,-0.46824,0.47229,217.73192
0.25728,0.22828,0.13951,0.52512,0.53101,-0.46821,0.47229,217.83243
0.25729,0.22818,0.13950,0.52514,0.53099,-0.46819,0.47231,217.93294
0.25729,0.22808,0.13949,0.52517,0.53098,-0.46816,0.47232,218.03345
0.25729,0.22798,0.13948,0.52520,0.53096,-0.46814,0.47233,218.13396
0.25729,0.22788,0.13947,0.52522,0.53095,-0.46812,0.47234,218.23446
0.25729,0.22778,0.13946,0.52525,0.53094,-0.46809,0.47235,218.33497
0.25729,0.22768,0.13945,0.52527,0.53092,-0.46807,0.47236,218.43548
0.25729,0.22758,0.13943,0.52529,0.53091,-0.46804,0.47238,218.53599
0.25729,0.22748,0.13942,0.52532,0.53089,-0.46802,0.47239,218.63650
0.25729,0.22738,0.13941,0.52534,0.53088,-0.46800,0.47240,218.73701
0.25729,0.22728,0.13940,0.52537,0.53086,-0.46797,0.47241,218.83752
0.25730,0.22718,0.13939,0.52540,0.53085,-0.46795,0.47242,218.93803
0.25730,0.22708,0.13938,0.52542,0.53083,-0.46793,0.47244,219.03854
0.25730,0.22698,0.13936,0.52545,0.53082,-0.46790,0.47245,219.13905
0.25730,0.22688,0.13935,0.52547,0.53081,-0.46788,0.47246,219.23956
0.25730,0.22678,0.13934,0.52550,0.53079,-0.46786,0.47247,219.34007
0.25730,0.22668,0.13933,0.52552,0.53078,-0.46783,0.47249,219.44059
0.25730,0.22658,0.13932,0.52555,0.53076,-0.46781,0.47250,219.54110
0.25730,0.22648,0.13931,0.52557,0.53075,-0.46779,0.47251,219.64161
0.25730,0.22638,0.13930,0.52560,0.53073,-0.46776,0.47252,219.74212
0.25730,0.22628,0.13928,0.52562,0.53072,-0.46774,0.47254,219.84263
0.25731,0.22618,0.13927,0.52565,0.53070,-0.46772,0.47255,219.94315
0.25731,0.22608,0.13926,0.52567,0.53069,-0.46769,0.47256,220.04366
0.25731,0.22598,0.13925,0.52569,0.53067,-0.46767,0.47257,220.14417
0.25731,0.22588,0.13924,0.52572,0.53065,-0.46765,0.47258,220.24468
0.25731,0.22578,0.13923,0.52574,0.53064,-0.46762,0.47260,220.34520
0.25731,0.22568,0.13922,0.52577,0.53063,-0.46760,0.47261,220.44571
0.25731,0.22558,0.13920,0.52579,0.53061,-0.46758,0.47263,220.54622
0.25731,0.22548,0.13919,0.52581,0.53059,-0.46756,0.47263,220.64674
0.25731,0.22538,0.13918,0.52584,0.53058,-0.46753,0.47265,220.74725
0.25731,0.22528,0.13917,0.52586,0.53056,-0.46750,0.47266,220.84777
0.25732,0.22518,0.13916,0.52589,0.53055,-0.46749,0.47267,220.94828
0.25732,0.22508,0.13915,0.52591,0.53053,-0.46746,0.47269,221.04880
0.25732,0.22498,0.13913,0.52594,0.53051,-0.46744,0.47270,221.14931
0.25732,0.22488,0.13912,0.52596,0.53050,-0.46742,0.47271,221.24982
0.25732,0.22478,0.13911,0.52599,0.53048,-0.46740,0.47272,221.35034
0.25732,0.22468,0.13910,0.52601,0.53046,-0.46738,0.47274,221.45086
0.25732,0.22458,0.13909,0.52603,0.53046,-0.46735,0.47275,221.55137
0.25732,0.22448,0.13908,0.52606,0.53044,-0.46733,0.47276,221.65189
0.25732,0.22438,0.13907,0.52608,0.53042,-0.46731,0.47278,221.75240
0.25732,0.22428,0.13905,0.52610,0.53041,-0.46729,0.47279,221.85292
0.25733,0.22418,0.13904,0.52613,0.53039,-0.46726,0.47280,221.95343
0.25733,0.22408,0.13903,0.52615,0.53038,-0.46724,0.47282,222.05395
0.25733,0.22398,0.13902,0.52618,0.53035,-0.46722,0.47283,222.15447
0.25733,0.22388,0.13901,0.52620,0.53034,-0.46720,0.47284,222.25498
0.25733,0.22378,0.13900,0.52622,0.53032,-0.46718,0.47286,222.35550
0.25733,0.22368,0.13898,0.52625,0.53031,-0.46715,0.47287,222.45602
0.25733,0.22358,0.13897,0.52627,0.53029,-0.46713,0.47289,222.55653
0.25733,0.22348,0.13896,0.52629,0.53028,-0.46711,0.47290,222.65705
0.25733,0.22338,0.13895,0.52632,0.53026,-0.46709,0.47291,222.75757
0.25733,0.22328,0.13894,0.52634,0.53024,-0.46707,0.47293,222.85809
0.25734,0.22318,0.13893,0.52636,0.53023,-0.46705,0.47294,222.95860
0.25734,0.22308,0.13892,0.52639,0.53021,-0.46702,0.47296,223.05912
0.25734,0.22298,0.13890,0.52641,0.53019,-0.46700,0.47297,223.15964
0.25734,0.22288,0.13889,0.52643,0.53017,-0.46698,0.47299,223.26016
0.25734,0.22278,0.13888,0.52646,0.53016,-0.46696,0.47299,223.36068
0.25734,0.22268,0.13887,0.52648,0.53014,-0.46694,0.47301,223.46119
0.25734,0.22259,0.13886,0.52650,0.53012,-0.46692,0.47303,223.56171
0.25734,0.22249,0.13885,0.52652,0.53011,-0.46690,0.47304,223.66223
0.25734,0.22239,0.13884,0.52655,0.53009,-0.46687,0.47305,223.76275
0.25734,0.22229,0.13882,0.52657,0.53008,-0.46685,0.47307,223.86327
0.25735,0.22219,0.13881,0.52659,0.53006,-0.46683,0.47308,223.96379
0.25735,0.22209,0.13880,0.52662,0.53004,-0.46681,0.47309,224.06431
0.25735,0.22199,0.13878,0.52664,0.53002,-0.46679,0.47311,224.16483
0.25735,0.22189,0.13877,0.52666,0.53001,-0.46677,0.47312,224.26535
0.25735,0.22179,0.13876,0.52668,0.52999,-0.46675,0.47314,224.36587
0.25735,0.22169,0.13874,0.52671,0.52997,-0.46673,0.47315,224.46639
0.25735,0.22159,0.13873,0.52673,0.52996,-0.46670,0.47317,224.56691
0.25735,0.22149,0.13872,0.52675,0.52994,-0.46669,0.47318,224.66743
0.25735,0.22139,0.13871,0.52677,0.52992,-0.46666,0.47320,224.76795
0.25735,0.22129,0.13870,0.52680,0.52990,-0.46664,0.47321,224.86847
0.25736,0.22119,0.13869,0.52682,0.52989,-0.46662,0.47323,224.96899
0.25736,0.22109,0.13868,0.52684,0.52987,-0.46660,0.47324,225.06951
0.25736,0.22099,0.13866,0.52686,0.52985,-0.46658,0.47326,225.17003
0.25736,0.22089,0.13865,0.52689,0.52983,-0.46656,0.47327,225.27055
0.25736,0.22079,0.13864,0.52691,0.52982,-0.46653,0.47329,225.37107
0.25736,0.22069,0.13863,0.52693,0.52980,-0.46652,0.47330,225.47159
0.25736,0.22059,0.13862,0.52695,0.52978,-0.46650,0.47332,225.57211
0.25736,0.22049,0.13861,0.52698,0.52976,-0.46648,0.47333,225.67263
0.25736,0.22039,0.13860,0.52700,0.52975,-0.46645,0.47335,225.77315
0.25736,0.22029,0.13858,0.52702,0.52973,-0.46644,0.47336,225.87367
0.25736,0.22019,0.13857,0.52704,0.52971,-0.46642,0.47338,225.97419
0.25737,0.22009,0.13856,0.52706,0.52969,-0.46640,0.47340,226.07472
0.25737,0.21999,0.13855,0.52708,0.52968,-0.46638,0.47341,226.17524
0.25737,0.21989,0.13854,0.52711,0.52966,-0.46635,0.47342,226.27576
0.25737,0.21979,0.13853,0.52713,0.52964,-0.46634,0.47344,226.37628
0.25737,0.21969,0.13851,0.52715,0.52962,-0.46632,0.47346,226.47680
0.25737,0.21959,0.13850,0.52717,0.52960,-0.46630,0.47348,226.57732
0.25737,0.21949,0.13849,0.52719,0.52959,-0.46628,0.47348,226.67785
0.25737,0.21939,0.13848,0.52721,0.52957,-0.46626,0.47350,226.77837
0.25737,0.21929,0.13847,0.52724,0.52955,-0.46624,0.47351,226.87889
0.25737,0.21919,0.13846,0.52726,0.52953,-0.46622,0.47353,226.97941
0.25738,0.21909,0.13845,0.52728,0.52951,-0.46620,0.47355,227.07993
0.25738,0.21899,0.13843,0.52730,0.52950,-0.46618,0.47356,227.18046
0.25738,0.21889,0.13842,0.52732,0.52948,-0.46616,0.47358,227.28098
0.25738,0.21879,0.13841,0.52735,0.52946,-0.46614,0.47359,227.38150
0.25738,0.21869,0.13840,0.52737,0.52944,-0.46612,0.47361,227.48202
0.25738,0.21859,0.13839,0.52739,0.52942,-0.46610,0.47363,227.58255
0.25738,0.21849,0.13838,0.52742,0.52940,-0.46608,0.47364,227.68307
0.25738,0.21839,0.13836,0.52743,0.52939,-0.46606,0.47366,227.78359
0.25738,0.21829,0.13835,0.52745,0.52937,-0.46604,0.47368,227.88411
0.25738,0.21819,0.13834,0.52747,0.52935,-0.46603,0.47369,227.98464
0.25739,0.21809,0.13833,0.52749,0.52933,-0.46601,0.47371,228.08516
0.25739,0.21799,0.13832,0.52752,0.52931,-0.46599,0.47373,228.18568
0.25739,0.21789,0.13831,0.52754,0.52929,-0.46597,0.47374,228.28620
0.25739,0.21779,0.13830,0.52756,0.52927,-0.46595,0.47376,228.38673
0.25739,0.21769,0.13828,0.52758,0.52926,-0.46592,0.47378,228.48725
0.25739,0.21759,0.13826,0.52760,0.52924,-0.46591,0.47379,228.58777
0.25739,0.21749,0.13825,0.52763,0.52922,-0.46588,0.47381,228.68830
0.25739,0.21739,0.13824,0.52765,0.52920,-0.46586,0.47383,228.78882
0.25739,0.21729,0.13823,0.52767,0.52918,-0.46585,0.47384,228.88934
0.25739,0.21719,0.13822,0.52769,0.52916,-0.46583,0.47386,228.98986
0.25740,0.21709,0.13821,0.52771,0.52914,-0.46581,0.47388,229.09039
0.25740,0.21699,0.13819,0.52773,0.52912,-0.46579,0.47390,229.19091
0.25740,0.21689,0.13818,0.52775,0.52910,-0.46578,0.47391,229.29143
0.25740,0.21680,0.13817,0.52777,0.52908,-0.46576,0.47393,229.39196
0.25740,0.21670,0.13816,0.52779,0.52906,-0.46574,0.47395,229.49248
0.25740,0.21660,0.13815,0.52781,0.52904,-0.46573,0.47396,229.59300
0.25740,0.21650,0.13814,0.52783,0.52903,-0.46570,0.47397,229.69353
0.25740,0.21640,0.13812,0.52785,0.52900,-0.46568,0.47399,229.79405
0.25740,0.21630,0.13811,0.52787,0.52898,-0.46566,0.47401,229.89457
0.25740,0.21620,0.13810,0.52789,0.52897,-0.46565,0.47403,229.99510
0.25741,0.21610,0.13809,0.52791,0.52895,-0.46563,0.47404,230.09562
0.25741,0.21600,0.13808,0.52793,0.52892,-0.46561,0.47406,230.19614
0.25741,0.21590,0.13807,0.52795,0.52890,-0.46559,0.47408,230.29667
0.25741,0.21580,0.13806,0.52797,0.52888,-0.46557,0.47410,230.39719
0.25741,0.21570,0.13804,0.52799,0.52887,-0.46556,0.47411,230.49771
0.25741,0.21560,0.13803,0.52801,0.52885,-0.46554,0.47413,230.59824
0.25741,0.21550,0.13802,0.52803,0.52882,-0.46552,0.47415,230.69876
0.25741,0.21540,0.13801,0.52805,0.52880,-0.46550,0.47417,230.79928
0.25741,0.21530,0.13800,0.52807,0.52878,-0.46548,0.47419,230.89981
0.25741,0.21520,0.13799,0.52809,0.52877,-0.46547,0.47420,231.00033
0.25742,0.21510,0.13797,0.52811,0.52874,-0.46545,0.47422,231.10085
0.25742,0.21500,0.13796,0.52813,0.52872,-0.46543,0.47424,231.20138
0.25742,0.21490,0.13795,0.52815,0.52870,-0.46541,0.47426,231.30190
0.25742,0.21480,0.13794,0.52817,0.52868,-0.46539,0.47428,231.40242
0.25742,0.21470,0.13793,0.52819,0.52866,-0.46538,0.47429,231.50295
0.25742,0.21460,0.13792,0.52821,0.52864,-0.46536,0.47431,231.60347
0.25742,0.21450,0.13791,0.52822,0.52863,-0.46535,0.47433,231.70399
0.25742,0.21440,0.13789,0.52824,0.52861,-0.46533,0.47435,231.80452
0.25742,0.21430,0.13788,0.52826,0.52858,-0.46531,0.47437,231.90504
0.25742,0.21420,0.13787,0.52828,0.52856,-0.46529,0.47439,232.00556
0.25743,0.21410,0.13786,0.52830,0.52854,-0.46527,0.47441,232.10609
0.25743,0.21400,0.13785,0.52832,0.52852,-0.46526,0.47442,232.20661
0.25743,0.21390,0.13784,0.52834,0.52850,-0.46524,0.47444,232.30713
0.25743,0.21380,0.13783,0.52836,0.52848,-0.46522,0.47446,232.40766
0.25743,0.21370,0.13781,0.52838,0.52845,-0.46521,0.47448,232.50818
0.25743,0.21360,0.13780,0.52840,0.52843,-0.46519,0.47450,232.60870
0.25743,0.21350,0.13778,0.52842,0.52841,-0.46517,0.47451,232.70922
0.25743,0.21340,0.13777,0.52843,0.52839,-0.46516,0.47454,232.80975
0.25743,0.21330,0.13776,0.52845,0.52837,-0.46514,0.47455,232.91027
0.25743,0.21320,0.13775,0.52847,0.52835,-0.46513,0.47457,233.01079
0.25744,0.21310,0.13773,0.52849,0.52833,-0.46511,0.47459,233.11132
0.25744,0.21300,0.13772,0.52851,0.52831,-0.46509,0.47460,233.21184
0.25744,0.21290,0.13771,0.52853,0.52829,-0.46507,0.47462,233.31236
0.25744,0.21280,0.13770,0.52855,0.52827,-0.46505,0.47464,233.41288
0.25744,0.21270,0.13769,0.52857,0.52825,-0.46504,0.47466,233.51341
0.25744,0.21260,0.13768,0.52859,0.52822,-0.46503,0.47469,233.61393
0.25744,0.21250,0.13767,0.52861,0.52820,-0.46501,0.47470,233.71445
0.25744,0.21240,0.13765,0.52862,0.52818,-0.46499,0.47472,233.81497
0.25744,0.21230,0.13764,0.52864,0.52816,-0.46497,0.47474,233.91550
0.25744,0.21220,0.13763,0.52866,0.52814,-0.46496,0.47476,234.01602
0.25745,0.21210,0.13762,0.52868,0.52812,-0.46494,0.47478,234.11654
0.25745,0.21200,0.13761,0.52869,0.52810,-0.46492,0.47480,234.21706
0.25745,0.21190,0.13760,0.52871,0.52808,-0.46491,0.47482,234.31759
0.25745,0.21180,0.13759,0.52874,0.52805,-0.46490,0.47484,234.41811
0.25745,0.21170,0.13757,0.52876,0.52803,-0.46488,0.47486,234.51863
0.25745,0.21160,0.13756,0.52877,0.52801,-0.46486,0.47488,234.61915
0.25745,0.21150,0.13755,0.52879,0.52799,-0.46485,0.47490,234.71967
0.25745,0.21140,0.13754,0.52880,0.52797,-0.46483,0.47492,234.82019
0.25745,0.21130,0.13753,0.52882,0.52795,-0.46481,0.47494,234.92072
0.25745,0.21120,0.13752,0.52884,0.52792,-0.46480,0.47496,235.02124
0.25746,0.21110,0.13750,0.52886,0.52790,-0.46479,0.47498,235.12176
0.25746,0.21101,0.13749,0.52888,0.52788,-0.46477,0.47500,235.22228
0.25746,0.21091,0.13748,0.52890,0.52786,-0.46475,0.47502,235.32280
0.25746,0.21081,0.13747,0.52892,0.52784,-0.46473,0.47504,235.42332
0.25746,0.21071,0.13746,0.52894,0.52781,-0.46472,0.47506,235.52384
0.25746,0.21061,0.13745,0.52895,0.52779,-0.46471,0.47508,235.62436
0.25746,0.21051,0.13744,0.52897,0.52777,-0.46469,0.47510,235.72489
0.25746,0.21041,0.13742,0.52899,0.52775,-0.46467,0.47512,235.82541
0.25746,0.21031,0.13741,0.52900,0.52772,-0.46466,0.47513,235.92593
0.25746,0.21021,0.13740,0.52902,0.52770,-0.46465,0.47516,236.02645
0.25747,0.21011,0.13739,0.52904,0.52768,-0.46463,0.47517,236.12697
0.25747,0.21001,0.13738,0.52906,0.52766,-0.46461,0.47519,236.22749
0.25747,0.20991,0.13737,0.52907,0.52764,-0.46460,0.47521,236.32801
0.25747,0.20981,0.13735,0.52909,0.52761,-0.46459,0.47524,236.42853
0.25747,0.20971,0.13734,0.52911,0.52759,-0.46457,0.47526,236.52905
0.25747,0.20961,0.13733,0.52913,0.52757,-0.46455,0.47527,236.62957
0.25747,0.20951,0.13732,0.52914,0.52755,-0.46454,0.47529,236.73009
0.25747,0.20941,0.13731,0.52916,0.52752,-0.46453,0.47532,236.83061
0.25747,0.20931,0.13730,0.52918,0.52749,-0.46451,0.47534,236.93113
0.25747,0.20921,0.13729,0.52919,0.52748,-0.46450,0.47536,237.03165
0.25748,0.20911,0.13726,0.52921,0.52745,-0.46448,0.47538,237.13217
0.25748,0.20901,0.13725,0.52923,0.52743,-0.46447,0.47540,237.23269
0.25748,0.20891,0.13724,0.52924,0.52741,-0.46446,0.47542,237.33320
0.25748,0.20881,0.13723,0.52926,0.52739,-0.46444,0.47544,237.43372
0.25748,0.20871,0.13722,0.52928,0.52736,-0.46443,0.47546,237.53424
0.25748,0.20861,0.13721,0.52929,0.52734,-0.46441,0.47548,237.63476
0.25748,0.20851,0.13720,0.52931,0.52732,-0.46440,0.47550,237.73528
0.25748,0.20841,0.13718,0.52933,0.52729,-0.46437,0.47553,237.83580
0.25748,0.20831,0.13717,0.52934,0.52727,-0.46437,0.47555,237.93632
0.25748,0.20821,0.13716,0.52936,0.52724,-0.46435,0.47557,238.03683
0.25748,0.20811,0.13715,0.52938,0.52722,-0.46433,0.47559,238.13735
0.25749,0.20801,0.13714,0.52939,0.52720,-0.46433,0.47561,238.23787
0.25749,0.20791,0.13713,0.52941,0.52718,-0.46431,0.47563,238.33839
0.25749,0.20781,0.13711,0.52943,0.52715,-0.46429,0.47566,238.43891
0.25749,0.20771,0.13710,0.52945,0.52713,-0.46428,0.47568,238.53942
0.25749,0.20761,0.13709,0.52946,0.52710,-0.46426,0.47570,238.63994
0.25749,0.20751,0.13708,0.52947,0.52708,-0.46425,0.47572,238.74046
0.25749,0.20741,0.13707,0.52950,0.52706,-0.46424,0.47574,238.84097
0.25749,0.20731,0.13706,0.52951,0.52703,-0.46422,0.47576,238.94149
0.25749,0.20721,0.13705,0.52952,0.52701,-0.46421,0.47579,239.04201
0.25749,0.20711,0.13703,0.52954,0.52698,-0.46420,0.47581,239.14252
0.25750,0.20701,0.13702,0.52955,0.52696,-0.46419,0.47583,239.24304
0.25750,0.20691,0.13701,0.52958,0.52694,-0.46417,0.47585,239.34356
0.25750,0.20681,0.13700,0.52960,0.52691,-0.46416,0.47587,239.44407
0.25750,0.20671,0.13699,0.52960,0.52689,-0.46414,0.47589,239.54459
0.25750,0.20661,0.13698,0.52963,0.52686,-0.46413,0.47592,239.64510
0.25750,0.20651,0.13696,0.52964,0.52685,-0.46412,0.47594,239.74562
0.25750,0.20641,0.13695,0.52965,0.52682,-0.46410,0.47595,239.84613
0.25750,0.20631,0.13694,0.52967,0.52680,-0.46409,0.47599,239.94665
0.25750,0.20621,0.13693,0.52969,0.52677,-0.46407,0.47600,240.04716
0.25750,0.20611,0.13692,0.52971,0.52674,-0.46406,0.47602,240.14768
0.25751,0.20601,0.13691,0.52972,0.52673,-0.46405,0.47605,240.24819
0.25751,0.20591,0.13690,0.52974,0.52669,-0.46403,0.47607,240.34871
0.25751,0.20581,0.13688,0.52975,0.52667,-0.46403,0.47609,240.44922
0.25751,0.20571,0.13687,0.52977,0.52665,-0.46401,0.47611,240.54974
0.25751,0.20561,0.13686,0.52978,0.52663,-0.46400,0.47613,240.65025
0.25751,0.20551,0.13685,0.52980,0.52660,-0.46398,0.47616,240.75076
0.25751,0.20541,0.13684,0.52981,0.52658,-0.46397,0.47618,240.85128
0.25751,0.20531,0.13683,0.52983,0.52655,-0.46396,0.47620,240.95179
0.25751,0.20521,0.13682,0.52984,0.52652,-0.46395,0.47623,241.05230
0.25751,0.20512,0.13680,0.52986,0.52650,-0.46393,0.47625,241.15282
0.25752,0.20502,0.13679,0.52987,0.52648,-0.46392,0.47627,241.25333
0.25752,0.20492,0.13678,0.52989,0.52645,-0.46390,0.47630,241.35384
0.25752,0.20482,0.13677,0.52990,0.52643,-0.46389,0.47632,241.45435
0.25752,0.20472,0.13676,0.52992,0.52640,-0.46388,0.47634,241.55487
0.25752,0.20462,0.13675,0.52993,0.52638,-0.46386,0.47637,241.65538
0.25752,0.20452,0.13673,0.52995,0.52635,-0.46386,0.47639,241.75589
0.25752,0.20442,0.13672,0.52996,0.52633,-0.46385,0.47641,241.85640
0.25752,0.20432,0.13671,0.52998,0.52630,-0.46383,0.47644,241.95691
0.25752,0.20422,0.13670,0.52999,0.52628,-0.46382,0.47646,242.05742
0.25752,0.20412,0.13669,0.53001,0.52625,-0.46381,0.47648,242.15793
0.25753,0.20402,0.13668,0.53002,0.52623,-0.46379,0.47651,242.25844
0.25753,0.20392,0.13667,0.53003,0.52620,-0.46379,0.47653,242.35895
0.25753,0.20382,0.13665,0.53005,0.52618,-0.46377,0.47655,242.45946
0.25753,0.20372,0.13664,0.53006,0.52615,-0.46376,0.47658,242.55997
0.25753,0.20362,0.13663,0.53008,0.52613,-0.46374,0.47660,242.66048
0.25753,0.20352,0.13662,0.53009,0.52610,-0.46374,0.47662,242.76099
0.25753,0.20342,0.13661,0.53011,0.52608,-0.46372,0.47664,242.86150
0.25753,0.20332,0.13660,0.53012,0.52605,-0.46371,0.47667,242.96201
0.25753,0.20322,0.13659,0.53013,0.52603,-0.46370,0.47670,243.06252
0.25753,0.20312,0.13657,0.53015,0.52600,-0.46369,0.47672,243.16303
0.25754,0.20302,0.13656,0.53017,0.52597,-0.46368,0.47674,243.26354
0.25754,0.20292,0.13655,0.53018,0.52595,-0.46366,0.47676,243.36404
0.25754,0.20282,0.13654,0.53020,0.52592,-0.46365,0.47679,243.46455
0.25754,0.20272,0.13653,0.53021,0.52590,-0.46364,0.47682,243.56506
0.25754,0.20262,0.13652,0.53023,0.52587,-0.46363,0.47684,243.66557
0.25754,0.20252,0.13650,0.53024,0.52585,-0.46362,0.47686,243.76607
0.25754,0.20242,0.13649,0.53025,0.52582,-0.46360,0.47688,243.86658
0.25754,0.20232,0.13647,0.53027,0.52579,-0.46360,0.47691,243.96709
0.25754,0.20222,0.13646,0.53028,0.52577,-0.46358,0.47693,244.06759
0.25754,0.20212,0.13645,0.53030,0.52574,-0.46357,0.47695,244.16810
0.25755,0.20202,0.13644,0.53031,0.52572,-0.46356,0.47698,244.26860
0.25755,0.20192,0.13643,0.53032,0.52569,-0.46355,0.47700,244.36911
0.25755,0.20182,0.13641,0.53033,0.52567,-0.46353,0.47703,244.46961
0.25755,0.20172,0.13640,0.53035,0.52564,-0.46353,0.47705,244.57012
0.25755,0.20162,0.13639,0.53037,0.52561,-0.46351,0.47708,244.67062
0.25755,0.20152,0.13638,0.53038,0.52559,-0.46350,0.47710,244.77113
0.25755,0.20142,0.13637,0.53039,0.52556,-0.46350,0.47713,244.87163
0.25755,0.20132,0.13636,0.53041,0.52553,-0.46348,0.47715,244.97214
0.25755,0.20122,0.13634,0.53042,0.52551,-0.46347,0.47717,245.07264
0.25755,0.20112,0.13633,0.53043,0.52548,-0.46346,0.47720,245.17314
0.25756,0.20102,0.13632,0.53044,0.52546,-0.46345,0.47722,245.27365
0.25756,0.20092,0.13631,0.53046,0.52543,-0.46344,0.47725,245.37415
0.25756,0.20082,0.13630,0.53047,0.52540,-0.46343,0.47728,245.47465
0.25756,0.20072,0.13629,0.53048,0.52538,-0.46342,0.47730,245.57515
0.25756,0.20062,0.13628,0.53050,0.52534,-0.46340,0.47733,245.67565
0.25756,0.20052,0.13626,0.53051,0.52532,-0.46340,0.47735,245.77616
0.25756,0.20042,0.13625,0.53052,0.52529,-0.46339,0.47738,245.87666
0.25756,0.20032,0.13624,0.53054,0.52526,-0.46338,0.47740,245.97716
0.25756,0.20022,0.13623,0.53055,0.52524,-0.46337,0.47743,246.07766
0.25756,0.20012,0.13622,0.53056,0.52522,-0.46336,0.47745,246.17816
0.25757,0.20002,0.13621,0.53057,0.52519,-0.46335,0.47748,246.27866
0.25757,0.19992,0.13620,0.53059,0.52516,-0.46334,0.47750,246.37916
0.25757,0.19982,0.13618,0.53060,0.52514,-0.46332,0.47753,246.47966
0.25757,0.19972,0.13617,0.53062,0.52511,-0.46331,0.47755,246.58016
0.25757,0.19962,0.13616,0.53063,0.52508,-0.46330,0.47758,246.68066
0.25757,0.19952,0.13615,0.53064,0.52505,-0.46329,0.47760,246.78116
0.25757,0.19942,0.13614,0.53065,0.52503,-0.46328,0.47763,246.88165
0.25757,0.19932,0.13613,0.53066,0.52500,-0.46327,0.47766,246.98215
0.25757,0.19923,0.13611,0.53068,0.52497,-0.46326,0.47768,247.08265
0.25757,0.19913,0.13610,0.53069,0.52494,-0.46325,0.47770,247.18315
0.25758,0.19903,0.13609,0.53070,0.52491,-0.46324,0.47773,247.28365
0.25758,0.19893,0.13608,0.53072,0.52489,-0.46323,0.47776,247.38414
0.25758,0.19883,0.13607,0.53072,0.52486,-0.46322,0.47778,247.48464
0.25758,0.19873,0.13606,0.53074,0.52484,-0.46321,0.47781,247.58513
0.25758,0.19863,0.13605,0.53076,0.52480,-0.46320,0.47783,247.68563
0.25758,0.19853,0.13603,0.53076,0.52477,-0.46320,0.47786,247.78613
0.25758,0.19843,0.13602,0.53077,0.52475,-0.46319,0.47788,247.88662
0.25758,0.19833,0.13601,0.53079,0.52472,-0.46318,0.47791,247.98712
0.25758,0.19823,0.13600,0.53080,0.52470,-0.46317,0.47793,248.08761
0.25758,0.19813,0.13599,0.53082,0.52466,-0.46316,0.47796,248.18811
0.25758,0.19803,0.13598,0.53083,0.52463,-0.46315,0.47799,248.28860
0.25759,0.19793,0.13597,0.53084,0.52461,-0.46314,0.47801,248.38909
0.25759,0.19783,0.13595,0.53085,0.52458,-0.46313,0.47804,248.48959
0.25759,0.19773,0.13594,0.53086,0.52455,-0.46312,0.47807,248.59008
0.25759,0.19763,0.13593,0.53088,0.52452,-0.46311,0.47809,248.69057
0.25759,0.19753,0.13592,0.53089,0.52450,-0.46310,0.47812,248.79106
0.25759,0.19743,0.13591,0.53090,0.52447,-0.46309,0.47815,248.89156
0.25759,0.19733,0.13590,0.53091,0.52444,-0.46308,0.47817,248.99205
0.25759,0.19723,0.13588,0.53092,0.52441,-0.46307,0.47820,249.09254
0.25759,0.19713,0.13587,0.53093,0.52438,-0.46306,0.47823,249.19303
0.25759,0.19703,0.13586,0.53094,0.52436,-0.46306,0.47826,249.29352
0.25760,0.19693,0.13586,0.53096,0.52433,-0.46305,0.47828,249.39401
0.25760,0.19683,0.13585,0.53097,0.52430,-0.46304,0.47831,249.49450
0.25760,0.19673,0.13584,0.53098,0.52427,-0.46303,0.47834,249.59499
0.25760,0.19663,0.13583,0.53099,0.52424,-0.46302,0.47836,249.69548
0.25760,0.19653,0.13581,0.53100,0.52421,-0.46301,0.47839,249.79597
0.25760,0.19643,0.13580,0.53101,0.52419,-0.46300,0.47842,249.89646
0.25760,0.19633,0.13579,0.53102,0.52416,-0.46299,0.47845,249.99694
0.25760,0.19623,0.13578,0.53104,0.52413,-0.46298,0.47847,250.09743
0.25760,0.19613,0.13577,0.53104,0.52410,-0.46298,0.47850,250.19792
0.25760,0.19603,0.13576,0.53105,0.52407,-0.46297,0.47853,250.29841
0.25761,0.19593,0.13574,0.53107,0.52404,-0.46296,0.47855,250.39889
0.25761,0.19583,0.13573,0.53108,0.52402,-0.46295,0.47858,250.49938
0.25761,0.19573,0.13572,0.53109,0.52399,-0.46294,0.47861,250.59987
0.25761,0.19563,0.13571,0.53110,0.52396,-0.46293,0.47864,250.70035
0.25761,0.19553,0.13570,0.53111,0.52393,-0.46293,0.47866,250.80084
0.25761,0.19543,0.13569,0.53113,0.52390,-0.46292,0.47869,250.90132
0.25761,0.19533,0.13568,0.53114,0.52387,-0.46291,0.47872,251.00181
0.25761,0.19523,0.13566,0.53115,0.52384,-0.46290,0.47875,251.10229
0.25761,0.19513,0.13565,0.53116,0.52381,-0.46289,0.47878,251.20277
0.25761,0.19503,0.13564,0.53117,0.52378,-0.46288,0.47880,251.30326
0.25762,0.19493,0.13563,0.53118,0.52376,-0.46288,0.47882,251.40374
0.25762,0.19483,0.13562,0.53119,0.52373,-0.46287,0.47885,251.50422
0.25762,0.19473,0.13561,0.53120,0.52370,-0.46286,0.47888,251.60470
0.25762,0.19463,0.13560,0.53121,0.52367,-0.46285,0.47891,251.70519
0.25762,0.19453,0.13558,0.53122,0.52364,-0.46285,0.47893,251.80567
0.25762,0.19443,0.13557,0.53123,0.52361,-0.46284,0.47896,251.90615
0.25762,0.19433,0.13556,0.53124,0.52358,-0.46283,0.47899,252.00663
0.25762,0.19423,0.13555,0.53125,0.52355,-0.46282,0.47903,252.10711
0.25762,0.19413,0.13554,0.53126,0.52352,-0.46281,0.47906,252.20759
0.25762,0.19403,0.13553,0.53127,0.52349,-0.46281,0.47908,252.30807
0.25763,0.19393,0.13551,0.53128,0.52346,-0.46280,0.47911,252.40855
0.25763,0.19383,0.13550,0.53129,0.52343,-0.46279,0.47914,252.50903
0.25763,0.19373,0.13549,0.53130,0.52340,-0.46278,0.47917,252.60950
0.25763,0.19363,0.13548,0.53131,0.52337,-0.46278,0.47919,252.70998
0.25763,0.19353,0.13547,0.53132,0.52335,-0.46277,0.47922,252.81046
0.25763,0.19343,0.13546,0.53133,0.52332,-0.46276,0.47925,252.91094
0.25763,0.19333,0.13545,0.53134,0.52329,-0.46275,0.47928,253.01141
0.25763,0.19323,0.13543,0.53135,0.52325,-0.46275,0.47931,253.11189
0.25763,0.19314,0.13542,0.53136,0.52323,-0.46274,0.47933,253.21236
0.25763,0.19304,0.13541,0.53137,0.52320,-0.46273,0.47936,253.31284
0.25764,0.19294,0.13540,0.53138,0.52317,-0.46273,0.47939,253.41331
0.25764,0.19284,0.13539,0.53139,0.52314,-0.46272,0.47942,253.51379
0.25764,0.19274,0.13538,0.53140,0.52311,-0.46271,0.47945,253.61426
0.25764,0.19264,0.13536,0.53141,0.52308,-0.46270,0.47948,253.71474
0.25764,0.19254,0.13535,0.53142,0.52304,-0.46270,0.47951,253.81521
0.25764,0.19244,0.13534,0.53143,0.52301,-0.46269,0.47954,253.91568
0.25764,0.19234,0.13533,0.53144,0.52298,-0.46268,0.47957,254.01616
0.25764,0.19224,0.13532,0.53144,0.52295,-0.46268,0.47960,254.11663
0.25764,0.19214,0.13531,0.53146,0.52293,-0.46267,0.47962,254.21710
0.25764,0.19204,0.13530,0.53147,0.52290,-0.46266,0.47965,254.31757
0.25765,0.19194,0.13528,0.53148,0.52287,-0.46266,0.47968,254.41804
0.25765,0.19184,0.13527,0.53149,0.52284,-0.46265,0.47971,254.51851
0.25765,0.19174,0.13526,0.53150,0.52280,-0.46264,0.47974,254.61898
0.25765,0.19164,0.13526,0.53151,0.52277,-0.46264,0.47977,254.71945
0.25765,0.19154,0.13525,0.53152,0.52274,-0.46263,0.47980,254.81992
0.25765,0.19144,0.13524,0.53153,0.52271,-0.46262,0.47983,254.92039
0.25765,0.19134,0.13523,0.53154,0.52267,-0.46262,0.47986,255.02086
0.25765,0.19124,0.13521,0.53154,0.52265,-0.46261,0.47989,255.12132
0.25765,0.19114,0.13520,0.53155,0.52261,-0.46261,0.47992,255.22179
0.25765,0.19104,0.13519,0.53156,0.52258,-0.46260,0.47995,255.32226
0.25766,0.19094,0.13518,0.53157,0.52255,-0.46259,0.47998,255.42272
0.25766,0.19084,0.13517,0.53158,0.52252,-0.46259,0.48000,255.52319
0.25766,0.19074,0.13516,0.53159,0.52249,-0.46258,0.48003,255.62366
0.25766,0.19064,0.13514,0.53160,0.52246,-0.46257,0.48006,255.72412
0.25766,0.19054,0.13513,0.53160,0.52243,-0.46257,0.48010,255.82459
0.25766,0.19044,0.13512,0.53161,0.52240,-0.46256,0.48013,255.92505
0.25766,0.19034,0.13511,0.53162,0.52236,-0.46256,0.48016,256.02551
0.25766,0.19024,0.13510,0.53163,0.52233,-0.46255,0.48019,256.12598
0.25766,0.19014,0.13509,0.53164,0.52230,-0.46254,0.48022,256.22644
0.25766,0.19004,0.13508,0.53165,0.52227,-0.46254,0.48024,256.32690
0.25766,0.18994,0.13506,0.53166,0.52225,-0.46253,0.48028,256.42736
0.25767,0.18984,0.13505,0.53166,0.52221,-0.46253,0.48030,256.52783
0.25767,0.18974,0.13504,0.53167,0.52218,-0.46252,0.48033,256.62829
0.25767,0.18964,0.13503,0.53168,0.52215,-0.46252,0.48036,256.72875
0.25767,0.18954,0.13502,0.53169,0.52212,-0.46251,0.48039,256.82921
0.25767,0.18944,0.13501,0.53170,0.52209,-0.46251,0.48043,256.92967
0.25767,0.18934,0.13500,0.53171,0.52205,-0.46250,0.48045,257.03013
0.25767,0.18924,0.13498,0.53172,0.52202,-0.46249,0.48049,257.13058
0.25767,0.18914,0.13497,0.53172,0.52199,-0.46249,0.48052,257.23104
0.25767,0.18904,0.13496,0.53173,0.52196,-0.46248,0.48055,257.33150
0.25767,0.18894,0.13495,0.53174,0.52193,-0.46248,0.48058,257.43196
0.25768,0.18884,0.13495,0.53175,0.52190,-0.46247,0.48061,257.53241
0.25768,0.18874,0.13494,0.53176,0.52186,-0.46247,0.48064,257.63287
0.25768,0.18864,0.13492,0.53177,0.52183,-0.46246,0.48067,257.73333
0.25768,0.18854,0.13491,0.53177,0.52180,-0.46246,0.48070,257.83378
0.25768,0.18844,0.13490,0.53178,0.52177,-0.46245,0.48073,257.93424
0.25768,0.18834,0.13489,0.53179,0.52174,-0.46245,0.48076,258.03469
0.25768,0.18824,0.13488,0.53179,0.52170,-0.46245,0.48079,258.13514
0.25768,0.18814,0.13487,0.53180,0.52167,-0.46244,0.48083,258.23560
0.25768,0.18804,0.13486,0.53181,0.52164,-0.46243,0.48086,258.33605
0.25768,0.18794,0.13484,0.53182,0.52161,-0.46243,0.48089,258.43650
0.25769,0.18784,0.13483,0.53182,0.52158,-0.46242,0.48092,258.53695
0.25769,0.18774,0.13482,0.53183,0.52154,-0.46242,0.48095,258.63741
0.25769,0.18764,0.13481,0.53184,0.52151,-0.46242,0.48098,258.73786
0.25769,0.18754,0.13480,0.53185,0.52148,-0.46241,0.48101,258.83831
0.25769,0.18744,0.13479,0.53185,0.52145,-0.46240,0.48105,258.93876
0.25769,0.18734,0.13477,0.53186,0.52142,-0.46240,0.48108,259.03921
0.25769,0.18724,0.13476,0.53187,0.52138,-0.46239,0.48111,259.13965
0.25769,0.18714,0.13475,0.53187,0.52135,-0.46240,0.48114,259.24010
0.25769,0.18705,0.13474,0.53188,0.52132,-0.46239,0.48117,259.34055
0.25769,0.18695,0.13473,0.53189,0.52129,-0.46238,0.48120,259.44100
0.25770,0.18685,0.13473,0.53189,0.52125,-0.46238,0.48124,259.54145
0.25770,0.18675,0.13472,0.53190,0.52122,-0.46237,0.48127,259.64189
0.25770,0.18665,0.13470,0.53191,0.52119,-0.46237,0.48129,259.74234
0.25770,0.18655,0.13469,0.53192,0.52116,-0.46237,0.48133,259.84278
0.25770,0.18645,0.13468,0.53193,0.52112,-0.46237,0.48136,259.94323
0.25770,0.18635,0.13467,0.53194,0.52109,-0.46236,0.48139,260.04367
0.25770,0.18625,0.13466,0.53194,0.52106,-0.46235,0.48143,260.14412
0.25770,0.18615,0.13465,0.53194,0.52103,-0.46235,0.48145,260.24456
0.25770,0.18605,0.13464,0.53196,0.52099,-0.46235,0.48149,260.34500
0.25770,0.18595,0.13462,0.53196,0.52096,-0.46235,0.48152,260.44544
0.25771,0.18585,0.13461,0.53197,0.52093,-0.46233,0.48155,260.54589
0.25771,0.18575,0.13460,0.53197,0.52089,-0.46234,0.48159,260.64633
0.25771,0.18565,0.13459,0.53198,0.52086,-0.46234,0.48161,260.74677
0.25771,0.18555,0.13458,0.53199,0.52083,-0.46233,0.48164,260.84721
0.25771,0.18545,0.13457,0.53199,0.52080,-0.46232,0.48168,260.94765
0.25771,0.18535,0.13455,0.53200,0.52076,-0.46232,0.48172,261.04809
0.25771,0.18525,0.13454,0.53201,0.52073,-0.46231,0.48174,261.14853
0.25771,0.18515,0.13454,0.53201,0.52070,-0.46232,0.48177,261.24896
0.25771,0.18505,0.13453,0.53202,0.52066,-0.46231,0.48181,261.34940
0.25771,0.18495,0.13452,0.53202,0.52063,-0.46231,0.48184,261.44984
0.25772,0.18485,0.13451,0.53203,0.52059,-0.46230,0.48187,261.55028
0.25772,0.18475,0.13450,0.53204,0.52056,-0.46230,0.48190,261.65071
0.25772,0.18465,0.13448,0.53204,0.52053,-0.46230,0.48194,261.75115
0.25772,0.18455,0.13447,0.53205,0.52049,-0.46229,0.48197,261.85158
0.25772,0.18445,0.13446,0.53206,0.52046,-0.46229,0.48200,261.95202
0.25772,0.18435,0.13445,0.53206,0.52042,-0.46228,0.48204,262.05245
0.25772,0.18425,0.13444,0.53206,0.52039,-0.46229,0.48207,262.15288
0.25772,0.18415,0.13443,0.53208,0.52036,-0.46228,0.48210,262.25332
0.25772,0.18405,0.13442,0.53208,0.52033,-0.46228,0.48213,262.35375
0.25772,0.18395,0.13440,0.53208,0.52029,-0.46227,0.48217,262.45418
0.25773,0.18385,0.13439,0.53210,0.52025,-0.46227,0.48220,262.55461
0.25773,0.18375,0.13438,0.53210,0.52023,-0.46227,0.48223,262.65504
0.25773,0.18365,0.13438,0.53210,0.52018,-0.46227,0.48227,262.75547
0.25773,0.18355,0.13437,0.53211,0.52016,-0.46226,0.48230,262.85590
0.25773,0.18345,0.13436,0.53212,0.52012,-0.46226,0.48233,262.95633
0.25773,0.18335,0.13434,0.53212,0.52008,-0.46226,0.48237,263.05676
0.25773,0.18325,0.13433,0.53213,0.52005,-0.46226,0.48240,263.15719
0.25773,0.18315,0.13432,0.53213,0.52002,-0.46225,0.48243,263.25761
0.25773,0.18305,0.13431,0.53214,0.51998,-0.46225,0.48247,263.35804
0.25773,0.18295,0.13430,0.53214,0.51995,-0.46225,0.48250,263.45847
0.25773,0.18285,0.13429,0.53215,0.51992,-0.46224,0.48253,263.55889
0.25774,0.18275,0.13428,0.53215,0.51988,-0.46224,0.48257,263.65932
0.25774,0.18265,0.13426,0.53216,0.51984,-0.46224,0.48260,263.75974
0.25774,0.18255,0.13425,0.53216,0.51981,-0.46224,0.48264,263.86017
0.25774,0.18245,0.13424,0.53217,0.51978,-0.46223,0.48267,263.96059
0.25774,0.18235,0.13424,0.53217,0.51974,-0.46223,0.48270,264.06101
0.25774,0.18225,0.13423,0.53218,0.51971,-0.46223,0.48274,264.16143
0.25774,0.18215,0.13422,0.53218,0.51967,-0.46223,0.48277,264.26186
0.25774,0.18205,0.13420,0.53219,0.51964,-0.46222,0.48281,264.36228
0.25774,0.18195,0.13419,0.53219,0.51960,-0.46222,0.48284,264.46270
0.25774,0.18185,0.13418,0.53220,0.51957,-0.46222,0.48287,264.56312
0.25775,0.18175,0.13417,0.53220,0.51954,-0.46222,0.48290,264.66354
0.25775,0.18165,0.13416,0.53221,0.51950,-0.46221,0.48294,264.76396
0.25775,0.18155,0.13415,0.53221,0.51947,-0.46221,0.48298,264.86437
0.25775,0.18145,0.13414,0.53222,0.51943,-0.46221,0.48301,264.96479
0.25775,0.18135,0.13412,0.53222,0.51940,-0.46221,0.48304,265.06521
0.25775,0.18125,0.13411,0.53223,0.51936,-0.46221,0.48308,265.16563
0.25775,0.18115,0.13411,0.53224,0.51933,-0.46220,0.48311,265.26604
0.25775,0.18105,0.13410,0.53224,0.51929,-0.46220,0.48315,265.36646
0.25775,0.18095,0.13409,0.53224,0.51926,-0.46220,0.48318,265.46687
0.25775,0.18085,0.13408,0.53225,0.51922,-0.46220,0.48321,265.56729
0.25776,0.18075,0.13407,0.53225,0.51919,-0.46220,0.48324,265.66770
0.25776,0.18066,0.13405,0.53226,0.51915,-0.46219,0.48329,265.76811
0.25776,0.18056,0.13404,0.53226,0.51912,-0.46219,0.48332,265.86853
0.25776,0.18046,0.13403,0.53226,0.51908,-0.46219,0.48336,265.96894
0.25776,0.18036,0.13402,0.53227,0.51905,-0.46219,0.48338,266.06935
0.25776,0.18026,0.13401,0.53227,0.51901,-0.46219,0.48342,266.16976
0.25776,0.18016,0.13400,0.53228,0.51898,-0.46219,0.48345,266.27017
0.25776,0.18006,0.13399,0.53228,0.51894,-0.46218,0.48349,266.37058
0.25776,0.17996,0.13398,0.53228,0.51891,-0.46218,0.48352,266.47099
0.25776,0.17986,0.13397,0.53229,0.51887,-0.46218,0.48355,266.57140
0.25777,0.17976,0.13396,0.53229,0.51884,-0.46218,0.48359,266.67180
0.25777,0.17966,0.13395,0.53230,0.51880,-0.46218,0.48363,266.77221
0.25777,0.17956,0.13394,0.53230,0.51877,-0.46218,0.48366,266.87262
0.25777,0.17946,0.13393,0.53230,0.51873,-0.46218,0.48369,266.97302
0.25777,0.17936,0.13391,0.53231,0.51869,-0.46218,0.48373,267.07343
0.25777,0.17926,0.13390,0.53231,0.51866,-0.46217,0.48377,267.17383
0.25777,0.17916,0.13389,0.53232,0.51862,-0.46217,0.48380,267.27424
0.25777,0.17906,0.13388,0.53232,0.51859,-0.46217,0.48384,267.37464
0.25777,0.17896,0.13388,0.53233,0.51855,-0.46217,0.48387,267.47505
0.25777,0.17886,0.13387,0.53232,0.51852,-0.46217,0.48391,267.57545
0.25778,0.17876,0.13385,0.53234,0.51848,-0.46217,0.48394,267.67585
0.25778,0.17866,0.13384,0.53233,0.51844,-0.46217,0.48398,267.77625
0.25778,0.17856,0.13383,0.53234,0.51841,-0.46217,0.48401,267.87665
0.25778,0.17846,0.13382,0.53234,0.51837,-0.46217,0.48405,267.97705
0.25778,0.17836,0.13381,0.53235,0.51834,-0.46216,0.48408,268.07745
0.25778,0.17826,0.13380,0.53235,0.51830,-0.46216,0.48412,268.17785
0.25778,0.17816,0.13379,0.53235,0.51827,-0.46216,0.48416,268.27825
0.25778,0.17806,0.13378,0.53236,0.51823,-0.46216,0.48419,268.37865
0.25778,0.17796,0.13377,0.53236,0.51819,-0.46216,0.48423,268.47904
0.25778,0.17786,0.13376,0.53236,0.51816,-0.46216,0.48426,268.57944
0.25779,0.17776,0.13375,0.53237,0.51812,-0.46216,0.48430,268.67984
0.25779,0.17766,0.13374,0.53237,0.51808,-0.46216,0.48434,268.78023
0.25779,0.17756,0.13373,0.53237,0.51805,-0.46216,0.48437,268.88062
0.25779,0.17746,0.13372,0.53237,0.51801,-0.46216,0.48441,268.98102
0.25779,0.17736,0.13370,0.53238,0.51797,-0.46216,0.48444,269.08141
0.25779,0.17726,0.13369,0.53238,0.51793,-0.46216,0.48448,269.18180
0.25779,0.17716,0.13369,0.53238,0.51790,-0.46216,0.48452,269.28220
0.25779,0.17706,0.13368,0.53238,0.51787,-0.46216,0.48455,269.38259
0.25779,0.17696,0.13367,0.53239,0.51782,-0.46216,0.48459,269.48298
0.25779,0.17686,0.13366,0.53239,0.51779,-0.46216,0.48462,269.58337
0.25779,0.17676,0.13364,0.53239,0.51775,-0.46216,0.48466,269.68376
0.25780,0.17666,0.13363,0.53240,0.51771,-0.46216,0.48470,269.78415
0.25780,0.17656,0.13362,0.53240,0.51768,-0.46216,0.48473,269.88454
0.25780,0.17646,0.13361,0.53240,0.51764,-0.46216,0.48477,269.98492
0.25780,0.17636,0.13360,0.53241,0.51760,-0.46216,0.48481,270.08531
0.25780,0.17626,0.13360,0.53241,0.51757,-0.46216,0.48484,270.18570
0.25780,0.17616,0.13359,0.53241,0.51753,-0.46216,0.48488,270.28608
0.25780,0.17606,0.13357,0.53242,0.51749,-0.46216,0.48491,270.38647
0.25780,0.17596,0.13356,0.53242,0.51746,-0.46216,0.48494,270.48685
0.25780,0.17586,0.13355,0.53242,0.51742,-0.46216,0.48499,270.58724
0.25780,0.17576,0.13354,0.53242,0.51738,-0.46216,0.48503,270.68762
0.25781,0.17566,0.13353,0.53242,0.51735,-0.46217,0.48506,270.78800
0.25781,0.17556,0.13352,0.53243,0.51731,-0.46216,0.48509,270.88838
0.25781,0.17546,0.13352,0.53243,0.51727,-0.46216,0.48513,270.98877
0.25781,0.17536,0.13350,0.53243,0.51723,-0.46217,0.48517,271.08915
0.25781,0.17526,0.13349,0.53243,0.51720,-0.46216,0.48520,271.18953
0.25781,0.17516,0.13348,0.53243,0.51716,-0.46216,0.48525,271.28991
0.25781,0.17506,0.13347,0.53243,0.51712,-0.46217,0.48529,271.39029
0.25781,0.17496,0.13346,0.53244,0.51709,-0.46216,0.48531,271.49066
0.25781,0.17486,0.13345,0.53244,0.51705,-0.46216,0.48535,271.59104
0.25781,0.17476,0.13343,0.53244,0.51701,-0.46216,0.48539,271.69142
0.25782,0.17466,0.13343,0.53245,0.51697,-0.46217,0.48543,271.79179
0.25782,0.17456,0.13342,0.53244,0.51694,-0.46217,0.48546,271.89217
0.25782,0.17446,0.13341,0.53245,0.51690,-0.46217,0.48550,271.99254
0.25782,0.17436,0.13340,0.53245,0.51686,-0.46216,0.48554,272.09292
0.25782,0.17426,0.13339,0.53246,0.51682,-0.46217,0.48558,272.19329
0.25782,0.17416,0.13338,0.53246,0.51679,-0.46217,0.48561,272.29367
0.25782,0.17407,0.13336,0.53246,0.51675,-0.46217,0.48565,272.39404
0.25782,0.17397,0.13336,0.53246,0.51671,-0.46218,0.48569,272.49441
0.25782,0.17387,0.13335,0.53246,0.51667,-0.46218,0.48572,272.59478
0.25782,0.17377,0.13334,0.53246,0.51664,-0.46218,0.48576,272.69515
0.25783,0.17367,0.13333,0.53246,0.51660,-0.46218,0.48580,272.79552
0.25783,0.17357,0.13332,0.53246,0.51656,-0.46218,0.48584,272.89589
0.25783,0.17347,0.13330,0.53247,0.51652,-0.46218,0.48587,272.99626
0.25783,0.17337,0.13329,0.53247,0.51649,-0.46218,0.48591,273.09663
0.25783,0.17327,0.13329,0.53247,0.51645,-0.46218,0.48595,273.19699
0.25783,0.17317,0.13328,0.53247,0.51641,-0.46218,0.48599,273.29736
0.25783,0.17307,0.13327,0.53247,0.51637,-0.46219,0.48603,273.39773
0.25783,0.17297,0.13326,0.53247,0.51633,-0.46219,0.48606,273.49809
0.25783,0.17287,0.13325,0.53247,0.51630,-0.46219,0.48610,273.59846
0.25783,0.17277,0.13323,0.53247,0.51626,-0.46219,0.48614,273.69882
0.25783,0.17267,0.13322,0.53247,0.51622,-0.46219,0.48618,273.79918
0.25784,0.17257,0.13322,0.53247,0.51618,-0.46219,0.48622,273.89955
0.25784,0.17247,0.13321,0.53248,0.51614,-0.46219,0.48625,273.99991
0.25784,0.17237,0.13320,0.53248,0.51611,-0.46219,0.48629,274.10027
0.25784,0.17227,0.13319,0.53247,0.51607,-0.46220,0.48633,274.20063
0.25784,0.17217,0.13318,0.53248,0.51603,-0.46220,0.48637,274.30099
0.25784,0.17207,0.13316,0.53248,0.51599,-0.46220,0.48641,274.40135
0.25784,0.17197,0.13315,0.53249,0.51595,-0.46220,0.48645,274.50171
0.25784,0.17187,0.13315,0.53249,0.51591,-0.46220,0.48648,274.60207
0.25784,0.17177,0.13314,0.53249,0.51588,-0.46220,0.48652,274.70242
0.25784,0.17167,0.13313,0.53249,0.51584,-0.46221,0.48656,274.80278
0.25785,0.17157,0.13312,0.53249,0.51580,-0.46221,0.48660,274.90314
0.25785,0.17147,0.13310,0.53249,0.51576,-0.46221,0.48664,275.00349
0.25785,0.17137,0.13309,0.53249,0.51572,-0.46221,0.48668,275.10385
0.25785,0.17127,0.13309,0.53249,0.51568,-0.46221,0.48672,275.20420
0.25785,0.17117,0.13308,0.53249,0.51564,-0.46222,0.48675,275.30455
0.25785,0.17107,0.13307,0.53249,0.51560,-0.46222,0.48679,275.40491
0.25785,0.17097,0.13306,0.53249,0.51557,-0.46222,0.48683,275.50526
0.25785,0.17087,0.13305,0.53249,0.51553,-0.46222,0.48687,275.60561
0.25785,0.17077,0.13303,0.53249,0.51549,-0.46222,0.48691,275.70596
0.25785,0.17067,0.13302,0.53249,0.51544,-0.46223,0.48695,275.80631
0.25786,0.17057,0.13302,0.53249,0.51540,-0.46223,0.48699,275.90666
0.25786,0.17047,0.13301,0.53249,0.51536,-0.46223,0.48703,276.00701
0.25786,0.17037,0.13300,0.53249,0.51533,-0.46223,0.48707,276.10736
0.25786,0.17027,0.13299,0.53250,0.51529,-0.46223,0.48710,276.20770
0.25786,0.17017,0.13298,0.53249,0.51526,-0.46224,0.48714,276.30805
0.25786,0.17007,0.13296,0.53249,0.51522,-0.46224,0.48718,276.40840
0.25786,0.16997,0.13296,0.53249,0.51518,-0.46224,0.48722,276.50874
0.25786,0.16987,0.13295,0.53249,0.51514,-0.46224,0.48726,276.60908
0.25786,0.16977,0.13294,0.53249,0.51509,-0.46225,0.48730,276.70943
0.25786,0.16967,0.13293,0.53249,0.51506,-0.46225,0.48734,276.80977
0.25787,0.16957,0.13292,0.53249,0.51502,-0.46225,0.48738,276.91011
0.25787,0.16947,0.13291,0.53249,0.51498,-0.46225,0.48742,277.01046
0.25787,0.16937,0.13290,0.53249,0.51493,-0.46226,0.48746,277.11080
0.25787,0.16927,0.13289,0.53249,0.51489,-0.46226,0.48750,277.21114
0.25787,0.16917,0.13288,0.53249,0.51485,-0.46226,0.48754,277.31148
0.25787,0.16907,0.13287,0.53249,0.51481,-0.46226,0.48758,277.41182
0.25787,0.16897,0.13286,0.53249,0.51478,-0.46227,0.48761,277.51216
0.25787,0.16887,0.13286,0.53249,0.51474,-0.46227,0.48765,277.61249
0.25787,0.16877,0.13284,0.53249,0.51470,-0.46227,0.48769,277.71283
0.25787,0.16867,0.13283,0.53248,0.51466,-0.46228,0.48773,277.81317
0.25787,0.16857,0.13282,0.53248,0.51462,-0.46228,0.48777,277.91350
0.25788,0.16847,0.13281,0.53248,0.51458,-0.46228,0.48781,278.01384
0.25788,0.16837,0.13280,0.53248,0.51454,-0.46228,0.48785,278.11417
0.25788,0.16827,0.13280,0.53248,0.51450,-0.46229,0.48789,278.21451
0.25788,0.16817,0.13278,0.53248,0.51446,-0.46229,0.48793,278.31484
0.25788,0.16807,0.13277,0.53248,0.51442,-0.46229,0.48797,278.41517
0.25788,0.16797,0.13276,0.53248,0.51438,-0.46230,0.48801,278.51550
0.25788,0.16787,0.13275,0.53248,0.51434,-0.46230,0.48805,278.61583
0.25788,0.16777,0.13275,0.53248,0.51430,-0.46230,0.48809,278.71616
0.25788,0.16767,0.13274,0.53248,0.51426,-0.46231,0.48813,278.81649
0.25788,0.16757,0.13273,0.53248,0.51422,-0.46231,0.48817,278.91682
0.25789,0.16747,0.13271,0.53248,0.51418,-0.46231,0.48821,279.01715
0.25789,0.16737,0.13270,0.53248,0.51414,-0.46232,0.48825,279.11748
0.25789,0.16727,0.13270,0.53248,0.51410,-0.46232,0.48829,279.21780
0.25789,0.16717,0.13269,0.53247,0.51406,-0.46233,0.48833,279.31813
0.25789,0.16707,0.13268,0.53247,0.51402,-0.46233,0.48837,279.41845
0.25789,0.16698,0.13267,0.53247,0.51398,-0.46233,0.48841,279.51878
0.25789,0.16688,0.13266,0.53247,0.51394,-0.46233,0.48845,279.61910
0.25789,0.16678,0.13264,0.53247,0.51390,-0.46234,0.48849,279.71943
0.25789,0.16668,0.13264,0.53247,0.51386,-0.46234,0.48853,279.81975
0.25789,0.16658,0.13263,0.53246,0.51382,-0.46235,0.48857,279.92007
0.25790,0.16648,0.13262,0.53246,0.51378,-0.46236,0.48861,280.02039
0.25790,0.16638,0.13261,0.53246,0.51374,-0.46236,0.48865,280.12071
0.25790,0.16628,0.13260,0.53247,0.51370,-0.46236,0.48869,280.22103
0.25790,0.16618,0.13259,0.53246,0.51366,-0.46236,0.48873,280.32135
0.25790,0.16608,0.13258,0.53246,0.51362,-0.46237,0.48877,280.42167
0.25790,0.16598,0.13257,0.53246,0.51358,-0.46238,0.48881,280.52199
0.25790,0.16588,0.13256,0.53245,0.51354,-0.46237,0.48886,280.62230
0.25790,0.16578,0.13255,0.53246,0.51349,-0.46238,0.48890,280.72262
0.25790,0.16568,0.13255,0.53246,0.51345,-0.46239,0.48894,280.82294
0.25790,0.16558,0.13254,0.53245,0.51341,-0.46239,0.48898,280.92325
0.25791,0.16548,0.13252,0.53245,0.51337,-0.46240,0.48902,281.02357
0.25791,0.16538,0.13251,0.53245,0.51333,-0.46240,0.48906,281.12388
0.25791,0.16528,0.13251,0.53245,0.51329,-0.46240,0.48910,281.22419
0.25791,0.16518,0.13250,0.53244,0.51325,-0.46241,0.48914,281.32450
0.25791,0.16508,0.13249,0.53244,0.51321,-0.46241,0.48918,281.42482
0.25791,0.16498,0.13248,0.53244,0.51317,-0.46241,0.48923,281.52513
0.25791,0.16488,0.13246,0.53244,0.51313,-0.46242,0.48927,281.62544
0.25791,0.16478,0.13246,0.53243,0.51309,-0.46242,0.48931,281.72575
0.25791,0.16468,0.13245,0.53243,0.51305,-0.46243,0.48935,281.82605
0.25791,0.16458,0.13244,0.53243,0.51301,-0.46243,0.48939,281.92636
0.25791,0.16448,0.13243,0.53243,0.51296,-0.46244,0.48943,282.02667
0.25792,0.16438,0.13242,0.53243,0.51292,-0.46244,0.48947,282.12698
0.25792,0.16428,0.13242,0.53242,0.51288,-0.46245,0.48952,282.22728
0.25792,0.16418,0.13240,0.53242,0.51284,-0.46245,0.48956,282.32759
0.25792,0.16408,0.13239,0.53243,0.51280,-0.46245,0.48960,282.42789
0.25792,0.16398,0.13238,0.53242,0.51276,-0.46246,0.48964,282.52819
0.25792,0.16388,0.13238,0.53242,0.51272,-0.46246,0.48968,282.62850
0.25792,0.16378,0.13237,0.53242,0.51267,-0.46247,0.48972,282.72880
0.25792,0.16368,0.13236,0.53241,0.51263,-0.46247,0.48976,282.82910
0.25792,0.16358,0.13235,0.53241,0.51259,-0.46248,0.48981,282.92940
0.25792,0.16348,0.13233,0.53241,0.51255,-0.46248,0.48985,283.02970
0.25793,0.16338,0.13233,0.53240,0.51251,-0.46249,0.48989,283.13000
0.25793,0.16328,0.13232,0.53240,0.51247,-0.46249,0.48993,283.23030
0.25793,0.16318,0.13231,0.53240,0.51242,-0.46250,0.48997,283.33060
0.25793,0.16308,0.13230,0.53239,0.51238,-0.46250,0.49002,283.43090
0.25793,0.16298,0.13230,0.53239,0.51233,-0.46251,0.49006,283.53119
0.25793,0.16288,0.13228,0.53239,0.51230,-0.46251,0.49010,283.63149
0.25793,0.16278,0.13227,0.53238,0.51226,-0.46252,0.49014,283.73178
0.25793,0.16268,0.13226,0.53238,0.51222,-0.46252,0.49018,283.83208
0.25793,0.16258,0.13225,0.53238,0.51217,-0.46252,0.49023,283.93237
0.25793,0.16248,0.13225,0.53237,0.51213,-0.46253,0.49027,284.03266
0.25794,0.16238,0.13224,0.53238,0.51209,-0.46253,0.49031,284.13296
0.25794,0.16228,0.13223,0.53238,0.51204,-0.46254,0.49035,284.23325
0.25794,0.16218,0.13221,0.53237,0.51200,-0.46255,0.49040,284.33354
0.25794,0.16208,0.13221,0.53237,0.51196,-0.46255,0.49044,284.43383
0.25794,0.16198,0.13220,0.53236,0.51192,-0.46256,0.49047,284.53412
0.25794,0.16188,0.13219,0.53236,0.51188,-0.46256,0.49052,284.63441
0.25794,0.16178,0.13218,0.53236,0.51183,-0.46257,0.49056,284.73470
0.25794,0.16168,0.13218,0.53236,0.51179,-0.46257,0.49060,284.83498
0.25794,0.16158,0.13217,0.53235,0.51175,-0.46258,0.49065,284.93527
0.25794,0.16148,0.13215,0.53235,0.51171,-0.46258,0.49069,285.03556
0.25795,0.16138,0.13214,0.53234,0.51167,-0.46259,0.49073,285.13584
0.25795,0.16128,0.13214,0.53234,0.51162,-0.46259,0.49078,285.23613
0.25795,0.16118,0.13213,0.53234,0.51158,-0.46260,0.49081,285.33641
0.25795,0.16108,0.13212,0.53233,0.51154,-0.46260,0.49086,285.43669
0.25795,0.16098,0.13211,0.53233,0.51150,-0.46261,0.49090,285.53697
0.25795,0.16088,0.13210,0.53233,0.51145,-0.46262,0.49095,285.63726
0.25795,0.16078,0.13209,0.53232,0.51141,-0.46262,0.49099,285.73754
0.25795,0.16068,0.13208,0.53232,0.51137,-0.46263,0.49102,285.83782
0.25795,0.16058,0.13207,0.53231,0.51133,-0.46263,0.49107,285.93810
0.25795,0.16048,0.13207,0.53231,0.51129,-0.46264,0.49111,286.03838
0.25795,0.16038,0.13206,0.53231,0.51124,-0.46265,0.49116,286.13865
0.25796,0.16028,0.13205,0.53230,0.51120,-0.46265,0.49120,286.23893
0.25796,0.16018,0.13203,0.53230,0.51116,-0.46266,0.49125,286.33921
0.25796,0.16008,0.13203,0.53230,0.51112,-0.46266,0.49128,286.43948
0.25796,0.15998,0.13202,0.53230,0.51107,-0.46266,0.49133,286.53976
0.25796,0.15988,0.13201,0.53229,0.51103,-0.46268,0.49137,286.64003
0.25796,0.15978,0.13200,0.53229,0.51099,-0.46268,0.49141,286.74031
0.25796,0.15968,0.13200,0.53228,0.51095,-0.46268,0.49146,286.84058
0.25796,0.15958,0.13198,0.53228,0.51090,-0.46269,0.49150,286.94085
0.25796,0.15949,0.13197,0.53227,0.51086,-0.46270,0.49155,287.04112
0.25796,0.15939,0.13196,0.53227,0.51082,-0.46270,0.49159,287.14140
0.25797,0.15929,0.13196,0.53226,0.51077,-0.46272,0.49163,287.24167
0.25797,0.15919,0.13195,0.53226,0.51073,-0.46272,0.49167,287.34194
0.25797,0.15909,0.13194,0.53225,0.51069,-0.46273,0.49172,287.44220
0.25797,0.15899,0.13193,0.53225,0.51065,-0.46273,0.49176,287.54247
0.25797,0.15889,0.13192,0.53225,0.51060,-0.46274,0.49180,287.64274
0.25797,0.15879,0.13191,0.53224,0.51056,-0.46274,0.49185,287.74301
0.25797,0.15869,0.13190,0.53224,0.51052,-0.46275,0.49189,287.84327
0.25797,0.15859,0.13190,0.53224,0.51047,-0.46276,0.49193,287.94354
0.25797,0.15849,0.13189,0.53223,0.51043,-0.46276,0.49198,288.04380
0.25797,0.15839,0.13188,0.53223,0.51039,-0.46277,0.49202,288.14407
0.25798,0.15829,0.13187,0.53223,0.51034,-0.46278,0.49206,288.24433
0.25798,0.15819,0.13186,0.53222,0.51030,-0.46278,0.49211,288.34459
0.25798,0.15809,0.13185,0.53222,0.51026,-0.46279,0.49215,288.44485
0.25798,0.15799,0.13184,0.53221,0.51021,-0.46279,0.49220,288.54511
0.25798,0.15789,0.13184,0.53220,0.51017,-0.46280,0.49224,288.64537
0.25798,0.15779,0.13183,0.53220,0.51013,-0.46281,0.49228,288.74563
0.25798,0.15769,0.13182,0.53219,0.51009,-0.46282,0.49233,288.84589
0.25798,0.15759,0.13180,0.53219,0.51004,-0.46282,0.49237,288.94615
0.25798,0.15749,0.13180,0.53218,0.51000,-0.46283,0.49242,289.04641
0.25798,0.15739,0.13179,0.53218,0.50995,-0.46284,0.49246,289.14666
0.25798,0.15729,0.13178,0.53218,0.50991,-0.46284,0.49250,289.24692
0.25799,0.15719,0.13177,0.53217,0.50986,-0.46285,0.49255,289.34718
0.25799,0.15709,0.13177,0.53216,0.50982,-0.46286,0.49259,289.44743
0.25799,0.15699,0.13176,0.53216,0.50977,-0.46286,0.49264,289.54768
0.25799,0.15689,0.13174,0.53215,0.50974,-0.46287,0.49268,289.64794
0.25799,0.15679,0.13174,0.53215,0.50968,-0.46288,0.49273,289.74819
0.25799,0.15669,0.13173,0.53215,0.50965,-0.46288,0.49277,289.84844
0.25799,0.15659,0.13172,0.53214,0.50961,-0.46289,0.49281,289.94869
0.25799,0.15649,0.13171,0.53214,0.50955,-0.46290,0.49286,290.04894
0.25799,0.15639,0.13171,0.53213,0.50952,-0.46290,0.49290,290.14919
0.25799,0.15629,0.13169,0.53213,0.50947,-0.46291,0.49295,290.24944
0.25800,0.15619,0.13168,0.53212,0.50943,-0.46292,0.49299,290.34969
0.25800,0.15609,0.13168,0.53212,0.50938,-0.46292,0.49304,290.44994
0.25800,0.15599,0.13167,0.53211,0.50934,-0.46293,0.49308,290.55018
0.25800,0.15589,0.13166,0.53210,0.50929,-0.46294,0.49313,290.65043
0.25800,0.15579,0.13166,0.53210,0.50925,-0.46295,0.49317,290.75067
0.25800,0.15569,0.13165,0.53209,0.50921,-0.46295,0.49321,290.85092
0.25800,0.15559,0.13163,0.53209,0.50916,-0.46296,0.49326,290.95116
0.25800,0.15549,0.13162,0.53208,0.50912,-0.46297,0.49330,291.05141
0.25800,0.15539,0.13162,0.53208,0.50907,-0.46297,0.49335,291.15165
0.25800,0.15529,0.13161,0.53207,0.50903,-0.46298,0.49339,291.25189
0.25800,0.15519,0.13160,0.53206,0.50898,-0.46299,0.49344,291.35213
0.25801,0.15509,0.13160,0.53206,0.50894,-0.46300,0.49348,291.45237
0.25801,0.15499,0.13159,0.53205,0.50890,-0.46300,0.49353,291.55261
0.25801,0.15489,0.13157,0.53205,0.50885,-0.46301,0.49357,291.65285
0.25801,0.15479,0.13157,0.53204,0.50881,-0.46302,0.49361,291.75309
0.25801,0.15469,0.13156,0.53204,0.50876,-0.46303,0.49366,291.85332
0.25801,0.15459,0.13155,0.53203,0.50872,-0.46303,0.49371,291.95356
0.25801,0.15449,0.13155,0.53203,0.50867,-0.46304,0.49375,292.05380
0.25801,0.15439,0.13154,0.53202,0.50863,-0.46305,0.49380,292.15403
0.25801,0.15429,0.13152,0.53201,0.50859,-0.46306,0.49384,292.25427
0.25801,0.15419,0.13152,0.53201,0.50854,-0.46306,0.49389,292.35450
0.25802,0.15409,0.13151,0.53200,0.50850,-0.46307,0.49393,292.45473
0.25802,0.15399,0.13150,0.53199,0.50845,-0.46308,0.49398,292.55497
0.25802,0.15389,0.13149,0.53199,0.50841,-0.46309,0.49402,292.65520
0.25802,0.15379,0.13149,0.53198,0.50836,-0.46310,0.49407,292.75543
0.25802,0.15369,0.13148,0.53197,0.50832,-0.46310,0.49412,292.85566
0.25802,0.15359,0.13146,0.53197,0.50827,-0.46311,0.49416,292.95589
0.25802,0.15349,0.13146,0.53196,0.50823,-0.46312,0.49420,293.05612
0.25802,0.15339,0.13145,0.53196,0.50818,-0.46313,0.49425,293.15635
0.25802,0.15329,0.13144,0.53195,0.50814,-0.46313,0.49429,293.25657
0.25802,0.15319,0.13144,0.53195,0.50810,-0.46314,0.49434,293.35680
0.25803,0.15309,0.13143,0.53194,0.50805,-0.46316,0.49439,293.45703
0.25803,0.15299,0.13142,0.53193,0.50801,-0.46316,0.49442,293.55725
0.25803,0.15289,0.13141,0.53193,0.50796,-0.46317,0.49448,293.65748
0.25803,0.15279,0.13140,0.53192,0.50792,-0.46318,0.49452,293.75770
0.25803,0.15269,0.13139,0.53191,0.50787,-0.46319,0.49457,293.85792
0.25803,0.15259,0.13139,0.53191,0.50783,-0.46319,0.49461,293.95815
0.25803,0.15249,0.13138,0.53190,0.50778,-0.46320,0.49466,294.05837
0.25803,0.15239,0.13137,0.53189,0.50774,-0.46321,0.49471,294.15859
0.25803,0.15229,0.13136,0.53189,0.50769,-0.46322,0.49475,294.25881
0.25803,0.15219,0.13135,0.53188,0.50765,-0.46323,0.49479,294.35903
0.25803,0.15209,0.13134,0.53187,0.50760,-0.46324,0.49484,294.45925
0.25804,0.15199,0.13134,0.53186,0.50756,-0.46325,0.49488,294.55947
0.25804,0.15189,0.13133,0.53186,0.50751,-0.46325,0.49493,294.65968
0.25804,0.15179,0.13132,0.53185,0.50747,-0.46326,0.49497,294.75990
0.25804,0.15169,0.13132,0.53185,0.50742,-0.46327,0.49503,294.86012
0.25804,0.15159,0.13130,0.53183,0.50738,-0.46328,0.49507,294.96033
0.25804,0.15149,0.13129,0.53183,0.50733,-0.46329,0.49511,295.06055
0.25804,0.15139,0.13129,0.53183,0.50729,-0.46329,0.49516,295.16076
0.25804,0.15130,0.13128,0.53182,0.50724,-0.46330,0.49521,295.26097
0.25804,0.15120,0.13127,0.53181,0.50720,-0.46331,0.49525,295.36119
0.25804,0.15110,0.13127,0.53181,0.50714,-0.46332,0.49530,295.46140
0.25805,0.15100,0.13125,0.53180,0.50710,-0.46333,0.49534,295.56161
0.25805,0.15090,0.13125,0.53179,0.50705,-0.46334,0.49539,295.66182
0.25805,0.15080,0.13124,0.53178,0.50701,-0.46335,0.49544,295.76203
0.25805,0.15070,0.13123,0.53178,0.50697,-0.46335,0.49548,295.86224
0.25805,0.15060,0.13123,0.53177,0.50692,-0.46336,0.49553,295.96245
0.25805,0.15050,0.13122,0.53176,0.50688,-0.46337,0.49557,296.06266
0.25805,0.15040,0.13121,0.53175,0.50683,-0.46338,0.49562,296.16286
0.25805,0.15030,0.13120,0.53174,0.50678,-0.46339,0.49567,296.26307
0.25805,0.15020,0.13119,0.53174,0.50673,-0.46340,0.49571,296.36327
0.25805,0.15010,0.13118,0.53173,0.50669,-0.46341,0.49576,296.46348
0.25805,0.15000,0.13118,0.53172,0.50664,-0.46341,0.49581,296.56368
0.25806,0.14990,0.13117,0.53172,0.50660,-0.46342,0.49586,296.66389
0.25806,0.14980,0.13116,0.53171,0.50656,-0.46343,0.49590,296.76409
0.25806,0.14970,0.13116,0.53171,0.50650,-0.46344,0.49595,296.86429
0.25806,0.14960,0.13114,0.53170,0.50646,-0.46345,0.49599,296.96449
0.25806,0.14950,0.13114,0.53169,0.50641,-0.46346,0.49604,297.06469
0.25806,0.14940,0.13113,0.53168,0.50637,-0.46347,0.49609,297.16489
0.25806,0.14930,0.13112,0.53167,0.50632,-0.46348,0.49613,297.26509
0.25806,0.14920,0.13112,0.53167,0.50627,-0.46348,0.49618,297.36529
0.25806,0.14910,0.13111,0.53166,0.50623,-0.46349,0.49623,297.46549
0.25806,0.14900,0.13109,0.53165,0.50618,-0.46350,0.49627,297.56569
0.25807,0.14890,0.13109,0.53164,0.50614,-0.46351,0.49632,297.66588
0.25807,0.14880,0.13108,0.53163,0.50609,-0.46352,0.49637,297.76608
0.25807,0.14870,0.13108,0.53163,0.50605,-0.46354,0.49641,297.86628
0.25807,0.14860,0.13107,0.53161,0.50600,-0.46354,0.49646,297.96647
0.25807,0.14850,0.13106,0.53161,0.50595,-0.46355,0.49651,298.06666
0.25807,0.14840,0.13106,0.53160,0.50591,-0.46356,0.49656,298.16686
0.25807,0.14830,0.13104,0.53159,0.50586,-0.46357,0.49660,298.26705
0.25807,0.14820,0.13103,0.53159,0.50581,-0.46358,0.49665,298.36724
0.25807,0.14810,0.13103,0.53158,0.50577,-0.46358,0.49670,298.46743
0.25807,0.14800,0.13102,0.53157,0.50572,-0.46360,0.49674,298.56762
0.25808,0.14790,0.13102,0.53156,0.50568,-0.46360,0.49679,298.66781
0.25808,0.14780,0.13101,0.53156,0.50563,-0.46361,0.49684,298.76800
0.25808,0.14770,0.13099,0.53155,0.50558,-0.46362,0.49689,298.86819
0.25808,0.14760,0.13099,0.53154,0.50554,-0.46363,0.49693,298.96838
0.25808,0.14750,0.13098,0.53153,0.50549,-0.46364,0.49698,299.06856
0.25808,0.14740,0.13097,0.53152,0.50544,-0.46366,0.49703,299.16875
0.25808,0.14730,0.13097,0.53151,0.50540,-0.46366,0.49708,299.26894
0.25808,0.14720,0.13096,0.53150,0.50535,-0.46368,0.49712,299.36912
0.25808,0.14710,0.13096,0.53149,0.50531,-0.46368,0.49717,299.46930
0.25808,0.14700,0.13094,0.53148,0.50526,-0.46369,0.49722,299.56949
0.25808,0.14690,0.13093,0.53148,0.50521,-0.46370,0.49727,299.66967
0.25809,0.14680,0.13093,0.53147,0.50517,-0.46371,0.49731,299.76985
0.25809,0.14670,0.13092,0.53146,0.50512,-0.46372,0.49736,299.87003
0.25809,0.14660,0.13092,0.53146,0.50507,-0.46373,0.49741,299.97022
0.25809,0.14650,0.13091,0.53144,0.50503,-0.46373,0.49746,300.07040
0.25809,0.14640,0.13090,0.53144,0.50498,-0.46375,0.49750,300.17057
0.25809,0.14630,0.13089,0.53143,0.50493,-0.46376,0.49755,300.27075
0.25809,0.14620,0.13088,0.53142,0.50489,-0.46377,0.49760,300.37093
0.25809,0.14610,0.13088,0.53141,0.50484,-0.46378,0.49765,300.47111
0.25809,0.14600,0.13087,0.53140,0.50479,-0.46379,0.49769,300.57129
0.25809,0.14590,0.13086,0.53139,0.50475,-0.46380,0.49774,300.67146
0.25810,0.14580,0.13086,0.53138,0.50470,-0.46381,0.49779,300.77164
0.25810,0.14570,0.13084,0.53137,0.50465,-0.46382,0.49784,300.87181
0.25810,0.14560,0.13084,0.53137,0.50460,-0.46382,0.49789,300.97199
0.25810,0.14550,0.13083,0.53136,0.50456,-0.46384,0.49793,301.07216
0.25810,0.14540,0.13083,0.53135,0.50451,-0.46385,0.49798,301.17233
0.25810,0.14530,0.13082,0.53134,0.50446,-0.46386,0.49803,301.27250
0.25810,0.14520,0.13081,0.53133,0.50441,-0.46387,0.49808,301.37268
0.25810,0.14510,0.13081,0.53132,0.50436,-0.46388,0.49813,301.47285
0.25810,0.14500,0.13079,0.53132,0.50432,-0.46389,0.49817,301.57302
0.25810,0.14490,0.13079,0.53130,0.50427,-0.46390,0.49822,301.67319
0.25810,0.14480,0.13078,0.53130,0.50423,-0.46391,0.49827,301.77335
0.25811,0.14470,0.13077,0.53129,0.50418,-0.46392,0.49832,301.87352
0.25811,0.14460,0.13077,0.53127,0.50413,-0.46393,0.49837,301.97369
0.25811,0.14450,0.13076,0.53127,0.50409,-0.46394,0.49841,302.07386
0.25811,0.14440,0.13076,0.53126,0.50404,-0.46395,0.49846,302.17402
0.25811,0.14430,0.13074,0.53125,0.50399,-0.46396,0.49851,302.27419
0.25811,0.14420,0.13074,0.53124,0.50394,-0.46397,0.49856,302.37435
0.25811,0.14410,0.13073,0.53123,0.50389,-0.46398,0.49861,302.47452
0.25811,0.14400,0.13072,0.53122,0.50384,-0.46399,0.49866,302.57468
0.25811,0.14390,0.13072,0.53121,0.50380,-0.46400,0.49870,302.67484
0.25811,0.14380,0.13071,0.53120,0.50375,-0.46401,0.49875,302.77500
0.25812,0.14370,0.13070,0.53119,0.50370,-0.46402,0.49880,302.87516
0.25812,0.14360,0.13069,0.53118,0.50365,-0.46403,0.49885,302.97533
0.25812,0.14350,0.13069,0.53117,0.50361,-0.46404,0.49890,303.07549
0.25812,0.14340,0.13068,0.53116,0.50356,-0.46405,0.49895,303.17565
0.25812,0.14330,0.13067,0.53115,0.50351,-0.46406,0.49900,303.27580
0.25812,0.14320,0.13067,0.53115,0.50346,-0.46407,0.49904,303.37596
0.25812,0.14310,0.13066,0.53114,0.50342,-0.46408,0.49909,303.47612
0.25812,0.14300,0.13065,0.53113,0.50337,-0.46409,0.49914,303.57628
0.25812,0.14290,0.13064,0.53112,0.50332,-0.46410,0.49919,303.67643
0.25812,0.14280,0.13064,0.53111,0.50327,-0.46411,0.49924,303.77659
0.25812,0.14270,0.13063,0.53110,0.50323,-0.46412,0.49929,303.87674
0.25813,0.14260,0.13063,0.53109,0.50318,-0.46413,0.49934,303.97690
0.25813,0.14250,0.13062,0.53108,0.50313,-0.46414,0.49938,304.07705
0.25813,0.14240,0.13060,0.53107,0.50308,-0.46416,0.49943,304.17720
0.25813,0.14230,0.13060,0.53106,0.50304,-0.46416,0.49948,304.27735
0.25813,0.14220,0.13059,0.53104,0.50299,-0.46418,0.49953,304.37751
0.25813,0.14210,0.13059,0.53103,0.50294,-0.46419,0.49958,304.47766
0.25813,0.14200,0.13058,0.53102,0.50289,-0.46420,0.49963,304.57781
0.25813,0.14190,0.13058,0.53101,0.50285,-0.46421,0.49967,304.67796
0.25813,0.14181,0.13057,0.53100,0.50280,-0.46422,0.49972,304.77811
0.25813,0.14171,0.13056,0.53099,0.50275,-0.46423,0.49977,304.87825
0.25814,0.14161,0.13055,0.53099,0.50270,-0.46425,0.49982,304.97840
0.25814,0.14151,0.13054,0.53098,0.50265,-0.46426,0.49987,305.07855
0.25814,0.14141,0.13054,0.53097,0.50261,-0.46427,0.49992,305.17870
0.25814,0.14131,0.13053,0.53096,0.50256,-0.46428,0.49997,305.27884
0.25814,0.14121,0.13053,0.53095,0.50251,-0.46429,0.50002,305.37899
0.25814,0.14111,0.13052,0.53094,0.50246,-0.46430,0.50007,305.47913
0.25814,0.14101,0.13051,0.53093,0.50241,-0.46431,0.50012,305.57927
0.25814,0.14091,0.13050,0.53091,0.50237,-0.46432,0.50017,305.67942
0.25814,0.14081,0.13050,0.53090,0.50232,-0.46433,0.50022,305.77956
0.25814,0.14071,0.13049,0.53089,0.50227,-0.46435,0.50026,305.87970
0.25814,0.14061,0.13049,0.53088,0.50222,-0.46436,0.50031,305.97984
0.25815,0.14051,0.13048,0.53087,0.50217,-0.46437,0.50036,306.07998
0.25815,0.14041,0.13047,0.53086,0.50213,-0.46437,0.50041,306.18012
0.25815,0.14031,0.13046,0.53085,0.50208,-0.46439,0.50046,306.28026
0.25815,0.14021,0.13046,0.53085,0.50203,-0.46440,0.50051,306.38040
0.25815,0.14011,0.13045,0.53084,0.50198,-0.46441,0.50056,306.48054
0.25815,0.14001,0.13044,0.53083,0.50193,-0.46442,0.50061,306.58068
0.25815,0.13991,0.13044,0.53081,0.50188,-0.46443,0.50066,306.68081
0.25815,0.13981,0.13043,0.53080,0.50184,-0.46444,0.50071,306.78095
0.25815,0.13971,0.13042,0.53079,0.50179,-0.46446,0.50075,306.88109
0.25815,0.13961,0.13041,0.53078,0.50174,-0.46447,0.50080,306.98122
0.25816,0.13951,0.13041,0.53077,0.50169,-0.46448,0.50085,307.08135
0.25816,0.13941,0.13040,0.53076,0.50164,-0.46449,0.50090,307.18149
0.25816,0.13931,0.13040,0.53075,0.50159,-0.46450,0.50095,307.28162
0.25816,0.13921,0.13039,0.53073,0.50155,-0.46451,0.50100,307.38175
0.25816,0.13911,0.13038,0.53072,0.50150,-0.46452,0.50105,307.48189
0.25816,0.13901,0.13037,0.53071,0.50145,-0.46453,0.50110,307.58202
0.25816,0.13891,0.13037,0.53070,0.50140,-0.46454,0.50115,307.68215
0.25816,0.13881,0.13036,0.53069,0.50134,-0.46456,0.50120,307.78228
0.25816,0.13871,0.13036,0.53068,0.50129,-0.46457,0.50125,307.88241
0.25816,0.13861,0.13035,0.53067,0.50125,-0.46458,0.50130,307.98254
0.25816,0.13851,0.13035,0.53066,0.50120,-0.46459,0.50135,308.08266
0.25817,0.13841,0.13033,0.53065,0.50115,-0.46460,0.50140,308.18279
0.25817,0.13831,0.13033,0.53064,0.50110,-0.46461,0.50145,308.28292
0.25817,0.13821,0.13032,0.53063,0.50105,-0.46462,0.50150,308.38304
0.25817,0.13811,0.13032,0.53062,0.50100,-0.46463,0.50155,308.48317
0.25817,0.13801,0.13031,0.53061,0.50095,-0.46465,0.50160,308.58330
0.25817,0.13791,0.13031,0.53059,0.50090,-0.46466,0.50165,308.68342
0.25817,0.13781,0.13030,0.53058,0.50086,-0.46467,0.50170,308.78354
0.25817,0.13771,0.13029,0.53057,0.50081,-0.46468,0.50175,308.88367
0.25817,0.13761,0.13028,0.53056,0.50076,-0.46469,0.50180,308.98379
0.25817,0.13751,0.13028,0.53055,0.50071,-0.46470,0.50185,309.08391
0.25818,0.13741,0.13027,0.53053,0.50066,-0.46471,0.50190,309.18403
0.25818,0.13731,0.13027,0.53052,0.50061,-0.46473,0.50195,309.28415
0.25818,0.13721,0.13026,0.53051,0.50056,-0.46474,0.50200,309.38427
0.25818,0.13711,0.13025,0.53050,0.50051,-0.46475,0.50205,309.48439
0.25818,0.13701,0.13024,0.53049,0.50047,-0.46476,0.50210,309.58451
0.25818,0.13691,0.13024,0.53048,0.50042,-0.46477,0.50215,309.68463
0.25818,0.13681,0.13023,0.53047,0.50037,-0.46478,0.50220,309.78475
0.25818,0.13671,0.13023,0.53046,0.50032,-0.46479,0.50225,309.88487
0.25818,0.13661,0.13022,0.53045,0.50027,-0.46481,0.50230,309.98498
0.25818,0.13651,0.13022,0.53044,0.50022,-0.46482,0.50235,310.08510
0.25818,0.13641,0.13020,0.53042,0.50017,-0.46484,0.50240,310.18521
0.25819,0.13631,0.13020,0.53041,0.50012,-0.46485,0.50245,310.28533
0.25819,0.13621,0.13019,0.53040,0.50007,-0.46486,0.50250,310.38544
0.25819,0.13611,0.13019,0.53039,0.50002,-0.46487,0.50255,310.48556
0.25819,0.13601,0.13019,0.53037,0.49997,-0.46489,0.50260,310.58567
0.25819,0.13591,0.13018,0.53036,0.49993,-0.46490,0.50265,310.68578
0.25819,0.13581,0.13018,0.53035,0.49988,-0.46491,0.50270,310.78589
0.25819,0.13571,0.13016,0.53034,0.49983,-0.46492,0.50275,310.88601
0.25819,0.13561,0.13016,0.53033,0.49978,-0.46493,0.50280,310.98612
0.25819,0.13551,0.13015,0.53032,0.49973,-0.46495,0.50285,311.08623
0.25819,0.13541,0.13015,0.53031,0.49968,-0.46496,0.50290,311.18634
0.25820,0.13531,0.13014,0.53030,0.49963,-0.46497,0.50295,311.28644
0.25820,0.13521,0.13014,0.53028,0.49958,-0.46498,0.50301,311.38655
0.25820,0.13511,0.13012,0.53027,0.49953,-0.46499,0.50306,311.48666
0.25820,0.13501,0.13012,0.53026,0.49948,-0.46500,0.50311,311.58677
0.25820,0.13491,0.13011,0.53025,0.49943,-0.46502,0.50316,311.68687
0.25820,0.13481,0.13011,0.53023,0.49938,-0.46503,0.50321,311.78698
0.25820,0.13471,0.13010,0.53022,0.49933,-0.46504,0.50326,311.88709
0.25820,0.13461,0.13010,0.53021,0.49928,-0.46505,0.50331,311.98719
0.25820,0.13451,0.13010,0.53020,0.49924,-0.46506,0.50336,312.08730
0.25820,0.13441,0.13008,0.53018,0.49919,-0.46508,0.50341,312.18740
0.25820,0.13431,0.13008,0.53017,0.49914,-0.46509,0.50346,312.28750
0.25821,0.13421,0.13007,0.53016,0.49909,-0.46510,0.50351,312.38761
0.25821,0.13411,0.13007,0.53015,0.49904,-0.46511,0.50356,312.48771
0.25821,0.13401,0.13006,0.53014,0.49899,-0.46512,0.50361,312.58781
0.25821,0.13391,0.13006,0.53012,0.49893,-0.46514,0.50367,312.68791
0.25821,0.13381,0.13004,0.53011,0.49888,-0.46515,0.50372,312.78801
0.25821,0.13371,0.13004,0.53010,0.49884,-0.46516,0.50377,312.88811
0.25821,0.13361,0.13003,0.53009,0.49879,-0.46517,0.50382,312.98821
0.25821,0.13351,0.13003,0.53008,0.49874,-0.46518,0.50387,313.08831
0.25821,0.13341,0.13003,0.53006,0.49869,-0.46520,0.50392,313.18841
0.25821,0.13331,0.13002,0.53005,0.49864,-0.46521,0.50397,313.28850
0.25821,0.13321,0.13002,0.53004,0.49859,-0.46522,0.50402,313.38860
0.25822,0.13311,0.13000,0.53002,0.49854,-0.46523,0.50407,313.48870
0.25822,0.13301,0.13000,0.53001,0.49849,-0.46525,0.50412,313.58879
0.25822,0.13291,0.12999,0.53000,0.49843,-0.46526,0.50418,313.68889
0.25822,0.13281,0.12999,0.52998,0.49839,-0.46527,0.50423,313.78898
0.25822,0.13271,0.12999,0.52997,0.49834,-0.46528,0.50428,313.88908
0.25822,0.13261,0.12998,0.52997,0.49829,-0.46529,0.50433,313.98917
0.25822,0.13251,0.12998,0.52995,0.49823,-0.46531,0.50438,314.08926
0.25822,0.13241,0.12996,0.52994,0.49819,-0.46532,0.50443,314.18936
0.25822,0.13231,0.12996,0.52993,0.49814,-0.46533,0.50448,314.28945
0.25822,0.13221,0.12995,0.52992,0.49809,-0.46534,0.50453,314.38954
0.25823,0.13211,0.12995,0.52990,0.49803,-0.46536,0.50459,314.48963
0.25823,0.13201,0.12995,0.52989,0.49798,-0.46537,0.50464,314.58972
0.25823,0.13191,0.12994,0.52987,0.49794,-0.46539,0.50469,314.68981
0.25823,0.13181,0.12993,0.52986,0.49788,-0.46540,0.50474,314.78990
0.25823,0.13171,0.12992,0.52985,0.49783,-0.46541,0.50479,314.88999
0.25823,0.13161,0.12992,0.52983,0.49778,-0.46543,0.50484,314.99008
0.25823,0.13151,0.12991,0.52982,0.49773,-0.46544,0.50489,315.09017
0.25823,0.13141,0.12991,0.52981,0.49768,-0.46545,0.50494,315.19025
0.25823,0.13131,0.12991,0.52979,0.49763,-0.46546,0.50500,315.29034
0.25823,0.13121,0.12990,0.52978,0.49758,-0.46548,0.50505,315.39043
0.25823,0.13111,0.12989,0.52977,0.49753,-0.46549,0.50510,315.49051
0.25824,0.13101,0.12988,0.52976,0.49748,-0.46550,0.50515,315.59060
0.25824,0.13091,0.12988,0.52975,0.49743,-0.46552,0.50520,315.69068
0.25824,0.13081,0.12988,0.52974,0.49738,-0.46553,0.50525,315.79077
0.25824,0.13071,0.12987,0.52972,0.49733,-0.46554,0.50531,315.89085
0.25824,0.13061,0.12987,0.52971,0.49728,-0.46555,0.50536,315.99093
0.25824,0.13052,0.12985,0.52969,0.49723,-0.46557,0.50541,316.09101
0.25824,0.13042,0.12985,0.52968,0.49718,-0.46558,0.50546,316.19110
0.25824,0.13032,0.12984,0.52967,0.49713,-0.46559,0.50551,316.29118
0.25824,0.13022,0.12984,0.52965,0.49708,-0.46560,0.50556,316.39126
0.25824,0.13012,0.12984,0.52964,0.49703,-0.46562,0.50562,316.49134
0.25825,0.13002,0.12983,0.52963,0.49698,-0.46563,0.50567,316.59142
0.25825,0.12992,0.12983,0.52961,0.49693,-0.46564,0.50572,316.69150
0.25825,0.12982,0.12981,0.52960,0.49688,-0.46565,0.50577,316.79158
0.25825,0.12972,0.12981,0.52958,0.49683,-0.46567,0.50582,316.89166
0.25825,0.12962,0.12981,0.52957,0.49678,-0.46568,0.50587,316.99173
0.25825,0.12952,0.12980,0.52956,0.49673,-0.46569,0.50593,317.09181
0.25825,0.12942,0.12980,0.52954,0.49668,-0.46571,0.50598,317.19189
0.25825,0.12932,0.12980,0.52953,0.49663,-0.46572,0.50603,317.29196
0.25825,0.12922,0.12979,0.52952,0.49658,-0.46573,0.50608,317.39204
0.25825,0.12912,0.12978,0.52951,0.49653,-0.46574,0.50613,317.49211
0.25825,0.12902,0.12977,0.52949,0.49648,-0.46576,0.50619,317.59219
0.25826,0.12892,0.12977,0.52948,0.49642,-0.46577,0.50624,317.69226
0.25826,0.12882,0.12977,0.52947,0.49637,-0.46578,0.50629,317.79234
0.25826,0.12872,0.12976,0.52945,0.49632,-0.46579,0.50634,317.89241
0.25826,0.12862,0.12976,0.52944,0.49627,-0.46581,0.50639,317.99248
0.25826,0.12852,0.12974,0.52943,0.49622,-0.46582,0.50644,318.09256
0.25826,0.12842,0.12974,0.52941,0.49617,-0.46583,0.50650,318.19263
0.25826,0.12832,0.12974,0.52940,0.49611,-0.46585,0.50655,318.29270
0.25826,0.12822,0.12973,0.52938,0.49607,-0.46586,0.50660,318.39277
0.25826,0.12812,0.12973,0.52938,0.49602,-0.46587,0.50665,318.49284
0.25826,0.12802,0.12973,0.52936,0.49597,-0.46588,0.50671,318.59291
0.25826,0.12792,0.12972,0.52934,0.49591,-0.46590,0.50676,318.69298
0.25827,0.12782,0.12971,0.52933,0.49587,-0.46591,0.50681,318.79305
0.25827,0.12772,0.12970,0.52932,0.49582,-0.46592,0.50686,318.89312
0.25827,0.12762,0.12970,0.52930,0.49577,-0.46594,0.50691,318.99318
0.25827,0.12752,0.12970,0.52929,0.49571,-0.46595,0.50697,319.09325
0.25827,0.12742,0.12969,0.52928,0.49566,-0.46596,0.50702,319.19332
0.25827,0.12732,0.12969,0.52926,0.49561,-0.46598,0.50707,319.29339
0.25827,0.12722,0.12969,0.52925,0.49556,-0.46599,0.50712,319.39345
0.25827,0.12712,0.12967,0.52923,0.49551,-0.46601,0.50717,319.49352
0.25827,0.12702,0.12967,0.52922,0.49545,-0.46601,0.50723,319.59358
0.25827,0.12692,0.12967,0.52920,0.49540,-0.46603,0.50728,319.69365
0.25828,0.12682,0.12966,0.52919,0.49535,-0.46604,0.50733,319.79371
0.25828,0.12672,0.12966,0.52918,0.49531,-0.46606,0.50738,319.89377
0.25828,0.12662,0.12965,0.52916,0.49525,-0.46607,0.50743,319.99384
0.25828,0.12652,0.12964,0.52915,0.49520,-0.46609,0.50749,320.09390
0.25828,0.12642,0.12964,0.52914,0.49515,-0.46610,0.50754,320.19396
0.25828,0.12632,0.12963,0.52912,0.49510,-0.46612,0.50759,320.29402
0.25828,0.12622,0.12963,0.52911,0.49504,-0.46613,0.50765,320.39409
0.25828,0.12612,0.12963,0.52909,0.49499,-0.46614,0.50770,320.49415
0.25828,0.12602,0.12962,0.52908,0.49494,-0.46615,0.50775,320.59421
0.25828,0.12592,0.12962,0.52906,0.49489,-0.46617,0.50780,320.69427
0.25828,0.12582,0.12961,0.52905,0.49484,-0.46618,0.50786,320.79433
0.25829,0.12572,0.12960,0.52904,0.49479,-0.46619,0.50791,320.89439
0.25829,0.12562,0.12960,0.52902,0.49474,-0.46621,0.50796,320.99444
0.25829,0.12552,0.12960,0.52901,0.49469,-0.46622,0.50801,321.09450
0.25829,0.12542,0.12959,0.52899,0.49464,-0.46623,0.50807,321.19456
0.25829,0.12532,0.12959,0.52898,0.49458,-0.46625,0.50812,321.29462
0.25829,0.12522,0.12958,0.52897,0.49453,-0.46626,0.50817,321.39467
0.25829,0.12512,0.12957,0.52896,0.49448,-0.46627,0.50822,321.49473
0.25829,0.12502,0.12957,0.52893,0.49443,-0.46629,0.50828,321.59479
0.25829,0.12492,0.12957,0.52893,0.49438,-0.46630,0.50832,321.69484
0.25829,0.12482,0.12956,0.52891,0.49433,-0.46631,0.50838,321.79490
0.25829,0.12472,0.12956,0.52890,0.49428,-0.46633,0.50842,321.89495
0.25830,0.12462,0.12956,0.52888,0.49423,-0.46634,0.50848,321.99501
0.25830,0.12452,0.12954,0.52886,0.49417,-0.46635,0.50854,322.09506
0.25830,0.12442,0.12954,0.52885,0.49412,-0.46637,0.50859,322.19511
0.25830,0.12432,0.12954,0.52883,0.49407,-0.46638,0.50864,322.29517
0.25830,0.12422,0.12953,0.52882,0.49402,-0.46639,0.50870,322.39522
0.25830,0.12412,0.12953,0.52880,0.49397,-0.46641,0.50875,322.49527
0.25830,0.12402,0.12953,0.52879,0.49392,-0.46642,0.50880,322.59532
0.25830,0.12392,0.12952,0.52877,0.49387,-0.46643,0.50886,322.69537
0.25830,0.12382,0.12951,0.52876,0.49382,-0.46645,0.50890,322.79542
0.25830,0.12372,0.12951,0.52875,0.49376,-0.46646,0.50896,322.89547
0.25831,0.12362,0.12950,0.52874,0.49371,-0.46647,0.50901,322.99552
0.25831,0.12352,0.12950,0.52872,0.49366,-0.46649,0.50907,323.09557
0.25831,0.12342,0.12950,0.52871,0.49361,-0.46650,0.50912,323.19562
0.25831,0.12332,0.12949,0.52869,0.49356,-0.46651,0.50917,323.29567
0.25831,0.12322,0.12948,0.52867,0.49350,-0.46653,0.50922,323.39572
0.25831,0.12312,0.12948,0.52866,0.49346,-0.46654,0.50927,323.49577
0.25831,0.12302,0.12948,0.52864,0.49340,-0.46656,0.50933,323.59581
0.25831,0.12292,0.12947,0.52863,0.49335,-0.46657,0.50938,323.69586
0.25831,0.12282,0.12947,0.52861,0.49330,-0.46658,0.50944,323.79591
0.25831,0.12272,0.12947,0.52860,0.49325,-0.46659,0.50949,323.89595
0.25831,0.12262,0.12946,0.52858,0.49320,-0.46661,0.50954,323.99600
0.25832,0.12252,0.12945,0.52857,0.49314,-0.46662,0.50959,324.09605
0.25832,0.12242,0.12945,0.52855,0.49310,-0.46663,0.50965,324.19609
0.25832,0.12232,0.12944,0.52854,0.49304,-0.46665,0.50970,324.29613
0.25832,0.12222,0.12944,0.52853,0.49299,-0.46666,0.50976,324.39618
0.25832,0.12212,0.12944,0.52851,0.49294,-0.46668,0.50981,324.49622
0.25832,0.12202,0.12944,0.52850,0.49289,-0.46669,0.50986,324.59627
0.25832,0.12192,0.12942,0.52848,0.49284,-0.46671,0.50991,324.69631
0.25832,0.12182,0.12942,0.52846,0.49278,-0.46672,0.50996,324.79635
0.25832,0.12172,0.12942,0.52845,0.49273,-0.46674,0.51002,324.89639
0.25832,0.12162,0.12941,0.52844,0.49268,-0.46675,0.51007,324.99644
0.25832,0.12152,0.12941,0.52842,0.49262,-0.46676,0.51012,325.09648
0.25833,0.12142,0.12941,0.52840,0.49258,-0.46678,0.51018,325.19652
0.25833,0.12132,0.12940,0.52839,0.49252,-0.46679,0.51023,325.29656
0.25833,0.12122,0.12939,0.52837,0.49247,-0.46680,0.51028,325.39660
0.25833,0.12112,0.12939,0.52836,0.49241,-0.46682,0.51034,325.49664
0.25833,0.12102,0.12939,0.52835,0.49237,-0.46683,0.51039,325.59668
0.25833,0.12092,0.12938,0.52833,0.49231,-0.46684,0.51044,325.69672
0.25833,0.12082,0.12938,0.52831,0.49226,-0.46686,0.51049,325.79676
0.25833,0.12072,0.12938,0.52830,0.49222,-0.46687,0.51055,325.89679
0.25833,0.12062,0.12938,0.52828,0.49216,-0.46689,0.51060,325.99683
0.25833,0.12052,0.12936,0.52827,0.49210,-0.46690,0.51066,326.09687
0.25833,0.12042,0.12936,0.52826,0.49205,-0.46692,0.51070,326.19691
0.25834,0.12032,0.12936,0.52824,0.49200,-0.46693,0.51076,326.29694
0.25834,0.12022,0.12935,0.52822,0.49195,-0.46694,0.51082,326.39698
0.25834,0.12012,0.12935,0.52821,0.49190,-0.46696,0.51086,326.49702
0.25834,0.12002,0.12935,0.52819,0.49184,-0.46697,0.51093,326.59705
0.25834,0.11992,0.12934,0.52818,0.49179,-0.46698,0.51097,326.69709
0.25834,0.11982,0.12933,0.52816,0.49174,-0.46700,0.51102,326.79712
0.25834,0.11972,0.12933,0.52814,0.49169,-0.46701,0.51108,326.89716
0.25834,0.11962,0.12933,0.52813,0.49164,-0.46702,0.51113,326.99719
0.25834,0.11952,0.12933,0.52812,0.49158,-0.46704,0.51119,327.09723
0.25834,0.11942,0.12932,0.52810,0.49153,-0.46705,0.51124,327.19726
0.25835,0.11932,0.12932,0.52808,0.49148,-0.46707,0.51129,327.29729
0.25835,0.11922,0.12931,0.52807,0.49143,-0.46708,0.51135,327.39733
0.25835,0.11912,0.12931,0.52805,0.49138,-0.46709,0.51140,327.49736
0.25835,0.11902,0.12930,0.52804,0.49132,-0.46711,0.51145,327.59739
0.25835,0.11892,0.12930,0.52802,0.49127,-0.46712,0.51151,327.69742
0.25835,0.11882,0.12930,0.52801,0.49122,-0.46713,0.51156,327.79745
0.25835,0.11872,0.12930,0.52799,0.49117,-0.46715,0.51161,327.89749
0.25835,0.11862,0.12929,0.52798,0.49112,-0.46716,0.51166,327.99752
0.25835,0.11852,0.12928,0.52796,0.49106,-0.46718,0.51172,328.09755
0.25835,0.11842,0.12928,0.52794,0.49101,-0.46719,0.51178,328.19758
0.25835,0.11832,0.12928,0.52793,0.49096,-0.46720,0.51183,328.29761
0.25836,0.11822,0.12927,0.52791,0.49091,-0.46722,0.51188,328.39764
0.25836,0.11812,0.12927,0.52789,0.49086,-0.46723,0.51193,328.49767
0.25836,0.11802,0.12927,0.52788,0.49080,-0.46724,0.51199,328.59770
0.25836,0.11792,0.12926,0.52787,0.49075,-0.46726,0.51204,328.69772
0.25836,0.11782,0.12925,0.52785,0.49070,-0.46728,0.51210,328.79775
0.25836,0.11772,0.12925,0.52783,0.49064,-0.46729,0.51215,328.89778
0.25836,0.11762,0.12925,0.52782,0.49060,-0.46730,0.51220,328.99781
0.25836,0.11752,0.12925,0.52780,0.49054,-0.46732,0.51226,329.09784
0.25836,0.11742,0.12924,0.52779,0.49049,-0.46733,0.51231,329.19786
0.25836,0.11732,0.12924,0.52777,0.49044,-0.46735,0.51236,329.29789
0.25836,0.11722,0.12923,0.52776,0.49038,-0.46736,0.51241,329.39792
0.25837,0.11712,0.12923,0.52774,0.49033,-0.46737,0.51247,329.49794
0.25837,0.11702,0.12923,0.52772,0.49028,-0.46739,0.51253,329.59797
0.25837,0.11692,0.12922,0.52771,0.49022,-0.46740,0.51258,329.69799
0.25837,0.11682,0.12922,0.52769,0.49017,-0.46742,0.51263,329.79802
0.25837,0.11672,0.12922,0.52768,0.49013,-0.46743,0.51269,329.89804
0.25837,0.11662,0.12921,0.52766,0.49006,-0.46745,0.51274,329.99807
0.25837,0.11652,0.12920,0.52765,0.49002,-0.46746,0.51279,330.09809
0.25837,0.11642,0.12920,0.52763,0.48997,-0.46748,0.51284,330.19812
0.25837,0.11632,0.12920,0.52761,0.48991,-0.46749,0.51290,330.29814
0.25837,0.11622,0.12920,0.52760,0.48986,-0.46750,0.51296,330.39816
0.25837,0.11612,0.12920,0.52758,0.48980,-0.46752,0.51301,330.49819
0.25838,0.11602,0.12919,0.52757,0.48975,-0.46753,0.51306,330.59821
0.25838,0.11592,0.12918,0.52755,0.48970,-0.46755,0.51311,330.69823
0.25838,0.11582,0.12918,0.52753,0.48965,-0.46756,0.51317,330.79825
0.25838,0.11572,0.12918,0.52751,0.48960,-0.46757,0.51323,330.89827
0.25838,0.11562,0.12917,0.52750,0.48954,-0.46759,0.51327,330.99830
0.25838,0.11552,0.12917,0.52748,0.48949,-0.46760,0.51333,331.09832
0.25838,0.11542,0.12917,0.52746,0.48944,-0.46762,0.51338,331.19834
0.25838,0.11532,0.12917,0.52745,0.48938,-0.46763,0.51344,331.29836
0.25838,0.11522,0.12916,0.52744,0.48933,-0.46764,0.51349,331.39838
0.25838,0.11512,0.12915,0.52742,0.48928,-0.46766,0.51354,331.49840
0.25838,0.11502,0.12915,0.52740,0.48923,-0.46767,0.51360,331.59842
0.25839,0.11492,0.12915,0.52739,0.48917,-0.46768,0.51366,331.69844
0.25839,0.11482,0.12915,0.52737,0.48912,-0.46770,0.51371,331.79846
0.25839,0.11472,0.12915,0.52736,0.48907,-0.46771,0.51376,331.89848
0.25839,0.11462,0.12913,0.52734,0.48902,-0.46773,0.51381,331.99850
0.25839,0.11452,0.12913,0.52732,0.48896,-0.46774,0.51387,332.09851
0.25839,0.11442,0.12913,0.52731,0.48891,-0.46775,0.51392,332.19853
0.25839,0.11432,0.12913,0.52729,0.48886,-0.46777,0.51397,332.29855
0.25839,0.11422,0.12913,0.52727,0.48881,-0.46778,0.51403,332.39857
0.25839,0.11412,0.12913,0.52725,0.48875,-0.46780,0.51408,332.49859
0.25839,0.11403,0.12912,0.52724,0.48870,-0.46781,0.51414,332.59860
0.25840,0.11393,0.12911,0.52722,0.48865,-0.46782,0.51419,332.69862
0.25840,0.11383,0.12911,0.52720,0.48860,-0.46784,0.51424,332.79864
0.25840,0.11373,0.12911,0.52719,0.48854,-0.46785,0.51430,332.89865
0.25840,0.11363,0.12911,0.52718,0.48849,-0.46787,0.51435,332.99867
0.25840,0.11353,0.12910,0.52716,0.48844,-0.46788,0.51441,333.09869
0.25840,0.11343,0.12910,0.52714,0.48839,-0.46790,0.51446,333.19870
0.25840,0.11333,0.12909,0.52713,0.48833,-0.46792,0.51451,333.29872
0.25840,0.11323,0.12909,0.52711,0.48828,-0.46793,0.51457,333.39873
0.25840,0.11313,0.12909,0.52709,0.48823,-0.46795,0.51462,333.49875
0.25840,0.11303,0.12909,0.52708,0.48818,-0.46795,0.51468,333.59876
0.25840,0.11293,0.12908,0.52706,0.48812,-0.46797,0.51473,333.69878
0.25841,0.11283,0.12908,0.52704,0.48807,-0.46799,0.51478,333.79879
0.25841,0.11273,0.12908,0.52702,0.48802,-0.46800,0.51484,333.89881
0.25841,0.11263,0.12907,0.52701,0.48797,-0.46801,0.51489,333.99882
0.25841,0.11253,0.12907,0.52699,0.48791,-0.46803,0.51495,334.09883
0.25841,0.11243,0.12907,0.52698,0.48786,-0.46804,0.51500,334.19885
0.25841,0.11233,0.12906,0.52696,0.48780,-0.46805,0.51506,334.29886
0.25841,0.11223,0.12906,0.52694,0.48776,-0.46807,0.51511,334.39887
0.25841,0.11213,0.12906,0.52693,0.48770,-0.46809,0.51516,334.49889
0.25841,0.11203,0.12906,0.52691,0.48765,-0.46810,0.51522,334.59890
0.25841,0.11193,0.12905,0.52690,0.48760,-0.46811,0.51527,334.69891
0.25841,0.11183,0.12905,0.52688,0.48754,-0.46813,0.51533,334.79892
0.25842,0.11173,0.12904,0.52686,0.48749,-0.46814,0.51538,334.89893
0.25842,0.11163,0.12904,0.52684,0.48744,-0.46816,0.51543,334.99895
0.25842,0.11153,0.12904,0.52683,0.48738,-0.46817,0.51549,335.09896
0.25842,0.11143,0.12904,0.52681,0.48733,-0.46818,0.51554,335.19897
0.25842,0.11133,0.12903,0.52679,0.48727,-0.46820,0.51560,335.29898
0.25842,0.11123,0.12903,0.52677,0.48723,-0.46821,0.51565,335.39899
0.25842,0.11113,0.12903,0.52676,0.48717,-0.46823,0.51571,335.49900
0.25842,0.11103,0.12902,0.52674,0.48711,-0.46824,0.51576,335.59901
0.25842,0.11093,0.12902,0.52673,0.48707,-0.46825,0.51581,335.69902
0.25842,0.11083,0.12902,0.52670,0.48701,-0.46827,0.51587,335.79903
0.25842,0.11073,0.12902,0.52669,0.48696,-0.46828,0.51592,335.89904
0.25843,0.11063,0.12901,0.52668,0.48690,-0.46830,0.51598,335.99905
0.25843,0.11053,0.12901,0.52666,0.48685,-0.46831,0.51603,336.09906
0.25843,0.11043,0.12901,0.52664,0.48681,-0.46832,0.51608,336.19907
0.25843,0.11033,0.12900,0.52663,0.48674,-0.46834,0.51614,336.29908
0.25843,0.11023,0.12900,0.52661,0.48669,-0.46835,0.51619,336.39909
0.25843,0.11013,0.12900,0.52659,0.48664,-0.46837,0.51625,336.49910
0.25843,0.11003,0.12900,0.52657,0.48659,-0.46838,0.51630,336.59910
0.25843,0.10993,0.12899,0.52656,0.48653,-0.46839,0.51636,336.69911
0.25843,0.10983,0.12899,0.52654,0.48648,-0.46841,0.51641,336.79912
0.25843,0.10973,0.12899,0.52652,0.48643,-0.46842,0.51646,336.89913
0.25843,0.10963,0.12899,0.52650,0.48637,-0.46844,0.51652,336.99914
0.25844,0.10953,0.12898,0.52649,0.48632,-0.46845,0.51657,337.09914
0.25844,0.10943,0.12898,0.52647,0.48627,-0.46846,0.51663,337.19915
0.25844,0.10933,0.12897,0.52645,0.48622,-0.46848,0.51668,337.29916
0.25844,0.10923,0.12897,0.52644,0.48616,-0.46849,0.51674,337.39917
0.25844,0.10913,0.12897,0.52643,0.48611,-0.46851,0.51679,337.49917
0.25844,0.10903,0.12897,0.52641,0.48606,-0.46852,0.51684,337.59918
0.25844,0.10893,0.12897,0.52639,0.48600,-0.46854,0.51690,337.69919
0.25844,0.10883,0.12897,0.52637,0.48595,-0.46856,0.51695,337.79919
0.25844,0.10873,0.12896,0.52635,0.48590,-0.46857,0.51701,337.89920
0.25844,0.10863,0.12895,0.52634,0.48585,-0.46858,0.51706,337.99921
0.25844,0.10853,0.12895,0.52632,0.48579,-0.46859,0.51712,338.09921
0.25845,0.10843,0.12895,0.52630,0.48574,-0.46861,0.51717,338.19922
0.25845,0.10833,0.12895,0.52628,0.48569,-0.46862,0.51723,338.29922
0.25845,0.10823,0.12895,0.52627,0.48563,-0.46864,0.51728,338.39923
0.25845,0.10813,0.12895,0.52625,0.48558,-0.46866,0.51733,338.49923
0.25845,0.10803,0.12894,0.52623,0.48553,-0.46867,0.51739,338.59924
0.25845,0.10793,0.12894,0.52622,0.48548,-0.46868,0.51744,338.69924
0.25845,0.10783,0.12894,0.52620,0.48542,-0.46870,0.51750,338.79925
0.25845,0.10773,0.12893,0.52619,0.48537,-0.46871,0.51755,338.89925
0.25845,0.10763,0.12893,0.52616,0.48531,-0.46872,0.51761,338.99926
0.25845,0.10753,0.12893,0.52615,0.48526,-0.46874,0.51766,339.09926
0.25845,0.10743,0.12893,0.52613,0.48521,-0.46875,0.51771,339.19927
0.25846,0.10733,0.12892,0.52611,0.48516,-0.46877,0.51777,339.29927
0.25846,0.10723,0.12892,0.52610,0.48510,-0.46878,0.51782,339.39928
0.25846,0.10713,0.12892,0.52608,0.48505,-0.46880,0.51788,339.49928
0.25846,0.10703,0.12892,0.52606,0.48500,-0.46881,0.51793,339.59928
0.25846,0.10693,0.12892,0.52604,0.48495,-0.46882,0.51799,339.69929
0.25846,0.10683,0.12892,0.52603,0.48489,-0.46884,0.51804,339.79929
0.25846,0.10673,0.12892,0.52601,0.48483,-0.46885,0.51810,339.89930
0.25846,0.10663,0.12890,0.52599,0.48478,-0.46887,0.51815,339.99930
0.25846,0.10653,0.12890,0.52598,0.48473,-0.46888,0.51820,340.09930
0.25846,0.10643,0.12890,0.52596,0.48468,-0.46889,0.51826,340.19931
0.25846,0.10633,0.12890,0.52595,0.48462,-0.46891,0.51831,340.29931
0.25847,0.10623,0.12890,0.52593,0.48457,-0.46892,0.51837,340.39931
0.25847,0.10613,0.12890,0.52591,0.48451,-0.46894,0.51842,340.49931
0.25847,0.10603,0.12889,0.52589,0.48446,-0.46895,0.51848,340.59932
0.25847,0.10593,0.12889,0.52587,0.48442,-0.46896,0.51853,340.69932
0.25847,0.10583,0.12889,0.52585,0.48435,-0.46898,0.51859,340.79932
0.25847,0.10573,0.12889,0.52584,0.48430,-0.46899,0.51864,340.89933
0.25847,0.10563,0.12889,0.52582,0.48425,-0.46901,0.51869,340.99933
0.25847,0.10553,0.12889,0.52580,0.48419,-0.46902,0.51875,341.09933
0.25847,0.10543,0.12889,0.52579,0.48415,-0.46904,0.51880,341.19933
0.25847,0.10533,0.12887,0.52576,0.48409,-0.46905,0.51886,341.29933
0.25847,0.10523,0.12887,0.52575,0.48404,-0.46906,0.51891,341.39934
0.25848,0.10513,0.12887,0.52573,0.48398,-0.46908,0.51897,341.49934
0.25848,0.10503,0.12887,0.52572,0.48393,-0.46909,0.51902,341.59934
0.25848,0.10493,0.12887,0.52570,0.48388,-0.46910,0.51908,341.69934
0.25848,0.10483,0.12887,0.52568,0.48382,-0.46913,0.51913,341.79934
0.25848,0.10473,0.12886,0.52567,0.48377,-0.46913,0.51918,341.89935
0.25848,0.10463,0.12886,0.52565,0.48372,-0.46915,0.51924,341.99935
0.25848,0.10453,0.12886,0.52563,0.48366,-0.46917,0.51929,342.09935
0.25848,0.10443,0.12886,0.52561,0.48361,-0.46918,0.51935,342.19935
0.25848,0.10433,0.12886,0.52559,0.48356,-0.46920,0.51940,342.29935
0.25848,0.10423,0.12886,0.52558,0.48350,-0.46920,0.51946,342.39935
0.25848,0.10413,0.12886,0.52556,0.48345,-0.46922,0.51951,342.49935
0.25849,0.10403,0.12885,0.52554,0.48340,-0.46923,0.51957,342.59935
0.25849,0.10393,0.12885,0.52552,0.48335,-0.46925,0.51962,342.69936
0.25849,0.10383,0.12885,0.52551,0.48329,-0.46927,0.51967,342.79936
0.25849,0.10373,0.12885,0.52549,0.48324,-0.46928,0.51973,342.89936
0.25849,0.10363,0.12885,0.52547,0.48319,-0.46929,0.51978,342.99936
0.25849,0.10353,0.12885,0.52546,0.48313,-0.46931,0.51984,343.09936
0.25849,0.10343,0.12885,0.52544,0.48308,-0.46932,0.51989,343.19936
0.25849,0.10333,0.12883,0.52542,0.48303,-0.46934,0.51995,343.29936
0.25849,0.10323,0.12883,0.52540,0.48297,-0.46935,0.52000,343.39936
0.25849,0.10313,0.12883,0.52538,0.48292,-0.46936,0.52006,343.49936
0.25849,0.10303,0.12883,0.52537,0.48287,-0.46938,0.52011,343.59936
0.25850,0.10293,0.12883,0.52535,0.48281,-0.46939,0.52017,343.69936
0.25850,0.10283,0.12883,0.52533,0.48276,-0.46941,0.52022,343.79936
0.25850,0.10273,0.12882,0.52531,0.48271,-0.46942,0.52027,343.89936
0.25850,0.10263,0.12882,0.52529,0.48266,-0.46943,0.52033,343.99936
0.25850,0.10253,0.12882,0.52528,0.48260,-0.46945,0.52038,344.09936
0.25850,0.10243,0.12882,0.52526,0.48255,-0.46946,0.52044,344.19936
0.25850,0.10233,0.12882,0.52524,0.48250,-0.46948,0.52049,344.29936
0.25850,0.10223,0.12882,0.52523,0.48244,-0.46949,0.52055,344.39937
0.25850,0.10213,0.12882,0.52521,0.48239,-0.46950,0.52060,344.49937
0.25850,0.10203,0.12881,0.52519,0.48233,-0.46952,0.52066,344.59937
0.25850,0.10193,0.12881,0.52517,0.48228,-0.46953,0.52071,344.69937
0.25851,0.10183,0.12881,0.52516,0.48223,-0.46955,0.52076,344.79937
0.25851,0.10173,0.12881,0.52514,0.48217,-0.46956,0.52082,344.89937
0.25851,0.10163,0.12881,0.52512,0.48212,-0.46957,0.52087,344.99937
0.25851,0.10153,0.12881,0.52510,0.48206,-0.46959,0.52093,345.09937
0.25851,0.10143,0.12880,0.52508,0.48202,-0.46960,0.52098,345.19937
0.25851,0.10133,0.12880,0.52506,0.48197,-0.46961,0.52104,345.29937
0.25851,0.10123,0.12880,0.52505,0.48190,-0.46963,0.52109,345.39937
0.25851,0.10113,0.12880,0.52503,0.48185,-0.46964,0.52115,345.49937
0.25851,0.10103,0.12880,0.52501,0.48180,-0.46966,0.52120,345.59937
0.25851,0.10093,0.12880,0.52500,0.48174,-0.46967,0.52126,345.69937
0.25851,0.10083,0.12880,0.52498,0.48170,-0.46968,0.52131,345.79937
0.25852,0.10073,0.12879,0.52496,0.48164,-0.46970,0.52136,345.89937
0.25852,0.10063,0.12879,0.52495,0.48158,-0.46971,0.52142,345.99937
0.25852,0.10053,0.12879,0.52493,0.48153,-0.46972,0.52147,346.09937
0.25852,0.10043,0.12879,0.52491,0.48148,-0.46974,0.52153,346.19937
0.25852,0.10033,0.12879,0.52489,0.48143,-0.46976,0.52158,346.29937
0.25852,0.10023,0.12879,0.52487,0.48137,-0.46977,0.52164,346.39937
0.25852,0.10013,0.12879,0.52485,0.48132,-0.46979,0.52169,346.49937
0.25852,0.10003,0.12878,0.52483,0.48127,-0.46979,0.52175,346.59937
0.25852,0.09993,0.12878,0.52482,0.48121,-0.46981,0.52180,346.69937
0.25852,0.09983,0.12878,0.52480,0.48116,-0.46983,0.52185,346.79937
0.25852,0.09973,0.12878,0.52478,0.48111,-0.46984,0.52191,346.89937
0.25853,0.09963,0.12878,0.52477,0.48105,-0.46986,0.52196,346.99937
0.25853,0.09953,0.12878,0.52475,0.48100,-0.46987,0.52202,347.09937
0.25853,0.09943,0.12877,0.52473,0.48095,-0.46989,0.52207,347.19937
0.25853,0.09933,0.12877,0.52472,0.48089,-0.46990,0.52213,347.29937
0.25853,0.09923,0.12877,0.52470,0.48084,-0.46991,0.52218,347.39937
0.25853,0.09913,0.12877,0.52468,0.48079,-0.46992,0.52224,347.49937
0.25853,0.09903,0.12877,0.52466,0.48073,-0.46994,0.52229,347.59937
0.25853,0.09893,0.12877,0.52464,0.48068,-0.46995,0.52234,347.69937
0.25853,0.09883,0.12877,0.52462,0.48063,-0.46997,0.52240,347.79937
0.25853,0.09873,0.12876,0.52460,0.48057,-0.46998,0.52245,347.89937
0.25853,0.09863,0.12876,0.52459,0.48052,-0.46999,0.52251,347.99937
0.25854,0.09853,0.12876,0.52457,0.48047,-0.47001,0.52256,348.09937
0.25854,0.09843,0.12876,0.52455,0.48042,-0.47002,0.52262,348.19937
0.25854,0.09833,0.12876,0.52453,0.48036,-0.47004,0.52267,348.29937
0.25854,0.09823,0.12876,0.52451,0.48031,-0.47005,0.52273,348.39937
0.25854,0.09813,0.12876,0.52450,0.48026,-0.47006,0.52278,348.49937
0.25854,0.09803,0.12876,0.52448,0.48020,-0.47008,0.52284,348.59937
0.25854,0.09793,0.12876,0.52447,0.48015,-0.47009,0.52289,348.69937
0.25854,0.09783,0.12876,0.52445,0.48010,-0.47010,0.52294,348.79937
0.25854,0.09773,0.12876,0.52443,0.48004,-0.47012,0.52300,348.89938
0.25854,0.09763,0.12876,0.52441,0.47999,-0.47013,0.52305,348.99938
0.25854,0.09753,0.12876,0.52439,0.47994,-0.47014,0.52311,349.09938
0.25855,0.09743,0.12875,0.52437,0.47988,-0.47016,0.52316,349.19938
0.25855,0.09733,0.12875,0.52435,0.47983,-0.47017,0.52322,349.29938
0.25855,0.09723,0.12875,0.52434,0.47978,-0.47018,0.52327,349.39938
0.25855,0.09713,0.12875,0.52432,0.47973,-0.47020,0.52332,349.49938
0.25855,0.09703,0.12875,0.52430,0.47967,-0.47021,0.52338,349.59938
0.25855,0.09693,0.12875,0.52428,0.47962,-0.47023,0.52343,349.69938
0.25855,0.09683,0.12875,0.52426,0.47956,-0.47024,0.52349,349.79939
0.25855,0.09673,0.12874,0.52425,0.47951,-0.47026,0.52354,349.89939
0.25855,0.09663,0.12874,0.52423,0.47945,-0.47027,0.52360,349.99939
0.25855,0.09653,0.12874,0.52422,0.47940,-0.47028,0.52365,350.09939
0.25855,0.09643,0.12874,0.52420,0.47934,-0.47029,0.52371,350.19939
0.25856,0.09633,0.12874,0.52418,0.47929,-0.47031,0.52376,350.29939
0.25856,0.09623,0.12874,0.52416,0.47925,-0.47032,0.52381,350.39940
0.25856,0.09613,0.12873,0.52414,0.47919,-0.47034,0.52387,350.49940
0.25856,0.09603,0.12874,0.52412,0.47914,-0.47036,0.52392,350.59940
0.25856,0.09593,0.12874,0.52410,0.47908,-0.47036,0.52398,350.69940
0.25856,0.09583,0.12874,0.52409,0.47903,-0.47037,0.52403,350.79940
0.25856,0.09573,0.12874,0.52407,0.47897,-0.47039,0.52409,350.89941
0.25856,0.09563,0.12874,0.52405,0.47892,-0.47040,0.52414,350.99941
0.25856,0.09553,0.12874,0.52403,0.47887,-0.47041,0.52420,351.09941
0.25856,0.09543,0.12873,0.52401,0.47881,-0.47044,0.52425,351.19941
0.25856,0.09533,0.12873,0.52400,0.47876,-0.47045,0.52430,351.29942
0.25857,0.09523,0.12873,0.52398,0.47871,-0.47046,0.52436,351.39942
0.25857,0.09513,0.12873,0.52396,0.47865,-0.47048,0.52441,351.49942
0.25857,0.09503,0.12873,0.52395,0.47860,-0.47049,0.52447,351.59943
0.25857,0.09493,0.12873,0.52393,0.47855,-0.47050,0.52452,351.69943
0.25857,0.09483,0.12873,0.52391,0.47850,-0.47051,0.52457,351.79943
0.25857,0.09473,0.12873,0.52389,0.47844,-0.47053,0.52463,351.89944
0.25857,0.09463,0.12873,0.52387,0.47839,-0.47054,0.52468,351.99944
0.25857,0.09453,0.12873,0.52385,0.47834,-0.47056,0.52474,352.09944
0.25857,0.09443,0.12873,0.52383,0.47828,-0.47057,0.52479,352.19945
0.25857,0.09433,0.12873,0.52382,0.47823,-0.47058,0.52485,352.29945
0.25857,0.09423,0.12873,0.52380,0.47818,-0.47060,0.52490,352.39946
0.25858,0.09413,0.12872,0.52378,0.47812,-0.47061,0.52496,352.49946
0.25858,0.09403,0.12872,0.52377,0.47807,-0.47062,0.52501,352.59946
0.25858,0.09393,0.12872,0.52375,0.47802,-0.47064,0.52506,352.69947
0.25858,0.09383,0.12872,0.52372,0.47797,-0.47065,0.52512,352.79947
0.25858,0.09373,0.12872,0.52371,0.47791,-0.47066,0.52517,352.89948
0.25858,0.09363,0.12873,0.52369,0.47786,-0.47068,0.52523,352.99948
0.25858,0.09353,0.12873,0.52368,0.47781,-0.47069,0.52528,353.09949
0.25858,0.09343,0.12872,0.52366,0.47775,-0.47070,0.52534,353.19949
0.25858,0.09333,0.12872,0.52364,0.47770,-0.47072,0.52539,353.29950
0.25858,0.09323,0.12872,0.52362,0.47765,-0.47073,0.52544,353.39950
0.25858,0.09313,0.12872,0.52360,0.47760,-0.47074,0.52550,353.49951
0.25859,0.09303,0.12872,0.52358,0.47754,-0.47075,0.52555,353.59951
0.25859,0.09293,0.12872,0.52356,0.47749,-0.47077,0.52561,353.69952
0.25859,0.09283,0.12871,0.52355,0.47744,-0.47078,0.52566,353.79953
0.25859,0.09273,0.12871,0.52353,0.47738,-0.47079,0.52572,353.89953
0.25859,0.09263,0.12872,0.52351,0.47733,-0.47081,0.52577,353.99954
0.25859,0.09253,0.12872,0.52350,0.47728,-0.47082,0.52582,354.09955
0.25859,0.09243,0.12872,0.52348,0.47722,-0.47083,0.52588,354.19955
0.25859,0.09233,0.12872,0.52346,0.47717,-0.47085,0.52593,354.29956
0.25859,0.09223,0.12872,0.52344,0.47712,-0.47086,0.52599,354.39957
0.25859,0.09213,0.12871,0.52342,0.47707,-0.47087,0.52604,354.49957
0.25859,0.09203,0.12871,0.52341,0.47701,-0.47089,0.52609,354.59958
0.25860,0.09193,0.12871,0.52339,0.47695,-0.47090,0.52615,354.69959
0.25860,0.09183,0.12872,0.52337,0.47691,-0.47091,0.52620,354.79960
0.25860,0.09173,0.12872,0.52335,0.47685,-0.47093,0.52626,354.89960
0.25860,0.09163,0.12872,0.52333,0.47680,-0.47095,0.52631,354.99961
0.25860,0.09153,0.12872,0.52331,0.47674,-0.47095,0.52637,355.09962
0.25860,0.09143,0.12871,0.52329,0.47670,-0.47097,0.52642,355.19963
0.25860,0.09133,0.12871,0.52328,0.47663,-0.47099,0.52647,355.29964
0.25860,0.09123,0.12871,0.52326,0.47658,-0.47099,0.52653,355.39965
0.25860,0.09113,0.12871,0.52324,0.47653,-0.47101,0.52658,355.49965
0.25860,0.09103,0.12872,0.52322,0.47647,-0.47102,0.52664,355.59966
0.25860,0.09093,0.12872,0.52321,0.47642,-0.47104,0.52669,355.69967
0.25860,0.09083,0.12871,0.52319,0.47638,-0.47105,0.52674,355.79968
0.25861,0.09073,0.12871,0.52317,0.47632,-0.47106,0.52680,355.89969
0.25861,0.09063,0.12871,0.52315,0.47626,-0.47108,0.52685,355.99970
0.25861,0.09053,0.12871,0.52314,0.47621,-0.47109,0.52691,356.09971
0.25861,0.09043,0.12871,0.52312,0.47616,-0.47110,0.52696,356.19972
0.25861,0.09033,0.12872,0.52310,0.47610,-0.47112,0.52701,356.29973
0.25861,0.09023,0.12872,0.52308,0.47605,-0.47113,0.52707,356.39974
0.25861,0.09013,0.12871,0.52306,0.47600,-0.47114,0.52712,356.49975
0.25861,0.09003,0.12871,0.52304,0.47595,-0.47115,0.52718,356.59976
0.25861,0.08993,0.12871,0.52302,0.47589,-0.47117,0.52723,356.69978
0.25861,0.08983,0.12871,0.52301,0.47584,-0.47118,0.52728,356.79979
0.25861,0.08973,0.12871,0.52299,0.47579,-0.47119,0.52734,356.89980
0.25862,0.08963,0.12872,0.52298,0.47574,-0.47120,0.52739,356.99981
0.25862,0.08953,0.12871,0.52296,0.47568,-0.47122,0.52745,357.09982
0.25862,0.08943,0.12871,0.52294,0.47563,-0.47123,0.52750,357.19983
0.25862,0.08933,0.12871,0.52292,0.47558,-0.47124,0.52755,357.29985
0.25862,0.08923,0.12871,0.52290,0.47552,-0.47126,0.52761,357.39986
0.25862,0.08913,0.12871,0.52289,0.47547,-0.47127,0.52766,357.49987
0.25862,0.08903,0.12872,0.52287,0.47542,-0.47128,0.52771,357.59989
0.25862,0.08893,0.12872,0.52285,0.47537,-0.47129,0.52777,357.69990
0.25862,0.08883,0.12871,0.52283,0.47531,-0.47131,0.52782,357.79991
0.25862,0.08873,0.12871,0.52281,0.47526,-0.47132,0.52788,357.89993
0.25862,0.08863,0.12871,0.52279,0.47521,-0.47133,0.52793,357.99994
0.25863,0.08853,0.12871,0.52277,0.47516,-0.47134,0.52799,358.09996
0.25863,0.08843,0.12872,0.52276,0.47510,-0.47136,0.52804,358.19997
0.25863,0.08833,0.12872,0.52274,0.47505,-0.47137,0.52809,358.29998
0.25863,0.08823,0.12872,0.52272,0.47500,-0.47138,0.52815,358.40000
0.25863,0.08813,0.12871,0.52271,0.47495,-0.47139,0.52820,358.50002
0.25863,0.08803,0.12871,0.52269,0.47489,-0.47141,0.52826,358.60003
0.25863,0.08793,0.12871,0.52267,0.47484,-0.47142,0.52831,358.70005
0.25863,0.08783,0.12872,0.52265,0.47479,-0.47143,0.52836,358.80006
0.25863,0.08773,0.12872,0.52263,0.47473,-0.47145,0.52842,358.90008
0.25863,0.08763,0.12872,0.52262,0.47468,-0.47146,0.52847,359.00010
0.25863,0.08753,0.12871,0.52260,0.47463,-0.47147,0.52852,359.10011
0.25864,0.08743,0.12871,0.52258,0.47458,-0.47148,0.52858,359.20013
0.25864,0.08733,0.12872,0.52256,0.47452,-0.47150,0.52863,359.30015
0.25864,0.08723,0.12872,0.52254,0.47446,-0.47151,0.52869,359.40016
0.25864,0.08713,0.12872,0.52252,0.47442,-0.47153,0.52874,359.50018
0.25864,0.08703,0.12872,0.52251,0.47437,-0.47154,0.52879,359.60020
0.25864,0.08693,0.12872,0.52249,0.47431,-0.47155,0.52885,359.70022
0.25864,0.08683,0.12871,0.52247,0.47425,-0.47156,0.52890,359.80024
0.25864,0.08673,0.12872,0.52246,0.47421,-0.47158,0.52895,359.90026
0.25864,0.08663,0.12872,0.52244,0.47415,-0.47159,0.52901,360.00027
0.25864,0.08653,0.12872,0.52242,0.47410,-0.47160,0.52906,360.10029
0.25864,0.08643,0.12872,0.52240,0.47404,-0.47162,0.52912,360.20031
0.25865,0.08633,0.12872,0.52238,0.47399,-0.47163,0.52917,360.30033
0.25865,0.08623,0.12873,0.52237,0.47394,-0.47164,0.52922,360.40035
0.25865,0.08613,0.12872,0.52235,0.47388,-0.47165,0.52928,360.50037
0.25865,0.08603,0.12872,0.52233,0.47383,-0.47166,0.52933,360.60039
0.25865,0.08593,0.12872,0.52231,0.47378,-0.47168,0.52938,360.70042
0.25865,0.08583,0.12872,0.52229,0.47373,-0.47169,0.52944,360.80044
0.25865,0.08573,0.12873,0.52228,0.47368,-0.47170,0.52949,360.90046
0.25865,0.08563,0.12873,0.52226,0.47363,-0.47171,0.52954,361.00048
0.25865,0.08553,0.12872,0.52224,0.47357,-0.47173,0.52959,361.10050
0.25865,0.08543,0.12872,0.52222,0.47352,-0.47174,0.52964,361.20052
0.25865,0.08533,0.12873,0.52220,0.47347,-0.47175,0.52970,361.30055
0.25865,0.08523,0.12873,0.52219,0.47341,-0.47176,0.52976,361.40057
0.25866,0.08513,0.12873,0.52217,0.47336,-0.47177,0.52981,361.50059
0.25866,0.08503,0.12873,0.52215,0.47331,-0.47179,0.52986,361.60062
0.25866,0.08493,0.12873,0.52214,0.47326,-0.47180,0.52991,361.70064
0.25866,0.08483,0.12873,0.52212,0.47320,-0.47181,0.52997,361.80067
0.25866,0.08473,0.12873,0.52210,0.47315,-0.47182,0.53003,361.90069
0.25866,0.08463,0.12873,0.52208,0.47310,-0.47183,0.53008,362.00071
0.25866,0.08453,0.12873,0.52206,0.47305,-0.47185,0.53013,362.10074
0.25866,0.08443,0.12874,0.52204,0.47299,-0.47186,0.53019,362.20077
0.25866,0.08433,0.12874,0.52202,0.47294,-0.47187,0.53024,362.30079
0.25866,0.08423,0.12873,0.52201,0.47289,-0.47188,0.53029,362.40082
0.25866,0.08413,0.12873,0.52199,0.47284,-0.47189,0.53034,362.50084
0.25867,0.08403,0.12873,0.52197,0.47279,-0.47191,0.53039,362.60087
0.25867,0.08393,0.12874,0.52196,0.47273,-0.47192,0.53045,362.70090
0.25867,0.08383,0.12874,0.52194,0.47268,-0.47193,0.53051,362.80092
0.25867,0.08373,0.12874,0.52192,0.47263,-0.47194,0.53056,362.90095
0.25867,0.08363,0.12874,0.52191,0.47258,-0.47195,0.53061,363.00098
0.25867,0.08353,0.12874,0.52189,0.47252,-0.47197,0.53066,363.10101
0.25867,0.08343,0.12874,0.52187,0.47247,-0.47198,0.53072,363.20104
0.25867,0.08333,0.12874,0.52185,0.47242,-0.47200,0.53077,363.30107
0.25867,0.08323,0.12874,0.52183,0.47237,-0.47200,0.53083,363.40110
0.25867,0.08313,0.12875,0.52181,0.47232,-0.47202,0.53088,363.50112
0.25867,0.08303,0.12875,0.52180,0.47226,-0.47203,0.53092,363.60115
0.25868,0.08293,0.12875,0.52178,0.47220,-0.47204,0.53098,363.70118
0.25868,0.08283,0.12874,0.52176,0.47216,-0.47205,0.53103,363.80122
0.25868,0.08273,0.12875,0.52174,0.47211,-0.47207,0.53109,363.90125
0.25868,0.08263,0.12875,0.52173,0.47205,-0.47208,0.53115,364.00128
0.25868,0.08253,0.12875,0.52171,0.47200,-0.47209,0.53120,364.10131
0.25868,0.08243,0.12875,0.52169,0.47194,-0.47211,0.53124,364.20134
0.25868,0.08233,0.12876,0.52167,0.47189,-0.47211,0.53130,364.30137
0.25868,0.08223,0.12875,0.52166,0.47184,-0.47213,0.53135,364.40141
0.25868,0.08213,0.12875,0.52164,0.47179,-0.47214,0.53141,364.50144
0.25868,0.08203,0.12875,0.52162,0.47174,-0.47215,0.53147,364.60147
0.25868,0.08193,0.12876,0.52160,0.47169,-0.47216,0.53152,364.70151
0.25869,0.08183,0.12876,0.52159,0.47163,-0.47218,0.53156,364.80154
0.25869,0.08173,0.12876,0.52157,0.47158,-0.47218,0.53162,364.90157
0.25869,0.08163,0.12876,0.52155,0.47152,-0.47220,0.53168,365.00161
0.25869,0.08153,0.12876,0.52153,0.47147,-0.47221,0.53173,365.10164
0.25869,0.08143,0.12876,0.52151,0.47143,-0.47222,0.53178,365.20168
0.25869,0.08133,0.12876,0.52149,0.47137,-0.47223,0.53184,365.30172
0.25869,0.08123,0.12876,0.52148,0.47132,-0.47224,0.53188,365.40175
0.25869,0.08113,0.12877,0.52147,0.47126,-0.47226,0.53194,365.50179
0.25869,0.08103,0.12877,0.52144,0.47121,-0.47227,0.53199,365.60183
0.25869,0.08093,0.12876,0.52143,0.47116,-0.47228,0.53205,365.70186
0.25869,0.08083,0.12877,0.52141,0.47111,-0.47229,0.53210,365.80190
0.25869,0.08073,0.12877,0.52139,0.47106,-0.47230,0.53215,365.90194
0.25870,0.08063,0.12877,0.52138,0.47101,-0.47231,0.53220,366.00198
0.25870,0.08053,0.12877,0.52136,0.47095,-0.47232,0.53226,366.10202
0.25870,0.08043,0.12878,0.52134,0.47090,-0.47234,0.53231,366.20205
0.25870,0.08033,0.12878,0.52132,0.47085,-0.47235,0.53236,366.30209
0.25870,0.08023,0.12877,0.52130,0.47080,-0.47236,0.53242,366.40213
0.25870,0.08013,0.12877,0.52129,0.47075,-0.47237,0.53246,366.50217
0.25870,0.08003,0.12878,0.52127,0.47069,-0.47238,0.53252,366.60221
0.25870,0.07993,0.12878,0.52125,0.47064,-0.47239,0.53258,366.70226
0.25870,0.07983,0.12878,0.52124,0.47059,-0.47240,0.53263,366.80230
0.25870,0.07973,0.12879,0.52122,0.47054,-0.47242,0.53268,366.90234
0.25870,0.07963,0.12879,0.52120,0.47049,-0.47243,0.53273,367.00238
0.25871,0.07953,0.12878,0.52118,0.47044,-0.47244,0.53278,367.10242
0.25871,0.07943,0.12879,0.52117,0.47038,-0.47245,0.53284,367.20247
0.25871,0.07933,0.12879,0.52115,0.47033,-0.47246,0.53289,367.30251
0.25871,0.07923,0.12879,0.52113,0.47028,-0.47247,0.53295,367.40255
0.25871,0.07913,0.12879,0.52112,0.47023,-0.47248,0.53299,367.50260
0.25871,0.07903,0.12880,0.52110,0.47018,-0.47249,0.53304,367.60264
0.25871,0.07893,0.12879,0.52108,0.47013,-0.47250,0.53310,367.70269
0.25871,0.07883,0.12879,0.52106,0.47007,-0.47252,0.53316,367.80273
0.25871,0.07873,0.12880,0.52104,0.47002,-0.47254,0.53321,367.90278
0.25871,0.07863,0.12880,0.52103,0.46997,-0.47254,0.53325,368.00282
0.25871,0.07853,0.12880,0.52101,0.46992,-0.47255,0.53331,368.10287
0.25872,0.07843,0.12881,0.52099,0.46987,-0.47256,0.53336,368.20292
0.25872,0.07833,0.12881,0.52097,0.46982,-0.47258,0.53341,368.30297
0.25872,0.07823,0.12880,0.52096,0.46976,-0.47259,0.53347,368.40301
0.25872,0.07813,0.12880,0.52094,0.46971,-0.47260,0.53352,368.50306
0.25872,0.07803,0.12881,0.52093,0.46966,-0.47261,0.53357,368.60311
0.25872,0.07793,0.12881,0.52091,0.46961,-0.47262,0.53363,368.70316
0.25872,0.07783,0.12881,0.52089,0.46956,-0.47263,0.53368,368.80321
0.25872,0.07773,0.12882,0.52087,0.46950,-0.47265,0.53373,368.90326
0.25872,0.07763,0.12881,0.52086,0.46945,-0.47265,0.53378,369.00331
0.25872,0.07753,0.12881,0.52084,0.46940,-0.47267,0.53383,369.10336
0.25872,0.07743,0.12882,0.52082,0.46934,-0.47268,0.53389,369.20341
0.25872,0.07733,0.12882,0.52080,0.46929,-0.47269,0.53394,369.30346
0.25873,0.07723,0.12882,0.52079,0.46924,-0.47270,0.53399,369.40351
0.25873,0.07713,0.12883,0.52077,0.46919,-0.47271,0.53404,369.50357
0.25873,0.07703,0.12883,0.52075,0.46914,-0.47272,0.53410,369.60362
0.25873,0.07693,0.12882,0.52073,0.46909,-0.47273,0.53415,369.70367
0.25873,0.07683,0.12883,0.52072,0.46904,-0.47274,0.53421,369.80373
0.25873,0.07673,0.12883,0.52071,0.46898,-0.47275,0.53425,369.90378
0.25873,0.07663,0.12883,0.52069,0.46893,-0.47276,0.53431,370.00384
0.25873,0.07653,0.12884,0.52067,0.46888,-0.47277,0.53436,370.10389
0.25873,0.07643,0.12884,0.52065,0.46883,-0.47278,0.53441,370.20395
0.25873,0.07633,0.12884,0.52063,0.46878,-0.47279,0.53447,370.30400
0.25873,0.07623,0.12884,0.52062,0.46873,-0.47281,0.53451,370.40406
0.25874,0.07613,0.12884,0.52059,0.46868,-0.47282,0.53457,370.50411
0.25874,0.07603,0.12884,0.52058,0.46862,-0.47283,0.53462,370.60417
0.25874,0.07593,0.12885,0.52056,0.46857,-0.47284,0.53467,370.70423
0.25874,0.07583,0.12885,0.52055,0.46852,-0.47285,0.53472,370.80429
0.25874,0.07573,0.12885,0.52053,0.46847,-0.47286,0.53477,370.90435
0.25874,0.07563,0.12885,0.52051,0.46842,-0.47287,0.53483,371.00441
0.25874,0.07553,0.12885,0.52049,0.46837,-0.47288,0.53488,371.10447
0.25874,0.07543,0.12885,0.52048,0.46832,-0.47289,0.53493,371.20453
0.25874,0.07533,0.12886,0.52046,0.46827,-0.47290,0.53498,371.30459
0.25874,0.07523,0.12886,0.52044,0.46821,-0.47291,0.53504,371.40465
0.25874,0.07513,0.12886,0.52043,0.46816,-0.47292,0.53509,371.50471
0.25875,0.07503,0.12887,0.52041,0.46811,-0.47293,0.53514,371.60477
0.25875,0.07493,0.12886,0.52040,0.46806,-0.47294,0.53519,371.70483
0.25875,0.07483,0.12886,0.52038,0.46801,-0.47295,0.53524,371.80489
0.25875,0.07473,0.12887,0.52036,0.46796,-0.47296,0.53530,371.90496
0.25875,0.07463,0.12887,0.52035,0.46791,-0.47297,0.53535,372.00502
0.25875,0.07453,0.12888,0.52033,0.46786,-0.47298,0.53540,372.10509
0.25875,0.07443,0.12888,0.52031,0.46781,-0.47299,0.53545,372.20515
0.25875,0.07433,0.12888,0.52029,0.46776,-0.47301,0.53550,372.30522
0.25875,0.07423,0.12888,0.52028,0.46770,-0.47301,0.53556,372.40528
0.25875,0.07413,0.12888,0.52026,0.46765,-0.47302,0.53561,372.50535
0.25875,0.07403,0.12888,0.52024,0.46760,-0.47304,0.53566,372.60541
0.25875,0.07393,0.12889,0.52022,0.46755,-0.47305,0.53571,372.70548
0.25876,0.07383,0.12889,0.52021,0.46750,-0.47306,0.53576,372.80555
0.25876,0.07373,0.12889,0.52020,0.46745,-0.47307,0.53581,372.90562
0.25876,0.07363,0.12889,0.52017,0.46740,-0.47308,0.53587,373.00568
0.25876,0.07353,0.12889,0.52016,0.46735,-0.47309,0.53592,373.10575
0.25876,0.07343,0.12890,0.52015,0.46730,-0.47310,0.53597,373.20582
0.25876,0.07333,0.12890,0.52013,0.46725,-0.47311,0.53602,373.30589
0.25876,0.07323,0.12890,0.52011,0.46720,-0.47312,0.53607,373.40596
0.25876,0.07313,0.12891,0.52009,0.46714,-0.47313,0.53613,373.50603
0.25876,0.07303,0.12891,0.52008,0.46709,-0.47314,0.53618,373.60610
0.25876,0.07293,0.12890,0.52006,0.46704,-0.47315,0.53623,373.70618
0.25876,0.07283,0.12891,0.52004,0.46699,-0.47316,0.53628,373.80625
0.25877,0.07273,0.12891,0.52002,0.46694,-0.47317,0.53633,373.90632
0.25877,0.07263,0.12892,0.52001,0.46689,-0.47318,0.53638,374.00639
0.25877,0.07253,0.12892,0.51999,0.46684,-0.47319,0.53643,374.10647
0.25877,0.07243,0.12892,0.51997,0.46678,-0.47320,0.53649,374.20654
0.25877,0.07232,0.12892,0.51996,0.46673,-0.47321,0.53654,374.30662
0.25877,0.07222,0.12892,0.51994,0.46668,-0.47322,0.53659,374.40669
0.25877,0.07212,0.12893,0.51993,0.46663,-0.47323,0.53664,374.50677
0.25877,0.07202,0.12893,0.51991,0.46658,-0.47324,0.53669,374.60685
0.25877,0.07192,0.12893,0.51990,0.46653,-0.47325,0.53674,374.70692
0.25877,0.07182,0.12894,0.51987,0.46648,-0.47326,0.53680,374.80700
0.25877,0.07172,0.12894,0.51986,0.46643,-0.47327,0.53685,374.90708
0.25877,0.07162,0.12893,0.51984,0.46638,-0.47328,0.53690,375.00716
0.25878,0.07152,0.12894,0.51983,0.46633,-0.47329,0.53695,375.10723
0.25878,0.07142,0.12894,0.51981,0.46628,-0.47330,0.53700,375.20731
0.25878,0.07132,0.12895,0.51979,0.46623,-0.47331,0.53705,375.30739
0.25878,0.07122,0.12895,0.51978,0.46617,-0.47332,0.53710,375.40747
0.25878,0.07112,0.12895,0.51977,0.46612,-0.47333,0.53716,375.50756
0.25878,0.07102,0.12896,0.51974,0.46607,-0.47333,0.53721,375.60764
0.25878,0.07092,0.12895,0.51973,0.46602,-0.47334,0.53726,375.70772
0.25878,0.07082,0.12896,0.51971,0.46597,-0.47335,0.53731,375.80780
0.25878,0.07072,0.12896,0.51970,0.46592,-0.47336,0.53736,375.90788
0.25878,0.07062,0.12897,0.51968,0.46587,-0.47337,0.53741,376.00797
0.25878,0.07052,0.12897,0.51967,0.46582,-0.47338,0.53746,376.10805
0.25879,0.07042,0.12897,0.51965,0.46577,-0.47339,0.53751,376.20814
0.25879,0.07032,0.12897,0.51963,0.46572,-0.47341,0.53756,376.30822
0.25879,0.07022,0.12897,0.51962,0.46567,-0.47341,0.53762,376.40831
0.25879,0.07012,0.12898,0.51960,0.46562,-0.47342,0.53767,376.50839
0.25879,0.07002,0.12898,0.51958,0.46557,-0.47343,0.53772,376.60848
0.25879,0.06992,0.12898,0.51957,0.46552,-0.47344,0.53777,376.70857
0.25879,0.06982,0.12899,0.51955,0.46547,-0.47345,0.53782,376.80865
0.25879,0.06972,0.12899,0.51953,0.46542,-0.47346,0.53787,376.90874
0.25879,0.06962,0.12899,0.51952,0.46537,-0.47347,0.53792,377.00883
0.25879,0.06952,0.12899,0.51950,0.46532,-0.47348,0.53797,377.10892
0.25879,0.06942,0.12900,0.51948,0.46527,-0.47349,0.53802,377.20901
0.25879,0.06932,0.12900,0.51947,0.46522,-0.47350,0.53807,377.30910
0.25880,0.06922,0.12900,0.51945,0.46517,-0.47350,0.53813,377.40919
0.25880,0.06912,0.12901,0.51943,0.46512,-0.47352,0.53818,377.50928
0.25880,0.06902,0.12900,0.51942,0.46506,-0.47352,0.53823,377.60938
0.25880,0.06892,0.12901,0.51940,0.46502,-0.47354,0.53828,377.70947
0.25880,0.06882,0.12901,0.51939,0.46497,-0.47355,0.53833,377.80956
0.25880,0.06872,0.12902,0.51938,0.46492,-0.47355,0.53838,377.90966
0.25880,0.06862,0.12902,0.51936,0.46487,-0.47356,0.53843,378.00975
0.25880,0.06852,0.12902,0.51934,0.46482,-0.47357,0.53848,378.10984
0.25880,0.06842,0.12903,0.51933,0.46477,-0.47358,0.53853,378.20994
0.25880,0.06832,0.12902,0.51931,0.46472,-0.47359,0.53858,378.31004
0.25880,0.06822,0.12903,0.51929,0.46467,-0.47360,0.53863,378.41013
0.25881,0.06812,0.12903,0.51928,0.46461,-0.47361,0.53868,378.51023
0.25881,0.06802,0.12904,0.51926,0.46457,-0.47362,0.53873,378.61033
0.25881,0.06792,0.12904,0.51924,0.46452,-0.47362,0.53879,378.71042
0.25881,0.06782,0.12904,0.51923,0.46446,-0.47363,0.53884,378.81052
0.25881,0.06772,0.12905,0.51921,0.46441,-0.47364,0.53889,378.91062
0.25881,0.06762,0.12904,0.51920,0.46436,-0.47365,0.53894,379.01072
0.25881,0.06752,0.12905,0.51918,0.46431,-0.47366,0.53899,379.11082
0.25881,0.06742,0.12905,0.51917,0.46426,-0.47367,0.53904,379.21092
0.25881,0.06732,0.12906,0.51915,0.46421,-0.47368,0.53909,379.31103
0.25881,0.06722,0.12906,0.51914,0.46416,-0.47368,0.53914,379.41113
0.25881,0.06712,0.12907,0.51912,0.46411,-0.47369,0.53919,379.51123
0.25882,0.06702,0.12906,0.51911,0.46407,-0.47370,0.53924,379.61133
0.25882,0.06692,0.12907,0.51909,0.46402,-0.47371,0.53929,379.71144
0.25882,0.06682,0.12907,0.51907,0.46397,-0.47372,0.53934,379.81154
0.25882,0.06672,0.12907,0.51906,0.46392,-0.47373,0.53939,379.91165
0.25882,0.06662,0.12908,0.51904,0.46387,-0.47374,0.53944,380.01175
0.25882,0.06652,0.12908,0.51902,0.46382,-0.47374,0.53949,380.11186
0.25882,0.06642,0.12909,0.51901,0.46377,-0.47375,0.53954,380.21196
0.25882,0.06632,0.12908,0.51899,0.46372,-0.47376,0.53959,380.31207
0.25882,0.06622,0.12909,0.51898,0.46367,-0.47377,0.53964,380.41218
0.25882,0.06612,0.12909,0.51896,0.46362,-0.47378,0.53969,380.51229
0.25882,0.06602,0.12910,0.51894,0.46357,-0.47379,0.53974,380.61240
0.25882,0.06592,0.12910,0.51894,0.46352,-0.47379,0.53979,380.71251
0.25883,0.06582,0.12911,0.51892,0.46347,-0.47380,0.53984,380.81262
0.25883,0.06572,0.12910,0.51890,0.46342,-0.47382,0.53989,380.91273
0.25883,0.06562,0.12911,0.51889,0.46337,-0.47382,0.53994,381.01284
0.25883,0.06552,0.12911,0.51887,0.46332,-0.47384,0.53999,381.11295
0.25883,0.06542,0.12912,0.51886,0.46327,-0.47384,0.54004,381.21306
0.25883,0.06532,0.12912,0.51884,0.46323,-0.47384,0.54009,381.31318
0.25883,0.06522,0.12912,0.51882,0.46318,-0.47386,0.54014,381.41329
0.25883,0.06512,0.12913,0.51881,0.46313,-0.47386,0.54019,381.51340
0.25883,0.06502,0.12912,0.51879,0.46308,-0.47387,0.54024,381.61352
0.25883,0.06492,0.12913,0.51878,0.46303,-0.47388,0.54029,381.71363
0.25883,0.06482,0.12913,0.51876,0.46298,-0.47389,0.54034,381.81375
0.25883,0.06472,0.12914,0.51874,0.46293,-0.47390,0.54039,381.91387
0.25884,0.06462,0.12914,0.51873,0.46288,-0.47391,0.54044,382.01398
0.25884,0.06452,0.12915,0.51871,0.46283,-0.47392,0.54049,382.11410
0.25884,0.06442,0.12915,0.51871,0.46278,-0.47392,0.54054,382.21422
0.25884,0.06432,0.12915,0.51869,0.46273,-0.47393,0.54059,382.31434
0.25884,0.06422,0.12915,0.51867,0.46268,-0.47393,0.54064,382.41446
0.25884,0.06412,0.12916,0.51865,0.46263,-0.47395,0.54069,382.51458
0.25884,0.06402,0.12916,0.51864,0.46259,-0.47395,0.54074,382.61470
0.25884,0.06392,0.12917,0.51863,0.46254,-0.47396,0.54079,382.71482
0.25884,0.06382,0.12917,0.51861,0.46249,-0.47397,0.54084,382.81494
0.25884,0.06372,0.12917,0.51860,0.46243,-0.47398,0.54089,382.91507
0.25884,0.06362,0.12917,0.51858,0.46239,-0.47398,0.54094,383.01519
0.25885,0.06352,0.12918,0.51856,0.46234,-0.47399,0.54099,383.11531
0.25885,0.06342,0.12918,0.51855,0.46228,-0.47400,0.54104,383.21544
0.25885,0.06332,0.12919,0.51853,0.46224,-0.47401,0.54109,383.31556
0.25885,0.06322,0.12919,0.51852,0.46219,-0.47401,0.54114,383.41569
0.25885,0.06312,0.12920,0.51850,0.46214,-0.47402,0.54119,383.51581
0.25885,0.06302,0.12919,0.51849,0.46209,-0.47403,0.54124,383.61594
0.25885,0.06292,0.12920,0.51847,0.46204,-0.47404,0.54129,383.71607
0.25885,0.06282,0.12920,0.51846,0.46199,-0.47404,0.54134,383.81620
0.25885,0.06272,0.12921,0.51845,0.46194,-0.47405,0.54139,383.91633
0.25885,0.06262,0.12921,0.51843,0.46190,-0.47406,0.54143,384.01645
0.25885,0.06252,0.12922,0.51842,0.46185,-0.47407,0.54148,384.11658
0.25885,0.06242,0.12922,0.51840,0.46180,-0.47407,0.54153,384.21672
0.25886,0.06232,0.12922,0.51839,0.46175,-0.47408,0.54158,384.31685
0.25886,0.06222,0.12922,0.51837,0.46170,-0.47409,0.54163,384.41698
0.25886,0.06212,0.12923,0.51836,0.46165,-0.47410,0.54168,384.51711
0.25886,0.06202,0.12923,0.51834,0.46160,-0.47410,0.54173,384.61724
0.25886,0.06192,0.12924,0.51833,0.46156,-0.47411,0.54177,384.71738
0.25886,0.06182,0.12924,0.51831,0.46151,-0.47412,0.54183,384.81751
0.25886,0.06172,0.12924,0.51830,0.46146,-0.47412,0.54188,384.91765
0.25886,0.06162,0.12924,0.51828,0.46141,-0.47413,0.54193,385.01778
0.25886,0.06152,0.12925,0.51827,0.46136,-0.47414,0.54197,385.11792
0.25886,0.06142,0.12925,0.51826,0.46131,-0.47415,0.54202,385.21806
0.25886,0.06132,0.12926,0.51825,0.46126,-0.47415,0.54207,385.31819
0.25887,0.06122,0.12927,0.51822,0.46122,-0.47416,0.54212,385.41833
0.25887,0.06112,0.12927,0.51821,0.46117,-0.47417,0.54217,385.51847
0.25887,0.06102,0.12927,0.51820,0.46112,-0.47417,0.54222,385.61861
0.25887,0.06092,0.12927,0.51818,0.46107,-0.47418,0.54227,385.71875
0.25887,0.06082,0.12928,0.51817,0.46102,-0.47419,0.54232,385.81889
0.25887,0.06072,0.12928,0.51815,0.46098,-0.47419,0.54237,385.91903
0.25887,0.06062,0.12929,0.51814,0.46093,-0.47420,0.54241,386.01917
0.25887,0.06052,0.12929,0.51812,0.46088,-0.47421,0.54246,386.11932
0.25887,0.06042,0.12929,0.51811,0.46083,-0.47422,0.54251,386.21946
0.25887,0.06032,0.12929,0.51809,0.46078,-0.47423,0.54256,386.31960
0.25887,0.06022,0.12930,0.51808,0.46074,-0.47423,0.54260,386.41975
0.25887,0.06012,0.12930,0.51806,0.46069,-0.47424,0.54266,386.51989
0.25888,0.06002,0.12931,0.51805,0.46064,-0.47424,0.54271,386.62004
0.25888,0.05992,0.12931,0.51803,0.46059,-0.47426,0.54276,386.72018
0.25888,0.05982,0.12932,0.51802,0.46054,-0.47426,0.54281,386.82033
0.25888,0.05972,0.12932,0.51801,0.46050,-0.47427,0.54285,386.92048
0.25888,0.05962,0.12932,0.51799,0.46045,-0.47428,0.54289,387.02063
0.25888,0.05952,0.12933,0.51798,0.46040,-0.47428,0.54295,387.12078
0.25888,0.05942,0.12933,0.51797,0.46035,-0.47429,0.54300,387.22093
0.25888,0.05932,0.12934,0.51795,0.46029,-0.47430,0.54304,387.32108
0.25888,0.05922,0.12934,0.51794,0.46025,-0.47430,0.54309,387.42123
0.25888,0.05912,0.12935,0.51792,0.46020,-0.47430,0.54314,387.52138
0.25888,0.05902,0.12934,0.51791,0.46016,-0.47431,0.54319,387.62153
0.25889,0.05892,0.12935,0.51790,0.46011,-0.47432,0.54324,387.72168
0.25889,0.05882,0.12936,0.51788,0.46006,-0.47433,0.54328,387.82184
0.25889,0.05872,0.12936,0.51787,0.46001,-0.47433,0.54333,387.92199
0.25889,0.05862,0.12937,0.51785,0.45996,-0.47434,0.54338,388.02215
0.25889,0.05852,0.12937,0.51784,0.45991,-0.47435,0.54343,388.12230
0.25889,0.05842,0.12937,0.51783,0.45987,-0.47435,0.54348,388.22246
0.25889,0.05832,0.12937,0.51781,0.45982,-0.47436,0.54352,388.32261
0.25889,0.05822,0.12938,0.51780,0.45977,-0.47436,0.54357,388.42277
0.25889,0.05812,0.12938,0.51778,0.45972,-0.47437,0.54362,388.52293
0.25889,0.05802,0.12939,0.51777,0.45967,-0.47438,0.54367,388.62309
0.25889,0.05792,0.12940,0.51776,0.45963,-0.47438,0.54372,388.72325
0.25889,0.05782,0.12940,0.51774,0.45958,-0.47439,0.54376,388.82341
0.25890,0.05772,0.12940,0.51773,0.45953,-0.47439,0.54382,388.92357
0.25890,0.05762,0.12940,0.51772,0.45948,-0.47440,0.54386,389.02373
0.25890,0.05752,0.12941,0.51770,0.45944,-0.47441,0.54391,389.12389
0.25890,0.05742,0.12941,0.51769,0.45939,-0.47441,0.54396,389.22405
0.25890,0.05732,0.12942,0.51768,0.45934,-0.47442,0.54400,389.32422
0.25890,0.05722,0.12943,0.51766,0.45930,-0.47442,0.54405,389.42438
0.25890,0.05712,0.12942,0.51765,0.45925,-0.47443,0.54410,389.52455
0.25890,0.05702,0.12943,0.51763,0.45920,-0.47444,0.54415,389.62471
0.25890,0.05692,0.12943,0.51762,0.45915,-0.47444,0.54420,389.72488
0.25890,0.05682,0.12944,0.51760,0.45911,-0.47445,0.54424,389.82504
0.25890,0.05672,0.12944,0.51759,0.45906,-0.47445,0.54429,389.92521
0.25890,0.05662,0.12945,0.51758,0.45901,-0.47446,0.54434,390.02538
0.25891,0.05652,0.12946,0.51756,0.45897,-0.47446,0.54439,390.12555
0.25891,0.05642,0.12945,0.51755,0.45892,-0.47447,0.54443,390.22572
0.25891,0.05632,0.12946,0.51754,0.45887,-0.47448,0.54449,390.32589
0.25891,0.05622,0.12946,0.51753,0.45882,-0.47448,0.54453,390.42606
0.25891,0.05612,0.12947,0.51751,0.45878,-0.47449,0.54458,390.52623
0.25891,0.05602,0.12948,0.51750,0.45873,-0.47450,0.54463,390.62640
0.25891,0.05592,0.12948,0.51749,0.45868,-0.47450,0.54467,390.72657
0.25891,0.05582,0.12949,0.51747,0.45864,-0.47450,0.54472,390.82675
0.25891,0.05572,0.12948,0.51746,0.45859,-0.47451,0.54477,390.92692
0.25891,0.05562,0.12949,0.51745,0.45854,-0.47452,0.54481,391.02710
0.25891,0.05552,0.12949,0.51743,0.45850,-0.47452,0.54486,391.12727
0.25892,0.05541,0.12950,0.51742,0.45845,-0.47452,0.54491,391.22745
0.25892,0.05531,0.12951,0.51741,0.45839,-0.47453,0.54496,391.32762
0.25892,0.05521,0.12951,0.51739,0.45836,-0.47454,0.54500,391.42780
0.25892,0.05511,0.12951,0.51738,0.45831,-0.47454,0.54505,391.52798
0.25892,0.05501,0.12951,0.51736,0.45826,-0.47455,0.54510,391.62816
0.25892,0.05491,0.12952,0.51735,0.45822,-0.47456,0.54514,391.72834
0.25892,0.05481,0.12953,0.51734,0.45817,-0.47456,0.54519,391.82852
0.25892,0.05471,0.12953,0.51732,0.45812,-0.47457,0.54524,391.92870
0.25892,0.05461,0.12954,0.51731,0.45807,-0.47457,0.54529,392.02888
0.25892,0.05451,0.12954,0.51730,0.45802,-0.47458,0.54533,392.12906
0.25892,0.05441,0.12954,0.51729,0.45798,-0.47458,0.54538,392.22924
0.25892,0.05431,0.12955,0.51727,0.45793,-0.47459,0.54543,392.32943
0.25893,0.05421,0.12955,0.51727,0.45789,-0.47459,0.54547,392.42961
0.25893,0.05411,0.12956,0.51725,0.45784,-0.47460,0.54552,392.52980
0.25893,0.05401,0.12956,0.51724,0.45779,-0.47460,0.54557,392.62998
0.25893,0.05391,0.12957,0.51723,0.45774,-0.47461,0.54561,392.73017
0.25893,0.05381,0.12957,0.51721,0.45770,-0.47461,0.54566,392.83036
0.25893,0.05371,0.12957,0.51720,0.45765,-0.47462,0.54571,392.93054
0.25893,0.05361,0.12958,0.51719,0.45760,-0.47462,0.54576,393.03073
0.25893,0.05351,0.12959,0.51717,0.45756,-0.47463,0.54580,393.13092
0.25893,0.05341,0.12959,0.51716,0.45751,-0.47463,0.54585,393.23111
0.25893,0.05331,0.12960,0.51715,0.45746,-0.47464,0.54590,393.33130
0.25893,0.05321,0.12960,0.51713,0.45742,-0.47464,0.54594,393.43149
0.25893,0.05311,0.12960,0.51712,0.45737,-0.47465,0.54599,393.53168
0.25894,0.05301,0.12961,0.51711,0.45732,-0.47465,0.54604,393.63188
0.25894,0.05291,0.12961,0.51709,0.45728,-0.47466,0.54608,393.73207
0.25894,0.05281,0.12962,0.51709,0.45723,-0.47466,0.54613,393.83226
0.25894,0.05271,0.12963,0.51707,0.45719,-0.47466,0.54618,393.93246
0.25894,0.05261,0.12963,0.51706,0.45714,-0.47467,0.54622,394.03265
0.25894,0.05251,0.12964,0.51705,0.45709,-0.47467,0.54627,394.13285
0.25894,0.05241,0.12963,0.51703,0.45705,-0.47468,0.54632,394.23305
0.25894,0.05231,0.12964,0.51703,0.45700,-0.47468,0.54636,394.33324
0.25894,0.05221,0.12965,0.51701,0.45696,-0.47469,0.54641,394.43344
0.25894,0.05211,0.12965,0.51700,0.45691,-0.47469,0.54645,394.53364
0.25894,0.05201,0.12966,0.51699,0.45686,-0.47470,0.54650,394.63384
0.25895,0.05191,0.12967,0.51697,0.45682,-0.47470,0.54655,394.73404
0.25895,0.05181,0.12966,0.51696,0.45677,-0.47470,0.54659,394.83424
0.25895,0.05171,0.12967,0.51695,0.45673,-0.47471,0.54664,394.93444
0.25895,0.05161,0.12967,0.51694,0.45668,-0.47471,0.54669,395.03464
0.25895,0.05151,0.12968,0.51692,0.45664,-0.47472,0.54673,395.13485
0.25895,0.05141,0.12969,0.51691,0.45659,-0.47472,0.54678,395.23505
0.25895,0.05131,0.12969,0.51691,0.45654,-0.47473,0.54682,395.33525
0.25895,0.05121,0.12970,0.51688,0.45650,-0.47473,0.54687,395.43546
0.25895,0.05111,0.12970,0.51688,0.45645,-0.47473,0.54692,395.53566
0.25895,0.05101,0.12970,0.51686,0.45641,-0.47474,0.54696,395.63587
0.25895,0.05091,0.12971,0.51686,0.45636,-0.47474,0.54701,395.73608
0.25895,0.05081,0.12972,0.51684,0.45632,-0.47475,0.54705,395.83628
0.25896,0.05071,0.12972,0.51683,0.45627,-0.47475,0.54710,395.93649
0.25896,0.05061,0.12973,0.51682,0.45623,-0.47475,0.54715,396.03670
0.25896,0.05051,0.12973,0.51681,0.45618,-0.47476,0.54719,396.13691
0.25896,0.05041,0.12973,0.51679,0.45614,-0.47476,0.54724,396.23712
0.25896,0.05031,0.12974,0.51678,0.45609,-0.47477,0.54728,396.33733
0.25896,0.05021,0.12974,0.51677,0.45604,-0.47477,0.54733,396.43755
0.25896,0.05011,0.12975,0.51676,0.45599,-0.47477,0.54738,396.53776
0.25896,0.05001,0.12976,0.51675,0.45595,-0.47478,0.54742,396.63797
0.25896,0.04991,0.12976,0.51673,0.45590,-0.47478,0.54747,396.73819
0.25896,0.04981,0.12976,0.51672,0.45586,-0.47479,0.54751,396.83840
0.25896,0.04971,0.12977,0.51671,0.45581,-0.47479,0.54756,396.93862
0.25896,0.04961,0.12977,0.51670,0.45576,-0.47480,0.54760,397.03883
0.25897,0.04951,0.12978,0.51668,0.45573,-0.47480,0.54765,397.13905
0.25897,0.04941,0.12979,0.51668,0.45567,-0.47480,0.54770,397.23927
0.25897,0.04931,0.12979,0.51666,0.45563,-0.47481,0.54774,397.33948
0.25897,0.04921,0.12980,0.51665,0.45558,-0.47481,0.54779,397.43970
0.25897,0.04911,0.12980,0.51665,0.45554,-0.47481,0.54783,397.53992
0.25897,0.04901,0.12980,0.51663,0.45549,-0.47482,0.54788,397.64014
0.25897,0.04891,0.12981,0.51662,0.45545,-0.47482,0.54792,397.74036
0.25897,0.04881,0.12982,0.51661,0.45540,-0.47482,0.54797,397.84059
0.25897,0.04871,0.12982,0.51660,0.45536,-0.47483,0.54801,397.94081
0.25897,0.04861,0.12983,0.51659,0.45531,-0.47483,0.54806,398.04103
0.25897,0.04851,0.12983,0.51657,0.45527,-0.47483,0.54810,398.14126
0.25898,0.04841,0.12983,0.51656,0.45522,-0.47484,0.54815,398.24148
0.25898,0.04831,0.12984,0.51655,0.45518,-0.47484,0.54819,398.34171
0.25898,0.04821,0.12985,0.51654,0.45513,-0.47484,0.54824,398.44193
0.25898,0.04811,0.12985,0.51653,0.45509,-0.47485,0.54828,398.54216
0.25898,0.04801,0.12986,0.51652,0.45505,-0.47485,0.54832,398.64239
0.25898,0.04791,0.12987,0.51651,0.45500,-0.47485,0.54837,398.74261
0.25898,0.04781,0.12986,0.51649,0.45496,-0.47485,0.54842,398.84284
0.25898,0.04771,0.12987,0.51648,0.45491,-0.47486,0.54846,398.94307
0.25898,0.04761,0.12988,0.51647,0.45487,-0.47486,0.54851,399.04330
0.25898,0.04751,0.12988,0.51647,0.45482,-0.47486,0.54855,399.14353
0.25898,0.04741,0.12989,0.51645,0.45478,-0.47487,0.54859,399.24377
0.25898,0.04731,0.12990,0.51644,0.45473,-0.47487,0.54864,399.34400
0.25899,0.04721,0.12990,0.51643,0.45469,-0.47487,0.54869,399.44423
0.25899,0.04711,0.12990,0.51642,0.45465,-0.47487,0.54873,399.54447
0.25899,0.04701,0.12991,0.51641,0.45460,-0.47488,0.54878,399.64470
0.25899,0.04691,0.12992,0.51640,0.45456,-0.47488,0.54882,399.74494
0.25899,0.04681,0.12992,0.51639,0.45451,-0.47488,0.54887,399.84517
0.25899,0.04671,0.12993,0.51638,0.45447,-0.47488,0.54891,399.94541
0.25899,0.04661,0.12994,0.51637,0.45442,-0.47489,0.54895,400.04565
0.25899,0.04651,0.12993,0.51635,0.45438,-0.47489,0.54900,400.14588
0.25899,0.04641,0.12994,0.51634,0.45434,-0.47489,0.54904,400.24612
0.25899,0.04631,0.12995,0.51633,0.45429,-0.47489,0.54909,400.34636
0.25899,0.04621,0.12995,0.51632,0.45425,-0.47490,0.54913,400.44660
0.25899,0.04611,0.12996,0.51631,0.45420,-0.47490,0.54918,400.54684
0.25900,0.04601,0.12997,0.51630,0.45416,-0.47490,0.54922,400.64708
0.25900,0.04591,0.12997,0.51629,0.45412,-0.47490,0.54926,400.74733
0.25900,0.04581,0.12997,0.51628,0.45407,-0.47491,0.54930,400.84757
0.25900,0.04571,0.12998,0.51627,0.45402,-0.47491,0.54935,400.94781
0.25900,0.04561,0.12999,0.51626,0.45398,-0.47492,0.54940,401.04806
0.25900,0.04551,0.12999,0.51625,0.45394,-0.47491,0.54944,401.14830
0.25900,0.04541,0.13000,0.51624,0.45390,-0.47491,0.54949,401.24855
0.25900,0.04531,0.13001,0.51623,0.45385,-0.47492,0.54953,401.34880
0.25900,0.04521,0.13000,0.51622,0.45380,-0.47492,0.54957,401.44904
0.25900,0.04511,0.13001,0.51621,0.45376,-0.47493,0.54962,401.54929
0.25900,0.04501,0.13002,0.51620,0.45371,-0.47492,0.54966,401.64954
0.25900,0.04491,0.13002,0.51619,0.45367,-0.47492,0.54970,401.74979
0.25901,0.04481,0.13003,0.51618,0.45362,-0.47494,0.54974,401.85004
0.25901,0.04471,0.13004,0.51617,0.45358,-0.47493,0.54979,401.95029
0.25901,0.04461,0.13005,0.51616,0.45354,-0.47493,0.54983,402.05054
0.25901,0.04451,0.13004,0.51615,0.45349,-0.47493,0.54988,402.15080
0.25901,0.04441,0.13005,0.51614,0.45345,-0.47493,0.54992,402.25105
0.25901,0.04431,0.13006,0.51613,0.45341,-0.47494,0.54996,402.35130
0.25901,0.04421,0.13006,0.51611,0.45336,-0.47495,0.55001,402.45156
0.25901,0.04411,0.13007,0.51610,0.45332,-0.47495,0.55005,402.55181
0.25901,0.04401,0.13008,0.51610,0.45328,-0.47495,0.55009,402.65207
0.25901,0.04391,0.13009,0.51609,0.45323,-0.47495,0.55014,402.75232
0.25901,0.04381,0.13008,0.51608,0.45319,-0.47495,0.55019,402.85258
0.25901,0.04371,0.13009,0.51606,0.45315,-0.47495,0.55023,402.95284
0.25902,0.04360,0.13010,0.51606,0.45310,-0.47496,0.55027,403.05310
0.25902,0.04350,0.13011,0.51605,0.45306,-0.47496,0.55031,403.15336
0.25902,0.04340,0.13011,0.51604,0.45302,-0.47496,0.55036,403.25362
0.25902,0.04330,0.13012,0.51603,0.45297,-0.47496,0.55040,403.35388
0.25902,0.04320,0.13012,0.51602,0.45293,-0.47496,0.55044,403.45414
0.25902,0.04310,0.13012,0.51601,0.45289,-0.47496,0.55049,403.55440
0.25902,0.04300,0.13013,0.51600,0.45284,-0.47496,0.55053,403.65467
0.25902,0.04290,0.13014,0.51599,0.45280,-0.47497,0.55057,403.75493
0.25902,0.04280,0.13015,0.51598,0.45276,-0.47497,0.55062,403.85519
0.25902,0.04270,0.13015,0.51597,0.45272,-0.47497,0.55066,403.95546
0.25902,0.04260,0.13016,0.51596,0.45267,-0.47497,0.55070,404.05573
0.25903,0.04250,0.13016,0.51595,0.45263,-0.47497,0.55075,404.15599
0.25903,0.04240,0.13016,0.51594,0.45259,-0.47497,0.55079,404.25626
0.25903,0.04230,0.13017,0.51594,0.45254,-0.47497,0.55083,404.35653
0.25903,0.04220,0.13018,0.51592,0.45250,-0.47497,0.55088,404.45680
0.25903,0.04210,0.13019,0.51591,0.45246,-0.47498,0.55092,404.55707
0.25903,0.04200,0.13019,0.51590,0.45242,-0.47498,0.55096,404.65734
0.25903,0.04190,0.13019,0.51590,0.45237,-0.47498,0.55100,404.75761
0.25903,0.04180,0.13020,0.51589,0.45233,-0.47498,0.55105,404.85788
0.25903,0.04170,0.13021,0.51588,0.45229,-0.47498,0.55109,404.95815
0.25903,0.04160,0.13021,0.51587,0.45224,-0.47498,0.55113,405.05842
0.25903,0.04150,0.13022,0.51586,0.45220,-0.47498,0.55118,405.15870
0.25903,0.04140,0.13023,0.51585,0.45216,-0.47498,0.55122,405.25897
0.25904,0.04130,0.13024,0.51585,0.45212,-0.47498,0.55126,405.35925
0.25904,0.04120,0.13023,0.51584,0.45207,-0.47498,0.55130,405.45952
0.25904,0.04110,0.13024,0.51583,0.45203,-0.47498,0.55135,405.55980
0.25904,0.04100,0.13025,0.51582,0.45199,-0.47498,0.55139,405.66008
0.25904,0.04090,0.13026,0.51581,0.45195,-0.47498,0.55143,405.76036
0.25904,0.04080,0.13026,0.51580,0.45191,-0.47498,0.55147,405.86064
0.25904,0.04070,0.13027,0.51579,0.45185,-0.47499,0.55152,405.96091
0.25904,0.04060,0.13028,0.51578,0.45181,-0.47499,0.55156,406.06120
0.25904,0.04050,0.13028,0.51577,0.45177,-0.47499,0.55160,406.16148
0.25904,0.04040,0.13028,0.51576,0.45173,-0.47499,0.55164,406.26176
0.25904,0.04030,0.13029,0.51575,0.45168,-0.47499,0.55169,406.36204
0.25904,0.04020,0.13030,0.51574,0.45164,-0.47499,0.55173,406.46232
0.25905,0.04010,0.13031,0.51574,0.45161,-0.47499,0.55177,406.56261
0.25905,0.04000,0.13031,0.51573,0.45156,-0.47499,0.55181,406.66289
0.25905,0.03990,0.13031,0.51572,0.45152,-0.47499,0.55186,406.76318
0.25905,0.03980,0.13032,0.51572,0.45147,-0.47499,0.55190,406.86346
0.25905,0.03970,0.13033,0.51571,0.45143,-0.47499,0.55194,406.96375
0.25905,0.03960,0.13033,0.51570,0.45139,-0.47499,0.55198,407.06404
0.25905,0.03950,0.13034,0.51569,0.45135,-0.47499,0.55202,407.16432
0.25905,0.03940,0.13035,0.51568,0.45131,-0.47499,0.55207,407.26461
0.25905,0.03930,0.13036,0.51567,0.45127,-0.47499,0.55211,407.36490
0.25905,0.03920,0.13035,0.51566,0.45122,-0.47500,0.55215,407.46519
0.25905,0.03910,0.13036,0.51566,0.45118,-0.47499,0.55219,407.56548
0.25905,0.03900,0.13037,0.51565,0.45114,-0.47499,0.55223,407.66578
0.25906,0.03890,0.13038,0.51564,0.45110,-0.47499,0.55228,407.76607
0.25906,0.03880,0.13038,0.51563,0.45106,-0.47499,0.55232,407.86636
0.25906,0.03870,0.13039,0.51562,0.45102,-0.47499,0.55236,407.96665
0.25906,0.03860,0.13039,0.51561,0.45097,-0.47500,0.55240,408.06695
0.25906,0.03850,0.13040,0.51560,0.45093,-0.47500,0.55244,408.16724
0.25906,0.03840,0.13041,0.51560,0.45089,-0.47499,0.55248,408.26754
0.25906,0.03830,0.13041,0.51559,0.45085,-0.47499,0.55252,408.36784
0.25906,0.03820,0.13042,0.51558,0.45081,-0.47499,0.55257,408.46813
0.25906,0.03810,0.13043,0.51557,0.45077,-0.47499,0.55261,408.56843
0.25906,0.03800,0.13044,0.51556,0.45073,-0.47500,0.55265,408.66873
0.25906,0.03790,0.13043,0.51556,0.45068,-0.47499,0.55269,408.76903
0.25906,0.03780,0.13044,0.51556,0.45064,-0.47499,0.55273,408.86933
0.25907,0.03770,0.13045,0.51555,0.45060,-0.47499,0.55278,408.96963
0.25907,0.03760,0.13046,0.51554,0.45056,-0.47499,0.55282,409.06993
0.25907,0.03750,0.13047,0.51553,0.45052,-0.47499,0.55286,409.17024
0.25907,0.03740,0.13047,0.51552,0.45048,-0.47499,0.55290,409.27054
0.25907,0.03730,0.13048,0.51551,0.45044,-0.47499,0.55294,409.37084
0.25907,0.03720,0.13048,0.51551,0.45040,-0.47499,0.55298,409.47115
0.25907,0.03710,0.13049,0.51550,0.45035,-0.47499,0.55302,409.57145
0.25907,0.03700,0.13049,0.51549,0.45031,-0.47499,0.55307,409.67176
0.25907,0.03690,0.13050,0.51548,0.45027,-0.47499,0.55311,409.77206
0.25907,0.03680,0.13051,0.51547,0.45023,-0.47499,0.55315,409.87237
0.25907,0.03670,0.13052,0.51547,0.45019,-0.47499,0.55318,409.97268
0.25907,0.03660,0.13052,0.51546,0.45015,-0.47498,0.55323,410.07299
0.25908,0.03650,0.13052,0.51545,0.45011,-0.47498,0.55327,410.17330
0.25908,0.03640,0.13053,0.51544,0.45007,-0.47498,0.55331,410.27361
0.25908,0.03630,0.13054,0.51544,0.45003,-0.47498,0.55334,410.37392
0.25908,0.03620,0.13055,0.51543,0.44999,-0.47498,0.55339,410.47423
0.25908,0.03610,0.13056,0.51542,0.44995,-0.47498,0.55343,410.57454
0.25908,0.03600,0.13056,0.51541,0.44990,-0.47498,0.55347,410.67485
0.25908,0.03590,0.13056,0.51541,0.44986,-0.47498,0.55351,410.77517
0.25908,0.03580,0.13057,0.51540,0.44982,-0.47498,0.55355,410.87548
0.25908,0.03570,0.13058,0.51540,0.44978,-0.47497,0.55360,410.97580
0.25908,0.03560,0.13058,0.51539,0.44974,-0.47497,0.55364,411.07611
0.25908,0.03550,0.13059,0.51539,0.44969,-0.47497,0.55367,411.17643
0.25909,0.03540,0.13060,0.51538,0.44965,-0.47497,0.55371,411.27674
0.25909,0.03530,0.13060,0.51537,0.44961,-0.47497,0.55375,411.37706
0.25909,0.03520,0.13061,0.51536,0.44957,-0.47497,0.55379,411.47738
0.25909,0.03510,0.13061,0.51536,0.44953,-0.47497,0.55383,411.57770
0.25909,0.03500,0.13062,0.51535,0.44949,-0.47496,0.55388,411.67802
0.25909,0.03490,0.13063,0.51534,0.44945,-0.47496,0.55392,411.77834
0.25909,0.03480,0.13064,0.51534,0.44941,-0.47496,0.55395,411.87866
0.25909,0.03470,0.13065,0.51533,0.44937,-0.47496,0.55399,411.97898
0.25909,0.03460,0.13064,0.51532,0.44933,-0.47496,0.55403,412.07931
0.25909,0.03450,0.13065,0.51531,0.44929,-0.47496,0.55407,412.17963
0.25909,0.03440,0.13066,0.51531,0.44925,-0.47495,0.55411,412.27995
0.25909,0.03430,0.13067,0.51530,0.44921,-0.47495,0.55415,412.38028
0.25910,0.03420,0.13068,0.51530,0.44917,-0.47495,0.55419,412.48060
0.25910,0.03410,0.13069,0.51529,0.44913,-0.47495,0.55423,412.58093
0.25910,0.03400,0.13069,0.51528,0.44909,-0.47495,0.55427,412.68126
0.25910,0.03390,0.13069,0.51528,0.44905,-0.47495,0.55431,412.78158
0.25910,0.03380,0.13070,0.51528,0.44901,-0.47494,0.55435,412.88191
0.25910,0.03369,0.13071,0.51527,0.44897,-0.47494,0.55439,412.98224
0.25910,0.03359,0.13072,0.51526,0.44893,-0.47494,0.55443,413.08257
0.25910,0.03349,0.13072,0.51526,0.44889,-0.47494,0.55447,413.18290
0.25910,0.03339,0.13073,0.51525,0.44885,-0.47494,0.55451,413.28323
0.25910,0.03329,0.13073,0.51524,0.44881,-0.47494,0.55455,413.38356
0.25910,0.03319,0.13074,0.51524,0.44877,-0.47493,0.55459,413.48389
0.25910,0.03309,0.13075,0.51523,0.44873,-0.47493,0.55463,413.58423
0.25911,0.03299,0.13075,0.51522,0.44869,-0.47494,0.55467,413.68456
0.25911,0.03289,0.13076,0.51522,0.44866,-0.47492,0.55471,413.78490
0.25911,0.03279,0.13077,0.51521,0.44862,-0.47492,0.55475,413.88523
0.25911,0.03269,0.13078,0.51520,0.44858,-0.47492,0.55479,413.98557
0.25911,0.03259,0.13078,0.51520,0.44854,-0.47492,0.55483,414.08590
0.25911,0.03249,0.13079,0.51519,0.44850,-0.47492,0.55487,414.18624
0.25911,0.03239,0.13079,0.51519,0.44846,-0.47491,0.55491,414.28658
0.25911,0.03229,0.13080,0.51518,0.44842,-0.47491,0.55495,414.38692
0.25911,0.03219,0.13081,0.51517,0.44838,-0.47491,0.55499,414.48725
0.25911,0.03209,0.13082,0.51517,0.44834,-0.47490,0.55503,414.58759
0.25911,0.03199,0.13082,0.51517,0.44830,-0.47491,0.55506,414.68794
0.25911,0.03189,0.13083,0.51516,0.44826,-0.47491,0.55510,414.78828
0.25912,0.03179,0.13083,0.51516,0.44822,-0.47491,0.55514,414.88862
0.25912,0.03169,0.13084,0.51515,0.44818,-0.47490,0.55518,414.98896
0.25912,0.03159,0.13085,0.51514,0.44815,-0.47489,0.55522,415.08930
0.25912,0.03149,0.13086,0.51514,0.44811,-0.47490,0.55526,415.18965
0.25912,0.03139,0.13087,0.51514,0.44807,-0.47489,0.55530,415.28999
0.25912,0.03129,0.13086,0.51513,0.44803,-0.47489,0.55534,415.39034
0.25912,0.03119,0.13087,0.51512,0.44799,-0.47489,0.55538,415.49068
0.25912,0.03109,0.13088,0.51512,0.44794,-0.47488,0.55542,415.59103
0.25912,0.03099,0.13089,0.51511,0.44791,-0.47488,0.55546,415.69138
0.25912,0.03089,0.13090,0.51511,0.44787,-0.47488,0.55549,415.79173
0.25912,0.03079,0.13091,0.51510,0.44783,-0.47488,0.55553,415.89207
0.25912,0.03069,0.13091,0.51510,0.44779,-0.47487,0.55557,415.99242
0.25913,0.03059,0.13091,0.51509,0.44775,-0.47487,0.55561,416.09277
0.25913,0.03049,0.13092,0.51509,0.44771,-0.47487,0.55565,416.19312
0.25913,0.03039,0.13093,0.51508,0.44767,-0.47486,0.55569,416.29347
0.25913,0.03029,0.13094,0.51508,0.44763,-0.47486,0.55573,416.39383
0.25913,0.03019,0.13095,0.51507,0.44759,-0.47486,0.55576,416.49418
0.25913,0.03009,0.13096,0.51506,0.44756,-0.47485,0.55580,416.59453
0.25913,0.02999,0.13095,0.51506,0.44752,-0.47485,0.55584,416.69489
0.25913,0.02989,0.13096,0.51505,0.44748,-0.47485,0.55588,416.79524
0.25913,0.02979,0.13097,0.51505,0.44744,-0.47484,0.55592,416.89560
0.25913,0.02969,0.13098,0.51504,0.44740,-0.47484,0.55596,416.99595
0.25913,0.02959,0.13099,0.51505,0.44736,-0.47484,0.55599,417.09631
0.25913,0.02949,0.13100,0.51504,0.44733,-0.47483,0.55603,417.19667
0.25914,0.02939,0.13100,0.51503,0.44729,-0.47483,0.55607,417.29702
0.25914,0.02929,0.13100,0.51503,0.44725,-0.47482,0.55611,417.39738
0.25914,0.02919,0.13101,0.51503,0.44721,-0.47482,0.55615,417.49774
0.25914,0.02909,0.13102,0.51502,0.44717,-0.47482,0.55619,417.59810
0.25914,0.02899,0.13103,0.51502,0.44714,-0.47481,0.55622,417.69846
0.25914,0.02889,0.13104,0.51501,0.44710,-0.47481,0.55626,417.79882
0.25914,0.02879,0.13105,0.51501,0.44706,-0.47481,0.55629,417.89919
0.25914,0.02869,0.13104,0.51500,0.44702,-0.47480,0.55634,417.99955
0.25914,0.02859,0.13105,0.51500,0.44698,-0.47480,0.55637,418.09991
0.25914,0.02849,0.13106,0.51500,0.44695,-0.47479,0.55640,418.20028
0.25914,0.02839,0.13107,0.51499,0.44691,-0.47479,0.55644,418.30064
0.25914,0.02829,0.13108,0.51499,0.44687,-0.47479,0.55648,418.40101
0.25915,0.02819,0.13109,0.51498,0.44683,-0.47478,0.55653,418.50137
0.25915,0.02809,0.13110,0.51498,0.44680,-0.47478,0.55655,418.60174
0.25915,0.02799,0.13109,0.51497,0.44676,-0.47477,0.55660,418.70211
0.25915,0.02789,0.13110,0.51497,0.44672,-0.47477,0.55663,418.80247
0.25915,0.02779,0.13111,0.51496,0.44668,-0.47477,0.55667,418.90284
0.25915,0.02769,0.13112,0.51497,0.44664,-0.47476,0.55671,419.00321
0.25915,0.02759,0.13113,0.51496,0.44661,-0.47476,0.55674,419.10358
0.25915,0.02749,0.13114,0.51495,0.44657,-0.47475,0.55678,419.20395
0.25915,0.02739,0.13115,0.51495,0.44653,-0.47475,0.55682,419.30432
0.25915,0.02729,0.13114,0.51495,0.44650,-0.47474,0.55686,419.40469
0.25915,0.02719,0.13115,0.51494,0.44646,-0.47474,0.55689,419.50507
0.25915,0.02709,0.13116,0.51495,0.44642,-0.47473,0.55693,419.60544
0.25916,0.02699,0.13117,0.51494,0.44638,-0.47473,0.55697,419.70581
0.25916,0.02689,0.13118,0.51493,0.44634,-0.47473,0.55700,419.80619
0.25916,0.02679,0.13119,0.51493,0.44631,-0.47472,0.55704,419.90656
0.25916,0.02669,0.13119,0.51493,0.44626,-0.47472,0.55708,420.00694
0.25916,0.02659,0.13119,0.51493,0.44624,-0.47471,0.55711,420.10731
0.25916,0.02649,0.13120,0.51492,0.44620,-0.47471,0.55715,420.20769
0.25916,0.02639,0.13121,0.51492,0.44616,-0.47470,0.55719,420.30807
0.25916,0.02629,0.13122,0.51491,0.44612,-0.47471,0.55722,420.40845
0.25916,0.02619,0.13123,0.51491,0.44609,-0.47469,0.55726,420.50883
0.25916,0.02609,0.13124,0.51491,0.44604,-0.47469,0.55730,420.60921
0.25916,0.02599,0.13124,0.51490,0.44601,-0.47469,0.55734,420.70959
0.25916,0.02589,0.13125,0.51490,0.44597,-0.47468,0.55737,420.80997
0.25917,0.02579,0.13125,0.51490,0.44593,-0.47467,0.55741,420.91035
0.25917,0.02569,0.13126,0.51489,0.44590,-0.47468,0.55744,421.01073
0.25917,0.02559,0.13127,0.51489,0.44586,-0.47466,0.55748,421.11111
0.25917,0.02549,0.13128,0.51489,0.44582,-0.47466,0.55752,421.21150
0.25917,0.02539,0.13129,0.51489,0.44579,-0.47466,0.55755,421.31188
0.25917,0.02529,0.13129,0.51488,0.44575,-0.47465,0.55759,421.41226
0.25917,0.02519,0.13130,0.51488,0.44571,-0.47464,0.55763,421.51265
0.25917,0.02509,0.13131,0.51488,0.44567,-0.47465,0.55766,421.61304
0.25917,0.02499,0.13131,0.51487,0.44564,-0.47463,0.55770,421.71342
0.25917,0.02489,0.13132,0.51487,0.44560,-0.47463,0.55774,421.81381
0.25917,0.02478,0.13133,0.51487,0.44556,-0.47463,0.55777,421.91420
0.25917,0.02468,0.13133,0.51487,0.44553,-0.47462,0.55781,422.01458
0.25918,0.02458,0.13134,0.51486,0.44549,-0.47461,0.55785,422.11497
0.25918,0.02448,0.13135,0.51487,0.44546,-0.47460,0.55788,422.21536
0.25918,0.02438,0.13136,0.51486,0.44542,-0.47461,0.55792,422.31575
0.25918,0.02428,0.13137,0.51486,0.44538,-0.47460,0.55795,422.41614
0.25918,0.02418,0.13138,0.51486,0.44535,-0.47459,0.55799,422.51654
0.25918,0.02408,0.13138,0.51485,0.44531,-0.47459,0.55803,422.61693
0.25918,0.02398,0.13138,0.51485,0.44528,-0.47458,0.55806,422.71732
0.25918,0.02388,0.13139,0.51485,0.44524,-0.47458,0.55810,422.81771
0.25918,0.02378,0.13140,0.51485,0.44520,-0.47457,0.55813,422.91811
0.25918,0.02368,0.13141,0.51484,0.44517,-0.47457,0.55817,423.01850
0.25918,0.02358,0.13142,0.51484,0.44513,-0.47456,0.55821,423.11890
0.25918,0.02348,0.13143,0.51484,0.44510,-0.47455,0.55824,423.21929
0.25919,0.02338,0.13143,0.51484,0.44506,-0.47455,0.55828,423.31969
0.25919,0.02328,0.13144,0.51484,0.44502,-0.47454,0.55831,423.42009
0.25919,0.02318,0.13144,0.51483,0.44499,-0.47454,0.55835,423.52048
0.25919,0.02308,0.13145,0.51483,0.44495,-0.47453,0.55838,423.62088
0.25919,0.02298,0.13146,0.51483,0.44492,-0.47452,0.55841,423.72128
0.25919,0.02288,0.13147,0.51483,0.44488,-0.47452,0.55845,423.82168
0.25919,0.02278,0.13148,0.51482,0.44485,-0.47451,0.55849,423.92208
0.25919,0.02268,0.13148,0.51482,0.44481,-0.47451,0.55852,424.02248
0.25919,0.02258,0.13149,0.51482,0.44478,-0.47450,0.55855,424.12288
0.25919,0.02248,0.13150,0.51482,0.44474,-0.47449,0.55859,424.22328
0.25919,0.02238,0.13151,0.51482,0.44470,-0.47449,0.55863,424.32369
0.25919,0.02228,0.13151,0.51482,0.44467,-0.47448,0.55867,424.42409
0.25920,0.02218,0.13152,0.51482,0.44463,-0.47448,0.55870,424.52449
0.25920,0.02208,0.13153,0.51481,0.44460,-0.47447,0.55873,424.62490
0.25920,0.02198,0.13153,0.51482,0.44456,-0.47446,0.55877,424.72530
0.25920,0.02188,0.13154,0.51481,0.44453,-0.47446,0.55880,424.82571
0.25920,0.02178,0.13155,0.51481,0.44449,-0.47445,0.55884,424.92611
0.25920,0.02168,0.13156,0.51481,0.44446,-0.47444,0.55887,425.02652
0.25920,0.02158,0.13157,0.51481,0.44442,-0.47444,0.55890,425.12693
0.25920,0.02148,0.13158,0.51481,0.44438,-0.47443,0.55894,425.22734
0.25920,0.02138,0.13158,0.51481,0.44435,-0.47442,0.55897,425.32774
0.25920,0.02128,0.13159,0.51481,0.44431,-0.47442,0.55901,425.42815
0.25920,0.02118,0.13159,0.51480,0.44428,-0.47441,0.55905,425.52856
0.25920,0.02108,0.13160,0.51480,0.44424,-0.47440,0.55908,425.62897
0.25921,0.02098,0.13161,0.51480,0.44420,-0.47440,0.55911,425.72938
0.25921,0.02088,0.13162,0.51480,0.44417,-0.47439,0.55914,425.82979
0.25921,0.02078,0.13163,0.51480,0.44413,-0.47438,0.55918,425.93021
0.25921,0.02068,0.13163,0.51480,0.44410,-0.47437,0.55921,426.03062
0.25921,0.02058,0.13164,0.51480,0.44406,-0.47437,0.55925,426.13103
0.25921,0.02048,0.13165,0.51479,0.44404,-0.47436,0.55928,426.23145
0.25921,0.02038,0.13166,0.51479,0.44400,-0.47435,0.55932,426.33186
0.25921,0.02028,0.13167,0.51479,0.44396,-0.47435,0.55935,426.43228
0.25921,0.02018,0.13168,0.51479,0.44393,-0.47434,0.55939,426.53269
0.25921,0.02008,0.13167,0.51480,0.44389,-0.47433,0.55942,426.63311
0.25921,0.01998,0.13168,0.51480,0.44386,-0.47432,0.55945,426.73352
0.25921,0.01988,0.13169,0.51479,0.44382,-0.47432,0.55949,426.83394
0.25922,0.01978,0.13170,0.51480,0.44379,-0.47431,0.55952,426.93436
0.25922,0.01968,0.13171,0.51480,0.44375,-0.47430,0.55956,427.03478
0.25922,0.01958,0.13172,0.51480,0.44372,-0.47429,0.55959,427.13520
0.25922,0.01948,0.13173,0.51480,0.44369,-0.47429,0.55962,427.23561
0.25922,0.01938,0.13173,0.51479,0.44365,-0.47428,0.55966,427.33603
0.25922,0.01928,0.13174,0.51479,0.44362,-0.47427,0.55969,427.43646
0.25922,0.01918,0.13175,0.51479,0.44358,-0.47426,0.55973,427.53688
0.25922,0.01908,0.13176,0.51479,0.44355,-0.47426,0.55976,427.63730
0.25922,0.01898,0.13177,0.51479,0.44352,-0.47425,0.55979,427.73772
0.25922,0.01888,0.13177,0.51479,0.44348,-0.47424,0.55983,427.83814
0.25922,0.01878,0.13178,0.51479,0.44345,-0.47423,0.55986,427.93857
0.25922,0.01868,0.13178,0.51479,0.44341,-0.47423,0.55990,428.03899
0.25923,0.01858,0.13179,0.51479,0.44338,-0.47422,0.55993,428.13942
0.25923,0.01848,0.13180,0.51479,0.44335,-0.47421,0.55996,428.23984
0.25923,0.01838,0.13181,0.51479,0.44331,-0.47420,0.56000,428.34027
0.25923,0.01828,0.13182,0.51479,0.44328,-0.47419,0.56003,428.44069
0.25923,0.01818,0.13183,0.51479,0.44325,-0.47419,0.56006,428.54112
0.25923,0.01808,0.13183,0.51479,0.44321,-0.47418,0.56010,428.64155
0.25923,0.01798,0.13184,0.51479,0.44318,-0.47417,0.56013,428.74197
0.25923,0.01788,0.13185,0.51480,0.44314,-0.47417,0.56016,428.84240
0.25923,0.01778,0.13186,0.51479,0.44311,-0.47415,0.56020,428.94283
0.25923,0.01768,0.13187,0.51479,0.44308,-0.47415,0.56023,429.04326
0.25923,0.01758,0.13187,0.51479,0.44304,-0.47414,0.56026,429.14369
0.25923,0.01748,0.13188,0.51479,0.44301,-0.47413,0.56030,429.24412
0.25924,0.01738,0.13188,0.51479,0.44298,-0.47412,0.56033,429.34455
0.25924,0.01728,0.13189,0.51480,0.44294,-0.47412,0.56036,429.44498
0.25924,0.01718,0.13190,0.51480,0.44291,-0.47411,0.56039,429.54542
0.25924,0.01708,0.13191,0.51479,0.44288,-0.47410,0.56042,429.64585
0.25924,0.01698,0.13192,0.51480,0.44284,-0.47410,0.56046,429.74628
0.25924,0.01688,0.13193,0.51480,0.44281,-0.47409,0.56049,429.84672
0.25924,0.01678,0.13193,0.51480,0.44278,-0.47407,0.56053,429.94715
0.25924,0.01667,0.13194,0.51480,0.44275,-0.47406,0.56056,430.04759
0.25924,0.01657,0.13195,0.51480,0.44271,-0.47406,0.56059,430.14802
0.25924,0.01647,0.13196,0.51481,0.44268,-0.47405,0.56062,430.24846
0.25924,0.01637,0.13197,0.51480,0.44264,-0.47404,0.56065,430.34889
0.25924,0.01627,0.13198,0.51481,0.44260,-0.47403,0.56068,430.44933
0.25925,0.01617,0.13199,0.51481,0.44257,-0.47402,0.56071,430.54977
0.25925,0.01607,0.13198,0.51481,0.44254,-0.47402,0.56075,430.65021
0.25925,0.01597,0.13199,0.51481,0.44251,-0.47400,0.56078,430.75065
0.25925,0.01587,0.13200,0.51481,0.44247,-0.47400,0.56082,430.85108
0.25925,0.01577,0.13201,0.51481,0.44245,-0.47399,0.56085,430.95152
0.25925,0.01567,0.13202,0.51481,0.44242,-0.47398,0.56088,431.05196
0.25925,0.01557,0.13203,0.51481,0.44238,-0.47397,0.56091,431.15241
0.25925,0.01547,0.13204,0.51481,0.44235,-0.47396,0.56095,431.25285
0.25925,0.01537,0.13204,0.51482,0.44231,-0.47395,0.56097,431.35329
0.25925,0.01527,0.13205,0.51482,0.44228,-0.47394,0.56100,431.45373
0.25925,0.01517,0.13206,0.51482,0.44225,-0.47394,0.56103,431.55417
0.25925,0.01507,0.13207,0.51482,0.44221,-0.47393,0.56107,431.65462
0.25926,0.01497,0.13208,0.51482,0.44218,-0.47392,0.56110,431.75506
0.25926,0.01487,0.13209,0.51482,0.44215,-0.47391,0.56113,431.85550
0.25926,0.01477,0.13209,0.51482,0.44212,-0.47390,0.56116,431.95595
0.25926,0.01467,0.13210,0.51484,0.44208,-0.47389,0.56119,432.05640
0.25926,0.01457,0.13211,0.51483,0.44205,-0.47388,0.56123,432.15684
0.25926,0.01447,0.13212,0.51483,0.44202,-0.47387,0.56126,432.25729
0.25926,0.01437,0.13212,0.51484,0.44199,-0.47386,0.56129,432.35773
0.25926,0.01427,0.13213,0.51484,0.44196,-0.47385,0.56132,432.45818
0.25926,0.01417,0.13214,0.51484,0.44192,-0.47384,0.56135,432.55863
0.25926,0.01407,0.13214,0.51485,0.44189,-0.47383,0.56138,432.65908
0.25926,0.01397,0.13215,0.51485,0.44186,-0.47382,0.56142,432.75953
0.25926,0.01387,0.13216,0.51485,0.44183,-0.47381,0.56145,432.85998
0.25927,0.01377,0.13217,0.51485,0.44180,-0.47380,0.56148,432.96043
0.25927,0.01367,0.13218,0.51485,0.44176,-0.47379,0.56151,433.06088
0.25927,0.01357,0.13219,0.51486,0.44173,-0.47378,0.56154,433.16133
0.25927,0.01347,0.13219,0.51486,0.44170,-0.47377,0.56157,433.26178
0.25927,0.01337,0.13220,0.51486,0.44167,-0.47376,0.56160,433.36223
0.25927,0.01327,0.13221,0.51486,0.44164,-0.47375,0.56164,433.46268
0.25927,0.01317,0.13222,0.51486,0.44161,-0.47374,0.56167,433.56314
0.25927,0.01307,0.13223,0.51487,0.44157,-0.47373,0.56170,433.66359
0.25927,0.01297,0.13224,0.51487,0.44154,-0.47372,0.56173,433.76404
0.25927,0.01287,0.13225,0.51487,0.44151,-0.47371,0.56176,433.86450
0.25927,0.01277,0.13225,0.51487,0.44148,-0.47370,0.56179,433.96495
0.25927,0.01267,0.13226,0.51488,0.44145,-0.47369,0.56182,434.06541
0.25928,0.01257,0.13227,0.51488,0.44142,-0.47368,0.56185,434.16586
0.25928,0.01247,0.13228,0.51488,0.44139,-0.47367,0.56188,434.26632
0.25928,0.01237,0.13228,0.51488,0.44136,-0.47366,0.56192,434.36678
0.25928,0.01227,0.13229,0.51489,0.44132,-0.47365,0.56195,434.46723
0.25928,0.01217,0.13230,0.51489,0.44129,-0.47364,0.56198,434.56769
0.25928,0.01207,0.13230,0.51489,0.44126,-0.47363,0.56201,434.66815
0.25928,0.01197,0.13231,0.51489,0.44123,-0.47362,0.56204,434.76861
0.25928,0.01187,0.13232,0.51490,0.44120,-0.47361,0.56207,434.86907
0.25928,0.01177,0.13233,0.51490,0.44117,-0.47360,0.56210,434.96953
0.25928,0.01167,0.13234,0.51490,0.44114,-0.47359,0.56213,435.06999
0.25928,0.01157,0.13235,0.51491,0.44110,-0.47358,0.56215,435.17045
0.25928,0.01147,0.13235,0.51491,0.44107,-0.47357,0.56218,435.27091
0.25929,0.01137,0.13236,0.51491,0.44104,-0.47356,0.56221,435.37137
0.25929,0.01127,0.13237,0.51492,0.44101,-0.47355,0.56224,435.47183
0.25929,0.01117,0.13238,0.51493,0.44098,-0.47354,0.56228,435.57229
0.25929,0.01107,0.13239,0.51493,0.44095,-0.47352,0.56231,435.67276
0.25929,0.01097,0.13240,0.51493,0.44092,-0.47351,0.56234,435.77322
0.25929,0.01087,0.13241,0.51494,0.44089,-0.47350,0.56237,435.87368
0.25929,0.01077,0.13241,0.51494,0.44086,-0.47349,0.56240,435.97415
0.25929,0.01067,0.13242,0.51495,0.44082,-0.47348,0.56242,436.07461
0.25929,0.01057,0.13243,0.51495,0.44079,-0.47347,0.56245,436.17508
0.25929,0.01047,0.13244,0.51495,0.44076,-0.47346,0.56248,436.27554
0.25929,0.01037,0.13245,0.51496,0.44073,-0.47345,0.56251,436.37601
0.25929,0.01027,0.13246,0.51496,0.44070,-0.47344,0.56254,436.47647
0.25930,0.01017,0.13246,0.51496,0.44068,-0.47342,0.56258,436.57694
0.25930,0.01007,0.13247,0.51497,0.44064,-0.47341,0.56260,436.67741
0.25930,0.00997,0.13248,0.51497,0.44061,-0.47340,0.56263,436.77788
0.25930,0.00987,0.13249,0.51497,0.44058,-0.47339,0.56266,436.87834
0.25930,0.00977,0.13250,0.51498,0.44055,-0.47338,0.56269,436.97881
0.25930,0.00967,0.13251,0.51498,0.44052,-0.47337,0.56272,437.07928
0.25930,0.00957,0.13251,0.51499,0.44049,-0.47336,0.56275,437.17975
0.25930,0.00947,0.13251,0.51499,0.44046,-0.47334,0.56278,437.28022
0.25930,0.00937,0.13252,0.51499,0.44043,-0.47333,0.56281,437.38069
0.25930,0.00927,0.13253,0.51500,0.44040,-0.47332,0.56284,437.48116
0.25930,0.00917,0.13254,0.51500,0.44037,-0.47331,0.56287,437.58163
0.25930,0.00907,0.13255,0.51501,0.44034,-0.47330,0.56290,437.68210
0.25930,0.00897,0.13256,0.51501,0.44031,-0.47329,0.56293,437.78258
0.25931,0.00886,0.13257,0.51501,0.44028,-0.47327,0.56296,437.88305
0.25931,0.00876,0.13257,0.51503,0.44025,-0.47326,0.56298,437.98352
0.25931,0.00866,0.13258,0.51503,0.44022,-0.47325,0.56301,438.08400
0.25931,0.00856,0.13259,0.51503,0.44019,-0.47324,0.56304,438.18447
0.25931,0.00846,0.13260,0.51504,0.44016,-0.47323,0.56307,438.28494
0.25931,0.00836,0.13261,0.51505,0.44013,-0.47321,0.56310,438.38542
0.25931,0.00826,0.13262,0.51505,0.44010,-0.47320,0.56313,438.48589
0.25931,0.00816,0.13262,0.51505,0.44007,-0.47319,0.56316,438.58637
0.25931,0.00806,0.13263,0.51506,0.44004,-0.47318,0.56319,438.68684
0.25931,0.00796,0.13264,0.51506,0.44002,-0.47317,0.56321,438.78732
0.25931,0.00786,0.13265,0.51507,0.43999,-0.47315,0.56324,438.88780
0.25931,0.00776,0.13266,0.51508,0.43996,-0.47314,0.56327,438.98827
0.25932,0.00766,0.13267,0.51508,0.43993,-0.47313,0.56330,439.08875
0.25932,0.00756,0.13268,0.51508,0.43990,-0.47312,0.56333,439.18923
0.25932,0.00746,0.13268,0.51509,0.43987,-0.47311,0.56336,439.28971
0.25932,0.00736,0.13269,0.51510,0.43984,-0.47309,0.56339,439.39019
0.25932,0.00726,0.13270,0.51510,0.43981,-0.47308,0.56342,439.49066
0.25932,0.00716,0.13271,0.51511,0.43978,-0.47307,0.56344,439.59114
0.25932,0.00706,0.13272,0.51511,0.43975,-0.47306,0.56347,439.69162
0.25932,0.00696,0.13273,0.51512,0.43972,-0.47304,0.56350,439.79210
0.25932,0.00686,0.13273,0.51512,0.43970,-0.47303,0.56353,439.89258
0.25932,0.00676,0.13274,0.51513,0.43966,-0.47302,0.56355,439.99307
0.25932,0.00666,0.13275,0.51513,0.43964,-0.47300,0.56359,440.09355
0.25932,0.00656,0.13276,0.51514,0.43961,-0.47299,0.56361,440.19403
0.25933,0.00646,0.13277,0.51514,0.43958,-0.47298,0.56364,440.29451
0.25933,0.00636,0.13278,0.51515,0.43955,-0.47297,0.56366,440.39499
0.25933,0.00626,0.13279,0.51515,0.43952,-0.47296,0.56370,440.49548
0.25933,0.00616,0.13279,0.51516,0.43949,-0.47294,0.56372,440.59596
0.25933,0.00606,0.13280,0.51517,0.43946,-0.47293,0.56374,440.69644
0.25933,0.00596,0.13281,0.51517,0.43944,-0.47291,0.56378,440.79693
0.25933,0.00586,0.13282,0.51518,0.43940,-0.47290,0.56380,440.89741
0.25933,0.00576,0.13283,0.51518,0.43937,-0.47289,0.56383,440.99790
0.25933,0.00566,0.13284,0.51519,0.43934,-0.47288,0.56386,441.09838
0.25933,0.00556,0.13285,0.51519,0.43933,-0.47286,0.56389,441.19887
0.25933,0.00546,0.13285,0.51520,0.43929,-0.47285,0.56391,441.29935
0.25933,0.00536,0.13286,0.51521,0.43926,-0.47284,0.56394,441.39984
0.25934,0.00526,0.13287,0.51521,0.43923,-0.47282,0.56397,441.50033
0.25934,0.00516,0.13288,0.51522,0.43920,-0.47281,0.56399,441.60081
0.25934,0.00506,0.13289,0.51523,0.43917,-0.47281,0.56402,441.70130
0.25934,0.00496,0.13290,0.51523,0.43915,-0.47278,0.56405,441.80179
0.25934,0.00486,0.13290,0.51524,0.43912,-0.47277,0.56408,441.90228
0.25934,0.00476,0.13291,0.51525,0.43909,-0.47276,0.56410,442.00276
0.25934,0.00466,0.13292,0.51526,0.43906,-0.47275,0.56413,442.10325
0.25934,0.00456,0.13293,0.51526,0.43904,-0.47273,0.56416,442.20374
0.25934,0.00446,0.13294,0.51527,0.43901,-0.47272,0.56418,442.30423
0.25934,0.00436,0.13295,0.51528,0.43898,-0.47270,0.56421,442.40472
0.25934,0.00426,0.13295,0.51528,0.43895,-0.47269,0.56424,442.50521
0.25934,0.00416,0.13295,0.51529,0.43892,-0.47268,0.56427,442.60570
0.25935,0.00406,0.13296,0.51530,0.43890,-0.47266,0.56429,442.70619
0.25935,0.00396,0.13297,0.51530,0.43887,-0.47265,0.56432,442.80669
0.25935,0.00386,0.13298,0.51531,0.43884,-0.47264,0.56435,442.90718
0.25935,0.00376,0.13299,0.51532,0.43881,-0.47263,0.56437,443.00767
0.25935,0.00366,0.13300,0.51533,0.43879,-0.47260,0.56440,443.10816
0.25935,0.00356,0.13301,0.51533,0.43876,-0.47259,0.56443,443.20865
0.25935,0.00346,0.13301,0.51534,0.43873,-0.47259,0.56445,443.30915
0.25935,0.00336,0.13302,0.51535,0.43871,-0.47256,0.56448,443.40964
0.25935,0.00326,0.13303,0.51535,0.43868,-0.47255,0.56451,443.51013
0.25935,0.00316,0.13304,0.51536,0.43865,-0.47254,0.56453,443.61063
0.25935,0.00306,0.13305,0.51537,0.43862,-0.47253,0.56456,443.71112
0.25935,0.00296,0.13306,0.51538,0.43860,-0.47251,0.56458,443.81162
0.25936,0.00286,0.13306,0.51538,0.43857,-0.47250,0.56461,443.91211
0.25936,0.00276,0.13307,0.51539,0.43854,-0.47248,0.56464,444.01261
0.25936,0.00266,0.13308,0.51540,0.43852,-0.47246,0.56466,444.11310
0.25936,0.00256,0.13309,0.51541,0.43849,-0.47245,0.56468,444.21360
0.25936,0.00246,0.13310,0.51541,0.43846,-0.47244,0.56472,444.31409
0.25936,0.00236,0.13311,0.51542,0.43843,-0.47243,0.56474,444.41459
0.25936,0.00226,0.13312,0.51543,0.43841,-0.47241,0.56476,444.51509
0.25936,0.00216,0.13312,0.51544,0.43838,-0.47239,0.56479,444.61558
0.25936,0.00206,0.13313,0.51544,0.43835,-0.47239,0.56482,444.71608
0.25936,0.00196,0.13314,0.51545,0.43833,-0.47237,0.56484,444.81658
0.25936,0.00186,0.13315,0.51546,0.43830,-0.47236,0.56487,444.91708
0.25936,0.00176,0.13316,0.51547,0.43827,-0.47234,0.56490,445.01758
0.25937,0.00166,0.13317,0.51547,0.43825,-0.47232,0.56492,445.11807
0.25937,0.00156,0.13317,0.51549,0.43822,-0.47231,0.56495,445.21857
0.25937,0.00145,0.13318,0.51549,0.43819,-0.47229,0.56497,445.31907
0.25937,0.00135,0.13319,0.51550,0.43817,-0.47228,0.56499,445.41957
0.25937,0.00125,0.13320,0.51551,0.43814,-0.47226,0.56502,445.52007
0.25937,0.00115,0.13321,0.51552,0.43812,-0.47225,0.56504,445.62057
0.25937,0.00105,0.13322,0.51552,0.43809,-0.47224,0.56507,445.72107
0.25937,0.00095,0.13323,0.51554,0.43806,-0.47222,0.56510,445.82157
0.25937,0.00085,0.13323,0.51554,0.43803,-0.47221,0.56512,445.92207
0.25937,0.00075,0.13324,0.51555,0.43800,-0.47219,0.56515,446.02258
0.25937,0.00065,0.13325,0.51556,0.43798,-0.47217,0.56517,446.12308
0.25937,0.00055,0.13326,0.51557,0.43795,-0.47215,0.56520,446.22358
0.25938,0.00045,0.13327,0.51558,0.43793,-0.47215,0.56522,446.32408
0.25938,0.00035,0.13328,0.51559,0.43790,-0.47213,0.56525,446.42458
0.25938,0.00025,0.13329,0.51560,0.43787,-0.47212,0.56527,446.52509
0.25938,0.00015,0.13329,0.51561,0.43785,-0.47209,0.56530,446.62559
0.25938,0.00005,0.13330,0.51562,0.43782,-0.47209,0.56532,446.72609
0.25938,-0.00005,0.13331,0.51563,0.43779,-0.47207,0.56535,446.82660
0.25938,-0.00015,0.13332,0.51564,0.43777,-0.47205,0.56537,446.92710
0.25938,-0.00025,0.13333,0.51564,0.43774,-0.47204,0.56540,447.02760
0.25938,-0.00035,0.13334,0.51565,0.43772,-0.47202,0.56542,447.12811
0.25938,-0.00045,0.13334,0.51566,0.43769,-0.47201,0.56545,447.22861
0.25938,-0.00055,0.13335,0.51567,0.43767,-0.47199,0.56547,447.32912
0.25938,-0.00065,0.13336,0.51568,0.43764,-0.47198,0.56550,447.42962
0.25939,-0.00075,0.13337,0.51569,0.43761,-0.47196,0.56552,447.53013
0.25939,-0.00085,0.13338,0.51570,0.43759,-0.47194,0.56555,447.63063
0.25939,-0.00095,0.13339,0.51571,0.43756,-0.47193,0.56557,447.73114
0.25939,-0.00105,0.13340,0.51572,0.43754,-0.47191,0.56559,447.83165
0.25939,-0.00115,0.13341,0.51573,0.43751,-0.47190,0.56562,447.93215
0.25939,-0.00125,0.13342,0.51574,0.43749,-0.47188,0.56564,448.03266
0.25939,-0.00135,0.13343,0.51575,0.43746,-0.47186,0.56567,448.13317
0.25939,-0.00145,0.13344,0.51575,0.43744,-0.47185,0.56569,448.23367
0.25939,-0.00155,0.13345,0.51576,0.43741,-0.47183,0.56572,448.33418
0.25939,-0.00165,0.13346,0.51577,0.43739,-0.47182,0.56574,448.43469
0.25939,-0.00175,0.13346,0.51578,0.43736,-0.47180,0.56577,448.53520
0.25939,-0.00185,0.13347,0.51579,0.43734,-0.47178,0.56579,448.63571
0.25939,-0.00195,0.13348,0.51580,0.43731,-0.47177,0.56581,448.73621
0.25940,-0.00205,0.13349,0.51581,0.43729,-0.47175,0.56584,448.83672
0.25940,-0.00215,0.13350,0.51582,0.43726,-0.47174,0.56586,448.93723
0.25940,-0.00225,0.13351,0.51583,0.43724,-0.47172,0.56588,449.03774
0.25940,-0.00235,0.13352,0.51584,0.43721,-0.47170,0.56591,449.13825
0.25940,-0.00245,0.13352,0.51585,0.43719,-0.47169,0.56592,449.23876
0.25940,-0.00255,0.13353,0.51586,0.43716,-0.47167,0.56595,449.33927
0.25940,-0.00265,0.13354,0.51587,0.43714,-0.47165,0.56598,449.43978
0.25940,-0.00275,0.13355,0.51588,0.43712,-0.47164,0.56599,449.54029
0.25940,-0.00285,0.13356,0.51589,0.43709,-0.47162,0.56602,449.64080
0.25940,-0.00295,0.13357,0.51591,0.43707,-0.47160,0.56604,449.74131
0.25940,-0.00305,0.13358,0.51591,0.43704,-0.47159,0.56607,449.84182
0.25940,-0.00315,0.13358,0.51592,0.43702,-0.47157,0.56609,449.94233
0.25941,-0.00325,0.13359,0.51594,0.43699,-0.47155,0.56612,450.04284
0.25941,-0.00335,0.13360,0.51594,0.43697,-0.47154,0.56614,450.14336
0.25941,-0.00345,0.13361,0.51596,0.43694,-0.47152,0.56616,450.24387
0.25941,-0.00355,0.13362,0.51598,0.43692,-0.47150,0.56618,450.34438
0.25941,-0.00365,0.13363,0.51598,0.43690,-0.47148,0.56621,450.44489
0.25941,-0.00375,0.13363,0.51599,0.43687,-0.47147,0.56623,450.54540
0.25941,-0.00385,0.13364,0.51601,0.43685,-0.47145,0.56625,450.64592
0.25941,-0.00395,0.13365,0.51602,0.43682,-0.47143,0.56628,450.74643
0.25941,-0.00405,0.13366,0.51602,0.43680,-0.47142,0.56630,450.84694
0.25941,-0.00415,0.13367,0.51604,0.43678,-0.47140,0.56632,450.94746
0.25941,-0.00425,0.13368,0.51605,0.43675,-0.47138,0.56634,451.04797
0.25941,-0.00435,0.13369,0.51606,0.43673,-0.47136,0.56637,451.14848
0.25942,-0.00445,0.13369,0.51607,0.43670,-0.47135,0.56639,451.24900
0.25942,-0.00455,0.13370,0.51608,0.43668,-0.47133,0.56641,451.34951
0.25942,-0.00465,0.13371,0.51610,0.43665,-0.47131,0.56644,451.45002
0.25942,-0.00475,0.13372,0.51611,0.43662,-0.47130,0.56646,451.55054
0.25942,-0.00485,0.13373,0.51612,0.43661,-0.47128,0.56648,451.65105
0.25942,-0.00495,0.13374,0.51613,0.43659,-0.47126,0.56650,451.75157
0.25942,-0.00505,0.13374,0.51614,0.43656,-0.47124,0.56653,451.85208
0.25942,-0.00515,0.13375,0.51615,0.43653,-0.47123,0.56655,451.95260
0.25942,-0.00525,0.13376,0.51616,0.43651,-0.47121,0.56657,452.05311
0.25942,-0.00535,0.13377,0.51618,0.43649,-0.47119,0.56659,452.15363
0.25942,-0.00545,0.13378,0.51619,0.43646,-0.47117,0.56661,452.25414
0.25942,-0.00555,0.13379,0.51620,0.43644,-0.47115,0.56664,452.35466
0.25943,-0.00565,0.13380,0.51621,0.43641,-0.47114,0.56666,452.45518
0.25943,-0.00576,0.13380,0.51622,0.43639,-0.47112,0.56668,452.55569
0.25943,-0.00586,0.13381,0.51623,0.43637,-0.47110,0.56670,452.65621
0.25943,-0.00596,0.13382,0.51625,0.43634,-0.47108,0.56672,452.75672
0.25943,-0.00606,0.13383,0.51626,0.43632,-0.47107,0.56674,452.85724
0.25943,-0.00616,0.13384,0.51627,0.43630,-0.47105,0.56676,452.95776
0.25943,-0.00626,0.13385,0.51628,0.43627,-0.47103,0.56679,453.05828
0.25943,-0.00636,0.13386,0.51629,0.43625,-0.47101,0.56681,453.15879
0.25943,-0.00646,0.13386,0.51630,0.43623,-0.47099,0.56683,453.25931
0.25943,-0.00656,0.13387,0.51632,0.43620,-0.47097,0.56685,453.35983
0.25943,-0.00666,0.13388,0.51633,0.43618,-0.47096,0.56687,453.46034
0.25943,-0.00676,0.13389,0.51634,0.43616,-0.47094,0.56689,453.56086
0.25944,-0.00686,0.13390,0.51635,0.43614,-0.47092,0.56692,453.66138
0.25944,-0.00696,0.13391,0.51637,0.43611,-0.47090,0.56694,453.76190
0.25944,-0.00706,0.13391,0.51638,0.43609,-0.47088,0.56696,453.86242
0.25944,-0.00716,0.13392,0.51639,0.43607,-0.47086,0.56698,453.96293
0.25944,-0.00726,0.13393,0.51640,0.43605,-0.47085,0.56700,454.06345
0.25944,-0.00736,0.13394,0.51642,0.43602,-0.47083,0.56702,454.16397
0.25944,-0.00746,0.13395,0.51643,0.43600,-0.47081,0.56704,454.26449
0.25944,-0.00756,0.13396,0.51644,0.43598,-0.47079,0.56707,454.36501
0.25944,-0.00766,0.13397,0.51645,0.43596,-0.47077,0.56709,454.46553
0.25944,-0.00776,0.13397,0.51647,0.43593,-0.47075,0.56711,454.56605
0.25944,-0.00786,0.13398,0.51648,0.43591,-0.47073,0.56713,454.66657
0.25944,-0.00796,0.13400,0.51649,0.43589,-0.47072,0.56715,454.76709
0.25945,-0.00806,0.13401,0.51651,0.43587,-0.47070,0.56717,454.86760
0.25945,-0.00816,0.13402,0.51653,0.43584,-0.47068,0.56719,454.96812
0.25945,-0.00826,0.13403,0.51654,0.43582,-0.47066,0.56721,455.06864
0.25945,-0.00836,0.13403,0.51654,0.43580,-0.47064,0.56724,455.16916
0.25945,-0.00846,0.13404,0.51656,0.43578,-0.47062,0.56726,455.26968
0.25945,-0.00856,0.13405,0.51657,0.43576,-0.47060,0.56728,455.37020
0.25945,-0.00866,0.13406,0.51659,0.43573,-0.47058,0.56730,455.47072
0.25945,-0.00876,0.13407,0.51661,0.43571,-0.47056,0.56732,455.57124
0.25945,-0.00886,0.13408,0.51662,0.43569,-0.47054,0.56734,455.67176
0.25945,-0.00896,0.13409,0.51663,0.43567,-0.47053,0.56736,455.77228
0.25945,-0.00906,0.13409,0.51664,0.43565,-0.47051,0.56737,455.87281
0.25945,-0.00916,0.13410,0.51665,0.43563,-0.47049,0.56740,455.97333
0.25945,-0.00926,0.13411,0.51667,0.43560,-0.47047,0.56742,456.07385
0.25946,-0.00936,0.13412,0.51669,0.43558,-0.47045,0.56744,456.17437
0.25946,-0.00946,0.13413,0.51670,0.43556,-0.47043,0.56746,456.27489
0.25946,-0.00956,0.13414,0.51672,0.43554,-0.47041,0.56747,456.37541
0.25946,-0.00966,0.13415,0.51673,0.43552,-0.47039,0.56750,456.47593
0.25946,-0.00976,0.13415,0.51674,0.43550,-0.47037,0.56752,456.57645
0.25946,-0.00986,0.13416,0.51676,0.43547,-0.47035,0.56754,456.67697
0.25946,-0.00996,0.13417,0.51677,0.43545,-0.47033,0.56756,456.77750
0.25946,-0.01006,0.13418,0.51678,0.43543,-0.47031,0.56758,456.87802
0.25946,-0.01016,0.13419,0.51680,0.43541,-0.47029,0.56760,456.97854
0.25946,-0.01026,0.13420,0.51681,0.43539,-0.47027,0.56762,457.07906
0.25946,-0.01036,0.13420,0.51683,0.43537,-0.47025,0.56763,457.17958
0.25946,-0.01046,0.13421,0.51684,0.43535,-0.47023,0.56765,457.28010
0.25947,-0.01056,0.13422,0.51686,0.43533,-0.47021,0.56767,457.38063
0.25947,-0.01066,0.13423,0.51687,0.43531,-0.47019,0.56769,457.48115
0.25947,-0.01076,0.13424,0.51688,0.43528,-0.47017,0.56772,457.58167
0.25947,-0.01086,0.13425,0.51690,0.43526,-0.47015,0.56773,457.68219
0.25947,-0.01096,0.13426,0.51691,0.43524,-0.47013,0.56775,457.78271
0.25947,-0.01106,0.13426,0.51693,0.43522,-0.47011,0.56777,457.88324
0.25947,-0.01116,0.13427,0.51694,0.43520,-0.47009,0.56779,457.98376
0.25947,-0.01126,0.13428,0.51696,0.43518,-0.47007,0.56781,458.08428
0.25947,-0.01136,0.13429,0.51697,0.43516,-0.47005,0.56783,458.18480
0.25947,-0.01146,0.13430,0.51699,0.43513,-0.47003,0.56785,458.28533
0.25947,-0.01156,0.13431,0.51700,0.43511,-0.47001,0.56787,458.38585
0.25947,-0.01166,0.13431,0.51702,0.43509,-0.46999,0.56789,458.48637
0.25948,-0.01176,0.13432,0.51703,0.43507,-0.46997,0.56791,458.58689
0.25948,-0.01186,0.13433,0.51704,0.43505,-0.46995,0.56793,458.68742
0.25948,-0.01196,0.13434,0.51706,0.43503,-0.46993,0.56795,458.78794
0.25948,-0.01206,0.13435,0.51707,0.43501,-0.46991,0.56797,458.88846
0.25948,-0.01216,0.13436,0.51709,0.43499,-0.46989,0.56799,458.98898
0.25948,-0.01226,0.13437,0.51711,0.43496,-0.46987,0.56801,459.08951
0.25948,-0.01236,0.13438,0.51712,0.43494,-0.46985,0.56802,459.19003
0.25948,-0.01246,0.13439,0.51714,0.43492,-0.46983,0.56804,459.29055
0.25948,-0.01256,0.13440,0.51715,0.43490,-0.46981,0.56806,459.39108
0.25948,-0.01266,0.13441,0.51717,0.43488,-0.46979,0.56808,459.49160
0.25948,-0.01276,0.13442,0.51718,0.43486,-0.46977,0.56810,459.59212
0.25948,-0.01287,0.13443,0.51720,0.43484,-0.46975,0.56811,459.69265
0.25949,-0.01297,0.13444,0.51721,0.43482,-0.46972,0.56814,459.79317
0.25949,-0.01307,0.13444,0.51723,0.43480,-0.46970,0.56816,459.89369
0.25949,-0.01317,0.13445,0.51725,0.43478,-0.46968,0.56817,459.99422
0.25949,-0.01327,0.13446,0.51726,0.43476,-0.46966,0.56819,460.09072
0.25949,-0.01336,0.13447,0.51728,0.43474,-0.46964,0.56820,460.18320
0.25949,-0.01345,0.13448,0.51729,0.43472,-0.46962,0.56823,460.27166
0.25949,-0.01353,0.13448,0.51731,0.43470,-0.46960,0.56824,460.35610
0.25949,-0.01361,0.13449,0.51732,0.43469,-0.46958,0.56826,460.43652
0.25949,-0.01369,0.13449,0.51734,0.43467,-0.46956,0.56828,460.51292
0.25949,-0.01376,0.13450,0.51736,0.43465,-0.46953,0.56830,460.58529
0.25949,-0.01383,0.13450,0.51737,0.43463,-0.46951,0.56831,460.65365
0.25949,-0.01389,0.13451,0.51739,0.43461,-0.46949,0.56833,460.71798
0.25949,-0.01395,0.13452,0.51740,0.43459,-0.46947,0.56835,460.77830
0.25949,-0.01401,0.13452,0.51742,0.43457,-0.46945,0.56837,460.83459
0.25949,-0.01406,0.13453,0.51744,0.43455,-0.46943,0.56838,460.88686
0.25949,-0.01411,0.13453,0.51745,0.43453,-0.46941,0.56840,460.93511
0.25950,-0.01415,0.13454,0.51747,0.43451,-0.46939,0.56842,460.97934
0.25950,-0.01419,0.13454,0.51749,0.43449,-0.46936,0.56844,461.01955
0.25950,-0.01423,0.13455,0.51750,0.43447,-0.46934,0.56846,461.05574
0.25950,-0.01426,0.13455,0.51753,0.43445,-0.46932,0.56847,461.08791
0.25950,-0.01429,0.13455,0.51754,0.43443,-0.46930,0.56849,461.11606
0.25950,-0.01431,0.13454,0.51756,0.43441,-0.46928,0.56851,461.14018
0.25950,-0.01433,0.13455,0.51757,0.43439,-0.46926,0.56853,461.16029
0.25950,-0.01435,0.13455,0.51759,0.43437,-0.46923,0.56855,461.17637
0.25950,-0.01436,0.13455,0.51761,0.43435,-0.46921,0.56856,461.18843
0.25950,-0.01437,0.13455,0.51762,0.43434,-0.46919,0.56858,461.19647
0.25950,-0.01437,0.13455,0.51764,0.43432,-0.46917,0.56860,461.20050
0.25950,-0.01437,0.13455,0.51765,0.43430,-0.46915,0.56861,461.20050
0.25950,-0.01437,0.13455,0.51766,0.43428,-0.46913,0.56864,461.20452
