x,y,z,qx,qy,qz,qw,u
0.11158,0.28967,0.14482,0.52130,0.49567,-0.48895,0.49344,0.00400
0.11158,0.28966,0.14482,0.52130,0.49567,-0.48895,0.49344,0.01200
0.11158,0.28965,0.14482,0.52130,0.49567,-0.48895,0.49344,0.02400
0.11158,0.28963,0.14482,0.52130,0.49567,-0.48895,0.49344,0.04000
0.11158,0.28961,0.14482,0.52130,0.49567,-0.48895,0.49344,0.06000
0.11158,0.28959,0.14482,0.52130,0.49567,-0.48895,0.49344,0.08400
0.11158,0.28956,0.14482,0.52130,0.49567,-0.48895,0.49344,0.11200
0.11158,0.28953,0.14482,0.52130,0.49567,-0.48895,0.49344,0.14400
0.11158,0.28949,0.14481,0.52130,0.49567,-0.48895,0.49344,0.18000
0.11158,0.28945,0.14481,0.52130,0.49567,-0.48895,0.49344,0.22000
0.11158,0.28941,0.14481,0.52130,0.49567,-0.48895,0.49344,0.26400
0.11158,0.28936,0.14481,0.52130,0.49567,-0.48895,0.49344,0.31200
0.11158,0.28931,0.14481,0.52130,0.49567,-0.48895,0.49344,0.36400
0.11158,0.28925,0.14481,0.52130,0.49567,-0.48895,0.49344,0.42000
0.11157,0.28919,0.14480,0.52130,0.49567,-0.48895,0.49344,0.48000
0.11157,0.28913,0.14480,0.52130,0.49567,-0.48895,0.49344,0.54400
0.11157,0.28906,0.14480,0.52130,0.49567,-0.48895,0.49344,0.61200
0.11157,0.28899,0.14480,0.52130,0.49567,-0.48895,0.49344,0.68400
0.11157,0.28891,0.14479,0.52130,0.49567,-0.48895,0.49344,0.76000
0.11157,0.28883,0.14480,0.52130,0.49567,-0.48895,0.49344,0.84000
0.11156,0.28875,0.14480,0.52130,0.49567,-0.48895,0.49344,0.92400
0.11156,0.28866,0.14480,0.52130,0.49567,-0.48895,0.49344,1.01200
0.11156,0.28857,0.14479,0.52130,0.49567,-0.48895,0.49344,1.10400
0.11156,0.28847,0.14479,0.52130,0.49567,-0.48895,0.49344,1.20000
0.11156,0.28837,0.14479,0.52130,0.49567,-0.48895,0.49344,1.30000
0.11155,0.28827,0.14478,0.52130,0.49567,-0.48895,0.49344,1.40000
0.11155,0.28817,0.14478,0.52130,0.49567,-0.48895,0.49344,1.50000
0.11155,0.28807,0.14478,0.52130,0.49567,-0.48895,0.49344,1.60000
0.11155,0.28797,0.14477,0.52130,0.49567,-0.48895,0.49344,1.70000
0.11155,0.28787,0.14477,0.52130,0.49567,-0.48895,0.49344,1.80000
0.11154,0.28777,0.14476,0.52130,0.49567,-0.48895,0.49344,1.90000
0.11154,0.28767,0.14476,0.52130,0.49567,-0.48895,0.49344,2.00000
0.11154,0.28757,0.14476,0.52130,0.49567,-0.48895,0.49344,2.10000
0.11154,0.28747,0.14475,0.52130,0.49567,-0.48895,0.49344,2.20000
0.11154,0.28737,0.14475,0.52130,0.49567,-0.48895,0.49344,2.30000
0.11153,0.28727,0.14475,0.52130,0.49567,-0.48895,0.49344,2.40000
0.11153,0.28717,0.14475,0.52130,0.49567,-0.48895,0.49344,2.50000
0.11153,0.28707,0.14475,0.52130,0.49567,-0.48895,0.49344,2.60000
0.11153,0.28697,0.14475,0.52130,0.49567,-0.48895,0.49344,2.70000
0.11153,0.28687,0.14474,0.52130,0.49567,-0.48895,0.49344,2.80000
0.11152,0.28677,0.14474,0.52130,0.49567,-0.48895,0.49344,2.90000
0.11152,0.28667,0.14474,0.52130,0.49567,-0.48895,0.49344,3.00000
0.11152,0.28657,0.14473,0.52130,0.49567,-0.48895,0.49344,3.10000
0.11152,0.28647,0.14473,0.52130,0.49567,-0.48895,0.49344,3.20000
0.11152,0.28637,0.14473,0.52130,0.49567,-0.48895,0.49344,3.30000
0.11151,0.28627,0.14472,0.52130,0.49567,-0.48895,0.49344,3.40000
0.11151,0.28617,0.14472,0.52130,0.49567,-0.48895,0.49344,3.50000
0.11151,0.28607,0.14472,0.52130,0.49567,-0.48895,0.49344,3.60000
0.11151,0.28597,0.14471,0.52130,0.49567,-0.48895,0.49344,3.70000
0.11150,0.28587,0.14471,0.52130,0.49567,-0.48895,0.49344,3.80000
0.11150,0.28577,0.14471,0.52130,0.49567,-0.48895,0.49344,3.90000
0.11150,0.28567,0.14470,0.52130,0.49567,-0.48895,0.49344,4.00000
0.11150,0.28557,0.14471,0.52130,0.49567,-0.48895,0.49344,4.10000
0.11150,0.28547,0.14470,0.52130,0.49567,-0.48895,0.49344,4.20000
0.11149,0.28537,0.14470,0.52130,0.49567,-0.48895,0.49344,4.30000
0.11149,0.28527,0.14470,0.52130,0.49567,-0.48895,0.49344,4.40000
0.11149,0.28517,0.14469,0.52130,0.49567,-0.48895,0.49344,4.50000
0.11149,0.28507,0.14469,0.52130,0.49567,-0.48895,0.49344,4.60000
0.11149,0.28497,0.14469,0.52130,0.49567,-0.48895,0.49344,4.70000
0.11148,0.28487,0.14468,0.52130,0.49567,-0.48895,0.49344,4.80000
0.11148,0.28477,0.14468,0.52130,0.49567,-0.48895,0.49344,4.90000
0.11148,0.28467,0.14468,0.52130,0.49567,-0.48895,0.49344,5.00000
0.11148,0.28457,0.14467,0.52130,0.49567,-0.48895,0.49344,5.10000
0.11148,0.28447,0.14467,0.52130,0.49567,-0.48895,0.49344,5.20000
0.11147,0.28437,0.14467,0.52130,0.49567,-0.48895,0.49344,5.30000
0.11147,0.28427,0.14466,0.52130,0.49567,-0.48895,0.49344,5.40000
0.11147,0.28417,0.14466,0.52130,0.49567,-0.48895,0.49344,5.50000
0.11147,0.28407,0.14466,0.52130,0.49567,-0.48895,0.49344,5.60000
0.11146,0.28397,0.14466,0.52130,0.49567,-0.48895,0.49344,5.70000
0.11146,0.28387,0.14466,0.52130,0.49567,-0.48895,0.49344,5.80000
0.11146,0.28377,0.14466,0.52130,0.49567,-0.48895,0.49344,5.90000
0.11146,0.28367,0.14465,0.52130,0.49567,-0.48895,0.49344,6.00000
0.11146,0.28357,0.14465,0.52130,0.49567,-0.48895,0.49344,6.10000
0.11145,0.28347,0.14464,0.52130,0.49567,-0.48895,0.49344,6.20000
0.11145,0.28337,0.14464,0.52130,0.49567,-0.48895,0.49344,6.30000
0.11145,0.28327,0.14464,0.52130,0.49567,-0.48895,0.49344,6.40000
0.11145,0.28317,0.14463,0.52130,0.49567,-0.48895,0.49344,6.50000
0.11145,0.28307,0.14463,0.52130,0.49567,-0.48895,0.49344,6.60000
0.11144,0.28297,0.14463,0.52130,0.49567,-0.48895,0.49344,6.70000
0.11144,0.28287,0.14462,0.52130,0.49567,-0.48895,0.49344,6.80000
0.11144,0.28277,0.14462,0.52130,0.49567,-0.48895,0.49344,6.90000
0.11144,0.28267,0.14462,0.52130,0.49567,-0.48895,0.49344,7.00000
0.11144,0.28257,0.14461,0.52130,0.49567,-0.48895,0.49344,7.10000
0.11143,0.28247,0.14461,0.52130,0.49567,-0.48895,0.49344,7.20000
0.11143,0.28237,0.14462,0.52130,0.49567,-0.48895,0.49344,7.30000
0.11143,0.28227,0.14461,0.52130,0.49567,-0.48895,0.49344,7.40000
0.11143,0.28217,0.14461,0.52130,0.49567,-0.48895,0.49344,7.50000
0.11143,0.28207,0.14461,0.52130,0.49567,-0.48895,0.49344,7.60000
0.11142,0.28197,0.14460,0.52130,0.49567,-0.48895,0.49344,7.70000
0.11142,0.28187,0.14460,0.52130,0.49567,-0.48895,0.49344,7.80000
0.11142,0.28177,0.14460,0.52130,0.49567,-0.48895,0.49344,7.90000
0.11142,0.28167,0.14459,0.52130,0.49567,-0.48895,0.49344,8.00000
0.11142,0.28157,0.14459,0.52130,0.49567,-0.48895,0.49344,8.10000
0.11141,0.28147,0.14459,0.52130,0.49567,-0.48895,0.49344,8.20000
0.11141,0.28137,0.14458,0.52130,0.49567,-0.48895,0.49344,8.30000
0.11141,0.28127,0.14458,0.52130,0.49567,-0.48895,0.49344,8.40000
0.11141,0.28117,0.14457,0.52130,0.49567,-0.48895,0.49344,8.50000
0.11140,0.28107,0.14457,0.52130,0.49567,-0.48895,0.49344,8.60000
0.11140,0.28097,0.14457,0.52130,0.49567,-0.48895,0.49344,8.70000
0.11140,0.28087,0.14456,0.52130,0.49567,-0.48895,0.49344,8.80000
0.11140,0.28077,0.14457,0.52130,0.49567,-0.48895,0.49344,8.90000
0.11140,0.28067,0.14457,0.52130,0.49567,-0.48895,0.49344,9.00000
0.11139,0.28057,0.14456,0.52130,0.49567,-0.48895,0.49344,9.10000
0.11139,0.28047,0.14456,0.52130,0.49567,-0.48895,0.49344,9.20000
0.11139,0.28037,0.14456,0.52130,0.49567,-0.48895,0.49344,9.30000
0.11139,0.28027,0.14455,0.52130,0.49567,-0.48895,0.49344,9.40000
0.11139,0.28017,0.14455,0.52130,0.49567,-0.48895,0.49344,9.50000
0.11138,0.28007,0.14455,0.52130,0.49567,-0.48895,0.49344,9.60000
0.11138,0.27997,0.14454,0.52130,0.49567,-0.48895,0.49344,9.70000
0.11138,0.27987,0.14454,0.52130,0.49567,-0.48895,0.49344,9.80000
0.11138,0.27977,0.14454,0.52130,0.49567,-0.48895,0.49344,9.90000
0.11138,0.27967,0.14453,0.52130,0.49567,-0.48895,0.49344,10.00000
0.11137,0.27957,0.14453,0.52130,0.49567,-0.48895,0.49344,10.10000
0.11137,0.27947,0.14453,0.52130,0.49567,-0.48895,0.49344,10.20000
0.11137,0.27937,0.14452,0.52130,0.49567,-0.48895,0.49344,10.30000
0.11137,0.27927,0.14452,0.52130,0.49567,-0.48895,0.49344,10.40000
0.11137,0.27917,0.14452,0.52130,0.49567,-0.48895,0.49344,10.50000
0.11136,0.27907,0.14452,0.52130,0.49567,-0.48895,0.49344,10.60000
0.11136,0.27897,0.14452,0.52130,0.49567,-0.48895,0.49344,10.70000
0.11136,0.27887,0.14451,0.52130,0.49567,-0.48895,0.49344,10.80000
0.11136,0.27877,0.14451,0.52130,0.49567,-0.48895,0.49344,10.90000
0.11135,0.27867,0.14451,0.52130,0.49567,-0.48895,0.49344,11.00000
0.11135,0.27857,0.14450,0.52130,0.49567,-0.48895,0.49344,11.10000
0.11135,0.27847,0.14450,0.52130,0.49567,-0.48895,0.49344,11.20000
0.11135,0.27837,0.14450,0.52130,0.49567,-0.48895,0.49344,11.30000
0.11135,0.27827,0.14449,0.52130,0.49567,-0.48895,0.49344,11.40000
0.11134,0.27817,0.14449,0.52130,0.49567,-0.48895,0.49344,11.50000
0.11134,0.27807,0.14449,0.52130,0.49567,-0.48895,0.49344,11.60000
0.11134,0.27797,0.14448,0.52130,0.49567,-0.48895,0.49344,11.70000
0.11134,0.27787,0.14448,0.52130,0.49567,-0.48895,0.49344,11.80000
0.11134,0.27778,0.14448,0.52130,0.49567,-0.48895,0.49344,11.90000
0.11133,0.27768,0.14447,0.52130,0.49567,-0.48895,0.49344,12.00000
0.11133,0.27758,0.14447,0.52130,0.49567,-0.48895,0.49344,12.10000
0.11133,0.27747,0.14448,0.52130,0.49567,-0.48895,0.49344,12.20000
0.11133,0.27738,0.14447,0.52130,0.49567,-0.48895,0.49344,12.30000
0.11133,0.27728,0.14447,0.52130,0.49567,-0.48895,0.49344,12.40000
0.11132,0.27718,0.14446,0.52130,0.49567,-0.48895,0.49344,12.50000
0.11132,0.27708,0.14446,0.52130,0.49567,-0.48895,0.49344,12.60000
0.11132,0.27698,0.14446,0.52130,0.49567,-0.48895,0.49344,12.70000
0.11132,0.27688,0.14445,0.52130,0.49567,-0.48895,0.49344,12.80000
0.11132,0.27678,0.14445,0.52130,0.49567,-0.48895,0.49344,12.90000
0.11131,0.27668,0.14445,0.52130,0.49567,-0.48895,0.49344,13.00000
0.11131,0.27658,0.14444,0.52130,0.49567,-0.48895,0.49344,13.10000
0.11131,0.27648,0.14444,0.52130,0.49567,-0.48895,0.49344,13.20000
0.11131,0.27638,0.14444,0.52130,0.49567,-0.48895,0.49344,13.30000
0.11131,0.27628,0.14443,0.52130,0.49567,-0.48895,0.49344,13.40000
0.11130,0.27618,0.14443,0.52130,0.49567,-0.48895,0.49344,13.50000
0.11130,0.27608,0.14443,0.52130,0.49567,-0.48895,0.49344,13.60000
0.11130,0.27598,0.14442,0.52130,0.49567,-0.48895,0.49344,13.70000
0.11130,0.27588,0.14443,0.52130,0.49567,-0.48895,0.49344,13.80000
0.11129,0.27578,0.14443,0.52130,0.49567,-0.48895,0.49344,13.90000
0.11129,0.27568,0.14442,0.52130,0.49567,-0.48895,0.49344,14.00000
0.11129,0.27558,0.14442,0.52130,0.49567,-0.48895,0.49344,14.10000
0.11129,0.27548,0.14442,0.52130,0.49567,-0.48895,0.49344,14.20000
0.11129,0.27538,0.14441,0.52130,0.49567,-0.48895,0.49344,14.30000
0.11128,0.27528,0.14441,0.52130,0.49567,-0.48895,0.49344,14.40000
0.11128,0.27518,0.14441,0.52130,0.49567,-0.48895,0.49344,14.50000
0.11128,0.27508,0.14440,0.52130,0.49567,-0.48895,0.49344,14.60000
0.11128,0.27498,0.14440,0.52130,0.49567,-0.48895,0.49344,14.70000
0.11128,0.27488,0.14439,0.52130,0.49567,-0.48895,0.49344,14.80000
0.11127,0.27478,0.14439,0.52130,0.49567,-0.48895,0.49344,14.90000
0.11127,0.27468,0.14439,0.52130,0.49567,-0.48895,0.49344,15.00000
0.11127,0.27458,0.14438,0.52130,0.49567,-0.48895,0.49344,15.10000
0.11127,0.27448,0.14438,0.52130,0.49567,-0.48895,0.49344,15.20000
0.11127,0.27438,0.14438,0.52130,0.49567,-0.48895,0.49344,15.30000
0.11126,0.27428,0.14438,0.52130,0.49567,-0.48895,0.49344,15.40000
0.11126,0.27418,0.14438,0.52130,0.49567,-0.48895,0.49344,15.50000
0.11126,0.27408,0.14438,0.52130,0.49567,-0.48895,0.49344,15.60000
0.11126,0.27398,0.14437,0.52130,0.49567,-0.48895,0.49344,15.70000
0.11126,0.27388,0.14437,0.52130,0.49567,-0.48895,0.49344,15.80000
0.11125,0.27378,0.14437,0.52130,0.49567,-0.48895,0.49344,15.90000
0.11125,0.27368,0.14436,0.52130,0.49567,-0.48895,0.49344,16.00000
0.11125,0.27358,0.14436,0.52130,0.49567,-0.48895,0.49344,16.10000
0.11125,0.27348,0.14436,0.52130,0.49567,-0.48895,0.49344,16.20000
0.11124,0.27338,0.14435,0.52130,0.49567,-0.48895,0.49344,16.30000
0.11124,0.27328,0.14435,0.52130,0.49567,-0.48895,0.49344,16.40000
0.11124,0.27318,0.14435,0.52130,0.49567,-0.48895,0.49344,16.50000
0.11124,0.27308,0.14434,0.52130,0.49567,-0.48895,0.49344,16.60000
0.11124,0.27298,0.14434,0.52130,0.49567,-0.48895,0.49344,16.70000
0.11123,0.27288,0.14433,0.52130,0.49567,-0.48895,0.49344,16.80000
0.11123,0.27278,0.14433,0.52130,0.49567,-0.48895,0.49344,16.90000
0.11123,0.27268,0.14434,0.52130,0.49567,-0.48895,0.49344,17.00000
0.11123,0.27258,0.14433,0.52130,0.49567,-0.48895,0.49344,17.10000
0.11123,0.27248,0.14433,0.52130,0.49567,-0.48895,0.49344,17.20000
0.11122,0.27238,0.14433,0.52130,0.49567,-0.48895,0.49344,17.30000
0.11122,0.27228,0.14432,0.52130,0.49567,-0.48895,0.49344,17.40000
0.11122,0.27218,0.14432,0.52130,0.49567,-0.48895,0.49344,17.50000
0.11122,0.27208,0.14432,0.52130,0.49567,-0.48895,0.49344,17.60000
0.11122,0.27198,0.14431,0.52130,0.49567,-0.48895,0.49344,17.70000
0.11121,0.27188,0.14431,0.52130,0.49567,-0.48895,0.49344,17.80000
0.11121,0.27178,0.14431,0.52130,0.49567,-0.48895,0.49344,17.90000
0.11121,0.27168,0.14430,0.52130,0.49567,-0.48895,0.49344,18.00000
0.11121,0.27158,0.14430,0.52130,0.49567,-0.48895,0.49344,18.10000
0.11121,0.27148,0.14430,0.52130,0.49567,-0.48895,0.49344,18.20000
0.11120,0.27138,0.14429,0.52130,0.49567,-0.48895,0.49344,18.30000
0.11120,0.27128,0.14429,0.52130,0.49567,-0.48895,0.49344,18.40000
0.11120,0.27118,0.14429,0.52130,0.49567,-0.48895,0.49344,18.50000
0.11120,0.27108,0.14429,0.52130,0.49567,-0.48895,0.49344,18.60000
0.11119,0.27098,0.14429,0.52130,0.49567,-0.48895,0.49344,18.70000
0.11119,0.27088,0.14429,0.52130,0.49567,-0.48895,0.49344,18.80000
0.11119,0.27078,0.14428,0.52130,0.49567,-0.48895,0.49344,18.90000
0.11119,0.27068,0.14428,0.52130,0.49567,-0.48895,0.49344,19.00000
0.11119,0.27058,0.14427,0.52130,0.49567,-0.48895,0.49344,19.10000
0.11118,0.27048,0.14427,0.52130,0.49567,-0.48895,0.49344,19.20000
0.11118,0.27038,0.14427,0.52130,0.49567,-0.48895,0.49344,19.30000
0.11118,0.27028,0.14426,0.52130,0.49567,-0.48895,0.49344,19.40000
0.11118,0.27018,0.14426,0.52130,0.49567,-0.48895,0.49344,19.50000
0.11118,0.27008,0.14426,0.52130,0.49567,-0.48895,0.49344,19.60000
0.11117,0.26998,0.14425,0.52130,0.49567,-0.48895,0.49344,19.70000
0.11117,0.26988,0.14425,0.52130,0.49567,-0.48895,0.49344,19.80000
0.11117,0.26978,0.14425,0.52130,0.49567,-0.48895,0.49344,19.90000
0.11117,0.26968,0.14424,0.52130,0.49567,-0.48895,0.49344,20.00000
0.11117,0.26958,0.14424,0.52130,0.49567,-0.48895,0.49344,20.10000
0.11116,0.26948,0.14425,0.52130,0.49567,-0.48895,0.49344,20.20000
0.11116,0.26938,0.14424,0.52130,0.49567,-0.48895,0.49344,20.30000
0.11116,0.26928,0.14424,0.52130,0.49567,-0.48895,0.49344,20.40000
0.11116,0.26918,0.14424,0.52130,0.49567,-0.48895,0.49344,20.50000
0.11116,0.26908,0.14423,0.52130,0.49567,-0.48895,0.49344,20.60000
0.11115,0.26898,0.14423,0.52130,0.49567,-0.48895,0.49344,20.70000
0.11115,0.26888,0.14423,0.52130,0.49567,-0.48895,0.49344,20.80000
0.11115,0.26878,0.14422,0.52130,0.49567,-0.48895,0.49344,20.90000
0.11115,0.26868,0.14422,0.52130,0.49567,-0.48895,0.49344,21.00000
0.11114,0.26858,0.14421,0.52130,0.49567,-0.48895,0.49344,21.10000
0.11114,0.26848,0.14421,0.52130,0.49567,-0.48895,0.49344,21.20000
0.11114,0.26838,0.14421,0.52130,0.49567,-0.48895,0.49344,21.30000
0.11114,0.26828,0.14420,0.52130,0.49567,-0.48895,0.49344,21.40000
0.11114,0.26818,0.14420,0.52130,0.49567,-0.48895,0.49344,21.50000
0.11113,0.26808,0.14420,0.52130,0.49567,-0.48895,0.49344,21.60000
0.11113,0.26798,0.14419,0.52130,0.49567,-0.48895,0.49344,21.70000
0.11113,0.26788,0.14420,0.52130,0.49567,-0.48895,0.49344,21.80000
0.11113,0.26778,0.14420,0.52130,0.49567,-0.48895,0.49344,21.90000
0.11113,0.26768,0.14419,0.52130,0.49567,-0.48895,0.49344,22.00000
0.11112,0.26758,0.14419,0.52130,0.49567,-0.48895,0.49344,22.10000
0.11112,0.26748,0.14419,0.52130,0.49567,-0.48895,0.49344,22.20000
0.11112,0.26738,0.14418,0.52130,0.49567,-0.48895,0.49344,22.30000
0.11112,0.26728,0.14418,0.52130,0.49567,-0.48895,0.49344,22.40000
0.11112,0.26718,0.14418,0.52130,0.49567,-0.48895,0.49344,22.50000
0.11111,0.26708,0.14417,0.52130,0.49567,-0.48895,0.49344,22.60000
0.11111,0.26698,0.14417,0.52130,0.49567,-0.48895,0.49344,22.70000
0.11111,0.26688,0.14417,0.52130,0.49567,-0.48895,0.49344,22.80000
0.11111,0.26678,0.14416,0.52130,0.49567,-0.48895,0.49344,22.90000
0.11111,0.26668,0.14416,0.52130,0.49567,-0.48895,0.49344,23.00000
0.11110,0.26658,0.14416,0.52130,0.49567,-0.48895,0.49344,23.10000
0.11110,0.26648,0.14415,0.52130,0.49567,-0.48895,0.49344,23.20000
0.11110,0.26638,0.14415,0.52130,0.49567,-0.48895,0.49344,23.30000
0.11110,0.26628,0.14415,0.52130,0.49567,-0.48895,0.49344,23.40000
0.11109,0.26618,0.14415,0.52130,0.49567,-0.48895,0.49344,23.50000
0.11109,0.26608,0.14415,0.52130,0.49567,-0.48895,0.49344,23.60000
0.11109,0.26598,0.14414,0.52130,0.49567,-0.48895,0.49344,23.70000
0.11109,0.26588,0.14414,0.52130,0.49567,-0.48895,0.49344,23.80000
0.11109,0.26578,0.14414,0.52130,0.49567,-0.48895,0.49344,23.90000
0.11108,0.26568,0.14413,0.52130,0.49567,-0.48895,0.49344,24.00000
0.11108,0.26558,0.14413,0.52130,0.49567,-0.48895,0.49344,24.10000
0.11108,0.26548,0.14413,0.52130,0.49567,-0.48895,0.49344,24.20000
0.11108,0.26538,0.14412,0.52130,0.49567,-0.48895,0.49344,24.30000
0.11108,0.26528,0.14412,0.52130,0.49567,-0.48895,0.49344,24.40000
0.11107,0.26518,0.14412,0.52130,0.49567,-0.48895,0.49344,24.50000
0.11107,0.26508,0.14411,0.52130,0.49567,-0.48895,0.49344,24.60000
0.11107,0.26498,0.14411,0.52130,0.49567,-0.48895,0.49344,24.70000
0.11107,0.26488,0.14411,0.52130,0.49567,-0.48895,0.49344,24.80000
0.11107,0.26478,0.14410,0.52130,0.49567,-0.48895,0.49344,24.90000
0.11106,0.26468,0.14410,0.52130,0.49567,-0.48895,0.49344,25.00000
0.11106,0.26458,0.14411,0.52130,0.49567,-0.48895,0.49344,25.10000
0.11106,0.26448,0.14410,0.52130,0.49567,-0.48895,0.49344,25.20000
0.11106,0.26438,0.14410,0.52130,0.49567,-0.48895,0.49344,25.30000
0.11106,0.26428,0.14409,0.52130,0.49567,-0.48895,0.49344,25.40000
0.11105,0.26418,0.14409,0.52130,0.49567,-0.48895,0.49344,25.50000
0.11105,0.26408,0.14409,0.52130,0.49567,-0.48895,0.49344,25.60000
0.11105,0.26398,0.14408,0.52130,0.49567,-0.48895,0.49344,25.70000
0.11105,0.26388,0.14408,0.52130,0.49567,-0.48895,0.49344,25.80000
0.11105,0.26378,0.14408,0.52130,0.49567,-0.48895,0.49344,25.90000
0.11104,0.26368,0.14407,0.52130,0.49567,-0.48895,0.49344,26.00000
0.11104,0.26358,0.14407,0.52130,0.49567,-0.48895,0.49344,26.10000
0.11104,0.26348,0.14407,0.52130,0.49567,-0.48895,0.49344,26.20000
0.11104,0.26338,0.14406,0.52130,0.49567,-0.48895,0.49344,26.30000
0.11103,0.26328,0.14406,0.52130,0.49567,-0.48895,0.49344,26.40000
0.11103,0.26318,0.14406,0.52130,0.49567,-0.48895,0.49344,26.50000
0.11103,0.26308,0.14405,0.52130,0.49567,-0.48895,0.49344,26.60000
0.11103,0.26298,0.14406,0.52130,0.49567,-0.48895,0.49344,26.70000
0.11103,0.26288,0.14406,0.52130,0.49567,-0.48895,0.49344,26.80000
0.11102,0.26278,0.14405,0.52130,0.49567,-0.48895,0.49344,26.90000
0.11102,0.26268,0.14405,0.52130,0.49567,-0.48895,0.49344,27.00000
0.11102,0.26258,0.14405,0.52130,0.49567,-0.48895,0.49344,27.10000
0.11102,0.26248,0.14404,0.52130,0.49567,-0.48895,0.49344,27.20000
0.11102,0.26238,0.14404,0.52130,0.49567,-0.48895,0.49344,27.30000
0.11101,0.26228,0.14403,0.52130,0.49567,-0.48895,0.49344,27.40000
0.11101,0.26218,0.14403,0.52130,0.49567,-0.48895,0.49344,27.50000
0.11101,0.26208,0.14403,0.52130,0.49567,-0.48895,0.49344,27.60000
0.11101,0.26198,0.14402,0.52130,0.49567,-0.48895,0.49344,27.70000
0.11101,0.26188,0.14402,0.52130,0.49567,-0.48895,0.49344,27.80000
0.11100,0.26178,0.14402,0.52130,0.49567,-0.48895,0.49344,27.90000
0.11100,0.26168,0.14401,0.52130,0.49567,-0.48895,0.49344,28.00000
0.11100,0.26158,0.14401,0.52130,0.49567,-0.48895,0.49344,28.10000
0.11100,0.26149,0.14401,0.52130,0.49567,-0.48895,0.49344,28.20000
0.11099,0.26138,0.14401,0.52130,0.49567,-0.48895,0.49344,28.30000
0.11099,0.26128,0.14401,0.52130,0.49567,-0.48895,0.49344,28.40000
0.11099,0.26118,0.14401,0.52130,0.49567,-0.48895,0.49344,28.50000
0.11099,0.26109,0.14400,0.52130,0.49567,-0.48895,0.49344,28.60000
0.11099,0.26099,0.14400,0.52130,0.49567,-0.48895,0.49344,28.70000
0.11098,0.26089,0.14400,0.52130,0.49567,-0.48895,0.49344,28.80000
0.11098,0.26079,0.14399,0.52130,0.49567,-0.48895,0.49344,28.90000
0.11098,0.26069,0.14399,0.52130,0.49567,-0.48895,0.49344,29.00000
0.11098,0.26059,0.14399,0.52130,0.49567,-0.48895,0.49344,29.10000
0.11098,0.26049,0.14398,0.52130,0.49567,-0.48895,0.49344,29.20000
0.11097,0.26039,0.14398,0.52130,0.49567,-0.48895,0.49344,29.30000
0.11097,0.26029,0.14398,0.52130,0.49567,-0.48895,0.49344,29.40000
0.11097,0.26019,0.14397,0.52130,0.49567,-0.48895,0.49344,29.50000
0.11097,0.26009,0.14397,0.52130,0.49567,-0.48895,0.49344,29.60000
0.11097,0.25999,0.14396,0.52130,0.49567,-0.48895,0.49344,29.70000
0.11096,0.25989,0.14396,0.52130,0.49567,-0.48895,0.49344,29.80000
0.11096,0.25979,0.14397,0.52130,0.49567,-0.48895,0.49344,29.90000
0.11096,0.25969,0.14396,0.52130,0.49567,-0.48895,0.49344,30.00000
0.11096,0.25959,0.14396,0.52130,0.49567,-0.48895,0.49344,30.10000
0.11096,0.25949,0.14396,0.52130,0.49567,-0.48895,0.49344,30.20000
0.11095,0.25939,0.14395,0.52130,0.49567,-0.48895,0.49344,30.30000
0.11095,0.25929,0.14395,0.52130,0.49567,-0.48895,0.49344,30.40000
0.11095,0.25919,0.14395,0.52130,0.49567,-0.48895,0.49344,30.50000
0.11095,0.25909,0.14394,0.52130,0.49567,-0.48895,0.49344,30.60000
0.11095,0.25899,0.14394,0.52130,0.49567,-0.48895,0.49344,30.70000
0.11094,0.25889,0.14394,0.52130,0.49567,-0.48895,0.49344,30.80000
0.11094,0.25879,0.14393,0.52130,0.49567,-0.48895,0.49344,30.90000
0.11094,0.25869,0.14393,0.52130,0.49567,-0.48895,0.49344,31.00000
0.11094,0.25859,0.14393,0.52130,0.49567,-0.48895,0.49344,31.10000
0.11093,0.25849,0.14392,0.52130,0.49567,-0.48895,0.49344,31.20000
0.11093,0.25839,0.14392,0.52130,0.49567,-0.48895,0.49344,31.30000
0.11093,0.25829,0.14392,0.52130,0.49567,-0.48895,0.49344,31.40000
0.11093,0.25819,0.14392,0.52130,0.49567,-0.48895,0.49344,31.50000
0.11093,0.25809,0.14392,0.52130,0.49567,-0.48895,0.49344,31.60000
0.11092,0.25799,0.14391,0.52130,0.49567,-0.48895,0.49344,31.70000
0.11092,0.25789,0.14391,0.52130,0.49567,-0.48895,0.49344,31.80000
0.11092,0.25779,0.14391,0.52130,0.49567,-0.48895,0.49344,31.90000
0.11092,0.25769,0.14390,0.52130,0.49567,-0.48895,0.49344,32.00000
0.11092,0.25759,0.14390,0.52130,0.49567,-0.48895,0.49344,32.10000
0.11091,0.25749,0.14390,0.52130,0.49567,-0.48895,0.49344,32.20000
0.11091,0.25739,0.14389,0.52130,0.49567,-0.48895,0.49344,32.30000
0.11091,0.25729,0.14389,0.52130,0.49567,-0.48895,0.49344,32.40000
0.11091,0.25719,0.14389,0.52130,0.49567,-0.48895,0.49344,32.50000
0.11091,0.25709,0.14388,0.52130,0.49567,-0.48895,0.49344,32.60000
0.11090,0.25699,0.14388,0.52130,0.49567,-0.48895,0.49344,32.70000
0.11090,0.25689,0.14388,0.52130,0.49567,-0.48895,0.49344,32.80000
0.11090,0.25679,0.14387,0.52130,0.49567,-0.48895,0.49344,32.90000
0.11090,0.25669,0.14387,0.52130,0.49567,-0.48895,0.49344,33.00000
0.11090,0.25659,0.14388,0.52130,0.49567,-0.48895,0.49344,33.10000
0.11089,0.25649,0.14387,0.52130,0.49567,-0.48895,0.49344,33.20000
0.11089,0.25639,0.14387,0.52130,0.49567,-0.48895,0.49344,33.30000
0.11089,0.25629,0.14387,0.52130,0.49567,-0.48895,0.49344,33.40000
0.11089,0.25619,0.14386,0.52130,0.49567,-0.48895,0.49344,33.50000
0.11088,0.25609,0.14386,0.52130,0.49567,-0.48895,0.49344,33.60000
0.11088,0.25599,0.14386,0.52130,0.49567,-0.48895,0.49344,33.70000
0.11088,0.25589,0.14385,0.52130,0.49567,-0.48895,0.49344,33.80000
0.11088,0.25579,0.14385,0.52130,0.49567,-0.48895,0.49344,33.90000
0.11088,0.25569,0.14384,0.52130,0.49567,-0.48895,0.49344,34.00000
0.11087,0.25559,0.14384,0.52130,0.49567,-0.48895,0.49344,34.10000
0.11087,0.25549,0.14384,0.52130,0.49567,-0.48895,0.49344,34.20000
0.11087,0.25539,0.14383,0.52130,0.49567,-0.48895,0.49344,34.30000
0.11087,0.25529,0.14383,0.52130,0.49567,-0.48895,0.49344,34.40000
0.11087,0.25519,0.14383,0.52130,0.49567,-0.48895,0.49344,34.50000
0.11086,0.25509,0.14382,0.52130,0.49567,-0.48895,0.49344,34.60000
0.11086,0.25499,0.14383,0.52130,0.49567,-0.48895,0.49344,34.70000
0.11086,0.25489,0.14383,0.52130,0.49567,-0.48895,0.49344,34.80000
0.11086,0.25479,0.14382,0.52130,0.49567,-0.48895,0.49344,34.90000
0.11086,0.25469,0.14382,0.52130,0.49567,-0.48895,0.49344,35.00000
0.11085,0.25459,0.14382,0.52130,0.49567,-0.48895,0.49344,35.10000
0.11085,0.25449,0.14381,0.52130,0.49567,-0.48895,0.49344,35.20000
0.11085,0.25439,0.14381,0.52130,0.49567,-0.48895,0.49344,35.30000
0.11085,0.25429,0.14381,0.52130,0.49567,-0.48895,0.49344,35.40000
0.11085,0.25419,0.14380,0.52130,0.49567,-0.48895,0.49344,35.50000
0.11084,0.25409,0.14380,0.52130,0.49567,-0.48895,0.49344,35.60000
0.11084,0.25399,0.14380,0.52130,0.49567,-0.48895,0.49344,35.70000
0.11084,0.25389,0.14379,0.52130,0.49567,-0.48895,0.49344,35.80000
0.11084,0.25379,0.14379,0.52130,0.49567,-0.48895,0.49344,35.90000
0.11084,0.25369,0.14378,0.52130,0.49567,-0.48895,0.49344,36.00000
0.11083,0.25359,0.14378,0.52130,0.49567,-0.48895,0.49344,36.10000
0.11083,0.25349,0.14378,0.52130,0.49567,-0.48895,0.49344,36.20000
0.11083,0.25339,0.14377,0.52130,0.49567,-0.48895,0.49344,36.30000
0.11083,0.25329,0.14378,0.52130,0.49567,-0.48895,0.49344,36.40000
0.11082,0.25319,0.14378,0.52130,0.49567,-0.48895,0.49344,36.50000
0.11082,0.25309,0.14377,0.52130,0.49567,-0.48895,0.49344,36.60000
0.11082,0.25299,0.14377,0.52130,0.49567,-0.48895,0.49344,36.70000
0.11082,0.25289,0.14377,0.52130,0.49567,-0.48895,0.49344,36.80000
0.11082,0.25279,0.14376,0.52130,0.49567,-0.48895,0.49344,36.90000
0.11081,0.25269,0.14376,0.52130,0.49567,-0.48895,0.49344,37.00000
0.11081,0.25259,0.14376,0.52130,0.49567,-0.48895,0.49344,37.10000
0.11081,0.25249,0.14375,0.52130,0.49567,-0.48895,0.49344,37.20000
0.11081,0.25239,0.14375,0.52130,0.49567,-0.48895,0.49344,37.30000
0.11081,0.25229,0.14375,0.52130,0.49567,-0.48895,0.49344,37.40000
0.11080,0.25219,0.14374,0.52130,0.49567,-0.48895,0.49344,37.50000
0.11080,0.25209,0.14374,0.52130,0.49567,-0.48895,0.49344,37.60000
0.11080,0.25199,0.14374,0.52130,0.49567,-0.48895,0.49344,37.70000
0.11080,0.25189,0.14373,0.52130,0.49567,-0.48895,0.49344,37.80000
0.11080,0.25179,0.14373,0.52130,0.49567,-0.48895,0.49344,37.90000
0.11079,0.25169,0.14374,0.52130,0.49567,-0.48895,0.49344,38.00000
0.11079,0.25159,0.14373,0.52130,0.49567,-0.48895,0.49344,38.10000
0.11079,0.25149,0.14373,0.52130,0.49567,-0.48895,0.49344,38.20000
0.11079,0.25139,0.14372,0.52130,0.49567,-0.48895,0.49344,38.30000
0.11078,0.25129,0.14372,0.52130,0.49567,-0.48895,0.49344,38.40000
0.11078,0.25119,0.14372,0.52130,0.49567,-0.48895,0.49344,38.50000
0.11078,0.25109,0.14371,0.52130,0.49567,-0.48895,0.49344,38.60000
0.11078,0.25099,0.14371,0.52130,0.49567,-0.48895,0.49344,38.70000
0.11078,0.25089,0.14371,0.52130,0.49567,-0.48895,0.49344,38.80000
0.11077,0.25079,0.14370,0.52130,0.49567,-0.48895,0.49344,38.90000
0.11077,0.25069,0.14370,0.52130,0.49567,-0.48895,0.49344,39.00000
0.11077,0.25059,0.14370,0.52130,0.49567,-0.48895,0.49344,39.10000
0.11077,0.25049,0.14369,0.52130,0.49567,-0.48895,0.49344,39.20000
0.11077,0.25039,0.14369,0.52130,0.49567,-0.48895,0.49344,39.30000
0.11076,0.25029,0.14369,0.52130,0.49567,-0.48895,0.49344,39.40000
0.11076,0.25019,0.14368,0.52130,0.49567,-0.48895,0.49344,39.50000
0.11076,0.25009,0.14369,0.52130,0.49567,-0.48895,0.49344,39.60000
0.11076,0.24999,0.14369,0.52130,0.49567,-0.48895,0.49344,39.70000
0.11076,0.24989,0.14368,0.52130,0.49567,-0.48895,0.49344,39.80000
0.11075,0.24979,0.14368,0.52130,0.49567,-0.48895,0.49344,39.90000
0.11075,0.24969,0.14368,0.52130,0.49567,-0.48895,0.49344,40.00000
0.11075,0.24959,0.14367,0.52130,0.49567,-0.48895,0.49344,40.10000
0.11075,0.24949,0.14367,0.52130,0.49567,-0.48895,0.49344,40.20000
0.11075,0.24939,0.14366,0.52130,0.49567,-0.48895,0.49344,40.30000
0.11074,0.24929,0.14366,0.52130,0.49567,-0.48895,0.49344,40.40000
0.11074,0.24919,0.14366,0.52130,0.49567,-0.48895,0.49344,40.50000
0.11074,0.24909,0.14365,0.52130,0.49567,-0.48895,0.49344,40.60000
0.11074,0.24899,0.14365,0.52130,0.49567,-0.48895,0.49344,40.70000
0.11074,0.24889,0.14365,0.52130,0.49567,-0.48895,0.49344,40.80000
0.11073,0.24879,0.14364,0.52130,0.49567,-0.48895,0.49344,40.90000
0.11073,0.24869,0.14364,0.52130,0.49567,-0.48895,0.49344,41.00000
0.11073,0.24859,0.14364,0.52130,0.49567,-0.48895,0.49344,41.10000
0.11073,0.24849,0.14364,0.52130,0.49567,-0.48895,0.49344,41.20000
0.11072,0.24839,0.14364,0.52130,0.49567,-0.48895,0.49344,41.30000
0.11072,0.24829,0.14364,0.52130,0.49567,-0.48895,0.49344,41.40000
0.11072,0.24819,0.14363,0.52130,0.49567,-0.48895,0.49344,41.50000
0.11072,0.24809,0.14363,0.52130,0.49567,-0.48895,0.49344,41.60000
0.11072,0.24799,0.14363,0.52130,0.49567,-0.48895,0.49344,41.70000
0.11071,0.24789,0.14362,0.52130,0.49567,-0.48895,0.49344,41.80000
0.11071,0.24779,0.14362,0.52130,0.49567,-0.48895,0.49344,41.90000
0.11071,0.24769,0.14362,0.52130,0.49567,-0.48895,0.49344,42.00000
0.11071,0.24759,0.14361,0.52130,0.49567,-0.48895,0.49344,42.10000
0.11071,0.24749,0.14361,0.52130,0.49567,-0.48895,0.49344,42.20000
0.11070,0.24739,0.14361,0.52130,0.49567,-0.48895,0.49344,42.30000
0.11070,0.24729,0.14360,0.52130,0.49567,-0.48895,0.49344,42.40000
0.11070,0.24719,0.14360,0.52130,0.49567,-0.48895,0.49344,42.50000
0.11070,0.24709,0.14359,0.52130,0.49567,-0.48895,0.49344,42.60000
0.11070,0.24699,0.14359,0.52130,0.49567,-0.48895,0.49344,42.70000
0.11069,0.24689,0.14360,0.52130,0.49567,-0.48895,0.49344,42.80000
0.11069,0.24679,0.14359,0.52130,0.49567,-0.48895,0.49344,42.90000
0.11069,0.24669,0.14359,0.52130,0.49567,-0.48895,0.49344,43.00000
0.11069,0.24659,0.14359,0.52130,0.49567,-0.48895,0.49344,43.10000
0.11069,0.24649,0.14358,0.52130,0.49567,-0.48895,0.49344,43.20000
0.11068,0.24639,0.14358,0.52130,0.49567,-0.48895,0.49344,43.30000
0.11068,0.24629,0.14358,0.52130,0.49567,-0.48895,0.49344,43.40000
0.11068,0.24619,0.14357,0.52130,0.49567,-0.48895,0.49344,43.50000
0.11068,0.24609,0.14357,0.52130,0.49567,-0.48895,0.49344,43.60000
0.11067,0.24599,0.14357,0.52130,0.49567,-0.48895,0.49344,43.70000
0.11067,0.24589,0.14356,0.52130,0.49567,-0.48895,0.49344,43.80000
0.11067,0.24579,0.14356,0.52130,0.49567,-0.48895,0.49344,43.90000
0.11067,0.24569,0.14356,0.52130,0.49567,-0.48895,0.49344,44.00000
0.11067,0.24559,0.14355,0.52130,0.49567,-0.48895,0.49344,44.10000
0.11066,0.24549,0.14355,0.52130,0.49567,-0.48895,0.49344,44.20000
0.11066,0.24539,0.14355,0.52130,0.49567,-0.48895,0.49344,44.30000
0.11066,0.24529,0.14355,0.52130,0.49567,-0.48895,0.49344,44.40000
0.11066,0.24519,0.14355,0.52130,0.49567,-0.48895,0.49344,44.50000
0.11066,0.24509,0.14354,0.52130,0.49567,-0.48895,0.49344,44.60000
0.11065,0.24499,0.14354,0.52130,0.49567,-0.48895,0.49344,44.70000
0.11065,0.24489,0.14354,0.52130,0.49567,-0.48895,0.49344,44.80000
0.11065,0.24479,0.14353,0.52130,0.49567,-0.48895,0.49344,44.90000
0.11065,0.24470,0.14353,0.52130,0.49567,-0.48895,0.49344,45.00000
0.11065,0.24460,0.14353,0.52130,0.49567,-0.48895,0.49344,45.10000
0.11064,0.24450,0.14352,0.52130,0.49567,-0.48895,0.49344,45.20000
0.11064,0.24440,0.14352,0.52130,0.49567,-0.48895,0.49344,45.30000
0.11064,0.24430,0.14352,0.52130,0.49567,-0.48895,0.49344,45.40000
0.11064,0.24420,0.14351,0.52130,0.49567,-0.48895,0.49344,45.50000
0.11064,0.24410,0.14351,0.52130,0.49567,-0.48895,0.49344,45.60000
0.11063,0.24400,0.14351,0.52130,0.49567,-0.48895,0.49344,45.70000
0.11063,0.24390,0.14350,0.52130,0.49567,-0.48895,0.49344,45.80000
0.11063,0.24380,0.14350,0.52130,0.49567,-0.48895,0.49344,45.90000
0.11063,0.24370,0.14351,0.52130,0.49567,-0.48895,0.49344,46.00000
0.11062,0.24360,0.14350,0.52130,0.49567,-0.48895,0.49344,46.10000
0.11062,0.24350,0.14350,0.52130,0.49567,-0.48895,0.49344,46.20000
0.11062,0.24340,0.14350,0.52130,0.49567,-0.48895,0.49344,46.30000
0.11062,0.24330,0.14349,0.52130,0.49567,-0.48895,0.49344,46.40000
0.11062,0.24320,0.14349,0.52130,0.49567,-0.48895,0.49344,46.50000
0.11061,0.24310,0.14348,0.52130,0.49567,-0.48895,0.49344,46.60000
0.11061,0.24300,0.14348,0.52130,0.49567,-0.48895,0.49344,46.70000
0.11061,0.24290,0.14348,0.52130,0.49567,-0.48895,0.49344,46.80000
0.11061,0.24280,0.14347,0.52130,0.49567,-0.48895,0.49344,46.90000
0.11061,0.24270,0.14347,0.52130,0.49567,-0.48895,0.49344,47.00000
0.11060,0.24260,0.14347,0.52130,0.49567,-0.48895,0.49344,47.10000
0.11060,0.24250,0.14346,0.52130,0.49567,-0.48895,0.49344,47.20000
0.11060,0.24240,0.14346,0.52130,0.49567,-0.48895,0.49344,47.30000
0.11060,0.24230,0.14346,0.52130,0.49567,-0.48895,0.49344,47.40000
0.11060,0.24220,0.14345,0.52130,0.49567,-0.48895,0.49344,47.50000
0.11059,0.24210,0.14346,0.52130,0.49567,-0.48895,0.49344,47.60000
0.11059,0.24200,0.14346,0.52130,0.49567,-0.48895,0.49344,47.70000
0.11059,0.24190,0.14345,0.52130,0.49567,-0.48895,0.49344,47.80000
0.11059,0.24180,0.14345,0.52130,0.49567,-0.48895,0.49344,47.90000
0.11059,0.24170,0.14345,0.52130,0.49567,-0.48895,0.49344,48.00000
0.11058,0.24160,0.14344,0.52130,0.49567,-0.48895,0.49344,48.10000
0.11058,0.24150,0.14344,0.52130,0.49567,-0.48895,0.49344,48.20000
0.11058,0.24140,0.14344,0.52130,0.49567,-0.48895,0.49344,48.30000
0.11058,0.24130,0.14343,0.52130,0.49567,-0.48895,0.49344,48.40000
0.11058,0.24120,0.14343,0.52130,0.49567,-0.48895,0.49344,48.50000
0.11057,0.24110,0.14343,0.52130,0.49567,-0.48895,0.49344,48.60000
0.11057,0.24100,0.14342,0.52130,0.49567,-0.48895,0.49344,48.70000
0.11057,0.24090,0.14342,0.52130,0.49567,-0.48895,0.49344,48.80000
0.11057,0.24080,0.14341,0.52130,0.49567,-0.48895,0.49344,48.90000
0.11056,0.24070,0.14341,0.52130,0.49567,-0.48895,0.49344,49.00000
0.11056,0.24060,0.14341,0.52130,0.49567,-0.48895,0.49344,49.10000
0.11056,0.24050,0.14340,0.52130,0.49567,-0.48895,0.49344,49.20000
0.11056,0.24040,0.14341,0.52130,0.49567,-0.48895,0.49344,49.30000
0.11056,0.24030,0.14341,0.52130,0.49567,-0.48895,0.49344,49.40000
0.11055,0.24020,0.14340,0.52130,0.49567,-0.48895,0.49344,49.50000
0.11055,0.24010,0.14340,0.52130,0.49567,-0.48895,0.49344,49.60000
0.11055,0.24000,0.14340,0.52130,0.49567,-0.48895,0.49344,49.70000
0.11055,0.23990,0.14339,0.52130,0.49567,-0.48895,0.49344,49.80000
0.11055,0.23980,0.14339,0.52130,0.49567,-0.48895,0.49344,49.90000
0.11054,0.23970,0.14339,0.52130,0.49567,-0.48895,0.49344,50.00000
0.11054,0.23960,0.14338,0.52130,0.49567,-0.48895,0.49344,50.10000
0.11054,0.23950,0.14338,0.52130,0.49567,-0.48895,0.49344,50.20000
0.11054,0.23940,0.14338,0.52130,0.49567,-0.48895,0.49344,50.30000
0.11054,0.23930,0.14337,0.52130,0.49567,-0.48895,0.49344,50.40000
0.11053,0.23920,0.14337,0.52130,0.49567,-0.48895,0.49344,50.50000
0.11053,0.23910,0.14337,0.52130,0.49567,-0.48895,0.49344,50.60000
0.11053,0.23900,0.14336,0.52130,0.49567,-0.48895,0.49344,50.70000
0.11053,0.23890,0.14336,0.52130,0.49567,-0.48895,0.49344,50.80000
0.11052,0.23880,0.14336,0.52130,0.49567,-0.48895,0.49344,50.90000
0.11052,0.23870,0.14336,0.52130,0.49567,-0.48895,0.49344,51.00000
0.11052,0.23860,0.14336,0.52130,0.49567,-0.48895,0.49344,51.10000
0.11052,0.23850,0.14335,0.52130,0.49567,-0.48895,0.49344,51.20000
0.11052,0.23840,0.14335,0.52130,0.49567,-0.48895,0.49344,51.30000
0.11051,0.23830,0.14335,0.52130,0.49567,-0.48895,0.49344,51.40000
0.11051,0.23820,0.14334,0.52130,0.49567,-0.48895,0.49344,51.50000
0.11051,0.23810,0.14334,0.52130,0.49567,-0.48895,0.49344,51.60000
0.11051,0.23800,0.14334,0.52130,0.49567,-0.48895,0.49344,51.70000
0.11051,0.23790,0.14333,0.52130,0.49567,-0.48895,0.49344,51.80000
0.11050,0.23780,0.14333,0.52130,0.49567,-0.48895,0.49344,51.90000
0.11050,0.23770,0.14333,0.52130,0.49567,-0.48895,0.49344,52.00000
0.11050,0.23760,0.14332,0.52130,0.49567,-0.48895,0.49344,52.10000
0.11050,0.23750,0.14332,0.52130,0.49567,-0.48895,0.49344,52.20000
0.11050,0.23740,0.14332,0.52130,0.49567,-0.48895,0.49344,52.30000
0.11049,0.23730,0.14331,0.52130,0.49567,-0.48895,0.49344,52.40000
0.11049,0.23720,0.14332,0.52130,0.49567,-0.48895,0.49344,52.50000
0.11049,0.23710,0.14332,0.52130,0.49567,-0.48895,0.49344,52.60000
0.11049,0.23700,0.14331,0.52130,0.49567,-0.48895,0.49344,52.70000
0.11049,0.23690,0.14331,0.52130,0.49567,-0.48895,0.49344,52.80000
0.11048,0.23680,0.14331,0.52130,0.49567,-0.48895,0.49344,52.90000
0.11048,0.23670,0.14330,0.52130,0.49567,-0.48895,0.49344,53.00000
0.11048,0.23660,0.14330,0.52130,0.49567,-0.48895,0.49344,53.10000
0.11048,0.23650,0.14329,0.52130,0.49567,-0.48895,0.49344,53.20000
0.11048,0.23640,0.14329,0.52130,0.49567,-0.48895,0.49344,53.30000
0.11047,0.23630,0.14329,0.52130,0.49567,-0.48895,0.49344,53.40000
0.11047,0.23620,0.14328,0.52130,0.49567,-0.48895,0.49344,53.50000
0.11047,0.23610,0.14328,0.52130,0.49567,-0.48895,0.49344,53.60000
0.11047,0.23600,0.14328,0.52130,0.49567,-0.48895,0.49344,53.70000
0.11046,0.23590,0.14327,0.52130,0.49567,-0.48895,0.49344,53.80000
0.11046,0.23580,0.14327,0.52130,0.49567,-0.48895,0.49344,53.90000
0.11046,0.23570,0.14327,0.52130,0.49567,-0.48895,0.49344,54.00000
0.11046,0.23560,0.14327,0.52130,0.49567,-0.48895,0.49344,54.10000
0.11046,0.23550,0.14327,0.52130,0.49567,-0.48895,0.49344,54.20000
0.11045,0.23540,0.14327,0.52130,0.49567,-0.48895,0.49344,54.30000
0.11045,0.23530,0.14326,0.52130,0.49567,-0.48895,0.49344,54.40000
0.11045,0.23520,0.14326,0.52130,0.49567,-0.48895,0.49344,54.50000
0.11045,0.23510,0.14326,0.52130,0.49567,-0.48895,0.49344,54.60000
0.11045,0.23500,0.14325,0.52130,0.49567,-0.48895,0.49344,54.70000
0.11044,0.23490,0.14325,0.52130,0.49567,-0.48895,0.49344,54.80000
0.11044,0.23480,0.14325,0.52130,0.49567,-0.48895,0.49344,54.90000
0.11044,0.23470,0.14324,0.52130,0.49567,-0.48895,0.49344,55.00000
0.11044,0.23460,0.14324,0.52130,0.49567,-0.48895,0.49344,55.10000
0.11044,0.23450,0.14323,0.52130,0.49567,-0.48895,0.49344,55.20000
0.11043,0.23440,0.14323,0.52130,0.49567,-0.48895,0.49344,55.30000
0.11043,0.23430,0.14323,0.52130,0.49567,-0.48895,0.49344,55.40000
0.11043,0.23420,0.14322,0.52130,0.49567,-0.48895,0.49344,55.50000
0.11043,0.23410,0.14322,0.52130,0.49567,-0.48895,0.49344,55.60000
0.11043,0.23400,0.14323,0.52130,0.49567,-0.48895,0.49344,55.70000
0.11042,0.23390,0.14322,0.52130,0.49567,-0.48895,0.49344,55.80000
0.11042,0.23380,0.14322,0.52130,0.49567,-0.48895,0.49344,55.90000
0.11042,0.23370,0.14322,0.52130,0.49567,-0.48895,0.49344,56.00000
0.11042,0.23360,0.14321,0.52130,0.49567,-0.48895,0.49344,56.10000
0.11041,0.23350,0.14321,0.52130,0.49567,-0.48895,0.49344,56.20000
0.11041,0.23340,0.14321,0.52130,0.49567,-0.48895,0.49344,56.30000
0.11041,0.23330,0.14320,0.52130,0.49567,-0.48895,0.49344,56.40000
0.11041,0.23320,0.14320,0.52130,0.49567,-0.48895,0.49344,56.50000
0.11041,0.23310,0.14320,0.52130,0.49567,-0.48895,0.49344,56.60000
0.11040,0.23300,0.14319,0.52130,0.49567,-0.48895,0.49344,56.70000
0.11040,0.23290,0.14319,0.52130,0.49567,-0.48895,0.49344,56.80000
0.11040,0.23280,0.14319,0.52130,0.49567,-0.48895,0.49344,56.90000
0.11040,0.23270,0.14318,0.52130,0.49567,-0.48895,0.49344,57.00000
0.11040,0.23260,0.14318,0.52130,0.49567,-0.48895,0.49344,57.10000
0.11039,0.23250,0.14318,0.52130,0.49567,-0.48895,0.49344,57.20000
0.11039,0.23240,0.14318,0.52130,0.49567,-0.48895,0.49344,57.30000
0.11039,0.23230,0.14318,0.52130,0.49567,-0.48895,0.49344,57.40000
0.11039,0.23220,0.14317,0.52130,0.49567,-0.48895,0.49344,57.50000
0.11039,0.23210,0.14317,0.52130,0.49567,-0.48895,0.49344,57.60000
0.11038,0.23200,0.14317,0.52130,0.49567,-0.48895,0.49344,57.70000
0.11038,0.23190,0.14316,0.52130,0.49567,-0.48895,0.49344,57.80000
0.11038,0.23180,0.14316,0.52130,0.49567,-0.48895,0.49344,57.90000
0.11038,0.23170,0.14316,0.52130,0.49567,-0.48895,0.49344,58.00000
0.11038,0.23160,0.14315,0.52130,0.49567,-0.48895,0.49344,58.10000
0.11037,0.23150,0.14315,0.52130,0.49567,-0.48895,0.49344,58.20000
0.11037,0.23140,0.14315,0.52130,0.49567,-0.48895,0.49344,58.30000
0.11037,0.23130,0.14314,0.52130,0.49567,-0.48895,0.49344,58.40000
0.11037,0.23120,0.14314,0.52130,0.49567,-0.48895,0.49344,58.50000
0.11037,0.23110,0.14314,0.52130,0.49567,-0.48895,0.49344,58.60000
0.11036,0.23100,0.14313,0.52130,0.49567,-0.48895,0.49344,58.70000
0.11036,0.23090,0.14313,0.52130,0.49567,-0.48895,0.49344,58.80000
0.11036,0.23080,0.14314,0.52130,0.49567,-0.48895,0.49344,58.90000
0.11036,0.23070,0.14313,0.52130,0.49567,-0.48895,0.49344,59.00000
0.11035,0.23060,0.14313,0.52130,0.49567,-0.48895,0.49344,59.10000
0.11035,0.23050,0.14313,0.52130,0.49567,-0.48895,0.49344,59.20000
0.11035,0.23040,0.14312,0.52130,0.49567,-0.48895,0.49344,59.30000
0.11035,0.23030,0.14312,0.52130,0.49567,-0.48895,0.49344,59.40000
0.11035,0.23020,0.14311,0.52130,0.49567,-0.48895,0.49344,59.50000
0.11034,0.23010,0.14311,0.52130,0.49567,-0.48895,0.49344,59.60000
0.11034,0.23000,0.14311,0.52130,0.49567,-0.48895,0.49344,59.70000
0.11034,0.22990,0.14310,0.52130,0.49567,-0.48895,0.49344,59.80000
0.11034,0.22980,0.14310,0.52130,0.49567,-0.48895,0.49344,59.90000
0.11034,0.22970,0.14310,0.52130,0.49567,-0.48895,0.49344,60.00000
0.11033,0.22960,0.14309,0.52130,0.49567,-0.48895,0.49344,60.10000
0.11033,0.22950,0.14309,0.52130,0.49567,-0.48895,0.49344,60.20000
0.11033,0.22940,0.14309,0.52130,0.49567,-0.48895,0.49344,60.30000
0.11033,0.22930,0.14308,0.52130,0.49567,-0.48895,0.49344,60.40000
0.11033,0.22920,0.14308,0.52130,0.49567,-0.48895,0.49344,60.50000
0.11032,0.22910,0.14309,0.52130,0.49567,-0.48895,0.49344,60.60000
0.11032,0.22900,0.14308,0.52130,0.49567,-0.48895,0.49344,60.70000
0.11032,0.22890,0.14308,0.52130,0.49567,-0.48895,0.49344,60.80000
0.11032,0.22880,0.14308,0.52130,0.49567,-0.48895,0.49344,60.90000
0.11031,0.22870,0.14307,0.52130,0.49567,-0.48895,0.49344,61.00000
0.11031,0.22860,0.14307,0.52130,0.49567,-0.48895,0.49344,61.10000
0.11031,0.22850,0.14307,0.52130,0.49567,-0.48895,0.49344,61.20000
0.11031,0.22841,0.14306,0.52130,0.49567,-0.48895,0.49344,61.30000
0.11031,0.22831,0.14306,0.52130,0.49567,-0.48895,0.49344,61.40000
0.11030,0.22821,0.14305,0.52130,0.49567,-0.48895,0.49344,61.50000
0.11030,0.22811,0.14305,0.52130,0.49567,-0.48895,0.49344,61.60000
0.11030,0.22801,0.14305,0.52130,0.49567,-0.48895,0.49344,61.70000
0.11030,0.22791,0.14304,0.52130,0.49567,-0.48895,0.49344,61.80000
0.11030,0.22781,0.14304,0.52130,0.49567,-0.48895,0.49344,61.90000
0.11029,0.22771,0.14304,0.52130,0.49567,-0.48895,0.49344,62.00000
0.11029,0.22761,0.14303,0.52130,0.49567,-0.48895,0.49344,62.10000
0.11029,0.22751,0.14304,0.52130,0.49567,-0.48895,0.49344,62.20000
0.11029,0.22741,0.14304,0.52130,0.49567,-0.48895,0.49344,62.30000
0.11029,0.22731,0.14303,0.52130,0.49567,-0.48895,0.49344,62.40000
0.11028,0.22721,0.14303,0.52130,0.49567,-0.48895,0.49344,62.50000
0.11028,0.22711,0.14303,0.52130,0.49567,-0.48895,0.49344,62.60000
0.11028,0.22701,0.14302,0.52130,0.49567,-0.48895,0.49344,62.70000
0.11028,0.22691,0.14302,0.52130,0.49567,-0.48895,0.49344,62.80000
0.11028,0.22681,0.14302,0.52130,0.49567,-0.48895,0.49344,62.90000
0.11027,0.22671,0.14301,0.52130,0.49567,-0.48895,0.49344,63.00000
0.11027,0.22661,0.14301,0.52130,0.49567,-0.48895,0.49344,63.10000
0.11027,0.22651,0.14301,0.52130,0.49567,-0.48895,0.49344,63.20000
0.11027,0.22641,0.14300,0.52130,0.49567,-0.48895,0.49344,63.30000
0.11027,0.22631,0.14300,0.52130,0.49567,-0.48895,0.49344,63.40000
0.11026,0.22621,0.14300,0.52130,0.49567,-0.48895,0.49344,63.50000
0.11026,0.22611,0.14299,0.52130,0.49567,-0.48895,0.49344,63.60000
0.11026,0.22601,0.14299,0.52130,0.49567,-0.48895,0.49344,63.70000
0.11026,0.22591,0.14299,0.52130,0.49567,-0.48895,0.49344,63.80000
0.11025,0.22581,0.14299,0.52130,0.49567,-0.48895,0.49344,63.90000
0.11025,0.22571,0.14299,0.52130,0.49567,-0.48895,0.49344,64.00000
0.11025,0.22561,0.14298,0.52130,0.49567,-0.48895,0.49344,64.10000
0.11025,0.22551,0.14298,0.52130,0.49567,-0.48895,0.49344,64.20000
0.11025,0.22541,0.14298,0.52130,0.49567,-0.48895,0.49344,64.30000
0.11024,0.22531,0.14297,0.52130,0.49567,-0.48895,0.49344,64.40000
0.11024,0.22521,0.14297,0.52130,0.49567,-0.48895,0.49344,64.50000
0.11024,0.22511,0.14297,0.52130,0.49567,-0.48895,0.49344,64.60000
0.11024,0.22501,0.14296,0.52130,0.49567,-0.48895,0.49344,64.70000
0.11024,0.22491,0.14296,0.52130,0.49567,-0.48895,0.49344,64.80000
0.11023,0.22481,0.14296,0.52130,0.49567,-0.48895,0.49344,64.90000
0.11023,0.22471,0.14295,0.52130,0.49567,-0.48895,0.49344,65.00000
0.11023,0.22461,0.14295,0.52130,0.49567,-0.48895,0.49344,65.10000
0.11023,0.22451,0.14295,0.52130,0.49567,-0.48895,0.49344,65.20000
0.11023,0.22441,0.14294,0.52130,0.49567,-0.48895,0.49344,65.30000
0.11022,0.22431,0.14295,0.52130,0.49567,-0.48895,0.49344,65.40000
0.11022,0.22421,0.14295,0.52130,0.49567,-0.48895,0.49344,65.50000
0.11022,0.22411,0.14294,0.52130,0.49567,-0.48895,0.49344,65.60000
0.11022,0.22401,0.14294,0.52130,0.49567,-0.48895,0.49344,65.70000
0.11022,0.22391,0.14293,0.52130,0.49567,-0.48895,0.49344,65.80000
0.11021,0.22381,0.14293,0.52130,0.49567,-0.48895,0.49344,65.90000
0.11021,0.22371,0.14293,0.52130,0.49567,-0.48895,0.49344,66.00000
0.11021,0.22361,0.14292,0.52130,0.49567,-0.48895,0.49344,66.10000
0.11021,0.22351,0.14292,0.52130,0.49567,-0.48895,0.49344,66.20000
0.11020,0.22341,0.14292,0.52130,0.49567,-0.48895,0.49344,66.30000
0.11020,0.22331,0.14291,0.52130,0.49567,-0.48895,0.49344,66.40000
0.11020,0.22321,0.14291,0.52130,0.49567,-0.48895,0.49344,66.50000
0.11020,0.22311,0.14291,0.52130,0.49567,-0.48895,0.49344,66.60000
0.11020,0.22301,0.14290,0.52130,0.49567,-0.48895,0.49344,66.70000
0.11019,0.22291,0.14290,0.52130,0.49567,-0.48895,0.49344,66.80000
0.11019,0.22281,0.14290,0.52130,0.49567,-0.48895,0.49344,66.90000
0.11019,0.22271,0.14290,0.52130,0.49567,-0.48895,0.49344,67.00000
0.11019,0.22261,0.14290,0.52130,0.49567,-0.48895,0.49344,67.10000
0.11019,0.22251,0.14290,0.52130,0.49567,-0.48895,0.49344,67.20000
0.11018,0.22241,0.14289,0.52130,0.49567,-0.48895,0.49344,67.30000
0.11018,0.22231,0.14289,0.52130,0.49567,-0.48895,0.49344,67.40000
0.11018,0.22221,0.14289,0.52130,0.49567,-0.48895,0.49344,67.50000
0.11018,0.22211,0.14288,0.52130,0.49567,-0.48895,0.49344,67.60000
0.11018,0.22201,0.14288,0.52130,0.49567,-0.48895,0.49344,67.70000
0.11017,0.22191,0.14288,0.52130,0.49567,-0.48895,0.49344,67.80000
0.11017,0.22181,0.14287,0.52130,0.49567,-0.48895,0.49344,67.90000
0.11017,0.22171,0.14287,0.52130,0.49567,-0.48895,0.49344,68.00000
0.11017,0.22161,0.14286,0.52130,0.49567,-0.48895,0.49344,68.10000
0.11017,0.22151,0.14286,0.52130,0.49567,-0.48895,0.49344,68.20000
0.11016,0.22141,0.14286,0.52130,0.49567,-0.48895,0.49344,68.30000
0.11016,0.22131,0.14285,0.52130,0.49567,-0.48895,0.49344,68.40000
0.11016,0.22121,0.14285,0.52130,0.49567,-0.48895,0.49344,68.50000
0.11016,0.22111,0.14286,0.52130,0.49567,-0.48895,0.49344,68.60000
0.11015,0.22101,0.14285,0.52130,0.49567,-0.48895,0.49344,68.70000
0.11015,0.22091,0.14285,0.52130,0.49567,-0.48895,0.49344,68.80000
0.11015,0.22081,0.14285,0.52130,0.49567,-0.48895,0.49344,68.90000
0.11015,0.22071,0.14284,0.52130,0.49567,-0.48895,0.49344,69.00000
0.11015,0.22061,0.14284,0.52130,0.49567,-0.48895,0.49344,69.10000
0.11014,0.22051,0.14284,0.52130,0.49567,-0.48895,0.49344,69.20000
0.11014,0.22041,0.14283,0.52130,0.49567,-0.48895,0.49344,69.30000
0.11014,0.22031,0.14283,0.52130,0.49567,-0.48895,0.49344,69.40000
0.11014,0.22021,0.14283,0.52130,0.49567,-0.48895,0.49344,69.50000
0.11014,0.22011,0.14282,0.52130,0.49567,-0.48895,0.49344,69.60000
0.11013,0.22001,0.14282,0.52130,0.49567,-0.48895,0.49344,69.70000
0.11013,0.21991,0.14282,0.52130,0.49567,-0.48895,0.49344,69.80000
0.11013,0.21981,0.14281,0.52130,0.49567,-0.48895,0.49344,69.90000
0.11013,0.21971,0.14281,0.52130,0.49567,-0.48895,0.49344,70.00000
0.11013,0.21961,0.14280,0.52130,0.49567,-0.48895,0.49344,70.10000
0.11012,0.21951,0.14281,0.52130,0.49567,-0.48895,0.49344,70.20000
0.11012,0.21941,0.14281,0.52130,0.49567,-0.48895,0.49344,70.30000
0.11012,0.21931,0.14280,0.52130,0.49567,-0.48895,0.49344,70.40000
0.11012,0.21921,0.14280,0.52130,0.49567,-0.48895,0.49344,70.50000
0.11012,0.21911,0.14280,0.52130,0.49567,-0.48895,0.49344,70.60000
0.11011,0.21901,0.14279,0.52130,0.49567,-0.48895,0.49344,70.70000
0.11011,0.21891,0.14279,0.52130,0.49567,-0.48895,0.49344,70.80000
0.11011,0.21881,0.14279,0.52130,0.49567,-0.48895,0.49344,70.90000
0.11011,0.21871,0.14278,0.52130,0.49567,-0.48895,0.49344,71.00000
0.11011,0.21861,0.14278,0.52130,0.49567,-0.48895,0.49344,71.10000
0.11010,0.21851,0.14278,0.52130,0.49567,-0.48895,0.49344,71.20000
0.11010,0.21841,0.14277,0.52130,0.49567,-0.48895,0.49344,71.30000
0.11010,0.21831,0.14277,0.52130,0.49567,-0.48895,0.49344,71.40000
0.11010,0.21821,0.14277,0.52130,0.49567,-0.48895,0.49344,71.50000
0.11009,0.21811,0.14276,0.52130,0.49567,-0.48895,0.49344,71.60000
0.11009,0.21801,0.14276,0.52130,0.49567,-0.48895,0.49344,71.70000
0.11009,0.21791,0.14277,0.52130,0.49567,-0.48895,0.49344,71.80000
0.11009,0.21781,0.14276,0.52130,0.49567,-0.48895,0.49344,71.90000
0.11009,0.21771,0.14276,0.52130,0.49567,-0.48895,0.49344,72.00000
0.11008,0.21761,0.14276,0.52130,0.49567,-0.48895,0.49344,72.10000
0.11008,0.21751,0.14275,0.52130,0.49567,-0.48895,0.49344,72.20000
0.11008,0.21741,0.14275,0.52130,0.49567,-0.48895,0.49344,72.30000
0.11008,0.21731,0.14274,0.52130,0.49567,-0.48895,0.49344,72.40000
0.11008,0.21721,0.14274,0.52130,0.49567,-0.48895,0.49344,72.50000
0.11007,0.21711,0.14274,0.52130,0.49567,-0.48895,0.49344,72.60000
0.11007,0.21701,0.14273,0.52130,0.49567,-0.48895,0.49344,72.70000
0.11007,0.21691,0.14273,0.52130,0.49567,-0.48895,0.49344,72.80000
0.11007,0.21681,0.14273,0.52130,0.49567,-0.48895,0.49344,72.90000
0.11007,0.21671,0.14272,0.52130,0.49567,-0.48895,0.49344,73.00000
0.11006,0.21661,0.14272,0.52130,0.49567,-0.48895,0.49344,73.10000
0.11006,0.21651,0.14272,0.52130,0.49567,-0.48895,0.49344,73.20000
0.11006,0.21641,0.14271,0.52130,0.49567,-0.48895,0.49344,73.30000
0.11006,0.21631,0.14271,0.52130,0.49567,-0.48895,0.49344,73.40000
0.11005,0.21621,0.14272,0.52130,0.49567,-0.48895,0.49344,73.50000
0.11005,0.21611,0.14271,0.52130,0.49567,-0.48895,0.49344,73.60000
0.11005,0.21601,0.14271,0.52130,0.49567,-0.48895,0.49344,73.70000
0.11005,0.21591,0.14271,0.52130,0.49567,-0.48895,0.49344,73.80000
0.11005,0.21581,0.14270,0.52130,0.49567,-0.48895,0.49344,73.90000
0.11004,0.21571,0.14270,0.52130,0.49567,-0.48895,0.49344,74.00000
0.11004,0.21561,0.14270,0.52130,0.49567,-0.48895,0.49344,74.10000
0.11004,0.21551,0.14269,0.52130,0.49567,-0.48895,0.49344,74.20000
0.11004,0.21541,0.14269,0.52130,0.49567,-0.48895,0.49344,74.30000
0.11004,0.21531,0.14268,0.52130,0.49567,-0.48895,0.49344,74.40000
0.11003,0.21521,0.14268,0.52130,0.49567,-0.48895,0.49344,74.50000
0.11003,0.21511,0.14268,0.52130,0.49567,-0.48895,0.49344,74.60000
0.11003,0.21501,0.14267,0.52130,0.49567,-0.48895,0.49344,74.70000
0.11003,0.21491,0.14267,0.52130,0.49567,-0.48895,0.49344,74.80000
0.11003,0.21481,0.14267,0.52130,0.49567,-0.48895,0.49344,74.90000
0.11002,0.21471,0.14266,0.52130,0.49567,-0.48895,0.49344,75.00000
0.11002,0.21461,0.14267,0.52130,0.49567,-0.48895,0.49344,75.10000
0.11002,0.21451,0.14267,0.52130,0.49567,-0.48895,0.49344,75.20000
0.11002,0.21441,0.14266,0.52130,0.49567,-0.48895,0.49344,75.30000
0.11002,0.21431,0.14266,0.52130,0.49567,-0.48895,0.49344,75.40000
0.11001,0.21421,0.14266,0.52130,0.49567,-0.48895,0.49344,75.50000
0.11001,0.21411,0.14265,0.52130,0.49567,-0.48895,0.49344,75.60000
0.11001,0.21401,0.14265,0.52130,0.49567,-0.48895,0.49344,75.70000
0.11001,0.21391,0.14265,0.52130,0.49567,-0.48895,0.49344,75.80000
0.11001,0.21381,0.14264,0.52130,0.49567,-0.48895,0.49344,75.90000
0.11000,0.21371,0.14264,0.52130,0.49567,-0.48895,0.49344,76.00000
0.11000,0.21361,0.14264,0.52130,0.49567,-0.48895,0.49344,76.10000
0.11000,0.21351,0.14263,0.52130,0.49567,-0.48895,0.49344,76.20000
0.11000,0.21341,0.14263,0.52130,0.49567,-0.48895,0.49344,76.30000
0.10999,0.21331,0.14262,0.52130,0.49567,-0.48895,0.49344,76.40000
0.10999,0.21321,0.14262,0.52130,0.49567,-0.48895,0.49344,76.50000
0.10999,0.21311,0.14262,0.52130,0.49567,-0.48895,0.49344,76.60000
0.10999,0.21301,0.14262,0.52130,0.49567,-0.48895,0.49344,76.70000
0.10999,0.21291,0.14262,0.52130,0.49567,-0.48895,0.49344,76.80000
0.10998,0.21281,0.14262,0.52130,0.49567,-0.48895,0.49344,76.90000
0.10998,0.21271,0.14261,0.52130,0.49567,-0.48895,0.49344,77.00000
0.10998,0.21261,0.14261,0.52130,0.49567,-0.48895,0.49344,77.10000
0.10998,0.21251,0.14261,0.52130,0.49567,-0.48895,0.49344,77.20000
0.10998,0.21241,0.14260,0.52130,0.49567,-0.48895,0.49344,77.30000
0.10997,0.21231,0.14260,0.52130,0.49567,-0.48895,0.49344,77.40000
0.10997,0.21221,0.14260,0.52130,0.49567,-0.48895,0.49344,77.50000
0.10997,0.21211,0.14259,0.52130,0.49567,-0.48895,0.49344,77.60000
0.10997,0.21202,0.14259,0.52130,0.49567,-0.48895,0.49344,77.70000
0.10997,0.21192,0.14259,0.52130,0.49567,-0.48895,0.49344,77.80000
0.10996,0.21182,0.14258,0.52130,0.49567,-0.48895,0.49344,77.90000
0.10996,0.21172,0.14258,0.52130,0.49567,-0.48895,0.49344,78.00000
0.10996,0.21162,0.14258,0.52130,0.49567,-0.48895,0.49344,78.10000
0.10996,0.21152,0.14257,0.52130,0.49567,-0.48895,0.49344,78.20000
0.10996,0.21142,0.14258,0.52130,0.49567,-0.48895,0.49344,78.30000
0.10995,0.21132,0.14258,0.52130,0.49567,-0.48895,0.49344,78.40000
0.10995,0.21122,0.14257,0.52130,0.49567,-0.48895,0.49344,78.50000
0.10995,0.21112,0.14257,0.52130,0.49567,-0.48895,0.49344,78.60000
0.10995,0.21102,0.14256,0.52130,0.49567,-0.48895,0.49344,78.70000
0.10994,0.21092,0.14256,0.52130,0.49567,-0.48895,0.49344,78.80000
0.10994,0.21082,0.14256,0.52130,0.49567,-0.48895,0.49344,78.90000
0.10994,0.21072,0.14255,0.52130,0.49567,-0.48895,0.49344,79.00000
0.10994,0.21062,0.14255,0.52130,0.49567,-0.48895,0.49344,79.10000
0.10994,0.21052,0.14255,0.52130,0.49567,-0.48895,0.49344,79.20000
0.10993,0.21042,0.14254,0.52130,0.49567,-0.48895,0.49344,79.30000
0.10993,0.21032,0.14254,0.52130,0.49567,-0.48895,0.49344,79.40000
0.10993,0.21022,0.14254,0.52130,0.49567,-0.48895,0.49344,79.50000
0.10993,0.21012,0.14253,0.52130,0.49567,-0.48895,0.49344,79.60000
0.10993,0.21002,0.14253,0.52130,0.49567,-0.48895,0.49344,79.70000
0.10992,0.20992,0.14253,0.52130,0.49567,-0.48895,0.49344,79.80000
0.10992,0.20982,0.14253,0.52130,0.49567,-0.48895,0.49344,79.90000
0.10992,0.20972,0.14253,0.52130,0.49567,-0.48895,0.49344,80.00000
0.10992,0.20962,0.14253,0.52130,0.49567,-0.48895,0.49344,80.10000
0.10992,0.20952,0.14252,0.52130,0.49567,-0.48895,0.49344,80.20000
0.10991,0.20942,0.14252,0.52130,0.49567,-0.48895,0.49344,80.30000
0.10991,0.20932,0.14252,0.52130,0.49567,-0.48895,0.49344,80.40000
0.10991,0.20922,0.14251,0.52130,0.49567,-0.48895,0.49344,80.50000
0.10991,0.20912,0.14251,0.52130,0.49567,-0.48895,0.49344,80.60000
0.10991,0.20902,0.14250,0.52130,0.49567,-0.48895,0.49344,80.70000
0.10990,0.20892,0.14250,0.52130,0.49567,-0.48895,0.49344,80.80000
0.10990,0.20882,0.14250,0.52130,0.49567,-0.48895,0.49344,80.90000
0.10990,0.20872,0.14249,0.52130,0.49567,-0.48895,0.49344,81.00000
0.10990,0.20862,0.14249,0.52130,0.49567,-0.48895,0.49344,81.10000
0.10990,0.20852,0.14249,0.52130,0.49567,-0.48895,0.49344,81.20000
0.10989,0.20842,0.14248,0.52130,0.49567,-0.48895,0.49344,81.30000
0.10989,0.20832,0.14248,0.52130,0.49567,-0.48895,0.49344,81.40000
0.10989,0.20822,0.14249,0.52130,0.49567,-0.48895,0.49344,81.50000
0.10989,0.20812,0.14248,0.52130,0.49567,-0.48895,0.49344,81.60000
0.10988,0.20802,0.14248,0.52130,0.49567,-0.48895,0.49344,81.70000
0.10988,0.20792,0.14248,0.52130,0.49567,-0.48895,0.49344,81.80000
0.10988,0.20782,0.14247,0.52130,0.49567,-0.48895,0.49344,81.90000
0.10988,0.20772,0.14247,0.52130,0.49567,-0.48895,0.49344,82.00000
0.10988,0.20762,0.14247,0.52130,0.49567,-0.48895,0.49344,82.10000
0.10987,0.20752,0.14246,0.52130,0.49567,-0.48895,0.49344,82.20000
0.10987,0.20742,0.14246,0.52130,0.49567,-0.48895,0.49344,82.30000
0.10987,0.20732,0.14246,0.52130,0.49567,-0.48895,0.49344,82.40000
0.10987,0.20722,0.14245,0.52130,0.49567,-0.48895,0.49344,82.50000
0.10987,0.20712,0.14245,0.52130,0.49567,-0.48895,0.49344,82.60000
0.10986,0.20702,0.14245,0.52130,0.49567,-0.48895,0.49344,82.70000
0.10986,0.20692,0.14244,0.52130,0.49567,-0.48895,0.49344,82.80000
0.10986,0.20682,0.14244,0.52130,0.49567,-0.48895,0.49344,82.90000
0.10986,0.20672,0.14243,0.52130,0.49567,-0.48895,0.49344,83.00000
0.10986,0.20662,0.14244,0.52130,0.49567,-0.48895,0.49344,83.10000
0.10985,0.20652,0.14244,0.52130,0.49567,-0.48895,0.49344,83.20000
0.10985,0.20642,0.14243,0.52130,0.49567,-0.48895,0.49344,83.30000
0.10985,0.20632,0.14243,0.52130,0.49567,-0.48895,0.49344,83.40000
0.10985,0.20622,0.14243,0.52130,0.49567,-0.48895,0.49344,83.50000
0.10984,0.20612,0.14242,0.52130,0.49567,-0.48895,0.49344,83.60000
0.10984,0.20602,0.14242,0.52130,0.49567,-0.48895,0.49344,83.70000
0.10984,0.20592,0.14242,0.52130,0.49567,-0.48895,0.49344,83.80000
0.10984,0.20582,0.14241,0.52130,0.49567,-0.48895,0.49344,83.90000
0.10984,0.20572,0.14241,0.52130,0.49567,-0.48895,0.49344,84.00000
0.10983,0.20562,0.14241,0.52130,0.49567,-0.48895,0.49344,84.10000
0.10983,0.20552,0.14240,0.52130,0.49567,-0.48895,0.49344,84.20000
0.10983,0.20542,0.14240,0.52130,0.49567,-0.48895,0.49344,84.30000
0.10983,0.20532,0.14240,0.52130,0.49567,-0.48895,0.49344,84.40000
0.10983,0.20522,0.14239,0.52130,0.49567,-0.48895,0.49344,84.50000
0.10982,0.20512,0.14239,0.52130,0.49567,-0.48895,0.49344,84.60000
0.10982,0.20502,0.14239,0.52130,0.49567,-0.48895,0.49344,84.70000
0.10982,0.20492,0.14239,0.52130,0.49567,-0.48895,0.49344,84.80000
0.10982,0.20482,0.14239,0.52130,0.49567,-0.48895,0.49344,84.90000
0.10982,0.20472,0.14238,0.52130,0.49567,-0.48895,0.49344,85.00000
0.10981,0.20462,0.14238,0.52130,0.49567,-0.48895,0.49344,85.10000
0.10981,0.20452,0.14238,0.52130,0.49567,-0.48895,0.49344,85.20000
0.10981,0.20442,0.14237,0.52130,0.49567,-0.48895,0.49344,85.30000
0.10981,0.20432,0.14237,0.52130,0.49567,-0.48895,0.49344,85.40000
0.10981,0.20422,0.14237,0.52130,0.49567,-0.48895,0.49344,85.50000
0.10980,0.20412,0.14236,0.52130,0.49567,-0.48895,0.49344,85.60000
0.10980,0.20402,0.14236,0.52130,0.49567,-0.48895,0.49344,85.70000
0.10980,0.20392,0.14236,0.52130,0.49567,-0.48895,0.49344,85.80000
0.10980,0.20382,0.14235,0.52130,0.49567,-0.48895,0.49344,85.90000
0.10980,0.20372,0.14235,0.52130,0.49567,-0.48895,0.49344,86.00000
0.10979,0.20362,0.14235,0.52130,0.49567,-0.48895,0.49344,86.10000
0.10979,0.20352,0.14234,0.52130,0.49567,-0.48895,0.49344,86.20000
0.10979,0.20342,0.14234,0.52130,0.49567,-0.48895,0.49344,86.30000
0.10979,0.20332,0.14235,0.52130,0.49567,-0.48895,0.49344,86.40000
0.10978,0.20322,0.14234,0.52130,0.49567,-0.48895,0.49344,86.50000
0.10978,0.20312,0.14234,0.52130,0.49567,-0.48895,0.49344,86.60000
0.10978,0.20302,0.14234,0.52130,0.49567,-0.48895,0.49344,86.70000
0.10978,0.20292,0.14233,0.52130,0.49567,-0.48895,0.49344,86.80000
0.10978,0.20282,0.14233,0.52130,0.49567,-0.48895,0.49344,86.90000
0.10977,0.20272,0.14233,0.52130,0.49567,-0.48895,0.49344,87.00000
0.10977,0.20262,0.14232,0.52130,0.49567,-0.48895,0.49344,87.10000
0.10977,0.20252,0.14232,0.52130,0.49567,-0.48895,0.49344,87.20000
0.10977,0.20242,0.14231,0.52130,0.49567,-0.48895,0.49344,87.30000
0.10977,0.20232,0.14231,0.52130,0.49567,-0.48895,0.49344,87.40000
0.10976,0.20222,0.14231,0.52130,0.49567,-0.48895,0.49344,87.50000
0.10976,0.20212,0.14230,0.52130,0.49567,-0.48895,0.49344,87.60000
0.10976,0.20202,0.14230,0.52130,0.49567,-0.48895,0.49344,87.70000
0.10976,0.20192,0.14230,0.52130,0.49567,-0.48895,0.49344,87.80000
0.10976,0.20182,0.14229,0.52130,0.49567,-0.48895,0.49344,87.90000
0.10975,0.20172,0.14230,0.52130,0.49567,-0.48895,0.49344,88.00000
0.10975,0.20162,0.14230,0.52130,0.49567,-0.48895,0.49344,88.10000
0.10975,0.20152,0.14229,0.52130,0.49567,-0.48895,0.49344,88.20000
0.10975,0.20142,0.14229,0.52130,0.49567,-0.48895,0.49344,88.30000
0.10975,0.20132,0.14229,0.52130,0.49567,-0.48895,0.49344,88.40000
0.10974,0.20122,0.14228,0.52130,0.49567,-0.48895,0.49344,88.50000
0.10974,0.20112,0.14228,0.52130,0.49567,-0.48895,0.49344,88.60000
0.10974,0.20102,0.14228,0.52130,0.49567,-0.48895,0.49344,88.70000
0.10974,0.20092,0.14227,0.52130,0.49567,-0.48895,0.49344,88.80000
0.10973,0.20082,0.14227,0.52130,0.49567,-0.48895,0.49344,88.90000
0.10973,0.20072,0.14227,0.52130,0.49567,-0.48895,0.49344,89.00000
0.10973,0.20062,0.14226,0.52130,0.49567,-0.48895,0.49344,89.10000
0.10973,0.20052,0.14226,0.52130,0.49567,-0.48895,0.49344,89.20000
0.10973,0.20042,0.14225,0.52130,0.49567,-0.48895,0.49344,89.30000
0.10972,0.20032,0.14225,0.52130,0.49567,-0.48895,0.49344,89.40000
0.10972,0.20022,0.14225,0.52130,0.49567,-0.48895,0.49344,89.50000
0.10972,0.20012,0.14225,0.52130,0.49567,-0.48895,0.49344,89.60000
0.10972,0.20002,0.14225,0.52130,0.49567,-0.48895,0.49344,89.70000
0.10972,0.19992,0.14225,0.52130,0.49567,-0.48895,0.49344,89.80000
0.10971,0.19982,0.14224,0.52130,0.49567,-0.48895,0.49344,89.90000
0.10971,0.19972,0.14224,0.52130,0.49567,-0.48895,0.49344,90.00000
0.10971,0.19962,0.14224,0.52130,0.49567,-0.48895,0.49344,90.10000
0.10971,0.19952,0.14223,0.52130,0.49567,-0.48895,0.49344,90.20000
0.10971,0.19942,0.14223,0.52130,0.49567,-0.48895,0.49344,90.30000
0.10970,0.19932,0.14223,0.52130,0.49567,-0.48895,0.49344,90.40000
0.10970,0.19922,0.14222,0.52130,0.49567,-0.48895,0.49344,90.50000
0.10970,0.19912,0.14222,0.52130,0.49567,-0.48895,0.49344,90.60000
0.10970,0.19902,0.14222,0.52130,0.49567,-0.48895,0.49344,90.70000
0.10970,0.19892,0.14221,0.52130,0.49567,-0.48895,0.49344,90.80000
0.10969,0.19882,0.14221,0.52130,0.49567,-0.48895,0.49344,90.90000
0.10969,0.19872,0.14221,0.52130,0.49567,-0.48895,0.49344,91.00000
0.10969,0.19862,0.14220,0.52130,0.49567,-0.48895,0.49344,91.10000
0.10969,0.19852,0.14221,0.52130,0.49567,-0.48895,0.49344,91.20000
0.10968,0.19842,0.14221,0.52130,0.49567,-0.48895,0.49344,91.30000
0.10968,0.19832,0.14220,0.52130,0.49567,-0.48895,0.49344,91.40000
0.10968,0.19822,0.14220,0.52130,0.49567,-0.48895,0.49344,91.50000
0.10968,0.19812,0.14219,0.52130,0.49567,-0.48895,0.49344,91.60000
0.10968,0.19802,0.14219,0.52130,0.49567,-0.48895,0.49344,91.70000
0.10967,0.19792,0.14219,0.52130,0.49567,-0.48895,0.49344,91.80000
0.10967,0.19782,0.14218,0.52130,0.49567,-0.48895,0.49344,91.90000
0.10967,0.19772,0.14218,0.52130,0.49567,-0.48895,0.49344,92.00000
0.10967,0.19762,0.14218,0.52130,0.49567,-0.48895,0.49344,92.10000
0.10967,0.19752,0.14217,0.52130,0.49567,-0.48895,0.49344,92.20000
0.10966,0.19742,0.14217,0.52130,0.49567,-0.48895,0.49344,92.30000
0.10966,0.19732,0.14217,0.52130,0.49567,-0.48895,0.49344,92.40000
0.10966,0.19722,0.14216,0.52130,0.49567,-0.48895,0.49344,92.50000
0.10966,0.19712,0.14216,0.52130,0.49567,-0.48895,0.49344,92.60000
0.10966,0.19702,0.14216,0.52130,0.49567,-0.48895,0.49344,92.70000
0.10965,0.19692,0.14216,0.52130,0.49567,-0.48895,0.49344,92.80000
0.10965,0.19682,0.14216,0.52130,0.49567,-0.48895,0.49344,92.90000
0.10965,0.19672,0.14216,0.52130,0.49567,-0.48895,0.49344,93.00000
0.10965,0.19662,0.14215,0.52130,0.49567,-0.48895,0.49344,93.10000
0.10965,0.19652,0.14215,0.52130,0.49567,-0.48895,0.49344,93.20000
0.10964,0.19642,0.14215,0.52130,0.49567,-0.48895,0.49344,93.30000
0.10964,0.19632,0.14214,0.52130,0.49567,-0.48895,0.49344,93.40000
0.10964,0.19622,0.14214,0.52130,0.49567,-0.48895,0.49344,93.50000
0.10964,0.19612,0.14213,0.52130,0.49567,-0.48895,0.49344,93.60000
0.10963,0.19602,0.14213,0.52130,0.49567,-0.48895,0.49344,93.70000
0.10963,0.19592,0.14213,0.52130,0.49567,-0.48895,0.49344,93.80000
0.10963,0.19582,0.14212,0.52130,0.49567,-0.48895,0.49344,93.90000
0.10963,0.19573,0.14212,0.52130,0.49567,-0.48895,0.49344,94.00000
0.10963,0.19563,0.14212,0.52130,0.49567,-0.48895,0.49344,94.10000
0.10962,0.19553,0.14211,0.52130,0.49567,-0.48895,0.49344,94.20000
0.10962,0.19543,0.14211,0.52130,0.49567,-0.48895,0.49344,94.30000
0.10962,0.19533,0.14212,0.52130,0.49567,-0.48895,0.49344,94.40000
0.10962,0.19523,0.14211,0.52130,0.49567,-0.48895,0.49344,94.50000
0.10962,0.19513,0.14211,0.52130,0.49567,-0.48895,0.49344,94.60000
0.10961,0.19503,0.14211,0.52130,0.49567,-0.48895,0.49344,94.70000
0.10961,0.19493,0.14210,0.52130,0.49567,-0.48895,0.49344,94.80000
0.10961,0.19483,0.14210,0.52130,0.49567,-0.48895,0.49344,94.90000
0.10961,0.19473,0.14210,0.52130,0.49567,-0.48895,0.49344,95.00000
0.10961,0.19463,0.14209,0.52130,0.49567,-0.48895,0.49344,95.10000
0.10960,0.19453,0.14209,0.52130,0.49567,-0.48895,0.49344,95.20000
0.10960,0.19443,0.14209,0.52130,0.49567,-0.48895,0.49344,95.30000
0.10960,0.19433,0.14208,0.52130,0.49567,-0.48895,0.49344,95.40000
0.10960,0.19423,0.14208,0.52130,0.49567,-0.48895,0.49344,95.50000
0.10960,0.19413,0.14207,0.52130,0.49567,-0.48895,0.49344,95.60000
0.10959,0.19403,0.14207,0.52130,0.49567,-0.48895,0.49344,95.70000
0.10959,0.19393,0.14207,0.52130,0.49567,-0.48895,0.49344,95.80000
0.10959,0.19383,0.14206,0.52130,0.49567,-0.48895,0.49344,95.90000
0.10959,0.19373,0.14207,0.52130,0.49567,-0.48895,0.49344,96.00000
0.10958,0.19363,0.14207,0.52130,0.49567,-0.48895,0.49344,96.10000
0.10958,0.19353,0.14206,0.52130,0.49567,-0.48895,0.49344,96.20000
0.10958,0.19343,0.14206,0.52130,0.49567,-0.48895,0.49344,96.30000
0.10958,0.19333,0.14206,0.52130,0.49567,-0.48895,0.49344,96.40000
0.10958,0.19323,0.14205,0.52130,0.49567,-0.48895,0.49344,96.50000
0.10957,0.19313,0.14205,0.52130,0.49567,-0.48895,0.49344,96.60000
0.10957,0.19303,0.14205,0.52130,0.49567,-0.48895,0.49344,96.70000
0.10957,0.19293,0.14204,0.52130,0.49567,-0.48895,0.49344,96.80000
0.10957,0.19283,0.14204,0.52130,0.49567,-0.48895,0.49344,96.90000
0.10957,0.19273,0.14204,0.52130,0.49567,-0.48895,0.49344,97.00000
0.10956,0.19263,0.14203,0.52130,0.49567,-0.48895,0.49344,97.10000
0.10956,0.19253,0.14203,0.52130,0.49567,-0.48895,0.49344,97.20000
0.10956,0.19243,0.14203,0.52130,0.49567,-0.48895,0.49344,97.30000
0.10956,0.19233,0.14202,0.52130,0.49567,-0.48895,0.49344,97.40000
0.10956,0.19223,0.14202,0.52130,0.49567,-0.48895,0.49344,97.50000
0.10955,0.19213,0.14202,0.52130,0.49567,-0.48895,0.49344,97.60000
0.10955,0.19203,0.14202,0.52130,0.49567,-0.48895,0.49344,97.70000
0.10955,0.19193,0.14202,0.52130,0.49567,-0.48895,0.49344,97.80000
0.10955,0.19183,0.14201,0.52130,0.49567,-0.48895,0.49344,97.90000
0.10955,0.19173,0.14201,0.52130,0.49567,-0.48895,0.49344,98.00000
0.10954,0.19163,0.14201,0.52130,0.49567,-0.48895,0.49344,98.10000
0.10954,0.19153,0.14200,0.52130,0.49567,-0.48895,0.49344,98.20000
0.10954,0.19143,0.14200,0.52130,0.49567,-0.48895,0.49344,98.30000
0.10954,0.19133,0.14200,0.52130,0.49567,-0.48895,0.49344,98.40000
0.10954,0.19123,0.14199,0.52130,0.49567,-0.48895,0.49344,98.50000
0.10953,0.19113,0.14199,0.52130,0.49567,-0.48895,0.49344,98.60000
0.10953,0.19103,0.14199,0.52130,0.49567,-0.48895,0.49344,98.70000
0.10953,0.19093,0.14198,0.52130,0.49567,-0.48895,0.49344,98.80000
0.10953,0.19083,0.14198,0.52130,0.49567,-0.48895,0.49344,98.90000
0.10952,0.19073,0.14198,0.52130,0.49567,-0.48895,0.49344,99.00000
0.10952,0.19063,0.14197,0.52130,0.49567,-0.48895,0.49344,99.10000
0.10952,0.19053,0.14197,0.52130,0.49567,-0.48895,0.49344,99.20000
0.10952,0.19043,0.14198,0.52130,0.49567,-0.48895,0.49344,99.30000
0.10952,0.19033,0.14197,0.52130,0.49567,-0.48895,0.49344,99.40000
0.10951,0.19023,0.14197,0.52130,0.49567,-0.48895,0.49344,99.50000
0.10951,0.19013,0.14197,0.52130,0.49567,-0.48895,0.49344,99.60000
0.10951,0.19003,0.14196,0.52130,0.49567,-0.48895,0.49344,99.70000
0.10951,0.18993,0.14196,0.52130,0.49567,-0.48895,0.49344,99.80000
0.10951,0.18983,0.14195,0.52130,0.49567,-0.48895,0.49344,99.90000
0.10950,0.18973,0.14195,0.52130,0.49567,-0.48895,0.49344,100.00000
0.10950,0.18963,0.14195,0.52130,0.49567,-0.48895,0.49344,100.10000
0.10950,0.18953,0.14194,0.52130,0.49567,-0.48895,0.49344,100.20000
0.10950,0.18943,0.14194,0.52130,0.49567,-0.48895,0.49344,100.30000
0.10950,0.18933,0.14194,0.52130,0.49567,-0.48895,0.49344,100.40000
0.10949,0.18923,0.14193,0.52130,0.49567,-0.48895,0.49344,100.50000
0.10949,0.18913,0.14193,0.52130,0.49567,-0.48895,0.49344,100.60000
0.10949,0.18903,0.14193,0.52130,0.49567,-0.48895,0.49344,100.70000
0.10949,0.18893,0.14192,0.52130,0.49567,-0.48895,0.49344,100.80000
0.10949,0.18883,0.14193,0.52130,0.49567,-0.48895,0.49344,100.90000
0.10948,0.18873,0.14193,0.52130,0.49567,-0.48895,0.49344,101.00000
0.10948,0.18863,0.14192,0.52130,0.49567,-0.48895,0.49344,101.10000
0.10948,0.18853,0.14192,0.52130,0.49567,-0.48895,0.49344,101.20000
0.10948,0.18843,0.14192,0.52130,0.49567,-0.48895,0.49344,101.30000
0.10947,0.18833,0.14191,0.52130,0.49567,-0.48895,0.49344,101.40000
0.10947,0.18823,0.14191,0.52130,0.49567,-0.48895,0.49344,101.50000
0.10947,0.18813,0.14191,0.52130,0.49567,-0.48895,0.49344,101.60000
0.10947,0.18803,0.14190,0.52130,0.49567,-0.48895,0.49344,101.70000
0.10947,0.18793,0.14190,0.52130,0.49567,-0.48895,0.49344,101.80000
0.10946,0.18783,0.14190,0.52130,0.49567,-0.48895,0.49344,101.90000
0.10946,0.18773,0.14189,0.52130,0.49567,-0.48895,0.49344,102.00000
0.10946,0.18763,0.14189,0.52130,0.49567,-0.48895,0.49344,102.10000
0.10946,0.18753,0.14188,0.52130,0.49567,-0.48895,0.49344,102.20000
0.10946,0.18743,0.14188,0.52130,0.49567,-0.48895,0.49344,102.30000
0.10945,0.18733,0.14188,0.52130,0.49567,-0.48895,0.49344,102.40000
0.10945,0.18723,0.14188,0.52130,0.49567,-0.48895,0.49344,102.50000
0.10945,0.18713,0.14188,0.52130,0.49567,-0.48895,0.49344,102.60000
0.10945,0.18703,0.14188,0.52130,0.49567,-0.48895,0.49344,102.70000
0.10945,0.18693,0.14187,0.52130,0.49567,-0.48895,0.49344,102.80000
0.10944,0.18683,0.14187,0.52130,0.49567,-0.48895,0.49344,102.90000
0.10944,0.18673,0.14187,0.52130,0.49567,-0.48895,0.49344,103.00000
0.10944,0.18663,0.14186,0.52130,0.49567,-0.48895,0.49344,103.10000
0.10944,0.18653,0.14186,0.52130,0.49567,-0.48895,0.49344,103.20000
0.10944,0.18643,0.14186,0.52130,0.49567,-0.48895,0.49344,103.30000
0.10943,0.18633,0.14185,0.52130,0.49567,-0.48895,0.49344,103.40000
0.10943,0.18623,0.14185,0.52130,0.49567,-0.48895,0.49344,103.50000
0.10943,0.18613,0.14185,0.52130,0.49567,-0.48895,0.49344,103.60000
0.10943,0.18603,0.14184,0.52130,0.49567,-0.48895,0.49344,103.70000
0.10943,0.18593,0.14184,0.52130,0.49567,-0.48895,0.49344,103.80000
0.10942,0.18583,0.14184,0.52130,0.49567,-0.48895,0.49344,103.90000
0.10942,0.18573,0.14183,0.52130,0.49567,-0.48895,0.49344,104.00000
0.10942,0.18563,0.14184,0.52130,0.49567,-0.48895,0.49344,104.10000
0.10942,0.18553,0.14183,0.52130,0.49567,-0.48895,0.49344,104.20000
0.10941,0.18543,0.14183,0.52130,0.49567,-0.48895,0.49344,104.30000
0.10941,0.18533,0.14183,0.52130,0.49567,-0.48895,0.49344,104.40000
0.10941,0.18523,0.14182,0.52130,0.49567,-0.48895,0.49344,104.50000
0.10941,0.18513,0.14182,0.52130,0.49567,-0.48895,0.49344,104.60000
0.10941,0.18503,0.14182,0.52130,0.49567,-0.48895,0.49344,104.70000
0.10940,0.18493,0.14181,0.52130,0.49567,-0.48895,0.49344,104.80000
0.10940,0.18483,0.14181,0.52130,0.49567,-0.48895,0.49344,104.90000
0.10940,0.18473,0.14181,0.52130,0.49567,-0.48895,0.49344,105.00000
0.10940,0.18463,0.14180,0.52130,0.49567,-0.48895,0.49344,105.10000
0.10940,0.18453,0.14180,0.52130,0.49567,-0.48895,0.49344,105.20000
0.10939,0.18443,0.14180,0.52130,0.49567,-0.48895,0.49344,105.30000
0.10939,0.18433,0.14179,0.52130,0.49567,-0.48895,0.49344,105.40000
0.10939,0.18423,0.14179,0.52130,0.49567,-0.48895,0.49344,105.50000
0.10939,0.18413,0.14179,0.52130,0.49567,-0.48895,0.49344,105.60000
0.10939,0.18403,0.14179,0.52130,0.49567,-0.48895,0.49344,105.70000
0.10938,0.18393,0.14179,0.52130,0.49567,-0.48895,0.49344,105.80000
0.10938,0.18383,0.14179,0.52130,0.49567,-0.48895,0.49344,105.90000
0.10938,0.18373,0.14178,0.52130,0.49567,-0.48895,0.49344,106.00000
0.10938,0.18363,0.14178,0.52130,0.49567,-0.48895,0.49344,106.10000
0.10937,0.18353,0.14178,0.52130,0.49567,-0.48895,0.49344,106.20000
0.10937,0.18343,0.14177,0.52130,0.49567,-0.48895,0.49344,106.30000
0.10937,0.18333,0.14177,0.52130,0.49567,-0.48895,0.49344,106.40000
0.10937,0.18323,0.14176,0.52130,0.49567,-0.48895,0.49344,106.50000
0.10937,0.18313,0.14176,0.52130,0.49567,-0.48895,0.49344,106.60000
0.10936,0.18303,0.14176,0.52130,0.49567,-0.48895,0.49344,106.70000
0.10936,0.18293,0.14175,0.52130,0.49567,-0.48895,0.49344,106.80000
0.10936,0.18283,0.14175,0.52130,0.49567,-0.48895,0.49344,106.90000
0.10936,0.18273,0.14175,0.52130,0.49567,-0.48895,0.49344,107.00000
0.10936,0.18263,0.14174,0.52130,0.49567,-0.48895,0.49344,107.10000
0.10935,0.18253,0.14174,0.52130,0.49567,-0.48895,0.49344,107.20000
0.10935,0.18243,0.14175,0.52130,0.49567,-0.48895,0.49344,107.30000
0.10935,0.18233,0.14174,0.52130,0.49567,-0.48895,0.49344,107.40000
0.10935,0.18223,0.14174,0.52130,0.49567,-0.48895,0.49344,107.50000
0.10935,0.18213,0.14174,0.52130,0.49567,-0.48895,0.49344,107.60000
0.10934,0.18203,0.14173,0.52130,0.49567,-0.48895,0.49344,107.70000
0.10934,0.18193,0.14173,0.52130,0.49567,-0.48895,0.49344,107.80000
0.10934,0.18183,0.14173,0.52130,0.49567,-0.48895,0.49344,107.90000
0.10934,0.18173,0.14172,0.52130,0.49567,-0.48895,0.49344,108.00000
0.10934,0.18163,0.14172,0.52130,0.49567,-0.48895,0.49344,108.10000
0.10933,0.18153,0.14172,0.52130,0.49567,-0.48895,0.49344,108.20000
0.10933,0.18143,0.14171,0.52130,0.49567,-0.48895,0.49344,108.30000
0.10933,0.18133,0.14171,0.52130,0.49567,-0.48895,0.49344,108.40000
0.10933,0.18123,0.14170,0.52130,0.49567,-0.48895,0.49344,108.50000
0.10933,0.18113,0.14170,0.52130,0.49567,-0.48895,0.49344,108.60000
0.10932,0.18103,0.14170,0.52130,0.49567,-0.48895,0.49344,108.70000
0.10932,0.18093,0.14169,0.52130,0.49567,-0.48895,0.49344,108.80000
0.10932,0.18083,0.14169,0.52130,0.49567,-0.48895,0.49344,108.90000
0.10932,0.18073,0.14170,0.52130,0.49567,-0.48895,0.49344,109.00000
0.10931,0.18063,0.14169,0.52130,0.49567,-0.48895,0.49344,109.10000
0.10931,0.18053,0.14169,0.52130,0.49567,-0.48895,0.49344,109.20000
0.10931,0.18043,0.14169,0.52130,0.49567,-0.48895,0.49344,109.30000
0.10931,0.18033,0.14168,0.52130,0.49567,-0.48895,0.49344,109.40000
0.10931,0.18023,0.14168,0.52130,0.49567,-0.48895,0.49344,109.50000
0.10930,0.18013,0.14168,0.52130,0.49567,-0.48895,0.49344,109.60000
0.10930,0.18003,0.14167,0.52130,0.49567,-0.48895,0.49344,109.70000
0.10930,0.17993,0.14167,0.52130,0.49567,-0.48895,0.49344,109.80000
0.10930,0.17983,0.14167,0.52130,0.49567,-0.48895,0.49344,109.90000
0.10930,0.17973,0.14166,0.52130,0.49567,-0.48895,0.49344,110.00000
0.10929,0.17963,0.14166,0.52130,0.49567,-0.48895,0.49344,110.10000
0.10929,0.17953,0.14166,0.52130,0.49567,-0.48895,0.49344,110.20000
0.10929,0.17943,0.14165,0.52130,0.49567,-0.48895,0.49344,110.30000
0.10929,0.17934,0.14165,0.52130,0.49567,-0.48895,0.49344,110.40000
0.10929,0.17924,0.14164,0.52130,0.49567,-0.48895,0.49344,110.50000
0.10928,0.17913,0.14165,0.52130,0.49567,-0.48895,0.49344,110.60000
0.10928,0.17903,0.14165,0.52130,0.49567,-0.48895,0.49344,110.70000
0.10928,0.17894,0.14164,0.52130,0.49567,-0.48895,0.49344,110.80000
0.10928,0.17884,0.14164,0.52130,0.49567,-0.48895,0.49344,110.90000
0.10928,0.17874,0.14164,0.52130,0.49567,-0.48895,0.49344,111.00000
0.10927,0.17864,0.14163,0.52130,0.49567,-0.48895,0.49344,111.10000
0.10927,0.17854,0.14163,0.52130,0.49567,-0.48895,0.49344,111.20000
0.10927,0.17844,0.14163,0.52130,0.49567,-0.48895,0.49344,111.30000
0.10927,0.17834,0.14162,0.52130,0.49567,-0.48895,0.49344,111.40000
0.10926,0.17824,0.14162,0.52130,0.49567,-0.48895,0.49344,111.50000
0.10926,0.17814,0.14162,0.52130,0.49567,-0.48895,0.49344,111.60000
0.10926,0.17804,0.14161,0.52130,0.49567,-0.48895,0.49344,111.70000
0.10926,0.17794,0.14161,0.52130,0.49567,-0.48895,0.49344,111.80000
0.10926,0.17784,0.14161,0.52130,0.49567,-0.48895,0.49344,111.90000
0.10925,0.17774,0.14160,0.52130,0.49567,-0.48895,0.49344,112.00000
0.10925,0.17764,0.14160,0.52130,0.49567,-0.48895,0.49344,112.10000
0.10925,0.17754,0.14161,0.52130,0.49567,-0.48895,0.49344,112.20000
0.10925,0.17744,0.14160,0.52130,0.49567,-0.48895,0.49344,112.30000
0.10925,0.17734,0.14160,0.52130,0.49567,-0.48895,0.49344,112.40000
0.10924,0.17724,0.14160,0.52130,0.49567,-0.48895,0.49344,112.50000
0.10924,0.17714,0.14159,0.52130,0.49567,-0.48895,0.49344,112.60000
0.10924,0.17704,0.14159,0.52130,0.49567,-0.48895,0.49344,112.70000
0.10924,0.17694,0.14158,0.52130,0.49567,-0.48895,0.49344,112.80000
0.10924,0.17684,0.14158,0.52130,0.49567,-0.48895,0.49344,112.90000
0.10923,0.17674,0.14158,0.52130,0.49567,-0.48895,0.49344,113.00000
0.10923,0.17664,0.14157,0.52130,0.49567,-0.48895,0.49344,113.10000
0.10923,0.17654,0.14157,0.52130,0.49567,-0.48895,0.49344,113.20000
0.10923,0.17644,0.14157,0.52130,0.49567,-0.48895,0.49344,113.30000
0.10923,0.17634,0.14156,0.52130,0.49567,-0.48895,0.49344,113.40000
0.10922,0.17624,0.14156,0.52130,0.49567,-0.48895,0.49344,113.50000
0.10922,0.17614,0.14156,0.52130,0.49567,-0.48895,0.49344,113.60000
0.10922,0.17604,0.14155,0.52130,0.49567,-0.48895,0.49344,113.70000
0.10922,0.17594,0.14156,0.52130,0.49567,-0.48895,0.49344,113.80000
0.10921,0.17584,0.14156,0.52130,0.49567,-0.48895,0.49344,113.90000
0.10921,0.17574,0.14155,0.52130,0.49567,-0.48895,0.49344,114.00000
0.10921,0.17564,0.14155,0.52130,0.49567,-0.48895,0.49344,114.10000
0.10921,0.17554,0.14155,0.52130,0.49567,-0.48895,0.49344,114.20000
0.10921,0.17544,0.14154,0.52130,0.49567,-0.48895,0.49344,114.30000
0.10920,0.17534,0.14154,0.52130,0.49567,-0.48895,0.49344,114.40000
0.10920,0.17524,0.14154,0.52130,0.49567,-0.48895,0.49344,114.50000
0.10920,0.17514,0.14153,0.52130,0.49567,-0.48895,0.49344,114.60000
0.10920,0.17504,0.14153,0.52130,0.49567,-0.48895,0.49344,114.70000
0.10920,0.17494,0.14152,0.52130,0.49567,-0.48895,0.49344,114.80000
0.10919,0.17484,0.14152,0.52130,0.49567,-0.48895,0.49344,114.90000
0.10919,0.17474,0.14152,0.52130,0.49567,-0.48895,0.49344,115.00000
0.10919,0.17464,0.14151,0.52130,0.49567,-0.48895,0.49344,115.10000
0.10919,0.17454,0.14151,0.52130,0.49567,-0.48895,0.49344,115.20000
0.10919,0.17444,0.14151,0.52130,0.49567,-0.48895,0.49344,115.30000
0.10918,0.17434,0.14151,0.52130,0.49567,-0.48895,0.49344,115.40000
0.10918,0.17424,0.14151,0.52130,0.49567,-0.48895,0.49344,115.50000
0.10918,0.17414,0.14151,0.52130,0.49567,-0.48895,0.49344,115.60000
0.10918,0.17404,0.14150,0.52130,0.49567,-0.48895,0.49344,115.70000
0.10918,0.17394,0.14150,0.52130,0.49567,-0.48895,0.49344,115.80000
0.10917,0.17384,0.14150,0.52130,0.49567,-0.48895,0.49344,115.90000
0.10917,0.17374,0.14149,0.52130,0.49567,-0.48895,0.49344,116.00000
0.10917,0.17364,0.14149,0.52130,0.49567,-0.48895,0.49344,116.10000
0.10917,0.17354,0.14149,0.52130,0.49567,-0.48895,0.49344,116.20000
0.10916,0.17344,0.14148,0.52130,0.49567,-0.48895,0.49344,116.30000
0.10916,0.17334,0.14148,0.52130,0.49567,-0.48895,0.49344,116.40000
0.10916,0.17324,0.14148,0.52130,0.49567,-0.48895,0.49344,116.50000
0.10916,0.17314,0.14147,0.52130,0.49567,-0.48895,0.49344,116.60000
0.10916,0.17304,0.14147,0.52130,0.49567,-0.48895,0.49344,116.70000
0.10915,0.17294,0.14147,0.52130,0.49567,-0.48895,0.49344,116.80000
0.10915,0.17284,0.14146,0.52130,0.49567,-0.48895,0.49344,116.90000
0.10915,0.17274,0.14147,0.52130,0.49567,-0.48895,0.49344,117.00000
0.10915,0.17264,0.14146,0.52130,0.49567,-0.48895,0.49344,117.10000
0.10915,0.17254,0.14146,0.52130,0.49567,-0.48895,0.49344,117.20000
0.10914,0.17244,0.14146,0.52130,0.49567,-0.48895,0.49344,117.30000
0.10914,0.17234,0.14145,0.52130,0.49567,-0.48895,0.49344,117.40000
0.10914,0.17224,0.14145,0.52130,0.49567,-0.48895,0.49344,117.50000
0.10914,0.17214,0.14145,0.52130,0.49567,-0.48895,0.49344,117.60000
0.10914,0.17204,0.14144,0.52130,0.49567,-0.48895,0.49344,117.70000
0.10913,0.17194,0.14144,0.52130,0.49567,-0.48895,0.49344,117.80000
0.10913,0.17184,0.14144,0.52130,0.49567,-0.48895,0.49344,117.90000
0.10913,0.17174,0.14143,0.52130,0.49567,-0.48895,0.49344,118.00000
0.10913,0.17164,0.14143,0.52130,0.49567,-0.48895,0.49344,118.10000
0.10913,0.17154,0.14143,0.52130,0.49567,-0.48895,0.49344,118.20000
0.10912,0.17144,0.14142,0.52130,0.49567,-0.48895,0.49344,118.30000
0.10912,0.17134,0.14142,0.52130,0.49567,-0.48895,0.49344,118.40000
0.10912,0.17124,0.14142,0.52130,0.49567,-0.48895,0.49344,118.50000
0.10912,0.17114,0.14142,0.52130,0.49567,-0.48895,0.49344,118.60000
0.10911,0.17104,0.14142,0.52130,0.49567,-0.48895,0.49344,118.70000
0.10911,0.17094,0.14142,0.52130,0.49567,-0.48895,0.49344,118.80000
0.10911,0.17084,0.14141,0.52130,0.49567,-0.48895,0.49344,118.90000
0.10911,0.17074,0.14141,0.52130,0.49567,-0.48895,0.49344,119.00000
0.10911,0.17064,0.14140,0.52130,0.49567,-0.48895,0.49344,119.10000
0.10910,0.17054,0.14140,0.52130,0.49567,-0.48895,0.49344,119.20000
0.10910,0.17044,0.14140,0.52130,0.49567,-0.48895,0.49344,119.30000
0.10910,0.17034,0.14139,0.52130,0.49567,-0.48895,0.49344,119.40000
0.10910,0.17024,0.14139,0.52130,0.49567,-0.48895,0.49344,119.50000
0.10910,0.17014,0.14139,0.52130,0.49567,-0.48895,0.49344,119.60000
0.10909,0.17004,0.14138,0.52130,0.49567,-0.48895,0.49344,119.70000
0.10909,0.16994,0.14138,0.52130,0.49567,-0.48895,0.49344,119.80000
0.10909,0.16984,0.14138,0.52130,0.49567,-0.48895,0.49344,119.90000
0.10909,0.16974,0.14137,0.52130,0.49567,-0.48895,0.49344,120.00000
0.10909,0.16964,0.14137,0.52130,0.49567,-0.48895,0.49344,120.10000
0.10908,0.16954,0.14138,0.52130,0.49567,-0.48895,0.49344,120.20000
0.10908,0.16944,0.14137,0.52130,0.49567,-0.48895,0.49344,120.30000
0.10908,0.16934,0.14137,0.52130,0.49567,-0.48895,0.49344,120.40000
0.10908,0.16924,0.14137,0.52130,0.49567,-0.48895,0.49344,120.50000
0.10908,0.16914,0.14136,0.52130,0.49567,-0.48895,0.49344,120.60000
0.10907,0.16904,0.14136,0.52130,0.49567,-0.48895,0.49344,120.70000
0.10907,0.16894,0.14136,0.52130,0.49567,-0.48895,0.49344,120.80000
0.10907,0.16884,0.14135,0.52130,0.49567,-0.48895,0.49344,120.90000
0.10907,0.16874,0.14135,0.52130,0.49567,-0.48895,0.49344,121.00000
0.10907,0.16864,0.14135,0.52130,0.49567,-0.48895,0.49344,121.10000
0.10906,0.16854,0.14134,0.52130,0.49567,-0.48895,0.49344,121.20000
0.10906,0.16844,0.14134,0.52130,0.49567,-0.48895,0.49344,121.30000
0.10906,0.16834,0.14133,0.52130,0.49567,-0.48895,0.49344,121.40000
0.10906,0.16824,0.14133,0.52130,0.49567,-0.48895,0.49344,121.50000
0.10905,0.16814,0.14133,0.52130,0.49567,-0.48895,0.49344,121.60000
0.10905,0.16804,0.14132,0.52130,0.49567,-0.48895,0.49344,121.70000
0.10905,0.16794,0.14132,0.52130,0.49567,-0.48895,0.49344,121.80000
0.10905,0.16784,0.14133,0.52130,0.49567,-0.48895,0.49344,121.90000
0.10905,0.16774,0.14132,0.52130,0.49567,-0.48895,0.49344,122.00000
0.10904,0.16764,0.14132,0.52130,0.49567,-0.48895,0.49344,122.10000
0.10904,0.16754,0.14132,0.52130,0.49567,-0.48895,0.49344,122.20000
0.10904,0.16744,0.14131,0.52130,0.49567,-0.48895,0.49344,122.30000
0.10904,0.16734,0.14131,0.52130,0.49567,-0.48895,0.49344,122.40000
0.10904,0.16724,0.14131,0.52130,0.49567,-0.48895,0.49344,122.50000
0.10903,0.16714,0.14130,0.52130,0.49567,-0.48895,0.49344,122.60000
0.10903,0.16704,0.14130,0.52130,0.49567,-0.48895,0.49344,122.70000
0.10903,0.16694,0.14130,0.52130,0.49567,-0.48895,0.49344,122.80000
0.10903,0.16684,0.14129,0.52130,0.49567,-0.48895,0.49344,122.90000
0.10903,0.16674,0.14129,0.52130,0.49567,-0.48895,0.49344,123.00000
0.10902,0.16664,0.14129,0.52130,0.49567,-0.48895,0.49344,123.10000
0.10902,0.16654,0.14128,0.52130,0.49567,-0.48895,0.49344,123.20000
0.10902,0.16644,0.14128,0.52130,0.49567,-0.48895,0.49344,123.30000
0.10902,0.16634,0.14127,0.52130,0.49567,-0.48895,0.49344,123.40000
0.10902,0.16624,0.14128,0.52130,0.49567,-0.48895,0.49344,123.50000
0.10901,0.16614,0.14128,0.52130,0.49567,-0.48895,0.49344,123.60000
0.10901,0.16604,0.14127,0.52130,0.49567,-0.48895,0.49344,123.70000
0.10901,0.16594,0.14127,0.52130,0.49567,-0.48895,0.49344,123.80000
0.10901,0.16584,0.14127,0.52130,0.49567,-0.48895,0.49344,123.90000
0.10900,0.16574,0.14126,0.52130,0.49567,-0.48895,0.49344,124.00000
0.10900,0.16564,0.14126,0.52130,0.49567,-0.48895,0.49344,124.10000
0.10900,0.16554,0.14126,0.52130,0.49567,-0.48895,0.49344,124.20000
0.10900,0.16544,0.14125,0.52130,0.49567,-0.48895,0.49344,124.30000
0.10900,0.16534,0.14125,0.52130,0.49567,-0.48895,0.49344,124.40000
0.10899,0.16524,0.14125,0.52130,0.49567,-0.48895,0.49344,124.50000
0.10899,0.16514,0.14124,0.52130,0.49567,-0.48895,0.49344,124.60000
0.10899,0.16504,0.14124,0.52130,0.49567,-0.48895,0.49344,124.70000
0.10899,0.16494,0.14124,0.52130,0.49567,-0.48895,0.49344,124.80000
0.10899,0.16484,0.14123,0.52130,0.49567,-0.48895,0.49344,124.90000
0.10898,0.16474,0.14123,0.52130,0.49567,-0.48895,0.49344,125.00000
0.10898,0.16464,0.14124,0.52130,0.49567,-0.48895,0.49344,125.10000
0.10898,0.16454,0.14123,0.52130,0.49567,-0.48895,0.49344,125.20000
0.10898,0.16444,0.14123,0.52130,0.49567,-0.48895,0.49344,125.30000
0.10898,0.16434,0.14123,0.52130,0.49567,-0.48895,0.49344,125.40000
0.10897,0.16424,0.14122,0.52130,0.49567,-0.48895,0.49344,125.50000
0.10897,0.16414,0.14122,0.52130,0.49567,-0.48895,0.49344,125.60000
0.10897,0.16404,0.14121,0.52130,0.49567,-0.48895,0.49344,125.70000
0.10897,0.16394,0.14121,0.52130,0.49567,-0.48895,0.49344,125.80000
0.10897,0.16384,0.14121,0.52130,0.49567,-0.48895,0.49344,125.90000
0.10896,0.16374,0.14120,0.52130,0.49567,-0.48895,0.49344,126.00000
0.10896,0.16364,0.14120,0.52130,0.49567,-0.48895,0.49344,126.10000
0.10896,0.16354,0.14120,0.52130,0.49567,-0.48895,0.49344,126.20000
0.10896,0.16344,0.14119,0.52130,0.49567,-0.48895,0.49344,126.30000
0.10895,0.16334,0.14119,0.52130,0.49567,-0.48895,0.49344,126.40000
0.10895,0.16324,0.14119,0.52130,0.49567,-0.48895,0.49344,126.50000
0.10895,0.16314,0.14118,0.52130,0.49567,-0.48895,0.49344,126.60000
0.10895,0.16304,0.14119,0.52130,0.49567,-0.48895,0.49344,126.70000
0.10895,0.16294,0.14119,0.52130,0.49567,-0.48895,0.49344,126.80000
0.10894,0.16284,0.14118,0.52130,0.49567,-0.48895,0.49344,126.90000
0.10894,0.16274,0.14118,0.52130,0.49567,-0.48895,0.49344,127.00000
0.10894,0.16265,0.14118,0.52130,0.49567,-0.48895,0.49344,127.10000
0.10894,0.16255,0.14117,0.52130,0.49567,-0.48895,0.49344,127.20000
0.10894,0.16245,0.14117,0.52130,0.49567,-0.48895,0.49344,127.30000
0.10893,0.16235,0.14117,0.52130,0.49567,-0.48895,0.49344,127.40000
0.10893,0.16225,0.14116,0.52130,0.49567,-0.48895,0.49344,127.50000
0.10893,0.16215,0.14116,0.52130,0.49567,-0.48895,0.49344,127.60000
0.10893,0.16205,0.14115,0.52130,0.49567,-0.48895,0.49344,127.70000
0.10893,0.16195,0.14115,0.52130,0.49567,-0.48895,0.49344,127.80000
0.10892,0.16185,0.14115,0.52130,0.49567,-0.48895,0.49344,127.90000
0.10892,0.16175,0.14114,0.52130,0.49567,-0.48895,0.49344,128.00000
0.10892,0.16165,0.14114,0.52130,0.49567,-0.48895,0.49344,128.10000
0.10892,0.16155,0.14114,0.52130,0.49567,-0.48895,0.49344,128.20000
0.10892,0.16145,0.14114,0.52130,0.49567,-0.48895,0.49344,128.30000
0.10891,0.16135,0.14114,0.52130,0.49567,-0.48895,0.49344,128.40000
0.10891,0.16125,0.14114,0.52130,0.49567,-0.48895,0.49344,128.50000
0.10891,0.16115,0.14113,0.52130,0.49567,-0.48895,0.49344,128.60000
0.10891,0.16105,0.14113,0.52130,0.49567,-0.48895,0.49344,128.70000
0.10890,0.16095,0.14113,0.52130,0.49567,-0.48895,0.49344,128.80000
0.10890,0.16085,0.14112,0.52130,0.49567,-0.48895,0.49344,128.90000
0.10890,0.16075,0.14112,0.52130,0.49567,-0.48895,0.49344,129.00000
0.10890,0.16065,0.14112,0.52130,0.49567,-0.48895,0.49344,129.10000
0.10890,0.16055,0.14111,0.52130,0.49567,-0.48895,0.49344,129.20000
0.10889,0.16045,0.14111,0.52130,0.49567,-0.48895,0.49344,129.30000
0.10889,0.16035,0.14111,0.52130,0.49567,-0.48895,0.49344,129.40000
0.10889,0.16025,0.14110,0.52130,0.49567,-0.48895,0.49344,129.50000
0.10889,0.16015,0.14110,0.52130,0.49567,-0.48895,0.49344,129.60000
0.10889,0.16005,0.14109,0.52130,0.49567,-0.48895,0.49344,129.70000
0.10888,0.15995,0.14109,0.52130,0.49567,-0.48895,0.49344,129.80000
0.10888,0.15985,0.14110,0.52130,0.49567,-0.48895,0.49344,129.90000
0.10888,0.15975,0.14109,0.52130,0.49567,-0.48895,0.49344,130.00000
0.10888,0.15965,0.14109,0.52130,0.49567,-0.48895,0.49344,130.10000
0.10888,0.15955,0.14109,0.52130,0.49567,-0.48895,0.49344,130.20000
0.10887,0.15945,0.14108,0.52130,0.49567,-0.48895,0.49344,130.30000
0.10887,0.15935,0.14108,0.52130,0.49567,-0.48895,0.49344,130.40000
0.10887,0.15925,0.14108,0.52130,0.49567,-0.48895,0.49344,130.50000
0.10887,0.15915,0.14107,0.52130,0.49567,-0.48895,0.49344,130.60000
0.10887,0.15905,0.14107,0.52130,0.49567,-0.48895,0.49344,130.70000
0.10886,0.15895,0.14107,0.52130,0.49567,-0.48895,0.49344,130.80000
0.10886,0.15885,0.14106,0.52130,0.49567,-0.48895,0.49344,130.90000
0.10886,0.15875,0.14106,0.52130,0.49567,-0.48895,0.49344,131.00000
0.10886,0.15865,0.14106,0.52130,0.49567,-0.48895,0.49344,131.10000
0.10886,0.15855,0.14105,0.52130,0.49567,-0.48895,0.49344,131.20000
0.10885,0.15845,0.14105,0.52130,0.49567,-0.48895,0.49344,131.30000
0.10885,0.15835,0.14105,0.52130,0.49567,-0.48895,0.49344,131.40000
0.10885,0.15825,0.14105,0.52130,0.49567,-0.48895,0.49344,131.50000
0.10885,0.15815,0.14105,0.52130,0.49567,-0.48895,0.49344,131.60000
0.10884,0.15805,0.14105,0.52130,0.49567,-0.48895,0.49344,131.70000
0.10884,0.15795,0.14104,0.52130,0.49567,-0.48895,0.49344,131.80000
0.10884,0.15785,0.14104,0.52130,0.49567,-0.48895,0.49344,131.90000
0.10884,0.15775,0.14103,0.52130,0.49567,-0.48895,0.49344,132.00000
0.10884,0.15765,0.14103,0.52130,0.49567,-0.48895,0.49344,132.10000
0.10883,0.15755,0.14103,0.52130,0.49567,-0.48895,0.49344,132.20000
0.10883,0.15745,0.14102,0.52130,0.49567,-0.48895,0.49344,132.30000
0.10883,0.15735,0.14102,0.52130,0.49567,-0.48895,0.49344,132.40000
0.10883,0.15725,0.14102,0.52130,0.49567,-0.48895,0.49344,132.50000
0.10883,0.15715,0.14101,0.52130,0.49567,-0.48895,0.49344,132.60000
0.10882,0.15705,0.14101,0.52130,0.49567,-0.48895,0.49344,132.70000
0.10882,0.15695,0.14101,0.52130,0.49567,-0.48895,0.49344,132.80000
0.10882,0.15685,0.14100,0.52130,0.49567,-0.48895,0.49344,132.90000
0.10882,0.15675,0.14100,0.52130,0.49567,-0.48895,0.49344,133.00000
0.10882,0.15665,0.14100,0.52130,0.49567,-0.48895,0.49344,133.10000
0.10881,0.15655,0.14100,0.52130,0.49567,-0.48895,0.49344,133.20000
0.10881,0.15645,0.14100,0.52130,0.49567,-0.48895,0.49344,133.30000
0.10881,0.15635,0.14100,0.52130,0.49567,-0.48895,0.49344,133.40000
0.10881,0.15625,0.14099,0.52130,0.49567,-0.48895,0.49344,133.50000
0.10881,0.15615,0.14099,0.52130,0.49567,-0.48895,0.49344,133.60000
0.10880,0.15605,0.14099,0.52130,0.49567,-0.48895,0.49344,133.70000
0.10880,0.15595,0.14098,0.52130,0.49567,-0.48895,0.49344,133.80000
0.10880,0.15585,0.14098,0.52130,0.49567,-0.48895,0.49344,133.90000
0.10880,0.15575,0.14097,0.52130,0.49567,-0.48895,0.49344,134.00000
0.10879,0.15565,0.14097,0.52130,0.49567,-0.48895,0.49344,134.10000
0.10879,0.15555,0.14097,0.52130,0.49567,-0.48895,0.49344,134.20000
0.10879,0.15545,0.14096,0.52130,0.49567,-0.48895,0.49344,134.30000
0.10879,0.15535,0.14096,0.52130,0.49567,-0.48895,0.49344,134.40000
0.10879,0.15525,0.14096,0.52130,0.49567,-0.48895,0.49344,134.50000
0.10878,0.15515,0.14095,0.52130,0.49567,-0.48895,0.49344,134.60000
0.10878,0.15505,0.14095,0.52130,0.49567,-0.48895,0.49344,134.70000
0.10878,0.15495,0.14096,0.52130,0.49567,-0.48895,0.49344,134.80000
0.10878,0.15485,0.14095,0.52130,0.49567,-0.48895,0.49344,134.90000
0.10878,0.15475,0.14095,0.52130,0.49567,-0.48895,0.49344,135.00000
0.10877,0.15465,0.14095,0.52130,0.49567,-0.48895,0.49344,135.10000
0.10877,0.15455,0.14094,0.52130,0.49567,-0.48895,0.49344,135.20000
0.10877,0.15445,0.14094,0.52130,0.49567,-0.48895,0.49344,135.30000
0.10877,0.15435,0.14094,0.52130,0.49567,-0.48895,0.49344,135.40000
0.10877,0.15425,0.14093,0.52130,0.49567,-0.48895,0.49344,135.50000
0.10876,0.15415,0.14093,0.52130,0.49567,-0.48895,0.49344,135.60000
0.10876,0.15405,0.14093,0.52130,0.49567,-0.48895,0.49344,135.70000
0.10876,0.15395,0.14092,0.52130,0.49567,-0.48895,0.49344,135.80000
0.10876,0.15385,0.14092,0.52130,0.49567,-0.48895,0.49344,135.90000
0.10876,0.15375,0.14092,0.52130,0.49567,-0.48895,0.49344,136.00000
0.10875,0.15365,0.14091,0.52130,0.49567,-0.48895,0.49344,136.10000
0.10875,0.15355,0.14091,0.52130,0.49567,-0.48895,0.49344,136.20000
0.10875,0.15345,0.14090,0.52130,0.49567,-0.48895,0.49344,136.30000
0.10875,0.15335,0.14091,0.52130,0.49567,-0.48895,0.49344,136.40000
0.10874,0.15325,0.14091,0.52130,0.49567,-0.48895,0.49344,136.50000
0.10874,0.15315,0.14090,0.52130,0.49567,-0.48895,0.49344,136.60000
0.10874,0.15305,0.14090,0.52130,0.49567,-0.48895,0.49344,136.70000
0.10874,0.15295,0.14090,0.52130,0.49567,-0.48895,0.49344,136.80000
0.10874,0.15285,0.14089,0.52130,0.49567,-0.48895,0.49344,136.90000
0.10873,0.15275,0.14089,0.52130,0.49567,-0.48895,0.49344,137.00000
0.10873,0.15265,0.14089,0.52130,0.49567,-0.48895,0.49344,137.10000
0.10873,0.15255,0.14088,0.52130,0.49567,-0.48895,0.49344,137.20000
0.10873,0.15245,0.14088,0.52130,0.49567,-0.48895,0.49344,137.30000
0.10873,0.15235,0.14088,0.52130,0.49567,-0.48895,0.49344,137.40000
0.10872,0.15225,0.14087,0.52130,0.49567,-0.48895,0.49344,137.50000
0.10872,0.15215,0.14087,0.52130,0.49567,-0.48895,0.49344,137.60000
0.10872,0.15205,0.14087,0.52130,0.49567,-0.48895,0.49344,137.70000
0.10872,0.15195,0.14086,0.52130,0.49567,-0.48895,0.49344,137.80000
0.10872,0.15185,0.14086,0.52130,0.49567,-0.48895,0.49344,137.90000
0.10871,0.15175,0.14087,0.52130,0.49567,-0.48895,0.49344,138.00000
0.10871,0.15165,0.14086,0.52130,0.49567,-0.48895,0.49344,138.10000
0.10871,0.15155,0.14086,0.52130,0.49567,-0.48895,0.49344,138.20000
0.10871,0.15145,0.14085,0.52130,0.49567,-0.48895,0.49344,138.30000
0.10871,0.15135,0.14085,0.52130,0.49567,-0.48895,0.49344,138.40000
0.10870,0.15125,0.14085,0.52130,0.49567,-0.48895,0.49344,138.50000
0.10870,0.15115,0.14084,0.52130,0.49567,-0.48895,0.49344,138.60000
0.10870,0.15105,0.14084,0.52130,0.49567,-0.48895,0.49344,138.70000
0.10870,0.15095,0.14084,0.52130,0.49567,-0.48895,0.49344,138.80000
0.10869,0.15085,0.14083,0.52130,0.49567,-0.48895,0.49344,138.90000
0.10869,0.15075,0.14083,0.52130,0.49567,-0.48895,0.49344,139.00000
0.10869,0.15065,0.14083,0.52130,0.49567,-0.48895,0.49344,139.10000
0.10869,0.15055,0.14082,0.52130,0.49567,-0.48895,0.49344,139.20000
0.10869,0.15045,0.14082,0.52130,0.49567,-0.48895,0.49344,139.30000
0.10868,0.15035,0.14082,0.52130,0.49567,-0.48895,0.49344,139.40000
0.10868,0.15025,0.14081,0.52130,0.49567,-0.48895,0.49344,139.50000
0.10868,0.15015,0.14082,0.52130,0.49567,-0.48895,0.49344,139.60000
0.10868,0.15005,0.14082,0.52130,0.49567,-0.48895,0.49344,139.70000
0.10868,0.14995,0.14081,0.52130,0.49567,-0.48895,0.49344,139.80000
0.10867,0.14985,0.14081,0.52130,0.49567,-0.48895,0.49344,139.90000
0.10867,0.14975,0.14081,0.52130,0.49567,-0.48895,0.49344,140.00000
0.10867,0.14965,0.14080,0.52130,0.49567,-0.48895,0.49344,140.10000
0.10867,0.14955,0.14080,0.52130,0.49567,-0.48895,0.49344,140.20000
0.10867,0.14945,0.14080,0.52130,0.49567,-0.48895,0.49344,140.30000
0.10866,0.14935,0.14079,0.52130,0.49567,-0.48895,0.49344,140.40000
0.10866,0.14925,0.14079,0.52130,0.49567,-0.48895,0.49344,140.50000
0.10866,0.14915,0.14078,0.52130,0.49567,-0.48895,0.49344,140.60000
0.10866,0.14905,0.14078,0.52130,0.49567,-0.48895,0.49344,140.70000
0.10866,0.14895,0.14078,0.52130,0.49567,-0.48895,0.49344,140.80000
0.10865,0.14885,0.14077,0.52130,0.49567,-0.48895,0.49344,140.90000
0.10865,0.14875,0.14077,0.52130,0.49567,-0.48895,0.49344,141.00000
0.10865,0.14865,0.14077,0.52130,0.49567,-0.48895,0.49344,141.10000
0.10865,0.14855,0.14077,0.52130,0.49567,-0.48895,0.49344,141.20000
0.10864,0.14845,0.14077,0.52130,0.49567,-0.48895,0.49344,141.30000
0.10864,0.14835,0.14077,0.52130,0.49567,-0.48895,0.49344,141.40000
0.10864,0.14825,0.14076,0.52130,0.49567,-0.48895,0.49344,141.50000
0.10864,0.14815,0.14076,0.52130,0.49567,-0.48895,0.49344,141.60000
0.10864,0.14805,0.14076,0.52130,0.49567,-0.48895,0.49344,141.70000
0.10863,0.14795,0.14075,0.52130,0.49567,-0.48895,0.49344,141.80000
0.10863,0.14785,0.14075,0.52130,0.49567,-0.48895,0.49344,141.90000
0.10863,0.14775,0.14075,0.52130,0.49567,-0.48895,0.49344,142.00000
0.10863,0.14765,0.14074,0.52130,0.49567,-0.48895,0.49344,142.10000
0.10863,0.14755,0.14074,0.52130,0.49567,-0.48895,0.49344,142.20000
0.10862,0.14745,0.14074,0.52130,0.49567,-0.48895,0.49344,142.30000
0.10862,0.14735,0.14073,0.52130,0.49567,-0.48895,0.49344,142.40000
0.10862,0.14725,0.14073,0.52130,0.49567,-0.48895,0.49344,142.50000
0.10862,0.14715,0.14072,0.52130,0.49567,-0.48895,0.49344,142.60000
0.10862,0.14705,0.14072,0.52130,0.49567,-0.48895,0.49344,142.70000
0.10861,0.14695,0.14073,0.52130,0.49567,-0.48895,0.49344,142.80000
0.10861,0.14685,0.14072,0.52130,0.49567,-0.48895,0.49344,142.90000
0.10861,0.14675,0.14072,0.52130,0.49567,-0.48895,0.49344,143.00000
0.10861,0.14665,0.14072,0.52130,0.49567,-0.48895,0.49344,143.10000
0.10861,0.14655,0.14071,0.52130,0.49567,-0.48895,0.49344,143.20000
0.10860,0.14645,0.14071,0.52130,0.49567,-0.48895,0.49344,143.30000
0.10860,0.14635,0.14071,0.52130,0.49567,-0.48895,0.49344,143.40000
0.10860,0.14626,0.14070,0.52130,0.49567,-0.48895,0.49344,143.50000
0.10860,0.14616,0.14070,0.52130,0.49567,-0.48895,0.49344,143.60000
0.10860,0.14606,0.14070,0.52130,0.49567,-0.48895,0.49344,143.70000
0.10859,0.14596,0.14069,0.52130,0.49567,-0.48895,0.49344,143.80000
0.10859,0.14586,0.14069,0.52130,0.49567,-0.48895,0.49344,143.90000
0.10859,0.14576,0.14069,0.52130,0.49567,-0.48895,0.49344,144.00000
0.10859,0.14566,0.14068,0.52130,0.49567,-0.48895,0.49344,144.10000
0.10858,0.14556,0.14068,0.52130,0.49567,-0.48895,0.49344,144.20000
0.10858,0.14546,0.14068,0.52130,0.49567,-0.48895,0.49344,144.30000
0.10858,0.14536,0.14068,0.52130,0.49567,-0.48895,0.49344,144.40000
0.10858,0.14526,0.14068,0.52130,0.49567,-0.48895,0.49344,144.50000
0.10858,0.14516,0.14067,0.52130,0.49567,-0.48895,0.49344,144.60000
0.10857,0.14506,0.14067,0.52130,0.49567,-0.48895,0.49344,144.70000
0.10857,0.14496,0.14067,0.52130,0.49567,-0.48895,0.49344,144.80000
0.10857,0.14486,0.14066,0.52130,0.49567,-0.48895,0.49344,144.90000
0.10857,0.14476,0.14066,0.52130,0.49567,-0.48895,0.49344,145.00000
0.10857,0.14466,0.14066,0.52130,0.49567,-0.48895,0.49344,145.10000
0.10856,0.14456,0.14065,0.52130,0.49567,-0.48895,0.49344,145.20000
0.10856,0.14446,0.14065,0.52130,0.49567,-0.48895,0.49344,145.30000
0.10856,0.14436,0.14065,0.52130,0.49567,-0.48895,0.49344,145.40000
0.10856,0.14426,0.14064,0.52130,0.49567,-0.48895,0.49344,145.50000
0.10856,0.14416,0.14064,0.52130,0.49567,-0.48895,0.49344,145.60000
0.10855,0.14406,0.14064,0.52130,0.49567,-0.48895,0.49344,145.70000
0.10855,0.14396,0.14063,0.52130,0.49567,-0.48895,0.49344,145.80000
0.10855,0.14386,0.14063,0.52130,0.49567,-0.48895,0.49344,145.90000
0.10855,0.14376,0.14063,0.52130,0.49567,-0.48895,0.49344,146.00000
0.10855,0.14366,0.14063,0.52130,0.49567,-0.48895,0.49344,146.10000
0.10854,0.14356,0.14063,0.52130,0.49567,-0.48895,0.49344,146.20000
0.10854,0.14346,0.14063,0.52130,0.49567,-0.48895,0.49344,146.30000
0.10854,0.14336,0.14062,0.52130,0.49567,-0.48895,0.49344,146.40000
0.10854,0.14326,0.14062,0.52130,0.49567,-0.48895,0.49344,146.50000
0.10853,0.14316,0.14062,0.52130,0.49567,-0.48895,0.49344,146.60000
0.10853,0.14306,0.14061,0.52130,0.49567,-0.48895,0.49344,146.70000
0.10853,0.14296,0.14061,0.52130,0.49567,-0.48895,0.49344,146.80000
0.10853,0.14286,0.14060,0.52130,0.49567,-0.48895,0.49344,146.90000
0.10853,0.14276,0.14060,0.52130,0.49567,-0.48895,0.49344,147.00000
0.10852,0.14266,0.14060,0.52130,0.49567,-0.48895,0.49344,147.10000
0.10852,0.14256,0.14059,0.52130,0.49567,-0.48895,0.49344,147.20000
0.10852,0.14246,0.14059,0.52130,0.49567,-0.48895,0.49344,147.30000
0.10852,0.14236,0.14059,0.52130,0.49567,-0.48895,0.49344,147.40000
0.10852,0.14226,0.14058,0.52130,0.49567,-0.48895,0.49344,147.50000
0.10851,0.14216,0.14058,0.52130,0.49567,-0.48895,0.49344,147.60000
0.10851,0.14206,0.14059,0.52130,0.49567,-0.48895,0.49344,147.70000
0.10851,0.14196,0.14058,0.52130,0.49567,-0.48895,0.49344,147.80000
0.10851,0.14186,0.14058,0.52130,0.49567,-0.48895,0.49344,147.90000
0.10851,0.14176,0.14058,0.52130,0.49567,-0.48895,0.49344,148.00000
0.10850,0.14166,0.14057,0.52130,0.49567,-0.48895,0.49344,148.10000
0.10850,0.14156,0.14057,0.52130,0.49567,-0.48895,0.49344,148.20000
0.10850,0.14146,0.14057,0.52130,0.49567,-0.48895,0.49344,148.30000
0.10850,0.14136,0.14056,0.52130,0.49567,-0.48895,0.49344,148.40000
0.10850,0.14126,0.14056,0.52130,0.49567,-0.48895,0.49344,148.50000
0.10849,0.14116,0.14056,0.52130,0.49567,-0.48895,0.49344,148.60000
0.10849,0.14106,0.14055,0.52130,0.49567,-0.48895,0.49344,148.70000
0.10849,0.14096,0.14055,0.52130,0.49567,-0.48895,0.49344,148.80000
0.10849,0.14086,0.14054,0.52130,0.49567,-0.48895,0.49344,148.90000
0.10848,0.14076,0.14054,0.52130,0.49567,-0.48895,0.49344,149.00000
0.10848,0.14066,0.14054,0.52130,0.49567,-0.48895,0.49344,149.10000
0.10848,0.14056,0.14053,0.52130,0.49567,-0.48895,0.49344,149.20000
0.10848,0.14046,0.14054,0.52130,0.49567,-0.48895,0.49344,149.30000
0.10848,0.14036,0.14054,0.52130,0.49567,-0.48895,0.49344,149.40000
0.10847,0.14026,0.14053,0.52130,0.49567,-0.48895,0.49344,149.50000
0.10847,0.14016,0.14053,0.52130,0.49567,-0.48895,0.49344,149.60000
0.10847,0.14006,0.14053,0.52130,0.49567,-0.48895,0.49344,149.70000
0.10847,0.13996,0.14052,0.52130,0.49567,-0.48895,0.49344,149.80000
0.10847,0.13986,0.14052,0.52130,0.49567,-0.48895,0.49344,149.90000
0.10846,0.13976,0.14052,0.52130,0.49567,-0.48895,0.49344,150.00000
0.10846,0.13966,0.14051,0.52130,0.49567,-0.48895,0.49344,150.10000
0.10846,0.13956,0.14051,0.52130,0.49567,-0.48895,0.49344,150.20000
0.10846,0.13946,0.14051,0.52130,0.49567,-0.48895,0.49344,150.30000
0.10846,0.13936,0.14050,0.52130,0.49567,-0.48895,0.49344,150.40000
0.10845,0.13926,0.14050,0.52130,0.49567,-0.48895,0.49344,150.50000
0.10845,0.13916,0.14050,0.52130,0.49567,-0.48895,0.49344,150.60000
0.10845,0.13906,0.14049,0.52130,0.49567,-0.48895,0.49344,150.70000
0.10845,0.13896,0.14049,0.52130,0.49567,-0.48895,0.49344,150.80000
0.10845,0.13886,0.14050,0.52130,0.49567,-0.48895,0.49344,150.90000
0.10844,0.13876,0.14049,0.52130,0.49567,-0.48895,0.49344,151.00000
0.10844,0.13866,0.14049,0.52130,0.49567,-0.48895,0.49344,151.10000
0.10844,0.13856,0.14048,0.52130,0.49567,-0.48895,0.49344,151.20000
0.10844,0.13846,0.14048,0.52130,0.49567,-0.48895,0.49344,151.30000
0.10843,0.13836,0.14048,0.52130,0.49567,-0.48895,0.49344,151.40000
0.10843,0.13826,0.14047,0.52130,0.49567,-0.48895,0.49344,151.50000
0.10843,0.13816,0.14047,0.52130,0.49567,-0.48895,0.49344,151.60000
0.10843,0.13806,0.14047,0.52130,0.49567,-0.48895,0.49344,151.70000
0.10843,0.13796,0.14046,0.52130,0.49567,-0.48895,0.49344,151.80000
0.10842,0.13786,0.14046,0.52130,0.49567,-0.48895,0.49344,151.90000
0.10842,0.13776,0.14046,0.52130,0.49567,-0.48895,0.49344,152.00000
0.10842,0.13766,0.14045,0.52130,0.49567,-0.48895,0.49344,152.10000
0.10842,0.13756,0.14045,0.52130,0.49567,-0.48895,0.49344,152.20000
0.10842,0.13746,0.14045,0.52130,0.49567,-0.48895,0.49344,152.30000
0.10841,0.13736,0.14044,0.52130,0.49567,-0.48895,0.49344,152.40000
0.10841,0.13726,0.14045,0.52130,0.49567,-0.48895,0.49344,152.50000
0.10841,0.13716,0.14045,0.52130,0.49567,-0.48895,0.49344,152.60000
0.10841,0.13706,0.14044,0.52130,0.49567,-0.48895,0.49344,152.70000
0.10841,0.13696,0.14044,0.52130,0.49567,-0.48895,0.49344,152.80000
0.10840,0.13686,0.14044,0.52130,0.49567,-0.48895,0.49344,152.90000
0.10840,0.13676,0.14043,0.52130,0.49567,-0.48895,0.49344,153.00000
0.10840,0.13666,0.14043,0.52130,0.49567,-0.48895,0.49344,153.10000
0.10840,0.13656,0.14042,0.52130,0.49567,-0.48895,0.49344,153.20000
0.10840,0.13646,0.14042,0.52130,0.49567,-0.48895,0.49344,153.30000
0.10839,0.13636,0.14042,0.52130,0.49567,-0.48895,0.49344,153.40000
0.10839,0.13626,0.14041,0.52130,0.49567,-0.48895,0.49344,153.50000
0.10839,0.13616,0.14041,0.52130,0.49567,-0.48895,0.49344,153.60000
0.10839,0.13606,0.14041,0.52130,0.49567,-0.48895,0.49344,153.70000
0.10839,0.13596,0.14040,0.52130,0.49567,-0.48895,0.49344,153.80000
0.10838,0.13586,0.14040,0.52130,0.49567,-0.48895,0.49344,153.90000
0.10838,0.13576,0.14040,0.52130,0.49567,-0.48895,0.49344,154.00000
0.10838,0.13566,0.14040,0.52130,0.49567,-0.48895,0.49344,154.10000
0.10838,0.13556,0.14040,0.52130,0.49567,-0.48895,0.49344,154.20000
0.10837,0.13546,0.14040,0.52130,0.49567,-0.48895,0.49344,154.30000
0.10837,0.13536,0.14039,0.52130,0.49567,-0.48895,0.49344,154.40000
0.10837,0.13526,0.14039,0.52130,0.49567,-0.48895,0.49344,154.50000
0.10837,0.13516,0.14039,0.52130,0.49567,-0.48895,0.49344,154.60000
0.10837,0.13506,0.14038,0.52130,0.49567,-0.48895,0.49344,154.70000
0.10836,0.13496,0.14038,0.52130,0.49567,-0.48895,0.49344,154.80000
0.10836,0.13486,0.14038,0.52130,0.49567,-0.48895,0.49344,154.90000
0.10836,0.13476,0.14037,0.52130,0.49567,-0.48895,0.49344,155.00000
0.10836,0.13466,0.14037,0.52130,0.49567,-0.48895,0.49344,155.10000
0.10836,0.13456,0.14037,0.52130,0.49567,-0.48895,0.49344,155.20000
0.10835,0.13446,0.14036,0.52130,0.49567,-0.48895,0.49344,155.30000
0.10835,0.13436,0.14036,0.52130,0.49567,-0.48895,0.49344,155.40000
0.10835,0.13426,0.14035,0.52130,0.49567,-0.48895,0.49344,155.50000
0.10835,0.13416,0.14035,0.52130,0.49567,-0.48895,0.49344,155.60000
0.10835,0.13406,0.14036,0.52130,0.49567,-0.48895,0.49344,155.70000
0.10834,0.13396,0.14035,0.52130,0.49567,-0.48895,0.49344,155.80000
0.10834,0.13386,0.14035,0.52130,0.49567,-0.48895,0.49344,155.90000
0.10834,0.13376,0.14035,0.52130,0.49567,-0.48895,0.49344,156.00000
0.10834,0.13366,0.14034,0.52130,0.49567,-0.48895,0.49344,156.10000
0.10834,0.13356,0.14034,0.52130,0.49567,-0.48895,0.49344,156.20000
0.10833,0.13346,0.14034,0.52130,0.49567,-0.48895,0.49344,156.30000
0.10833,0.13336,0.14033,0.52130,0.49567,-0.48895,0.49344,156.40000
0.10833,0.13326,0.14033,0.52130,0.49567,-0.48895,0.49344,156.50000
0.10833,0.13316,0.14033,0.52130,0.49567,-0.48895,0.49344,156.60000
0.10832,0.13306,0.14032,0.52130,0.49567,-0.48895,0.49344,156.70000
0.10832,0.13296,0.14032,0.52130,0.49567,-0.48895,0.49344,156.80000
0.10832,0.13286,0.14032,0.52130,0.49567,-0.48895,0.49344,156.90000
0.10832,0.13276,0.14031,0.52130,0.49567,-0.48895,0.49344,157.00000
0.10832,0.13266,0.14031,0.52130,0.49567,-0.48895,0.49344,157.10000
0.10831,0.13256,0.14031,0.52130,0.49567,-0.48895,0.49344,157.20000
0.10831,0.13246,0.14030,0.52130,0.49567,-0.48895,0.49344,157.30000
0.10831,0.13236,0.14031,0.52130,0.49567,-0.48895,0.49344,157.40000
0.10831,0.13226,0.14030,0.52130,0.49567,-0.48895,0.49344,157.50000
0.10831,0.13216,0.14030,0.52130,0.49567,-0.48895,0.49344,157.60000
0.10830,0.13206,0.14030,0.52130,0.49567,-0.48895,0.49344,157.70000
0.10830,0.13196,0.14029,0.52130,0.49567,-0.48895,0.49344,157.80000
0.10830,0.13186,0.14029,0.52130,0.49567,-0.48895,0.49344,157.90000
0.10830,0.13176,0.14029,0.52130,0.49567,-0.48895,0.49344,158.00000
0.10830,0.13166,0.14028,0.52130,0.49567,-0.48895,0.49344,158.10000
0.10829,0.13156,0.14028,0.52130,0.49567,-0.48895,0.49344,158.20000
0.10829,0.13146,0.14028,0.52130,0.49567,-0.48895,0.49344,158.30000
0.10829,0.13136,0.14027,0.52130,0.49567,-0.48895,0.49344,158.40000
0.10829,0.13126,0.14027,0.52130,0.49567,-0.48895,0.49344,158.50000
0.10829,0.13116,0.14027,0.52130,0.49567,-0.48895,0.49344,158.60000
0.10828,0.13106,0.14026,0.52130,0.49567,-0.48895,0.49344,158.70000
0.10828,0.13096,0.14026,0.52130,0.49567,-0.48895,0.49344,158.80000
0.10828,0.13086,0.14026,0.52130,0.49567,-0.48895,0.49344,158.90000
0.10828,0.13076,0.14026,0.52130,0.49567,-0.48895,0.49344,159.00000
0.10827,0.13066,0.14026,0.52130,0.49567,-0.48895,0.49344,159.10000
0.10827,0.13056,0.14026,0.52130,0.49567,-0.48895,0.49344,159.20000
0.10827,0.13046,0.14025,0.52130,0.49567,-0.48895,0.49344,159.30000
0.10827,0.13036,0.14025,0.52130,0.49567,-0.48895,0.49344,159.40000
0.10827,0.13026,0.14024,0.52130,0.49567,-0.48895,0.49344,159.50000
0.10826,0.13016,0.14024,0.52130,0.49567,-0.48895,0.49344,159.60000
0.10826,0.13006,0.14024,0.52130,0.49567,-0.48895,0.49344,159.70000
0.10826,0.12997,0.14023,0.52130,0.49567,-0.48895,0.49344,159.80000
0.10826,0.12987,0.14023,0.52130,0.49567,-0.48895,0.49344,159.90000
0.10826,0.12977,0.14023,0.52130,0.49567,-0.48895,0.49344,160.00000
0.10825,0.12967,0.14022,0.52130,0.49567,-0.48895,0.49344,160.10000
0.10825,0.12957,0.14022,0.52130,0.49567,-0.48895,0.49344,160.20000
0.10825,0.12947,0.14022,0.52130,0.49567,-0.48895,0.49344,160.30000
0.10825,0.12937,0.14021,0.52130,0.49567,-0.48895,0.49344,160.40000
0.10825,0.12927,0.14021,0.52130,0.49567,-0.48895,0.49344,160.50000
0.10824,0.12917,0.14022,0.52130,0.49567,-0.48895,0.49344,160.60000
0.10824,0.12907,0.14021,0.52130,0.49567,-0.48895,0.49344,160.70000
0.10824,0.12897,0.14021,0.52130,0.49567,-0.48895,0.49344,160.80000
0.10824,0.12887,0.14021,0.52130,0.49567,-0.48895,0.49344,160.90000
0.10824,0.12877,0.14020,0.52130,0.49567,-0.48895,0.49344,161.00000
0.10823,0.12867,0.14020,0.52130,0.49567,-0.48895,0.49344,161.10000
0.10823,0.12857,0.14020,0.52130,0.49567,-0.48895,0.49344,161.20000
0.10823,0.12847,0.14019,0.52130,0.49567,-0.48895,0.49344,161.30000
0.10823,0.12837,0.14019,0.52130,0.49567,-0.48895,0.49344,161.40000
0.10822,0.12827,0.14019,0.52130,0.49567,-0.48895,0.49344,161.50000
0.10822,0.12817,0.14018,0.52130,0.49567,-0.48895,0.49344,161.60000
0.10822,0.12807,0.14018,0.52130,0.49567,-0.48895,0.49344,161.70000
0.10822,0.12797,0.14017,0.52130,0.49567,-0.48895,0.49344,161.80000
0.10822,0.12787,0.14017,0.52130,0.49567,-0.48895,0.49344,161.90000
0.10821,0.12777,0.14017,0.52130,0.49567,-0.48895,0.49344,162.00000
0.10821,0.12767,0.14016,0.52130,0.49567,-0.48895,0.49344,162.10000
0.10821,0.12757,0.14017,0.52130,0.49567,-0.48895,0.49344,162.20000
0.10821,0.12747,0.14017,0.52130,0.49567,-0.48895,0.49344,162.30000
0.10821,0.12737,0.14016,0.52130,0.49567,-0.48895,0.49344,162.40000
0.10820,0.12727,0.14016,0.52130,0.49567,-0.48895,0.49344,162.50000
0.10820,0.12717,0.14016,0.52130,0.49567,-0.48895,0.49344,162.60000
0.10820,0.12707,0.14015,0.52130,0.49567,-0.48895,0.49344,162.70000
0.10820,0.12697,0.14015,0.52130,0.49567,-0.48895,0.49344,162.80000
0.10820,0.12687,0.14015,0.52130,0.49567,-0.48895,0.49344,162.90000
0.10819,0.12677,0.14014,0.52130,0.49567,-0.48895,0.49344,163.00000
0.10819,0.12667,0.14014,0.52130,0.49567,-0.48895,0.49344,163.10000
0.10819,0.12657,0.14014,0.52130,0.49567,-0.48895,0.49344,163.20000
0.10819,0.12647,0.14013,0.52130,0.49567,-0.48895,0.49344,163.30000
0.10819,0.12637,0.14013,0.52130,0.49567,-0.48895,0.49344,163.40000
0.10818,0.12627,0.14013,0.52130,0.49567,-0.48895,0.49344,163.50000
0.10818,0.12617,0.14012,0.52130,0.49567,-0.48895,0.49344,163.60000
0.10818,0.12607,0.14012,0.52130,0.49567,-0.48895,0.49344,163.70000
0.10818,0.12597,0.14012,0.52130,0.49567,-0.48895,0.49344,163.80000
0.10817,0.12587,0.14012,0.52130,0.49567,-0.48895,0.49344,163.90000
0.10817,0.12577,0.14012,0.52130,0.49567,-0.48895,0.49344,164.00000
0.10817,0.12567,0.14011,0.52130,0.49567,-0.48895,0.49344,164.10000
0.10817,0.12557,0.14011,0.52130,0.49567,-0.48895,0.49344,164.20000
0.10817,0.12547,0.14011,0.52130,0.49567,-0.48895,0.49344,164.30000
0.10816,0.12537,0.14010,0.52130,0.49567,-0.48895,0.49344,164.40000
0.10816,0.12527,0.14010,0.52130,0.49567,-0.48895,0.49344,164.50000
0.10816,0.12517,0.14010,0.52130,0.49567,-0.48895,0.49344,164.60000
0.10816,0.12507,0.14009,0.52130,0.49567,-0.48895,0.49344,164.70000
0.10816,0.12497,0.14009,0.52130,0.49567,-0.48895,0.49344,164.80000
0.10815,0.12487,0.14009,0.52130,0.49567,-0.48895,0.49344,164.90000
0.10815,0.12477,0.14008,0.52130,0.49567,-0.48895,0.49344,165.00000
0.10815,0.12467,0.14008,0.52130,0.49567,-0.48895,0.49344,165.10000
0.10815,0.12457,0.14008,0.52130,0.49567,-0.48895,0.49344,165.20000
0.10815,0.12447,0.14007,0.52130,0.49567,-0.48895,0.49344,165.30000
0.10814,0.12437,0.14008,0.52130,0.49567,-0.48895,0.49344,165.40000
0.10814,0.12427,0.14008,0.52130,0.49567,-0.48895,0.49344,165.50000
0.10814,0.12417,0.14007,0.52130,0.49567,-0.48895,0.49344,165.60000
0.10814,0.12407,0.14007,0.52130,0.49567,-0.48895,0.49344,165.70000
0.10814,0.12397,0.14007,0.52130,0.49567,-0.48895,0.49344,165.80000
0.10813,0.12387,0.14006,0.52130,0.49567,-0.48895,0.49344,165.90000
0.10813,0.12377,0.14006,0.52130,0.49567,-0.48895,0.49344,166.00000
0.10813,0.12367,0.14005,0.52130,0.49567,-0.48895,0.49344,166.10000
0.10813,0.12357,0.14005,0.52130,0.49567,-0.48895,0.49344,166.20000
0.10813,0.12347,0.14005,0.52130,0.49567,-0.48895,0.49344,166.30000
0.10812,0.12337,0.14004,0.52130,0.49567,-0.48895,0.49344,166.40000
0.10812,0.12327,0.14004,0.52130,0.49567,-0.48895,0.49344,166.50000
0.10812,0.12317,0.14004,0.52130,0.49567,-0.48895,0.49344,166.60000
0.10812,0.12307,0.14003,0.52130,0.49567,-0.48895,0.49344,166.70000
0.10811,0.12297,0.14003,0.52130,0.49567,-0.48895,0.49344,166.80000
0.10811,0.12287,0.14003,0.52130,0.49567,-0.48895,0.49344,166.90000
0.10811,0.12277,0.14003,0.52130,0.49567,-0.48895,0.49344,167.00000
0.10811,0.12267,0.14003,0.52130,0.49567,-0.48895,0.49344,167.10000
0.10811,0.12257,0.14003,0.52130,0.49567,-0.48895,0.49344,167.20000
0.10810,0.12247,0.14002,0.52130,0.49567,-0.48895,0.49344,167.30000
0.10810,0.12237,0.14002,0.52130,0.49567,-0.48895,0.49344,167.40000
0.10810,0.12227,0.14002,0.52130,0.49567,-0.48895,0.49344,167.50000
0.10810,0.12217,0.14001,0.52130,0.49567,-0.48895,0.49344,167.60000
0.10810,0.12207,0.14001,0.52130,0.49567,-0.48895,0.49344,167.70000
0.10809,0.12197,0.14001,0.52130,0.49567,-0.48895,0.49344,167.80000
0.10809,0.12187,0.14000,0.52130,0.49567,-0.48895,0.49344,167.90000
0.10809,0.12177,0.14000,0.52130,0.49567,-0.48895,0.49344,168.00000
0.10809,0.12167,0.13999,0.52130,0.49567,-0.48895,0.49344,168.10000
0.10809,0.12157,0.13999,0.52130,0.49567,-0.48895,0.49344,168.20000
0.10808,0.12147,0.13999,0.52130,0.49567,-0.48895,0.49344,168.30000
0.10808,0.12137,0.13998,0.52130,0.49567,-0.48895,0.49344,168.40000
0.10808,0.12127,0.13998,0.52130,0.49567,-0.48895,0.49344,168.50000
0.10808,0.12117,0.13999,0.52130,0.49567,-0.48895,0.49344,168.60000
0.10808,0.12107,0.13998,0.52130,0.49567,-0.48895,0.49344,168.70000
0.10807,0.12097,0.13998,0.52130,0.49567,-0.48895,0.49344,168.80000
0.10807,0.12087,0.13998,0.52130,0.49567,-0.48895,0.49344,168.90000
0.10807,0.12077,0.13997,0.52130,0.49567,-0.48895,0.49344,169.00000
0.10807,0.12067,0.13997,0.52130,0.49567,-0.48895,0.49344,169.10000
0.10806,0.12057,0.13997,0.52130,0.49567,-0.48895,0.49344,169.20000
0.10806,0.12047,0.13996,0.52130,0.49567,-0.48895,0.49344,169.30000
0.10806,0.12037,0.13996,0.52130,0.49567,-0.48895,0.49344,169.40000
0.10806,0.12027,0.13996,0.52130,0.49567,-0.48895,0.49344,169.50000
0.10806,0.12017,0.13995,0.52130,0.49567,-0.48895,0.49344,169.60000
0.10805,0.12007,0.13995,0.52130,0.49567,-0.48895,0.49344,169.70000
0.10805,0.11997,0.13995,0.52130,0.49567,-0.48895,0.49344,169.80000
0.10805,0.11987,0.13994,0.52130,0.49567,-0.48895,0.49344,169.90000
0.10805,0.11977,0.13994,0.52130,0.49567,-0.48895,0.49344,170.00000
0.10805,0.11967,0.13994,0.52130,0.49567,-0.48895,0.49344,170.10000
0.10804,0.11957,0.13993,0.52130,0.49567,-0.48895,0.49344,170.20000
0.10804,0.11947,0.13994,0.52130,0.49567,-0.48895,0.49344,170.30000
0.10804,0.11937,0.13993,0.52130,0.49567,-0.48895,0.49344,170.40000
0.10804,0.11927,0.13993,0.52130,0.49567,-0.48895,0.49344,170.50000
0.10804,0.11917,0.13993,0.52130,0.49567,-0.48895,0.49344,170.60000
0.10803,0.11907,0.13992,0.52130,0.49567,-0.48895,0.49344,170.70000
0.10803,0.11897,0.13992,0.52130,0.49567,-0.48895,0.49344,170.80000
0.10803,0.11887,0.13992,0.52130,0.49567,-0.48895,0.49344,170.90000
0.10803,0.11877,0.13991,0.52130,0.49567,-0.48895,0.49344,171.00000
0.10803,0.11867,0.13991,0.52130,0.49567,-0.48895,0.49344,171.10000
0.10802,0.11857,0.13991,0.52130,0.49567,-0.48895,0.49344,171.20000
0.10802,0.11847,0.13990,0.52130,0.49567,-0.48895,0.49344,171.30000
0.10802,0.11837,0.13990,0.52130,0.49567,-0.48895,0.49344,171.40000
0.10802,0.11827,0.13990,0.52130,0.49567,-0.48895,0.49344,171.50000
0.10801,0.11817,0.13989,0.52130,0.49567,-0.48895,0.49344,171.60000
0.10801,0.11807,0.13989,0.52130,0.49567,-0.48895,0.49344,171.70000
0.10801,0.11797,0.13989,0.52130,0.49567,-0.48895,0.49344,171.80000
0.10801,0.11787,0.13989,0.52130,0.49567,-0.48895,0.49344,171.90000
0.10801,0.11777,0.13989,0.52130,0.49567,-0.48895,0.49344,172.00000
0.10800,0.11767,0.13989,0.52130,0.49567,-0.48895,0.49344,172.10000
0.10800,0.11757,0.13988,0.52130,0.49567,-0.48895,0.49344,172.20000
0.10800,0.11747,0.13988,0.52130,0.49567,-0.48895,0.49344,172.30000
0.10800,0.11737,0.13987,0.52130,0.49567,-0.48895,0.49344,172.40000
0.10800,0.11727,0.13987,0.52130,0.49567,-0.48895,0.49344,172.50000
0.10799,0.11717,0.13987,0.52130,0.49567,-0.48895,0.49344,172.60000
0.10799,0.11707,0.13986,0.52130,0.49567,-0.48895,0.49344,172.70000
0.10799,0.11697,0.13986,0.52130,0.49567,-0.48895,0.49344,172.80000
0.10799,0.11687,0.13986,0.52130,0.49567,-0.48895,0.49344,172.90000
0.10799,0.11677,0.13985,0.52130,0.49567,-0.48895,0.49344,173.00000
0.10798,0.11667,0.13985,0.52130,0.49567,-0.48895,0.49344,173.10000
0.10798,0.11657,0.13985,0.52130,0.49567,-0.48895,0.49344,173.20000
0.10798,0.11647,0.13984,0.52130,0.49567,-0.48895,0.49344,173.30000
0.10798,0.11637,0.13984,0.52130,0.49567,-0.48895,0.49344,173.40000
0.10798,0.11627,0.13985,0.52130,0.49567,-0.48895,0.49344,173.50000
0.10797,0.11617,0.13984,0.52130,0.49567,-0.48895,0.49344,173.60000
0.10797,0.11607,0.13984,0.52130,0.49567,-0.48895,0.49344,173.70000
0.10797,0.11597,0.13984,0.52130,0.49567,-0.48895,0.49344,173.80000
0.10797,0.11587,0.13983,0.52130,0.49567,-0.48895,0.49344,173.90000
0.10796,0.11577,0.13983,0.52130,0.49567,-0.48895,0.49344,174.00000
0.10796,0.11567,0.13983,0.52130,0.49567,-0.48895,0.49344,174.10000
0.10796,0.11557,0.13982,0.52130,0.49567,-0.48895,0.49344,174.20000
0.10796,0.11547,0.13982,0.52130,0.49567,-0.48895,0.49344,174.30000
0.10796,0.11537,0.13982,0.52130,0.49567,-0.48895,0.49344,174.40000
0.10795,0.11527,0.13981,0.52130,0.49567,-0.48895,0.49344,174.50000
0.10795,0.11517,0.13981,0.52130,0.49567,-0.48895,0.49344,174.60000
0.10795,0.11507,0.13980,0.52130,0.49567,-0.48895,0.49344,174.70000
0.10795,0.11497,0.13980,0.52130,0.49567,-0.48895,0.49344,174.80000
0.10795,0.11487,0.13980,0.52130,0.49567,-0.48895,0.49344,174.90000
0.10794,0.11477,0.13979,0.52130,0.49567,-0.48895,0.49344,175.00000
0.10794,0.11467,0.13980,0.52130,0.49567,-0.48895,0.49344,175.10000
0.10794,0.11457,0.13980,0.52130,0.49567,-0.48895,0.49344,175.20000
0.10794,0.11447,0.13979,0.52130,0.49567,-0.48895,0.49344,175.30000
0.10794,0.11437,0.13979,0.52130,0.49567,-0.48895,0.49344,175.40000
0.10793,0.11427,0.13979,0.52130,0.49567,-0.48895,0.49344,175.50000
0.10793,0.11417,0.13978,0.52130,0.49567,-0.48895,0.49344,175.60000
0.10793,0.11407,0.13978,0.52130,0.49567,-0.48895,0.49344,175.70000
0.10793,0.11397,0.13978,0.52130,0.49567,-0.48895,0.49344,175.80000
0.10793,0.11387,0.13977,0.52130,0.49567,-0.48895,0.49344,175.90000
0.10792,0.11377,0.13977,0.52130,0.49567,-0.48895,0.49344,176.00000
0.10792,0.11367,0.13977,0.52130,0.49567,-0.48895,0.49344,176.10000
0.10792,0.11358,0.13976,0.52130,0.49567,-0.48895,0.49344,176.20000
0.10792,0.11348,0.13976,0.52130,0.49567,-0.48895,0.49344,176.30000
0.10792,0.11338,0.13976,0.52130,0.49567,-0.48895,0.49344,176.40000
0.10791,0.11328,0.13975,0.52130,0.49567,-0.48895,0.49344,176.50000
0.10791,0.11318,0.13975,0.52130,0.49567,-0.48895,0.49344,176.60000
0.10791,0.11308,0.13975,0.52130,0.49567,-0.48895,0.49344,176.70000
0.10791,0.11298,0.13975,0.52130,0.49567,-0.48895,0.49344,176.80000
0.10790,0.11288,0.13975,0.52130,0.49567,-0.48895,0.49344,176.90000
0.10790,0.11278,0.13974,0.52130,0.49567,-0.48895,0.49344,177.00000
0.10790,0.11268,0.13974,0.52130,0.49567,-0.48895,0.49344,177.10000
0.10790,0.11258,0.13974,0.52130,0.49567,-0.48895,0.49344,177.20000
0.10790,0.11248,0.13973,0.52130,0.49567,-0.48895,0.49344,177.30000
0.10789,0.11238,0.13973,0.52130,0.49567,-0.48895,0.49344,177.40000
0.10789,0.11228,0.13973,0.52130,0.49567,-0.48895,0.49344,177.50000
0.10789,0.11218,0.13972,0.52130,0.49567,-0.48895,0.49344,177.60000
0.10789,0.11208,0.13972,0.52130,0.49567,-0.48895,0.49344,177.70000
0.10789,0.11198,0.13972,0.52130,0.49567,-0.48895,0.49344,177.80000
0.10788,0.11188,0.13971,0.52130,0.49567,-0.48895,0.49344,177.90000
0.10788,0.11178,0.13971,0.52130,0.49567,-0.48895,0.49344,178.00000
0.10788,0.11168,0.13971,0.52130,0.49567,-0.48895,0.49344,178.10000
0.10788,0.11158,0.13970,0.52130,0.49567,-0.48895,0.49344,178.20000
0.10788,0.11148,0.13971,0.52130,0.49567,-0.48895,0.49344,178.30000
0.10787,0.11138,0.13971,0.52130,0.49567,-0.48895,0.49344,178.40000
0.10787,0.11128,0.13970,0.52130,0.49567,-0.48895,0.49344,178.50000
0.10787,0.11118,0.13970,0.52130,0.49567,-0.48895,0.49344,178.60000
0.10787,0.11108,0.13969,0.52130,0.49567,-0.48895,0.49344,178.70000
0.10787,0.11098,0.13969,0.52130,0.49567,-0.48895,0.49344,178.80000
0.10786,0.11088,0.13969,0.52130,0.49567,-0.48895,0.49344,178.90000
0.10786,0.11078,0.13968,0.52130,0.49567,-0.48895,0.49344,179.00000
0.10786,0.11068,0.13968,0.52130,0.49567,-0.48895,0.49344,179.10000
0.10786,0.11058,0.13968,0.52130,0.49567,-0.48895,0.49344,179.20000
0.10785,0.11048,0.13967,0.52130,0.49567,-0.48895,0.49344,179.30000
0.10785,0.11038,0.13967,0.52130,0.49567,-0.48895,0.49344,179.40000
0.10785,0.11028,0.13967,0.52130,0.49567,-0.48895,0.49344,179.50000
0.10785,0.11018,0.13966,0.52130,0.49567,-0.48895,0.49344,179.60000
0.10785,0.11008,0.13966,0.52130,0.49567,-0.48895,0.49344,179.70000
0.10784,0.10998,0.13966,0.52130,0.49567,-0.48895,0.49344,179.80000
0.10784,0.10988,0.13966,0.52130,0.49567,-0.48895,0.49344,179.90000
0.10784,0.10978,0.13966,0.52130,0.49567,-0.48895,0.49344,180.00000
0.10784,0.10968,0.13966,0.52130,0.49567,-0.48895,0.49344,180.10000
0.10784,0.10958,0.13965,0.52130,0.49567,-0.48895,0.49344,180.20000
0.10783,0.10948,0.13965,0.52130,0.49567,-0.48895,0.49344,180.30000
0.10783,0.10938,0.13965,0.52130,0.49567,-0.48895,0.49344,180.40000
0.10783,0.10928,0.13964,0.52130,0.49567,-0.48895,0.49344,180.50000
0.10783,0.10918,0.13964,0.52130,0.49567,-0.48895,0.49344,180.60000
0.10783,0.10908,0.13964,0.52130,0.49567,-0.48895,0.49344,180.70000
0.10782,0.10898,0.13963,0.52130,0.49567,-0.48895,0.49344,180.80000
0.10782,0.10888,0.13963,0.52130,0.49567,-0.48895,0.49344,180.90000
0.10782,0.10878,0.13962,0.52130,0.49567,-0.48895,0.49344,181.00000
0.10782,0.10868,0.13962,0.52130,0.49567,-0.48895,0.49344,181.10000
0.10782,0.10858,0.13962,0.52130,0.49567,-0.48895,0.49344,181.20000
0.10781,0.10848,0.13961,0.52130,0.49567,-0.48895,0.49344,181.30000
0.10781,0.10838,0.13961,0.52130,0.49567,-0.48895,0.49344,181.40000
0.10781,0.10828,0.13961,0.52130,0.49567,-0.48895,0.49344,181.50000
0.10781,0.10818,0.13961,0.52130,0.49567,-0.48895,0.49344,181.60000
0.10780,0.10808,0.13961,0.52130,0.49567,-0.48895,0.49344,181.70000
0.10780,0.10798,0.13961,0.52130,0.49567,-0.48895,0.49344,181.80000
0.10780,0.10788,0.13960,0.52130,0.49567,-0.48895,0.49344,181.90000
0.10780,0.10778,0.13960,0.52130,0.49567,-0.48895,0.49344,182.00000
0.10780,0.10768,0.13960,0.52130,0.49567,-0.48895,0.49344,182.10000
0.10779,0.10758,0.13959,0.52130,0.49567,-0.48895,0.49344,182.20000
0.10779,0.10748,0.13959,0.52130,0.49567,-0.48895,0.49344,182.30000
0.10779,0.10738,0.13959,0.52130,0.49567,-0.48895,0.49344,182.40000
0.10779,0.10728,0.13958,0.52130,0.49567,-0.48895,0.49344,182.50000
0.10779,0.10718,0.13958,0.52130,0.49567,-0.48895,0.49344,182.60000
0.10778,0.10708,0.13958,0.52130,0.49567,-0.48895,0.49344,182.70000
0.10778,0.10698,0.13957,0.52130,0.49567,-0.48895,0.49344,182.80000
0.10778,0.10688,0.13957,0.52130,0.49567,-0.48895,0.49344,182.90000
0.10778,0.10678,0.13956,0.52130,0.49567,-0.48895,0.49344,183.00000
0.10778,0.10668,0.13956,0.52130,0.49567,-0.48895,0.49344,183.10000
0.10777,0.10658,0.13957,0.52130,0.49567,-0.48895,0.49344,183.20000
0.10777,0.10648,0.13956,0.52130,0.49567,-0.48895,0.49344,183.30000
0.10777,0.10638,0.13956,0.52130,0.49567,-0.48895,0.49344,183.40000
0.10777,0.10628,0.13956,0.52130,0.49567,-0.48895,0.49344,183.50000
0.10777,0.10618,0.13955,0.52130,0.49567,-0.48895,0.49344,183.60000
0.10776,0.10608,0.13955,0.52130,0.49567,-0.48895,0.49344,183.70000
0.10776,0.10598,0.13955,0.52130,0.49567,-0.48895,0.49344,183.80000
0.10776,0.10588,0.13954,0.52130,0.49567,-0.48895,0.49344,183.90000
0.10776,0.10578,0.13954,0.52130,0.49567,-0.48895,0.49344,184.00000
0.10775,0.10568,0.13954,0.52130,0.49567,-0.48895,0.49344,184.10000
0.10775,0.10558,0.13953,0.52130,0.49567,-0.48895,0.49344,184.20000
0.10775,0.10548,0.13953,0.52130,0.49567,-0.48895,0.49344,184.30000
0.10775,0.10538,0.13953,0.52130,0.49567,-0.48895,0.49344,184.40000
0.10775,0.10528,0.13952,0.52130,0.49567,-0.48895,0.49344,184.50000
0.10774,0.10518,0.13952,0.52130,0.49567,-0.48895,0.49344,184.60000
0.10774,0.10508,0.13952,0.52130,0.49567,-0.48895,0.49344,184.70000
0.10774,0.10498,0.13952,0.52130,0.49567,-0.48895,0.49344,184.80000
0.10774,0.10488,0.13952,0.52130,0.49567,-0.48895,0.49344,184.90000
0.10774,0.10478,0.13952,0.52130,0.49567,-0.48895,0.49344,185.00000
0.10773,0.10468,0.13951,0.52130,0.49567,-0.48895,0.49344,185.10000
0.10773,0.10458,0.13951,0.52130,0.49567,-0.48895,0.49344,185.20000
0.10773,0.10448,0.13950,0.52130,0.49567,-0.48895,0.49344,185.30000
0.10773,0.10438,0.13950,0.52130,0.49567,-0.48895,0.49344,185.40000
0.10773,0.10428,0.13950,0.52130,0.49567,-0.48895,0.49344,185.50000
0.10772,0.10418,0.13949,0.52130,0.49567,-0.48895,0.49344,185.60000
0.10772,0.10408,0.13949,0.52130,0.49567,-0.48895,0.49344,185.70000
0.10772,0.10398,0.13949,0.52130,0.49567,-0.48895,0.49344,185.80000
0.10772,0.10388,0.13948,0.52130,0.49567,-0.48895,0.49344,185.90000
0.10772,0.10378,0.13948,0.52130,0.49567,-0.48895,0.49344,186.00000
0.10771,0.10368,0.13948,0.52130,0.49567,-0.48895,0.49344,186.10000
0.10771,0.10358,0.13947,0.52130,0.49567,-0.48895,0.49344,186.20000
0.10771,0.10348,0.13947,0.52130,0.49567,-0.48895,0.49344,186.30000
0.10771,0.10338,0.13948,0.52130,0.49567,-0.48895,0.49344,186.40000
0.10770,0.10328,0.13947,0.52130,0.49567,-0.48895,0.49344,186.50000
0.10770,0.10318,0.13947,0.52130,0.49567,-0.48895,0.49344,186.60000
0.10770,0.10308,0.13947,0.52130,0.49567,-0.48895,0.49344,186.70000
0.10770,0.10298,0.13946,0.52130,0.49567,-0.48895,0.49344,186.80000
0.10770,0.10288,0.13946,0.52130,0.49567,-0.48895,0.49344,186.90000
0.10769,0.10278,0.13946,0.52130,0.49567,-0.48895,0.49344,187.00000
0.10769,0.10268,0.13945,0.52130,0.49567,-0.48895,0.49344,187.10000
0.10769,0.10258,0.13945,0.52130,0.49567,-0.48895,0.49344,187.20000
0.10769,0.10248,0.13944,0.52130,0.49567,-0.48895,0.49344,187.30000
0.10769,0.10238,0.13944,0.52130,0.49567,-0.48895,0.49344,187.40000
0.10768,0.10228,0.13944,0.52130,0.49567,-0.48895,0.49344,187.50000
0.10768,0.10218,0.13943,0.52130,0.49567,-0.48895,0.49344,187.60000
0.10768,0.10208,0.13943,0.52130,0.49567,-0.48895,0.49344,187.70000
0.10768,0.10198,0.13943,0.52130,0.49567,-0.48895,0.49344,187.80000
0.10768,0.10188,0.13942,0.52130,0.49567,-0.48895,0.49344,187.90000
0.10767,0.10178,0.13943,0.52130,0.49567,-0.48895,0.49344,188.00000
0.10767,0.10168,0.13943,0.52130,0.49567,-0.48895,0.49344,188.10000
0.10767,0.10158,0.13942,0.52130,0.49567,-0.48895,0.49344,188.20000
0.10767,0.10148,0.13942,0.52130,0.49567,-0.48895,0.49344,188.30000
0.10767,0.10138,0.13942,0.52130,0.49567,-0.48895,0.49344,188.40000
0.10766,0.10128,0.13941,0.52130,0.49567,-0.48895,0.49344,188.50000
0.10766,0.10118,0.13941,0.52130,0.49567,-0.48895,0.49344,188.60000
0.10766,0.10108,0.13941,0.52130,0.49567,-0.48895,0.49344,188.70000
0.10766,0.10098,0.13940,0.52130,0.49567,-0.48895,0.49344,188.80000
0.10766,0.10088,0.13940,0.52130,0.49567,-0.48895,0.49344,188.90000
0.10765,0.10078,0.13940,0.52130,0.49567,-0.48895,0.49344,189.00000
0.10765,0.10068,0.13939,0.52130,0.49567,-0.48895,0.49344,189.10000
0.10765,0.10058,0.13939,0.52130,0.49567,-0.48895,0.49344,189.20000
0.10765,0.10048,0.13939,0.52130,0.49567,-0.48895,0.49344,189.30000
0.10764,0.10038,0.13938,0.52130,0.49567,-0.48895,0.49344,189.40000
0.10764,0.10028,0.13938,0.52130,0.49567,-0.48895,0.49344,189.50000
0.10764,0.10018,0.13938,0.52130,0.49567,-0.48895,0.49344,189.60000
0.10764,0.10008,0.13938,0.52130,0.49567,-0.48895,0.49344,189.70000
0.10764,0.09998,0.13938,0.52130,0.49567,-0.48895,0.49344,189.80000
0.10763,0.09988,0.13937,0.52130,0.49567,-0.48895,0.49344,189.90000
0.10763,0.09978,0.13937,0.52130,0.49567,-0.48895,0.49344,190.00000
0.10763,0.09968,0.13937,0.52130,0.49567,-0.48895,0.49344,190.10000
0.10763,0.09958,0.13936,0.52130,0.49567,-0.48895,0.49344,190.20000
0.10763,0.09948,0.13936,0.52130,0.49567,-0.48895,0.49344,190.30000
0.10762,0.09938,0.13936,0.52130,0.49567,-0.48895,0.49344,190.40000
0.10762,0.09928,0.13935,0.52130,0.49567,-0.48895,0.49344,190.50000
0.10762,0.09918,0.13935,0.52130,0.49567,-0.48895,0.49344,190.60000
0.10762,0.09908,0.13935,0.52130,0.49567,-0.48895,0.49344,190.70000
0.10762,0.09898,0.13934,0.52130,0.49567,-0.48895,0.49344,190.80000
0.10761,0.09888,0.13934,0.52130,0.49567,-0.48895,0.49344,190.90000
0.10761,0.09878,0.13934,0.52130,0.49567,-0.48895,0.49344,191.00000
0.10761,0.09868,0.13933,0.52130,0.49567,-0.48895,0.49344,191.10000
0.10761,0.09858,0.13934,0.52130,0.49567,-0.48895,0.49344,191.20000
0.10761,0.09848,0.13934,0.52130,0.49567,-0.48895,0.49344,191.30000
0.10760,0.09838,0.13933,0.52130,0.49567,-0.48895,0.49344,191.40000
0.10760,0.09828,0.13933,0.52130,0.49567,-0.48895,0.49344,191.50000
0.10760,0.09818,0.13932,0.52130,0.49567,-0.48895,0.49344,191.60000
0.10760,0.09808,0.13932,0.52130,0.49567,-0.48895,0.49344,191.70000
0.10759,0.09798,0.13932,0.52130,0.49567,-0.48895,0.49344,191.80000
0.10759,0.09788,0.13931,0.52130,0.49567,-0.48895,0.49344,191.90000
0.10759,0.09778,0.13931,0.52130,0.49567,-0.48895,0.49344,192.00000
0.10759,0.09768,0.13931,0.52130,0.49567,-0.48895,0.49344,192.10000
0.10759,0.09758,0.13930,0.52130,0.49567,-0.48895,0.49344,192.20000
0.10758,0.09748,0.13930,0.52130,0.49567,-0.48895,0.49344,192.30000
0.10758,0.09738,0.13930,0.52130,0.49567,-0.48895,0.49344,192.40000
0.10758,0.09729,0.13929,0.52130,0.49567,-0.48895,0.49344,192.50000
0.10758,0.09719,0.13929,0.52130,0.49567,-0.48895,0.49344,192.60000
0.10758,0.09709,0.13929,0.52130,0.49567,-0.48895,0.49344,192.70000
0.10757,0.09698,0.13929,0.52130,0.49567,-0.48895,0.49344,192.80000
0.10757,0.09689,0.13929,0.52130,0.49567,-0.48895,0.49344,192.90000
0.10757,0.09679,0.13929,0.52130,0.49567,-0.48895,0.49344,193.00000
0.10757,0.09669,0.13928,0.52130,0.49567,-0.48895,0.49344,193.10000
0.10757,0.09659,0.13928,0.52130,0.49567,-0.48895,0.49344,193.20000
0.10756,0.09649,0.13928,0.52130,0.49567,-0.48895,0.49344,193.30000
0.10756,0.09639,0.13927,0.52130,0.49567,-0.48895,0.49344,193.40000
0.10756,0.09629,0.13927,0.52130,0.49567,-0.48895,0.49344,193.50000
0.10756,0.09619,0.13926,0.52130,0.49567,-0.48895,0.49344,193.60000
0.10756,0.09609,0.13926,0.52130,0.49567,-0.48895,0.49344,193.70000
0.10755,0.09599,0.13926,0.52130,0.49567,-0.48895,0.49344,193.80000
0.10755,0.09589,0.13925,0.52130,0.49567,-0.48895,0.49344,193.90000
0.10755,0.09579,0.13925,0.52130,0.49567,-0.48895,0.49344,194.00000
0.10755,0.09569,0.13925,0.52130,0.49567,-0.48895,0.49344,194.10000
0.10754,0.09559,0.13924,0.52130,0.49567,-0.48895,0.49344,194.20000
0.10754,0.09549,0.13924,0.52130,0.49567,-0.48895,0.49344,194.30000
0.10754,0.09539,0.13924,0.52130,0.49567,-0.48895,0.49344,194.40000
0.10754,0.09529,0.13924,0.52130,0.49567,-0.48895,0.49344,194.50000
0.10754,0.09519,0.13924,0.52130,0.49567,-0.48895,0.49344,194.60000
0.10753,0.09509,0.13924,0.52130,0.49567,-0.48895,0.49344,194.70000
0.10753,0.09499,0.13923,0.52130,0.49567,-0.48895,0.49344,194.80000
0.10753,0.09489,0.13923,0.52130,0.49567,-0.48895,0.49344,194.90000
0.10753,0.09479,0.13923,0.52130,0.49567,-0.48895,0.49344,195.00000
0.10753,0.09469,0.13922,0.52130,0.49567,-0.48895,0.49344,195.10000
0.10752,0.09459,0.13922,0.52130,0.49567,-0.48895,0.49344,195.20000
0.10752,0.09449,0.13922,0.52130,0.49567,-0.48895,0.49344,195.30000
0.10752,0.09439,0.13921,0.52130,0.49567,-0.48895,0.49344,195.40000
0.10752,0.09429,0.13921,0.52130,0.49567,-0.48895,0.49344,195.50000
0.10752,0.09419,0.13921,0.52130,0.49567,-0.48895,0.49344,195.60000
0.10751,0.09409,0.13920,0.52130,0.49567,-0.48895,0.49344,195.70000
0.10751,0.09399,0.13920,0.52130,0.49567,-0.48895,0.49344,195.80000
0.10751,0.09389,0.13919,0.52130,0.49567,-0.48895,0.49344,195.90000
0.10751,0.09379,0.13919,0.52130,0.49567,-0.48895,0.49344,196.00000
0.10751,0.09369,0.13920,0.52130,0.49567,-0.48895,0.49344,196.10000
0.10750,0.09359,0.13919,0.52130,0.49567,-0.48895,0.49344,196.20000
0.10750,0.09349,0.13919,0.52130,0.49567,-0.48895,0.49344,196.30000
0.10750,0.09339,0.13919,0.52130,0.49567,-0.48895,0.49344,196.40000
0.10750,0.09329,0.13918,0.52130,0.49567,-0.48895,0.49344,196.50000
0.10749,0.09319,0.13918,0.52130,0.49567,-0.48895,0.49344,196.60000
0.10749,0.09309,0.13918,0.52130,0.49567,-0.48895,0.49344,196.70000
0.10749,0.09299,0.13917,0.52130,0.49567,-0.48895,0.49344,196.80000
0.10749,0.09289,0.13917,0.52130,0.49567,-0.48895,0.49344,196.90000
0.10749,0.09279,0.13917,0.52130,0.49567,-0.48895,0.49344,197.00000
0.10748,0.09269,0.13916,0.52130,0.49567,-0.48895,0.49344,197.10000
0.10748,0.09259,0.13916,0.52130,0.49567,-0.48895,0.49344,197.20000
0.10748,0.09249,0.13916,0.52130,0.49567,-0.48895,0.49344,197.30000
0.10748,0.09239,0.13915,0.52130,0.49567,-0.48895,0.49344,197.40000
0.10748,0.09229,0.13915,0.52130,0.49567,-0.48895,0.49344,197.50000
0.10747,0.09219,0.13915,0.52130,0.49567,-0.48895,0.49344,197.60000
0.10747,0.09209,0.13915,0.52130,0.49567,-0.48895,0.49344,197.70000
0.10747,0.09199,0.13915,0.52130,0.49567,-0.48895,0.49344,197.80000
0.10747,0.09189,0.13914,0.52130,0.49567,-0.48895,0.49344,197.90000
0.10747,0.09179,0.13914,0.52130,0.49567,-0.48895,0.49344,198.00000
0.10746,0.09169,0.13914,0.52130,0.49567,-0.48895,0.49344,198.10000
0.10746,0.09159,0.13913,0.52130,0.49567,-0.48895,0.49344,198.20000
0.10746,0.09149,0.13913,0.52130,0.49567,-0.48895,0.49344,198.30000
0.10746,0.09139,0.13913,0.52130,0.49567,-0.48895,0.49344,198.40000
0.10746,0.09129,0.13912,0.52130,0.49567,-0.48895,0.49344,198.50000
0.10745,0.09119,0.13912,0.52130,0.49567,-0.48895,0.49344,198.60000
0.10745,0.09109,0.13912,0.52130,0.49567,-0.48895,0.49344,198.70000
0.10745,0.09099,0.13911,0.52130,0.49567,-0.48895,0.49344,198.80000
0.10745,0.09089,0.13911,0.52130,0.49567,-0.48895,0.49344,198.90000
0.10745,0.09079,0.13911,0.52130,0.49567,-0.48895,0.49344,199.00000
0.10744,0.09069,0.13910,0.52130,0.49567,-0.48895,0.49344,199.10000
0.10744,0.09059,0.13910,0.52130,0.49567,-0.48895,0.49344,199.20000
0.10744,0.09049,0.13911,0.52130,0.49567,-0.48895,0.49344,199.30000
0.10744,0.09039,0.13910,0.52130,0.49567,-0.48895,0.49344,199.40000
0.10743,0.09029,0.13910,0.52130,0.49567,-0.48895,0.49344,199.50000
0.10743,0.09019,0.13910,0.52130,0.49567,-0.48895,0.49344,199.60000
0.10743,0.09009,0.13909,0.52130,0.49567,-0.48895,0.49344,199.70000
0.10743,0.08999,0.13909,0.52130,0.49567,-0.48895,0.49344,199.80000
0.10743,0.08989,0.13909,0.52130,0.49567,-0.48895,0.49344,199.90000
0.10742,0.08979,0.13908,0.52130,0.49567,-0.48895,0.49344,200.00000
0.10742,0.08969,0.13908,0.52130,0.49567,-0.48895,0.49344,200.10000
0.10742,0.08959,0.13907,0.52130,0.49567,-0.48895,0.49344,200.20000
0.10742,0.08949,0.13907,0.52130,0.49567,-0.48895,0.49344,200.30000
0.10742,0.08939,0.13907,0.52130,0.49567,-0.48895,0.49344,200.40000
0.10741,0.08929,0.13906,0.52130,0.49567,-0.48895,0.49344,200.50000
0.10741,0.08919,0.13906,0.52130,0.49567,-0.48895,0.49344,200.60000
0.10741,0.08909,0.13906,0.52130,0.49567,-0.48895,0.49344,200.70000
0.10741,0.08899,0.13905,0.52130,0.49567,-0.48895,0.49344,200.80000
0.10741,0.08889,0.13906,0.52130,0.49567,-0.48895,0.49344,200.90000
0.10740,0.08879,0.13906,0.52130,0.49567,-0.48895,0.49344,201.00000
0.10740,0.08869,0.13905,0.52130,0.49567,-0.48895,0.49344,201.10000
0.10740,0.08859,0.13905,0.52130,0.49567,-0.48895,0.49344,201.20000
0.10740,0.08849,0.13905,0.52130,0.49567,-0.48895,0.49344,201.30000
0.10740,0.08839,0.13904,0.52130,0.49567,-0.48895,0.49344,201.40000
0.10739,0.08829,0.13904,0.52130,0.49567,-0.48895,0.49344,201.50000
0.10739,0.08819,0.13904,0.52130,0.49567,-0.48895,0.49344,201.60000
0.10739,0.08809,0.13903,0.52130,0.49567,-0.48895,0.49344,201.70000
0.10739,0.08799,0.13903,0.52130,0.49567,-0.48895,0.49344,201.80000
0.10738,0.08789,0.13903,0.52130,0.49567,-0.48895,0.49344,201.90000
0.10738,0.08779,0.13902,0.52130,0.49567,-0.48895,0.49344,202.00000
0.10738,0.08769,0.13902,0.52130,0.49567,-0.48895,0.49344,202.10000
0.10738,0.08759,0.13901,0.52130,0.49567,-0.48895,0.49344,202.20000
0.10738,0.08749,0.13901,0.52130,0.49567,-0.48895,0.49344,202.30000
0.10737,0.08739,0.13901,0.52130,0.49567,-0.48895,0.49344,202.40000
0.10737,0.08729,0.13901,0.52130,0.49567,-0.48895,0.49344,202.50000
0.10737,0.08719,0.13901,0.52130,0.49567,-0.48895,0.49344,202.60000
0.10737,0.08709,0.13901,0.52130,0.49567,-0.48895,0.49344,202.70000
0.10737,0.08699,0.13900,0.52130,0.49567,-0.48895,0.49344,202.80000
0.10736,0.08689,0.13900,0.52130,0.49567,-0.48895,0.49344,202.90000
0.10736,0.08679,0.13900,0.52130,0.49567,-0.48895,0.49344,203.00000
0.10736,0.08669,0.13899,0.52130,0.49567,-0.48895,0.49344,203.10000
0.10736,0.08659,0.13899,0.52130,0.49567,-0.48895,0.49344,203.20000
0.10736,0.08649,0.13899,0.52130,0.49567,-0.48895,0.49344,203.30000
0.10735,0.08639,0.13898,0.52130,0.49567,-0.48895,0.49344,203.40000
0.10735,0.08629,0.13898,0.52130,0.49567,-0.48895,0.49344,203.50000
0.10735,0.08619,0.13898,0.52130,0.49567,-0.48895,0.49344,203.60000
0.10735,0.08609,0.13897,0.52130,0.49567,-0.48895,0.49344,203.70000
0.10735,0.08599,0.13897,0.52130,0.49567,-0.48895,0.49344,203.80000
0.10734,0.08589,0.13897,0.52130,0.49567,-0.48895,0.49344,203.90000
0.10734,0.08579,0.13896,0.52130,0.49567,-0.48895,0.49344,204.00000
0.10734,0.08569,0.13897,0.52130,0.49567,-0.48895,0.49344,204.10000
0.10734,0.08559,0.13897,0.52130,0.49567,-0.48895,0.49344,204.20000
0.10733,0.08549,0.13896,0.52130,0.49567,-0.48895,0.49344,204.30000
0.10733,0.08539,0.13896,0.52130,0.49567,-0.48895,0.49344,204.40000
0.10733,0.08529,0.13895,0.52130,0.49567,-0.48895,0.49344,204.50000
0.10733,0.08519,0.13895,0.52130,0.49567,-0.48895,0.49344,204.60000
0.10733,0.08509,0.13895,0.52130,0.49567,-0.48895,0.49344,204.70000
0.10732,0.08499,0.13894,0.52130,0.49567,-0.48895,0.49344,204.80000
0.10732,0.08489,0.13894,0.52130,0.49567,-0.48895,0.49344,204.90000
0.10732,0.08479,0.13894,0.52130,0.49567,-0.48895,0.49344,205.00000
0.10732,0.08469,0.13893,0.52130,0.49567,-0.48895,0.49344,205.10000
0.10732,0.08459,0.13893,0.52130,0.49567,-0.48895,0.49344,205.20000
0.10731,0.08449,0.13893,0.52130,0.49567,-0.48895,0.49344,205.30000
0.10731,0.08439,0.13892,0.52130,0.49567,-0.48895,0.49344,205.40000
0.10731,0.08429,0.13892,0.52130,0.49567,-0.48895,0.49344,205.50000
0.10731,0.08419,0.13892,0.52130,0.49567,-0.48895,0.49344,205.60000
0.10731,0.08409,0.13891,0.52130,0.49567,-0.48895,0.49344,205.70000
0.10730,0.08399,0.13892,0.52130,0.49567,-0.48895,0.49344,205.80000
0.10730,0.08389,0.13892,0.52130,0.49567,-0.48895,0.49344,205.90000
0.10730,0.08379,0.13891,0.52130,0.49567,-0.48895,0.49344,206.00000
0.10730,0.08369,0.13891,0.52130,0.49567,-0.48895,0.49344,206.10000
0.10730,0.08359,0.13891,0.52130,0.49567,-0.48895,0.49344,206.20000
0.10729,0.08349,0.13890,0.52130,0.49567,-0.48895,0.49344,206.30000
0.10729,0.08339,0.13890,0.52130,0.49567,-0.48895,0.49344,206.40000
0.10729,0.08329,0.13889,0.52130,0.49567,-0.48895,0.49344,206.50000
0.10729,0.08319,0.13889,0.52130,0.49567,-0.48895,0.49344,206.60000
0.10728,0.08309,0.13889,0.52130,0.49567,-0.48895,0.49344,206.70000
0.10728,0.08299,0.13888,0.52130,0.49567,-0.48895,0.49344,206.80000
0.10728,0.08289,0.13888,0.52130,0.49567,-0.48895,0.49344,206.90000
0.10728,0.08279,0.13888,0.52130,0.49567,-0.48895,0.49344,207.00000
0.10728,0.08269,0.13887,0.52130,0.49567,-0.48895,0.49344,207.10000
0.10727,0.08259,0.13887,0.52130,0.49567,-0.48895,0.49344,207.20000
0.10727,0.08249,0.13887,0.52130,0.49567,-0.48895,0.49344,207.30000
0.10727,0.08239,0.13887,0.52130,0.49567,-0.48895,0.49344,207.40000
0.10727,0.08229,0.13887,0.52130,0.49567,-0.48895,0.49344,207.50000
0.10727,0.08219,0.13887,0.52130,0.49567,-0.48895,0.49344,207.60000
0.10726,0.08209,0.13886,0.52130,0.49567,-0.48895,0.49344,207.70000
0.10726,0.08199,0.13886,0.52130,0.49567,-0.48895,0.49344,207.80000
0.10726,0.08189,0.13886,0.52130,0.49567,-0.48895,0.49344,207.90000
0.10726,0.08179,0.13885,0.52130,0.49567,-0.48895,0.49344,208.00000
0.10726,0.08169,0.13885,0.52130,0.49567,-0.48895,0.49344,208.10000
0.10725,0.08159,0.13885,0.52130,0.49567,-0.48895,0.49344,208.20000
0.10725,0.08149,0.13884,0.52130,0.49567,-0.48895,0.49344,208.30000
0.10725,0.08139,0.13884,0.52130,0.49567,-0.48895,0.49344,208.40000
0.10725,0.08129,0.13884,0.52130,0.49567,-0.48895,0.49344,208.50000
0.10725,0.08119,0.13883,0.52130,0.49567,-0.48895,0.49344,208.60000
0.10724,0.08109,0.13883,0.52130,0.49567,-0.48895,0.49344,208.70000
0.10724,0.08100,0.13882,0.52130,0.49567,-0.48895,0.49344,208.80000
0.10724,0.08090,0.13882,0.52130,0.49567,-0.48895,0.49344,208.90000
0.10724,0.08079,0.13883,0.52130,0.49567,-0.48895,0.49344,209.00000
0.10723,0.08069,0.13882,0.52130,0.49567,-0.48895,0.49344,209.10000
0.10723,0.08059,0.13882,0.52130,0.49567,-0.48895,0.49344,209.20000
0.10723,0.08050,0.13882,0.52130,0.49567,-0.48895,0.49344,209.30000
0.10723,0.08040,0.13881,0.52130,0.49567,-0.48895,0.49344,209.40000
0.10723,0.08030,0.13881,0.52130,0.49567,-0.48895,0.49344,209.50000
0.10722,0.08020,0.13881,0.52130,0.49567,-0.48895,0.49344,209.60000
0.10722,0.08010,0.13880,0.52130,0.49567,-0.48895,0.49344,209.70000
0.10722,0.08000,0.13880,0.52130,0.49567,-0.48895,0.49344,209.80000
0.10722,0.07990,0.13880,0.52130,0.49567,-0.48895,0.49344,209.90000
0.10722,0.07980,0.13879,0.52130,0.49567,-0.48895,0.49344,210.00000
0.10721,0.07970,0.13879,0.52130,0.49567,-0.48895,0.49344,210.10000
0.10721,0.07960,0.13879,0.52130,0.49567,-0.48895,0.49344,210.20000
0.10721,0.07950,0.13878,0.52130,0.49567,-0.48895,0.49344,210.30000
0.10721,0.07940,0.13878,0.52130,0.49567,-0.48895,0.49344,210.40000
0.10721,0.07930,0.13878,0.52130,0.49567,-0.48895,0.49344,210.50000
0.10720,0.07920,0.13878,0.52130,0.49567,-0.48895,0.49344,210.60000
0.10720,0.07910,0.13878,0.52130,0.49567,-0.48895,0.49344,210.70000
0.10720,0.07900,0.13877,0.52130,0.49567,-0.48895,0.49344,210.80000
0.10720,0.07890,0.13877,0.52130,0.49567,-0.48895,0.49344,210.90000
0.10720,0.07880,0.13877,0.52130,0.49567,-0.48895,0.49344,211.00000
0.10719,0.07870,0.13876,0.52130,0.49567,-0.48895,0.49344,211.10000
0.10719,0.07860,0.13876,0.52130,0.49567,-0.48895,0.49344,211.20000
0.10719,0.07850,0.13876,0.52130,0.49567,-0.48895,0.49344,211.30000
0.10719,0.07840,0.13875,0.52130,0.49567,-0.48895,0.49344,211.40000
0.10719,0.07830,0.13875,0.52130,0.49567,-0.48895,0.49344,211.50000
0.10718,0.07820,0.13875,0.52130,0.49567,-0.48895,0.49344,211.60000
0.10718,0.07810,0.13874,0.52130,0.49567,-0.48895,0.49344,211.70000
0.10718,0.07800,0.13874,0.52130,0.49567,-0.48895,0.49344,211.80000
0.10718,0.07790,0.13874,0.52130,0.49567,-0.48895,0.49344,211.90000
0.10717,0.07780,0.13873,0.52130,0.49567,-0.48895,0.49344,212.00000
0.10717,0.07770,0.13873,0.52130,0.49567,-0.48895,0.49344,212.10000
0.10717,0.07760,0.13874,0.52130,0.49567,-0.48895,0.49344,212.20000
0.10717,0.07750,0.13873,0.52130,0.49567,-0.48895,0.49344,212.30000
0.10717,0.07740,0.13873,0.52130,0.49567,-0.48895,0.49344,212.40000
0.10716,0.07730,0.13873,0.52130,0.49567,-0.48895,0.49344,212.50000
0.10716,0.07720,0.13872,0.52130,0.49567,-0.48895,0.49344,212.60000
0.10716,0.07710,0.13872,0.52130,0.49567,-0.48895,0.49344,212.70000
0.10716,0.07700,0.13871,0.52130,0.49567,-0.48895,0.49344,212.80000
0.10716,0.07690,0.13871,0.52130,0.49567,-0.48895,0.49344,212.90000
0.10715,0.07680,0.13871,0.52130,0.49567,-0.48895,0.49344,213.00000
0.10715,0.07670,0.13870,0.52130,0.49567,-0.48895,0.49344,213.10000
0.10715,0.07660,0.13870,0.52130,0.49567,-0.48895,0.49344,213.20000
0.10715,0.07650,0.13870,0.52130,0.49567,-0.48895,0.49344,213.30000
0.10715,0.07640,0.13869,0.52130,0.49567,-0.48895,0.49344,213.40000
0.10714,0.07630,0.13869,0.52130,0.49567,-0.48895,0.49344,213.50000
0.10714,0.07620,0.13869,0.52130,0.49567,-0.48895,0.49344,213.60000
0.10714,0.07610,0.13868,0.52130,0.49567,-0.48895,0.49344,213.70000
0.10714,0.07600,0.13869,0.52130,0.49567,-0.48895,0.49344,213.80000
0.10713,0.07590,0.13869,0.52130,0.49567,-0.48895,0.49344,213.90000
0.10713,0.07580,0.13868,0.52130,0.49567,-0.48895,0.49344,214.00000
0.10713,0.07570,0.13868,0.52130,0.49567,-0.48895,0.49344,214.10000
0.10713,0.07560,0.13868,0.52130,0.49567,-0.48895,0.49344,214.20000
0.10713,0.07550,0.13867,0.52130,0.49567,-0.48895,0.49344,214.30000
0.10712,0.07540,0.13867,0.52130,0.49567,-0.48895,0.49344,214.40000
0.10712,0.07530,0.13867,0.52130,0.49567,-0.48895,0.49344,214.50000
0.10712,0.07520,0.13866,0.52130,0.49567,-0.48895,0.49344,214.60000
0.10712,0.07510,0.13866,0.52130,0.49567,-0.48895,0.49344,214.70000
0.10712,0.07500,0.13866,0.52130,0.49567,-0.48895,0.49344,214.80000
0.10711,0.07490,0.13865,0.52130,0.49567,-0.48895,0.49344,214.90000
0.10711,0.07480,0.13865,0.52130,0.49567,-0.48895,0.49344,215.00000
0.10711,0.07470,0.13864,0.52130,0.49567,-0.48895,0.49344,215.10000
0.10711,0.07460,0.13864,0.52130,0.49567,-0.48895,0.49344,215.20000
0.10711,0.07450,0.13864,0.52130,0.49567,-0.48895,0.49344,215.30000
0.10710,0.07440,0.13864,0.52130,0.49567,-0.48895,0.49344,215.40000
0.10710,0.07430,0.13864,0.52130,0.49567,-0.48895,0.49344,215.50000
0.10710,0.07420,0.13864,0.52130,0.49567,-0.48895,0.49344,215.60000
0.10710,0.07410,0.13863,0.52130,0.49567,-0.48895,0.49344,215.70000
0.10710,0.07400,0.13863,0.52130,0.49567,-0.48895,0.49344,215.80000
0.10709,0.07390,0.13863,0.52130,0.49567,-0.48895,0.49344,215.90000
0.10709,0.07380,0.13862,0.52130,0.49567,-0.48895,0.49344,216.00000
0.10709,0.07370,0.13862,0.52130,0.49567,-0.48895,0.49344,216.10000
0.10709,0.07360,0.13862,0.52130,0.49567,-0.48895,0.49344,216.20000
0.10709,0.07350,0.13861,0.52130,0.49567,-0.48895,0.49344,216.30000
0.10708,0.07340,0.13861,0.52130,0.49567,-0.48895,0.49344,216.40000
0.10708,0.07330,0.13861,0.52130,0.49567,-0.48895,0.49344,216.50000
0.10708,0.07320,0.13860,0.52130,0.49567,-0.48895,0.49344,216.60000
0.10708,0.07310,0.13860,0.52130,0.49567,-0.48895,0.49344,216.70000
0.10707,0.07300,0.13860,0.52130,0.49567,-0.48895,0.49344,216.80000
0.10707,0.07290,0.13859,0.52130,0.49567,-0.48895,0.49344,216.90000
0.10707,0.07280,0.13860,0.52130,0.49567,-0.48895,0.49344,217.00000
0.10707,0.07270,0.13859,0.52130,0.49567,-0.48895,0.49344,217.10000
0.10707,0.07260,0.13859,0.52130,0.49567,-0.48895,0.49344,217.20000
0.10706,0.07250,0.13859,0.52130,0.49567,-0.48895,0.49344,217.30000
0.10706,0.07240,0.13858,0.52130,0.49567,-0.48895,0.49344,217.40000
0.10706,0.07230,0.13858,0.52130,0.49567,-0.48895,0.49344,217.50000
0.10706,0.07220,0.13858,0.52130,0.49567,-0.48895,0.49344,217.60000
0.10706,0.07210,0.13857,0.52130,0.49567,-0.48895,0.49344,217.70000
0.10705,0.07200,0.13857,0.52130,0.49567,-0.48895,0.49344,217.80000
0.10705,0.07190,0.13857,0.52130,0.49567,-0.48895,0.49344,217.90000
0.10705,0.07180,0.13856,0.52130,0.49567,-0.48895,0.49344,218.00000
0.10705,0.07170,0.13856,0.52130,0.49567,-0.48895,0.49344,218.10000
0.10705,0.07160,0.13856,0.52130,0.49567,-0.48895,0.49344,218.20000
0.10704,0.07150,0.13855,0.52130,0.49567,-0.48895,0.49344,218.30000
0.10704,0.07140,0.13855,0.52130,0.49567,-0.48895,0.49344,218.40000
0.10704,0.07130,0.13855,0.52130,0.49567,-0.48895,0.49344,218.50000
0.10704,0.07120,0.13854,0.52130,0.49567,-0.48895,0.49344,218.60000
0.10704,0.07110,0.13855,0.52130,0.49567,-0.48895,0.49344,218.70000
0.10703,0.07100,0.13855,0.52130,0.49567,-0.48895,0.49344,218.80000
0.10703,0.07090,0.13854,0.52130,0.49567,-0.48895,0.49344,218.90000
0.10703,0.07080,0.13854,0.52130,0.49567,-0.48895,0.49344,219.00000
0.10703,0.07070,0.13854,0.52130,0.49567,-0.48895,0.49344,219.10000
0.10702,0.07060,0.13853,0.52130,0.49567,-0.48895,0.49344,219.20000
0.10702,0.07050,0.13853,0.52130,0.49567,-0.48895,0.49344,219.30000
0.10702,0.07040,0.13852,0.52130,0.49567,-0.48895,0.49344,219.40000
0.10702,0.07030,0.13852,0.52130,0.49567,-0.48895,0.49344,219.50000
0.10702,0.07020,0.13852,0.52130,0.49567,-0.48895,0.49344,219.60000
0.10701,0.07010,0.13851,0.52130,0.49567,-0.48895,0.49344,219.70000
0.10701,0.07000,0.13851,0.52130,0.49567,-0.48895,0.49344,219.80000
0.10701,0.06990,0.13851,0.52130,0.49567,-0.48895,0.49344,219.90000
0.10701,0.06980,0.13850,0.52130,0.49567,-0.48895,0.49344,220.00000
0.10701,0.06970,0.13850,0.52130,0.49567,-0.48895,0.49344,220.10000
0.10700,0.06960,0.13850,0.52130,0.49567,-0.48895,0.49344,220.20000
0.10700,0.06950,0.13850,0.52130,0.49567,-0.48895,0.49344,220.30000
0.10700,0.06940,0.13850,0.52130,0.49567,-0.48895,0.49344,220.40000
0.10700,0.06930,0.13850,0.52130,0.49567,-0.48895,0.49344,220.50000
0.10700,0.06920,0.13849,0.52130,0.49567,-0.48895,0.49344,220.60000
0.10699,0.06910,0.13849,0.52130,0.49567,-0.48895,0.49344,220.70000
0.10699,0.06900,0.13849,0.52130,0.49567,-0.48895,0.49344,220.80000
0.10699,0.06890,0.13848,0.52130,0.49567,-0.48895,0.49344,220.90000
0.10699,0.06880,0.13848,0.52130,0.49567,-0.48895,0.49344,221.00000
0.10699,0.06870,0.13848,0.52130,0.49567,-0.48895,0.49344,221.10000
0.10698,0.06860,0.13847,0.52130,0.49567,-0.48895,0.49344,221.20000
0.10698,0.06850,0.13847,0.52130,0.49567,-0.48895,0.49344,221.30000
0.10698,0.06840,0.13846,0.52130,0.49567,-0.48895,0.49344,221.40000
0.10698,0.06830,0.13846,0.52130,0.49567,-0.48895,0.49344,221.50000
0.10698,0.06820,0.13846,0.52130,0.49567,-0.48895,0.49344,221.60000
0.10697,0.06810,0.13845,0.52130,0.49567,-0.48895,0.49344,221.70000
0.10697,0.06800,0.13845,0.52130,0.49567,-0.48895,0.49344,221.80000
0.10697,0.06790,0.13846,0.52130,0.49567,-0.48895,0.49344,221.90000
0.10697,0.06780,0.13845,0.52130,0.49567,-0.48895,0.49344,222.00000
0.10696,0.06770,0.13845,0.52130,0.49567,-0.48895,0.49344,222.10000
0.10696,0.06760,0.13845,0.52130,0.49567,-0.48895,0.49344,222.20000
0.10696,0.06750,0.13844,0.52130,0.49567,-0.48895,0.49344,222.30000
0.10696,0.06740,0.13844,0.52130,0.49567,-0.48895,0.49344,222.40000
0.10696,0.06730,0.13844,0.52130,0.49567,-0.48895,0.49344,222.50000
0.10695,0.06720,0.13843,0.52130,0.49567,-0.48895,0.49344,222.60000
0.10695,0.06710,0.13843,0.52130,0.49567,-0.48895,0.49344,222.70000
0.10695,0.06700,0.13843,0.52130,0.49567,-0.48895,0.49344,222.80000
0.10695,0.06690,0.13842,0.52130,0.49567,-0.48895,0.49344,222.90000
0.10695,0.06680,0.13842,0.52130,0.49567,-0.48895,0.49344,223.00000
0.10694,0.06670,0.13842,0.52130,0.49567,-0.48895,0.49344,223.10000
0.10694,0.06660,0.13841,0.52130,0.49567,-0.48895,0.49344,223.20000
0.10694,0.06650,0.13841,0.52130,0.49567,-0.48895,0.49344,223.30000
0.10694,0.06640,0.13841,0.52130,0.49567,-0.48895,0.49344,223.40000
0.10694,0.06630,0.13841,0.52130,0.49567,-0.48895,0.49344,223.50000
0.10693,0.06620,0.13841,0.52130,0.49567,-0.48895,0.49344,223.60000
0.10693,0.06610,0.13840,0.52130,0.49567,-0.48895,0.49344,223.70000
0.10693,0.06600,0.13840,0.52130,0.49567,-0.48895,0.49344,223.80000
0.10693,0.06590,0.13840,0.52130,0.49567,-0.48895,0.49344,223.90000
0.10693,0.06580,0.13839,0.52130,0.49567,-0.48895,0.49344,224.00000
0.10692,0.06570,0.13839,0.52130,0.49567,-0.48895,0.49344,224.10000
0.10692,0.06560,0.13839,0.52130,0.49567,-0.48895,0.49344,224.20000
0.10692,0.06550,0.13838,0.52130,0.49567,-0.48895,0.49344,224.30000
0.10692,0.06540,0.13838,0.52130,0.49567,-0.48895,0.49344,224.40000
0.10691,0.06530,0.13838,0.52130,0.49567,-0.48895,0.49344,224.50000
0.10691,0.06520,0.13837,0.52130,0.49567,-0.48895,0.49344,224.60000
0.10691,0.06510,0.13837,0.52130,0.49567,-0.48895,0.49344,224.70000
0.10691,0.06500,0.13837,0.52130,0.49567,-0.48895,0.49344,224.80000
0.10691,0.06490,0.13836,0.52130,0.49567,-0.48895,0.49344,224.90000
0.10690,0.06480,0.13836,0.52130,0.49567,-0.48895,0.49344,225.00000
0.10690,0.06470,0.13837,0.52130,0.49567,-0.48895,0.49344,225.10000
0.10690,0.06460,0.13836,0.52130,0.49567,-0.48895,0.49344,225.20000
0.10690,0.06450,0.13836,0.52130,0.49567,-0.48895,0.49344,225.30000
0.10690,0.06440,0.13836,0.52130,0.49567,-0.48895,0.49344,225.40000
0.10689,0.06430,0.13835,0.52130,0.49567,-0.48895,0.49344,225.50000
0.10689,0.06421,0.13835,0.52130,0.49567,-0.48895,0.49344,225.60000
0.10689,0.06411,0.13834,0.52130,0.49567,-0.48895,0.49344,225.70000
0.10689,0.06401,0.13834,0.52130,0.49567,-0.48895,0.49344,225.80000
0.10689,0.06391,0.13834,0.52130,0.49567,-0.48895,0.49344,225.90000
0.10688,0.06381,0.13833,0.52130,0.49567,-0.48895,0.49344,226.00000
0.10688,0.06371,0.13833,0.52130,0.49567,-0.48895,0.49344,226.10000
0.10688,0.06361,0.13833,0.52130,0.49567,-0.48895,0.49344,226.20000
0.10688,0.06351,0.13832,0.52130,0.49567,-0.48895,0.49344,226.30000
0.10688,0.06341,0.13832,0.52130,0.49567,-0.48895,0.49344,226.40000
0.10687,0.06331,0.13832,0.52130,0.49567,-0.48895,0.49344,226.50000
0.10687,0.06321,0.13831,0.52130,0.49567,-0.48895,0.49344,226.60000
0.10687,0.06311,0.13832,0.52130,0.49567,-0.48895,0.49344,226.70000
0.10687,0.06301,0.13832,0.52130,0.49567,-0.48895,0.49344,226.80000
0.10686,0.06291,0.13831,0.52130,0.49567,-0.48895,0.49344,226.90000
0.10686,0.06281,0.13831,0.52130,0.49567,-0.48895,0.49344,227.00000
0.10686,0.06271,0.13831,0.52130,0.49567,-0.48895,0.49344,227.10000
0.10686,0.06261,0.13830,0.52130,0.49567,-0.48895,0.49344,227.20000
0.10686,0.06251,0.13830,0.52130,0.49567,-0.48895,0.49344,227.30000
0.10685,0.06241,0.13830,0.52130,0.49567,-0.48895,0.49344,227.40000
0.10685,0.06231,0.13829,0.52130,0.49567,-0.48895,0.49344,227.50000
0.10685,0.06221,0.13829,0.52130,0.49567,-0.48895,0.49344,227.60000
0.10685,0.06211,0.13828,0.52130,0.49567,-0.48895,0.49344,227.70000
0.10685,0.06201,0.13828,0.52130,0.49567,-0.48895,0.49344,227.80000
0.10684,0.06191,0.13828,0.52130,0.49567,-0.48895,0.49344,227.90000
0.10684,0.06181,0.13827,0.52130,0.49567,-0.48895,0.49344,228.00000
0.10684,0.06171,0.13827,0.52130,0.49567,-0.48895,0.49344,228.10000
0.10684,0.06161,0.13827,0.52130,0.49567,-0.48895,0.49344,228.20000
0.10684,0.06151,0.13827,0.52130,0.49567,-0.48895,0.49344,228.30000
0.10683,0.06141,0.13827,0.52130,0.49567,-0.48895,0.49344,228.40000
0.10683,0.06131,0.13827,0.52130,0.49567,-0.48895,0.49344,228.50000
0.10683,0.06121,0.13826,0.52130,0.49567,-0.48895,0.49344,228.60000
0.10683,0.06111,0.13826,0.52130,0.49567,-0.48895,0.49344,228.70000
0.10683,0.06101,0.13826,0.52130,0.49567,-0.48895,0.49344,228.80000
0.10682,0.06091,0.13825,0.52130,0.49567,-0.48895,0.49344,228.90000
0.10682,0.06081,0.13825,0.52130,0.49567,-0.48895,0.49344,229.00000
0.10682,0.06071,0.13825,0.52130,0.49567,-0.48895,0.49344,229.10000
0.10682,0.06061,0.13824,0.52130,0.49567,-0.48895,0.49344,229.20000
0.10681,0.06051,0.13824,0.52130,0.49567,-0.48895,0.49344,229.30000
0.10681,0.06041,0.13824,0.52130,0.49567,-0.48895,0.49344,229.40000
0.10681,0.06031,0.13823,0.52130,0.49567,-0.48895,0.49344,229.50000
0.10681,0.06021,0.13823,0.52130,0.49567,-0.48895,0.49344,229.60000
0.10681,0.06011,0.13823,0.52130,0.49567,-0.48895,0.49344,229.70000
0.10680,0.06001,0.13822,0.52130,0.49567,-0.48895,0.49344,229.80000
0.10680,0.05991,0.13822,0.52130,0.49567,-0.48895,0.49344,229.90000
0.10680,0.05981,0.13822,0.52130,0.49567,-0.48895,0.49344,230.00000
0.10680,0.05971,0.13822,0.52130,0.49567,-0.48895,0.49344,230.10000
0.10680,0.05961,0.13822,0.52130,0.49567,-0.48895,0.49344,230.20000
0.10679,0.05951,0.13821,0.52130,0.49567,-0.48895,0.49344,230.30000
0.10679,0.05941,0.13821,0.52130,0.49567,-0.48895,0.49344,230.40000
0.10679,0.05931,0.13821,0.52130,0.49567,-0.48895,0.49344,230.50000
0.10679,0.05921,0.13820,0.52130,0.49567,-0.48895,0.49344,230.60000
0.10679,0.05911,0.13820,0.52130,0.49567,-0.48895,0.49344,230.70000
0.10678,0.05901,0.13820,0.52130,0.49567,-0.48895,0.49344,230.80000
0.10678,0.05891,0.13819,0.52130,0.49567,-0.48895,0.49344,230.90000
0.10678,0.05881,0.13819,0.52130,0.49567,-0.48895,0.49344,231.00000
0.10678,0.05871,0.13819,0.52130,0.49567,-0.48895,0.49344,231.10000
0.10678,0.05861,0.13818,0.52130,0.49567,-0.48895,0.49344,231.20000
0.10677,0.05851,0.13818,0.52130,0.49567,-0.48895,0.49344,231.30000
0.10677,0.05841,0.13818,0.52130,0.49567,-0.48895,0.49344,231.40000
0.10677,0.05831,0.13817,0.52130,0.49567,-0.48895,0.49344,231.50000
0.10677,0.05821,0.13818,0.52130,0.49567,-0.48895,0.49344,231.60000
0.10676,0.05811,0.13818,0.52130,0.49567,-0.48895,0.49344,231.70000
0.10676,0.05801,0.13817,0.52130,0.49567,-0.48895,0.49344,231.80000
0.10676,0.05791,0.13817,0.52130,0.49567,-0.48895,0.49344,231.90000
0.10676,0.05781,0.13816,0.52130,0.49567,-0.48895,0.49344,232.00000
0.10676,0.05771,0.13816,0.52130,0.49567,-0.48895,0.49344,232.10000
0.10675,0.05761,0.13816,0.52130,0.49567,-0.48895,0.49344,232.20000
0.10675,0.05751,0.13815,0.52130,0.49567,-0.48895,0.49344,232.30000
0.10675,0.05741,0.13815,0.52130,0.49567,-0.48895,0.49344,232.40000
0.10675,0.05731,0.13815,0.52130,0.49567,-0.48895,0.49344,232.50000
0.10675,0.05721,0.13814,0.52130,0.49567,-0.48895,0.49344,232.60000
0.10674,0.05711,0.13814,0.52130,0.49567,-0.48895,0.49344,232.70000
0.10674,0.05701,0.13814,0.52130,0.49567,-0.48895,0.49344,232.80000
0.10674,0.05691,0.13813,0.52130,0.49567,-0.48895,0.49344,232.90000
0.10674,0.05681,0.13813,0.52130,0.49567,-0.48895,0.49344,233.00000
0.10674,0.05671,0.13813,0.52130,0.49567,-0.48895,0.49344,233.10000
0.10673,0.05661,0.13813,0.52130,0.49567,-0.48895,0.49344,233.20000
0.10673,0.05651,0.13813,0.52130,0.49567,-0.48895,0.49344,233.30000
0.10673,0.05641,0.13813,0.52130,0.49567,-0.48895,0.49344,233.40000
0.10673,0.05631,0.13812,0.52130,0.49567,-0.48895,0.49344,233.50000
0.10673,0.05621,0.13812,0.52130,0.49567,-0.48895,0.49344,233.60000
0.10672,0.05611,0.13812,0.52130,0.49567,-0.48895,0.49344,233.70000
0.10672,0.05601,0.13811,0.52130,0.49567,-0.48895,0.49344,233.80000
0.10672,0.05591,0.13811,0.52130,0.49567,-0.48895,0.49344,233.90000
0.10672,0.05581,0.13811,0.52130,0.49567,-0.48895,0.49344,234.00000
0.10672,0.05571,0.13810,0.52130,0.49567,-0.48895,0.49344,234.10000
0.10671,0.05561,0.13810,0.52130,0.49567,-0.48895,0.49344,234.20000
0.10671,0.05551,0.13809,0.52130,0.49567,-0.48895,0.49344,234.30000
0.10671,0.05541,0.13809,0.52130,0.49567,-0.48895,0.49344,234.40000
0.10671,0.05531,0.13809,0.52130,0.49567,-0.48895,0.49344,234.50000
0.10670,0.05521,0.13808,0.52130,0.49567,-0.48895,0.49344,234.60000
0.10670,0.05511,0.13808,0.52130,0.49567,-0.48895,0.49344,234.70000
0.10670,0.05501,0.13809,0.52130,0.49567,-0.48895,0.49344,234.80000
0.10670,0.05491,0.13808,0.52130,0.49567,-0.48895,0.49344,234.90000
0.10670,0.05481,0.13808,0.52130,0.49567,-0.48895,0.49344,235.00000
0.10669,0.05471,0.13808,0.52130,0.49567,-0.48895,0.49344,235.10000
0.10669,0.05461,0.13807,0.52130,0.49567,-0.48895,0.49344,235.20000
0.10669,0.05451,0.13807,0.52130,0.49567,-0.48895,0.49344,235.30000
0.10669,0.05441,0.13807,0.52130,0.49567,-0.48895,0.49344,235.40000
0.10669,0.05431,0.13806,0.52130,0.49567,-0.48895,0.49344,235.50000
0.10668,0.05421,0.13806,0.52130,0.49567,-0.48895,0.49344,235.60000
0.10668,0.05411,0.13806,0.52130,0.49567,-0.48895,0.49344,235.70000
0.10668,0.05401,0.13805,0.52130,0.49567,-0.48895,0.49344,235.80000
0.10668,0.05391,0.13805,0.52130,0.49567,-0.48895,0.49344,235.90000
0.10668,0.05381,0.13805,0.52130,0.49567,-0.48895,0.49344,236.00000
0.10667,0.05371,0.13804,0.52130,0.49567,-0.48895,0.49344,236.10000
0.10667,0.05361,0.13804,0.52130,0.49567,-0.48895,0.49344,236.20000
0.10667,0.05351,0.13803,0.52130,0.49567,-0.48895,0.49344,236.30000
0.10667,0.05341,0.13804,0.52130,0.49567,-0.48895,0.49344,236.40000
0.10666,0.05331,0.13804,0.52130,0.49567,-0.48895,0.49344,236.50000
0.10666,0.05321,0.13803,0.52130,0.49567,-0.48895,0.49344,236.60000
0.10666,0.05311,0.13803,0.52130,0.49567,-0.48895,0.49344,236.70000
0.10666,0.05301,0.13803,0.52130,0.49567,-0.48895,0.49344,236.80000
0.10666,0.05291,0.13802,0.52130,0.49567,-0.48895,0.49344,236.90000
0.10665,0.05281,0.13802,0.52130,0.49567,-0.48895,0.49344,237.00000
0.10665,0.05271,0.13802,0.52130,0.49567,-0.48895,0.49344,237.10000
0.10665,0.05261,0.13801,0.52130,0.49567,-0.48895,0.49344,237.20000
0.10665,0.05251,0.13801,0.52130,0.49567,-0.48895,0.49344,237.30000
0.10665,0.05241,0.13801,0.52130,0.49567,-0.48895,0.49344,237.40000
0.10664,0.05231,0.13800,0.52130,0.49567,-0.48895,0.49344,237.50000
0.10664,0.05221,0.13800,0.52130,0.49567,-0.48895,0.49344,237.60000
0.10664,0.05211,0.13800,0.52130,0.49567,-0.48895,0.49344,237.70000
0.10664,0.05201,0.13799,0.52130,0.49567,-0.48895,0.49344,237.80000
0.10664,0.05191,0.13799,0.52130,0.49567,-0.48895,0.49344,237.90000
0.10663,0.05181,0.13800,0.52130,0.49567,-0.48895,0.49344,238.00000
0.10663,0.05171,0.13799,0.52130,0.49567,-0.48895,0.49344,238.10000
0.10663,0.05161,0.13799,0.52130,0.49567,-0.48895,0.49344,238.20000
0.10663,0.05151,0.13799,0.52130,0.49567,-0.48895,0.49344,238.30000
0.10663,0.05141,0.13798,0.52130,0.49567,-0.48895,0.49344,238.40000
0.10662,0.05131,0.13798,0.52130,0.49567,-0.48895,0.49344,238.50000
0.10662,0.05121,0.13797,0.52130,0.49567,-0.48895,0.49344,238.60000
0.10662,0.05111,0.13797,0.52130,0.49567,-0.48895,0.49344,238.70000
0.10662,0.05101,0.13797,0.52130,0.49567,-0.48895,0.49344,238.80000
0.10662,0.05091,0.13796,0.52130,0.49567,-0.48895,0.49344,238.90000
0.10661,0.05081,0.13796,0.52130,0.49567,-0.48895,0.49344,239.00000
0.10661,0.05071,0.13796,0.52130,0.49567,-0.48895,0.49344,239.10000
0.10661,0.05061,0.13795,0.52130,0.49567,-0.48895,0.49344,239.20000
0.10661,0.05051,0.13795,0.52130,0.49567,-0.48895,0.49344,239.30000
0.10660,0.05041,0.13795,0.52130,0.49567,-0.48895,0.49344,239.40000
0.10660,0.05031,0.13794,0.52130,0.49567,-0.48895,0.49344,239.50000
0.10660,0.05021,0.13795,0.52130,0.49567,-0.48895,0.49344,239.60000
0.10660,0.05011,0.13795,0.52130,0.49567,-0.48895,0.49344,239.70000
0.10660,0.05001,0.13794,0.52130,0.49567,-0.48895,0.49344,239.80000
0.10659,0.04991,0.13794,0.52130,0.49567,-0.48895,0.49344,239.90000
0.10659,0.04981,0.13794,0.52130,0.49567,-0.48895,0.49344,240.00000
0.10659,0.04971,0.13793,0.52130,0.49567,-0.48895,0.49344,240.10000
0.10659,0.04961,0.13793,0.52130,0.49567,-0.48895,0.49344,240.20000
0.10659,0.04951,0.13793,0.52130,0.49567,-0.48895,0.49344,240.30000
0.10658,0.04941,0.13792,0.52130,0.49567,-0.48895,0.49344,240.40000
0.10658,0.04931,0.13792,0.52130,0.49567,-0.48895,0.49344,240.50000
0.10658,0.04921,0.13791,0.52130,0.49567,-0.48895,0.49344,240.60000
0.10658,0.04911,0.13791,0.52130,0.49567,-0.48895,0.49344,240.70000
0.10658,0.04901,0.13791,0.52130,0.49567,-0.48895,0.49344,240.80000
0.10657,0.04891,0.13790,0.52130,0.49567,-0.48895,0.49344,240.90000
0.10657,0.04882,0.13790,0.52130,0.49567,-0.48895,0.49344,240.99600
0.10657,0.04873,0.13790,0.52130,0.49567,-0.48895,0.49344,241.08800
0.10657,0.04864,0.13789,0.52130,0.49567,-0.48895,0.49344,241.17600
0.10657,0.04855,0.13790,0.52130,0.49567,-0.48895,0.49344,241.26000
0.10656,0.04847,0.13790,0.52130,0.49567,-0.48895,0.49344,241.34000
0.10656,0.04840,0.13790,0.52130,0.49567,-0.48895,0.49344,241.41600
0.10656,0.04833,0.13789,0.52130,0.49567,-0.48895,0.49344,241.48800
0.10656,0.04826,0.13789,0.52130,0.49567,-0.48895,0.49344,241.55600
0.10656,0.04819,0.13789,0.52130,0.49567,-0.48895,0.49344,241.62000
0.10656,0.04813,0.13789,0.52130,0.49567,-0.48895,0.49344,241.68000
0.10656,0.04808,0.13789,0.52130,0.49567,-0.48895,0.49344,241.73600
0.10656,0.04803,0.13788,0.52130,0.49567,-0.48895,0.49344,241.78800
0.10655,0.04798,0.13788,0.52130,0.49567,-0.48895,0.49344,241.83600
0.10655,0.04793,0.13788,0.52130,0.49567,-0.48895,0.49344,241.88000
0.10655,0.04790,0.13788,0.52130,0.49567,-0.48895,0.49344,241.92000
0.10655,0.04787,0.13788,0.52130,0.49567,-0.48895,0.49344,241.95600
0.10655,0.04784,0.13788,0.52130,0.49567,-0.48895,0.49344,241.98800
0.10655,0.04781,0.13788,0.52130,0.49567,-0.48895,0.49344,242.01600
0.10655,0.04778,0.13787,0.52130,0.49567,-0.48895,0.49344,242.04000
0.10655,0.04776,0.13787,0.52130,0.49567,-0.48895,0.49344,242.06000
0.10655,0.04775,0.13787,0.52130,0.49567,-0.48895,0.49344,242.07600
0.10655,0.04774,0.13787,0.52130,0.49567,-0.48895,0.49344,242.08800
0.10655,0.04773,0.13787,0.52130,0.49567,-0.48895,0.49344,242.09600
0.10655,0.04772,0.13787,0.52130,0.49567,-0.48895,0.49344,242.10000
0.10655,0.04772,0.13787,0.52130,0.49567,-0.48895,0.49344,242.10000
0.10655,0.04773,0.13787,0.52130,0.49567,-0.48895,0.49344,242.10400
