x,y,z,px,py,pz,pw,u
-0.44200,-0.26500,0.13600,-0.50000,0.50000,0.50000,0.50000,0.00400
-0.44200,-0.26460,0.13600,-0.50000,0.50000,0.50000,0.50000,0.01200
-0.44200,-0.26420,0.13600,-0.50000,0.50000,0.50000,0.50000,0.02400
-0.44200,-0.26381,0.13600,-0.50000,0.50000,0.50000,0.50000,0.04000
-0.44200,-0.26342,0.13600,-0.50000,0.50000,0.50000,0.50000,0.06000
-0.44200,-0.26304,0.13600,-0.50000,0.50000,0.50000,0.50000,0.08400
-0.44200,-0.26267,0.13600,-0.50000,0.50000,0.50000,0.50000,0.11200
-0.44200,-0.26231,0.13600,-0.50000,0.50000,0.50000,0.50000,0.14400
-0.44200,-0.26197,0.13600,-0.50000,0.50000,0.50000,0.50000,0.18000
-0.44200,-0.26164,0.13600,-0.50000,0.50000,0.50000,0.50000,0.22000
-0.44200,-0.26133,0.13600,-0.50000,0.50000,0.50000,0.50000,0.26400
-0.44200,-0.26104,0.13600,-0.50000,0.50000,0.50000,0.50000,0.31200
-0.44200,-0.26076,0.13600,-0.50000,0.50000,0.50000,0.50000,0.36400
-0.44200,-0.26051,0.13600,-0.50000,0.50000,0.50000,0.50000,0.42000
-0.44200,-0.26028,0.13600,-0.50000,0.50000,0.50000,0.50000,0.48000
-0.44200,-0.26007,0.13600,-0.50000,0.50000,0.50000,0.50000,0.54400
-0.44200,-0.25988,0.13600,-0.50000,0.50000,0.50000,0.50000,0.61200
-0.44200,-0.25972,0.13600,-0.50000,0.50000,0.50000,0.50000,0.68400
-0.44200,-0.25958,0.13600,-0.50000,0.50000,0.50000,0.50000,0.76000
-0.44200,-0.25947,0.13601,-0.50000,0.50000,0.50000,0.50000,0.84000
-0.44200,-0.25938,0.13601,-0.50000,0.50000,0.50000,0.50000,0.92400
-0.44200,-0.25932,0.13601,-0.50000,0.50000,0.50000,0.50000,1.01200
-0.44200,-0.25928,0.13601,-0.50000,0.50000,0.50000,0.50000,1.10400
-0.44200,-0.25927,0.13601,-0.50000,0.50000,0.50000,0.50000,1.20000
-0.44200,-0.25928,0.13601,-0.50000,0.50000,0.50000,0.50000,1.30000
-0.44200,-0.25931,0.13601,-0.50000,0.50000,0.50000,0.50000,1.40000
-0.44200,-0.25937,0.13601,-0.50000,0.50000,0.50000,0.50000,1.50000
-0.44200,-0.25945,0.13601,-0.50000,0.50000,0.50000,0.50000,1.60000
-0.44200,-0.25955,0.13601,-0.50000,0.50000,0.50000,0.50000,1.70000
-0.44200,-0.25966,0.13601,-0.50000,0.50000,0.50000,0.50000,1.80000
-0.44200,-0.25980,0.13601,-0.50000,0.50000,0.50000,0.50000,1.90000
-0.44200,-0.25996,0.13601,-0.50000,0.50000,0.50000,0.50000,2.00000
-0.44200,-0.26013,0.13601,-0.50000,0.50000,0.50000,0.50000,2.10000
-0.44200,-0.26031,0.13601,-0.50000,0.50000,0.50000,0.50000,2.20000
-0.44200,-0.26051,0.13601,-0.50000,0.50000,0.50000,0.50000,2.30000
-0.44200,-0.26072,0.13601,-0.50000,0.50000,0.50000,0.50000,2.40000
-0.44200,-0.26094,0.13602,-0.50000,0.50000,0.50000,0.50000,2.50000
-0.44200,-0.26116,0.13602,-0.50000,0.50000,0.50000,0.50000,2.60000
-0.44200,-0.26140,0.13602,-0.50000,0.50000,0.50000,0.50000,2.70000
-0.44200,-0.26163,0.13602,-0.50000,0.50000,0.50000,0.50000,2.80000
-0.44200,-0.26188,0.13602,-0.50000,0.50000,0.50000,0.50000,2.90000
-0.44200,-0.26212,0.13602,-0.50000,0.50000,0.50000,0.50000,3.00000
-0.44200,-0.26236,0.13602,-0.50000,0.50000,0.50000,0.50000,3.10000
-0.44200,-0.26259,0.13602,-0.50000,0.50000,0.50000,0.50000,3.20000
-0.44200,-0.26283,0.13602,-0.50000,0.50000,0.50000,0.50000,3.30000
-0.44200,-0.26305,0.13602,-0.50000,0.50000,0.50000,0.50000,3.40000
-0.44200,-0.26327,0.13602,-0.50000,0.50000,0.50000,0.50000,3.50000
-0.44200,-0.26348,0.13602,-0.50000,0.50000,0.50000,0.50000,3.60000
-0.44200,-0.26368,0.13602,-0.50000,0.50000,0.50000,0.50000,3.70000
-0.44200,-0.26386,0.13602,-0.50000,0.50000,0.50000,0.50000,3.80000
-0.44200,-0.26403,0.13602,-0.50000,0.50000,0.50000,0.50000,3.90000
-0.44200,-0.26419,0.13602,-0.50000,0.50000,0.50000,0.50000,4.00000
-0.44200,-0.26432,0.13603,-0.50000,0.50000,0.50000,0.50000,4.10000
-0.44200,-0.26444,0.13603,-0.50000,0.50000,0.50000,0.50000,4.20000
-0.44200,-0.26454,0.13603,-0.50000,0.50000,0.50000,0.50000,4.30000
-0.44200,-0.26462,0.13603,-0.50000,0.50000,0.50000,0.50000,4.40000
-0.44200,-0.26468,0.13603,-0.50000,0.50000,0.50000,0.50000,4.50000
-0.44200,-0.26471,0.13603,-0.50000,0.50000,0.50000,0.50000,4.60000
-0.44200,-0.26472,0.13603,-0.50000,0.50000,0.50000,0.50000,4.70000
-0.44200,-0.26471,0.13603,-0.50000,0.50000,0.50000,0.50000,4.80000
-0.44200,-0.26467,0.13603,-0.50000,0.50000,0.50000,0.50000,4.90000
-0.44200,-0.26461,0.13603,-0.50000,0.50000,0.50000,0.50000,5.00000
-0.44200,-0.26452,0.13603,-0.50000,0.50000,0.50000,0.50000,5.10000
-0.44200,-0.26441,0.13603,-0.50000,0.50000,0.50000,0.50000,5.20000
-0.44200,-0.26427,0.13603,-0.50000,0.50000,0.50000,0.50000,5.30000
-0.44200,-0.26411,0.13603,-0.50000,0.50000,0.50000,0.50000,5.40000
-0.44200,-0.26393,0.13603,-0.50000,0.50000,0.50000,0.50000,5.50000
-0.44200,-0.26372,0.13603,-0.50000,0.50000,0.50000,0.50000,5.60000
-0.44200,-0.26349,0.13604,-0.50000,0.50000,0.50000,0.50000,5.70000
-0.44200,-0.26323,0.13604,-0.50000,0.50000,0.50000,0.50000,5.80000
-0.44200,-0.26296,0.13604,-0.50000,0.50000,0.50000,0.50000,5.90000
-0.44200,-0.26266,0.13604,-0.50000,0.50000,0.50000,0.50000,6.00000
-0.44200,-0.26235,0.13604,-0.50000,0.50000,0.50000,0.50000,6.10000
-0.44200,-0.26201,0.13604,-0.50000,0.50000,0.50000,0.50000,6.20000
-0.44200,-0.26166,0.13604,-0.50000,0.50000,0.50000,0.50000,6.30000
-0.44200,-0.26130,0.13604,-0.50000,0.50000,0.50000,0.50000,6.40000
-0.44200,-0.26091,0.13604,-0.50000,0.50000,0.50000,0.50000,6.50000
-0.44200,-0.26052,0.13604,-0.50000,0.50000,0.50000,0.50000,6.60000
-0.44200,-0.26011,0.13604,-0.50000,0.50000,0.50000,0.50000,6.70000
-0.44200,-0.25970,0.13604,-0.50000,0.50000,0.50000,0.50000,6.80000
-0.44200,-0.25928,0.13604,-0.50000,0.50000,0.50000,0.50000,6.90000
-0.44200,-0.25885,0.13604,-0.50000,0.50000,0.50000,0.50000,7.00000
-0.44200,-0.25841,0.13604,-0.50000,0.50000,0.50000,0.50000,7.10000
-0.44200,-0.25798,0.13604,-0.50000,0.50000,0.50000,0.50000,7.20000
-0.44200,-0.25754,0.13605,-0.50000,0.50000,0.50000,0.50000,7.30000
-0.44200,-0.25710,0.13605,-0.50000,0.50000,0.50000,0.50000,7.40000
-0.44200,-0.25667,0.13605,-0.50000,0.50000,0.50000,0.50000,7.50000
-0.44200,-0.25624,0.13605,-0.50000,0.50000,0.50000,0.50000,7.60000
-0.44200,-0.25582,0.13605,-0.50000,0.50000,0.50000,0.50000,7.70000
-0.44200,-0.25540,0.13605,-0.50000,0.50000,0.50000,0.50000,7.80000
-0.44200,-0.25500,0.13605,-0.50000,0.50000,0.50000,0.50000,7.90000
-0.44200,-0.25460,0.13605,-0.50000,0.50000,0.50000,0.50000,8.00000
-0.44200,-0.25422,0.13605,-0.50000,0.50000,0.50000,0.50000,8.10000
-0.44200,-0.25385,0.13605,-0.50000,0.50000,0.50000,0.50000,8.20000
-0.44200,-0.25350,0.13605,-0.50000,0.50000,0.50000,0.50000,8.30000
-0.44200,-0.25317,0.13605,-0.50000,0.50000,0.50000,0.50000,8.40000
-0.44200,-0.25285,0.13605,-0.50000,0.50000,0.50000,0.50000,8.50000
-0.44200,-0.25255,0.13605,-0.50000,0.50000,0.50000,0.50000,8.60000
-0.44200,-0.25228,0.13605,-0.50000,0.50000,0.50000,0.50000,8.70000
-0.44200,-0.25202,0.13605,-0.50000,0.50000,0.50000,0.50000,8.80000
-0.44200,-0.25179,0.13606,-0.50000,0.50000,0.50000,0.50000,8.90000
-0.44200,-0.25158,0.13606,-0.50000,0.50000,0.50000,0.50000,9.00000
-0.44200,-0.25139,0.13606,-0.50000,0.50000,0.50000,0.50000,9.10000
-0.44200,-0.25123,0.13606,-0.50000,0.50000,0.50000,0.50000,9.20000
-0.44200,-0.25109,0.13606,-0.50000,0.50000,0.50000,0.50000,9.30000
-0.44200,-0.25098,0.13606,-0.50000,0.50000,0.50000,0.50000,9.40000
-0.44200,-0.25089,0.13606,-0.50000,0.50000,0.50000,0.50000,9.50000
-0.44200,-0.25083,0.13606,-0.50000,0.50000,0.50000,0.50000,9.60000
-0.44200,-0.25079,0.13606,-0.50000,0.50000,0.50000,0.50000,9.70000
-0.44200,-0.25077,0.13606,-0.50000,0.50000,0.50000,0.50000,9.80000
-0.44200,-0.25078,0.13606,-0.50000,0.50000,0.50000,0.50000,9.90000
-0.44200,-0.25081,0.13606,-0.50000,0.50000,0.50000,0.50000,10.00000
-0.44200,-0.25086,0.13606,-0.50000,0.50000,0.50000,0.50000,10.10000
-0.44200,-0.25093,0.13606,-0.50000,0.50000,0.50000,0.50000,10.20000
-0.44200,-0.25102,0.13606,-0.50000,0.50000,0.50000,0.50000,10.30000
-0.44200,-0.25114,0.13606,-0.50000,0.50000,0.50000,0.50000,10.40000
-0.44200,-0.25127,0.13607,-0.50000,0.50000,0.50000,0.50000,10.50000
-0.44200,-0.25142,0.13607,-0.50000,0.50000,0.50000,0.50000,10.60000
-0.44200,-0.25158,0.13607,-0.50000,0.50000,0.50000,0.50000,10.70000
-0.44200,-0.25176,0.13607,-0.50000,0.50000,0.50000,0.50000,10.80000
-0.44200,-0.25195,0.13607,-0.50000,0.50000,0.50000,0.50000,10.90000
-0.44200,-0.25215,0.13607,-0.50000,0.50000,0.50000,0.50000,11.00000
-0.44200,-0.25236,0.13607,-0.50000,0.50000,0.50000,0.50000,11.10000
-0.44200,-0.25258,0.13607,-0.50000,0.50000,0.50000,0.50000,11.20000
-0.44200,-0.25281,0.13607,-0.50000,0.50000,0.50000,0.50000,11.30000
-0.44200,-0.25304,0.13607,-0.50000,0.50000,0.50000,0.50000,11.40000
-0.44200,-0.25327,0.13607,-0.50000,0.50000,0.50000,0.50000,11.50000
-0.44200,-0.25350,0.13607,-0.50000,0.50000,0.50000,0.50000,11.60000
-0.44200,-0.25374,0.13607,-0.50000,0.50000,0.50000,0.50000,11.70000
-0.44200,-0.25397,0.13607,-0.50000,0.50000,0.50000,0.50000,11.80000
-0.44200,-0.25419,0.13607,-0.50000,0.50000,0.50000,0.50000,11.90000
-0.44200,-0.25441,0.13607,-0.50000,0.50000,0.50000,0.50000,12.00000
-0.44200,-0.25462,0.13607,-0.50000,0.50000,0.50000,0.50000,12.10000
-0.44200,-0.25483,0.13608,-0.50000,0.50000,0.50000,0.50000,12.20000
-0.44200,-0.25502,0.13608,-0.50000,0.50000,0.50000,0.50000,12.30000
-0.44200,-0.25520,0.13608,-0.50000,0.50000,0.50000,0.50000,12.40000
-0.44200,-0.25536,0.13608,-0.50000,0.50000,0.50000,0.50000,12.50000
-0.44200,-0.25551,0.13608,-0.50000,0.50000,0.50000,0.50000,12.60000
-0.44200,-0.25564,0.13608,-0.50000,0.50000,0.50000,0.50000,12.70000
-0.44200,-0.25575,0.13608,-0.50000,0.50000,0.50000,0.50000,12.80000
-0.44200,-0.25585,0.13608,-0.50000,0.50000,0.50000,0.50000,12.90000
-0.44200,-0.25592,0.13608,-0.50000,0.50000,0.50000,0.50000,13.00000
-0.44200,-0.25598,0.13608,-0.50000,0.50000,0.50000,0.50000,13.10000
-0.44200,-0.25601,0.13608,-0.50000,0.50000,0.50000,0.50000,13.20000
-0.44200,-0.25602,0.13608,-0.50000,0.50000,0.50000,0.50000,13.30000
-0.44200,-0.25600,0.13608,-0.50000,0.50000,0.50000,0.50000,13.40000
-0.44200,-0.25597,0.13608,-0.50000,0.50000,0.50000,0.50000,13.50000
-0.44200,-0.25590,0.13608,-0.50000,0.50000,0.50000,0.50000,13.60000
-0.44200,-0.25582,0.13608,-0.50000,0.50000,0.50000,0.50000,13.70000
-0.44200,-0.25571,0.13609,-0.50000,0.50000,0.50000,0.50000,13.80000
-0.44200,-0.25557,0.13609,-0.50000,0.50000,0.50000,0.50000,13.90000
-0.44200,-0.25541,0.13609,-0.50000,0.50000,0.50000,0.50000,14.00000
-0.44200,-0.25523,0.13609,-0.50000,0.50000,0.50000,0.50000,14.10000
-0.44200,-0.25503,0.13609,-0.50000,0.50000,0.50000,0.50000,14.20000
-0.44200,-0.25480,0.13609,-0.50000,0.50000,0.50000,0.50000,14.30000
-0.44200,-0.25455,0.13609,-0.50000,0.50000,0.50000,0.50000,14.40000
-0.44200,-0.25428,0.13609,-0.50000,0.50000,0.50000,0.50000,14.50000
-0.44200,-0.25399,0.13609,-0.50000,0.50000,0.50000,0.50000,14.60000
-0.44200,-0.25368,0.13609,-0.50000,0.50000,0.50000,0.50000,14.70000
-0.44200,-0.25335,0.13609,-0.50000,0.50000,0.50000,0.50000,14.80000
-0.44200,-0.25300,0.13609,-0.50000,0.50000,0.50000,0.50000,14.90000
-0.44200,-0.25264,0.13609,-0.50000,0.50000,0.50000,0.50000,15.00000
-0.44200,-0.25227,0.13609,-0.50000,0.50000,0.50000,0.50000,15.10000
-0.44200,-0.25188,0.13609,-0.50000,0.50000,0.50000,0.50000,15.20000
-0.44200,-0.25148,0.13609,-0.50000,0.50000,0.50000,0.50000,15.30000
-0.44200,-0.25108,0.13610,-0.50000,0.50000,0.50000,0.50000,15.40000
-0.44200,-0.25066,0.13610,-0.50000,0.50000,0.50000,0.50000,15.50000
-0.44200,-0.25024,0.13610,-0.50000,0.50000,0.50000,0.50000,15.60000
-0.44200,-0.24981,0.13610,-0.50000,0.50000,0.50000,0.50000,15.70000
-0.44200,-0.24938,0.13610,-0.50000,0.50000,0.50000,0.50000,15.80000
-0.44200,-0.24895,0.13610,-0.50000,0.50000,0.50000,0.50000,15.90000
-0.44200,-0.24852,0.13610,-0.50000,0.50000,0.50000,0.50000,16.00000
-0.44200,-0.24810,0.13610,-0.50000,0.50000,0.50000,0.50000,16.10000
-0.44200,-0.24768,0.13610,-0.50000,0.50000,0.50000,0.50000,16.20000
-0.44200,-0.24726,0.13610,-0.50000,0.50000,0.50000,0.50000,16.30000
-0.44200,-0.24685,0.13610,-0.50000,0.50000,0.50000,0.50000,16.40000
-0.44200,-0.24645,0.13610,-0.50000,0.50000,0.50000,0.50000,16.50000
-0.44200,-0.24607,0.13610,-0.50000,0.50000,0.50000,0.50000,16.60000
-0.44200,-0.24569,0.13610,-0.50000,0.50000,0.50000,0.50000,16.70000
-0.44200,-0.24533,0.13610,-0.50000,0.50000,0.50000,0.50000,16.80000
-0.44200,-0.24498,0.13610,-0.50000,0.50000,0.50000,0.50000,16.90000
-0.44200,-0.24465,0.13611,-0.50000,0.50000,0.50000,0.50000,17.00000
-0.44200,-0.24434,0.13611,-0.50000,0.50000,0.50000,0.50000,17.10000
-0.44200,-0.24405,0.13611,-0.50000,0.50000,0.50000,0.50000,17.20000
-0.44200,-0.24377,0.13611,-0.50000,0.50000,0.50000,0.50000,17.30000
-0.44200,-0.24352,0.13611,-0.50000,0.50000,0.50000,0.50000,17.40000
-0.44200,-0.24329,0.13611,-0.50000,0.50000,0.50000,0.50000,17.50000
-0.44200,-0.24308,0.13611,-0.50000,0.50000,0.50000,0.50000,17.60000
-0.44200,-0.24290,0.13611,-0.50000,0.50000,0.50000,0.50000,17.70000
-0.44200,-0.24274,0.13611,-0.50000,0.50000,0.50000,0.50000,17.80000
-0.44200,-0.24260,0.13611,-0.50000,0.50000,0.50000,0.50000,17.90000
-0.44200,-0.24249,0.13611,-0.50000,0.50000,0.50000,0.50000,18.00000
-0.44200,-0.24240,0.13611,-0.50000,0.50000,0.50000,0.50000,18.10000
-0.44200,-0.24233,0.13611,-0.50000,0.50000,0.50000,0.50000,18.20000
-0.44200,-0.24229,0.13611,-0.50000,0.50000,0.50000,0.50000,18.30000
-0.44200,-0.24227,0.13611,-0.50000,0.50000,0.50000,0.50000,18.40000
-0.44200,-0.24227,0.13611,-0.50000,0.50000,0.50000,0.50000,18.50000
-0.44200,-0.24230,0.13612,-0.50000,0.50000,0.50000,0.50000,18.60000
-0.44200,-0.24235,0.13612,-0.50000,0.50000,0.50000,0.50000,18.70000
-0.44200,-0.24241,0.13612,-0.50000,0.50000,0.50000,0.50000,18.80000
-0.44200,-0.24250,0.13612,-0.50000,0.50000,0.50000,0.50000,18.90000
-0.44200,-0.24261,0.13612,-0.50000,0.50000,0.50000,0.50000,19.00000
-0.44200,-0.24274,0.13612,-0.50000,0.50000,0.50000,0.50000,19.10000
-0.44200,-0.24288,0.13612,-0.50000,0.50000,0.50000,0.50000,19.20000
-0.44200,-0.24303,0.13612,-0.50000,0.50000,0.50000,0.50000,19.30000
-0.44200,-0.24321,0.13612,-0.50000,0.50000,0.50000,0.50000,19.40000
-0.44200,-0.24339,0.13612,-0.50000,0.50000,0.50000,0.50000,19.50000
-0.44200,-0.24358,0.13612,-0.50000,0.50000,0.50000,0.50000,19.60000
-0.44200,-0.24379,0.13612,-0.50000,0.50000,0.50000,0.50000,19.70000
-0.44200,-0.24400,0.13612,-0.50000,0.50000,0.50000,0.50000,19.80000
-0.44200,-0.24422,0.13612,-0.50000,0.50000,0.50000,0.50000,19.90000
-0.44200,-0.24444,0.13612,-0.50000,0.50000,0.50000,0.50000,20.00000
-0.44200,-0.24467,0.13612,-0.50000,0.50000,0.50000,0.50000,20.10000
-0.44200,-0.24489,0.13613,-0.50000,0.50000,0.50000,0.50000,20.20000
-0.44200,-0.24512,0.13613,-0.50000,0.50000,0.50000,0.50000,20.30000
-0.44200,-0.24534,0.13613,-0.50000,0.50000,0.50000,0.50000,20.40000
-0.44200,-0.24556,0.13613,-0.50000,0.50000,0.50000,0.50000,20.50000
-0.44200,-0.24577,0.13613,-0.50000,0.50000,0.50000,0.50000,20.60000
-0.44200,-0.24597,0.13613,-0.50000,0.50000,0.50000,0.50000,20.70000
-0.44200,-0.24617,0.13613,-0.50000,0.50000,0.50000,0.50000,20.80000
-0.44200,-0.24636,0.13613,-0.50000,0.50000,0.50000,0.50000,20.90000
-0.44200,-0.24653,0.13613,-0.50000,0.50000,0.50000,0.50000,21.00000
-0.44200,-0.24669,0.13613,-0.50000,0.50000,0.50000,0.50000,21.10000
-0.44200,-0.24683,0.13613,-0.50000,0.50000,0.50000,0.50000,21.20000
-0.44200,-0.24696,0.13613,-0.50000,0.50000,0.50000,0.50000,21.30000
-0.44200,-0.24707,0.13613,-0.50000,0.50000,0.50000,0.50000,21.40000
-0.44200,-0.24716,0.13613,-0.50000,0.50000,0.50000,0.50000,21.50000
-0.44200,-0.24723,0.13613,-0.50000,0.50000,0.50000,0.50000,21.60000
-0.44200,-0.24728,0.13613,-0.50000,0.50000,0.50000,0.50000,21.70000
-0.44200,-0.24731,0.13614,-0.50000,0.50000,0.50000,0.50000,21.80000
-0.44200,-0.24732,0.13614,-0.50000,0.50000,0.50000,0.50000,21.90000
-0.44200,-0.24730,0.13614,-0.50000,0.50000,0.50000,0.50000,22.00000
-0.44200,-0.24726,0.13614,-0.50000,0.50000,0.50000,0.50000,22.10000
-0.44200,-0.24720,0.13614,-0.50000,0.50000,0.50000,0.50000,22.20000
-0.44200,-0.24711,0.13614,-0.50000,0.50000,0.50000,0.50000,22.30000
-0.44200,-0.24701,0.13614,-0.50000,0.50000,0.50000,0.50000,22.40000
-0.44200,-0.24687,0.13614,-0.50000,0.50000,0.50000,0.50000,22.50000
-0.44200,-0.24672,0.13614,-0.50000,0.50000,0.50000,0.50000,22.60000
-0.44200,-0.24654,0.13614,-0.50000,0.50000,0.50000,0.50000,22.70000
-0.44200,-0.24633,0.13614,-0.50000,0.50000,0.50000,0.50000,22.80000
-0.44200,-0.24611,0.13614,-0.50000,0.50000,0.50000,0.50000,22.90000
-0.44200,-0.24586,0.13614,-0.50000,0.50000,0.50000,0.50000,23.00000
-0.44200,-0.24560,0.13614,-0.50000,0.50000,0.50000,0.50000,23.10000
-0.44200,-0.24531,0.13614,-0.50000,0.50000,0.50000,0.50000,23.20000
-0.44200,-0.24501,0.13614,-0.50000,0.50000,0.50000,0.50000,23.30000
-0.44200,-0.24468,0.13615,-0.50000,0.50000,0.50000,0.50000,23.40000
-0.44200,-0.24435,0.13615,-0.50000,0.50000,0.50000,0.50000,23.50000
-0.44200,-0.24399,0.13615,-0.50000,0.50000,0.50000,0.50000,23.60000
-0.44200,-0.24362,0.13615,-0.50000,0.50000,0.50000,0.50000,23.70000
-0.44200,-0.24324,0.13615,-0.50000,0.50000,0.50000,0.50000,23.80000
-0.44200,-0.24285,0.13615,-0.50000,0.50000,0.50000,0.50000,23.90000
-0.44200,-0.24245,0.13615,-0.50000,0.50000,0.50000,0.50000,24.00000
-0.44200,-0.24204,0.13615,-0.50000,0.50000,0.50000,0.50000,24.10000
-0.44200,-0.24163,0.13615,-0.50000,0.50000,0.50000,0.50000,24.20000
-0.44200,-0.24121,0.13615,-0.50000,0.50000,0.50000,0.50000,24.30000
-0.44200,-0.24079,0.13615,-0.50000,0.50000,0.50000,0.50000,24.40000
-0.44200,-0.24037,0.13615,-0.50000,0.50000,0.50000,0.50000,24.50000
-0.44200,-0.23995,0.13615,-0.50000,0.50000,0.50000,0.50000,24.60000
-0.44200,-0.23953,0.13615,-0.50000,0.50000,0.50000,0.50000,24.70000
-0.44200,-0.23911,0.13615,-0.50000,0.50000,0.50000,0.50000,24.80000
-0.44200,-0.23870,0.13615,-0.50000,0.50000,0.50000,0.50000,24.90000
-0.44200,-0.23830,0.13615,-0.50000,0.50000,0.50000,0.50000,25.00000
-0.44200,-0.23791,0.13616,-0.50000,0.50000,0.50000,0.50000,25.10000
-0.44200,-0.23753,0.13616,-0.50000,0.50000,0.50000,0.50000,25.20000
-0.44200,-0.23716,0.13616,-0.50000,0.50000,0.50000,0.50000,25.30000
-0.44200,-0.23680,0.13616,-0.50000,0.50000,0.50000,0.50000,25.40000
-0.44200,-0.23646,0.13616,-0.50000,0.50000,0.50000,0.50000,25.50000
-0.44200,-0.23614,0.13616,-0.50000,0.50000,0.50000,0.50000,25.60000
-0.44200,-0.23583,0.13616,-0.50000,0.50000,0.50000,0.50000,25.70000
-0.44200,-0.23554,0.13616,-0.50000,0.50000,0.50000,0.50000,25.80000
-0.44200,-0.23527,0.13616,-0.50000,0.50000,0.50000,0.50000,25.90000
-0.44200,-0.23502,0.13616,-0.50000,0.50000,0.50000,0.50000,26.00000
-0.44200,-0.23479,0.13616,-0.50000,0.50000,0.50000,0.50000,26.10000
-0.44200,-0.23459,0.13616,-0.50000,0.50000,0.50000,0.50000,26.20000
-0.44200,-0.23440,0.13616,-0.50000,0.50000,0.50000,0.50000,26.30000
-0.44200,-0.23424,0.13616,-0.50000,0.50000,0.50000,0.50000,26.40000
-0.44200,-0.23410,0.13616,-0.50000,0.50000,0.50000,0.50000,26.50000
-0.44200,-0.23399,0.13616,-0.50000,0.50000,0.50000,0.50000,26.60000
-0.44200,-0.23390,0.13617,-0.50000,0.50000,0.50000,0.50000,26.70000
-0.44200,-0.23383,0.13617,-0.50000,0.50000,0.50000,0.50000,26.80000
-0.44200,-0.23379,0.13617,-0.50000,0.50000,0.50000,0.50000,26.90000
-0.44200,-0.23376,0.13617,-0.50000,0.50000,0.50000,0.50000,27.00000
-0.44200,-0.23376,0.13617,-0.50000,0.50000,0.50000,0.50000,27.10000
-0.44200,-0.23379,0.13617,-0.50000,0.50000,0.50000,0.50000,27.20000
-0.44200,-0.23383,0.13617,-0.50000,0.50000,0.50000,0.50000,27.30000
-0.44200,-0.23389,0.13617,-0.50000,0.50000,0.50000,0.50000,27.40000
-0.44200,-0.23398,0.13617,-0.50000,0.50000,0.50000,0.50000,27.50000
-0.44200,-0.23408,0.13617,-0.50000,0.50000,0.50000,0.50000,27.60000
-0.44200,-0.23420,0.13617,-0.50000,0.50000,0.50000,0.50000,27.70000
-0.44200,-0.23434,0.13617,-0.50000,0.50000,0.50000,0.50000,27.80000
-0.44200,-0.23449,0.13617,-0.50000,0.50000,0.50000,0.50000,27.90000
-0.44200,-0.23465,0.13617,-0.50000,0.50000,0.50000,0.50000,28.00000
-0.44200,-0.23483,0.13617,-0.50000,0.50000,0.50000,0.50000,28.10000
-0.44200,-0.23502,0.13617,-0.50000,0.50000,0.50000,0.50000,28.20000
-0.44200,-0.23521,0.13618,-0.50000,0.50000,0.50000,0.50000,28.30000
-0.44200,-0.23542,0.13618,-0.50000,0.50000,0.50000,0.50000,28.40000
-0.44200,-0.23563,0.13618,-0.50000,0.50000,0.50000,0.50000,28.50000
-0.44200,-0.23584,0.13618,-0.50000,0.50000,0.50000,0.50000,28.60000
-0.44200,-0.23606,0.13618,-0.50000,0.50000,0.50000,0.50000,28.70000
-0.44200,-0.23628,0.13618,-0.50000,0.50000,0.50000,0.50000,28.80000
-0.44200,-0.23650,0.13618,-0.50000,0.50000,0.50000,0.50000,28.90000
-0.44200,-0.23671,0.13618,-0.50000,0.50000,0.50000,0.50000,29.00000
-0.44200,-0.23692,0.13618,-0.50000,0.50000,0.50000,0.50000,29.10000
-0.44200,-0.23713,0.13618,-0.50000,0.50000,0.50000,0.50000,29.20000
-0.44200,-0.23733,0.13618,-0.50000,0.50000,0.50000,0.50000,29.30000
-0.44200,-0.23752,0.13618,-0.50000,0.50000,0.50000,0.50000,29.40000
-0.44200,-0.23770,0.13618,-0.50000,0.50000,0.50000,0.50000,29.50000
-0.44200,-0.23786,0.13618,-0.50000,0.50000,0.50000,0.50000,29.60000
-0.44200,-0.23802,0.13618,-0.50000,0.50000,0.50000,0.50000,29.70000
-0.44200,-0.23815,0.13618,-0.50000,0.50000,0.50000,0.50000,29.80000
-0.44200,-0.23828,0.13619,-0.50000,0.50000,0.50000,0.50000,29.90000
-0.44200,-0.23838,0.13619,-0.50000,0.50000,0.50000,0.50000,30.00000
-0.44200,-0.23847,0.13619,-0.50000,0.50000,0.50000,0.50000,30.10000
-0.44200,-0.23854,0.13619,-0.50000,0.50000,0.50000,0.50000,30.20000
-0.44200,-0.23859,0.13619,-0.50000,0.50000,0.50000,0.50000,30.30000
-0.44200,-0.23861,0.13619,-0.50000,0.50000,0.50000,0.50000,30.40000
-0.44200,-0.23862,0.13619,-0.50000,0.50000,0.50000,0.50000,30.50000
-0.44200,-0.23860,0.13619,-0.50000,0.50000,0.50000,0.50000,30.60000
-0.44200,-0.23856,0.13619,-0.50000,0.50000,0.50000,0.50000,30.70000
-0.44200,-0.23850,0.13619,-0.50000,0.50000,0.50000,0.50000,30.80000
-0.44200,-0.23841,0.13619,-0.50000,0.50000,0.50000,0.50000,30.90000
-0.44200,-0.23831,0.13619,-0.50000,0.50000,0.50000,0.50000,31.00000
-0.44200,-0.23817,0.13619,-0.50000,0.50000,0.50000,0.50000,31.10000
-0.44200,-0.23802,0.13619,-0.50000,0.50000,0.50000,0.50000,31.20000
-0.44200,-0.23784,0.13619,-0.50000,0.50000,0.50000,0.50000,31.30000
-0.44200,-0.23764,0.13619,-0.50000,0.50000,0.50000,0.50000,31.40000
-0.44200,-0.23742,0.13620,-0.50000,0.50000,0.50000,0.50000,31.50000
-0.44200,-0.23718,0.13620,-0.50000,0.50000,0.50000,0.50000,31.60000
-0.44200,-0.23692,0.13620,-0.50000,0.50000,0.50000,0.50000,31.70000
-0.44200,-0.23664,0.13620,-0.50000,0.50000,0.50000,0.50000,31.80000
-0.44200,-0.23634,0.13620,-0.50000,0.50000,0.50000,0.50000,31.90000
-0.44200,-0.23602,0.13620,-0.50000,0.50000,0.50000,0.50000,32.00000
-0.44200,-0.23569,0.13620,-0.50000,0.50000,0.50000,0.50000,32.10000
-0.44200,-0.23534,0.13620,-0.50000,0.50000,0.50000,0.50000,32.20000
-0.44200,-0.23498,0.13620,-0.50000,0.50000,0.50000,0.50000,32.30000
-0.44200,-0.23461,0.13620,-0.50000,0.50000,0.50000,0.50000,32.40000
-0.44200,-0.23422,0.13620,-0.50000,0.50000,0.50000,0.50000,32.50000
-0.44200,-0.23383,0.13620,-0.50000,0.50000,0.50000,0.50000,32.60000
-0.44200,-0.23343,0.13620,-0.50000,0.50000,0.50000,0.50000,32.70000
-0.44200,-0.23302,0.13620,-0.50000,0.50000,0.50000,0.50000,32.80000
-0.44200,-0.23261,0.13620,-0.50000,0.50000,0.50000,0.50000,32.90000
-0.44200,-0.23220,0.13620,-0.50000,0.50000,0.50000,0.50000,33.00000
-0.44200,-0.23178,0.13621,-0.50000,0.50000,0.50000,0.50000,33.10000
-0.44200,-0.23137,0.13621,-0.50000,0.50000,0.50000,0.50000,33.20000
-0.44200,-0.23096,0.13621,-0.50000,0.50000,0.50000,0.50000,33.30000
-0.44200,-0.23055,0.13621,-0.50000,0.50000,0.50000,0.50000,33.40000
-0.44200,-0.23015,0.13621,-0.50000,0.50000,0.50000,0.50000,33.50000
-0.44200,-0.22975,0.13621,-0.50000,0.50000,0.50000,0.50000,33.60000
-0.44200,-0.22936,0.13621,-0.50000,0.50000,0.50000,0.50000,33.70000
-0.44200,-0.22899,0.13621,-0.50000,0.50000,0.50000,0.50000,33.80000
-0.44200,-0.22862,0.13621,-0.50000,0.50000,0.50000,0.50000,33.90000
-0.44200,-0.22827,0.13621,-0.50000,0.50000,0.50000,0.50000,34.00000
-0.44200,-0.22794,0.13621,-0.50000,0.50000,0.50000,0.50000,34.10000
-0.44200,-0.22762,0.13621,-0.50000,0.50000,0.50000,0.50000,34.20000
-0.44200,-0.22731,0.13621,-0.50000,0.50000,0.50000,0.50000,34.30000
-0.44200,-0.22703,0.13621,-0.50000,0.50000,0.50000,0.50000,34.40000
-0.44200,-0.22676,0.13621,-0.50000,0.50000,0.50000,0.50000,34.50000
-0.44200,-0.22652,0.13621,-0.50000,0.50000,0.50000,0.50000,34.60000
-0.44200,-0.22629,0.13622,-0.50000,0.50000,0.50000,0.50000,34.70000
-0.44200,-0.22609,0.13622,-0.50000,0.50000,0.50000,0.50000,34.80000
-0.44200,-0.22590,0.13622,-0.50000,0.50000,0.50000,0.50000,34.90000
-0.44200,-0.22574,0.13622,-0.50000,0.50000,0.50000,0.50000,35.00000
-0.44200,-0.22560,0.13622,-0.50000,0.50000,0.50000,0.50000,35.10000
-0.44200,-0.22549,0.13622,-0.50000,0.50000,0.50000,0.50000,35.20000
-0.44200,-0.22540,0.13622,-0.50000,0.50000,0.50000,0.50000,35.30000
-0.44200,-0.22533,0.13622,-0.50000,0.50000,0.50000,0.50000,35.40000
-0.44200,-0.22528,0.13622,-0.50000,0.50000,0.50000,0.50000,35.50000
-0.44200,-0.22526,0.13622,-0.50000,0.50000,0.50000,0.50000,35.60000
-0.44200,-0.22526,0.13622,-0.50000,0.50000,0.50000,0.50000,35.70000
-0.44200,-0.22527,0.13622,-0.50000,0.50000,0.50000,0.50000,35.80000
-0.44200,-0.22531,0.13622,-0.50000,0.50000,0.50000,0.50000,35.90000
-0.44200,-0.22537,0.13622,-0.50000,0.50000,0.50000,0.50000,36.00000
-0.44200,-0.22545,0.13622,-0.50000,0.50000,0.50000,0.50000,36.10000
-0.44200,-0.22555,0.13622,-0.50000,0.50000,0.50000,0.50000,36.20000
-0.44200,-0.22566,0.13622,-0.50000,0.50000,0.50000,0.50000,36.30000
-0.44200,-0.22579,0.13623,-0.50000,0.50000,0.50000,0.50000,36.40000
-0.44200,-0.22594,0.13623,-0.50000,0.50000,0.50000,0.50000,36.50000
-0.44200,-0.22610,0.13623,-0.50000,0.50000,0.50000,0.50000,36.60000
-0.44200,-0.22627,0.13623,-0.50000,0.50000,0.50000,0.50000,36.70000
-0.44200,-0.22645,0.13623,-0.50000,0.50000,0.50000,0.50000,36.80000
-0.44200,-0.22664,0.13623,-0.50000,0.50000,0.50000,0.50000,36.90000
-0.44200,-0.22684,0.13623,-0.50000,0.50000,0.50000,0.50000,37.00000
-0.44200,-0.22704,0.13623,-0.50000,0.50000,0.50000,0.50000,37.10000
-0.44200,-0.22725,0.13623,-0.50000,0.50000,0.50000,0.50000,37.20000
-0.44200,-0.22746,0.13623,-0.50000,0.50000,0.50000,0.50000,37.30000
-0.44200,-0.22767,0.13623,-0.50000,0.50000,0.50000,0.50000,37.40000
-0.44200,-0.22788,0.13623,-0.50000,0.50000,0.50000,0.50000,37.50000
-0.44200,-0.22809,0.13623,-0.50000,0.50000,0.50000,0.50000,37.60000
-0.44200,-0.22829,0.13623,-0.50000,0.50000,0.50000,0.50000,37.70000
-0.44200,-0.22849,0.13623,-0.50000,0.50000,0.50000,0.50000,37.80000
-0.44200,-0.22868,0.13623,-0.50000,0.50000,0.50000,0.50000,37.90000
-0.44200,-0.22886,0.13624,-0.50000,0.50000,0.50000,0.50000,38.00000
-0.44200,-0.22904,0.13624,-0.50000,0.50000,0.50000,0.50000,38.10000
-0.44200,-0.22920,0.13624,-0.50000,0.50000,0.50000,0.50000,38.20000
-0.44200,-0.22935,0.13624,-0.50000,0.50000,0.50000,0.50000,38.30000
-0.44200,-0.22948,0.13624,-0.50000,0.50000,0.50000,0.50000,38.40000
-0.44200,-0.22960,0.13624,-0.50000,0.50000,0.50000,0.50000,38.50000
-0.44200,-0.22970,0.13624,-0.50000,0.50000,0.50000,0.50000,38.60000
-0.44200,-0.22978,0.13624,-0.50000,0.50000,0.50000,0.50000,38.70000
-0.44200,-0.22985,0.13624,-0.50000,0.50000,0.50000,0.50000,38.80000
-0.44200,-0.22989,0.13624,-0.50000,0.50000,0.50000,0.50000,38.90000
-0.44200,-0.22992,0.13624,-0.50000,0.50000,0.50000,0.50000,39.00000
-0.44200,-0.22992,0.13624,-0.50000,0.50000,0.50000,0.50000,39.10000
-0.44200,-0.22990,0.13624,-0.50000,0.50000,0.50000,0.50000,39.20000
-0.44200,-0.22986,0.13624,-0.50000,0.50000,0.50000,0.50000,39.30000
-0.44200,-0.22980,0.13624,-0.50000,0.50000,0.50000,0.50000,39.40000
-0.44200,-0.22972,0.13624,-0.50000,0.50000,0.50000,0.50000,39.50000
-0.44200,-0.22961,0.13625,-0.50000,0.50000,0.50000,0.50000,39.60000
-0.44200,-0.22948,0.13625,-0.50000,0.50000,0.50000,0.50000,39.70000
-0.44200,-0.22933,0.13625,-0.50000,0.50000,0.50000,0.50000,39.80000
-0.44200,-0.22915,0.13625,-0.50000,0.50000,0.50000,0.50000,39.90000
-0.44200,-0.22896,0.13625,-0.50000,0.50000,0.50000,0.50000,40.00000
-0.44200,-0.22874,0.13625,-0.50000,0.50000,0.50000,0.50000,40.10000
-0.44200,-0.22850,0.13625,-0.50000,0.50000,0.50000,0.50000,40.20000
-0.44200,-0.22824,0.13625,-0.50000,0.50000,0.50000,0.50000,40.30000
-0.44200,-0.22797,0.13625,-0.50000,0.50000,0.50000,0.50000,40.40000
-0.44200,-0.22767,0.13625,-0.50000,0.50000,0.50000,0.50000,40.50000
-0.44200,-0.22736,0.13625,-0.50000,0.50000,0.50000,0.50000,40.60000
-0.44200,-0.22703,0.13625,-0.50000,0.50000,0.50000,0.50000,40.70000
-0.44200,-0.22669,0.13625,-0.50000,0.50000,0.50000,0.50000,40.80000
-0.44200,-0.22634,0.13625,-0.50000,0.50000,0.50000,0.50000,40.90000
-0.44200,-0.22597,0.13625,-0.50000,0.50000,0.50000,0.50000,41.00000
-0.44200,-0.22559,0.13625,-0.50000,0.50000,0.50000,0.50000,41.10000
-0.44200,-0.22521,0.13626,-0.50000,0.50000,0.50000,0.50000,41.20000
-0.44200,-0.22481,0.13626,-0.50000,0.50000,0.50000,0.50000,41.30000
-0.44200,-0.22441,0.13626,-0.50000,0.50000,0.50000,0.50000,41.40000
-0.44200,-0.22401,0.13626,-0.50000,0.50000,0.50000,0.50000,41.50000
-0.44200,-0.22360,0.13626,-0.50000,0.50000,0.50000,0.50000,41.60000
-0.44200,-0.22319,0.13626,-0.50000,0.50000,0.50000,0.50000,41.70000
-0.44200,-0.22279,0.13626,-0.50000,0.50000,0.50000,0.50000,41.80000
-0.44200,-0.22238,0.13626,-0.50000,0.50000,0.50000,0.50000,41.90000
-0.44200,-0.22198,0.13626,-0.50000,0.50000,0.50000,0.50000,42.00000
-0.44200,-0.22159,0.13626,-0.50000,0.50000,0.50000,0.50000,42.10000
-0.44200,-0.22120,0.13626,-0.50000,0.50000,0.50000,0.50000,42.20000
-0.44200,-0.22082,0.13626,-0.50000,0.50000,0.50000,0.50000,42.30000
-0.44200,-0.22045,0.13626,-0.50000,0.50000,0.50000,0.50000,42.40000
-0.44200,-0.22009,0.13626,-0.50000,0.50000,0.50000,0.50000,42.50000
-0.44200,-0.21974,0.13626,-0.50000,0.50000,0.50000,0.50000,42.60000
-0.44200,-0.21941,0.13626,-0.50000,0.50000,0.50000,0.50000,42.70000
-0.44200,-0.21910,0.13627,-0.50000,0.50000,0.50000,0.50000,42.80000
-0.44200,-0.21880,0.13627,-0.50000,0.50000,0.50000,0.50000,42.90000
-0.44200,-0.21852,0.13627,-0.50000,0.50000,0.50000,0.50000,43.00000
-0.44200,-0.21825,0.13627,-0.50000,0.50000,0.50000,0.50000,43.10000
-0.44200,-0.21801,0.13627,-0.50000,0.50000,0.50000,0.50000,43.20000
-0.44200,-0.21779,0.13627,-0.50000,0.50000,0.50000,0.50000,43.30000
-0.44200,-0.21758,0.13627,-0.50000,0.50000,0.50000,0.50000,43.40000
-0.44200,-0.21740,0.13627,-0.50000,0.50000,0.50000,0.50000,43.50000
-0.44200,-0.21724,0.13627,-0.50000,0.50000,0.50000,0.50000,43.60000
-0.44200,-0.21710,0.13627,-0.50000,0.50000,0.50000,0.50000,43.70000
-0.44200,-0.21699,0.13627,-0.50000,0.50000,0.50000,0.50000,43.80000
-0.44200,-0.21690,0.13627,-0.50000,0.50000,0.50000,0.50000,43.90000
-0.44200,-0.21682,0.13627,-0.50000,0.50000,0.50000,0.50000,44.00000
-0.44200,-0.21678,0.13627,-0.50000,0.50000,0.50000,0.50000,44.10000
-0.44200,-0.21675,0.13627,-0.50000,0.50000,0.50000,0.50000,44.20000
-0.44200,-0.21674,0.13627,-0.50000,0.50000,0.50000,0.50000,44.30000
-0.44200,-0.21676,0.13628,-0.50000,0.50000,0.50000,0.50000,44.40000
-0.44200,-0.21680,0.13628,-0.50000,0.50000,0.50000,0.50000,44.50000
-0.44200,-0.21685,0.13628,-0.50000,0.50000,0.50000,0.50000,44.60000
-0.44200,-0.21693,0.13628,-0.50000,0.50000,0.50000,0.50000,44.70000
-0.44200,-0.21702,0.13628,-0.50000,0.50000,0.50000,0.50000,44.80000
-0.44200,-0.21713,0.13628,-0.50000,0.50000,0.50000,0.50000,44.90000
-0.44200,-0.21725,0.13628,-0.50000,0.50000,0.50000,0.50000,45.00000
-0.44200,-0.21739,0.13628,-0.50000,0.50000,0.50000,0.50000,45.10000
-0.44200,-0.21754,0.13628,-0.50000,0.50000,0.50000,0.50000,45.20000
-0.44200,-0.21771,0.13628,-0.50000,0.50000,0.50000,0.50000,45.30000
-0.44200,-0.21788,0.13628,-0.50000,0.50000,0.50000,0.50000,45.40000
-0.44200,-0.21806,0.13628,-0.50000,0.50000,0.50000,0.50000,45.50000
-0.44200,-0.21825,0.13628,-0.50000,0.50000,0.50000,0.50000,45.60000
-0.44200,-0.21845,0.13628,-0.50000,0.50000,0.50000,0.50000,45.70000
-0.44200,-0.21865,0.13628,-0.50000,0.50000,0.50000,0.50000,45.80000
-0.44200,-0.21885,0.13628,-0.50000,0.50000,0.50000,0.50000,45.90000
-0.44200,-0.21906,0.13629,-0.50000,0.50000,0.50000,0.50000,46.00000
-0.44200,-0.21926,0.13629,-0.50000,0.50000,0.50000,0.50000,46.10000
-0.44200,-0.21946,0.13629,-0.50000,0.50000,0.50000,0.50000,46.20000
-0.44200,-0.21966,0.13629,-0.50000,0.50000,0.50000,0.50000,46.30000
-0.44200,-0.21985,0.13629,-0.50000,0.50000,0.50000,0.50000,46.40000
-0.44200,-0.22004,0.13629,-0.50000,0.50000,0.50000,0.50000,46.50000
-0.44200,-0.22021,0.13629,-0.50000,0.50000,0.50000,0.50000,46.60000
-0.44200,-0.22038,0.13629,-0.50000,0.50000,0.50000,0.50000,46.70000
-0.44200,-0.22054,0.13629,-0.50000,0.50000,0.50000,0.50000,46.80000
-0.44200,-0.22068,0.13629,-0.50000,0.50000,0.50000,0.50000,46.90000
-0.44200,-0.22081,0.13629,-0.50000,0.50000,0.50000,0.50000,47.00000
-0.44200,-0.22092,0.13629,-0.50000,0.50000,0.50000,0.50000,47.10000
-0.44200,-0.22102,0.13629,-0.50000,0.50000,0.50000,0.50000,47.20000
-0.44200,-0.22110,0.13629,-0.50000,0.50000,0.50000,0.50000,47.30000
-0.44200,-0.22116,0.13629,-0.50000,0.50000,0.50000,0.50000,47.40000
-0.44200,-0.22120,0.13629,-0.50000,0.50000,0.50000,0.50000,47.50000
-0.44200,-0.22123,0.13630,-0.50000,0.50000,0.50000,0.50000,47.60000
-0.44200,-0.22123,0.13630,-0.50000,0.50000,0.50000,0.50000,47.70000
-0.44200,-0.22121,0.13630,-0.50000,0.50000,0.50000,0.50000,47.80000
-0.44200,-0.22117,0.13630,-0.50000,0.50000,0.50000,0.50000,47.90000
-0.44200,-0.22111,0.13630,-0.50000,0.50000,0.50000,0.50000,48.00000
-0.44200,-0.22102,0.13630,-0.50000,0.50000,0.50000,0.50000,48.10000
-0.44200,-0.22091,0.13630,-0.50000,0.50000,0.50000,0.50000,48.20000
-0.44200,-0.22079,0.13630,-0.50000,0.50000,0.50000,0.50000,48.30000
-0.44200,-0.22064,0.13630,-0.50000,0.50000,0.50000,0.50000,48.40000
-0.44200,-0.22046,0.13630,-0.50000,0.50000,0.50000,0.50000,48.50000
-0.44200,-0.22027,0.13630,-0.50000,0.50000,0.50000,0.50000,48.60000
-0.44200,-0.22006,0.13630,-0.50000,0.50000,0.50000,0.50000,48.70000
-0.44200,-0.21982,0.13630,-0.50000,0.50000,0.50000,0.50000,48.80000
-0.44200,-0.21957,0.13630,-0.50000,0.50000,0.50000,0.50000,48.90000
-0.44200,-0.21930,0.13630,-0.50000,0.50000,0.50000,0.50000,49.00000
-0.44200,-0.21901,0.13630,-0.50000,0.50000,0.50000,0.50000,49.10000
-0.44200,-0.21870,0.13630,-0.50000,0.50000,0.50000,0.50000,49.20000
-0.44200,-0.21838,0.13631,-0.50000,0.50000,0.50000,0.50000,49.30000
-0.44200,-0.21804,0.13631,-0.50000,0.50000,0.50000,0.50000,49.40000
-0.44200,-0.21770,0.13631,-0.50000,0.50000,0.50000,0.50000,49.50000
-0.44200,-0.21733,0.13631,-0.50000,0.50000,0.50000,0.50000,49.60000
-0.44200,-0.21696,0.13631,-0.50000,0.50000,0.50000,0.50000,49.70000
-0.44200,-0.21658,0.13631,-0.50000,0.50000,0.50000,0.50000,49.80000
-0.44200,-0.21620,0.13631,-0.50000,0.50000,0.50000,0.50000,49.90000
-0.44200,-0.21580,0.13631,-0.50000,0.50000,0.50000,0.50000,50.00000
-0.44200,-0.21541,0.13631,-0.50000,0.50000,0.50000,0.50000,50.10000
-0.44200,-0.21501,0.13631,-0.50000,0.50000,0.50000,0.50000,50.20000
-0.44200,-0.21461,0.13631,-0.50000,0.50000,0.50000,0.50000,50.30000
-0.44200,-0.21421,0.13631,-0.50000,0.50000,0.50000,0.50000,50.40000
-0.44200,-0.21381,0.13631,-0.50000,0.50000,0.50000,0.50000,50.50000
-0.44200,-0.21341,0.13631,-0.50000,0.50000,0.50000,0.50000,50.60000
-0.44200,-0.21303,0.13631,-0.50000,0.50000,0.50000,0.50000,50.70000
-0.44200,-0.21264,0.13631,-0.50000,0.50000,0.50000,0.50000,50.80000
-0.44200,-0.21227,0.13632,-0.50000,0.50000,0.50000,0.50000,50.90000
-0.44200,-0.21191,0.13632,-0.50000,0.50000,0.50000,0.50000,51.00000
-0.44200,-0.21155,0.13632,-0.50000,0.50000,0.50000,0.50000,51.10000
-0.44200,-0.21121,0.13632,-0.50000,0.50000,0.50000,0.50000,51.20000
-0.44200,-0.21089,0.13632,-0.50000,0.50000,0.50000,0.50000,51.30000
-0.44200,-0.21057,0.13632,-0.50000,0.50000,0.50000,0.50000,51.40000
-0.44200,-0.21028,0.13632,-0.50000,0.50000,0.50000,0.50000,51.50000
-0.44200,-0.21000,0.13632,-0.50000,0.50000,0.50000,0.50000,51.60000
-0.44200,-0.20974,0.13632,-0.50000,0.50000,0.50000,0.50000,51.70000
-0.44200,-0.20950,0.13632,-0.50000,0.50000,0.50000,0.50000,51.80000
-0.44200,-0.20928,0.13632,-0.50000,0.50000,0.50000,0.50000,51.90000
-0.44200,-0.20908,0.13632,-0.50000,0.50000,0.50000,0.50000,52.00000
-0.44200,-0.20890,0.13632,-0.50000,0.50000,0.50000,0.50000,52.10000
-0.44200,-0.20874,0.13632,-0.50000,0.50000,0.50000,0.50000,52.20000
-0.44200,-0.20860,0.13632,-0.50000,0.50000,0.50000,0.50000,52.30000
-0.44200,-0.20849,0.13632,-0.50000,0.50000,0.50000,0.50000,52.40000
-0.44200,-0.20839,0.13633,-0.50000,0.50000,0.50000,0.50000,52.50000
-0.44200,-0.20832,0.13633,-0.50000,0.50000,0.50000,0.50000,52.60000
-0.44200,-0.20827,0.13633,-0.50000,0.50000,0.50000,0.50000,52.70000
-0.44200,-0.20824,0.13633,-0.50000,0.50000,0.50000,0.50000,52.80000
-0.44200,-0.20823,0.13633,-0.50000,0.50000,0.50000,0.50000,52.90000
-0.44200,-0.20824,0.13633,-0.50000,0.50000,0.50000,0.50000,53.00000
-0.44200,-0.20828,0.13633,-0.50000,0.50000,0.50000,0.50000,53.10000
-0.44200,-0.20833,0.13633,-0.50000,0.50000,0.50000,0.50000,53.20000
-0.44200,-0.20840,0.13633,-0.50000,0.50000,0.50000,0.50000,53.30000
-0.44200,-0.20848,0.13633,-0.50000,0.50000,0.50000,0.50000,53.40000
-0.44200,-0.20859,0.13633,-0.50000,0.50000,0.50000,0.50000,53.50000
-0.44200,-0.20871,0.13633,-0.50000,0.50000,0.50000,0.50000,53.60000
-0.44200,-0.20884,0.13633,-0.50000,0.50000,0.50000,0.50000,53.70000
-0.44200,-0.20899,0.13633,-0.50000,0.50000,0.50000,0.50000,53.80000
-0.44200,-0.20914,0.13633,-0.50000,0.50000,0.50000,0.50000,53.90000
-0.44200,-0.20931,0.13633,-0.50000,0.50000,0.50000,0.50000,54.00000
-0.44200,-0.20949,0.13634,-0.50000,0.50000,0.50000,0.50000,54.10000
-0.44200,-0.20967,0.13634,-0.50000,0.50000,0.50000,0.50000,54.20000
-0.44200,-0.20986,0.13634,-0.50000,0.50000,0.50000,0.50000,54.30000
-0.44200,-0.21005,0.13634,-0.50000,0.50000,0.50000,0.50000,54.40000
-0.44200,-0.21025,0.13634,-0.50000,0.50000,0.50000,0.50000,54.50000
-0.44200,-0.21045,0.13634,-0.50000,0.50000,0.50000,0.50000,54.60000
-0.44200,-0.21064,0.13634,-0.50000,0.50000,0.50000,0.50000,54.70000
-0.44200,-0.21084,0.13634,-0.50000,0.50000,0.50000,0.50000,54.80000
-0.44200,-0.21103,0.13634,-0.50000,0.50000,0.50000,0.50000,54.90000
-0.44200,-0.21121,0.13634,-0.50000,0.50000,0.50000,0.50000,55.00000
-0.44200,-0.21139,0.13634,-0.50000,0.50000,0.50000,0.50000,55.10000
-0.44200,-0.21156,0.13634,-0.50000,0.50000,0.50000,0.50000,55.20000
-0.44200,-0.21173,0.13634,-0.50000,0.50000,0.50000,0.50000,55.30000
-0.44200,-0.21188,0.13634,-0.50000,0.50000,0.50000,0.50000,55.40000
-0.44200,-0.21201,0.13634,-0.50000,0.50000,0.50000,0.50000,55.50000
-0.44200,-0.21214,0.13634,-0.50000,0.50000,0.50000,0.50000,55.60000
-0.44200,-0.21225,0.13635,-0.50000,0.50000,0.50000,0.50000,55.70000
-0.44200,-0.21234,0.13635,-0.50000,0.50000,0.50000,0.50000,55.80000
-0.44200,-0.21242,0.13635,-0.50000,0.50000,0.50000,0.50000,55.90000
-0.44200,-0.21248,0.13635,-0.50000,0.50000,0.50000,0.50000,56.00000
-0.44200,-0.21252,0.13635,-0.50000,0.50000,0.50000,0.50000,56.10000
-0.44200,-0.21254,0.13635,-0.50000,0.50000,0.50000,0.50000,56.20000
-0.44200,-0.21254,0.13635,-0.50000,0.50000,0.50000,0.50000,56.30000
-0.44200,-0.21252,0.13635,-0.50000,0.50000,0.50000,0.50000,56.40000
-0.44200,-0.21247,0.13635,-0.50000,0.50000,0.50000,0.50000,56.50000
-0.44200,-0.21241,0.13635,-0.50000,0.50000,0.50000,0.50000,56.60000
-0.44200,-0.21233,0.13635,-0.50000,0.50000,0.50000,0.50000,56.70000
-0.44200,-0.21222,0.13635,-0.50000,0.50000,0.50000,0.50000,56.80000
-0.44200,-0.21210,0.13635,-0.50000,0.50000,0.50000,0.50000,56.90000
-0.44200,-0.21195,0.13635,-0.50000,0.50000,0.50000,0.50000,57.00000
-0.44200,-0.21178,0.13635,-0.50000,0.50000,0.50000,0.50000,57.10000
-0.44200,-0.21159,0.13635,-0.50000,0.50000,0.50000,0.50000,57.20000
-0.44200,-0.21138,0.13636,-0.50000,0.50000,0.50000,0.50000,57.30000
-0.44200,-0.21115,0.13636,-0.50000,0.50000,0.50000,0.50000,57.40000
-0.44200,-0.21090,0.13636,-0.50000,0.50000,0.50000,0.50000,57.50000
-0.44200,-0.21063,0.13636,-0.50000,0.50000,0.50000,0.50000,57.60000
-0.44200,-0.21034,0.13636,-0.50000,0.50000,0.50000,0.50000,57.70000
-0.44200,-0.21004,0.13636,-0.50000,0.50000,0.50000,0.50000,57.80000
-0.44200,-0.20973,0.13636,-0.50000,0.50000,0.50000,0.50000,57.90000
-0.44200,-0.20940,0.13636,-0.50000,0.50000,0.50000,0.50000,58.00000
-0.44200,-0.20905,0.13636,-0.50000,0.50000,0.50000,0.50000,58.10000
-0.44200,-0.20870,0.13636,-0.50000,0.50000,0.50000,0.50000,58.20000
-0.44200,-0.20834,0.13636,-0.50000,0.50000,0.50000,0.50000,58.30000
-0.44200,-0.20796,0.13636,-0.50000,0.50000,0.50000,0.50000,58.40000
-0.44200,-0.20758,0.13636,-0.50000,0.50000,0.50000,0.50000,58.50000
-0.44200,-0.20720,0.13636,-0.50000,0.50000,0.50000,0.50000,58.60000
-0.44200,-0.20681,0.13636,-0.50000,0.50000,0.50000,0.50000,58.70000
-0.44200,-0.20641,0.13636,-0.50000,0.50000,0.50000,0.50000,58.80000
-0.44200,-0.20602,0.13637,-0.50000,0.50000,0.50000,0.50000,58.90000
-0.44200,-0.20563,0.13637,-0.50000,0.50000,0.50000,0.50000,59.00000
-0.44200,-0.20523,0.13637,-0.50000,0.50000,0.50000,0.50000,59.10000
-0.44200,-0.20485,0.13637,-0.50000,0.50000,0.50000,0.50000,59.20000
-0.44200,-0.20446,0.13637,-0.50000,0.50000,0.50000,0.50000,59.30000
-0.44200,-0.20409,0.13637,-0.50000,0.50000,0.50000,0.50000,59.40000
-0.44200,-0.20372,0.13637,-0.50000,0.50000,0.50000,0.50000,59.50000
-0.44200,-0.20336,0.13637,-0.50000,0.50000,0.50000,0.50000,59.60000
-0.44200,-0.20301,0.13637,-0.50000,0.50000,0.50000,0.50000,59.70000
-0.44200,-0.20268,0.13637,-0.50000,0.50000,0.50000,0.50000,59.80000
-0.44200,-0.20236,0.13637,-0.50000,0.50000,0.50000,0.50000,59.90000
-0.44200,-0.20205,0.13637,-0.50000,0.50000,0.50000,0.50000,60.00000
-0.44200,-0.20176,0.13637,-0.50000,0.50000,0.50000,0.50000,60.10000
-0.44200,-0.20148,0.13637,-0.50000,0.50000,0.50000,0.50000,60.20000
-0.44200,-0.20123,0.13637,-0.50000,0.50000,0.50000,0.50000,60.30000
-0.44200,-0.20099,0.13637,-0.50000,0.50000,0.50000,0.50000,60.40000
-0.44200,-0.20077,0.13637,-0.50000,0.50000,0.50000,0.50000,60.50000
-0.44200,-0.20057,0.13638,-0.50000,0.50000,0.50000,0.50000,60.60000
-0.44200,-0.20039,0.13638,-0.50000,0.50000,0.50000,0.50000,60.70000
-0.44200,-0.20023,0.13638,-0.50000,0.50000,0.50000,0.50000,60.80000
-0.44200,-0.20010,0.13638,-0.50000,0.50000,0.50000,0.50000,60.90000
-0.44200,-0.19998,0.13638,-0.50000,0.50000,0.50000,0.50000,61.00000
-0.44200,-0.19988,0.13638,-0.50000,0.50000,0.50000,0.50000,61.10000
-0.44200,-0.19981,0.13638,-0.50000,0.50000,0.50000,0.50000,61.20000
-0.44200,-0.19976,0.13638,-0.50000,0.50000,0.50000,0.50000,61.30000
-0.44200,-0.19973,0.13638,-0.50000,0.50000,0.50000,0.50000,61.40000
-0.44200,-0.19972,0.13638,-0.50000,0.50000,0.50000,0.50000,61.50000
-0.44200,-0.19973,0.13638,-0.50000,0.50000,0.50000,0.50000,61.60000
-0.44200,-0.19975,0.13638,-0.50000,0.50000,0.50000,0.50000,61.70000
-0.44200,-0.19980,0.13638,-0.50000,0.50000,0.50000,0.50000,61.80000
-0.44200,-0.19987,0.13638,-0.50000,0.50000,0.50000,0.50000,61.90000
-0.44200,-0.19995,0.13638,-0.50000,0.50000,0.50000,0.50000,62.00000
-0.44200,-0.20005,0.13638,-0.50000,0.50000,0.50000,0.50000,62.10000
-0.44200,-0.20016,0.13639,-0.50000,0.50000,0.50000,0.50000,62.20000
-0.44200,-0.20029,0.13639,-0.50000,0.50000,0.50000,0.50000,62.30000
-0.44200,-0.20043,0.13639,-0.50000,0.50000,0.50000,0.50000,62.40000
-0.44200,-0.20058,0.13639,-0.50000,0.50000,0.50000,0.50000,62.50000
-0.44200,-0.20074,0.13639,-0.50000,0.50000,0.50000,0.50000,62.60000
-0.44200,-0.20091,0.13639,-0.50000,0.50000,0.50000,0.50000,62.70000
-0.44200,-0.20109,0.13639,-0.50000,0.50000,0.50000,0.50000,62.80000
-0.44200,-0.20127,0.13639,-0.50000,0.50000,0.50000,0.50000,62.90000
-0.44200,-0.20146,0.13639,-0.50000,0.50000,0.50000,0.50000,63.00000
-0.44200,-0.20165,0.13639,-0.50000,0.50000,0.50000,0.50000,63.10000
-0.44200,-0.20184,0.13639,-0.50000,0.50000,0.50000,0.50000,63.20000
-0.44200,-0.20203,0.13639,-0.50000,0.50000,0.50000,0.50000,63.30000
-0.44200,-0.20221,0.13639,-0.50000,0.50000,0.50000,0.50000,63.40000
-0.44200,-0.20240,0.13639,-0.50000,0.50000,0.50000,0.50000,63.50000
-0.44200,-0.20258,0.13639,-0.50000,0.50000,0.50000,0.50000,63.60000
-0.44200,-0.20275,0.13639,-0.50000,0.50000,0.50000,0.50000,63.70000
-0.44200,-0.20292,0.13640,-0.50000,0.50000,0.50000,0.50000,63.80000
-0.44200,-0.20307,0.13640,-0.50000,0.50000,0.50000,0.50000,63.90000
-0.44200,-0.20322,0.13640,-0.50000,0.50000,0.50000,0.50000,64.00000
-0.44200,-0.20335,0.13640,-0.50000,0.50000,0.50000,0.50000,64.10000
-0.44200,-0.20347,0.13640,-0.50000,0.50000,0.50000,0.50000,64.20000
-0.44200,-0.20357,0.13640,-0.50000,0.50000,0.50000,0.50000,64.30000
-0.44200,-0.20366,0.13640,-0.50000,0.50000,0.50000,0.50000,64.40000
-0.44200,-0.20374,0.13640,-0.50000,0.50000,0.50000,0.50000,64.50000
-0.44200,-0.20379,0.13640,-0.50000,0.50000,0.50000,0.50000,64.60000
-0.44200,-0.20383,0.13640,-0.50000,0.50000,0.50000,0.50000,64.70000
-0.44200,-0.20385,0.13640,-0.50000,0.50000,0.50000,0.50000,64.80000
-0.44200,-0.20385,0.13640,-0.50000,0.50000,0.50000,0.50000,64.90000
-0.44200,-0.20383,0.13640,-0.50000,0.50000,0.50000,0.50000,65.00000
-0.44200,-0.20378,0.13640,-0.50000,0.50000,0.50000,0.50000,65.10000
-0.44200,-0.20372,0.13640,-0.50000,0.50000,0.50000,0.50000,65.20000
-0.44200,-0.20364,0.13640,-0.50000,0.50000,0.50000,0.50000,65.30000
-0.44200,-0.20353,0.13641,-0.50000,0.50000,0.50000,0.50000,65.40000
-0.44200,-0.20341,0.13641,-0.50000,0.50000,0.50000,0.50000,65.50000
-0.44200,-0.20326,0.13641,-0.50000,0.50000,0.50000,0.50000,65.60000
-0.44200,-0.20309,0.13641,-0.50000,0.50000,0.50000,0.50000,65.70000
-0.44200,-0.20290,0.13641,-0.50000,0.50000,0.50000,0.50000,65.80000
-0.44200,-0.20270,0.13641,-0.50000,0.50000,0.50000,0.50000,65.90000
-0.44200,-0.20247,0.13641,-0.50000,0.50000,0.50000,0.50000,66.00000
-0.44200,-0.20222,0.13641,-0.50000,0.50000,0.50000,0.50000,66.10000
-0.44200,-0.20196,0.13641,-0.50000,0.50000,0.50000,0.50000,66.20000
-0.44200,-0.20168,0.13641,-0.50000,0.50000,0.50000,0.50000,66.30000
-0.44200,-0.20139,0.13641,-0.50000,0.50000,0.50000,0.50000,66.40000
-0.44200,-0.20107,0.13641,-0.50000,0.50000,0.50000,0.50000,66.50000
-0.44200,-0.20075,0.13641,-0.50000,0.50000,0.50000,0.50000,66.60000
-0.44200,-0.20041,0.13641,-0.50000,0.50000,0.50000,0.50000,66.70000
-0.44200,-0.20007,0.13641,-0.50000,0.50000,0.50000,0.50000,66.80000
-0.44200,-0.19971,0.13641,-0.50000,0.50000,0.50000,0.50000,66.90000
-0.44200,-0.19934,0.13642,-0.50000,0.50000,0.50000,0.50000,67.00000
-0.44200,-0.19897,0.13642,-0.50000,0.50000,0.50000,0.50000,67.10000
-0.44200,-0.19859,0.13642,-0.50000,0.50000,0.50000,0.50000,67.20000
-0.44200,-0.19820,0.13642,-0.50000,0.50000,0.50000,0.50000,67.30000
-0.44200,-0.19782,0.13642,-0.50000,0.50000,0.50000,0.50000,67.40000
-0.44200,-0.19743,0.13642,-0.50000,0.50000,0.50000,0.50000,67.50000
-0.44200,-0.19704,0.13642,-0.50000,0.50000,0.50000,0.50000,67.60000
-0.44200,-0.19666,0.13642,-0.50000,0.50000,0.50000,0.50000,67.70000
-0.44200,-0.19628,0.13642,-0.50000,0.50000,0.50000,0.50000,67.80000
-0.44200,-0.19590,0.13642,-0.50000,0.50000,0.50000,0.50000,67.90000
-0.44200,-0.19553,0.13642,-0.50000,0.50000,0.50000,0.50000,68.00000
-0.44200,-0.19517,0.13642,-0.50000,0.50000,0.50000,0.50000,68.10000
-0.44200,-0.19482,0.13642,-0.50000,0.50000,0.50000,0.50000,68.20000
-0.44200,-0.19447,0.13642,-0.50000,0.50000,0.50000,0.50000,68.30000
-0.44200,-0.19414,0.13642,-0.50000,0.50000,0.50000,0.50000,68.40000
-0.44200,-0.19383,0.13642,-0.50000,0.50000,0.50000,0.50000,68.50000
-0.44200,-0.19352,0.13643,-0.50000,0.50000,0.50000,0.50000,68.60000
-0.44200,-0.19324,0.13643,-0.50000,0.50000,0.50000,0.50000,68.70000
-0.44200,-0.19297,0.13643,-0.50000,0.50000,0.50000,0.50000,68.80000
-0.44200,-0.19271,0.13643,-0.50000,0.50000,0.50000,0.50000,68.90000
-0.44200,-0.19248,0.13643,-0.50000,0.50000,0.50000,0.50000,69.00000
-0.44200,-0.19226,0.13643,-0.50000,0.50000,0.50000,0.50000,69.10000
-0.44200,-0.19206,0.13643,-0.50000,0.50000,0.50000,0.50000,69.20000
-0.44200,-0.19188,0.13643,-0.50000,0.50000,0.50000,0.50000,69.30000
-0.44200,-0.19172,0.13643,-0.50000,0.50000,0.50000,0.50000,69.40000
-0.44200,-0.19159,0.13643,-0.50000,0.50000,0.50000,0.50000,69.50000
-0.44200,-0.19147,0.13643,-0.50000,0.50000,0.50000,0.50000,69.60000
-0.44200,-0.19138,0.13643,-0.50000,0.50000,0.50000,0.50000,69.70000
-0.44200,-0.19130,0.13643,-0.50000,0.50000,0.50000,0.50000,69.80000
-0.44200,-0.19125,0.13643,-0.50000,0.50000,0.50000,0.50000,69.90000
-0.44200,-0.19121,0.13643,-0.50000,0.50000,0.50000,0.50000,70.00000
-0.44200,-0.19120,0.13643,-0.50000,0.50000,0.50000,0.50000,70.10000
-0.44200,-0.19121,0.13644,-0.50000,0.50000,0.50000,0.50000,70.20000
-0.44200,-0.19123,0.13644,-0.50000,0.50000,0.50000,0.50000,70.30000
-0.44200,-0.19127,0.13644,-0.50000,0.50000,0.50000,0.50000,70.40000
-0.44200,-0.19134,0.13644,-0.50000,0.50000,0.50000,0.50000,70.50000
-0.44200,-0.19141,0.13644,-0.50000,0.50000,0.50000,0.50000,70.60000
-0.44200,-0.19151,0.13644,-0.50000,0.50000,0.50000,0.50000,70.70000
-0.44200,-0.19161,0.13644,-0.50000,0.50000,0.50000,0.50000,70.80000
-0.44200,-0.19174,0.13644,-0.50000,0.50000,0.50000,0.50000,70.90000
-0.44200,-0.19187,0.13644,-0.50000,0.50000,0.50000,0.50000,71.00000
-0.44200,-0.19202,0.13644,-0.50000,0.50000,0.50000,0.50000,71.10000
-0.44200,-0.19217,0.13644,-0.50000,0.50000,0.50000,0.50000,71.20000
-0.44200,-0.19233,0.13644,-0.50000,0.50000,0.50000,0.50000,71.30000
-0.44200,-0.19250,0.13644,-0.50000,0.50000,0.50000,0.50000,71.40000
-0.44200,-0.19268,0.13644,-0.50000,0.50000,0.50000,0.50000,71.50000
-0.44200,-0.19286,0.13644,-0.50000,0.50000,0.50000,0.50000,71.60000
-0.44200,-0.19304,0.13644,-0.50000,0.50000,0.50000,0.50000,71.70000
-0.44200,-0.19323,0.13645,-0.50000,0.50000,0.50000,0.50000,71.80000
-0.44200,-0.19341,0.13645,-0.50000,0.50000,0.50000,0.50000,71.90000
-0.44200,-0.19359,0.13645,-0.50000,0.50000,0.50000,0.50000,72.00000
-0.44200,-0.19377,0.13645,-0.50000,0.50000,0.50000,0.50000,72.10000
-0.44200,-0.19394,0.13645,-0.50000,0.50000,0.50000,0.50000,72.20000
-0.44200,-0.19411,0.13645,-0.50000,0.50000,0.50000,0.50000,72.30000
-0.44200,-0.19427,0.13645,-0.50000,0.50000,0.50000,0.50000,72.40000
-0.44200,-0.19442,0.13645,-0.50000,0.50000,0.50000,0.50000,72.50000
-0.44200,-0.19456,0.13645,-0.50000,0.50000,0.50000,0.50000,72.60000
-0.44200,-0.19469,0.13645,-0.50000,0.50000,0.50000,0.50000,72.70000
-0.44200,-0.19480,0.13645,-0.50000,0.50000,0.50000,0.50000,72.80000
-0.44200,-0.19490,0.13645,-0.50000,0.50000,0.50000,0.50000,72.90000
-0.44200,-0.19499,0.13645,-0.50000,0.50000,0.50000,0.50000,73.00000
-0.44200,-0.19506,0.13645,-0.50000,0.50000,0.50000,0.50000,73.10000
-0.44200,-0.19511,0.13645,-0.50000,0.50000,0.50000,0.50000,73.20000
-0.44200,-0.19515,0.13645,-0.50000,0.50000,0.50000,0.50000,73.30000
-0.44200,-0.19516,0.13645,-0.50000,0.50000,0.50000,0.50000,73.40000
-0.44200,-0.19516,0.13646,-0.50000,0.50000,0.50000,0.50000,73.50000
-0.44200,-0.19514,0.13646,-0.50000,0.50000,0.50000,0.50000,73.60000
-0.44200,-0.19509,0.13646,-0.50000,0.50000,0.50000,0.50000,73.70000
-0.44200,-0.19503,0.13646,-0.50000,0.50000,0.50000,0.50000,73.80000
-0.44200,-0.19495,0.13646,-0.50000,0.50000,0.50000,0.50000,73.90000
-0.44200,-0.19484,0.13646,-0.50000,0.50000,0.50000,0.50000,74.00000
-0.44200,-0.19472,0.13646,-0.50000,0.50000,0.50000,0.50000,74.10000
-0.44200,-0.19457,0.13646,-0.50000,0.50000,0.50000,0.50000,74.20000
-0.44200,-0.19441,0.13646,-0.50000,0.50000,0.50000,0.50000,74.30000
-0.44200,-0.19422,0.13646,-0.50000,0.50000,0.50000,0.50000,74.40000
-0.44200,-0.19402,0.13646,-0.50000,0.50000,0.50000,0.50000,74.50000
-0.44200,-0.19380,0.13646,-0.50000,0.50000,0.50000,0.50000,74.60000
-0.44200,-0.19355,0.13646,-0.50000,0.50000,0.50000,0.50000,74.70000
-0.44200,-0.19330,0.13646,-0.50000,0.50000,0.50000,0.50000,74.80000
-0.44200,-0.19302,0.13646,-0.50000,0.50000,0.50000,0.50000,74.90000
-0.44200,-0.19273,0.13646,-0.50000,0.50000,0.50000,0.50000,75.00000
-0.44200,-0.19242,0.13647,-0.50000,0.50000,0.50000,0.50000,75.10000
-0.44200,-0.19210,0.13647,-0.50000,0.50000,0.50000,0.50000,75.20000
-0.44200,-0.19177,0.13647,-0.50000,0.50000,0.50000,0.50000,75.30000
-0.44200,-0.19143,0.13647,-0.50000,0.50000,0.50000,0.50000,75.40000
-0.44200,-0.19108,0.13647,-0.50000,0.50000,0.50000,0.50000,75.50000
-0.44200,-0.19072,0.13647,-0.50000,0.50000,0.50000,0.50000,75.60000
-0.44200,-0.19035,0.13647,-0.50000,0.50000,0.50000,0.50000,75.70000
-0.44200,-0.18998,0.13647,-0.50000,0.50000,0.50000,0.50000,75.80000
-0.44200,-0.18960,0.13647,-0.50000,0.50000,0.50000,0.50000,75.90000
-0.44200,-0.18922,0.13647,-0.50000,0.50000,0.50000,0.50000,76.00000
-0.44200,-0.18884,0.13647,-0.50000,0.50000,0.50000,0.50000,76.10000
-0.44200,-0.18846,0.13647,-0.50000,0.50000,0.50000,0.50000,76.20000
-0.44200,-0.18808,0.13647,-0.50000,0.50000,0.50000,0.50000,76.30000
-0.44200,-0.18771,0.13647,-0.50000,0.50000,0.50000,0.50000,76.40000
-0.44200,-0.18734,0.13647,-0.50000,0.50000,0.50000,0.50000,76.50000
-0.44200,-0.18697,0.13647,-0.50000,0.50000,0.50000,0.50000,76.60000
-0.44200,-0.18662,0.13648,-0.50000,0.50000,0.50000,0.50000,76.70000
-0.44200,-0.18627,0.13648,-0.50000,0.50000,0.50000,0.50000,76.80000
-0.44200,-0.18593,0.13648,-0.50000,0.50000,0.50000,0.50000,76.90000
-0.44200,-0.18561,0.13648,-0.50000,0.50000,0.50000,0.50000,77.00000
-0.44200,-0.18530,0.13648,-0.50000,0.50000,0.50000,0.50000,77.10000
-0.44200,-0.18500,0.13648,-0.50000,0.50000,0.50000,0.50000,77.20000
-0.44200,-0.18471,0.13648,-0.50000,0.50000,0.50000,0.50000,77.30000
-0.44200,-0.18444,0.13648,-0.50000,0.50000,0.50000,0.50000,77.40000
-0.44200,-0.18419,0.13648,-0.50000,0.50000,0.50000,0.50000,77.50000
-0.44200,-0.18396,0.13648,-0.50000,0.50000,0.50000,0.50000,77.60000
-0.44200,-0.18375,0.13648,-0.50000,0.50000,0.50000,0.50000,77.70000
-0.44200,-0.18355,0.13648,-0.50000,0.50000,0.50000,0.50000,77.80000
-0.44200,-0.18337,0.13648,-0.50000,0.50000,0.50000,0.50000,77.90000
-0.44200,-0.18322,0.13648,-0.50000,0.50000,0.50000,0.50000,78.00000
-0.44200,-0.18308,0.13648,-0.50000,0.50000,0.50000,0.50000,78.10000
-0.44200,-0.18296,0.13648,-0.50000,0.50000,0.50000,0.50000,78.20000
-0.44200,-0.18287,0.13649,-0.50000,0.50000,0.50000,0.50000,78.30000
-0.44200,-0.18279,0.13649,-0.50000,0.50000,0.50000,0.50000,78.40000
-0.44200,-0.18273,0.13649,-0.50000,0.50000,0.50000,0.50000,78.50000
-0.44200,-0.18270,0.13649,-0.50000,0.50000,0.50000,0.50000,78.60000
-0.44200,-0.18268,0.13649,-0.50000,0.50000,0.50000,0.50000,78.70000
-0.44200,-0.18269,0.13649,-0.50000,0.50000,0.50000,0.50000,78.80000
-0.44200,-0.18271,0.13649,-0.50000,0.50000,0.50000,0.50000,78.90000
-0.44200,-0.18275,0.13649,-0.50000,0.50000,0.50000,0.50000,79.00000
-0.44200,-0.18280,0.13649,-0.50000,0.50000,0.50000,0.50000,79.10000
-0.44200,-0.18288,0.13649,-0.50000,0.50000,0.50000,0.50000,79.20000
-0.44200,-0.18296,0.13649,-0.50000,0.50000,0.50000,0.50000,79.30000
-0.44200,-0.18307,0.13649,-0.50000,0.50000,0.50000,0.50000,79.40000
-0.44200,-0.18318,0.13649,-0.50000,0.50000,0.50000,0.50000,79.50000
-0.44200,-0.18331,0.13649,-0.50000,0.50000,0.50000,0.50000,79.60000
-0.44200,-0.18345,0.13649,-0.50000,0.50000,0.50000,0.50000,79.70000
-0.44200,-0.18360,0.13649,-0.50000,0.50000,0.50000,0.50000,79.80000
-0.44200,-0.18376,0.13650,-0.50000,0.50000,0.50000,0.50000,79.90000
-0.44200,-0.18392,0.13650,-0.50000,0.50000,0.50000,0.50000,80.00000
-0.44200,-0.18409,0.13650,-0.50000,0.50000,0.50000,0.50000,80.10000
-0.44200,-0.18426,0.13650,-0.50000,0.50000,0.50000,0.50000,80.20000
-0.44200,-0.18444,0.13650,-0.50000,0.50000,0.50000,0.50000,80.30000
-0.44200,-0.18462,0.13650,-0.50000,0.50000,0.50000,0.50000,80.40000
-0.44200,-0.18480,0.13650,-0.50000,0.50000,0.50000,0.50000,80.50000
-0.44200,-0.18497,0.13650,-0.50000,0.50000,0.50000,0.50000,80.60000
-0.44200,-0.18514,0.13650,-0.50000,0.50000,0.50000,0.50000,80.70000
-0.44200,-0.18531,0.13650,-0.50000,0.50000,0.50000,0.50000,80.80000
-0.44200,-0.18547,0.13650,-0.50000,0.50000,0.50000,0.50000,80.90000
-0.44200,-0.18562,0.13650,-0.50000,0.50000,0.50000,0.50000,81.00000
-0.44200,-0.18577,0.13650,-0.50000,0.50000,0.50000,0.50000,81.10000
-0.44200,-0.18590,0.13650,-0.50000,0.50000,0.50000,0.50000,81.20000
-0.44200,-0.18603,0.13650,-0.50000,0.50000,0.50000,0.50000,81.30000
-0.44200,-0.18614,0.13650,-0.50000,0.50000,0.50000,0.50000,81.40000
-0.44200,-0.18623,0.13651,-0.50000,0.50000,0.50000,0.50000,81.50000
-0.44200,-0.18632,0.13651,-0.50000,0.50000,0.50000,0.50000,81.60000
-0.44200,-0.18638,0.13651,-0.50000,0.50000,0.50000,0.50000,81.70000
-0.44200,-0.18643,0.13651,-0.50000,0.50000,0.50000,0.50000,81.80000
-0.44200,-0.18646,0.13651,-0.50000,0.50000,0.50000,0.50000,81.90000
-0.44200,-0.18648,0.13651,-0.50000,0.50000,0.50000,0.50000,82.00000
-0.44200,-0.18647,0.13651,-0.50000,0.50000,0.50000,0.50000,82.10000
-0.44200,-0.18645,0.13651,-0.50000,0.50000,0.50000,0.50000,82.20000
-0.44200,-0.18641,0.13651,-0.50000,0.50000,0.50000,0.50000,82.30000
-0.44200,-0.18634,0.13651,-0.50000,0.50000,0.50000,0.50000,82.40000
-0.44200,-0.18626,0.13651,-0.50000,0.50000,0.50000,0.50000,82.50000
-0.44200,-0.18616,0.13651,-0.50000,0.50000,0.50000,0.50000,82.60000
-0.44200,-0.18603,0.13651,-0.50000,0.50000,0.50000,0.50000,82.70000
-0.44200,-0.18589,0.13651,-0.50000,0.50000,0.50000,0.50000,82.80000
-0.44200,-0.18573,0.13651,-0.50000,0.50000,0.50000,0.50000,82.90000
-0.44200,-0.18554,0.13651,-0.50000,0.50000,0.50000,0.50000,83.00000
-0.44200,-0.18534,0.13652,-0.50000,0.50000,0.50000,0.50000,83.10000
-0.44200,-0.18512,0.13652,-0.50000,0.50000,0.50000,0.50000,83.20000
-0.44200,-0.18489,0.13652,-0.50000,0.50000,0.50000,0.50000,83.30000
-0.44200,-0.18463,0.13652,-0.50000,0.50000,0.50000,0.50000,83.40000
-0.44200,-0.18436,0.13652,-0.50000,0.50000,0.50000,0.50000,83.50000
-0.44200,-0.18407,0.13652,-0.50000,0.50000,0.50000,0.50000,83.60000
-0.44200,-0.18377,0.13652,-0.50000,0.50000,0.50000,0.50000,83.70000
-0.44200,-0.18346,0.13652,-0.50000,0.50000,0.50000,0.50000,83.80000
-0.44200,-0.18313,0.13652,-0.50000,0.50000,0.50000,0.50000,83.90000
-0.44200,-0.18280,0.13652,-0.50000,0.50000,0.50000,0.50000,84.00000
-0.44200,-0.18245,0.13652,-0.50000,0.50000,0.50000,0.50000,84.10000
-0.44200,-0.18210,0.13652,-0.50000,0.50000,0.50000,0.50000,84.20000
-0.44200,-0.18174,0.13652,-0.50000,0.50000,0.50000,0.50000,84.30000
-0.44200,-0.18137,0.13652,-0.50000,0.50000,0.50000,0.50000,84.40000
-0.44200,-0.18100,0.13652,-0.50000,0.50000,0.50000,0.50000,84.50000
-0.44200,-0.18063,0.13652,-0.50000,0.50000,0.50000,0.50000,84.60000
-0.44200,-0.18025,0.13652,-0.50000,0.50000,0.50000,0.50000,84.70000
-0.44200,-0.17988,0.13653,-0.50000,0.50000,0.50000,0.50000,84.80000
-0.44200,-0.17951,0.13653,-0.50000,0.50000,0.50000,0.50000,84.90000
-0.44200,-0.17914,0.13653,-0.50000,0.50000,0.50000,0.50000,85.00000
-0.44200,-0.17877,0.13653,-0.50000,0.50000,0.50000,0.50000,85.10000
-0.44200,-0.17842,0.13653,-0.50000,0.50000,0.50000,0.50000,85.20000
-0.44200,-0.17806,0.13653,-0.50000,0.50000,0.50000,0.50000,85.30000
-0.44200,-0.17772,0.13653,-0.50000,0.50000,0.50000,0.50000,85.40000
-0.44200,-0.17739,0.13653,-0.50000,0.50000,0.50000,0.50000,85.50000
-0.44200,-0.17707,0.13653,-0.50000,0.50000,0.50000,0.50000,85.60000
-0.44200,-0.17676,0.13653,-0.50000,0.50000,0.50000,0.50000,85.70000
-0.44200,-0.17647,0.13653,-0.50000,0.50000,0.50000,0.50000,85.80000
-0.44200,-0.17619,0.13653,-0.50000,0.50000,0.50000,0.50000,85.90000
-0.44200,-0.17592,0.13653,-0.50000,0.50000,0.50000,0.50000,86.00000
-0.44200,-0.17567,0.13653,-0.50000,0.50000,0.50000,0.50000,86.10000
-0.44200,-0.17544,0.13653,-0.50000,0.50000,0.50000,0.50000,86.20000
-0.44200,-0.17523,0.13653,-0.50000,0.50000,0.50000,0.50000,86.30000
-0.44200,-0.17504,0.13654,-0.50000,0.50000,0.50000,0.50000,86.40000
-0.44200,-0.17486,0.13654,-0.50000,0.50000,0.50000,0.50000,86.50000
-0.44200,-0.17470,0.13654,-0.50000,0.50000,0.50000,0.50000,86.60000
-0.44200,-0.17457,0.13654,-0.50000,0.50000,0.50000,0.50000,86.70000
-0.44200,-0.17445,0.13654,-0.50000,0.50000,0.50000,0.50000,86.80000
-0.44200,-0.17435,0.13654,-0.50000,0.50000,0.50000,0.50000,86.90000
-0.44200,-0.17428,0.13654,-0.50000,0.50000,0.50000,0.50000,87.00000
-0.44200,-0.17422,0.13654,-0.50000,0.50000,0.50000,0.50000,87.10000
-0.44200,-0.17418,0.13654,-0.50000,0.50000,0.50000,0.50000,87.20000
-0.44200,-0.17416,0.13654,-0.50000,0.50000,0.50000,0.50000,87.30000
-0.44200,-0.17416,0.13654,-0.50000,0.50000,0.50000,0.50000,87.40000
-0.44200,-0.17418,0.13654,-0.50000,0.50000,0.50000,0.50000,87.50000
-0.44200,-0.17422,0.13654,-0.50000,0.50000,0.50000,0.50000,87.60000
-0.44200,-0.17427,0.13654,-0.50000,0.50000,0.50000,0.50000,87.70000
-0.44200,-0.17434,0.13654,-0.50000,0.50000,0.50000,0.50000,87.80000
-0.44200,-0.17442,0.13654,-0.50000,0.50000,0.50000,0.50000,87.90000
-0.44200,-0.17452,0.13655,-0.50000,0.50000,0.50000,0.50000,88.00000
-0.44200,-0.17463,0.13655,-0.50000,0.50000,0.50000,0.50000,88.10000
-0.44200,-0.17475,0.13655,-0.50000,0.50000,0.50000,0.50000,88.20000
-0.44200,-0.17489,0.13655,-0.50000,0.50000,0.50000,0.50000,88.30000
-0.44200,-0.17503,0.13655,-0.50000,0.50000,0.50000,0.50000,88.40000
-0.44200,-0.17518,0.13655,-0.50000,0.50000,0.50000,0.50000,88.50000
-0.44200,-0.17534,0.13655,-0.50000,0.50000,0.50000,0.50000,88.60000
-0.44200,-0.17550,0.13655,-0.50000,0.50000,0.50000,0.50000,88.70000
-0.44200,-0.17567,0.13655,-0.50000,0.50000,0.50000,0.50000,88.80000
-0.44200,-0.17584,0.13655,-0.50000,0.50000,0.50000,0.50000,88.90000
-0.44200,-0.17601,0.13655,-0.50000,0.50000,0.50000,0.50000,89.00000
-0.44200,-0.17618,0.13655,-0.50000,0.50000,0.50000,0.50000,89.10000
-0.44200,-0.17635,0.13655,-0.50000,0.50000,0.50000,0.50000,89.20000
-0.44200,-0.17652,0.13655,-0.50000,0.50000,0.50000,0.50000,89.30000
-0.44200,-0.17668,0.13655,-0.50000,0.50000,0.50000,0.50000,89.40000
-0.44200,-0.17683,0.13655,-0.50000,0.50000,0.50000,0.50000,89.50000
-0.44200,-0.17698,0.13656,-0.50000,0.50000,0.50000,0.50000,89.60000
-0.44200,-0.17712,0.13656,-0.50000,0.50000,0.50000,0.50000,89.70000
-0.44200,-0.17725,0.13656,-0.50000,0.50000,0.50000,0.50000,89.80000
-0.44200,-0.17737,0.13656,-0.50000,0.50000,0.50000,0.50000,89.90000
-0.44200,-0.17747,0.13656,-0.50000,0.50000,0.50000,0.50000,90.00000
-0.44200,-0.17757,0.13656,-0.50000,0.50000,0.50000,0.50000,90.10000
-0.44200,-0.17765,0.13656,-0.50000,0.50000,0.50000,0.50000,90.20000
-0.44200,-0.17771,0.13656,-0.50000,0.50000,0.50000,0.50000,90.30000
-0.44200,-0.17776,0.13656,-0.50000,0.50000,0.50000,0.50000,90.40000
-0.44200,-0.17778,0.13656,-0.50000,0.50000,0.50000,0.50000,90.50000
-0.44200,-0.17780,0.13656,-0.50000,0.50000,0.50000,0.50000,90.60000
-0.44200,-0.17779,0.13656,-0.50000,0.50000,0.50000,0.50000,90.70000
-0.44200,-0.17777,0.13656,-0.50000,0.50000,0.50000,0.50000,90.80000
-0.44200,-0.17772,0.13656,-0.50000,0.50000,0.50000,0.50000,90.90000
-0.44200,-0.17766,0.13656,-0.50000,0.50000,0.50000,0.50000,91.00000
-0.44200,-0.17758,0.13656,-0.50000,0.50000,0.50000,0.50000,91.10000
-0.44200,-0.17747,0.13657,-0.50000,0.50000,0.50000,0.50000,91.20000
-0.44200,-0.17735,0.13657,-0.50000,0.50000,0.50000,0.50000,91.30000
-0.44200,-0.17721,0.13657,-0.50000,0.50000,0.50000,0.50000,91.40000
-0.44200,-0.17705,0.13657,-0.50000,0.50000,0.50000,0.50000,91.50000
-0.44200,-0.17687,0.13657,-0.50000,0.50000,0.50000,0.50000,91.60000
-0.44200,-0.17667,0.13657,-0.50000,0.50000,0.50000,0.50000,91.70000
-0.44200,-0.17645,0.13657,-0.50000,0.50000,0.50000,0.50000,91.80000
-0.44200,-0.17622,0.13657,-0.50000,0.50000,0.50000,0.50000,91.90000
-0.44200,-0.17597,0.13657,-0.50000,0.50000,0.50000,0.50000,92.00000
-0.44200,-0.17570,0.13657,-0.50000,0.50000,0.50000,0.50000,92.10000
-0.44200,-0.17542,0.13657,-0.50000,0.50000,0.50000,0.50000,92.20000
-0.44200,-0.17512,0.13657,-0.50000,0.50000,0.50000,0.50000,92.30000
-0.44200,-0.17482,0.13657,-0.50000,0.50000,0.50000,0.50000,92.40000
-0.44200,-0.17450,0.13657,-0.50000,0.50000,0.50000,0.50000,92.50000
-0.44200,-0.17417,0.13657,-0.50000,0.50000,0.50000,0.50000,92.60000
-0.44200,-0.17383,0.13657,-0.50000,0.50000,0.50000,0.50000,92.70000
-0.44200,-0.17348,0.13658,-0.50000,0.50000,0.50000,0.50000,92.80000
-0.44200,-0.17312,0.13658,-0.50000,0.50000,0.50000,0.50000,92.90000
-0.44200,-0.17276,0.13658,-0.50000,0.50000,0.50000,0.50000,93.00000
-0.44200,-0.17240,0.13658,-0.50000,0.50000,0.50000,0.50000,93.10000
-0.44200,-0.17203,0.13658,-0.50000,0.50000,0.50000,0.50000,93.20000
-0.44200,-0.17166,0.13658,-0.50000,0.50000,0.50000,0.50000,93.30000
-0.44200,-0.17130,0.13658,-0.50000,0.50000,0.50000,0.50000,93.40000
-0.44200,-0.17093,0.13658,-0.50000,0.50000,0.50000,0.50000,93.50000
-0.44200,-0.17057,0.13658,-0.50000,0.50000,0.50000,0.50000,93.60000
-0.44200,-0.17021,0.13658,-0.50000,0.50000,0.50000,0.50000,93.70000
-0.44200,-0.16986,0.13658,-0.50000,0.50000,0.50000,0.50000,93.80000
-0.44200,-0.16951,0.13658,-0.50000,0.50000,0.50000,0.50000,93.90000
-0.44200,-0.16917,0.13658,-0.50000,0.50000,0.50000,0.50000,94.00000
-0.44200,-0.16885,0.13658,-0.50000,0.50000,0.50000,0.50000,94.10000
-0.44200,-0.16853,0.13658,-0.50000,0.50000,0.50000,0.50000,94.20000
-0.44200,-0.16823,0.13658,-0.50000,0.50000,0.50000,0.50000,94.30000
-0.44200,-0.16794,0.13659,-0.50000,0.50000,0.50000,0.50000,94.40000
-0.44200,-0.16766,0.13659,-0.50000,0.50000,0.50000,0.50000,94.50000
-0.44200,-0.16740,0.13659,-0.50000,0.50000,0.50000,0.50000,94.60000
-0.44200,-0.16715,0.13659,-0.50000,0.50000,0.50000,0.50000,94.70000
-0.44200,-0.16692,0.13659,-0.50000,0.50000,0.50000,0.50000,94.80000
-0.44200,-0.16671,0.13659,-0.50000,0.50000,0.50000,0.50000,94.90000
-0.44200,-0.16652,0.13659,-0.50000,0.50000,0.50000,0.50000,95.00000
-0.44200,-0.16635,0.13659,-0.50000,0.50000,0.50000,0.50000,95.10000
-0.44200,-0.16619,0.13659,-0.50000,0.50000,0.50000,0.50000,95.20000
-0.44200,-0.16605,0.13659,-0.50000,0.50000,0.50000,0.50000,95.30000
-0.44200,-0.16594,0.13659,-0.50000,0.50000,0.50000,0.50000,95.40000
-0.44200,-0.16584,0.13659,-0.50000,0.50000,0.50000,0.50000,95.50000
-0.44200,-0.16576,0.13659,-0.50000,0.50000,0.50000,0.50000,95.60000
-0.44200,-0.16570,0.13659,-0.50000,0.50000,0.50000,0.50000,95.70000
-0.44200,-0.16566,0.13659,-0.50000,0.50000,0.50000,0.50000,95.80000
-0.44200,-0.16564,0.13659,-0.50000,0.50000,0.50000,0.50000,95.90000
-0.44200,-0.16564,0.13660,-0.50000,0.50000,0.50000,0.50000,96.00000
-0.44200,-0.16565,0.13660,-0.50000,0.50000,0.50000,0.50000,96.10000
-0.44200,-0.16568,0.13660,-0.50000,0.50000,0.50000,0.50000,96.20000
-0.44200,-0.16573,0.13660,-0.50000,0.50000,0.50000,0.50000,96.30000
-0.44200,-0.16580,0.13660,-0.50000,0.50000,0.50000,0.50000,96.40000
-0.44200,-0.16588,0.13660,-0.50000,0.50000,0.50000,0.50000,96.50000
-0.44200,-0.16597,0.13660,-0.50000,0.50000,0.50000,0.50000,96.60000
-0.44200,-0.16608,0.13660,-0.50000,0.50000,0.50000,0.50000,96.70000
-0.44200,-0.16619,0.13660,-0.50000,0.50000,0.50000,0.50000,96.80000
-0.44200,-0.16632,0.13660,-0.50000,0.50000,0.50000,0.50000,96.90000
-0.44200,-0.16646,0.13660,-0.50000,0.50000,0.50000,0.50000,97.00000
-0.44200,-0.16660,0.13660,-0.50000,0.50000,0.50000,0.50000,97.10000
-0.44200,-0.16675,0.13660,-0.50000,0.50000,0.50000,0.50000,97.20000
-0.44200,-0.16691,0.13660,-0.50000,0.50000,0.50000,0.50000,97.30000
-0.44200,-0.16707,0.13660,-0.50000,0.50000,0.50000,0.50000,97.40000
-0.44200,-0.16724,0.13660,-0.50000,0.50000,0.50000,0.50000,97.50000
-0.44200,-0.16740,0.13660,-0.50000,0.50000,0.50000,0.50000,97.60000
-0.44200,-0.16757,0.13661,-0.50000,0.50000,0.50000,0.50000,97.70000
-0.44200,-0.16773,0.13661,-0.50000,0.50000,0.50000,0.50000,97.80000
-0.44200,-0.16789,0.13661,-0.50000,0.50000,0.50000,0.50000,97.90000
-0.44200,-0.16805,0.13661,-0.50000,0.50000,0.50000,0.50000,98.00000
-0.44200,-0.16819,0.13661,-0.50000,0.50000,0.50000,0.50000,98.10000
-0.44200,-0.16834,0.13661,-0.50000,0.50000,0.50000,0.50000,98.20000
-0.44200,-0.16847,0.13661,-0.50000,0.50000,0.50000,0.50000,98.30000
-0.44200,-0.16860,0.13661,-0.50000,0.50000,0.50000,0.50000,98.40000
-0.44200,-0.16871,0.13661,-0.50000,0.50000,0.50000,0.50000,98.50000
-0.44200,-0.16881,0.13661,-0.50000,0.50000,0.50000,0.50000,98.60000
-0.44200,-0.16890,0.13661,-0.50000,0.50000,0.50000,0.50000,98.70000
-0.44200,-0.16898,0.13661,-0.50000,0.50000,0.50000,0.50000,98.80000
-0.44200,-0.16904,0.13661,-0.50000,0.50000,0.50000,0.50000,98.90000
-0.44200,-0.16908,0.13661,-0.50000,0.50000,0.50000,0.50000,99.00000
-0.44200,-0.16911,0.13661,-0.50000,0.50000,0.50000,0.50000,99.10000
-0.44200,-0.16912,0.13661,-0.50000,0.50000,0.50000,0.50000,99.20000
-0.44200,-0.16911,0.13662,-0.50000,0.50000,0.50000,0.50000,99.30000
-0.44200,-0.16908,0.13662,-0.50000,0.50000,0.50000,0.50000,99.40000
-0.44200,-0.16904,0.13662,-0.50000,0.50000,0.50000,0.50000,99.50000
-0.44200,-0.16898,0.13662,-0.50000,0.50000,0.50000,0.50000,99.60000
-0.44200,-0.16889,0.13662,-0.50000,0.50000,0.50000,0.50000,99.70000
-0.44200,-0.16879,0.13662,-0.50000,0.50000,0.50000,0.50000,99.80000
-0.44200,-0.16867,0.13662,-0.50000,0.50000,0.50000,0.50000,99.90000
-0.44200,-0.16853,0.13662,-0.50000,0.50000,0.50000,0.50000,100.00000
-0.44200,-0.16837,0.13662,-0.50000,0.50000,0.50000,0.50000,100.10000
-0.44200,-0.16819,0.13662,-0.50000,0.50000,0.50000,0.50000,100.20000
-0.44200,-0.16800,0.13662,-0.50000,0.50000,0.50000,0.50000,100.30000
-0.44200,-0.16778,0.13662,-0.50000,0.50000,0.50000,0.50000,100.40000
-0.44200,-0.16755,0.13662,-0.50000,0.50000,0.50000,0.50000,100.50000
-0.44200,-0.16731,0.13662,-0.50000,0.50000,0.50000,0.50000,100.60000
-0.44200,-0.16704,0.13662,-0.50000,0.50000,0.50000,0.50000,100.70000
-0.44200,-0.16677,0.13662,-0.50000,0.50000,0.50000,0.50000,100.80000
-0.44200,-0.16648,0.13663,-0.50000,0.50000,0.50000,0.50000,100.90000
-0.44200,-0.16617,0.13663,-0.50000,0.50000,0.50000,0.50000,101.00000
-0.44200,-0.16586,0.13663,-0.50000,0.50000,0.50000,0.50000,101.10000
-0.44200,-0.16553,0.13663,-0.50000,0.50000,0.50000,0.50000,101.20000
-0.44200,-0.16520,0.13663,-0.50000,0.50000,0.50000,0.50000,101.30000
-0.44200,-0.16486,0.13663,-0.50000,0.50000,0.50000,0.50000,101.40000
-0.44200,-0.16451,0.13663,-0.50000,0.50000,0.50000,0.50000,101.50000
-0.44200,-0.16415,0.13663,-0.50000,0.50000,0.50000,0.50000,101.60000
-0.44200,-0.16380,0.13663,-0.50000,0.50000,0.50000,0.50000,101.70000
-0.44200,-0.16344,0.13663,-0.50000,0.50000,0.50000,0.50000,101.80000
-0.44200,-0.16307,0.13663,-0.50000,0.50000,0.50000,0.50000,101.90000
-0.44200,-0.16271,0.13663,-0.50000,0.50000,0.50000,0.50000,102.00000
-0.44200,-0.16235,0.13663,-0.50000,0.50000,0.50000,0.50000,102.10000
-0.44200,-0.16199,0.13663,-0.50000,0.50000,0.50000,0.50000,102.20000
-0.44200,-0.16164,0.13663,-0.50000,0.50000,0.50000,0.50000,102.30000
-0.44200,-0.16129,0.13663,-0.50000,0.50000,0.50000,0.50000,102.40000
-0.44200,-0.16095,0.13664,-0.50000,0.50000,0.50000,0.50000,102.50000
-0.44200,-0.16062,0.13664,-0.50000,0.50000,0.50000,0.50000,102.60000
-0.44200,-0.16030,0.13664,-0.50000,0.50000,0.50000,0.50000,102.70000
-0.44200,-0.15999,0.13664,-0.50000,0.50000,0.50000,0.50000,102.80000
-0.44200,-0.15969,0.13664,-0.50000,0.50000,0.50000,0.50000,102.90000
-0.44200,-0.15940,0.13664,-0.50000,0.50000,0.50000,0.50000,103.00000
-0.44200,-0.15913,0.13664,-0.50000,0.50000,0.50000,0.50000,103.10000
-0.44200,-0.15887,0.13664,-0.50000,0.50000,0.50000,0.50000,103.20000
-0.44200,-0.15863,0.13664,-0.50000,0.50000,0.50000,0.50000,103.30000
-0.44200,-0.15840,0.13664,-0.50000,0.50000,0.50000,0.50000,103.40000
-0.44200,-0.15819,0.13664,-0.50000,0.50000,0.50000,0.50000,103.50000
-0.44200,-0.15800,0.13664,-0.50000,0.50000,0.50000,0.50000,103.60000
-0.44200,-0.15783,0.13664,-0.50000,0.50000,0.50000,0.50000,103.70000
-0.44200,-0.15767,0.13664,-0.50000,0.50000,0.50000,0.50000,103.80000
-0.44200,-0.15754,0.13664,-0.50000,0.50000,0.50000,0.50000,103.90000
-0.44200,-0.15742,0.13664,-0.50000,0.50000,0.50000,0.50000,104.00000
-0.44200,-0.15732,0.13665,-0.50000,0.50000,0.50000,0.50000,104.10000
-0.44200,-0.15724,0.13665,-0.50000,0.50000,0.50000,0.50000,104.20000
-0.44200,-0.15718,0.13665,-0.50000,0.50000,0.50000,0.50000,104.30000
-0.44200,-0.15714,0.13665,-0.50000,0.50000,0.50000,0.50000,104.40000
-0.44200,-0.15712,0.13665,-0.50000,0.50000,0.50000,0.50000,104.50000
-0.44200,-0.15711,0.13665,-0.50000,0.50000,0.50000,0.50000,104.60000
-0.44200,-0.15712,0.13665,-0.50000,0.50000,0.50000,0.50000,104.70000
-0.44200,-0.15715,0.13665,-0.50000,0.50000,0.50000,0.50000,104.80000
-0.44200,-0.15720,0.13665,-0.50000,0.50000,0.50000,0.50000,104.90000
-0.44200,-0.15726,0.13665,-0.50000,0.50000,0.50000,0.50000,105.00000
-0.44200,-0.15733,0.13665,-0.50000,0.50000,0.50000,0.50000,105.10000
-0.44200,-0.15742,0.13665,-0.50000,0.50000,0.50000,0.50000,105.20000
-0.44200,-0.15752,0.13665,-0.50000,0.50000,0.50000,0.50000,105.30000
-0.44200,-0.15763,0.13665,-0.50000,0.50000,0.50000,0.50000,105.40000
-0.44200,-0.15775,0.13665,-0.50000,0.50000,0.50000,0.50000,105.50000
-0.44200,-0.15789,0.13665,-0.50000,0.50000,0.50000,0.50000,105.60000
-0.44200,-0.15803,0.13666,-0.50000,0.50000,0.50000,0.50000,105.70000
-0.44200,-0.15817,0.13666,-0.50000,0.50000,0.50000,0.50000,105.80000
-0.44200,-0.15832,0.13666,-0.50000,0.50000,0.50000,0.50000,105.90000
-0.44200,-0.15848,0.13666,-0.50000,0.50000,0.50000,0.50000,106.00000
-0.44200,-0.15864,0.13666,-0.50000,0.50000,0.50000,0.50000,106.10000
-0.44200,-0.15879,0.13666,-0.50000,0.50000,0.50000,0.50000,106.20000
-0.44200,-0.15895,0.13666,-0.50000,0.50000,0.50000,0.50000,106.30000
-0.44200,-0.15911,0.13666,-0.50000,0.50000,0.50000,0.50000,106.40000
-0.44200,-0.15926,0.13666,-0.50000,0.50000,0.50000,0.50000,106.50000
-0.44200,-0.15941,0.13666,-0.50000,0.50000,0.50000,0.50000,106.60000
-0.44200,-0.15956,0.13666,-0.50000,0.50000,0.50000,0.50000,106.70000
-0.44200,-0.15970,0.13666,-0.50000,0.50000,0.50000,0.50000,106.80000
-0.44200,-0.15983,0.13666,-0.50000,0.50000,0.50000,0.50000,106.90000
-0.44200,-0.15994,0.13666,-0.50000,0.50000,0.50000,0.50000,107.00000
-0.44200,-0.16005,0.13666,-0.50000,0.50000,0.50000,0.50000,107.10000
-0.44200,-0.16015,0.13666,-0.50000,0.50000,0.50000,0.50000,107.20000
-0.44200,-0.16024,0.13667,-0.50000,0.50000,0.50000,0.50000,107.30000
-0.44200,-0.16031,0.13667,-0.50000,0.50000,0.50000,0.50000,107.40000
-0.44200,-0.16036,0.13667,-0.50000,0.50000,0.50000,0.50000,107.50000
-0.44200,-0.16041,0.13667,-0.50000,0.50000,0.50000,0.50000,107.60000
-0.44200,-0.16043,0.13667,-0.50000,0.50000,0.50000,0.50000,107.70000
-0.44200,-0.16044,0.13667,-0.50000,0.50000,0.50000,0.50000,107.80000
-0.44200,-0.16043,0.13667,-0.50000,0.50000,0.50000,0.50000,107.90000
-0.44200,-0.16040,0.13667,-0.50000,0.50000,0.50000,0.50000,108.00000
-0.44200,-0.16036,0.13667,-0.50000,0.50000,0.50000,0.50000,108.10000
-0.44200,-0.16029,0.13667,-0.50000,0.50000,0.50000,0.50000,108.20000
-0.44200,-0.16021,0.13667,-0.50000,0.50000,0.50000,0.50000,108.30000
-0.44200,-0.16011,0.13667,-0.50000,0.50000,0.50000,0.50000,108.40000
-0.44200,-0.15999,0.13667,-0.50000,0.50000,0.50000,0.50000,108.50000
-0.44200,-0.15985,0.13667,-0.50000,0.50000,0.50000,0.50000,108.60000
-0.44200,-0.15969,0.13667,-0.50000,0.50000,0.50000,0.50000,108.70000
-0.44200,-0.15952,0.13667,-0.50000,0.50000,0.50000,0.50000,108.80000
-0.44200,-0.15933,0.13667,-0.50000,0.50000,0.50000,0.50000,108.90000
-0.44200,-0.15912,0.13668,-0.50000,0.50000,0.50000,0.50000,109.00000
-0.44200,-0.15889,0.13668,-0.50000,0.50000,0.50000,0.50000,109.10000
-0.44200,-0.15865,0.13668,-0.50000,0.50000,0.50000,0.50000,109.20000
-0.44200,-0.15839,0.13668,-0.50000,0.50000,0.50000,0.50000,109.30000
-0.44200,-0.15812,0.13668,-0.50000,0.50000,0.50000,0.50000,109.40000
-0.44200,-0.15783,0.13668,-0.50000,0.50000,0.50000,0.50000,109.50000
-0.44200,-0.15753,0.13668,-0.50000,0.50000,0.50000,0.50000,109.60000
-0.44200,-0.15722,0.13668,-0.50000,0.50000,0.50000,0.50000,109.70000
-0.44200,-0.15690,0.13668,-0.50000,0.50000,0.50000,0.50000,109.80000
-0.44200,-0.15657,0.13668,-0.50000,0.50000,0.50000,0.50000,109.90000
-0.44200,-0.15624,0.13668,-0.50000,0.50000,0.50000,0.50000,110.00000
-0.44200,-0.15589,0.13668,-0.50000,0.50000,0.50000,0.50000,110.10000
-0.44200,-0.15555,0.13668,-0.50000,0.50000,0.50000,0.50000,110.20000
-0.44200,-0.15519,0.13668,-0.50000,0.50000,0.50000,0.50000,110.30000
-0.44200,-0.15484,0.13668,-0.50000,0.50000,0.50000,0.50000,110.40000
-0.44200,-0.15448,0.13668,-0.50000,0.50000,0.50000,0.50000,110.50000
-0.44200,-0.15413,0.13669,-0.50000,0.50000,0.50000,0.50000,110.60000
-0.44200,-0.15377,0.13669,-0.50000,0.50000,0.50000,0.50000,110.70000
-0.44200,-0.15342,0.13669,-0.50000,0.50000,0.50000,0.50000,110.80000
-0.44200,-0.15307,0.13669,-0.50000,0.50000,0.50000,0.50000,110.90000
-0.44200,-0.15273,0.13669,-0.50000,0.50000,0.50000,0.50000,111.00000
-0.44200,-0.15240,0.13669,-0.50000,0.50000,0.50000,0.50000,111.10000
-0.44200,-0.15207,0.13669,-0.50000,0.50000,0.50000,0.50000,111.20000
-0.44200,-0.15175,0.13669,-0.50000,0.50000,0.50000,0.50000,111.30000
-0.44200,-0.15145,0.13669,-0.50000,0.50000,0.50000,0.50000,111.40000
-0.44200,-0.15115,0.13669,-0.50000,0.50000,0.50000,0.50000,111.50000
-0.44200,-0.15087,0.13669,-0.50000,0.50000,0.50000,0.50000,111.60000
-0.44200,-0.15060,0.13669,-0.50000,0.50000,0.50000,0.50000,111.70000
-0.44200,-0.15034,0.13669,-0.50000,0.50000,0.50000,0.50000,111.80000
-0.44200,-0.15010,0.13669,-0.50000,0.50000,0.50000,0.50000,111.90000
-0.44200,-0.14988,0.13669,-0.50000,0.50000,0.50000,0.50000,112.00000
-0.44200,-0.14967,0.13669,-0.50000,0.50000,0.50000,0.50000,112.10000
-0.44200,-0.14948,0.13670,-0.50000,0.50000,0.50000,0.50000,112.20000
-0.44200,-0.14931,0.13670,-0.50000,0.50000,0.50000,0.50000,112.30000
-0.44200,-0.14916,0.13670,-0.50000,0.50000,0.50000,0.50000,112.40000
-0.44200,-0.14902,0.13670,-0.50000,0.50000,0.50000,0.50000,112.50000
-0.44200,-0.14890,0.13670,-0.50000,0.50000,0.50000,0.50000,112.60000
-0.44200,-0.14880,0.13670,-0.50000,0.50000,0.50000,0.50000,112.70000
-0.44200,-0.14872,0.13670,-0.50000,0.50000,0.50000,0.50000,112.80000
-0.44200,-0.14866,0.13670,-0.50000,0.50000,0.50000,0.50000,112.90000
-0.44200,-0.14862,0.13670,-0.50000,0.50000,0.50000,0.50000,113.00000
-0.44200,-0.14859,0.13670,-0.50000,0.50000,0.50000,0.50000,113.10000
-0.44200,-0.14858,0.13670,-0.50000,0.50000,0.50000,0.50000,113.20000
-0.44200,-0.14859,0.13670,-0.50000,0.50000,0.50000,0.50000,113.30000
-0.44200,-0.14862,0.13670,-0.50000,0.50000,0.50000,0.50000,113.40000
-0.44200,-0.14866,0.13670,-0.50000,0.50000,0.50000,0.50000,113.50000
-0.44200,-0.14871,0.13670,-0.50000,0.50000,0.50000,0.50000,113.60000
-0.44200,-0.14878,0.13670,-0.50000,0.50000,0.50000,0.50000,113.70000
-0.44200,-0.14887,0.13671,-0.50000,0.50000,0.50000,0.50000,113.80000
-0.44200,-0.14896,0.13671,-0.50000,0.50000,0.50000,0.50000,113.90000
-0.44200,-0.14907,0.13671,-0.50000,0.50000,0.50000,0.50000,114.00000
-0.44200,-0.14919,0.13671,-0.50000,0.50000,0.50000,0.50000,114.10000
-0.44200,-0.14931,0.13671,-0.50000,0.50000,0.50000,0.50000,114.20000
-0.44200,-0.14945,0.13671,-0.50000,0.50000,0.50000,0.50000,114.30000
-0.44200,-0.14959,0.13671,-0.50000,0.50000,0.50000,0.50000,114.40000
-0.44200,-0.14973,0.13671,-0.50000,0.50000,0.50000,0.50000,114.50000
-0.44200,-0.14988,0.13671,-0.50000,0.50000,0.50000,0.50000,114.60000
-0.44200,-0.15003,0.13671,-0.50000,0.50000,0.50000,0.50000,114.70000
-0.44200,-0.15019,0.13671,-0.50000,0.50000,0.50000,0.50000,114.80000
-0.44200,-0.15034,0.13671,-0.50000,0.50000,0.50000,0.50000,114.90000
-0.44200,-0.15049,0.13671,-0.50000,0.50000,0.50000,0.50000,115.00000
-0.44200,-0.15064,0.13671,-0.50000,0.50000,0.50000,0.50000,115.10000
-0.44200,-0.15078,0.13671,-0.50000,0.50000,0.50000,0.50000,115.20000
-0.44200,-0.15092,0.13671,-0.50000,0.50000,0.50000,0.50000,115.30000
-0.44200,-0.15106,0.13672,-0.50000,0.50000,0.50000,0.50000,115.40000
-0.44200,-0.15118,0.13672,-0.50000,0.50000,0.50000,0.50000,115.50000
-0.44200,-0.15129,0.13672,-0.50000,0.50000,0.50000,0.50000,115.60000
-0.44200,-0.15140,0.13672,-0.50000,0.50000,0.50000,0.50000,115.70000
-0.44200,-0.15149,0.13672,-0.50000,0.50000,0.50000,0.50000,115.80000
-0.44200,-0.15157,0.13672,-0.50000,0.50000,0.50000,0.50000,115.90000
-0.44200,-0.15164,0.13672,-0.50000,0.50000,0.50000,0.50000,116.00000
-0.44200,-0.15170,0.13672,-0.50000,0.50000,0.50000,0.50000,116.10000
-0.44200,-0.15173,0.13672,-0.50000,0.50000,0.50000,0.50000,116.20000
-0.44200,-0.15176,0.13672,-0.50000,0.50000,0.50000,0.50000,116.30000
-0.44200,-0.15176,0.13672,-0.50000,0.50000,0.50000,0.50000,116.40000
-0.44200,-0.15175,0.13672,-0.50000,0.50000,0.50000,0.50000,116.50000
-0.44200,-0.15172,0.13672,-0.50000,0.50000,0.50000,0.50000,116.60000
-0.44200,-0.15168,0.13672,-0.50000,0.50000,0.50000,0.50000,116.70000
-0.44200,-0.15161,0.13672,-0.50000,0.50000,0.50000,0.50000,116.80000
-0.44200,-0.15153,0.13672,-0.50000,0.50000,0.50000,0.50000,116.90000
-0.44200,-0.15143,0.13673,-0.50000,0.50000,0.50000,0.50000,117.00000
-0.44200,-0.15131,0.13673,-0.50000,0.50000,0.50000,0.50000,117.10000
-0.44200,-0.15117,0.13673,-0.50000,0.50000,0.50000,0.50000,117.20000
-0.44200,-0.15102,0.13673,-0.50000,0.50000,0.50000,0.50000,117.30000
-0.44200,-0.15085,0.13673,-0.50000,0.50000,0.50000,0.50000,117.40000
-0.44200,-0.15066,0.13673,-0.50000,0.50000,0.50000,0.50000,117.50000
-0.44200,-0.15045,0.13673,-0.50000,0.50000,0.50000,0.50000,117.60000
-0.44200,-0.15023,0.13673,-0.50000,0.50000,0.50000,0.50000,117.70000
-0.44200,-0.14999,0.13673,-0.50000,0.50000,0.50000,0.50000,117.80000
-0.44200,-0.14973,0.13673,-0.50000,0.50000,0.50000,0.50000,117.90000
-0.44200,-0.14946,0.13673,-0.50000,0.50000,0.50000,0.50000,118.00000
-0.44200,-0.14918,0.13673,-0.50000,0.50000,0.50000,0.50000,118.10000
-0.44200,-0.14889,0.13673,-0.50000,0.50000,0.50000,0.50000,118.20000
-0.44200,-0.14859,0.13673,-0.50000,0.50000,0.50000,0.50000,118.30000
-0.44200,-0.14827,0.13673,-0.50000,0.50000,0.50000,0.50000,118.40000
-0.44200,-0.14795,0.13673,-0.50000,0.50000,0.50000,0.50000,118.50000
-0.44200,-0.14762,0.13674,-0.50000,0.50000,0.50000,0.50000,118.60000
-0.44200,-0.14728,0.13674,-0.50000,0.50000,0.50000,0.50000,118.70000
-0.44200,-0.14694,0.13674,-0.50000,0.50000,0.50000,0.50000,118.80000
-0.44200,-0.14659,0.13674,-0.50000,0.50000,0.50000,0.50000,118.90000
-0.44200,-0.14624,0.13674,-0.50000,0.50000,0.50000,0.50000,119.00000
-0.44200,-0.14589,0.13674,-0.50000,0.50000,0.50000,0.50000,119.10000
-0.44200,-0.14554,0.13674,-0.50000,0.50000,0.50000,0.50000,119.20000
-0.44200,-0.14519,0.13674,-0.50000,0.50000,0.50000,0.50000,119.30000
-0.44200,-0.14485,0.13674,-0.50000,0.50000,0.50000,0.50000,119.40000
-0.44200,-0.14451,0.13674,-0.50000,0.50000,0.50000,0.50000,119.50000
-0.44200,-0.14417,0.13674,-0.50000,0.50000,0.50000,0.50000,119.60000
-0.44200,-0.14384,0.13674,-0.50000,0.50000,0.50000,0.50000,119.70000
-0.44200,-0.14352,0.13674,-0.50000,0.50000,0.50000,0.50000,119.80000
-0.44200,-0.14321,0.13674,-0.50000,0.50000,0.50000,0.50000,119.90000
-0.44200,-0.14290,0.13674,-0.50000,0.50000,0.50000,0.50000,120.00000
-0.44200,-0.14261,0.13674,-0.50000,0.50000,0.50000,0.50000,120.10000
-0.44200,-0.14233,0.13675,-0.50000,0.50000,0.50000,0.50000,120.20000
-0.44200,-0.14207,0.13675,-0.50000,0.50000,0.50000,0.50000,120.30000
-0.44200,-0.14181,0.13675,-0.50000,0.50000,0.50000,0.50000,120.40000
-0.44200,-0.14158,0.13675,-0.50000,0.50000,0.50000,0.50000,120.50000
-0.44200,-0.14136,0.13675,-0.50000,0.50000,0.50000,0.50000,120.60000
-0.44200,-0.14115,0.13675,-0.50000,0.50000,0.50000,0.50000,120.70000
-0.44200,-0.14096,0.13675,-0.50000,0.50000,0.50000,0.50000,120.80000
-0.44200,-0.14079,0.13675,-0.50000,0.50000,0.50000,0.50000,120.90000
-0.44200,-0.14064,0.13675,-0.50000,0.50000,0.50000,0.50000,121.00000
-0.44200,-0.14050,0.13675,-0.50000,0.50000,0.50000,0.50000,121.10000
-0.44200,-0.14038,0.13675,-0.50000,0.50000,0.50000,0.50000,121.20000
-0.44200,-0.14028,0.13675,-0.50000,0.50000,0.50000,0.50000,121.30000
-0.44200,-0.14020,0.13675,-0.50000,0.50000,0.50000,0.50000,121.40000
-0.44200,-0.14014,0.13675,-0.50000,0.50000,0.50000,0.50000,121.50000
-0.44200,-0.14009,0.13675,-0.50000,0.50000,0.50000,0.50000,121.60000
-0.44200,-0.14007,0.13675,-0.50000,0.50000,0.50000,0.50000,121.70000
-0.44200,-0.14005,0.13675,-0.50000,0.50000,0.50000,0.50000,121.80000
-0.44200,-0.14006,0.13676,-0.50000,0.50000,0.50000,0.50000,121.90000
-0.44200,-0.14008,0.13676,-0.50000,0.50000,0.50000,0.50000,122.00000
-0.44200,-0.14012,0.13676,-0.50000,0.50000,0.50000,0.50000,122.10000
-0.44200,-0.14017,0.13676,-0.50000,0.50000,0.50000,0.50000,122.20000
-0.44200,-0.14024,0.13676,-0.50000,0.50000,0.50000,0.50000,122.30000
-0.44200,-0.14032,0.13676,-0.50000,0.50000,0.50000,0.50000,122.40000
-0.44200,-0.14041,0.13676,-0.50000,0.50000,0.50000,0.50000,122.50000
-0.44200,-0.14051,0.13676,-0.50000,0.50000,0.50000,0.50000,122.60000
-0.44200,-0.14062,0.13676,-0.50000,0.50000,0.50000,0.50000,122.70000
-0.44200,-0.14074,0.13676,-0.50000,0.50000,0.50000,0.50000,122.80000
-0.44200,-0.14087,0.13676,-0.50000,0.50000,0.50000,0.50000,122.90000
-0.44200,-0.14100,0.13676,-0.50000,0.50000,0.50000,0.50000,123.00000
-0.44200,-0.14114,0.13676,-0.50000,0.50000,0.50000,0.50000,123.10000
-0.44200,-0.14129,0.13676,-0.50000,0.50000,0.50000,0.50000,123.20000
-0.44200,-0.14143,0.13676,-0.50000,0.50000,0.50000,0.50000,123.30000
-0.44200,-0.14158,0.13676,-0.50000,0.50000,0.50000,0.50000,123.40000
-0.44200,-0.14173,0.13677,-0.50000,0.50000,0.50000,0.50000,123.50000
-0.44200,-0.14187,0.13677,-0.50000,0.50000,0.50000,0.50000,123.60000
-0.44200,-0.14202,0.13677,-0.50000,0.50000,0.50000,0.50000,123.70000
-0.44200,-0.14215,0.13677,-0.50000,0.50000,0.50000,0.50000,123.80000
-0.44200,-0.14229,0.13677,-0.50000,0.50000,0.50000,0.50000,123.90000
-0.44200,-0.14242,0.13677,-0.50000,0.50000,0.50000,0.50000,124.00000
-0.44200,-0.14254,0.13677,-0.50000,0.50000,0.50000,0.50000,124.10000
-0.44200,-0.14265,0.13677,-0.50000,0.50000,0.50000,0.50000,124.20000
-0.44200,-0.14275,0.13677,-0.50000,0.50000,0.50000,0.50000,124.30000
-0.44200,-0.14284,0.13677,-0.50000,0.50000,0.50000,0.50000,124.40000
-0.44200,-0.14291,0.13677,-0.50000,0.50000,0.50000,0.50000,124.50000
-0.44200,-0.14298,0.13677,-0.50000,0.50000,0.50000,0.50000,124.60000
-0.44200,-0.14303,0.13677,-0.50000,0.50000,0.50000,0.50000,124.70000
-0.44200,-0.14306,0.13677,-0.50000,0.50000,0.50000,0.50000,124.80000
-0.44200,-0.14308,0.13677,-0.50000,0.50000,0.50000,0.50000,124.90000
-0.44200,-0.14309,0.13677,-0.50000,0.50000,0.50000,0.50000,125.00000
-0.44200,-0.14308,0.13678,-0.50000,0.50000,0.50000,0.50000,125.10000
-0.44200,-0.14305,0.13678,-0.50000,0.50000,0.50000,0.50000,125.20000
-0.44200,-0.14300,0.13678,-0.50000,0.50000,0.50000,0.50000,125.30000
-0.44200,-0.14294,0.13678,-0.50000,0.50000,0.50000,0.50000,125.40000
-0.44200,-0.14285,0.13678,-0.50000,0.50000,0.50000,0.50000,125.50000
-0.44200,-0.14275,0.13678,-0.50000,0.50000,0.50000,0.50000,125.60000
-0.44200,-0.14264,0.13678,-0.50000,0.50000,0.50000,0.50000,125.70000
-0.44200,-0.14250,0.13678,-0.50000,0.50000,0.50000,0.50000,125.80000
-0.44200,-0.14235,0.13678,-0.50000,0.50000,0.50000,0.50000,125.90000
-0.44200,-0.14218,0.13678,-0.50000,0.50000,0.50000,0.50000,126.00000
-0.44200,-0.14199,0.13678,-0.50000,0.50000,0.50000,0.50000,126.10000
-0.44200,-0.14178,0.13678,-0.50000,0.50000,0.50000,0.50000,126.20000
-0.44200,-0.14156,0.13678,-0.50000,0.50000,0.50000,0.50000,126.30000
-0.44200,-0.14133,0.13678,-0.50000,0.50000,0.50000,0.50000,126.40000
-0.44200,-0.14108,0.13678,-0.50000,0.50000,0.50000,0.50000,126.50000
-0.44200,-0.14081,0.13678,-0.50000,0.50000,0.50000,0.50000,126.60000
-0.44200,-0.14054,0.13679,-0.50000,0.50000,0.50000,0.50000,126.70000
-0.44200,-0.14025,0.13679,-0.50000,0.50000,0.50000,0.50000,126.80000
-0.44200,-0.13995,0.13679,-0.50000,0.50000,0.50000,0.50000,126.90000
-0.44200,-0.13964,0.13679,-0.50000,0.50000,0.50000,0.50000,127.00000
-0.44200,-0.13932,0.13679,-0.50000,0.50000,0.50000,0.50000,127.10000
-0.44200,-0.13900,0.13679,-0.50000,0.50000,0.50000,0.50000,127.20000
-0.44200,-0.13867,0.13679,-0.50000,0.50000,0.50000,0.50000,127.30000
-0.44200,-0.13833,0.13679,-0.50000,0.50000,0.50000,0.50000,127.40000
-0.44200,-0.13799,0.13679,-0.50000,0.50000,0.50000,0.50000,127.50000
-0.44200,-0.13765,0.13679,-0.50000,0.50000,0.50000,0.50000,127.60000
-0.44200,-0.13730,0.13679,-0.50000,0.50000,0.50000,0.50000,127.70000
-0.44200,-0.13696,0.13679,-0.50000,0.50000,0.50000,0.50000,127.80000
-0.44200,-0.13661,0.13679,-0.50000,0.50000,0.50000,0.50000,127.90000
-0.44200,-0.13627,0.13679,-0.50000,0.50000,0.50000,0.50000,128.00000
-0.44200,-0.13594,0.13679,-0.50000,0.50000,0.50000,0.50000,128.10000
-0.44200,-0.13561,0.13679,-0.50000,0.50000,0.50000,0.50000,128.20000
-0.44200,-0.13528,0.13680,-0.50000,0.50000,0.50000,0.50000,128.30000
-0.44200,-0.13496,0.13680,-0.50000,0.50000,0.50000,0.50000,128.40000
-0.44200,-0.13466,0.13680,-0.50000,0.50000,0.50000,0.50000,128.50000
-0.44200,-0.13436,0.13680,-0.50000,0.50000,0.50000,0.50000,128.60000
-0.44200,-0.13407,0.13680,-0.50000,0.50000,0.50000,0.50000,128.70000
-0.44200,-0.13379,0.13680,-0.50000,0.50000,0.50000,0.50000,128.80000
-0.44200,-0.13353,0.13680,-0.50000,0.50000,0.50000,0.50000,128.90000
-0.44200,-0.13328,0.13680,-0.50000,0.50000,0.50000,0.50000,129.00000
-0.44200,-0.13305,0.13680,-0.50000,0.50000,0.50000,0.50000,129.10000
-0.44200,-0.13283,0.13680,-0.50000,0.50000,0.50000,0.50000,129.20000
-0.44200,-0.13263,0.13680,-0.50000,0.50000,0.50000,0.50000,129.30000
-0.44200,-0.13244,0.13680,-0.50000,0.50000,0.50000,0.50000,129.40000
-0.44200,-0.13227,0.13680,-0.50000,0.50000,0.50000,0.50000,129.50000
-0.44200,-0.13212,0.13680,-0.50000,0.50000,0.50000,0.50000,129.60000
-0.44200,-0.13198,0.13680,-0.50000,0.50000,0.50000,0.50000,129.70000
-0.44200,-0.13186,0.13680,-0.50000,0.50000,0.50000,0.50000,129.80000
-0.44200,-0.13176,0.13681,-0.50000,0.50000,0.50000,0.50000,129.90000
-0.44200,-0.13168,0.13681,-0.50000,0.50000,0.50000,0.50000,130.00000
-0.44200,-0.13161,0.13681,-0.50000,0.50000,0.50000,0.50000,130.10000
-0.44200,-0.13157,0.13681,-0.50000,0.50000,0.50000,0.50000,130.20000
-0.44200,-0.13154,0.13681,-0.50000,0.50000,0.50000,0.50000,130.30000
-0.44200,-0.13152,0.13681,-0.50000,0.50000,0.50000,0.50000,130.40000
-0.44200,-0.13153,0.13681,-0.50000,0.50000,0.50000,0.50000,130.50000
-0.44200,-0.13154,0.13681,-0.50000,0.50000,0.50000,0.50000,130.60000
-0.44200,-0.13158,0.13681,-0.50000,0.50000,0.50000,0.50000,130.70000
-0.44200,-0.13163,0.13681,-0.50000,0.50000,0.50000,0.50000,130.80000
-0.44200,-0.13169,0.13681,-0.50000,0.50000,0.50000,0.50000,130.90000
-0.44200,-0.13176,0.13681,-0.50000,0.50000,0.50000,0.50000,131.00000
-0.44200,-0.13185,0.13681,-0.50000,0.50000,0.50000,0.50000,131.10000
-0.44200,-0.13195,0.13681,-0.50000,0.50000,0.50000,0.50000,131.20000
-0.44200,-0.13205,0.13681,-0.50000,0.50000,0.50000,0.50000,131.30000
-0.44200,-0.13217,0.13681,-0.50000,0.50000,0.50000,0.50000,131.40000
-0.44200,-0.13229,0.13682,-0.50000,0.50000,0.50000,0.50000,131.50000
-0.44200,-0.13242,0.13682,-0.50000,0.50000,0.50000,0.50000,131.60000
-0.44200,-0.13255,0.13682,-0.50000,0.50000,0.50000,0.50000,131.70000
-0.44200,-0.13269,0.13682,-0.50000,0.50000,0.50000,0.50000,131.80000
-0.44200,-0.13283,0.13682,-0.50000,0.50000,0.50000,0.50000,131.90000
-0.44200,-0.13297,0.13682,-0.50000,0.50000,0.50000,0.50000,132.00000
-0.44200,-0.13311,0.13682,-0.50000,0.50000,0.50000,0.50000,132.10000
-0.44200,-0.13325,0.13682,-0.50000,0.50000,0.50000,0.50000,132.20000
-0.44200,-0.13339,0.13682,-0.50000,0.50000,0.50000,0.50000,132.30000
-0.44200,-0.13353,0.13682,-0.50000,0.50000,0.50000,0.50000,132.40000
-0.44200,-0.13365,0.13682,-0.50000,0.50000,0.50000,0.50000,132.50000
-0.44200,-0.13378,0.13682,-0.50000,0.50000,0.50000,0.50000,132.60000
-0.44200,-0.13389,0.13682,-0.50000,0.50000,0.50000,0.50000,132.70000
-0.44200,-0.13400,0.13682,-0.50000,0.50000,0.50000,0.50000,132.80000
-0.44200,-0.13409,0.13682,-0.50000,0.50000,0.50000,0.50000,132.90000
-0.44200,-0.13418,0.13682,-0.50000,0.50000,0.50000,0.50000,133.00000
-0.44200,-0.13425,0.13682,-0.50000,0.50000,0.50000,0.50000,133.10000
-0.44200,-0.13431,0.13683,-0.50000,0.50000,0.50000,0.50000,133.20000
-0.44200,-0.13436,0.13683,-0.50000,0.50000,0.50000,0.50000,133.30000
-0.44200,-0.13440,0.13683,-0.50000,0.50000,0.50000,0.50000,133.40000
-0.44200,-0.13441,0.13683,-0.50000,0.50000,0.50000,0.50000,133.50000
-0.44200,-0.13442,0.13683,-0.50000,0.50000,0.50000,0.50000,133.60000
-0.44200,-0.13440,0.13683,-0.50000,0.50000,0.50000,0.50000,133.70000
-0.44200,-0.13437,0.13683,-0.50000,0.50000,0.50000,0.50000,133.80000
-0.44200,-0.13433,0.13683,-0.50000,0.50000,0.50000,0.50000,133.90000
-0.44200,-0.13426,0.13683,-0.50000,0.50000,0.50000,0.50000,134.00000
-0.44200,-0.13418,0.13683,-0.50000,0.50000,0.50000,0.50000,134.10000
-0.44200,-0.13408,0.13683,-0.50000,0.50000,0.50000,0.50000,134.20000
-0.44200,-0.13396,0.13683,-0.50000,0.50000,0.50000,0.50000,134.30000
-0.44200,-0.13383,0.13683,-0.50000,0.50000,0.50000,0.50000,134.40000
-0.44200,-0.13368,0.13683,-0.50000,0.50000,0.50000,0.50000,134.50000
-0.44200,-0.13351,0.13683,-0.50000,0.50000,0.50000,0.50000,134.60000
-0.44200,-0.13332,0.13683,-0.50000,0.50000,0.50000,0.50000,134.70000
-0.44200,-0.13312,0.13684,-0.50000,0.50000,0.50000,0.50000,134.80000
-0.44200,-0.13290,0.13684,-0.50000,0.50000,0.50000,0.50000,134.90000
-0.44200,-0.13267,0.13684,-0.50000,0.50000,0.50000,0.50000,135.00000
-0.44200,-0.13243,0.13684,-0.50000,0.50000,0.50000,0.50000,135.10000
-0.44200,-0.13217,0.13684,-0.50000,0.50000,0.50000,0.50000,135.20000
-0.44200,-0.13189,0.13684,-0.50000,0.50000,0.50000,0.50000,135.30000
-0.44200,-0.13161,0.13684,-0.50000,0.50000,0.50000,0.50000,135.40000
-0.44200,-0.13132,0.13684,-0.50000,0.50000,0.50000,0.50000,135.50000
-0.44200,-0.13101,0.13684,-0.50000,0.50000,0.50000,0.50000,135.60000
-0.44200,-0.13070,0.13684,-0.50000,0.50000,0.50000,0.50000,135.70000
-0.44200,-0.13038,0.13684,-0.50000,0.50000,0.50000,0.50000,135.80000
-0.44200,-0.13005,0.13684,-0.50000,0.50000,0.50000,0.50000,135.90000
-0.44200,-0.12972,0.13684,-0.50000,0.50000,0.50000,0.50000,136.00000
-0.44200,-0.12939,0.13684,-0.50000,0.50000,0.50000,0.50000,136.10000
-0.44200,-0.12905,0.13684,-0.50000,0.50000,0.50000,0.50000,136.20000
-0.44200,-0.12871,0.13684,-0.50000,0.50000,0.50000,0.50000,136.30000
-0.44200,-0.12837,0.13685,-0.50000,0.50000,0.50000,0.50000,136.40000
-0.44200,-0.12803,0.13685,-0.50000,0.50000,0.50000,0.50000,136.50000
-0.44200,-0.12770,0.13685,-0.50000,0.50000,0.50000,0.50000,136.60000
-0.44200,-0.12737,0.13685,-0.50000,0.50000,0.50000,0.50000,136.70000
-0.44200,-0.12704,0.13685,-0.50000,0.50000,0.50000,0.50000,136.80000
-0.44200,-0.12672,0.13685,-0.50000,0.50000,0.50000,0.50000,136.90000
-0.44200,-0.12641,0.13685,-0.50000,0.50000,0.50000,0.50000,137.00000
-0.44200,-0.12611,0.13685,-0.50000,0.50000,0.50000,0.50000,137.10000
-0.44200,-0.12581,0.13685,-0.50000,0.50000,0.50000,0.50000,137.20000
-0.44200,-0.12553,0.13685,-0.50000,0.50000,0.50000,0.50000,137.30000
-0.44200,-0.12526,0.13685,-0.50000,0.50000,0.50000,0.50000,137.40000
-0.44200,-0.12500,0.13685,-0.50000,0.50000,0.50000,0.50000,137.50000
-0.44200,-0.12475,0.13685,-0.50000,0.50000,0.50000,0.50000,137.60000
-0.44200,-0.12452,0.13685,-0.50000,0.50000,0.50000,0.50000,137.70000
-0.44200,-0.12430,0.13685,-0.50000,0.50000,0.50000,0.50000,137.80000
-0.44200,-0.12410,0.13685,-0.50000,0.50000,0.50000,0.50000,137.90000
-0.44200,-0.12391,0.13686,-0.50000,0.50000,0.50000,0.50000,138.00000
-0.44200,-0.12374,0.13686,-0.50000,0.50000,0.50000,0.50000,138.10000
-0.44200,-0.12359,0.13686,-0.50000,0.50000,0.50000,0.50000,138.20000
-0.44200,-0.12346,0.13686,-0.50000,0.50000,0.50000,0.50000,138.30000
-0.44200,-0.12334,0.13686,-0.50000,0.50000,0.50000,0.50000,138.40000
-0.44200,-0.12324,0.13686,-0.50000,0.50000,0.50000,0.50000,138.50000
-0.44200,-0.12315,0.13686,-0.50000,0.50000,0.50000,0.50000,138.60000
-0.44200,-0.12309,0.13686,-0.50000,0.50000,0.50000,0.50000,138.70000
-0.44200,-0.12304,0.13686,-0.50000,0.50000,0.50000,0.50000,138.80000
-0.44200,-0.12301,0.13686,-0.50000,0.50000,0.50000,0.50000,138.90000
-0.44200,-0.12299,0.13686,-0.50000,0.50000,0.50000,0.50000,139.00000
-0.44200,-0.12299,0.13686,-0.50000,0.50000,0.50000,0.50000,139.10000
-0.44200,-0.12301,0.13686,-0.50000,0.50000,0.50000,0.50000,139.20000
-0.44200,-0.12304,0.13686,-0.50000,0.50000,0.50000,0.50000,139.30000
-0.44200,-0.12308,0.13686,-0.50000,0.50000,0.50000,0.50000,139.40000
-0.44200,-0.12314,0.13686,-0.50000,0.50000,0.50000,0.50000,139.50000
-0.44200,-0.12321,0.13687,-0.50000,0.50000,0.50000,0.50000,139.60000
-0.44200,-0.12329,0.13687,-0.50000,0.50000,0.50000,0.50000,139.70000
-0.44200,-0.12338,0.13687,-0.50000,0.50000,0.50000,0.50000,139.80000
-0.44200,-0.12348,0.13687,-0.50000,0.50000,0.50000,0.50000,139.90000
-0.44200,-0.12359,0.13687,-0.50000,0.50000,0.50000,0.50000,140.00000
-0.44200,-0.12371,0.13687,-0.50000,0.50000,0.50000,0.50000,140.10000
-0.44200,-0.12383,0.13687,-0.50000,0.50000,0.50000,0.50000,140.20000
-0.44200,-0.12396,0.13687,-0.50000,0.50000,0.50000,0.50000,140.30000
-0.44200,-0.12410,0.13687,-0.50000,0.50000,0.50000,0.50000,140.40000
-0.44200,-0.12423,0.13687,-0.50000,0.50000,0.50000,0.50000,140.50000
-0.44200,-0.12437,0.13687,-0.50000,0.50000,0.50000,0.50000,140.60000
-0.44200,-0.12450,0.13687,-0.50000,0.50000,0.50000,0.50000,140.70000
-0.44200,-0.12464,0.13687,-0.50000,0.50000,0.50000,0.50000,140.80000
-0.44200,-0.12477,0.13687,-0.50000,0.50000,0.50000,0.50000,140.90000
-0.44200,-0.12490,0.13687,-0.50000,0.50000,0.50000,0.50000,141.00000
-0.44200,-0.12502,0.13687,-0.50000,0.50000,0.50000,0.50000,141.10000
-0.44200,-0.12514,0.13688,-0.50000,0.50000,0.50000,0.50000,141.20000
-0.44200,-0.12525,0.13688,-0.50000,0.50000,0.50000,0.50000,141.30000
-0.44200,-0.12535,0.13688,-0.50000,0.50000,0.50000,0.50000,141.40000
-0.44200,-0.12544,0.13688,-0.50000,0.50000,0.50000,0.50000,141.50000
-0.44200,-0.12553,0.13688,-0.50000,0.50000,0.50000,0.50000,141.60000
-0.44200,-0.12560,0.13688,-0.50000,0.50000,0.50000,0.50000,141.70000
-0.44200,-0.12565,0.13688,-0.50000,0.50000,0.50000,0.50000,141.80000
-0.44200,-0.12570,0.13688,-0.50000,0.50000,0.50000,0.50000,141.90000
-0.44200,-0.12573,0.13688,-0.50000,0.50000,0.50000,0.50000,142.00000
-0.44200,-0.12574,0.13688,-0.50000,0.50000,0.50000,0.50000,142.10000
-0.44200,-0.12575,0.13688,-0.50000,0.50000,0.50000,0.50000,142.20000
-0.44200,-0.12573,0.13688,-0.50000,0.50000,0.50000,0.50000,142.30000
-0.44200,-0.12570,0.13688,-0.50000,0.50000,0.50000,0.50000,142.40000
-0.44200,-0.12565,0.13688,-0.50000,0.50000,0.50000,0.50000,142.50000
-0.44200,-0.12559,0.13688,-0.50000,0.50000,0.50000,0.50000,142.60000
-0.44200,-0.12550,0.13688,-0.50000,0.50000,0.50000,0.50000,142.70000
-0.44200,-0.12541,0.13689,-0.50000,0.50000,0.50000,0.50000,142.80000
-0.44200,-0.12529,0.13689,-0.50000,0.50000,0.50000,0.50000,142.90000
-0.44200,-0.12516,0.13689,-0.50000,0.50000,0.50000,0.50000,143.00000
-0.44200,-0.12501,0.13689,-0.50000,0.50000,0.50000,0.50000,143.10000
-0.44200,-0.12484,0.13689,-0.50000,0.50000,0.50000,0.50000,143.20000
-0.44200,-0.12466,0.13689,-0.50000,0.50000,0.50000,0.50000,143.30000
-0.44200,-0.12446,0.13689,-0.50000,0.50000,0.50000,0.50000,143.40000
-0.44200,-0.12424,0.13689,-0.50000,0.50000,0.50000,0.50000,143.50000
-0.44200,-0.12402,0.13689,-0.50000,0.50000,0.50000,0.50000,143.60000
-0.44200,-0.12377,0.13689,-0.50000,0.50000,0.50000,0.50000,143.70000
-0.44200,-0.12352,0.13689,-0.50000,0.50000,0.50000,0.50000,143.80000
-0.44200,-0.12325,0.13689,-0.50000,0.50000,0.50000,0.50000,143.90000
-0.44200,-0.12297,0.13689,-0.50000,0.50000,0.50000,0.50000,144.00000
-0.44200,-0.12268,0.13689,-0.50000,0.50000,0.50000,0.50000,144.10000
-0.44200,-0.12238,0.13689,-0.50000,0.50000,0.50000,0.50000,144.20000
-0.44200,-0.12207,0.13689,-0.50000,0.50000,0.50000,0.50000,144.30000
-0.44200,-0.12176,0.13690,-0.50000,0.50000,0.50000,0.50000,144.40000
-0.44200,-0.12144,0.13690,-0.50000,0.50000,0.50000,0.50000,144.50000
-0.44200,-0.12111,0.13690,-0.50000,0.50000,0.50000,0.50000,144.60000
-0.44200,-0.12078,0.13690,-0.50000,0.50000,0.50000,0.50000,144.70000
-0.44200,-0.12045,0.13690,-0.50000,0.50000,0.50000,0.50000,144.80000
-0.44200,-0.12012,0.13690,-0.50000,0.50000,0.50000,0.50000,144.90000
-0.44200,-0.11978,0.13690,-0.50000,0.50000,0.50000,0.50000,145.00000
-0.44200,-0.11945,0.13690,-0.50000,0.50000,0.50000,0.50000,145.10000
-0.44200,-0.11912,0.13690,-0.50000,0.50000,0.50000,0.50000,145.20000
-0.44200,-0.11880,0.13690,-0.50000,0.50000,0.50000,0.50000,145.30000
-0.44200,-0.11848,0.13690,-0.50000,0.50000,0.50000,0.50000,145.40000
-0.44200,-0.11816,0.13690,-0.50000,0.50000,0.50000,0.50000,145.50000
-0.44200,-0.11785,0.13690,-0.50000,0.50000,0.50000,0.50000,145.60000
-0.44200,-0.11755,0.13690,-0.50000,0.50000,0.50000,0.50000,145.70000
-0.44200,-0.11726,0.13690,-0.50000,0.50000,0.50000,0.50000,145.80000
-0.44200,-0.11698,0.13690,-0.50000,0.50000,0.50000,0.50000,145.90000
-0.44200,-0.11671,0.13690,-0.50000,0.50000,0.50000,0.50000,146.00000
-0.44200,-0.11646,0.13691,-0.50000,0.50000,0.50000,0.50000,146.10000
-0.44200,-0.11622,0.13691,-0.50000,0.50000,0.50000,0.50000,146.20000
-0.44200,-0.11599,0.13691,-0.50000,0.50000,0.50000,0.50000,146.30000
-0.44200,-0.11577,0.13691,-0.50000,0.50000,0.50000,0.50000,146.40000
-0.44200,-0.11557,0.13691,-0.50000,0.50000,0.50000,0.50000,146.50000
-0.44200,-0.11539,0.13691,-0.50000,0.50000,0.50000,0.50000,146.60000
-0.44200,-0.11522,0.13691,-0.50000,0.50000,0.50000,0.50000,146.70000
-0.44200,-0.11507,0.13691,-0.50000,0.50000,0.50000,0.50000,146.80000
-0.44200,-0.11493,0.13691,-0.50000,0.50000,0.50000,0.50000,146.90000
-0.44200,-0.11481,0.13691,-0.50000,0.50000,0.50000,0.50000,147.00000
-0.44200,-0.11471,0.13691,-0.50000,0.50000,0.50000,0.50000,147.10000
-0.44200,-0.11463,0.13691,-0.50000,0.50000,0.50000,0.50000,147.20000
-0.44200,-0.11456,0.13691,-0.50000,0.50000,0.50000,0.50000,147.30000
-0.44200,-0.11451,0.13691,-0.50000,0.50000,0.50000,0.50000,147.40000
-0.44200,-0.11448,0.13691,-0.50000,0.50000,0.50000,0.50000,147.50000
-0.44200,-0.11446,0.13691,-0.50000,0.50000,0.50000,0.50000,147.60000
-0.44200,-0.11445,0.13692,-0.50000,0.50000,0.50000,0.50000,147.70000
-0.44200,-0.11447,0.13692,-0.50000,0.50000,0.50000,0.50000,147.80000
-0.44200,-0.11449,0.13692,-0.50000,0.50000,0.50000,0.50000,147.90000
-0.44200,-0.11453,0.13692,-0.50000,0.50000,0.50000,0.50000,148.00000
-0.44200,-0.11459,0.13692,-0.50000,0.50000,0.50000,0.50000,148.10000
-0.44200,-0.11465,0.13692,-0.50000,0.50000,0.50000,0.50000,148.20000
-0.44200,-0.11473,0.13692,-0.50000,0.50000,0.50000,0.50000,148.30000
-0.44200,-0.11482,0.13692,-0.50000,0.50000,0.50000,0.50000,148.40000
-0.44200,-0.11491,0.13692,-0.50000,0.50000,0.50000,0.50000,148.50000
-0.44200,-0.11502,0.13692,-0.50000,0.50000,0.50000,0.50000,148.60000
-0.44200,-0.11513,0.13692,-0.50000,0.50000,0.50000,0.50000,148.70000
-0.44200,-0.11525,0.13692,-0.50000,0.50000,0.50000,0.50000,148.80000
-0.44200,-0.11537,0.13692,-0.50000,0.50000,0.50000,0.50000,148.90000
-0.44200,-0.11550,0.13692,-0.50000,0.50000,0.50000,0.50000,149.00000
-0.44200,-0.11563,0.13692,-0.50000,0.50000,0.50000,0.50000,149.10000
-0.44200,-0.11576,0.13692,-0.50000,0.50000,0.50000,0.50000,149.20000
-0.44200,-0.11589,0.13693,-0.50000,0.50000,0.50000,0.50000,149.30000
-0.44200,-0.11602,0.13693,-0.50000,0.50000,0.50000,0.50000,149.40000
-0.44200,-0.11615,0.13693,-0.50000,0.50000,0.50000,0.50000,149.50000
-0.44200,-0.11627,0.13693,-0.50000,0.50000,0.50000,0.50000,149.60000
-0.44200,-0.11639,0.13693,-0.50000,0.50000,0.50000,0.50000,149.70000
-0.44200,-0.11650,0.13693,-0.50000,0.50000,0.50000,0.50000,149.80000
-0.44200,-0.11661,0.13693,-0.50000,0.50000,0.50000,0.50000,149.90000
-0.44200,-0.11671,0.13693,-0.50000,0.50000,0.50000,0.50000,150.00000
-0.44200,-0.11679,0.13693,-0.50000,0.50000,0.50000,0.50000,150.10000
-0.44200,-0.11687,0.13693,-0.50000,0.50000,0.50000,0.50000,150.20000
-0.44200,-0.11694,0.13693,-0.50000,0.50000,0.50000,0.50000,150.30000
-0.44200,-0.11699,0.13693,-0.50000,0.50000,0.50000,0.50000,150.40000
-0.44200,-0.11704,0.13693,-0.50000,0.50000,0.50000,0.50000,150.50000
-0.44200,-0.11706,0.13693,-0.50000,0.50000,0.50000,0.50000,150.60000
-0.44200,-0.11708,0.13693,-0.50000,0.50000,0.50000,0.50000,150.70000
-0.44200,-0.11708,0.13693,-0.50000,0.50000,0.50000,0.50000,150.80000
-0.44200,-0.11706,0.13694,-0.50000,0.50000,0.50000,0.50000,150.90000
-0.44200,-0.11703,0.13694,-0.50000,0.50000,0.50000,0.50000,151.00000
-0.44200,-0.11698,0.13694,-0.50000,0.50000,0.50000,0.50000,151.10000
-0.44200,-0.11691,0.13694,-0.50000,0.50000,0.50000,0.50000,151.20000
-0.44200,-0.11683,0.13694,-0.50000,0.50000,0.50000,0.50000,151.30000
-0.44200,-0.11673,0.13694,-0.50000,0.50000,0.50000,0.50000,151.40000
-0.44200,-0.11662,0.13694,-0.50000,0.50000,0.50000,0.50000,151.50000
-0.44200,-0.11649,0.13694,-0.50000,0.50000,0.50000,0.50000,151.60000
-0.44200,-0.11634,0.13694,-0.50000,0.50000,0.50000,0.50000,151.70000
-0.44200,-0.11617,0.13694,-0.50000,0.50000,0.50000,0.50000,151.80000
-0.44200,-0.11599,0.13694,-0.50000,0.50000,0.50000,0.50000,151.90000
-0.44200,-0.11580,0.13694,-0.50000,0.50000,0.50000,0.50000,152.00000
-0.44200,-0.11559,0.13694,-0.50000,0.50000,0.50000,0.50000,152.10000
-0.44200,-0.11536,0.13694,-0.50000,0.50000,0.50000,0.50000,152.20000
-0.44200,-0.11512,0.13694,-0.50000,0.50000,0.50000,0.50000,152.30000
-0.44200,-0.11487,0.13694,-0.50000,0.50000,0.50000,0.50000,152.40000
-0.44200,-0.11461,0.13695,-0.50000,0.50000,0.50000,0.50000,152.50000
-0.44200,-0.11433,0.13695,-0.50000,0.50000,0.50000,0.50000,152.60000
-0.44200,-0.11405,0.13695,-0.50000,0.50000,0.50000,0.50000,152.70000
-0.44200,-0.11375,0.13695,-0.50000,0.50000,0.50000,0.50000,152.80000
-0.44200,-0.11345,0.13695,-0.50000,0.50000,0.50000,0.50000,152.90000
-0.44200,-0.11314,0.13695,-0.50000,0.50000,0.50000,0.50000,153.00000
-0.44200,-0.11283,0.13695,-0.50000,0.50000,0.50000,0.50000,153.10000
-0.44200,-0.11250,0.13695,-0.50000,0.50000,0.50000,0.50000,153.20000
-0.44200,-0.11218,0.13695,-0.50000,0.50000,0.50000,0.50000,153.30000
-0.44200,-0.11185,0.13695,-0.50000,0.50000,0.50000,0.50000,153.40000
-0.44200,-0.11153,0.13695,-0.50000,0.50000,0.50000,0.50000,153.50000
-0.44200,-0.11120,0.13695,-0.50000,0.50000,0.50000,0.50000,153.60000
-0.44200,-0.11087,0.13695,-0.50000,0.50000,0.50000,0.50000,153.70000
-0.44200,-0.11055,0.13695,-0.50000,0.50000,0.50000,0.50000,153.80000
-0.44200,-0.11023,0.13695,-0.50000,0.50000,0.50000,0.50000,153.90000
-0.44200,-0.10991,0.13695,-0.50000,0.50000,0.50000,0.50000,154.00000
-0.44200,-0.10960,0.13696,-0.50000,0.50000,0.50000,0.50000,154.10000
-0.44200,-0.10930,0.13696,-0.50000,0.50000,0.50000,0.50000,154.20000
-0.44200,-0.10900,0.13696,-0.50000,0.50000,0.50000,0.50000,154.30000
-0.44200,-0.10871,0.13696,-0.50000,0.50000,0.50000,0.50000,154.40000
-0.44200,-0.10844,0.13696,-0.50000,0.50000,0.50000,0.50000,154.50000
-0.44200,-0.10817,0.13696,-0.50000,0.50000,0.50000,0.50000,154.60000
-0.44200,-0.10792,0.13696,-0.50000,0.50000,0.50000,0.50000,154.70000
-0.44200,-0.10768,0.13696,-0.50000,0.50000,0.50000,0.50000,154.80000
-0.44200,-0.10745,0.13696,-0.50000,0.50000,0.50000,0.50000,154.90000
-0.44200,-0.10724,0.13696,-0.50000,0.50000,0.50000,0.50000,155.00000
-0.44200,-0.10704,0.13696,-0.50000,0.50000,0.50000,0.50000,155.10000
-0.44200,-0.10686,0.13696,-0.50000,0.50000,0.50000,0.50000,155.20000
-0.44200,-0.10669,0.13696,-0.50000,0.50000,0.50000,0.50000,155.30000
-0.44200,-0.10654,0.13696,-0.50000,0.50000,0.50000,0.50000,155.40000
-0.44200,-0.10641,0.13696,-0.50000,0.50000,0.50000,0.50000,155.50000
-0.44200,-0.10629,0.13696,-0.50000,0.50000,0.50000,0.50000,155.60000
-0.44200,-0.10619,0.13697,-0.50000,0.50000,0.50000,0.50000,155.70000
-0.44200,-0.10610,0.13697,-0.50000,0.50000,0.50000,0.50000,155.80000
-0.44200,-0.10603,0.13697,-0.50000,0.50000,0.50000,0.50000,155.90000
-0.44200,-0.10598,0.13697,-0.50000,0.50000,0.50000,0.50000,156.00000
-0.44200,-0.10594,0.13697,-0.50000,0.50000,0.50000,0.50000,156.10000
-0.44200,-0.10592,0.13697,-0.50000,0.50000,0.50000,0.50000,156.20000
-0.44200,-0.10592,0.13697,-0.50000,0.50000,0.50000,0.50000,156.30000
-0.44200,-0.10593,0.13697,-0.50000,0.50000,0.50000,0.50000,156.40000
-0.44200,-0.10595,0.13697,-0.50000,0.50000,0.50000,0.50000,156.50000
-0.44200,-0.10599,0.13697,-0.50000,0.50000,0.50000,0.50000,156.60000
-0.44200,-0.10604,0.13697,-0.50000,0.50000,0.50000,0.50000,156.70000
-0.44200,-0.10610,0.13697,-0.50000,0.50000,0.50000,0.50000,156.80000
-0.44200,-0.10617,0.13697,-0.50000,0.50000,0.50000,0.50000,156.90000
-0.44200,-0.10625,0.13697,-0.50000,0.50000,0.50000,0.50000,157.00000
-0.44200,-0.10635,0.13697,-0.50000,0.50000,0.50000,0.50000,157.10000
-0.44200,-0.10645,0.13697,-0.50000,0.50000,0.50000,0.50000,157.20000
-0.44200,-0.10655,0.13697,-0.50000,0.50000,0.50000,0.50000,157.30000
-0.44200,-0.10667,0.13698,-0.50000,0.50000,0.50000,0.50000,157.40000
-0.44200,-0.10678,0.13698,-0.50000,0.50000,0.50000,0.50000,157.50000
-0.44200,-0.10691,0.13698,-0.50000,0.50000,0.50000,0.50000,157.60000
-0.44200,-0.10703,0.13698,-0.50000,0.50000,0.50000,0.50000,157.70000
-0.44200,-0.10716,0.13698,-0.50000,0.50000,0.50000,0.50000,157.80000
-0.44200,-0.10728,0.13698,-0.50000,0.50000,0.50000,0.50000,157.90000
-0.44200,-0.10741,0.13698,-0.50000,0.50000,0.50000,0.50000,158.00000
-0.44200,-0.10753,0.13698,-0.50000,0.50000,0.50000,0.50000,158.10000
-0.44200,-0.10765,0.13698,-0.50000,0.50000,0.50000,0.50000,158.20000
-0.44200,-0.10776,0.13698,-0.50000,0.50000,0.50000,0.50000,158.30000
-0.44200,-0.10787,0.13698,-0.50000,0.50000,0.50000,0.50000,158.40000
-0.44200,-0.10797,0.13698,-0.50000,0.50000,0.50000,0.50000,158.50000
-0.44200,-0.10806,0.13698,-0.50000,0.50000,0.50000,0.50000,158.60000
-0.44200,-0.10815,0.13698,-0.50000,0.50000,0.50000,0.50000,158.70000
-0.44200,-0.10822,0.13698,-0.50000,0.50000,0.50000,0.50000,158.80000
-0.44200,-0.10828,0.13698,-0.50000,0.50000,0.50000,0.50000,158.90000
-0.44200,-0.10834,0.13699,-0.50000,0.50000,0.50000,0.50000,159.00000
-0.44200,-0.10837,0.13699,-0.50000,0.50000,0.50000,0.50000,159.10000
-0.44200,-0.10840,0.13699,-0.50000,0.50000,0.50000,0.50000,159.20000
-0.44200,-0.10841,0.13699,-0.50000,0.50000,0.50000,0.50000,159.30000
-0.44200,-0.10841,0.13699,-0.50000,0.50000,0.50000,0.50000,159.40000
-0.44200,-0.10839,0.13699,-0.50000,0.50000,0.50000,0.50000,159.50000
-0.44200,-0.10836,0.13699,-0.50000,0.50000,0.50000,0.50000,159.60000
-0.44200,-0.10831,0.13699,-0.50000,0.50000,0.50000,0.50000,159.70000
-0.44200,-0.10824,0.13699,-0.50000,0.50000,0.50000,0.50000,159.80000
-0.44200,-0.10816,0.13699,-0.50000,0.50000,0.50000,0.50000,159.90000
-0.44200,-0.10806,0.13699,-0.50000,0.50000,0.50000,0.50000,160.00000
-0.44200,-0.10795,0.13699,-0.50000,0.50000,0.50000,0.50000,160.10000
-0.44200,-0.10782,0.13699,-0.50000,0.50000,0.50000,0.50000,160.20000
-0.44200,-0.10767,0.13699,-0.50000,0.50000,0.50000,0.50000,160.30000
-0.44200,-0.10751,0.13699,-0.50000,0.50000,0.50000,0.50000,160.40000
-0.44200,-0.10733,0.13699,-0.50000,0.50000,0.50000,0.50000,160.50000
-0.44200,-0.10714,0.13700,-0.50000,0.50000,0.50000,0.50000,160.60000
-0.44200,-0.10693,0.13700,-0.50000,0.50000,0.50000,0.50000,160.70000
-0.44200,-0.10671,0.13700,-0.50000,0.50000,0.50000,0.50000,160.80000
-0.44200,-0.10647,0.13700,-0.50000,0.50000,0.50000,0.50000,160.90000
-0.44200,-0.10623,0.13700,-0.50000,0.50000,0.50000,0.50000,161.00000
-0.44200,-0.10597,0.13700,-0.50000,0.50000,0.50000,0.50000,161.10000
-0.44200,-0.10570,0.13700,-0.50000,0.50000,0.50000,0.50000,161.20000
-0.44200,-0.10541,0.13700,-0.50000,0.50000,0.50000,0.50000,161.30000
-0.44200,-0.10513,0.13700,-0.50000,0.50000,0.50000,0.50000,161.40000
-0.44200,-0.10483,0.13700,-0.50000,0.50000,0.50000,0.50000,161.50000
-0.44200,-0.10452,0.13700,-0.50000,0.50000,0.50000,0.50000,161.60000
-0.44200,-0.10421,0.13700,-0.50000,0.50000,0.50000,0.50000,161.70000
-0.44200,-0.10390,0.13700,-0.50000,0.50000,0.50000,0.50000,161.80000
-0.44200,-0.10358,0.13700,-0.50000,0.50000,0.50000,0.50000,161.90000
-0.44200,-0.10326,0.13700,-0.50000,0.50000,0.50000,0.50000,162.00000
-0.44200,-0.10293,0.13700,-0.50000,0.50000,0.50000,0.50000,162.10000
-0.44200,-0.10261,0.13701,-0.50000,0.50000,0.50000,0.50000,162.20000
-0.44200,-0.10229,0.13701,-0.50000,0.50000,0.50000,0.50000,162.30000
-0.44200,-0.10197,0.13701,-0.50000,0.50000,0.50000,0.50000,162.40000
-0.44200,-0.10165,0.13701,-0.50000,0.50000,0.50000,0.50000,162.50000
-0.44200,-0.10134,0.13701,-0.50000,0.50000,0.50000,0.50000,162.60000
-0.44200,-0.10104,0.13701,-0.50000,0.50000,0.50000,0.50000,162.70000
-0.44200,-0.10074,0.13701,-0.50000,0.50000,0.50000,0.50000,162.80000
-0.44200,-0.10045,0.13701,-0.50000,0.50000,0.50000,0.50000,162.90000
-0.44200,-0.10016,0.13701,-0.50000,0.50000,0.50000,0.50000,163.00000
-0.44200,-0.09989,0.13701,-0.50000,0.50000,0.50000,0.50000,163.10000
-0.44200,-0.09963,0.13701,-0.50000,0.50000,0.50000,0.50000,163.20000
-0.44200,-0.09938,0.13701,-0.50000,0.50000,0.50000,0.50000,163.30000
-0.44200,-0.09914,0.13701,-0.50000,0.50000,0.50000,0.50000,163.40000
-0.44200,-0.09892,0.13701,-0.50000,0.50000,0.50000,0.50000,163.50000
-0.44200,-0.09871,0.13701,-0.50000,0.50000,0.50000,0.50000,163.60000
-0.44200,-0.09851,0.13701,-0.50000,0.50000,0.50000,0.50000,163.70000
-0.44200,-0.09833,0.13702,-0.50000,0.50000,0.50000,0.50000,163.80000
-0.44200,-0.09816,0.13702,-0.50000,0.50000,0.50000,0.50000,163.90000
-0.44200,-0.09801,0.13702,-0.50000,0.50000,0.50000,0.50000,164.00000
-0.44200,-0.09788,0.13702,-0.50000,0.50000,0.50000,0.50000,164.10000
-0.44200,-0.09776,0.13702,-0.50000,0.50000,0.50000,0.50000,164.20000
-0.44200,-0.09766,0.13702,-0.50000,0.50000,0.50000,0.50000,164.30000
-0.44200,-0.09757,0.13702,-0.50000,0.50000,0.50000,0.50000,164.40000
-0.44200,-0.09750,0.13702,-0.50000,0.50000,0.50000,0.50000,164.50000
-0.44200,-0.09745,0.13702,-0.50000,0.50000,0.50000,0.50000,164.60000
-0.44200,-0.09741,0.13702,-0.50000,0.50000,0.50000,0.50000,164.70000
-0.44200,-0.09739,0.13702,-0.50000,0.50000,0.50000,0.50000,164.80000
-0.44200,-0.09738,0.13702,-0.50000,0.50000,0.50000,0.50000,164.90000
-0.44200,-0.09738,0.13702,-0.50000,0.50000,0.50000,0.50000,165.00000
-0.44200,-0.09740,0.13702,-0.50000,0.50000,0.50000,0.50000,165.10000
-0.44200,-0.09744,0.13702,-0.50000,0.50000,0.50000,0.50000,165.20000
-0.44200,-0.09748,0.13702,-0.50000,0.50000,0.50000,0.50000,165.30000
-0.44200,-0.09754,0.13703,-0.50000,0.50000,0.50000,0.50000,165.40000
-0.44200,-0.09761,0.13703,-0.50000,0.50000,0.50000,0.50000,165.50000
-0.44200,-0.09769,0.13703,-0.50000,0.50000,0.50000,0.50000,165.60000
-0.44200,-0.09778,0.13703,-0.50000,0.50000,0.50000,0.50000,165.70000
-0.44200,-0.09787,0.13703,-0.50000,0.50000,0.50000,0.50000,165.80000
-0.44200,-0.09797,0.13703,-0.50000,0.50000,0.50000,0.50000,165.90000
-0.44200,-0.09808,0.13703,-0.50000,0.50000,0.50000,0.50000,166.00000
-0.44200,-0.09819,0.13703,-0.50000,0.50000,0.50000,0.50000,166.10000
-0.44200,-0.09831,0.13703,-0.50000,0.50000,0.50000,0.50000,166.20000
-0.44200,-0.09843,0.13703,-0.50000,0.50000,0.50000,0.50000,166.30000
-0.44200,-0.09855,0.13703,-0.50000,0.50000,0.50000,0.50000,166.40000
-0.44200,-0.09867,0.13703,-0.50000,0.50000,0.50000,0.50000,166.50000
-0.44200,-0.09879,0.13703,-0.50000,0.50000,0.50000,0.50000,166.60000
-0.44200,-0.09891,0.13703,-0.50000,0.50000,0.50000,0.50000,166.70000
-0.44200,-0.09902,0.13703,-0.50000,0.50000,0.50000,0.50000,166.80000
-0.44200,-0.09913,0.13703,-0.50000,0.50000,0.50000,0.50000,166.90000
-0.44200,-0.09923,0.13704,-0.50000,0.50000,0.50000,0.50000,167.00000
-0.44200,-0.09933,0.13704,-0.50000,0.50000,0.50000,0.50000,167.10000
-0.44200,-0.09942,0.13704,-0.50000,0.50000,0.50000,0.50000,167.20000
-0.44200,-0.09950,0.13704,-0.50000,0.50000,0.50000,0.50000,167.30000
-0.44200,-0.09957,0.13704,-0.50000,0.50000,0.50000,0.50000,167.40000
-0.44200,-0.09963,0.13704,-0.50000,0.50000,0.50000,0.50000,167.50000
-0.44200,-0.09968,0.13704,-0.50000,0.50000,0.50000,0.50000,167.60000
-0.44200,-0.09971,0.13704,-0.50000,0.50000,0.50000,0.50000,167.70000
-0.44200,-0.09974,0.13704,-0.50000,0.50000,0.50000,0.50000,167.80000
-0.44200,-0.09975,0.13704,-0.50000,0.50000,0.50000,0.50000,167.90000
-0.44200,-0.09974,0.13704,-0.50000,0.50000,0.50000,0.50000,168.00000
-0.44200,-0.09972,0.13704,-0.50000,0.50000,0.50000,0.50000,168.10000
-0.44200,-0.09969,0.13704,-0.50000,0.50000,0.50000,0.50000,168.20000
-0.44200,-0.09964,0.13704,-0.50000,0.50000,0.50000,0.50000,168.30000
-0.44200,-0.09957,0.13704,-0.50000,0.50000,0.50000,0.50000,168.40000
-0.44200,-0.09949,0.13704,-0.50000,0.50000,0.50000,0.50000,168.50000
-0.44200,-0.09939,0.13705,-0.50000,0.50000,0.50000,0.50000,168.60000
-0.44200,-0.09928,0.13705,-0.50000,0.50000,0.50000,0.50000,168.70000
-0.44200,-0.09915,0.13705,-0.50000,0.50000,0.50000,0.50000,168.80000
-0.44200,-0.09901,0.13705,-0.50000,0.50000,0.50000,0.50000,168.90000
-0.44200,-0.09885,0.13705,-0.50000,0.50000,0.50000,0.50000,169.00000
-0.44200,-0.09867,0.13705,-0.50000,0.50000,0.50000,0.50000,169.10000
-0.44200,-0.09848,0.13705,-0.50000,0.50000,0.50000,0.50000,169.20000
-0.44200,-0.09827,0.13705,-0.50000,0.50000,0.50000,0.50000,169.30000
-0.44200,-0.09806,0.13705,-0.50000,0.50000,0.50000,0.50000,169.40000
-0.44200,-0.09782,0.13705,-0.50000,0.50000,0.50000,0.50000,169.50000
-0.44200,-0.09758,0.13705,-0.50000,0.50000,0.50000,0.50000,169.60000
-0.44200,-0.09732,0.13705,-0.50000,0.50000,0.50000,0.50000,169.70000
-0.44200,-0.09706,0.13705,-0.50000,0.50000,0.50000,0.50000,169.80000
-0.44200,-0.09678,0.13705,-0.50000,0.50000,0.50000,0.50000,169.90000
-0.44200,-0.09650,0.13705,-0.50000,0.50000,0.50000,0.50000,170.00000
-0.44200,-0.09620,0.13705,-0.50000,0.50000,0.50000,0.50000,170.10000
-0.44200,-0.09590,0.13705,-0.50000,0.50000,0.50000,0.50000,170.20000
-0.44200,-0.09560,0.13706,-0.50000,0.50000,0.50000,0.50000,170.30000
-0.44200,-0.09529,0.13706,-0.50000,0.50000,0.50000,0.50000,170.40000
-0.44200,-0.09497,0.13706,-0.50000,0.50000,0.50000,0.50000,170.50000
-0.44200,-0.09466,0.13706,-0.50000,0.50000,0.50000,0.50000,170.60000
-0.44200,-0.09434,0.13706,-0.50000,0.50000,0.50000,0.50000,170.70000
-0.44200,-0.09402,0.13706,-0.50000,0.50000,0.50000,0.50000,170.80000
-0.44200,-0.09371,0.13706,-0.50000,0.50000,0.50000,0.50000,170.90000
-0.44200,-0.09339,0.13706,-0.50000,0.50000,0.50000,0.50000,171.00000
-0.44200,-0.09308,0.13706,-0.50000,0.50000,0.50000,0.50000,171.10000
-0.44200,-0.09277,0.13706,-0.50000,0.50000,0.50000,0.50000,171.20000
-0.44200,-0.09247,0.13706,-0.50000,0.50000,0.50000,0.50000,171.30000
-0.44200,-0.09218,0.13706,-0.50000,0.50000,0.50000,0.50000,171.40000
-0.44200,-0.09189,0.13706,-0.50000,0.50000,0.50000,0.50000,171.50000
-0.44200,-0.09161,0.13706,-0.50000,0.50000,0.50000,0.50000,171.60000
-0.44200,-0.09134,0.13706,-0.50000,0.50000,0.50000,0.50000,171.70000
-0.44200,-0.09108,0.13706,-0.50000,0.50000,0.50000,0.50000,171.80000
-0.44200,-0.09084,0.13707,-0.50000,0.50000,0.50000,0.50000,171.90000
-0.44200,-0.09060,0.13707,-0.50000,0.50000,0.50000,0.50000,172.00000
-0.44200,-0.09038,0.13707,-0.50000,0.50000,0.50000,0.50000,172.10000
-0.44200,-0.09017,0.13707,-0.50000,0.50000,0.50000,0.50000,172.20000
-0.44200,-0.08998,0.13707,-0.50000,0.50000,0.50000,0.50000,172.30000
-0.44200,-0.08980,0.13707,-0.50000,0.50000,0.50000,0.50000,172.40000
-0.44200,-0.08963,0.13707,-0.50000,0.50000,0.50000,0.50000,172.50000
-0.44200,-0.08948,0.13707,-0.50000,0.50000,0.50000,0.50000,172.60000
-0.44200,-0.08935,0.13707,-0.50000,0.50000,0.50000,0.50000,172.70000
-0.44200,-0.08923,0.13707,-0.50000,0.50000,0.50000,0.50000,172.80000
-0.44200,-0.08913,0.13707,-0.50000,0.50000,0.50000,0.50000,172.90000
-0.44200,-0.08904,0.13707,-0.50000,0.50000,0.50000,0.50000,173.00000
-0.44200,-0.08897,0.13707,-0.50000,0.50000,0.50000,0.50000,173.10000
-0.44200,-0.08891,0.13707,-0.50000,0.50000,0.50000,0.50000,173.20000
-0.44200,-0.08887,0.13707,-0.50000,0.50000,0.50000,0.50000,173.30000
-0.44200,-0.08885,0.13707,-0.50000,0.50000,0.50000,0.50000,173.40000
-0.44200,-0.08884,0.13708,-0.50000,0.50000,0.50000,0.50000,173.50000
-0.44200,-0.08884,0.13708,-0.50000,0.50000,0.50000,0.50000,173.60000
-0.44200,-0.08886,0.13708,-0.50000,0.50000,0.50000,0.50000,173.70000
-0.44200,-0.08889,0.13708,-0.50000,0.50000,0.50000,0.50000,173.80000
-0.44200,-0.08893,0.13708,-0.50000,0.50000,0.50000,0.50000,173.90000
-0.44200,-0.08898,0.13708,-0.50000,0.50000,0.50000,0.50000,174.00000
-0.44200,-0.08905,0.13708,-0.50000,0.50000,0.50000,0.50000,174.10000
-0.44200,-0.08912,0.13708,-0.50000,0.50000,0.50000,0.50000,174.20000
-0.44200,-0.08920,0.13708,-0.50000,0.50000,0.50000,0.50000,174.30000
-0.44200,-0.08930,0.13708,-0.50000,0.50000,0.50000,0.50000,174.40000
-0.44200,-0.08939,0.13708,-0.50000,0.50000,0.50000,0.50000,174.50000
-0.44200,-0.08950,0.13708,-0.50000,0.50000,0.50000,0.50000,174.60000
-0.44200,-0.08960,0.13708,-0.50000,0.50000,0.50000,0.50000,174.70000
-0.44200,-0.08972,0.13708,-0.50000,0.50000,0.50000,0.50000,174.80000
-0.44200,-0.08983,0.13708,-0.50000,0.50000,0.50000,0.50000,174.90000
-0.44200,-0.08995,0.13708,-0.50000,0.50000,0.50000,0.50000,175.00000
-0.44200,-0.09006,0.13709,-0.50000,0.50000,0.50000,0.50000,175.10000
-0.44200,-0.09017,0.13709,-0.50000,0.50000,0.50000,0.50000,175.20000
-0.44200,-0.09029,0.13709,-0.50000,0.50000,0.50000,0.50000,175.30000
-0.44200,-0.09040,0.13709,-0.50000,0.50000,0.50000,0.50000,175.40000
-0.44200,-0.09050,0.13709,-0.50000,0.50000,0.50000,0.50000,175.50000
-0.44200,-0.09060,0.13709,-0.50000,0.50000,0.50000,0.50000,175.60000
-0.44200,-0.09069,0.13709,-0.50000,0.50000,0.50000,0.50000,175.70000
-0.44200,-0.09078,0.13709,-0.50000,0.50000,0.50000,0.50000,175.80000
-0.44200,-0.09085,0.13709,-0.50000,0.50000,0.50000,0.50000,175.90000
-0.44200,-0.09092,0.13709,-0.50000,0.50000,0.50000,0.50000,176.00000
-0.44200,-0.09098,0.13709,-0.50000,0.50000,0.50000,0.50000,176.10000
-0.44200,-0.09102,0.13709,-0.50000,0.50000,0.50000,0.50000,176.20000
-0.44200,-0.09106,0.13709,-0.50000,0.50000,0.50000,0.50000,176.30000
-0.44200,-0.09108,0.13709,-0.50000,0.50000,0.50000,0.50000,176.40000
-0.44200,-0.09109,0.13709,-0.50000,0.50000,0.50000,0.50000,176.50000
-0.44200,-0.09108,0.13709,-0.50000,0.50000,0.50000,0.50000,176.60000
-0.44200,-0.09106,0.13710,-0.50000,0.50000,0.50000,0.50000,176.70000
-0.44200,-0.09102,0.13710,-0.50000,0.50000,0.50000,0.50000,176.80000
-0.44200,-0.09097,0.13710,-0.50000,0.50000,0.50000,0.50000,176.90000
-0.44200,-0.09091,0.13710,-0.50000,0.50000,0.50000,0.50000,177.00000
-0.44200,-0.09082,0.13710,-0.50000,0.50000,0.50000,0.50000,177.10000
-0.44200,-0.09073,0.13710,-0.50000,0.50000,0.50000,0.50000,177.20000
-0.44200,-0.09062,0.13710,-0.50000,0.50000,0.50000,0.50000,177.30000
-0.44200,-0.09049,0.13710,-0.50000,0.50000,0.50000,0.50000,177.40000
-0.44200,-0.09034,0.13710,-0.50000,0.50000,0.50000,0.50000,177.50000
-0.44200,-0.09018,0.13710,-0.50000,0.50000,0.50000,0.50000,177.60000
-0.44200,-0.09001,0.13710,-0.50000,0.50000,0.50000,0.50000,177.70000
-0.44200,-0.08982,0.13710,-0.50000,0.50000,0.50000,0.50000,177.80000
-0.44200,-0.08962,0.13710,-0.50000,0.50000,0.50000,0.50000,177.90000
-0.44200,-0.08941,0.13710,-0.50000,0.50000,0.50000,0.50000,178.00000
-0.44200,-0.08918,0.13710,-0.50000,0.50000,0.50000,0.50000,178.10000
-0.44200,-0.08894,0.13710,-0.50000,0.50000,0.50000,0.50000,178.20000
-0.44200,-0.08868,0.13711,-0.50000,0.50000,0.50000,0.50000,178.30000
-0.44200,-0.08842,0.13711,-0.50000,0.50000,0.50000,0.50000,178.40000
-0.44200,-0.08815,0.13711,-0.50000,0.50000,0.50000,0.50000,178.50000
-0.44200,-0.08787,0.13711,-0.50000,0.50000,0.50000,0.50000,178.60000
-0.44200,-0.08758,0.13711,-0.50000,0.50000,0.50000,0.50000,178.70000
-0.44200,-0.08729,0.13711,-0.50000,0.50000,0.50000,0.50000,178.80000
-0.44200,-0.08699,0.13711,-0.50000,0.50000,0.50000,0.50000,178.90000
-0.44200,-0.08668,0.13711,-0.50000,0.50000,0.50000,0.50000,179.00000
-0.44200,-0.08637,0.13711,-0.50000,0.50000,0.50000,0.50000,179.10000
-0.44200,-0.08606,0.13711,-0.50000,0.50000,0.50000,0.50000,179.20000
-0.44200,-0.08575,0.13711,-0.50000,0.50000,0.50000,0.50000,179.30000
-0.44200,-0.08543,0.13711,-0.50000,0.50000,0.50000,0.50000,179.40000
-0.44200,-0.08512,0.13711,-0.50000,0.50000,0.50000,0.50000,179.50000
-0.44200,-0.08481,0.13711,-0.50000,0.50000,0.50000,0.50000,179.60000
-0.44200,-0.08451,0.13711,-0.50000,0.50000,0.50000,0.50000,179.70000
-0.44200,-0.08420,0.13711,-0.50000,0.50000,0.50000,0.50000,179.80000
-0.44200,-0.08391,0.13712,-0.50000,0.50000,0.50000,0.50000,179.90000
-0.44200,-0.08362,0.13712,-0.50000,0.50000,0.50000,0.50000,180.00000
-0.44200,-0.08333,0.13712,-0.50000,0.50000,0.50000,0.50000,180.10000
-0.44200,-0.08306,0.13712,-0.50000,0.50000,0.50000,0.50000,180.20000
-0.44200,-0.08279,0.13712,-0.50000,0.50000,0.50000,0.50000,180.30000
-0.44200,-0.08254,0.13712,-0.50000,0.50000,0.50000,0.50000,180.40000
-0.44200,-0.08229,0.13712,-0.50000,0.50000,0.50000,0.50000,180.50000
-0.44200,-0.08206,0.13712,-0.50000,0.50000,0.50000,0.50000,180.60000
-0.44200,-0.08184,0.13712,-0.50000,0.50000,0.50000,0.50000,180.70000
-0.44200,-0.08164,0.13712,-0.50000,0.50000,0.50000,0.50000,180.80000
-0.44200,-0.08144,0.13712,-0.50000,0.50000,0.50000,0.50000,180.90000
-0.44200,-0.08126,0.13712,-0.50000,0.50000,0.50000,0.50000,181.00000
-0.44200,-0.08110,0.13712,-0.50000,0.50000,0.50000,0.50000,181.10000
-0.44200,-0.08095,0.13712,-0.50000,0.50000,0.50000,0.50000,181.20000
-0.44200,-0.08082,0.13712,-0.50000,0.50000,0.50000,0.50000,181.30000
-0.44200,-0.08070,0.13712,-0.50000,0.50000,0.50000,0.50000,181.40000
-0.44200,-0.08060,0.13712,-0.50000,0.50000,0.50000,0.50000,181.50000
-0.44200,-0.08051,0.13713,-0.50000,0.50000,0.50000,0.50000,181.60000
-0.44200,-0.08044,0.13713,-0.50000,0.50000,0.50000,0.50000,181.70000
-0.44200,-0.08038,0.13713,-0.50000,0.50000,0.50000,0.50000,181.80000
-0.44200,-0.08034,0.13713,-0.50000,0.50000,0.50000,0.50000,181.90000
-0.44200,-0.08031,0.13713,-0.50000,0.50000,0.50000,0.50000,182.00000
-0.44200,-0.08030,0.13713,-0.50000,0.50000,0.50000,0.50000,182.10000
-0.44200,-0.08030,0.13713,-0.50000,0.50000,0.50000,0.50000,182.20000
-0.44200,-0.08031,0.13713,-0.50000,0.50000,0.50000,0.50000,182.30000
-0.44200,-0.08034,0.13713,-0.50000,0.50000,0.50000,0.50000,182.40000
-0.44200,-0.08038,0.13713,-0.50000,0.50000,0.50000,0.50000,182.50000
-0.44200,-0.08043,0.13713,-0.50000,0.50000,0.50000,0.50000,182.60000
-0.44200,-0.08049,0.13713,-0.50000,0.50000,0.50000,0.50000,182.70000
-0.44200,-0.08056,0.13713,-0.50000,0.50000,0.50000,0.50000,182.80000
-0.44200,-0.08063,0.13713,-0.50000,0.50000,0.50000,0.50000,182.90000
-0.44200,-0.08072,0.13713,-0.50000,0.50000,0.50000,0.50000,183.00000
-0.44200,-0.08081,0.13713,-0.50000,0.50000,0.50000,0.50000,183.10000
-0.44200,-0.08091,0.13714,-0.50000,0.50000,0.50000,0.50000,183.20000
-0.44200,-0.08101,0.13714,-0.50000,0.50000,0.50000,0.50000,183.30000
-0.44200,-0.08112,0.13714,-0.50000,0.50000,0.50000,0.50000,183.40000
-0.44200,-0.08123,0.13714,-0.50000,0.50000,0.50000,0.50000,183.50000
-0.44200,-0.08134,0.13714,-0.50000,0.50000,0.50000,0.50000,183.60000
-0.44200,-0.08145,0.13714,-0.50000,0.50000,0.50000,0.50000,183.70000
-0.44200,-0.08156,0.13714,-0.50000,0.50000,0.50000,0.50000,183.80000
-0.44200,-0.08167,0.13714,-0.50000,0.50000,0.50000,0.50000,183.90000
-0.44200,-0.08177,0.13714,-0.50000,0.50000,0.50000,0.50000,184.00000
-0.44200,-0.08187,0.13714,-0.50000,0.50000,0.50000,0.50000,184.10000
-0.44200,-0.08197,0.13714,-0.50000,0.50000,0.50000,0.50000,184.20000
-0.44200,-0.08206,0.13714,-0.50000,0.50000,0.50000,0.50000,184.30000
-0.44200,-0.08214,0.13714,-0.50000,0.50000,0.50000,0.50000,184.40000
-0.44200,-0.08221,0.13714,-0.50000,0.50000,0.50000,0.50000,184.50000
-0.44200,-0.08227,0.13714,-0.50000,0.50000,0.50000,0.50000,184.60000
-0.44200,-0.08233,0.13714,-0.50000,0.50000,0.50000,0.50000,184.70000
-0.44200,-0.08237,0.13715,-0.50000,0.50000,0.50000,0.50000,184.80000
-0.44200,-0.08240,0.13715,-0.50000,0.50000,0.50000,0.50000,184.90000
-0.44200,-0.08242,0.13715,-0.50000,0.50000,0.50000,0.50000,185.00000
-0.44200,-0.08242,0.13715,-0.50000,0.50000,0.50000,0.50000,185.10000
-0.44200,-0.08242,0.13715,-0.50000,0.50000,0.50000,0.50000,185.20000
-0.44200,-0.08239,0.13715,-0.50000,0.50000,0.50000,0.50000,185.30000
-0.44200,-0.08236,0.13715,-0.50000,0.50000,0.50000,0.50000,185.40000
-0.44200,-0.08231,0.13715,-0.50000,0.50000,0.50000,0.50000,185.50000
-0.44200,-0.08224,0.13715,-0.50000,0.50000,0.50000,0.50000,185.60000
-0.44200,-0.08216,0.13715,-0.50000,0.50000,0.50000,0.50000,185.70000
-0.44200,-0.08206,0.13715,-0.50000,0.50000,0.50000,0.50000,185.80000
-0.44200,-0.08195,0.13715,-0.50000,0.50000,0.50000,0.50000,185.90000
-0.44200,-0.08182,0.13715,-0.50000,0.50000,0.50000,0.50000,186.00000
-0.44200,-0.08168,0.13715,-0.50000,0.50000,0.50000,0.50000,186.10000
-0.44200,-0.08152,0.13715,-0.50000,0.50000,0.50000,0.50000,186.20000
-0.44200,-0.08135,0.13715,-0.50000,0.50000,0.50000,0.50000,186.30000
-0.44200,-0.08117,0.13716,-0.50000,0.50000,0.50000,0.50000,186.40000
-0.44200,-0.08097,0.13716,-0.50000,0.50000,0.50000,0.50000,186.50000
-0.44200,-0.08076,0.13716,-0.50000,0.50000,0.50000,0.50000,186.60000
-0.44200,-0.08053,0.13716,-0.50000,0.50000,0.50000,0.50000,186.70000
-0.44200,-0.08029,0.13716,-0.50000,0.50000,0.50000,0.50000,186.80000
-0.44200,-0.08005,0.13716,-0.50000,0.50000,0.50000,0.50000,186.90000
-0.44200,-0.07979,0.13716,-0.50000,0.50000,0.50000,0.50000,187.00000
-0.44200,-0.07952,0.13716,-0.50000,0.50000,0.50000,0.50000,187.10000
-0.44200,-0.07924,0.13716,-0.50000,0.50000,0.50000,0.50000,187.20000
-0.44200,-0.07896,0.13716,-0.50000,0.50000,0.50000,0.50000,187.30000
-0.44200,-0.07867,0.13716,-0.50000,0.50000,0.50000,0.50000,187.40000
-0.44200,-0.07837,0.13716,-0.50000,0.50000,0.50000,0.50000,187.50000
-0.44200,-0.07807,0.13716,-0.50000,0.50000,0.50000,0.50000,187.60000
-0.44200,-0.07777,0.13716,-0.50000,0.50000,0.50000,0.50000,187.70000
-0.44200,-0.07746,0.13716,-0.50000,0.50000,0.50000,0.50000,187.80000
-0.44200,-0.07715,0.13716,-0.50000,0.50000,0.50000,0.50000,187.90000
-0.44200,-0.07685,0.13717,-0.50000,0.50000,0.50000,0.50000,188.00000
-0.44200,-0.07654,0.13717,-0.50000,0.50000,0.50000,0.50000,188.10000
-0.44200,-0.07623,0.13717,-0.50000,0.50000,0.50000,0.50000,188.20000
-0.44200,-0.07593,0.13717,-0.50000,0.50000,0.50000,0.50000,188.30000
-0.44200,-0.07563,0.13717,-0.50000,0.50000,0.50000,0.50000,188.40000
-0.44200,-0.07534,0.13717,-0.50000,0.50000,0.50000,0.50000,188.50000
-0.44200,-0.07505,0.13717,-0.50000,0.50000,0.50000,0.50000,188.60000
-0.44200,-0.07478,0.13717,-0.50000,0.50000,0.50000,0.50000,188.70000
-0.44200,-0.07450,0.13717,-0.50000,0.50000,0.50000,0.50000,188.80000
-0.44200,-0.07424,0.13717,-0.50000,0.50000,0.50000,0.50000,188.90000
-0.44200,-0.07399,0.13717,-0.50000,0.50000,0.50000,0.50000,189.00000
-0.44200,-0.07375,0.13717,-0.50000,0.50000,0.50000,0.50000,189.10000
-0.44200,-0.07352,0.13717,-0.50000,0.50000,0.50000,0.50000,189.20000
-0.44200,-0.07330,0.13717,-0.50000,0.50000,0.50000,0.50000,189.30000
-0.44200,-0.07310,0.13717,-0.50000,0.50000,0.50000,0.50000,189.40000
-0.44200,-0.07291,0.13717,-0.50000,0.50000,0.50000,0.50000,189.50000
-0.44200,-0.07273,0.13718,-0.50000,0.50000,0.50000,0.50000,189.60000
-0.44200,-0.07257,0.13718,-0.50000,0.50000,0.50000,0.50000,189.70000
-0.44200,-0.07242,0.13718,-0.50000,0.50000,0.50000,0.50000,189.80000
-0.44200,-0.07228,0.13718,-0.50000,0.50000,0.50000,0.50000,189.90000
-0.44200,-0.07217,0.13718,-0.50000,0.50000,0.50000,0.50000,190.00000
-0.44200,-0.07206,0.13718,-0.50000,0.50000,0.50000,0.50000,190.10000
-0.44200,-0.07197,0.13718,-0.50000,0.50000,0.50000,0.50000,190.20000
-0.44200,-0.07190,0.13718,-0.50000,0.50000,0.50000,0.50000,190.30000
-0.44200,-0.07184,0.13718,-0.50000,0.50000,0.50000,0.50000,190.40000
-0.44200,-0.07180,0.13718,-0.50000,0.50000,0.50000,0.50000,190.50000
-0.44200,-0.07177,0.13718,-0.50000,0.50000,0.50000,0.50000,190.60000
-0.44200,-0.07175,0.13718,-0.50000,0.50000,0.50000,0.50000,190.70000
-0.44200,-0.07175,0.13718,-0.50000,0.50000,0.50000,0.50000,190.80000
-0.44200,-0.07176,0.13718,-0.50000,0.50000,0.50000,0.50000,190.90000
-0.44200,-0.07179,0.13718,-0.50000,0.50000,0.50000,0.50000,191.00000
-0.44200,-0.07182,0.13718,-0.50000,0.50000,0.50000,0.50000,191.10000
-0.44200,-0.07187,0.13719,-0.50000,0.50000,0.50000,0.50000,191.20000
-0.44200,-0.07192,0.13719,-0.50000,0.50000,0.50000,0.50000,191.30000
-0.44200,-0.07199,0.13719,-0.50000,0.50000,0.50000,0.50000,191.40000
-0.44200,-0.07206,0.13719,-0.50000,0.50000,0.50000,0.50000,191.50000
-0.44200,-0.07214,0.13719,-0.50000,0.50000,0.50000,0.50000,191.60000
-0.44200,-0.07223,0.13719,-0.50000,0.50000,0.50000,0.50000,191.70000
-0.44200,-0.07233,0.13719,-0.50000,0.50000,0.50000,0.50000,191.80000
-0.44200,-0.07242,0.13719,-0.50000,0.50000,0.50000,0.50000,191.90000
-0.44200,-0.07253,0.13719,-0.50000,0.50000,0.50000,0.50000,192.00000
-0.44200,-0.07263,0.13719,-0.50000,0.50000,0.50000,0.50000,192.10000
-0.44200,-0.07274,0.13719,-0.50000,0.50000,0.50000,0.50000,192.20000
-0.44200,-0.07284,0.13719,-0.50000,0.50000,0.50000,0.50000,192.30000
-0.44200,-0.07295,0.13719,-0.50000,0.50000,0.50000,0.50000,192.40000
-0.44200,-0.07305,0.13719,-0.50000,0.50000,0.50000,0.50000,192.50000
-0.44200,-0.07315,0.13719,-0.50000,0.50000,0.50000,0.50000,192.60000
-0.44200,-0.07325,0.13719,-0.50000,0.50000,0.50000,0.50000,192.70000
-0.44200,-0.07334,0.13720,-0.50000,0.50000,0.50000,0.50000,192.80000
-0.44200,-0.07342,0.13720,-0.50000,0.50000,0.50000,0.50000,192.90000
-0.44200,-0.07350,0.13720,-0.50000,0.50000,0.50000,0.50000,193.00000
-0.44200,-0.07357,0.13720,-0.50000,0.50000,0.50000,0.50000,193.10000
-0.44200,-0.07363,0.13720,-0.50000,0.50000,0.50000,0.50000,193.20000
-0.44200,-0.07368,0.13720,-0.50000,0.50000,0.50000,0.50000,193.30000
-0.44200,-0.07372,0.13720,-0.50000,0.50000,0.50000,0.50000,193.40000
-0.44200,-0.07374,0.13720,-0.50000,0.50000,0.50000,0.50000,193.50000
-0.44200,-0.07376,0.13720,-0.50000,0.50000,0.50000,0.50000,193.60000
-0.44200,-0.07376,0.13720,-0.50000,0.50000,0.50000,0.50000,193.70000
-0.44200,-0.07375,0.13720,-0.50000,0.50000,0.50000,0.50000,193.80000
-0.44200,-0.07373,0.13720,-0.50000,0.50000,0.50000,0.50000,193.90000
-0.44200,-0.07369,0.13720,-0.50000,0.50000,0.50000,0.50000,194.00000
-0.44200,-0.07364,0.13720,-0.50000,0.50000,0.50000,0.50000,194.10000
-0.44200,-0.07358,0.13720,-0.50000,0.50000,0.50000,0.50000,194.20000
-0.44200,-0.07349,0.13720,-0.50000,0.50000,0.50000,0.50000,194.30000
-0.44200,-0.07340,0.13720,-0.50000,0.50000,0.50000,0.50000,194.40000
-0.44200,-0.07329,0.13721,-0.50000,0.50000,0.50000,0.50000,194.50000
-0.44200,-0.07316,0.13721,-0.50000,0.50000,0.50000,0.50000,194.60000
-0.44200,-0.07302,0.13721,-0.50000,0.50000,0.50000,0.50000,194.70000
-0.44200,-0.07287,0.13721,-0.50000,0.50000,0.50000,0.50000,194.80000
-0.44200,-0.07270,0.13721,-0.50000,0.50000,0.50000,0.50000,194.90000
-0.44200,-0.07251,0.13721,-0.50000,0.50000,0.50000,0.50000,195.00000
-0.44200,-0.07232,0.13721,-0.50000,0.50000,0.50000,0.50000,195.10000
-0.44200,-0.07211,0.13721,-0.50000,0.50000,0.50000,0.50000,195.20000
-0.44200,-0.07188,0.13721,-0.50000,0.50000,0.50000,0.50000,195.30000
-0.44200,-0.07165,0.13721,-0.50000,0.50000,0.50000,0.50000,195.40000
-0.44200,-0.07141,0.13721,-0.50000,0.50000,0.50000,0.50000,195.50000
-0.44200,-0.07115,0.13721,-0.50000,0.50000,0.50000,0.50000,195.60000
-0.44200,-0.07089,0.13721,-0.50000,0.50000,0.50000,0.50000,195.70000
-0.44200,-0.07062,0.13721,-0.50000,0.50000,0.50000,0.50000,195.80000
-0.44200,-0.07034,0.13721,-0.50000,0.50000,0.50000,0.50000,195.90000
-0.44200,-0.07005,0.13721,-0.50000,0.50000,0.50000,0.50000,196.00000
-0.44200,-0.06976,0.13722,-0.50000,0.50000,0.50000,0.50000,196.10000
-0.44200,-0.06946,0.13722,-0.50000,0.50000,0.50000,0.50000,196.20000
-0.44200,-0.06916,0.13722,-0.50000,0.50000,0.50000,0.50000,196.30000
-0.44200,-0.06886,0.13722,-0.50000,0.50000,0.50000,0.50000,196.40000
-0.44200,-0.06856,0.13722,-0.50000,0.50000,0.50000,0.50000,196.50000
-0.44200,-0.06826,0.13722,-0.50000,0.50000,0.50000,0.50000,196.60000
-0.44200,-0.06795,0.13722,-0.50000,0.50000,0.50000,0.50000,196.70000
-0.44200,-0.06765,0.13722,-0.50000,0.50000,0.50000,0.50000,196.80000
-0.44200,-0.06736,0.13722,-0.50000,0.50000,0.50000,0.50000,196.90000
-0.44200,-0.06706,0.13722,-0.50000,0.50000,0.50000,0.50000,197.00000
-0.44200,-0.06677,0.13722,-0.50000,0.50000,0.50000,0.50000,197.10000
-0.44200,-0.06649,0.13722,-0.50000,0.50000,0.50000,0.50000,197.20000
-0.44200,-0.06622,0.13722,-0.50000,0.50000,0.50000,0.50000,197.30000
-0.44200,-0.06595,0.13722,-0.50000,0.50000,0.50000,0.50000,197.40000
-0.44200,-0.06569,0.13722,-0.50000,0.50000,0.50000,0.50000,197.50000
-0.44200,-0.06544,0.13722,-0.50000,0.50000,0.50000,0.50000,197.60000
-0.44200,-0.06520,0.13723,-0.50000,0.50000,0.50000,0.50000,197.70000
-0.44200,-0.06498,0.13723,-0.50000,0.50000,0.50000,0.50000,197.80000
-0.44200,-0.06476,0.13723,-0.50000,0.50000,0.50000,0.50000,197.90000
-0.44200,-0.06456,0.13723,-0.50000,0.50000,0.50000,0.50000,198.00000
-0.44200,-0.06437,0.13723,-0.50000,0.50000,0.50000,0.50000,198.10000
-0.44200,-0.06419,0.13723,-0.50000,0.50000,0.50000,0.50000,198.20000
-0.44200,-0.06403,0.13723,-0.50000,0.50000,0.50000,0.50000,198.30000
-0.44200,-0.06388,0.13723,-0.50000,0.50000,0.50000,0.50000,198.40000
-0.44200,-0.06375,0.13723,-0.50000,0.50000,0.50000,0.50000,198.50000
-0.44200,-0.06363,0.13723,-0.50000,0.50000,0.50000,0.50000,198.60000
-0.44200,-0.06353,0.13723,-0.50000,0.50000,0.50000,0.50000,198.70000
-0.44200,-0.06344,0.13723,-0.50000,0.50000,0.50000,0.50000,198.80000
-0.44200,-0.06336,0.13723,-0.50000,0.50000,0.50000,0.50000,198.90000
-0.44200,-0.06330,0.13723,-0.50000,0.50000,0.50000,0.50000,199.00000
-0.44200,-0.06326,0.13723,-0.50000,0.50000,0.50000,0.50000,199.10000
-0.44200,-0.06323,0.13723,-0.50000,0.50000,0.50000,0.50000,199.20000
-0.44200,-0.06321,0.13724,-0.50000,0.50000,0.50000,0.50000,199.30000
-0.44200,-0.06320,0.13724,-0.50000,0.50000,0.50000,0.50000,199.40000
-0.44200,-0.06321,0.13724,-0.50000,0.50000,0.50000,0.50000,199.50000
-0.44200,-0.06323,0.13724,-0.50000,0.50000,0.50000,0.50000,199.60000
-0.44200,-0.06326,0.13724,-0.50000,0.50000,0.50000,0.50000,199.70000
-0.44200,-0.06331,0.13724,-0.50000,0.50000,0.50000,0.50000,199.80000
-0.44200,-0.06336,0.13724,-0.50000,0.50000,0.50000,0.50000,199.90000
-0.44200,-0.06342,0.13724,-0.50000,0.50000,0.50000,0.50000,200.00000
-0.44200,-0.06349,0.13724,-0.50000,0.50000,0.50000,0.50000,200.10000
-0.44200,-0.06357,0.13724,-0.50000,0.50000,0.50000,0.50000,200.20000
-0.44200,-0.06365,0.13724,-0.50000,0.50000,0.50000,0.50000,200.30000
-0.44200,-0.06374,0.13724,-0.50000,0.50000,0.50000,0.50000,200.40000
-0.44200,-0.06383,0.13724,-0.50000,0.50000,0.50000,0.50000,200.50000
-0.44200,-0.06393,0.13724,-0.50000,0.50000,0.50000,0.50000,200.60000
-0.44200,-0.06403,0.13724,-0.50000,0.50000,0.50000,0.50000,200.70000
-0.44200,-0.06413,0.13724,-0.50000,0.50000,0.50000,0.50000,200.80000
-0.44200,-0.06423,0.13725,-0.50000,0.50000,0.50000,0.50000,200.90000
-0.44200,-0.06433,0.13725,-0.50000,0.50000,0.50000,0.50000,201.00000
-0.44200,-0.06443,0.13725,-0.50000,0.50000,0.50000,0.50000,201.10000
-0.44200,-0.06453,0.13725,-0.50000,0.50000,0.50000,0.50000,201.20000
-0.44200,-0.06462,0.13725,-0.50000,0.50000,0.50000,0.50000,201.30000
-0.44200,-0.06470,0.13725,-0.50000,0.50000,0.50000,0.50000,201.40000
-0.44200,-0.06479,0.13725,-0.50000,0.50000,0.50000,0.50000,201.50000
-0.44200,-0.06486,0.13725,-0.50000,0.50000,0.50000,0.50000,201.60000
-0.44200,-0.06492,0.13725,-0.50000,0.50000,0.50000,0.50000,201.70000
-0.44200,-0.06498,0.13725,-0.50000,0.50000,0.50000,0.50000,201.80000
-0.44200,-0.06503,0.13725,-0.50000,0.50000,0.50000,0.50000,201.90000
-0.44200,-0.06506,0.13725,-0.50000,0.50000,0.50000,0.50000,202.00000
-0.44200,-0.06509,0.13725,-0.50000,0.50000,0.50000,0.50000,202.10000
-0.44200,-0.06510,0.13725,-0.50000,0.50000,0.50000,0.50000,202.20000
-0.44200,-0.06511,0.13725,-0.50000,0.50000,0.50000,0.50000,202.30000
-0.44200,-0.06510,0.13725,-0.50000,0.50000,0.50000,0.50000,202.40000
-0.44200,-0.06507,0.13726,-0.50000,0.50000,0.50000,0.50000,202.50000
-0.44200,-0.06503,0.13726,-0.50000,0.50000,0.50000,0.50000,202.60000
-0.44200,-0.06498,0.13726,-0.50000,0.50000,0.50000,0.50000,202.70000
-0.44200,-0.06491,0.13726,-0.50000,0.50000,0.50000,0.50000,202.80000
-0.44200,-0.06483,0.13726,-0.50000,0.50000,0.50000,0.50000,202.90000
-0.44200,-0.06474,0.13726,-0.50000,0.50000,0.50000,0.50000,203.00000
-0.44200,-0.06463,0.13726,-0.50000,0.50000,0.50000,0.50000,203.10000
-0.44200,-0.06450,0.13726,-0.50000,0.50000,0.50000,0.50000,203.20000
-0.44200,-0.06436,0.13726,-0.50000,0.50000,0.50000,0.50000,203.30000
-0.44200,-0.06421,0.13726,-0.50000,0.50000,0.50000,0.50000,203.40000
-0.44200,-0.06404,0.13726,-0.50000,0.50000,0.50000,0.50000,203.50000
-0.44200,-0.06386,0.13726,-0.50000,0.50000,0.50000,0.50000,203.60000
-0.44200,-0.06367,0.13726,-0.50000,0.50000,0.50000,0.50000,203.70000
-0.44200,-0.06346,0.13726,-0.50000,0.50000,0.50000,0.50000,203.80000
-0.44200,-0.06324,0.13726,-0.50000,0.50000,0.50000,0.50000,203.90000
-0.44200,-0.06301,0.13726,-0.50000,0.50000,0.50000,0.50000,204.00000
-0.44200,-0.06277,0.13727,-0.50000,0.50000,0.50000,0.50000,204.10000
-0.44200,-0.06252,0.13727,-0.50000,0.50000,0.50000,0.50000,204.20000
-0.44200,-0.06226,0.13727,-0.50000,0.50000,0.50000,0.50000,204.30000
-0.44200,-0.06199,0.13727,-0.50000,0.50000,0.50000,0.50000,204.40000
-0.44200,-0.06172,0.13727,-0.50000,0.50000,0.50000,0.50000,204.50000
-0.44200,-0.06143,0.13727,-0.50000,0.50000,0.50000,0.50000,204.60000
-0.44200,-0.06115,0.13727,-0.50000,0.50000,0.50000,0.50000,204.70000
-0.44200,-0.06086,0.13727,-0.50000,0.50000,0.50000,0.50000,204.80000
-0.44200,-0.06056,0.13727,-0.50000,0.50000,0.50000,0.50000,204.90000
-0.44200,-0.06026,0.13727,-0.50000,0.50000,0.50000,0.50000,205.00000
-0.44200,-0.05997,0.13727,-0.50000,0.50000,0.50000,0.50000,205.10000
-0.44200,-0.05967,0.13727,-0.50000,0.50000,0.50000,0.50000,205.20000
-0.44200,-0.05937,0.13727,-0.50000,0.50000,0.50000,0.50000,205.30000
-0.44200,-0.05907,0.13727,-0.50000,0.50000,0.50000,0.50000,205.40000
-0.44200,-0.05878,0.13727,-0.50000,0.50000,0.50000,0.50000,205.50000
-0.44200,-0.05849,0.13727,-0.50000,0.50000,0.50000,0.50000,205.60000
-0.44200,-0.05821,0.13727,-0.50000,0.50000,0.50000,0.50000,205.70000
-0.44200,-0.05793,0.13728,-0.50000,0.50000,0.50000,0.50000,205.80000
-0.44200,-0.05766,0.13728,-0.50000,0.50000,0.50000,0.50000,205.90000
-0.44200,-0.05739,0.13728,-0.50000,0.50000,0.50000,0.50000,206.00000
-0.44200,-0.05714,0.13728,-0.50000,0.50000,0.50000,0.50000,206.10000
-0.44200,-0.05689,0.13728,-0.50000,0.50000,0.50000,0.50000,206.20000
-0.44200,-0.05666,0.13728,-0.50000,0.50000,0.50000,0.50000,206.30000
-0.44200,-0.05643,0.13728,-0.50000,0.50000,0.50000,0.50000,206.40000
-0.44200,-0.05622,0.13728,-0.50000,0.50000,0.50000,0.50000,206.50000
-0.44200,-0.05602,0.13728,-0.50000,0.50000,0.50000,0.50000,206.60000
-0.44200,-0.05583,0.13728,-0.50000,0.50000,0.50000,0.50000,206.70000
-0.44200,-0.05566,0.13728,-0.50000,0.50000,0.50000,0.50000,206.80000
-0.44200,-0.05549,0.13728,-0.50000,0.50000,0.50000,0.50000,206.90000
-0.44200,-0.05535,0.13728,-0.50000,0.50000,0.50000,0.50000,207.00000
-0.44200,-0.05521,0.13728,-0.50000,0.50000,0.50000,0.50000,207.10000
-0.44200,-0.05510,0.13728,-0.50000,0.50000,0.50000,0.50000,207.20000
-0.44200,-0.05499,0.13728,-0.50000,0.50000,0.50000,0.50000,207.30000
-0.44200,-0.05490,0.13729,-0.50000,0.50000,0.50000,0.50000,207.40000
-0.44200,-0.05483,0.13729,-0.50000,0.50000,0.50000,0.50000,207.50000
-0.44200,-0.05476,0.13729,-0.50000,0.50000,0.50000,0.50000,207.60000
-0.44200,-0.05472,0.13729,-0.50000,0.50000,0.50000,0.50000,207.70000
-0.44200,-0.05468,0.13729,-0.50000,0.50000,0.50000,0.50000,207.80000
-0.44200,-0.05466,0.13729,-0.50000,0.50000,0.50000,0.50000,207.90000
-0.44200,-0.05466,0.13729,-0.50000,0.50000,0.50000,0.50000,208.00000
-0.44200,-0.05466,0.13729,-0.50000,0.50000,0.50000,0.50000,208.10000
-0.44200,-0.05468,0.13729,-0.50000,0.50000,0.50000,0.50000,208.20000
-0.44200,-0.05471,0.13729,-0.50000,0.50000,0.50000,0.50000,208.30000
-0.44200,-0.05475,0.13729,-0.50000,0.50000,0.50000,0.50000,208.40000
-0.44200,-0.05479,0.13729,-0.50000,0.50000,0.50000,0.50000,208.50000
-0.44200,-0.05485,0.13729,-0.50000,0.50000,0.50000,0.50000,208.60000
-0.44200,-0.05492,0.13729,-0.50000,0.50000,0.50000,0.50000,208.70000
-0.44200,-0.05499,0.13729,-0.50000,0.50000,0.50000,0.50000,208.80000
-0.44200,-0.05507,0.13729,-0.50000,0.50000,0.50000,0.50000,208.90000
-0.44200,-0.05516,0.13730,-0.50000,0.50000,0.50000,0.50000,209.00000
-0.44200,-0.05524,0.13730,-0.50000,0.50000,0.50000,0.50000,209.10000
-0.44200,-0.05534,0.13730,-0.50000,0.50000,0.50000,0.50000,209.20000
-0.44200,-0.05543,0.13730,-0.50000,0.50000,0.50000,0.50000,209.30000
-0.44200,-0.05553,0.13730,-0.50000,0.50000,0.50000,0.50000,209.40000
-0.44200,-0.05562,0.13730,-0.50000,0.50000,0.50000,0.50000,209.50000
-0.44200,-0.05572,0.13730,-0.50000,0.50000,0.50000,0.50000,209.60000
-0.44200,-0.05581,0.13730,-0.50000,0.50000,0.50000,0.50000,209.70000
-0.44200,-0.05591,0.13730,-0.50000,0.50000,0.50000,0.50000,209.80000
-0.44200,-0.05599,0.13730,-0.50000,0.50000,0.50000,0.50000,209.90000
-0.44200,-0.05607,0.13730,-0.50000,0.50000,0.50000,0.50000,210.00000
-0.44200,-0.05615,0.13730,-0.50000,0.50000,0.50000,0.50000,210.10000
-0.44200,-0.05622,0.13730,-0.50000,0.50000,0.50000,0.50000,210.20000
-0.44200,-0.05628,0.13730,-0.50000,0.50000,0.50000,0.50000,210.30000
-0.44200,-0.05634,0.13730,-0.50000,0.50000,0.50000,0.50000,210.40000
-0.44200,-0.05638,0.13730,-0.50000,0.50000,0.50000,0.50000,210.50000
-0.44200,-0.05641,0.13731,-0.50000,0.50000,0.50000,0.50000,210.60000
-0.44200,-0.05644,0.13731,-0.50000,0.50000,0.50000,0.50000,210.70000
-0.44200,-0.05645,0.13731,-0.50000,0.50000,0.50000,0.50000,210.80000
-0.44200,-0.05645,0.13731,-0.50000,0.50000,0.50000,0.50000,210.90000
-0.44200,-0.05644,0.13731,-0.50000,0.50000,0.50000,0.50000,211.00000
-0.44200,-0.05641,0.13731,-0.50000,0.50000,0.50000,0.50000,211.10000
-0.44200,-0.05637,0.13731,-0.50000,0.50000,0.50000,0.50000,211.20000
-0.44200,-0.05632,0.13731,-0.50000,0.50000,0.50000,0.50000,211.30000
-0.44200,-0.05625,0.13731,-0.50000,0.50000,0.50000,0.50000,211.40000
-0.44200,-0.05617,0.13731,-0.50000,0.50000,0.50000,0.50000,211.50000
-0.44200,-0.05607,0.13731,-0.50000,0.50000,0.50000,0.50000,211.60000
-0.44200,-0.05596,0.13731,-0.50000,0.50000,0.50000,0.50000,211.70000
-0.44200,-0.05584,0.13731,-0.50000,0.50000,0.50000,0.50000,211.80000
-0.44200,-0.05570,0.13731,-0.50000,0.50000,0.50000,0.50000,211.90000
-0.44200,-0.05555,0.13731,-0.50000,0.50000,0.50000,0.50000,212.00000
-0.44200,-0.05539,0.13731,-0.50000,0.50000,0.50000,0.50000,212.10000
-0.44200,-0.05521,0.13732,-0.50000,0.50000,0.50000,0.50000,212.20000
-0.44200,-0.05502,0.13732,-0.50000,0.50000,0.50000,0.50000,212.30000
-0.44200,-0.05481,0.13732,-0.50000,0.50000,0.50000,0.50000,212.40000
-0.44200,-0.05460,0.13732,-0.50000,0.50000,0.50000,0.50000,212.50000
-0.44200,-0.05437,0.13732,-0.50000,0.50000,0.50000,0.50000,212.60000
-0.44200,-0.05413,0.13732,-0.50000,0.50000,0.50000,0.50000,212.70000
-0.44200,-0.05389,0.13732,-0.50000,0.50000,0.50000,0.50000,212.80000
-0.44200,-0.05363,0.13732,-0.50000,0.50000,0.50000,0.50000,212.90000
-0.44200,-0.05337,0.13732,-0.50000,0.50000,0.50000,0.50000,213.00000
-0.44200,-0.05310,0.13732,-0.50000,0.50000,0.50000,0.50000,213.10000
-0.44200,-0.05282,0.13732,-0.50000,0.50000,0.50000,0.50000,213.20000
-0.44200,-0.05254,0.13732,-0.50000,0.50000,0.50000,0.50000,213.30000
-0.44200,-0.05225,0.13732,-0.50000,0.50000,0.50000,0.50000,213.40000
-0.44200,-0.05196,0.13732,-0.50000,0.50000,0.50000,0.50000,213.50000
-0.44200,-0.05167,0.13732,-0.50000,0.50000,0.50000,0.50000,213.60000
-0.44200,-0.05137,0.13732,-0.50000,0.50000,0.50000,0.50000,213.70000
-0.44200,-0.05108,0.13733,-0.50000,0.50000,0.50000,0.50000,213.80000
-0.44200,-0.05078,0.13733,-0.50000,0.50000,0.50000,0.50000,213.90000
-0.44200,-0.05049,0.13733,-0.50000,0.50000,0.50000,0.50000,214.00000
-0.44200,-0.05020,0.13733,-0.50000,0.50000,0.50000,0.50000,214.10000
-0.44200,-0.04992,0.13733,-0.50000,0.50000,0.50000,0.50000,214.20000
-0.44200,-0.04964,0.13733,-0.50000,0.50000,0.50000,0.50000,214.30000
-0.44200,-0.04936,0.13733,-0.50000,0.50000,0.50000,0.50000,214.40000
-0.44200,-0.04910,0.13733,-0.50000,0.50000,0.50000,0.50000,214.50000
-0.44200,-0.04884,0.13733,-0.50000,0.50000,0.50000,0.50000,214.60000
-0.44200,-0.04858,0.13733,-0.50000,0.50000,0.50000,0.50000,214.70000
-0.44200,-0.04834,0.13733,-0.50000,0.50000,0.50000,0.50000,214.80000
-0.44200,-0.04811,0.13733,-0.50000,0.50000,0.50000,0.50000,214.90000
-0.44200,-0.04789,0.13733,-0.50000,0.50000,0.50000,0.50000,215.00000
-0.44200,-0.04768,0.13733,-0.50000,0.50000,0.50000,0.50000,215.10000
-0.44200,-0.04748,0.13733,-0.50000,0.50000,0.50000,0.50000,215.20000
-0.44200,-0.04729,0.13733,-0.50000,0.50000,0.50000,0.50000,215.30000
-0.44200,-0.04712,0.13734,-0.50000,0.50000,0.50000,0.50000,215.40000
-0.44200,-0.04696,0.13734,-0.50000,0.50000,0.50000,0.50000,215.50000
-0.44200,-0.04681,0.13734,-0.50000,0.50000,0.50000,0.50000,215.60000
-0.44200,-0.04668,0.13734,-0.50000,0.50000,0.50000,0.50000,215.70000
-0.44200,-0.04656,0.13734,-0.50000,0.50000,0.50000,0.50000,215.80000
-0.44200,-0.04645,0.13734,-0.50000,0.50000,0.50000,0.50000,215.90000
-0.44200,-0.04636,0.13734,-0.50000,0.50000,0.50000,0.50000,216.00000
-0.44200,-0.04629,0.13734,-0.50000,0.50000,0.50000,0.50000,216.10000
-0.44200,-0.04622,0.13734,-0.50000,0.50000,0.50000,0.50000,216.20000
-0.44200,-0.04618,0.13734,-0.50000,0.50000,0.50000,0.50000,216.30000
-0.44200,-0.04614,0.13734,-0.50000,0.50000,0.50000,0.50000,216.40000
-0.44200,-0.04612,0.13734,-0.50000,0.50000,0.50000,0.50000,216.50000
-0.44200,-0.04611,0.13734,-0.50000,0.50000,0.50000,0.50000,216.60000
-0.44200,-0.04611,0.13734,-0.50000,0.50000,0.50000,0.50000,216.70000
-0.44200,-0.04612,0.13734,-0.50000,0.50000,0.50000,0.50000,216.80000
-0.44200,-0.04615,0.13734,-0.50000,0.50000,0.50000,0.50000,216.90000
-0.44200,-0.04618,0.13735,-0.50000,0.50000,0.50000,0.50000,217.00000
-0.44200,-0.04623,0.13735,-0.50000,0.50000,0.50000,0.50000,217.10000
-0.44200,-0.04628,0.13735,-0.50000,0.50000,0.50000,0.50000,217.20000
-0.44200,-0.04635,0.13735,-0.50000,0.50000,0.50000,0.50000,217.30000
-0.44200,-0.04641,0.13735,-0.50000,0.50000,0.50000,0.50000,217.40000
-0.44200,-0.04649,0.13735,-0.50000,0.50000,0.50000,0.50000,217.50000
-0.44200,-0.04657,0.13735,-0.50000,0.50000,0.50000,0.50000,217.60000
-0.44200,-0.04665,0.13735,-0.50000,0.50000,0.50000,0.50000,217.70000
-0.44200,-0.04674,0.13735,-0.50000,0.50000,0.50000,0.50000,217.80000
-0.44200,-0.04683,0.13735,-0.50000,0.50000,0.50000,0.50000,217.90000
-0.44200,-0.04692,0.13735,-0.50000,0.50000,0.50000,0.50000,218.00000
-0.44200,-0.04702,0.13735,-0.50000,0.50000,0.50000,0.50000,218.10000
-0.44200,-0.04711,0.13735,-0.50000,0.50000,0.50000,0.50000,218.20000
-0.44200,-0.04720,0.13735,-0.50000,0.50000,0.50000,0.50000,218.30000
-0.44200,-0.04728,0.13735,-0.50000,0.50000,0.50000,0.50000,218.40000
-0.44200,-0.04737,0.13735,-0.50000,0.50000,0.50000,0.50000,218.50000
-0.44200,-0.04745,0.13735,-0.50000,0.50000,0.50000,0.50000,218.60000
-0.44200,-0.04752,0.13736,-0.50000,0.50000,0.50000,0.50000,218.70000
-0.44200,-0.04758,0.13736,-0.50000,0.50000,0.50000,0.50000,218.80000
-0.44200,-0.04764,0.13736,-0.50000,0.50000,0.50000,0.50000,218.90000
-0.44200,-0.04769,0.13736,-0.50000,0.50000,0.50000,0.50000,219.00000
-0.44200,-0.04773,0.13736,-0.50000,0.50000,0.50000,0.50000,219.10000
-0.44200,-0.04777,0.13736,-0.50000,0.50000,0.50000,0.50000,219.20000
-0.44200,-0.04779,0.13736,-0.50000,0.50000,0.50000,0.50000,219.30000
-0.44200,-0.04780,0.13736,-0.50000,0.50000,0.50000,0.50000,219.40000
-0.44200,-0.04779,0.13736,-0.50000,0.50000,0.50000,0.50000,219.50000
-0.44200,-0.04778,0.13736,-0.50000,0.50000,0.50000,0.50000,219.60000
-0.44200,-0.04775,0.13736,-0.50000,0.50000,0.50000,0.50000,219.70000
-0.44200,-0.04771,0.13736,-0.50000,0.50000,0.50000,0.50000,219.80000
-0.44200,-0.04766,0.13736,-0.50000,0.50000,0.50000,0.50000,219.90000
-0.44200,-0.04759,0.13736,-0.50000,0.50000,0.50000,0.50000,220.00000
-0.44200,-0.04751,0.13736,-0.50000,0.50000,0.50000,0.50000,220.10000
-0.44200,-0.04741,0.13736,-0.50000,0.50000,0.50000,0.50000,220.20000
-0.44200,-0.04731,0.13737,-0.50000,0.50000,0.50000,0.50000,220.30000
-0.44200,-0.04718,0.13737,-0.50000,0.50000,0.50000,0.50000,220.40000
-0.44200,-0.04705,0.13737,-0.50000,0.50000,0.50000,0.50000,220.50000
-0.44200,-0.04690,0.13737,-0.50000,0.50000,0.50000,0.50000,220.60000
-0.44200,-0.04673,0.13737,-0.50000,0.50000,0.50000,0.50000,220.70000
-0.44200,-0.04656,0.13737,-0.50000,0.50000,0.50000,0.50000,220.80000
-0.44200,-0.04637,0.13737,-0.50000,0.50000,0.50000,0.50000,220.90000
-0.44200,-0.04617,0.13737,-0.50000,0.50000,0.50000,0.50000,221.00000
-0.44200,-0.04595,0.13737,-0.50000,0.50000,0.50000,0.50000,221.10000
-0.44200,-0.04573,0.13737,-0.50000,0.50000,0.50000,0.50000,221.20000
-0.44200,-0.04550,0.13737,-0.50000,0.50000,0.50000,0.50000,221.30000
-0.44200,-0.04525,0.13737,-0.50000,0.50000,0.50000,0.50000,221.40000
-0.44200,-0.04500,0.13737,-0.50000,0.50000,0.50000,0.50000,221.50000
-0.44200,-0.04474,0.13737,-0.50000,0.50000,0.50000,0.50000,221.60000
-0.44200,-0.04447,0.13737,-0.50000,0.50000,0.50000,0.50000,221.70000
-0.44200,-0.04420,0.13737,-0.50000,0.50000,0.50000,0.50000,221.80000
-0.44200,-0.04392,0.13738,-0.50000,0.50000,0.50000,0.50000,221.90000
-0.44200,-0.04364,0.13738,-0.50000,0.50000,0.50000,0.50000,222.00000
-0.44200,-0.04335,0.13738,-0.50000,0.50000,0.50000,0.50000,222.10000
-0.44200,-0.04307,0.13738,-0.50000,0.50000,0.50000,0.50000,222.20000
-0.44200,-0.04278,0.13738,-0.50000,0.50000,0.50000,0.50000,222.30000
-0.44200,-0.04249,0.13738,-0.50000,0.50000,0.50000,0.50000,222.40000
-0.44200,-0.04220,0.13738,-0.50000,0.50000,0.50000,0.50000,222.50000
-0.44200,-0.04191,0.13738,-0.50000,0.50000,0.50000,0.50000,222.60000
-0.44200,-0.04163,0.13738,-0.50000,0.50000,0.50000,0.50000,222.70000
-0.44200,-0.04135,0.13738,-0.50000,0.50000,0.50000,0.50000,222.80000
-0.44200,-0.04107,0.13738,-0.50000,0.50000,0.50000,0.50000,222.90000
-0.44200,-0.04080,0.13738,-0.50000,0.50000,0.50000,0.50000,223.00000
-0.44200,-0.04053,0.13738,-0.50000,0.50000,0.50000,0.50000,223.10000
-0.44200,-0.04028,0.13738,-0.50000,0.50000,0.50000,0.50000,223.20000
-0.44200,-0.04003,0.13738,-0.50000,0.50000,0.50000,0.50000,223.30000
-0.44200,-0.03979,0.13738,-0.50000,0.50000,0.50000,0.50000,223.40000
-0.44200,-0.03956,0.13739,-0.50000,0.50000,0.50000,0.50000,223.50000
-0.44200,-0.03934,0.13739,-0.50000,0.50000,0.50000,0.50000,223.60000
-0.44200,-0.03913,0.13739,-0.50000,0.50000,0.50000,0.50000,223.70000
-0.44200,-0.03893,0.13739,-0.50000,0.50000,0.50000,0.50000,223.80000
-0.44200,-0.03875,0.13739,-0.50000,0.50000,0.50000,0.50000,223.90000
-0.44200,-0.03858,0.13739,-0.50000,0.50000,0.50000,0.50000,224.00000
-0.44200,-0.03842,0.13739,-0.50000,0.50000,0.50000,0.50000,224.10000
-0.44200,-0.03827,0.13739,-0.50000,0.50000,0.50000,0.50000,224.20000
-0.44200,-0.03814,0.13739,-0.50000,0.50000,0.50000,0.50000,224.30000
-0.44200,-0.03802,0.13739,-0.50000,0.50000,0.50000,0.50000,224.40000
-0.44200,-0.03792,0.13739,-0.50000,0.50000,0.50000,0.50000,224.50000
-0.44200,-0.03782,0.13739,-0.50000,0.50000,0.50000,0.50000,224.60000
-0.44200,-0.03775,0.13739,-0.50000,0.50000,0.50000,0.50000,224.70000
-0.44200,-0.03768,0.13739,-0.50000,0.50000,0.50000,0.50000,224.80000
-0.44200,-0.03763,0.13739,-0.50000,0.50000,0.50000,0.50000,224.90000
-0.44200,-0.03759,0.13739,-0.50000,0.50000,0.50000,0.50000,225.00000
-0.44200,-0.03757,0.13740,-0.50000,0.50000,0.50000,0.50000,225.10000
-0.44200,-0.03756,0.13740,-0.50000,0.50000,0.50000,0.50000,225.20000
-0.44200,-0.03756,0.13740,-0.50000,0.50000,0.50000,0.50000,225.30000
-0.44200,-0.03757,0.13740,-0.50000,0.50000,0.50000,0.50000,225.40000
-0.44200,-0.03759,0.13740,-0.50000,0.50000,0.50000,0.50000,225.50000
-0.44200,-0.03762,0.13740,-0.50000,0.50000,0.50000,0.50000,225.60000
-0.44200,-0.03766,0.13740,-0.50000,0.50000,0.50000,0.50000,225.70000
-0.44200,-0.03771,0.13740,-0.50000,0.50000,0.50000,0.50000,225.80000
-0.44200,-0.03777,0.13740,-0.50000,0.50000,0.50000,0.50000,225.90000
-0.44200,-0.03784,0.13740,-0.50000,0.50000,0.50000,0.50000,226.00000
-0.44200,-0.03791,0.13740,-0.50000,0.50000,0.50000,0.50000,226.10000
-0.44200,-0.03798,0.13740,-0.50000,0.50000,0.50000,0.50000,226.20000
-0.44200,-0.03806,0.13740,-0.50000,0.50000,0.50000,0.50000,226.30000
-0.44200,-0.03815,0.13740,-0.50000,0.50000,0.50000,0.50000,226.40000
-0.44200,-0.03823,0.13740,-0.50000,0.50000,0.50000,0.50000,226.50000
-0.44200,-0.03832,0.13740,-0.50000,0.50000,0.50000,0.50000,226.60000
-0.44200,-0.03841,0.13741,-0.50000,0.50000,0.50000,0.50000,226.70000
-0.44200,-0.03850,0.13741,-0.50000,0.50000,0.50000,0.50000,226.80000
-0.44200,-0.03858,0.13741,-0.50000,0.50000,0.50000,0.50000,226.90000
-0.44200,-0.03866,0.13741,-0.50000,0.50000,0.50000,0.50000,227.00000
-0.44200,-0.03874,0.13741,-0.50000,0.50000,0.50000,0.50000,227.10000
-0.44200,-0.03882,0.13741,-0.50000,0.50000,0.50000,0.50000,227.20000
-0.44200,-0.03889,0.13741,-0.50000,0.50000,0.50000,0.50000,227.30000
-0.44200,-0.03895,0.13741,-0.50000,0.50000,0.50000,0.50000,227.40000
-0.44200,-0.03900,0.13741,-0.50000,0.50000,0.50000,0.50000,227.50000
-0.44200,-0.03905,0.13741,-0.50000,0.50000,0.50000,0.50000,227.60000
-0.44200,-0.03909,0.13741,-0.50000,0.50000,0.50000,0.50000,227.70000
-0.44200,-0.03912,0.13741,-0.50000,0.50000,0.50000,0.50000,227.80000
-0.44200,-0.03914,0.13741,-0.50000,0.50000,0.50000,0.50000,227.90000
-0.44200,-0.03914,0.13741,-0.50000,0.50000,0.50000,0.50000,228.00000
-0.44200,-0.03914,0.13741,-0.50000,0.50000,0.50000,0.50000,228.10000
-0.44200,-0.03912,0.13741,-0.50000,0.50000,0.50000,0.50000,228.20000
-0.44200,-0.03910,0.13742,-0.50000,0.50000,0.50000,0.50000,228.30000
-0.44200,-0.03905,0.13742,-0.50000,0.50000,0.50000,0.50000,228.40000
-0.44200,-0.03900,0.13742,-0.50000,0.50000,0.50000,0.50000,228.50000
-0.44200,-0.03893,0.13742,-0.50000,0.50000,0.50000,0.50000,228.60000
-0.44200,-0.03885,0.13742,-0.50000,0.50000,0.50000,0.50000,228.70000
-0.44200,-0.03876,0.13742,-0.50000,0.50000,0.50000,0.50000,228.80000
-0.44200,-0.03865,0.13742,-0.50000,0.50000,0.50000,0.50000,228.90000
-0.44200,-0.03853,0.13742,-0.50000,0.50000,0.50000,0.50000,229.00000
-0.44200,-0.03839,0.13742,-0.50000,0.50000,0.50000,0.50000,229.10000
-0.44200,-0.03824,0.13742,-0.50000,0.50000,0.50000,0.50000,229.20000
-0.44200,-0.03808,0.13742,-0.50000,0.50000,0.50000,0.50000,229.30000
-0.44200,-0.03791,0.13742,-0.50000,0.50000,0.50000,0.50000,229.40000
-0.44200,-0.03772,0.13742,-0.50000,0.50000,0.50000,0.50000,229.50000
-0.44200,-0.03752,0.13742,-0.50000,0.50000,0.50000,0.50000,229.60000
-0.44200,-0.03731,0.13742,-0.50000,0.50000,0.50000,0.50000,229.70000
-0.44200,-0.03709,0.13742,-0.50000,0.50000,0.50000,0.50000,229.80000
-0.44200,-0.03686,0.13742,-0.50000,0.50000,0.50000,0.50000,229.90000
-0.44200,-0.03662,0.13743,-0.50000,0.50000,0.50000,0.50000,230.00000
-0.44200,-0.03637,0.13743,-0.50000,0.50000,0.50000,0.50000,230.10000
-0.44200,-0.03612,0.13743,-0.50000,0.50000,0.50000,0.50000,230.20000
-0.44200,-0.03585,0.13743,-0.50000,0.50000,0.50000,0.50000,230.30000
-0.44200,-0.03559,0.13743,-0.50000,0.50000,0.50000,0.50000,230.40000
-0.44200,-0.03531,0.13743,-0.50000,0.50000,0.50000,0.50000,230.50000
-0.44200,-0.03503,0.13743,-0.50000,0.50000,0.50000,0.50000,230.60000
-0.44200,-0.03475,0.13743,-0.50000,0.50000,0.50000,0.50000,230.70000
-0.44200,-0.03447,0.13743,-0.50000,0.50000,0.50000,0.50000,230.80000
-0.44200,-0.03418,0.13743,-0.50000,0.50000,0.50000,0.50000,230.90000
-0.44200,-0.03390,0.13743,-0.50000,0.50000,0.50000,0.50000,231.00000
-0.44200,-0.03361,0.13743,-0.50000,0.50000,0.50000,0.50000,231.10000
-0.44200,-0.03333,0.13743,-0.50000,0.50000,0.50000,0.50000,231.20000
-0.44200,-0.03305,0.13743,-0.50000,0.50000,0.50000,0.50000,231.30000
-0.44200,-0.03277,0.13743,-0.50000,0.50000,0.50000,0.50000,231.40000
-0.44200,-0.03250,0.13743,-0.50000,0.50000,0.50000,0.50000,231.50000
-0.44200,-0.03223,0.13744,-0.50000,0.50000,0.50000,0.50000,231.60000
-0.44200,-0.03197,0.13744,-0.50000,0.50000,0.50000,0.50000,231.70000
-0.44200,-0.03172,0.13744,-0.50000,0.50000,0.50000,0.50000,231.80000
-0.44200,-0.03147,0.13744,-0.50000,0.50000,0.50000,0.50000,231.90000
-0.44200,-0.03123,0.13744,-0.50000,0.50000,0.50000,0.50000,232.00000
-0.44200,-0.03101,0.13744,-0.50000,0.50000,0.50000,0.50000,232.10000
-0.44200,-0.03079,0.13744,-0.50000,0.50000,0.50000,0.50000,232.20000
-0.44200,-0.03058,0.13744,-0.50000,0.50000,0.50000,0.50000,232.30000
-0.44200,-0.03039,0.13744,-0.50000,0.50000,0.50000,0.50000,232.40000
-0.44200,-0.03021,0.13744,-0.50000,0.50000,0.50000,0.50000,232.50000
-0.44200,-0.03003,0.13744,-0.50000,0.50000,0.50000,0.50000,232.60000
-0.44200,-0.02988,0.13744,-0.50000,0.50000,0.50000,0.50000,232.70000
-0.44200,-0.02973,0.13744,-0.50000,0.50000,0.50000,0.50000,232.80000
-0.44200,-0.02960,0.13744,-0.50000,0.50000,0.50000,0.50000,232.90000
-0.44200,-0.02948,0.13744,-0.50000,0.50000,0.50000,0.50000,233.00000
-0.44200,-0.02937,0.13744,-0.50000,0.50000,0.50000,0.50000,233.10000
-0.44200,-0.02928,0.13745,-0.50000,0.50000,0.50000,0.50000,233.20000
-0.44200,-0.02920,0.13745,-0.50000,0.50000,0.50000,0.50000,233.30000
-0.44200,-0.02914,0.13745,-0.50000,0.50000,0.50000,0.50000,233.40000
-0.44200,-0.02909,0.13745,-0.50000,0.50000,0.50000,0.50000,233.50000
-0.44200,-0.02905,0.13745,-0.50000,0.50000,0.50000,0.50000,233.60000
-0.44200,-0.02902,0.13745,-0.50000,0.50000,0.50000,0.50000,233.70000
-0.44200,-0.02901,0.13745,-0.50000,0.50000,0.50000,0.50000,233.80000
-0.44200,-0.02900,0.13745,-0.50000,0.50000,0.50000,0.50000,233.90000
-0.44200,-0.02901,0.13745,-0.50000,0.50000,0.50000,0.50000,234.00000
-0.44200,-0.02903,0.13745,-0.50000,0.50000,0.50000,0.50000,234.10000
-0.44200,-0.02906,0.13745,-0.50000,0.50000,0.50000,0.50000,234.20000
-0.44200,-0.02910,0.13745,-0.50000,0.50000,0.50000,0.50000,234.30000
-0.44200,-0.02914,0.13745,-0.50000,0.50000,0.50000,0.50000,234.40000
-0.44200,-0.02920,0.13745,-0.50000,0.50000,0.50000,0.50000,234.50000
-0.44200,-0.02926,0.13745,-0.50000,0.50000,0.50000,0.50000,234.60000
-0.44200,-0.02933,0.13745,-0.50000,0.50000,0.50000,0.50000,234.70000
-0.44200,-0.02940,0.13746,-0.50000,0.50000,0.50000,0.50000,234.80000
-0.44200,-0.02947,0.13746,-0.50000,0.50000,0.50000,0.50000,234.90000
-0.44200,-0.02955,0.13746,-0.50000,0.50000,0.50000,0.50000,235.00000
-0.44200,-0.02963,0.13746,-0.50000,0.50000,0.50000,0.50000,235.10000
-0.44200,-0.02972,0.13746,-0.50000,0.50000,0.50000,0.50000,235.20000
-0.44200,-0.02980,0.13746,-0.50000,0.50000,0.50000,0.50000,235.30000
-0.44200,-0.02988,0.13746,-0.50000,0.50000,0.50000,0.50000,235.40000
-0.44200,-0.02997,0.13746,-0.50000,0.50000,0.50000,0.50000,235.50000
-0.44200,-0.03004,0.13746,-0.50000,0.50000,0.50000,0.50000,235.60000
-0.44200,-0.03012,0.13746,-0.50000,0.50000,0.50000,0.50000,235.70000
-0.44200,-0.03019,0.13746,-0.50000,0.50000,0.50000,0.50000,235.80000
-0.44200,-0.03026,0.13746,-0.50000,0.50000,0.50000,0.50000,235.90000
-0.44200,-0.03031,0.13746,-0.50000,0.50000,0.50000,0.50000,236.00000
-0.44200,-0.03037,0.13746,-0.50000,0.50000,0.50000,0.50000,236.10000
-0.44200,-0.03041,0.13746,-0.50000,0.50000,0.50000,0.50000,236.20000
-0.44200,-0.03045,0.13746,-0.50000,0.50000,0.50000,0.50000,236.30000
-0.44200,-0.03047,0.13747,-0.50000,0.50000,0.50000,0.50000,236.40000
-0.44200,-0.03049,0.13747,-0.50000,0.50000,0.50000,0.50000,236.50000
-0.44200,-0.03049,0.13747,-0.50000,0.50000,0.50000,0.50000,236.60000
-0.44200,-0.03049,0.13747,-0.50000,0.50000,0.50000,0.50000,236.70000
-0.44200,-0.03047,0.13747,-0.50000,0.50000,0.50000,0.50000,236.80000
-0.44200,-0.03044,0.13747,-0.50000,0.50000,0.50000,0.50000,236.90000
-0.44200,-0.03040,0.13747,-0.50000,0.50000,0.50000,0.50000,237.00000
-0.44200,-0.03034,0.13747,-0.50000,0.50000,0.50000,0.50000,237.10000
-0.44200,-0.03028,0.13747,-0.50000,0.50000,0.50000,0.50000,237.20000
-0.44200,-0.03019,0.13747,-0.50000,0.50000,0.50000,0.50000,237.30000
-0.44200,-0.03010,0.13747,-0.50000,0.50000,0.50000,0.50000,237.40000
-0.44200,-0.02999,0.13747,-0.50000,0.50000,0.50000,0.50000,237.50000
-0.44200,-0.02987,0.13747,-0.50000,0.50000,0.50000,0.50000,237.60000
-0.44200,-0.02974,0.13747,-0.50000,0.50000,0.50000,0.50000,237.70000
-0.44200,-0.02959,0.13747,-0.50000,0.50000,0.50000,0.50000,237.80000
-0.44200,-0.02943,0.13747,-0.50000,0.50000,0.50000,0.50000,237.90000
-0.44200,-0.02926,0.13748,-0.50000,0.50000,0.50000,0.50000,238.00000
-0.44200,-0.02907,0.13748,-0.50000,0.50000,0.50000,0.50000,238.10000
-0.44200,-0.02888,0.13748,-0.50000,0.50000,0.50000,0.50000,238.20000
-0.44200,-0.02867,0.13748,-0.50000,0.50000,0.50000,0.50000,238.30000
-0.44200,-0.02845,0.13748,-0.50000,0.50000,0.50000,0.50000,238.40000
-0.44200,-0.02823,0.13748,-0.50000,0.50000,0.50000,0.50000,238.50000
-0.44200,-0.02799,0.13748,-0.50000,0.50000,0.50000,0.50000,238.60000
-0.44200,-0.02775,0.13748,-0.50000,0.50000,0.50000,0.50000,238.70000
-0.44200,-0.02749,0.13748,-0.50000,0.50000,0.50000,0.50000,238.80000
-0.44200,-0.02723,0.13748,-0.50000,0.50000,0.50000,0.50000,238.90000
-0.44200,-0.02697,0.13748,-0.50000,0.50000,0.50000,0.50000,239.00000
-0.44200,-0.02670,0.13748,-0.50000,0.50000,0.50000,0.50000,239.10000
-0.44200,-0.02643,0.13748,-0.50000,0.50000,0.50000,0.50000,239.20000
-0.44200,-0.02615,0.13748,-0.50000,0.50000,0.50000,0.50000,239.30000
-0.44200,-0.02587,0.13748,-0.50000,0.50000,0.50000,0.50000,239.40000
-0.44200,-0.02559,0.13748,-0.50000,0.50000,0.50000,0.50000,239.50000
-0.44200,-0.02531,0.13749,-0.50000,0.50000,0.50000,0.50000,239.60000
-0.44200,-0.02503,0.13749,-0.50000,0.50000,0.50000,0.50000,239.70000
-0.44200,-0.02475,0.13749,-0.50000,0.50000,0.50000,0.50000,239.80000
-0.44200,-0.02447,0.13749,-0.50000,0.50000,0.50000,0.50000,239.90000
-0.44200,-0.02420,0.13749,-0.50000,0.50000,0.50000,0.50000,240.00000
-0.44200,-0.02393,0.13749,-0.50000,0.50000,0.50000,0.50000,240.10000
-0.44200,-0.02366,0.13749,-0.50000,0.50000,0.50000,0.50000,240.20000
-0.44200,-0.02341,0.13749,-0.50000,0.50000,0.50000,0.50000,240.30000
-0.44200,-0.02316,0.13749,-0.50000,0.50000,0.50000,0.50000,240.40000
-0.44200,-0.02291,0.13749,-0.50000,0.50000,0.50000,0.50000,240.50000
-0.44200,-0.02268,0.13749,-0.50000,0.50000,0.50000,0.50000,240.60000
-0.44200,-0.02246,0.13749,-0.50000,0.50000,0.50000,0.50000,240.70000
-0.44200,-0.02224,0.13749,-0.50000,0.50000,0.50000,0.50000,240.80000
-0.44200,-0.02204,0.13749,-0.50000,0.50000,0.50000,0.50000,240.90000
-0.44200,-0.02184,0.13749,-0.50000,0.50000,0.50000,0.50000,240.99600
-0.44200,-0.02166,0.13749,-0.50000,0.50000,0.50000,0.50000,241.08800
-0.44200,-0.02149,0.13749,-0.50000,0.50000,0.50000,0.50000,241.17600
-0.44200,-0.02133,0.13750,-0.50000,0.50000,0.50000,0.50000,241.26000
-0.44200,-0.02119,0.13750,-0.50000,0.50000,0.50000,0.50000,241.34000
-0.44200,-0.02106,0.13750,-0.50000,0.50000,0.50000,0.50000,241.41600
-0.44200,-0.02094,0.13750,-0.50000,0.50000,0.50000,0.50000,241.48800
-0.44200,-0.02084,0.13750,-0.50000,0.50000,0.50000,0.50000,241.55600
-0.44200,-0.02075,0.13750,-0.50000,0.50000,0.50000,0.50000,241.62000
-0.44200,-0.02067,0.13750,-0.50000,0.50000,0.50000,0.50000,241.68000
-0.44200,-0.02061,0.13750,-0.50000,0.50000,0.50000,0.50000,241.73600
-0.44200,-0.02056,0.13750,-0.50000,0.50000,0.50000,0.50000,241.78800
-0.44200,-0.02053,0.13750,-0.50000,0.50000,0.50000,0.50000,241.83600
-0.44200,-0.02051,0.13750,-0.50000,0.50000,0.50000,0.50000,241.88000
-0.44200,-0.02050,0.13750,-0.50000,0.50000,0.50000,0.50000,241.92000
-0.44200,-0.02051,0.13750,-0.50000,0.50000,0.50000,0.50000,241.95600
-0.44200,-0.02054,0.13750,-0.50000,0.50000,0.50000,0.50000,241.98800
-0.44200,-0.02057,0.13750,-0.50000,0.50000,0.50000,0.50000,242.01600
-0.44200,-0.02062,0.13750,-0.50000,0.50000,0.50000,0.50000,242.04000
-0.44200,-0.02068,0.13750,-0.50000,0.50000,0.50000,0.50000,242.06000
-0.44200,-0.02075,0.13750,-0.50000,0.50000,0.50000,0.50000,242.07600
-0.44200,-0.02083,0.13750,-0.50000,0.50000,0.50000,0.50000,242.08800
-0.44200,-0.02093,0.13750,-0.50000,0.50000,0.50000,0.50000,242.09600
-0.44200,-0.02103,0.13750,-0.50000,0.50000,0.50000,0.50000,242.10000
-0.44200,-0.02115,0.13750,-0.50000,0.50000,0.50000,0.50000,242.10000
-0.44200,-0.02127,0.13750,-0.50000,0.50000,0.50000,0.50000,242.10400
