x,y,z,px,py,pz,pw,u
-0.47100,-0.14217,0.07580,0.41812,-0.41812,-0.57024,-0.57024,0.00000
-0.47100,-0.14177,0.07581,0.41813,-0.41813,-0.57024,-0.57024,0.00800
-0.47100,-0.14137,0.07581,0.41814,-0.41814,-0.57023,-0.57023,0.02000
-0.47100,-0.14098,0.07582,0.41815,-0.41815,-0.57022,-0.57022,0.03600
-0.47100,-0.14059,0.07582,0.41816,-0.41816,-0.57021,-0.57021,0.05600
-0.47100,-0.14021,0.07583,0.41818,-0.41818,-0.57020,-0.57020,0.08000
-0.47100,-0.13984,0.07584,0.41820,-0.41820,-0.57018,-0.57018,0.10800
-0.47100,-0.13949,0.07585,0.41823,-0.41823,-0.57016,-0.57016,0.14000
-0.47100,-0.13914,0.07586,0.41825,-0.41825,-0.57014,-0.57014,0.17600
-0.47100,-0.13882,0.07587,0.41828,-0.41828,-0.57012,-0.57012,0.21600
-0.47100,-0.13851,0.07588,0.41832,-0.41832,-0.57010,-0.57010,0.26000
-0.47100,-0.13821,0.07590,0.41835,-0.41835,-0.57007,-0.57007,0.30800
-0.47100,-0.13794,0.07591,0.41839,-0.41839,-0.57004,-0.57004,0.36000
-0.47100,-0.13769,0.07593,0.41843,-0.41843,-0.57001,-0.57001,0.41600
-0.47100,-0.13746,0.07595,0.41848,-0.41848,-0.56998,-0.56998,0.47600
-0.47100,-0.13725,0.07597,0.41852,-0.41852,-0.56995,-0.56995,0.54000
-0.47100,-0.13707,0.07599,0.41857,-0.41857,-0.56991,-0.56991,0.60800
-0.47100,-0.13691,0.07601,0.41863,-0.41863,-0.56987,-0.56987,0.68000
-0.47100,-0.13677,0.07603,0.41868,-0.41868,-0.56983,-0.56983,0.75600
-0.47100,-0.13666,0.07606,0.41874,-0.41874,-0.56978,-0.56978,0.83600
-0.47100,-0.13657,0.07608,0.41881,-0.41881,-0.56974,-0.56974,0.92000
-0.47100,-0.13651,0.07611,0.41887,-0.41887,-0.56969,-0.56969,1.00800
-0.47100,-0.13648,0.07613,0.41894,-0.41894,-0.56964,-0.56964,1.10000
-0.47100,-0.13647,0.07616,0.41901,-0.41901,-0.56959,-0.56959,1.19600
-0.47100,-0.13648,0.07619,0.41909,-0.41909,-0.56953,-0.56953,1.29600
-0.47100,-0.13652,0.07622,0.41916,-0.41916,-0.56948,-0.56948,1.39600
-0.47100,-0.13658,0.07625,0.41923,-0.41923,-0.56942,-0.56942,1.49600
-0.47100,-0.13666,0.07628,0.41931,-0.41931,-0.56937,-0.56937,1.59600
-0.47100,-0.13676,0.07631,0.41938,-0.41938,-0.56931,-0.56931,1.69600
-0.47100,-0.13688,0.07634,0.41946,-0.41946,-0.56926,-0.56926,1.79600
-0.47100,-0.13702,0.07637,0.41953,-0.41953,-0.56920,-0.56920,1.89600
-0.47100,-0.13718,0.07640,0.41961,-0.41961,-0.56915,-0.56915,1.99600
-0.47100,-0.13736,0.07643,0.41968,-0.41968,-0.56909,-0.56909,2.09600
-0.47100,-0.13755,0.07646,0.41976,-0.41976,-0.56904,-0.56904,2.19600
-0.47100,-0.13775,0.07649,0.41983,-0.41983,-0.56898,-0.56898,2.29600
-0.47100,-0.13797,0.07652,0.41990,-0.41990,-0.56893,-0.56893,2.39600
-0.47100,-0.13819,0.07655,0.41998,-0.41998,-0.56887,-0.56887,2.49600
-0.47100,-0.13842,0.07658,0.42005,-0.42005,-0.56882,-0.56882,2.59600
-0.47100,-0.13866,0.07661,0.42013,-0.42013,-0.56877,-0.56877,2.69600
-0.47100,-0.13891,0.07664,0.42020,-0.42020,-0.56871,-0.56871,2.79600
-0.47100,-0.13916,0.07667,0.42027,-0.42027,-0.56866,-0.56866,2.89600
-0.47100,-0.13940,0.07669,0.42035,-0.42035,-0.56860,-0.56860,2.99600
-0.47100,-0.13965,0.07672,0.42042,-0.42042,-0.56855,-0.56855,3.09600
-0.47100,-0.13990,0.07675,0.42050,-0.42050,-0.56849,-0.56849,3.19600
-0.47100,-0.14014,0.07678,0.42057,-0.42057,-0.56844,-0.56844,3.29600
-0.47100,-0.14037,0.07681,0.42065,-0.42065,-0.56838,-0.56838,3.39600
-0.47100,-0.14060,0.07684,0.42072,-0.42072,-0.56833,-0.56833,3.49600
-0.47100,-0.14081,0.07687,0.42079,-0.42079,-0.56827,-0.56827,3.59600
-0.47100,-0.14102,0.07690,0.42087,-0.42087,-0.56822,-0.56822,3.69600
-0.47100,-0.14121,0.07693,0.42094,-0.42094,-0.56816,-0.56816,3.79600
-0.47100,-0.14139,0.07696,0.42102,-0.42102,-0.56811,-0.56811,3.89600
-0.47100,-0.14155,0.07699,0.42109,-0.42109,-0.56805,-0.56805,3.99600
-0.47100,-0.14170,0.07702,0.42117,-0.42117,-0.56800,-0.56800,4.09600
-0.47100,-0.14182,0.07704,0.42124,-0.42124,-0.56794,-0.56794,4.19600
-0.47100,-0.14193,0.07707,0.42131,-0.42131,-0.56789,-0.56789,4.29600
-0.47100,-0.14201,0.07710,0.42139,-0.42139,-0.56783,-0.56783,4.39600
-0.47100,-0.14208,0.07713,0.42146,-0.42146,-0.56778,-0.56778,4.49600
-0.47100,-0.14212,0.07716,0.42154,-0.42154,-0.56772,-0.56772,4.59600
-0.47100,-0.14214,0.07719,0.42161,-0.42161,-0.56767,-0.56767,4.69600
-0.47100,-0.14213,0.07722,0.42168,-0.42168,-0.56761,-0.56761,4.79600
-0.47100,-0.14210,0.07725,0.42176,-0.42176,-0.56756,-0.56756,4.89600
-0.47100,-0.14204,0.07728,0.42183,-0.42183,-0.56750,-0.56750,4.99600
-0.47100,-0.14196,0.07730,0.42191,-0.42191,-0.56745,-0.56745,5.09600
-0.47100,-0.14186,0.07733,0.42198,-0.42198,-0.56739,-0.56739,5.19600
-0.47100,-0.14173,0.07736,0.42205,-0.42205,-0.56734,-0.56734,5.29600
-0.47100,-0.14158,0.07739,0.42213,-0.42213,-0.56728,-0.56728,5.39600
-0.47100,-0.14140,0.07742,0.42220,-0.42220,-0.56723,-0.56723,5.49600
-0.47100,-0.14119,0.07745,0.42228,-0.42228,-0.56717,-0.56717,5.59600
-0.47100,-0.14097,0.07748,0.42235,-0.42235,-0.56712,-0.56712,5.69600
-0.47100,-0.14072,0.07751,0.42242,-0.42242,-0.56706,-0.56706,5.79600
-0.47100,-0.14045,0.07753,0.42250,-0.42250,-0.56701,-0.56701,5.89600
-0.47100,-0.14016,0.07756,0.42257,-0.42257,-0.56695,-0.56695,5.99600
-0.47100,-0.13985,0.07759,0.42265,-0.42265,-0.56689,-0.56689,6.09600
-0.47100,-0.13952,0.07762,0.42272,-0.42272,-0.56684,-0.56684,6.19600
-0.47100,-0.13917,0.07765,0.42279,-0.42279,-0.56678,-0.56678,6.29600
-0.47100,-0.13881,0.07768,0.42287,-0.42287,-0.56673,-0.56673,6.39600
-0.47100,-0.13843,0.07771,0.42294,-0.42294,-0.56667,-0.56667,6.49600
-0.47100,-0.13804,0.07773,0.42302,-0.42302,-0.56662,-0.56662,6.59600
-0.47100,-0.13763,0.07776,0.42309,-0.42309,-0.56656,-0.56656,6.69600
-0.47100,-0.13722,0.07779,0.42316,-0.42316,-0.56651,-0.56651,6.79600
-0.47100,-0.13680,0.07782,0.42324,-0.42324,-0.56645,-0.56645,6.89600
-0.47100,-0.13637,0.07785,0.42331,-0.42331,-0.56640,-0.56640,6.99600
-0.47100,-0.13594,0.07788,0.42339,-0.42339,-0.56634,-0.56634,7.09600
-0.47100,-0.13551,0.07790,0.42346,-0.42346,-0.56629,-0.56629,7.19600
-0.47100,-0.13507,0.07793,0.42353,-0.42353,-0.56623,-0.56623,7.29600
-0.47100,-0.13464,0.07796,0.42361,-0.42361,-0.56618,-0.56618,7.39600
-0.47100,-0.13420,0.07799,0.42368,-0.42368,-0.56612,-0.56612,7.49600
-0.47100,-0.13378,0.07802,0.42376,-0.42376,-0.56607,-0.56607,7.59600
-0.47100,-0.13335,0.07805,0.42383,-0.42383,-0.56601,-0.56601,7.69600
-0.47100,-0.13294,0.07807,0.42390,-0.42390,-0.56596,-0.56596,7.79600
-0.47100,-0.13253,0.07810,0.42398,-0.42398,-0.56590,-0.56590,7.89600
-0.47100,-0.13214,0.07813,0.42405,-0.42405,-0.56584,-0.56584,7.99600
-0.47100,-0.13176,0.07816,0.42413,-0.42413,-0.56579,-0.56579,8.09600
-0.47100,-0.13139,0.07819,0.42420,-0.42420,-0.56573,-0.56573,8.19600
-0.47100,-0.13104,0.07821,0.42427,-0.42427,-0.56568,-0.56568,8.29600
-0.47100,-0.13071,0.07824,0.42435,-0.42435,-0.56562,-0.56562,8.39600
-0.47100,-0.13039,0.07827,0.42442,-0.42442,-0.56557,-0.56557,8.49600
-0.47100,-0.13010,0.07830,0.42449,-0.42449,-0.56551,-0.56551,8.59600
-0.47100,-0.12982,0.07833,0.42457,-0.42457,-0.56546,-0.56546,8.69600
-0.47100,-0.12957,0.07835,0.42464,-0.42464,-0.56540,-0.56540,8.79600
-0.47100,-0.12934,0.07838,0.42472,-0.42472,-0.56535,-0.56535,8.89600
-0.47100,-0.12913,0.07841,0.42479,-0.42479,-0.56529,-0.56529,8.99600
-0.47100,-0.12894,0.07844,0.42486,-0.42486,-0.56524,-0.56524,9.09600
-0.47100,-0.12878,0.07846,0.42494,-0.42494,-0.56518,-0.56518,9.19600
-0.47100,-0.12864,0.07849,0.42501,-0.42501,-0.56512,-0.56512,9.29600
-0.47100,-0.12853,0.07852,0.42509,-0.42509,-0.56507,-0.56507,9.39600
-0.47100,-0.12845,0.07855,0.42516,-0.42516,-0.56501,-0.56501,9.49600
-0.47100,-0.12838,0.07858,0.42523,-0.42523,-0.56496,-0.56496,9.59600
-0.47100,-0.12834,0.07860,0.42531,-0.42531,-0.56490,-0.56490,9.69600
-0.47100,-0.12833,0.07863,0.42538,-0.42538,-0.56485,-0.56485,9.79600
-0.47100,-0.12834,0.07866,0.42545,-0.42545,-0.56479,-0.56479,9.89600
-0.47100,-0.12837,0.07869,0.42553,-0.42553,-0.56474,-0.56474,9.99600
-0.47100,-0.12843,0.07871,0.42560,-0.42560,-0.56468,-0.56468,10.09600
-0.47100,-0.12850,0.07874,0.42568,-0.42568,-0.56462,-0.56462,10.19600
-0.47100,-0.12860,0.07877,0.42575,-0.42575,-0.56457,-0.56457,10.29600
-0.47100,-0.12872,0.07880,0.42582,-0.42582,-0.56451,-0.56451,10.39600
-0.47100,-0.12885,0.07882,0.42590,-0.42590,-0.56446,-0.56446,10.49600
-0.47100,-0.12900,0.07885,0.42597,-0.42597,-0.56440,-0.56440,10.59600
-0.47100,-0.12917,0.07888,0.42604,-0.42604,-0.56435,-0.56435,10.69600
-0.47100,-0.12935,0.07891,0.42612,-0.42612,-0.56429,-0.56429,10.79600
-0.47100,-0.12955,0.07893,0.42619,-0.42619,-0.56424,-0.56424,10.89600
-0.47100,-0.12976,0.07896,0.42626,-0.42626,-0.56418,-0.56418,10.99600
-0.47100,-0.12997,0.07899,0.42634,-0.42634,-0.56412,-0.56412,11.09600
-0.47100,-0.13020,0.07901,0.42641,-0.42641,-0.56407,-0.56407,11.19600
-0.47100,-0.13043,0.07904,0.42649,-0.42649,-0.56401,-0.56401,11.29600
-0.47100,-0.13066,0.07907,0.42656,-0.42656,-0.56396,-0.56396,11.39600
-0.47100,-0.13090,0.07910,0.42663,-0.42663,-0.56390,-0.56390,11.49600
-0.47100,-0.13114,0.07912,0.42671,-0.42671,-0.56385,-0.56385,11.59600
-0.47100,-0.13138,0.07915,0.42678,-0.42678,-0.56379,-0.56379,11.69600
-0.47100,-0.13162,0.07918,0.42685,-0.42685,-0.56373,-0.56373,11.79600
-0.47100,-0.13185,0.07921,0.42693,-0.42693,-0.56368,-0.56368,11.89600
-0.47100,-0.13208,0.07923,0.42700,-0.42700,-0.56362,-0.56362,11.99600
-0.47100,-0.13229,0.07926,0.42707,-0.42707,-0.56357,-0.56357,12.09600
-0.47100,-0.13250,0.07929,0.42715,-0.42715,-0.56351,-0.56351,12.19600
-0.47100,-0.13270,0.07931,0.42722,-0.42722,-0.56346,-0.56346,12.29600
-0.47100,-0.13289,0.07934,0.42729,-0.42729,-0.56340,-0.56340,12.39600
-0.47100,-0.13306,0.07937,0.42737,-0.42737,-0.56334,-0.56334,12.49600
-0.47100,-0.13321,0.07939,0.42744,-0.42744,-0.56329,-0.56329,12.59600
-0.47100,-0.13335,0.07942,0.42752,-0.42752,-0.56323,-0.56323,12.69600
-0.47100,-0.13347,0.07945,0.42759,-0.42759,-0.56318,-0.56318,12.79600
-0.47100,-0.13358,0.07947,0.42766,-0.42766,-0.56312,-0.56312,12.89600
-0.47100,-0.13366,0.07950,0.42774,-0.42774,-0.56306,-0.56306,12.99600
-0.47100,-0.13372,0.07953,0.42781,-0.42781,-0.56301,-0.56301,13.09600
-0.47100,-0.13376,0.07956,0.42788,-0.42788,-0.56295,-0.56295,13.19600
-0.47100,-0.13377,0.07958,0.42796,-0.42796,-0.56290,-0.56290,13.29600
-0.47100,-0.13376,0.07961,0.42803,-0.42803,-0.56284,-0.56284,13.39600
-0.47100,-0.13373,0.07964,0.42810,-0.42810,-0.56279,-0.56279,13.49600
-0.47100,-0.13368,0.07966,0.42818,-0.42818,-0.56273,-0.56273,13.59600
-0.47100,-0.13360,0.07969,0.42825,-0.42825,-0.56267,-0.56267,13.69600
-0.47100,-0.13349,0.07972,0.42832,-0.42832,-0.56262,-0.56262,13.79600
-0.47100,-0.13336,0.07974,0.42840,-0.42840,-0.56256,-0.56256,13.89600
-0.47100,-0.13321,0.07977,0.42847,-0.42847,-0.56251,-0.56251,13.99600
-0.47100,-0.13303,0.07980,0.42854,-0.42854,-0.56245,-0.56245,14.09600
-0.47100,-0.13283,0.07982,0.42862,-0.42862,-0.56239,-0.56239,14.19600
-0.47100,-0.13261,0.07985,0.42869,-0.42869,-0.56234,-0.56234,14.29600
-0.47100,-0.13236,0.07987,0.42876,-0.42876,-0.56228,-0.56228,14.39600
-0.47100,-0.13210,0.07990,0.42884,-0.42884,-0.56223,-0.56223,14.49600
-0.47100,-0.13181,0.07993,0.42891,-0.42891,-0.56217,-0.56217,14.59600
-0.47100,-0.13150,0.07995,0.42898,-0.42898,-0.56211,-0.56211,14.69600
-0.47100,-0.13118,0.07998,0.42906,-0.42906,-0.56206,-0.56206,14.79600
-0.47100,-0.13084,0.08001,0.42913,-0.42913,-0.56200,-0.56200,14.89600
-0.47100,-0.13048,0.08003,0.42920,-0.42920,-0.56195,-0.56195,14.99600
-0.47100,-0.13011,0.08006,0.42928,-0.42928,-0.56189,-0.56189,15.09600
-0.47100,-0.12972,0.08009,0.42935,-0.42935,-0.56183,-0.56183,15.19600
-0.47100,-0.12933,0.08011,0.42942,-0.42942,-0.56178,-0.56178,15.29600
-0.47100,-0.12892,0.08014,0.42950,-0.42950,-0.56172,-0.56172,15.39600
-0.47100,-0.12851,0.08016,0.42957,-0.42957,-0.56167,-0.56167,15.49600
-0.47100,-0.12809,0.08019,0.42964,-0.42964,-0.56161,-0.56161,15.59600
-0.47100,-0.12767,0.08022,0.42972,-0.42972,-0.56155,-0.56155,15.69600
-0.47100,-0.12724,0.08024,0.42979,-0.42979,-0.56150,-0.56150,15.79600
-0.47100,-0.12681,0.08027,0.42986,-0.42986,-0.56144,-0.56144,15.89600
-0.47100,-0.12638,0.08029,0.42994,-0.42994,-0.56139,-0.56139,15.99600
-0.47100,-0.12596,0.08032,0.43001,-0.43001,-0.56133,-0.56133,16.09600
-0.47100,-0.12553,0.08035,0.43008,-0.43008,-0.56127,-0.56127,16.19600
-0.47100,-0.12512,0.08037,0.43016,-0.43016,-0.56122,-0.56122,16.29600
-0.47100,-0.12471,0.08040,0.43023,-0.43023,-0.56116,-0.56116,16.39600
-0.47100,-0.12431,0.08042,0.43030,-0.43030,-0.56110,-0.56110,16.49600
-0.47100,-0.12392,0.08045,0.43038,-0.43038,-0.56105,-0.56105,16.59600
-0.47100,-0.12355,0.08048,0.43045,-0.43045,-0.56099,-0.56099,16.69600
-0.47100,-0.12319,0.08050,0.43052,-0.43052,-0.56094,-0.56094,16.79600
-0.47100,-0.12284,0.08053,0.43060,-0.43060,-0.56088,-0.56088,16.89600
-0.47100,-0.12251,0.08055,0.43067,-0.43067,-0.56082,-0.56082,16.99600
-0.47100,-0.12220,0.08058,0.43074,-0.43074,-0.56077,-0.56077,17.09600
-0.47100,-0.12191,0.08061,0.43082,-0.43082,-0.56071,-0.56071,17.19600
-0.47100,-0.12163,0.08063,0.43089,-0.43089,-0.56065,-0.56065,17.29600
-0.47100,-0.12138,0.08066,0.43096,-0.43096,-0.56060,-0.56060,17.39600
-0.47100,-0.12115,0.08068,0.43104,-0.43104,-0.56054,-0.56054,17.49600
-0.47100,-0.12095,0.08071,0.43111,-0.43111,-0.56049,-0.56049,17.59600
-0.47100,-0.12076,0.08073,0.43118,-0.43118,-0.56043,-0.56043,17.69600
-0.47100,-0.12060,0.08076,0.43126,-0.43126,-0.56037,-0.56037,17.79600
-0.47100,-0.12046,0.08079,0.43133,-0.43133,-0.56032,-0.56032,17.89600
-0.47100,-0.12035,0.08081,0.43140,-0.43140,-0.56026,-0.56026,17.99600
-0.47100,-0.12026,0.08084,0.43148,-0.43148,-0.56020,-0.56020,18.09600
-0.47100,-0.12020,0.08086,0.43155,-0.43155,-0.56015,-0.56015,18.19600
-0.47100,-0.12015,0.08089,0.43162,-0.43162,-0.56009,-0.56009,18.29600
-0.47100,-0.12014,0.08091,0.43169,-0.43169,-0.56004,-0.56004,18.39600
-0.47100,-0.12014,0.08094,0.43177,-0.43177,-0.55998,-0.55998,18.49600
-0.47100,-0.12017,0.08096,0.43184,-0.43184,-0.55992,-0.55992,18.59600
-0.47100,-0.12022,0.08099,0.43191,-0.43191,-0.55987,-0.55987,18.69600
-0.47100,-0.12029,0.08101,0.43199,-0.43199,-0.55981,-0.55981,18.79600
-0.47100,-0.12038,0.08104,0.43206,-0.43206,-0.55975,-0.55975,18.89600
-0.47100,-0.12049,0.08107,0.43213,-0.43213,-0.55970,-0.55970,18.99600
-0.47100,-0.12062,0.08109,0.43221,-0.43221,-0.55964,-0.55964,19.09600
-0.47100,-0.12077,0.08112,0.43228,-0.43228,-0.55958,-0.55958,19.19600
-0.47100,-0.12093,0.08114,0.43235,-0.43235,-0.55953,-0.55953,19.29600
-0.47100,-0.12110,0.08117,0.43243,-0.43243,-0.55947,-0.55947,19.39600
-0.47100,-0.12129,0.08119,0.43250,-0.43250,-0.55941,-0.55941,19.49600
-0.47100,-0.12149,0.08122,0.43257,-0.43257,-0.55936,-0.55936,19.59600
-0.47100,-0.12170,0.08124,0.43264,-0.43264,-0.55930,-0.55930,19.69600
-0.47100,-0.12192,0.08127,0.43272,-0.43272,-0.55925,-0.55925,19.79600
-0.47100,-0.12214,0.08129,0.43279,-0.43279,-0.55919,-0.55919,19.89600
-0.47100,-0.12237,0.08132,0.43286,-0.43286,-0.55913,-0.55913,19.99600
-0.47100,-0.12260,0.08134,0.43294,-0.43294,-0.55908,-0.55908,20.09600
-0.47100,-0.12283,0.08137,0.43301,-0.43301,-0.55902,-0.55902,20.19600
-0.47100,-0.12306,0.08139,0.43308,-0.43308,-0.55896,-0.55896,20.29600
-0.47100,-0.12329,0.08142,0.43316,-0.43316,-0.55891,-0.55891,20.39600
-0.47100,-0.12351,0.08144,0.43323,-0.43323,-0.55885,-0.55885,20.49600
-0.47100,-0.12373,0.08147,0.43330,-0.43330,-0.55879,-0.55879,20.59600
-0.47100,-0.12394,0.08149,0.43337,-0.43337,-0.55874,-0.55874,20.69600
-0.47100,-0.12414,0.08152,0.43345,-0.43345,-0.55868,-0.55868,20.79600
-0.47100,-0.12433,0.08154,0.43352,-0.43352,-0.55862,-0.55862,20.89600
-0.47100,-0.12451,0.08157,0.43359,-0.43359,-0.55857,-0.55857,20.99600
-0.47100,-0.12468,0.08159,0.43367,-0.43367,-0.55851,-0.55851,21.09600
-0.47100,-0.12483,0.08162,0.43374,-0.43374,-0.55845,-0.55845,21.19600
-0.47100,-0.12496,0.08164,0.43381,-0.43381,-0.55840,-0.55840,21.29600
-0.47100,-0.12508,0.08167,0.43388,-0.43388,-0.55834,-0.55834,21.39600
-0.47100,-0.12518,0.08169,0.43396,-0.43396,-0.55828,-0.55828,21.49600
-0.47100,-0.12525,0.08171,0.43403,-0.43403,-0.55823,-0.55823,21.59600
-0.47100,-0.12531,0.08174,0.43410,-0.43410,-0.55817,-0.55817,21.69600
-0.47100,-0.12534,0.08176,0.43418,-0.43418,-0.55811,-0.55811,21.79600
-0.47100,-0.12536,0.08179,0.43425,-0.43425,-0.55806,-0.55806,21.89600
-0.47100,-0.12535,0.08181,0.43432,-0.43432,-0.55800,-0.55800,21.99600
-0.47100,-0.12532,0.08184,0.43439,-0.43439,-0.55794,-0.55794,22.09600
-0.47100,-0.12526,0.08186,0.43447,-0.43447,-0.55789,-0.55789,22.19600
-0.47100,-0.12518,0.08189,0.43454,-0.43454,-0.55783,-0.55783,22.29600
-0.47100,-0.12507,0.08191,0.43461,-0.43461,-0.55777,-0.55777,22.39600
-0.47100,-0.12495,0.08194,0.43469,-0.43469,-0.55772,-0.55772,22.49600
-0.47100,-0.12479,0.08196,0.43476,-0.43476,-0.55766,-0.55766,22.59600
-0.47100,-0.12462,0.08198,0.43483,-0.43483,-0.55760,-0.55760,22.69600
-0.47100,-0.12442,0.08201,0.43490,-0.43490,-0.55755,-0.55755,22.79600
-0.47100,-0.12420,0.08203,0.43498,-0.43498,-0.55749,-0.55749,22.89600
-0.47100,-0.12396,0.08206,0.43505,-0.43505,-0.55743,-0.55743,22.99600
-0.47100,-0.12370,0.08208,0.43512,-0.43512,-0.55738,-0.55738,23.09600
-0.47100,-0.12342,0.08211,0.43520,-0.43520,-0.55732,-0.55732,23.19600
-0.47100,-0.12311,0.08213,0.43527,-0.43527,-0.55726,-0.55726,23.29600
-0.47100,-0.12279,0.08215,0.43534,-0.43534,-0.55721,-0.55721,23.39600
-0.47100,-0.12246,0.08218,0.43541,-0.43541,-0.55715,-0.55715,23.49600
-0.47100,-0.12211,0.08220,0.43549,-0.43549,-0.55709,-0.55709,23.59600
-0.47100,-0.12174,0.08223,0.43556,-0.43556,-0.55704,-0.55704,23.69600
-0.47100,-0.12136,0.08225,0.43563,-0.43563,-0.55698,-0.55698,23.79600
-0.47100,-0.12097,0.08227,0.43570,-0.43570,-0.55692,-0.55692,23.89600
-0.47100,-0.12058,0.08230,0.43578,-0.43578,-0.55686,-0.55686,23.99600
-0.47100,-0.12017,0.08232,0.43585,-0.43585,-0.55681,-0.55681,24.09600
-0.47100,-0.11976,0.08235,0.43592,-0.43592,-0.55675,-0.55675,24.19600
-0.47100,-0.11934,0.08237,0.43600,-0.43600,-0.55669,-0.55669,24.29600
-0.47100,-0.11892,0.08239,0.43607,-0.43607,-0.55664,-0.55664,24.39600
-0.47100,-0.11850,0.08242,0.43614,-0.43614,-0.55658,-0.55658,24.49600
-0.47100,-0.11807,0.08244,0.43621,-0.43621,-0.55652,-0.55652,24.59600
-0.47100,-0.11766,0.08247,0.43629,-0.43629,-0.55647,-0.55647,24.69600
-0.47100,-0.11724,0.08249,0.43636,-0.43636,-0.55641,-0.55641,24.79600
-0.47100,-0.11683,0.08251,0.43643,-0.43643,-0.55635,-0.55635,24.89600
-0.47100,-0.11643,0.08254,0.43650,-0.43650,-0.55630,-0.55630,24.99600
-0.47100,-0.11604,0.08256,0.43658,-0.43658,-0.55624,-0.55624,25.09600
-0.47100,-0.11566,0.08259,0.43665,-0.43665,-0.55618,-0.55618,25.19600
-0.47100,-0.11529,0.08261,0.43672,-0.43672,-0.55612,-0.55612,25.29600
-0.47100,-0.11493,0.08263,0.43679,-0.43679,-0.55607,-0.55607,25.39600
-0.47100,-0.11459,0.08266,0.43687,-0.43687,-0.55601,-0.55601,25.49600
-0.47100,-0.11426,0.08268,0.43694,-0.43694,-0.55595,-0.55595,25.59600
-0.47100,-0.11395,0.08270,0.43701,-0.43701,-0.55590,-0.55590,25.69600
-0.47100,-0.11367,0.08273,0.43708,-0.43708,-0.55584,-0.55584,25.79600
-0.47100,-0.11340,0.08275,0.43716,-0.43716,-0.55578,-0.55578,25.89600
-0.47100,-0.11315,0.08277,0.43723,-0.43723,-0.55572,-0.55572,25.99600
-0.47100,-0.11292,0.08280,0.43730,-0.43730,-0.55567,-0.55567,26.09600
-0.47100,-0.11271,0.08282,0.43738,-0.43738,-0.55561,-0.55561,26.19600
-0.47100,-0.11253,0.08285,0.43745,-0.43745,-0.55555,-0.55555,26.29600
-0.47100,-0.11237,0.08287,0.43752,-0.43752,-0.55550,-0.55550,26.39600
-0.47100,-0.11223,0.08289,0.43759,-0.43759,-0.55544,-0.55544,26.49600
-0.47100,-0.11211,0.08292,0.43767,-0.43767,-0.55538,-0.55538,26.59600
-0.47100,-0.11202,0.08294,0.43774,-0.43774,-0.55532,-0.55532,26.69600
-0.47100,-0.11196,0.08296,0.43781,-0.43781,-0.55527,-0.55527,26.79600
-0.47100,-0.11191,0.08299,0.43788,-0.43788,-0.55521,-0.55521,26.89600
-0.47100,-0.11189,0.08301,0.43796,-0.43796,-0.55515,-0.55515,26.99600
-0.47100,-0.11189,0.08303,0.43803,-0.43803,-0.55510,-0.55510,27.09600
-0.47100,-0.11192,0.08306,0.43810,-0.43810,-0.55504,-0.55504,27.19600
-0.47100,-0.11196,0.08308,0.43817,-0.43817,-0.55498,-0.55498,27.29600
-0.47100,-0.11203,0.08310,0.43824,-0.43824,-0.55492,-0.55492,27.39600
-0.47100,-0.11212,0.08312,0.43832,-0.43832,-0.55487,-0.55487,27.49600
-0.47100,-0.11222,0.08315,0.43839,-0.43839,-0.55481,-0.55481,27.59600
-0.47100,-0.11234,0.08317,0.43846,-0.43846,-0.55475,-0.55475,27.69600
-0.47100,-0.11248,0.08319,0.43853,-0.43853,-0.55470,-0.55470,27.79600
-0.47100,-0.11264,0.08322,0.43861,-0.43861,-0.55464,-0.55464,27.89600
-0.47100,-0.11280,0.08324,0.43868,-0.43868,-0.55458,-0.55458,27.99600
-0.47100,-0.11298,0.08326,0.43875,-0.43875,-0.55452,-0.55452,28.09600
-0.47100,-0.11318,0.08329,0.43882,-0.43882,-0.55447,-0.55447,28.19600
-0.47100,-0.11338,0.08331,0.43890,-0.43890,-0.55441,-0.55441,28.29600
-0.47100,-0.11359,0.08333,0.43897,-0.43897,-0.55435,-0.55435,28.39600
-0.47100,-0.11380,0.08335,0.43904,-0.43904,-0.55429,-0.55429,28.49600
-0.47100,-0.11402,0.08338,0.43911,-0.43911,-0.55424,-0.55424,28.59600
-0.47100,-0.11424,0.08340,0.43919,-0.43919,-0.55418,-0.55418,28.69600
-0.47100,-0.11447,0.08342,0.43926,-0.43926,-0.55412,-0.55412,28.79600
-0.47100,-0.11469,0.08345,0.43933,-0.43933,-0.55407,-0.55407,28.89600
-0.47100,-0.11491,0.08347,0.43940,-0.43940,-0.55401,-0.55401,28.99600
-0.47100,-0.11513,0.08349,0.43948,-0.43948,-0.55395,-0.55395,29.09600
-0.47100,-0.11534,0.08351,0.43955,-0.43955,-0.55389,-0.55389,29.19600
-0.47100,-0.11554,0.08354,0.43962,-0.43962,-0.55384,-0.55384,29.29600
-0.47100,-0.11574,0.08356,0.43969,-0.43969,-0.55378,-0.55378,29.39600
-0.47100,-0.11592,0.08358,0.43976,-0.43976,-0.55372,-0.55372,29.49600
-0.47100,-0.11609,0.08361,0.43984,-0.43984,-0.55366,-0.55366,29.59600
-0.47100,-0.11625,0.08363,0.43991,-0.43991,-0.55361,-0.55361,29.69600
-0.47100,-0.11640,0.08365,0.43998,-0.43998,-0.55355,-0.55355,29.79600
-0.47100,-0.11652,0.08367,0.44005,-0.44005,-0.55349,-0.55349,29.89600
-0.47100,-0.11664,0.08370,0.44013,-0.44013,-0.55343,-0.55343,29.99600
-0.47100,-0.11673,0.08372,0.44020,-0.44020,-0.55338,-0.55338,30.09600
-0.47100,-0.11680,0.08374,0.44027,-0.44027,-0.55332,-0.55332,30.19600
-0.47100,-0.11686,0.08376,0.44034,-0.44034,-0.55326,-0.55326,30.29600
-0.47100,-0.11689,0.08379,0.44041,-0.44041,-0.55320,-0.55320,30.39600
-0.47100,-0.11690,0.08381,0.44049,-0.44049,-0.55315,-0.55315,30.49600
-0.47100,-0.11689,0.08383,0.44056,-0.44056,-0.55309,-0.55309,30.59600
-0.47100,-0.11685,0.08385,0.44063,-0.44063,-0.55303,-0.55303,30.69600
-0.47100,-0.11680,0.08387,0.44070,-0.44070,-0.55297,-0.55297,30.79600
-0.47100,-0.11672,0.08390,0.44078,-0.44078,-0.55292,-0.55292,30.89600
-0.47100,-0.11661,0.08392,0.44085,-0.44085,-0.55286,-0.55286,30.99600
-0.47100,-0.11649,0.08394,0.44092,-0.44092,-0.55280,-0.55280,31.09600
-0.47100,-0.11634,0.08396,0.44099,-0.44099,-0.55274,-0.55274,31.19600
-0.47100,-0.11616,0.08399,0.44106,-0.44106,-0.55269,-0.55269,31.29600
-0.47100,-0.11597,0.08401,0.44114,-0.44114,-0.55263,-0.55263,31.39600
-0.47100,-0.11575,0.08403,0.44121,-0.44121,-0.55257,-0.55257,31.49600
-0.47100,-0.11551,0.08405,0.44128,-0.44128,-0.55251,-0.55251,31.59600
-0.47100,-0.11525,0.08407,0.44135,-0.44135,-0.55246,-0.55246,31.69600
-0.47100,-0.11497,0.08410,0.44143,-0.44143,-0.55240,-0.55240,31.79600
-0.47100,-0.11468,0.08412,0.44150,-0.44150,-0.55234,-0.55234,31.89600
-0.47100,-0.11436,0.08414,0.44157,-0.44157,-0.55228,-0.55228,31.99600
-0.47100,-0.11403,0.08416,0.44164,-0.44164,-0.55223,-0.55223,32.09600
-0.47100,-0.11369,0.08418,0.44171,-0.44171,-0.55217,-0.55217,32.19600
-0.47100,-0.11333,0.08421,0.44179,-0.44179,-0.55211,-0.55211,32.29600
-0.47100,-0.11296,0.08423,0.44186,-0.44186,-0.55205,-0.55205,32.39600
-0.47100,-0.11257,0.08425,0.44193,-0.44193,-0.55199,-0.55199,32.49600
-0.47100,-0.11218,0.08427,0.44200,-0.44200,-0.55194,-0.55194,32.59600
-0.47100,-0.11178,0.08429,0.44207,-0.44207,-0.55188,-0.55188,32.69600
-0.47100,-0.11137,0.08432,0.44215,-0.44215,-0.55182,-0.55182,32.79600
-0.47100,-0.11096,0.08434,0.44222,-0.44222,-0.55176,-0.55176,32.89600
-0.47100,-0.11055,0.08436,0.44229,-0.44229,-0.55171,-0.55171,32.99600
-0.47100,-0.11014,0.08438,0.44236,-0.44236,-0.55165,-0.55165,33.09600
-0.47100,-0.10972,0.08440,0.44243,-0.44243,-0.55159,-0.55159,33.19600
-0.47100,-0.10931,0.08442,0.44251,-0.44251,-0.55153,-0.55153,33.29600
-0.47100,-0.10890,0.08445,0.44258,-0.44258,-0.55147,-0.55147,33.39600
-0.47100,-0.10850,0.08447,0.44265,-0.44265,-0.55142,-0.55142,33.49600
-0.47100,-0.10810,0.08449,0.44272,-0.44272,-0.55136,-0.55136,33.59600
-0.47100,-0.10772,0.08451,0.44279,-0.44279,-0.55130,-0.55130,33.69600
-0.47100,-0.10734,0.08453,0.44287,-0.44287,-0.55124,-0.55124,33.79600
-0.47100,-0.10698,0.08455,0.44294,-0.44294,-0.55119,-0.55119,33.89600
-0.47100,-0.10662,0.08458,0.44301,-0.44301,-0.55113,-0.55113,33.99600
-0.47100,-0.10629,0.08460,0.44308,-0.44308,-0.55107,-0.55107,34.09600
-0.47100,-0.10597,0.08462,0.44315,-0.44315,-0.55101,-0.55101,34.19600
-0.47100,-0.10566,0.08464,0.44323,-0.44323,-0.55095,-0.55095,34.29600
-0.47100,-0.10537,0.08466,0.44330,-0.44330,-0.55090,-0.55090,34.39600
-0.47100,-0.10511,0.08468,0.44337,-0.44337,-0.55084,-0.55084,34.49600
-0.47100,-0.10486,0.08470,0.44344,-0.44344,-0.55078,-0.55078,34.59600
-0.47100,-0.10463,0.08473,0.44351,-0.44351,-0.55072,-0.55072,34.69600
-0.47100,-0.10443,0.08475,0.44359,-0.44359,-0.55067,-0.55067,34.79600
-0.47100,-0.10425,0.08477,0.44366,-0.44366,-0.55061,-0.55061,34.89600
-0.47100,-0.10409,0.08479,0.44373,-0.44373,-0.55055,-0.55055,34.99600
-0.47100,-0.10395,0.08481,0.44380,-0.44380,-0.55049,-0.55049,35.09600
-0.47100,-0.10383,0.08483,0.44387,-0.44387,-0.55043,-0.55043,35.19600
-0.47100,-0.10374,0.08485,0.44394,-0.44394,-0.55038,-0.55038,35.29600
-0.47100,-0.10367,0.08487,0.44402,-0.44402,-0.55032,-0.55032,35.39600
-0.47100,-0.10363,0.08490,0.44409,-0.44409,-0.55026,-0.55026,35.49600
-0.47100,-0.10360,0.08492,0.44416,-0.44416,-0.55020,-0.55020,35.59600
-0.47100,-0.10360,0.08494,0.44423,-0.44423,-0.55014,-0.55014,35.69600
-0.47100,-0.10362,0.08496,0.44430,-0.44430,-0.55009,-0.55009,35.79600
-0.47100,-0.10366,0.08498,0.44438,-0.44438,-0.55003,-0.55003,35.89600
-0.47100,-0.10372,0.08500,0.44445,-0.44445,-0.54997,-0.54997,35.99600
-0.47100,-0.10380,0.08502,0.44452,-0.44452,-0.54991,-0.54991,36.09600
-0.47100,-0.10390,0.08504,0.44459,-0.44459,-0.54985,-0.54985,36.19600
-0.47100,-0.10402,0.08506,0.44466,-0.44466,-0.54980,-0.54980,36.29600
-0.47100,-0.10415,0.08508,0.44473,-0.44473,-0.54974,-0.54974,36.39600
-0.47100,-0.10430,0.08511,0.44481,-0.44481,-0.54968,-0.54968,36.49600
-0.47100,-0.10446,0.08513,0.44488,-0.44488,-0.54962,-0.54962,36.59600
-0.47100,-0.10463,0.08515,0.44495,-0.44495,-0.54956,-0.54956,36.69600
-0.47100,-0.10482,0.08517,0.44502,-0.44502,-0.54951,-0.54951,36.79600
-0.47100,-0.10501,0.08519,0.44509,-0.44509,-0.54945,-0.54945,36.89600
-0.47100,-0.10521,0.08521,0.44517,-0.44517,-0.54939,-0.54939,36.99600
-0.47100,-0.10542,0.08523,0.44524,-0.44524,-0.54933,-0.54933,37.09600
-0.47100,-0.10563,0.08525,0.44531,-0.44531,-0.54927,-0.54927,37.19600
-0.47100,-0.10584,0.08527,0.44538,-0.44538,-0.54921,-0.54921,37.29600
-0.47100,-0.10606,0.08529,0.44545,-0.44545,-0.54916,-0.54916,37.39600
-0.47100,-0.10628,0.08531,0.44552,-0.44552,-0.54910,-0.54910,37.49600
-0.47100,-0.10649,0.08533,0.44560,-0.44560,-0.54904,-0.54904,37.59600
-0.47100,-0.10670,0.08535,0.44567,-0.44567,-0.54898,-0.54898,37.69600
-0.47100,-0.10690,0.08537,0.44574,-0.44574,-0.54892,-0.54892,37.79600
-0.47100,-0.10710,0.08539,0.44581,-0.44581,-0.54887,-0.54887,37.89600
-0.47100,-0.10729,0.08542,0.44588,-0.44588,-0.54881,-0.54881,37.99600
-0.47100,-0.10746,0.08544,0.44595,-0.44595,-0.54875,-0.54875,38.09600
-0.47100,-0.10763,0.08546,0.44603,-0.44603,-0.54869,-0.54869,38.19600
-0.47100,-0.10778,0.08548,0.44610,-0.44610,-0.54863,-0.54863,38.29600
-0.47100,-0.10792,0.08550,0.44617,-0.44617,-0.54857,-0.54857,38.39600
-0.47100,-0.10805,0.08552,0.44624,-0.44624,-0.54852,-0.54852,38.49600
-0.47100,-0.10815,0.08554,0.44631,-0.44631,-0.54846,-0.54846,38.59600
-0.47100,-0.10824,0.08556,0.44638,-0.44638,-0.54840,-0.54840,38.69600
-0.47100,-0.10831,0.08558,0.44645,-0.44645,-0.54834,-0.54834,38.79600
-0.47100,-0.10836,0.08560,0.44653,-0.44653,-0.54828,-0.54828,38.89600
-0.47100,-0.10839,0.08562,0.44660,-0.44660,-0.54822,-0.54822,38.99600
-0.47100,-0.10840,0.08564,0.44667,-0.44667,-0.54817,-0.54817,39.09600
-0.47100,-0.10839,0.08566,0.44674,-0.44674,-0.54811,-0.54811,39.19600
-0.47100,-0.10835,0.08568,0.44681,-0.44681,-0.54805,-0.54805,39.29600
-0.47100,-0.10829,0.08570,0.44688,-0.44688,-0.54799,-0.54799,39.39600
-0.47100,-0.10821,0.08572,0.44696,-0.44696,-0.54793,-0.54793,39.49600
-0.47100,-0.10811,0.08574,0.44703,-0.44703,-0.54787,-0.54787,39.59600
-0.47100,-0.10798,0.08576,0.44710,-0.44710,-0.54782,-0.54782,39.69600
-0.47100,-0.10783,0.08578,0.44717,-0.44717,-0.54776,-0.54776,39.79600
-0.47100,-0.10766,0.08580,0.44724,-0.44724,-0.54770,-0.54770,39.89600
-0.47100,-0.10747,0.08582,0.44731,-0.44731,-0.54764,-0.54764,39.99600
-0.47100,-0.10726,0.08584,0.44738,-0.44738,-0.54758,-0.54758,40.09600
-0.47100,-0.10702,0.08586,0.44746,-0.44746,-0.54752,-0.54752,40.19600
-0.47100,-0.10677,0.08588,0.44753,-0.44753,-0.54747,-0.54747,40.29600
-0.47100,-0.10649,0.08590,0.44760,-0.44760,-0.54741,-0.54741,40.39600
-0.47100,-0.10620,0.08592,0.44767,-0.44767,-0.54735,-0.54735,40.49600
-0.47100,-0.10589,0.08594,0.44774,-0.44774,-0.54729,-0.54729,40.59600
-0.47100,-0.10557,0.08596,0.44781,-0.44781,-0.54723,-0.54723,40.69600
-0.47100,-0.10523,0.08598,0.44788,-0.44788,-0.54717,-0.54717,40.79600
-0.47100,-0.10487,0.08600,0.44796,-0.44796,-0.54712,-0.54712,40.89600
-0.47100,-0.10451,0.08602,0.44803,-0.44803,-0.54706,-0.54706,40.99600
-0.47100,-0.10413,0.08604,0.44810,-0.44810,-0.54700,-0.54700,41.09600
-0.47100,-0.10374,0.08606,0.44817,-0.44817,-0.54694,-0.54694,41.19600
-0.47100,-0.10335,0.08608,0.44824,-0.44824,-0.54688,-0.54688,41.29600
-0.47100,-0.10295,0.08610,0.44831,-0.44831,-0.54682,-0.54682,41.39600
-0.47100,-0.10255,0.08612,0.44838,-0.44838,-0.54676,-0.54676,41.49600
-0.47100,-0.10214,0.08614,0.44846,-0.44846,-0.54671,-0.54671,41.59600
-0.47100,-0.10173,0.08616,0.44853,-0.44853,-0.54665,-0.54665,41.69600
-0.47100,-0.10133,0.08617,0.44860,-0.44860,-0.54659,-0.54659,41.79600
-0.47100,-0.10092,0.08619,0.44867,-0.44867,-0.54653,-0.54653,41.89600
-0.47100,-0.10052,0.08621,0.44874,-0.44874,-0.54647,-0.54647,41.99600
-0.47100,-0.10012,0.08623,0.44881,-0.44881,-0.54641,-0.54641,42.09600
-0.47100,-0.09973,0.08625,0.44888,-0.44888,-0.54635,-0.54635,42.19600
-0.47100,-0.09935,0.08627,0.44896,-0.44896,-0.54630,-0.54630,42.29600
-0.47100,-0.09898,0.08629,0.44903,-0.44903,-0.54624,-0.54624,42.39600
-0.47100,-0.09862,0.08631,0.44910,-0.44910,-0.54618,-0.54618,42.49600
-0.47100,-0.09827,0.08633,0.44917,-0.44917,-0.54612,-0.54612,42.59600
-0.47100,-0.09794,0.08635,0.44924,-0.44924,-0.54606,-0.54606,42.69600
-0.47100,-0.09762,0.08637,0.44931,-0.44931,-0.54600,-0.54600,42.79600
-0.47100,-0.09732,0.08639,0.44938,-0.44938,-0.54594,-0.54594,42.89600
-0.47100,-0.09704,0.08641,0.44945,-0.44945,-0.54589,-0.54589,42.99600
-0.47100,-0.09678,0.08643,0.44953,-0.44953,-0.54583,-0.54583,43.09600
-0.47100,-0.09653,0.08645,0.44960,-0.44960,-0.54577,-0.54577,43.19600
-0.47100,-0.09631,0.08646,0.44967,-0.44967,-0.54571,-0.54571,43.29600
-0.47100,-0.09610,0.08648,0.44974,-0.44974,-0.54565,-0.54565,43.39600
-0.47100,-0.09592,0.08650,0.44981,-0.44981,-0.54559,-0.54559,43.49600
-0.47100,-0.09576,0.08652,0.44988,-0.44988,-0.54553,-0.54553,43.59600
-0.47100,-0.09562,0.08654,0.44995,-0.44995,-0.54547,-0.54547,43.69600
-0.47100,-0.09551,0.08656,0.45002,-0.45002,-0.54542,-0.54542,43.79600
-0.47100,-0.09541,0.08658,0.45010,-0.45010,-0.54536,-0.54536,43.89600
-0.47100,-0.09534,0.08660,0.45017,-0.45017,-0.54530,-0.54530,43.99600
-0.47100,-0.09529,0.08662,0.45024,-0.45024,-0.54524,-0.54524,44.09600
-0.47100,-0.09527,0.08664,0.45031,-0.45031,-0.54518,-0.54518,44.19600
-0.47100,-0.09526,0.08665,0.45038,-0.45038,-0.54512,-0.54512,44.29600
-0.47100,-0.09528,0.08667,0.45045,-0.45045,-0.54506,-0.54506,44.39600
-0.47100,-0.09532,0.08669,0.45052,-0.45052,-0.54500,-0.54500,44.49600
-0.47100,-0.09537,0.08671,0.45059,-0.45059,-0.54495,-0.54495,44.59600
-0.47100,-0.09545,0.08673,0.45067,-0.45067,-0.54489,-0.54489,44.69600
-0.47100,-0.09554,0.08675,0.45074,-0.45074,-0.54483,-0.54483,44.79600
-0.47100,-0.09565,0.08677,0.45081,-0.45081,-0.54477,-0.54477,44.89600
-0.47100,-0.09578,0.08679,0.45088,-0.45088,-0.54471,-0.54471,44.99600
-0.47100,-0.09592,0.08680,0.45095,-0.45095,-0.54465,-0.54465,45.09600
-0.47100,-0.09607,0.08682,0.45102,-0.45102,-0.54459,-0.54459,45.19600
-0.47100,-0.09624,0.08684,0.45109,-0.45109,-0.54453,-0.54453,45.29600
-0.47100,-0.09642,0.08686,0.45116,-0.45116,-0.54447,-0.54447,45.39600
-0.47100,-0.09660,0.08688,0.45123,-0.45123,-0.54442,-0.54442,45.49600
-0.47100,-0.09680,0.08690,0.45130,-0.45130,-0.54436,-0.54436,45.59600
-0.47100,-0.09700,0.08692,0.45138,-0.45138,-0.54430,-0.54430,45.69600
-0.47100,-0.09720,0.08693,0.45145,-0.45145,-0.54424,-0.54424,45.79600
-0.47100,-0.09741,0.08695,0.45152,-0.45152,-0.54418,-0.54418,45.89600
-0.47100,-0.09762,0.08697,0.45159,-0.45159,-0.54412,-0.54412,45.99600
-0.47100,-0.09782,0.08699,0.45166,-0.45166,-0.54406,-0.54406,46.09600
-0.47100,-0.09803,0.08701,0.45173,-0.45173,-0.54400,-0.54400,46.19600
-0.47100,-0.09823,0.08703,0.45180,-0.45180,-0.54394,-0.54394,46.29600
-0.47100,-0.09843,0.08704,0.45187,-0.45187,-0.54388,-0.54388,46.39600
-0.47100,-0.09862,0.08706,0.45194,-0.45194,-0.54383,-0.54383,46.49600
-0.47100,-0.09880,0.08708,0.45202,-0.45202,-0.54377,-0.54377,46.59600
-0.47100,-0.09897,0.08710,0.45209,-0.45209,-0.54371,-0.54371,46.69600
-0.47100,-0.09913,0.08712,0.45216,-0.45216,-0.54365,-0.54365,46.79600
-0.47100,-0.09928,0.08714,0.45223,-0.45223,-0.54359,-0.54359,46.89600
-0.47100,-0.09941,0.08715,0.45230,-0.45230,-0.54353,-0.54353,46.99600
-0.47100,-0.09953,0.08717,0.45237,-0.45237,-0.54347,-0.54347,47.09600
-0.47100,-0.09963,0.08719,0.45244,-0.45244,-0.54341,-0.54341,47.19600
-0.47100,-0.09972,0.08721,0.45251,-0.45251,-0.54335,-0.54335,47.29600
-0.47100,-0.09978,0.08723,0.45258,-0.45258,-0.54329,-0.54329,47.39600
-0.47100,-0.09983,0.08724,0.45265,-0.45265,-0.54324,-0.54324,47.49600
-0.47100,-0.09986,0.08726,0.45272,-0.45272,-0.54318,-0.54318,47.59600
-0.47100,-0.09986,0.08728,0.45280,-0.45280,-0.54312,-0.54312,47.69600
-0.47100,-0.09985,0.08730,0.45287,-0.45287,-0.54306,-0.54306,47.79600
-0.47100,-0.09981,0.08732,0.45294,-0.45294,-0.54300,-0.54300,47.89600
-0.47100,-0.09975,0.08733,0.45301,-0.45301,-0.54294,-0.54294,47.99600
-0.47100,-0.09967,0.08735,0.45308,-0.45308,-0.54288,-0.54288,48.09600
-0.47100,-0.09957,0.08737,0.45315,-0.45315,-0.54282,-0.54282,48.19600
-0.47100,-0.09944,0.08739,0.45322,-0.45322,-0.54276,-0.54276,48.29600
-0.47100,-0.09930,0.08741,0.45329,-0.45329,-0.54270,-0.54270,48.39600
-0.47100,-0.09913,0.08742,0.45336,-0.45336,-0.54264,-0.54264,48.49600
-0.47100,-0.09894,0.08744,0.45343,-0.45343,-0.54258,-0.54258,48.59600
-0.47100,-0.09873,0.08746,0.45350,-0.45350,-0.54253,-0.54253,48.69600
-0.47100,-0.09850,0.08748,0.45358,-0.45358,-0.54247,-0.54247,48.79600
-0.47100,-0.09824,0.08750,0.45365,-0.45365,-0.54241,-0.54241,48.89600
-0.47100,-0.09797,0.08751,0.45372,-0.45372,-0.54235,-0.54235,48.99600
-0.47100,-0.09769,0.08753,0.45379,-0.45379,-0.54229,-0.54229,49.09600
-0.47100,-0.09738,0.08755,0.45386,-0.45386,-0.54223,-0.54223,49.19600
-0.47100,-0.09706,0.08757,0.45393,-0.45393,-0.54217,-0.54217,49.29600
-0.47100,-0.09673,0.08758,0.45400,-0.45400,-0.54211,-0.54211,49.39600
-0.47100,-0.09638,0.08760,0.45407,-0.45407,-0.54205,-0.54205,49.49600
-0.47100,-0.09602,0.08762,0.45414,-0.45414,-0.54199,-0.54199,49.59600
-0.47100,-0.09565,0.08764,0.45421,-0.45421,-0.54193,-0.54193,49.69600
-0.47100,-0.09527,0.08765,0.45428,-0.45428,-0.54187,-0.54187,49.79600
-0.47100,-0.09488,0.08767,0.45435,-0.45435,-0.54181,-0.54181,49.89600
-0.47100,-0.09449,0.08769,0.45442,-0.45442,-0.54176,-0.54176,49.99600
-0.47100,-0.09409,0.08771,0.45450,-0.45450,-0.54170,-0.54170,50.09600
-0.47100,-0.09369,0.08772,0.45457,-0.45457,-0.54164,-0.54164,50.19600
-0.47100,-0.09329,0.08774,0.45464,-0.45464,-0.54158,-0.54158,50.29600
-0.47100,-0.09289,0.08776,0.45471,-0.45471,-0.54152,-0.54152,50.39600
-0.47100,-0.09249,0.08777,0.45478,-0.45478,-0.54146,-0.54146,50.49600
-0.47100,-0.09210,0.08779,0.45485,-0.45485,-0.54140,-0.54140,50.59600
-0.47100,-0.09171,0.08781,0.45492,-0.45492,-0.54134,-0.54134,50.69600
-0.47100,-0.09132,0.08783,0.45499,-0.45499,-0.54128,-0.54128,50.79600
-0.47100,-0.09095,0.08784,0.45506,-0.45506,-0.54122,-0.54122,50.89600
-0.47100,-0.09058,0.08786,0.45513,-0.45513,-0.54116,-0.54116,50.99600
-0.47100,-0.09023,0.08788,0.45520,-0.45520,-0.54110,-0.54110,51.09600
-0.47100,-0.08989,0.08789,0.45527,-0.45527,-0.54104,-0.54104,51.19600
-0.47100,-0.08956,0.08791,0.45534,-0.45534,-0.54098,-0.54098,51.29600
-0.47100,-0.08925,0.08793,0.45541,-0.45541,-0.54092,-0.54092,51.39600
-0.47100,-0.08895,0.08795,0.45548,-0.45548,-0.54086,-0.54086,51.49600
-0.47100,-0.08867,0.08796,0.45555,-0.45555,-0.54080,-0.54080,51.59600
-0.47100,-0.08841,0.08798,0.45563,-0.45563,-0.54075,-0.54075,51.69600
-0.47100,-0.08816,0.08800,0.45570,-0.45570,-0.54069,-0.54069,51.79600
-0.47100,-0.08794,0.08801,0.45577,-0.45577,-0.54063,-0.54063,51.89600
-0.47100,-0.08774,0.08803,0.45584,-0.45584,-0.54057,-0.54057,51.99600
-0.47100,-0.08756,0.08805,0.45591,-0.45591,-0.54051,-0.54051,52.09600
-0.47100,-0.08740,0.08806,0.45598,-0.45598,-0.54045,-0.54045,52.19600
-0.47100,-0.08726,0.08808,0.45605,-0.45605,-0.54039,-0.54039,52.29600
-0.47100,-0.08714,0.08810,0.45612,-0.45612,-0.54033,-0.54033,52.39600
-0.47100,-0.08705,0.08811,0.45619,-0.45619,-0.54027,-0.54027,52.49600
-0.47100,-0.08698,0.08813,0.45626,-0.45626,-0.54021,-0.54021,52.59600
-0.47100,-0.08693,0.08815,0.45633,-0.45633,-0.54015,-0.54015,52.69600
-0.47100,-0.08690,0.08817,0.45640,-0.45640,-0.54009,-0.54009,52.79600
-0.47100,-0.08689,0.08818,0.45647,-0.45647,-0.54003,-0.54003,52.89600
-0.47100,-0.08690,0.08820,0.45654,-0.45654,-0.53997,-0.53997,52.99600
-0.47100,-0.08693,0.08821,0.45661,-0.45661,-0.53991,-0.53991,53.09600
-0.47100,-0.08699,0.08823,0.45668,-0.45668,-0.53985,-0.53985,53.19600
-0.47100,-0.08706,0.08825,0.45675,-0.45675,-0.53979,-0.53979,53.29600
-0.47100,-0.08714,0.08826,0.45682,-0.45682,-0.53973,-0.53973,53.39600
-0.47100,-0.08725,0.08828,0.45689,-0.45689,-0.53967,-0.53967,53.49600
-0.47100,-0.08737,0.08830,0.45697,-0.45697,-0.53961,-0.53961,53.59600
-0.47100,-0.08750,0.08831,0.45704,-0.45704,-0.53955,-0.53955,53.69600
-0.47100,-0.08765,0.08833,0.45711,-0.45711,-0.53949,-0.53949,53.79600
-0.47100,-0.08781,0.08835,0.45718,-0.45718,-0.53943,-0.53943,53.89600
-0.47100,-0.08798,0.08836,0.45725,-0.45725,-0.53937,-0.53937,53.99600
-0.47100,-0.08816,0.08838,0.45732,-0.45732,-0.53932,-0.53932,54.09600
-0.47100,-0.08835,0.08840,0.45739,-0.45739,-0.53926,-0.53926,54.19600
-0.47100,-0.08854,0.08841,0.45746,-0.45746,-0.53920,-0.53920,54.29600
-0.47100,-0.08874,0.08843,0.45753,-0.45753,-0.53914,-0.53914,54.39600
-0.47100,-0.08893,0.08844,0.45760,-0.45760,-0.53908,-0.53908,54.49600
-0.47100,-0.08914,0.08846,0.45767,-0.45767,-0.53902,-0.53902,54.59600
-0.47100,-0.08934,0.08848,0.45774,-0.45774,-0.53896,-0.53896,54.69600
-0.47100,-0.08953,0.08849,0.45781,-0.45781,-0.53890,-0.53890,54.79600
-0.47100,-0.08973,0.08851,0.45788,-0.45788,-0.53884,-0.53884,54.89600
-0.47100,-0.08992,0.08853,0.45795,-0.45795,-0.53878,-0.53878,54.99600
-0.47100,-0.09010,0.08854,0.45802,-0.45802,-0.53872,-0.53872,55.09600
-0.47100,-0.09028,0.08856,0.45809,-0.45809,-0.53866,-0.53866,55.19600
-0.47100,-0.09044,0.08857,0.45816,-0.45816,-0.53860,-0.53860,55.29600
-0.47100,-0.09060,0.08859,0.45823,-0.45823,-0.53854,-0.53854,55.39600
-0.47100,-0.09074,0.08861,0.45830,-0.45830,-0.53848,-0.53848,55.49600
-0.47100,-0.09087,0.08862,0.45837,-0.45837,-0.53842,-0.53842,55.59600
-0.47100,-0.09098,0.08864,0.45844,-0.45844,-0.53836,-0.53836,55.69600
-0.47100,-0.09108,0.08865,0.45851,-0.45851,-0.53830,-0.53830,55.79600
-0.47100,-0.09116,0.08867,0.45858,-0.45858,-0.53824,-0.53824,55.89600
-0.47100,-0.09122,0.08869,0.45865,-0.45865,-0.53818,-0.53818,55.99600
-0.47100,-0.09127,0.08870,0.45872,-0.45872,-0.53812,-0.53812,56.09600
-0.47100,-0.09129,0.08872,0.45879,-0.45879,-0.53806,-0.53806,56.19600
-0.47100,-0.09129,0.08873,0.45886,-0.45886,-0.53800,-0.53800,56.29600
-0.47100,-0.09128,0.08875,0.45893,-0.45893,-0.53794,-0.53794,56.39600
-0.47100,-0.09124,0.08876,0.45901,-0.45901,-0.53788,-0.53788,56.49600
-0.47100,-0.09118,0.08878,0.45908,-0.45908,-0.53782,-0.53782,56.59600
-0.47100,-0.09110,0.08880,0.45915,-0.45915,-0.53776,-0.53776,56.69600
-0.47100,-0.09100,0.08881,0.45922,-0.45922,-0.53770,-0.53770,56.79600
-0.47100,-0.09087,0.08883,0.45929,-0.45929,-0.53764,-0.53764,56.89600
-0.47100,-0.09073,0.08884,0.45936,-0.45936,-0.53758,-0.53758,56.99600
-0.47100,-0.09056,0.08886,0.45943,-0.45943,-0.53752,-0.53752,57.09600
-0.47100,-0.09037,0.08887,0.45950,-0.45950,-0.53746,-0.53746,57.19600
-0.47100,-0.09016,0.08889,0.45957,-0.45957,-0.53740,-0.53740,57.29600
-0.47100,-0.08994,0.08891,0.45964,-0.45964,-0.53734,-0.53734,57.39600
-0.47100,-0.08969,0.08892,0.45971,-0.45971,-0.53728,-0.53728,57.49600
-0.47100,-0.08942,0.08894,0.45978,-0.45978,-0.53722,-0.53722,57.59600
-0.47100,-0.08914,0.08895,0.45985,-0.45985,-0.53716,-0.53716,57.69600
-0.47100,-0.08884,0.08897,0.45992,-0.45992,-0.53710,-0.53710,57.79600
-0.47100,-0.08853,0.08898,0.45999,-0.45999,-0.53704,-0.53704,57.89600
-0.47100,-0.08820,0.08900,0.46006,-0.46006,-0.53698,-0.53698,57.99600
-0.47100,-0.08785,0.08901,0.46013,-0.46013,-0.53692,-0.53692,58.09600
-0.47100,-0.08750,0.08903,0.46020,-0.46020,-0.53686,-0.53686,58.19600
-0.47100,-0.08714,0.08904,0.46027,-0.46027,-0.53680,-0.53680,58.29600
-0.47100,-0.08676,0.08906,0.46034,-0.46034,-0.53674,-0.53674,58.39600
-0.47100,-0.08638,0.08907,0.46041,-0.46041,-0.53668,-0.53668,58.49600
-0.47100,-0.08600,0.08909,0.46048,-0.46048,-0.53662,-0.53662,58.59600
-0.47100,-0.08561,0.08910,0.46055,-0.46055,-0.53656,-0.53656,58.69600
-0.47100,-0.08521,0.08912,0.46062,-0.46062,-0.53650,-0.53650,58.79600
-0.47100,-0.08482,0.08913,0.46069,-0.46069,-0.53644,-0.53644,58.89600
-0.47100,-0.08442,0.08915,0.46076,-0.46076,-0.53638,-0.53638,58.99600
-0.47100,-0.08403,0.08916,0.46083,-0.46083,-0.53632,-0.53632,59.09600
-0.47100,-0.08364,0.08918,0.46090,-0.46090,-0.53626,-0.53626,59.19600
-0.47100,-0.08326,0.08919,0.46097,-0.46097,-0.53620,-0.53620,59.29600
-0.47100,-0.08288,0.08921,0.46104,-0.46104,-0.53614,-0.53614,59.39600
-0.47100,-0.08251,0.08922,0.46111,-0.46111,-0.53608,-0.53608,59.49600
-0.47100,-0.08215,0.08924,0.46118,-0.46118,-0.53602,-0.53602,59.59600
-0.47100,-0.08180,0.08925,0.46125,-0.46125,-0.53596,-0.53596,59.69600
-0.47100,-0.08146,0.08927,0.46132,-0.46132,-0.53590,-0.53590,59.79600
-0.47100,-0.08114,0.08928,0.46139,-0.46139,-0.53584,-0.53584,59.89600
-0.47100,-0.08083,0.08930,0.46146,-0.46146,-0.53578,-0.53578,59.99600
-0.47100,-0.08054,0.08931,0.46153,-0.46153,-0.53572,-0.53572,60.09600
-0.47100,-0.08026,0.08933,0.46160,-0.46160,-0.53566,-0.53566,60.19600
-0.47100,-0.08000,0.08934,0.46167,-0.46167,-0.53560,-0.53560,60.29600
-0.47100,-0.07976,0.08936,0.46174,-0.46174,-0.53554,-0.53554,60.39600
-0.47100,-0.07954,0.08937,0.46181,-0.46181,-0.53548,-0.53548,60.49600
-0.47100,-0.07934,0.08939,0.46188,-0.46188,-0.53542,-0.53542,60.59600
-0.47100,-0.07916,0.08940,0.46195,-0.46195,-0.53535,-0.53535,60.69600
-0.47100,-0.07900,0.08942,0.46202,-0.46202,-0.53529,-0.53529,60.79600
-0.47100,-0.07886,0.08943,0.46209,-0.46209,-0.53523,-0.53523,60.89600
-0.47100,-0.07874,0.08945,0.46216,-0.46216,-0.53517,-0.53517,60.99600
-0.47100,-0.07865,0.08946,0.46223,-0.46223,-0.53511,-0.53511,61.09600
-0.47100,-0.07857,0.08948,0.46230,-0.46230,-0.53505,-0.53505,61.19600
-0.47100,-0.07852,0.08949,0.46237,-0.46237,-0.53499,-0.53499,61.29600
-0.47100,-0.07849,0.08950,0.46244,-0.46244,-0.53493,-0.53493,61.39600
-0.47100,-0.07848,0.08952,0.46251,-0.46251,-0.53487,-0.53487,61.49600
-0.47100,-0.07849,0.08953,0.46258,-0.46258,-0.53481,-0.53481,61.59600
-0.47100,-0.07852,0.08955,0.46265,-0.46265,-0.53475,-0.53475,61.69600
-0.47100,-0.07856,0.08956,0.46272,-0.46272,-0.53469,-0.53469,61.79600
-0.47100,-0.07863,0.08958,0.46279,-0.46279,-0.53463,-0.53463,61.89600
-0.47100,-0.07871,0.08959,0.46286,-0.46286,-0.53457,-0.53457,61.99600
-0.47100,-0.07881,0.08960,0.46293,-0.46293,-0.53451,-0.53451,62.09600
-0.47100,-0.07893,0.08962,0.46299,-0.46299,-0.53445,-0.53445,62.19600
-0.47100,-0.07906,0.08963,0.46306,-0.46306,-0.53439,-0.53439,62.29600
-0.47100,-0.07920,0.08965,0.46313,-0.46313,-0.53433,-0.53433,62.39600
-0.47100,-0.07935,0.08966,0.46320,-0.46320,-0.53427,-0.53427,62.49600
-0.47100,-0.07951,0.08968,0.46327,-0.46327,-0.53421,-0.53421,62.59600
-0.47100,-0.07969,0.08969,0.46334,-0.46334,-0.53415,-0.53415,62.69600
-0.47100,-0.07986,0.08970,0.46341,-0.46341,-0.53409,-0.53409,62.79600
-0.47100,-0.08005,0.08972,0.46348,-0.46348,-0.53403,-0.53403,62.89600
-0.47100,-0.08024,0.08973,0.46355,-0.46355,-0.53397,-0.53397,62.99600
-0.47100,-0.08043,0.08975,0.46362,-0.46362,-0.53390,-0.53390,63.09600
-0.47100,-0.08062,0.08976,0.46369,-0.46369,-0.53384,-0.53384,63.19600
-0.47100,-0.08082,0.08977,0.46376,-0.46376,-0.53378,-0.53378,63.29600
-0.47100,-0.08101,0.08979,0.46383,-0.46383,-0.53372,-0.53372,63.39600
-0.47100,-0.08120,0.08980,0.46390,-0.46390,-0.53366,-0.53366,63.49600
-0.47100,-0.08138,0.08982,0.46397,-0.46397,-0.53360,-0.53360,63.59600
-0.47100,-0.08156,0.08983,0.46404,-0.46404,-0.53354,-0.53354,63.69600
-0.47100,-0.08173,0.08984,0.46411,-0.46411,-0.53348,-0.53348,63.79600
-0.47100,-0.08189,0.08986,0.46418,-0.46418,-0.53342,-0.53342,63.89600
-0.47100,-0.08203,0.08987,0.46425,-0.46425,-0.53336,-0.53336,63.99600
-0.47100,-0.08217,0.08989,0.46432,-0.46432,-0.53330,-0.53330,64.09600
-0.47100,-0.08229,0.08990,0.46439,-0.46439,-0.53324,-0.53324,64.19600
-0.47100,-0.08240,0.08991,0.46446,-0.46446,-0.53318,-0.53318,64.29600
-0.47100,-0.08250,0.08993,0.46453,-0.46453,-0.53312,-0.53312,64.39600
-0.47100,-0.08257,0.08994,0.46460,-0.46460,-0.53306,-0.53306,64.49600
-0.47100,-0.08263,0.08995,0.46467,-0.46467,-0.53300,-0.53300,64.59600
-0.47100,-0.08267,0.08997,0.46474,-0.46474,-0.53294,-0.53294,64.69600
-0.47100,-0.08270,0.08998,0.46481,-0.46481,-0.53287,-0.53287,64.79600
-0.47100,-0.08270,0.08999,0.46488,-0.46488,-0.53281,-0.53281,64.89600
-0.47100,-0.08268,0.09001,0.46495,-0.46495,-0.53275,-0.53275,64.99600
-0.47100,-0.08264,0.09002,0.46501,-0.46501,-0.53269,-0.53269,65.09600
-0.47100,-0.08258,0.09004,0.46508,-0.46508,-0.53263,-0.53263,65.19600
-0.47100,-0.08250,0.09005,0.46515,-0.46515,-0.53257,-0.53257,65.29600
-0.47100,-0.08240,0.09006,0.46522,-0.46522,-0.53251,-0.53251,65.39600
-0.47100,-0.08228,0.09008,0.46529,-0.46529,-0.53245,-0.53245,65.49600
-0.47100,-0.08213,0.09009,0.46536,-0.46536,-0.53239,-0.53239,65.59600
-0.47100,-0.08197,0.09010,0.46543,-0.46543,-0.53233,-0.53233,65.69600
-0.47100,-0.08178,0.09012,0.46550,-0.46550,-0.53227,-0.53227,65.79600
-0.47100,-0.08157,0.09013,0.46557,-0.46557,-0.53221,-0.53221,65.89600
-0.47100,-0.08135,0.09014,0.46564,-0.46564,-0.53215,-0.53215,65.99600
-0.47100,-0.08111,0.09016,0.46571,-0.46571,-0.53208,-0.53208,66.09600
-0.47100,-0.08084,0.09017,0.46578,-0.46578,-0.53202,-0.53202,66.19600
-0.47100,-0.08057,0.09018,0.46585,-0.46585,-0.53196,-0.53196,66.29600
-0.47100,-0.08027,0.09019,0.46592,-0.46592,-0.53190,-0.53190,66.39600
-0.47100,-0.07996,0.09021,0.46599,-0.46599,-0.53184,-0.53184,66.49600
-0.47100,-0.07964,0.09022,0.46606,-0.46606,-0.53178,-0.53178,66.59600
-0.47100,-0.07930,0.09023,0.46613,-0.46613,-0.53172,-0.53172,66.69600
-0.47100,-0.07895,0.09025,0.46620,-0.46620,-0.53166,-0.53166,66.79600
-0.47100,-0.07859,0.09026,0.46627,-0.46627,-0.53160,-0.53160,66.89600
-0.47100,-0.07823,0.09027,0.46633,-0.46633,-0.53154,-0.53154,66.99600
-0.47100,-0.07785,0.09029,0.46640,-0.46640,-0.53148,-0.53148,67.09600
-0.47100,-0.07747,0.09030,0.46647,-0.46647,-0.53142,-0.53142,67.19600
-0.47100,-0.07709,0.09031,0.46654,-0.46654,-0.53135,-0.53135,67.29600
-0.47100,-0.07670,0.09033,0.46661,-0.46661,-0.53129,-0.53129,67.39600
-0.47100,-0.07631,0.09034,0.46668,-0.46668,-0.53123,-0.53123,67.49600
-0.47100,-0.07592,0.09035,0.46675,-0.46675,-0.53117,-0.53117,67.59600
-0.47100,-0.07554,0.09036,0.46682,-0.46682,-0.53111,-0.53111,67.69600
-0.47100,-0.07516,0.09038,0.46689,-0.46689,-0.53105,-0.53105,67.79600
-0.47100,-0.07478,0.09039,0.46696,-0.46696,-0.53099,-0.53099,67.89600
-0.47100,-0.07441,0.09040,0.46703,-0.46703,-0.53093,-0.53093,67.99600
-0.47100,-0.07404,0.09042,0.46710,-0.46710,-0.53087,-0.53087,68.09600
-0.47100,-0.07369,0.09043,0.46717,-0.46717,-0.53081,-0.53081,68.19600
-0.47100,-0.07334,0.09044,0.46724,-0.46724,-0.53075,-0.53075,68.29600
-0.47100,-0.07301,0.09045,0.46731,-0.46731,-0.53068,-0.53068,68.39600
-0.47100,-0.07269,0.09047,0.46737,-0.46737,-0.53062,-0.53062,68.49600
-0.47100,-0.07239,0.09048,0.46744,-0.46744,-0.53056,-0.53056,68.59600
-0.47100,-0.07210,0.09049,0.46751,-0.46751,-0.53050,-0.53050,68.69600
-0.47100,-0.07182,0.09050,0.46758,-0.46758,-0.53044,-0.53044,68.79600
-0.47100,-0.07157,0.09052,0.46765,-0.46765,-0.53038,-0.53038,68.89600
-0.47100,-0.07133,0.09053,0.46772,-0.46772,-0.53032,-0.53032,68.99600
-0.47100,-0.07111,0.09054,0.46779,-0.46779,-0.53026,-0.53026,69.09600
-0.47100,-0.07091,0.09055,0.46786,-0.46786,-0.53020,-0.53020,69.19600
-0.47100,-0.07073,0.09057,0.46793,-0.46793,-0.53013,-0.53013,69.29600
-0.47100,-0.07057,0.09058,0.46800,-0.46800,-0.53007,-0.53007,69.39600
-0.47100,-0.07043,0.09059,0.46807,-0.46807,-0.53001,-0.53001,69.49600
-0.47100,-0.07032,0.09060,0.46814,-0.46814,-0.52995,-0.52995,69.59600
-0.47100,-0.07022,0.09062,0.46821,-0.46821,-0.52989,-0.52989,69.69600
-0.47100,-0.07014,0.09063,0.46827,-0.46827,-0.52983,-0.52983,69.79600
-0.47100,-0.07009,0.09064,0.46834,-0.46834,-0.52977,-0.52977,69.89600
-0.47100,-0.07005,0.09065,0.46841,-0.46841,-0.52971,-0.52971,69.99600
-0.47100,-0.07004,0.09066,0.46848,-0.46848,-0.52965,-0.52965,70.09600
-0.47100,-0.07005,0.09068,0.46855,-0.46855,-0.52958,-0.52958,70.19600
-0.47100,-0.07007,0.09069,0.46862,-0.46862,-0.52952,-0.52952,70.29600
-0.47100,-0.07011,0.09070,0.46869,-0.46869,-0.52946,-0.52946,70.39600
-0.47100,-0.07018,0.09071,0.46876,-0.46876,-0.52940,-0.52940,70.49600
-0.47100,-0.07025,0.09073,0.46883,-0.46883,-0.52934,-0.52934,70.59600
-0.47100,-0.07035,0.09074,0.46890,-0.46890,-0.52928,-0.52928,70.69600
-0.47100,-0.07046,0.09075,0.46897,-0.46897,-0.52922,-0.52922,70.79600
-0.47100,-0.07058,0.09076,0.46903,-0.46903,-0.52916,-0.52916,70.89600
-0.47100,-0.07071,0.09077,0.46910,-0.46910,-0.52909,-0.52909,70.99600
-0.47100,-0.07086,0.09079,0.46917,-0.46917,-0.52903,-0.52903,71.09600
-0.47100,-0.07102,0.09080,0.46924,-0.46924,-0.52897,-0.52897,71.19600
-0.47100,-0.07118,0.09081,0.46931,-0.46931,-0.52891,-0.52891,71.29600
-0.47100,-0.07135,0.09082,0.46938,-0.46938,-0.52885,-0.52885,71.39600
-0.47100,-0.07153,0.09083,0.46945,-0.46945,-0.52879,-0.52879,71.49600
-0.47100,-0.07172,0.09084,0.46952,-0.46952,-0.52873,-0.52873,71.59600
-0.47100,-0.07190,0.09086,0.46959,-0.46959,-0.52867,-0.52867,71.69600
-0.47100,-0.07209,0.09087,0.46966,-0.46966,-0.52860,-0.52860,71.79600
-0.47100,-0.07227,0.09088,0.46973,-0.46973,-0.52854,-0.52854,71.89600
-0.47100,-0.07246,0.09089,0.46979,-0.46979,-0.52848,-0.52848,71.99600
-0.47100,-0.07264,0.09090,0.46986,-0.46986,-0.52842,-0.52842,72.09600
-0.47100,-0.07282,0.09092,0.46993,-0.46993,-0.52836,-0.52836,72.19600
-0.47100,-0.07299,0.09093,0.47000,-0.47000,-0.52830,-0.52830,72.29600
-0.47100,-0.07315,0.09094,0.47007,-0.47007,-0.52824,-0.52824,72.39600
-0.47100,-0.07330,0.09095,0.47014,-0.47014,-0.52818,-0.52818,72.49600
-0.47100,-0.07345,0.09096,0.47021,-0.47021,-0.52811,-0.52811,72.59600
-0.47100,-0.07358,0.09097,0.47028,-0.47028,-0.52805,-0.52805,72.69600
-0.47100,-0.07370,0.09098,0.47035,-0.47035,-0.52799,-0.52799,72.79600
-0.47100,-0.07380,0.09100,0.47041,-0.47041,-0.52793,-0.52793,72.89600
-0.47100,-0.07389,0.09101,0.47048,-0.47048,-0.52787,-0.52787,72.99600
-0.47100,-0.07396,0.09102,0.47055,-0.47055,-0.52781,-0.52781,73.09600
-0.47100,-0.07402,0.09103,0.47062,-0.47062,-0.52775,-0.52775,73.19600
-0.47100,-0.07406,0.09104,0.47069,-0.47069,-0.52768,-0.52768,73.29600
-0.47100,-0.07408,0.09105,0.47076,-0.47076,-0.52762,-0.52762,73.39600
-0.47100,-0.07408,0.09106,0.47083,-0.47083,-0.52756,-0.52756,73.49600
-0.47100,-0.07406,0.09108,0.47090,-0.47090,-0.52750,-0.52750,73.59600
-0.47100,-0.07402,0.09109,0.47097,-0.47097,-0.52744,-0.52744,73.69600
-0.47100,-0.07396,0.09110,0.47103,-0.47103,-0.52738,-0.52738,73.79600
-0.47100,-0.07388,0.09111,0.47110,-0.47110,-0.52732,-0.52732,73.89600
-0.47100,-0.07377,0.09112,0.47117,-0.47117,-0.52725,-0.52725,73.99600
-0.47100,-0.07365,0.09113,0.47124,-0.47124,-0.52719,-0.52719,74.09600
-0.47100,-0.07351,0.09114,0.47131,-0.47131,-0.52713,-0.52713,74.19600
-0.47100,-0.07335,0.09115,0.47138,-0.47138,-0.52707,-0.52707,74.29600
-0.47100,-0.07316,0.09117,0.47145,-0.47145,-0.52701,-0.52701,74.39600
-0.47100,-0.07296,0.09118,0.47152,-0.47152,-0.52695,-0.52695,74.49600
-0.47100,-0.07274,0.09119,0.47159,-0.47159,-0.52688,-0.52688,74.59600
-0.47100,-0.07250,0.09120,0.47165,-0.47165,-0.52682,-0.52682,74.69600
-0.47100,-0.07224,0.09121,0.47172,-0.47172,-0.52676,-0.52676,74.79600
-0.47100,-0.07197,0.09122,0.47179,-0.47179,-0.52670,-0.52670,74.89600
-0.47100,-0.07168,0.09123,0.47186,-0.47186,-0.52664,-0.52664,74.99600
-0.47100,-0.07137,0.09124,0.47193,-0.47193,-0.52658,-0.52658,75.09600
-0.47100,-0.07105,0.09125,0.47200,-0.47200,-0.52651,-0.52651,75.19600
-0.47100,-0.07072,0.09126,0.47207,-0.47207,-0.52645,-0.52645,75.29600
-0.47100,-0.07038,0.09128,0.47214,-0.47214,-0.52639,-0.52639,75.39600
-0.47100,-0.07003,0.09129,0.47220,-0.47220,-0.52633,-0.52633,75.49600
-0.47100,-0.06967,0.09130,0.47227,-0.47227,-0.52627,-0.52627,75.59600
-0.47100,-0.06930,0.09131,0.47234,-0.47234,-0.52621,-0.52621,75.69600
-0.47100,-0.06892,0.09132,0.47241,-0.47241,-0.52615,-0.52615,75.79600
-0.47100,-0.06855,0.09133,0.47248,-0.47248,-0.52608,-0.52608,75.89600
-0.47100,-0.06817,0.09134,0.47255,-0.47255,-0.52602,-0.52602,75.99600
-0.47100,-0.06778,0.09135,0.47262,-0.47262,-0.52596,-0.52596,76.09600
-0.47100,-0.06740,0.09136,0.47268,-0.47268,-0.52590,-0.52590,76.19600
-0.47100,-0.06702,0.09137,0.47275,-0.47275,-0.52584,-0.52584,76.29600
-0.47100,-0.06664,0.09138,0.47282,-0.47282,-0.52577,-0.52577,76.39600
-0.47100,-0.06627,0.09139,0.47289,-0.47289,-0.52571,-0.52571,76.49600
-0.47100,-0.06591,0.09140,0.47296,-0.47296,-0.52565,-0.52565,76.59600
-0.47100,-0.06555,0.09141,0.47303,-0.47303,-0.52559,-0.52559,76.69600
-0.47100,-0.06520,0.09142,0.47310,-0.47310,-0.52553,-0.52553,76.79600
-0.47100,-0.06486,0.09143,0.47317,-0.47317,-0.52547,-0.52547,76.89600
-0.47100,-0.06453,0.09145,0.47323,-0.47323,-0.52540,-0.52540,76.99600
-0.47100,-0.06422,0.09146,0.47330,-0.47330,-0.52534,-0.52534,77.09600
-0.47100,-0.06392,0.09147,0.47337,-0.47337,-0.52528,-0.52528,77.19600
-0.47100,-0.06363,0.09148,0.47344,-0.47344,-0.52522,-0.52522,77.29600
-0.47100,-0.06336,0.09149,0.47351,-0.47351,-0.52516,-0.52516,77.39600
-0.47100,-0.06311,0.09150,0.47358,-0.47358,-0.52510,-0.52510,77.49600
-0.47100,-0.06287,0.09151,0.47365,-0.47365,-0.52503,-0.52503,77.59600
-0.47100,-0.06265,0.09152,0.47371,-0.47371,-0.52497,-0.52497,77.69600
-0.47100,-0.06245,0.09153,0.47378,-0.47378,-0.52491,-0.52491,77.79600
-0.47100,-0.06228,0.09154,0.47385,-0.47385,-0.52485,-0.52485,77.89600
-0.47100,-0.06212,0.09155,0.47392,-0.47392,-0.52479,-0.52479,77.99600
-0.47100,-0.06198,0.09156,0.47399,-0.47399,-0.52472,-0.52472,78.09600
-0.47100,-0.06186,0.09157,0.47406,-0.47406,-0.52466,-0.52466,78.19600
-0.47100,-0.06176,0.09158,0.47412,-0.47412,-0.52460,-0.52460,78.29600
-0.47100,-0.06169,0.09159,0.47419,-0.47419,-0.52454,-0.52454,78.39600
-0.47100,-0.06163,0.09160,0.47426,-0.47426,-0.52448,-0.52448,78.49600
-0.47100,-0.06159,0.09161,0.47433,-0.47433,-0.52441,-0.52441,78.59600
-0.47100,-0.06158,0.09162,0.47440,-0.47440,-0.52435,-0.52435,78.69600
-0.47100,-0.06158,0.09163,0.47447,-0.47447,-0.52429,-0.52429,78.79600
-0.47100,-0.06160,0.09164,0.47454,-0.47454,-0.52423,-0.52423,78.89600
-0.47100,-0.06164,0.09165,0.47460,-0.47460,-0.52417,-0.52417,78.99600
-0.47100,-0.06170,0.09166,0.47467,-0.47467,-0.52410,-0.52410,79.09600
-0.47100,-0.06177,0.09167,0.47474,-0.47474,-0.52404,-0.52404,79.19600
-0.47100,-0.06186,0.09168,0.47481,-0.47481,-0.52398,-0.52398,79.29600
-0.47100,-0.06196,0.09169,0.47488,-0.47488,-0.52392,-0.52392,79.39600
-0.47100,-0.06208,0.09170,0.47495,-0.47495,-0.52386,-0.52386,79.49600
-0.47100,-0.06221,0.09171,0.47501,-0.47501,-0.52380,-0.52380,79.59600
-0.47100,-0.06235,0.09172,0.47508,-0.47508,-0.52373,-0.52373,79.69600
-0.47100,-0.06250,0.09173,0.47515,-0.47515,-0.52367,-0.52367,79.79600
-0.47100,-0.06266,0.09174,0.47522,-0.47522,-0.52361,-0.52361,79.89600
-0.47100,-0.06282,0.09175,0.47529,-0.47529,-0.52355,-0.52355,79.99600
-0.47100,-0.06299,0.09176,0.47536,-0.47536,-0.52348,-0.52348,80.09600
-0.47100,-0.06317,0.09177,0.47542,-0.47542,-0.52342,-0.52342,80.19600
-0.47100,-0.06335,0.09177,0.47549,-0.47549,-0.52336,-0.52336,80.29600
-0.47100,-0.06353,0.09178,0.47556,-0.47556,-0.52330,-0.52330,80.39600
-0.47100,-0.06371,0.09179,0.47563,-0.47563,-0.52324,-0.52324,80.49600
-0.47100,-0.06389,0.09180,0.47570,-0.47570,-0.52317,-0.52317,80.59600
-0.47100,-0.06406,0.09181,0.47577,-0.47577,-0.52311,-0.52311,80.69600
-0.47100,-0.06423,0.09182,0.47583,-0.47583,-0.52305,-0.52305,80.79600
-0.47100,-0.06439,0.09183,0.47590,-0.47590,-0.52299,-0.52299,80.89600
-0.47100,-0.06455,0.09184,0.47597,-0.47597,-0.52293,-0.52293,80.99600
-0.47100,-0.06470,0.09185,0.47604,-0.47604,-0.52286,-0.52286,81.09600
-0.47100,-0.06484,0.09186,0.47611,-0.47611,-0.52280,-0.52280,81.19600
-0.47100,-0.06496,0.09187,0.47618,-0.47618,-0.52274,-0.52274,81.29600
-0.47100,-0.06508,0.09188,0.47624,-0.47624,-0.52268,-0.52268,81.39600
-0.47100,-0.06518,0.09189,0.47631,-0.47631,-0.52262,-0.52262,81.49600
-0.47100,-0.06526,0.09190,0.47638,-0.47638,-0.52255,-0.52255,81.59600
-0.47100,-0.06533,0.09191,0.47645,-0.47645,-0.52249,-0.52249,81.69600
-0.47100,-0.06538,0.09192,0.47652,-0.47652,-0.52243,-0.52243,81.79600
-0.47100,-0.06542,0.09192,0.47659,-0.47659,-0.52237,-0.52237,81.89600
-0.47100,-0.06544,0.09193,0.47665,-0.47665,-0.52230,-0.52230,81.99600
-0.47100,-0.06544,0.09194,0.47672,-0.47672,-0.52224,-0.52224,82.09600
-0.47100,-0.06541,0.09195,0.47679,-0.47679,-0.52218,-0.52218,82.19600
-0.47100,-0.06537,0.09196,0.47686,-0.47686,-0.52212,-0.52212,82.29600
-0.47100,-0.06531,0.09197,0.47693,-0.47693,-0.52206,-0.52206,82.39600
-0.47100,-0.06523,0.09198,0.47699,-0.47699,-0.52199,-0.52199,82.49600
-0.47100,-0.06513,0.09199,0.47706,-0.47706,-0.52193,-0.52193,82.59600
-0.47100,-0.06501,0.09200,0.47713,-0.47713,-0.52187,-0.52187,82.69600
-0.47100,-0.06487,0.09201,0.47720,-0.47720,-0.52181,-0.52181,82.79600
-0.47100,-0.06471,0.09201,0.47727,-0.47727,-0.52174,-0.52174,82.89600
-0.47100,-0.06453,0.09202,0.47733,-0.47733,-0.52168,-0.52168,82.99600
-0.47100,-0.06433,0.09203,0.47740,-0.47740,-0.52162,-0.52162,83.09600
-0.47100,-0.06411,0.09204,0.47747,-0.47747,-0.52156,-0.52156,83.19600
-0.47100,-0.06387,0.09205,0.47754,-0.47754,-0.52149,-0.52149,83.29600
-0.47100,-0.06362,0.09206,0.47761,-0.47761,-0.52143,-0.52143,83.39600
-0.47100,-0.06335,0.09207,0.47768,-0.47768,-0.52137,-0.52137,83.49600
-0.47100,-0.06306,0.09208,0.47774,-0.47774,-0.52131,-0.52131,83.59600
-0.47100,-0.06276,0.09208,0.47781,-0.47781,-0.52125,-0.52125,83.69600
-0.47100,-0.06245,0.09209,0.47788,-0.47788,-0.52118,-0.52118,83.79600
-0.47100,-0.06212,0.09210,0.47795,-0.47795,-0.52112,-0.52112,83.89600
-0.47100,-0.06179,0.09211,0.47802,-0.47802,-0.52106,-0.52106,83.99600
-0.47100,-0.06144,0.09212,0.47808,-0.47808,-0.52100,-0.52100,84.09600
-0.47100,-0.06108,0.09213,0.47815,-0.47815,-0.52093,-0.52093,84.19600
-0.47100,-0.06072,0.09214,0.47822,-0.47822,-0.52087,-0.52087,84.29600
-0.47100,-0.06035,0.09215,0.47829,-0.47829,-0.52081,-0.52081,84.39600
-0.47100,-0.05998,0.09215,0.47836,-0.47836,-0.52075,-0.52075,84.49600
-0.47100,-0.05961,0.09216,0.47842,-0.47842,-0.52068,-0.52068,84.59600
-0.47100,-0.05923,0.09217,0.47849,-0.47849,-0.52062,-0.52062,84.69600
-0.47100,-0.05886,0.09218,0.47856,-0.47856,-0.52056,-0.52056,84.79600
-0.47100,-0.05848,0.09219,0.47863,-0.47863,-0.52050,-0.52050,84.89600
-0.47100,-0.05811,0.09220,0.47870,-0.47870,-0.52043,-0.52043,84.99600
-0.47100,-0.05775,0.09220,0.47876,-0.47876,-0.52037,-0.52037,85.09600
-0.47100,-0.05739,0.09221,0.47883,-0.47883,-0.52031,-0.52031,85.19600
-0.47100,-0.05703,0.09222,0.47890,-0.47890,-0.52025,-0.52025,85.29600
-0.47100,-0.05669,0.09223,0.47897,-0.47897,-0.52018,-0.52018,85.39600
-0.47100,-0.05635,0.09224,0.47903,-0.47903,-0.52012,-0.52012,85.49600
-0.47100,-0.05603,0.09225,0.47910,-0.47910,-0.52006,-0.52006,85.59600
-0.47100,-0.05572,0.09225,0.47917,-0.47917,-0.52000,-0.52000,85.69600
-0.47100,-0.05542,0.09226,0.47924,-0.47924,-0.51993,-0.51993,85.79600
-0.47100,-0.05514,0.09227,0.47931,-0.47931,-0.51987,-0.51987,85.89600
-0.47100,-0.05487,0.09228,0.47937,-0.47937,-0.51981,-0.51981,85.99600
-0.47100,-0.05462,0.09229,0.47944,-0.47944,-0.51975,-0.51975,86.09600
-0.47100,-0.05439,0.09229,0.47951,-0.47951,-0.51968,-0.51968,86.19600
-0.47100,-0.05417,0.09230,0.47958,-0.47958,-0.51962,-0.51962,86.29600
-0.47100,-0.05398,0.09231,0.47965,-0.47965,-0.51956,-0.51956,86.39600
-0.47100,-0.05380,0.09232,0.47971,-0.47971,-0.51949,-0.51949,86.49600
-0.47100,-0.05364,0.09233,0.47978,-0.47978,-0.51943,-0.51943,86.59600
-0.47100,-0.05350,0.09233,0.47985,-0.47985,-0.51937,-0.51937,86.69600
-0.47100,-0.05338,0.09234,0.47992,-0.47992,-0.51931,-0.51931,86.79600
-0.47100,-0.05329,0.09235,0.47998,-0.47998,-0.51924,-0.51924,86.89600
-0.47100,-0.05321,0.09236,0.48005,-0.48005,-0.51918,-0.51918,86.99600
-0.47100,-0.05315,0.09236,0.48012,-0.48012,-0.51912,-0.51912,87.09600
-0.47100,-0.05311,0.09237,0.48019,-0.48019,-0.51906,-0.51906,87.19600
-0.47100,-0.05309,0.09238,0.48026,-0.48026,-0.51899,-0.51899,87.29600
-0.47100,-0.05309,0.09239,0.48032,-0.48032,-0.51893,-0.51893,87.39600
-0.47100,-0.05311,0.09240,0.48039,-0.48039,-0.51887,-0.51887,87.49600
-0.47100,-0.05314,0.09240,0.48046,-0.48046,-0.51881,-0.51881,87.59600
-0.47100,-0.05319,0.09241,0.48053,-0.48053,-0.51874,-0.51874,87.69600
-0.47100,-0.05326,0.09242,0.48059,-0.48059,-0.51868,-0.51868,87.79600
-0.47100,-0.05335,0.09243,0.48066,-0.48066,-0.51862,-0.51862,87.89600
-0.47100,-0.05345,0.09243,0.48073,-0.48073,-0.51855,-0.51855,87.99600
-0.47100,-0.05356,0.09244,0.48080,-0.48080,-0.51849,-0.51849,88.09600
-0.47100,-0.05368,0.09245,0.48087,-0.48087,-0.51843,-0.51843,88.19600
-0.47100,-0.05381,0.09246,0.48093,-0.48093,-0.51837,-0.51837,88.29600
-0.47100,-0.05396,0.09246,0.48100,-0.48100,-0.51830,-0.51830,88.39600
-0.47100,-0.05411,0.09247,0.48107,-0.48107,-0.51824,-0.51824,88.49600
-0.47100,-0.05427,0.09248,0.48114,-0.48114,-0.51818,-0.51818,88.59600
-0.47100,-0.05444,0.09249,0.48120,-0.48120,-0.51812,-0.51812,88.69600
-0.47100,-0.05461,0.09249,0.48127,-0.48127,-0.51805,-0.51805,88.79600
-0.47100,-0.05478,0.09250,0.48134,-0.48134,-0.51799,-0.51799,88.89600
-0.47100,-0.05495,0.09251,0.48141,-0.48141,-0.51793,-0.51793,88.99600
-0.47100,-0.05512,0.09252,0.48147,-0.48147,-0.51786,-0.51786,89.09600
-0.47100,-0.05530,0.09252,0.48154,-0.48154,-0.51780,-0.51780,89.19600
-0.47100,-0.05546,0.09253,0.48161,-0.48161,-0.51774,-0.51774,89.29600
-0.47100,-0.05563,0.09254,0.48168,-0.48168,-0.51768,-0.51768,89.39600
-0.47100,-0.05579,0.09254,0.48174,-0.48174,-0.51761,-0.51761,89.49600
-0.47100,-0.05594,0.09255,0.48181,-0.48181,-0.51755,-0.51755,89.59600
-0.47100,-0.05608,0.09256,0.48188,-0.48188,-0.51749,-0.51749,89.69600
-0.47100,-0.05621,0.09257,0.48195,-0.48195,-0.51742,-0.51742,89.79600
-0.47100,-0.05633,0.09257,0.48201,-0.48201,-0.51736,-0.51736,89.89600
-0.47100,-0.05644,0.09258,0.48208,-0.48208,-0.51730,-0.51730,89.99600
-0.47100,-0.05654,0.09259,0.48215,-0.48215,-0.51723,-0.51723,90.09600
-0.47100,-0.05662,0.09259,0.48222,-0.48222,-0.51717,-0.51717,90.19600
-0.47100,-0.05668,0.09260,0.48228,-0.48228,-0.51711,-0.51711,90.29600
-0.47100,-0.05673,0.09261,0.48235,-0.48235,-0.51705,-0.51705,90.39600
-0.47100,-0.05677,0.09261,0.48242,-0.48242,-0.51698,-0.51698,90.49600
-0.47100,-0.05678,0.09262,0.48249,-0.48249,-0.51692,-0.51692,90.59600
-0.47100,-0.05678,0.09263,0.48255,-0.48255,-0.51686,-0.51686,90.69600
-0.47100,-0.05676,0.09264,0.48262,-0.48262,-0.51679,-0.51679,90.79600
-0.47100,-0.05671,0.09264,0.48269,-0.48269,-0.51673,-0.51673,90.89600
-0.47100,-0.05665,0.09265,0.48276,-0.48276,-0.51667,-0.51667,90.99600
-0.47100,-0.05657,0.09266,0.48282,-0.48282,-0.51660,-0.51660,91.09600
-0.47100,-0.05647,0.09266,0.48289,-0.48289,-0.51654,-0.51654,91.19600
-0.47100,-0.05635,0.09267,0.48296,-0.48296,-0.51648,-0.51648,91.29600
-0.47100,-0.05621,0.09268,0.48303,-0.48303,-0.51642,-0.51642,91.39600
-0.47100,-0.05605,0.09268,0.48309,-0.48309,-0.51635,-0.51635,91.49600
-0.47100,-0.05587,0.09269,0.48316,-0.48316,-0.51629,-0.51629,91.59600
-0.47100,-0.05568,0.09270,0.48323,-0.48323,-0.51623,-0.51623,91.69600
-0.47100,-0.05546,0.09270,0.48330,-0.48330,-0.51616,-0.51616,91.79600
-0.47100,-0.05523,0.09271,0.48336,-0.48336,-0.51610,-0.51610,91.89600
-0.47100,-0.05498,0.09272,0.48343,-0.48343,-0.51604,-0.51604,91.99600
-0.47100,-0.05471,0.09272,0.48350,-0.48350,-0.51597,-0.51597,92.09600
-0.47100,-0.05443,0.09273,0.48357,-0.48357,-0.51591,-0.51591,92.19600
-0.47100,-0.05414,0.09274,0.48363,-0.48363,-0.51585,-0.51585,92.29600
-0.47100,-0.05383,0.09274,0.48370,-0.48370,-0.51578,-0.51578,92.39600
-0.47100,-0.05351,0.09275,0.48377,-0.48377,-0.51572,-0.51572,92.49600
-0.47100,-0.05318,0.09275,0.48384,-0.48384,-0.51566,-0.51566,92.59600
-0.47100,-0.05284,0.09276,0.48390,-0.48390,-0.51560,-0.51560,92.69600
-0.47100,-0.05249,0.09277,0.48397,-0.48397,-0.51553,-0.51553,92.79600
-0.47100,-0.05213,0.09277,0.48404,-0.48404,-0.51547,-0.51547,92.89600
-0.47100,-0.05177,0.09278,0.48410,-0.48410,-0.51541,-0.51541,92.99600
-0.47100,-0.05140,0.09279,0.48417,-0.48417,-0.51534,-0.51534,93.09600
-0.47100,-0.05104,0.09279,0.48424,-0.48424,-0.51528,-0.51528,93.19600
-0.47100,-0.05067,0.09280,0.48431,-0.48431,-0.51522,-0.51522,93.29600
-0.47100,-0.05030,0.09280,0.48437,-0.48437,-0.51515,-0.51515,93.39600
-0.47100,-0.04993,0.09281,0.48444,-0.48444,-0.51509,-0.51509,93.49600
-0.47100,-0.04956,0.09282,0.48451,-0.48451,-0.51503,-0.51503,93.59600
-0.47100,-0.04920,0.09282,0.48458,-0.48458,-0.51496,-0.51496,93.69600
-0.47100,-0.04885,0.09283,0.48464,-0.48464,-0.51490,-0.51490,93.79600
-0.47100,-0.04850,0.09283,0.48471,-0.48471,-0.51484,-0.51484,93.89600
-0.47100,-0.04816,0.09284,0.48478,-0.48478,-0.51477,-0.51477,93.99600
-0.47100,-0.04783,0.09285,0.48484,-0.48484,-0.51471,-0.51471,94.09600
-0.47100,-0.04751,0.09285,0.48491,-0.48491,-0.51465,-0.51465,94.19600
-0.47100,-0.04721,0.09286,0.48498,-0.48498,-0.51458,-0.51458,94.29600
-0.47100,-0.04691,0.09286,0.48505,-0.48505,-0.51452,-0.51452,94.39600
-0.47100,-0.04663,0.09287,0.48511,-0.48511,-0.51446,-0.51446,94.49600
-0.47100,-0.04637,0.09288,0.48518,-0.48518,-0.51439,-0.51439,94.59600
-0.47100,-0.04612,0.09288,0.48525,-0.48525,-0.51433,-0.51433,94.69600
-0.47100,-0.04589,0.09289,0.48531,-0.48531,-0.51427,-0.51427,94.79600
-0.47100,-0.04568,0.09289,0.48538,-0.48538,-0.51420,-0.51420,94.89600
-0.47100,-0.04548,0.09290,0.48545,-0.48545,-0.51414,-0.51414,94.99600
-0.47100,-0.04531,0.09291,0.48552,-0.48552,-0.51408,-0.51408,95.09600
-0.47100,-0.04515,0.09291,0.48558,-0.48558,-0.51401,-0.51401,95.19600
-0.47100,-0.04501,0.09292,0.48565,-0.48565,-0.51395,-0.51395,95.29600
-0.47100,-0.04489,0.09292,0.48572,-0.48572,-0.51389,-0.51389,95.39600
-0.47100,-0.04479,0.09293,0.48578,-0.48578,-0.51382,-0.51382,95.49600
-0.47100,-0.04471,0.09293,0.48585,-0.48585,-0.51376,-0.51376,95.59600
-0.47100,-0.04465,0.09294,0.48592,-0.48592,-0.51370,-0.51370,95.69600
-0.47100,-0.04461,0.09294,0.48599,-0.48599,-0.51363,-0.51363,95.79600
-0.47100,-0.04459,0.09295,0.48605,-0.48605,-0.51357,-0.51357,95.89600
-0.47100,-0.04458,0.09296,0.48612,-0.48612,-0.51351,-0.51351,95.99600
-0.47100,-0.04460,0.09296,0.48619,-0.48619,-0.51344,-0.51344,96.09600
-0.47100,-0.04463,0.09297,0.48625,-0.48625,-0.51338,-0.51338,96.19600
-0.47100,-0.04468,0.09297,0.48632,-0.48632,-0.51332,-0.51332,96.29600
-0.47100,-0.04474,0.09298,0.48639,-0.48639,-0.51325,-0.51325,96.39600
-0.47100,-0.04482,0.09298,0.48645,-0.48645,-0.51319,-0.51319,96.49600
-0.47100,-0.04491,0.09299,0.48652,-0.48652,-0.51312,-0.51312,96.59600
-0.47100,-0.04502,0.09299,0.48659,-0.48659,-0.51306,-0.51306,96.69600
-0.47100,-0.04514,0.09300,0.48666,-0.48666,-0.51300,-0.51300,96.79600
-0.47100,-0.04527,0.09300,0.48672,-0.48672,-0.51293,-0.51293,96.89600
-0.47100,-0.04541,0.09301,0.48679,-0.48679,-0.51287,-0.51287,96.99600
-0.47100,-0.04555,0.09301,0.48686,-0.48686,-0.51281,-0.51281,97.09600
-0.47100,-0.04571,0.09302,0.48692,-0.48692,-0.51274,-0.51274,97.19600
-0.47100,-0.04586,0.09302,0.48699,-0.48699,-0.51268,-0.51268,97.29600
-0.47100,-0.04603,0.09303,0.48706,-0.48706,-0.51262,-0.51262,97.39600
-0.47100,-0.04619,0.09303,0.48712,-0.48712,-0.51255,-0.51255,97.49600
-0.47100,-0.04636,0.09304,0.48719,-0.48719,-0.51249,-0.51249,97.59600
-0.47100,-0.04653,0.09304,0.48726,-0.48726,-0.51243,-0.51243,97.69600
-0.47100,-0.04669,0.09305,0.48732,-0.48732,-0.51236,-0.51236,97.79600
-0.47100,-0.04685,0.09305,0.48739,-0.48739,-0.51230,-0.51230,97.89600
-0.47100,-0.04701,0.09306,0.48746,-0.48746,-0.51223,-0.51223,97.99600
-0.47100,-0.04716,0.09306,0.48753,-0.48753,-0.51217,-0.51217,98.09600
-0.47100,-0.04731,0.09307,0.48759,-0.48759,-0.51211,-0.51211,98.19600
-0.47100,-0.04745,0.09307,0.48766,-0.48766,-0.51204,-0.51204,98.29600
-0.47100,-0.04757,0.09308,0.48773,-0.48773,-0.51198,-0.51198,98.39600
-0.47100,-0.04769,0.09308,0.48779,-0.48779,-0.51192,-0.51192,98.49600
-0.47100,-0.04779,0.09309,0.48786,-0.48786,-0.51185,-0.51185,98.59600
-0.47100,-0.04789,0.09309,0.48793,-0.48793,-0.51179,-0.51179,98.69600
-0.47100,-0.04796,0.09310,0.48799,-0.48799,-0.51173,-0.51173,98.79600
-0.47100,-0.04803,0.09310,0.48806,-0.48806,-0.51166,-0.51166,98.89600
-0.47100,-0.04807,0.09311,0.48813,-0.48813,-0.51160,-0.51160,98.99600
-0.47100,-0.04810,0.09311,0.48819,-0.48819,-0.51153,-0.51153,99.09600
-0.47100,-0.04812,0.09312,0.48826,-0.48826,-0.51147,-0.51147,99.19600
-0.47100,-0.04811,0.09312,0.48833,-0.48833,-0.51141,-0.51141,99.29600
-0.47100,-0.04809,0.09313,0.48839,-0.48839,-0.51134,-0.51134,99.39600
-0.47100,-0.04805,0.09313,0.48846,-0.48846,-0.51128,-0.51128,99.49600
-0.47100,-0.04798,0.09314,0.48853,-0.48853,-0.51122,-0.51122,99.59600
-0.47100,-0.04790,0.09314,0.48859,-0.48859,-0.51115,-0.51115,99.69600
-0.47100,-0.04780,0.09314,0.48866,-0.48866,-0.51109,-0.51109,99.79600
-0.47100,-0.04768,0.09315,0.48873,-0.48873,-0.51102,-0.51102,99.89600
-0.47100,-0.04754,0.09315,0.48879,-0.48879,-0.51096,-0.51096,99.99600
-0.47100,-0.04739,0.09316,0.48886,-0.48886,-0.51090,-0.51090,100.09600
-0.47100,-0.04721,0.09316,0.48893,-0.48893,-0.51083,-0.51083,100.19600
-0.47100,-0.04702,0.09317,0.48899,-0.48899,-0.51077,-0.51077,100.29600
-0.47100,-0.04680,0.09317,0.48906,-0.48906,-0.51070,-0.51070,100.39600
-0.47100,-0.04657,0.09318,0.48913,-0.48913,-0.51064,-0.51064,100.49600
-0.47100,-0.04633,0.09318,0.48919,-0.48919,-0.51058,-0.51058,100.59600
-0.47100,-0.04607,0.09318,0.48926,-0.48926,-0.51051,-0.51051,100.69600
-0.47100,-0.04579,0.09319,0.48933,-0.48933,-0.51045,-0.51045,100.79600
-0.47100,-0.04550,0.09319,0.48939,-0.48939,-0.51039,-0.51039,100.89600
-0.47100,-0.04520,0.09320,0.48946,-0.48946,-0.51032,-0.51032,100.99600
-0.47100,-0.04488,0.09320,0.48953,-0.48953,-0.51026,-0.51026,101.09600
-0.47100,-0.04455,0.09320,0.48959,-0.48959,-0.51019,-0.51019,101.19600
-0.47100,-0.04422,0.09321,0.48966,-0.48966,-0.51013,-0.51013,101.29600
-0.47100,-0.04388,0.09321,0.48973,-0.48973,-0.51007,-0.51007,101.39600
-0.47100,-0.04353,0.09322,0.48979,-0.48979,-0.51000,-0.51000,101.49600
-0.47100,-0.04317,0.09322,0.48986,-0.48986,-0.50994,-0.50994,101.59600
-0.47100,-0.04281,0.09323,0.48993,-0.48993,-0.50987,-0.50987,101.69600
-0.47100,-0.04245,0.09323,0.48999,-0.48999,-0.50981,-0.50981,101.79600
-0.47100,-0.04209,0.09323,0.49006,-0.49006,-0.50975,-0.50975,101.89600
-0.47100,-0.04172,0.09324,0.49013,-0.49013,-0.50968,-0.50968,101.99600
-0.47100,-0.04136,0.09324,0.49019,-0.49019,-0.50962,-0.50962,102.09600
-0.47100,-0.04100,0.09324,0.49026,-0.49026,-0.50955,-0.50955,102.19600
-0.47100,-0.04065,0.09325,0.49033,-0.49033,-0.50949,-0.50949,102.29600
-0.47100,-0.04030,0.09325,0.49039,-0.49039,-0.50943,-0.50943,102.39600
-0.47100,-0.03995,0.09326,0.49046,-0.49046,-0.50936,-0.50936,102.49600
-0.47100,-0.03962,0.09326,0.49053,-0.49053,-0.50930,-0.50930,102.59600
-0.47100,-0.03930,0.09326,0.49059,-0.49059,-0.50923,-0.50923,102.69600
-0.47100,-0.03898,0.09327,0.49066,-0.49066,-0.50917,-0.50917,102.79600
-0.47100,-0.03868,0.09327,0.49072,-0.49072,-0.50911,-0.50911,102.89600
-0.47100,-0.03839,0.09327,0.49079,-0.49079,-0.50904,-0.50904,102.99600
-0.47100,-0.03811,0.09328,0.49086,-0.49086,-0.50898,-0.50898,103.09600
-0.47100,-0.03785,0.09328,0.49092,-0.49092,-0.50891,-0.50891,103.19600
-0.47100,-0.03761,0.09329,0.49099,-0.49099,-0.50885,-0.50885,103.29600
-0.47100,-0.03738,0.09329,0.49106,-0.49106,-0.50879,-0.50879,103.39600
-0.47100,-0.03717,0.09329,0.49112,-0.49112,-0.50872,-0.50872,103.49600
-0.47100,-0.03697,0.09330,0.49119,-0.49119,-0.50866,-0.50866,103.59600
-0.47100,-0.03680,0.09330,0.49126,-0.49126,-0.50859,-0.50859,103.69600
-0.47100,-0.03664,0.09330,0.49132,-0.49132,-0.50853,-0.50853,103.79600
-0.47100,-0.03650,0.09331,0.49139,-0.49139,-0.50846,-0.50846,103.89600
-0.47100,-0.03638,0.09331,0.49146,-0.49146,-0.50840,-0.50840,103.99600
-0.47100,-0.03628,0.09331,0.49152,-0.49152,-0.50834,-0.50834,104.09600
-0.47100,-0.03620,0.09332,0.49159,-0.49159,-0.50827,-0.50827,104.19600
-0.47100,-0.03614,0.09332,0.49165,-0.49165,-0.50821,-0.50821,104.29600
-0.47100,-0.03610,0.09332,0.49172,-0.49172,-0.50814,-0.50814,104.39600
-0.47100,-0.03607,0.09333,0.49179,-0.49179,-0.50808,-0.50808,104.49600
-0.47100,-0.03607,0.09333,0.49185,-0.49185,-0.50802,-0.50802,104.59600
-0.47100,-0.03608,0.09333,0.49192,-0.49192,-0.50795,-0.50795,104.69600
-0.47100,-0.03611,0.09334,0.49199,-0.49199,-0.50789,-0.50789,104.79600
-0.47100,-0.03615,0.09334,0.49205,-0.49205,-0.50782,-0.50782,104.89600
-0.47100,-0.03621,0.09334,0.49212,-0.49212,-0.50776,-0.50776,104.99600
-0.47100,-0.03628,0.09335,0.49219,-0.49219,-0.50769,-0.50769,105.09600
-0.47100,-0.03637,0.09335,0.49225,-0.49225,-0.50763,-0.50763,105.19600
-0.47100,-0.03647,0.09335,0.49232,-0.49232,-0.50757,-0.50757,105.29600
-0.47100,-0.03659,0.09335,0.49238,-0.49238,-0.50750,-0.50750,105.39600
-0.47100,-0.03671,0.09336,0.49245,-0.49245,-0.50744,-0.50744,105.49600
-0.47100,-0.03684,0.09336,0.49252,-0.49252,-0.50737,-0.50737,105.59600
-0.47100,-0.03698,0.09336,0.49258,-0.49258,-0.50731,-0.50731,105.69600
-0.47100,-0.03713,0.09337,0.49265,-0.49265,-0.50724,-0.50724,105.79600
-0.47100,-0.03728,0.09337,0.49272,-0.49272,-0.50718,-0.50718,105.89600
-0.47100,-0.03744,0.09337,0.49278,-0.49278,-0.50712,-0.50712,105.99600
-0.47100,-0.03760,0.09338,0.49285,-0.49285,-0.50705,-0.50705,106.09600
-0.47100,-0.03776,0.09338,0.49291,-0.49291,-0.50699,-0.50699,106.19600
-0.47100,-0.03792,0.09338,0.49298,-0.49298,-0.50692,-0.50692,106.29600
-0.47100,-0.03808,0.09338,0.49305,-0.49305,-0.50686,-0.50686,106.39600
-0.47100,-0.03823,0.09339,0.49311,-0.49311,-0.50679,-0.50679,106.49600
-0.47100,-0.03839,0.09339,0.49318,-0.49318,-0.50673,-0.50673,106.59600
-0.47100,-0.03853,0.09339,0.49324,-0.49324,-0.50667,-0.50667,106.69600
-0.47100,-0.03867,0.09339,0.49331,-0.49331,-0.50660,-0.50660,106.79600
-0.47100,-0.03881,0.09340,0.49338,-0.49338,-0.50654,-0.50654,106.89600
-0.47100,-0.03893,0.09340,0.49344,-0.49344,-0.50647,-0.50647,106.99600
-0.47100,-0.03904,0.09340,0.49351,-0.49351,-0.50641,-0.50641,107.09600
-0.47100,-0.03914,0.09341,0.49358,-0.49358,-0.50634,-0.50634,107.19600
-0.47100,-0.03923,0.09341,0.49364,-0.49364,-0.50628,-0.50628,107.29600
-0.47100,-0.03930,0.09341,0.49371,-0.49371,-0.50621,-0.50621,107.39600
-0.47100,-0.03936,0.09341,0.49377,-0.49377,-0.50615,-0.50615,107.49600
-0.47100,-0.03940,0.09342,0.49384,-0.49384,-0.50609,-0.50609,107.59600
-0.47100,-0.03943,0.09342,0.49391,-0.49391,-0.50602,-0.50602,107.69600
-0.47100,-0.03944,0.09342,0.49397,-0.49397,-0.50596,-0.50596,107.79600
-0.47100,-0.03944,0.09342,0.49404,-0.49404,-0.50589,-0.50589,107.89600
-0.47100,-0.03941,0.09342,0.49410,-0.49410,-0.50583,-0.50583,107.99600
-0.47100,-0.03937,0.09343,0.49417,-0.49417,-0.50576,-0.50576,108.09600
-0.47100,-0.03931,0.09343,0.49424,-0.49424,-0.50570,-0.50570,108.19600
-0.47100,-0.03923,0.09343,0.49430,-0.49430,-0.50563,-0.50563,108.29600
-0.47100,-0.03913,0.09343,0.49437,-0.49437,-0.50557,-0.50557,108.39600
-0.47100,-0.03901,0.09344,0.49443,-0.49443,-0.50550,-0.50550,108.49600
-0.47100,-0.03887,0.09344,0.49450,-0.49450,-0.50544,-0.50544,108.59600
-0.47100,-0.03871,0.09344,0.49457,-0.49457,-0.50538,-0.50538,108.69600
-0.47100,-0.03854,0.09344,0.49463,-0.49463,-0.50531,-0.50531,108.79600
-0.47100,-0.03835,0.09344,0.49470,-0.49470,-0.50525,-0.50525,108.89600
-0.47100,-0.03814,0.09345,0.49476,-0.49476,-0.50518,-0.50518,108.99600
-0.47100,-0.03791,0.09345,0.49483,-0.49483,-0.50512,-0.50512,109.09600
-0.47100,-0.03767,0.09345,0.49490,-0.49490,-0.50505,-0.50505,109.19600
-0.47100,-0.03741,0.09345,0.49496,-0.49496,-0.50499,-0.50499,109.29600
-0.47100,-0.03714,0.09345,0.49503,-0.49503,-0.50492,-0.50492,109.39600
-0.47100,-0.03685,0.09346,0.49509,-0.49509,-0.50486,-0.50486,109.49600
-0.47100,-0.03656,0.09346,0.49516,-0.49516,-0.50479,-0.50479,109.59600
-0.47100,-0.03625,0.09346,0.49523,-0.49523,-0.50473,-0.50473,109.69600
-0.47100,-0.03593,0.09346,0.49529,-0.49529,-0.50467,-0.50467,109.79600
-0.47100,-0.03560,0.09346,0.49536,-0.49536,-0.50460,-0.50460,109.89600
-0.47100,-0.03526,0.09347,0.49542,-0.49542,-0.50454,-0.50454,109.99600
-0.47100,-0.03492,0.09347,0.49549,-0.49549,-0.50447,-0.50447,110.09600
-0.47100,-0.03457,0.09347,0.49555,-0.49555,-0.50441,-0.50441,110.19600
-0.47100,-0.03421,0.09347,0.49562,-0.49562,-0.50434,-0.50434,110.29600
-0.47100,-0.03386,0.09347,0.49569,-0.49569,-0.50428,-0.50428,110.39600
-0.47100,-0.03350,0.09348,0.49575,-0.49575,-0.50421,-0.50421,110.49600
-0.47100,-0.03314,0.09348,0.49582,-0.49582,-0.50415,-0.50415,110.59600
-0.47100,-0.03278,0.09348,0.49588,-0.49588,-0.50408,-0.50408,110.69600
-0.47100,-0.03243,0.09348,0.49595,-0.49595,-0.50402,-0.50402,110.79600
-0.47100,-0.03208,0.09348,0.49602,-0.49602,-0.50395,-0.50395,110.89600
-0.47100,-0.03174,0.09348,0.49608,-0.49608,-0.50389,-0.50389,110.99600
-0.47100,-0.03140,0.09348,0.49615,-0.49615,-0.50382,-0.50382,111.09600
-0.47100,-0.03107,0.09349,0.49621,-0.49621,-0.50376,-0.50376,111.19600
-0.47100,-0.03075,0.09349,0.49628,-0.49628,-0.50369,-0.50369,111.29600
-0.47100,-0.03044,0.09349,0.49634,-0.49634,-0.50363,-0.50363,111.39600
-0.47100,-0.03014,0.09349,0.49641,-0.49641,-0.50356,-0.50356,111.49600
-0.47100,-0.02986,0.09349,0.49648,-0.49648,-0.50350,-0.50350,111.59600
-0.47100,-0.02959,0.09349,0.49654,-0.49654,-0.50344,-0.50344,111.69600
-0.47100,-0.02933,0.09349,0.49661,-0.49661,-0.50337,-0.50337,111.79600
-0.47100,-0.02909,0.09350,0.49667,-0.49667,-0.50331,-0.50331,111.89600
-0.47100,-0.02886,0.09350,0.49674,-0.49674,-0.50324,-0.50324,111.99600
-0.47100,-0.02865,0.09350,0.49680,-0.49680,-0.50318,-0.50318,112.09600
-0.47100,-0.02846,0.09350,0.49687,-0.49687,-0.50311,-0.50311,112.19600
-0.47100,-0.02828,0.09350,0.49694,-0.49694,-0.50305,-0.50305,112.29600
-0.47100,-0.02813,0.09350,0.49700,-0.49700,-0.50298,-0.50298,112.39600
-0.47100,-0.02799,0.09350,0.49707,-0.49707,-0.50292,-0.50292,112.49600
-0.47100,-0.02787,0.09350,0.49713,-0.49713,-0.50285,-0.50285,112.59600
-0.47100,-0.02777,0.09351,0.49720,-0.49720,-0.50279,-0.50279,112.69600
-0.47100,-0.02769,0.09351,0.49726,-0.49726,-0.50272,-0.50272,112.79600
-0.47100,-0.02762,0.09351,0.49733,-0.49733,-0.50266,-0.50266,112.89600
-0.47100,-0.02758,0.09351,0.49739,-0.49739,-0.50259,-0.50259,112.99600
-0.47100,-0.02755,0.09351,0.49746,-0.49746,-0.50253,-0.50253,113.09600
-0.47100,-0.02754,0.09351,0.49753,-0.49753,-0.50246,-0.50246,113.19600
-0.47100,-0.02755,0.09351,0.49759,-0.49759,-0.50240,-0.50240,113.29600
-0.47100,-0.02757,0.09351,0.49766,-0.49766,-0.50233,-0.50233,113.39600
-0.47100,-0.02761,0.09351,0.49772,-0.49772,-0.50227,-0.50227,113.49600
-0.47100,-0.02767,0.09352,0.49779,-0.49779,-0.50220,-0.50220,113.59600
-0.47100,-0.02774,0.09352,0.49785,-0.49785,-0.50214,-0.50214,113.69600
-0.47100,-0.02782,0.09352,0.49792,-0.49792,-0.50207,-0.50207,113.79600
-0.47100,-0.02792,0.09352,0.49799,-0.49799,-0.50201,-0.50201,113.89600
-0.47100,-0.02803,0.09352,0.49805,-0.49805,-0.50194,-0.50194,113.99600
-0.47100,-0.02814,0.09352,0.49812,-0.49812,-0.50188,-0.50188,114.09600
-0.47100,-0.02827,0.09352,0.49818,-0.49818,-0.50181,-0.50181,114.19600
-0.47100,-0.02841,0.09352,0.49825,-0.49825,-0.50175,-0.50175,114.29600
-0.47100,-0.02855,0.09352,0.49831,-0.49831,-0.50168,-0.50168,114.39600
-0.47100,-0.02869,0.09352,0.49838,-0.49838,-0.50162,-0.50162,114.49600
-0.47100,-0.02884,0.09352,0.49844,-0.49844,-0.50155,-0.50155,114.59600
-0.47100,-0.02900,0.09352,0.49851,-0.49851,-0.50149,-0.50149,114.69600
-0.47100,-0.02915,0.09352,0.49857,-0.49857,-0.50142,-0.50142,114.79600
-0.47100,-0.02931,0.09352,0.49864,-0.49864,-0.50136,-0.50136,114.89600
-0.47100,-0.02946,0.09352,0.49871,-0.49871,-0.50129,-0.50129,114.99600
-0.47100,-0.02961,0.09353,0.49877,-0.49877,-0.50123,-0.50123,115.09600
-0.47100,-0.02976,0.09353,0.49884,-0.49884,-0.50116,-0.50116,115.19600
-0.47100,-0.02990,0.09353,0.49890,-0.49890,-0.50110,-0.50110,115.29600
-0.47100,-0.03003,0.09353,0.49897,-0.49897,-0.50103,-0.50103,115.39600
-0.47100,-0.03016,0.09353,0.49903,-0.49903,-0.50097,-0.50097,115.49600
-0.47100,-0.03028,0.09353,0.49910,-0.49910,-0.50090,-0.50090,115.59600
-0.47100,-0.03039,0.09353,0.49916,-0.49916,-0.50084,-0.50084,115.69600
-0.47100,-0.03048,0.09353,0.49923,-0.49923,-0.50077,-0.50077,115.79600
-0.47100,-0.03057,0.09353,0.49929,-0.49929,-0.50070,-0.50070,115.89600
-0.47100,-0.03064,0.09353,0.49936,-0.49936,-0.50064,-0.50064,115.99600
-0.47100,-0.03069,0.09353,0.49942,-0.49942,-0.50057,-0.50057,116.09600
-0.47100,-0.03073,0.09353,0.49949,-0.49949,-0.50051,-0.50051,116.19600
-0.47100,-0.03076,0.09353,0.49956,-0.49956,-0.50044,-0.50044,116.29600
-0.47100,-0.03077,0.09353,0.49962,-0.49962,-0.50038,-0.50038,116.39600
-0.47100,-0.03076,0.09353,0.49969,-0.49969,-0.50031,-0.50031,116.49600
-0.47100,-0.03073,0.09353,0.49975,-0.49975,-0.50025,-0.50025,116.59600
-0.47100,-0.03069,0.09353,0.49982,-0.49982,-0.50018,-0.50018,116.69600
-0.47100,-0.03063,0.09353,0.49988,-0.49988,-0.50012,-0.50012,116.79600
-0.47100,-0.03055,0.09353,0.49995,-0.49995,-0.50005,-0.50005,116.89600
-0.47100,-0.03045,0.09353,0.50001,-0.50001,-0.49999,-0.49999,116.99600
-0.47100,-0.03033,0.09353,0.50008,-0.50008,-0.49992,-0.49992,117.09600
-0.47100,-0.03019,0.09353,0.50014,-0.50014,-0.49986,-0.49986,117.19600
-0.47100,-0.03004,0.09353,0.50021,-0.50021,-0.49979,-0.49979,117.29600
-0.47100,-0.02987,0.09353,0.50027,-0.50027,-0.49973,-0.49973,117.39600
-0.47100,-0.02968,0.09353,0.50034,-0.50034,-0.49966,-0.49966,117.49600
-0.47100,-0.02947,0.09353,0.50040,-0.50040,-0.49960,-0.49960,117.59600
-0.47100,-0.02925,0.09353,0.50047,-0.50047,-0.49953,-0.49953,117.69600
-0.47100,-0.02901,0.09353,0.50053,-0.50053,-0.49946,-0.49946,117.79600
-0.47100,-0.02876,0.09353,0.50060,-0.50060,-0.49940,-0.49940,117.89600
-0.47100,-0.02849,0.09353,0.50066,-0.50066,-0.49933,-0.49933,117.99600
-0.47100,-0.02821,0.09353,0.50073,-0.50073,-0.49927,-0.49927,118.09600
-0.47100,-0.02791,0.09353,0.50080,-0.50080,-0.49920,-0.49920,118.19600
-0.47100,-0.02761,0.09353,0.50086,-0.50086,-0.49914,-0.49914,118.29600
-0.47100,-0.02729,0.09353,0.50093,-0.50093,-0.49907,-0.49907,118.39600
-0.47100,-0.02697,0.09353,0.50099,-0.50099,-0.49901,-0.49901,118.49600
-0.47100,-0.02664,0.09353,0.50106,-0.50106,-0.49894,-0.49894,118.59600
-0.47100,-0.02630,0.09353,0.50112,-0.50112,-0.49888,-0.49888,118.69600
-0.47100,-0.02596,0.09353,0.50119,-0.50119,-0.49881,-0.49881,118.79600
-0.47100,-0.02561,0.09353,0.50125,-0.50125,-0.49875,-0.49875,118.89600
-0.47100,-0.02526,0.09352,0.50132,-0.50132,-0.49868,-0.49868,118.99600
-0.47100,-0.02491,0.09352,0.50138,-0.50138,-0.49861,-0.49861,119.09600
-0.47100,-0.02456,0.09352,0.50145,-0.50145,-0.49855,-0.49855,119.19600
-0.47100,-0.02420,0.09352,0.50151,-0.50151,-0.49848,-0.49848,119.29600
-0.47100,-0.02386,0.09352,0.50158,-0.50158,-0.49842,-0.49842,119.39600
-0.47100,-0.02351,0.09352,0.50164,-0.50164,-0.49835,-0.49835,119.49600
-0.47100,-0.02317,0.09352,0.50171,-0.50171,-0.49829,-0.49829,119.59600
-0.47100,-0.02284,0.09352,0.50177,-0.50177,-0.49822,-0.49822,119.69600
-0.47100,-0.02252,0.09352,0.50184,-0.50184,-0.49816,-0.49816,119.79600
-0.47100,-0.02220,0.09352,0.50190,-0.50190,-0.49809,-0.49809,119.89600
-0.47100,-0.02190,0.09352,0.50197,-0.50197,-0.49803,-0.49803,119.99600
-0.47100,-0.02160,0.09352,0.50203,-0.50203,-0.49796,-0.49796,120.09600
-0.47100,-0.02132,0.09352,0.50210,-0.50210,-0.49789,-0.49789,120.19600
-0.47100,-0.02105,0.09352,0.50216,-0.50216,-0.49783,-0.49783,120.29600
-0.47100,-0.02080,0.09351,0.50223,-0.50223,-0.49776,-0.49776,120.39600
-0.47100,-0.02056,0.09351,0.50229,-0.50229,-0.49770,-0.49770,120.49600
-0.47100,-0.02034,0.09351,0.50236,-0.50236,-0.49763,-0.49763,120.59600
-0.47100,-0.02013,0.09351,0.50242,-0.50242,-0.49757,-0.49757,120.69600
-0.47100,-0.01994,0.09351,0.50249,-0.50249,-0.49750,-0.49750,120.79600
-0.47100,-0.01976,0.09351,0.50255,-0.50255,-0.49744,-0.49744,120.89600
-0.47100,-0.01961,0.09351,0.50262,-0.50262,-0.49737,-0.49737,120.99600
-0.47100,-0.01947,0.09351,0.50268,-0.50268,-0.49730,-0.49730,121.09600
-0.47100,-0.01935,0.09351,0.50275,-0.50275,-0.49724,-0.49724,121.19600
-0.47100,-0.01925,0.09351,0.50281,-0.50281,-0.49717,-0.49717,121.29600
-0.47100,-0.01917,0.09350,0.50288,-0.50288,-0.49711,-0.49711,121.39600
-0.47100,-0.01910,0.09350,0.50294,-0.50294,-0.49704,-0.49704,121.49600
-0.47100,-0.01905,0.09350,0.50301,-0.50301,-0.49698,-0.49698,121.59600
-0.47100,-0.01902,0.09350,0.50307,-0.50307,-0.49691,-0.49691,121.69600
-0.47100,-0.01901,0.09350,0.50314,-0.50314,-0.49684,-0.49684,121.79600
-0.47100,-0.01902,0.09350,0.50320,-0.50320,-0.49678,-0.49678,121.89600
-0.47100,-0.01904,0.09350,0.50327,-0.50327,-0.49671,-0.49671,121.99600
-0.47100,-0.01908,0.09350,0.50333,-0.50333,-0.49665,-0.49665,122.09600
-0.47100,-0.01913,0.09349,0.50340,-0.50340,-0.49658,-0.49658,122.19600
-0.47100,-0.01919,0.09349,0.50346,-0.50346,-0.49652,-0.49652,122.29600
-0.47100,-0.01927,0.09349,0.50352,-0.50352,-0.49645,-0.49645,122.39600
-0.47100,-0.01936,0.09349,0.50359,-0.50359,-0.49638,-0.49638,122.49600
-0.47100,-0.01947,0.09349,0.50365,-0.50365,-0.49632,-0.49632,122.59600
-0.47100,-0.01958,0.09349,0.50372,-0.50372,-0.49625,-0.49625,122.69600
-0.47100,-0.01970,0.09349,0.50378,-0.50378,-0.49619,-0.49619,122.79600
-0.47100,-0.01983,0.09348,0.50385,-0.50385,-0.49612,-0.49612,122.89600
-0.47100,-0.01996,0.09348,0.50391,-0.50391,-0.49606,-0.49606,122.99600
-0.47100,-0.02010,0.09348,0.50398,-0.50398,-0.49599,-0.49599,123.09600
-0.47100,-0.02025,0.09348,0.50404,-0.50404,-0.49592,-0.49592,123.19600
-0.47100,-0.02040,0.09348,0.50411,-0.50411,-0.49586,-0.49586,123.29600
-0.47100,-0.02055,0.09348,0.50417,-0.50417,-0.49579,-0.49579,123.39600
-0.47100,-0.02070,0.09347,0.50424,-0.50424,-0.49573,-0.49573,123.49600
-0.47100,-0.02084,0.09347,0.50430,-0.50430,-0.49566,-0.49566,123.59600
-0.47100,-0.02099,0.09347,0.50437,-0.50437,-0.49559,-0.49559,123.69600
-0.47100,-0.02113,0.09347,0.50443,-0.50443,-0.49553,-0.49553,123.79600
-0.47100,-0.02127,0.09347,0.50450,-0.50450,-0.49546,-0.49546,123.89600
-0.47100,-0.02140,0.09347,0.50456,-0.50456,-0.49540,-0.49540,123.99600
-0.47100,-0.02152,0.09346,0.50463,-0.50463,-0.49533,-0.49533,124.09600
-0.47100,-0.02163,0.09346,0.50469,-0.50469,-0.49527,-0.49527,124.19600
-0.47100,-0.02173,0.09346,0.50475,-0.50475,-0.49520,-0.49520,124.29600
-0.47100,-0.02183,0.09346,0.50482,-0.50482,-0.49513,-0.49513,124.39600
-0.47100,-0.02190,0.09346,0.50488,-0.50488,-0.49507,-0.49507,124.49600
-0.47100,-0.02197,0.09345,0.50495,-0.50495,-0.49500,-0.49500,124.59600
-0.47100,-0.02202,0.09345,0.50501,-0.50501,-0.49494,-0.49494,124.69600
-0.47100,-0.02206,0.09345,0.50508,-0.50508,-0.49487,-0.49487,124.79600
-0.47100,-0.02209,0.09345,0.50514,-0.50514,-0.49480,-0.49480,124.89600
-0.47100,-0.02209,0.09345,0.50521,-0.50521,-0.49474,-0.49474,124.99600
-0.47100,-0.02208,0.09344,0.50527,-0.50527,-0.49467,-0.49467,125.09600
-0.47100,-0.02206,0.09344,0.50534,-0.50534,-0.49461,-0.49461,125.19600
-0.47100,-0.02201,0.09344,0.50540,-0.50540,-0.49454,-0.49454,125.29600
-0.47100,-0.02195,0.09344,0.50547,-0.50547,-0.49447,-0.49447,125.39600
-0.47100,-0.02187,0.09344,0.50553,-0.50553,-0.49441,-0.49441,125.49600
-0.47100,-0.02177,0.09343,0.50559,-0.50559,-0.49434,-0.49434,125.59600
-0.47100,-0.02165,0.09343,0.50566,-0.50566,-0.49428,-0.49428,125.69600
-0.47100,-0.02152,0.09343,0.50572,-0.50572,-0.49421,-0.49421,125.79600
-0.47100,-0.02137,0.09343,0.50579,-0.50579,-0.49414,-0.49414,125.89600
-0.47100,-0.02120,0.09342,0.50585,-0.50585,-0.49408,-0.49408,125.99600
-0.47100,-0.02101,0.09342,0.50592,-0.50592,-0.49401,-0.49401,126.09600
-0.47100,-0.02081,0.09342,0.50598,-0.50598,-0.49395,-0.49395,126.19600
-0.47100,-0.02059,0.09342,0.50605,-0.50605,-0.49388,-0.49388,126.29600
-0.47100,-0.02035,0.09341,0.50611,-0.50611,-0.49381,-0.49381,126.39600
-0.47100,-0.02010,0.09341,0.50617,-0.50617,-0.49375,-0.49375,126.49600
-0.47100,-0.01984,0.09341,0.50624,-0.50624,-0.49368,-0.49368,126.59600
-0.47100,-0.01956,0.09341,0.50630,-0.50630,-0.49362,-0.49362,126.69600
-0.47100,-0.01927,0.09340,0.50637,-0.50637,-0.49355,-0.49355,126.79600
-0.47100,-0.01897,0.09340,0.50643,-0.50643,-0.49348,-0.49348,126.89600
-0.47100,-0.01866,0.09340,0.50650,-0.50650,-0.49342,-0.49342,126.99600
-0.47100,-0.01835,0.09340,0.50656,-0.50656,-0.49335,-0.49335,127.09600
-0.47100,-0.01802,0.09339,0.50663,-0.50663,-0.49329,-0.49329,127.19600
-0.47100,-0.01769,0.09339,0.50669,-0.50669,-0.49322,-0.49322,127.29600
-0.47100,-0.01735,0.09339,0.50675,-0.50675,-0.49315,-0.49315,127.39600
-0.47100,-0.01701,0.09339,0.50682,-0.50682,-0.49309,-0.49309,127.49600
-0.47100,-0.01666,0.09338,0.50688,-0.50688,-0.49302,-0.49302,127.59600
-0.47100,-0.01632,0.09338,0.50695,-0.50695,-0.49295,-0.49295,127.69600
-0.47100,-0.01597,0.09338,0.50701,-0.50701,-0.49289,-0.49289,127.79600
-0.47100,-0.01563,0.09337,0.50708,-0.50708,-0.49282,-0.49282,127.89600
-0.47100,-0.01528,0.09337,0.50714,-0.50714,-0.49276,-0.49276,127.99600
-0.47100,-0.01494,0.09337,0.50721,-0.50721,-0.49269,-0.49269,128.09600
-0.47100,-0.01461,0.09337,0.50727,-0.50727,-0.49262,-0.49262,128.19600
-0.47100,-0.01428,0.09336,0.50733,-0.50733,-0.49256,-0.49256,128.29600
-0.47100,-0.01397,0.09336,0.50740,-0.50740,-0.49249,-0.49249,128.39600
-0.47100,-0.01365,0.09336,0.50746,-0.50746,-0.49242,-0.49242,128.49600
-0.47100,-0.01335,0.09335,0.50753,-0.50753,-0.49236,-0.49236,128.59600
-0.47100,-0.01306,0.09335,0.50759,-0.50759,-0.49229,-0.49229,128.69600
-0.47100,-0.01279,0.09335,0.50766,-0.50766,-0.49223,-0.49223,128.79600
-0.47100,-0.01252,0.09334,0.50772,-0.50772,-0.49216,-0.49216,128.89600
-0.47100,-0.01227,0.09334,0.50778,-0.50778,-0.49209,-0.49209,128.99600
-0.47100,-0.01203,0.09334,0.50785,-0.50785,-0.49203,-0.49203,129.09600
-0.47100,-0.01181,0.09334,0.50791,-0.50791,-0.49196,-0.49196,129.19600
-0.47100,-0.01160,0.09333,0.50798,-0.50798,-0.49189,-0.49189,129.29600
-0.47100,-0.01142,0.09333,0.50804,-0.50804,-0.49183,-0.49183,129.39600
-0.47100,-0.01124,0.09333,0.50810,-0.50810,-0.49176,-0.49176,129.49600
-0.47100,-0.01109,0.09332,0.50817,-0.50817,-0.49170,-0.49170,129.59600
-0.47100,-0.01095,0.09332,0.50823,-0.50823,-0.49163,-0.49163,129.69600
-0.47100,-0.01083,0.09332,0.50830,-0.50830,-0.49156,-0.49156,129.79600
-0.47100,-0.01073,0.09331,0.50836,-0.50836,-0.49150,-0.49150,129.89600
-0.47100,-0.01065,0.09331,0.50843,-0.50843,-0.49143,-0.49143,129.99600
-0.47100,-0.01058,0.09331,0.50849,-0.50849,-0.49136,-0.49136,130.09600
-0.47100,-0.01053,0.09330,0.50855,-0.50855,-0.49130,-0.49130,130.19600
-0.47100,-0.01050,0.09330,0.50862,-0.50862,-0.49123,-0.49123,130.29600
-0.47100,-0.01049,0.09329,0.50868,-0.50868,-0.49116,-0.49116,130.39600
-0.47100,-0.01049,0.09329,0.50875,-0.50875,-0.49110,-0.49110,130.49600
-0.47100,-0.01051,0.09329,0.50881,-0.50881,-0.49103,-0.49103,130.59600
-0.47100,-0.01054,0.09328,0.50887,-0.50887,-0.49097,-0.49097,130.69600
-0.47100,-0.01059,0.09328,0.50894,-0.50894,-0.49090,-0.49090,130.79600
-0.47100,-0.01065,0.09328,0.50900,-0.50900,-0.49083,-0.49083,130.89600
-0.47100,-0.01072,0.09327,0.50907,-0.50907,-0.49077,-0.49077,130.99600
-0.47100,-0.01081,0.09327,0.50913,-0.50913,-0.49070,-0.49070,131.09600
-0.47100,-0.01091,0.09327,0.50919,-0.50919,-0.49063,-0.49063,131.19600
-0.47100,-0.01101,0.09326,0.50926,-0.50926,-0.49057,-0.49057,131.29600
-0.47100,-0.01113,0.09326,0.50932,-0.50932,-0.49050,-0.49050,131.39600
-0.47100,-0.01125,0.09325,0.50939,-0.50939,-0.49043,-0.49043,131.49600
-0.47100,-0.01138,0.09325,0.50945,-0.50945,-0.49037,-0.49037,131.59600
-0.47100,-0.01152,0.09325,0.50952,-0.50952,-0.49030,-0.49030,131.69600
-0.47100,-0.01166,0.09324,0.50958,-0.50958,-0.49023,-0.49023,131.79600
-0.47100,-0.01180,0.09324,0.50964,-0.50964,-0.49017,-0.49017,131.89600
-0.47100,-0.01194,0.09324,0.50971,-0.50971,-0.49010,-0.49010,131.99600
-0.47100,-0.01209,0.09323,0.50977,-0.50977,-0.49003,-0.49003,132.09600
-0.47100,-0.01223,0.09323,0.50983,-0.50983,-0.48997,-0.48997,132.19600
-0.47100,-0.01237,0.09322,0.50990,-0.50990,-0.48990,-0.48990,132.29600
-0.47100,-0.01250,0.09322,0.50996,-0.50996,-0.48983,-0.48983,132.39600
-0.47100,-0.01264,0.09322,0.51003,-0.51003,-0.48977,-0.48977,132.49600
-0.47100,-0.01276,0.09321,0.51009,-0.51009,-0.48970,-0.48970,132.59600
-0.47100,-0.01288,0.09321,0.51015,-0.51015,-0.48963,-0.48963,132.69600
-0.47100,-0.01299,0.09320,0.51022,-0.51022,-0.48957,-0.48957,132.79600
-0.47100,-0.01308,0.09320,0.51028,-0.51028,-0.48950,-0.48950,132.89600
-0.47100,-0.01317,0.09320,0.51035,-0.51035,-0.48943,-0.48943,132.99600
-0.47100,-0.01325,0.09319,0.51041,-0.51041,-0.48937,-0.48937,133.09600
-0.47100,-0.01331,0.09319,0.51047,-0.51047,-0.48930,-0.48930,133.19600
-0.47100,-0.01336,0.09318,0.51054,-0.51054,-0.48924,-0.48924,133.29600
-0.47100,-0.01340,0.09318,0.51060,-0.51060,-0.48917,-0.48917,133.39600
-0.47100,-0.01342,0.09317,0.51067,-0.51067,-0.48910,-0.48910,133.49600
-0.47100,-0.01342,0.09317,0.51073,-0.51073,-0.48904,-0.48904,133.59600
-0.47100,-0.01341,0.09317,0.51079,-0.51079,-0.48897,-0.48897,133.69600
-0.47100,-0.01338,0.09316,0.51086,-0.51086,-0.48890,-0.48890,133.79600
-0.47100,-0.01334,0.09316,0.51092,-0.51092,-0.48884,-0.48884,133.89600
-0.47100,-0.01328,0.09315,0.51098,-0.51098,-0.48877,-0.48877,133.99600
-0.47100,-0.01320,0.09315,0.51105,-0.51105,-0.48870,-0.48870,134.09600
-0.47100,-0.01310,0.09314,0.51111,-0.51111,-0.48863,-0.48863,134.19600
-0.47100,-0.01298,0.09314,0.51118,-0.51118,-0.48857,-0.48857,134.29600
-0.47100,-0.01285,0.09313,0.51124,-0.51124,-0.48850,-0.48850,134.39600
-0.47100,-0.01270,0.09313,0.51130,-0.51130,-0.48843,-0.48843,134.49600
-0.47100,-0.01253,0.09312,0.51137,-0.51137,-0.48837,-0.48837,134.59600
-0.47100,-0.01235,0.09312,0.51143,-0.51143,-0.48830,-0.48830,134.69600
-0.47100,-0.01215,0.09312,0.51150,-0.51150,-0.48823,-0.48823,134.79600
-0.47100,-0.01193,0.09311,0.51156,-0.51156,-0.48817,-0.48817,134.89600
-0.47100,-0.01170,0.09311,0.51162,-0.51162,-0.48810,-0.48810,134.99600
-0.47100,-0.01145,0.09310,0.51169,-0.51169,-0.48803,-0.48803,135.09600
-0.47100,-0.01120,0.09310,0.51175,-0.51175,-0.48797,-0.48797,135.19600
-0.47100,-0.01092,0.09309,0.51181,-0.51181,-0.48790,-0.48790,135.29600
-0.47100,-0.01064,0.09309,0.51188,-0.51188,-0.48783,-0.48783,135.39600
-0.47100,-0.01034,0.09308,0.51194,-0.51194,-0.48777,-0.48777,135.49600
-0.47100,-0.01004,0.09308,0.51200,-0.51200,-0.48770,-0.48770,135.59600
-0.47100,-0.00973,0.09307,0.51207,-0.51207,-0.48763,-0.48763,135.69600
-0.47100,-0.00941,0.09307,0.51213,-0.51213,-0.48757,-0.48757,135.79600
-0.47100,-0.00908,0.09306,0.51220,-0.51220,-0.48750,-0.48750,135.89600
-0.47100,-0.00875,0.09306,0.51226,-0.51226,-0.48743,-0.48743,135.99600
-0.47100,-0.00841,0.09305,0.51232,-0.51232,-0.48737,-0.48737,136.09600
-0.47100,-0.00807,0.09305,0.51239,-0.51239,-0.48730,-0.48730,136.19600
-0.47100,-0.00773,0.09304,0.51245,-0.51245,-0.48723,-0.48723,136.29600
-0.47100,-0.00739,0.09304,0.51251,-0.51251,-0.48716,-0.48716,136.39600
-0.47100,-0.00705,0.09303,0.51258,-0.51258,-0.48710,-0.48710,136.49600
-0.47100,-0.00671,0.09303,0.51264,-0.51264,-0.48703,-0.48703,136.59600
-0.47100,-0.00638,0.09302,0.51270,-0.51270,-0.48696,-0.48696,136.69600
-0.47100,-0.00605,0.09302,0.51277,-0.51277,-0.48690,-0.48690,136.79600
-0.47100,-0.00573,0.09301,0.51283,-0.51283,-0.48683,-0.48683,136.89600
-0.47100,-0.00542,0.09301,0.51290,-0.51290,-0.48676,-0.48676,136.99600
-0.47100,-0.00511,0.09300,0.51296,-0.51296,-0.48670,-0.48670,137.09600
-0.47100,-0.00481,0.09300,0.51302,-0.51302,-0.48663,-0.48663,137.19600
-0.47100,-0.00453,0.09299,0.51309,-0.51309,-0.48656,-0.48656,137.29600
-0.47100,-0.00425,0.09299,0.51315,-0.51315,-0.48650,-0.48650,137.39600
-0.47100,-0.00399,0.09298,0.51321,-0.51321,-0.48643,-0.48643,137.49600
-0.47100,-0.00374,0.09298,0.51328,-0.51328,-0.48636,-0.48636,137.59600
-0.47100,-0.00351,0.09297,0.51334,-0.51334,-0.48629,-0.48629,137.69600
-0.47100,-0.00329,0.09296,0.51340,-0.51340,-0.48623,-0.48623,137.79600
-0.47100,-0.00309,0.09296,0.51347,-0.51347,-0.48616,-0.48616,137.89600
-0.47100,-0.00290,0.09295,0.51353,-0.51353,-0.48609,-0.48609,137.99600
-0.47100,-0.00273,0.09295,0.51359,-0.51359,-0.48603,-0.48603,138.09600
-0.47100,-0.00257,0.09294,0.51366,-0.51366,-0.48596,-0.48596,138.19600
-0.47100,-0.00244,0.09294,0.51372,-0.51372,-0.48589,-0.48589,138.29600
-0.47100,-0.00232,0.09293,0.51378,-0.51378,-0.48583,-0.48583,138.39600
-0.47100,-0.00222,0.09293,0.51385,-0.51385,-0.48576,-0.48576,138.49600
-0.47100,-0.00213,0.09292,0.51391,-0.51391,-0.48569,-0.48569,138.59600
-0.47100,-0.00206,0.09291,0.51397,-0.51397,-0.48562,-0.48562,138.69600
-0.47100,-0.00201,0.09291,0.51404,-0.51404,-0.48556,-0.48556,138.79600
-0.47100,-0.00198,0.09290,0.51410,-0.51410,-0.48549,-0.48549,138.89600
-0.47100,-0.00196,0.09290,0.51416,-0.51416,-0.48542,-0.48542,138.99600
-0.47100,-0.00196,0.09289,0.51423,-0.51423,-0.48536,-0.48536,139.09600
-0.47100,-0.00198,0.09289,0.51429,-0.51429,-0.48529,-0.48529,139.19600
-0.47100,-0.00201,0.09288,0.51435,-0.51435,-0.48522,-0.48522,139.29600
-0.47100,-0.00205,0.09287,0.51442,-0.51442,-0.48515,-0.48515,139.39600
-0.47100,-0.00211,0.09287,0.51448,-0.51448,-0.48509,-0.48509,139.49600
-0.47100,-0.00218,0.09286,0.51454,-0.51454,-0.48502,-0.48502,139.59600
-0.47100,-0.00226,0.09286,0.51461,-0.51461,-0.48495,-0.48495,139.69600
-0.47100,-0.00235,0.09285,0.51467,-0.51467,-0.48489,-0.48489,139.79600
-0.47100,-0.00246,0.09284,0.51473,-0.51473,-0.48482,-0.48482,139.89600
-0.47100,-0.00257,0.09284,0.51480,-0.51480,-0.48475,-0.48475,139.99600
-0.47100,-0.00269,0.09283,0.51486,-0.51486,-0.48468,-0.48468,140.09600
-0.47100,-0.00281,0.09283,0.51492,-0.51492,-0.48462,-0.48462,140.19600
-0.47100,-0.00294,0.09282,0.51499,-0.51499,-0.48455,-0.48455,140.29600
-0.47100,-0.00307,0.09281,0.51505,-0.51505,-0.48448,-0.48448,140.39600
-0.47100,-0.00321,0.09281,0.51511,-0.51511,-0.48441,-0.48441,140.49600
-0.47100,-0.00335,0.09280,0.51518,-0.51518,-0.48435,-0.48435,140.59600
-0.47100,-0.00349,0.09280,0.51524,-0.51524,-0.48428,-0.48428,140.69600
-0.47100,-0.00362,0.09279,0.51530,-0.51530,-0.48421,-0.48421,140.79600
-0.47100,-0.00376,0.09278,0.51537,-0.51537,-0.48415,-0.48415,140.89600
-0.47100,-0.00389,0.09278,0.51543,-0.51543,-0.48408,-0.48408,140.99600
-0.47100,-0.00401,0.09277,0.51549,-0.51549,-0.48401,-0.48401,141.09600
-0.47100,-0.00413,0.09276,0.51556,-0.51556,-0.48394,-0.48394,141.19600
-0.47100,-0.00425,0.09276,0.51562,-0.51562,-0.48388,-0.48388,141.29600
-0.47100,-0.00435,0.09275,0.51568,-0.51568,-0.48381,-0.48381,141.39600
-0.47100,-0.00445,0.09275,0.51575,-0.51575,-0.48374,-0.48374,141.49600
-0.47100,-0.00453,0.09274,0.51581,-0.51581,-0.48367,-0.48367,141.59600
-0.47100,-0.00460,0.09273,0.51587,-0.51587,-0.48361,-0.48361,141.69600
-0.47100,-0.00466,0.09273,0.51594,-0.51594,-0.48354,-0.48354,141.79600
-0.47100,-0.00471,0.09272,0.51600,-0.51600,-0.48347,-0.48347,141.89600
-0.47100,-0.00474,0.09271,0.51606,-0.51606,-0.48341,-0.48341,141.99600
-0.47100,-0.00476,0.09271,0.51612,-0.51612,-0.48334,-0.48334,142.09600
-0.47100,-0.00477,0.09270,0.51619,-0.51619,-0.48327,-0.48327,142.19600
-0.47100,-0.00475,0.09269,0.51625,-0.51625,-0.48320,-0.48320,142.29600
-0.47100,-0.00472,0.09269,0.51631,-0.51631,-0.48314,-0.48314,142.39600
-0.47100,-0.00468,0.09268,0.51638,-0.51638,-0.48307,-0.48307,142.49600
-0.47100,-0.00462,0.09267,0.51644,-0.51644,-0.48300,-0.48300,142.59600
-0.47100,-0.00454,0.09267,0.51650,-0.51650,-0.48293,-0.48293,142.69600
-0.47100,-0.00444,0.09266,0.51657,-0.51657,-0.48287,-0.48287,142.79600
-0.47100,-0.00432,0.09265,0.51663,-0.51663,-0.48280,-0.48280,142.89600
-0.47100,-0.00419,0.09265,0.51669,-0.51669,-0.48273,-0.48273,142.99600
-0.47100,-0.00404,0.09264,0.51676,-0.51676,-0.48266,-0.48266,143.09600
-0.47100,-0.00388,0.09263,0.51682,-0.51682,-0.48260,-0.48260,143.19600
-0.47100,-0.00370,0.09263,0.51688,-0.51688,-0.48253,-0.48253,143.29600
-0.47100,-0.00350,0.09262,0.51694,-0.51694,-0.48246,-0.48246,143.39600
-0.47100,-0.00329,0.09261,0.51701,-0.51701,-0.48239,-0.48239,143.49600
-0.47100,-0.00306,0.09261,0.51707,-0.51707,-0.48233,-0.48233,143.59600
-0.47100,-0.00282,0.09260,0.51713,-0.51713,-0.48226,-0.48226,143.69600
-0.47100,-0.00256,0.09259,0.51720,-0.51720,-0.48219,-0.48219,143.79600
-0.47100,-0.00229,0.09258,0.51726,-0.51726,-0.48212,-0.48212,143.89600
-0.47100,-0.00201,0.09258,0.51732,-0.51732,-0.48206,-0.48206,143.99600
-0.47100,-0.00172,0.09257,0.51738,-0.51738,-0.48199,-0.48199,144.09600
-0.47100,-0.00143,0.09256,0.51745,-0.51745,-0.48192,-0.48192,144.19600
-0.47100,-0.00112,0.09256,0.51751,-0.51751,-0.48185,-0.48185,144.29600
-0.47100,-0.00080,0.09255,0.51757,-0.51757,-0.48179,-0.48179,144.39600
-0.47100,-0.00048,0.09254,0.51764,-0.51764,-0.48172,-0.48172,144.49600
-0.47100,-0.00015,0.09253,0.51770,-0.51770,-0.48165,-0.48165,144.59600
-0.47100,0.00018,0.09253,0.51776,-0.51776,-0.48158,-0.48158,144.69600
-0.47100,0.00051,0.09252,0.51783,-0.51783,-0.48152,-0.48152,144.79600
-0.47100,0.00085,0.09251,0.51789,-0.51789,-0.48145,-0.48145,144.89600
-0.47100,0.00118,0.09251,0.51795,-0.51795,-0.48138,-0.48138,144.99600
-0.47100,0.00151,0.09250,0.51801,-0.51801,-0.48131,-0.48131,145.09600
-0.47100,0.00185,0.09249,0.51808,-0.51808,-0.48124,-0.48124,145.19600
-0.47100,0.00217,0.09248,0.51814,-0.51814,-0.48118,-0.48118,145.29600
-0.47100,0.00250,0.09248,0.51820,-0.51820,-0.48111,-0.48111,145.39600
-0.47100,0.00281,0.09247,0.51826,-0.51826,-0.48104,-0.48104,145.49600
-0.47100,0.00312,0.09246,0.51833,-0.51833,-0.48097,-0.48097,145.59600
-0.47100,0.00342,0.09245,0.51839,-0.51839,-0.48091,-0.48091,145.69600
-0.47100,0.00372,0.09245,0.51845,-0.51845,-0.48084,-0.48084,145.79600
-0.47100,0.00400,0.09244,0.51852,-0.51852,-0.48077,-0.48077,145.89600
-0.47100,0.00427,0.09243,0.51858,-0.51858,-0.48070,-0.48070,145.99600
-0.47100,0.00453,0.09242,0.51864,-0.51864,-0.48064,-0.48064,146.09600
-0.47100,0.00477,0.09242,0.51870,-0.51870,-0.48057,-0.48057,146.19600
-0.47100,0.00500,0.09241,0.51877,-0.51877,-0.48050,-0.48050,146.29600
-0.47100,0.00522,0.09240,0.51883,-0.51883,-0.48043,-0.48043,146.39600
-0.47100,0.00542,0.09239,0.51889,-0.51889,-0.48037,-0.48037,146.49600
-0.47100,0.00561,0.09239,0.51896,-0.51896,-0.48030,-0.48030,146.59600
-0.47100,0.00578,0.09238,0.51902,-0.51902,-0.48023,-0.48023,146.69600
-0.47100,0.00593,0.09237,0.51908,-0.51908,-0.48016,-0.48016,146.79600
-0.47100,0.00607,0.09236,0.51914,-0.51914,-0.48009,-0.48009,146.89600
-0.47100,0.00619,0.09235,0.51921,-0.51921,-0.48003,-0.48003,146.99600
-0.47100,0.00629,0.09235,0.51927,-0.51927,-0.47996,-0.47996,147.09600
-0.47100,0.00638,0.09234,0.51933,-0.51933,-0.47989,-0.47989,147.19600
-0.47100,0.00644,0.09233,0.51939,-0.51939,-0.47982,-0.47982,147.29600
-0.47100,0.00650,0.09232,0.51946,-0.51946,-0.47976,-0.47976,147.39600
-0.47100,0.00653,0.09231,0.51952,-0.51952,-0.47969,-0.47969,147.49600
-0.47100,0.00655,0.09231,0.51958,-0.51958,-0.47962,-0.47962,147.59600
-0.47100,0.00655,0.09230,0.51964,-0.51964,-0.47955,-0.47955,147.69600
-0.47100,0.00654,0.09229,0.51971,-0.51971,-0.47948,-0.47948,147.79600
-0.47100,0.00651,0.09228,0.51977,-0.51977,-0.47942,-0.47942,147.89600
-0.47100,0.00647,0.09227,0.51983,-0.51983,-0.47935,-0.47935,147.99600
-0.47100,0.00642,0.09227,0.51989,-0.51989,-0.47928,-0.47928,148.09600
-0.47100,0.00635,0.09226,0.51996,-0.51996,-0.47921,-0.47921,148.19600
-0.47100,0.00628,0.09225,0.52002,-0.52002,-0.47914,-0.47914,148.29600
-0.47100,0.00619,0.09224,0.52008,-0.52008,-0.47908,-0.47908,148.39600
-0.47100,0.00609,0.09223,0.52014,-0.52014,-0.47901,-0.47901,148.49600
-0.47100,0.00598,0.09223,0.52021,-0.52021,-0.47894,-0.47894,148.59600
-0.47100,0.00587,0.09222,0.52027,-0.52027,-0.47887,-0.47887,148.69600
-0.47100,0.00575,0.09221,0.52033,-0.52033,-0.47880,-0.47880,148.79600
-0.47100,0.00563,0.09220,0.52039,-0.52039,-0.47874,-0.47874,148.89600
-0.47100,0.00550,0.09219,0.52046,-0.52046,-0.47867,-0.47867,148.99600
-0.47100,0.00537,0.09218,0.52052,-0.52052,-0.47860,-0.47860,149.09600
-0.47100,0.00523,0.09218,0.52058,-0.52058,-0.47853,-0.47853,149.19600
-0.47100,0.00510,0.09217,0.52064,-0.52064,-0.47847,-0.47847,149.29600
-0.47100,0.00497,0.09216,0.52071,-0.52071,-0.47840,-0.47840,149.39600
-0.47100,0.00484,0.09215,0.52077,-0.52077,-0.47833,-0.47833,149.49600
-0.47100,0.00471,0.09214,0.52083,-0.52083,-0.47826,-0.47826,149.59600
-0.47100,0.00459,0.09213,0.52089,-0.52089,-0.47819,-0.47819,149.69600
-0.47100,0.00448,0.09212,0.52096,-0.52096,-0.47813,-0.47813,149.79600
-0.47100,0.00437,0.09212,0.52102,-0.52102,-0.47806,-0.47806,149.89600
-0.47100,0.00427,0.09211,0.52108,-0.52108,-0.47799,-0.47799,149.99600
-0.47100,0.00418,0.09210,0.52114,-0.52114,-0.47792,-0.47792,150.09600
-0.47100,0.00410,0.09209,0.52121,-0.52121,-0.47785,-0.47785,150.19600
-0.47100,0.00403,0.09208,0.52127,-0.52127,-0.47779,-0.47779,150.29600
-0.47100,0.00397,0.09207,0.52133,-0.52133,-0.47772,-0.47772,150.39600
-0.47100,0.00393,0.09206,0.52139,-0.52139,-0.47765,-0.47765,150.49600
-0.47100,0.00390,0.09206,0.52146,-0.52146,-0.47758,-0.47758,150.59600
-0.47100,0.00388,0.09205,0.52152,-0.52152,-0.47751,-0.47751,150.69600
-0.47100,0.00388,0.09204,0.52158,-0.52158,-0.47744,-0.47744,150.79600
-0.47100,0.00389,0.09203,0.52164,-0.52164,-0.47738,-0.47738,150.89600
-0.47100,0.00392,0.09202,0.52171,-0.52171,-0.47731,-0.47731,150.99600
-0.47100,0.00397,0.09201,0.52177,-0.52177,-0.47724,-0.47724,151.09600
-0.47100,0.00403,0.09200,0.52183,-0.52183,-0.47717,-0.47717,151.19600
-0.47100,0.00411,0.09199,0.52189,-0.52189,-0.47710,-0.47710,151.29600
-0.47100,0.00421,0.09198,0.52195,-0.52195,-0.47704,-0.47704,151.39600
-0.47100,0.00432,0.09198,0.52202,-0.52202,-0.47697,-0.47697,151.49600
-0.47100,0.00445,0.09197,0.52208,-0.52208,-0.47690,-0.47690,151.59600
-0.47100,0.00460,0.09196,0.52214,-0.52214,-0.47683,-0.47683,151.69600
-0.47100,0.00476,0.09195,0.52220,-0.52220,-0.47676,-0.47676,151.79600
-0.47100,0.00494,0.09194,0.52227,-0.52227,-0.47670,-0.47670,151.89600
-0.47100,0.00513,0.09193,0.52233,-0.52233,-0.47663,-0.47663,151.99600
-0.47100,0.00534,0.09192,0.52239,-0.52239,-0.47656,-0.47656,152.09600
-0.47100,0.00557,0.09191,0.52245,-0.52245,-0.47649,-0.47649,152.19600
-0.47100,0.00581,0.09190,0.52251,-0.52251,-0.47642,-0.47642,152.29600
-0.47100,0.00606,0.09189,0.52258,-0.52258,-0.47635,-0.47635,152.39600
-0.47100,0.00632,0.09188,0.52264,-0.52264,-0.47629,-0.47629,152.49600
-0.47100,0.00660,0.09187,0.52270,-0.52270,-0.47622,-0.47622,152.59600
-0.47100,0.00688,0.09187,0.52276,-0.52276,-0.47615,-0.47615,152.69600
-0.47100,0.00717,0.09186,0.52283,-0.52283,-0.47608,-0.47608,152.79600
-0.47100,0.00748,0.09185,0.52289,-0.52289,-0.47601,-0.47601,152.89600
-0.47100,0.00779,0.09184,0.52295,-0.52295,-0.47594,-0.47594,152.99600
-0.47100,0.00810,0.09183,0.52301,-0.52301,-0.47588,-0.47588,153.09600
-0.47100,0.00843,0.09182,0.52307,-0.52307,-0.47581,-0.47581,153.19600
-0.47100,0.00875,0.09181,0.52314,-0.52314,-0.47574,-0.47574,153.29600
-0.47100,0.00908,0.09180,0.52320,-0.52320,-0.47567,-0.47567,153.39600
-0.47100,0.00941,0.09179,0.52326,-0.52326,-0.47560,-0.47560,153.49600
-0.47100,0.00974,0.09178,0.52332,-0.52332,-0.47553,-0.47553,153.59600
-0.47100,0.01007,0.09177,0.52338,-0.52338,-0.47547,-0.47547,153.69600
-0.47100,0.01039,0.09176,0.52345,-0.52345,-0.47540,-0.47540,153.79600
-0.47100,0.01071,0.09175,0.52351,-0.52351,-0.47533,-0.47533,153.89600
-0.47100,0.01103,0.09174,0.52357,-0.52357,-0.47526,-0.47526,153.99600
-0.47100,0.01134,0.09173,0.52363,-0.52363,-0.47519,-0.47519,154.09600
-0.47100,0.01165,0.09172,0.52369,-0.52369,-0.47512,-0.47512,154.19600
-0.47100,0.01195,0.09171,0.52376,-0.52376,-0.47506,-0.47506,154.29600
-0.47100,0.01223,0.09170,0.52382,-0.52382,-0.47499,-0.47499,154.39600
-0.47100,0.01251,0.09169,0.52388,-0.52388,-0.47492,-0.47492,154.49600
-0.47100,0.01278,0.09168,0.52394,-0.52394,-0.47485,-0.47485,154.59600
-0.47100,0.01303,0.09167,0.52400,-0.52400,-0.47478,-0.47478,154.69600
-0.47100,0.01328,0.09166,0.52407,-0.52407,-0.47471,-0.47471,154.79600
-0.47100,0.01350,0.09165,0.52413,-0.52413,-0.47465,-0.47465,154.89600
-0.47100,0.01372,0.09164,0.52419,-0.52419,-0.47458,-0.47458,154.99600
-0.47100,0.01392,0.09163,0.52425,-0.52425,-0.47451,-0.47451,155.09600
-0.47100,0.01410,0.09162,0.52431,-0.52431,-0.47444,-0.47444,155.19600
-0.47100,0.01427,0.09161,0.52438,-0.52438,-0.47437,-0.47437,155.29600
-0.47100,0.01442,0.09160,0.52444,-0.52444,-0.47430,-0.47430,155.39600
-0.47100,0.01456,0.09159,0.52450,-0.52450,-0.47424,-0.47424,155.49600
-0.47100,0.01468,0.09158,0.52456,-0.52456,-0.47417,-0.47417,155.59600
-0.47100,0.01478,0.09157,0.52462,-0.52462,-0.47410,-0.47410,155.69600
-0.47100,0.01487,0.09156,0.52469,-0.52469,-0.47403,-0.47403,155.79600
-0.47100,0.01494,0.09155,0.52475,-0.52475,-0.47396,-0.47396,155.89600
-0.47100,0.01499,0.09154,0.52481,-0.52481,-0.47389,-0.47389,155.99600
-0.47100,0.01503,0.09153,0.52487,-0.52487,-0.47382,-0.47382,156.09600
-0.47100,0.01505,0.09152,0.52493,-0.52493,-0.47376,-0.47376,156.19600
-0.47100,0.01505,0.09151,0.52500,-0.52500,-0.47369,-0.47369,156.29600
-0.47100,0.01505,0.09150,0.52506,-0.52506,-0.47362,-0.47362,156.39600
-0.47100,0.01502,0.09149,0.52512,-0.52512,-0.47355,-0.47355,156.49600
-0.47100,0.01498,0.09148,0.52518,-0.52518,-0.47348,-0.47348,156.59600
-0.47100,0.01493,0.09147,0.52524,-0.52524,-0.47341,-0.47341,156.69600
-0.47100,0.01487,0.09146,0.52530,-0.52530,-0.47334,-0.47334,156.79600
-0.47100,0.01480,0.09145,0.52537,-0.52537,-0.47328,-0.47328,156.89600
-0.47100,0.01472,0.09144,0.52543,-0.52543,-0.47321,-0.47321,156.99600
-0.47100,0.01462,0.09143,0.52549,-0.52549,-0.47314,-0.47314,157.09600
-0.47100,0.01452,0.09142,0.52555,-0.52555,-0.47307,-0.47307,157.19600
-0.47100,0.01441,0.09141,0.52561,-0.52561,-0.47300,-0.47300,157.29600
-0.47100,0.01430,0.09140,0.52568,-0.52568,-0.47293,-0.47293,157.39600
-0.47100,0.01418,0.09139,0.52574,-0.52574,-0.47286,-0.47286,157.49600
-0.47100,0.01405,0.09138,0.52580,-0.52580,-0.47280,-0.47280,157.59600
-0.47100,0.01393,0.09137,0.52586,-0.52586,-0.47273,-0.47273,157.69600
-0.47100,0.01380,0.09136,0.52592,-0.52592,-0.47266,-0.47266,157.79600
-0.47100,0.01367,0.09135,0.52598,-0.52598,-0.47259,-0.47259,157.89600
-0.47100,0.01355,0.09134,0.52605,-0.52605,-0.47252,-0.47252,157.99600
-0.47100,0.01342,0.09132,0.52611,-0.52611,-0.47245,-0.47245,158.09600
-0.47100,0.01330,0.09131,0.52617,-0.52617,-0.47238,-0.47238,158.19600
-0.47100,0.01318,0.09130,0.52623,-0.52623,-0.47232,-0.47232,158.29600
-0.47100,0.01307,0.09129,0.52629,-0.52629,-0.47225,-0.47225,158.39600
-0.47100,0.01297,0.09128,0.52635,-0.52635,-0.47218,-0.47218,158.49600
-0.47100,0.01287,0.09127,0.52642,-0.52642,-0.47211,-0.47211,158.59600
-0.47100,0.01279,0.09126,0.52648,-0.52648,-0.47204,-0.47204,158.69600
-0.47100,0.01271,0.09125,0.52654,-0.52654,-0.47197,-0.47197,158.79600
-0.47100,0.01264,0.09124,0.52660,-0.52660,-0.47190,-0.47190,158.89600
-0.47100,0.01259,0.09123,0.52666,-0.52666,-0.47183,-0.47183,158.99600
-0.47100,0.01255,0.09122,0.52672,-0.52672,-0.47177,-0.47177,159.09600
-0.47100,0.01252,0.09121,0.52679,-0.52679,-0.47170,-0.47170,159.19600
-0.47100,0.01250,0.09119,0.52685,-0.52685,-0.47163,-0.47163,159.29600
-0.47100,0.01250,0.09118,0.52691,-0.52691,-0.47156,-0.47156,159.39600
-0.47100,0.01252,0.09117,0.52697,-0.52697,-0.47149,-0.47149,159.49600
-0.47100,0.01255,0.09116,0.52703,-0.52703,-0.47142,-0.47142,159.59600
-0.47100,0.01260,0.09115,0.52709,-0.52709,-0.47135,-0.47135,159.69600
-0.47100,0.01266,0.09114,0.52715,-0.52715,-0.47128,-0.47128,159.79600
-0.47100,0.01274,0.09113,0.52722,-0.52722,-0.47121,-0.47121,159.89600
-0.47100,0.01283,0.09112,0.52728,-0.52728,-0.47115,-0.47115,159.99600
-0.47100,0.01295,0.09111,0.52734,-0.52734,-0.47108,-0.47108,160.09600
-0.47100,0.01308,0.09109,0.52740,-0.52740,-0.47101,-0.47101,160.19600
-0.47100,0.01322,0.09108,0.52746,-0.52746,-0.47094,-0.47094,160.29600
-0.47100,0.01338,0.09107,0.52752,-0.52752,-0.47087,-0.47087,160.39600
-0.47100,0.01356,0.09106,0.52758,-0.52758,-0.47080,-0.47080,160.49600
-0.47100,0.01375,0.09105,0.52765,-0.52765,-0.47073,-0.47073,160.59600
-0.47100,0.01396,0.09104,0.52771,-0.52771,-0.47066,-0.47066,160.69600
-0.47100,0.01418,0.09103,0.52777,-0.52777,-0.47060,-0.47060,160.79600
-0.47100,0.01441,0.09101,0.52783,-0.52783,-0.47053,-0.47053,160.89600
-0.47100,0.01466,0.09100,0.52789,-0.52789,-0.47046,-0.47046,160.99600
-0.47100,0.01492,0.09099,0.52795,-0.52795,-0.47039,-0.47039,161.09600
-0.47100,0.01519,0.09098,0.52801,-0.52801,-0.47032,-0.47032,161.19600
-0.47100,0.01547,0.09097,0.52808,-0.52808,-0.47025,-0.47025,161.29600
-0.47100,0.01576,0.09096,0.52814,-0.52814,-0.47018,-0.47018,161.39600
-0.47100,0.01605,0.09095,0.52820,-0.52820,-0.47011,-0.47011,161.49600
-0.47100,0.01636,0.09093,0.52826,-0.52826,-0.47004,-0.47004,161.59600
-0.47100,0.01667,0.09092,0.52832,-0.52832,-0.46997,-0.46997,161.69600
-0.47100,0.01699,0.09091,0.52838,-0.52838,-0.46991,-0.46991,161.79600
-0.47100,0.01731,0.09090,0.52844,-0.52844,-0.46984,-0.46984,161.89600
-0.47100,0.01763,0.09089,0.52851,-0.52851,-0.46977,-0.46977,161.99600
-0.47100,0.01795,0.09088,0.52857,-0.52857,-0.46970,-0.46970,162.09600
-0.47100,0.01828,0.09086,0.52863,-0.52863,-0.46963,-0.46963,162.19600
-0.47100,0.01860,0.09085,0.52869,-0.52869,-0.46956,-0.46956,162.29600
-0.47100,0.01892,0.09084,0.52875,-0.52875,-0.46949,-0.46949,162.39600
-0.47100,0.01924,0.09083,0.52881,-0.52881,-0.46942,-0.46942,162.49600
-0.47100,0.01955,0.09082,0.52887,-0.52887,-0.46935,-0.46935,162.59600
-0.47100,0.01986,0.09080,0.52893,-0.52893,-0.46928,-0.46928,162.69600
-0.47100,0.02016,0.09079,0.52900,-0.52900,-0.46922,-0.46922,162.79600
-0.47100,0.02045,0.09078,0.52906,-0.52906,-0.46915,-0.46915,162.89600
-0.47100,0.02073,0.09077,0.52912,-0.52912,-0.46908,-0.46908,162.99600
-0.47100,0.02101,0.09076,0.52918,-0.52918,-0.46901,-0.46901,163.09600
-0.47100,0.02127,0.09074,0.52924,-0.52924,-0.46894,-0.46894,163.19600
-0.47100,0.02152,0.09073,0.52930,-0.52930,-0.46887,-0.46887,163.29600
-0.47100,0.02176,0.09072,0.52936,-0.52936,-0.46880,-0.46880,163.39600
-0.47100,0.02199,0.09071,0.52942,-0.52942,-0.46873,-0.46873,163.49600
-0.47100,0.02220,0.09070,0.52949,-0.52949,-0.46866,-0.46866,163.59600
-0.47100,0.02240,0.09068,0.52955,-0.52955,-0.46859,-0.46859,163.69600
-0.47100,0.02258,0.09067,0.52961,-0.52961,-0.46852,-0.46852,163.79600
-0.47100,0.02275,0.09066,0.52967,-0.52967,-0.46846,-0.46846,163.89600
-0.47100,0.02290,0.09065,0.52973,-0.52973,-0.46839,-0.46839,163.99600
-0.47100,0.02303,0.09064,0.52979,-0.52979,-0.46832,-0.46832,164.09600
-0.47100,0.02315,0.09062,0.52985,-0.52985,-0.46825,-0.46825,164.19600
-0.47100,0.02326,0.09061,0.52991,-0.52991,-0.46818,-0.46818,164.29600
-0.47100,0.02334,0.09060,0.52998,-0.52998,-0.46811,-0.46811,164.39600
-0.47100,0.02341,0.09059,0.53004,-0.53004,-0.46804,-0.46804,164.49600
-0.47100,0.02347,0.09057,0.53010,-0.53010,-0.46797,-0.46797,164.59600
-0.47100,0.02351,0.09056,0.53016,-0.53016,-0.46790,-0.46790,164.69600
-0.47100,0.02353,0.09055,0.53022,-0.53022,-0.46783,-0.46783,164.79600
-0.47100,0.02354,0.09054,0.53028,-0.53028,-0.46776,-0.46776,164.89600
-0.47100,0.02353,0.09052,0.53034,-0.53034,-0.46769,-0.46769,164.99600
-0.47100,0.02351,0.09051,0.53040,-0.53040,-0.46762,-0.46762,165.09600
-0.47100,0.02348,0.09050,0.53046,-0.53046,-0.46756,-0.46756,165.19600
-0.47100,0.02343,0.09049,0.53052,-0.53052,-0.46749,-0.46749,165.29600
-0.47100,0.02337,0.09047,0.53059,-0.53059,-0.46742,-0.46742,165.39600
-0.47100,0.02330,0.09046,0.53065,-0.53065,-0.46735,-0.46735,165.49600
-0.47100,0.02322,0.09045,0.53071,-0.53071,-0.46728,-0.46728,165.59600
-0.47100,0.02313,0.09044,0.53077,-0.53077,-0.46721,-0.46721,165.69600
-0.47100,0.02304,0.09042,0.53083,-0.53083,-0.46714,-0.46714,165.79600
-0.47100,0.02293,0.09041,0.53089,-0.53089,-0.46707,-0.46707,165.89600
-0.47100,0.02282,0.09040,0.53095,-0.53095,-0.46700,-0.46700,165.99600
-0.47100,0.02271,0.09038,0.53101,-0.53101,-0.46693,-0.46693,166.09600
-0.47100,0.02259,0.09037,0.53107,-0.53107,-0.46686,-0.46686,166.19600
-0.47100,0.02247,0.09036,0.53113,-0.53113,-0.46679,-0.46679,166.29600
-0.47100,0.02235,0.09035,0.53120,-0.53120,-0.46672,-0.46672,166.39600
-0.47100,0.02222,0.09033,0.53126,-0.53126,-0.46665,-0.46665,166.49600
-0.47100,0.02210,0.09032,0.53132,-0.53132,-0.46659,-0.46659,166.59600
-0.47100,0.02198,0.09031,0.53138,-0.53138,-0.46652,-0.46652,166.69600
-0.47100,0.02186,0.09029,0.53144,-0.53144,-0.46645,-0.46645,166.79600
-0.47100,0.02175,0.09028,0.53150,-0.53150,-0.46638,-0.46638,166.89600
-0.47100,0.02165,0.09027,0.53156,-0.53156,-0.46631,-0.46631,166.99600
-0.47100,0.02155,0.09026,0.53162,-0.53162,-0.46624,-0.46624,167.09600
-0.47100,0.02145,0.09024,0.53168,-0.53168,-0.46617,-0.46617,167.19600
-0.47100,0.02137,0.09023,0.53174,-0.53174,-0.46610,-0.46610,167.29600
-0.47100,0.02130,0.09022,0.53180,-0.53180,-0.46603,-0.46603,167.39600
-0.47100,0.02123,0.09020,0.53187,-0.53187,-0.46596,-0.46596,167.49600
-0.47100,0.02118,0.09019,0.53193,-0.53193,-0.46589,-0.46589,167.59600
-0.47100,0.02114,0.09018,0.53199,-0.53199,-0.46582,-0.46582,167.69600
-0.47100,0.02112,0.09016,0.53205,-0.53205,-0.46575,-0.46575,167.79600
-0.47100,0.02110,0.09015,0.53211,-0.53211,-0.46568,-0.46568,167.89600
-0.47100,0.02111,0.09014,0.53217,-0.53217,-0.46561,-0.46561,167.99600
-0.47100,0.02112,0.09012,0.53223,-0.53223,-0.46554,-0.46554,168.09600
-0.47100,0.02115,0.09011,0.53229,-0.53229,-0.46547,-0.46547,168.19600
-0.47100,0.02120,0.09010,0.53235,-0.53235,-0.46541,-0.46541,168.29600
-0.47100,0.02126,0.09008,0.53241,-0.53241,-0.46534,-0.46534,168.39600
-0.47100,0.02134,0.09007,0.53247,-0.53247,-0.46527,-0.46527,168.49600
-0.47100,0.02144,0.09006,0.53253,-0.53253,-0.46520,-0.46520,168.59600
-0.47100,0.02155,0.09004,0.53259,-0.53259,-0.46513,-0.46513,168.69600
-0.47100,0.02168,0.09003,0.53266,-0.53266,-0.46506,-0.46506,168.79600
-0.47100,0.02182,0.09002,0.53272,-0.53272,-0.46499,-0.46499,168.89600
-0.47100,0.02198,0.09000,0.53278,-0.53278,-0.46492,-0.46492,168.99600
-0.47100,0.02215,0.08999,0.53284,-0.53284,-0.46485,-0.46485,169.09600
-0.47100,0.02234,0.08998,0.53290,-0.53290,-0.46478,-0.46478,169.19600
-0.47100,0.02254,0.08996,0.53296,-0.53296,-0.46471,-0.46471,169.29600
-0.47100,0.02276,0.08995,0.53302,-0.53302,-0.46464,-0.46464,169.39600
-0.47100,0.02299,0.08993,0.53308,-0.53308,-0.46457,-0.46457,169.49600
-0.47100,0.02324,0.08992,0.53314,-0.53314,-0.46450,-0.46450,169.59600
-0.47100,0.02349,0.08991,0.53320,-0.53320,-0.46443,-0.46443,169.69600
-0.47100,0.02376,0.08989,0.53326,-0.53326,-0.46436,-0.46436,169.79600
-0.47100,0.02403,0.08988,0.53332,-0.53332,-0.46429,-0.46429,169.89600
-0.47100,0.02432,0.08987,0.53338,-0.53338,-0.46422,-0.46422,169.99600
-0.47100,0.02461,0.08985,0.53344,-0.53344,-0.46415,-0.46415,170.09600
-0.47100,0.02491,0.08984,0.53350,-0.53350,-0.46408,-0.46408,170.19600
-0.47100,0.02521,0.08982,0.53356,-0.53356,-0.46401,-0.46401,170.29600
-0.47100,0.02552,0.08981,0.53363,-0.53363,-0.46394,-0.46394,170.39600
-0.47100,0.02584,0.08980,0.53369,-0.53369,-0.46387,-0.46387,170.49600
-0.47100,0.02616,0.08978,0.53375,-0.53375,-0.46380,-0.46380,170.59600
-0.47100,0.02647,0.08977,0.53381,-0.53381,-0.46373,-0.46373,170.69600
-0.47100,0.02679,0.08975,0.53387,-0.53387,-0.46367,-0.46367,170.79600
-0.47100,0.02711,0.08974,0.53393,-0.53393,-0.46360,-0.46360,170.89600
-0.47100,0.02743,0.08973,0.53399,-0.53399,-0.46353,-0.46353,170.99600
-0.47100,0.02774,0.08971,0.53405,-0.53405,-0.46346,-0.46346,171.09600
-0.47100,0.02805,0.08970,0.53411,-0.53411,-0.46339,-0.46339,171.19600
-0.47100,0.02835,0.08968,0.53417,-0.53417,-0.46332,-0.46332,171.29600
-0.47100,0.02864,0.08967,0.53423,-0.53423,-0.46325,-0.46325,171.39600
-0.47100,0.02893,0.08966,0.53429,-0.53429,-0.46318,-0.46318,171.49600
-0.47100,0.02921,0.08964,0.53435,-0.53435,-0.46311,-0.46311,171.59600
-0.47100,0.02948,0.08963,0.53441,-0.53441,-0.46304,-0.46304,171.69600
-0.47100,0.02974,0.08961,0.53447,-0.53447,-0.46297,-0.46297,171.79600
-0.47100,0.02999,0.08960,0.53453,-0.53453,-0.46290,-0.46290,171.89600
-0.47100,0.03022,0.08958,0.53459,-0.53459,-0.46283,-0.46283,171.99600
-0.47100,0.03045,0.08957,0.53465,-0.53465,-0.46276,-0.46276,172.09600
-0.47100,0.03066,0.08956,0.53471,-0.53471,-0.46269,-0.46269,172.19600
-0.47100,0.03085,0.08954,0.53477,-0.53477,-0.46262,-0.46262,172.29600
-0.47100,0.03103,0.08953,0.53483,-0.53483,-0.46255,-0.46255,172.39600
-0.47100,0.03120,0.08951,0.53490,-0.53490,-0.46248,-0.46248,172.49600
-0.47100,0.03135,0.08950,0.53496,-0.53496,-0.46241,-0.46241,172.59600
-0.47100,0.03149,0.08948,0.53502,-0.53502,-0.46234,-0.46234,172.69600
-0.47100,0.03160,0.08947,0.53508,-0.53508,-0.46227,-0.46227,172.79600
-0.47100,0.03171,0.08946,0.53514,-0.53514,-0.46220,-0.46220,172.89600
-0.47100,0.03179,0.08944,0.53520,-0.53520,-0.46213,-0.46213,172.99600
-0.47100,0.03187,0.08943,0.53526,-0.53526,-0.46206,-0.46206,173.09600
-0.47100,0.03192,0.08941,0.53532,-0.53532,-0.46199,-0.46199,173.19600
-0.47100,0.03196,0.08940,0.53538,-0.53538,-0.46192,-0.46192,173.29600
-0.47100,0.03199,0.08938,0.53544,-0.53544,-0.46185,-0.46185,173.39600
-0.47100,0.03200,0.08937,0.53550,-0.53550,-0.46178,-0.46178,173.49600
-0.47100,0.03199,0.08935,0.53556,-0.53556,-0.46171,-0.46171,173.59600
-0.47100,0.03198,0.08934,0.53562,-0.53562,-0.46164,-0.46164,173.69600
-0.47100,0.03194,0.08932,0.53568,-0.53568,-0.46157,-0.46157,173.79600
-0.47100,0.03190,0.08931,0.53574,-0.53574,-0.46150,-0.46150,173.89600
-0.47100,0.03185,0.08929,0.53580,-0.53580,-0.46143,-0.46143,173.99600
-0.47100,0.03178,0.08928,0.53586,-0.53586,-0.46136,-0.46136,174.09600
-0.47100,0.03171,0.08926,0.53592,-0.53592,-0.46129,-0.46129,174.19600
-0.47100,0.03162,0.08925,0.53598,-0.53598,-0.46122,-0.46122,174.29600
-0.47100,0.03153,0.08923,0.53604,-0.53604,-0.46115,-0.46115,174.39600
-0.47100,0.03143,0.08922,0.53610,-0.53610,-0.46108,-0.46108,174.49600
-0.47100,0.03132,0.08920,0.53616,-0.53616,-0.46101,-0.46101,174.59600
-0.47100,0.03121,0.08919,0.53622,-0.53622,-0.46094,-0.46094,174.69600
-0.47100,0.03110,0.08917,0.53628,-0.53628,-0.46087,-0.46087,174.79600
-0.47100,0.03098,0.08916,0.53634,-0.53634,-0.46080,-0.46080,174.89600
-0.47100,0.03087,0.08914,0.53640,-0.53640,-0.46073,-0.46073,174.99600
-0.47100,0.03075,0.08913,0.53646,-0.53646,-0.46066,-0.46066,175.09600
-0.47100,0.03063,0.08911,0.53652,-0.53652,-0.46059,-0.46059,175.19600
-0.47100,0.03052,0.08910,0.53658,-0.53658,-0.46052,-0.46052,175.29600
-0.47100,0.03040,0.08908,0.53664,-0.53664,-0.46045,-0.46045,175.39600
-0.47100,0.03030,0.08907,0.53670,-0.53670,-0.46038,-0.46038,175.49600
-0.47100,0.03019,0.08905,0.53676,-0.53676,-0.46031,-0.46031,175.59600
-0.47100,0.03010,0.08904,0.53682,-0.53682,-0.46024,-0.46024,175.69600
-0.47100,0.03001,0.08902,0.53688,-0.53688,-0.46017,-0.46017,175.79600
-0.47100,0.02993,0.08901,0.53694,-0.53694,-0.46010,-0.46010,175.89600
-0.47100,0.02986,0.08899,0.53700,-0.53700,-0.46003,-0.46003,175.99600
-0.47100,0.02980,0.08898,0.53706,-0.53706,-0.45996,-0.45996,176.09600
-0.47100,0.02975,0.08896,0.53712,-0.53712,-0.45989,-0.45989,176.19600
-0.47100,0.02971,0.08895,0.53718,-0.53718,-0.45982,-0.45982,176.29600
-0.47100,0.02969,0.08893,0.53724,-0.53724,-0.45975,-0.45975,176.39600
-0.47100,0.02968,0.08891,0.53730,-0.53730,-0.45968,-0.45968,176.49600
-0.47100,0.02968,0.08890,0.53736,-0.53736,-0.45961,-0.45961,176.59600
-0.47100,0.02970,0.08888,0.53742,-0.53742,-0.45954,-0.45954,176.69600
-0.47100,0.02973,0.08887,0.53748,-0.53748,-0.45947,-0.45947,176.79600
-0.47100,0.02978,0.08885,0.53754,-0.53754,-0.45940,-0.45940,176.89600
-0.47100,0.02984,0.08884,0.53760,-0.53760,-0.45933,-0.45933,176.99600
-0.47100,0.02992,0.08882,0.53766,-0.53766,-0.45926,-0.45926,177.09600
-0.47100,0.03001,0.08881,0.53772,-0.53772,-0.45919,-0.45919,177.19600
-0.47100,0.03012,0.08879,0.53778,-0.53778,-0.45912,-0.45912,177.29600
-0.47100,0.03025,0.08877,0.53784,-0.53784,-0.45905,-0.45905,177.39600
-0.47100,0.03039,0.08876,0.53790,-0.53790,-0.45898,-0.45898,177.49600
-0.47100,0.03055,0.08874,0.53796,-0.53796,-0.45891,-0.45891,177.59600
-0.47100,0.03072,0.08873,0.53802,-0.53802,-0.45884,-0.45884,177.69600
-0.47100,0.03091,0.08871,0.53808,-0.53808,-0.45877,-0.45877,177.79600
-0.47100,0.03111,0.08870,0.53814,-0.53814,-0.45870,-0.45870,177.89600
-0.47100,0.03132,0.08868,0.53820,-0.53820,-0.45863,-0.45863,177.99600
-0.47100,0.03155,0.08866,0.53826,-0.53826,-0.45856,-0.45856,178.09600
-0.47100,0.03179,0.08865,0.53832,-0.53832,-0.45849,-0.45849,178.19600
-0.47100,0.03204,0.08863,0.53838,-0.53838,-0.45842,-0.45842,178.29600
-0.47100,0.03230,0.08862,0.53844,-0.53844,-0.45835,-0.45835,178.39600
-0.47100,0.03257,0.08860,0.53850,-0.53850,-0.45828,-0.45828,178.49600
-0.47100,0.03285,0.08858,0.53856,-0.53856,-0.45820,-0.45820,178.59600
-0.47100,0.03314,0.08857,0.53862,-0.53862,-0.45813,-0.45813,178.69600
-0.47100,0.03343,0.08855,0.53868,-0.53868,-0.45806,-0.45806,178.79600
-0.47100,0.03373,0.08854,0.53874,-0.53874,-0.45799,-0.45799,178.89600
-0.47100,0.03404,0.08852,0.53880,-0.53880,-0.45792,-0.45792,178.99600
-0.47100,0.03434,0.08850,0.53886,-0.53886,-0.45785,-0.45785,179.09600
-0.47100,0.03466,0.08849,0.53892,-0.53892,-0.45778,-0.45778,179.19600
-0.47100,0.03497,0.08847,0.53898,-0.53898,-0.45771,-0.45771,179.29600
-0.47100,0.03528,0.08845,0.53904,-0.53904,-0.45764,-0.45764,179.39600
-0.47100,0.03559,0.08844,0.53910,-0.53910,-0.45757,-0.45757,179.49600
-0.47100,0.03590,0.08842,0.53916,-0.53916,-0.45750,-0.45750,179.59600
-0.47100,0.03621,0.08841,0.53922,-0.53922,-0.45743,-0.45743,179.69600
-0.47100,0.03651,0.08839,0.53928,-0.53928,-0.45736,-0.45736,179.79600
-0.47100,0.03681,0.08837,0.53934,-0.53934,-0.45729,-0.45729,179.89600
-0.47100,0.03710,0.08836,0.53940,-0.53940,-0.45722,-0.45722,179.99600
-0.47100,0.03739,0.08834,0.53946,-0.53946,-0.45715,-0.45715,180.09600
-0.47100,0.03766,0.08832,0.53952,-0.53952,-0.45708,-0.45708,180.19600
-0.47100,0.03793,0.08831,0.53958,-0.53958,-0.45701,-0.45701,180.29600
-0.47100,0.03818,0.08829,0.53964,-0.53964,-0.45694,-0.45694,180.39600
-0.47100,0.03843,0.08827,0.53970,-0.53970,-0.45687,-0.45687,180.49600
-0.47100,0.03866,0.08826,0.53976,-0.53976,-0.45680,-0.45680,180.59600
-0.47100,0.03888,0.08824,0.53982,-0.53982,-0.45673,-0.45673,180.69600
-0.47100,0.03909,0.08823,0.53987,-0.53987,-0.45666,-0.45666,180.79600
-0.47100,0.03928,0.08821,0.53993,-0.53993,-0.45659,-0.45659,180.89600
-0.47100,0.03946,0.08819,0.53999,-0.53999,-0.45652,-0.45652,180.99600
-0.47100,0.03963,0.08818,0.54005,-0.54005,-0.45644,-0.45644,181.09600
-0.47100,0.03978,0.08816,0.54011,-0.54011,-0.45637,-0.45637,181.19600
-0.47100,0.03991,0.08814,0.54017,-0.54017,-0.45630,-0.45630,181.29600
-0.47100,0.04003,0.08813,0.54023,-0.54023,-0.45623,-0.45623,181.39600
-0.47100,0.04013,0.08811,0.54029,-0.54029,-0.45616,-0.45616,181.49600
-0.47100,0.04022,0.08809,0.54035,-0.54035,-0.45609,-0.45609,181.59600
-0.47100,0.04029,0.08807,0.54041,-0.54041,-0.45602,-0.45602,181.69600
-0.47100,0.04035,0.08806,0.54047,-0.54047,-0.45595,-0.45595,181.79600
-0.47100,0.04039,0.08804,0.54053,-0.54053,-0.45588,-0.45588,181.89600
-0.47100,0.04042,0.08802,0.54059,-0.54059,-0.45581,-0.45581,181.99600
-0.47100,0.04043,0.08801,0.54065,-0.54065,-0.45574,-0.45574,182.09600
-0.47100,0.04043,0.08799,0.54071,-0.54071,-0.45567,-0.45567,182.19600
-0.47100,0.04041,0.08797,0.54077,-0.54077,-0.45560,-0.45560,182.29600
-0.47100,0.04039,0.08796,0.54083,-0.54083,-0.45553,-0.45553,182.39600
-0.47100,0.04035,0.08794,0.54089,-0.54089,-0.45546,-0.45546,182.49600
-0.47100,0.04029,0.08792,0.54095,-0.54095,-0.45539,-0.45539,182.59600
-0.47100,0.04023,0.08791,0.54101,-0.54101,-0.45532,-0.45532,182.69600
-0.47100,0.04016,0.08789,0.54107,-0.54107,-0.45525,-0.45525,182.79600
-0.47100,0.04008,0.08787,0.54112,-0.54112,-0.45517,-0.45517,182.89600
-0.47100,0.03999,0.08785,0.54118,-0.54118,-0.45510,-0.45510,182.99600
-0.47100,0.03990,0.08784,0.54124,-0.54124,-0.45503,-0.45503,183.09600
-0.47100,0.03980,0.08782,0.54130,-0.54130,-0.45496,-0.45496,183.19600
-0.47100,0.03969,0.08780,0.54136,-0.54136,-0.45489,-0.45489,183.29600
-0.47100,0.03958,0.08779,0.54142,-0.54142,-0.45482,-0.45482,183.39600
-0.47100,0.03947,0.08777,0.54148,-0.54148,-0.45475,-0.45475,183.49600
-0.47100,0.03936,0.08775,0.54154,-0.54154,-0.45468,-0.45468,183.59600
-0.47100,0.03924,0.08773,0.54160,-0.54160,-0.45461,-0.45461,183.69600
-0.47100,0.03913,0.08772,0.54166,-0.54166,-0.45454,-0.45454,183.79600
-0.47100,0.03902,0.08770,0.54172,-0.54172,-0.45447,-0.45447,183.89600
-0.47100,0.03891,0.08768,0.54178,-0.54178,-0.45440,-0.45440,183.99600
-0.47100,0.03881,0.08766,0.54184,-0.54184,-0.45433,-0.45433,184.09600
-0.47100,0.03871,0.08765,0.54190,-0.54190,-0.45426,-0.45426,184.19600
-0.47100,0.03862,0.08763,0.54196,-0.54196,-0.45418,-0.45418,184.29600
-0.47100,0.03853,0.08761,0.54202,-0.54202,-0.45411,-0.45411,184.39600
-0.47100,0.03846,0.08759,0.54207,-0.54207,-0.45404,-0.45404,184.49600
-0.47100,0.03839,0.08758,0.54213,-0.54213,-0.45397,-0.45397,184.59600
-0.47100,0.03833,0.08756,0.54219,-0.54219,-0.45390,-0.45390,184.69600
-0.47100,0.03829,0.08754,0.54225,-0.54225,-0.45383,-0.45383,184.79600
-0.47100,0.03825,0.08752,0.54231,-0.54231,-0.45376,-0.45376,184.89600
-0.47100,0.03823,0.08751,0.54237,-0.54237,-0.45369,-0.45369,184.99600
-0.47100,0.03822,0.08749,0.54243,-0.54243,-0.45362,-0.45362,185.09600
-0.47100,0.03822,0.08747,0.54249,-0.54249,-0.45355,-0.45355,185.19600
-0.47100,0.03824,0.08745,0.54255,-0.54255,-0.45348,-0.45348,185.29600
-0.47100,0.03828,0.08744,0.54261,-0.54261,-0.45341,-0.45341,185.39600
-0.47100,0.03832,0.08742,0.54267,-0.54267,-0.45334,-0.45334,185.49600
-0.47100,0.03839,0.08740,0.54273,-0.54273,-0.45326,-0.45326,185.59600
-0.47100,0.03847,0.08738,0.54279,-0.54279,-0.45319,-0.45319,185.69600
-0.47100,0.03856,0.08736,0.54284,-0.54284,-0.45312,-0.45312,185.79600
-0.47100,0.03867,0.08735,0.54290,-0.54290,-0.45305,-0.45305,185.89600
-0.47100,0.03879,0.08733,0.54296,-0.54296,-0.45298,-0.45298,185.99600
-0.47100,0.03893,0.08731,0.54302,-0.54302,-0.45291,-0.45291,186.09600
-0.47100,0.03909,0.08729,0.54308,-0.54308,-0.45284,-0.45284,186.19600
-0.47100,0.03925,0.08727,0.54314,-0.54314,-0.45277,-0.45277,186.29600
-0.47100,0.03944,0.08726,0.54320,-0.54320,-0.45270,-0.45270,186.39600
-0.47100,0.03964,0.08724,0.54326,-0.54326,-0.45263,-0.45263,186.49600
-0.47100,0.03985,0.08722,0.54332,-0.54332,-0.45256,-0.45256,186.59600
-0.47100,0.04007,0.08720,0.54338,-0.54338,-0.45248,-0.45248,186.69600
-0.47100,0.04030,0.08718,0.54344,-0.54344,-0.45241,-0.45241,186.79600
-0.47100,0.04055,0.08717,0.54349,-0.54349,-0.45234,-0.45234,186.89600
-0.47100,0.04081,0.08715,0.54355,-0.54355,-0.45227,-0.45227,186.99600
-0.47100,0.04107,0.08713,0.54361,-0.54361,-0.45220,-0.45220,187.09600
-0.47100,0.04135,0.08711,0.54367,-0.54367,-0.45213,-0.45213,187.19600
-0.47100,0.04163,0.08709,0.54373,-0.54373,-0.45206,-0.45206,187.29600
-0.47100,0.04192,0.08707,0.54379,-0.54379,-0.45199,-0.45199,187.39600
-0.47100,0.04222,0.08706,0.54385,-0.54385,-0.45192,-0.45192,187.49600
-0.47100,0.04252,0.08704,0.54391,-0.54391,-0.45185,-0.45185,187.59600
-0.47100,0.04282,0.08702,0.54397,-0.54397,-0.45177,-0.45177,187.69600
-0.47100,0.04313,0.08700,0.54403,-0.54403,-0.45170,-0.45170,187.79600
-0.47100,0.04343,0.08698,0.54408,-0.54408,-0.45163,-0.45163,187.89600
-0.47100,0.04374,0.08696,0.54414,-0.54414,-0.45156,-0.45156,187.99600
-0.47100,0.04405,0.08695,0.54420,-0.54420,-0.45149,-0.45149,188.09600
-0.47100,0.04435,0.08693,0.54426,-0.54426,-0.45142,-0.45142,188.19600
-0.47100,0.04466,0.08691,0.54432,-0.54432,-0.45135,-0.45135,188.29600
-0.47100,0.04495,0.08689,0.54438,-0.54438,-0.45128,-0.45128,188.39600
-0.47100,0.04525,0.08687,0.54444,-0.54444,-0.45121,-0.45121,188.49600
-0.47100,0.04553,0.08685,0.54450,-0.54450,-0.45114,-0.45114,188.59600
-0.47100,0.04581,0.08683,0.54456,-0.54456,-0.45106,-0.45106,188.69600
-0.47100,0.04608,0.08682,0.54461,-0.54461,-0.45099,-0.45099,188.79600
-0.47100,0.04635,0.08680,0.54467,-0.54467,-0.45092,-0.45092,188.89600
-0.47100,0.04660,0.08678,0.54473,-0.54473,-0.45085,-0.45085,188.99600
-0.47100,0.04684,0.08676,0.54479,-0.54479,-0.45078,-0.45078,189.09600
-0.47100,0.04707,0.08674,0.54485,-0.54485,-0.45071,-0.45071,189.19600
-0.47100,0.04729,0.08672,0.54491,-0.54491,-0.45064,-0.45064,189.29600
-0.47100,0.04749,0.08670,0.54497,-0.54497,-0.45057,-0.45057,189.39600
-0.47100,0.04768,0.08668,0.54503,-0.54503,-0.45050,-0.45050,189.49600
-0.47100,0.04786,0.08667,0.54509,-0.54509,-0.45042,-0.45042,189.59600
-0.47100,0.04802,0.08665,0.54514,-0.54514,-0.45035,-0.45035,189.69600
-0.47100,0.04817,0.08663,0.54520,-0.54520,-0.45028,-0.45028,189.79600
-0.47100,0.04831,0.08661,0.54526,-0.54526,-0.45021,-0.45021,189.89600
-0.47100,0.04842,0.08659,0.54532,-0.54532,-0.45014,-0.45014,189.99600
-0.47100,0.04853,0.08657,0.54538,-0.54538,-0.45007,-0.45007,190.09600
-0.47100,0.04861,0.08655,0.54544,-0.54544,-0.45000,-0.45000,190.19600
-0.47100,0.04869,0.08653,0.54550,-0.54550,-0.44993,-0.44993,190.29600
-0.47100,0.04875,0.08651,0.54556,-0.54556,-0.44985,-0.44985,190.39600
-0.47100,0.04879,0.08650,0.54561,-0.54561,-0.44978,-0.44978,190.49600
-0.47100,0.04882,0.08648,0.54567,-0.54567,-0.44971,-0.44971,190.59600
-0.47100,0.04883,0.08646,0.54573,-0.54573,-0.44964,-0.44964,190.69600
-0.47100,0.04883,0.08644,0.54579,-0.54579,-0.44957,-0.44957,190.79600
-0.47100,0.04882,0.08642,0.54585,-0.54585,-0.44950,-0.44950,190.89600
-0.47100,0.04879,0.08640,0.54591,-0.54591,-0.44943,-0.44943,190.99600
-0.47100,0.04876,0.08638,0.54597,-0.54597,-0.44936,-0.44936,191.09600
-0.47100,0.04871,0.08636,0.54603,-0.54603,-0.44928,-0.44928,191.19600
-0.47100,0.04865,0.08634,0.54608,-0.54608,-0.44921,-0.44921,191.29600
-0.47100,0.04858,0.08632,0.54614,-0.54614,-0.44914,-0.44914,191.39600
-0.47100,0.04851,0.08630,0.54620,-0.54620,-0.44907,-0.44907,191.49600
-0.47100,0.04842,0.08628,0.54626,-0.54626,-0.44900,-0.44900,191.59600
-0.47100,0.04833,0.08626,0.54632,-0.54632,-0.44893,-0.44893,191.69600
-0.47100,0.04824,0.08625,0.54638,-0.54638,-0.44886,-0.44886,191.79600
-0.47100,0.04813,0.08623,0.54644,-0.54644,-0.44879,-0.44879,191.89600
-0.47100,0.04803,0.08621,0.54649,-0.54649,-0.44871,-0.44871,191.99600
-0.47100,0.04792,0.08619,0.54655,-0.54655,-0.44864,-0.44864,192.09600
-0.47100,0.04781,0.08617,0.54661,-0.54661,-0.44857,-0.44857,192.19600
-0.47100,0.04770,0.08615,0.54667,-0.54667,-0.44850,-0.44850,192.29600
-0.47100,0.04760,0.08613,0.54673,-0.54673,-0.44843,-0.44843,192.39600
-0.47100,0.04749,0.08611,0.54679,-0.54679,-0.44836,-0.44836,192.49600
-0.47100,0.04739,0.08609,0.54685,-0.54685,-0.44829,-0.44829,192.59600
-0.47100,0.04729,0.08607,0.54690,-0.54690,-0.44821,-0.44821,192.69600
-0.47100,0.04719,0.08605,0.54696,-0.54696,-0.44814,-0.44814,192.79600
-0.47100,0.04710,0.08603,0.54702,-0.54702,-0.44807,-0.44807,192.89600
-0.47100,0.04702,0.08601,0.54708,-0.54708,-0.44800,-0.44800,192.99600
-0.47100,0.04695,0.08599,0.54714,-0.54714,-0.44793,-0.44793,193.09600
-0.47100,0.04689,0.08597,0.54720,-0.54720,-0.44786,-0.44786,193.19600
-0.47100,0.04683,0.08595,0.54725,-0.54725,-0.44779,-0.44779,193.29600
-0.47100,0.04679,0.08593,0.54731,-0.54731,-0.44771,-0.44771,193.39600
-0.47100,0.04675,0.08591,0.54737,-0.54737,-0.44764,-0.44764,193.49600
-0.47100,0.04673,0.08589,0.54743,-0.54743,-0.44757,-0.44757,193.59600
-0.47100,0.04673,0.08587,0.54749,-0.54749,-0.44750,-0.44750,193.69600
-0.47100,0.04673,0.08585,0.54755,-0.54755,-0.44743,-0.44743,193.79600
-0.47100,0.04675,0.08583,0.54761,-0.54761,-0.44736,-0.44736,193.89600
-0.47100,0.04679,0.08581,0.54766,-0.54766,-0.44729,-0.44729,193.99600
-0.47100,0.04683,0.08579,0.54772,-0.54772,-0.44721,-0.44721,194.09600
-0.47100,0.04690,0.08577,0.54778,-0.54778,-0.44714,-0.44714,194.19600
-0.47100,0.04697,0.08575,0.54784,-0.54784,-0.44707,-0.44707,194.29600
-0.47100,0.04707,0.08573,0.54790,-0.54790,-0.44700,-0.44700,194.39600
-0.47100,0.04717,0.08571,0.54796,-0.54796,-0.44693,-0.44693,194.49600
-0.47100,0.04730,0.08569,0.54801,-0.54801,-0.44686,-0.44686,194.59600
-0.47100,0.04744,0.08567,0.54807,-0.54807,-0.44678,-0.44678,194.69600
-0.47100,0.04759,0.08565,0.54813,-0.54813,-0.44671,-0.44671,194.79600
-0.47100,0.04775,0.08563,0.54819,-0.54819,-0.44664,-0.44664,194.89600
-0.47100,0.04793,0.08561,0.54825,-0.54825,-0.44657,-0.44657,194.99600
-0.47100,0.04813,0.08559,0.54831,-0.54831,-0.44650,-0.44650,195.09600
-0.47100,0.04834,0.08557,0.54836,-0.54836,-0.44643,-0.44643,195.19600
-0.47100,0.04855,0.08555,0.54842,-0.54842,-0.44636,-0.44636,195.29600
-0.47100,0.04879,0.08553,0.54848,-0.54848,-0.44628,-0.44628,195.39600
-0.47100,0.04903,0.08551,0.54854,-0.54854,-0.44621,-0.44621,195.49600
-0.47100,0.04928,0.08549,0.54860,-0.54860,-0.44614,-0.44614,195.59600
-0.47100,0.04954,0.08547,0.54866,-0.54866,-0.44607,-0.44607,195.69600
-0.47100,0.04981,0.08545,0.54871,-0.54871,-0.44600,-0.44600,195.79600
-0.47100,0.05009,0.08543,0.54877,-0.54877,-0.44593,-0.44593,195.89600
-0.47100,0.05038,0.08541,0.54883,-0.54883,-0.44585,-0.44585,195.99600
-0.47100,0.05067,0.08539,0.54889,-0.54889,-0.44578,-0.44578,196.09600
-0.47100,0.05096,0.08537,0.54895,-0.54895,-0.44571,-0.44571,196.19600
-0.47100,0.05126,0.08535,0.54900,-0.54900,-0.44564,-0.44564,196.29600
-0.47100,0.05156,0.08533,0.54906,-0.54906,-0.44557,-0.44557,196.39600
-0.47100,0.05186,0.08530,0.54912,-0.54912,-0.44550,-0.44550,196.49600
-0.47100,0.05216,0.08528,0.54918,-0.54918,-0.44542,-0.44542,196.59600
-0.47100,0.05247,0.08526,0.54924,-0.54924,-0.44535,-0.44535,196.69600
-0.47100,0.05277,0.08524,0.54930,-0.54930,-0.44528,-0.44528,196.79600
-0.47100,0.05306,0.08522,0.54935,-0.54935,-0.44521,-0.44521,196.89600
-0.47100,0.05336,0.08520,0.54941,-0.54941,-0.44514,-0.44514,196.99600
-0.47100,0.05365,0.08518,0.54947,-0.54947,-0.44507,-0.44507,197.09600
-0.47100,0.05393,0.08516,0.54953,-0.54953,-0.44499,-0.44499,197.19600
-0.47100,0.05420,0.08514,0.54959,-0.54959,-0.44492,-0.44492,197.29600
-0.47100,0.05447,0.08512,0.54964,-0.54964,-0.44485,-0.44485,197.39600
-0.47100,0.05473,0.08510,0.54970,-0.54970,-0.44478,-0.44478,197.49600
-0.47100,0.05498,0.08508,0.54976,-0.54976,-0.44471,-0.44471,197.59600
-0.47100,0.05521,0.08506,0.54982,-0.54982,-0.44464,-0.44464,197.69600
-0.47100,0.05544,0.08503,0.54988,-0.54988,-0.44456,-0.44456,197.79600
-0.47100,0.05566,0.08501,0.54993,-0.54993,-0.44449,-0.44449,197.89600
-0.47100,0.05586,0.08499,0.54999,-0.54999,-0.44442,-0.44442,197.99600
-0.47100,0.05605,0.08497,0.55005,-0.55005,-0.44435,-0.44435,198.09600
-0.47100,0.05622,0.08495,0.55011,-0.55011,-0.44428,-0.44428,198.19600
-0.47100,0.05638,0.08493,0.55017,-0.55017,-0.44420,-0.44420,198.29600
-0.47100,0.05653,0.08491,0.55022,-0.55022,-0.44413,-0.44413,198.39600
-0.47100,0.05666,0.08489,0.55028,-0.55028,-0.44406,-0.44406,198.49600
-0.47100,0.05678,0.08487,0.55034,-0.55034,-0.44399,-0.44399,198.59600
-0.47100,0.05689,0.08484,0.55040,-0.55040,-0.44392,-0.44392,198.69600
-0.47100,0.05697,0.08482,0.55046,-0.55046,-0.44385,-0.44385,198.79600
-0.47100,0.05705,0.08480,0.55051,-0.55051,-0.44377,-0.44377,198.89600
-0.47100,0.05711,0.08478,0.55057,-0.55057,-0.44370,-0.44370,198.99600
-0.47100,0.05715,0.08476,0.55063,-0.55063,-0.44363,-0.44363,199.09600
-0.47100,0.05718,0.08474,0.55069,-0.55069,-0.44356,-0.44356,199.19600
-0.47100,0.05720,0.08472,0.55075,-0.55075,-0.44349,-0.44349,199.29600
-0.47100,0.05720,0.08470,0.55080,-0.55080,-0.44341,-0.44341,199.39600
-0.47100,0.05719,0.08467,0.55086,-0.55086,-0.44334,-0.44334,199.49600
-0.47100,0.05717,0.08465,0.55092,-0.55092,-0.44327,-0.44327,199.59600
-0.47100,0.05713,0.08463,0.55098,-0.55098,-0.44320,-0.44320,199.69600
-0.47100,0.05709,0.08461,0.55103,-0.55103,-0.44313,-0.44313,199.79600
-0.47100,0.05703,0.08459,0.55109,-0.55109,-0.44305,-0.44305,199.89600
-0.47100,0.05697,0.08457,0.55115,-0.55115,-0.44298,-0.44298,199.99600
-0.47100,0.05690,0.08455,0.55121,-0.55121,-0.44291,-0.44291,200.09600
-0.47100,0.05682,0.08452,0.55127,-0.55127,-0.44284,-0.44284,200.19600
-0.47100,0.05673,0.08450,0.55132,-0.55132,-0.44277,-0.44277,200.29600
-0.47100,0.05664,0.08448,0.55138,-0.55138,-0.44269,-0.44269,200.39600
-0.47100,0.05654,0.08446,0.55144,-0.55144,-0.44262,-0.44262,200.49600
-0.47100,0.05644,0.08444,0.55150,-0.55150,-0.44255,-0.44255,200.59600
-0.47100,0.05634,0.08442,0.55156,-0.55156,-0.44248,-0.44248,200.69600
-0.47100,0.05623,0.08439,0.55161,-0.55161,-0.44241,-0.44241,200.79600
-0.47100,0.05613,0.08437,0.55167,-0.55167,-0.44233,-0.44233,200.89600
-0.47100,0.05602,0.08435,0.55173,-0.55173,-0.44226,-0.44226,200.99600
-0.47100,0.05592,0.08433,0.55179,-0.55179,-0.44219,-0.44219,201.09600
-0.47100,0.05582,0.08431,0.55184,-0.55184,-0.44212,-0.44212,201.19600
-0.47100,0.05573,0.08429,0.55190,-0.55190,-0.44205,-0.44205,201.29600
-0.47100,0.05564,0.08426,0.55196,-0.55196,-0.44197,-0.44197,201.39600
-0.47100,0.05555,0.08424,0.55202,-0.55202,-0.44190,-0.44190,201.49600
-0.47100,0.05547,0.08422,0.55207,-0.55207,-0.44183,-0.44183,201.59600
-0.47100,0.05540,0.08420,0.55213,-0.55213,-0.44176,-0.44176,201.69600
-0.47100,0.05534,0.08418,0.55219,-0.55219,-0.44169,-0.44169,201.79600
-0.47100,0.05529,0.08415,0.55225,-0.55225,-0.44161,-0.44161,201.89600
-0.47100,0.05525,0.08413,0.55231,-0.55231,-0.44154,-0.44154,201.99600
-0.47100,0.05522,0.08411,0.55236,-0.55236,-0.44147,-0.44147,202.09600
-0.47100,0.05520,0.08409,0.55242,-0.55242,-0.44140,-0.44140,202.19600
-0.47100,0.05519,0.08407,0.55248,-0.55248,-0.44133,-0.44133,202.29600
-0.47100,0.05520,0.08404,0.55254,-0.55254,-0.44125,-0.44125,202.39600
-0.47100,0.05522,0.08402,0.55259,-0.55259,-0.44118,-0.44118,202.49600
-0.47100,0.05526,0.08400,0.55265,-0.55265,-0.44111,-0.44111,202.59600
-0.47100,0.05530,0.08398,0.55271,-0.55271,-0.44104,-0.44104,202.69600
-0.47100,0.05537,0.08396,0.55277,-0.55277,-0.44096,-0.44096,202.79600
-0.47100,0.05544,0.08393,0.55282,-0.55282,-0.44089,-0.44089,202.89600
-0.47100,0.05554,0.08391,0.55288,-0.55288,-0.44082,-0.44082,202.99600
-0.47100,0.05564,0.08389,0.55294,-0.55294,-0.44075,-0.44075,203.09600
-0.47100,0.05576,0.08387,0.55300,-0.55300,-0.44068,-0.44068,203.19600
-0.47100,0.05590,0.08384,0.55305,-0.55305,-0.44060,-0.44060,203.29600
-0.47100,0.05605,0.08382,0.55311,-0.55311,-0.44053,-0.44053,203.39600
-0.47100,0.05621,0.08380,0.55317,-0.55317,-0.44046,-0.44046,203.49600
-0.47100,0.05639,0.08378,0.55323,-0.55323,-0.44039,-0.44039,203.59600
-0.47100,0.05658,0.08375,0.55328,-0.55328,-0.44031,-0.44031,203.69600
-0.47100,0.05679,0.08373,0.55334,-0.55334,-0.44024,-0.44024,203.79600
-0.47100,0.05700,0.08371,0.55340,-0.55340,-0.44017,-0.44017,203.89600
-0.47100,0.05723,0.08369,0.55346,-0.55346,-0.44010,-0.44010,203.99600
-0.47100,0.05747,0.08366,0.55351,-0.55351,-0.44003,-0.44003,204.09600
-0.47100,0.05771,0.08364,0.55357,-0.55357,-0.43995,-0.43995,204.19600
-0.47100,0.05797,0.08362,0.55363,-0.55363,-0.43988,-0.43988,204.29600
-0.47100,0.05824,0.08360,0.55369,-0.55369,-0.43981,-0.43981,204.39600
-0.47100,0.05851,0.08357,0.55374,-0.55374,-0.43974,-0.43974,204.49600
-0.47100,0.05879,0.08355,0.55380,-0.55380,-0.43966,-0.43966,204.59600
-0.47100,0.05908,0.08353,0.55386,-0.55386,-0.43959,-0.43959,204.69600
-0.47100,0.05937,0.08351,0.55392,-0.55392,-0.43952,-0.43952,204.79600
-0.47100,0.05966,0.08348,0.55397,-0.55397,-0.43945,-0.43945,204.89600
-0.47100,0.05995,0.08346,0.55403,-0.55403,-0.43938,-0.43938,204.99600
-0.47100,0.06025,0.08344,0.55409,-0.55409,-0.43930,-0.43930,205.09600
-0.47100,0.06055,0.08341,0.55414,-0.55414,-0.43923,-0.43923,205.19600
-0.47100,0.06085,0.08339,0.55420,-0.55420,-0.43916,-0.43916,205.29600
-0.47100,0.06114,0.08337,0.55426,-0.55426,-0.43909,-0.43909,205.39600
-0.47100,0.06143,0.08335,0.55432,-0.55432,-0.43901,-0.43901,205.49600
-0.47100,0.06172,0.08332,0.55437,-0.55437,-0.43894,-0.43894,205.59600
-0.47100,0.06201,0.08330,0.55443,-0.55443,-0.43887,-0.43887,205.69600
-0.47100,0.06228,0.08328,0.55449,-0.55449,-0.43880,-0.43880,205.79600
-0.47100,0.06255,0.08325,0.55455,-0.55455,-0.43872,-0.43872,205.89600
-0.47100,0.06282,0.08323,0.55460,-0.55460,-0.43865,-0.43865,205.99600
-0.47100,0.06307,0.08321,0.55466,-0.55466,-0.43858,-0.43858,206.09600
-0.47100,0.06332,0.08319,0.55472,-0.55472,-0.43851,-0.43851,206.19600
-0.47100,0.06355,0.08316,0.55478,-0.55478,-0.43843,-0.43843,206.29600
-0.47100,0.06377,0.08314,0.55483,-0.55483,-0.43836,-0.43836,206.39600
-0.47100,0.06399,0.08312,0.55489,-0.55489,-0.43829,-0.43829,206.49600
-0.47100,0.06419,0.08309,0.55495,-0.55495,-0.43822,-0.43822,206.59600
-0.47100,0.06437,0.08307,0.55500,-0.55500,-0.43814,-0.43814,206.69600
-0.47100,0.06455,0.08305,0.55506,-0.55506,-0.43807,-0.43807,206.79600
-0.47100,0.06471,0.08302,0.55512,-0.55512,-0.43800,-0.43800,206.89600
-0.47100,0.06485,0.08300,0.55518,-0.55518,-0.43793,-0.43793,206.99600
-0.47100,0.06499,0.08298,0.55523,-0.55523,-0.43785,-0.43785,207.09600
-0.47100,0.06510,0.08295,0.55529,-0.55529,-0.43778,-0.43778,207.19600
-0.47100,0.06521,0.08293,0.55535,-0.55535,-0.43771,-0.43771,207.29600
-0.47100,0.06529,0.08291,0.55540,-0.55540,-0.43764,-0.43764,207.39600
-0.47100,0.06537,0.08288,0.55546,-0.55546,-0.43756,-0.43756,207.49600
-0.47100,0.06543,0.08286,0.55552,-0.55552,-0.43749,-0.43749,207.59600
-0.47100,0.06547,0.08284,0.55558,-0.55558,-0.43742,-0.43742,207.69600
-0.47100,0.06550,0.08281,0.55563,-0.55563,-0.43735,-0.43735,207.79600
-0.47100,0.06552,0.08279,0.55569,-0.55569,-0.43727,-0.43727,207.89600
-0.47100,0.06553,0.08277,0.55575,-0.55575,-0.43720,-0.43720,207.99600
-0.47100,0.06552,0.08274,0.55580,-0.55580,-0.43713,-0.43713,208.09600
-0.47100,0.06550,0.08272,0.55586,-0.55586,-0.43706,-0.43706,208.19600
-0.47100,0.06547,0.08269,0.55592,-0.55592,-0.43698,-0.43698,208.29600
-0.47100,0.06543,0.08267,0.55597,-0.55597,-0.43691,-0.43691,208.39600
-0.47100,0.06538,0.08265,0.55603,-0.55603,-0.43684,-0.43684,208.49600
-0.47100,0.06532,0.08262,0.55609,-0.55609,-0.43677,-0.43677,208.59600
-0.47100,0.06525,0.08260,0.55615,-0.55615,-0.43669,-0.43669,208.69600
-0.47100,0.06517,0.08258,0.55620,-0.55620,-0.43662,-0.43662,208.79600
-0.47100,0.06509,0.08255,0.55626,-0.55626,-0.43655,-0.43655,208.89600
-0.47100,0.06500,0.08253,0.55632,-0.55632,-0.43648,-0.43648,208.99600
-0.47100,0.06491,0.08251,0.55637,-0.55637,-0.43640,-0.43640,209.09600
-0.47100,0.06481,0.08248,0.55643,-0.55643,-0.43633,-0.43633,209.19600
-0.47100,0.06471,0.08246,0.55649,-0.55649,-0.43626,-0.43626,209.29600
-0.47100,0.06461,0.08243,0.55654,-0.55654,-0.43619,-0.43619,209.39600
-0.47100,0.06451,0.08241,0.55660,-0.55660,-0.43611,-0.43611,209.49600
-0.47100,0.06441,0.08239,0.55666,-0.55666,-0.43604,-0.43604,209.59600
-0.47100,0.06431,0.08236,0.55672,-0.55672,-0.43597,-0.43597,209.69600
-0.47100,0.06421,0.08234,0.55677,-0.55677,-0.43589,-0.43589,209.79600
-0.47100,0.06412,0.08231,0.55683,-0.55683,-0.43582,-0.43582,209.89600
-0.47100,0.06404,0.08229,0.55689,-0.55689,-0.43575,-0.43575,209.99600
-0.47100,0.06395,0.08227,0.55694,-0.55694,-0.43568,-0.43568,210.09600
-0.47100,0.06388,0.08224,0.55700,-0.55700,-0.43560,-0.43560,210.19600
-0.47100,0.06381,0.08222,0.55706,-0.55706,-0.43553,-0.43553,210.29600
-0.47100,0.06375,0.08219,0.55711,-0.55711,-0.43546,-0.43546,210.39600
-0.47100,0.06371,0.08217,0.55717,-0.55717,-0.43539,-0.43539,210.49600
-0.47100,0.06367,0.08214,0.55723,-0.55723,-0.43531,-0.43531,210.59600
-0.47100,0.06364,0.08212,0.55728,-0.55728,-0.43524,-0.43524,210.69600
-0.47100,0.06362,0.08210,0.55734,-0.55734,-0.43517,-0.43517,210.79600
-0.47100,0.06362,0.08207,0.55740,-0.55740,-0.43509,-0.43509,210.89600
-0.47100,0.06362,0.08205,0.55745,-0.55745,-0.43502,-0.43502,210.99600
-0.47100,0.06365,0.08202,0.55751,-0.55751,-0.43495,-0.43495,211.09600
-0.47100,0.06368,0.08200,0.55757,-0.55757,-0.43488,-0.43488,211.19600
-0.47100,0.06373,0.08197,0.55763,-0.55763,-0.43480,-0.43480,211.29600
-0.47100,0.06379,0.08195,0.55768,-0.55768,-0.43473,-0.43473,211.39600
-0.47100,0.06387,0.08193,0.55774,-0.55774,-0.43466,-0.43466,211.49600
-0.47100,0.06396,0.08190,0.55780,-0.55780,-0.43459,-0.43459,211.59600
-0.47100,0.06406,0.08188,0.55785,-0.55785,-0.43451,-0.43451,211.69600
-0.47100,0.06418,0.08185,0.55791,-0.55791,-0.43444,-0.43444,211.79600
-0.47100,0.06432,0.08183,0.55797,-0.55797,-0.43437,-0.43437,211.89600
-0.47100,0.06447,0.08180,0.55802,-0.55802,-0.43429,-0.43429,211.99600
-0.47100,0.06463,0.08178,0.55808,-0.55808,-0.43422,-0.43422,212.09600
-0.47100,0.06480,0.08175,0.55814,-0.55814,-0.43415,-0.43415,212.19600
-0.47100,0.06499,0.08173,0.55819,-0.55819,-0.43408,-0.43408,212.29600
-0.47100,0.06519,0.08171,0.55825,-0.55825,-0.43400,-0.43400,212.39600
-0.47100,0.06540,0.08168,0.55831,-0.55831,-0.43393,-0.43393,212.49600
-0.47100,0.06563,0.08166,0.55836,-0.55836,-0.43386,-0.43386,212.59600
-0.47100,0.06586,0.08163,0.55842,-0.55842,-0.43378,-0.43378,212.69600
-0.47100,0.06610,0.08161,0.55848,-0.55848,-0.43371,-0.43371,212.79600
-0.47100,0.06636,0.08158,0.55853,-0.55853,-0.43364,-0.43364,212.89600
-0.47100,0.06662,0.08156,0.55859,-0.55859,-0.43357,-0.43357,212.99600
-0.47100,0.06689,0.08153,0.55865,-0.55865,-0.43349,-0.43349,213.09600
-0.47100,0.06716,0.08151,0.55870,-0.55870,-0.43342,-0.43342,213.19600
-0.47100,0.06744,0.08148,0.55876,-0.55876,-0.43335,-0.43335,213.29600
-0.47100,0.06773,0.08146,0.55881,-0.55881,-0.43327,-0.43327,213.39600
-0.47100,0.06801,0.08143,0.55887,-0.55887,-0.43320,-0.43320,213.49600
-0.47100,0.06830,0.08141,0.55893,-0.55893,-0.43313,-0.43313,213.59600
-0.47100,0.06860,0.08138,0.55898,-0.55898,-0.43305,-0.43305,213.69600
-0.47100,0.06889,0.08136,0.55904,-0.55904,-0.43298,-0.43298,213.79600
-0.47100,0.06918,0.08133,0.55910,-0.55910,-0.43291,-0.43291,213.89600
-0.47100,0.06947,0.08131,0.55915,-0.55915,-0.43284,-0.43284,213.99600
-0.47100,0.06976,0.08128,0.55921,-0.55921,-0.43276,-0.43276,214.09600
-0.47100,0.07004,0.08126,0.55927,-0.55927,-0.43269,-0.43269,214.19600
-0.47100,0.07032,0.08123,0.55932,-0.55932,-0.43262,-0.43262,214.29600
-0.47100,0.07059,0.08121,0.55938,-0.55938,-0.43254,-0.43254,214.39600
-0.47100,0.07086,0.08118,0.55944,-0.55944,-0.43247,-0.43247,214.49600
-0.47100,0.07112,0.08116,0.55949,-0.55949,-0.43240,-0.43240,214.59600
-0.47100,0.07137,0.08113,0.55955,-0.55955,-0.43232,-0.43232,214.69600
-0.47100,0.07161,0.08111,0.55961,-0.55961,-0.43225,-0.43225,214.79600
-0.47100,0.07184,0.08108,0.55966,-0.55966,-0.43218,-0.43218,214.89600
-0.47100,0.07206,0.08106,0.55972,-0.55972,-0.43211,-0.43211,214.99600
-0.47100,0.07227,0.08103,0.55978,-0.55978,-0.43203,-0.43203,215.09600
-0.47100,0.07247,0.08100,0.55983,-0.55983,-0.43196,-0.43196,215.19600
-0.47100,0.07266,0.08098,0.55989,-0.55989,-0.43189,-0.43189,215.29600
-0.47100,0.07283,0.08095,0.55994,-0.55994,-0.43181,-0.43181,215.39600
-0.47100,0.07299,0.08093,0.56000,-0.56000,-0.43174,-0.43174,215.49600
-0.47100,0.07313,0.08090,0.56006,-0.56006,-0.43167,-0.43167,215.59600
-0.47100,0.07326,0.08088,0.56011,-0.56011,-0.43159,-0.43159,215.69600
-0.47100,0.07338,0.08085,0.56017,-0.56017,-0.43152,-0.43152,215.79600
-0.47100,0.07348,0.08083,0.56023,-0.56023,-0.43145,-0.43145,215.89600
-0.47100,0.07357,0.08080,0.56028,-0.56028,-0.43137,-0.43137,215.99600
-0.47100,0.07364,0.08078,0.56034,-0.56034,-0.43130,-0.43130,216.09600
-0.47100,0.07371,0.08075,0.56040,-0.56040,-0.43123,-0.43123,216.19600
-0.47100,0.07375,0.08072,0.56045,-0.56045,-0.43115,-0.43115,216.29600
-0.47100,0.07378,0.08070,0.56051,-0.56051,-0.43108,-0.43108,216.39600
-0.47100,0.07380,0.08067,0.56056,-0.56056,-0.43101,-0.43101,216.49600
-0.47100,0.07381,0.08065,0.56062,-0.56062,-0.43094,-0.43094,216.59600
-0.47100,0.07381,0.08062,0.56068,-0.56068,-0.43086,-0.43086,216.69600
-0.47100,0.07379,0.08060,0.56073,-0.56073,-0.43079,-0.43079,216.79600
-0.47100,0.07376,0.08057,0.56079,-0.56079,-0.43072,-0.43072,216.89600
-0.47100,0.07372,0.08054,0.56085,-0.56085,-0.43064,-0.43064,216.99600
-0.47100,0.07367,0.08052,0.56090,-0.56090,-0.43057,-0.43057,217.09600
-0.47100,0.07362,0.08049,0.56096,-0.56096,-0.43050,-0.43050,217.19600
-0.47100,0.07355,0.08047,0.56101,-0.56101,-0.43042,-0.43042,217.29600
-0.47100,0.07348,0.08044,0.56107,-0.56107,-0.43035,-0.43035,217.39600
-0.47100,0.07340,0.08041,0.56113,-0.56113,-0.43028,-0.43028,217.49600
-0.47100,0.07331,0.08039,0.56118,-0.56118,-0.43020,-0.43020,217.59600
-0.47100,0.07322,0.08036,0.56124,-0.56124,-0.43013,-0.43013,217.69600
-0.47100,0.07313,0.08034,0.56129,-0.56129,-0.43006,-0.43006,217.79600
-0.47100,0.07304,0.08031,0.56135,-0.56135,-0.42998,-0.42998,217.89600
-0.47100,0.07294,0.08028,0.56141,-0.56141,-0.42991,-0.42991,217.99600
-0.47100,0.07284,0.08026,0.56146,-0.56146,-0.42984,-0.42984,218.09600
-0.47100,0.07275,0.08023,0.56152,-0.56152,-0.42976,-0.42976,218.19600
-0.47100,0.07265,0.08021,0.56158,-0.56158,-0.42969,-0.42969,218.29600
-0.47100,0.07256,0.08018,0.56163,-0.56163,-0.42962,-0.42962,218.39600
-0.47100,0.07247,0.08015,0.56169,-0.56169,-0.42954,-0.42954,218.49600
-0.47100,0.07239,0.08013,0.56174,-0.56174,-0.42947,-0.42947,218.59600
-0.47100,0.07231,0.08010,0.56180,-0.56180,-0.42940,-0.42940,218.69600
-0.47100,0.07224,0.08008,0.56186,-0.56186,-0.42932,-0.42932,218.79600
-0.47100,0.07217,0.08005,0.56191,-0.56191,-0.42925,-0.42925,218.89600
-0.47100,0.07212,0.08002,0.56197,-0.56197,-0.42918,-0.42918,218.99600
-0.47100,0.07207,0.08000,0.56202,-0.56202,-0.42910,-0.42910,219.09600
-0.47100,0.07204,0.07997,0.56208,-0.56208,-0.42903,-0.42903,219.19600
-0.47100,0.07201,0.07994,0.56214,-0.56214,-0.42896,-0.42896,219.29600
-0.47100,0.07199,0.07992,0.56219,-0.56219,-0.42888,-0.42888,219.39600
-0.47100,0.07199,0.07989,0.56225,-0.56225,-0.42881,-0.42881,219.49600
-0.47100,0.07200,0.07986,0.56230,-0.56230,-0.42874,-0.42874,219.59600
-0.47100,0.07202,0.07984,0.56236,-0.56236,-0.42866,-0.42866,219.69600
-0.47100,0.07206,0.07981,0.56242,-0.56242,-0.42859,-0.42859,219.79600
-0.47100,0.07211,0.07978,0.56247,-0.56247,-0.42852,-0.42852,219.89600
-0.47100,0.07217,0.07976,0.56253,-0.56253,-0.42844,-0.42844,219.99600
-0.47100,0.07224,0.07973,0.56258,-0.56258,-0.42837,-0.42837,220.09600
-0.47100,0.07233,0.07971,0.56264,-0.56264,-0.42830,-0.42830,220.19600
-0.47100,0.07244,0.07968,0.56270,-0.56270,-0.42822,-0.42822,220.29600
-0.47100,0.07256,0.07965,0.56275,-0.56275,-0.42815,-0.42815,220.39600
-0.47100,0.07269,0.07963,0.56281,-0.56281,-0.42808,-0.42808,220.49600
-0.47100,0.07283,0.07960,0.56286,-0.56286,-0.42800,-0.42800,220.59600
-0.47100,0.07299,0.07957,0.56292,-0.56292,-0.42793,-0.42793,220.69600
-0.47100,0.07317,0.07954,0.56297,-0.56297,-0.42785,-0.42785,220.79600
-0.47100,0.07335,0.07952,0.56303,-0.56303,-0.42778,-0.42778,220.89600
-0.47100,0.07355,0.07949,0.56309,-0.56309,-0.42771,-0.42771,220.99600
-0.47100,0.07376,0.07946,0.56314,-0.56314,-0.42763,-0.42763,221.09600
-0.47100,0.07398,0.07944,0.56320,-0.56320,-0.42756,-0.42756,221.19600
-0.47100,0.07421,0.07941,0.56325,-0.56325,-0.42749,-0.42749,221.29600
-0.47100,0.07444,0.07938,0.56331,-0.56331,-0.42741,-0.42741,221.39600
-0.47100,0.07469,0.07936,0.56337,-0.56337,-0.42734,-0.42734,221.49600
-0.47100,0.07495,0.07933,0.56342,-0.56342,-0.42727,-0.42727,221.59600
-0.47100,0.07521,0.07930,0.56348,-0.56348,-0.42719,-0.42719,221.69600
-0.47100,0.07548,0.07928,0.56353,-0.56353,-0.42712,-0.42712,221.79600
-0.47100,0.07576,0.07925,0.56359,-0.56359,-0.42705,-0.42705,221.89600
-0.47100,0.07604,0.07922,0.56364,-0.56364,-0.42697,-0.42697,221.99600
-0.47100,0.07632,0.07919,0.56370,-0.56370,-0.42690,-0.42690,222.09600
-0.47100,0.07661,0.07917,0.56376,-0.56376,-0.42683,-0.42683,222.19600
-0.47100,0.07689,0.07914,0.56381,-0.56381,-0.42675,-0.42675,222.29600
-0.47100,0.07718,0.07911,0.56387,-0.56387,-0.42668,-0.42668,222.39600
-0.47100,0.07747,0.07909,0.56392,-0.56392,-0.42660,-0.42660,222.49600
-0.47100,0.07775,0.07906,0.56398,-0.56398,-0.42653,-0.42653,222.59600
-0.47100,0.07804,0.07903,0.56403,-0.56403,-0.42646,-0.42646,222.69600
-0.47100,0.07832,0.07900,0.56409,-0.56409,-0.42638,-0.42638,222.79600
-0.47100,0.07859,0.07898,0.56415,-0.56415,-0.42631,-0.42631,222.89600
-0.47100,0.07886,0.07895,0.56420,-0.56420,-0.42624,-0.42624,222.99600
-0.47100,0.07912,0.07892,0.56426,-0.56426,-0.42616,-0.42616,223.09600
-0.47100,0.07938,0.07889,0.56431,-0.56431,-0.42609,-0.42609,223.19600
-0.47100,0.07962,0.07887,0.56437,-0.56437,-0.42602,-0.42602,223.29600
-0.47100,0.07986,0.07884,0.56442,-0.56442,-0.42594,-0.42594,223.39600
-0.47100,0.08009,0.07881,0.56448,-0.56448,-0.42587,-0.42587,223.49600
-0.47100,0.08031,0.07879,0.56453,-0.56453,-0.42579,-0.42579,223.59600
-0.47100,0.08051,0.07876,0.56459,-0.56459,-0.42572,-0.42572,223.69600
-0.47100,0.08071,0.07873,0.56465,-0.56465,-0.42565,-0.42565,223.79600
-0.47100,0.08089,0.07870,0.56470,-0.56470,-0.42557,-0.42557,223.89600
-0.47100,0.08106,0.07868,0.56476,-0.56476,-0.42550,-0.42550,223.99600
-0.47100,0.08122,0.07865,0.56481,-0.56481,-0.42543,-0.42543,224.09600
-0.47100,0.08136,0.07862,0.56487,-0.56487,-0.42535,-0.42535,224.19600
-0.47100,0.08149,0.07859,0.56492,-0.56492,-0.42528,-0.42528,224.29600
-0.47100,0.08161,0.07856,0.56498,-0.56498,-0.42520,-0.42520,224.39600
-0.47100,0.08171,0.07854,0.56503,-0.56503,-0.42513,-0.42513,224.49600
-0.47100,0.08180,0.07851,0.56509,-0.56509,-0.42506,-0.42506,224.59600
-0.47100,0.08187,0.07848,0.56515,-0.56515,-0.42498,-0.42498,224.69600
-0.47100,0.08193,0.07845,0.56520,-0.56520,-0.42491,-0.42491,224.79600
-0.47100,0.08198,0.07843,0.56526,-0.56526,-0.42484,-0.42484,224.89600
-0.47100,0.08202,0.07840,0.56531,-0.56531,-0.42476,-0.42476,224.99600
-0.47100,0.08204,0.07837,0.56537,-0.56537,-0.42469,-0.42469,225.09600
-0.47100,0.08205,0.07834,0.56542,-0.56542,-0.42461,-0.42461,225.19600
-0.47100,0.08204,0.07831,0.56548,-0.56548,-0.42454,-0.42454,225.29600
-0.47100,0.08203,0.07829,0.56553,-0.56553,-0.42447,-0.42447,225.39600
-0.47100,0.08200,0.07826,0.56559,-0.56559,-0.42439,-0.42439,225.49600
-0.47100,0.08197,0.07823,0.56564,-0.56564,-0.42432,-0.42432,225.59600
-0.47100,0.08192,0.07820,0.56570,-0.56570,-0.42424,-0.42424,225.69600
-0.47100,0.08187,0.07817,0.56576,-0.56576,-0.42417,-0.42417,225.79600
-0.47100,0.08180,0.07815,0.56581,-0.56581,-0.42410,-0.42410,225.89600
-0.47100,0.08173,0.07812,0.56587,-0.56587,-0.42402,-0.42402,225.99600
-0.47100,0.08166,0.07809,0.56592,-0.56592,-0.42395,-0.42395,226.09600
-0.47100,0.08158,0.07806,0.56598,-0.56598,-0.42388,-0.42388,226.19600
-0.47100,0.08149,0.07803,0.56603,-0.56603,-0.42380,-0.42380,226.29600
-0.47100,0.08140,0.07801,0.56609,-0.56609,-0.42373,-0.42373,226.39600
-0.47100,0.08131,0.07798,0.56614,-0.56614,-0.42365,-0.42365,226.49600
-0.47100,0.08122,0.07795,0.56620,-0.56620,-0.42358,-0.42358,226.59600
-0.47100,0.08113,0.07792,0.56625,-0.56625,-0.42351,-0.42351,226.69600
-0.47100,0.08103,0.07789,0.56631,-0.56631,-0.42343,-0.42343,226.79600
-0.47100,0.08094,0.07786,0.56636,-0.56636,-0.42336,-0.42336,226.89600
-0.47100,0.08086,0.07784,0.56642,-0.56642,-0.42328,-0.42328,226.99600
-0.47100,0.08077,0.07781,0.56647,-0.56647,-0.42321,-0.42321,227.09600
-0.47100,0.08069,0.07778,0.56653,-0.56653,-0.42314,-0.42314,227.19600
-0.47100,0.08062,0.07775,0.56658,-0.56658,-0.42306,-0.42306,227.29600
-0.47100,0.08055,0.07772,0.56664,-0.56664,-0.42299,-0.42299,227.39600
-0.47100,0.08049,0.07769,0.56670,-0.56670,-0.42291,-0.42291,227.49600
-0.47100,0.08043,0.07767,0.56675,-0.56675,-0.42284,-0.42284,227.59600
-0.47100,0.08039,0.07764,0.56681,-0.56681,-0.42277,-0.42277,227.69600
-0.47100,0.08035,0.07761,0.56686,-0.56686,-0.42269,-0.42269,227.79600
-0.47100,0.08033,0.07758,0.56692,-0.56692,-0.42262,-0.42262,227.89600
-0.47100,0.08032,0.07755,0.56697,-0.56697,-0.42254,-0.42254,227.99600
-0.47100,0.08031,0.07752,0.56703,-0.56703,-0.42247,-0.42247,228.09600
-0.47100,0.08032,0.07749,0.56708,-0.56708,-0.42240,-0.42240,228.19600
-0.47100,0.08035,0.07747,0.56714,-0.56714,-0.42232,-0.42232,228.29600
-0.47100,0.08038,0.07744,0.56719,-0.56719,-0.42225,-0.42225,228.39600
-0.47100,0.08043,0.07741,0.56725,-0.56725,-0.42217,-0.42217,228.49600
-0.47100,0.08049,0.07738,0.56730,-0.56730,-0.42210,-0.42210,228.59600
-0.47100,0.08057,0.07735,0.56736,-0.56736,-0.42203,-0.42203,228.69600
-0.47100,0.08066,0.07732,0.56741,-0.56741,-0.42195,-0.42195,228.79600
-0.47100,0.08076,0.07729,0.56747,-0.56747,-0.42188,-0.42188,228.89600
-0.47100,0.08088,0.07726,0.56752,-0.56752,-0.42180,-0.42180,228.99600
-0.47100,0.08101,0.07724,0.56758,-0.56758,-0.42173,-0.42173,229.09600
-0.47100,0.08115,0.07721,0.56763,-0.56763,-0.42166,-0.42166,229.19600
-0.47100,0.08131,0.07718,0.56769,-0.56769,-0.42158,-0.42158,229.29600
-0.47100,0.08148,0.07715,0.56774,-0.56774,-0.42151,-0.42151,229.39600
-0.47100,0.08166,0.07712,0.56780,-0.56780,-0.42143,-0.42143,229.49600
-0.47100,0.08185,0.07709,0.56785,-0.56785,-0.42136,-0.42136,229.59600
-0.47100,0.08206,0.07706,0.56791,-0.56791,-0.42128,-0.42128,229.69600
-0.47100,0.08227,0.07703,0.56796,-0.56796,-0.42121,-0.42121,229.79600
-0.47100,0.08250,0.07700,0.56802,-0.56802,-0.42114,-0.42114,229.89600
-0.47100,0.08273,0.07698,0.56807,-0.56807,-0.42106,-0.42106,229.99600
-0.47100,0.08298,0.07695,0.56813,-0.56813,-0.42099,-0.42099,230.09600
-0.47100,0.08323,0.07692,0.56818,-0.56818,-0.42091,-0.42091,230.19600
-0.47100,0.08349,0.07689,0.56824,-0.56824,-0.42084,-0.42084,230.29600
-0.47100,0.08375,0.07686,0.56829,-0.56829,-0.42077,-0.42077,230.39600
-0.47100,0.08402,0.07683,0.56835,-0.56835,-0.42069,-0.42069,230.49600
-0.47100,0.08430,0.07680,0.56840,-0.56840,-0.42062,-0.42062,230.59600
-0.47100,0.08458,0.07677,0.56846,-0.56846,-0.42054,-0.42054,230.69600
-0.47100,0.08486,0.07674,0.56851,-0.56851,-0.42047,-0.42047,230.79600
-0.47100,0.08514,0.07671,0.56857,-0.56857,-0.42039,-0.42039,230.89600
-0.47100,0.08542,0.07668,0.56862,-0.56862,-0.42032,-0.42032,230.99600
-0.47100,0.08570,0.07665,0.56868,-0.56868,-0.42025,-0.42025,231.09600
-0.47100,0.08598,0.07662,0.56873,-0.56873,-0.42017,-0.42017,231.19600
-0.47100,0.08626,0.07660,0.56879,-0.56879,-0.42010,-0.42010,231.29600
-0.47100,0.08654,0.07657,0.56884,-0.56884,-0.42002,-0.42002,231.39600
-0.47100,0.08681,0.07654,0.56890,-0.56890,-0.41995,-0.41995,231.49600
-0.47100,0.08707,0.07651,0.56895,-0.56895,-0.41987,-0.41987,231.59600
-0.47100,0.08733,0.07648,0.56901,-0.56901,-0.41980,-0.41980,231.69600
-0.47100,0.08758,0.07645,0.56906,-0.56906,-0.41973,-0.41973,231.79600
-0.47100,0.08782,0.07642,0.56912,-0.56912,-0.41965,-0.41965,231.89600
-0.47100,0.08806,0.07639,0.56917,-0.56917,-0.41958,-0.41958,231.99600
-0.47100,0.08828,0.07636,0.56922,-0.56922,-0.41950,-0.41950,232.09600
-0.47100,0.08850,0.07633,0.56928,-0.56928,-0.41943,-0.41943,232.19600
-0.47100,0.08870,0.07630,0.56933,-0.56933,-0.41935,-0.41935,232.29600
-0.47100,0.08889,0.07627,0.56939,-0.56939,-0.41928,-0.41928,232.39600
-0.47100,0.08907,0.07624,0.56944,-0.56944,-0.41921,-0.41921,232.49600
-0.47100,0.08924,0.07621,0.56950,-0.56950,-0.41913,-0.41913,232.59600
-0.47100,0.08940,0.07618,0.56955,-0.56955,-0.41906,-0.41906,232.69600
-0.47100,0.08954,0.07615,0.56961,-0.56961,-0.41898,-0.41898,232.79600
-0.47100,0.08967,0.07612,0.56966,-0.56966,-0.41891,-0.41891,232.89200
-0.47100,0.08978,0.07610,0.56971,-0.56971,-0.41884,-0.41884,232.98400
-0.47100,0.08989,0.07607,0.56976,-0.56976,-0.41878,-0.41878,233.07200
-0.47100,0.08997,0.07604,0.56980,-0.56980,-0.41872,-0.41872,233.15600
-0.47100,0.09005,0.07602,0.56985,-0.56985,-0.41866,-0.41866,233.23600
-0.47100,0.09011,0.07600,0.56989,-0.56989,-0.41860,-0.41860,233.31200
-0.47100,0.09016,0.07598,0.56993,-0.56993,-0.41855,-0.41855,233.38400
-0.47100,0.09019,0.07596,0.56997,-0.56997,-0.41850,-0.41850,233.45200
-0.47100,0.09021,0.07594,0.57000,-0.57000,-0.41845,-0.41845,233.51600
-0.47100,0.09022,0.07592,0.57003,-0.57003,-0.41840,-0.41840,233.57600
-0.47100,0.09021,0.07590,0.57006,-0.57006,-0.41836,-0.41836,233.63200
-0.47100,0.09019,0.07589,0.57009,-0.57009,-0.41832,-0.41832,233.68400
-0.47100,0.09016,0.07587,0.57012,-0.57012,-0.41829,-0.41829,233.73200
-0.47100,0.09012,0.07586,0.57014,-0.57014,-0.41825,-0.41825,233.77600
-0.47100,0.09007,0.07585,0.57017,-0.57017,-0.41822,-0.41822,233.81600
-0.47100,0.09000,0.07584,0.57018,-0.57018,-0.41820,-0.41820,233.85200
-0.47100,0.08993,0.07583,0.57020,-0.57020,-0.41817,-0.41817,233.88400
-0.47100,0.08984,0.07582,0.57022,-0.57022,-0.41815,-0.41815,233.91200
-0.47100,0.08975,0.07581,0.57023,-0.57023,-0.41813,-0.41813,233.93600
-0.47100,0.08965,0.07580,0.57024,-0.57024,-0.41812,-0.41812,233.95600
-0.47100,0.08954,0.07580,0.57025,-0.57025,-0.41811,-0.41811,233.97200
-0.47100,0.08942,0.07580,0.57026,-0.57026,-0.41810,-0.41810,233.98400
-0.47100,0.08930,0.07579,0.57026,-0.57026,-0.41809,-0.41809,233.99200
-0.47100,0.08917,0.07579,0.57026,-0.57026,-0.41809,-0.41809,233.99600
-0.47100,0.08903,0.07579,0.57026,-0.57026,-0.41809,-0.41809,233.99600
-0.47100,0.08889,0.07579,0.57026,-0.57026,-0.41809,-0.41809,234.00000
