x,y,z,qx,qy,qz,qw,u
0.09034,0.31060,0.08010,0.41519,0.42671,-0.54594,0.58948,0.00000
0.09034,0.31059,0.08011,0.41520,0.42671,-0.54594,0.58947,0.00800
0.09034,0.31058,0.08011,0.41521,0.42672,-0.54593,0.58946,0.02000
0.09034,0.31056,0.08012,0.41522,0.42674,-0.54592,0.58946,0.03600
0.09034,0.31054,0.08012,0.41523,0.42675,-0.54591,0.58945,0.05600
0.09034,0.31052,0.08013,0.41525,0.42677,-0.54590,0.58943,0.08000
0.09035,0.31049,0.08014,0.41527,0.42679,-0.54589,0.58942,0.10800
0.09035,0.31046,0.08014,0.41530,0.42682,-0.54586,0.58939,0.14000
0.09035,0.31043,0.08015,0.41532,0.42684,-0.54585,0.58938,0.17600
0.09035,0.31039,0.08016,0.41535,0.42687,-0.54583,0.58936,0.21600
0.09035,0.31035,0.08017,0.41538,0.42691,-0.54580,0.58933,0.26000
0.09036,0.31030,0.08019,0.41541,0.42694,-0.54578,0.58930,0.30800
0.09036,0.31025,0.08020,0.41545,0.42699,-0.54575,0.58927,0.36000
0.09036,0.31020,0.08022,0.41549,0.42703,-0.54572,0.58924,0.41600
0.09036,0.31014,0.08024,0.41553,0.42708,-0.54568,0.58921,0.47600
0.09037,0.31008,0.08026,0.41557,0.42712,-0.54565,0.58918,0.54000
0.09037,0.31002,0.08028,0.41562,0.42717,-0.54562,0.58914,0.60800
0.09037,0.30995,0.08030,0.41568,0.42723,-0.54557,0.58910,0.68000
0.09038,0.30988,0.08032,0.41573,0.42728,-0.54554,0.58906,0.75600
0.09038,0.30980,0.08035,0.41579,0.42735,-0.54549,0.58901,0.83600
0.09039,0.30972,0.08037,0.41585,0.42742,-0.54544,0.58896,0.92000
0.09039,0.30963,0.08040,0.41591,0.42748,-0.54540,0.58892,1.00800
0.09040,0.30955,0.08042,0.41598,0.42755,-0.54535,0.58886,1.10000
0.09040,0.30946,0.08044,0.41604,0.42762,-0.54530,0.58881,1.19600
0.09041,0.30936,0.08047,0.41612,0.42771,-0.54524,0.58875,1.29600
0.09041,0.30926,0.08050,0.41618,0.42778,-0.54519,0.58870,1.39600
0.09042,0.30916,0.08053,0.41626,0.42786,-0.54513,0.58864,1.49600
0.09042,0.30906,0.08056,0.41633,0.42793,-0.54508,0.58859,1.59600
0.09043,0.30897,0.08059,0.41640,0.42801,-0.54502,0.58853,1.69600
0.09043,0.30887,0.08062,0.41647,0.42809,-0.54497,0.58847,1.79600
0.09043,0.30878,0.08065,0.41654,0.42817,-0.54491,0.58842,1.89600
0.09044,0.30868,0.08068,0.41662,0.42824,-0.54486,0.58836,1.99600
0.09044,0.30859,0.08071,0.41669,0.42832,-0.54480,0.58831,2.09600
0.09045,0.30849,0.08074,0.41676,0.42840,-0.54475,0.58825,2.19600
0.09046,0.30839,0.08076,0.41683,0.42848,-0.54469,0.58819,2.29600
0.09046,0.30830,0.08079,0.41690,0.42855,-0.54464,0.58814,2.39600
0.09047,0.30820,0.08082,0.41697,0.42863,-0.54458,0.58808,2.49600
0.09047,0.30811,0.08085,0.41704,0.42870,-0.54453,0.58803,2.59600
0.09048,0.30801,0.08088,0.41711,0.42878,-0.54448,0.58797,2.69600
0.09048,0.30792,0.08091,0.41718,0.42886,-0.54442,0.58791,2.79600
0.09049,0.30782,0.08094,0.41725,0.42893,-0.54437,0.58786,2.89600
0.09049,0.30773,0.08096,0.41733,0.42901,-0.54431,0.58780,2.99600
0.09050,0.30763,0.08099,0.41739,0.42908,-0.54426,0.58775,3.09600
0.09050,0.30753,0.08102,0.41747,0.42917,-0.54420,0.58769,3.19600
0.09051,0.30744,0.08104,0.41753,0.42924,-0.54415,0.58764,3.29600
0.09051,0.30734,0.08107,0.41761,0.42932,-0.54409,0.58758,3.39600
0.09051,0.30725,0.08110,0.41768,0.42939,-0.54404,0.58752,3.49600
0.09052,0.30715,0.08113,0.41775,0.42947,-0.54399,0.58747,3.59600
0.09052,0.30706,0.08116,0.41782,0.42955,-0.54393,0.58741,3.69600
0.09053,0.30696,0.08119,0.41789,0.42962,-0.54388,0.58736,3.79600
0.09054,0.30686,0.08122,0.41796,0.42970,-0.54382,0.58730,3.89600
0.09054,0.30677,0.08125,0.41803,0.42978,-0.54377,0.58724,3.99600
0.09055,0.30667,0.08128,0.41811,0.42986,-0.54371,0.58718,4.09600
0.09055,0.30658,0.08130,0.41818,0.42993,-0.54366,0.58713,4.19600
0.09056,0.30648,0.08132,0.41824,0.43000,-0.54361,0.58708,4.29600
0.09056,0.30639,0.08135,0.41832,0.43009,-0.54355,0.58702,4.39600
0.09057,0.30629,0.08138,0.41839,0.43016,-0.54350,0.58696,4.49600
0.09057,0.30620,0.08141,0.41846,0.43024,-0.54344,0.58690,4.59600
0.09058,0.30610,0.08144,0.41853,0.43031,-0.54339,0.58685,4.69600
0.09058,0.30600,0.08147,0.41860,0.43039,-0.54333,0.58679,4.79600
0.09059,0.30591,0.08150,0.41867,0.43047,-0.54328,0.58674,4.89600
0.09059,0.30581,0.08153,0.41874,0.43054,-0.54322,0.58668,4.99600
0.09060,0.30572,0.08155,0.41882,0.43062,-0.54317,0.58662,5.09600
0.09060,0.30562,0.08158,0.41889,0.43070,-0.54311,0.58657,5.19600
0.09061,0.30552,0.08161,0.41895,0.43077,-0.54306,0.58652,5.29600
0.09061,0.30543,0.08163,0.41903,0.43085,-0.54300,0.58645,5.39600
0.09062,0.30533,0.08166,0.41909,0.43092,-0.54295,0.58640,5.49600
0.09062,0.30524,0.08169,0.41917,0.43101,-0.54289,0.58634,5.59600
0.09063,0.30514,0.08172,0.41924,0.43108,-0.54284,0.58629,5.69600
0.09063,0.30505,0.08175,0.41931,0.43115,-0.54279,0.58623,5.79600
0.09064,0.30495,0.08177,0.41938,0.43123,-0.54273,0.58618,5.89600
0.09064,0.30485,0.08180,0.41945,0.43131,-0.54268,0.58612,5.99600
0.09065,0.30476,0.08183,0.41953,0.43139,-0.54262,0.58606,6.09600
0.09065,0.30466,0.08186,0.41959,0.43146,-0.54257,0.58601,6.19600
0.09066,0.30457,0.08189,0.41966,0.43154,-0.54251,0.58595,6.29600
0.09066,0.30447,0.08191,0.41974,0.43162,-0.54246,0.58589,6.39600
0.09067,0.30437,0.08194,0.41981,0.43169,-0.54240,0.58584,6.49600
0.09067,0.30428,0.08196,0.41988,0.43177,-0.54235,0.58578,6.59600
0.09068,0.30418,0.08199,0.41995,0.43185,-0.54229,0.58572,6.69600
0.09068,0.30409,0.08202,0.42002,0.43192,-0.54224,0.58567,6.79600
0.09069,0.30399,0.08205,0.42009,0.43200,-0.54218,0.58561,6.89600
0.09069,0.30390,0.08208,0.42016,0.43207,-0.54213,0.58556,6.99600
0.09070,0.30380,0.08211,0.42024,0.43215,-0.54207,0.58550,7.09600
0.09070,0.30370,0.08213,0.42030,0.43222,-0.54202,0.58544,7.19600
0.09071,0.30361,0.08216,0.42037,0.43230,-0.54197,0.58539,7.29600
0.09071,0.30351,0.08218,0.42044,0.43238,-0.54191,0.58533,7.39600
0.09072,0.30342,0.08221,0.42051,0.43245,-0.54185,0.58527,7.49600
0.09072,0.30332,0.08224,0.42059,0.43253,-0.54180,0.58522,7.59600
0.09073,0.30322,0.08227,0.42066,0.43261,-0.54174,0.58516,7.69600
0.09073,0.30313,0.08229,0.42072,0.43268,-0.54169,0.58511,7.79600
0.09074,0.30303,0.08232,0.42080,0.43276,-0.54163,0.58505,7.89600
0.09074,0.30293,0.08235,0.42087,0.43284,-0.54158,0.58499,7.99600
0.09075,0.30283,0.08238,0.42094,0.43292,-0.54152,0.58493,8.09600
0.09075,0.30273,0.08241,0.42101,0.43299,-0.54147,0.58488,8.19600
0.09076,0.30264,0.08243,0.42108,0.43306,-0.54142,0.58482,8.29600
0.09076,0.30254,0.08246,0.42115,0.43315,-0.54136,0.58476,8.39600
0.09077,0.30245,0.08248,0.42122,0.43322,-0.54131,0.58471,8.49600
0.09077,0.30235,0.08251,0.42129,0.43329,-0.54125,0.58465,8.59600
0.09078,0.30225,0.08254,0.42136,0.43337,-0.54119,0.58459,8.69600
0.09078,0.30216,0.08256,0.42143,0.43345,-0.54114,0.58454,8.79600
0.09079,0.30206,0.08259,0.42150,0.43353,-0.54108,0.58448,8.89600
0.09079,0.30197,0.08262,0.42158,0.43360,-0.54103,0.58442,8.99600
0.09080,0.30187,0.08265,0.42164,0.43367,-0.54098,0.58437,9.09600
0.09080,0.30177,0.08267,0.42172,0.43376,-0.54092,0.58431,9.19600
0.09081,0.30168,0.08270,0.42179,0.43383,-0.54086,0.58425,9.29600
0.09081,0.30158,0.08273,0.42186,0.43391,-0.54081,0.58420,9.39600
0.09082,0.30149,0.08275,0.42193,0.43398,-0.54075,0.58414,9.49600
0.09082,0.30139,0.08278,0.42200,0.43406,-0.54070,0.58409,9.59600
0.09083,0.30129,0.08280,0.42207,0.43414,-0.54064,0.58403,9.69600
0.09083,0.30120,0.08283,0.42214,0.43421,-0.54059,0.58397,9.79600
0.09084,0.30110,0.08286,0.42221,0.43429,-0.54054,0.58392,9.89600
0.09084,0.30100,0.08289,0.42228,0.43436,-0.54048,0.58386,9.99600
0.09085,0.30091,0.08291,0.42235,0.43444,-0.54042,0.58380,10.09600
0.09085,0.30081,0.08294,0.42243,0.43452,-0.54036,0.58374,10.19600
0.09086,0.30072,0.08297,0.42249,0.43459,-0.54031,0.58369,10.29600
0.09086,0.30062,0.08300,0.42256,0.43467,-0.54026,0.58363,10.39600
0.09087,0.30052,0.08301,0.42263,0.43475,-0.54020,0.58357,10.49600
0.09087,0.30043,0.08304,0.42271,0.43482,-0.54015,0.58352,10.59600
0.09088,0.30033,0.08307,0.42277,0.43489,-0.54010,0.58346,10.69600
0.09088,0.30024,0.08310,0.42285,0.43498,-0.54004,0.58340,10.79600
0.09089,0.30014,0.08312,0.42291,0.43505,-0.53998,0.58335,10.89600
0.09089,0.30004,0.08315,0.42298,0.43512,-0.53993,0.58329,10.99600
0.09090,0.29995,0.08318,0.42306,0.43520,-0.53987,0.58323,11.09600
0.09090,0.29985,0.08320,0.42313,0.43528,-0.53982,0.58318,11.19600
0.09091,0.29975,0.08323,0.42320,0.43536,-0.53976,0.58312,11.29600
0.09091,0.29966,0.08326,0.42327,0.43543,-0.53971,0.58306,11.39600
0.09092,0.29956,0.08329,0.42334,0.43550,-0.53965,0.58301,11.49600
0.09092,0.29947,0.08330,0.42341,0.43558,-0.53960,0.58295,11.59600
0.09093,0.29937,0.08333,0.42348,0.43566,-0.53954,0.58289,11.69600
0.09093,0.29927,0.08336,0.42355,0.43573,-0.53949,0.58284,11.79600
0.09094,0.29918,0.08339,0.42362,0.43581,-0.53943,0.58278,11.89600
0.09094,0.29908,0.08341,0.42369,0.43589,-0.53937,0.58272,11.99600
0.09095,0.29898,0.08344,0.42376,0.43596,-0.53932,0.58267,12.09600
0.09095,0.29889,0.08347,0.42383,0.43604,-0.53926,0.58261,12.19600
0.09096,0.29879,0.08349,0.42390,0.43611,-0.53921,0.58255,12.29600
0.09096,0.29870,0.08352,0.42397,0.43619,-0.53916,0.58250,12.39600
0.09097,0.29860,0.08355,0.42405,0.43627,-0.53910,0.58243,12.49600
0.09098,0.29850,0.08356,0.42411,0.43634,-0.53904,0.58238,12.59600
0.09098,0.29841,0.08359,0.42419,0.43642,-0.53898,0.58232,12.69600
0.09099,0.29831,0.08362,0.42425,0.43649,-0.53893,0.58227,12.79600
0.09099,0.29821,0.08364,0.42432,0.43657,-0.53888,0.58221,12.89600
0.09100,0.29812,0.08367,0.42440,0.43665,-0.53882,0.58215,12.99600
0.09100,0.29802,0.08370,0.42446,0.43672,-0.53877,0.58210,13.09600
0.09101,0.29793,0.08373,0.42453,0.43680,-0.53871,0.58204,13.19600
0.09101,0.29783,0.08375,0.42461,0.43688,-0.53865,0.58198,13.29600
0.09102,0.29773,0.08378,0.42468,0.43695,-0.53860,0.58192,13.39600
0.09102,0.29764,0.08381,0.42474,0.43702,-0.53855,0.58187,13.49600
0.09103,0.29754,0.08382,0.42482,0.43710,-0.53849,0.58181,13.59600
0.09103,0.29744,0.08385,0.42489,0.43718,-0.53843,0.58175,13.69600
0.09104,0.29735,0.08388,0.42495,0.43725,-0.53838,0.58170,13.79600
0.09104,0.29725,0.08390,0.42503,0.43733,-0.53832,0.58164,13.89600
0.09105,0.29715,0.08393,0.42510,0.43740,-0.53827,0.58158,13.99600
0.09105,0.29706,0.08396,0.42517,0.43748,-0.53821,0.58153,14.09600
0.09106,0.29696,0.08398,0.42524,0.43756,-0.53815,0.58146,14.19600
0.09106,0.29687,0.08401,0.42531,0.43763,-0.53810,0.58141,14.29600
0.09107,0.29677,0.08403,0.42538,0.43771,-0.53805,0.58135,14.39600
0.09107,0.29667,0.08406,0.42545,0.43779,-0.53799,0.58130,14.49600
0.09108,0.29658,0.08409,0.42552,0.43786,-0.53793,0.58124,14.59600
0.09108,0.29648,0.08410,0.42559,0.43794,-0.53788,0.58118,14.69600
0.09109,0.29638,0.08413,0.42566,0.43801,-0.53782,0.58112,14.79600
0.09109,0.29629,0.08416,0.42573,0.43809,-0.53777,0.58107,14.89600
0.09110,0.29619,0.08418,0.42580,0.43816,-0.53771,0.58101,14.99600
0.09110,0.29609,0.08421,0.42587,0.43824,-0.53765,0.58095,15.09600
0.09111,0.29600,0.08424,0.42594,0.43832,-0.53760,0.58089,15.19600
0.09111,0.29590,0.08426,0.42601,0.43839,-0.53755,0.58084,15.29600
0.09112,0.29579,0.08429,0.42608,0.43847,-0.53749,0.58078,15.39600
0.09112,0.29570,0.08431,0.42615,0.43854,-0.53743,0.58073,15.49600
0.09113,0.29560,0.08434,0.42622,0.43862,-0.53738,0.58067,15.59600
0.09113,0.29550,0.08436,0.42629,0.43870,-0.53732,0.58061,15.69600
0.09114,0.29541,0.08438,0.42636,0.43877,-0.53727,0.58055,15.79600
0.09114,0.29531,0.08441,0.42643,0.43885,-0.53721,0.58050,15.89600
0.09115,0.29521,0.08443,0.42650,0.43892,-0.53716,0.58044,15.99600
0.09115,0.29512,0.08446,0.42657,0.43900,-0.53710,0.58038,16.09600
0.09116,0.29502,0.08449,0.42664,0.43907,-0.53704,0.58032,16.19600
0.09116,0.29493,0.08451,0.42671,0.43915,-0.53699,0.58027,16.29600
0.09117,0.29483,0.08454,0.42678,0.43923,-0.53693,0.58021,16.39600
0.09118,0.29473,0.08456,0.42685,0.43930,-0.53688,0.58015,16.49600
0.09118,0.29464,0.08459,0.42692,0.43938,-0.53682,0.58009,16.59600
0.09118,0.29454,0.08461,0.42699,0.43945,-0.53676,0.58004,16.69600
0.09119,0.29444,0.08463,0.42706,0.43952,-0.53671,0.57998,16.79600
0.09120,0.29435,0.08466,0.42713,0.43961,-0.53665,0.57992,16.89600
0.09120,0.29425,0.08468,0.42720,0.43968,-0.53660,0.57986,16.99600
0.09121,0.29415,0.08471,0.42727,0.43975,-0.53654,0.57981,17.09600
0.09121,0.29406,0.08474,0.42734,0.43983,-0.53648,0.57975,17.19600
0.09122,0.29396,0.08476,0.42741,0.43991,-0.53643,0.57969,17.29600
0.09122,0.29386,0.08479,0.42748,0.43998,-0.53638,0.57964,17.39600
0.09123,0.29377,0.08481,0.42756,0.44006,-0.53632,0.57957,17.49600
0.09123,0.29367,0.08484,0.42762,0.44013,-0.53626,0.57952,17.59600
0.09124,0.29357,0.08485,0.42769,0.44021,-0.53621,0.57946,17.69600
0.09124,0.29348,0.08488,0.42777,0.44029,-0.53615,0.57940,17.79600
0.09125,0.29338,0.08491,0.42783,0.44036,-0.53610,0.57935,17.89600
0.09125,0.29328,0.08493,0.42790,0.44044,-0.53604,0.57929,17.99600
0.09126,0.29319,0.08496,0.42798,0.44052,-0.53598,0.57923,18.09600
0.09126,0.29309,0.08498,0.42804,0.44059,-0.53593,0.57917,18.19600
0.09127,0.29299,0.08501,0.42811,0.44066,-0.53587,0.57912,18.29600
0.09127,0.29290,0.08503,0.42818,0.44073,-0.53582,0.57906,18.39600
0.09128,0.29280,0.08506,0.42825,0.44082,-0.53576,0.57900,18.49600
0.09128,0.29270,0.08508,0.42832,0.44089,-0.53570,0.57894,18.59600
0.09129,0.29261,0.08511,0.42839,0.44096,-0.53565,0.57889,18.69600
0.09129,0.29251,0.08512,0.42846,0.44104,-0.53559,0.57883,18.79600
0.09130,0.29241,0.08515,0.42853,0.44112,-0.53553,0.57877,18.89600
0.09130,0.29232,0.08518,0.42860,0.44119,-0.53548,0.57872,18.99600
0.09131,0.29222,0.08520,0.42867,0.44127,-0.53542,0.57865,19.09600
0.09131,0.29212,0.08523,0.42874,0.44135,-0.53537,0.57860,19.19600
0.09132,0.29203,0.08525,0.42881,0.44142,-0.53531,0.57854,19.29600
0.09132,0.29193,0.08528,0.42888,0.44150,-0.53525,0.57848,19.39600
0.09133,0.29183,0.08530,0.42895,0.44157,-0.53520,0.57842,19.49600
0.09133,0.29173,0.08533,0.42902,0.44164,-0.53515,0.57837,19.59600
0.09134,0.29164,0.08535,0.42909,0.44172,-0.53509,0.57831,19.69600
0.09134,0.29154,0.08537,0.42916,0.44180,-0.53503,0.57825,19.79600
0.09135,0.29144,0.08539,0.42923,0.44187,-0.53498,0.57820,19.89600
0.09136,0.29135,0.08542,0.42930,0.44195,-0.53492,0.57814,19.99600
0.09136,0.29125,0.08544,0.42937,0.44202,-0.53486,0.57808,20.09600
0.09137,0.29115,0.08547,0.42944,0.44210,-0.53481,0.57802,20.19600
0.09137,0.29106,0.08549,0.42951,0.44217,-0.53475,0.57796,20.29600
0.09138,0.29096,0.08552,0.42958,0.44225,-0.53469,0.57791,20.39600
0.09138,0.29086,0.08554,0.42965,0.44233,-0.53464,0.57785,20.49600
0.09139,0.29077,0.08557,0.42972,0.44240,-0.53458,0.57779,20.59600
0.09139,0.29067,0.08559,0.42979,0.44247,-0.53453,0.57774,20.69600
0.09140,0.29057,0.08561,0.42986,0.44255,-0.53447,0.57767,20.79600
0.09140,0.29048,0.08563,0.42993,0.44263,-0.53441,0.57762,20.89600
0.09141,0.29038,0.08566,0.43000,0.44270,-0.53436,0.57756,20.99600
0.09141,0.29028,0.08568,0.43007,0.44278,-0.53430,0.57750,21.09600
0.09142,0.29019,0.08571,0.43014,0.44286,-0.53424,0.57744,21.19600
0.09142,0.29009,0.08573,0.43021,0.44293,-0.53419,0.57739,21.29600
0.09143,0.28999,0.08576,0.43027,0.44300,-0.53414,0.57733,21.39600
0.09143,0.28989,0.08578,0.43035,0.44308,-0.53408,0.57727,21.49600
0.09144,0.28980,0.08580,0.43042,0.44315,-0.53402,0.57721,21.59600
0.09144,0.28970,0.08583,0.43048,0.44323,-0.53397,0.57716,21.69600
0.09145,0.28960,0.08584,0.43056,0.44331,-0.53391,0.57709,21.79600
0.09145,0.28951,0.08587,0.43063,0.44338,-0.53385,0.57704,21.89600
0.09146,0.28941,0.08589,0.43069,0.44346,-0.53380,0.57698,21.99600
0.09146,0.28931,0.08592,0.43076,0.44353,-0.53374,0.57692,22.09600
0.09147,0.28922,0.08594,0.43084,0.44361,-0.53368,0.57687,22.19600
0.09147,0.28912,0.08597,0.43090,0.44368,-0.53363,0.57681,22.29600
0.09148,0.28902,0.08599,0.43097,0.44376,-0.53357,0.57675,22.39600
0.09148,0.28893,0.08602,0.43104,0.44383,-0.53352,0.57669,22.49600
0.09149,0.28883,0.08604,0.43111,0.44391,-0.53346,0.57663,22.59600
0.09150,0.28873,0.08606,0.43118,0.44398,-0.53340,0.57658,22.69600
0.09150,0.28863,0.08609,0.43125,0.44405,-0.53335,0.57652,22.79600
0.09151,0.28854,0.08610,0.43132,0.44414,-0.53329,0.57646,22.89600
0.09151,0.28844,0.08613,0.43139,0.44421,-0.53323,0.57640,22.99600
0.09152,0.28834,0.08615,0.43146,0.44428,-0.53318,0.57635,23.09600
0.09152,0.28825,0.08618,0.43153,0.44436,-0.53312,0.57628,23.19600
0.09153,0.28815,0.08620,0.43160,0.44444,-0.53306,0.57623,23.29600
0.09153,0.28805,0.08622,0.43167,0.44451,-0.53301,0.57617,23.39600
0.09154,0.28796,0.08625,0.43174,0.44458,-0.53296,0.57611,23.49600
0.09154,0.28786,0.08627,0.43181,0.44466,-0.53289,0.57605,23.59600
0.09155,0.28776,0.08630,0.43188,0.44473,-0.53284,0.57600,23.69600
0.09155,0.28766,0.08632,0.43195,0.44481,-0.53279,0.57594,23.79600
0.09156,0.28757,0.08633,0.43202,0.44488,-0.53273,0.57588,23.89600
0.09156,0.28747,0.08636,0.43209,0.44497,-0.53267,0.57582,23.99600
0.09157,0.28737,0.08638,0.43216,0.44504,-0.53262,0.57576,24.09600
0.09157,0.28728,0.08641,0.43223,0.44511,-0.53256,0.57571,24.19600
0.09158,0.28718,0.08643,0.43230,0.44519,-0.53250,0.57564,24.29600
0.09158,0.28708,0.08645,0.43237,0.44526,-0.53245,0.57559,24.39600
0.09159,0.28698,0.08648,0.43244,0.44534,-0.53239,0.57553,24.49600
0.09159,0.28688,0.08650,0.43250,0.44541,-0.53233,0.57547,24.59600
0.09160,0.28678,0.08653,0.43258,0.44549,-0.53228,0.57541,24.69600
0.09160,0.28668,0.08655,0.43264,0.44556,-0.53222,0.57536,24.79600
0.09161,0.28659,0.08656,0.43271,0.44564,-0.53216,0.57530,24.89600
0.09161,0.28649,0.08659,0.43278,0.44571,-0.53211,0.57524,24.99600
0.09162,0.28639,0.08661,0.43285,0.44579,-0.53205,0.57518,25.09600
0.09163,0.28629,0.08664,0.43292,0.44586,-0.53199,0.57512,25.19600
0.09163,0.28620,0.08666,0.43299,0.44594,-0.53194,0.57507,25.29600
0.09164,0.28610,0.08668,0.43306,0.44601,-0.53188,0.57501,25.39600
0.09164,0.28600,0.08671,0.43313,0.44609,-0.53182,0.57495,25.49600
0.09165,0.28591,0.08673,0.43320,0.44616,-0.53177,0.57489,25.59600
0.09165,0.28581,0.08675,0.43327,0.44623,-0.53171,0.57484,25.69600
0.09166,0.28571,0.08678,0.43334,0.44631,-0.53166,0.57478,25.79600
0.09166,0.28561,0.08679,0.43341,0.44639,-0.53160,0.57471,25.89600
0.09167,0.28552,0.08681,0.43348,0.44647,-0.53154,0.57466,25.99600
0.09167,0.28542,0.08684,0.43354,0.44654,-0.53149,0.57460,26.09600
0.09168,0.28532,0.08686,0.43362,0.44662,-0.53143,0.57454,26.19600
0.09168,0.28523,0.08689,0.43369,0.44669,-0.53137,0.57448,26.29600
0.09169,0.28513,0.08691,0.43375,0.44676,-0.53132,0.57443,26.39600
0.09169,0.28503,0.08693,0.43382,0.44684,-0.53126,0.57437,26.49600
0.09170,0.28493,0.08696,0.43390,0.44692,-0.53120,0.57431,26.59600
0.09170,0.28484,0.08698,0.43397,0.44699,-0.53114,0.57425,26.69600
0.09171,0.28474,0.08700,0.43403,0.44706,-0.53109,0.57419,26.79600
0.09171,0.28464,0.08703,0.43410,0.44714,-0.53103,0.57413,26.89600
0.09172,0.28455,0.08704,0.43418,0.44722,-0.53097,0.57407,26.99600
0.09172,0.28445,0.08706,0.43424,0.44729,-0.53092,0.57402,27.09600
0.09173,0.28435,0.08709,0.43431,0.44736,-0.53086,0.57396,27.19600
0.09174,0.28425,0.08711,0.43438,0.44744,-0.53080,0.57390,27.29600
0.09174,0.28416,0.08713,0.43445,0.44751,-0.53075,0.57384,27.39600
0.09175,0.28406,0.08715,0.43452,0.44759,-0.53069,0.57378,27.49600
0.09175,0.28396,0.08718,0.43459,0.44766,-0.53063,0.57372,27.59600
0.09176,0.28386,0.08720,0.43466,0.44774,-0.53058,0.57367,27.69600
0.09176,0.28377,0.08722,0.43472,0.44781,-0.53052,0.57361,27.79600
0.09177,0.28367,0.08725,0.43480,0.44789,-0.53046,0.57355,27.89600
0.09177,0.28357,0.08726,0.43486,0.44796,-0.53041,0.57349,27.99600
0.09178,0.28348,0.08728,0.43493,0.44804,-0.53035,0.57343,28.09600
0.09178,0.28338,0.08731,0.43500,0.44811,-0.53030,0.57338,28.19600
0.09179,0.28328,0.08733,0.43507,0.44819,-0.53024,0.57331,28.29600
0.09179,0.28318,0.08735,0.43514,0.44826,-0.53018,0.57326,28.39600
0.09180,0.28309,0.08737,0.43521,0.44834,-0.53012,0.57320,28.49600
0.09180,0.28299,0.08740,0.43528,0.44841,-0.53007,0.57314,28.59600
0.09181,0.28289,0.08742,0.43535,0.44849,-0.53001,0.57308,28.69600
0.09181,0.28279,0.08744,0.43542,0.44856,-0.52995,0.57302,28.79600
0.09182,0.28270,0.08747,0.43548,0.44863,-0.52990,0.57297,28.89600
0.09182,0.28260,0.08748,0.43555,0.44871,-0.52984,0.57291,28.99600
0.09183,0.28250,0.08750,0.43563,0.44879,-0.52978,0.57284,29.09600
0.09184,0.28240,0.08752,0.43570,0.44886,-0.52972,0.57279,29.19600
0.09184,0.28231,0.08755,0.43576,0.44893,-0.52967,0.57273,29.29600
0.09185,0.28221,0.08757,0.43583,0.44901,-0.52961,0.57267,29.39600
0.09185,0.28211,0.08759,0.43590,0.44908,-0.52956,0.57261,29.49600
0.09186,0.28201,0.08762,0.43597,0.44916,-0.52949,0.57255,29.59600
0.09186,0.28192,0.08764,0.43604,0.44923,-0.52944,0.57250,29.69600
0.09187,0.28182,0.08766,0.43611,0.44931,-0.52939,0.57244,29.79600
0.09187,0.28172,0.08768,0.43618,0.44938,-0.52933,0.57238,29.89600
0.09188,0.28162,0.08770,0.43625,0.44946,-0.52927,0.57232,29.99600
0.09188,0.28153,0.08772,0.43632,0.44953,-0.52921,0.57226,30.09600
0.09189,0.28143,0.08774,0.43638,0.44961,-0.52916,0.57220,30.19600
0.09189,0.28133,0.08776,0.43645,0.44968,-0.52910,0.57214,30.29600
0.09190,0.28124,0.08779,0.43652,0.44976,-0.52904,0.57208,30.39600
0.09190,0.28114,0.08781,0.43659,0.44983,-0.52899,0.57203,30.49600
0.09191,0.28104,0.08783,0.43666,0.44991,-0.52893,0.57197,30.59600
0.09191,0.28094,0.08785,0.43673,0.44998,-0.52887,0.57191,30.69600
0.09192,0.28085,0.08787,0.43680,0.45006,-0.52881,0.57185,30.79600
0.09192,0.28075,0.08790,0.43687,0.45013,-0.52876,0.57179,30.89600
0.09193,0.28065,0.08791,0.43694,0.45021,-0.52870,0.57173,30.99600
0.09194,0.28055,0.08793,0.43701,0.45028,-0.52864,0.57167,31.09600
0.09194,0.28046,0.08795,0.43708,0.45035,-0.52859,0.57161,31.19600
0.09195,0.28036,0.08798,0.43714,0.45042,-0.52853,0.57156,31.29600
0.09195,0.28026,0.08800,0.43722,0.45050,-0.52847,0.57150,31.39600
0.09196,0.28016,0.08802,0.43728,0.45058,-0.52841,0.57144,31.49600
0.09196,0.28007,0.08804,0.43735,0.45065,-0.52836,0.57138,31.59600
0.09197,0.27997,0.08806,0.43742,0.45072,-0.52830,0.57132,31.69600
0.09197,0.27987,0.08809,0.43749,0.45080,-0.52824,0.57126,31.79600
0.09198,0.27977,0.08811,0.43756,0.45088,-0.52818,0.57120,31.89600
0.09198,0.27968,0.08813,0.43763,0.45095,-0.52813,0.57114,31.99600
0.09199,0.27958,0.08814,0.43769,0.45102,-0.52807,0.57109,32.09600
0.09199,0.27948,0.08816,0.43776,0.45110,-0.52802,0.57103,32.19600
0.09200,0.27938,0.08819,0.43784,0.45118,-0.52796,0.57096,32.29600
0.09200,0.27928,0.08821,0.43791,0.45125,-0.52790,0.57091,32.39600
0.09201,0.27919,0.08823,0.43797,0.45133,-0.52784,0.57085,32.49600
0.09201,0.27909,0.08825,0.43804,0.45140,-0.52779,0.57079,32.59600
0.09202,0.27899,0.08827,0.43811,0.45147,-0.52773,0.57073,32.69600
0.09203,0.27889,0.08830,0.43818,0.45155,-0.52767,0.57067,32.79600
0.09203,0.27880,0.08832,0.43825,0.45162,-0.52761,0.57061,32.89600
0.09204,0.27870,0.08834,0.43831,0.45169,-0.52756,0.57056,32.99600
0.09204,0.27860,0.08835,0.43838,0.45177,-0.52750,0.57050,33.09600
0.09205,0.27850,0.08837,0.43845,0.45184,-0.52744,0.57044,33.19600
0.09205,0.27841,0.08839,0.43853,0.45192,-0.52738,0.57037,33.29600
0.09206,0.27831,0.08842,0.43860,0.45200,-0.52733,0.57032,33.39600
0.09206,0.27821,0.08844,0.43866,0.45207,-0.52727,0.57026,33.49600
0.09207,0.27811,0.08846,0.43873,0.45214,-0.52722,0.57020,33.59600
0.09207,0.27802,0.08848,0.43880,0.45222,-0.52716,0.57014,33.69600
0.09208,0.27792,0.08850,0.43887,0.45230,-0.52710,0.57008,33.79600
0.09208,0.27782,0.08852,0.43894,0.45237,-0.52704,0.57002,33.89600
0.09209,0.27772,0.08855,0.43900,0.45244,-0.52699,0.56996,33.99600
0.09209,0.27763,0.08856,0.43907,0.45251,-0.52693,0.56991,34.09600
0.09210,0.27753,0.08858,0.43914,0.45259,-0.52687,0.56985,34.19600
0.09210,0.27743,0.08860,0.43922,0.45267,-0.52681,0.56978,34.29600
0.09211,0.27733,0.08862,0.43928,0.45274,-0.52676,0.56973,34.39600
0.09212,0.27723,0.08864,0.43935,0.45281,-0.52670,0.56967,34.49600
0.09212,0.27714,0.08866,0.43942,0.45289,-0.52664,0.56961,34.59600
0.09213,0.27704,0.08869,0.43949,0.45296,-0.52658,0.56955,34.69600
0.09213,0.27694,0.08871,0.43956,0.45304,-0.52653,0.56949,34.79600
0.09214,0.27684,0.08873,0.43962,0.45311,-0.52647,0.56943,34.89600
0.09214,0.27675,0.08875,0.43969,0.45318,-0.52641,0.56937,34.99600
0.09215,0.27665,0.08876,0.43976,0.45326,-0.52635,0.56931,35.09600
0.09215,0.27655,0.08878,0.43983,0.45333,-0.52630,0.56925,35.19600
0.09216,0.27645,0.08880,0.43989,0.45340,-0.52624,0.56920,35.29600
0.09216,0.27636,0.08882,0.43997,0.45348,-0.52618,0.56914,35.39600
0.09217,0.27626,0.08885,0.44004,0.45356,-0.52612,0.56908,35.49600
0.09217,0.27616,0.08887,0.44011,0.45363,-0.52607,0.56902,35.59600
0.09218,0.27606,0.08889,0.44017,0.45371,-0.52601,0.56896,35.69600
0.09218,0.27596,0.08891,0.44024,0.45377,-0.52596,0.56890,35.79600
0.09219,0.27587,0.08893,0.44031,0.45385,-0.52589,0.56884,35.89600
0.09220,0.27577,0.08895,0.44038,0.45393,-0.52584,0.56878,35.99600
0.09220,0.27567,0.08896,0.44045,0.45400,-0.52578,0.56872,36.09600
0.09221,0.27557,0.08898,0.44052,0.45408,-0.52572,0.56866,36.19600
0.09221,0.27548,0.08900,0.44058,0.45415,-0.52567,0.56861,36.29600
0.09222,0.27538,0.08902,0.44065,0.45422,-0.52561,0.56855,36.39600
0.09222,0.27528,0.08905,0.44072,0.45430,-0.52555,0.56848,36.49600
0.09223,0.27518,0.08907,0.44079,0.45437,-0.52549,0.56842,36.59600
0.09223,0.27508,0.08909,0.44086,0.45445,-0.52543,0.56836,36.69600
0.09224,0.27499,0.08911,0.44093,0.45452,-0.52538,0.56831,36.79600
0.09224,0.27489,0.08913,0.44099,0.45459,-0.52532,0.56825,36.89600
0.09225,0.27479,0.08915,0.44107,0.45467,-0.52526,0.56819,36.99600
0.09225,0.27469,0.08916,0.44114,0.45475,-0.52520,0.56813,37.09600
0.09226,0.27459,0.08918,0.44120,0.45482,-0.52514,0.56807,37.19600
0.09226,0.27450,0.08920,0.44127,0.45489,-0.52509,0.56801,37.29600
0.09227,0.27440,0.08922,0.44134,0.45496,-0.52503,0.56795,37.39600
0.09228,0.27430,0.08924,0.44141,0.45504,-0.52498,0.56789,37.49600
0.09228,0.27420,0.08926,0.44148,0.45512,-0.52491,0.56783,37.59600
0.09229,0.27411,0.08928,0.44155,0.45519,-0.52486,0.56777,37.69600
0.09229,0.27400,0.08930,0.44162,0.45527,-0.52480,0.56771,37.79600
0.09230,0.27390,0.08932,0.44168,0.45533,-0.52474,0.56766,37.89600
0.09230,0.27380,0.08935,0.44175,0.45541,-0.52469,0.56760,37.99600
0.09231,0.27370,0.08937,0.44182,0.45548,-0.52463,0.56754,38.09600
0.09231,0.27361,0.08938,0.44189,0.45556,-0.52457,0.56747,38.19600
0.09232,0.27351,0.08940,0.44196,0.45564,-0.52451,0.56741,38.29600
0.09232,0.27341,0.08942,0.44203,0.45571,-0.52445,0.56735,38.39600
0.09233,0.27331,0.08944,0.44209,0.45578,-0.52440,0.56730,38.49600
0.09233,0.27321,0.08946,0.44216,0.45585,-0.52434,0.56724,38.59600
0.09234,0.27312,0.08948,0.44223,0.45593,-0.52428,0.56718,38.69600
0.09234,0.27302,0.08950,0.44230,0.45600,-0.52423,0.56712,38.79600
0.09235,0.27292,0.08952,0.44237,0.45608,-0.52416,0.56706,38.89600
0.09236,0.27282,0.08954,0.44244,0.45616,-0.52411,0.56700,38.99600
0.09236,0.27273,0.08956,0.44250,0.45622,-0.52405,0.56694,39.09600
0.09237,0.27263,0.08957,0.44257,0.45630,-0.52399,0.56688,39.19600
0.09237,0.27253,0.08959,0.44264,0.45637,-0.52394,0.56682,39.29600
0.09238,0.27243,0.08961,0.44271,0.45645,-0.52388,0.56676,39.39600
0.09238,0.27233,0.08963,0.44278,0.45653,-0.52382,0.56670,39.49600
0.09239,0.27224,0.08965,0.44285,0.45660,-0.52376,0.56664,39.59600
0.09239,0.27214,0.08967,0.44291,0.45667,-0.52370,0.56658,39.69600
0.09240,0.27204,0.08969,0.44298,0.45674,-0.52365,0.56652,39.79600
0.09240,0.27194,0.08971,0.44305,0.45682,-0.52359,0.56646,39.89600
0.09241,0.27184,0.08973,0.44312,0.45689,-0.52353,0.56640,39.99600
0.09241,0.27175,0.08975,0.44319,0.45696,-0.52347,0.56634,40.09600
0.09242,0.27165,0.08976,0.44326,0.45704,-0.52341,0.56628,40.19600
0.09242,0.27155,0.08978,0.44332,0.45711,-0.52336,0.56622,40.29600
0.09243,0.27145,0.08980,0.44339,0.45719,-0.52330,0.56616,40.39600
0.09244,0.27135,0.08982,0.44346,0.45726,-0.52324,0.56611,40.49600
0.09244,0.27126,0.08984,0.44353,0.45733,-0.52318,0.56605,40.59600
0.09245,0.27116,0.08986,0.44360,0.45741,-0.52313,0.56599,40.69600
0.09245,0.27106,0.08988,0.44366,0.45748,-0.52307,0.56593,40.79600
0.09246,0.27096,0.08990,0.44373,0.45756,-0.52301,0.56587,40.89600
0.09246,0.27086,0.08992,0.44380,0.45763,-0.52295,0.56581,40.99600
0.09247,0.27077,0.08994,0.44387,0.45770,-0.52289,0.56575,41.09600
0.09247,0.27067,0.08995,0.44394,0.45778,-0.52284,0.56569,41.19600
0.09248,0.27057,0.08997,0.44401,0.45785,-0.52278,0.56563,41.29600
0.09248,0.27047,0.08999,0.44407,0.45792,-0.52272,0.56557,41.39600
0.09249,0.27037,0.09001,0.44414,0.45800,-0.52266,0.56551,41.49600
0.09249,0.27027,0.09003,0.44421,0.45807,-0.52260,0.56545,41.59600
0.09250,0.27018,0.09005,0.44428,0.45815,-0.52255,0.56539,41.69600
0.09251,0.27008,0.09006,0.44435,0.45822,-0.52249,0.56533,41.79600
0.09251,0.26998,0.09008,0.44442,0.45829,-0.52243,0.56527,41.89600
0.09252,0.26988,0.09010,0.44448,0.45837,-0.52237,0.56521,41.99600
0.09252,0.26978,0.09012,0.44455,0.45844,-0.52231,0.56515,42.09600
0.09253,0.26969,0.09013,0.44462,0.45852,-0.52226,0.56509,42.19600
0.09253,0.26959,0.09015,0.44469,0.45859,-0.52220,0.56503,42.29600
0.09254,0.26949,0.09017,0.44476,0.45866,-0.52214,0.56497,42.39600
0.09254,0.26939,0.09019,0.44483,0.45874,-0.52208,0.56491,42.49600
0.09255,0.26929,0.09021,0.44489,0.45881,-0.52202,0.56485,42.59600
0.09255,0.26920,0.09023,0.44496,0.45888,-0.52196,0.56479,42.69600
0.09256,0.26910,0.09025,0.44503,0.45896,-0.52191,0.56473,42.79600
0.09256,0.26900,0.09027,0.44510,0.45903,-0.52185,0.56467,42.89600
0.09257,0.26890,0.09029,0.44516,0.45910,-0.52179,0.56461,42.99600
0.09258,0.26880,0.09031,0.44524,0.45918,-0.52173,0.56455,43.09600
0.09258,0.26871,0.09032,0.44530,0.45925,-0.52167,0.56449,43.19600
0.09259,0.26861,0.09033,0.44537,0.45933,-0.52162,0.56443,43.29600
0.09259,0.26851,0.09035,0.44544,0.45940,-0.52156,0.56437,43.39600
0.09260,0.26841,0.09037,0.44551,0.45947,-0.52150,0.56431,43.49600
0.09260,0.26831,0.09039,0.44558,0.45955,-0.52144,0.56425,43.59600
0.09261,0.26821,0.09041,0.44564,0.45962,-0.52138,0.56419,43.69600
0.09261,0.26812,0.09043,0.44571,0.45969,-0.52133,0.56413,43.79600
0.09262,0.26802,0.09045,0.44578,0.45977,-0.52127,0.56407,43.89600
0.09262,0.26792,0.09047,0.44585,0.45984,-0.52121,0.56401,43.99600
0.09263,0.26782,0.09049,0.44592,0.45992,-0.52115,0.56395,44.09600
0.09263,0.26772,0.09051,0.44598,0.45999,-0.52109,0.56389,44.19600
0.09264,0.26763,0.09051,0.44605,0.46006,-0.52103,0.56383,44.29600
0.09265,0.26753,0.09053,0.44612,0.46014,-0.52098,0.56377,44.39600
0.09265,0.26743,0.09055,0.44619,0.46021,-0.52092,0.56371,44.49600
0.09266,0.26733,0.09057,0.44625,0.46028,-0.52086,0.56365,44.59600
0.09266,0.26723,0.09059,0.44632,0.46036,-0.52080,0.56359,44.69600
0.09267,0.26713,0.09061,0.44639,0.46043,-0.52074,0.56353,44.79600
0.09267,0.26704,0.09063,0.44646,0.46051,-0.52068,0.56347,44.89600
0.09268,0.26694,0.09065,0.44653,0.46058,-0.52063,0.56341,44.99600
0.09268,0.26684,0.09066,0.44660,0.46065,-0.52057,0.56335,45.09600
0.09269,0.26674,0.09068,0.44666,0.46073,-0.52051,0.56329,45.19600
0.09269,0.26664,0.09069,0.44673,0.46080,-0.52045,0.56323,45.29600
0.09270,0.26654,0.09071,0.44680,0.46087,-0.52039,0.56317,45.39600
0.09270,0.26645,0.09073,0.44686,0.46094,-0.52034,0.56311,45.49600
0.09271,0.26635,0.09075,0.44693,0.46101,-0.52028,0.56305,45.59600
0.09272,0.26625,0.09077,0.44700,0.46109,-0.52022,0.56299,45.69600
0.09272,0.26615,0.09078,0.44707,0.46117,-0.52016,0.56293,45.79600
0.09273,0.26605,0.09080,0.44714,0.46124,-0.52010,0.56287,45.89600
0.09273,0.26596,0.09082,0.44721,0.46131,-0.52004,0.56281,45.99600
0.09274,0.26586,0.09084,0.44728,0.46139,-0.51998,0.56275,46.09600
0.09274,0.26576,0.09086,0.44734,0.46146,-0.51993,0.56269,46.19600
0.09275,0.26566,0.09087,0.44741,0.46153,-0.51987,0.56263,46.29600
0.09275,0.26556,0.09088,0.44748,0.46161,-0.51981,0.56257,46.39600
0.09276,0.26546,0.09090,0.44754,0.46168,-0.51975,0.56251,46.49600
0.09276,0.26537,0.09092,0.44761,0.46176,-0.51969,0.56244,46.59600
0.09277,0.26527,0.09094,0.44768,0.46183,-0.51963,0.56238,46.69600
0.09278,0.26517,0.09096,0.44775,0.46190,-0.51957,0.56232,46.79600
0.09278,0.26507,0.09098,0.44782,0.46198,-0.51952,0.56226,46.89600
0.09279,0.26497,0.09099,0.44789,0.46205,-0.51946,0.56220,46.99600
0.09279,0.26487,0.09101,0.44795,0.46212,-0.51940,0.56214,47.09600
0.09280,0.26478,0.09103,0.44802,0.46220,-0.51934,0.56208,47.19600
0.09280,0.26468,0.09104,0.44809,0.46227,-0.51928,0.56202,47.29600
0.09281,0.26458,0.09106,0.44816,0.46234,-0.51922,0.56196,47.39600
0.09281,0.26448,0.09107,0.44822,0.46241,-0.51917,0.56191,47.49600
0.09282,0.26438,0.09109,0.44829,0.46248,-0.51911,0.56185,47.59600
0.09282,0.26428,0.09111,0.44836,0.46256,-0.51905,0.56178,47.69600
0.09283,0.26419,0.09113,0.44843,0.46264,-0.51899,0.56172,47.79600
0.09283,0.26409,0.09115,0.44850,0.46271,-0.51893,0.56166,47.89600
0.09284,0.26399,0.09116,0.44856,0.46278,-0.51887,0.56160,47.99600
0.09285,0.26389,0.09118,0.44863,0.46286,-0.51881,0.56154,48.09600
0.09285,0.26379,0.09120,0.44870,0.46293,-0.51876,0.56148,48.19600
0.09286,0.26369,0.09121,0.44877,0.46300,-0.51870,0.56142,48.29600
0.09286,0.26359,0.09123,0.44883,0.46308,-0.51864,0.56136,48.39600
0.09287,0.26350,0.09124,0.44890,0.46315,-0.51858,0.56130,48.49600
0.09287,0.26340,0.09126,0.44897,0.46322,-0.51852,0.56124,48.59600
0.09288,0.26330,0.09128,0.44903,0.46329,-0.51847,0.56118,48.69600
0.09288,0.26320,0.09130,0.44911,0.46337,-0.51840,0.56112,48.79600
0.09289,0.26310,0.09132,0.44917,0.46344,-0.51835,0.56106,48.89600
0.09290,0.26300,0.09133,0.44924,0.46352,-0.51829,0.56099,48.99600
0.09290,0.26291,0.09135,0.44931,0.46359,-0.51823,0.56093,49.09600
0.09291,0.26281,0.09137,0.44938,0.46366,-0.51817,0.56087,49.19600
0.09291,0.26271,0.09138,0.44944,0.46373,-0.51811,0.56081,49.29600
0.09292,0.26261,0.09139,0.44951,0.46381,-0.51805,0.56075,49.39600
0.09292,0.26251,0.09141,0.44958,0.46388,-0.51799,0.56069,49.49600
0.09293,0.26241,0.09143,0.44965,0.46395,-0.51794,0.56063,49.59600
0.09293,0.26232,0.09145,0.44971,0.46403,-0.51788,0.56057,49.69600
0.09294,0.26222,0.09146,0.44978,0.46410,-0.51782,0.56051,49.79600
0.09294,0.26212,0.09148,0.44985,0.46417,-0.51776,0.56045,49.89600
0.09295,0.26202,0.09150,0.44991,0.46424,-0.51770,0.56039,49.99600
0.09295,0.26192,0.09152,0.44998,0.46432,-0.51764,0.56033,50.09600
0.09296,0.26182,0.09153,0.45005,0.46439,-0.51758,0.56027,50.19600
0.09297,0.26172,0.09154,0.45012,0.46447,-0.51752,0.56021,50.29600
0.09297,0.26163,0.09156,0.45019,0.46454,-0.51747,0.56015,50.39600
0.09298,0.26153,0.09157,0.45025,0.46461,-0.51741,0.56009,50.49600
0.09298,0.26143,0.09159,0.45032,0.46469,-0.51735,0.56003,50.59600
0.09299,0.26133,0.09161,0.45039,0.46476,-0.51729,0.55997,50.69600
0.09299,0.26123,0.09163,0.45046,0.46483,-0.51723,0.55990,50.79600
0.09300,0.26113,0.09164,0.45052,0.46490,-0.51717,0.55984,50.89600
0.09300,0.26103,0.09166,0.45059,0.46498,-0.51711,0.55978,50.99600
0.09301,0.26094,0.09168,0.45066,0.46505,-0.51705,0.55972,51.09600
0.09301,0.26084,0.09169,0.45073,0.46512,-0.51700,0.55966,51.19600
0.09302,0.26074,0.09170,0.45079,0.46520,-0.51694,0.55960,51.29600
0.09303,0.26064,0.09172,0.45086,0.46527,-0.51688,0.55954,51.39600
0.09303,0.26054,0.09174,0.45093,0.46534,-0.51682,0.55948,51.49600
0.09304,0.26044,0.09175,0.45100,0.46542,-0.51676,0.55942,51.59600
0.09304,0.26035,0.09177,0.45106,0.46549,-0.51670,0.55936,51.69600
0.09305,0.26025,0.09179,0.45113,0.46556,-0.51664,0.55930,51.79600
0.09305,0.26015,0.09180,0.45120,0.46564,-0.51658,0.55924,51.89600
0.09306,0.26005,0.09182,0.45127,0.46571,-0.51652,0.55918,51.99600
0.09306,0.25995,0.09184,0.45133,0.46578,-0.51647,0.55912,52.09600
0.09307,0.25985,0.09185,0.45140,0.46585,-0.51641,0.55905,52.19600
0.09307,0.25975,0.09186,0.45147,0.46593,-0.51635,0.55899,52.29600
0.09308,0.25966,0.09188,0.45154,0.46600,-0.51629,0.55893,52.39600
0.09309,0.25956,0.09189,0.45160,0.46607,-0.51623,0.55887,52.49600
0.09309,0.25946,0.09191,0.45167,0.46615,-0.51617,0.55881,52.59600
0.09310,0.25936,0.09193,0.45174,0.46622,-0.51611,0.55875,52.69600
0.09310,0.25926,0.09195,0.45180,0.46629,-0.51605,0.55869,52.79600
0.09311,0.25916,0.09196,0.45187,0.46636,-0.51599,0.55863,52.89600
0.09311,0.25906,0.09198,0.45194,0.46644,-0.51594,0.55857,52.99600
0.09312,0.25896,0.09199,0.45201,0.46651,-0.51588,0.55851,53.09600
0.09312,0.25887,0.09201,0.45207,0.46658,-0.51582,0.55845,53.19600
0.09313,0.25877,0.09203,0.45214,0.46666,-0.51576,0.55839,53.29600
0.09313,0.25867,0.09203,0.45221,0.46673,-0.51570,0.55832,53.39600
0.09314,0.25857,0.09205,0.45228,0.46680,-0.51564,0.55826,53.49600
0.09315,0.25847,0.09207,0.45235,0.46688,-0.51558,0.55820,53.59600
0.09315,0.25837,0.09208,0.45242,0.46695,-0.51552,0.55814,53.69600
0.09316,0.25827,0.09210,0.45248,0.46702,-0.51546,0.55808,53.79600
0.09316,0.25818,0.09212,0.45255,0.46710,-0.51540,0.55802,53.89600
0.09317,0.25808,0.09213,0.45262,0.46717,-0.51534,0.55795,53.99600
0.09317,0.25798,0.09215,0.45268,0.46724,-0.51529,0.55790,54.09600
0.09318,0.25788,0.09217,0.45275,0.46731,-0.51523,0.55784,54.19600
0.09318,0.25778,0.09218,0.45281,0.46738,-0.51517,0.55778,54.29600
0.09319,0.25768,0.09219,0.45288,0.46746,-0.51511,0.55772,54.39600
0.09320,0.25758,0.09220,0.45295,0.46753,-0.51505,0.55765,54.49600
0.09320,0.25749,0.09222,0.45302,0.46760,-0.51499,0.55759,54.59600
0.09321,0.25739,0.09224,0.45308,0.46767,-0.51493,0.55753,54.69600
0.09321,0.25729,0.09225,0.45315,0.46775,-0.51487,0.55747,54.79600
0.09322,0.25719,0.09227,0.45322,0.46782,-0.51481,0.55741,54.89600
0.09322,0.25709,0.09229,0.45328,0.46789,-0.51475,0.55735,54.99600
0.09323,0.25699,0.09230,0.45335,0.46797,-0.51470,0.55729,55.09600
0.09323,0.25689,0.09232,0.45342,0.46804,-0.51464,0.55723,55.19600
0.09324,0.25679,0.09233,0.45349,0.46811,-0.51458,0.55717,55.29600
0.09324,0.25670,0.09234,0.45355,0.46818,-0.51452,0.55711,55.39600
0.09325,0.25660,0.09236,0.45362,0.46826,-0.51446,0.55704,55.49600
0.09326,0.25650,0.09237,0.45369,0.46833,-0.51440,0.55698,55.59600
0.09326,0.25640,0.09239,0.45375,0.46840,-0.51434,0.55692,55.69600
0.09327,0.25630,0.09240,0.45382,0.46847,-0.51428,0.55686,55.79600
0.09327,0.25620,0.09242,0.45389,0.46855,-0.51422,0.55680,55.89600
0.09328,0.25610,0.09244,0.45395,0.46862,-0.51416,0.55674,55.99600
0.09328,0.25600,0.09245,0.45402,0.46869,-0.51410,0.55668,56.09600
0.09329,0.25591,0.09247,0.45409,0.46876,-0.51404,0.55662,56.19600
0.09329,0.25581,0.09248,0.45416,0.46884,-0.51399,0.55656,56.29600
0.09330,0.25571,0.09249,0.45422,0.46891,-0.51393,0.55649,56.39600
0.09331,0.25561,0.09250,0.45430,0.46899,-0.51386,0.55643,56.49600
0.09331,0.25551,0.09252,0.45436,0.46906,-0.51380,0.55637,56.59600
0.09332,0.25541,0.09254,0.45443,0.46913,-0.51374,0.55631,56.69600
0.09332,0.25531,0.09255,0.45450,0.46921,-0.51368,0.55624,56.79600
0.09333,0.25521,0.09257,0.45456,0.46928,-0.51363,0.55618,56.89600
0.09333,0.25512,0.09258,0.45463,0.46935,-0.51357,0.55612,56.99600
0.09334,0.25502,0.09260,0.45470,0.46942,-0.51351,0.55606,57.09600
0.09334,0.25492,0.09261,0.45476,0.46950,-0.51345,0.55600,57.19600
0.09335,0.25482,0.09263,0.45483,0.46957,-0.51339,0.55594,57.29600
0.09335,0.25472,0.09264,0.45490,0.46964,-0.51333,0.55588,57.39600
0.09336,0.25462,0.09265,0.45496,0.46971,-0.51327,0.55582,57.49600
0.09337,0.25452,0.09267,0.45503,0.46979,-0.51321,0.55575,57.59600
0.09337,0.25442,0.09268,0.45510,0.46986,-0.51315,0.55569,57.69600
0.09338,0.25433,0.09270,0.45517,0.46993,-0.51309,0.55563,57.79600
0.09338,0.25423,0.09271,0.45523,0.47000,-0.51303,0.55557,57.89600
0.09339,0.25413,0.09273,0.45530,0.47007,-0.51297,0.55551,57.99600
0.09339,0.25403,0.09274,0.45537,0.47015,-0.51291,0.55545,58.09600
0.09340,0.25393,0.09276,0.45543,0.47022,-0.51285,0.55539,58.19600
0.09340,0.25383,0.09277,0.45550,0.47029,-0.51279,0.55533,58.29600
0.09341,0.25373,0.09278,0.45557,0.47036,-0.51274,0.55526,58.39600
0.09342,0.25363,0.09279,0.45563,0.47044,-0.51268,0.55520,58.49600
0.09342,0.25353,0.09281,0.45570,0.47051,-0.51262,0.55514,58.59600
0.09343,0.25344,0.09282,0.45577,0.47058,-0.51256,0.55508,58.69600
0.09343,0.25334,0.09284,0.45583,0.47065,-0.51250,0.55502,58.79600
0.09344,0.25324,0.09285,0.45590,0.47073,-0.51244,0.55496,58.89600
0.09344,0.25314,0.09287,0.45597,0.47080,-0.51238,0.55490,58.99600
0.09345,0.25304,0.09288,0.45603,0.47087,-0.51232,0.55484,59.09600
0.09345,0.25294,0.09290,0.45610,0.47094,-0.51226,0.55477,59.19600
0.09346,0.25284,0.09291,0.45617,0.47102,-0.51220,0.55471,59.29600
0.09347,0.25274,0.09292,0.45624,0.47109,-0.51214,0.55465,59.39600
0.09347,0.25265,0.09293,0.45630,0.47116,-0.51208,0.55459,59.49600
0.09348,0.25255,0.09295,0.45637,0.47123,-0.51202,0.55453,59.59600
0.09348,0.25245,0.09296,0.45644,0.47131,-0.51196,0.55447,59.69600
0.09349,0.25235,0.09298,0.45650,0.47138,-0.51190,0.55441,59.79600
0.09349,0.25225,0.09299,0.45657,0.47145,-0.51184,0.55434,59.89600
0.09350,0.25215,0.09301,0.45664,0.47152,-0.51178,0.55428,59.99600
0.09350,0.25205,0.09302,0.45670,0.47159,-0.51172,0.55422,60.09600
0.09351,0.25195,0.09304,0.45677,0.47167,-0.51166,0.55416,60.19600
0.09352,0.25185,0.09305,0.45684,0.47174,-0.51160,0.55410,60.29600
0.09352,0.25176,0.09306,0.45690,0.47181,-0.51155,0.55404,60.39600
0.09353,0.25166,0.09307,0.45697,0.47188,-0.51149,0.55397,60.49600
0.09353,0.25156,0.09309,0.45704,0.47196,-0.51143,0.55391,60.59600
0.09354,0.25146,0.09310,0.45711,0.47203,-0.51136,0.55385,60.69600
0.09354,0.25136,0.09312,0.45717,0.47210,-0.51130,0.55379,60.79600
0.09355,0.25126,0.09313,0.45724,0.47218,-0.51124,0.55372,60.89600
0.09355,0.25116,0.09315,0.45731,0.47225,-0.51118,0.55366,60.99600
0.09356,0.25106,0.09316,0.45737,0.47232,-0.51112,0.55360,61.09600
0.09356,0.25096,0.09318,0.45744,0.47239,-0.51106,0.55354,61.19600
0.09357,0.25086,0.09319,0.45751,0.47247,-0.51100,0.55348,61.29600
0.09358,0.25077,0.09319,0.45757,0.47254,-0.51094,0.55342,61.39600
0.09358,0.25067,0.09321,0.45764,0.47261,-0.51089,0.55335,61.49600
0.09359,0.25057,0.09322,0.45771,0.47268,-0.51083,0.55329,61.59600
0.09359,0.25047,0.09324,0.45777,0.47275,-0.51077,0.55323,61.69600
0.09360,0.25037,0.09325,0.45784,0.47283,-0.51071,0.55317,61.79600
0.09360,0.25027,0.09327,0.45791,0.47290,-0.51065,0.55311,61.89600
0.09361,0.25017,0.09328,0.45797,0.47297,-0.51059,0.55305,61.99600
0.09361,0.25007,0.09329,0.45804,0.47304,-0.51053,0.55298,62.09600
0.09362,0.24997,0.09331,0.45810,0.47311,-0.51047,0.55293,62.19600
0.09363,0.24988,0.09332,0.45817,0.47318,-0.51041,0.55287,62.29600
0.09363,0.24978,0.09333,0.45823,0.47325,-0.51035,0.55280,62.39600
0.09364,0.24968,0.09334,0.45830,0.47333,-0.51029,0.55274,62.49600
0.09364,0.24958,0.09336,0.45837,0.47340,-0.51023,0.55268,62.59600
0.09365,0.24948,0.09337,0.45843,0.47347,-0.51017,0.55262,62.69600
0.09365,0.24938,0.09338,0.45850,0.47354,-0.51011,0.55256,62.79600
0.09366,0.24928,0.09340,0.45857,0.47361,-0.51005,0.55250,62.89600
0.09366,0.24918,0.09341,0.45863,0.47369,-0.50999,0.55243,62.99600
0.09367,0.24908,0.09343,0.45870,0.47376,-0.50993,0.55237,63.09600
0.09368,0.24898,0.09344,0.45877,0.47383,-0.50987,0.55231,63.19600
0.09368,0.24889,0.09345,0.45884,0.47391,-0.50981,0.55224,63.29600
0.09369,0.24879,0.09346,0.45890,0.47398,-0.50975,0.55218,63.39600
0.09369,0.24869,0.09347,0.45897,0.47405,-0.50969,0.55212,63.49600
0.09370,0.24859,0.09349,0.45904,0.47412,-0.50963,0.55206,63.59600
0.09370,0.24849,0.09350,0.45910,0.47419,-0.50957,0.55200,63.69600
0.09371,0.24839,0.09351,0.45917,0.47427,-0.50951,0.55194,63.79600
0.09371,0.24829,0.09353,0.45924,0.47434,-0.50945,0.55187,63.89600
0.09372,0.24819,0.09354,0.45930,0.47441,-0.50939,0.55181,63.99600
0.09373,0.24809,0.09356,0.45937,0.47448,-0.50933,0.55175,64.09600
0.09373,0.24799,0.09357,0.45944,0.47455,-0.50927,0.55169,64.19600
0.09374,0.24789,0.09358,0.45950,0.47463,-0.50921,0.55163,64.29600
0.09374,0.24780,0.09359,0.45957,0.47470,-0.50915,0.55156,64.39600
0.09375,0.24770,0.09360,0.45963,0.47477,-0.50909,0.55150,64.49600
0.09375,0.24760,0.09361,0.45970,0.47484,-0.50903,0.55144,64.59600
0.09376,0.24750,0.09363,0.45977,0.47491,-0.50897,0.55138,64.69600
0.09376,0.24740,0.09364,0.45984,0.47499,-0.50891,0.55131,64.79600
0.09377,0.24730,0.09365,0.45990,0.47506,-0.50885,0.55125,64.89600
0.09378,0.24720,0.09367,0.45997,0.47513,-0.50879,0.55119,64.99600
0.09378,0.24710,0.09368,0.46003,0.47520,-0.50873,0.55113,65.09600
0.09379,0.24700,0.09370,0.46010,0.47527,-0.50867,0.55107,65.19600
0.09379,0.24690,0.09371,0.46016,0.47534,-0.50861,0.55101,65.29600
0.09380,0.24680,0.09371,0.46023,0.47542,-0.50855,0.55095,65.39600
0.09380,0.24671,0.09373,0.46030,0.47549,-0.50849,0.55088,65.49600
0.09381,0.24661,0.09374,0.46036,0.47556,-0.50843,0.55082,65.59600
0.09381,0.24651,0.09375,0.46043,0.47563,-0.50837,0.55076,65.69600
0.09382,0.24641,0.09377,0.46050,0.47570,-0.50831,0.55070,65.79600
0.09383,0.24631,0.09378,0.46056,0.47578,-0.50825,0.55064,65.89600
0.09383,0.24621,0.09379,0.46063,0.47585,-0.50819,0.55057,65.99600
0.09384,0.24611,0.09381,0.46070,0.47592,-0.50813,0.55051,66.09600
0.09384,0.24601,0.09382,0.46077,0.47600,-0.50807,0.55044,66.19600
0.09385,0.24591,0.09383,0.46083,0.47607,-0.50801,0.55038,66.29600
0.09385,0.24581,0.09384,0.46090,0.47614,-0.50795,0.55032,66.39600
0.09386,0.24571,0.09385,0.46096,0.47621,-0.50789,0.55026,66.49600
0.09386,0.24562,0.09386,0.46103,0.47628,-0.50783,0.55020,66.59600
0.09387,0.24552,0.09387,0.46110,0.47635,-0.50777,0.55013,66.69600
0.09388,0.24542,0.09389,0.46116,0.47643,-0.50771,0.55007,66.79600
0.09388,0.24532,0.09390,0.46123,0.47650,-0.50765,0.55001,66.89600
0.09389,0.24522,0.09391,0.46129,0.47656,-0.50759,0.54995,66.99600
0.09389,0.24512,0.09393,0.46136,0.47664,-0.50753,0.54989,67.09600
0.09390,0.24502,0.09394,0.46142,0.47671,-0.50747,0.54983,67.19600
0.09390,0.24492,0.09395,0.46149,0.47678,-0.50741,0.54976,67.29600
0.09391,0.24482,0.09397,0.46156,0.47686,-0.50735,0.54970,67.39600
0.09392,0.24472,0.09397,0.46163,0.47693,-0.50729,0.54964,67.49600
0.09392,0.24462,0.09398,0.46169,0.47700,-0.50723,0.54958,67.59600
0.09393,0.24452,0.09399,0.46176,0.47707,-0.50717,0.54951,67.69600
0.09393,0.24443,0.09401,0.46182,0.47714,-0.50711,0.54945,67.79600
0.09394,0.24433,0.09402,0.46189,0.47721,-0.50705,0.54939,67.89600
0.09394,0.24423,0.09403,0.46196,0.47729,-0.50699,0.54933,67.99600
0.09395,0.24413,0.09405,0.46202,0.47736,-0.50693,0.54926,68.09600
0.09395,0.24403,0.09406,0.46209,0.47743,-0.50687,0.54920,68.19600
0.09396,0.24393,0.09407,0.46215,0.47750,-0.50681,0.54914,68.29600
0.09397,0.24383,0.09408,0.46223,0.47758,-0.50674,0.54907,68.39600
0.09397,0.24373,0.09409,0.46229,0.47764,-0.50669,0.54902,68.49600
0.09398,0.24363,0.09410,0.46235,0.47771,-0.50663,0.54895,68.59600
0.09398,0.24353,0.09411,0.46242,0.47779,-0.50657,0.54889,68.69600
0.09399,0.24343,0.09412,0.46248,0.47786,-0.50650,0.54883,68.79600
0.09399,0.24333,0.09414,0.46255,0.47793,-0.50644,0.54877,68.89600
0.09400,0.24324,0.09415,0.46262,0.47800,-0.50638,0.54870,68.99600
0.09400,0.24314,0.09416,0.46268,0.47807,-0.50632,0.54864,69.09600
0.09401,0.24304,0.09417,0.46275,0.47814,-0.50626,0.54858,69.19600
0.09402,0.24294,0.09419,0.46282,0.47822,-0.50620,0.54851,69.29600
0.09402,0.24284,0.09420,0.46288,0.47829,-0.50614,0.54845,69.39600
0.09403,0.24274,0.09420,0.46295,0.47836,-0.50608,0.54839,69.49600
0.09403,0.24264,0.09421,0.46302,0.47843,-0.50602,0.54833,69.59600
0.09404,0.24254,0.09423,0.46308,0.47851,-0.50596,0.54826,69.69600
0.09404,0.24244,0.09424,0.46314,0.47857,-0.50590,0.54821,69.79600
0.09405,0.24234,0.09425,0.46321,0.47864,-0.50584,0.54814,69.89600
0.09406,0.24224,0.09426,0.46328,0.47871,-0.50578,0.54808,69.99600
0.09406,0.24214,0.09427,0.46334,0.47879,-0.50572,0.54802,70.09600
0.09407,0.24204,0.09429,0.46341,0.47886,-0.50566,0.54795,70.19600
0.09407,0.24195,0.09430,0.46348,0.47893,-0.50560,0.54789,70.29600
0.09408,0.24185,0.09431,0.46354,0.47901,-0.50554,0.54783,70.39600
0.09408,0.24175,0.09431,0.46361,0.47908,-0.50547,0.54777,70.49600
0.09409,0.24165,0.09433,0.46368,0.47915,-0.50541,0.54770,70.59600
0.09409,0.24155,0.09434,0.46374,0.47922,-0.50535,0.54764,70.69600
0.09410,0.24145,0.09435,0.46381,0.47929,-0.50529,0.54758,70.79600
0.09411,0.24135,0.09436,0.46387,0.47936,-0.50524,0.54752,70.89600
0.09411,0.24125,0.09437,0.46394,0.47943,-0.50517,0.54745,70.99600
0.09412,0.24115,0.09439,0.46400,0.47950,-0.50511,0.54739,71.09600
0.09412,0.24105,0.09440,0.46407,0.47958,-0.50505,0.54733,71.19600
0.09413,0.24095,0.09441,0.46414,0.47965,-0.50499,0.54727,71.29600
0.09413,0.24085,0.09442,0.46420,0.47972,-0.50493,0.54720,71.39600
0.09414,0.24075,0.09442,0.46427,0.47979,-0.50487,0.54714,71.49600
0.09415,0.24065,0.09443,0.46433,0.47986,-0.50481,0.54708,71.59600
0.09415,0.24056,0.09445,0.46440,0.47993,-0.50475,0.54702,71.69600
0.09416,0.24046,0.09446,0.46447,0.48001,-0.50468,0.54695,71.79600
0.09416,0.24036,0.09447,0.46454,0.48008,-0.50462,0.54689,71.89600
0.09417,0.24026,0.09448,0.46460,0.48015,-0.50457,0.54683,71.99600
0.09417,0.24016,0.09449,0.46466,0.48022,-0.50451,0.54677,72.09600
0.09418,0.24006,0.09451,0.46473,0.48029,-0.50445,0.54670,72.19600
0.09418,0.23996,0.09452,0.46479,0.48036,-0.50439,0.54664,72.29600
0.09419,0.23986,0.09453,0.46486,0.48043,-0.50433,0.54658,72.39600
0.09420,0.23976,0.09453,0.46492,0.48050,-0.50427,0.54652,72.49600
0.09420,0.23966,0.09454,0.46500,0.48058,-0.50420,0.54645,72.59600
0.09421,0.23956,0.09455,0.46506,0.48065,-0.50414,0.54639,72.69600
0.09421,0.23946,0.09456,0.46513,0.48072,-0.50408,0.54632,72.79600
0.09422,0.23936,0.09458,0.46519,0.48079,-0.50402,0.54627,72.89600
0.09422,0.23926,0.09459,0.46525,0.48086,-0.50396,0.54620,72.99600
0.09423,0.23916,0.09460,0.46532,0.48093,-0.50390,0.54614,73.09600
0.09424,0.23907,0.09461,0.46538,0.48100,-0.50384,0.54608,73.19600
0.09424,0.23897,0.09462,0.46545,0.48108,-0.50378,0.54601,73.29600
0.09425,0.23887,0.09463,0.46552,0.48115,-0.50372,0.54595,73.39600
0.09425,0.23877,0.09463,0.46559,0.48122,-0.50365,0.54588,73.49600
0.09426,0.23867,0.09465,0.46565,0.48129,-0.50359,0.54582,73.59600
0.09426,0.23857,0.09466,0.46572,0.48136,-0.50353,0.54576,73.69600
0.09427,0.23847,0.09467,0.46578,0.48143,-0.50348,0.54570,73.79600
0.09427,0.23837,0.09468,0.46584,0.48150,-0.50342,0.54564,73.89600
0.09428,0.23827,0.09469,0.46591,0.48157,-0.50335,0.54557,73.99600
0.09429,0.23817,0.09470,0.46598,0.48165,-0.50329,0.54551,74.09600
0.09429,0.23807,0.09471,0.46604,0.48172,-0.50323,0.54545,74.19600
0.09430,0.23797,0.09472,0.46611,0.48179,-0.50317,0.54538,74.29600
0.09430,0.23787,0.09474,0.46618,0.48186,-0.50311,0.54532,74.39600
0.09431,0.23777,0.09474,0.46624,0.48193,-0.50305,0.54526,74.49600
0.09431,0.23767,0.09475,0.46631,0.48201,-0.50298,0.54519,74.59600
0.09432,0.23757,0.09476,0.46637,0.48207,-0.50293,0.54513,74.69600
0.09433,0.23748,0.09477,0.46644,0.48214,-0.50287,0.54507,74.79600
0.09433,0.23738,0.09478,0.46650,0.48221,-0.50281,0.54501,74.89600
0.09434,0.23728,0.09479,0.46657,0.48228,-0.50274,0.54494,74.99600
0.09434,0.23719,0.09480,0.46663,0.48236,-0.50268,0.54488,75.09600
0.09435,0.23709,0.09481,0.46670,0.48243,-0.50262,0.54481,75.19600
0.09435,0.23699,0.09482,0.46677,0.48250,-0.50256,0.54475,75.29600
0.09436,0.23689,0.09484,0.46684,0.48257,-0.50250,0.54469,75.39600
0.09437,0.23679,0.09484,0.46690,0.48264,-0.50244,0.54463,75.49600
0.09437,0.23669,0.09485,0.46696,0.48271,-0.50238,0.54457,75.59600
0.09438,0.23659,0.09486,0.46703,0.48278,-0.50232,0.54450,75.69600
0.09438,0.23649,0.09487,0.46709,0.48285,-0.50226,0.54444,75.79600
0.09439,0.23639,0.09488,0.46716,0.48293,-0.50219,0.54437,75.89600
0.09439,0.23629,0.09489,0.46723,0.48300,-0.50213,0.54431,75.99600
0.09440,0.23619,0.09490,0.46729,0.48307,-0.50207,0.54425,76.09600
0.09440,0.23609,0.09491,0.46735,0.48313,-0.50202,0.54419,76.19600
0.09441,0.23599,0.09492,0.46742,0.48321,-0.50195,0.54413,76.29600
0.09442,0.23589,0.09493,0.46749,0.48328,-0.50189,0.54406,76.39600
0.09442,0.23580,0.09493,0.46755,0.48335,-0.50183,0.54400,76.49600
0.09443,0.23570,0.09494,0.46762,0.48342,-0.50177,0.54393,76.59600
0.09443,0.23560,0.09495,0.46769,0.48349,-0.50171,0.54387,76.69600
0.09444,0.23550,0.09496,0.46775,0.48357,-0.50165,0.54381,76.79600
0.09444,0.23540,0.09497,0.46782,0.48364,-0.50158,0.54374,76.89600
0.09445,0.23530,0.09499,0.46788,0.48371,-0.50152,0.54368,76.99600
0.09446,0.23520,0.09500,0.46795,0.48378,-0.50146,0.54362,77.09600
0.09446,0.23510,0.09501,0.46801,0.48385,-0.50140,0.54356,77.19600
0.09447,0.23500,0.09502,0.46808,0.48392,-0.50134,0.54349,77.29600
0.09447,0.23490,0.09503,0.46814,0.48399,-0.50128,0.54343,77.39600
0.09448,0.23480,0.09503,0.46821,0.48406,-0.50122,0.54337,77.49600
0.09448,0.23470,0.09504,0.46828,0.48414,-0.50115,0.54330,77.59600
0.09449,0.23460,0.09505,0.46834,0.48420,-0.50110,0.54324,77.69600
0.09450,0.23450,0.09506,0.46840,0.48427,-0.50104,0.54318,77.79600
0.09450,0.23440,0.09507,0.46847,0.48434,-0.50098,0.54311,77.89600
0.09451,0.23430,0.09508,0.46853,0.48441,-0.50091,0.54305,77.99600
0.09451,0.23420,0.09509,0.46860,0.48449,-0.50085,0.54298,78.09600
0.09452,0.23410,0.09510,0.46867,0.48456,-0.50079,0.54292,78.19600
0.09452,0.23400,0.09511,0.46873,0.48463,-0.50073,0.54286,78.29600
0.09453,0.23391,0.09512,0.46879,0.48470,-0.50067,0.54280,78.39600
0.09453,0.23381,0.09512,0.46886,0.48477,-0.50061,0.54274,78.49600
0.09454,0.23371,0.09513,0.46893,0.48484,-0.50054,0.54267,78.59600
0.09455,0.23361,0.09514,0.46899,0.48491,-0.50048,0.54260,78.69600
0.09455,0.23351,0.09515,0.46906,0.48498,-0.50042,0.54254,78.79600
0.09456,0.23341,0.09516,0.46912,0.48506,-0.50036,0.54248,78.89600
0.09456,0.23331,0.09517,0.46918,0.48512,-0.50030,0.54242,78.99600
0.09457,0.23321,0.09518,0.46925,0.48520,-0.50024,0.54235,79.09600
0.09457,0.23311,0.09519,0.46932,0.48527,-0.50018,0.54229,79.19600
0.09458,0.23301,0.09520,0.46939,0.48534,-0.50012,0.54223,79.29600
0.09459,0.23291,0.09521,0.46945,0.48541,-0.50005,0.54216,79.39600
0.09459,0.23281,0.09521,0.46952,0.48548,-0.49999,0.54210,79.49600
0.09460,0.23271,0.09522,0.46958,0.48554,-0.49994,0.54204,79.59600
0.09460,0.23261,0.09523,0.46965,0.48562,-0.49987,0.54197,79.69600
0.09461,0.23251,0.09524,0.46971,0.48569,-0.49981,0.54191,79.79600
0.09461,0.23241,0.09525,0.46978,0.48576,-0.49975,0.54185,79.89600
0.09462,0.23231,0.09526,0.46984,0.48583,-0.49969,0.54178,79.99600
0.09463,0.23221,0.09527,0.46991,0.48591,-0.49962,0.54172,80.09600
0.09463,0.23211,0.09528,0.46997,0.48597,-0.49957,0.54166,80.19600
0.09464,0.23201,0.09528,0.47004,0.48604,-0.49950,0.54159,80.29600
0.09464,0.23192,0.09529,0.47010,0.48611,-0.49944,0.54153,80.39600
0.09465,0.23182,0.09529,0.47017,0.48618,-0.49938,0.54147,80.49600
0.09465,0.23172,0.09530,0.47024,0.48626,-0.49932,0.54140,80.59600
0.09466,0.23162,0.09531,0.47030,0.48633,-0.49925,0.54134,80.69600
0.09467,0.23152,0.09532,0.47036,0.48640,-0.49920,0.54128,80.79600
0.09467,0.23142,0.09533,0.47043,0.48647,-0.49914,0.54121,80.89600
0.09468,0.23132,0.09534,0.47049,0.48654,-0.49908,0.54115,80.99600
0.09468,0.23122,0.09535,0.47056,0.48661,-0.49901,0.54108,81.09600
0.09469,0.23112,0.09536,0.47063,0.48668,-0.49895,0.54102,81.19600
0.09469,0.23102,0.09537,0.47069,0.48675,-0.49889,0.54096,81.29600
0.09470,0.23092,0.09538,0.47075,0.48682,-0.49883,0.54090,81.39600
0.09471,0.23082,0.09538,0.47082,0.48689,-0.49877,0.54083,81.49600
0.09471,0.23072,0.09539,0.47089,0.48696,-0.49870,0.54077,81.59600
0.09472,0.23062,0.09540,0.47095,0.48703,-0.49864,0.54070,81.69600
0.09472,0.23052,0.09541,0.47102,0.48710,-0.49858,0.54064,81.79600
0.09473,0.23042,0.09541,0.47108,0.48718,-0.49852,0.54058,81.89600
0.09473,0.23032,0.09542,0.47114,0.48725,-0.49846,0.54051,81.99600
0.09474,0.23022,0.09543,0.47121,0.48732,-0.49840,0.54045,82.09600
0.09475,0.23012,0.09544,0.47127,0.48739,-0.49834,0.54039,82.19600
0.09475,0.23002,0.09545,0.47134,0.48746,-0.49827,0.54032,82.29600
0.09476,0.22992,0.09546,0.47140,0.48753,-0.49821,0.54026,82.39600
0.09476,0.22982,0.09546,0.47147,0.48760,-0.49815,0.54020,82.49600
0.09477,0.22972,0.09547,0.47153,0.48767,-0.49809,0.54013,82.59600
0.09477,0.22962,0.09548,0.47160,0.48774,-0.49803,0.54007,82.69600
0.09478,0.22953,0.09549,0.47166,0.48781,-0.49797,0.54000,82.79600
0.09479,0.22943,0.09549,0.47173,0.48788,-0.49790,0.53994,82.89600
0.09479,0.22933,0.09550,0.47179,0.48795,-0.49785,0.53988,82.99600
0.09480,0.22923,0.09551,0.47186,0.48802,-0.49778,0.53981,83.09600
0.09480,0.22913,0.09552,0.47192,0.48809,-0.49772,0.53975,83.19600
0.09481,0.22903,0.09553,0.47199,0.48816,-0.49766,0.53968,83.29600
0.09481,0.22893,0.09554,0.47206,0.48823,-0.49759,0.53962,83.39600
0.09482,0.22883,0.09554,0.47212,0.48831,-0.49753,0.53956,83.49600
0.09483,0.22873,0.09555,0.47218,0.48837,-0.49748,0.53950,83.59600
0.09483,0.22863,0.09555,0.47225,0.48844,-0.49742,0.53943,83.69600
0.09484,0.22853,0.09556,0.47232,0.48852,-0.49735,0.53936,83.79600
0.09484,0.22843,0.09557,0.47238,0.48859,-0.49729,0.53930,83.89600
0.09485,0.22833,0.09558,0.47245,0.48866,-0.49723,0.53924,83.99600
0.09485,0.22823,0.09559,0.47251,0.48872,-0.49717,0.53918,84.09600
0.09486,0.22813,0.09560,0.47257,0.48880,-0.49710,0.53911,84.19600
0.09487,0.22803,0.09561,0.47264,0.48887,-0.49704,0.53905,84.29600
0.09487,0.22793,0.09562,0.47270,0.48894,-0.49698,0.53898,84.39600
0.09488,0.22783,0.09561,0.47277,0.48901,-0.49692,0.53892,84.49600
0.09488,0.22773,0.09562,0.47283,0.48908,-0.49686,0.53886,84.59600
0.09489,0.22763,0.09563,0.47290,0.48915,-0.49680,0.53879,84.69600
0.09489,0.22753,0.09564,0.47296,0.48922,-0.49673,0.53873,84.79600
0.09490,0.22743,0.09565,0.47303,0.48929,-0.49667,0.53866,84.89600
0.09491,0.22733,0.09566,0.47310,0.48936,-0.49661,0.53860,84.99600
0.09491,0.22723,0.09566,0.47316,0.48943,-0.49655,0.53854,85.09600
0.09492,0.22713,0.09567,0.47322,0.48950,-0.49649,0.53847,85.19600
0.09492,0.22703,0.09568,0.47329,0.48957,-0.49643,0.53841,85.29600
0.09493,0.22693,0.09569,0.47336,0.48964,-0.49636,0.53834,85.39600
0.09493,0.22684,0.09569,0.47341,0.48971,-0.49630,0.53828,85.49600
0.09494,0.22674,0.09570,0.47348,0.48978,-0.49624,0.53822,85.59600
0.09495,0.22664,0.09570,0.47354,0.48985,-0.49618,0.53816,85.69600
0.09495,0.22654,0.09571,0.47361,0.48992,-0.49611,0.53809,85.79600
0.09496,0.22644,0.09572,0.47368,0.48999,-0.49605,0.53802,85.89600
0.09496,0.22634,0.09573,0.47374,0.49006,-0.49599,0.53796,85.99600
0.09497,0.22624,0.09574,0.47380,0.49013,-0.49593,0.53790,86.09600
0.09497,0.22614,0.09574,0.47387,0.49020,-0.49587,0.53783,86.19600
0.09498,0.22604,0.09575,0.47394,0.49027,-0.49581,0.53777,86.29600
0.09499,0.22594,0.09576,0.47400,0.49034,-0.49574,0.53770,86.39600
0.09499,0.22584,0.09576,0.47407,0.49041,-0.49568,0.53764,86.49600
0.09500,0.22574,0.09577,0.47413,0.49048,-0.49562,0.53758,86.59600
0.09500,0.22564,0.09577,0.47419,0.49055,-0.49556,0.53751,86.69600
0.09501,0.22554,0.09578,0.47426,0.49062,-0.49550,0.53745,86.79600
0.09501,0.22544,0.09579,0.47432,0.49069,-0.49544,0.53738,86.89600
0.09502,0.22534,0.09580,0.47439,0.49076,-0.49537,0.53732,86.99600
0.09503,0.22524,0.09580,0.47445,0.49083,-0.49531,0.53726,87.09600
0.09503,0.22514,0.09581,0.47452,0.49090,-0.49525,0.53719,87.19600
0.09504,0.22504,0.09582,0.47459,0.49098,-0.49518,0.53712,87.29600
0.09504,0.22494,0.09583,0.47465,0.49104,-0.49513,0.53707,87.39600
0.09505,0.22484,0.09583,0.47471,0.49111,-0.49506,0.53700,87.49600
0.09505,0.22474,0.09583,0.47477,0.49118,-0.49500,0.53694,87.59600
0.09506,0.22464,0.09584,0.47484,0.49126,-0.49494,0.53687,87.69600
0.09507,0.22454,0.09585,0.47490,0.49132,-0.49488,0.53681,87.79600
0.09507,0.22444,0.09586,0.47497,0.49139,-0.49482,0.53675,87.89600
0.09508,0.22434,0.09586,0.47504,0.49147,-0.49475,0.53668,87.99600
0.09508,0.22424,0.09587,0.47510,0.49154,-0.49469,0.53661,88.09600
0.09509,0.22414,0.09588,0.47517,0.49161,-0.49463,0.53655,88.19600
0.09510,0.22405,0.09589,0.47522,0.49167,-0.49457,0.53649,88.29600
0.09510,0.22395,0.09589,0.47529,0.49175,-0.49450,0.53642,88.39600
0.09511,0.22385,0.09589,0.47536,0.49182,-0.49444,0.53636,88.49600
0.09511,0.22375,0.09590,0.47542,0.49189,-0.49438,0.53629,88.59600
0.09512,0.22366,0.09591,0.47548,0.49195,-0.49432,0.53623,88.69600
0.09512,0.22356,0.09591,0.47555,0.49202,-0.49426,0.53617,88.79600
0.09513,0.22346,0.09592,0.47562,0.49209,-0.49419,0.53610,88.89600
0.09513,0.22336,0.09593,0.47568,0.49216,-0.49413,0.53604,88.99600
0.09514,0.22326,0.09594,0.47574,0.49223,-0.49407,0.53597,89.09600
0.09515,0.22316,0.09594,0.47581,0.49230,-0.49401,0.53591,89.19600
0.09515,0.22306,0.09595,0.47587,0.49237,-0.49395,0.53585,89.29600
0.09516,0.22296,0.09596,0.47594,0.49244,-0.49388,0.53578,89.39600
0.09516,0.22286,0.09595,0.47600,0.49251,-0.49382,0.53572,89.49600
0.09517,0.22276,0.09596,0.47607,0.49258,-0.49376,0.53565,89.59600
0.09518,0.22266,0.09597,0.47613,0.49265,-0.49370,0.53559,89.69600
0.09518,0.22256,0.09598,0.47620,0.49273,-0.49363,0.53552,89.79600
0.09519,0.22246,0.09598,0.47626,0.49279,-0.49358,0.53546,89.89600
0.09519,0.22236,0.09599,0.47632,0.49286,-0.49351,0.53540,89.99600
0.09520,0.22226,0.09600,0.47639,0.49294,-0.49345,0.53533,90.09600
0.09520,0.22216,0.09600,0.47646,0.49301,-0.49338,0.53526,90.19600
0.09521,0.22206,0.09601,0.47651,0.49307,-0.49333,0.53520,90.29600
0.09522,0.22196,0.09602,0.47658,0.49314,-0.49327,0.53514,90.39600
0.09522,0.22186,0.09601,0.47665,0.49321,-0.49320,0.53507,90.49600
0.09523,0.22176,0.09602,0.47671,0.49328,-0.49314,0.53501,90.59600
0.09523,0.22166,0.09603,0.47677,0.49335,-0.49308,0.53495,90.69600
0.09524,0.22156,0.09604,0.47684,0.49342,-0.49301,0.53488,90.79600
0.09524,0.22146,0.09604,0.47690,0.49349,-0.49295,0.53481,90.89600
0.09525,0.22136,0.09605,0.47697,0.49356,-0.49289,0.53475,90.99600
0.09526,0.22126,0.09606,0.47703,0.49363,-0.49283,0.53469,91.09600
0.09526,0.22116,0.09606,0.47710,0.49370,-0.49276,0.53462,91.19600
0.09527,0.22106,0.09607,0.47716,0.49377,-0.49270,0.53456,91.29600
0.09527,0.22096,0.09608,0.47723,0.49384,-0.49264,0.53449,91.39600
0.09528,0.22086,0.09607,0.47729,0.49391,-0.49258,0.53443,91.49600
0.09529,0.22076,0.09608,0.47735,0.49398,-0.49252,0.53436,91.59600
0.09529,0.22066,0.09609,0.47742,0.49405,-0.49245,0.53430,91.69600
0.09530,0.22056,0.09609,0.47749,0.49412,-0.49239,0.53423,91.79600
0.09530,0.22046,0.09610,0.47755,0.49419,-0.49233,0.53417,91.89600
0.09531,0.22036,0.09611,0.47761,0.49426,-0.49227,0.53411,91.99600
0.09531,0.22026,0.09611,0.47768,0.49433,-0.49220,0.53404,92.09600
0.09532,0.22016,0.09612,0.47774,0.49440,-0.49214,0.53397,92.19600
0.09533,0.22006,0.09613,0.47780,0.49447,-0.49208,0.53391,92.29600
0.09533,0.21996,0.09613,0.47787,0.49454,-0.49201,0.53385,92.39600
0.09534,0.21986,0.09613,0.47793,0.49461,-0.49195,0.53378,92.49600
0.09534,0.21976,0.09613,0.47800,0.49468,-0.49189,0.53372,92.59600
0.09535,0.21966,0.09614,0.47806,0.49474,-0.49183,0.53366,92.69600
0.09535,0.21956,0.09615,0.47813,0.49482,-0.49177,0.53359,92.79600
0.09536,0.21946,0.09615,0.47819,0.49489,-0.49170,0.53352,92.89600
0.09537,0.21937,0.09616,0.47825,0.49495,-0.49165,0.53346,92.99600
0.09537,0.21927,0.09617,0.47832,0.49503,-0.49158,0.53340,93.09600
0.09538,0.21917,0.09617,0.47838,0.49510,-0.49152,0.53333,93.19600
0.09538,0.21907,0.09618,0.47845,0.49517,-0.49145,0.53327,93.29600
0.09539,0.21897,0.09618,0.47851,0.49523,-0.49139,0.53320,93.39600
0.09539,0.21887,0.09618,0.47857,0.49530,-0.49133,0.53314,93.49600
0.09540,0.21877,0.09619,0.47864,0.49537,-0.49127,0.53307,93.59600
0.09541,0.21867,0.09619,0.47871,0.49545,-0.49120,0.53300,93.69600
0.09541,0.21857,0.09620,0.47877,0.49551,-0.49114,0.53294,93.79600
0.09542,0.21847,0.09620,0.47883,0.49558,-0.49108,0.53288,93.89600
0.09542,0.21837,0.09621,0.47890,0.49566,-0.49101,0.53281,93.99600
0.09543,0.21827,0.09622,0.47896,0.49572,-0.49096,0.53275,94.09600
0.09544,0.21817,0.09622,0.47902,0.49579,-0.49089,0.53269,94.19600
0.09544,0.21807,0.09623,0.47909,0.49586,-0.49083,0.53262,94.29600
0.09545,0.21797,0.09623,0.47915,0.49593,-0.49076,0.53255,94.39600
0.09545,0.21787,0.09623,0.47921,0.49600,-0.49071,0.53249,94.49600
0.09546,0.21777,0.09624,0.47928,0.49607,-0.49064,0.53242,94.59600
0.09546,0.21767,0.09624,0.47935,0.49614,-0.49058,0.53236,94.69600
0.09547,0.21757,0.09625,0.47940,0.49620,-0.49052,0.53230,94.79600
0.09548,0.21747,0.09625,0.47947,0.49628,-0.49045,0.53223,94.89600
0.09548,0.21737,0.09626,0.47954,0.49635,-0.49039,0.53217,94.99600
0.09549,0.21727,0.09627,0.47960,0.49642,-0.49033,0.53210,95.09600
0.09549,0.21717,0.09627,0.47966,0.49649,-0.49027,0.53204,95.19600
0.09550,0.21707,0.09628,0.47973,0.49656,-0.49020,0.53197,95.29600
0.09550,0.21697,0.09628,0.47979,0.49663,-0.49014,0.53191,95.39600
0.09551,0.21687,0.09628,0.47986,0.49669,-0.49008,0.53184,95.49600
0.09552,0.21677,0.09628,0.47992,0.49676,-0.49002,0.53178,95.59600
0.09552,0.21667,0.09629,0.47998,0.49683,-0.48995,0.53171,95.69600
0.09553,0.21657,0.09629,0.48005,0.49691,-0.48989,0.53164,95.79600
0.09553,0.21647,0.09630,0.48011,0.49697,-0.48983,0.53158,95.89600
0.09554,0.21637,0.09631,0.48017,0.49704,-0.48977,0.53152,95.99600
0.09555,0.21627,0.09631,0.48024,0.49711,-0.48970,0.53145,96.09600
0.09555,0.21617,0.09632,0.48030,0.49718,-0.48964,0.53139,96.19600
0.09556,0.21607,0.09632,0.48036,0.49725,-0.48958,0.53133,96.29600
0.09556,0.21597,0.09633,0.48043,0.49732,-0.48951,0.53126,96.39600
0.09557,0.21587,0.09632,0.48049,0.49739,-0.48945,0.53120,96.49600
0.09557,0.21577,0.09633,0.48056,0.49746,-0.48939,0.53113,96.59600
0.09558,0.21567,0.09633,0.48062,0.49753,-0.48932,0.53106,96.69600
0.09559,0.21557,0.09634,0.48069,0.49760,-0.48926,0.53100,96.79600
0.09559,0.21547,0.09634,0.48075,0.49767,-0.48920,0.53093,96.89600
0.09560,0.21537,0.09635,0.48082,0.49774,-0.48914,0.53087,96.99600
0.09560,0.21527,0.09635,0.48088,0.49781,-0.48907,0.53080,97.09600
0.09561,0.21517,0.09636,0.48094,0.49787,-0.48901,0.53074,97.19600
0.09562,0.21507,0.09636,0.48101,0.49794,-0.48895,0.53067,97.29600
0.09562,0.21498,0.09637,0.48107,0.49801,-0.48889,0.53061,97.39600
0.09563,0.21488,0.09636,0.48113,0.49808,-0.48882,0.53054,97.49600
0.09563,0.21478,0.09637,0.48120,0.49815,-0.48876,0.53048,97.59600
0.09564,0.21468,0.09637,0.48126,0.49822,-0.48870,0.53041,97.69600
0.09564,0.21458,0.09638,0.48132,0.49829,-0.48864,0.53035,97.79600
0.09565,0.21448,0.09638,0.48139,0.49836,-0.48857,0.53028,97.89600
0.09566,0.21438,0.09639,0.48146,0.49843,-0.48851,0.53021,97.99600
0.09566,0.21428,0.09639,0.48152,0.49850,-0.48844,0.53015,98.09600
0.09567,0.21418,0.09640,0.48158,0.49856,-0.48839,0.53009,98.19600
0.09567,0.21408,0.09640,0.48165,0.49864,-0.48832,0.53002,98.29600
0.09568,0.21398,0.09641,0.48171,0.49871,-0.48826,0.52996,98.39600
0.09569,0.21388,0.09640,0.48177,0.49877,-0.48820,0.52990,98.49600
0.09569,0.21378,0.09641,0.48184,0.49884,-0.48813,0.52983,98.59600
0.09570,0.21368,0.09641,0.48190,0.49891,-0.48807,0.52976,98.69600
0.09570,0.21358,0.09642,0.48196,0.49898,-0.48801,0.52970,98.79600
0.09571,0.21348,0.09642,0.48203,0.49905,-0.48794,0.52963,98.89600
0.09571,0.21338,0.09643,0.48209,0.49912,-0.48788,0.52957,98.99600
0.09572,0.21328,0.09643,0.48215,0.49919,-0.48782,0.52950,99.09600
0.09573,0.21318,0.09644,0.48222,0.49926,-0.48775,0.52944,99.19600
0.09573,0.21308,0.09644,0.48228,0.49933,-0.48769,0.52937,99.29600
0.09574,0.21298,0.09645,0.48234,0.49940,-0.48763,0.52931,99.39600
0.09574,0.21288,0.09644,0.48241,0.49946,-0.48757,0.52924,99.49600
0.09575,0.21278,0.09645,0.48247,0.49953,-0.48750,0.52918,99.59600
0.09576,0.21268,0.09645,0.48253,0.49960,-0.48744,0.52911,99.69600
0.09576,0.21258,0.09645,0.48260,0.49967,-0.48738,0.52905,99.79600
0.09577,0.21249,0.09646,0.48267,0.49975,-0.48731,0.52898,99.89600
0.09577,0.21239,0.09646,0.48272,0.49981,-0.48725,0.52892,99.99600
0.09578,0.21229,0.09647,0.48279,0.49988,-0.48719,0.52885,100.09600
0.09578,0.21219,0.09647,0.48286,0.49995,-0.48712,0.52878,100.19600
0.09579,0.21209,0.09648,0.48291,0.50001,-0.48706,0.52872,100.29600
0.09580,0.21199,0.09648,0.48298,0.50009,-0.48700,0.52865,100.39600
0.09580,0.21189,0.09648,0.48305,0.50016,-0.48693,0.52859,100.49600
0.09581,0.21179,0.09648,0.48310,0.50022,-0.48688,0.52853,100.59600
0.09581,0.21169,0.09648,0.48317,0.50030,-0.48681,0.52846,100.69600
0.09582,0.21159,0.09649,0.48324,0.50036,-0.48675,0.52839,100.79600
0.09582,0.21149,0.09649,0.48329,0.50043,-0.48669,0.52833,100.89600
0.09583,0.21139,0.09650,0.48336,0.50050,-0.48662,0.52826,100.99600
0.09584,0.21129,0.09650,0.48343,0.50057,-0.48656,0.52820,101.09600
0.09584,0.21119,0.09650,0.48349,0.50064,-0.48649,0.52813,101.19600
0.09585,0.21109,0.09651,0.48355,0.50071,-0.48643,0.52807,101.29600
0.09585,0.21099,0.09651,0.48362,0.50078,-0.48637,0.52800,101.39600
0.09586,0.21089,0.09651,0.48368,0.50084,-0.48631,0.52794,101.49600
0.09587,0.21079,0.09651,0.48374,0.50091,-0.48624,0.52787,101.59600
0.09587,0.21069,0.09652,0.48381,0.50099,-0.48618,0.52780,101.69600
0.09588,0.21059,0.09652,0.48387,0.50105,-0.48612,0.52774,101.79600
0.09588,0.21049,0.09652,0.48393,0.50112,-0.48605,0.52768,101.89600
0.09589,0.21039,0.09653,0.48400,0.50119,-0.48599,0.52761,101.99600
0.09589,0.21029,0.09653,0.48406,0.50126,-0.48593,0.52754,102.09600
0.09590,0.21019,0.09653,0.48413,0.50133,-0.48586,0.52747,102.19600
0.09591,0.21009,0.09654,0.48419,0.50140,-0.48580,0.52741,102.29600
0.09591,0.20999,0.09654,0.48425,0.50146,-0.48574,0.52735,102.39600
0.09592,0.20989,0.09654,0.48432,0.50154,-0.48567,0.52728,102.49600
0.09592,0.20979,0.09654,0.48438,0.50160,-0.48561,0.52721,102.59600
0.09593,0.20969,0.09654,0.48444,0.50167,-0.48555,0.52715,102.69600
0.09594,0.20959,0.09655,0.48450,0.50174,-0.48548,0.52708,102.79600
0.09594,0.20949,0.09655,0.48456,0.50180,-0.48542,0.52702,102.89600
0.09595,0.20939,0.09655,0.48463,0.50188,-0.48536,0.52695,102.99600
0.09595,0.20929,0.09656,0.48469,0.50195,-0.48529,0.52689,103.09600
0.09596,0.20919,0.09656,0.48476,0.50202,-0.48523,0.52682,103.19600
0.09596,0.20909,0.09657,0.48482,0.50208,-0.48517,0.52676,103.29600
0.09597,0.20899,0.09657,0.48488,0.50215,-0.48510,0.52669,103.39600
0.09598,0.20889,0.09656,0.48495,0.50222,-0.48504,0.52663,103.49600
0.09598,0.20879,0.09657,0.48501,0.50229,-0.48498,0.52656,103.59600
0.09599,0.20869,0.09657,0.48508,0.50236,-0.48491,0.52649,103.69600
0.09599,0.20859,0.09657,0.48514,0.50243,-0.48485,0.52643,103.79600
0.09600,0.20849,0.09658,0.48520,0.50250,-0.48478,0.52636,103.89600
0.09601,0.20839,0.09658,0.48527,0.50257,-0.48472,0.52629,103.99600
0.09601,0.20829,0.09658,0.48532,0.50263,-0.48466,0.52623,104.09600
0.09602,0.20819,0.09659,0.48539,0.50271,-0.48459,0.52616,104.19600
0.09602,0.20809,0.09659,0.48545,0.50277,-0.48454,0.52610,104.29600
0.09603,0.20799,0.09659,0.48552,0.50284,-0.48447,0.52603,104.39600
0.09604,0.20789,0.09659,0.48558,0.50291,-0.48441,0.52597,104.49600
0.09604,0.20779,0.09659,0.48564,0.50297,-0.48435,0.52591,104.59600
0.09605,0.20769,0.09659,0.48571,0.50305,-0.48428,0.52584,104.69600
0.09605,0.20759,0.09660,0.48577,0.50312,-0.48422,0.52577,104.79600
0.09606,0.20750,0.09660,0.48583,0.50318,-0.48415,0.52571,104.89600
0.09606,0.20740,0.09660,0.48590,0.50325,-0.48409,0.52564,104.99600
0.09607,0.20730,0.09661,0.48596,0.50333,-0.48402,0.52557,105.09600
0.09608,0.20720,0.09661,0.48602,0.50339,-0.48396,0.52551,105.19600
0.09608,0.20710,0.09661,0.48609,0.50346,-0.48390,0.52544,105.29600
0.09609,0.20700,0.09661,0.48615,0.50353,-0.48384,0.52538,105.39600
0.09609,0.20690,0.09661,0.48621,0.50359,-0.48377,0.52531,105.49600
0.09610,0.20680,0.09661,0.48628,0.50367,-0.48371,0.52524,105.59600
0.09611,0.20670,0.09661,0.48634,0.50373,-0.48365,0.52518,105.69600
0.09611,0.20660,0.09662,0.48640,0.50380,-0.48358,0.52511,105.79600
0.09612,0.20650,0.09662,0.48647,0.50387,-0.48352,0.52505,105.89600
0.09612,0.20640,0.09662,0.48653,0.50394,-0.48346,0.52499,105.99600
0.09613,0.20630,0.09663,0.48659,0.50401,-0.48339,0.52492,106.09600
0.09614,0.20620,0.09663,0.48665,0.50407,-0.48333,0.52486,106.19600
0.09614,0.20610,0.09663,0.48672,0.50415,-0.48326,0.52478,106.29600
0.09615,0.20600,0.09663,0.48678,0.50421,-0.48320,0.52472,106.39600
0.09615,0.20590,0.09663,0.48684,0.50428,-0.48314,0.52465,106.49600
0.09616,0.20580,0.09663,0.48691,0.50435,-0.48307,0.52459,106.59600
0.09616,0.20570,0.09663,0.48697,0.50441,-0.48301,0.52453,106.69600
0.09617,0.20560,0.09663,0.48703,0.50449,-0.48295,0.52446,106.79600
0.09618,0.20550,0.09664,0.48710,0.50455,-0.48288,0.52439,106.89600
0.09618,0.20540,0.09664,0.48716,0.50462,-0.48282,0.52433,106.99600
0.09619,0.20530,0.09664,0.48722,0.50469,-0.48276,0.52426,107.09600
0.09619,0.20520,0.09665,0.48729,0.50476,-0.48269,0.52419,107.19600
0.09620,0.20510,0.09665,0.48735,0.50483,-0.48263,0.52413,107.29600
0.09621,0.20500,0.09665,0.48741,0.50490,-0.48256,0.52406,107.39600
0.09621,0.20490,0.09664,0.48747,0.50496,-0.48250,0.52400,107.49600
0.09622,0.20480,0.09665,0.48753,0.50503,-0.48244,0.52393,107.59600
0.09622,0.20470,0.09665,0.48760,0.50511,-0.48237,0.52386,107.69600
0.09623,0.20460,0.09665,0.48766,0.50517,-0.48231,0.52380,107.79600
0.09624,0.20450,0.09665,0.48773,0.50524,-0.48224,0.52373,107.89600
0.09624,0.20440,0.09665,0.48779,0.50530,-0.48219,0.52367,107.99600
0.09625,0.20430,0.09666,0.48785,0.50538,-0.48212,0.52360,108.09600
0.09625,0.20420,0.09666,0.48792,0.50545,-0.48205,0.52353,108.19600
0.09626,0.20410,0.09666,0.48798,0.50551,-0.48199,0.52347,108.29600
0.09626,0.20400,0.09666,0.48804,0.50558,-0.48193,0.52340,108.39600
0.09627,0.20390,0.09666,0.48810,0.50565,-0.48186,0.52334,108.49600
0.09628,0.20380,0.09666,0.48817,0.50572,-0.48180,0.52327,108.59600
0.09628,0.20370,0.09666,0.48823,0.50579,-0.48174,0.52320,108.69600
0.09629,0.20360,0.09666,0.48829,0.50585,-0.48167,0.52314,108.79600
0.09629,0.20350,0.09666,0.48835,0.50592,-0.48161,0.52307,108.89600
0.09630,0.20340,0.09667,0.48842,0.50599,-0.48155,0.52301,108.99600
0.09631,0.20330,0.09667,0.48848,0.50606,-0.48148,0.52294,109.09600
0.09631,0.20320,0.09667,0.48855,0.50613,-0.48141,0.52287,109.19600
0.09632,0.20310,0.09667,0.48860,0.50619,-0.48136,0.52281,109.29600
0.09632,0.20300,0.09667,0.48867,0.50627,-0.48129,0.52274,109.39600
0.09633,0.20290,0.09667,0.48873,0.50633,-0.48123,0.52268,109.49600
0.09634,0.20280,0.09667,0.48880,0.50640,-0.48116,0.52261,109.59600
0.09634,0.20270,0.09667,0.48886,0.50647,-0.48110,0.52254,109.69600
0.09635,0.20260,0.09667,0.48892,0.50653,-0.48104,0.52248,109.79600
0.09635,0.20250,0.09667,0.48898,0.50661,-0.48097,0.52241,109.89600
0.09636,0.20240,0.09668,0.48904,0.50667,-0.48091,0.52235,109.99600
0.09636,0.20230,0.09668,0.48911,0.50674,-0.48084,0.52228,110.09600
0.09637,0.20220,0.09668,0.48917,0.50680,-0.48078,0.52222,110.19600
0.09638,0.20210,0.09668,0.48923,0.50688,-0.48072,0.52215,110.29600
0.09638,0.20200,0.09668,0.48930,0.50695,-0.48065,0.52208,110.39600
0.09639,0.20190,0.09668,0.48936,0.50701,-0.48059,0.52201,110.49600
0.09639,0.20180,0.09668,0.48942,0.50708,-0.48052,0.52195,110.59600
0.09640,0.20170,0.09668,0.48948,0.50715,-0.48046,0.52188,110.69600
0.09641,0.20160,0.09668,0.48955,0.50722,-0.48040,0.52182,110.79600
0.09641,0.20150,0.09668,0.48961,0.50729,-0.48033,0.52175,110.89600
0.09642,0.20140,0.09668,0.48967,0.50735,-0.48027,0.52168,110.99600
0.09642,0.20130,0.09668,0.48974,0.50743,-0.48020,0.52161,111.09600
0.09643,0.20120,0.09669,0.48980,0.50749,-0.48014,0.52155,111.19600
0.09644,0.20111,0.09669,0.48986,0.50756,-0.48007,0.52148,111.29600
0.09644,0.20101,0.09669,0.48992,0.50762,-0.48002,0.52142,111.39600
0.09645,0.20091,0.09668,0.48999,0.50770,-0.47995,0.52135,111.49600
0.09645,0.20081,0.09668,0.49005,0.50777,-0.47988,0.52128,111.59600
0.09646,0.20071,0.09668,0.49011,0.50783,-0.47982,0.52122,111.69600
0.09647,0.20061,0.09668,0.49018,0.50790,-0.47976,0.52115,111.79600
0.09647,0.20051,0.09669,0.49023,0.50796,-0.47970,0.52109,111.89600
0.09648,0.20041,0.09669,0.49030,0.50804,-0.47963,0.52102,111.99600
0.09648,0.20031,0.09669,0.49036,0.50810,-0.47957,0.52096,112.09600
0.09649,0.20021,0.09669,0.49043,0.50817,-0.47950,0.52089,112.19600
0.09649,0.20011,0.09669,0.49049,0.50824,-0.47944,0.52082,112.29600
0.09650,0.20001,0.09669,0.49055,0.50831,-0.47937,0.52075,112.39600
0.09651,0.19991,0.09668,0.49061,0.50837,-0.47931,0.52069,112.49600
0.09651,0.19981,0.09668,0.49067,0.50844,-0.47925,0.52062,112.59600
0.09652,0.19971,0.09669,0.49074,0.50851,-0.47918,0.52056,112.69600
0.09652,0.19961,0.09669,0.49080,0.50858,-0.47912,0.52049,112.79600
0.09653,0.19951,0.09669,0.49086,0.50865,-0.47905,0.52042,112.89600
0.09654,0.19941,0.09669,0.49092,0.50871,-0.47899,0.52036,112.99600
0.09654,0.19931,0.09669,0.49099,0.50878,-0.47893,0.52029,113.09600
0.09655,0.19921,0.09669,0.49105,0.50885,-0.47886,0.52022,113.19600
0.09655,0.19911,0.09669,0.49111,0.50892,-0.47880,0.52016,113.29600
0.09656,0.19901,0.09669,0.49118,0.50899,-0.47873,0.52009,113.39600
0.09657,0.19891,0.09669,0.49124,0.50905,-0.47867,0.52003,113.49600
0.09657,0.19881,0.09669,0.49130,0.50912,-0.47860,0.51996,113.59600
0.09658,0.19871,0.09669,0.49136,0.50919,-0.47854,0.51990,113.69600
0.09658,0.19861,0.09669,0.49143,0.50926,-0.47847,0.51982,113.79600
0.09659,0.19851,0.09669,0.49149,0.50933,-0.47841,0.51976,113.89600
0.09659,0.19841,0.09669,0.49155,0.50939,-0.47835,0.51969,113.99600
0.09660,0.19831,0.09669,0.49161,0.50946,-0.47828,0.51963,114.09600
0.09661,0.19821,0.09669,0.49168,0.50953,-0.47822,0.51956,114.19600
0.09661,0.19811,0.09669,0.49174,0.50960,-0.47816,0.51949,114.29600
0.09662,0.19801,0.09669,0.49180,0.50966,-0.47809,0.51943,114.39600
0.09662,0.19791,0.09669,0.49186,0.50973,-0.47803,0.51936,114.49600
0.09663,0.19781,0.09668,0.49192,0.50980,-0.47796,0.51929,114.59600
0.09664,0.19771,0.09668,0.49199,0.50987,-0.47790,0.51923,114.69600
0.09664,0.19761,0.09668,0.49205,0.50993,-0.47784,0.51916,114.79600
0.09665,0.19751,0.09668,0.49211,0.51000,-0.47777,0.51910,114.89600
0.09665,0.19741,0.09668,0.49218,0.51007,-0.47770,0.51902,114.99600
0.09666,0.19731,0.09669,0.49223,0.51014,-0.47764,0.51896,115.09600
0.09667,0.19721,0.09669,0.49230,0.51021,-0.47757,0.51889,115.19600
0.09667,0.19711,0.09669,0.49236,0.51027,-0.47752,0.51883,115.29600
0.09668,0.19701,0.09669,0.49243,0.51034,-0.47745,0.51876,115.39600
0.09668,0.19691,0.09669,0.49248,0.51041,-0.47739,0.51870,115.49600
0.09669,0.19681,0.09668,0.49255,0.51048,-0.47732,0.51863,115.59600
0.09670,0.19671,0.09668,0.49261,0.51054,-0.47726,0.51856,115.69600
0.09670,0.19661,0.09668,0.49267,0.51061,-0.47719,0.51849,115.79600
0.09671,0.19651,0.09668,0.49274,0.51068,-0.47713,0.51843,115.89600
0.09671,0.19641,0.09668,0.49280,0.51075,-0.47706,0.51836,115.99600
0.09672,0.19631,0.09668,0.49286,0.51082,-0.47700,0.51829,116.09600
0.09673,0.19621,0.09668,0.49292,0.51088,-0.47693,0.51823,116.19600
0.09673,0.19611,0.09668,0.49299,0.51096,-0.47687,0.51816,116.29600
0.09674,0.19601,0.09668,0.49305,0.51102,-0.47681,0.51809,116.39600
0.09674,0.19591,0.09668,0.49311,0.51109,-0.47674,0.51802,116.49600
0.09675,0.19581,0.09667,0.49317,0.51115,-0.47668,0.51796,116.59600
0.09676,0.19571,0.09667,0.49324,0.51123,-0.47661,0.51789,116.69600
0.09676,0.19561,0.09667,0.49329,0.51129,-0.47655,0.51783,116.79600
0.09677,0.19551,0.09667,0.49336,0.51136,-0.47648,0.51776,116.89600
0.09677,0.19541,0.09667,0.49342,0.51142,-0.47642,0.51770,116.99600
0.09678,0.19532,0.09667,0.49348,0.51149,-0.47635,0.51762,117.09600
0.09678,0.19522,0.09667,0.49354,0.51156,-0.47629,0.51756,117.19600
0.09679,0.19512,0.09667,0.49361,0.51163,-0.47622,0.51749,117.29600
0.09680,0.19502,0.09667,0.49367,0.51169,-0.47616,0.51743,117.39600
0.09680,0.19492,0.09667,0.49373,0.51176,-0.47610,0.51736,117.49600
0.09681,0.19482,0.09666,0.49379,0.51183,-0.47604,0.51730,117.59600
0.09681,0.19472,0.09666,0.49386,0.51190,-0.47597,0.51722,117.69600
0.09682,0.19462,0.09666,0.49392,0.51197,-0.47590,0.51716,117.79600
0.09683,0.19452,0.09666,0.49398,0.51203,-0.47584,0.51709,117.89600
0.09683,0.19442,0.09666,0.49404,0.51210,-0.47577,0.51703,117.99600
0.09684,0.19432,0.09666,0.49410,0.51217,-0.47571,0.51696,118.09600
0.09684,0.19422,0.09666,0.49417,0.51224,-0.47564,0.51689,118.19600
0.09685,0.19412,0.09666,0.49423,0.51230,-0.47558,0.51683,118.29600
0.09686,0.19402,0.09666,0.49429,0.51237,-0.47551,0.51675,118.39600
0.09686,0.19392,0.09666,0.49435,0.51244,-0.47545,0.51669,118.49600
0.09687,0.19382,0.09665,0.49442,0.51251,-0.47538,0.51662,118.59600
0.09687,0.19372,0.09665,0.49447,0.51257,-0.47532,0.51656,118.69600
0.09688,0.19362,0.09665,0.49454,0.51264,-0.47526,0.51649,118.79600
0.09689,0.19352,0.09665,0.49460,0.51270,-0.47520,0.51643,118.89600
0.09689,0.19342,0.09664,0.49466,0.51278,-0.47513,0.51635,118.99600
0.09690,0.19332,0.09664,0.49473,0.51284,-0.47506,0.51629,119.09600
0.09690,0.19322,0.09664,0.49479,0.51291,-0.47500,0.51622,119.19600
0.09691,0.19312,0.09664,0.49485,0.51298,-0.47493,0.51615,119.29600
0.09692,0.19302,0.09664,0.49491,0.51305,-0.47487,0.51609,119.39600
0.09692,0.19292,0.09664,0.49497,0.51311,-0.47481,0.51602,119.49600
0.09693,0.19282,0.09663,0.49503,0.51318,-0.47474,0.51595,119.59600
0.09693,0.19272,0.09663,0.49510,0.51325,-0.47468,0.51589,119.69600
0.09694,0.19262,0.09663,0.49516,0.51331,-0.47461,0.51582,119.79600
0.09695,0.19252,0.09663,0.49522,0.51338,-0.47455,0.51575,119.89600
0.09695,0.19242,0.09663,0.49528,0.51345,-0.47448,0.51569,119.99600
0.09696,0.19232,0.09663,0.49534,0.51351,-0.47442,0.51562,120.09600
0.09696,0.19222,0.09663,0.49541,0.51359,-0.47435,0.51555,120.19600
0.09697,0.19212,0.09663,0.49547,0.51365,-0.47429,0.51549,120.29600
0.09698,0.19202,0.09662,0.49553,0.51372,-0.47422,0.51541,120.39600
0.09698,0.19192,0.09662,0.49559,0.51378,-0.47416,0.51535,120.49600
0.09699,0.19182,0.09661,0.49566,0.51385,-0.47409,0.51528,120.59600
0.09699,0.19172,0.09661,0.49571,0.51392,-0.47403,0.51522,120.69600
0.09700,0.19162,0.09661,0.49578,0.51399,-0.47396,0.51515,120.79600
0.09700,0.19152,0.09661,0.49584,0.51405,-0.47390,0.51509,120.89600
0.09701,0.19142,0.09661,0.49590,0.51412,-0.47383,0.51501,120.99600
0.09702,0.19132,0.09661,0.49596,0.51419,-0.47377,0.51495,121.09600
0.09702,0.19122,0.09661,0.49603,0.51426,-0.47371,0.51488,121.19600
0.09703,0.19112,0.09661,0.49609,0.51432,-0.47364,0.51481,121.29600
0.09703,0.19102,0.09660,0.49615,0.51439,-0.47358,0.51475,121.39600
0.09704,0.19092,0.09660,0.49621,0.51446,-0.47351,0.51468,121.49600
0.09705,0.19082,0.09659,0.49627,0.51452,-0.47345,0.51461,121.59600
0.09705,0.19072,0.09659,0.49633,0.51459,-0.47338,0.51455,121.69600
0.09706,0.19062,0.09659,0.49640,0.51466,-0.47331,0.51447,121.79600
0.09706,0.19052,0.09659,0.49646,0.51473,-0.47325,0.51441,121.89600
0.09707,0.19042,0.09659,0.49652,0.51480,-0.47318,0.51434,121.99600
0.09708,0.19032,0.09659,0.49658,0.51486,-0.47312,0.51428,122.09600
0.09708,0.19022,0.09658,0.49665,0.51493,-0.47306,0.51421,122.19600
0.09709,0.19012,0.09658,0.49670,0.51499,-0.47300,0.51414,122.29600
0.09709,0.19003,0.09658,0.49676,0.51506,-0.47293,0.51408,122.39600
0.09710,0.18993,0.09658,0.49683,0.51513,-0.47286,0.51401,122.49600
0.09711,0.18983,0.09657,0.49689,0.51519,-0.47280,0.51394,122.59600
0.09711,0.18973,0.09657,0.49695,0.51526,-0.47273,0.51387,122.69600
0.09712,0.18963,0.09657,0.49701,0.51533,-0.47267,0.51381,122.79600
0.09712,0.18953,0.09656,0.49708,0.51540,-0.47260,0.51374,122.89600
0.09713,0.18943,0.09656,0.49713,0.51546,-0.47254,0.51368,122.99600
0.09714,0.18933,0.09656,0.49720,0.51553,-0.47247,0.51360,123.09600
0.09714,0.18923,0.09656,0.49726,0.51560,-0.47241,0.51354,123.19600
0.09715,0.18913,0.09656,0.49732,0.51567,-0.47234,0.51347,123.29600
0.09715,0.18903,0.09656,0.49738,0.51573,-0.47228,0.51340,123.39600
0.09716,0.18893,0.09655,0.49744,0.51580,-0.47222,0.51334,123.49600
0.09717,0.18883,0.09654,0.49751,0.51587,-0.47215,0.51327,123.59600
0.09717,0.18873,0.09654,0.49757,0.51594,-0.47208,0.51320,123.69600
0.09718,0.18863,0.09654,0.49763,0.51600,-0.47202,0.51313,123.79600
0.09718,0.18853,0.09654,0.49770,0.51607,-0.47195,0.51306,123.89600
0.09719,0.18843,0.09654,0.49775,0.51613,-0.47189,0.51300,123.99600
0.09720,0.18833,0.09653,0.49782,0.51620,-0.47182,0.51293,124.09600
0.09720,0.18823,0.09653,0.49787,0.51627,-0.47176,0.51287,124.19600
0.09721,0.18813,0.09653,0.49794,0.51633,-0.47170,0.51280,124.29600
0.09721,0.18803,0.09653,0.49800,0.51640,-0.47163,0.51273,124.39600
0.09722,0.18793,0.09653,0.49806,0.51647,-0.47157,0.51266,124.49600
0.09723,0.18783,0.09651,0.49812,0.51654,-0.47150,0.51259,124.59600
0.09723,0.18773,0.09651,0.49818,0.51660,-0.47144,0.51253,124.69600
0.09724,0.18763,0.09651,0.49825,0.51667,-0.47137,0.51246,124.79600
0.09724,0.18753,0.09651,0.49831,0.51674,-0.47130,0.51239,124.89600
0.09725,0.18743,0.09651,0.49837,0.51680,-0.47124,0.51232,124.99600
0.09726,0.18733,0.09650,0.49843,0.51687,-0.47117,0.51226,125.09600
0.09726,0.18723,0.09650,0.49849,0.51694,-0.47111,0.51219,125.19600
0.09727,0.18713,0.09650,0.49855,0.51700,-0.47104,0.51212,125.29600
0.09727,0.18703,0.09650,0.49862,0.51708,-0.47097,0.51205,125.39600
0.09728,0.18693,0.09650,0.49868,0.51714,-0.47092,0.51199,125.49600
0.09729,0.18683,0.09648,0.49874,0.51720,-0.47085,0.51192,125.59600
0.09729,0.18673,0.09648,0.49880,0.51727,-0.47079,0.51185,125.69600
0.09730,0.18663,0.09648,0.49886,0.51734,-0.47072,0.51179,125.79600
0.09730,0.18653,0.09648,0.49893,0.51741,-0.47065,0.51171,125.89600
0.09731,0.18643,0.09647,0.49898,0.51747,-0.47059,0.51165,125.99600
0.09732,0.18633,0.09647,0.49905,0.51754,-0.47052,0.51158,126.09600
0.09732,0.18623,0.09647,0.49910,0.51760,-0.47046,0.51152,126.19600
0.09733,0.18613,0.09647,0.49917,0.51767,-0.47039,0.51144,126.29600
0.09733,0.18603,0.09646,0.49923,0.51774,-0.47033,0.51138,126.39600
0.09734,0.18593,0.09646,0.49929,0.51780,-0.47027,0.51131,126.49600
0.09735,0.18583,0.09645,0.49935,0.51787,-0.47020,0.51124,126.59600
0.09735,0.18573,0.09645,0.49941,0.51794,-0.47014,0.51118,126.69600
0.09736,0.18563,0.09644,0.49948,0.51801,-0.47007,0.51111,126.79600
0.09736,0.18553,0.09644,0.49954,0.51807,-0.47000,0.51104,126.89600
0.09737,0.18543,0.09644,0.49960,0.51814,-0.46994,0.51097,126.99600
0.09738,0.18533,0.09644,0.49966,0.51821,-0.46987,0.51090,127.09600
0.09738,0.18523,0.09643,0.49972,0.51827,-0.46981,0.51084,127.19600
0.09739,0.18514,0.09643,0.49978,0.51834,-0.46974,0.51077,127.29600
0.09739,0.18504,0.09643,0.49984,0.51841,-0.46968,0.51070,127.39600
0.09740,0.18494,0.09643,0.49990,0.51847,-0.46961,0.51064,127.49600
0.09741,0.18484,0.09641,0.49996,0.51854,-0.46955,0.51057,127.59600
0.09741,0.18474,0.09641,0.50003,0.51861,-0.46948,0.51050,127.69600
0.09742,0.18464,0.09641,0.50009,0.51867,-0.46942,0.51043,127.79600
0.09742,0.18454,0.09640,0.50015,0.51874,-0.46935,0.51036,127.89600
0.09743,0.18444,0.09640,0.50021,0.51880,-0.46929,0.51030,127.99600
0.09744,0.18434,0.09640,0.50027,0.51888,-0.46922,0.51023,128.09600
0.09744,0.18424,0.09640,0.50034,0.51894,-0.46915,0.51016,128.19600
0.09745,0.18414,0.09639,0.50039,0.51900,-0.46909,0.51010,128.29600
0.09745,0.18404,0.09639,0.50046,0.51907,-0.46902,0.51002,128.39600
0.09746,0.18394,0.09639,0.50052,0.51914,-0.46896,0.50996,128.49600
0.09747,0.18384,0.09637,0.50058,0.51921,-0.46889,0.50989,128.59600
0.09747,0.18374,0.09637,0.50064,0.51927,-0.46883,0.50982,128.69600
0.09748,0.18364,0.09637,0.50070,0.51934,-0.46876,0.50975,128.79600
0.09748,0.18354,0.09636,0.50076,0.51941,-0.46870,0.50969,128.89600
0.09749,0.18344,0.09636,0.50082,0.51947,-0.46863,0.50962,128.99600
0.09750,0.18334,0.09636,0.50088,0.51954,-0.46857,0.50955,129.09600
0.09750,0.18324,0.09636,0.50094,0.51960,-0.46850,0.50948,129.19600
0.09751,0.18314,0.09635,0.50101,0.51968,-0.46843,0.50941,129.29600
0.09751,0.18304,0.09635,0.50107,0.51974,-0.46837,0.50935,129.39600
0.09752,0.18294,0.09635,0.50113,0.51980,-0.46831,0.50928,129.49600
0.09753,0.18284,0.09633,0.50119,0.51987,-0.46824,0.50921,129.59600
0.09753,0.18274,0.09633,0.50125,0.51994,-0.46817,0.50915,129.69600
0.09754,0.18264,0.09633,0.50131,0.52001,-0.46810,0.50907,129.79600
0.09754,0.18254,0.09632,0.50137,0.52007,-0.46804,0.50901,129.89600
0.09755,0.18244,0.09632,0.50144,0.52014,-0.46797,0.50894,129.99600
0.09756,0.18234,0.09632,0.50150,0.52021,-0.46791,0.50887,130.09600
0.09756,0.18224,0.09631,0.50155,0.52027,-0.46785,0.50881,130.19600
0.09757,0.18214,0.09631,0.50162,0.52034,-0.46778,0.50873,130.29600
0.09757,0.18204,0.09630,0.50168,0.52040,-0.46771,0.50867,130.39600
0.09758,0.18194,0.09630,0.50174,0.52047,-0.46765,0.50860,130.49600
0.09759,0.18184,0.09629,0.50180,0.52054,-0.46758,0.50853,130.59600
0.09759,0.18174,0.09628,0.50186,0.52060,-0.46752,0.50847,130.69600
0.09760,0.18164,0.09628,0.50192,0.52067,-0.46745,0.50840,130.79600
0.09760,0.18154,0.09628,0.50198,0.52073,-0.46739,0.50833,130.89600
0.09761,0.18144,0.09627,0.50204,0.52080,-0.46732,0.50826,130.99600
0.09762,0.18134,0.09627,0.50211,0.52087,-0.46726,0.50819,131.09600
0.09762,0.18124,0.09627,0.50217,0.52093,-0.46719,0.50812,131.19600
0.09763,0.18114,0.09626,0.50223,0.52100,-0.46713,0.50806,131.29600
0.09763,0.18104,0.09626,0.50229,0.52106,-0.46706,0.50799,131.39600
0.09764,0.18094,0.09625,0.50235,0.52114,-0.46699,0.50792,131.49600
0.09765,0.18084,0.09624,0.50241,0.52120,-0.46693,0.50785,131.59600
0.09765,0.18074,0.09624,0.50247,0.52127,-0.46686,0.50778,131.69600
0.09766,0.18065,0.09623,0.50253,0.52133,-0.46679,0.50771,131.79600
0.09766,0.18055,0.09623,0.50259,0.52139,-0.46673,0.50765,131.89600
0.09767,0.18045,0.09623,0.50266,0.52147,-0.46666,0.50758,131.99600
0.09768,0.18035,0.09622,0.50272,0.52153,-0.46660,0.50751,132.09600
0.09768,0.18025,0.09622,0.50277,0.52159,-0.46654,0.50745,132.19600
0.09769,0.18015,0.09621,0.50284,0.52166,-0.46647,0.50737,132.29600
0.09769,0.18005,0.09621,0.50290,0.52173,-0.46640,0.50731,132.39600
0.09770,0.17995,0.09621,0.50296,0.52180,-0.46634,0.50724,132.49600
0.09771,0.17986,0.09619,0.50302,0.52186,-0.46627,0.50717,132.59600
0.09771,0.17976,0.09619,0.50308,0.52193,-0.46621,0.50710,132.69600
0.09772,0.17966,0.09618,0.50314,0.52199,-0.46614,0.50703,132.79600
0.09772,0.17956,0.09618,0.50320,0.52206,-0.46608,0.50697,132.89600
0.09773,0.17946,0.09618,0.50327,0.52213,-0.46600,0.50689,132.99600
0.09774,0.17936,0.09617,0.50332,0.52219,-0.46594,0.50683,133.09600
0.09774,0.17926,0.09617,0.50338,0.52226,-0.46588,0.50676,133.19600
0.09775,0.17916,0.09616,0.50344,0.52232,-0.46581,0.50670,133.29600
0.09775,0.17906,0.09616,0.50350,0.52239,-0.46575,0.50663,133.39600
0.09776,0.17896,0.09615,0.50357,0.52246,-0.46568,0.50655,133.49600
0.09777,0.17886,0.09614,0.50363,0.52252,-0.46562,0.50649,133.59600
0.09777,0.17876,0.09614,0.50369,0.52259,-0.46555,0.50642,133.69600
0.09778,0.17866,0.09613,0.50375,0.52266,-0.46548,0.50635,133.79600
0.09778,0.17856,0.09613,0.50381,0.52272,-0.46542,0.50629,133.89600
0.09779,0.17846,0.09612,0.50387,0.52278,-0.46536,0.50622,133.99600
0.09780,0.17836,0.09612,0.50393,0.52285,-0.46528,0.50615,134.09600
0.09780,0.17826,0.09611,0.50399,0.52292,-0.46522,0.50608,134.19600
0.09781,0.17816,0.09611,0.50405,0.52299,-0.46515,0.50601,134.29600
0.09781,0.17806,0.09610,0.50411,0.52305,-0.46509,0.50594,134.39600
0.09782,0.17796,0.09610,0.50418,0.52312,-0.46502,0.50587,134.49600
0.09783,0.17786,0.09608,0.50424,0.52318,-0.46496,0.50581,134.59600
0.09783,0.17776,0.09608,0.50430,0.52325,-0.46489,0.50574,134.69600
0.09784,0.17766,0.09608,0.50436,0.52332,-0.46482,0.50567,134.79600
0.09784,0.17756,0.09607,0.50442,0.52338,-0.46476,0.50560,134.89600
0.09785,0.17746,0.09607,0.50448,0.52345,-0.46469,0.50553,134.99600
0.09786,0.17736,0.09606,0.50454,0.52352,-0.46462,0.50546,135.09600
0.09786,0.17726,0.09606,0.50460,0.52358,-0.46456,0.50540,135.19600
0.09787,0.17716,0.09605,0.50466,0.52364,-0.46450,0.50533,135.29600
0.09787,0.17706,0.09605,0.50472,0.52371,-0.46443,0.50526,135.39600
0.09788,0.17696,0.09604,0.50478,0.52378,-0.46437,0.50519,135.49600
0.09789,0.17686,0.09603,0.50484,0.52384,-0.46430,0.50513,135.59600
0.09789,0.17676,0.09602,0.50490,0.52391,-0.46423,0.50505,135.69600
0.09790,0.17666,0.09602,0.50496,0.52397,-0.46417,0.50499,135.79600
0.09791,0.17656,0.09601,0.50503,0.52404,-0.46410,0.50492,135.89600
0.09791,0.17646,0.09601,0.50509,0.52411,-0.46403,0.50485,135.99600
0.09792,0.17636,0.09600,0.50514,0.52417,-0.46397,0.50479,136.09600
0.09792,0.17627,0.09600,0.50521,0.52424,-0.46390,0.50471,136.19600
0.09793,0.17617,0.09599,0.50527,0.52431,-0.46384,0.50464,136.29600
0.09794,0.17607,0.09599,0.50533,0.52437,-0.46377,0.50458,136.39600
0.09794,0.17597,0.09598,0.50539,0.52444,-0.46370,0.50451,136.49600
0.09795,0.17587,0.09597,0.50545,0.52450,-0.46364,0.50444,136.59600
0.09795,0.17577,0.09596,0.50551,0.52457,-0.46357,0.50437,136.69600
0.09796,0.17567,0.09596,0.50557,0.52463,-0.46351,0.50430,136.79600
0.09797,0.17557,0.09595,0.50563,0.52470,-0.46344,0.50423,136.89600
0.09797,0.17547,0.09595,0.50569,0.52477,-0.46337,0.50416,136.99600
0.09798,0.17537,0.09594,0.50575,0.52483,-0.46331,0.50410,137.09600
0.09798,0.17527,0.09594,0.50581,0.52490,-0.46324,0.50403,137.19600
0.09799,0.17517,0.09593,0.50587,0.52497,-0.46317,0.50396,137.29600
0.09800,0.17507,0.09593,0.50593,0.52503,-0.46311,0.50389,137.39600
0.09800,0.17497,0.09592,0.50599,0.52509,-0.46305,0.50382,137.49600
0.09801,0.17487,0.09591,0.50605,0.52516,-0.46298,0.50375,137.59600
0.09801,0.17477,0.09590,0.50612,0.52523,-0.46291,0.50368,137.69600
0.09802,0.17467,0.09589,0.50617,0.52529,-0.46285,0.50362,137.79600
0.09803,0.17457,0.09589,0.50624,0.52536,-0.46278,0.50355,137.89600
0.09803,0.17447,0.09588,0.50630,0.52543,-0.46271,0.50348,137.99600
0.09804,0.17437,0.09588,0.50635,0.52549,-0.46265,0.50341,138.09600
0.09804,0.17427,0.09587,0.50642,0.52556,-0.46258,0.50334,138.19600
0.09805,0.17417,0.09587,0.50648,0.52562,-0.46252,0.50327,138.29600
0.09806,0.17407,0.09586,0.50653,0.52568,-0.46245,0.50321,138.39600
0.09806,0.17397,0.09586,0.50660,0.52575,-0.46238,0.50314,138.49600
0.09807,0.17387,0.09584,0.50666,0.52582,-0.46232,0.50307,138.59600
0.09807,0.17377,0.09583,0.50672,0.52588,-0.46225,0.50300,138.69600
0.09808,0.17367,0.09583,0.50678,0.52595,-0.46219,0.50293,138.79600
0.09809,0.17357,0.09582,0.50684,0.52601,-0.46212,0.50286,138.89600
0.09809,0.17347,0.09582,0.50690,0.52608,-0.46205,0.50279,138.99600
0.09810,0.17337,0.09581,0.50696,0.52614,-0.46199,0.50273,139.09600
0.09810,0.17327,0.09581,0.50702,0.52621,-0.46192,0.50266,139.19600
0.09811,0.17317,0.09580,0.50708,0.52628,-0.46186,0.50259,139.29600
0.09812,0.17307,0.09579,0.50714,0.52635,-0.46179,0.50252,139.39600
0.09812,0.17297,0.09579,0.50720,0.52641,-0.46172,0.50245,139.49600
0.09813,0.17287,0.09577,0.50726,0.52647,-0.46166,0.50238,139.59600
0.09814,0.17277,0.09577,0.50732,0.52654,-0.46159,0.50231,139.69600
0.09814,0.17267,0.09576,0.50738,0.52660,-0.46153,0.50225,139.79600
0.09815,0.17257,0.09575,0.50744,0.52667,-0.46146,0.50218,139.89600
0.09815,0.17247,0.09575,0.50750,0.52674,-0.46139,0.50210,139.99600
0.09816,0.17237,0.09574,0.50756,0.52680,-0.46132,0.50204,140.09600
0.09817,0.17227,0.09574,0.50762,0.52686,-0.46126,0.50197,140.19600
0.09817,0.17219,0.09573,0.50768,0.52693,-0.46119,0.50190,140.29600
0.09818,0.17209,0.09572,0.50774,0.52700,-0.46113,0.50183,140.39600
0.09818,0.17199,0.09572,0.50780,0.52706,-0.46106,0.50176,140.49600
0.09819,0.17189,0.09570,0.50786,0.52713,-0.46099,0.50169,140.59600
0.09820,0.17179,0.09570,0.50792,0.52719,-0.46093,0.50162,140.69600
0.09820,0.17169,0.09569,0.50798,0.52726,-0.46086,0.50156,140.79600
0.09821,0.17159,0.09568,0.50804,0.52733,-0.46079,0.50149,140.89600
0.09821,0.17149,0.09568,0.50810,0.52739,-0.46073,0.50142,140.99600
0.09822,0.17139,0.09567,0.50816,0.52746,-0.46066,0.50135,141.09600
0.09823,0.17129,0.09566,0.50823,0.52753,-0.46059,0.50128,141.19600
0.09823,0.17119,0.09566,0.50828,0.52759,-0.46053,0.50121,141.29600
0.09824,0.17109,0.09565,0.50834,0.52765,-0.46046,0.50114,141.39600
0.09824,0.17099,0.09565,0.50841,0.52772,-0.46039,0.50107,141.49600
0.09825,0.17089,0.09563,0.50847,0.52779,-0.46033,0.50100,141.59600
0.09826,0.17079,0.09562,0.50852,0.52785,-0.46027,0.50094,141.69600
0.09826,0.17069,0.09562,0.50859,0.52792,-0.46019,0.50086,141.79600
0.09827,0.17059,0.09561,0.50865,0.52798,-0.46013,0.50080,141.89600
0.09827,0.17049,0.09560,0.50870,0.52804,-0.46007,0.50073,141.99600
0.09828,0.17039,0.09560,0.50876,0.52811,-0.46000,0.50066,142.09600
0.09829,0.17029,0.09559,0.50882,0.52818,-0.45993,0.50059,142.19600
0.09829,0.17019,0.09558,0.50888,0.52824,-0.45986,0.50052,142.29600
0.09830,0.17009,0.09558,0.50894,0.52830,-0.45980,0.50046,142.39600
0.09831,0.16999,0.09557,0.50900,0.52837,-0.45973,0.50038,142.49600
0.09831,0.16989,0.09555,0.50906,0.52844,-0.45967,0.50031,142.59600
0.09832,0.16979,0.09555,0.50912,0.52850,-0.45960,0.50025,142.69600
0.09832,0.16969,0.09554,0.50918,0.52857,-0.45953,0.50018,142.79600
0.09833,0.16959,0.09553,0.50924,0.52863,-0.45947,0.50011,142.89600
0.09834,0.16949,0.09553,0.50930,0.52870,-0.45940,0.50004,142.99600
0.09834,0.16939,0.09552,0.50937,0.52877,-0.45933,0.49997,143.09600
0.09835,0.16929,0.09551,0.50942,0.52883,-0.45927,0.49990,143.19600
0.09835,0.16919,0.09551,0.50948,0.52889,-0.45920,0.49983,143.29600
0.09836,0.16909,0.09550,0.50954,0.52896,-0.45914,0.49976,143.39600
0.09837,0.16899,0.09549,0.50961,0.52903,-0.45906,0.49969,143.49600
0.09837,0.16889,0.09548,0.50966,0.52909,-0.45900,0.49963,143.59600
0.09838,0.16879,0.09547,0.50972,0.52915,-0.45894,0.49956,143.69600
0.09838,0.16869,0.09546,0.50979,0.52922,-0.45886,0.49948,143.79600
0.09839,0.16859,0.09545,0.50985,0.52929,-0.45880,0.49942,143.89600
0.09840,0.16849,0.09545,0.50990,0.52935,-0.45874,0.49935,143.99600
0.09840,0.16839,0.09544,0.50996,0.52941,-0.45867,0.49928,144.09600
0.09841,0.16830,0.09543,0.51002,0.52948,-0.45860,0.49921,144.19600
0.09841,0.16820,0.09543,0.51008,0.52955,-0.45853,0.49914,144.29600
0.09842,0.16810,0.09542,0.51014,0.52961,-0.45847,0.49908,144.39600
0.09843,0.16800,0.09541,0.51020,0.52968,-0.45840,0.49900,144.49600
0.09843,0.16790,0.09539,0.51026,0.52974,-0.45833,0.49893,144.59600
0.09844,0.16780,0.09539,0.51032,0.52981,-0.45827,0.49886,144.69600
0.09844,0.16771,0.09538,0.51038,0.52987,-0.45820,0.49880,144.79600
0.09845,0.16761,0.09537,0.51044,0.52994,-0.45814,0.49873,144.89600
0.09846,0.16751,0.09537,0.51050,0.53000,-0.45807,0.49866,144.99600
0.09846,0.16741,0.09536,0.51056,0.53007,-0.45800,0.49859,145.09600
0.09847,0.16731,0.09535,0.51063,0.53014,-0.45793,0.49851,145.19600
0.09848,0.16721,0.09534,0.51068,0.53020,-0.45787,0.49845,145.29600
0.09848,0.16711,0.09534,0.51074,0.53026,-0.45780,0.49838,145.39600
0.09849,0.16701,0.09533,0.51080,0.53033,-0.45774,0.49831,145.49600
0.09849,0.16691,0.09532,0.51086,0.53040,-0.45766,0.49824,145.59600
0.09850,0.16681,0.09530,0.51092,0.53046,-0.45760,0.49817,145.69600
0.09851,0.16671,0.09530,0.51098,0.53052,-0.45754,0.49811,145.79600
0.09851,0.16661,0.09529,0.51104,0.53059,-0.45747,0.49803,145.89600
0.09852,0.16651,0.09528,0.51110,0.53066,-0.45740,0.49796,145.99600
0.09852,0.16641,0.09527,0.51116,0.53072,-0.45734,0.49790,146.09600
0.09853,0.16631,0.09527,0.51122,0.53078,-0.45727,0.49783,146.19600
0.09854,0.16621,0.09526,0.51128,0.53085,-0.45720,0.49775,146.29600
0.09854,0.16611,0.09525,0.51134,0.53091,-0.45713,0.49769,146.39600
0.09855,0.16601,0.09524,0.51139,0.53097,-0.45707,0.49762,146.49600
0.09855,0.16591,0.09524,0.51146,0.53104,-0.45700,0.49755,146.59600
0.09856,0.16581,0.09522,0.51152,0.53111,-0.45693,0.49748,146.69600
0.09857,0.16571,0.09521,0.51158,0.53117,-0.45687,0.49741,146.79600
0.09857,0.16561,0.09520,0.51164,0.53124,-0.45680,0.49734,146.89600
0.09858,0.16551,0.09519,0.51170,0.53130,-0.45673,0.49727,146.99600
0.09859,0.16541,0.09519,0.51176,0.53137,-0.45667,0.49720,147.09600
0.09859,0.16531,0.09518,0.51181,0.53143,-0.45660,0.49713,147.19600
0.09860,0.16521,0.09517,0.51187,0.53150,-0.45653,0.49706,147.29600
0.09860,0.16511,0.09516,0.51193,0.53156,-0.45647,0.49699,147.39600
0.09861,0.16501,0.09515,0.51199,0.53163,-0.45640,0.49693,147.49600
0.09862,0.16491,0.09515,0.51205,0.53169,-0.45633,0.49686,147.59600
0.09862,0.16481,0.09513,0.51211,0.53176,-0.45627,0.49679,147.69600
0.09863,0.16471,0.09512,0.51218,0.53183,-0.45620,0.49671,147.79600
0.09863,0.16462,0.09511,0.51223,0.53188,-0.45613,0.49665,147.89600
0.09864,0.16452,0.09510,0.51229,0.53195,-0.45607,0.49658,147.99600
0.09865,0.16442,0.09510,0.51235,0.53201,-0.45600,0.49651,148.09600
0.09865,0.16433,0.09509,0.51241,0.53208,-0.45593,0.49644,148.19600
0.09866,0.16423,0.09508,0.51247,0.53215,-0.45586,0.49637,148.29600
0.09866,0.16413,0.09507,0.51253,0.53221,-0.45580,0.49630,148.39600
0.09867,0.16403,0.09506,0.51259,0.53227,-0.45573,0.49623,148.49600
0.09868,0.16393,0.09506,0.51265,0.53234,-0.45566,0.49616,148.59600
0.09868,0.16383,0.09504,0.51271,0.53241,-0.45560,0.49609,148.69600
0.09869,0.16373,0.09503,0.51277,0.53247,-0.45553,0.49602,148.79600
0.09869,0.16363,0.09502,0.51282,0.53253,-0.45547,0.49596,148.89600
0.09870,0.16353,0.09501,0.51289,0.53260,-0.45540,0.49588,148.99600
0.09871,0.16343,0.09500,0.51295,0.53266,-0.45533,0.49581,149.09600
0.09871,0.16333,0.09500,0.51301,0.53273,-0.45526,0.49574,149.19600
0.09872,0.16323,0.09499,0.51306,0.53279,-0.45520,0.49568,149.29600
0.09873,0.16313,0.09498,0.51312,0.53286,-0.45513,0.49560,149.39600
0.09873,0.16303,0.09497,0.51318,0.53292,-0.45506,0.49554,149.49600
0.09874,0.16293,0.09496,0.51324,0.53299,-0.45499,0.49547,149.59600
0.09874,0.16283,0.09494,0.51330,0.53305,-0.45493,0.49540,149.69600
0.09875,0.16273,0.09493,0.51336,0.53312,-0.45486,0.49533,149.79600
0.09876,0.16263,0.09493,0.51342,0.53318,-0.45479,0.49526,149.89600
0.09876,0.16253,0.09492,0.51348,0.53324,-0.45473,0.49519,149.99600
0.09877,0.16243,0.09491,0.51354,0.53331,-0.45466,0.49512,150.09600
0.09877,0.16233,0.09490,0.51360,0.53338,-0.45459,0.49504,150.19600
0.09878,0.16223,0.09489,0.51366,0.53344,-0.45453,0.49498,150.29600
0.09879,0.16213,0.09488,0.51372,0.53350,-0.45446,0.49491,150.39600
0.09879,0.16203,0.09487,0.51378,0.53357,-0.45439,0.49484,150.49600
0.09880,0.16193,0.09487,0.51384,0.53364,-0.45432,0.49477,150.59600
0.09881,0.16183,0.09485,0.51390,0.53370,-0.45425,0.49470,150.69600
0.09881,0.16173,0.09484,0.51396,0.53377,-0.45419,0.49463,150.79600
0.09882,0.16164,0.09483,0.51401,0.53382,-0.45413,0.49456,150.89600
0.09882,0.16154,0.09482,0.51408,0.53389,-0.45405,0.49449,150.99600
0.09883,0.16144,0.09481,0.51413,0.53396,-0.45399,0.49442,151.09600
0.09884,0.16134,0.09480,0.51419,0.53402,-0.45392,0.49435,151.19600
0.09884,0.16124,0.09479,0.51425,0.53409,-0.45385,0.49428,151.29600
0.09885,0.16114,0.09478,0.51431,0.53415,-0.45379,0.49422,151.39600
0.09885,0.16105,0.09478,0.51437,0.53422,-0.45372,0.49414,151.49600
0.09886,0.16095,0.09477,0.51443,0.53428,-0.45365,0.49407,151.59600
0.09887,0.16085,0.09475,0.51449,0.53434,-0.45359,0.49400,151.69600
0.09887,0.16075,0.09474,0.51455,0.53441,-0.45352,0.49393,151.79600
0.09888,0.16065,0.09473,0.51461,0.53447,-0.45345,0.49386,151.89600
0.09888,0.16055,0.09472,0.51467,0.53454,-0.45338,0.49379,151.99600
0.09889,0.16045,0.09471,0.51472,0.53460,-0.45332,0.49372,152.09600
0.09890,0.16035,0.09470,0.51478,0.53467,-0.45325,0.49365,152.19600
0.09890,0.16025,0.09469,0.51484,0.53473,-0.45318,0.49358,152.29600
0.09891,0.16015,0.09468,0.51491,0.53480,-0.45311,0.49351,152.39600
0.09892,0.16005,0.09467,0.51496,0.53486,-0.45305,0.49345,152.49600
0.09892,0.15995,0.09466,0.51502,0.53492,-0.45298,0.49338,152.59600
0.09893,0.15985,0.09465,0.51508,0.53499,-0.45292,0.49331,152.69600
0.09893,0.15975,0.09464,0.51514,0.53506,-0.45284,0.49323,152.79600
0.09894,0.15965,0.09463,0.51520,0.53512,-0.45278,0.49316,152.89600
0.09895,0.15955,0.09462,0.51526,0.53518,-0.45271,0.49309,152.99600
0.09895,0.15945,0.09461,0.51531,0.53524,-0.45265,0.49303,153.09600
0.09896,0.15935,0.09460,0.51537,0.53531,-0.45258,0.49296,153.19600
0.09896,0.15926,0.09459,0.51544,0.53538,-0.45251,0.49288,153.29600
0.09897,0.15916,0.09458,0.51550,0.53544,-0.45244,0.49281,153.39600
0.09898,0.15906,0.09457,0.51555,0.53550,-0.45237,0.49274,153.49600
0.09898,0.15896,0.09456,0.51561,0.53557,-0.45231,0.49267,153.59600
0.09899,0.15886,0.09454,0.51567,0.53563,-0.45224,0.49261,153.69600
0.09899,0.15876,0.09453,0.51573,0.53570,-0.45217,0.49253,153.79600
0.09900,0.15866,0.09452,0.51579,0.53576,-0.45211,0.49246,153.89600
0.09901,0.15856,0.09451,0.51585,0.53583,-0.45204,0.49240,153.99600
0.09901,0.15846,0.09450,0.51591,0.53589,-0.45197,0.49233,154.09600
0.09902,0.15836,0.09449,0.51597,0.53595,-0.45190,0.49226,154.19600
0.09903,0.15826,0.09448,0.51602,0.53602,-0.45184,0.49219,154.29600
0.09903,0.15816,0.09447,0.51608,0.53608,-0.45177,0.49212,154.39600
0.09904,0.15806,0.09446,0.51614,0.53615,-0.45170,0.49205,154.49600
0.09904,0.15796,0.09445,0.51620,0.53621,-0.45164,0.49198,154.59600
0.09905,0.15786,0.09443,0.51626,0.53627,-0.45157,0.49191,154.69600
0.09906,0.15776,0.09442,0.51632,0.53634,-0.45150,0.49183,154.79600
0.09906,0.15766,0.09441,0.51638,0.53640,-0.45143,0.49177,154.89600
0.09907,0.15757,0.09440,0.51644,0.53647,-0.45137,0.49170,154.99600
0.09907,0.15747,0.09439,0.51650,0.53653,-0.45130,0.49163,155.09600
0.09908,0.15737,0.09438,0.51655,0.53659,-0.45123,0.49156,155.19600
0.09909,0.15727,0.09437,0.51662,0.53666,-0.45116,0.49148,155.29600
0.09909,0.15718,0.09436,0.51668,0.53673,-0.45109,0.49141,155.39600
0.09910,0.15708,0.09435,0.51673,0.53679,-0.45103,0.49135,155.49600
0.09911,0.15698,0.09434,0.51679,0.53685,-0.45096,0.49128,155.59600
0.09911,0.15688,0.09432,0.51685,0.53691,-0.45090,0.49121,155.69600
0.09912,0.15678,0.09431,0.51691,0.53698,-0.45082,0.49113,155.79600
0.09912,0.15668,0.09430,0.51697,0.53705,-0.45076,0.49106,155.89600
0.09913,0.15658,0.09429,0.51703,0.53711,-0.45069,0.49099,155.99600
0.09914,0.15648,0.09428,0.51709,0.53717,-0.45062,0.49092,156.09600
0.09914,0.15638,0.09427,0.51714,0.53723,-0.45056,0.49086,156.19600
0.09915,0.15628,0.09426,0.51720,0.53730,-0.45049,0.49078,156.29600
0.09915,0.15618,0.09425,0.51726,0.53737,-0.45042,0.49071,156.39600
0.09916,0.15608,0.09424,0.51732,0.53743,-0.45035,0.49064,156.49600
0.09917,0.15598,0.09423,0.51738,0.53749,-0.45028,0.49057,156.59600
0.09917,0.15588,0.09421,0.51744,0.53756,-0.45022,0.49050,156.69600
0.09918,0.15578,0.09420,0.51750,0.53762,-0.45015,0.49043,156.79600
0.09919,0.15568,0.09419,0.51756,0.53768,-0.45008,0.49036,156.89600
0.09919,0.15558,0.09418,0.51761,0.53775,-0.45002,0.49029,156.99600
0.09920,0.15548,0.09417,0.51767,0.53781,-0.44995,0.49022,157.09600
0.09920,0.15538,0.09416,0.51773,0.53788,-0.44988,0.49015,157.19600
0.09921,0.15529,0.09415,0.51779,0.53794,-0.44981,0.49008,157.29600
0.09922,0.15519,0.09414,0.51785,0.53801,-0.44974,0.49001,157.39600
0.09922,0.15509,0.09413,0.51791,0.53807,-0.44967,0.48994,157.49600
0.09923,0.15499,0.09412,0.51797,0.53813,-0.44961,0.48987,157.59600
0.09923,0.15489,0.09411,0.51802,0.53820,-0.44954,0.48980,157.69600
0.09924,0.15479,0.09409,0.51808,0.53826,-0.44948,0.48973,157.79600
0.09925,0.15469,0.09408,0.51814,0.53832,-0.44941,0.48966,157.89600
0.09925,0.15459,0.09407,0.51820,0.53839,-0.44934,0.48959,157.99600
0.09926,0.15449,0.09405,0.51826,0.53846,-0.44927,0.48952,158.09600
0.09927,0.15439,0.09404,0.51832,0.53852,-0.44920,0.48945,158.19600
0.09927,0.15430,0.09403,0.51838,0.53858,-0.44914,0.48938,158.29600
0.09928,0.15420,0.09402,0.51843,0.53864,-0.44907,0.48931,158.39600
0.09928,0.15410,0.09401,0.51849,0.53871,-0.44900,0.48924,158.49600
0.09929,0.15400,0.09400,0.51855,0.53877,-0.44893,0.48917,158.59600
0.09930,0.15390,0.09399,0.51861,0.53884,-0.44886,0.48910,158.69600
0.09930,0.15380,0.09397,0.51867,0.53890,-0.44880,0.48903,158.79600
0.09931,0.15370,0.09396,0.51873,0.53896,-0.44873,0.48896,158.89600
0.09931,0.15360,0.09395,0.51879,0.53903,-0.44866,0.48889,158.99600
0.09932,0.15351,0.09394,0.51884,0.53909,-0.44860,0.48882,159.09600
0.09933,0.15341,0.09393,0.51891,0.53916,-0.44853,0.48875,159.19600
0.09933,0.15331,0.09391,0.51896,0.53922,-0.44846,0.48868,159.29600
0.09934,0.15321,0.09390,0.51902,0.53928,-0.44839,0.48861,159.39600
0.09934,0.15311,0.09389,0.51908,0.53935,-0.44832,0.48854,159.49600
0.09935,0.15301,0.09388,0.51914,0.53941,-0.44826,0.48847,159.59600
0.09936,0.15291,0.09387,0.51920,0.53947,-0.44819,0.48839,159.69600
0.09936,0.15281,0.09385,0.51926,0.53954,-0.44812,0.48832,159.79600
0.09937,0.15271,0.09384,0.51932,0.53961,-0.44805,0.48825,159.89600
0.09938,0.15261,0.09383,0.51937,0.53966,-0.44799,0.48818,159.99600
0.09938,0.15251,0.09382,0.51943,0.53973,-0.44792,0.48811,160.09600
0.09939,0.15241,0.09380,0.51949,0.53979,-0.44785,0.48804,160.19600
0.09939,0.15231,0.09379,0.51955,0.53986,-0.44778,0.48797,160.29600
0.09940,0.15221,0.09378,0.51961,0.53992,-0.44771,0.48790,160.39600
0.09941,0.15211,0.09377,0.51966,0.53998,-0.44765,0.48783,160.49600
0.09941,0.15201,0.09376,0.51973,0.54005,-0.44757,0.48776,160.59600
0.09942,0.15192,0.09375,0.51979,0.54011,-0.44751,0.48769,160.69600
0.09942,0.15182,0.09373,0.51984,0.54017,-0.44744,0.48762,160.79600
0.09943,0.15172,0.09371,0.51990,0.54024,-0.44738,0.48755,160.89600
0.09944,0.15162,0.09370,0.51996,0.54030,-0.44731,0.48748,160.99600
0.09944,0.15152,0.09369,0.52001,0.54036,-0.44724,0.48741,161.09600
0.09945,0.15142,0.09368,0.52007,0.54043,-0.44717,0.48734,161.19600
0.09946,0.15132,0.09367,0.52013,0.54049,-0.44710,0.48726,161.29600
0.09946,0.15122,0.09366,0.52019,0.54056,-0.44703,0.48719,161.39600
0.09947,0.15112,0.09365,0.52025,0.54062,-0.44696,0.48712,161.49600
0.09947,0.15103,0.09363,0.52031,0.54069,-0.44690,0.48705,161.59600
0.09948,0.15093,0.09362,0.52037,0.54075,-0.44683,0.48698,161.69600
0.09949,0.15083,0.09360,0.52042,0.54081,-0.44677,0.48692,161.79600
0.09949,0.15073,0.09359,0.52048,0.54087,-0.44670,0.48685,161.89600
0.09950,0.15063,0.09358,0.52054,0.54094,-0.44663,0.48677,161.99600
0.09951,0.15053,0.09357,0.52060,0.54100,-0.44656,0.48670,162.09600
0.09951,0.15044,0.09355,0.52066,0.54107,-0.44649,0.48663,162.19600
0.09952,0.15034,0.09354,0.52072,0.54113,-0.44642,0.48656,162.29600
0.09952,0.15024,0.09353,0.52077,0.54119,-0.44635,0.48649,162.39600
0.09953,0.15014,0.09352,0.52083,0.54126,-0.44629,0.48642,162.49600
0.09954,0.15004,0.09351,0.52089,0.54132,-0.44622,0.48635,162.59600
0.09954,0.14994,0.09349,0.52095,0.54138,-0.44615,0.48628,162.69600
0.09955,0.14984,0.09347,0.52101,0.54145,-0.44608,0.48621,162.79600
0.09955,0.14974,0.09346,0.52106,0.54151,-0.44602,0.48614,162.89600
0.09956,0.14964,0.09345,0.52112,0.54157,-0.44595,0.48607,162.99600
0.09957,0.14954,0.09344,0.52118,0.54164,-0.44588,0.48600,163.09600
0.09957,0.14944,0.09342,0.52124,0.54170,-0.44581,0.48593,163.19600
0.09958,0.14934,0.09341,0.52130,0.54176,-0.44574,0.48586,163.29600
0.09959,0.14924,0.09340,0.52136,0.54183,-0.44568,0.48578,163.39600
0.09959,0.14914,0.09339,0.52141,0.54189,-0.44561,0.48571,163.49600
0.09960,0.14905,0.09338,0.52148,0.54196,-0.44553,0.48564,163.59600
0.09960,0.14895,0.09336,0.52153,0.54202,-0.44547,0.48557,163.69600
0.09961,0.14885,0.09334,0.52159,0.54208,-0.44540,0.48550,163.79600
0.09962,0.14875,0.09333,0.52165,0.54214,-0.44534,0.48543,163.89600
0.09962,0.14865,0.09332,0.52170,0.54220,-0.44527,0.48536,163.99600
0.09963,0.14855,0.09331,0.52176,0.54227,-0.44520,0.48529,164.09600
0.09963,0.14845,0.09329,0.52182,0.54233,-0.44513,0.48522,164.19600
0.09964,0.14835,0.09328,0.52188,0.54239,-0.44506,0.48515,164.29600
0.09965,0.14825,0.09327,0.52194,0.54246,-0.44499,0.48507,164.39600
0.09965,0.14815,0.09326,0.52200,0.54253,-0.44492,0.48500,164.49600
0.09966,0.14805,0.09324,0.52206,0.54259,-0.44486,0.48493,164.59600
0.09967,0.14795,0.09323,0.52211,0.54265,-0.44479,0.48486,164.69600
0.09967,0.14786,0.09321,0.52217,0.54272,-0.44472,0.48479,164.79600
0.09968,0.14777,0.09320,0.52223,0.54278,-0.44465,0.48472,164.89600
0.09968,0.14767,0.09318,0.52229,0.54284,-0.44458,0.48465,164.99600
0.09969,0.14757,0.09317,0.52235,0.54290,-0.44451,0.48458,165.09600
0.09970,0.14747,0.09316,0.52240,0.54296,-0.44445,0.48451,165.19600
0.09970,0.14737,0.09315,0.52246,0.54303,-0.44438,0.48444,165.29600
0.09971,0.14727,0.09313,0.52252,0.54309,-0.44431,0.48437,165.39600
0.09972,0.14717,0.09312,0.52258,0.54316,-0.44424,0.48430,165.49600
0.09972,0.14707,0.09311,0.52263,0.54322,-0.44418,0.48422,165.59600
0.09973,0.14697,0.09310,0.52269,0.54328,-0.44411,0.48415,165.69600
0.09973,0.14687,0.09307,0.52275,0.54335,-0.44404,0.48408,165.79600
0.09974,0.14677,0.09306,0.52281,0.54341,-0.44397,0.48401,165.89600
0.09975,0.14667,0.09305,0.52287,0.54347,-0.44390,0.48394,165.99600
0.09975,0.14658,0.09303,0.52292,0.54354,-0.44383,0.48387,166.09600
0.09976,0.14648,0.09302,0.52298,0.54360,-0.44377,0.48380,166.19600
0.09976,0.14638,0.09301,0.52304,0.54366,-0.44370,0.48373,166.29600
0.09977,0.14628,0.09300,0.52310,0.54373,-0.44362,0.48365,166.39600
0.09978,0.14618,0.09298,0.52316,0.54379,-0.44356,0.48358,166.49600
0.09978,0.14608,0.09297,0.52321,0.54385,-0.44349,0.48352,166.59600
0.09979,0.14598,0.09296,0.52327,0.54391,-0.44343,0.48345,166.69600
0.09980,0.14588,0.09294,0.52333,0.54398,-0.44336,0.48337,166.79600
0.09980,0.14578,0.09292,0.52339,0.54404,-0.44329,0.48330,166.89600
0.09981,0.14568,0.09291,0.52344,0.54410,-0.44322,0.48323,166.99600
0.09981,0.14558,0.09290,0.52350,0.54417,-0.44315,0.48316,167.09600
0.09982,0.14548,0.09288,0.52356,0.54423,-0.44308,0.48309,167.19600
0.09983,0.14539,0.09287,0.52362,0.54429,-0.44302,0.48302,167.29600
0.09983,0.14529,0.09286,0.52367,0.54435,-0.44295,0.48295,167.39600
0.09984,0.14519,0.09284,0.52374,0.54442,-0.44287,0.48287,167.49600
0.09984,0.14509,0.09283,0.52379,0.54448,-0.44281,0.48280,167.59600
0.09985,0.14499,0.09282,0.52385,0.54455,-0.44274,0.48273,167.69600
0.09986,0.14490,0.09280,0.52391,0.54461,-0.44267,0.48266,167.79600
0.09986,0.14480,0.09278,0.52397,0.54467,-0.44260,0.48259,167.89600
0.09987,0.14470,0.09277,0.52403,0.54474,-0.44253,0.48252,167.99600
0.09988,0.14460,0.09275,0.52408,0.54480,-0.44247,0.48245,168.09600
0.09988,0.14450,0.09274,0.52414,0.54486,-0.44240,0.48238,168.19600
0.09989,0.14440,0.09273,0.52419,0.54492,-0.44233,0.48231,168.29600
0.09989,0.14431,0.09271,0.52425,0.54498,-0.44227,0.48224,168.39600
0.09990,0.14421,0.09270,0.52431,0.54505,-0.44220,0.48217,168.49600
0.09991,0.14411,0.09269,0.52437,0.54511,-0.44213,0.48210,168.59600
0.09991,0.14401,0.09267,0.52442,0.54517,-0.44206,0.48203,168.69600
0.09992,0.14391,0.09266,0.52449,0.54524,-0.44199,0.48195,168.79600
0.09993,0.14381,0.09264,0.52454,0.54530,-0.44192,0.48188,168.89600
0.09993,0.14371,0.09262,0.52460,0.54536,-0.44185,0.48181,168.99600
0.09994,0.14361,0.09261,0.52466,0.54543,-0.44178,0.48174,169.09600
0.09994,0.14351,0.09260,0.52472,0.54549,-0.44171,0.48167,169.19600
0.09995,0.14341,0.09258,0.52477,0.54555,-0.44165,0.48159,169.29600
0.09996,0.14331,0.09257,0.52483,0.54562,-0.44158,0.48152,169.39600
0.09996,0.14322,0.09255,0.52489,0.54568,-0.44151,0.48145,169.49600
0.09997,0.14312,0.09254,0.52495,0.54574,-0.44144,0.48138,169.59600
0.09997,0.14302,0.09253,0.52500,0.54580,-0.44137,0.48131,169.69600
0.09998,0.14292,0.09251,0.52506,0.54587,-0.44130,0.48124,169.79600
0.09999,0.14282,0.09249,0.52512,0.54593,-0.44123,0.48117,169.89600
0.09999,0.14272,0.09248,0.52518,0.54599,-0.44117,0.48110,169.99600
0.10000,0.14262,0.09246,0.52523,0.54605,-0.44110,0.48103,170.09600
0.10001,0.14252,0.09245,0.52529,0.54612,-0.44103,0.48095,170.19600
0.10001,0.14242,0.09243,0.52535,0.54618,-0.44096,0.48088,170.29600
0.10002,0.14232,0.09242,0.52541,0.54625,-0.44089,0.48081,170.39600
0.10002,0.14222,0.09241,0.52547,0.54631,-0.44082,0.48074,170.49600
0.10003,0.14213,0.09239,0.52553,0.54637,-0.44075,0.48066,170.59600
0.10004,0.14203,0.09238,0.52558,0.54644,-0.44068,0.48059,170.69600
0.10004,0.14194,0.09236,0.52564,0.54649,-0.44062,0.48053,170.79600
0.10005,0.14184,0.09234,0.52569,0.54656,-0.44055,0.48046,170.89600
0.10006,0.14174,0.09233,0.52575,0.54662,-0.44048,0.48039,170.99600
0.10006,0.14164,0.09231,0.52581,0.54668,-0.44041,0.48031,171.09600
0.10007,0.14154,0.09230,0.52587,0.54674,-0.44034,0.48024,171.19600
0.10007,0.14144,0.09228,0.52592,0.54681,-0.44028,0.48017,171.29600
0.10008,0.14134,0.09227,0.52598,0.54687,-0.44021,0.48010,171.39600
0.10009,0.14124,0.09226,0.52604,0.54693,-0.44014,0.48003,171.49600
0.10009,0.14115,0.09224,0.52610,0.54699,-0.44007,0.47996,171.59600
0.10010,0.14105,0.09223,0.52615,0.54706,-0.44000,0.47989,171.69600
0.10011,0.14095,0.09221,0.52621,0.54712,-0.43993,0.47981,171.79600
0.10011,0.14085,0.09219,0.52627,0.54718,-0.43986,0.47974,171.89600
0.10012,0.14075,0.09217,0.52632,0.54724,-0.43980,0.47967,171.99600
0.10012,0.14065,0.09216,0.52638,0.54731,-0.43973,0.47960,172.09600
0.10013,0.14055,0.09215,0.52644,0.54737,-0.43966,0.47953,172.19600
0.10014,0.14045,0.09213,0.52650,0.54743,-0.43959,0.47946,172.29600
0.10014,0.14035,0.09212,0.52655,0.54749,-0.43952,0.47939,172.39600
0.10015,0.14025,0.09210,0.52662,0.54756,-0.43945,0.47931,172.49600
0.10015,0.14016,0.09209,0.52667,0.54762,-0.43938,0.47924,172.59600
0.10016,0.14006,0.09207,0.52673,0.54769,-0.43931,0.47917,172.69600
0.10017,0.13996,0.09206,0.52679,0.54775,-0.43924,0.47910,172.79600
0.10017,0.13986,0.09205,0.52684,0.54781,-0.43917,0.47902,172.89600
0.10018,0.13976,0.09202,0.52690,0.54787,-0.43910,0.47895,172.99600
0.10019,0.13966,0.09201,0.52696,0.54794,-0.43904,0.47888,173.09600
0.10019,0.13956,0.09199,0.52702,0.54800,-0.43897,0.47881,173.19600
0.10020,0.13946,0.09198,0.52707,0.54806,-0.43890,0.47874,173.29600
0.10020,0.13936,0.09196,0.52713,0.54812,-0.43883,0.47867,173.39600
0.10021,0.13927,0.09195,0.52719,0.54819,-0.43876,0.47860,173.49600
0.10022,0.13917,0.09193,0.52725,0.54825,-0.43869,0.47852,173.59600
0.10022,0.13907,0.09192,0.52730,0.54831,-0.43862,0.47845,173.69600
0.10023,0.13898,0.09190,0.52736,0.54837,-0.43855,0.47838,173.79600
0.10024,0.13888,0.09189,0.52742,0.54844,-0.43849,0.47831,173.89600
0.10024,0.13878,0.09186,0.52747,0.54850,-0.43842,0.47824,173.99600
0.10025,0.13868,0.09185,0.52753,0.54856,-0.43835,0.47817,174.09600
0.10025,0.13858,0.09183,0.52759,0.54862,-0.43828,0.47810,174.19600
0.10026,0.13848,0.09182,0.52765,0.54868,-0.43821,0.47802,174.29600
0.10027,0.13839,0.09180,0.52770,0.54875,-0.43814,0.47795,174.39600
0.10027,0.13829,0.09179,0.52776,0.54881,-0.43807,0.47788,174.49600
0.10028,0.13819,0.09177,0.52782,0.54887,-0.43800,0.47781,174.59600
0.10029,0.13809,0.09176,0.52787,0.54893,-0.43794,0.47774,174.69600
0.10029,0.13799,0.09174,0.52793,0.54900,-0.43787,0.47767,174.79600
0.10030,0.13789,0.09173,0.52799,0.54906,-0.43780,0.47759,174.89600
0.10030,0.13779,0.09170,0.52805,0.54912,-0.43773,0.47752,174.99600
0.10031,0.13769,0.09169,0.52810,0.54918,-0.43766,0.47745,175.09600
0.10032,0.13759,0.09167,0.52816,0.54925,-0.43759,0.47738,175.19600
0.10032,0.13750,0.09166,0.52822,0.54931,-0.43752,0.47731,175.29600
0.10033,0.13740,0.09164,0.52827,0.54937,-0.43745,0.47724,175.39600
0.10033,0.13730,0.09163,0.52833,0.54943,-0.43738,0.47716,175.49600
0.10034,0.13720,0.09161,0.52839,0.54949,-0.43732,0.47709,175.59600
0.10035,0.13710,0.09160,0.52844,0.54956,-0.43725,0.47702,175.69600
0.10035,0.13700,0.09158,0.52850,0.54962,-0.43718,0.47695,175.79600
0.10036,0.13690,0.09157,0.52856,0.54968,-0.43711,0.47688,175.89600
0.10037,0.13680,0.09154,0.52862,0.54974,-0.43704,0.47681,175.99600
0.10037,0.13671,0.09153,0.52867,0.54980,-0.43697,0.47673,176.09600
0.10038,0.13661,0.09151,0.52873,0.54987,-0.43690,0.47666,176.19600
0.10038,0.13651,0.09150,0.52879,0.54993,-0.43683,0.47659,176.29600
0.10039,0.13641,0.09148,0.52884,0.54999,-0.43676,0.47652,176.39600
0.10040,0.13631,0.09146,0.52890,0.55005,-0.43670,0.47645,176.49600
0.10040,0.13622,0.09145,0.52896,0.55012,-0.43663,0.47638,176.59600
0.10041,0.13612,0.09143,0.52901,0.55018,-0.43656,0.47630,176.69600
0.10042,0.13602,0.09142,0.52907,0.55024,-0.43649,0.47623,176.79600
0.10042,0.13592,0.09140,0.52913,0.55030,-0.43642,0.47616,176.89600
0.10043,0.13583,0.09138,0.52918,0.55036,-0.43635,0.47609,176.99600
0.10043,0.13573,0.09136,0.52924,0.55043,-0.43628,0.47602,177.09600
0.10044,0.13563,0.09135,0.52930,0.55049,-0.43621,0.47595,177.19600
0.10045,0.13553,0.09133,0.52936,0.55055,-0.43614,0.47587,177.29600
0.10045,0.13543,0.09131,0.52941,0.55061,-0.43607,0.47580,177.39600
0.10046,0.13533,0.09130,0.52947,0.55067,-0.43601,0.47573,177.49600
0.10047,0.13523,0.09128,0.52953,0.55074,-0.43594,0.47566,177.59600
0.10047,0.13513,0.09127,0.52958,0.55080,-0.43587,0.47559,177.69600
0.10048,0.13504,0.09125,0.52964,0.55086,-0.43580,0.47552,177.79600
0.10048,0.13494,0.09124,0.52970,0.55092,-0.43573,0.47544,177.89600
0.10049,0.13484,0.09121,0.52975,0.55098,-0.43566,0.47537,177.99600
0.10050,0.13474,0.09119,0.52981,0.55105,-0.43559,0.47530,178.09600
0.10050,0.13464,0.09118,0.52987,0.55111,-0.43552,0.47523,178.19600
0.10051,0.13454,0.09116,0.52992,0.55117,-0.43545,0.47516,178.29600
0.10052,0.13444,0.09115,0.52998,0.55123,-0.43538,0.47508,178.39600
0.10052,0.13434,0.09113,0.53004,0.55129,-0.43531,0.47501,178.49600
0.10053,0.13425,0.09111,0.53010,0.55136,-0.43524,0.47493,178.59600
0.10053,0.13415,0.09110,0.53016,0.55142,-0.43517,0.47486,178.69600
0.10054,0.13405,0.09108,0.53021,0.55148,-0.43510,0.47479,178.79600
0.10055,0.13395,0.09107,0.53027,0.55155,-0.43503,0.47472,178.89600
0.10055,0.13385,0.09105,0.53033,0.55161,-0.43496,0.47465,178.99600
0.10056,0.13375,0.09102,0.53038,0.55167,-0.43489,0.47457,179.09600
0.10057,0.13365,0.09101,0.53044,0.55173,-0.43483,0.47450,179.19600
0.10057,0.13356,0.09099,0.53050,0.55179,-0.43476,0.47443,179.29600
0.10058,0.13347,0.09097,0.53055,0.55186,-0.43469,0.47436,179.39600
0.10058,0.13337,0.09096,0.53061,0.55192,-0.43462,0.47429,179.49600
0.10059,0.13327,0.09094,0.53067,0.55198,-0.43455,0.47421,179.59600
0.10060,0.13317,0.09093,0.53072,0.55204,-0.43448,0.47414,179.69600
0.10060,0.13307,0.09091,0.53078,0.55210,-0.43441,0.47407,179.79600
0.10061,0.13297,0.09089,0.53084,0.55217,-0.43434,0.47400,179.89600
0.10062,0.13287,0.09088,0.53089,0.55223,-0.43427,0.47393,179.99600
0.10062,0.13278,0.09085,0.53095,0.55229,-0.43420,0.47386,180.09600
0.10063,0.13268,0.09083,0.53101,0.55235,-0.43413,0.47378,180.19600
0.10063,0.13258,0.09082,0.53106,0.55241,-0.43406,0.47371,180.29600
0.10064,0.13248,0.09080,0.53112,0.55247,-0.43399,0.47364,180.39600
0.10065,0.13238,0.09078,0.53118,0.55254,-0.43393,0.47357,180.49600
0.10065,0.13228,0.09077,0.53123,0.55260,-0.43386,0.47349,180.59600
0.10066,0.13218,0.09075,0.53129,0.55266,-0.43379,0.47342,180.69600
0.10066,0.13209,0.09074,0.53134,0.55272,-0.43372,0.47336,180.79600
0.10067,0.13199,0.09072,0.53140,0.55278,-0.43365,0.47328,180.89600
0.10068,0.13189,0.09070,0.53145,0.55284,-0.43358,0.47321,180.99600
0.10068,0.13179,0.09068,0.53152,0.55291,-0.43351,0.47313,181.09600
0.10069,0.13169,0.09066,0.53157,0.55297,-0.43344,0.47306,181.19600
0.10070,0.13159,0.09064,0.53163,0.55303,-0.43337,0.47299,181.29600
0.10070,0.13149,0.09063,0.53168,0.55309,-0.43330,0.47292,181.39600
0.10071,0.13140,0.09061,0.53174,0.55315,-0.43323,0.47285,181.49600
0.10071,0.13130,0.09059,0.53180,0.55322,-0.43316,0.47277,181.59600
0.10072,0.13120,0.09057,0.53185,0.55328,-0.43309,0.47270,181.69600
0.10073,0.13110,0.09056,0.53191,0.55334,-0.43302,0.47263,181.79600
0.10073,0.13100,0.09054,0.53197,0.55340,-0.43295,0.47256,181.89600
0.10074,0.13090,0.09052,0.53202,0.55346,-0.43288,0.47248,181.99600
0.10075,0.13081,0.09050,0.53208,0.55352,-0.43282,0.47241,182.09600
0.10075,0.13072,0.09048,0.53214,0.55358,-0.43275,0.47234,182.19600
0.10076,0.13062,0.09046,0.53219,0.55365,-0.43268,0.47227,182.29600
0.10076,0.13052,0.09045,0.53225,0.55371,-0.43261,0.47220,182.39600
0.10077,0.13042,0.09043,0.53231,0.55377,-0.43254,0.47212,182.49600
0.10078,0.13032,0.09041,0.53236,0.55383,-0.43247,0.47205,182.59600
0.10078,0.13022,0.09040,0.53242,0.55389,-0.43240,0.47198,182.69600
0.10079,0.13012,0.09038,0.53247,0.55395,-0.43233,0.47191,182.79600
0.10080,0.13003,0.09036,0.53253,0.55402,-0.43226,0.47183,182.89600
0.10080,0.12993,0.09034,0.53259,0.55408,-0.43219,0.47176,182.99600
0.10081,0.12983,0.09033,0.53264,0.55414,-0.43212,0.47169,183.09600
0.10081,0.12973,0.09030,0.53270,0.55420,-0.43205,0.47162,183.19600
0.10082,0.12963,0.09028,0.53276,0.55426,-0.43198,0.47154,183.29600
0.10083,0.12953,0.09027,0.53281,0.55432,-0.43191,0.47147,183.39600
0.10083,0.12943,0.09025,0.53287,0.55439,-0.43184,0.47140,183.49600
0.10084,0.12934,0.09023,0.53293,0.55445,-0.43177,0.47133,183.59600
0.10085,0.12924,0.09021,0.53298,0.55451,-0.43170,0.47126,183.69600
0.10085,0.12914,0.09020,0.53304,0.55457,-0.43163,0.47118,183.79600
0.10086,0.12904,0.09018,0.53310,0.55463,-0.43156,0.47111,183.89600
0.10086,0.12894,0.09016,0.53315,0.55469,-0.43150,0.47104,183.99600
0.10087,0.12884,0.09014,0.53321,0.55475,-0.43143,0.47097,184.09600
0.10088,0.12875,0.09012,0.53326,0.55482,-0.43136,0.47089,184.19600
0.10088,0.12865,0.09010,0.53332,0.55488,-0.43128,0.47082,184.29600
0.10089,0.12855,0.09008,0.53338,0.55494,-0.43121,0.47074,184.39600
0.10090,0.12845,0.09006,0.53343,0.55500,-0.43115,0.47068,184.49600
0.10090,0.12835,0.09005,0.53349,0.55506,-0.43108,0.47060,184.59600
0.10091,0.12825,0.09003,0.53355,0.55512,-0.43101,0.47053,184.69600
0.10091,0.12816,0.09001,0.53360,0.55518,-0.43094,0.47046,184.79600
0.10092,0.12807,0.08999,0.53366,0.55525,-0.43087,0.47039,184.89600
0.10093,0.12797,0.08998,0.53371,0.55531,-0.43080,0.47031,184.99600
0.10093,0.12787,0.08996,0.53377,0.55537,-0.43073,0.47024,185.09600
0.10094,0.12777,0.08993,0.53383,0.55543,-0.43066,0.47017,185.19600
0.10095,0.12767,0.08991,0.53388,0.55549,-0.43059,0.47010,185.29600
0.10095,0.12757,0.08990,0.53394,0.55555,-0.43052,0.47002,185.39600
0.10096,0.12748,0.08988,0.53399,0.55561,-0.43045,0.46995,185.49600
0.10096,0.12738,0.08986,0.53406,0.55568,-0.43038,0.46987,185.59600
0.10097,0.12728,0.08984,0.53411,0.55574,-0.43031,0.46980,185.69600
0.10098,0.12718,0.08982,0.53416,0.55580,-0.43024,0.46973,185.79600
0.10098,0.12708,0.08981,0.53422,0.55586,-0.43017,0.46966,185.89600
0.10099,0.12698,0.08979,0.53428,0.55592,-0.43010,0.46959,185.99600
0.10100,0.12689,0.08977,0.53433,0.55598,-0.43003,0.46952,186.09600
0.10100,0.12679,0.08974,0.53439,0.55604,-0.42996,0.46944,186.19600
0.10101,0.12669,0.08972,0.53444,0.55610,-0.42989,0.46937,186.29600
0.10101,0.12659,0.08971,0.53450,0.55617,-0.42982,0.46930,186.39600
0.10102,0.12649,0.08969,0.53456,0.55623,-0.42975,0.46923,186.49600
0.10103,0.12639,0.08967,0.53461,0.55629,-0.42968,0.46915,186.59600
0.10103,0.12630,0.08965,0.53467,0.55635,-0.42961,0.46908,186.69600
0.10104,0.12620,0.08963,0.53473,0.55642,-0.42954,0.46900,186.79600
0.10105,0.12610,0.08962,0.53478,0.55647,-0.42947,0.46894,186.89600
0.10105,0.12600,0.08960,0.53484,0.55653,-0.42940,0.46886,186.99600
0.10106,0.12590,0.08958,0.53489,0.55659,-0.42933,0.46879,187.09600
0.10106,0.12580,0.08955,0.53495,0.55666,-0.42926,0.46872,187.19600
0.10107,0.12571,0.08953,0.53501,0.55672,-0.42919,0.46864,187.29600
0.10108,0.12562,0.08951,0.53506,0.55678,-0.42912,0.46857,187.39600
0.10108,0.12552,0.08950,0.53512,0.55684,-0.42905,0.46850,187.49600
0.10109,0.12542,0.08948,0.53517,0.55690,-0.42899,0.46843,187.59600
0.10110,0.12532,0.08946,0.53523,0.55697,-0.42891,0.46835,187.69600
0.10110,0.12522,0.08944,0.53529,0.55703,-0.42884,0.46828,187.79600
0.10111,0.12513,0.08942,0.53534,0.55708,-0.42877,0.46821,187.89600
0.10111,0.12503,0.08940,0.53540,0.55715,-0.42871,0.46814,187.99600
0.10112,0.12493,0.08939,0.53545,0.55721,-0.42864,0.46806,188.09600
0.10113,0.12483,0.08937,0.53551,0.55727,-0.42857,0.46799,188.19600
0.10113,0.12473,0.08934,0.53557,0.55733,-0.42850,0.46792,188.29600
0.10114,0.12463,0.08932,0.53562,0.55739,-0.42843,0.46785,188.39600
0.10115,0.12454,0.08930,0.53568,0.55745,-0.42836,0.46777,188.49600
0.10115,0.12444,0.08928,0.53573,0.55751,-0.42829,0.46770,188.59600
0.10116,0.12434,0.08926,0.53579,0.55758,-0.42821,0.46762,188.69600
0.10116,0.12424,0.08925,0.53585,0.55763,-0.42815,0.46755,188.79600
0.10117,0.12414,0.08923,0.53590,0.55769,-0.42808,0.46748,188.89600
0.10118,0.12404,0.08921,0.53596,0.55776,-0.42801,0.46741,188.99600
0.10118,0.12395,0.08919,0.53601,0.55782,-0.42794,0.46734,189.09600
0.10119,0.12385,0.08917,0.53607,0.55788,-0.42787,0.46726,189.19600
0.10120,0.12375,0.08914,0.53612,0.55794,-0.42780,0.46719,189.29600
0.10120,0.12365,0.08912,0.53618,0.55800,-0.42773,0.46712,189.39600
0.10121,0.12355,0.08910,0.53624,0.55806,-0.42766,0.46704,189.49600
0.10121,0.12346,0.08909,0.53630,0.55813,-0.42758,0.46697,189.59600
0.10122,0.12336,0.08907,0.53635,0.55818,-0.42752,0.46690,189.69600
0.10123,0.12326,0.08905,0.53640,0.55824,-0.42745,0.46682,189.79600
0.10123,0.12316,0.08903,0.53646,0.55830,-0.42738,0.46675,189.89600
0.10124,0.12307,0.08901,0.53651,0.55837,-0.42731,0.46668,189.99600
0.10125,0.12297,0.08899,0.53657,0.55843,-0.42724,0.46661,190.09600
0.10125,0.12288,0.08897,0.53663,0.55849,-0.42717,0.46653,190.19600
0.10126,0.12278,0.08894,0.53668,0.55855,-0.42710,0.46646,190.29600
0.10127,0.12268,0.08892,0.53674,0.55861,-0.42702,0.46638,190.39600
0.10127,0.12258,0.08891,0.53679,0.55867,-0.42695,0.46631,190.49600
0.10128,0.12248,0.08889,0.53685,0.55873,-0.42688,0.46624,190.59600
0.10128,0.12239,0.08887,0.53691,0.55879,-0.42681,0.46617,190.69600
0.10129,0.12229,0.08885,0.53696,0.55885,-0.42674,0.46610,190.79600
0.10130,0.12219,0.08883,0.53702,0.55891,-0.42667,0.46602,190.89600
0.10130,0.12209,0.08881,0.53707,0.55897,-0.42660,0.46595,190.99600
0.10131,0.12199,0.08879,0.53713,0.55903,-0.42653,0.46588,191.09600
0.10132,0.12189,0.08877,0.53719,0.55910,-0.42646,0.46580,191.19600
0.10132,0.12180,0.08874,0.53724,0.55916,-0.42639,0.46573,191.29600
0.10133,0.12170,0.08872,0.53730,0.55922,-0.42632,0.46566,191.39600
0.10133,0.12160,0.08870,0.53735,0.55928,-0.42625,0.46558,191.49600
0.10134,0.12150,0.08868,0.53741,0.55934,-0.42618,0.46551,191.59600
0.10135,0.12140,0.08866,0.53746,0.55940,-0.42611,0.46544,191.69600
0.10135,0.12131,0.08865,0.53752,0.55946,-0.42604,0.46537,191.79600
0.10136,0.12121,0.08863,0.53757,0.55952,-0.42597,0.46529,191.89600
0.10137,0.12111,0.08861,0.53763,0.55958,-0.42590,0.46522,191.99600
0.10137,0.12101,0.08859,0.53769,0.55964,-0.42583,0.46515,192.09600
0.10138,0.12091,0.08857,0.53774,0.55970,-0.42576,0.46507,192.19600
0.10138,0.12082,0.08855,0.53780,0.55976,-0.42569,0.46500,192.29600
0.10139,0.12072,0.08852,0.53785,0.55983,-0.42562,0.46493,192.39600
0.10140,0.12063,0.08850,0.53791,0.55989,-0.42555,0.46485,192.49600
0.10140,0.12053,0.08848,0.53796,0.55995,-0.42548,0.46478,192.59600
0.10141,0.12043,0.08846,0.53802,0.56001,-0.42541,0.46471,192.69600
0.10142,0.12033,0.08844,0.53807,0.56007,-0.42534,0.46463,192.79600
0.10142,0.12024,0.08842,0.53813,0.56013,-0.42527,0.46456,192.89600
0.10143,0.12014,0.08840,0.53819,0.56019,-0.42520,0.46449,192.99600
0.10143,0.12004,0.08838,0.53824,0.56025,-0.42513,0.46441,193.09600
0.10144,0.11994,0.08836,0.53830,0.56031,-0.42506,0.46434,193.19600
0.10145,0.11984,0.08834,0.53835,0.56037,-0.42499,0.46427,193.29600
0.10145,0.11975,0.08831,0.53841,0.56043,-0.42492,0.46419,193.39600
0.10146,0.11965,0.08829,0.53846,0.56049,-0.42485,0.46412,193.49600
0.10147,0.11955,0.08827,0.53852,0.56055,-0.42478,0.46405,193.59600
0.10147,0.11945,0.08825,0.53857,0.56061,-0.42471,0.46398,193.69600
0.10148,0.11935,0.08823,0.53863,0.56067,-0.42464,0.46390,193.79600
0.10148,0.11926,0.08821,0.53868,0.56074,-0.42457,0.46383,193.89600
0.10149,0.11916,0.08819,0.53874,0.56079,-0.42450,0.46376,193.99600
0.10150,0.11906,0.08817,0.53880,0.56086,-0.42443,0.46368,194.09600
0.10150,0.11896,0.08815,0.53885,0.56092,-0.42436,0.46361,194.19600
0.10151,0.11886,0.08813,0.53891,0.56098,-0.42429,0.46354,194.29600
0.10152,0.11877,0.08810,0.53896,0.56104,-0.42422,0.46346,194.39600
0.10152,0.11867,0.08808,0.53902,0.56110,-0.42414,0.46339,194.49600
0.10153,0.11857,0.08806,0.53907,0.56116,-0.42408,0.46332,194.59600
0.10153,0.11847,0.08804,0.53913,0.56122,-0.42400,0.46324,194.69600
0.10154,0.11838,0.08802,0.53918,0.56128,-0.42393,0.46317,194.79600
0.10155,0.11829,0.08800,0.53924,0.56134,-0.42386,0.46310,194.89600
0.10155,0.11819,0.08798,0.53929,0.56140,-0.42379,0.46302,194.99600
0.10156,0.11809,0.08796,0.53935,0.56146,-0.42372,0.46295,195.09600
0.10157,0.11799,0.08794,0.53940,0.56152,-0.42366,0.46288,195.19600
0.10157,0.11790,0.08792,0.53946,0.56158,-0.42359,0.46281,195.29600
0.10158,0.11780,0.08790,0.53952,0.56164,-0.42351,0.46273,195.39600
0.10158,0.11770,0.08787,0.53957,0.56170,-0.42344,0.46266,195.49600
0.10159,0.11760,0.08785,0.53963,0.56176,-0.42337,0.46258,195.59600
0.10160,0.11750,0.08783,0.53968,0.56182,-0.42330,0.46251,195.69600
0.10160,0.11741,0.08781,0.53973,0.56188,-0.42323,0.46244,195.79600
0.10161,0.11731,0.08779,0.53979,0.56194,-0.42316,0.46237,195.89600
0.10162,0.11721,0.08777,0.53985,0.56201,-0.42309,0.46229,195.99600
0.10162,0.11711,0.08775,0.53990,0.56207,-0.42302,0.46221,196.09600
0.10163,0.11701,0.08773,0.53996,0.56213,-0.42295,0.46214,196.19600
0.10163,0.11692,0.08771,0.54001,0.56218,-0.42288,0.46207,196.29600
0.10164,0.11682,0.08769,0.54006,0.56224,-0.42281,0.46200,196.39600
0.10165,0.11672,0.08765,0.54012,0.56230,-0.42274,0.46193,196.49600
0.10165,0.11662,0.08763,0.54018,0.56237,-0.42266,0.46185,196.59600
0.10166,0.11653,0.08761,0.54023,0.56243,-0.42259,0.46177,196.69600
0.10167,0.11643,0.08759,0.54029,0.56249,-0.42252,0.46170,196.79600
0.10167,0.11633,0.08757,0.54034,0.56255,-0.42246,0.46163,196.89600
0.10168,0.11623,0.08755,0.54040,0.56261,-0.42239,0.46156,196.99600
0.10169,0.11613,0.08753,0.54045,0.56267,-0.42232,0.46149,197.09600
0.10169,0.11604,0.08751,0.54051,0.56273,-0.42224,0.46141,197.19600
0.10170,0.11594,0.08749,0.54057,0.56279,-0.42217,0.46133,197.29600
0.10170,0.11585,0.08747,0.54062,0.56285,-0.42210,0.46126,197.39600
0.10171,0.11575,0.08744,0.54067,0.56291,-0.42203,0.46119,197.49600
0.10172,0.11565,0.08742,0.54073,0.56297,-0.42196,0.46112,197.59600
0.10172,0.11556,0.08740,0.54078,0.56303,-0.42189,0.46104,197.69600
0.10173,0.11546,0.08737,0.54084,0.56309,-0.42182,0.46096,197.79600
0.10174,0.11536,0.08735,0.54089,0.56315,-0.42175,0.46090,197.89600
0.10174,0.11526,0.08733,0.54095,0.56321,-0.42168,0.46082,197.99600
0.10175,0.11517,0.08731,0.54100,0.56327,-0.42161,0.46075,198.09600
0.10175,0.11507,0.08729,0.54106,0.56333,-0.42154,0.46068,198.19600
0.10176,0.11497,0.08727,0.54112,0.56339,-0.42146,0.46060,198.29600
0.10177,0.11487,0.08725,0.54117,0.56345,-0.42140,0.46053,198.39600
0.10177,0.11477,0.08722,0.54122,0.56351,-0.42133,0.46045,198.49600
0.10178,0.11468,0.08720,0.54128,0.56357,-0.42126,0.46038,198.59600
0.10179,0.11458,0.08717,0.54133,0.56363,-0.42118,0.46031,198.69600
0.10179,0.11448,0.08715,0.54139,0.56369,-0.42111,0.46023,198.79600
0.10180,0.11438,0.08713,0.54144,0.56375,-0.42104,0.46016,198.89600
0.10180,0.11429,0.08711,0.54150,0.56381,-0.42097,0.46009,198.99600
0.10181,0.11419,0.08709,0.54155,0.56387,-0.42090,0.46001,199.09600
0.10182,0.11409,0.08707,0.54161,0.56393,-0.42083,0.45994,199.19600
0.10182,0.11399,0.08705,0.54166,0.56399,-0.42076,0.45987,199.29600
0.10183,0.11390,0.08703,0.54172,0.56405,-0.42069,0.45979,199.39600
0.10184,0.11380,0.08700,0.54177,0.56411,-0.42062,0.45972,199.49600
0.10184,0.11370,0.08697,0.54183,0.56417,-0.42055,0.45964,199.59600
0.10185,0.11360,0.08695,0.54188,0.56423,-0.42048,0.45957,199.69600
0.10186,0.11351,0.08693,0.54193,0.56429,-0.42041,0.45950,199.79600
0.10186,0.11342,0.08691,0.54199,0.56435,-0.42033,0.45942,199.89600
0.10187,0.11332,0.08689,0.54205,0.56441,-0.42026,0.45935,199.99600
0.10187,0.11322,0.08687,0.54210,0.56447,-0.42019,0.45928,200.09600
0.10188,0.11312,0.08684,0.54216,0.56453,-0.42012,0.45920,200.19600
0.10189,0.11303,0.08682,0.54221,0.56459,-0.42006,0.45913,200.29600
0.10189,0.11293,0.08680,0.54227,0.56465,-0.41998,0.45905,200.39600
0.10190,0.11283,0.08678,0.54232,0.56471,-0.41991,0.45898,200.49600
0.10191,0.11273,0.08675,0.54238,0.56477,-0.41984,0.45891,200.59600
0.10191,0.11264,0.08673,0.54243,0.56483,-0.41977,0.45883,200.69600
0.10192,0.11254,0.08670,0.54248,0.56489,-0.41970,0.45876,200.79600
0.10192,0.11244,0.08668,0.54254,0.56495,-0.41963,0.45868,200.89600
0.10193,0.11234,0.08666,0.54260,0.56501,-0.41955,0.45861,200.99600
0.10194,0.11225,0.08664,0.54265,0.56507,-0.41948,0.45854,201.09600
0.10194,0.11215,0.08662,0.54270,0.56513,-0.41942,0.45847,201.19600
0.10195,0.11205,0.08660,0.54276,0.56519,-0.41935,0.45839,201.29600
0.10196,0.11195,0.08657,0.54282,0.56525,-0.41927,0.45831,201.39600
0.10196,0.11186,0.08655,0.54287,0.56531,-0.41920,0.45824,201.49600
0.10197,0.11176,0.08653,0.54292,0.56537,-0.41913,0.45817,201.59600
0.10197,0.11166,0.08650,0.54298,0.56543,-0.41906,0.45810,201.69600
0.10198,0.11156,0.08648,0.54303,0.56549,-0.41899,0.45802,201.79600
0.10199,0.11146,0.08645,0.54309,0.56555,-0.41892,0.45794,201.89600
0.10199,0.11137,0.08643,0.54315,0.56561,-0.41884,0.45787,201.99600
0.10200,0.11128,0.08641,0.54320,0.56567,-0.41878,0.45780,202.09600
0.10201,0.11118,0.08639,0.54325,0.56573,-0.41871,0.45773,202.19600
0.10201,0.11108,0.08637,0.54331,0.56579,-0.41864,0.45765,202.29600
0.10202,0.11099,0.08634,0.54337,0.56585,-0.41856,0.45758,202.39600
0.10203,0.11089,0.08632,0.54342,0.56591,-0.41849,0.45751,202.49600
0.10203,0.11079,0.08630,0.54347,0.56597,-0.41842,0.45743,202.59600
0.10204,0.11069,0.08627,0.54353,0.56603,-0.41835,0.45736,202.69600
0.10204,0.11060,0.08625,0.54358,0.56609,-0.41828,0.45728,202.79600
0.10205,0.11050,0.08622,0.54363,0.56615,-0.41821,0.45721,202.89600
0.10206,0.11040,0.08620,0.54369,0.56620,-0.41814,0.45714,202.99600
0.10206,0.11030,0.08618,0.54374,0.56626,-0.41807,0.45706,203.09600
0.10207,0.11021,0.08616,0.54380,0.56632,-0.41800,0.45699,203.19600
0.10208,0.11011,0.08613,0.54385,0.56638,-0.41793,0.45691,203.29600
0.10208,0.11001,0.08611,0.54391,0.56644,-0.41785,0.45684,203.39600
0.10209,0.10991,0.08609,0.54396,0.56650,-0.41778,0.45677,203.49600
0.10209,0.10982,0.08607,0.54402,0.56656,-0.41771,0.45669,203.59600
0.10210,0.10972,0.08603,0.54407,0.56662,-0.41764,0.45662,203.69600
0.10211,0.10962,0.08601,0.54413,0.56668,-0.41757,0.45654,203.79600
0.10211,0.10952,0.08599,0.54418,0.56674,-0.41750,0.45647,203.89600
0.10212,0.10943,0.08597,0.54424,0.56680,-0.41743,0.45640,203.99600
0.10213,0.10933,0.08594,0.54429,0.56686,-0.41736,0.45633,204.09600
0.10213,0.10923,0.08592,0.54435,0.56692,-0.41728,0.45625,204.19600
0.10214,0.10914,0.08590,0.54440,0.56698,-0.41721,0.45617,204.29600
0.10214,0.10904,0.08588,0.54445,0.56704,-0.41714,0.45610,204.39600
0.10215,0.10895,0.08585,0.54450,0.56710,-0.41708,0.45603,204.49600
0.10216,0.10885,0.08583,0.54456,0.56716,-0.41700,0.45595,204.59600
0.10216,0.10876,0.08581,0.54462,0.56722,-0.41693,0.45588,204.69600
0.10217,0.10866,0.08578,0.54467,0.56728,-0.41686,0.45580,204.79600
0.10218,0.10856,0.08575,0.54472,0.56734,-0.41679,0.45573,204.89600
0.10218,0.10846,0.08573,0.54478,0.56739,-0.41672,0.45566,204.99600
0.10219,0.10837,0.08571,0.54484,0.56746,-0.41664,0.45558,205.09600
0.10220,0.10827,0.08568,0.54489,0.56751,-0.41658,0.45551,205.19600
0.10220,0.10817,0.08566,0.54494,0.56757,-0.41651,0.45544,205.29600
0.10221,0.10807,0.08564,0.54500,0.56763,-0.41644,0.45536,205.39600
0.10221,0.10798,0.08562,0.54505,0.56770,-0.41636,0.45528,205.49600
0.10222,0.10788,0.08559,0.54510,0.56775,-0.41629,0.45521,205.59600
0.10223,0.10778,0.08557,0.54516,0.56781,-0.41622,0.45514,205.69600
0.10223,0.10768,0.08554,0.54521,0.56787,-0.41615,0.45506,205.79600
0.10224,0.10759,0.08551,0.54527,0.56794,-0.41607,0.45498,205.89600
0.10225,0.10749,0.08549,0.54532,0.56799,-0.41601,0.45492,205.99600
0.10225,0.10739,0.08547,0.54538,0.56805,-0.41594,0.45484,206.09600
0.10226,0.10730,0.08545,0.54543,0.56811,-0.41586,0.45477,206.19600
0.10226,0.10720,0.08542,0.54549,0.56817,-0.41579,0.45469,206.29600
0.10227,0.10710,0.08540,0.54554,0.56823,-0.41572,0.45462,206.39600
0.10228,0.10700,0.08538,0.54559,0.56829,-0.41565,0.45454,206.49600
0.10228,0.10691,0.08535,0.54565,0.56835,-0.41558,0.45447,206.59600
0.10229,0.10682,0.08533,0.54570,0.56841,-0.41551,0.45439,206.69600
0.10230,0.10672,0.08530,0.54576,0.56847,-0.41544,0.45432,206.79600
0.10230,0.10662,0.08527,0.54581,0.56853,-0.41536,0.45425,206.89600
0.10231,0.10653,0.08525,0.54587,0.56859,-0.41529,0.45417,206.99600
0.10231,0.10643,0.08523,0.54592,0.56865,-0.41522,0.45410,207.09600
0.10232,0.10633,0.08520,0.54598,0.56870,-0.41515,0.45402,207.19600
0.10233,0.10624,0.08518,0.54603,0.56876,-0.41508,0.45395,207.29600
0.10233,0.10614,0.08516,0.54608,0.56882,-0.41501,0.45388,207.39600
0.10234,0.10604,0.08513,0.54614,0.56888,-0.41494,0.45380,207.49600
0.10235,0.10594,0.08511,0.54619,0.56894,-0.41486,0.45373,207.59600
0.10235,0.10585,0.08509,0.54625,0.56900,-0.41479,0.45365,207.69600
0.10236,0.10575,0.08506,0.54630,0.56906,-0.41473,0.45358,207.79600
0.10237,0.10565,0.08503,0.54636,0.56912,-0.41465,0.45350,207.89600
0.10237,0.10556,0.08501,0.54641,0.56918,-0.41458,0.45343,207.99600
0.10238,0.10546,0.08498,0.54646,0.56923,-0.41451,0.45336,208.09600
0.10238,0.10536,0.08496,0.54651,0.56929,-0.41444,0.45328,208.19600
0.10239,0.10526,0.08493,0.54657,0.56936,-0.41436,0.45320,208.29600
0.10240,0.10517,0.08491,0.54662,0.56941,-0.41430,0.45313,208.39600
0.10240,0.10507,0.08489,0.54668,0.56947,-0.41423,0.45306,208.49600
0.10241,0.10497,0.08486,0.54673,0.56953,-0.41415,0.45299,208.59600
0.10242,0.10487,0.08484,0.54679,0.56959,-0.41408,0.45291,208.69600
0.10242,0.10478,0.08482,0.54684,0.56965,-0.41401,0.45284,208.79600
0.10243,0.10468,0.08478,0.54689,0.56971,-0.41394,0.45276,208.89600
0.10244,0.10459,0.08476,0.54695,0.56977,-0.41387,0.45269,208.99600
0.10244,0.10450,0.08474,0.54700,0.56983,-0.41380,0.45261,209.09600
0.10245,0.10440,0.08471,0.54706,0.56989,-0.41372,0.45254,209.19600
0.10245,0.10430,0.08469,0.54711,0.56995,-0.41365,0.45246,209.29600
0.10246,0.10420,0.08466,0.54716,0.57000,-0.41359,0.45239,209.39600
0.10247,0.10411,0.08464,0.54722,0.57006,-0.41351,0.45231,209.49600
0.10247,0.10401,0.08462,0.54727,0.57012,-0.41344,0.45224,209.59600
0.10248,0.10391,0.08459,0.54733,0.57018,-0.41337,0.45217,209.69600
0.10249,0.10382,0.08457,0.54738,0.57024,-0.41329,0.45209,209.79600
0.10249,0.10372,0.08453,0.54744,0.57030,-0.41322,0.45202,209.89600
0.10250,0.10362,0.08451,0.54749,0.57036,-0.41315,0.45194,209.99600
0.10250,0.10353,0.08449,0.54754,0.57042,-0.41308,0.45187,210.09600
0.10251,0.10343,0.08446,0.54760,0.57048,-0.41301,0.45179,210.19600
0.10252,0.10333,0.08444,0.54765,0.57054,-0.41294,0.45172,210.29600
0.10252,0.10323,0.08441,0.54770,0.57059,-0.41287,0.45165,210.39600
0.10253,0.10314,0.08439,0.54776,0.57065,-0.41280,0.45157,210.49600
0.10254,0.10304,0.08436,0.54781,0.57072,-0.41272,0.45149,210.59600
0.10254,0.10294,0.08434,0.54786,0.57077,-0.41265,0.45142,210.69600
0.10255,0.10285,0.08432,0.54792,0.57083,-0.41258,0.45135,210.79600
0.10255,0.10275,0.08429,0.54798,0.57089,-0.41251,0.45127,210.89600
0.10256,0.10265,0.08426,0.54803,0.57095,-0.41244,0.45120,210.99600
0.10257,0.10256,0.08423,0.54808,0.57101,-0.41237,0.45112,211.09600
0.10257,0.10247,0.08421,0.54813,0.57107,-0.41230,0.45105,211.19600
0.10258,0.10237,0.08418,0.54819,0.57113,-0.41222,0.45097,211.29600
0.10259,0.10227,0.08416,0.54824,0.57118,-0.41215,0.45090,211.39600
0.10259,0.10218,0.08414,0.54830,0.57124,-0.41208,0.45083,211.49600
0.10260,0.10208,0.08411,0.54835,0.57130,-0.41201,0.45075,211.59600
0.10261,0.10198,0.08409,0.54840,0.57136,-0.41194,0.45068,211.69600
0.10261,0.10189,0.08406,0.54846,0.57142,-0.41186,0.45060,211.79600
0.10262,0.10179,0.08404,0.54851,0.57148,-0.41179,0.45053,211.89600
0.10262,0.10169,0.08400,0.54857,0.57154,-0.41172,0.45045,211.99600
0.10263,0.10160,0.08398,0.54862,0.57160,-0.41165,0.45038,212.09600
0.10264,0.10150,0.08395,0.54867,0.57166,-0.41158,0.45030,212.19600
0.10264,0.10140,0.08393,0.54872,0.57171,-0.41151,0.45023,212.29600
0.10265,0.10130,0.08391,0.54878,0.57177,-0.41143,0.45015,212.39600
0.10266,0.10121,0.08388,0.54884,0.57183,-0.41136,0.45008,212.49600
0.10266,0.10111,0.08386,0.54889,0.57189,-0.41130,0.45001,212.59600
0.10267,0.10101,0.08383,0.54894,0.57195,-0.41122,0.44993,212.69600
0.10267,0.10092,0.08381,0.54900,0.57201,-0.41115,0.44985,212.79600
0.10268,0.10082,0.08378,0.54905,0.57206,-0.41108,0.44978,212.89600
0.10269,0.10072,0.08376,0.54910,0.57212,-0.41101,0.44971,212.99600
0.10269,0.10063,0.08372,0.54916,0.57219,-0.41093,0.44963,213.09600
0.10270,0.10053,0.08370,0.54921,0.57224,-0.41086,0.44956,213.19600
0.10271,0.10043,0.08367,0.54926,0.57230,-0.41079,0.44948,213.29600
0.10271,0.10035,0.08365,0.54932,0.57236,-0.41072,0.44941,213.39600
0.10272,0.10025,0.08362,0.54937,0.57242,-0.41065,0.44933,213.49600
0.10273,0.10015,0.08360,0.54942,0.57248,-0.41058,0.44926,213.59600
0.10273,0.10006,0.08357,0.54948,0.57254,-0.41050,0.44918,213.69600
0.10274,0.09996,0.08355,0.54953,0.57259,-0.41043,0.44911,213.79600
0.10274,0.09986,0.08352,0.54958,0.57265,-0.41036,0.44903,213.89600
0.10275,0.09976,0.08350,0.54963,0.57271,-0.41029,0.44896,213.99600
0.10276,0.09967,0.08346,0.54969,0.57277,-0.41022,0.44888,214.09600
0.10276,0.09957,0.08344,0.54975,0.57283,-0.41014,0.44881,214.19600
0.10277,0.09947,0.08341,0.54980,0.57288,-0.41008,0.44874,214.29600
0.10278,0.09938,0.08339,0.54985,0.57295,-0.41000,0.44866,214.39600
0.10278,0.09928,0.08336,0.54991,0.57301,-0.40993,0.44858,214.49600
0.10279,0.09918,0.08334,0.54996,0.57306,-0.40986,0.44851,214.59600
0.10279,0.09909,0.08331,0.55001,0.57312,-0.40978,0.44843,214.69600
0.10280,0.09899,0.08329,0.55007,0.57318,-0.40971,0.44836,214.79600
0.10281,0.09889,0.08326,0.55012,0.57324,-0.40964,0.44829,214.89600
0.10281,0.09880,0.08324,0.55017,0.57329,-0.40957,0.44821,214.99600
0.10282,0.09870,0.08321,0.55023,0.57336,-0.40949,0.44813,215.09600
0.10283,0.09860,0.08317,0.55028,0.57341,-0.40943,0.44806,215.19600
0.10283,0.09851,0.08315,0.55033,0.57347,-0.40936,0.44799,215.29600
0.10284,0.09841,0.08312,0.55039,0.57353,-0.40928,0.44791,215.39600
0.10285,0.09831,0.08310,0.55044,0.57359,-0.40921,0.44784,215.49600
0.10285,0.09823,0.08307,0.55049,0.57365,-0.40914,0.44776,215.59600
0.10286,0.09813,0.08305,0.55055,0.57371,-0.40907,0.44769,215.69600
0.10286,0.09803,0.08302,0.55060,0.57377,-0.40900,0.44761,215.79600
0.10287,0.09794,0.08300,0.55065,0.57382,-0.40892,0.44754,215.89600
0.10288,0.09784,0.08297,0.55071,0.57388,-0.40885,0.44746,215.99600
0.10288,0.09774,0.08295,0.55076,0.57394,-0.40878,0.44739,216.09600
0.10289,0.09765,0.08291,0.55081,0.57400,-0.40871,0.44731,216.19600
0.10290,0.09755,0.08288,0.55087,0.57406,-0.40863,0.44723,216.29600
0.10290,0.09745,0.08286,0.55092,0.57412,-0.40856,0.44716,216.39600
0.10291,0.09736,0.08283,0.55097,0.57417,-0.40850,0.44709,216.49600
0.10292,0.09726,0.08281,0.55103,0.57423,-0.40842,0.44701,216.59600
0.10292,0.09716,0.08278,0.55108,0.57429,-0.40835,0.44693,216.69600
0.10293,0.09707,0.08276,0.55113,0.57435,-0.40828,0.44686,216.79600
0.10293,0.09697,0.08273,0.55119,0.57441,-0.40821,0.44679,216.89600
0.10294,0.09687,0.08270,0.55124,0.57447,-0.40813,0.44671,216.99600
0.10295,0.09678,0.08268,0.55129,0.57452,-0.40806,0.44664,217.09600
0.10295,0.09668,0.08264,0.55135,0.57458,-0.40799,0.44656,217.19600
0.10296,0.09658,0.08262,0.55140,0.57464,-0.40792,0.44649,217.29600
0.10297,0.09649,0.08259,0.55145,0.57470,-0.40784,0.44641,217.39600
0.10297,0.09639,0.08256,0.55151,0.57476,-0.40777,0.44634,217.49600
0.10298,0.09629,0.08254,0.55156,0.57482,-0.40770,0.44626,217.59600
0.10298,0.09621,0.08251,0.55161,0.57487,-0.40763,0.44619,217.69600
0.10299,0.09611,0.08249,0.55166,0.57493,-0.40756,0.44612,217.79600
0.10300,0.09601,0.08246,0.55172,0.57499,-0.40748,0.44603,217.89600
0.10300,0.09592,0.08243,0.55177,0.57505,-0.40741,0.44596,217.99600
0.10301,0.09582,0.08241,0.55182,0.57510,-0.40734,0.44589,218.09600
0.10302,0.09572,0.08238,0.55188,0.57517,-0.40727,0.44581,218.19600
0.10302,0.09563,0.08235,0.55193,0.57522,-0.40719,0.44573,218.29600
0.10303,0.09553,0.08232,0.55198,0.57528,-0.40713,0.44566,218.39600
0.10304,0.09544,0.08229,0.55204,0.57534,-0.40705,0.44558,218.49600
0.10304,0.09534,0.08227,0.55209,0.57540,-0.40698,0.44551,218.59600
0.10305,0.09524,0.08224,0.55214,0.57545,-0.40691,0.44544,218.69600
0.10305,0.09515,0.08222,0.55220,0.57552,-0.40683,0.44536,218.79600
0.10306,0.09505,0.08219,0.55225,0.57557,-0.40676,0.44529,218.89600
0.10307,0.09495,0.08216,0.55230,0.57563,-0.40669,0.44521,218.99600
0.10307,0.09486,0.08214,0.55236,0.57569,-0.40662,0.44513,219.09600
0.10308,0.09476,0.08211,0.55241,0.57575,-0.40655,0.44506,219.19600
0.10309,0.09466,0.08207,0.55246,0.57580,-0.40648,0.44498,219.29600
0.10309,0.09457,0.08205,0.55252,0.57586,-0.40640,0.44491,219.39600
0.10310,0.09447,0.08202,0.55257,0.57592,-0.40633,0.44483,219.49600
0.10311,0.09437,0.08199,0.55262,0.57597,-0.40626,0.44476,219.59600
0.10311,0.09428,0.08197,0.55268,0.57604,-0.40618,0.44468,219.69600
0.10312,0.09419,0.08194,0.55273,0.57610,-0.40611,0.44461,219.79600
0.10312,0.09409,0.08191,0.55278,0.57615,-0.40605,0.44454,219.89600
0.10313,0.09400,0.08189,0.55284,0.57621,-0.40597,0.44446,219.99600
0.10314,0.09390,0.08186,0.55289,0.57627,-0.40590,0.44439,220.09600
0.10314,0.09381,0.08184,0.55294,0.57632,-0.40583,0.44431,220.19600
0.10315,0.09371,0.08181,0.55300,0.57639,-0.40575,0.44423,220.29600
0.10316,0.09361,0.08177,0.55305,0.57644,-0.40568,0.44416,220.39600
0.10316,0.09352,0.08175,0.55310,0.57650,-0.40561,0.44408,220.49600
0.10317,0.09342,0.08172,0.55315,0.57656,-0.40554,0.44401,220.59600
0.10318,0.09332,0.08169,0.55321,0.57662,-0.40547,0.44393,220.69600
0.10318,0.09323,0.08166,0.55326,0.57667,-0.40539,0.44386,220.79600
0.10319,0.09313,0.08164,0.55331,0.57673,-0.40532,0.44378,220.89600
0.10319,0.09303,0.08161,0.55336,0.57679,-0.40525,0.44371,220.99600
0.10320,0.09294,0.08158,0.55342,0.57685,-0.40517,0.44363,221.09600
0.10321,0.09284,0.08156,0.55347,0.57691,-0.40510,0.44355,221.19600
0.10321,0.09275,0.08153,0.55352,0.57696,-0.40504,0.44348,221.29600
0.10322,0.09265,0.08149,0.55358,0.57702,-0.40496,0.44340,221.39600
0.10323,0.09255,0.08147,0.55363,0.57708,-0.40488,0.44333,221.49600
0.10323,0.09246,0.08144,0.55368,0.57714,-0.40482,0.44326,221.59600
0.10324,0.09236,0.08141,0.55374,0.57720,-0.40474,0.44317,221.69600
0.10324,0.09226,0.08139,0.55379,0.57725,-0.40467,0.44310,221.79600
0.10325,0.09218,0.08136,0.55384,0.57731,-0.40460,0.44303,221.89600
0.10326,0.09208,0.08133,0.55389,0.57737,-0.40453,0.44295,221.99600
0.10326,0.09199,0.08130,0.55395,0.57743,-0.40445,0.44288,222.09600
0.10327,0.09189,0.08128,0.55400,0.57748,-0.40438,0.44280,222.19600
0.10328,0.09179,0.08125,0.55405,0.57754,-0.40431,0.44273,222.29600
0.10328,0.09170,0.08122,0.55410,0.57760,-0.40424,0.44265,222.39600
0.10329,0.09160,0.08119,0.55416,0.57766,-0.40416,0.44257,222.49600
0.10330,0.09150,0.08116,0.55421,0.57772,-0.40409,0.44250,222.59600
0.10330,0.09141,0.08113,0.55426,0.57777,-0.40402,0.44243,222.69600
0.10331,0.09131,0.08110,0.55432,0.57783,-0.40394,0.44235,222.79600
0.10331,0.09122,0.08108,0.55437,0.57789,-0.40387,0.44227,222.89600
0.10332,0.09112,0.08105,0.55442,0.57794,-0.40381,0.44220,222.99600
0.10333,0.09102,0.08102,0.55448,0.57801,-0.40373,0.44212,223.09600
0.10333,0.09093,0.08099,0.55452,0.57806,-0.40366,0.44205,223.19600
0.10334,0.09083,0.08097,0.55458,0.57812,-0.40359,0.44197,223.29600
0.10335,0.09073,0.08094,0.55463,0.57818,-0.40351,0.44190,223.39600
0.10335,0.09064,0.08090,0.55468,0.57823,-0.40344,0.44182,223.49600
0.10336,0.09054,0.08088,0.55474,0.57829,-0.40337,0.44175,223.59600
0.10336,0.09045,0.08085,0.55479,0.57835,-0.40330,0.44167,223.69600
0.10337,0.09035,0.08082,0.55484,0.57841,-0.40322,0.44159,223.79600
0.10338,0.09025,0.08079,0.55490,0.57847,-0.40315,0.44152,223.89600
0.10338,0.09017,0.08077,0.55495,0.57852,-0.40308,0.44144,223.99600
0.10339,0.09007,0.08074,0.55500,0.57858,-0.40301,0.44137,224.09600
0.10340,0.08998,0.08071,0.55505,0.57864,-0.40293,0.44129,224.19600
0.10340,0.08988,0.08068,0.55510,0.57869,-0.40286,0.44122,224.29600
0.10341,0.08978,0.08065,0.55516,0.57876,-0.40279,0.44114,224.39600
0.10342,0.08969,0.08063,0.55521,0.57881,-0.40272,0.44107,224.49600
0.10342,0.08959,0.08059,0.55526,0.57887,-0.40265,0.44099,224.59600
0.10343,0.08950,0.08056,0.55532,0.57893,-0.40257,0.44091,224.69600
0.10343,0.08940,0.08053,0.55537,0.57898,-0.40250,0.44084,224.79600
0.10344,0.08930,0.08051,0.55542,0.57904,-0.40243,0.44076,224.89600
0.10345,0.08921,0.08048,0.55547,0.57910,-0.40235,0.44069,224.99600
0.10345,0.08911,0.08045,0.55553,0.57916,-0.40228,0.44061,225.09600
0.10346,0.08901,0.08042,0.55558,0.57922,-0.40221,0.44054,225.19600
0.10347,0.08892,0.08039,0.55563,0.57927,-0.40213,0.44046,225.29600
0.10347,0.08882,0.08037,0.55568,0.57933,-0.40207,0.44039,225.39600
0.10348,0.08873,0.08034,0.55574,0.57939,-0.40199,0.44031,225.49600
0.10349,0.08863,0.08030,0.55579,0.57944,-0.40192,0.44024,225.59600
0.10349,0.08853,0.08027,0.55584,0.57950,-0.40184,0.44016,225.69600
0.10350,0.08844,0.08024,0.55589,0.57956,-0.40177,0.44008,225.79600
0.10350,0.08834,0.08022,0.55594,0.57961,-0.40170,0.44001,225.89600
0.10351,0.08826,0.08019,0.55600,0.57968,-0.40162,0.43993,225.99600
0.10352,0.08816,0.08016,0.55605,0.57973,-0.40156,0.43986,226.09600
0.10352,0.08806,0.08013,0.55610,0.57979,-0.40148,0.43978,226.19600
0.10353,0.08797,0.08010,0.55616,0.57985,-0.40141,0.43970,226.29600
0.10354,0.08787,0.08008,0.55621,0.57990,-0.40134,0.43963,226.39600
0.10354,0.08778,0.08005,0.55626,0.57996,-0.40126,0.43955,226.49600
0.10355,0.08768,0.08002,0.55631,0.58002,-0.40119,0.43948,226.59600
0.10355,0.08759,0.07998,0.55636,0.58007,-0.40112,0.43941,226.69600
0.10356,0.08749,0.07995,0.55642,0.58013,-0.40104,0.43932,226.79600
0.10357,0.08739,0.07992,0.55647,0.58019,-0.40098,0.43925,226.89600
0.10357,0.08730,0.07990,0.55652,0.58025,-0.40090,0.43917,226.99600
0.10358,0.08720,0.07987,0.55657,0.58030,-0.40083,0.43910,227.09600
0.10359,0.08711,0.07984,0.55662,0.58036,-0.40076,0.43903,227.19600
0.10359,0.08701,0.07981,0.55668,0.58042,-0.40068,0.43895,227.29600
0.10360,0.08691,0.07978,0.55673,0.58048,-0.40061,0.43887,227.39600
0.10361,0.08682,0.07975,0.55679,0.58054,-0.40053,0.43879,227.49600
0.10361,0.08672,0.07973,0.55684,0.58059,-0.40047,0.43872,227.59600
0.10362,0.08663,0.07969,0.55689,0.58065,-0.40039,0.43864,227.69600
0.10363,0.08653,0.07966,0.55694,0.58071,-0.40032,0.43857,227.79600
0.10363,0.08643,0.07963,0.55699,0.58076,-0.40025,0.43849,227.89600
0.10364,0.08635,0.07960,0.55705,0.58082,-0.40017,0.43841,227.99600
0.10364,0.08625,0.07957,0.55710,0.58088,-0.40010,0.43834,228.09600
0.10365,0.08616,0.07954,0.55715,0.58093,-0.40003,0.43827,228.19600
0.10366,0.08606,0.07952,0.55720,0.58099,-0.39995,0.43819,228.29600
0.10366,0.08597,0.07949,0.55725,0.58105,-0.39989,0.43812,228.39600
0.10367,0.08587,0.07946,0.55731,0.58111,-0.39981,0.43803,228.49600
0.10368,0.08577,0.07943,0.55736,0.58116,-0.39974,0.43796,228.59600
0.10368,0.08568,0.07940,0.55741,0.58122,-0.39967,0.43789,228.69600
0.10369,0.08558,0.07936,0.55746,0.58128,-0.39959,0.43781,228.79600
0.10369,0.08549,0.07933,0.55751,0.58134,-0.39952,0.43773,228.89600
0.10370,0.08539,0.07930,0.55757,0.58139,-0.39945,0.43766,228.99600
0.10371,0.08530,0.07928,0.55762,0.58145,-0.39937,0.43758,229.09600
0.10371,0.08520,0.07925,0.55767,0.58150,-0.39931,0.43751,229.19600
0.10372,0.08510,0.07922,0.55772,0.58157,-0.39923,0.43743,229.29600
0.10373,0.08501,0.07919,0.55777,0.58162,-0.39916,0.43736,229.39600
0.10373,0.08491,0.07916,0.55783,0.58168,-0.39908,0.43727,229.49600
0.10374,0.08482,0.07913,0.55788,0.58173,-0.39901,0.43720,229.59600
0.10375,0.08472,0.07910,0.55793,0.58180,-0.39893,0.43712,229.69600
0.10375,0.08463,0.07907,0.55798,0.58185,-0.39887,0.43705,229.79600
0.10376,0.08453,0.07903,0.55803,0.58191,-0.39879,0.43698,229.89600
0.10376,0.08444,0.07901,0.55809,0.58196,-0.39872,0.43690,229.99600
0.10377,0.08435,0.07898,0.55814,0.58202,-0.39865,0.43682,230.09600
0.10378,0.08425,0.07895,0.55819,0.58208,-0.39857,0.43674,230.19600
0.10378,0.08416,0.07892,0.55824,0.58214,-0.39850,0.43667,230.29600
0.10379,0.08406,0.07889,0.55829,0.58219,-0.39843,0.43660,230.39600
0.10380,0.08397,0.07886,0.55835,0.58225,-0.39835,0.43652,230.49600
0.10380,0.08387,0.07883,0.55840,0.58230,-0.39828,0.43645,230.59600
0.10381,0.08377,0.07880,0.55845,0.58237,-0.39821,0.43636,230.69600
0.10382,0.08368,0.07877,0.55850,0.58242,-0.39814,0.43629,230.79600
0.10382,0.08358,0.07873,0.55856,0.58248,-0.39806,0.43621,230.89600
0.10383,0.08349,0.07870,0.55861,0.58253,-0.39799,0.43614,230.99600
0.10383,0.08339,0.07867,0.55866,0.58259,-0.39792,0.43606,231.09600
0.10384,0.08330,0.07864,0.55871,0.58265,-0.39784,0.43599,231.19600
0.10385,0.08320,0.07862,0.55876,0.58270,-0.39777,0.43591,231.29600
0.10385,0.08311,0.07859,0.55882,0.58276,-0.39770,0.43583,231.39600
0.10386,0.08301,0.07856,0.55887,0.58282,-0.39762,0.43576,231.49600
0.10387,0.08291,0.07853,0.55892,0.58288,-0.39755,0.43568,231.59600
0.10387,0.08282,0.07850,0.55897,0.58293,-0.39748,0.43560,231.69600
0.10388,0.08272,0.07847,0.55902,0.58299,-0.39741,0.43553,231.79600
0.10389,0.08263,0.07844,0.55908,0.58305,-0.39733,0.43545,231.89600
0.10389,0.08254,0.07840,0.55913,0.58310,-0.39726,0.43538,231.99600
0.10390,0.08245,0.07837,0.55918,0.58316,-0.39719,0.43530,232.09600
0.10390,0.08235,0.07834,0.55923,0.58322,-0.39711,0.43523,232.19600
0.10391,0.08226,0.07831,0.55928,0.58327,-0.39704,0.43515,232.29600
0.10392,0.08216,0.07828,0.55933,0.58333,-0.39697,0.43507,232.39600
0.10392,0.08206,0.07825,0.55938,0.58338,-0.39690,0.43500,232.49600
0.10393,0.08197,0.07822,0.55944,0.58344,-0.39682,0.43492,232.59600
0.10394,0.08187,0.07819,0.55949,0.58350,-0.39675,0.43485,232.69600
0.10394,0.08178,0.07816,0.55954,0.58356,-0.39667,0.43477,232.79600
0.10395,0.08169,0.07813,0.55959,0.58361,-0.39661,0.43469,232.89200
0.10395,0.08160,0.07810,0.55964,0.58366,-0.39654,0.43462,232.98400
0.10396,0.08151,0.07807,0.55968,0.58371,-0.39648,0.43456,233.07200
0.10397,0.08143,0.07804,0.55972,0.58376,-0.39642,0.43450,233.15600
0.10397,0.08136,0.07802,0.55977,0.58380,-0.39636,0.43443,233.23600
0.10397,0.08129,0.07800,0.55981,0.58385,-0.39630,0.43438,233.31200
0.10398,0.08122,0.07798,0.55984,0.58389,-0.39625,0.43432,233.38400
0.10398,0.08115,0.07796,0.55988,0.58393,-0.39620,0.43427,233.45200
0.10399,0.08109,0.07794,0.55991,0.58396,-0.39615,0.43422,233.51600
0.10399,0.08103,0.07792,0.55994,0.58400,-0.39611,0.43417,233.57600
0.10400,0.08098,0.07790,0.55997,0.58403,-0.39607,0.43413,233.63200
0.10400,0.08093,0.07789,0.56000,0.58406,-0.39603,0.43409,233.68400
0.10400,0.08088,0.07787,0.56002,0.58409,-0.39599,0.43406,233.73200
0.10400,0.08084,0.07786,0.56005,0.58411,-0.39596,0.43402,233.77600
0.10401,0.08080,0.07785,0.56007,0.58414,-0.39593,0.43399,233.81600
0.10401,0.08077,0.07784,0.56008,0.58415,-0.39591,0.43397,233.85200
0.10401,0.08074,0.07783,0.56011,0.58417,-0.39588,0.43394,233.88400
0.10401,0.08072,0.07782,0.56012,0.58419,-0.39586,0.43391,233.91200
0.10401,0.08070,0.07781,0.56013,0.58421,-0.39584,0.43390,233.93600
0.10402,0.08068,0.07780,0.56014,0.58421,-0.39583,0.43388,233.95600
0.10402,0.08067,0.07780,0.56015,0.58422,-0.39582,0.43387,233.97200
0.10402,0.08065,0.07780,0.56016,0.58423,-0.39581,0.43386,233.98400
0.10402,0.08065,0.07779,0.56016,0.58424,-0.39580,0.43385,233.99200
0.10402,0.08064,0.07779,0.56016,0.58424,-0.39580,0.43385,233.99600
0.10402,0.08064,0.07779,0.56016,0.58424,-0.39580,0.43385,233.99600
0.10402,0.08065,0.07779,0.56016,0.58424,-0.39580,0.43385,234.00000
