x,y,z,px,py,pz,pw,u
-0.42325,-0.23450,0.13675,-0.51333,0.43074,0.47712,0.56861,0.00000
-0.42325,-0.23410,0.13675,-0.51332,0.43076,0.47714,0.56859,0.00804
-0.42325,-0.23370,0.13675,-0.51330,0.43078,0.47716,0.56857,0.02010
-0.42325,-0.23331,0.13675,-0.51328,0.43080,0.47718,0.56855,0.03619
-0.42325,-0.23292,0.13676,-0.51327,0.43081,0.47720,0.56853,0.05629
-0.42325,-0.23254,0.13676,-0.51325,0.43083,0.47722,0.56852,0.08042
-0.42325,-0.23217,0.13676,-0.51324,0.43085,0.47725,0.56850,0.10857
-0.42325,-0.23181,0.13676,-0.51322,0.43087,0.47727,0.56848,0.14073
-0.42325,-0.23147,0.13677,-0.51320,0.43089,0.47729,0.56846,0.17692
-0.42325,-0.23114,0.13677,-0.51319,0.43091,0.47731,0.56844,0.21713
-0.42325,-0.23083,0.13678,-0.51317,0.43093,0.47733,0.56843,0.26136
-0.42325,-0.23054,0.13678,-0.51315,0.43095,0.47735,0.56841,0.30961
-0.42325,-0.23026,0.13679,-0.51314,0.43097,0.47737,0.56839,0.36188
-0.42325,-0.23001,0.13679,-0.51312,0.43099,0.47740,0.56837,0.41818
-0.42325,-0.22978,0.13680,-0.51311,0.43101,0.47742,0.56835,0.47849
-0.42325,-0.22957,0.13681,-0.51309,0.43103,0.47744,0.56834,0.54283
-0.42325,-0.22939,0.13681,-0.51307,0.43105,0.47746,0.56832,0.61118
-0.42325,-0.22922,0.13682,-0.51306,0.43107,0.47748,0.56830,0.68356
-0.42325,-0.22909,0.13683,-0.51304,0.43109,0.47750,0.56828,0.75996
-0.42325,-0.22897,0.13684,-0.51303,0.43111,0.47752,0.56826,0.84038
-0.42325,-0.22889,0.13684,-0.51301,0.43113,0.47754,0.56824,0.92481
-0.42325,-0.22882,0.13685,-0.51299,0.43115,0.47757,0.56823,1.01328
-0.42325,-0.22879,0.13686,-0.51298,0.43117,0.47759,0.56821,1.10576
-0.42325,-0.22877,0.13687,-0.51296,0.43119,0.47761,0.56819,1.20226
-0.42325,-0.22878,0.13688,-0.51295,0.43121,0.47763,0.56817,1.30278
-0.42325,-0.22882,0.13689,-0.51293,0.43123,0.47765,0.56815,1.40331
-0.42325,-0.22887,0.13690,-0.51292,0.43125,0.47767,0.56813,1.50383
-0.42325,-0.22895,0.13691,-0.51290,0.43127,0.47769,0.56811,1.60435
-0.42325,-0.22905,0.13692,-0.51289,0.43129,0.47771,0.56810,1.70487
-0.42325,-0.22917,0.13693,-0.51287,0.43131,0.47773,0.56808,1.80540
-0.42325,-0.22931,0.13694,-0.51285,0.43133,0.47775,0.56806,1.90592
-0.42325,-0.22946,0.13695,-0.51284,0.43135,0.47777,0.56804,2.00644
-0.42325,-0.22963,0.13697,-0.51282,0.43137,0.47780,0.56802,2.10697
-0.42325,-0.22982,0.13698,-0.51281,0.43139,0.47782,0.56800,2.20749
-0.42325,-0.23001,0.13699,-0.51279,0.43141,0.47784,0.56798,2.30801
-0.42325,-0.23022,0.13700,-0.51278,0.43143,0.47786,0.56796,2.40854
-0.42325,-0.23044,0.13701,-0.51276,0.43145,0.47788,0.56794,2.50906
-0.42325,-0.23067,0.13702,-0.51275,0.43147,0.47790,0.56792,2.60958
-0.42325,-0.23090,0.13703,-0.51273,0.43149,0.47792,0.56790,2.71010
-0.42325,-0.23114,0.13704,-0.51272,0.43151,0.47794,0.56788,2.81063
-0.42325,-0.23138,0.13705,-0.51270,0.43153,0.47796,0.56787,2.91115
-0.42325,-0.23162,0.13706,-0.51269,0.43155,0.47798,0.56785,3.01167
-0.42325,-0.23186,0.13707,-0.51268,0.43157,0.47800,0.56783,3.11219
-0.42325,-0.23210,0.13708,-0.51266,0.43159,0.47802,0.56781,3.21272
-0.42325,-0.23233,0.13709,-0.51265,0.43161,0.47804,0.56779,3.31324
-0.42325,-0.23256,0.13710,-0.51263,0.43163,0.47806,0.56777,3.41376
-0.42325,-0.23278,0.13711,-0.51262,0.43166,0.47808,0.56775,3.51428
-0.42325,-0.23299,0.13712,-0.51260,0.43168,0.47810,0.56773,3.61480
-0.42325,-0.23319,0.13713,-0.51259,0.43170,0.47812,0.56771,3.71533
-0.42325,-0.23337,0.13714,-0.51257,0.43172,0.47814,0.56769,3.81585
-0.42325,-0.23354,0.13715,-0.51256,0.43174,0.47816,0.56767,3.91637
-0.42325,-0.23369,0.13716,-0.51255,0.43176,0.47818,0.56765,4.01689
-0.42325,-0.23383,0.13717,-0.51253,0.43178,0.47820,0.56763,4.11741
-0.42325,-0.23395,0.13718,-0.51252,0.43180,0.47822,0.56761,4.21794
-0.42325,-0.23405,0.13719,-0.51250,0.43182,0.47824,0.56759,4.31846
-0.42325,-0.23412,0.13720,-0.51249,0.43185,0.47826,0.56757,4.41898
-0.42325,-0.23418,0.13721,-0.51248,0.43187,0.47828,0.56755,4.51950
-0.42325,-0.23421,0.13722,-0.51246,0.43189,0.47830,0.56753,4.62002
-0.42325,-0.23422,0.13723,-0.51245,0.43191,0.47832,0.56751,4.72054
-0.42325,-0.23421,0.13724,-0.51243,0.43193,0.47834,0.56749,4.82106
-0.42325,-0.23417,0.13725,-0.51242,0.43195,0.47835,0.56747,4.92159
-0.42325,-0.23411,0.13726,-0.51241,0.43197,0.47837,0.56745,5.02211
-0.42325,-0.23403,0.13727,-0.51239,0.43200,0.47839,0.56743,5.12263
-0.42325,-0.23391,0.13728,-0.51238,0.43202,0.47841,0.56741,5.22315
-0.42325,-0.23378,0.13729,-0.51237,0.43204,0.47843,0.56738,5.32367
-0.42325,-0.23362,0.13730,-0.51235,0.43206,0.47845,0.56736,5.42419
-0.42325,-0.23343,0.13731,-0.51234,0.43208,0.47847,0.56734,5.52471
-0.42325,-0.23322,0.13732,-0.51233,0.43210,0.47849,0.56732,5.62523
-0.42325,-0.23299,0.13733,-0.51231,0.43213,0.47851,0.56730,5.72575
-0.42325,-0.23274,0.13734,-0.51230,0.43215,0.47853,0.56728,5.82627
-0.42325,-0.23246,0.13735,-0.51229,0.43217,0.47855,0.56726,5.92679
-0.42325,-0.23216,0.13736,-0.51227,0.43219,0.47857,0.56724,6.02731
-0.42325,-0.23185,0.13737,-0.51226,0.43221,0.47858,0.56722,6.12783
-0.42325,-0.23151,0.13738,-0.51225,0.43224,0.47860,0.56720,6.22835
-0.42325,-0.23116,0.13739,-0.51223,0.43226,0.47862,0.56718,6.32887
-0.42325,-0.23080,0.13740,-0.51222,0.43228,0.47864,0.56715,6.42939
-0.42325,-0.23041,0.13742,-0.51221,0.43230,0.47866,0.56713,6.52991
-0.42325,-0.23002,0.13743,-0.51220,0.43233,0.47868,0.56711,6.63043
-0.42325,-0.22961,0.13744,-0.51218,0.43235,0.47870,0.56709,6.73095
-0.42325,-0.22920,0.13745,-0.51217,0.43237,0.47872,0.56707,6.83147
-0.42325,-0.22878,0.13746,-0.51216,0.43239,0.47873,0.56705,6.93198
-0.42325,-0.22835,0.13747,-0.51214,0.43242,0.47875,0.56703,7.03250
-0.42325,-0.22791,0.13748,-0.51213,0.43244,0.47877,0.56701,7.13302
-0.42325,-0.22748,0.13749,-0.51212,0.43246,0.47879,0.56698,7.23354
-0.42325,-0.22704,0.13750,-0.51211,0.43248,0.47881,0.56696,7.33406
-0.42325,-0.22660,0.13751,-0.51210,0.43251,0.47883,0.56694,7.43458
-0.42325,-0.22617,0.13752,-0.51208,0.43253,0.47885,0.56692,7.53509
-0.42325,-0.22574,0.13753,-0.51207,0.43255,0.47886,0.56690,7.63561
-0.42325,-0.22532,0.13754,-0.51206,0.43257,0.47888,0.56688,7.73613
-0.42325,-0.22490,0.13755,-0.51205,0.43260,0.47890,0.56685,7.83665
-0.42325,-0.22450,0.13756,-0.51203,0.43262,0.47892,0.56683,7.93716
-0.42325,-0.22410,0.13757,-0.51202,0.43264,0.47894,0.56681,8.03768
-0.42325,-0.22372,0.13758,-0.51201,0.43267,0.47895,0.56679,8.13820
-0.42325,-0.22335,0.13759,-0.51200,0.43269,0.47897,0.56677,8.23872
-0.42325,-0.22300,0.13760,-0.51199,0.43271,0.47899,0.56674,8.33923
-0.42325,-0.22267,0.13761,-0.51197,0.43273,0.47901,0.56672,8.43975
-0.42325,-0.22235,0.13762,-0.51196,0.43276,0.47903,0.56670,8.54027
-0.42325,-0.22205,0.13763,-0.51195,0.43278,0.47904,0.56668,8.64078
-0.42325,-0.22178,0.13764,-0.51194,0.43280,0.47906,0.56666,8.74130
-0.42325,-0.22152,0.13765,-0.51193,0.43283,0.47908,0.56663,8.84181
-0.42325,-0.22129,0.13766,-0.51192,0.43285,0.47910,0.56661,8.94233
-0.42325,-0.22108,0.13767,-0.51190,0.43287,0.47912,0.56659,9.04285
-0.42325,-0.22090,0.13768,-0.51189,0.43290,0.47913,0.56657,9.14336
-0.42325,-0.22073,0.13769,-0.51188,0.43292,0.47915,0.56654,9.24388
-0.42325,-0.22060,0.13770,-0.51187,0.43294,0.47917,0.56652,9.34439
-0.42325,-0.22048,0.13771,-0.51186,0.43297,0.47919,0.56650,9.44491
-0.42325,-0.22039,0.13772,-0.51185,0.43299,0.47920,0.56648,9.54542
-0.42325,-0.22033,0.13773,-0.51184,0.43302,0.47922,0.56645,9.64594
-0.42325,-0.22029,0.13774,-0.51182,0.43304,0.47924,0.56643,9.74645
-0.42325,-0.22027,0.13775,-0.51181,0.43306,0.47926,0.56641,9.84696
-0.42325,-0.22028,0.13776,-0.51180,0.43309,0.47927,0.56638,9.94748
-0.42325,-0.22031,0.13777,-0.51179,0.43311,0.47929,0.56636,10.04799
-0.42325,-0.22036,0.13778,-0.51178,0.43313,0.47931,0.56634,10.14851
-0.42325,-0.22044,0.13779,-0.51177,0.43316,0.47933,0.56632,10.24902
-0.42325,-0.22053,0.13780,-0.51176,0.43318,0.47934,0.56629,10.34953
-0.42325,-0.22064,0.13781,-0.51175,0.43321,0.47936,0.56627,10.45004
-0.42325,-0.22077,0.13782,-0.51174,0.43323,0.47938,0.56625,10.55056
-0.42325,-0.22092,0.13783,-0.51173,0.43325,0.47939,0.56622,10.65107
-0.42325,-0.22109,0.13784,-0.51172,0.43328,0.47941,0.56620,10.75158
-0.42325,-0.22126,0.13785,-0.51171,0.43330,0.47943,0.56618,10.85209
-0.42325,-0.22145,0.13786,-0.51169,0.43333,0.47944,0.56615,10.95261
-0.42325,-0.22166,0.13787,-0.51168,0.43335,0.47946,0.56613,11.05312
-0.42325,-0.22187,0.13788,-0.51167,0.43337,0.47948,0.56611,11.15363
-0.42325,-0.22209,0.13789,-0.51166,0.43340,0.47950,0.56608,11.25414
-0.42325,-0.22231,0.13790,-0.51165,0.43342,0.47951,0.56606,11.35465
-0.42325,-0.22254,0.13791,-0.51164,0.43345,0.47953,0.56604,11.45516
-0.42325,-0.22278,0.13792,-0.51163,0.43347,0.47955,0.56601,11.55567
-0.42325,-0.22301,0.13793,-0.51162,0.43350,0.47956,0.56599,11.65618
-0.42325,-0.22324,0.13794,-0.51161,0.43352,0.47958,0.56597,11.75670
-0.42325,-0.22347,0.13795,-0.51160,0.43355,0.47960,0.56594,11.85721
-0.42325,-0.22370,0.13796,-0.51159,0.43357,0.47961,0.56592,11.95771
-0.42325,-0.22392,0.13797,-0.51158,0.43360,0.47963,0.56589,12.05822
-0.42325,-0.22413,0.13798,-0.51157,0.43362,0.47964,0.56587,12.15873
-0.42325,-0.22433,0.13799,-0.51156,0.43365,0.47966,0.56585,12.25924
-0.42325,-0.22452,0.13800,-0.51155,0.43367,0.47968,0.56582,12.35975
-0.42325,-0.22470,0.13801,-0.51154,0.43369,0.47969,0.56580,12.46026
-0.42325,-0.22486,0.13802,-0.51153,0.43372,0.47971,0.56577,12.56077
-0.42325,-0.22501,0.13803,-0.51152,0.43374,0.47973,0.56575,12.66128
-0.42325,-0.22515,0.13804,-0.51151,0.43377,0.47974,0.56573,12.76178
-0.42325,-0.22526,0.13805,-0.51150,0.43379,0.47976,0.56570,12.86229
-0.42325,-0.22535,0.13806,-0.51149,0.43382,0.47977,0.56568,12.96280
-0.42325,-0.22543,0.13807,-0.51148,0.43385,0.47979,0.56565,13.06331
-0.42325,-0.22548,0.13808,-0.51148,0.43387,0.47981,0.56563,13.16381
-0.42325,-0.22551,0.13809,-0.51147,0.43390,0.47982,0.56560,13.26432
-0.42325,-0.22552,0.13811,-0.51146,0.43392,0.47984,0.56558,13.36483
-0.42325,-0.22551,0.13812,-0.51145,0.43395,0.47985,0.56555,13.46533
-0.42325,-0.22547,0.13813,-0.51144,0.43397,0.47987,0.56553,13.56584
-0.42325,-0.22541,0.13814,-0.51143,0.43400,0.47989,0.56551,13.66635
-0.42325,-0.22532,0.13815,-0.51142,0.43402,0.47990,0.56548,13.76685
-0.42325,-0.22521,0.13816,-0.51141,0.43405,0.47992,0.56546,13.86736
-0.42325,-0.22508,0.13817,-0.51140,0.43407,0.47993,0.56543,13.96786
-0.42325,-0.22492,0.13818,-0.51139,0.43410,0.47995,0.56541,14.06837
-0.42325,-0.22473,0.13819,-0.51138,0.43412,0.47996,0.56538,14.16887
-0.42325,-0.22453,0.13820,-0.51137,0.43415,0.47998,0.56536,14.26937
-0.42325,-0.22430,0.13821,-0.51137,0.43418,0.48000,0.56533,14.36988
-0.42325,-0.22405,0.13822,-0.51136,0.43420,0.48001,0.56531,14.47038
-0.42325,-0.22378,0.13823,-0.51135,0.43423,0.48003,0.56528,14.57088
-0.42325,-0.22349,0.13824,-0.51134,0.43425,0.48004,0.56526,14.67139
-0.42325,-0.22318,0.13825,-0.51133,0.43428,0.48006,0.56523,14.77189
-0.42325,-0.22285,0.13826,-0.51132,0.43431,0.48007,0.56521,14.87239
-0.42325,-0.22250,0.13827,-0.51131,0.43433,0.48009,0.56518,14.97289
-0.42325,-0.22214,0.13828,-0.51131,0.43436,0.48010,0.56516,15.07340
-0.42325,-0.22177,0.13829,-0.51130,0.43438,0.48012,0.56513,15.17390
-0.42325,-0.22138,0.13830,-0.51129,0.43441,0.48013,0.56510,15.27440
-0.42325,-0.22098,0.13831,-0.51128,0.43444,0.48015,0.56508,15.37490
-0.42325,-0.22058,0.13832,-0.51127,0.43446,0.48016,0.56505,15.47540
-0.42325,-0.22016,0.13833,-0.51126,0.43449,0.48018,0.56503,15.57590
-0.42325,-0.21974,0.13834,-0.51126,0.43451,0.48019,0.56500,15.67640
-0.42325,-0.21931,0.13835,-0.51125,0.43454,0.48021,0.56498,15.77690
-0.42325,-0.21888,0.13836,-0.51124,0.43457,0.48022,0.56495,15.87740
-0.42325,-0.21845,0.13837,-0.51123,0.43459,0.48024,0.56493,15.97790
-0.42325,-0.21802,0.13838,-0.51122,0.43462,0.48025,0.56490,16.07840
-0.42325,-0.21760,0.13839,-0.51122,0.43465,0.48027,0.56487,16.17890
-0.42325,-0.21718,0.13840,-0.51121,0.43467,0.48028,0.56485,16.27940
-0.42325,-0.21676,0.13841,-0.51120,0.43470,0.48030,0.56482,16.37989
-0.42325,-0.21635,0.13842,-0.51119,0.43473,0.48031,0.56480,16.48039
-0.42325,-0.21595,0.13843,-0.51119,0.43475,0.48033,0.56477,16.58089
-0.42325,-0.21557,0.13844,-0.51118,0.43478,0.48034,0.56474,16.68139
-0.42325,-0.21519,0.13845,-0.51117,0.43481,0.48036,0.56472,16.78188
-0.42325,-0.21483,0.13846,-0.51116,0.43483,0.48037,0.56469,16.88238
-0.42325,-0.21448,0.13847,-0.51115,0.43486,0.48038,0.56467,16.98288
-0.42325,-0.21415,0.13848,-0.51115,0.43489,0.48040,0.56464,17.08337
-0.42325,-0.21384,0.13849,-0.51114,0.43491,0.48041,0.56461,17.18387
-0.42325,-0.21355,0.13850,-0.51113,0.43494,0.48043,0.56459,17.28436
-0.42325,-0.21328,0.13851,-0.51113,0.43497,0.48044,0.56456,17.38486
-0.42325,-0.21302,0.13852,-0.51112,0.43500,0.48046,0.56453,17.48535
-0.42325,-0.21279,0.13853,-0.51111,0.43502,0.48047,0.56451,17.58585
-0.42325,-0.21259,0.13854,-0.51110,0.43505,0.48048,0.56448,17.68634
-0.42325,-0.21240,0.13855,-0.51110,0.43508,0.48050,0.56445,17.78683
-0.42325,-0.21224,0.13856,-0.51109,0.43510,0.48051,0.56443,17.88733
-0.42325,-0.21210,0.13857,-0.51108,0.43513,0.48053,0.56440,17.98782
-0.42325,-0.21199,0.13858,-0.51108,0.43516,0.48054,0.56437,18.08831
-0.42325,-0.21190,0.13859,-0.51107,0.43519,0.48055,0.56435,18.18881
-0.42325,-0.21183,0.13860,-0.51106,0.43521,0.48057,0.56432,18.28930
-0.42325,-0.21179,0.13861,-0.51106,0.43524,0.48058,0.56429,18.38979
-0.42325,-0.21177,0.13862,-0.51105,0.43527,0.48060,0.56427,18.49028
-0.42325,-0.21177,0.13863,-0.51104,0.43530,0.48061,0.56424,18.59077
-0.42325,-0.21180,0.13864,-0.51104,0.43532,0.48062,0.56421,18.69126
-0.42325,-0.21185,0.13864,-0.51103,0.43535,0.48064,0.56419,18.79175
-0.42325,-0.21192,0.13865,-0.51102,0.43538,0.48065,0.56416,18.89224
-0.42325,-0.21201,0.13866,-0.51102,0.43541,0.48066,0.56413,18.99273
-0.42325,-0.21211,0.13867,-0.51101,0.43544,0.48068,0.56410,19.09322
-0.42325,-0.21224,0.13868,-0.51100,0.43546,0.48069,0.56408,19.19371
-0.42325,-0.21238,0.13869,-0.51100,0.43549,0.48071,0.56405,19.29420
-0.42325,-0.21254,0.13870,-0.51099,0.43552,0.48072,0.56402,19.39469
-0.42325,-0.21271,0.13871,-0.51098,0.43555,0.48073,0.56400,19.49517
-0.42325,-0.21289,0.13872,-0.51098,0.43558,0.48075,0.56397,19.59566
-0.42325,-0.21309,0.13873,-0.51097,0.43560,0.48076,0.56394,19.69615
-0.42325,-0.21329,0.13874,-0.51097,0.43563,0.48077,0.56391,19.79663
-0.42325,-0.21351,0.13875,-0.51096,0.43566,0.48079,0.56389,19.89712
-0.42325,-0.21372,0.13876,-0.51095,0.43569,0.48080,0.56386,19.99761
-0.42325,-0.21395,0.13877,-0.51095,0.43572,0.48081,0.56383,20.09809
-0.42325,-0.21417,0.13878,-0.51094,0.43574,0.48082,0.56380,20.19858
-0.42325,-0.21440,0.13879,-0.51094,0.43577,0.48084,0.56377,20.29906
-0.42325,-0.21462,0.13880,-0.51093,0.43580,0.48085,0.56375,20.39955
-0.42325,-0.21484,0.13881,-0.51092,0.43583,0.48086,0.56372,20.50003
-0.42325,-0.21506,0.13882,-0.51092,0.43586,0.48088,0.56369,20.60051
-0.42325,-0.21528,0.13883,-0.51091,0.43589,0.48089,0.56366,20.70100
-0.42325,-0.21548,0.13884,-0.51091,0.43591,0.48090,0.56363,20.80148
-0.42325,-0.21568,0.13885,-0.51090,0.43594,0.48092,0.56361,20.90196
-0.42325,-0.21586,0.13886,-0.51090,0.43597,0.48093,0.56358,21.00245
-0.42325,-0.21603,0.13887,-0.51089,0.43600,0.48094,0.56355,21.10293
-0.42325,-0.21619,0.13888,-0.51089,0.43603,0.48095,0.56352,21.20341
-0.42325,-0.21634,0.13889,-0.51088,0.43606,0.48097,0.56349,21.30389
-0.42325,-0.21646,0.13890,-0.51088,0.43609,0.48098,0.56347,21.40437
-0.42325,-0.21657,0.13891,-0.51087,0.43612,0.48099,0.56344,21.50485
-0.42325,-0.21666,0.13892,-0.51086,0.43614,0.48100,0.56341,21.60533
-0.42325,-0.21673,0.13893,-0.51086,0.43617,0.48102,0.56338,21.70581
-0.42325,-0.21678,0.13894,-0.51085,0.43620,0.48103,0.56335,21.80629
-0.42325,-0.21681,0.13895,-0.51085,0.43623,0.48104,0.56332,21.90677
-0.42325,-0.21682,0.13896,-0.51084,0.43626,0.48105,0.56330,22.00725
-0.42325,-0.21680,0.13897,-0.51084,0.43629,0.48107,0.56327,22.10772
-0.42325,-0.21677,0.13898,-0.51083,0.43632,0.48108,0.56324,22.20820
-0.42325,-0.21670,0.13899,-0.51083,0.43635,0.48109,0.56321,22.30868
-0.42325,-0.21662,0.13900,-0.51083,0.43638,0.48110,0.56318,22.40915
-0.42325,-0.21651,0.13901,-0.51082,0.43641,0.48111,0.56315,22.50963
-0.42325,-0.21638,0.13902,-0.51082,0.43644,0.48113,0.56312,22.61011
-0.42325,-0.21622,0.13903,-0.51081,0.43647,0.48114,0.56309,22.71058
-0.42325,-0.21604,0.13904,-0.51081,0.43650,0.48115,0.56307,22.81106
-0.42325,-0.21584,0.13905,-0.51080,0.43652,0.48116,0.56304,22.91153
-0.42325,-0.21561,0.13906,-0.51080,0.43655,0.48118,0.56301,23.01201
-0.42325,-0.21537,0.13907,-0.51079,0.43658,0.48119,0.56298,23.11248
-0.42325,-0.21510,0.13908,-0.51079,0.43661,0.48120,0.56295,23.21295
-0.42325,-0.21481,0.13909,-0.51078,0.43664,0.48121,0.56292,23.31343
-0.42325,-0.21451,0.13910,-0.51078,0.43667,0.48122,0.56289,23.41390
-0.42325,-0.21419,0.13911,-0.51078,0.43670,0.48123,0.56286,23.51437
-0.42325,-0.21385,0.13912,-0.51077,0.43673,0.48125,0.56283,23.61484
-0.42325,-0.21349,0.13913,-0.51077,0.43676,0.48126,0.56280,23.71531
-0.42325,-0.21312,0.13914,-0.51076,0.43679,0.48127,0.56277,23.81578
-0.42325,-0.21274,0.13915,-0.51076,0.43682,0.48128,0.56274,23.91625
-0.42325,-0.21235,0.13916,-0.51076,0.43685,0.48129,0.56271,24.01672
-0.42325,-0.21195,0.13916,-0.51075,0.43688,0.48130,0.56268,24.11719
-0.42325,-0.21154,0.13917,-0.51075,0.43691,0.48132,0.56266,24.21766
-0.42325,-0.21113,0.13918,-0.51074,0.43694,0.48133,0.56263,24.31813
-0.42325,-0.21071,0.13919,-0.51074,0.43697,0.48134,0.56260,24.41860
-0.42325,-0.21029,0.13920,-0.51074,0.43700,0.48135,0.56257,24.51907
-0.42325,-0.20987,0.13921,-0.51073,0.43703,0.48136,0.56254,24.61953
-0.42325,-0.20945,0.13922,-0.51073,0.43706,0.48137,0.56251,24.72000
-0.42325,-0.20903,0.13923,-0.51073,0.43709,0.48138,0.56248,24.82047
-0.42325,-0.20861,0.13924,-0.51072,0.43712,0.48139,0.56245,24.92093
-0.42325,-0.20820,0.13925,-0.51072,0.43715,0.48141,0.56242,25.02140
-0.42325,-0.20780,0.13926,-0.51071,0.43718,0.48142,0.56239,25.12186
-0.42325,-0.20741,0.13927,-0.51071,0.43721,0.48143,0.56236,25.22233
-0.42325,-0.20703,0.13928,-0.51071,0.43724,0.48144,0.56233,25.32279
-0.42325,-0.20666,0.13929,-0.51070,0.43728,0.48145,0.56230,25.42326
-0.42325,-0.20630,0.13930,-0.51070,0.43731,0.48146,0.56227,25.52372
-0.42325,-0.20596,0.13931,-0.51070,0.43734,0.48147,0.56224,25.62418
-0.42325,-0.20564,0.13932,-0.51069,0.43737,0.48148,0.56221,25.72464
-0.42325,-0.20533,0.13933,-0.51069,0.43740,0.48149,0.56218,25.82511
-0.42325,-0.20504,0.13934,-0.51069,0.43743,0.48150,0.56215,25.92557
-0.42325,-0.20477,0.13935,-0.51069,0.43746,0.48151,0.56211,26.02603
-0.42325,-0.20452,0.13936,-0.51068,0.43749,0.48153,0.56208,26.12649
-0.42325,-0.20429,0.13937,-0.51068,0.43752,0.48154,0.56205,26.22695
-0.42325,-0.20409,0.13938,-0.51068,0.43755,0.48155,0.56202,26.32741
-0.42325,-0.20390,0.13939,-0.51067,0.43758,0.48156,0.56199,26.42787
-0.42325,-0.20374,0.13940,-0.51067,0.43761,0.48157,0.56196,26.52833
-0.42325,-0.20361,0.13941,-0.51067,0.43765,0.48158,0.56193,26.62878
-0.42325,-0.20349,0.13942,-0.51067,0.43768,0.48159,0.56190,26.72924
-0.42325,-0.20340,0.13943,-0.51066,0.43771,0.48160,0.56187,26.82970
-0.42325,-0.20333,0.13943,-0.51066,0.43774,0.48161,0.56184,26.93016
-0.42325,-0.20329,0.13944,-0.51066,0.43777,0.48162,0.56181,27.03061
-0.42325,-0.20327,0.13945,-0.51066,0.43780,0.48163,0.56178,27.13107
-0.42325,-0.20327,0.13946,-0.51065,0.43783,0.48164,0.56175,27.23152
-0.42325,-0.20329,0.13947,-0.51065,0.43786,0.48165,0.56172,27.33198
-0.42325,-0.20333,0.13948,-0.51065,0.43790,0.48166,0.56168,27.43243
-0.42325,-0.20340,0.13949,-0.51065,0.43793,0.48167,0.56165,27.53289
-0.42325,-0.20348,0.13950,-0.51064,0.43796,0.48168,0.56162,27.63334
-0.42325,-0.20358,0.13951,-0.51064,0.43799,0.48169,0.56159,27.73379
-0.42325,-0.20370,0.13952,-0.51064,0.43802,0.48170,0.56156,27.83424
-0.42325,-0.20384,0.13953,-0.51064,0.43805,0.48171,0.56153,27.93470
-0.42325,-0.20399,0.13954,-0.51063,0.43809,0.48172,0.56150,28.03515
-0.42325,-0.20416,0.13955,-0.51063,0.43812,0.48173,0.56147,28.13560
-0.42325,-0.20433,0.13956,-0.51063,0.43815,0.48174,0.56143,28.23605
-0.42325,-0.20452,0.13957,-0.51063,0.43818,0.48175,0.56140,28.33650
-0.42325,-0.20472,0.13958,-0.51063,0.43821,0.48176,0.56137,28.43695
-0.42325,-0.20492,0.13959,-0.51063,0.43824,0.48177,0.56134,28.53740
-0.42325,-0.20513,0.13960,-0.51062,0.43828,0.48178,0.56131,28.63784
-0.42325,-0.20535,0.13961,-0.51062,0.43831,0.48179,0.56128,28.73829
-0.42325,-0.20557,0.13962,-0.51062,0.43834,0.48180,0.56124,28.83874
-0.42325,-0.20578,0.13962,-0.51062,0.43837,0.48181,0.56121,28.93919
-0.42325,-0.20600,0.13963,-0.51062,0.43840,0.48182,0.56118,29.03963
-0.42325,-0.20622,0.13964,-0.51062,0.43844,0.48183,0.56115,29.14008
-0.42325,-0.20643,0.13965,-0.51061,0.43847,0.48184,0.56112,29.24052
-0.42325,-0.20663,0.13966,-0.51061,0.43850,0.48185,0.56109,29.34097
-0.42325,-0.20683,0.13967,-0.51061,0.43853,0.48186,0.56105,29.44141
-0.42325,-0.20702,0.13968,-0.51061,0.43857,0.48186,0.56102,29.54186
-0.42325,-0.20720,0.13969,-0.51061,0.43860,0.48187,0.56099,29.64230
-0.42325,-0.20737,0.13970,-0.51061,0.43863,0.48188,0.56096,29.74274
-0.42325,-0.20752,0.13971,-0.51061,0.43866,0.48189,0.56093,29.84319
-0.42325,-0.20766,0.13972,-0.51060,0.43869,0.48190,0.56089,29.94363
-0.42325,-0.20778,0.13973,-0.51060,0.43873,0.48191,0.56086,30.04407
-0.42325,-0.20789,0.13974,-0.51060,0.43876,0.48192,0.56083,30.14451
-0.42325,-0.20797,0.13975,-0.51060,0.43879,0.48193,0.56080,30.24495
-0.42325,-0.20804,0.13976,-0.51060,0.43883,0.48194,0.56076,30.34539
-0.42325,-0.20809,0.13977,-0.51060,0.43886,0.48195,0.56073,30.44583
-0.42325,-0.20812,0.13978,-0.51060,0.43889,0.48196,0.56070,30.54627
-0.42325,-0.20812,0.13978,-0.51060,0.43892,0.48196,0.56067,30.64671
-0.42325,-0.20811,0.13979,-0.51060,0.43896,0.48197,0.56063,30.74714
-0.42325,-0.20807,0.13980,-0.51060,0.43899,0.48198,0.56060,30.84758
-0.42325,-0.20800,0.13981,-0.51060,0.43902,0.48199,0.56057,30.94802
-0.42325,-0.20792,0.13982,-0.51059,0.43905,0.48200,0.56054,31.04845
-0.42325,-0.20781,0.13983,-0.51059,0.43909,0.48201,0.56050,31.14889
-0.42325,-0.20768,0.13984,-0.51059,0.43912,0.48202,0.56047,31.24932
-0.42325,-0.20752,0.13985,-0.51059,0.43915,0.48202,0.56044,31.34976
-0.42325,-0.20735,0.13986,-0.51059,0.43919,0.48203,0.56040,31.45019
-0.42325,-0.20715,0.13987,-0.51059,0.43922,0.48204,0.56037,31.55062
-0.42325,-0.20693,0.13988,-0.51059,0.43925,0.48205,0.56034,31.65106
-0.42325,-0.20668,0.13989,-0.51059,0.43929,0.48206,0.56031,31.75149
-0.42325,-0.20642,0.13990,-0.51059,0.43932,0.48207,0.56027,31.85192
-0.42325,-0.20614,0.13991,-0.51059,0.43935,0.48208,0.56024,31.95235
-0.42325,-0.20584,0.13992,-0.51059,0.43939,0.48208,0.56021,32.05278
-0.42325,-0.20552,0.13992,-0.51059,0.43942,0.48209,0.56017,32.15321
-0.42325,-0.20519,0.13993,-0.51059,0.43945,0.48210,0.56014,32.25364
-0.42325,-0.20484,0.13994,-0.51059,0.43949,0.48211,0.56011,32.35407
-0.42325,-0.20448,0.13995,-0.51059,0.43952,0.48212,0.56007,32.45450
-0.42325,-0.20411,0.13996,-0.51059,0.43955,0.48212,0.56004,32.55493
-0.42325,-0.20372,0.13997,-0.51059,0.43959,0.48213,0.56001,32.65536
-0.42325,-0.20333,0.13998,-0.51059,0.43962,0.48214,0.55997,32.75578
-0.42325,-0.20293,0.13999,-0.51059,0.43966,0.48215,0.55994,32.85621
-0.42325,-0.20252,0.14000,-0.51059,0.43969,0.48216,0.55991,32.95663
-0.42325,-0.20211,0.14001,-0.51059,0.43972,0.48216,0.55987,33.05706
-0.42325,-0.20170,0.14002,-0.51059,0.43976,0.48217,0.55984,33.15748
-0.42325,-0.20128,0.14003,-0.51059,0.43979,0.48218,0.55981,33.25791
-0.42325,-0.20087,0.14004,-0.51059,0.43982,0.48219,0.55977,33.35833
-0.42325,-0.20046,0.14004,-0.51059,0.43986,0.48220,0.55974,33.45875
-0.42325,-0.20005,0.14005,-0.51059,0.43989,0.48220,0.55970,33.55918
-0.42325,-0.19965,0.14006,-0.51059,0.43993,0.48221,0.55967,33.65960
-0.42325,-0.19925,0.14007,-0.51059,0.43996,0.48222,0.55964,33.76002
-0.42325,-0.19886,0.14008,-0.51059,0.43999,0.48223,0.55960,33.86044
-0.42325,-0.19849,0.14009,-0.51060,0.44003,0.48223,0.55957,33.96086
-0.42325,-0.19812,0.14010,-0.51060,0.44006,0.48224,0.55954,34.06128
-0.42325,-0.19777,0.14011,-0.51060,0.44010,0.48225,0.55950,34.16170
-0.42325,-0.19744,0.14012,-0.51060,0.44013,0.48226,0.55947,34.26212
-0.42325,-0.19712,0.14013,-0.51060,0.44017,0.48226,0.55943,34.36253
-0.42325,-0.19681,0.14014,-0.51060,0.44020,0.48227,0.55940,34.46295
-0.42325,-0.19653,0.14015,-0.51060,0.44023,0.48228,0.55936,34.56337
-0.42325,-0.19626,0.14015,-0.51060,0.44027,0.48229,0.55933,34.66378
-0.42325,-0.19602,0.14016,-0.51060,0.44030,0.48229,0.55930,34.76420
-0.42325,-0.19579,0.14017,-0.51060,0.44034,0.48230,0.55926,34.86461
-0.42325,-0.19559,0.14018,-0.51060,0.44037,0.48231,0.55923,34.96503
-0.42325,-0.19540,0.14019,-0.51061,0.44041,0.48231,0.55919,35.06544
-0.42325,-0.19524,0.14020,-0.51061,0.44044,0.48232,0.55916,35.16585
-0.42325,-0.19511,0.14021,-0.51061,0.44048,0.48233,0.55912,35.26627
-0.42325,-0.19499,0.14022,-0.51061,0.44051,0.48234,0.55909,35.36668
-0.42325,-0.19490,0.14023,-0.51061,0.44055,0.48234,0.55905,35.46709
-0.42325,-0.19483,0.14024,-0.51061,0.44058,0.48235,0.55902,35.56750
-0.42325,-0.19478,0.14025,-0.51061,0.44062,0.48236,0.55899,35.66791
-0.42325,-0.19476,0.14025,-0.51062,0.44065,0.48236,0.55895,35.76832
-0.42325,-0.19476,0.14026,-0.51062,0.44069,0.48237,0.55892,35.86873
-0.42325,-0.19478,0.14027,-0.51062,0.44072,0.48238,0.55888,35.96914
-0.42325,-0.19482,0.14028,-0.51062,0.44076,0.48238,0.55885,36.06955
-0.42325,-0.19488,0.14029,-0.51062,0.44079,0.48239,0.55881,36.16995
-0.42325,-0.19496,0.14030,-0.51062,0.44083,0.48240,0.55878,36.27036
-0.42325,-0.19505,0.14031,-0.51062,0.44086,0.48240,0.55874,36.37077
-0.42325,-0.19517,0.14032,-0.51063,0.44090,0.48241,0.55871,36.47117
-0.42325,-0.19530,0.14033,-0.51063,0.44093,0.48242,0.55867,36.57158
-0.42325,-0.19544,0.14034,-0.51063,0.44097,0.48242,0.55864,36.67198
-0.42325,-0.19560,0.14035,-0.51063,0.44100,0.48243,0.55860,36.77238
-0.42325,-0.19577,0.14035,-0.51063,0.44104,0.48244,0.55857,36.87279
-0.42325,-0.19595,0.14036,-0.51064,0.44107,0.48244,0.55853,36.97319
-0.42325,-0.19614,0.14037,-0.51064,0.44111,0.48245,0.55850,37.07359
-0.42325,-0.19634,0.14038,-0.51064,0.44114,0.48245,0.55846,37.17399
-0.42325,-0.19654,0.14039,-0.51064,0.44118,0.48246,0.55842,37.27439
-0.42325,-0.19675,0.14040,-0.51064,0.44121,0.48247,0.55839,37.37479
-0.42325,-0.19696,0.14041,-0.51065,0.44125,0.48247,0.55835,37.47519
-0.42325,-0.19717,0.14042,-0.51065,0.44129,0.48248,0.55832,37.57559
-0.42325,-0.19738,0.14043,-0.51065,0.44132,0.48248,0.55828,37.67599
-0.42325,-0.19759,0.14043,-0.51065,0.44136,0.48249,0.55825,37.77639
-0.42325,-0.19780,0.14044,-0.51066,0.44139,0.48250,0.55821,37.87678
-0.42325,-0.19800,0.14045,-0.51066,0.44143,0.48250,0.55818,37.97718
-0.42325,-0.19819,0.14046,-0.51066,0.44146,0.48251,0.55814,38.07758
-0.42325,-0.19837,0.14047,-0.51066,0.44150,0.48251,0.55810,38.17797
-0.42325,-0.19854,0.14048,-0.51067,0.44154,0.48252,0.55807,38.27837
-0.42325,-0.19870,0.14049,-0.51067,0.44157,0.48253,0.55803,38.37876
-0.42325,-0.19885,0.14050,-0.51067,0.44161,0.48253,0.55800,38.47915
-0.42325,-0.19899,0.14051,-0.51067,0.44164,0.48254,0.55796,38.57955
-0.42325,-0.19910,0.14051,-0.51068,0.44168,0.48254,0.55792,38.67994
-0.42325,-0.19920,0.14052,-0.51068,0.44172,0.48255,0.55789,38.78033
-0.42325,-0.19929,0.14053,-0.51068,0.44175,0.48255,0.55785,38.88072
-0.42325,-0.19935,0.14054,-0.51069,0.44179,0.48256,0.55782,38.98111
-0.42325,-0.19940,0.14055,-0.51069,0.44182,0.48257,0.55778,39.08150
-0.42325,-0.19942,0.14056,-0.51069,0.44186,0.48257,0.55774,39.18189
-0.42325,-0.19943,0.14057,-0.51069,0.44190,0.48258,0.55771,39.28228
-0.42325,-0.19941,0.14058,-0.51070,0.44193,0.48258,0.55767,39.38267
-0.42325,-0.19937,0.14059,-0.51070,0.44197,0.48259,0.55764,39.48305
-0.42325,-0.19930,0.14059,-0.51070,0.44201,0.48259,0.55760,39.58344
-0.42325,-0.19922,0.14060,-0.51071,0.44204,0.48260,0.55756,39.68382
-0.42325,-0.19911,0.14061,-0.51071,0.44208,0.48260,0.55753,39.78421
-0.42325,-0.19898,0.14062,-0.51071,0.44212,0.48261,0.55749,39.88459
-0.42325,-0.19883,0.14063,-0.51072,0.44215,0.48261,0.55745,39.98498
-0.42325,-0.19865,0.14064,-0.51072,0.44219,0.48262,0.55742,40.08536
-0.42325,-0.19846,0.14065,-0.51072,0.44223,0.48262,0.55738,40.18574
-0.42325,-0.19824,0.14066,-0.51073,0.44226,0.48263,0.55734,40.28613
-0.42325,-0.19800,0.14066,-0.51073,0.44230,0.48263,0.55731,40.38651
-0.42325,-0.19775,0.14067,-0.51073,0.44234,0.48264,0.55727,40.48689
-0.42325,-0.19747,0.14068,-0.51074,0.44237,0.48264,0.55723,40.58727
-0.42325,-0.19717,0.14069,-0.51074,0.44241,0.48265,0.55720,40.68765
-0.42325,-0.19686,0.14070,-0.51074,0.44245,0.48265,0.55716,40.78803
-0.42325,-0.19653,0.14071,-0.51075,0.44248,0.48266,0.55712,40.88841
-0.42325,-0.19619,0.14072,-0.51075,0.44252,0.48266,0.55709,40.98878
-0.42325,-0.19584,0.14073,-0.51076,0.44256,0.48267,0.55705,41.08916
-0.42325,-0.19547,0.14073,-0.51076,0.44259,0.48267,0.55701,41.18954
-0.42325,-0.19509,0.14074,-0.51076,0.44263,0.48268,0.55697,41.28991
-0.42325,-0.19471,0.14075,-0.51077,0.44267,0.48268,0.55694,41.39029
-0.42325,-0.19431,0.14076,-0.51077,0.44271,0.48269,0.55690,41.49066
-0.42325,-0.19391,0.14077,-0.51078,0.44274,0.48269,0.55686,41.59103
-0.42325,-0.19351,0.14078,-0.51078,0.44278,0.48270,0.55683,41.69141
-0.42325,-0.19310,0.14079,-0.51078,0.44282,0.48270,0.55679,41.79178
-0.42325,-0.19269,0.14079,-0.51079,0.44285,0.48270,0.55675,41.89215
-0.42325,-0.19229,0.14080,-0.51079,0.44289,0.48271,0.55671,41.99252
-0.42325,-0.19188,0.14081,-0.51080,0.44293,0.48271,0.55668,42.09289
-0.42325,-0.19148,0.14082,-0.51080,0.44297,0.48272,0.55664,42.19326
-0.42325,-0.19109,0.14083,-0.51080,0.44300,0.48272,0.55660,42.29363
-0.42325,-0.19070,0.14084,-0.51081,0.44304,0.48273,0.55656,42.39400
-0.42325,-0.19032,0.14085,-0.51081,0.44308,0.48273,0.55653,42.49437
-0.42325,-0.18995,0.14085,-0.51082,0.44312,0.48273,0.55649,42.59474
-0.42325,-0.18959,0.14086,-0.51082,0.44315,0.48274,0.55645,42.69510
-0.42325,-0.18924,0.14087,-0.51083,0.44319,0.48274,0.55641,42.79547
-0.42325,-0.18891,0.14088,-0.51083,0.44323,0.48275,0.55638,42.89583
-0.42325,-0.18860,0.14089,-0.51084,0.44327,0.48275,0.55634,42.99620
-0.42325,-0.18830,0.14090,-0.51084,0.44331,0.48276,0.55630,43.09656
-0.42325,-0.18802,0.14091,-0.51085,0.44334,0.48276,0.55626,43.19693
-0.42325,-0.18775,0.14091,-0.51085,0.44338,0.48276,0.55622,43.29729
-0.42325,-0.18751,0.14092,-0.51085,0.44342,0.48277,0.55619,43.39765
-0.42325,-0.18729,0.14093,-0.51086,0.44346,0.48277,0.55615,43.49801
-0.42325,-0.18708,0.14094,-0.51086,0.44350,0.48277,0.55611,43.59837
-0.42325,-0.18690,0.14095,-0.51087,0.44353,0.48278,0.55607,43.69873
-0.42325,-0.18674,0.14096,-0.51087,0.44357,0.48278,0.55603,43.79909
-0.42325,-0.18661,0.14097,-0.51088,0.44361,0.48279,0.55600,43.89945
-0.42325,-0.18649,0.14097,-0.51088,0.44365,0.48279,0.55596,43.99981
-0.42325,-0.18640,0.14098,-0.51089,0.44369,0.48279,0.55592,44.10017
-0.42325,-0.18633,0.14099,-0.51089,0.44372,0.48280,0.55588,44.20052
-0.42325,-0.18628,0.14100,-0.51090,0.44376,0.48280,0.55584,44.30088
-0.42325,-0.18625,0.14101,-0.51090,0.44380,0.48280,0.55580,44.40123
-0.42325,-0.18625,0.14102,-0.51091,0.44384,0.48281,0.55577,44.50159
-0.42325,-0.18626,0.14102,-0.51091,0.44388,0.48281,0.55573,44.60194
-0.42325,-0.18630,0.14103,-0.51092,0.44392,0.48281,0.55569,44.70229
-0.42325,-0.18635,0.14104,-0.51093,0.44395,0.48282,0.55565,44.80265
-0.42325,-0.18643,0.14105,-0.51093,0.44399,0.48282,0.55561,44.90300
-0.42325,-0.18652,0.14106,-0.51094,0.44403,0.48282,0.55557,45.00335
-0.42325,-0.18663,0.14107,-0.51094,0.44407,0.48283,0.55553,45.10370
-0.42325,-0.18675,0.14108,-0.51095,0.44411,0.48283,0.55550,45.20405
-0.42325,-0.18689,0.14108,-0.51095,0.44415,0.48283,0.55546,45.30440
-0.42325,-0.18705,0.14109,-0.51096,0.44419,0.48284,0.55542,45.40475
-0.42325,-0.18721,0.14110,-0.51096,0.44422,0.48284,0.55538,45.50510
-0.42325,-0.18738,0.14111,-0.51097,0.44426,0.48284,0.55534,45.60544
-0.42325,-0.18757,0.14112,-0.51097,0.44430,0.48285,0.55530,45.70579
-0.42325,-0.18776,0.14113,-0.51098,0.44434,0.48285,0.55526,45.80614
-0.42325,-0.18795,0.14113,-0.51099,0.44438,0.48285,0.55522,45.90648
-0.42325,-0.18815,0.14114,-0.51099,0.44442,0.48285,0.55519,46.00683
-0.42325,-0.18836,0.14115,-0.51100,0.44446,0.48286,0.55515,46.10717
-0.42325,-0.18856,0.14116,-0.51100,0.44450,0.48286,0.55511,46.20751
-0.42325,-0.18877,0.14117,-0.51101,0.44454,0.48286,0.55507,46.30786
-0.42325,-0.18897,0.14117,-0.51102,0.44457,0.48287,0.55503,46.40820
-0.42325,-0.18916,0.14118,-0.51102,0.44461,0.48287,0.55499,46.50854
-0.42325,-0.18936,0.14119,-0.51103,0.44465,0.48287,0.55495,46.60888
-0.42325,-0.18954,0.14120,-0.51103,0.44469,0.48287,0.55491,46.70922
-0.42325,-0.18972,0.14121,-0.51104,0.44473,0.48288,0.55487,46.80956
-0.42325,-0.18989,0.14122,-0.51105,0.44477,0.48288,0.55483,46.90990
-0.42325,-0.19004,0.14122,-0.51105,0.44481,0.48288,0.55479,47.01023
-0.42325,-0.19018,0.14123,-0.51106,0.44485,0.48288,0.55475,47.11057
-0.42325,-0.19031,0.14124,-0.51106,0.44489,0.48289,0.55471,47.21091
-0.42325,-0.19043,0.14125,-0.51107,0.44493,0.48289,0.55467,47.31124
-0.42325,-0.19052,0.14126,-0.51108,0.44497,0.48289,0.55464,47.41158
-0.42325,-0.19060,0.14127,-0.51108,0.44501,0.48289,0.55460,47.51191
-0.42325,-0.19067,0.14127,-0.51109,0.44505,0.48290,0.55456,47.61225
-0.42325,-0.19071,0.14128,-0.51110,0.44509,0.48290,0.55452,47.71258
-0.42325,-0.19073,0.14129,-0.51110,0.44513,0.48290,0.55448,47.81291
-0.42325,-0.19073,0.14130,-0.51111,0.44517,0.48290,0.55444,47.91324
-0.42325,-0.19071,0.14131,-0.51112,0.44520,0.48290,0.55440,48.01357
-0.42325,-0.19067,0.14131,-0.51112,0.44524,0.48291,0.55436,48.11390
-0.42325,-0.19061,0.14132,-0.51113,0.44528,0.48291,0.55432,48.21423
-0.42325,-0.19052,0.14133,-0.51114,0.44532,0.48291,0.55428,48.31456
-0.42325,-0.19042,0.14134,-0.51114,0.44536,0.48291,0.55424,48.41489
-0.42325,-0.19029,0.14135,-0.51115,0.44540,0.48291,0.55420,48.51522
-0.42325,-0.19014,0.14135,-0.51116,0.44544,0.48292,0.55416,48.61555
-0.42325,-0.18997,0.14136,-0.51116,0.44548,0.48292,0.55412,48.71587
-0.42325,-0.18977,0.14137,-0.51117,0.44552,0.48292,0.55408,48.81620
-0.42325,-0.18956,0.14138,-0.51118,0.44556,0.48292,0.55404,48.91652
-0.42325,-0.18932,0.14139,-0.51118,0.44560,0.48292,0.55400,49.01685
-0.42325,-0.18907,0.14140,-0.51119,0.44564,0.48293,0.55396,49.11717
-0.42325,-0.18880,0.14140,-0.51120,0.44568,0.48293,0.55392,49.21749
-0.42325,-0.18851,0.14141,-0.51121,0.44572,0.48293,0.55388,49.31781
-0.42325,-0.18820,0.14142,-0.51121,0.44576,0.48293,0.55384,49.41813
-0.42325,-0.18788,0.14143,-0.51122,0.44580,0.48293,0.55380,49.51845
-0.42325,-0.18754,0.14144,-0.51123,0.44584,0.48293,0.55376,49.61877
-0.42325,-0.18720,0.14144,-0.51123,0.44588,0.48293,0.55371,49.71909
-0.42325,-0.18683,0.14145,-0.51124,0.44593,0.48294,0.55367,49.81941
-0.42325,-0.18646,0.14146,-0.51125,0.44597,0.48294,0.55363,49.91973
-0.42325,-0.18608,0.14147,-0.51126,0.44601,0.48294,0.55359,50.02005
-0.42325,-0.18570,0.14148,-0.51126,0.44605,0.48294,0.55355,50.12036
-0.42325,-0.18530,0.14148,-0.51127,0.44609,0.48294,0.55351,50.22068
-0.42325,-0.18491,0.14149,-0.51128,0.44613,0.48294,0.55347,50.32099
-0.42325,-0.18451,0.14150,-0.51129,0.44617,0.48294,0.55343,50.42131
-0.42325,-0.18411,0.14151,-0.51129,0.44621,0.48295,0.55339,50.52162
-0.42325,-0.18371,0.14151,-0.51130,0.44625,0.48295,0.55335,50.62193
-0.42325,-0.18331,0.14152,-0.51131,0.44629,0.48295,0.55331,50.72225
-0.42325,-0.18291,0.14153,-0.51132,0.44633,0.48295,0.55327,50.82256
-0.42325,-0.18253,0.14154,-0.51132,0.44637,0.48295,0.55323,50.92287
-0.42325,-0.18214,0.14155,-0.51133,0.44641,0.48295,0.55319,51.02318
-0.42325,-0.18177,0.14155,-0.51134,0.44645,0.48295,0.55314,51.12349
-0.42325,-0.18141,0.14156,-0.51135,0.44649,0.48295,0.55310,51.22380
-0.42325,-0.18105,0.14157,-0.51136,0.44653,0.48295,0.55306,51.32410
-0.42325,-0.18071,0.14158,-0.51136,0.44658,0.48296,0.55302,51.42441
-0.42325,-0.18039,0.14159,-0.51137,0.44662,0.48296,0.55298,51.52472
-0.42325,-0.18007,0.14159,-0.51138,0.44666,0.48296,0.55294,51.62502
-0.42325,-0.17978,0.14160,-0.51139,0.44670,0.48296,0.55290,51.72533
-0.42325,-0.17950,0.14161,-0.51140,0.44674,0.48296,0.55286,51.82563
-0.42325,-0.17924,0.14162,-0.51140,0.44678,0.48296,0.55282,51.92594
-0.42325,-0.17900,0.14162,-0.51141,0.44682,0.48296,0.55277,52.02624
-0.42325,-0.17878,0.14163,-0.51142,0.44686,0.48296,0.55273,52.12654
-0.42325,-0.17858,0.14164,-0.51143,0.44690,0.48296,0.55269,52.22684
-0.42325,-0.17840,0.14165,-0.51144,0.44694,0.48296,0.55265,52.32714
-0.42325,-0.17824,0.14166,-0.51144,0.44699,0.48296,0.55261,52.42744
-0.42325,-0.17810,0.14166,-0.51145,0.44703,0.48296,0.55257,52.52774
-0.42325,-0.17799,0.14167,-0.51146,0.44707,0.48296,0.55253,52.62804
-0.42325,-0.17789,0.14168,-0.51147,0.44711,0.48296,0.55248,52.72834
-0.42325,-0.17782,0.14169,-0.51148,0.44715,0.48296,0.55244,52.82864
-0.42325,-0.17777,0.14169,-0.51149,0.44719,0.48296,0.55240,52.92893
-0.42325,-0.17774,0.14170,-0.51149,0.44723,0.48296,0.55236,53.02923
-0.42325,-0.17773,0.14171,-0.51150,0.44728,0.48296,0.55232,53.12953
-0.42325,-0.17775,0.14172,-0.51151,0.44732,0.48297,0.55228,53.22982
-0.42325,-0.17778,0.14173,-0.51152,0.44736,0.48297,0.55223,53.33011
-0.42325,-0.17783,0.14173,-0.51153,0.44740,0.48297,0.55219,53.43041
-0.42325,-0.17790,0.14174,-0.51154,0.44744,0.48297,0.55215,53.53070
-0.42325,-0.17799,0.14175,-0.51155,0.44748,0.48297,0.55211,53.63099
-0.42325,-0.17809,0.14176,-0.51155,0.44753,0.48297,0.55207,53.73128
-0.42325,-0.17821,0.14176,-0.51156,0.44757,0.48297,0.55202,53.83157
-0.42325,-0.17834,0.14177,-0.51157,0.44761,0.48297,0.55198,53.93186
-0.42325,-0.17849,0.14178,-0.51158,0.44765,0.48297,0.55194,54.03215
-0.42325,-0.17865,0.14179,-0.51159,0.44769,0.48297,0.55190,54.13244
-0.42325,-0.17881,0.14179,-0.51160,0.44773,0.48297,0.55186,54.23273
-0.42325,-0.17899,0.14180,-0.51161,0.44778,0.48297,0.55181,54.33301
-0.42325,-0.17917,0.14181,-0.51162,0.44782,0.48297,0.55177,54.43330
-0.42325,-0.17936,0.14182,-0.51163,0.44786,0.48297,0.55173,54.53358
-0.42325,-0.17956,0.14182,-0.51163,0.44790,0.48296,0.55169,54.63387
-0.42325,-0.17975,0.14183,-0.51164,0.44794,0.48296,0.55164,54.73415
-0.42325,-0.17995,0.14184,-0.51165,0.44799,0.48296,0.55160,54.83443
-0.42325,-0.18015,0.14185,-0.51166,0.44803,0.48296,0.55156,54.93472
-0.42325,-0.18034,0.14185,-0.51167,0.44807,0.48296,0.55152,55.03500
-0.42325,-0.18053,0.14186,-0.51168,0.44811,0.48296,0.55147,55.13528
-0.42325,-0.18072,0.14187,-0.51169,0.44816,0.48296,0.55143,55.23556
-0.42325,-0.18090,0.14188,-0.51170,0.44820,0.48296,0.55139,55.33584
-0.42325,-0.18107,0.14188,-0.51171,0.44824,0.48296,0.55135,55.43612
-0.42325,-0.18123,0.14189,-0.51172,0.44828,0.48296,0.55130,55.53640
-0.42325,-0.18138,0.14190,-0.51173,0.44832,0.48296,0.55126,55.63667
-0.42325,-0.18152,0.14191,-0.51174,0.44837,0.48296,0.55122,55.73695
-0.42325,-0.18164,0.14191,-0.51175,0.44841,0.48296,0.55118,55.83723
-0.42325,-0.18175,0.14192,-0.51176,0.44845,0.48296,0.55113,55.93750
-0.42325,-0.18184,0.14193,-0.51177,0.44849,0.48296,0.55109,56.03778
-0.42325,-0.18192,0.14194,-0.51177,0.44854,0.48296,0.55105,56.13805
-0.42325,-0.18198,0.14194,-0.51178,0.44858,0.48296,0.55100,56.23832
-0.42325,-0.18202,0.14195,-0.51179,0.44862,0.48296,0.55096,56.33860
-0.42325,-0.18204,0.14196,-0.51180,0.44866,0.48295,0.55092,56.43887
-0.42325,-0.18204,0.14197,-0.51181,0.44871,0.48295,0.55088,56.53914
-0.42325,-0.18202,0.14197,-0.51182,0.44875,0.48295,0.55083,56.63941
-0.42325,-0.18198,0.14198,-0.51183,0.44879,0.48295,0.55079,56.73968
-0.42325,-0.18191,0.14199,-0.51184,0.44884,0.48295,0.55075,56.83995
-0.42325,-0.18183,0.14200,-0.51185,0.44888,0.48295,0.55070,56.94021
-0.42325,-0.18172,0.14200,-0.51186,0.44892,0.48295,0.55066,57.04048
-0.42325,-0.18160,0.14201,-0.51187,0.44896,0.48295,0.55062,57.14075
-0.42325,-0.18145,0.14202,-0.51188,0.44901,0.48295,0.55057,57.24101
-0.42325,-0.18128,0.14202,-0.51189,0.44905,0.48295,0.55053,57.34128
-0.42325,-0.18109,0.14203,-0.51190,0.44909,0.48294,0.55049,57.44154
-0.42325,-0.18088,0.14204,-0.51191,0.44914,0.48294,0.55044,57.54181
-0.42325,-0.18065,0.14205,-0.51192,0.44918,0.48294,0.55040,57.64207
-0.42325,-0.18040,0.14205,-0.51193,0.44922,0.48294,0.55036,57.74233
-0.42325,-0.18013,0.14206,-0.51194,0.44927,0.48294,0.55031,57.84260
-0.42325,-0.17984,0.14207,-0.51195,0.44931,0.48294,0.55027,57.94286
-0.42325,-0.17954,0.14207,-0.51196,0.44935,0.48294,0.55023,58.04312
-0.42325,-0.17923,0.14208,-0.51197,0.44939,0.48293,0.55018,58.14338
-0.42325,-0.17890,0.14209,-0.51198,0.44944,0.48293,0.55014,58.24363
-0.42325,-0.17855,0.14210,-0.51199,0.44948,0.48293,0.55010,58.34389
-0.42325,-0.17820,0.14210,-0.51200,0.44952,0.48293,0.55005,58.44415
-0.42325,-0.17784,0.14211,-0.51201,0.44957,0.48293,0.55001,58.54441
-0.42325,-0.17746,0.14212,-0.51203,0.44961,0.48293,0.54997,58.64466
-0.42325,-0.17708,0.14213,-0.51204,0.44965,0.48292,0.54992,58.74492
-0.42325,-0.17670,0.14213,-0.51205,0.44970,0.48292,0.54988,58.84517
-0.42325,-0.17631,0.14214,-0.51206,0.44974,0.48292,0.54983,58.94543
-0.42325,-0.17591,0.14215,-0.51207,0.44978,0.48292,0.54979,59.04568
-0.42325,-0.17552,0.14215,-0.51208,0.44983,0.48292,0.54975,59.14593
-0.42325,-0.17513,0.14216,-0.51209,0.44987,0.48292,0.54970,59.24618
-0.42325,-0.17473,0.14217,-0.51210,0.44992,0.48291,0.54966,59.34643
-0.42325,-0.17435,0.14218,-0.51211,0.44996,0.48291,0.54961,59.44668
-0.42325,-0.17396,0.14218,-0.51212,0.45000,0.48291,0.54957,59.54693
-0.42325,-0.17359,0.14219,-0.51213,0.45005,0.48291,0.54953,59.64718
-0.42325,-0.17322,0.14220,-0.51214,0.45009,0.48291,0.54948,59.74743
-0.42325,-0.17286,0.14220,-0.51215,0.45013,0.48290,0.54944,59.84768
-0.42325,-0.17251,0.14221,-0.51216,0.45018,0.48290,0.54939,59.94792
-0.42325,-0.17218,0.14222,-0.51217,0.45022,0.48290,0.54935,60.04817
-0.42325,-0.17186,0.14222,-0.51219,0.45027,0.48290,0.54931,60.14842
-0.42325,-0.17155,0.14223,-0.51220,0.45031,0.48290,0.54926,60.24866
-0.42325,-0.17126,0.14224,-0.51221,0.45035,0.48289,0.54922,60.34890
-0.42325,-0.17098,0.14225,-0.51222,0.45040,0.48289,0.54917,60.44915
-0.42325,-0.17073,0.14225,-0.51223,0.45044,0.48289,0.54913,60.54939
-0.42325,-0.17049,0.14226,-0.51224,0.45049,0.48289,0.54908,60.64963
-0.42325,-0.17027,0.14227,-0.51225,0.45053,0.48288,0.54904,60.74987
-0.42325,-0.17007,0.14227,-0.51226,0.45057,0.48288,0.54899,60.85011
-0.42325,-0.16989,0.14228,-0.51227,0.45062,0.48288,0.54895,60.95035
-0.42325,-0.16973,0.14229,-0.51228,0.45066,0.48288,0.54891,61.05059
-0.42325,-0.16960,0.14229,-0.51230,0.45071,0.48287,0.54886,61.15083
-0.42325,-0.16948,0.14230,-0.51231,0.45075,0.48287,0.54882,61.25107
-0.42325,-0.16939,0.14231,-0.51232,0.45079,0.48287,0.54877,61.35130
-0.42325,-0.16931,0.14231,-0.51233,0.45084,0.48287,0.54873,61.45154
-0.42325,-0.16926,0.14232,-0.51234,0.45088,0.48286,0.54868,61.55177
-0.42325,-0.16923,0.14233,-0.51235,0.45093,0.48286,0.54864,61.65201
-0.42325,-0.16922,0.14233,-0.51236,0.45097,0.48286,0.54859,61.75224
-0.42325,-0.16923,0.14234,-0.51238,0.45102,0.48286,0.54855,61.85248
-0.42325,-0.16926,0.14235,-0.51239,0.45106,0.48285,0.54850,61.95271
-0.42325,-0.16930,0.14236,-0.51240,0.45110,0.48285,0.54846,62.05294
-0.42325,-0.16937,0.14236,-0.51241,0.45115,0.48285,0.54841,62.15317
-0.42325,-0.16945,0.14237,-0.51242,0.45119,0.48285,0.54837,62.25340
-0.42325,-0.16955,0.14238,-0.51243,0.45124,0.48284,0.54832,62.35363
-0.42325,-0.16966,0.14238,-0.51244,0.45128,0.48284,0.54828,62.45386
-0.42325,-0.16979,0.14239,-0.51246,0.45133,0.48284,0.54823,62.55409
-0.42325,-0.16993,0.14240,-0.51247,0.45137,0.48283,0.54819,62.65432
-0.42325,-0.17008,0.14240,-0.51248,0.45142,0.48283,0.54814,62.75454
-0.42325,-0.17024,0.14241,-0.51249,0.45146,0.48283,0.54810,62.85477
-0.42325,-0.17041,0.14242,-0.51250,0.45151,0.48282,0.54805,62.95499
-0.42325,-0.17059,0.14242,-0.51252,0.45155,0.48282,0.54801,63.05522
-0.42325,-0.17077,0.14243,-0.51253,0.45160,0.48282,0.54796,63.15544
-0.42325,-0.17096,0.14244,-0.51254,0.45164,0.48282,0.54792,63.25567
-0.42325,-0.17115,0.14244,-0.51255,0.45169,0.48281,0.54787,63.35589
-0.42325,-0.17134,0.14245,-0.51256,0.45173,0.48281,0.54783,63.45611
-0.42325,-0.17153,0.14246,-0.51257,0.45178,0.48281,0.54778,63.55633
-0.42325,-0.17172,0.14246,-0.51259,0.45182,0.48280,0.54774,63.65655
-0.42325,-0.17190,0.14247,-0.51260,0.45187,0.48280,0.54769,63.75677
-0.42325,-0.17208,0.14248,-0.51261,0.45191,0.48280,0.54765,63.85699
-0.42325,-0.17226,0.14248,-0.51262,0.45196,0.48279,0.54760,63.95721
-0.42325,-0.17242,0.14249,-0.51264,0.45200,0.48279,0.54755,64.05743
-0.42325,-0.17258,0.14250,-0.51265,0.45205,0.48279,0.54751,64.15764
-0.42325,-0.17272,0.14250,-0.51266,0.45209,0.48278,0.54746,64.25786
-0.42325,-0.17285,0.14251,-0.51267,0.45214,0.48278,0.54742,64.35807
-0.42325,-0.17297,0.14252,-0.51268,0.45218,0.48278,0.54737,64.45829
-0.42325,-0.17308,0.14252,-0.51270,0.45223,0.48277,0.54733,64.55850
-0.42325,-0.17317,0.14253,-0.51271,0.45227,0.48277,0.54728,64.65872
-0.42325,-0.17324,0.14254,-0.51272,0.45232,0.48276,0.54723,64.75893
-0.42325,-0.17330,0.14254,-0.51273,0.45236,0.48276,0.54719,64.85914
-0.42325,-0.17333,0.14255,-0.51275,0.45241,0.48276,0.54714,64.95935
-0.42325,-0.17335,0.14255,-0.51276,0.45245,0.48275,0.54710,65.05956
-0.42325,-0.17335,0.14256,-0.51277,0.45250,0.48275,0.54705,65.15977
-0.42325,-0.17333,0.14257,-0.51278,0.45254,0.48275,0.54701,65.25998
-0.42325,-0.17329,0.14257,-0.51280,0.45259,0.48274,0.54696,65.36019
-0.42325,-0.17322,0.14258,-0.51281,0.45263,0.48274,0.54691,65.46040
-0.42325,-0.17314,0.14259,-0.51282,0.45268,0.48273,0.54687,65.56060
-0.42325,-0.17303,0.14259,-0.51283,0.45273,0.48273,0.54682,65.66081
-0.42325,-0.17291,0.14260,-0.51285,0.45277,0.48273,0.54678,65.76102
-0.42325,-0.17276,0.14261,-0.51286,0.45282,0.48272,0.54673,65.86122
-0.42325,-0.17259,0.14261,-0.51287,0.45286,0.48272,0.54668,65.96143
-0.42325,-0.17241,0.14262,-0.51288,0.45291,0.48271,0.54664,66.06163
-0.42325,-0.17220,0.14263,-0.51290,0.45295,0.48271,0.54659,66.16183
-0.42325,-0.17197,0.14263,-0.51291,0.45300,0.48271,0.54654,66.26203
-0.42325,-0.17173,0.14264,-0.51292,0.45305,0.48270,0.54650,66.36224
-0.42325,-0.17146,0.14264,-0.51293,0.45309,0.48270,0.54645,66.46244
-0.42325,-0.17118,0.14265,-0.51295,0.45314,0.48269,0.54641,66.56264
-0.42325,-0.17089,0.14266,-0.51296,0.45318,0.48269,0.54636,66.66284
-0.42325,-0.17057,0.14266,-0.51297,0.45323,0.48268,0.54631,66.76303
-0.42325,-0.17025,0.14267,-0.51299,0.45327,0.48268,0.54627,66.86323
-0.42325,-0.16991,0.14268,-0.51300,0.45332,0.48268,0.54622,66.96343
-0.42325,-0.16957,0.14268,-0.51301,0.45337,0.48267,0.54617,67.06363
-0.42325,-0.16921,0.14269,-0.51303,0.45341,0.48267,0.54613,67.16382
-0.42325,-0.16884,0.14269,-0.51304,0.45346,0.48266,0.54608,67.26402
-0.42325,-0.16847,0.14270,-0.51305,0.45350,0.48266,0.54603,67.36421
-0.42325,-0.16809,0.14271,-0.51306,0.45355,0.48265,0.54599,67.46441
-0.42325,-0.16770,0.14271,-0.51308,0.45360,0.48265,0.54594,67.56460
-0.42325,-0.16732,0.14272,-0.51309,0.45364,0.48264,0.54589,67.66479
-0.42325,-0.16693,0.14273,-0.51310,0.45369,0.48264,0.54585,67.76498
-0.42325,-0.16654,0.14273,-0.51312,0.45373,0.48264,0.54580,67.86517
-0.42325,-0.16616,0.14274,-0.51313,0.45378,0.48263,0.54575,67.96536
-0.42325,-0.16578,0.14274,-0.51314,0.45383,0.48263,0.54571,68.06555
-0.42325,-0.16540,0.14275,-0.51316,0.45387,0.48262,0.54566,68.16574
-0.42325,-0.16503,0.14276,-0.51317,0.45392,0.48262,0.54561,68.26593
-0.42325,-0.16467,0.14276,-0.51318,0.45397,0.48261,0.54557,68.36612
-0.42325,-0.16432,0.14277,-0.51320,0.45401,0.48261,0.54552,68.46631
-0.42325,-0.16397,0.14278,-0.51321,0.45406,0.48260,0.54547,68.56649
-0.42325,-0.16364,0.14278,-0.51322,0.45411,0.48260,0.54543,68.66668
-0.42325,-0.16333,0.14279,-0.51324,0.45415,0.48259,0.54538,68.76686
-0.42325,-0.16302,0.14279,-0.51325,0.45420,0.48259,0.54533,68.86705
-0.42325,-0.16274,0.14280,-0.51326,0.45424,0.48258,0.54528,68.96723
-0.42325,-0.16247,0.14281,-0.51328,0.45429,0.48258,0.54524,69.06741
-0.42325,-0.16221,0.14281,-0.51329,0.45434,0.48257,0.54519,69.16759
-0.42325,-0.16198,0.14282,-0.51330,0.45438,0.48257,0.54514,69.26778
-0.42325,-0.16176,0.14282,-0.51332,0.45443,0.48256,0.54510,69.36796
-0.42325,-0.16156,0.14283,-0.51333,0.45448,0.48256,0.54505,69.46814
-0.42325,-0.16138,0.14284,-0.51335,0.45452,0.48255,0.54500,69.56832
-0.42325,-0.16123,0.14284,-0.51336,0.45457,0.48255,0.54495,69.66850
-0.42325,-0.16109,0.14285,-0.51337,0.45462,0.48254,0.54491,69.76867
-0.42325,-0.16097,0.14285,-0.51339,0.45466,0.48254,0.54486,69.86885
-0.42325,-0.16088,0.14286,-0.51340,0.45471,0.48253,0.54481,69.96903
-0.42325,-0.16080,0.14287,-0.51341,0.45476,0.48253,0.54476,70.06920
-0.42325,-0.16075,0.14287,-0.51343,0.45480,0.48252,0.54472,70.16938
-0.42325,-0.16072,0.14288,-0.51344,0.45485,0.48252,0.54467,70.26955
-0.42325,-0.16070,0.14288,-0.51346,0.45490,0.48251,0.54462,70.36973
-0.42325,-0.16071,0.14289,-0.51347,0.45495,0.48251,0.54458,70.46990
-0.42325,-0.16073,0.14289,-0.51348,0.45499,0.48250,0.54453,70.57007
-0.42325,-0.16078,0.14290,-0.51350,0.45504,0.48249,0.54448,70.67025
-0.42325,-0.16084,0.14291,-0.51351,0.45509,0.48249,0.54443,70.77042
-0.42325,-0.16092,0.14291,-0.51353,0.45513,0.48248,0.54438,70.87059
-0.42325,-0.16101,0.14292,-0.51354,0.45518,0.48248,0.54434,70.97076
-0.42325,-0.16112,0.14292,-0.51355,0.45523,0.48247,0.54429,71.07093
-0.42325,-0.16124,0.14293,-0.51357,0.45527,0.48247,0.54424,71.17110
-0.42325,-0.16137,0.14294,-0.51358,0.45532,0.48246,0.54419,71.27126
-0.42325,-0.16152,0.14294,-0.51360,0.45537,0.48246,0.54415,71.37143
-0.42325,-0.16167,0.14295,-0.51361,0.45542,0.48245,0.54410,71.47160
-0.42325,-0.16184,0.14295,-0.51362,0.45546,0.48244,0.54405,71.57176
-0.42325,-0.16201,0.14296,-0.51364,0.45551,0.48244,0.54400,71.67193
-0.42325,-0.16218,0.14296,-0.51365,0.45556,0.48243,0.54396,71.77209
-0.42325,-0.16236,0.14297,-0.51367,0.45560,0.48243,0.54391,71.87226
-0.42325,-0.16255,0.14298,-0.51368,0.45565,0.48242,0.54386,71.97242
-0.42325,-0.16273,0.14298,-0.51370,0.45570,0.48241,0.54381,72.07258
-0.42325,-0.16291,0.14299,-0.51371,0.45575,0.48241,0.54376,72.17275
-0.42325,-0.16310,0.14299,-0.51372,0.45579,0.48240,0.54372,72.27291
-0.42325,-0.16327,0.14300,-0.51374,0.45584,0.48240,0.54367,72.37307
-0.42325,-0.16345,0.14300,-0.51375,0.45589,0.48239,0.54362,72.47323
-0.42325,-0.16362,0.14301,-0.51377,0.45594,0.48238,0.54357,72.57339
-0.42325,-0.16377,0.14302,-0.51378,0.45598,0.48238,0.54352,72.67355
-0.42325,-0.16392,0.14302,-0.51380,0.45603,0.48237,0.54347,72.77370
-0.42325,-0.16406,0.14303,-0.51381,0.45608,0.48237,0.54343,72.87386
-0.42325,-0.16419,0.14303,-0.51383,0.45613,0.48236,0.54338,72.97402
-0.42325,-0.16431,0.14304,-0.51384,0.45617,0.48235,0.54333,73.07417
-0.42325,-0.16441,0.14304,-0.51385,0.45622,0.48235,0.54328,73.17433
-0.42325,-0.16449,0.14305,-0.51387,0.45627,0.48234,0.54323,73.27448
-0.42325,-0.16456,0.14305,-0.51388,0.45632,0.48234,0.54319,73.37464
-0.42325,-0.16461,0.14306,-0.51390,0.45636,0.48233,0.54314,73.47479
-0.42325,-0.16465,0.14307,-0.51391,0.45641,0.48232,0.54309,73.57494
-0.42325,-0.16467,0.14307,-0.51393,0.45646,0.48232,0.54304,73.67510
-0.42325,-0.16466,0.14308,-0.51394,0.45651,0.48231,0.54299,73.77525
-0.42325,-0.16464,0.14308,-0.51396,0.45656,0.48230,0.54294,73.87540
-0.42325,-0.16460,0.14309,-0.51397,0.45660,0.48230,0.54289,73.97555
-0.42325,-0.16453,0.14309,-0.51399,0.45665,0.48229,0.54285,74.07570
-0.42325,-0.16445,0.14310,-0.51400,0.45670,0.48228,0.54280,74.17585
-0.42325,-0.16435,0.14310,-0.51402,0.45675,0.48228,0.54275,74.27600
-0.42325,-0.16422,0.14311,-0.51403,0.45679,0.48227,0.54270,74.37614
-0.42325,-0.16408,0.14312,-0.51405,0.45684,0.48227,0.54265,74.47629
-0.42325,-0.16391,0.14312,-0.51406,0.45689,0.48226,0.54260,74.57644
-0.42325,-0.16372,0.14313,-0.51408,0.45694,0.48225,0.54255,74.67658
-0.42325,-0.16352,0.14313,-0.51409,0.45699,0.48225,0.54251,74.77673
-0.42325,-0.16330,0.14314,-0.51411,0.45703,0.48224,0.54246,74.87687
-0.42325,-0.16305,0.14314,-0.51412,0.45708,0.48223,0.54241,74.97702
-0.42325,-0.16280,0.14315,-0.51414,0.45713,0.48223,0.54236,75.07716
-0.42325,-0.16252,0.14315,-0.51415,0.45718,0.48222,0.54231,75.17730
-0.42325,-0.16223,0.14316,-0.51417,0.45723,0.48221,0.54226,75.27744
-0.42325,-0.16192,0.14316,-0.51418,0.45728,0.48220,0.54221,75.37758
-0.42325,-0.16160,0.14317,-0.51420,0.45732,0.48220,0.54216,75.47773
-0.42325,-0.16127,0.14317,-0.51421,0.45737,0.48219,0.54212,75.57787
-0.42325,-0.16093,0.14318,-0.51423,0.45742,0.48218,0.54207,75.67800
-0.42325,-0.16058,0.14318,-0.51424,0.45747,0.48218,0.54202,75.77814
-0.42325,-0.16022,0.14319,-0.51426,0.45752,0.48217,0.54197,75.87828
-0.42325,-0.15985,0.14320,-0.51427,0.45756,0.48216,0.54192,75.97842
-0.42325,-0.15948,0.14320,-0.51429,0.45761,0.48216,0.54187,76.07856
-0.42325,-0.15910,0.14321,-0.51430,0.45766,0.48215,0.54182,76.17869
-0.42325,-0.15872,0.14321,-0.51432,0.45771,0.48214,0.54177,76.27883
-0.42325,-0.15834,0.14322,-0.51433,0.45776,0.48214,0.54172,76.37896
-0.42325,-0.15796,0.14322,-0.51435,0.45781,0.48213,0.54167,76.47910
-0.42325,-0.15758,0.14323,-0.51436,0.45786,0.48212,0.54162,76.57923
-0.42325,-0.15721,0.14323,-0.51438,0.45790,0.48211,0.54158,76.67936
-0.42325,-0.15684,0.14324,-0.51439,0.45795,0.48211,0.54153,76.77950
-0.42325,-0.15647,0.14324,-0.51441,0.45800,0.48210,0.54148,76.87963
-0.42325,-0.15612,0.14325,-0.51443,0.45805,0.48209,0.54143,76.97976
-0.42325,-0.15577,0.14325,-0.51444,0.45810,0.48209,0.54138,77.07989
-0.42325,-0.15543,0.14326,-0.51446,0.45815,0.48208,0.54133,77.18002
-0.42325,-0.15511,0.14326,-0.51447,0.45820,0.48207,0.54128,77.28015
-0.42325,-0.15479,0.14327,-0.51449,0.45824,0.48206,0.54123,77.38028
-0.42325,-0.15450,0.14327,-0.51450,0.45829,0.48206,0.54118,77.48041
-0.42325,-0.15421,0.14328,-0.51452,0.45834,0.48205,0.54113,77.58053
-0.42325,-0.15394,0.14328,-0.51453,0.45839,0.48204,0.54108,77.68066
-0.42325,-0.15369,0.14329,-0.51455,0.45844,0.48203,0.54103,77.78079
-0.42325,-0.15346,0.14329,-0.51457,0.45849,0.48203,0.54098,77.88091
-0.42325,-0.15325,0.14330,-0.51458,0.45854,0.48202,0.54093,77.98104
-0.42325,-0.15305,0.14330,-0.51460,0.45858,0.48201,0.54088,78.08116
-0.42325,-0.15287,0.14331,-0.51461,0.45863,0.48200,0.54083,78.18129
-0.42325,-0.15272,0.14331,-0.51463,0.45868,0.48200,0.54078,78.28141
-0.42325,-0.15258,0.14332,-0.51464,0.45873,0.48199,0.54074,78.38153
-0.42325,-0.15246,0.14332,-0.51466,0.45878,0.48198,0.54069,78.48165
-0.42325,-0.15237,0.14333,-0.51468,0.45883,0.48197,0.54064,78.58177
-0.42325,-0.15229,0.14333,-0.51469,0.45888,0.48197,0.54059,78.68190
-0.42325,-0.15224,0.14334,-0.51471,0.45893,0.48196,0.54054,78.78202
-0.42325,-0.15220,0.14334,-0.51472,0.45898,0.48195,0.54049,78.88214
-0.42325,-0.15218,0.14335,-0.51474,0.45902,0.48194,0.54044,78.98225
-0.42325,-0.15219,0.14335,-0.51475,0.45907,0.48193,0.54039,79.08237
-0.42325,-0.15221,0.14336,-0.51477,0.45912,0.48193,0.54034,79.18249
-0.42325,-0.15225,0.14336,-0.51479,0.45917,0.48192,0.54029,79.28261
-0.42325,-0.15231,0.14337,-0.51480,0.45922,0.48191,0.54024,79.38272
-0.42325,-0.15238,0.14337,-0.51482,0.45927,0.48190,0.54019,79.48284
-0.42325,-0.15247,0.14338,-0.51483,0.45932,0.48189,0.54014,79.58296
-0.42325,-0.15257,0.14338,-0.51485,0.45937,0.48189,0.54009,79.68307
-0.42325,-0.15269,0.14339,-0.51487,0.45942,0.48188,0.54004,79.78318
-0.42325,-0.15282,0.14339,-0.51488,0.45947,0.48187,0.53999,79.88330
-0.42325,-0.15295,0.14339,-0.51490,0.45952,0.48186,0.53994,79.98341
-0.42325,-0.15310,0.14340,-0.51491,0.45957,0.48185,0.53989,80.08352
-0.42325,-0.15326,0.14340,-0.51493,0.45961,0.48185,0.53984,80.18364
-0.42325,-0.15342,0.14341,-0.51495,0.45966,0.48184,0.53979,80.28375
-0.42325,-0.15359,0.14341,-0.51496,0.45971,0.48183,0.53974,80.38386
-0.42325,-0.15377,0.14342,-0.51498,0.45976,0.48182,0.53969,80.48397
-0.42325,-0.15394,0.14342,-0.51499,0.45981,0.48181,0.53964,80.58408
-0.42325,-0.15412,0.14343,-0.51501,0.45986,0.48181,0.53959,80.68419
-0.42325,-0.15430,0.14343,-0.51503,0.45991,0.48180,0.53954,80.78429
-0.42325,-0.15447,0.14344,-0.51504,0.45996,0.48179,0.53949,80.88440
-0.42325,-0.15465,0.14344,-0.51506,0.46001,0.48178,0.53944,80.98451
-0.42325,-0.15481,0.14345,-0.51508,0.46006,0.48177,0.53939,81.08462
-0.42325,-0.15498,0.14345,-0.51509,0.46011,0.48176,0.53934,81.18472
-0.42325,-0.15513,0.14346,-0.51511,0.46016,0.48176,0.53929,81.28483
-0.42325,-0.15527,0.14346,-0.51512,0.46021,0.48175,0.53924,81.38493
-0.42325,-0.15541,0.14346,-0.51514,0.46026,0.48174,0.53918,81.48504
-0.42325,-0.15553,0.14347,-0.51516,0.46031,0.48173,0.53913,81.58514
-0.42325,-0.15564,0.14347,-0.51517,0.46036,0.48172,0.53908,81.68524
-0.42325,-0.15574,0.14348,-0.51519,0.46041,0.48171,0.53903,81.78535
-0.42325,-0.15582,0.14348,-0.51521,0.46046,0.48171,0.53898,81.88545
-0.42325,-0.15589,0.14349,-0.51522,0.46051,0.48170,0.53893,81.98555
-0.42325,-0.15594,0.14349,-0.51524,0.46055,0.48169,0.53888,82.08565
-0.42325,-0.15597,0.14350,-0.51526,0.46060,0.48168,0.53883,82.18575
-0.42325,-0.15598,0.14350,-0.51527,0.46065,0.48167,0.53878,82.28585
-0.42325,-0.15598,0.14351,-0.51529,0.46070,0.48166,0.53873,82.38595
-0.42325,-0.15595,0.14351,-0.51531,0.46075,0.48165,0.53868,82.48605
-0.42325,-0.15591,0.14351,-0.51532,0.46080,0.48165,0.53863,82.58615
-0.42325,-0.15585,0.14352,-0.51534,0.46085,0.48164,0.53858,82.68625
-0.42325,-0.15576,0.14352,-0.51536,0.46090,0.48163,0.53853,82.78634
-0.42325,-0.15566,0.14353,-0.51537,0.46095,0.48162,0.53848,82.88644
-0.42325,-0.15554,0.14353,-0.51539,0.46100,0.48161,0.53843,82.98653
-0.42325,-0.15539,0.14354,-0.51540,0.46105,0.48160,0.53838,83.08663
-0.42325,-0.15523,0.14354,-0.51542,0.46110,0.48159,0.53833,83.18672
-0.42325,-0.15505,0.14354,-0.51544,0.46115,0.48158,0.53827,83.28682
-0.42325,-0.15484,0.14355,-0.51545,0.46120,0.48157,0.53822,83.38691
-0.42325,-0.15462,0.14355,-0.51547,0.46125,0.48157,0.53817,83.48701
-0.42325,-0.15439,0.14356,-0.51549,0.46130,0.48156,0.53812,83.58710
-0.42325,-0.15413,0.14356,-0.51550,0.46135,0.48155,0.53807,83.68719
-0.42325,-0.15386,0.14357,-0.51552,0.46140,0.48154,0.53802,83.78728
-0.42325,-0.15357,0.14357,-0.51554,0.46145,0.48153,0.53797,83.88737
-0.42325,-0.15327,0.14357,-0.51556,0.46150,0.48152,0.53792,83.98746
-0.42325,-0.15296,0.14358,-0.51557,0.46155,0.48151,0.53787,84.08755
-0.42325,-0.15263,0.14358,-0.51559,0.46160,0.48150,0.53782,84.18764
-0.42325,-0.15230,0.14359,-0.51561,0.46165,0.48149,0.53777,84.28773
-0.42325,-0.15195,0.14359,-0.51562,0.46170,0.48148,0.53771,84.38782
-0.42325,-0.15160,0.14360,-0.51564,0.46175,0.48148,0.53766,84.48791
-0.42325,-0.15124,0.14360,-0.51566,0.46180,0.48147,0.53761,84.58799
-0.42325,-0.15087,0.14360,-0.51567,0.46185,0.48146,0.53756,84.68808
-0.42325,-0.15050,0.14361,-0.51569,0.46190,0.48145,0.53751,84.78817
-0.42325,-0.15013,0.14361,-0.51571,0.46195,0.48144,0.53746,84.88825
-0.42325,-0.14975,0.14362,-0.51572,0.46200,0.48143,0.53741,84.98834
-0.42325,-0.14938,0.14362,-0.51574,0.46205,0.48142,0.53736,85.08842
-0.42325,-0.14901,0.14362,-0.51576,0.46210,0.48141,0.53731,85.18851
-0.42325,-0.14864,0.14363,-0.51577,0.46215,0.48140,0.53725,85.28859
-0.42325,-0.14827,0.14363,-0.51579,0.46221,0.48139,0.53720,85.38867
-0.42325,-0.14791,0.14364,-0.51581,0.46226,0.48138,0.53715,85.48876
-0.42325,-0.14756,0.14364,-0.51583,0.46231,0.48137,0.53710,85.58884
-0.42325,-0.14722,0.14365,-0.51584,0.46236,0.48136,0.53705,85.68892
-0.42325,-0.14689,0.14365,-0.51586,0.46241,0.48135,0.53700,85.78900
-0.42325,-0.14657,0.14365,-0.51588,0.46246,0.48135,0.53695,85.88908
-0.42325,-0.14626,0.14366,-0.51589,0.46251,0.48134,0.53690,85.98916
-0.42325,-0.14597,0.14366,-0.51591,0.46256,0.48133,0.53684,86.08924
-0.42325,-0.14569,0.14367,-0.51593,0.46261,0.48132,0.53679,86.18932
-0.42325,-0.14542,0.14367,-0.51594,0.46266,0.48131,0.53674,86.28940
-0.42325,-0.14517,0.14367,-0.51596,0.46271,0.48130,0.53669,86.38947
-0.42325,-0.14494,0.14368,-0.51598,0.46276,0.48129,0.53664,86.48955
-0.42325,-0.14473,0.14368,-0.51600,0.46281,0.48128,0.53659,86.58963
-0.42325,-0.14454,0.14368,-0.51601,0.46286,0.48127,0.53654,86.68971
-0.42325,-0.14436,0.14369,-0.51603,0.46291,0.48126,0.53648,86.78978
-0.42325,-0.14420,0.14369,-0.51605,0.46296,0.48125,0.53643,86.88986
-0.42325,-0.14407,0.14370,-0.51607,0.46301,0.48124,0.53638,86.98993
-0.42325,-0.14395,0.14370,-0.51608,0.46306,0.48123,0.53633,87.09001
-0.42325,-0.14385,0.14370,-0.51610,0.46311,0.48122,0.53628,87.19008
-0.42325,-0.14378,0.14371,-0.51612,0.46316,0.48121,0.53623,87.29015
-0.42325,-0.14372,0.14371,-0.51613,0.46322,0.48120,0.53617,87.39023
-0.42325,-0.14368,0.14372,-0.51615,0.46327,0.48119,0.53612,87.49030
-0.42325,-0.14366,0.14372,-0.51617,0.46332,0.48118,0.53607,87.59037
-0.42325,-0.14366,0.14372,-0.51619,0.46337,0.48117,0.53602,87.69044
-0.42325,-0.14368,0.14373,-0.51620,0.46342,0.48116,0.53597,87.79051
-0.42325,-0.14372,0.14373,-0.51622,0.46347,0.48115,0.53592,87.89058
-0.42325,-0.14377,0.14373,-0.51624,0.46352,0.48114,0.53586,87.99065
-0.42325,-0.14384,0.14374,-0.51626,0.46357,0.48113,0.53581,88.09072
-0.42325,-0.14392,0.14374,-0.51627,0.46362,0.48112,0.53576,88.19079
-0.42325,-0.14402,0.14375,-0.51629,0.46367,0.48111,0.53571,88.29086
-0.42325,-0.14413,0.14375,-0.51631,0.46372,0.48110,0.53566,88.39093
-0.42325,-0.14426,0.14375,-0.51633,0.46377,0.48109,0.53561,88.49099
-0.42325,-0.14439,0.14376,-0.51634,0.46382,0.48108,0.53555,88.59106
-0.42325,-0.14453,0.14376,-0.51636,0.46388,0.48107,0.53550,88.69113
-0.42325,-0.14468,0.14376,-0.51638,0.46393,0.48106,0.53545,88.79119
-0.42325,-0.14484,0.14377,-0.51640,0.46398,0.48105,0.53540,88.89126
-0.42325,-0.14500,0.14377,-0.51641,0.46403,0.48104,0.53535,88.99132
-0.42325,-0.14517,0.14377,-0.51643,0.46408,0.48103,0.53529,89.09139
-0.42325,-0.14534,0.14378,-0.51645,0.46413,0.48102,0.53524,89.19145
-0.42325,-0.14551,0.14378,-0.51647,0.46418,0.48101,0.53519,89.29152
-0.42325,-0.14568,0.14379,-0.51648,0.46423,0.48100,0.53514,89.39158
-0.42325,-0.14585,0.14379,-0.51650,0.46428,0.48099,0.53509,89.49164
-0.42325,-0.14602,0.14379,-0.51652,0.46433,0.48098,0.53503,89.59170
-0.42325,-0.14618,0.14380,-0.51654,0.46439,0.48097,0.53498,89.69177
-0.42325,-0.14634,0.14380,-0.51655,0.46444,0.48096,0.53493,89.79183
-0.42325,-0.14648,0.14380,-0.51657,0.46449,0.48095,0.53488,89.89189
-0.42325,-0.14662,0.14381,-0.51659,0.46454,0.48094,0.53483,89.99195
-0.42325,-0.14675,0.14381,-0.51661,0.46459,0.48093,0.53477,90.09201
-0.42325,-0.14687,0.14381,-0.51662,0.46464,0.48092,0.53472,90.19207
-0.42325,-0.14698,0.14382,-0.51664,0.46469,0.48091,0.53467,90.29213
-0.42325,-0.14707,0.14382,-0.51666,0.46474,0.48090,0.53462,90.39219
-0.42325,-0.14715,0.14382,-0.51668,0.46479,0.48089,0.53456,90.49224
-0.42325,-0.14721,0.14383,-0.51669,0.46485,0.48088,0.53451,90.59230
-0.42325,-0.14726,0.14383,-0.51671,0.46490,0.48087,0.53446,90.69236
-0.42325,-0.14729,0.14383,-0.51673,0.46495,0.48085,0.53441,90.79242
-0.42325,-0.14730,0.14384,-0.51675,0.46500,0.48084,0.53436,90.89247
-0.42325,-0.14729,0.14384,-0.51677,0.46505,0.48083,0.53430,90.99253
-0.42325,-0.14727,0.14384,-0.51678,0.46510,0.48082,0.53425,91.09258
-0.42325,-0.14722,0.14385,-0.51680,0.46515,0.48081,0.53420,91.19264
-0.42325,-0.14716,0.14385,-0.51682,0.46520,0.48080,0.53415,91.29269
-0.42325,-0.14708,0.14385,-0.51684,0.46526,0.48079,0.53409,91.39275
-0.42325,-0.14697,0.14386,-0.51685,0.46531,0.48078,0.53404,91.49280
-0.42325,-0.14685,0.14386,-0.51687,0.46536,0.48077,0.53399,91.59285
-0.42325,-0.14671,0.14386,-0.51689,0.46541,0.48076,0.53394,91.69291
-0.42325,-0.14655,0.14387,-0.51691,0.46546,0.48075,0.53388,91.79296
-0.42325,-0.14637,0.14387,-0.51693,0.46551,0.48074,0.53383,91.89301
-0.42325,-0.14617,0.14387,-0.51694,0.46556,0.48073,0.53378,91.99306
-0.42325,-0.14595,0.14388,-0.51696,0.46562,0.48072,0.53373,92.09311
-0.42325,-0.14572,0.14388,-0.51698,0.46567,0.48071,0.53368,92.19317
-0.42325,-0.14547,0.14388,-0.51700,0.46572,0.48069,0.53362,92.29322
-0.42325,-0.14520,0.14389,-0.51702,0.46577,0.48068,0.53357,92.39327
-0.42325,-0.14492,0.14389,-0.51703,0.46582,0.48067,0.53352,92.49332
-0.42325,-0.14462,0.14389,-0.51705,0.46587,0.48066,0.53346,92.59336
-0.42325,-0.14432,0.14390,-0.51707,0.46592,0.48065,0.53341,92.69341
-0.42325,-0.14400,0.14390,-0.51709,0.46598,0.48064,0.53336,92.79346
-0.42325,-0.14367,0.14390,-0.51710,0.46603,0.48063,0.53331,92.89351
-0.42325,-0.14333,0.14390,-0.51712,0.46608,0.48062,0.53325,92.99356
-0.42325,-0.14298,0.14391,-0.51714,0.46613,0.48061,0.53320,93.09360
-0.42325,-0.14262,0.14391,-0.51716,0.46618,0.48060,0.53315,93.19365
-0.42325,-0.14226,0.14391,-0.51718,0.46623,0.48059,0.53310,93.29370
-0.42325,-0.14190,0.14392,-0.51719,0.46629,0.48057,0.53304,93.39374
-0.42325,-0.14153,0.14392,-0.51721,0.46634,0.48056,0.53299,93.49379
-0.42325,-0.14116,0.14392,-0.51723,0.46639,0.48055,0.53294,93.59383
-0.42325,-0.14079,0.14393,-0.51725,0.46644,0.48054,0.53289,93.69388
-0.42325,-0.14043,0.14393,-0.51727,0.46649,0.48053,0.53283,93.79392
-0.42325,-0.14007,0.14393,-0.51728,0.46654,0.48052,0.53278,93.89396
-0.42325,-0.13971,0.14393,-0.51730,0.46660,0.48051,0.53273,93.99401
-0.42325,-0.13935,0.14394,-0.51732,0.46665,0.48050,0.53267,94.09405
-0.42325,-0.13901,0.14394,-0.51734,0.46670,0.48049,0.53262,94.19409
-0.42325,-0.13867,0.14394,-0.51736,0.46675,0.48047,0.53257,94.29414
-0.42325,-0.13835,0.14395,-0.51738,0.46680,0.48046,0.53252,94.39418
-0.42325,-0.13803,0.14395,-0.51739,0.46685,0.48045,0.53246,94.49422
-0.42325,-0.13773,0.14395,-0.51741,0.46691,0.48044,0.53241,94.59426
-0.42325,-0.13744,0.14396,-0.51743,0.46696,0.48043,0.53236,94.69430
-0.42325,-0.13716,0.14396,-0.51745,0.46701,0.48042,0.53230,94.79434
-0.42325,-0.13690,0.14396,-0.51747,0.46706,0.48041,0.53225,94.89438
-0.42325,-0.13665,0.14396,-0.51748,0.46711,0.48040,0.53220,94.99442
-0.42325,-0.13642,0.14397,-0.51750,0.46716,0.48038,0.53215,95.09446
-0.42325,-0.13621,0.14397,-0.51752,0.46722,0.48037,0.53209,95.19450
-0.42325,-0.13602,0.14397,-0.51754,0.46727,0.48036,0.53204,95.29454
-0.42325,-0.13585,0.14397,-0.51756,0.46732,0.48035,0.53199,95.39457
-0.42325,-0.13569,0.14398,-0.51757,0.46737,0.48034,0.53193,95.49461
-0.42325,-0.13555,0.14398,-0.51759,0.46742,0.48033,0.53188,95.59465
-0.42325,-0.13544,0.14398,-0.51761,0.46748,0.48032,0.53183,95.69469
-0.42325,-0.13534,0.14399,-0.51763,0.46753,0.48030,0.53178,95.79472
-0.42325,-0.13526,0.14399,-0.51765,0.46758,0.48029,0.53172,95.89476
-0.42325,-0.13520,0.14399,-0.51767,0.46763,0.48028,0.53167,95.99479
-0.42325,-0.13516,0.14399,-0.51768,0.46768,0.48027,0.53162,96.09483
-0.42325,-0.13514,0.14400,-0.51770,0.46774,0.48026,0.53156,96.19487
-0.42325,-0.13514,0.14400,-0.51772,0.46779,0.48025,0.53151,96.29490
-0.42325,-0.13515,0.14400,-0.51774,0.46784,0.48024,0.53146,96.39493
-0.42325,-0.13519,0.14400,-0.51776,0.46789,0.48022,0.53140,96.49497
-0.42325,-0.13524,0.14401,-0.51778,0.46794,0.48021,0.53135,96.59500
-0.42325,-0.13530,0.14401,-0.51779,0.46800,0.48020,0.53130,96.69504
-0.42325,-0.13538,0.14401,-0.51781,0.46805,0.48019,0.53124,96.79507
-0.42325,-0.13547,0.14401,-0.51783,0.46810,0.48018,0.53119,96.89510
-0.42325,-0.13558,0.14402,-0.51785,0.46815,0.48017,0.53114,96.99513
-0.42325,-0.13570,0.14402,-0.51787,0.46820,0.48015,0.53108,97.09517
-0.42325,-0.13582,0.14402,-0.51789,0.46826,0.48014,0.53103,97.19520
-0.42325,-0.13596,0.14402,-0.51790,0.46831,0.48013,0.53098,97.29523
-0.42325,-0.13611,0.14403,-0.51792,0.46836,0.48012,0.53092,97.39526
-0.42325,-0.13626,0.14403,-0.51794,0.46841,0.48011,0.53087,97.49529
-0.42325,-0.13642,0.14403,-0.51796,0.46846,0.48010,0.53082,97.59532
-0.42325,-0.13658,0.14403,-0.51798,0.46852,0.48008,0.53077,97.69535
-0.42325,-0.13674,0.14404,-0.51800,0.46857,0.48007,0.53071,97.79538
-0.42325,-0.13691,0.14404,-0.51801,0.46862,0.48006,0.53066,97.89541
-0.42325,-0.13707,0.14404,-0.51803,0.46867,0.48005,0.53061,97.99544
-0.42325,-0.13723,0.14404,-0.51805,0.46873,0.48004,0.53055,98.09547
-0.42325,-0.13739,0.14405,-0.51807,0.46878,0.48002,0.53050,98.19549
-0.42325,-0.13755,0.14405,-0.51809,0.46883,0.48001,0.53045,98.29552
-0.42325,-0.13770,0.14405,-0.51811,0.46888,0.48000,0.53039,98.39555
-0.42325,-0.13784,0.14405,-0.51812,0.46893,0.47999,0.53034,98.49558
-0.42325,-0.13798,0.14406,-0.51814,0.46899,0.47998,0.53028,98.59560
-0.42325,-0.13810,0.14406,-0.51816,0.46904,0.47996,0.53023,98.69563
-0.42325,-0.13821,0.14406,-0.51818,0.46909,0.47995,0.53018,98.79566
-0.42325,-0.13832,0.14406,-0.51820,0.46914,0.47994,0.53012,98.89568
-0.42325,-0.13840,0.14406,-0.51822,0.46920,0.47993,0.53007,98.99571
-0.42325,-0.13848,0.14407,-0.51823,0.46925,0.47992,0.53002,99.09573
-0.42325,-0.13854,0.14407,-0.51825,0.46930,0.47990,0.52996,99.19576
-0.42325,-0.13858,0.14407,-0.51827,0.46935,0.47989,0.52991,99.29578
-0.42325,-0.13861,0.14407,-0.51829,0.46940,0.47988,0.52986,99.39581
-0.42325,-0.13862,0.14408,-0.51831,0.46946,0.47987,0.52980,99.49583
-0.42325,-0.13861,0.14408,-0.51833,0.46951,0.47986,0.52975,99.59586
-0.42325,-0.13859,0.14408,-0.51835,0.46956,0.47984,0.52970,99.69588
-0.42325,-0.13854,0.14408,-0.51836,0.46961,0.47983,0.52964,99.79590
-0.42325,-0.13848,0.14408,-0.51838,0.46967,0.47982,0.52959,99.89593
-0.42325,-0.13839,0.14409,-0.51840,0.46972,0.47981,0.52954,99.99595
-0.42325,-0.13829,0.14409,-0.51842,0.46977,0.47980,0.52948,100.09597
-0.42325,-0.13817,0.14409,-0.51844,0.46982,0.47978,0.52943,100.19599
-0.42325,-0.13803,0.14409,-0.51846,0.46988,0.47977,0.52938,100.29602
-0.42325,-0.13787,0.14410,-0.51848,0.46993,0.47976,0.52932,100.39604
-0.42325,-0.13769,0.14410,-0.51849,0.46998,0.47975,0.52927,100.49606
-0.42325,-0.13750,0.14410,-0.51851,0.47003,0.47974,0.52921,100.59608
-0.42325,-0.13728,0.14410,-0.51853,0.47009,0.47972,0.52916,100.69610
-0.42325,-0.13705,0.14410,-0.51855,0.47014,0.47971,0.52911,100.79612
-0.42325,-0.13681,0.14411,-0.51857,0.47019,0.47970,0.52905,100.89614
-0.42325,-0.13654,0.14411,-0.51859,0.47024,0.47969,0.52900,100.99616
-0.42325,-0.13627,0.14411,-0.51860,0.47030,0.47967,0.52895,101.09618
-0.42325,-0.13598,0.14411,-0.51862,0.47035,0.47966,0.52889,101.19620
-0.42325,-0.13567,0.14411,-0.51864,0.47040,0.47965,0.52884,101.29622
-0.42325,-0.13536,0.14412,-0.51866,0.47045,0.47964,0.52879,101.39624
-0.42325,-0.13503,0.14412,-0.51868,0.47051,0.47962,0.52873,101.49626
-0.42325,-0.13470,0.14412,-0.51870,0.47056,0.47961,0.52868,101.59627
-0.42325,-0.13436,0.14412,-0.51872,0.47061,0.47960,0.52862,101.69629
-0.42325,-0.13401,0.14412,-0.51873,0.47066,0.47959,0.52857,101.79631
-0.42325,-0.13365,0.14412,-0.51875,0.47072,0.47957,0.52852,101.89633
-0.42325,-0.13330,0.14413,-0.51877,0.47077,0.47956,0.52846,101.99635
-0.42325,-0.13293,0.14413,-0.51879,0.47082,0.47955,0.52841,102.09636
-0.42325,-0.13257,0.14413,-0.51881,0.47087,0.47954,0.52835,102.19638
-0.42325,-0.13221,0.14413,-0.51883,0.47093,0.47952,0.52830,102.29640
-0.42325,-0.13185,0.14413,-0.51885,0.47098,0.47951,0.52825,102.39641
-0.42325,-0.13149,0.14414,-0.51887,0.47103,0.47950,0.52819,102.49643
-0.42325,-0.13114,0.14414,-0.51888,0.47108,0.47949,0.52814,102.59644
-0.42325,-0.13079,0.14414,-0.51890,0.47114,0.47947,0.52809,102.69646
-0.42325,-0.13045,0.14414,-0.51892,0.47119,0.47946,0.52803,102.79647
-0.42325,-0.13012,0.14414,-0.51894,0.47124,0.47945,0.52798,102.89649
-0.42325,-0.12980,0.14414,-0.51896,0.47129,0.47944,0.52792,102.99650
-0.42325,-0.12949,0.14415,-0.51898,0.47135,0.47942,0.52787,103.09652
-0.42325,-0.12919,0.14415,-0.51900,0.47140,0.47941,0.52782,103.19653
-0.42325,-0.12890,0.14415,-0.51901,0.47145,0.47940,0.52776,103.29655
-0.42325,-0.12863,0.14415,-0.51903,0.47151,0.47939,0.52771,103.39656
-0.42325,-0.12837,0.14415,-0.51905,0.47156,0.47937,0.52765,103.49657
-0.42325,-0.12813,0.14415,-0.51907,0.47161,0.47936,0.52760,103.59659
-0.42325,-0.12790,0.14416,-0.51909,0.47166,0.47935,0.52755,103.69660
-0.42325,-0.12769,0.14416,-0.51911,0.47172,0.47934,0.52749,103.79661
-0.42325,-0.12750,0.14416,-0.51913,0.47177,0.47932,0.52744,103.89663
-0.42325,-0.12733,0.14416,-0.51914,0.47182,0.47931,0.52738,103.99664
-0.42325,-0.12717,0.14416,-0.51916,0.47187,0.47930,0.52733,104.09665
-0.42325,-0.12704,0.14416,-0.51918,0.47193,0.47929,0.52728,104.19666
-0.42325,-0.12692,0.14417,-0.51920,0.47198,0.47927,0.52722,104.29668
-0.42325,-0.12682,0.14417,-0.51922,0.47203,0.47926,0.52717,104.39669
-0.42325,-0.12674,0.14417,-0.51924,0.47209,0.47925,0.52711,104.49670
-0.42325,-0.12668,0.14417,-0.51926,0.47214,0.47923,0.52706,104.59671
-0.42325,-0.12664,0.14417,-0.51928,0.47219,0.47922,0.52701,104.69672
-0.42325,-0.12662,0.14417,-0.51929,0.47224,0.47921,0.52695,104.79673
-0.42325,-0.12661,0.14417,-0.51931,0.47230,0.47920,0.52690,104.89674
-0.42325,-0.12662,0.14418,-0.51933,0.47235,0.47918,0.52684,104.99675
-0.42325,-0.12665,0.14418,-0.51935,0.47240,0.47917,0.52679,105.09676
-0.42325,-0.12670,0.14418,-0.51937,0.47245,0.47916,0.52674,105.19677
-0.42325,-0.12676,0.14418,-0.51939,0.47251,0.47914,0.52668,105.29678
-0.42325,-0.12683,0.14418,-0.51941,0.47256,0.47913,0.52663,105.39679
-0.42325,-0.12692,0.14418,-0.51942,0.47261,0.47912,0.52657,105.49680
-0.42325,-0.12702,0.14418,-0.51944,0.47267,0.47911,0.52652,105.59681
-0.42325,-0.12713,0.14419,-0.51946,0.47272,0.47909,0.52647,105.69682
-0.42325,-0.12726,0.14419,-0.51948,0.47277,0.47908,0.52641,105.79683
-0.42325,-0.12739,0.14419,-0.51950,0.47282,0.47907,0.52636,105.89684
-0.42325,-0.12753,0.14419,-0.51952,0.47288,0.47905,0.52630,105.99685
-0.42325,-0.12767,0.14419,-0.51954,0.47293,0.47904,0.52625,106.09685
-0.42325,-0.12783,0.14419,-0.51956,0.47298,0.47903,0.52620,106.19686
-0.42325,-0.12798,0.14419,-0.51957,0.47304,0.47902,0.52614,106.29687
-0.42325,-0.12814,0.14419,-0.51959,0.47309,0.47900,0.52609,106.39688
-0.42325,-0.12830,0.14420,-0.51961,0.47314,0.47899,0.52603,106.49689
-0.42325,-0.12846,0.14420,-0.51963,0.47319,0.47898,0.52598,106.59689
-0.42325,-0.12861,0.14420,-0.51965,0.47325,0.47896,0.52592,106.69690
-0.42325,-0.12877,0.14420,-0.51967,0.47330,0.47895,0.52587,106.79691
-0.42325,-0.12892,0.14420,-0.51969,0.47335,0.47894,0.52582,106.89692
-0.42325,-0.12906,0.14420,-0.51970,0.47341,0.47892,0.52576,106.99692
-0.42325,-0.12920,0.14420,-0.51972,0.47346,0.47891,0.52571,107.09693
-0.42325,-0.12933,0.14420,-0.51974,0.47351,0.47890,0.52565,107.19694
-0.42325,-0.12945,0.14421,-0.51976,0.47356,0.47888,0.52560,107.29694
-0.42325,-0.12956,0.14421,-0.51978,0.47362,0.47887,0.52555,107.39695
-0.42325,-0.12965,0.14421,-0.51980,0.47367,0.47886,0.52549,107.49695
-0.42325,-0.12974,0.14421,-0.51982,0.47372,0.47885,0.52544,107.59696
-0.42325,-0.12981,0.14421,-0.51984,0.47378,0.47883,0.52538,107.69697
-0.42325,-0.12987,0.14421,-0.51985,0.47383,0.47882,0.52533,107.79697
-0.42325,-0.12991,0.14421,-0.51987,0.47388,0.47881,0.52527,107.89698
-0.42325,-0.12993,0.14421,-0.51989,0.47394,0.47879,0.52522,107.99698
-0.42325,-0.12994,0.14421,-0.51991,0.47399,0.47878,0.52517,108.09699
-0.42325,-0.12993,0.14421,-0.51993,0.47404,0.47877,0.52511,108.19699
-0.42325,-0.12990,0.14422,-0.51995,0.47409,0.47875,0.52506,108.29700
-0.42325,-0.12986,0.14422,-0.51997,0.47415,0.47874,0.52500,108.39700
-0.42325,-0.12980,0.14422,-0.51998,0.47420,0.47873,0.52495,108.49701
-0.42325,-0.12971,0.14422,-0.52000,0.47425,0.47871,0.52489,108.59701
-0.42325,-0.12961,0.14422,-0.52002,0.47431,0.47870,0.52484,108.69701
-0.42325,-0.12949,0.14422,-0.52004,0.47436,0.47869,0.52479,108.79702
-0.42325,-0.12935,0.14422,-0.52006,0.47441,0.47867,0.52473,108.89702
-0.42325,-0.12919,0.14422,-0.52008,0.47446,0.47866,0.52468,108.99703
-0.42325,-0.12902,0.14422,-0.52010,0.47452,0.47865,0.52462,109.09703
-0.42325,-0.12883,0.14422,-0.52012,0.47457,0.47863,0.52457,109.19703
-0.42325,-0.12862,0.14422,-0.52013,0.47462,0.47862,0.52451,109.29704
-0.42325,-0.12839,0.14423,-0.52015,0.47468,0.47861,0.52446,109.39704
-0.42325,-0.12815,0.14423,-0.52017,0.47473,0.47859,0.52441,109.49704
-0.42325,-0.12789,0.14423,-0.52019,0.47478,0.47858,0.52435,109.59705
-0.42325,-0.12761,0.14423,-0.52021,0.47484,0.47857,0.52430,109.69705
-0.42325,-0.12733,0.14423,-0.52023,0.47489,0.47855,0.52424,109.79705
-0.42325,-0.12703,0.14423,-0.52025,0.47494,0.47854,0.52419,109.89706
-0.42325,-0.12672,0.14423,-0.52026,0.47499,0.47853,0.52413,109.99706
-0.42325,-0.12640,0.14423,-0.52028,0.47505,0.47851,0.52408,110.09706
-0.42325,-0.12607,0.14423,-0.52030,0.47510,0.47850,0.52403,110.19706
-0.42325,-0.12574,0.14423,-0.52032,0.47515,0.47849,0.52397,110.29707
-0.42325,-0.12539,0.14423,-0.52034,0.47521,0.47847,0.52392,110.39707
-0.42325,-0.12504,0.14423,-0.52036,0.47526,0.47846,0.52386,110.49707
-0.42325,-0.12469,0.14423,-0.52038,0.47531,0.47845,0.52381,110.59707
-0.42325,-0.12434,0.14424,-0.52040,0.47537,0.47843,0.52375,110.69708
-0.42325,-0.12398,0.14424,-0.52041,0.47542,0.47842,0.52370,110.79708
-0.42325,-0.12363,0.14424,-0.52043,0.47547,0.47841,0.52364,110.89708
-0.42325,-0.12327,0.14424,-0.52045,0.47553,0.47839,0.52359,110.99708
-0.42325,-0.12292,0.14424,-0.52047,0.47558,0.47838,0.52354,111.09708
-0.42325,-0.12257,0.14424,-0.52049,0.47563,0.47837,0.52348,111.19709
-0.42325,-0.12223,0.14424,-0.52051,0.47568,0.47835,0.52343,111.29709
-0.42325,-0.12190,0.14424,-0.52053,0.47574,0.47834,0.52337,111.39709
-0.42325,-0.12157,0.14424,-0.52054,0.47579,0.47833,0.52332,111.49709
-0.42325,-0.12125,0.14424,-0.52056,0.47584,0.47831,0.52326,111.59709
-0.42325,-0.12095,0.14424,-0.52058,0.47590,0.47830,0.52321,111.69709
-0.42325,-0.12065,0.14424,-0.52060,0.47595,0.47829,0.52315,111.79709
-0.42325,-0.12037,0.14424,-0.52062,0.47600,0.47827,0.52310,111.89710
-0.42325,-0.12010,0.14424,-0.52064,0.47606,0.47826,0.52305,111.99710
-0.42325,-0.11984,0.14424,-0.52066,0.47611,0.47824,0.52299,112.09710
-0.42325,-0.11960,0.14424,-0.52067,0.47616,0.47823,0.52294,112.19710
-0.42325,-0.11938,0.14424,-0.52069,0.47622,0.47822,0.52288,112.29710
-0.42325,-0.11917,0.14424,-0.52071,0.47627,0.47820,0.52283,112.39710
-0.42325,-0.11898,0.14424,-0.52073,0.47632,0.47819,0.52277,112.49710
-0.42325,-0.11881,0.14424,-0.52075,0.47637,0.47818,0.52272,112.59710
-0.42325,-0.11866,0.14425,-0.52077,0.47643,0.47816,0.52266,112.69710
-0.42325,-0.11852,0.14425,-0.52079,0.47648,0.47815,0.52261,112.79710
-0.42325,-0.11840,0.14425,-0.52080,0.47653,0.47814,0.52256,112.89710
-0.42325,-0.11830,0.14425,-0.52082,0.47659,0.47812,0.52250,112.99710
-0.42325,-0.11822,0.14425,-0.52084,0.47664,0.47811,0.52245,113.09710
-0.42325,-0.11816,0.14425,-0.52086,0.47669,0.47810,0.52239,113.19711
-0.42325,-0.11812,0.14425,-0.52088,0.47675,0.47808,0.52234,113.29711
-0.42325,-0.11809,0.14425,-0.52090,0.47680,0.47807,0.52228,113.39711
-0.42325,-0.11808,0.14425,-0.52092,0.47685,0.47805,0.52223,113.49711
-0.42325,-0.11809,0.14425,-0.52093,0.47691,0.47804,0.52217,113.59711
-0.42325,-0.11812,0.14425,-0.52095,0.47696,0.47803,0.52212,113.69711
-0.42325,-0.11816,0.14425,-0.52097,0.47701,0.47801,0.52207,113.79711
-0.42325,-0.11822,0.14425,-0.52099,0.47706,0.47800,0.52201,113.89711
-0.42325,-0.11829,0.14425,-0.52101,0.47712,0.47799,0.52196,113.99711
-0.42325,-0.11837,0.14425,-0.52103,0.47717,0.47797,0.52190,114.09711
-0.42325,-0.11847,0.14425,-0.52105,0.47722,0.47796,0.52185,114.19711
-0.42325,-0.11857,0.14425,-0.52106,0.47728,0.47795,0.52179,114.29711
-0.42325,-0.11869,0.14425,-0.52108,0.47733,0.47793,0.52174,114.39711
-0.42325,-0.11882,0.14425,-0.52110,0.47738,0.47792,0.52168,114.49711
-0.42325,-0.11895,0.14425,-0.52112,0.47744,0.47790,0.52163,114.59711
-0.42325,-0.11909,0.14425,-0.52114,0.47749,0.47789,0.52158,114.69711
-0.42325,-0.11924,0.14425,-0.52116,0.47754,0.47788,0.52152,114.79711
-0.42325,-0.11938,0.14425,-0.52117,0.47760,0.47786,0.52147,114.89711
-0.42325,-0.11954,0.14425,-0.52119,0.47765,0.47785,0.52141,114.99711
-0.42325,-0.11969,0.14425,-0.52121,0.47770,0.47784,0.52136,115.09711
-0.42325,-0.11984,0.14425,-0.52123,0.47775,0.47782,0.52130,115.19711
-0.42325,-0.11999,0.14425,-0.52125,0.47781,0.47781,0.52125,115.29711
-0.42325,-0.12014,0.14425,-0.52127,0.47786,0.47779,0.52119,115.39711
-0.42325,-0.12029,0.14425,-0.52129,0.47791,0.47778,0.52114,115.49711
-0.42325,-0.12043,0.14425,-0.52130,0.47797,0.47777,0.52108,115.59711
-0.42325,-0.12056,0.14425,-0.52132,0.47802,0.47775,0.52103,115.69711
-0.42325,-0.12068,0.14425,-0.52134,0.47807,0.47774,0.52098,115.79711
-0.42325,-0.12080,0.14425,-0.52136,0.47813,0.47773,0.52092,115.89711
-0.42325,-0.12090,0.14425,-0.52138,0.47818,0.47771,0.52087,115.99711
-0.42325,-0.12100,0.14425,-0.52140,0.47823,0.47770,0.52081,116.09711
-0.42325,-0.12108,0.14425,-0.52141,0.47829,0.47768,0.52076,116.19711
-0.42325,-0.12114,0.14425,-0.52143,0.47834,0.47767,0.52070,116.29711
-0.42325,-0.12120,0.14425,-0.52145,0.47839,0.47766,0.52065,116.39711
-0.42325,-0.12124,0.14425,-0.52147,0.47845,0.47764,0.52059,116.49711
-0.42325,-0.12126,0.14425,-0.52149,0.47850,0.47763,0.52054,116.59711
-0.42325,-0.12127,0.14425,-0.52151,0.47855,0.47761,0.52049,116.69711
-0.42325,-0.12125,0.14425,-0.52152,0.47860,0.47760,0.52043,116.79711
-0.42325,-0.12123,0.14425,-0.52154,0.47866,0.47759,0.52038,116.89711
-0.42325,-0.12118,0.14425,-0.52156,0.47871,0.47757,0.52032,116.99711
-0.42325,-0.12112,0.14425,-0.52158,0.47876,0.47756,0.52027,117.09711
-0.42325,-0.12103,0.14425,-0.52160,0.47882,0.47755,0.52021,117.19711
-0.42325,-0.12093,0.14425,-0.52162,0.47887,0.47753,0.52016,117.29711
-0.42325,-0.12081,0.14425,-0.52163,0.47892,0.47752,0.52010,117.39711
-0.42325,-0.12068,0.14425,-0.52165,0.47898,0.47750,0.52005,117.49711
-0.42325,-0.12052,0.14425,-0.52167,0.47903,0.47749,0.51999,117.59711
-0.42325,-0.12035,0.14425,-0.52169,0.47908,0.47748,0.51994,117.69711
-0.42325,-0.12016,0.14425,-0.52171,0.47914,0.47746,0.51989,117.79711
-0.42325,-0.11995,0.14425,-0.52173,0.47919,0.47745,0.51983,117.89711
-0.42325,-0.11973,0.14424,-0.52174,0.47924,0.47743,0.51978,117.99711
-0.42325,-0.11949,0.14424,-0.52176,0.47929,0.47742,0.51972,118.09712
-0.42325,-0.11923,0.14424,-0.52178,0.47935,0.47741,0.51967,118.19712
-0.42325,-0.11896,0.14424,-0.52180,0.47940,0.47739,0.51961,118.29712
-0.42325,-0.11868,0.14424,-0.52182,0.47945,0.47738,0.51956,118.39712
-0.42325,-0.11839,0.14424,-0.52183,0.47951,0.47736,0.51950,118.49712
-0.42325,-0.11808,0.14424,-0.52185,0.47956,0.47735,0.51945,118.59712
-0.42325,-0.11777,0.14424,-0.52187,0.47961,0.47734,0.51940,118.69712
-0.42325,-0.11745,0.14424,-0.52189,0.47967,0.47732,0.51934,118.79712
-0.42325,-0.11712,0.14424,-0.52191,0.47972,0.47731,0.51929,118.89712
-0.42325,-0.11678,0.14424,-0.52193,0.47977,0.47730,0.51923,118.99712
-0.42325,-0.11644,0.14424,-0.52194,0.47982,0.47728,0.51918,119.09713
-0.42325,-0.11609,0.14424,-0.52196,0.47988,0.47727,0.51912,119.19713
-0.42325,-0.11574,0.14424,-0.52198,0.47993,0.47725,0.51907,119.29713
-0.42325,-0.11539,0.14424,-0.52200,0.47998,0.47724,0.51901,119.39713
-0.42325,-0.11504,0.14424,-0.52202,0.48004,0.47723,0.51896,119.49713
-0.42325,-0.11469,0.14424,-0.52203,0.48009,0.47721,0.51890,119.59713
-0.42325,-0.11435,0.14424,-0.52205,0.48014,0.47720,0.51885,119.69714
-0.42325,-0.11400,0.14424,-0.52207,0.48020,0.47718,0.51880,119.79714
-0.42325,-0.11367,0.14424,-0.52209,0.48025,0.47717,0.51874,119.89714
-0.42325,-0.11334,0.14423,-0.52211,0.48030,0.47716,0.51869,119.99714
-0.42325,-0.11302,0.14423,-0.52213,0.48036,0.47714,0.51863,120.09714
-0.42325,-0.11270,0.14423,-0.52214,0.48041,0.47713,0.51858,120.19715
-0.42325,-0.11240,0.14423,-0.52216,0.48046,0.47711,0.51852,120.29715
-0.42325,-0.11211,0.14423,-0.52218,0.48051,0.47710,0.51847,120.39715
-0.42325,-0.11183,0.14423,-0.52220,0.48057,0.47709,0.51841,120.49715
-0.42325,-0.11157,0.14423,-0.52222,0.48062,0.47707,0.51836,120.59716
-0.42325,-0.11131,0.14423,-0.52223,0.48067,0.47706,0.51831,120.69716
-0.42325,-0.11108,0.14423,-0.52225,0.48073,0.47704,0.51825,120.79716
-0.42325,-0.11085,0.14423,-0.52227,0.48078,0.47703,0.51820,120.89717
-0.42325,-0.11065,0.14423,-0.52229,0.48083,0.47702,0.51814,120.99717
-0.42325,-0.11046,0.14423,-0.52231,0.48089,0.47700,0.51809,121.09717
-0.42325,-0.11029,0.14423,-0.52232,0.48094,0.47699,0.51803,121.19718
-0.42325,-0.11014,0.14422,-0.52234,0.48099,0.47697,0.51798,121.29718
-0.42325,-0.11000,0.14422,-0.52236,0.48104,0.47696,0.51792,121.39718
-0.42325,-0.10988,0.14422,-0.52238,0.48110,0.47695,0.51787,121.49719
-0.42325,-0.10978,0.14422,-0.52240,0.48115,0.47693,0.51782,121.59719
-0.42325,-0.10970,0.14422,-0.52241,0.48120,0.47692,0.51776,121.69719
-0.42325,-0.10964,0.14422,-0.52243,0.48126,0.47690,0.51771,121.79720
-0.42325,-0.10959,0.14422,-0.52245,0.48131,0.47689,0.51765,121.89720
-0.42325,-0.10957,0.14422,-0.52247,0.48136,0.47688,0.51760,121.99721
-0.42325,-0.10956,0.14422,-0.52248,0.48141,0.47686,0.51754,122.09721
-0.42325,-0.10956,0.14422,-0.52250,0.48147,0.47685,0.51749,122.19722
-0.42325,-0.10958,0.14422,-0.52252,0.48152,0.47683,0.51744,122.29722
-0.42325,-0.10962,0.14421,-0.52254,0.48157,0.47682,0.51738,122.39722
-0.42325,-0.10967,0.14421,-0.52256,0.48163,0.47681,0.51733,122.49723
-0.42325,-0.10974,0.14421,-0.52257,0.48168,0.47679,0.51727,122.59723
-0.42325,-0.10982,0.14421,-0.52259,0.48173,0.47678,0.51722,122.69724
-0.42325,-0.10991,0.14421,-0.52261,0.48179,0.47676,0.51716,122.79725
-0.42325,-0.11001,0.14421,-0.52263,0.48184,0.47675,0.51711,122.89725
-0.42325,-0.11012,0.14421,-0.52265,0.48189,0.47674,0.51705,122.99726
-0.42325,-0.11024,0.14421,-0.52266,0.48194,0.47672,0.51700,123.09726
-0.42325,-0.11037,0.14421,-0.52268,0.48200,0.47671,0.51695,123.19727
-0.42325,-0.11051,0.14421,-0.52270,0.48205,0.47669,0.51689,123.29727
-0.42325,-0.11065,0.14420,-0.52272,0.48210,0.47668,0.51684,123.39728
-0.42325,-0.11079,0.14420,-0.52273,0.48216,0.47667,0.51678,123.49729
-0.42325,-0.11094,0.14420,-0.52275,0.48221,0.47665,0.51673,123.59729
-0.42325,-0.11108,0.14420,-0.52277,0.48226,0.47664,0.51667,123.69730
-0.42325,-0.11123,0.14420,-0.52279,0.48231,0.47662,0.51662,123.79731
-0.42325,-0.11138,0.14420,-0.52281,0.48237,0.47661,0.51657,123.89732
-0.42325,-0.11152,0.14420,-0.52282,0.48242,0.47660,0.51651,123.99732
-0.42325,-0.11166,0.14420,-0.52284,0.48247,0.47658,0.51646,124.09733
-0.42325,-0.11179,0.14419,-0.52286,0.48253,0.47657,0.51640,124.19734
-0.42325,-0.11192,0.14419,-0.52288,0.48258,0.47655,0.51635,124.29735
-0.42325,-0.11204,0.14419,-0.52289,0.48263,0.47654,0.51629,124.39735
-0.42325,-0.11215,0.14419,-0.52291,0.48268,0.47653,0.51624,124.49736
-0.42325,-0.11225,0.14419,-0.52293,0.48274,0.47651,0.51619,124.59737
-0.42325,-0.11234,0.14419,-0.52295,0.48279,0.47650,0.51613,124.69738
-0.42325,-0.11242,0.14419,-0.52296,0.48284,0.47648,0.51608,124.79739
-0.42325,-0.11248,0.14419,-0.52298,0.48289,0.47647,0.51602,124.89740
-0.42325,-0.11253,0.14418,-0.52300,0.48295,0.47646,0.51597,124.99740
-0.42325,-0.11257,0.14418,-0.52302,0.48300,0.47644,0.51591,125.09741
-0.42325,-0.11259,0.14418,-0.52303,0.48305,0.47643,0.51586,125.19742
-0.42325,-0.11259,0.14418,-0.52305,0.48311,0.47641,0.51581,125.29743
-0.42325,-0.11258,0.14418,-0.52307,0.48316,0.47640,0.51575,125.39744
-0.42325,-0.11255,0.14418,-0.52309,0.48321,0.47639,0.51570,125.49745
-0.42325,-0.11250,0.14418,-0.52310,0.48326,0.47637,0.51564,125.59746
-0.42325,-0.11244,0.14417,-0.52312,0.48332,0.47636,0.51559,125.69747
-0.42325,-0.11236,0.14417,-0.52314,0.48337,0.47634,0.51554,125.79748
-0.42325,-0.11226,0.14417,-0.52316,0.48342,0.47633,0.51548,125.89750
-0.42325,-0.11214,0.14417,-0.52317,0.48347,0.47632,0.51543,125.99751
-0.42325,-0.11200,0.14417,-0.52319,0.48353,0.47630,0.51537,126.09752
-0.42325,-0.11185,0.14417,-0.52321,0.48358,0.47629,0.51532,126.19753
-0.42325,-0.11168,0.14417,-0.52323,0.48363,0.47627,0.51526,126.29754
-0.42325,-0.11149,0.14416,-0.52324,0.48369,0.47626,0.51521,126.39755
-0.42325,-0.11128,0.14416,-0.52326,0.48374,0.47625,0.51516,126.49756
-0.42325,-0.11106,0.14416,-0.52328,0.48379,0.47623,0.51510,126.59758
-0.42325,-0.11083,0.14416,-0.52330,0.48384,0.47622,0.51505,126.69759
-0.42325,-0.11058,0.14416,-0.52331,0.48390,0.47620,0.51499,126.79760
-0.42325,-0.11031,0.14416,-0.52333,0.48395,0.47619,0.51494,126.89761
-0.42325,-0.11004,0.14415,-0.52335,0.48400,0.47618,0.51489,126.99763
-0.42325,-0.10975,0.14415,-0.52336,0.48405,0.47616,0.51483,127.09764
-0.42325,-0.10945,0.14415,-0.52338,0.48411,0.47615,0.51478,127.19766
-0.42325,-0.10914,0.14415,-0.52340,0.48416,0.47613,0.51472,127.29767
-0.42325,-0.10882,0.14415,-0.52342,0.48421,0.47612,0.51467,127.39768
-0.42325,-0.10850,0.14415,-0.52343,0.48426,0.47611,0.51461,127.49770
-0.42325,-0.10816,0.14414,-0.52345,0.48432,0.47609,0.51456,127.59771
-0.42325,-0.10783,0.14414,-0.52347,0.48437,0.47608,0.51451,127.69773
-0.42325,-0.10749,0.14414,-0.52349,0.48442,0.47606,0.51445,127.79774
-0.42325,-0.10714,0.14414,-0.52350,0.48447,0.47605,0.51440,127.89776
-0.42325,-0.10680,0.14414,-0.52352,0.48453,0.47604,0.51434,127.99777
-0.42325,-0.10646,0.14414,-0.52354,0.48458,0.47602,0.51429,128.09779
-0.42325,-0.10611,0.14413,-0.52355,0.48463,0.47601,0.51424,128.19780
-0.42325,-0.10577,0.14413,-0.52357,0.48469,0.47599,0.51418,128.29782
-0.42325,-0.10544,0.14413,-0.52359,0.48474,0.47598,0.51413,128.39784
-0.42325,-0.10510,0.14413,-0.52361,0.48479,0.47597,0.51407,128.49785
-0.42325,-0.10478,0.14413,-0.52362,0.48484,0.47595,0.51402,128.59787
-0.42325,-0.10446,0.14412,-0.52364,0.48490,0.47594,0.51397,128.69789
-0.42325,-0.10415,0.14412,-0.52366,0.48495,0.47592,0.51391,128.79791
-0.42325,-0.10386,0.14412,-0.52367,0.48500,0.47591,0.51386,128.89792
-0.42325,-0.10357,0.14412,-0.52369,0.48505,0.47590,0.51380,128.99794
-0.42325,-0.10329,0.14412,-0.52371,0.48511,0.47588,0.51375,129.09796
-0.42325,-0.10303,0.14412,-0.52372,0.48516,0.47587,0.51370,129.19798
-0.42325,-0.10278,0.14411,-0.52374,0.48521,0.47585,0.51364,129.29800
-0.42325,-0.10255,0.14411,-0.52376,0.48526,0.47584,0.51359,129.39802
-0.42325,-0.10233,0.14411,-0.52378,0.48531,0.47583,0.51353,129.49804
-0.42325,-0.10212,0.14411,-0.52379,0.48537,0.47581,0.51348,129.59806
-0.42325,-0.10194,0.14411,-0.52381,0.48542,0.47580,0.51343,129.69807
-0.42325,-0.10177,0.14410,-0.52383,0.48547,0.47578,0.51337,129.79810
-0.42325,-0.10161,0.14410,-0.52384,0.48552,0.47577,0.51332,129.89812
-0.42325,-0.10148,0.14410,-0.52386,0.48558,0.47576,0.51327,129.99814
-0.42325,-0.10136,0.14410,-0.52388,0.48563,0.47574,0.51321,130.09816
-0.42325,-0.10126,0.14410,-0.52389,0.48568,0.47573,0.51316,130.19818
-0.42325,-0.10118,0.14409,-0.52391,0.48573,0.47572,0.51310,130.29820
-0.42325,-0.10111,0.14409,-0.52393,0.48579,0.47570,0.51305,130.39822
-0.42325,-0.10107,0.14409,-0.52394,0.48584,0.47569,0.51300,130.49824
-0.42325,-0.10104,0.14409,-0.52396,0.48589,0.47567,0.51294,130.59827
-0.42325,-0.10102,0.14408,-0.52398,0.48594,0.47566,0.51289,130.69829
-0.42325,-0.10103,0.14408,-0.52399,0.48600,0.47565,0.51284,130.79831
-0.42325,-0.10105,0.14408,-0.52401,0.48605,0.47563,0.51278,130.89834
-0.42325,-0.10108,0.14408,-0.52403,0.48610,0.47562,0.51273,130.99836
-0.42325,-0.10113,0.14408,-0.52404,0.48615,0.47560,0.51267,131.09838
-0.42325,-0.10119,0.14407,-0.52406,0.48620,0.47559,0.51262,131.19841
-0.42325,-0.10126,0.14407,-0.52408,0.48626,0.47558,0.51257,131.29843
-0.42325,-0.10135,0.14407,-0.52409,0.48631,0.47556,0.51251,131.39846
-0.42325,-0.10145,0.14407,-0.52411,0.48636,0.47555,0.51246,131.49848
-0.42325,-0.10155,0.14406,-0.52413,0.48641,0.47554,0.51241,131.59851
-0.42325,-0.10167,0.14406,-0.52414,0.48647,0.47552,0.51235,131.69853
-0.42325,-0.10179,0.14406,-0.52416,0.48652,0.47551,0.51230,131.79856
-0.42325,-0.10192,0.14406,-0.52418,0.48657,0.47549,0.51224,131.89859
-0.42325,-0.10206,0.14406,-0.52419,0.48662,0.47548,0.51219,131.99861
-0.42325,-0.10219,0.14405,-0.52421,0.48667,0.47547,0.51214,132.09864
-0.42325,-0.10233,0.14405,-0.52423,0.48673,0.47545,0.51208,132.19867
-0.42325,-0.10248,0.14405,-0.52424,0.48678,0.47544,0.51203,132.29869
-0.42325,-0.10262,0.14405,-0.52426,0.48683,0.47542,0.51198,132.39872
-0.42325,-0.10276,0.14404,-0.52428,0.48688,0.47541,0.51192,132.49875
-0.42325,-0.10290,0.14404,-0.52429,0.48694,0.47540,0.51187,132.59878
-0.42325,-0.10303,0.14404,-0.52431,0.48699,0.47538,0.51182,132.69881
-0.42325,-0.10316,0.14404,-0.52432,0.48704,0.47537,0.51176,132.79884
-0.42325,-0.10328,0.14403,-0.52434,0.48709,0.47536,0.51171,132.89887
-0.42325,-0.10339,0.14403,-0.52436,0.48714,0.47534,0.51165,132.99890
-0.42325,-0.10350,0.14403,-0.52437,0.48720,0.47533,0.51160,133.09893
-0.42325,-0.10360,0.14403,-0.52439,0.48725,0.47531,0.51155,133.19896
-0.42325,-0.10368,0.14402,-0.52441,0.48730,0.47530,0.51149,133.29899
-0.42325,-0.10376,0.14402,-0.52442,0.48735,0.47529,0.51144,133.39902
-0.42325,-0.10382,0.14402,-0.52444,0.48740,0.47527,0.51139,133.49905
-0.42325,-0.10386,0.14402,-0.52446,0.48746,0.47526,0.51133,133.59908
-0.42325,-0.10390,0.14401,-0.52447,0.48751,0.47525,0.51128,133.69912
-0.42325,-0.10392,0.14401,-0.52449,0.48756,0.47523,0.51123,133.79915
-0.42325,-0.10392,0.14401,-0.52450,0.48761,0.47522,0.51117,133.89918
-0.42325,-0.10390,0.14401,-0.52452,0.48766,0.47520,0.51112,133.99921
-0.42325,-0.10387,0.14400,-0.52454,0.48772,0.47519,0.51107,134.09925
-0.42325,-0.10383,0.14400,-0.52455,0.48777,0.47518,0.51101,134.19928
-0.42325,-0.10376,0.14400,-0.52457,0.48782,0.47516,0.51096,134.29932
-0.42325,-0.10368,0.14400,-0.52458,0.48787,0.47515,0.51091,134.39935
-0.42325,-0.10358,0.14399,-0.52460,0.48792,0.47514,0.51085,134.49939
-0.42325,-0.10346,0.14399,-0.52462,0.48797,0.47512,0.51080,134.59942
-0.42325,-0.10333,0.14399,-0.52463,0.48803,0.47511,0.51075,134.69946
-0.42325,-0.10318,0.14399,-0.52465,0.48808,0.47510,0.51069,134.79949
-0.42325,-0.10301,0.14398,-0.52467,0.48813,0.47508,0.51064,134.89953
-0.42325,-0.10282,0.14398,-0.52468,0.48818,0.47507,0.51059,134.99957
-0.42325,-0.10262,0.14398,-0.52470,0.48823,0.47505,0.51053,135.09960
-0.42325,-0.10240,0.14397,-0.52471,0.48829,0.47504,0.51048,135.19964
-0.42325,-0.10217,0.14397,-0.52473,0.48834,0.47503,0.51043,135.29968
-0.42325,-0.10192,0.14397,-0.52474,0.48839,0.47501,0.51037,135.39972
-0.42325,-0.10167,0.14397,-0.52476,0.48844,0.47500,0.51032,135.49976
-0.42325,-0.10139,0.14396,-0.52478,0.48849,0.47499,0.51027,135.59980
-0.42325,-0.10111,0.14396,-0.52479,0.48854,0.47497,0.51021,135.69984
-0.42325,-0.10081,0.14396,-0.52481,0.48860,0.47496,0.51016,135.79988
-0.42325,-0.10051,0.14396,-0.52482,0.48865,0.47495,0.51011,135.89992
-0.42325,-0.10020,0.14395,-0.52484,0.48870,0.47493,0.51005,135.99996
-0.42325,-0.09988,0.14395,-0.52486,0.48875,0.47492,0.51000,136.10000
-0.42325,-0.09955,0.14395,-0.52487,0.48880,0.47490,0.50995,136.20004
-0.42325,-0.09922,0.14394,-0.52489,0.48885,0.47489,0.50989,136.30008
-0.42325,-0.09888,0.14394,-0.52490,0.48891,0.47488,0.50984,136.40012
-0.42325,-0.09855,0.14394,-0.52492,0.48896,0.47486,0.50979,136.50017
-0.42325,-0.09821,0.14393,-0.52493,0.48901,0.47485,0.50974,136.60021
-0.42325,-0.09787,0.14393,-0.52495,0.48906,0.47484,0.50968,136.70025
-0.42325,-0.09753,0.14393,-0.52497,0.48911,0.47482,0.50963,136.80030
-0.42325,-0.09720,0.14393,-0.52498,0.48916,0.47481,0.50958,136.90034
-0.42325,-0.09687,0.14392,-0.52500,0.48922,0.47480,0.50952,137.00038
-0.42325,-0.09654,0.14392,-0.52501,0.48927,0.47478,0.50947,137.10043
-0.42325,-0.09622,0.14392,-0.52503,0.48932,0.47477,0.50942,137.20047
-0.42325,-0.09591,0.14391,-0.52504,0.48937,0.47476,0.50936,137.30052
-0.42325,-0.09560,0.14391,-0.52506,0.48942,0.47474,0.50931,137.40057
-0.42325,-0.09531,0.14391,-0.52507,0.48947,0.47473,0.50926,137.50061
-0.42325,-0.09503,0.14390,-0.52509,0.48953,0.47472,0.50921,137.60066
-0.42325,-0.09475,0.14390,-0.52511,0.48958,0.47470,0.50915,137.70071
-0.42325,-0.09449,0.14390,-0.52512,0.48963,0.47469,0.50910,137.80076
-0.42325,-0.09425,0.14390,-0.52514,0.48968,0.47468,0.50905,137.90080
-0.42325,-0.09402,0.14389,-0.52515,0.48973,0.47466,0.50899,138.00085
-0.42325,-0.09380,0.14389,-0.52517,0.48978,0.47465,0.50894,138.10090
-0.42325,-0.09360,0.14389,-0.52518,0.48983,0.47464,0.50889,138.20095
-0.42325,-0.09341,0.14388,-0.52520,0.48988,0.47462,0.50884,138.30100
-0.42325,-0.09324,0.14388,-0.52521,0.48994,0.47461,0.50878,138.40105
-0.42325,-0.09309,0.14388,-0.52523,0.48999,0.47460,0.50873,138.50110
-0.42325,-0.09296,0.14387,-0.52524,0.49004,0.47458,0.50868,138.60115
-0.42325,-0.09284,0.14387,-0.52526,0.49009,0.47457,0.50862,138.70120
-0.42325,-0.09274,0.14387,-0.52527,0.49014,0.47456,0.50857,138.80126
-0.42325,-0.09265,0.14386,-0.52529,0.49019,0.47454,0.50852,138.90131
-0.42325,-0.09259,0.14386,-0.52531,0.49024,0.47453,0.50847,139.00136
-0.42325,-0.09254,0.14386,-0.52532,0.49030,0.47452,0.50841,139.10141
-0.42325,-0.09251,0.14385,-0.52534,0.49035,0.47450,0.50836,139.20147
-0.42325,-0.09249,0.14385,-0.52535,0.49040,0.47449,0.50831,139.30152
-0.42325,-0.09249,0.14385,-0.52537,0.49045,0.47448,0.50826,139.40158
-0.42325,-0.09251,0.14384,-0.52538,0.49050,0.47446,0.50820,139.50163
-0.42325,-0.09254,0.14384,-0.52540,0.49055,0.47445,0.50815,139.60169
-0.42325,-0.09258,0.14384,-0.52541,0.49060,0.47444,0.50810,139.70174
-0.42325,-0.09264,0.14383,-0.52543,0.49065,0.47442,0.50804,139.80180
-0.42325,-0.09271,0.14383,-0.52544,0.49070,0.47441,0.50799,139.90186
-0.42325,-0.09279,0.14383,-0.52546,0.49076,0.47440,0.50794,140.00191
-0.42325,-0.09288,0.14382,-0.52547,0.49081,0.47438,0.50789,140.10197
-0.42325,-0.09299,0.14382,-0.52549,0.49086,0.47437,0.50783,140.20203
-0.42325,-0.09310,0.14382,-0.52550,0.49091,0.47436,0.50778,140.30209
-0.42325,-0.09321,0.14381,-0.52552,0.49096,0.47434,0.50773,140.40215
-0.42325,-0.09334,0.14381,-0.52553,0.49101,0.47433,0.50768,140.50221
-0.42325,-0.09347,0.14381,-0.52555,0.49106,0.47432,0.50762,140.60227
-0.42325,-0.09360,0.14380,-0.52556,0.49111,0.47430,0.50757,140.70233
-0.42325,-0.09373,0.14380,-0.52558,0.49116,0.47429,0.50752,140.80239
-0.42325,-0.09387,0.14380,-0.52559,0.49122,0.47428,0.50747,140.90245
-0.42325,-0.09401,0.14379,-0.52560,0.49127,0.47427,0.50741,141.00251
-0.42325,-0.09414,0.14379,-0.52562,0.49132,0.47425,0.50736,141.10257
-0.42325,-0.09427,0.14379,-0.52563,0.49137,0.47424,0.50731,141.20264
-0.42325,-0.09440,0.14378,-0.52565,0.49142,0.47423,0.50726,141.30270
-0.42325,-0.09452,0.14378,-0.52566,0.49147,0.47421,0.50721,141.40276
-0.42325,-0.09464,0.14377,-0.52568,0.49152,0.47420,0.50715,141.50283
-0.42325,-0.09475,0.14377,-0.52569,0.49157,0.47419,0.50710,141.60289
-0.42325,-0.09485,0.14377,-0.52571,0.49162,0.47417,0.50705,141.70296
-0.42325,-0.09495,0.14376,-0.52572,0.49167,0.47416,0.50700,141.80302
-0.42325,-0.09503,0.14376,-0.52574,0.49172,0.47415,0.50694,141.90309
-0.42325,-0.09510,0.14376,-0.52575,0.49178,0.47413,0.50689,142.00316
-0.42325,-0.09516,0.14375,-0.52577,0.49183,0.47412,0.50684,142.10322
-0.42325,-0.09520,0.14375,-0.52578,0.49188,0.47411,0.50679,142.20329
-0.42325,-0.09523,0.14375,-0.52579,0.49193,0.47410,0.50674,142.30336
-0.42325,-0.09525,0.14374,-0.52581,0.49198,0.47408,0.50668,142.40343
-0.42325,-0.09525,0.14374,-0.52582,0.49203,0.47407,0.50663,142.50349
-0.42325,-0.09523,0.14373,-0.52584,0.49208,0.47406,0.50658,142.60356
-0.42325,-0.09520,0.14373,-0.52585,0.49213,0.47404,0.50653,142.70363
-0.42325,-0.09515,0.14373,-0.52587,0.49218,0.47403,0.50647,142.80370
-0.42325,-0.09509,0.14372,-0.52588,0.49223,0.47402,0.50642,142.90378
-0.42325,-0.09501,0.14372,-0.52590,0.49228,0.47401,0.50637,143.00385
-0.42325,-0.09491,0.14372,-0.52591,0.49233,0.47399,0.50632,143.10392
-0.42325,-0.09479,0.14371,-0.52592,0.49238,0.47398,0.50627,143.20399
-0.42325,-0.09466,0.14371,-0.52594,0.49243,0.47397,0.50621,143.30406
-0.42325,-0.09451,0.14370,-0.52595,0.49248,0.47395,0.50616,143.40414
-0.42325,-0.09434,0.14370,-0.52597,0.49254,0.47394,0.50611,143.50421
-0.42325,-0.09416,0.14370,-0.52598,0.49259,0.47393,0.50606,143.60428
-0.42325,-0.09396,0.14369,-0.52599,0.49264,0.47392,0.50601,143.70436
-0.42325,-0.09374,0.14369,-0.52601,0.49269,0.47390,0.50596,143.80444
-0.42325,-0.09352,0.14368,-0.52602,0.49274,0.47389,0.50590,143.90451
-0.42325,-0.09327,0.14368,-0.52604,0.49279,0.47388,0.50585,144.00459
-0.42325,-0.09302,0.14368,-0.52605,0.49284,0.47387,0.50580,144.10466
-0.42325,-0.09275,0.14367,-0.52606,0.49289,0.47385,0.50575,144.20474
-0.42325,-0.09247,0.14367,-0.52608,0.49294,0.47384,0.50570,144.30482
-0.42325,-0.09218,0.14367,-0.52609,0.49299,0.47383,0.50564,144.40490
-0.42325,-0.09188,0.14366,-0.52611,0.49304,0.47381,0.50559,144.50498
-0.42325,-0.09157,0.14366,-0.52612,0.49309,0.47380,0.50554,144.60506
-0.42325,-0.09126,0.14365,-0.52613,0.49314,0.47379,0.50549,144.70514
-0.42325,-0.09094,0.14365,-0.52615,0.49319,0.47378,0.50544,144.80522
-0.42325,-0.09061,0.14365,-0.52616,0.49324,0.47376,0.50539,144.90530
-0.42325,-0.09028,0.14364,-0.52618,0.49329,0.47375,0.50533,145.00538
-0.42325,-0.08995,0.14364,-0.52619,0.49334,0.47374,0.50528,145.10546
-0.42325,-0.08962,0.14363,-0.52620,0.49339,0.47373,0.50523,145.20554
-0.42325,-0.08928,0.14363,-0.52622,0.49344,0.47371,0.50518,145.30563
-0.42325,-0.08895,0.14362,-0.52623,0.49349,0.47370,0.50513,145.40571
-0.42325,-0.08862,0.14362,-0.52625,0.49354,0.47369,0.50508,145.50579
-0.42325,-0.08829,0.14362,-0.52626,0.49359,0.47368,0.50502,145.60588
-0.42325,-0.08797,0.14361,-0.52627,0.49364,0.47366,0.50497,145.70596
-0.42325,-0.08766,0.14361,-0.52629,0.49369,0.47365,0.50492,145.80605
-0.42325,-0.08735,0.14360,-0.52630,0.49374,0.47364,0.50487,145.90613
-0.42325,-0.08705,0.14360,-0.52631,0.49379,0.47363,0.50482,146.00622
-0.42325,-0.08676,0.14360,-0.52633,0.49384,0.47361,0.50477,146.10631
-0.42325,-0.08648,0.14359,-0.52634,0.49389,0.47360,0.50472,146.20640
-0.42325,-0.08621,0.14359,-0.52635,0.49394,0.47359,0.50466,146.30648
-0.42325,-0.08596,0.14358,-0.52637,0.49399,0.47358,0.50461,146.40657
-0.42325,-0.08571,0.14358,-0.52638,0.49404,0.47356,0.50456,146.50666
-0.42325,-0.08548,0.14357,-0.52639,0.49409,0.47355,0.50451,146.60675
-0.42325,-0.08527,0.14357,-0.52641,0.49414,0.47354,0.50446,146.70684
-0.42325,-0.08507,0.14357,-0.52642,0.49419,0.47353,0.50441,146.80693
-0.42325,-0.08489,0.14356,-0.52643,0.49424,0.47351,0.50436,146.90703
-0.42325,-0.08472,0.14356,-0.52645,0.49429,0.47350,0.50430,147.00712
-0.42325,-0.08457,0.14355,-0.52646,0.49434,0.47349,0.50425,147.10721
-0.42325,-0.08443,0.14355,-0.52647,0.49439,0.47348,0.50420,147.20730
-0.42325,-0.08431,0.14354,-0.52649,0.49444,0.47347,0.50415,147.30740
-0.42325,-0.08421,0.14354,-0.52650,0.49449,0.47345,0.50410,147.40749
-0.42325,-0.08413,0.14354,-0.52651,0.49454,0.47344,0.50405,147.50759
-0.42325,-0.08406,0.14353,-0.52653,0.49459,0.47343,0.50400,147.60768
-0.42325,-0.08401,0.14353,-0.52654,0.49464,0.47342,0.50395,147.70778
-0.42325,-0.08398,0.14352,-0.52655,0.49469,0.47340,0.50390,147.80787
-0.42325,-0.08396,0.14352,-0.52657,0.49474,0.47339,0.50384,147.90797
-0.42325,-0.08396,0.14351,-0.52658,0.49479,0.47338,0.50379,148.00807
-0.42325,-0.08397,0.14351,-0.52659,0.49484,0.47337,0.50374,148.10817
-0.42325,-0.08399,0.14351,-0.52661,0.49489,0.47336,0.50369,148.20827
-0.42325,-0.08404,0.14350,-0.52662,0.49494,0.47334,0.50364,148.30836
-0.42325,-0.08409,0.14350,-0.52663,0.49499,0.47333,0.50359,148.40846
-0.42325,-0.08416,0.14349,-0.52664,0.49504,0.47332,0.50354,148.50856
-0.42325,-0.08423,0.14349,-0.52666,0.49509,0.47331,0.50349,148.60867
-0.42325,-0.08432,0.14348,-0.52667,0.49514,0.47330,0.50344,148.70877
-0.42325,-0.08442,0.14348,-0.52668,0.49519,0.47328,0.50339,148.80887
-0.42325,-0.08452,0.14347,-0.52670,0.49524,0.47327,0.50334,148.90897
-0.42325,-0.08463,0.14347,-0.52671,0.49529,0.47326,0.50328,149.00908
-0.42325,-0.08475,0.14346,-0.52672,0.49534,0.47325,0.50323,149.10918
-0.42325,-0.08488,0.14346,-0.52673,0.49539,0.47324,0.50318,149.20928
-0.42325,-0.08500,0.14346,-0.52675,0.49543,0.47322,0.50313,149.30939
-0.42325,-0.08513,0.14345,-0.52676,0.49548,0.47321,0.50308,149.40949
-0.42325,-0.08526,0.14345,-0.52677,0.49553,0.47320,0.50303,149.50960
-0.42325,-0.08539,0.14344,-0.52679,0.49558,0.47319,0.50298,149.60971
-0.42325,-0.08552,0.14344,-0.52680,0.49563,0.47318,0.50293,149.70981
-0.42325,-0.08565,0.14343,-0.52681,0.49568,0.47316,0.50288,149.80992
-0.42325,-0.08577,0.14343,-0.52682,0.49573,0.47315,0.50283,149.91003
-0.42325,-0.08589,0.14342,-0.52684,0.49578,0.47314,0.50278,150.01014
-0.42325,-0.08601,0.14342,-0.52685,0.49583,0.47313,0.50273,150.11025
-0.42325,-0.08611,0.14341,-0.52686,0.49588,0.47312,0.50268,150.21036
-0.42325,-0.08621,0.14341,-0.52687,0.49593,0.47310,0.50263,150.31047
-0.42325,-0.08630,0.14340,-0.52689,0.49598,0.47309,0.50258,150.41058
-0.42325,-0.08637,0.14340,-0.52690,0.49603,0.47308,0.50252,150.51069
-0.42325,-0.08644,0.14339,-0.52691,0.49608,0.47307,0.50247,150.61080
-0.42325,-0.08650,0.14339,-0.52692,0.49612,0.47306,0.50242,150.71092
-0.42325,-0.08654,0.14339,-0.52693,0.49617,0.47305,0.50237,150.81103
-0.42325,-0.08657,0.14338,-0.52695,0.49622,0.47303,0.50232,150.91115
-0.42325,-0.08658,0.14338,-0.52696,0.49627,0.47302,0.50227,151.01126
-0.42325,-0.08658,0.14337,-0.52697,0.49632,0.47301,0.50222,151.11138
-0.42325,-0.08656,0.14337,-0.52698,0.49637,0.47300,0.50217,151.21149
-0.42325,-0.08653,0.14336,-0.52700,0.49642,0.47299,0.50212,151.31161
-0.42325,-0.08648,0.14336,-0.52701,0.49647,0.47298,0.50207,151.41173
-0.42325,-0.08641,0.14335,-0.52702,0.49652,0.47296,0.50202,151.51184
-0.42325,-0.08633,0.14335,-0.52703,0.49657,0.47295,0.50197,151.61196
-0.42325,-0.08623,0.14334,-0.52704,0.49661,0.47294,0.50192,151.71208
-0.42325,-0.08612,0.14334,-0.52706,0.49666,0.47293,0.50187,151.81220
-0.42325,-0.08599,0.14333,-0.52707,0.49671,0.47292,0.50182,151.91232
-0.42325,-0.08584,0.14333,-0.52708,0.49676,0.47291,0.50177,152.01244
-0.42325,-0.08567,0.14332,-0.52709,0.49681,0.47290,0.50172,152.11256
-0.42325,-0.08549,0.14332,-0.52710,0.49686,0.47288,0.50167,152.21269
-0.42325,-0.08530,0.14331,-0.52712,0.49691,0.47287,0.50162,152.31281
-0.42325,-0.08509,0.14331,-0.52713,0.49696,0.47286,0.50157,152.41293
-0.42325,-0.08486,0.14330,-0.52714,0.49700,0.47285,0.50152,152.51305
-0.42325,-0.08462,0.14330,-0.52715,0.49705,0.47284,0.50147,152.61318
-0.42325,-0.08437,0.14329,-0.52716,0.49710,0.47283,0.50142,152.71330
-0.42325,-0.08411,0.14329,-0.52718,0.49715,0.47282,0.50137,152.81343
-0.42325,-0.08383,0.14328,-0.52719,0.49720,0.47280,0.50132,152.91356
-0.42325,-0.08355,0.14328,-0.52720,0.49725,0.47279,0.50127,153.01368
-0.42325,-0.08325,0.14327,-0.52721,0.49730,0.47278,0.50122,153.11381
-0.42325,-0.08295,0.14327,-0.52722,0.49735,0.47277,0.50117,153.21394
-0.42325,-0.08264,0.14326,-0.52723,0.49739,0.47276,0.50112,153.31407
-0.42325,-0.08232,0.14326,-0.52724,0.49744,0.47275,0.50107,153.41420
-0.42325,-0.08200,0.14325,-0.52726,0.49749,0.47274,0.50102,153.51433
-0.42325,-0.08168,0.14325,-0.52727,0.49754,0.47273,0.50097,153.61446
-0.42325,-0.08135,0.14324,-0.52728,0.49759,0.47271,0.50092,153.71459
-0.42325,-0.08102,0.14324,-0.52729,0.49764,0.47270,0.50087,153.81472
-0.42325,-0.08070,0.14323,-0.52730,0.49768,0.47269,0.50082,153.91485
-0.42325,-0.08037,0.14323,-0.52731,0.49773,0.47268,0.50077,154.01499
-0.42325,-0.08004,0.14322,-0.52733,0.49778,0.47267,0.50072,154.11512
-0.42325,-0.07972,0.14322,-0.52734,0.49783,0.47266,0.50067,154.21525
-0.42325,-0.07941,0.14321,-0.52735,0.49788,0.47265,0.50062,154.31539
-0.42325,-0.07910,0.14321,-0.52736,0.49793,0.47264,0.50058,154.41552
-0.42325,-0.07879,0.14320,-0.52737,0.49797,0.47263,0.50053,154.51566
-0.42325,-0.07850,0.14320,-0.52738,0.49802,0.47262,0.50048,154.61580
-0.42325,-0.07821,0.14319,-0.52739,0.49807,0.47260,0.50043,154.71593
-0.42325,-0.07794,0.14318,-0.52740,0.49812,0.47259,0.50038,154.81607
-0.42325,-0.07767,0.14318,-0.52742,0.49817,0.47258,0.50033,154.91621
-0.42325,-0.07742,0.14317,-0.52743,0.49822,0.47257,0.50028,155.01635
-0.42325,-0.07718,0.14317,-0.52744,0.49826,0.47256,0.50023,155.11649
-0.42325,-0.07695,0.14316,-0.52745,0.49831,0.47255,0.50018,155.21663
-0.42325,-0.07674,0.14316,-0.52746,0.49836,0.47254,0.50013,155.31677
-0.42325,-0.07654,0.14315,-0.52747,0.49841,0.47253,0.50008,155.41691
-0.42325,-0.07636,0.14315,-0.52748,0.49846,0.47252,0.50003,155.51706
-0.42325,-0.07619,0.14314,-0.52749,0.49850,0.47251,0.49998,155.61720
-0.42325,-0.07604,0.14314,-0.52750,0.49855,0.47250,0.49993,155.71734
-0.42325,-0.07591,0.14313,-0.52751,0.49860,0.47249,0.49988,155.81749
-0.42325,-0.07579,0.14313,-0.52752,0.49865,0.47247,0.49984,155.91763
-0.42325,-0.07569,0.14312,-0.52754,0.49870,0.47246,0.49979,156.01778
-0.42325,-0.07560,0.14312,-0.52755,0.49874,0.47245,0.49974,156.11793
-0.42325,-0.07553,0.14311,-0.52756,0.49879,0.47244,0.49969,156.21807
-0.42325,-0.07548,0.14310,-0.52757,0.49884,0.47243,0.49964,156.31822
-0.42325,-0.07544,0.14310,-0.52758,0.49889,0.47242,0.49959,156.41837
-0.42325,-0.07542,0.14309,-0.52759,0.49894,0.47241,0.49954,156.51852
-0.42325,-0.07542,0.14309,-0.52760,0.49898,0.47240,0.49949,156.61867
-0.42325,-0.07543,0.14308,-0.52761,0.49903,0.47239,0.49944,156.71882
-0.42325,-0.07545,0.14308,-0.52762,0.49908,0.47238,0.49939,156.81897
-0.42325,-0.07549,0.14307,-0.52763,0.49913,0.47237,0.49935,156.91912
-0.42325,-0.07554,0.14307,-0.52764,0.49917,0.47236,0.49930,157.01927
-0.42325,-0.07560,0.14306,-0.52765,0.49922,0.47235,0.49925,157.11942
-0.42325,-0.07567,0.14305,-0.52766,0.49927,0.47234,0.49920,157.21958
-0.42325,-0.07575,0.14305,-0.52767,0.49932,0.47233,0.49915,157.31973
-0.42325,-0.07585,0.14304,-0.52768,0.49936,0.47232,0.49910,157.41989
-0.42325,-0.07595,0.14304,-0.52769,0.49941,0.47231,0.49905,157.52004
-0.42325,-0.07605,0.14303,-0.52770,0.49946,0.47230,0.49900,157.62020
-0.42325,-0.07617,0.14303,-0.52771,0.49951,0.47228,0.49896,157.72036
-0.42325,-0.07629,0.14302,-0.52773,0.49955,0.47227,0.49891,157.82051
-0.42325,-0.07641,0.14302,-0.52774,0.49960,0.47226,0.49886,157.92067
-0.42325,-0.07653,0.14301,-0.52775,0.49965,0.47225,0.49881,158.02083
-0.42325,-0.07666,0.14300,-0.52776,0.49970,0.47224,0.49876,158.12099
-0.42325,-0.07678,0.14300,-0.52777,0.49974,0.47223,0.49871,158.22115
-0.42325,-0.07691,0.14299,-0.52778,0.49979,0.47222,0.49866,158.32131
-0.42325,-0.07703,0.14299,-0.52779,0.49984,0.47221,0.49862,158.42147
-0.42325,-0.07715,0.14298,-0.52780,0.49989,0.47220,0.49857,158.52163
-0.42325,-0.07726,0.14298,-0.52781,0.49993,0.47219,0.49852,158.62180
-0.42325,-0.07737,0.14297,-0.52782,0.49998,0.47218,0.49847,158.72196
-0.42325,-0.07747,0.14296,-0.52783,0.50003,0.47217,0.49842,158.82212
-0.42325,-0.07756,0.14296,-0.52784,0.50007,0.47216,0.49837,158.92229
-0.42325,-0.07765,0.14295,-0.52785,0.50012,0.47215,0.49833,159.02245
-0.42325,-0.07772,0.14295,-0.52786,0.50017,0.47214,0.49828,159.12262
-0.42325,-0.07779,0.14294,-0.52787,0.50022,0.47213,0.49823,159.22279
-0.42325,-0.07784,0.14294,-0.52788,0.50026,0.47212,0.49818,159.32295
-0.42325,-0.07788,0.14293,-0.52789,0.50031,0.47211,0.49813,159.42312
-0.42325,-0.07790,0.14292,-0.52789,0.50036,0.47210,0.49808,159.52329
-0.42325,-0.07791,0.14292,-0.52790,0.50040,0.47209,0.49804,159.62346
-0.42325,-0.07791,0.14291,-0.52791,0.50045,0.47208,0.49799,159.72363
-0.42325,-0.07789,0.14291,-0.52792,0.50050,0.47207,0.49794,159.82380
-0.42325,-0.07786,0.14290,-0.52793,0.50055,0.47206,0.49789,159.92397
-0.42325,-0.07781,0.14289,-0.52794,0.50059,0.47205,0.49784,160.02414
-0.42325,-0.07774,0.14289,-0.52795,0.50064,0.47204,0.49780,160.12432
-0.42325,-0.07766,0.14288,-0.52796,0.50069,0.47203,0.49775,160.22449
-0.42325,-0.07756,0.14288,-0.52797,0.50073,0.47202,0.49770,160.32466
-0.42325,-0.07745,0.14287,-0.52798,0.50078,0.47201,0.49765,160.42484
-0.42325,-0.07732,0.14287,-0.52799,0.50083,0.47200,0.49761,160.52501
-0.42325,-0.07717,0.14286,-0.52800,0.50087,0.47199,0.49756,160.62519
-0.42325,-0.07701,0.14285,-0.52801,0.50092,0.47199,0.49751,160.72537
-0.42325,-0.07683,0.14285,-0.52802,0.50097,0.47198,0.49746,160.82554
-0.42325,-0.07664,0.14284,-0.52803,0.50101,0.47197,0.49741,160.92572
-0.42325,-0.07643,0.14284,-0.52804,0.50106,0.47196,0.49737,161.02590
-0.42325,-0.07621,0.14283,-0.52805,0.50111,0.47195,0.49732,161.12608
-0.42325,-0.07597,0.14282,-0.52806,0.50115,0.47194,0.49727,161.22626
-0.42325,-0.07572,0.14282,-0.52806,0.50120,0.47193,0.49722,161.32644
-0.42325,-0.07546,0.14281,-0.52807,0.50125,0.47192,0.49718,161.42662
-0.42325,-0.07519,0.14281,-0.52808,0.50129,0.47191,0.49713,161.52680
-0.42325,-0.07491,0.14280,-0.52809,0.50134,0.47190,0.49708,161.62699
-0.42325,-0.07462,0.14279,-0.52810,0.50139,0.47189,0.49703,161.72717
-0.42325,-0.07433,0.14279,-0.52811,0.50143,0.47188,0.49699,161.82735
-0.42325,-0.07402,0.14278,-0.52812,0.50148,0.47187,0.49694,161.92754
-0.42325,-0.07371,0.14278,-0.52813,0.50152,0.47186,0.49689,162.02772
-0.42325,-0.07339,0.14277,-0.52814,0.50157,0.47185,0.49684,162.12791
-0.42325,-0.07308,0.14276,-0.52815,0.50162,0.47184,0.49680,162.22810
-0.42325,-0.07275,0.14276,-0.52815,0.50166,0.47183,0.49675,162.32829
-0.42325,-0.07243,0.14275,-0.52816,0.50171,0.47182,0.49670,162.42847
-0.42325,-0.07211,0.14274,-0.52817,0.50176,0.47182,0.49665,162.52866
-0.42325,-0.07179,0.14274,-0.52818,0.50180,0.47181,0.49661,162.62885
-0.42325,-0.07147,0.14273,-0.52819,0.50185,0.47180,0.49656,162.72904
-0.42325,-0.07115,0.14273,-0.52820,0.50189,0.47179,0.49651,162.82923
-0.42325,-0.07084,0.14272,-0.52821,0.50194,0.47178,0.49647,162.92943
-0.42325,-0.07053,0.14271,-0.52821,0.50199,0.47177,0.49642,163.02962
-0.42325,-0.07023,0.14271,-0.52822,0.50203,0.47176,0.49637,163.12981
-0.42325,-0.06994,0.14270,-0.52823,0.50208,0.47175,0.49632,163.23000
-0.42325,-0.06966,0.14269,-0.52824,0.50212,0.47174,0.49628,163.33020
-0.42325,-0.06939,0.14269,-0.52825,0.50217,0.47173,0.49623,163.43039
-0.42325,-0.06913,0.14268,-0.52826,0.50222,0.47172,0.49618,163.53059
-0.42325,-0.06888,0.14268,-0.52827,0.50226,0.47172,0.49614,163.63079
-0.42325,-0.06864,0.14267,-0.52827,0.50231,0.47171,0.49609,163.73098
-0.42325,-0.06842,0.14266,-0.52828,0.50235,0.47170,0.49604,163.83118
-0.42325,-0.06821,0.14266,-0.52829,0.50240,0.47169,0.49600,163.93138
-0.42325,-0.06801,0.14265,-0.52830,0.50245,0.47168,0.49595,164.03158
-0.42325,-0.06783,0.14264,-0.52831,0.50249,0.47167,0.49590,164.13178
-0.42325,-0.06766,0.14264,-0.52832,0.50254,0.47166,0.49586,164.23198
-0.42325,-0.06751,0.14263,-0.52832,0.50258,0.47165,0.49581,164.33218
-0.42325,-0.06738,0.14263,-0.52833,0.50263,0.47165,0.49576,164.43238
-0.42325,-0.06726,0.14262,-0.52834,0.50267,0.47164,0.49572,164.53259
-0.42325,-0.06716,0.14261,-0.52835,0.50272,0.47163,0.49567,164.63279
-0.42325,-0.06707,0.14261,-0.52836,0.50277,0.47162,0.49562,164.73300
-0.42325,-0.06700,0.14260,-0.52836,0.50281,0.47161,0.49558,164.83320
-0.42325,-0.06695,0.14259,-0.52837,0.50286,0.47160,0.49553,164.93341
-0.42325,-0.06691,0.14259,-0.52838,0.50290,0.47159,0.49548,165.03361
-0.42325,-0.06689,0.14258,-0.52839,0.50295,0.47158,0.49544,165.13382
-0.42325,-0.06688,0.14257,-0.52840,0.50299,0.47158,0.49539,165.23403
-0.42325,-0.06688,0.14257,-0.52840,0.50304,0.47157,0.49534,165.33424
-0.42325,-0.06691,0.14256,-0.52841,0.50308,0.47156,0.49530,165.43444
-0.42325,-0.06694,0.14255,-0.52842,0.50313,0.47155,0.49525,165.53465
-0.42325,-0.06698,0.14255,-0.52843,0.50318,0.47154,0.49521,165.63486
-0.42325,-0.06704,0.14254,-0.52843,0.50322,0.47153,0.49516,165.73508
-0.42325,-0.06711,0.14254,-0.52844,0.50327,0.47153,0.49511,165.83529
-0.42325,-0.06719,0.14253,-0.52845,0.50331,0.47152,0.49507,165.93550
-0.42325,-0.06728,0.14252,-0.52846,0.50336,0.47151,0.49502,166.03571
-0.42325,-0.06737,0.14252,-0.52846,0.50340,0.47150,0.49497,166.13593
-0.42325,-0.06747,0.14251,-0.52847,0.50345,0.47149,0.49493,166.23614
-0.42325,-0.06758,0.14250,-0.52848,0.50349,0.47148,0.49488,166.33636
-0.42325,-0.06770,0.14250,-0.52849,0.50354,0.47148,0.49484,166.43657
-0.42325,-0.06781,0.14249,-0.52849,0.50358,0.47147,0.49479,166.53679
-0.42325,-0.06793,0.14248,-0.52850,0.50363,0.47146,0.49474,166.63701
-0.42325,-0.06805,0.14248,-0.52851,0.50367,0.47145,0.49470,166.73723
-0.42325,-0.06817,0.14247,-0.52852,0.50372,0.47144,0.49465,166.83745
-0.42325,-0.06829,0.14246,-0.52852,0.50376,0.47144,0.49461,166.93767
-0.42325,-0.06841,0.14246,-0.52853,0.50381,0.47143,0.49456,167.03789
-0.42325,-0.06852,0.14245,-0.52854,0.50385,0.47142,0.49452,167.13811
-0.42325,-0.06863,0.14244,-0.52854,0.50390,0.47141,0.49447,167.23833
-0.42325,-0.06874,0.14244,-0.52855,0.50394,0.47140,0.49442,167.33855
-0.42325,-0.06883,0.14243,-0.52856,0.50399,0.47140,0.49438,167.43877
-0.42325,-0.06892,0.14242,-0.52857,0.50403,0.47139,0.49433,167.53900
-0.42325,-0.06900,0.14242,-0.52857,0.50408,0.47138,0.49429,167.63922
-0.42325,-0.06907,0.14241,-0.52858,0.50412,0.47137,0.49424,167.73945
-0.42325,-0.06913,0.14240,-0.52859,0.50417,0.47136,0.49420,167.83967
-0.42325,-0.06918,0.14240,-0.52859,0.50421,0.47136,0.49415,167.93990
-0.42325,-0.06922,0.14239,-0.52860,0.50426,0.47135,0.49410,168.04013
-0.42325,-0.06924,0.14238,-0.52861,0.50430,0.47134,0.49406,168.14036
-0.42325,-0.06925,0.14238,-0.52861,0.50434,0.47133,0.49401,168.24059
-0.42325,-0.06924,0.14237,-0.52862,0.50439,0.47132,0.49397,168.34081
-0.42325,-0.06922,0.14236,-0.52863,0.50443,0.47132,0.49392,168.44105
-0.42325,-0.06919,0.14236,-0.52863,0.50448,0.47131,0.49388,168.54128
-0.42325,-0.06914,0.14235,-0.52864,0.50452,0.47130,0.49383,168.64151
-0.42325,-0.06907,0.14234,-0.52865,0.50457,0.47129,0.49379,168.74174
-0.42325,-0.06899,0.14233,-0.52865,0.50461,0.47129,0.49374,168.84197
-0.42325,-0.06889,0.14233,-0.52866,0.50466,0.47128,0.49370,168.94221
-0.42325,-0.06878,0.14232,-0.52867,0.50470,0.47127,0.49365,169.04244
-0.42325,-0.06865,0.14231,-0.52867,0.50474,0.47126,0.49361,169.14268
-0.42325,-0.06851,0.14231,-0.52868,0.50479,0.47126,0.49356,169.24291
-0.42325,-0.06835,0.14230,-0.52869,0.50483,0.47125,0.49352,169.34315
-0.42325,-0.06817,0.14229,-0.52869,0.50488,0.47124,0.49347,169.44339
-0.42325,-0.06798,0.14229,-0.52870,0.50492,0.47123,0.49343,169.54363
-0.42325,-0.06777,0.14228,-0.52871,0.50497,0.47123,0.49338,169.64386
-0.42325,-0.06756,0.14227,-0.52871,0.50501,0.47122,0.49334,169.74410
-0.42325,-0.06732,0.14227,-0.52872,0.50505,0.47121,0.49329,169.84434
-0.42325,-0.06708,0.14226,-0.52872,0.50510,0.47121,0.49325,169.94458
-0.42325,-0.06682,0.14225,-0.52873,0.50514,0.47120,0.49320,170.04483
-0.42325,-0.06656,0.14225,-0.52874,0.50519,0.47119,0.49316,170.14507
-0.42325,-0.06628,0.14224,-0.52874,0.50523,0.47118,0.49311,170.24531
-0.42325,-0.06600,0.14223,-0.52875,0.50527,0.47118,0.49307,170.34556
-0.42325,-0.06570,0.14222,-0.52875,0.50532,0.47117,0.49302,170.44580
-0.42325,-0.06540,0.14222,-0.52876,0.50536,0.47116,0.49298,170.54605
-0.42325,-0.06510,0.14221,-0.52877,0.50541,0.47116,0.49293,170.64629
-0.42325,-0.06479,0.14220,-0.52877,0.50545,0.47115,0.49289,170.74654
-0.42325,-0.06447,0.14220,-0.52878,0.50549,0.47114,0.49284,170.84679
-0.42325,-0.06416,0.14219,-0.52878,0.50554,0.47113,0.49280,170.94703
-0.42325,-0.06384,0.14218,-0.52879,0.50558,0.47113,0.49276,171.04728
-0.42325,-0.06352,0.14218,-0.52880,0.50562,0.47112,0.49271,171.14753
-0.42325,-0.06320,0.14217,-0.52880,0.50567,0.47111,0.49267,171.24778
-0.42325,-0.06289,0.14216,-0.52881,0.50571,0.47111,0.49262,171.34803
-0.42325,-0.06258,0.14215,-0.52881,0.50575,0.47110,0.49258,171.44828
-0.42325,-0.06227,0.14215,-0.52882,0.50580,0.47109,0.49253,171.54854
-0.42325,-0.06197,0.14214,-0.52882,0.50584,0.47109,0.49249,171.64879
-0.42325,-0.06167,0.14213,-0.52883,0.50589,0.47108,0.49245,171.74904
-0.42325,-0.06139,0.14213,-0.52883,0.50593,0.47107,0.49240,171.84930
-0.42325,-0.06111,0.14212,-0.52884,0.50597,0.47107,0.49236,171.94955
-0.42325,-0.06084,0.14211,-0.52885,0.50602,0.47106,0.49231,172.04981
-0.42325,-0.06058,0.14210,-0.52885,0.50606,0.47105,0.49227,172.15007
-0.42325,-0.06034,0.14210,-0.52886,0.50610,0.47105,0.49223,172.25032
-0.42325,-0.06010,0.14209,-0.52886,0.50615,0.47104,0.49218,172.35058
-0.42325,-0.05988,0.14208,-0.52887,0.50619,0.47103,0.49214,172.45084
-0.42325,-0.05967,0.14207,-0.52887,0.50623,0.47103,0.49209,172.55110
-0.42325,-0.05948,0.14207,-0.52888,0.50628,0.47102,0.49205,172.65136
-0.42325,-0.05930,0.14206,-0.52888,0.50632,0.47102,0.49201,172.75162
-0.42325,-0.05913,0.14205,-0.52889,0.50636,0.47101,0.49196,172.85188
-0.42325,-0.05898,0.14205,-0.52889,0.50641,0.47100,0.49192,172.95215
-0.42325,-0.05885,0.14204,-0.52890,0.50645,0.47100,0.49187,173.05241
-0.42325,-0.05873,0.14203,-0.52890,0.50649,0.47099,0.49183,173.15267
-0.42325,-0.05863,0.14202,-0.52891,0.50653,0.47098,0.49179,173.25294
-0.42325,-0.05854,0.14202,-0.52891,0.50658,0.47098,0.49174,173.35320
-0.42325,-0.05847,0.14201,-0.52892,0.50662,0.47097,0.49170,173.45347
-0.42325,-0.05841,0.14200,-0.52892,0.50666,0.47096,0.49166,173.55373
-0.42325,-0.05837,0.14200,-0.52893,0.50671,0.47096,0.49161,173.65400
-0.42325,-0.05835,0.14199,-0.52893,0.50675,0.47095,0.49157,173.75427
-0.42325,-0.05834,0.14198,-0.52894,0.50679,0.47095,0.49153,173.85454
-0.42325,-0.05834,0.14197,-0.52894,0.50683,0.47094,0.49148,173.95481
-0.42325,-0.05836,0.14197,-0.52895,0.50688,0.47093,0.49144,174.05508
-0.42325,-0.05839,0.14196,-0.52895,0.50692,0.47093,0.49140,174.15535
-0.42325,-0.05843,0.14195,-0.52896,0.50696,0.47092,0.49135,174.25562
-0.42325,-0.05848,0.14194,-0.52896,0.50701,0.47092,0.49131,174.35589
-0.42325,-0.05855,0.14194,-0.52896,0.50705,0.47091,0.49127,174.45617
-0.42325,-0.05862,0.14193,-0.52897,0.50709,0.47091,0.49122,174.55644
-0.42325,-0.05871,0.14192,-0.52897,0.50713,0.47090,0.49118,174.65672
-0.42325,-0.05880,0.14191,-0.52898,0.50718,0.47089,0.49114,174.75699
-0.42325,-0.05889,0.14191,-0.52898,0.50722,0.47089,0.49109,174.85727
-0.42325,-0.05900,0.14190,-0.52899,0.50726,0.47088,0.49105,174.95754
-0.42325,-0.05911,0.14189,-0.52899,0.50730,0.47088,0.49101,175.05782
-0.42325,-0.05922,0.14188,-0.52900,0.50735,0.47087,0.49096,175.15810
-0.42325,-0.05933,0.14188,-0.52900,0.50739,0.47087,0.49092,175.25838
-0.42325,-0.05945,0.14187,-0.52900,0.50743,0.47086,0.49088,175.35866
-0.42325,-0.05956,0.14186,-0.52901,0.50747,0.47085,0.49084,175.45894
-0.42325,-0.05968,0.14185,-0.52901,0.50751,0.47085,0.49079,175.55922
-0.42325,-0.05979,0.14185,-0.52902,0.50756,0.47084,0.49075,175.65950
-0.42325,-0.05990,0.14184,-0.52902,0.50760,0.47084,0.49071,175.75978
-0.42325,-0.06000,0.14183,-0.52902,0.50764,0.47083,0.49066,175.86007
-0.42325,-0.06010,0.14182,-0.52903,0.50768,0.47083,0.49062,175.96035
-0.42325,-0.06019,0.14182,-0.52903,0.50773,0.47082,0.49058,176.06063
-0.42325,-0.06028,0.14181,-0.52904,0.50777,0.47082,0.49054,176.16092
-0.42325,-0.06036,0.14180,-0.52904,0.50781,0.47081,0.49049,176.26120
-0.42325,-0.06042,0.14179,-0.52904,0.50785,0.47081,0.49045,176.36149
-0.42325,-0.06048,0.14179,-0.52905,0.50789,0.47080,0.49041,176.46178
-0.42325,-0.06052,0.14178,-0.52905,0.50794,0.47079,0.49037,176.56207
-0.42325,-0.06056,0.14177,-0.52905,0.50798,0.47079,0.49032,176.66236
-0.42325,-0.06058,0.14176,-0.52906,0.50802,0.47078,0.49028,176.76264
-0.42325,-0.06059,0.14176,-0.52906,0.50806,0.47078,0.49024,176.86294
-0.42325,-0.06058,0.14175,-0.52907,0.50810,0.47077,0.49020,176.96323
-0.42325,-0.06056,0.14174,-0.52907,0.50814,0.47077,0.49015,177.06352
-0.42325,-0.06052,0.14173,-0.52907,0.50819,0.47076,0.49011,177.16381
-0.42325,-0.06047,0.14173,-0.52908,0.50823,0.47076,0.49007,177.26410
-0.42325,-0.06041,0.14172,-0.52908,0.50827,0.47075,0.49003,177.36440
-0.42325,-0.06032,0.14171,-0.52908,0.50831,0.47075,0.48999,177.46469
-0.42325,-0.06023,0.14170,-0.52909,0.50835,0.47074,0.48994,177.56499
-0.42325,-0.06011,0.14169,-0.52909,0.50839,0.47074,0.48990,177.66528
-0.42325,-0.05999,0.14169,-0.52909,0.50844,0.47074,0.48986,177.76558
-0.42325,-0.05984,0.14168,-0.52910,0.50848,0.47073,0.48982,177.86588
-0.42325,-0.05968,0.14167,-0.52910,0.50852,0.47073,0.48978,177.96617
-0.42325,-0.05951,0.14166,-0.52910,0.50856,0.47072,0.48973,178.06647
-0.42325,-0.05932,0.14166,-0.52910,0.50860,0.47072,0.48969,178.16677
-0.42325,-0.05912,0.14165,-0.52911,0.50864,0.47071,0.48965,178.26707
-0.42325,-0.05890,0.14164,-0.52911,0.50868,0.47071,0.48961,178.36737
-0.42325,-0.05868,0.14163,-0.52911,0.50873,0.47070,0.48957,178.46767
-0.42325,-0.05844,0.14162,-0.52912,0.50877,0.47070,0.48952,178.56798
-0.42325,-0.05818,0.14162,-0.52912,0.50881,0.47069,0.48948,178.66828
-0.42325,-0.05792,0.14161,-0.52912,0.50885,0.47069,0.48944,178.76858
-0.42325,-0.05765,0.14160,-0.52913,0.50889,0.47068,0.48940,178.86889
-0.42325,-0.05737,0.14159,-0.52913,0.50893,0.47068,0.48936,178.96919
-0.42325,-0.05708,0.14159,-0.52913,0.50897,0.47068,0.48932,179.06950
-0.42325,-0.05678,0.14158,-0.52913,0.50901,0.47067,0.48928,179.16981
-0.42325,-0.05648,0.14157,-0.52914,0.50906,0.47067,0.48923,179.27011
-0.42325,-0.05618,0.14156,-0.52914,0.50910,0.47066,0.48919,179.37042
-0.42325,-0.05587,0.14155,-0.52914,0.50914,0.47066,0.48915,179.47073
-0.42325,-0.05556,0.14155,-0.52914,0.50918,0.47065,0.48911,179.57104
-0.42325,-0.05524,0.14154,-0.52915,0.50922,0.47065,0.48907,179.67135
-0.42325,-0.05493,0.14153,-0.52915,0.50926,0.47065,0.48903,179.77166
-0.42325,-0.05462,0.14152,-0.52915,0.50930,0.47064,0.48899,179.87197
-0.42325,-0.05431,0.14151,-0.52915,0.50934,0.47064,0.48895,179.97228
-0.42325,-0.05400,0.14151,-0.52916,0.50938,0.47063,0.48890,180.07260
-0.42325,-0.05370,0.14150,-0.52916,0.50942,0.47063,0.48886,180.17291
-0.42325,-0.05340,0.14149,-0.52916,0.50946,0.47063,0.48882,180.27322
-0.42325,-0.05311,0.14148,-0.52916,0.50950,0.47062,0.48878,180.37354
-0.42325,-0.05283,0.14148,-0.52917,0.50954,0.47062,0.48874,180.47385
-0.42325,-0.05256,0.14147,-0.52917,0.50959,0.47061,0.48870,180.57417
-0.42325,-0.05229,0.14146,-0.52917,0.50963,0.47061,0.48866,180.67449
-0.42325,-0.05204,0.14145,-0.52917,0.50967,0.47061,0.48862,180.77480
-0.42325,-0.05179,0.14144,-0.52917,0.50971,0.47060,0.48858,180.87512
-0.42325,-0.05156,0.14144,-0.52918,0.50975,0.47060,0.48854,180.97544
-0.42325,-0.05134,0.14143,-0.52918,0.50979,0.47060,0.48849,181.07576
-0.42325,-0.05113,0.14142,-0.52918,0.50983,0.47059,0.48845,181.17608
-0.42325,-0.05094,0.14141,-0.52918,0.50987,0.47059,0.48841,181.27640
-0.42325,-0.05076,0.14140,-0.52918,0.50991,0.47058,0.48837,181.37673
-0.42325,-0.05060,0.14140,-0.52919,0.50995,0.47058,0.48833,181.47705
-0.42325,-0.05045,0.14139,-0.52919,0.50999,0.47058,0.48829,181.57737
-0.42325,-0.05032,0.14138,-0.52919,0.51003,0.47057,0.48825,181.67769
-0.42325,-0.05020,0.14137,-0.52919,0.51007,0.47057,0.48821,181.77802
-0.42325,-0.05009,0.14136,-0.52919,0.51011,0.47057,0.48817,181.87834
-0.42325,-0.05001,0.14135,-0.52919,0.51015,0.47056,0.48813,181.97867
-0.42325,-0.04994,0.14135,-0.52920,0.51019,0.47056,0.48809,182.07900
-0.42325,-0.04988,0.14134,-0.52920,0.51023,0.47056,0.48805,182.17933
-0.42325,-0.04984,0.14133,-0.52920,0.51027,0.47055,0.48801,182.27965
-0.42325,-0.04981,0.14132,-0.52920,0.51031,0.47055,0.48797,182.37998
-0.42325,-0.04980,0.14131,-0.52920,0.51035,0.47055,0.48793,182.48031
-0.42325,-0.04980,0.14131,-0.52920,0.51039,0.47054,0.48789,182.58064
-0.42325,-0.04981,0.14130,-0.52920,0.51043,0.47054,0.48785,182.68097
-0.42325,-0.04984,0.14129,-0.52921,0.51047,0.47054,0.48781,182.78130
-0.42325,-0.04988,0.14128,-0.52921,0.51051,0.47054,0.48777,182.88164
-0.42325,-0.04993,0.14127,-0.52921,0.51055,0.47053,0.48773,182.98197
-0.42325,-0.04999,0.14127,-0.52921,0.51059,0.47053,0.48769,183.08230
-0.42325,-0.05006,0.14126,-0.52921,0.51063,0.47053,0.48765,183.18264
-0.42325,-0.05013,0.14125,-0.52921,0.51067,0.47052,0.48761,183.28297
-0.42325,-0.05022,0.14124,-0.52921,0.51071,0.47052,0.48757,183.38331
-0.42325,-0.05031,0.14123,-0.52921,0.51075,0.47052,0.48753,183.48364
-0.42325,-0.05041,0.14122,-0.52921,0.51079,0.47051,0.48749,183.58398
-0.42325,-0.05052,0.14122,-0.52921,0.51083,0.47051,0.48745,183.68432
-0.42325,-0.05062,0.14121,-0.52922,0.51086,0.47051,0.48741,183.78466
-0.42325,-0.05073,0.14120,-0.52922,0.51090,0.47051,0.48737,183.88500
-0.42325,-0.05084,0.14119,-0.52922,0.51094,0.47050,0.48733,183.98534
-0.42325,-0.05095,0.14118,-0.52922,0.51098,0.47050,0.48729,184.08568
-0.42325,-0.05106,0.14117,-0.52922,0.51102,0.47050,0.48725,184.18602
-0.42325,-0.05117,0.14117,-0.52922,0.51106,0.47050,0.48721,184.28636
-0.42325,-0.05127,0.14116,-0.52922,0.51110,0.47049,0.48717,184.38670
-0.42325,-0.05137,0.14115,-0.52922,0.51114,0.47049,0.48713,184.48705
-0.42325,-0.05147,0.14114,-0.52922,0.51118,0.47049,0.48709,184.58739
-0.42325,-0.05156,0.14113,-0.52922,0.51122,0.47049,0.48706,184.68773
-0.42325,-0.05164,0.14113,-0.52922,0.51126,0.47048,0.48702,184.78808
-0.42325,-0.05171,0.14112,-0.52922,0.51130,0.47048,0.48698,184.88843
-0.42325,-0.05177,0.14111,-0.52922,0.51133,0.47048,0.48694,184.98877
-0.42325,-0.05183,0.14110,-0.52922,0.51137,0.47048,0.48690,185.08912
-0.42325,-0.05187,0.14109,-0.52922,0.51141,0.47047,0.48686,185.18947
-0.42325,-0.05190,0.14108,-0.52922,0.51145,0.47047,0.48682,185.28982
-0.42325,-0.05192,0.14108,-0.52922,0.51149,0.47047,0.48678,185.39016
-0.42325,-0.05192,0.14107,-0.52922,0.51153,0.47047,0.48674,185.49051
-0.42325,-0.05192,0.14106,-0.52922,0.51157,0.47047,0.48670,185.59087
-0.42325,-0.05189,0.14105,-0.52922,0.51161,0.47046,0.48667,185.69122
-0.42325,-0.05186,0.14104,-0.52922,0.51165,0.47046,0.48663,185.79157
-0.42325,-0.05181,0.14103,-0.52922,0.51168,0.47046,0.48659,185.89192
-0.42325,-0.05174,0.14102,-0.52922,0.51172,0.47046,0.48655,185.99227
-0.42325,-0.05166,0.14102,-0.52922,0.51176,0.47046,0.48651,186.09263
-0.42325,-0.05156,0.14101,-0.52922,0.51180,0.47045,0.48647,186.19298
-0.42325,-0.05145,0.14100,-0.52922,0.51184,0.47045,0.48643,186.29334
-0.42325,-0.05132,0.14099,-0.52922,0.51188,0.47045,0.48639,186.39369
-0.42325,-0.05118,0.14098,-0.52922,0.51192,0.47045,0.48636,186.49405
-0.42325,-0.05102,0.14097,-0.52922,0.51195,0.47045,0.48632,186.59441
-0.42325,-0.05085,0.14097,-0.52922,0.51199,0.47045,0.48628,186.69477
-0.42325,-0.05067,0.14096,-0.52922,0.51203,0.47044,0.48624,186.79513
-0.42325,-0.05047,0.14095,-0.52922,0.51207,0.47044,0.48620,186.89548
-0.42325,-0.05025,0.14094,-0.52922,0.51211,0.47044,0.48616,186.99584
-0.42325,-0.05003,0.14093,-0.52922,0.51215,0.47044,0.48613,187.09620
-0.42325,-0.04979,0.14092,-0.52922,0.51218,0.47044,0.48609,187.19657
-0.42325,-0.04954,0.14091,-0.52922,0.51222,0.47044,0.48605,187.29693
-0.42325,-0.04929,0.14091,-0.52922,0.51226,0.47044,0.48601,187.39729
-0.42325,-0.04902,0.14090,-0.52922,0.51230,0.47043,0.48597,187.49765
-0.42325,-0.04874,0.14089,-0.52922,0.51234,0.47043,0.48594,187.59802
-0.42325,-0.04846,0.14088,-0.52922,0.51237,0.47043,0.48590,187.69838
-0.42325,-0.04817,0.14087,-0.52922,0.51241,0.47043,0.48586,187.79875
-0.42325,-0.04787,0.14086,-0.52922,0.51245,0.47043,0.48582,187.89911
-0.42325,-0.04757,0.14085,-0.52922,0.51249,0.47043,0.48578,187.99948
-0.42325,-0.04727,0.14085,-0.52921,0.51253,0.47043,0.48575,188.09985
-0.42325,-0.04696,0.14084,-0.52921,0.51256,0.47043,0.48571,188.20022
-0.42325,-0.04665,0.14083,-0.52921,0.51260,0.47042,0.48567,188.30058
-0.42325,-0.04634,0.14082,-0.52921,0.51264,0.47042,0.48563,188.40095
-0.42325,-0.04604,0.14081,-0.52921,0.51268,0.47042,0.48559,188.50132
-0.42325,-0.04573,0.14080,-0.52921,0.51271,0.47042,0.48556,188.60169
-0.42325,-0.04543,0.14079,-0.52921,0.51275,0.47042,0.48552,188.70206
-0.42325,-0.04513,0.14079,-0.52921,0.51279,0.47042,0.48548,188.80244
-0.42325,-0.04484,0.14078,-0.52921,0.51283,0.47042,0.48544,188.90281
-0.42325,-0.04455,0.14077,-0.52920,0.51286,0.47042,0.48541,189.00318
-0.42325,-0.04427,0.14076,-0.52920,0.51290,0.47042,0.48537,189.10356
-0.42325,-0.04400,0.14075,-0.52920,0.51294,0.47042,0.48533,189.20393
-0.42325,-0.04374,0.14074,-0.52920,0.51298,0.47042,0.48529,189.30430
-0.42325,-0.04349,0.14073,-0.52920,0.51301,0.47042,0.48526,189.40468
-0.42325,-0.04325,0.14073,-0.52920,0.51305,0.47042,0.48522,189.50506
-0.42325,-0.04302,0.14072,-0.52920,0.51309,0.47041,0.48518,189.60543
-0.42325,-0.04280,0.14071,-0.52919,0.51313,0.47041,0.48515,189.70581
-0.42325,-0.04260,0.14070,-0.52919,0.51316,0.47041,0.48511,189.80619
-0.42325,-0.04241,0.14069,-0.52919,0.51320,0.47041,0.48507,189.90657
-0.42325,-0.04223,0.14068,-0.52919,0.51324,0.47041,0.48503,190.00695
-0.42325,-0.04207,0.14067,-0.52919,0.51327,0.47041,0.48500,190.10733
-0.42325,-0.04192,0.14066,-0.52919,0.51331,0.47041,0.48496,190.20771
-0.42325,-0.04178,0.14066,-0.52918,0.51335,0.47041,0.48492,190.30809
-0.42325,-0.04166,0.14065,-0.52918,0.51338,0.47041,0.48489,190.40847
-0.42325,-0.04156,0.14064,-0.52918,0.51342,0.47041,0.48485,190.50885
-0.42325,-0.04147,0.14063,-0.52918,0.51346,0.47041,0.48481,190.60924
-0.42325,-0.04140,0.14062,-0.52918,0.51350,0.47041,0.48478,190.70962
-0.42325,-0.04134,0.14061,-0.52917,0.51353,0.47041,0.48474,190.81001
-0.42325,-0.04130,0.14060,-0.52917,0.51357,0.47041,0.48470,190.91039
-0.42325,-0.04127,0.14059,-0.52917,0.51361,0.47041,0.48467,191.01078
-0.42325,-0.04125,0.14059,-0.52917,0.51364,0.47041,0.48463,191.11116
-0.42325,-0.04125,0.14058,-0.52917,0.51368,0.47041,0.48459,191.21155
-0.42325,-0.04126,0.14057,-0.52916,0.51372,0.47041,0.48456,191.31194
-0.42325,-0.04129,0.14056,-0.52916,0.51375,0.47041,0.48452,191.41233
-0.42325,-0.04132,0.14055,-0.52916,0.51379,0.47041,0.48448,191.51272
-0.42325,-0.04137,0.14054,-0.52916,0.51383,0.47041,0.48445,191.61311
-0.42325,-0.04142,0.14053,-0.52915,0.51386,0.47041,0.48441,191.71350
-0.42325,-0.04149,0.14052,-0.52915,0.51390,0.47041,0.48438,191.81389
-0.42325,-0.04156,0.14051,-0.52915,0.51393,0.47041,0.48434,191.91428
-0.42325,-0.04164,0.14051,-0.52915,0.51397,0.47041,0.48430,192.01467
-0.42325,-0.04173,0.14050,-0.52914,0.51401,0.47041,0.48427,192.11506
-0.42325,-0.04183,0.14049,-0.52914,0.51404,0.47041,0.48423,192.21546
-0.42325,-0.04193,0.14048,-0.52914,0.51408,0.47041,0.48419,192.31585
-0.42325,-0.04203,0.14047,-0.52914,0.51412,0.47041,0.48416,192.41624
-0.42325,-0.04213,0.14046,-0.52913,0.51415,0.47042,0.48412,192.51664
-0.42325,-0.04224,0.14045,-0.52913,0.51419,0.47042,0.48409,192.61704
-0.42325,-0.04234,0.14044,-0.52913,0.51422,0.47042,0.48405,192.71743
-0.42325,-0.04245,0.14043,-0.52913,0.51426,0.47042,0.48401,192.81783
-0.42325,-0.04255,0.14043,-0.52912,0.51430,0.47042,0.48398,192.91823
-0.42325,-0.04265,0.14042,-0.52912,0.51433,0.47042,0.48394,193.01862
-0.42325,-0.04275,0.14041,-0.52912,0.51437,0.47042,0.48391,193.11902
-0.42325,-0.04284,0.14040,-0.52911,0.51440,0.47042,0.48387,193.21942
-0.42325,-0.04292,0.14039,-0.52911,0.51444,0.47042,0.48384,193.31982
-0.42325,-0.04300,0.14038,-0.52911,0.51448,0.47042,0.48380,193.42022
-0.42325,-0.04307,0.14037,-0.52910,0.51451,0.47042,0.48377,193.52062
-0.42325,-0.04313,0.14036,-0.52910,0.51455,0.47042,0.48373,193.62103
-0.42325,-0.04318,0.14035,-0.52910,0.51458,0.47043,0.48369,193.72143
-0.42325,-0.04322,0.14035,-0.52909,0.51462,0.47043,0.48366,193.82183
-0.42325,-0.04325,0.14034,-0.52909,0.51465,0.47043,0.48362,193.92224
-0.42325,-0.04326,0.14033,-0.52909,0.51469,0.47043,0.48359,194.02264
-0.42325,-0.04326,0.14032,-0.52908,0.51473,0.47043,0.48355,194.12304
-0.42325,-0.04326,0.14031,-0.52908,0.51476,0.47043,0.48352,194.22345
-0.42325,-0.04323,0.14030,-0.52908,0.51480,0.47043,0.48348,194.32386
-0.42325,-0.04319,0.14029,-0.52907,0.51483,0.47043,0.48345,194.42426
-0.42325,-0.04314,0.14028,-0.52907,0.51487,0.47044,0.48341,194.52467
-0.42325,-0.04308,0.14027,-0.52907,0.51490,0.47044,0.48338,194.62508
-0.42325,-0.04299,0.14026,-0.52906,0.51494,0.47044,0.48334,194.72549
-0.42325,-0.04290,0.14025,-0.52906,0.51497,0.47044,0.48331,194.82589
-0.42325,-0.04279,0.14025,-0.52905,0.51501,0.47044,0.48327,194.92630
-0.42325,-0.04266,0.14024,-0.52905,0.51504,0.47044,0.48324,195.02671
-0.42325,-0.04252,0.14023,-0.52905,0.51508,0.47044,0.48320,195.12713
-0.42325,-0.04236,0.14022,-0.52904,0.51511,0.47045,0.48317,195.22754
-0.42325,-0.04219,0.14021,-0.52904,0.51515,0.47045,0.48313,195.32795
-0.42325,-0.04201,0.14020,-0.52904,0.51518,0.47045,0.48310,195.42836
-0.42325,-0.04181,0.14019,-0.52903,0.51522,0.47045,0.48306,195.52877
-0.42325,-0.04160,0.14018,-0.52903,0.51525,0.47045,0.48303,195.62919
-0.42325,-0.04138,0.14017,-0.52902,0.51529,0.47046,0.48300,195.72960
-0.42325,-0.04115,0.14016,-0.52902,0.51532,0.47046,0.48296,195.83002
-0.42325,-0.04091,0.14015,-0.52901,0.51536,0.47046,0.48293,195.93043
-0.42325,-0.04065,0.14015,-0.52901,0.51539,0.47046,0.48289,196.03085
-0.42325,-0.04039,0.14014,-0.52901,0.51543,0.47046,0.48286,196.13127
-0.42325,-0.04012,0.14013,-0.52900,0.51546,0.47047,0.48282,196.23168
-0.42325,-0.03984,0.14012,-0.52900,0.51550,0.47047,0.48279,196.33210
-0.42325,-0.03955,0.14011,-0.52899,0.51553,0.47047,0.48275,196.43252
-0.42325,-0.03926,0.14010,-0.52899,0.51557,0.47047,0.48272,196.53294
-0.42325,-0.03896,0.14009,-0.52898,0.51560,0.47047,0.48269,196.63336
-0.42325,-0.03866,0.14008,-0.52898,0.51563,0.47048,0.48265,196.73378
-0.42325,-0.03836,0.14007,-0.52897,0.51567,0.47048,0.48262,196.83420
-0.42325,-0.03806,0.14006,-0.52897,0.51570,0.47048,0.48258,196.93462
-0.42325,-0.03775,0.14005,-0.52897,0.51574,0.47048,0.48255,197.03504
-0.42325,-0.03745,0.14004,-0.52896,0.51577,0.47049,0.48252,197.13546
-0.42325,-0.03715,0.14004,-0.52896,0.51581,0.47049,0.48248,197.23589
-0.42325,-0.03685,0.14003,-0.52895,0.51584,0.47049,0.48245,197.33631
-0.42325,-0.03656,0.14002,-0.52895,0.51587,0.47049,0.48242,197.43673
-0.42325,-0.03627,0.14001,-0.52894,0.51591,0.47050,0.48238,197.53716
-0.42325,-0.03599,0.14000,-0.52894,0.51594,0.47050,0.48235,197.63758
-0.42325,-0.03571,0.13999,-0.52893,0.51598,0.47050,0.48231,197.73801
-0.42325,-0.03545,0.13998,-0.52893,0.51601,0.47050,0.48228,197.83843
-0.42325,-0.03519,0.13997,-0.52892,0.51605,0.47051,0.48225,197.93886
-0.42325,-0.03494,0.13996,-0.52892,0.51608,0.47051,0.48221,198.03929
-0.42325,-0.03470,0.13995,-0.52891,0.51611,0.47051,0.48218,198.13972
-0.42325,-0.03447,0.13994,-0.52891,0.51615,0.47052,0.48215,198.24014
-0.42325,-0.03426,0.13993,-0.52890,0.51618,0.47052,0.48211,198.34057
-0.42325,-0.03406,0.13992,-0.52889,0.51621,0.47052,0.48208,198.44100
-0.42325,-0.03387,0.13992,-0.52889,0.51625,0.47053,0.48205,198.54143
-0.42325,-0.03369,0.13991,-0.52888,0.51628,0.47053,0.48201,198.64186
-0.42325,-0.03353,0.13990,-0.52888,0.51632,0.47053,0.48198,198.74229
-0.42325,-0.03338,0.13989,-0.52887,0.51635,0.47053,0.48195,198.84273
-0.42325,-0.03325,0.13988,-0.52887,0.51638,0.47054,0.48191,198.94316
-0.42325,-0.03313,0.13987,-0.52886,0.51642,0.47054,0.48188,199.04359
-0.42325,-0.03303,0.13986,-0.52886,0.51645,0.47054,0.48185,199.14402
-0.42325,-0.03294,0.13985,-0.52885,0.51648,0.47055,0.48182,199.24446
-0.42325,-0.03286,0.13984,-0.52885,0.51652,0.47055,0.48178,199.34489
-0.42325,-0.03280,0.13983,-0.52884,0.51655,0.47055,0.48175,199.44533
-0.42325,-0.03276,0.13982,-0.52883,0.51658,0.47056,0.48172,199.54576
-0.42325,-0.03273,0.13981,-0.52883,0.51662,0.47056,0.48168,199.64620
-0.42325,-0.03271,0.13980,-0.52882,0.51665,0.47057,0.48165,199.74664
-0.42325,-0.03270,0.13979,-0.52882,0.51668,0.47057,0.48162,199.84707
-0.42325,-0.03271,0.13978,-0.52881,0.51672,0.47057,0.48159,199.94751
-0.42325,-0.03273,0.13978,-0.52880,0.51675,0.47058,0.48155,200.04795
-0.42325,-0.03276,0.13977,-0.52880,0.51678,0.47058,0.48152,200.14839
-0.42325,-0.03281,0.13976,-0.52879,0.51682,0.47058,0.48149,200.24883
-0.42325,-0.03286,0.13975,-0.52879,0.51685,0.47059,0.48146,200.34927
-0.42325,-0.03292,0.13974,-0.52878,0.51688,0.47059,0.48142,200.44971
-0.42325,-0.03299,0.13973,-0.52877,0.51691,0.47060,0.48139,200.55015
-0.42325,-0.03307,0.13972,-0.52877,0.51695,0.47060,0.48136,200.65059
-0.42325,-0.03315,0.13971,-0.52876,0.51698,0.47060,0.48133,200.75103
-0.42325,-0.03324,0.13970,-0.52875,0.51701,0.47061,0.48129,200.85147
-0.42325,-0.03334,0.13969,-0.52875,0.51705,0.47061,0.48126,200.95192
-0.42325,-0.03343,0.13968,-0.52874,0.51708,0.47062,0.48123,201.05236
-0.42325,-0.03353,0.13967,-0.52874,0.51711,0.47062,0.48120,201.15280
-0.42325,-0.03363,0.13966,-0.52873,0.51714,0.47062,0.48117,201.25325
-0.42325,-0.03373,0.13965,-0.52872,0.51718,0.47063,0.48113,201.35369
-0.42325,-0.03383,0.13964,-0.52872,0.51721,0.47063,0.48110,201.45414
-0.42325,-0.03393,0.13963,-0.52871,0.51724,0.47064,0.48107,201.55458
-0.42325,-0.03403,0.13962,-0.52870,0.51727,0.47064,0.48104,201.65503
-0.42325,-0.03412,0.13962,-0.52870,0.51731,0.47065,0.48101,201.75548
-0.42325,-0.03421,0.13961,-0.52869,0.51734,0.47065,0.48097,201.85592
-0.42325,-0.03429,0.13960,-0.52868,0.51737,0.47065,0.48094,201.95637
-0.42325,-0.03436,0.13959,-0.52867,0.51740,0.47066,0.48091,202.05682
-0.42325,-0.03442,0.13958,-0.52867,0.51744,0.47066,0.48088,202.15727
-0.42325,-0.03448,0.13957,-0.52866,0.51747,0.47067,0.48085,202.25772
-0.42325,-0.03453,0.13956,-0.52865,0.51750,0.47067,0.48082,202.35817
-0.42325,-0.03457,0.13955,-0.52865,0.51753,0.47068,0.48079,202.45862
-0.42325,-0.03459,0.13954,-0.52864,0.51757,0.47068,0.48075,202.55907
-0.42325,-0.03461,0.13953,-0.52863,0.51760,0.47069,0.48072,202.65952
-0.42325,-0.03461,0.13952,-0.52863,0.51763,0.47069,0.48069,202.75997
-0.42325,-0.03460,0.13951,-0.52862,0.51766,0.47070,0.48066,202.86042
-0.42325,-0.03457,0.13950,-0.52861,0.51769,0.47070,0.48063,202.96088
-0.42325,-0.03453,0.13949,-0.52860,0.51772,0.47071,0.48060,203.06133
-0.42325,-0.03448,0.13948,-0.52860,0.51776,0.47071,0.48057,203.16178
-0.42325,-0.03441,0.13947,-0.52859,0.51779,0.47072,0.48054,203.26224
-0.42325,-0.03433,0.13946,-0.52858,0.51782,0.47072,0.48050,203.36269
-0.42325,-0.03424,0.13945,-0.52857,0.51785,0.47073,0.48047,203.46315
-0.42325,-0.03412,0.13944,-0.52857,0.51788,0.47073,0.48044,203.56360
-0.42325,-0.03400,0.13943,-0.52856,0.51792,0.47074,0.48041,203.66406
-0.42325,-0.03386,0.13943,-0.52855,0.51795,0.47074,0.48038,203.76452
-0.42325,-0.03371,0.13942,-0.52854,0.51798,0.47075,0.48035,203.86497
-0.42325,-0.03354,0.13941,-0.52854,0.51801,0.47075,0.48032,203.96543
-0.42325,-0.03336,0.13940,-0.52853,0.51804,0.47076,0.48029,204.06589
-0.42325,-0.03316,0.13939,-0.52852,0.51807,0.47076,0.48026,204.16635
-0.42325,-0.03296,0.13938,-0.52851,0.51810,0.47077,0.48023,204.26681
-0.42325,-0.03274,0.13937,-0.52850,0.51814,0.47078,0.48020,204.36727
-0.42325,-0.03251,0.13936,-0.52850,0.51817,0.47078,0.48017,204.46773
-0.42325,-0.03227,0.13935,-0.52849,0.51820,0.47079,0.48014,204.56819
-0.42325,-0.03202,0.13934,-0.52848,0.51823,0.47079,0.48011,204.66865
-0.42325,-0.03176,0.13933,-0.52847,0.51826,0.47080,0.48007,204.76911
-0.42325,-0.03149,0.13932,-0.52846,0.51829,0.47080,0.48004,204.86957
-0.42325,-0.03121,0.13931,-0.52846,0.51832,0.47081,0.48001,204.97003
-0.42325,-0.03093,0.13930,-0.52845,0.51835,0.47082,0.47998,205.07050
-0.42325,-0.03065,0.13929,-0.52844,0.51839,0.47082,0.47995,205.17096
-0.42325,-0.03035,0.13928,-0.52843,0.51842,0.47083,0.47992,205.27142
-0.42325,-0.03006,0.13927,-0.52842,0.51845,0.47083,0.47989,205.37189
-0.42325,-0.02976,0.13926,-0.52841,0.51848,0.47084,0.47986,205.47235
-0.42325,-0.02946,0.13925,-0.52841,0.51851,0.47085,0.47983,205.57282
-0.42325,-0.02916,0.13924,-0.52840,0.51854,0.47085,0.47980,205.67328
-0.42325,-0.02887,0.13923,-0.52839,0.51857,0.47086,0.47977,205.77375
-0.42325,-0.02857,0.13922,-0.52838,0.51860,0.47086,0.47974,205.87422
-0.42325,-0.02828,0.13921,-0.52837,0.51863,0.47087,0.47971,205.97468
-0.42325,-0.02799,0.13920,-0.52836,0.51866,0.47088,0.47968,206.07515
-0.42325,-0.02770,0.13919,-0.52835,0.51869,0.47088,0.47965,206.17562
-0.42325,-0.02743,0.13918,-0.52835,0.51872,0.47089,0.47962,206.27609
-0.42325,-0.02715,0.13917,-0.52834,0.51875,0.47090,0.47959,206.37655
-0.42325,-0.02689,0.13916,-0.52833,0.51878,0.47090,0.47957,206.47702
-0.42325,-0.02664,0.13916,-0.52832,0.51881,0.47091,0.47954,206.57749
-0.42325,-0.02639,0.13915,-0.52831,0.51885,0.47092,0.47951,206.67796
-0.42325,-0.02615,0.13914,-0.52830,0.51888,0.47092,0.47948,206.77843
-0.42325,-0.02593,0.13913,-0.52829,0.51891,0.47093,0.47945,206.87890
-0.42325,-0.02572,0.13912,-0.52828,0.51894,0.47094,0.47942,206.97938
-0.42325,-0.02552,0.13911,-0.52827,0.51897,0.47094,0.47939,207.07985
-0.42325,-0.02533,0.13910,-0.52826,0.51900,0.47095,0.47936,207.18032
-0.42325,-0.02515,0.13909,-0.52826,0.51903,0.47096,0.47933,207.28079
-0.42325,-0.02499,0.13908,-0.52825,0.51906,0.47096,0.47930,207.38126
-0.42325,-0.02485,0.13907,-0.52824,0.51909,0.47097,0.47927,207.48174
-0.42325,-0.02471,0.13906,-0.52823,0.51912,0.47098,0.47924,207.58221
-0.42325,-0.02459,0.13905,-0.52822,0.51915,0.47098,0.47921,207.68269
-0.42325,-0.02449,0.13904,-0.52821,0.51918,0.47099,0.47919,207.78316
-0.42325,-0.02440,0.13903,-0.52820,0.51921,0.47100,0.47916,207.88363
-0.42325,-0.02433,0.13902,-0.52819,0.51924,0.47101,0.47913,207.98411
-0.42325,-0.02426,0.13901,-0.52818,0.51927,0.47101,0.47910,208.08459
-0.42325,-0.02422,0.13900,-0.52817,0.51930,0.47102,0.47907,208.18506
-0.42325,-0.02418,0.13899,-0.52816,0.51933,0.47103,0.47904,208.28554
-0.42325,-0.02416,0.13898,-0.52815,0.51936,0.47104,0.47901,208.38602
-0.42325,-0.02416,0.13897,-0.52814,0.51938,0.47104,0.47898,208.48649
-0.42325,-0.02416,0.13896,-0.52813,0.51941,0.47105,0.47896,208.58697
-0.42325,-0.02418,0.13895,-0.52812,0.51944,0.47106,0.47893,208.68745
-0.42325,-0.02421,0.13894,-0.52811,0.51947,0.47106,0.47890,208.78793
-0.42325,-0.02425,0.13893,-0.52810,0.51950,0.47107,0.47887,208.88841
-0.42325,-0.02429,0.13892,-0.52809,0.51953,0.47108,0.47884,208.98889
-0.42325,-0.02435,0.13891,-0.52808,0.51956,0.47109,0.47881,209.08937
-0.42325,-0.02442,0.13890,-0.52807,0.51959,0.47110,0.47878,209.18985
-0.42325,-0.02449,0.13889,-0.52806,0.51962,0.47110,0.47876,209.29033
-0.42325,-0.02457,0.13888,-0.52805,0.51965,0.47111,0.47873,209.39081
-0.42325,-0.02466,0.13887,-0.52804,0.51968,0.47112,0.47870,209.49129
-0.42325,-0.02474,0.13886,-0.52803,0.51971,0.47113,0.47867,209.59177
-0.42325,-0.02484,0.13885,-0.52802,0.51974,0.47113,0.47864,209.69225
-0.42325,-0.02493,0.13884,-0.52801,0.51977,0.47114,0.47862,209.79274
-0.42325,-0.02503,0.13883,-0.52800,0.51980,0.47115,0.47859,209.89322
-0.42325,-0.02513,0.13882,-0.52799,0.51982,0.47116,0.47856,209.99370
-0.42325,-0.02522,0.13881,-0.52798,0.51985,0.47117,0.47853,210.09419
-0.42325,-0.02532,0.13880,-0.52797,0.51988,0.47118,0.47850,210.19467
-0.42325,-0.02541,0.13879,-0.52796,0.51991,0.47118,0.47848,210.29515
-0.42325,-0.02549,0.13878,-0.52795,0.51994,0.47119,0.47845,210.39564
-0.42325,-0.02558,0.13877,-0.52794,0.51997,0.47120,0.47842,210.49612
-0.42325,-0.02565,0.13876,-0.52793,0.52000,0.47121,0.47839,210.59661
-0.42325,-0.02572,0.13875,-0.52792,0.52003,0.47122,0.47837,210.69710
-0.42325,-0.02578,0.13874,-0.52790,0.52005,0.47123,0.47834,210.79758
-0.42325,-0.02584,0.13873,-0.52789,0.52008,0.47123,0.47831,210.89807
-0.42325,-0.02588,0.13872,-0.52788,0.52011,0.47124,0.47828,210.99856
-0.42325,-0.02592,0.13871,-0.52787,0.52014,0.47125,0.47826,211.09904
-0.42325,-0.02594,0.13870,-0.52786,0.52017,0.47126,0.47823,211.19953
-0.42325,-0.02595,0.13869,-0.52785,0.52020,0.47127,0.47820,211.30002
-0.42325,-0.02595,0.13868,-0.52784,0.52023,0.47128,0.47817,211.40051
-0.42325,-0.02594,0.13867,-0.52783,0.52025,0.47129,0.47815,211.50100
-0.42325,-0.02591,0.13866,-0.52782,0.52028,0.47129,0.47812,211.60148
-0.42325,-0.02587,0.13865,-0.52781,0.52031,0.47130,0.47809,211.70197
-0.42325,-0.02582,0.13864,-0.52779,0.52034,0.47131,0.47807,211.80246
-0.42325,-0.02575,0.13864,-0.52778,0.52037,0.47132,0.47804,211.90295
-0.42325,-0.02567,0.13863,-0.52777,0.52039,0.47133,0.47801,212.00344
-0.42325,-0.02557,0.13862,-0.52776,0.52042,0.47134,0.47798,212.10394
-0.42325,-0.02546,0.13861,-0.52775,0.52045,0.47135,0.47796,212.20443
-0.42325,-0.02534,0.13860,-0.52774,0.52048,0.47136,0.47793,212.30492
-0.42325,-0.02520,0.13859,-0.52773,0.52051,0.47137,0.47790,212.40541
-0.42325,-0.02505,0.13858,-0.52771,0.52053,0.47138,0.47788,212.50590
-0.42325,-0.02488,0.13857,-0.52770,0.52056,0.47139,0.47785,212.60640
-0.42325,-0.02471,0.13856,-0.52769,0.52059,0.47139,0.47782,212.70689
-0.42325,-0.02451,0.13855,-0.52768,0.52062,0.47140,0.47780,212.80738
-0.42325,-0.02431,0.13854,-0.52767,0.52065,0.47141,0.47777,212.90788
-0.42325,-0.02409,0.13853,-0.52766,0.52067,0.47142,0.47774,213.00837
-0.42325,-0.02387,0.13852,-0.52764,0.52070,0.47143,0.47772,213.10886
-0.42325,-0.02363,0.13851,-0.52763,0.52073,0.47144,0.47769,213.20936
-0.42325,-0.02338,0.13850,-0.52762,0.52076,0.47145,0.47767,213.30985
-0.42325,-0.02313,0.13849,-0.52761,0.52078,0.47146,0.47764,213.41035
-0.42325,-0.02286,0.13848,-0.52760,0.52081,0.47147,0.47761,213.51084
-0.42325,-0.02259,0.13847,-0.52758,0.52084,0.47148,0.47759,213.61134
-0.42325,-0.02232,0.13846,-0.52757,0.52087,0.47149,0.47756,213.71184
-0.42325,-0.02203,0.13845,-0.52756,0.52089,0.47150,0.47753,213.81233
-0.42325,-0.02175,0.13844,-0.52755,0.52092,0.47151,0.47751,213.91283
-0.42325,-0.02146,0.13843,-0.52754,0.52095,0.47152,0.47748,214.01333
-0.42325,-0.02116,0.13842,-0.52752,0.52097,0.47153,0.47746,214.11382
-0.42325,-0.02087,0.13841,-0.52751,0.52100,0.47154,0.47743,214.21432
-0.42325,-0.02057,0.13840,-0.52750,0.52103,0.47155,0.47741,214.31482
-0.42325,-0.02028,0.13839,-0.52749,0.52106,0.47156,0.47738,214.41532
-0.42325,-0.01999,0.13838,-0.52747,0.52108,0.47157,0.47735,214.51582
-0.42325,-0.01970,0.13837,-0.52746,0.52111,0.47158,0.47733,214.61632
-0.42325,-0.01942,0.13836,-0.52745,0.52114,0.47159,0.47730,214.71681
-0.42325,-0.01914,0.13835,-0.52744,0.52116,0.47160,0.47728,214.81731
-0.42325,-0.01886,0.13834,-0.52742,0.52119,0.47161,0.47725,214.91781
-0.42325,-0.01859,0.13833,-0.52741,0.52122,0.47162,0.47723,215.01831
-0.42325,-0.01833,0.13832,-0.52740,0.52124,0.47163,0.47720,215.11881
-0.42325,-0.01808,0.13831,-0.52738,0.52127,0.47164,0.47717,215.21932
-0.42325,-0.01784,0.13830,-0.52737,0.52130,0.47165,0.47715,215.31982
-0.42325,-0.01761,0.13829,-0.52736,0.52132,0.47166,0.47712,215.42032
-0.42325,-0.01738,0.13828,-0.52735,0.52135,0.47167,0.47710,215.52082
-0.42325,-0.01717,0.13827,-0.52733,0.52138,0.47169,0.47707,215.62132
-0.42325,-0.01697,0.13826,-0.52732,0.52140,0.47170,0.47705,215.72182
-0.42325,-0.01679,0.13825,-0.52731,0.52143,0.47171,0.47702,215.82233
-0.42325,-0.01661,0.13824,-0.52729,0.52146,0.47172,0.47700,215.92283
-0.42325,-0.01645,0.13823,-0.52728,0.52148,0.47173,0.47697,216.02333
-0.42325,-0.01631,0.13822,-0.52727,0.52151,0.47174,0.47695,216.12384
-0.42325,-0.01618,0.13821,-0.52725,0.52154,0.47175,0.47692,216.22434
-0.42325,-0.01606,0.13820,-0.52724,0.52156,0.47176,0.47690,216.32484
-0.42325,-0.01595,0.13819,-0.52723,0.52159,0.47177,0.47687,216.42535
-0.42325,-0.01586,0.13818,-0.52721,0.52161,0.47178,0.47685,216.52585
-0.42325,-0.01579,0.13817,-0.52720,0.52164,0.47179,0.47682,216.62636
-0.42325,-0.01572,0.13816,-0.52719,0.52167,0.47181,0.47680,216.72686
-0.42325,-0.01567,0.13815,-0.52717,0.52169,0.47182,0.47677,216.82737
-0.42325,-0.01564,0.13814,-0.52716,0.52172,0.47183,0.47675,216.92787
-0.42325,-0.01562,0.13813,-0.52715,0.52174,0.47184,0.47673,217.02838
-0.42325,-0.01561,0.13812,-0.52713,0.52177,0.47185,0.47670,217.12888
-0.42325,-0.01561,0.13811,-0.52712,0.52180,0.47186,0.47668,217.22939
-0.42325,-0.01562,0.13809,-0.52711,0.52182,0.47187,0.47665,217.32990
-0.42325,-0.01565,0.13808,-0.52709,0.52185,0.47189,0.47663,217.43040
-0.42325,-0.01568,0.13807,-0.52708,0.52187,0.47190,0.47660,217.53091
-0.42325,-0.01573,0.13806,-0.52706,0.52190,0.47191,0.47658,217.63142
-0.42325,-0.01578,0.13805,-0.52705,0.52192,0.47192,0.47656,217.73192
-0.42325,-0.01585,0.13804,-0.52704,0.52195,0.47193,0.47653,217.83243
-0.42325,-0.01591,0.13803,-0.52702,0.52197,0.47194,0.47651,217.93294
-0.42325,-0.01599,0.13802,-0.52701,0.52200,0.47196,0.47648,218.03345
-0.42325,-0.01607,0.13801,-0.52699,0.52203,0.47197,0.47646,218.13396
-0.42325,-0.01615,0.13800,-0.52698,0.52205,0.47198,0.47644,218.23446
-0.42325,-0.01624,0.13799,-0.52697,0.52208,0.47199,0.47641,218.33497
-0.42325,-0.01633,0.13798,-0.52695,0.52210,0.47200,0.47639,218.43548
-0.42325,-0.01643,0.13797,-0.52694,0.52213,0.47202,0.47636,218.53599
-0.42325,-0.01652,0.13796,-0.52692,0.52215,0.47203,0.47634,218.63650
-0.42325,-0.01661,0.13795,-0.52691,0.52218,0.47204,0.47632,218.73701
-0.42325,-0.01670,0.13794,-0.52689,0.52220,0.47205,0.47629,218.83752
-0.42325,-0.01678,0.13793,-0.52688,0.52223,0.47206,0.47627,218.93803
-0.42325,-0.01687,0.13792,-0.52686,0.52225,0.47208,0.47625,219.03854
-0.42325,-0.01695,0.13791,-0.52685,0.52228,0.47209,0.47622,219.13905
-0.42325,-0.01702,0.13790,-0.52684,0.52230,0.47210,0.47620,219.23956
-0.42325,-0.01708,0.13789,-0.52682,0.52233,0.47211,0.47618,219.34007
-0.42325,-0.01714,0.13788,-0.52681,0.52235,0.47213,0.47615,219.44059
-0.42325,-0.01719,0.13787,-0.52679,0.52238,0.47214,0.47613,219.54110
-0.42325,-0.01723,0.13786,-0.52678,0.52240,0.47215,0.47611,219.64161
-0.42325,-0.01727,0.13785,-0.52676,0.52243,0.47216,0.47608,219.74212
-0.42325,-0.01729,0.13784,-0.52675,0.52245,0.47218,0.47606,219.84263
-0.42325,-0.01730,0.13783,-0.52673,0.52248,0.47219,0.47604,219.94315
-0.42325,-0.01729,0.13782,-0.52672,0.52250,0.47220,0.47601,220.04366
-0.42325,-0.01728,0.13781,-0.52670,0.52252,0.47221,0.47599,220.14417
-0.42325,-0.01725,0.13780,-0.52669,0.52255,0.47223,0.47597,220.24468
-0.42325,-0.01721,0.13779,-0.52667,0.52257,0.47224,0.47594,220.34520
-0.42325,-0.01716,0.13778,-0.52666,0.52260,0.47225,0.47592,220.44571
-0.42325,-0.01709,0.13777,-0.52664,0.52262,0.47227,0.47590,220.54622
-0.42325,-0.01701,0.13776,-0.52663,0.52265,0.47228,0.47588,220.64674
-0.42325,-0.01691,0.13775,-0.52661,0.52267,0.47229,0.47585,220.74725
-0.42325,-0.01680,0.13774,-0.52660,0.52270,0.47231,0.47583,220.84777
-0.42325,-0.01668,0.13773,-0.52658,0.52272,0.47232,0.47581,220.94828
-0.42325,-0.01654,0.13772,-0.52656,0.52274,0.47233,0.47578,221.04880
-0.42325,-0.01639,0.13771,-0.52655,0.52277,0.47235,0.47576,221.14931
-0.42325,-0.01623,0.13770,-0.52653,0.52279,0.47236,0.47574,221.24982
-0.42325,-0.01605,0.13769,-0.52652,0.52282,0.47237,0.47572,221.35034
-0.42325,-0.01587,0.13768,-0.52650,0.52284,0.47239,0.47570,221.45086
-0.42325,-0.01566,0.13767,-0.52649,0.52286,0.47240,0.47567,221.55137
-0.42325,-0.01545,0.13766,-0.52647,0.52289,0.47241,0.47565,221.65189
-0.42325,-0.01523,0.13765,-0.52646,0.52291,0.47243,0.47563,221.75240
-0.42325,-0.01499,0.13764,-0.52644,0.52293,0.47244,0.47561,221.85292
-0.42325,-0.01475,0.13763,-0.52642,0.52296,0.47245,0.47558,221.95343
-0.42325,-0.01450,0.13762,-0.52641,0.52298,0.47247,0.47556,222.05395
-0.42325,-0.01424,0.13761,-0.52639,0.52301,0.47248,0.47554,222.15447
-0.42325,-0.01397,0.13760,-0.52638,0.52303,0.47249,0.47552,222.25498
-0.42325,-0.01370,0.13759,-0.52636,0.52305,0.47251,0.47550,222.35550
-0.42325,-0.01342,0.13758,-0.52634,0.52308,0.47252,0.47547,222.45602
-0.42325,-0.01314,0.13757,-0.52633,0.52310,0.47254,0.47545,222.55653
-0.42325,-0.01285,0.13756,-0.52631,0.52312,0.47255,0.47543,222.65705
-0.42325,-0.01256,0.13755,-0.52630,0.52315,0.47256,0.47541,222.75757
-0.42325,-0.01227,0.13754,-0.52628,0.52317,0.47258,0.47539,222.85809
-0.42325,-0.01198,0.13753,-0.52626,0.52319,0.47259,0.47537,222.95860
-0.42325,-0.01170,0.13752,-0.52625,0.52322,0.47261,0.47534,223.05912
-0.42325,-0.01141,0.13751,-0.52623,0.52324,0.47262,0.47532,223.15964
-0.42325,-0.01112,0.13750,-0.52621,0.52326,0.47264,0.47530,223.26016
-0.42325,-0.01084,0.13749,-0.52620,0.52329,0.47265,0.47528,223.36068
-0.42325,-0.01057,0.13748,-0.52618,0.52331,0.47266,0.47526,223.46119
-0.42325,-0.01030,0.13747,-0.52616,0.52333,0.47268,0.47524,223.56171
-0.42325,-0.01003,0.13746,-0.52615,0.52335,0.47269,0.47522,223.66223
-0.42325,-0.00977,0.13745,-0.52613,0.52338,0.47271,0.47519,223.76275
-0.42325,-0.00953,0.13744,-0.52611,0.52340,0.47272,0.47517,223.86327
-0.42325,-0.00929,0.13743,-0.52610,0.52342,0.47274,0.47515,223.96379
-0.42325,-0.00906,0.13742,-0.52608,0.52345,0.47275,0.47513,224.06431
-0.42325,-0.00884,0.13740,-0.52606,0.52347,0.47277,0.47511,224.16483
-0.42325,-0.00863,0.13739,-0.52605,0.52349,0.47278,0.47509,224.26535
-0.42325,-0.00843,0.13738,-0.52603,0.52351,0.47280,0.47507,224.36587
-0.42325,-0.00825,0.13737,-0.52601,0.52354,0.47281,0.47505,224.46639
-0.42325,-0.00807,0.13736,-0.52600,0.52356,0.47283,0.47503,224.56691
-0.42325,-0.00792,0.13735,-0.52598,0.52358,0.47284,0.47501,224.66743
-0.42325,-0.00777,0.13734,-0.52596,0.52360,0.47286,0.47498,224.76795
-0.42325,-0.00764,0.13733,-0.52594,0.52363,0.47287,0.47496,224.86847
-0.42325,-0.00752,0.13732,-0.52593,0.52365,0.47289,0.47494,224.96899
-0.42325,-0.00741,0.13731,-0.52591,0.52367,0.47290,0.47492,225.06951
-0.42325,-0.00732,0.13730,-0.52589,0.52369,0.47292,0.47490,225.17003
-0.42325,-0.00725,0.13729,-0.52587,0.52372,0.47293,0.47488,225.27055
-0.42325,-0.00718,0.13728,-0.52586,0.52374,0.47295,0.47486,225.37107
-0.42325,-0.00713,0.13727,-0.52584,0.52376,0.47296,0.47484,225.47159
-0.42325,-0.00709,0.13726,-0.52582,0.52378,0.47298,0.47482,225.57211
-0.42325,-0.00707,0.13725,-0.52580,0.52380,0.47299,0.47480,225.67263
-0.42325,-0.00706,0.13724,-0.52579,0.52383,0.47301,0.47478,225.77315
-0.42325,-0.00706,0.13723,-0.52577,0.52385,0.47302,0.47476,225.87367
-0.42325,-0.00707,0.13722,-0.52575,0.52387,0.47304,0.47474,225.97419
-0.42325,-0.00709,0.13721,-0.52573,0.52389,0.47306,0.47472,226.07472
-0.42325,-0.00712,0.13720,-0.52572,0.52391,0.47307,0.47470,226.17524
-0.42325,-0.00716,0.13719,-0.52570,0.52394,0.47309,0.47468,226.27576
-0.42325,-0.00721,0.13718,-0.52568,0.52396,0.47310,0.47466,226.37628
-0.42325,-0.00727,0.13717,-0.52566,0.52398,0.47312,0.47464,226.47680
-0.42325,-0.00734,0.13716,-0.52564,0.52400,0.47314,0.47462,226.57732
-0.42325,-0.00741,0.13715,-0.52563,0.52402,0.47315,0.47460,226.67785
-0.42325,-0.00748,0.13714,-0.52561,0.52404,0.47317,0.47458,226.77837
-0.42325,-0.00756,0.13713,-0.52559,0.52407,0.47318,0.47456,226.87889
-0.42325,-0.00765,0.13712,-0.52557,0.52409,0.47320,0.47454,226.97941
-0.42325,-0.00773,0.13711,-0.52555,0.52411,0.47322,0.47452,227.07993
-0.42325,-0.00782,0.13710,-0.52554,0.52413,0.47323,0.47450,227.18046
-0.42325,-0.00791,0.13709,-0.52552,0.52415,0.47325,0.47448,227.28098
-0.42325,-0.00800,0.13708,-0.52550,0.52417,0.47326,0.47446,227.38150
-0.42325,-0.00808,0.13707,-0.52548,0.52419,0.47328,0.47444,227.48202
-0.42325,-0.00816,0.13706,-0.52546,0.52422,0.47330,0.47442,227.58255
-0.42325,-0.00824,0.13705,-0.52544,0.52424,0.47331,0.47440,227.68307
-0.42325,-0.00832,0.13704,-0.52543,0.52426,0.47333,0.47438,227.78359
-0.42325,-0.00839,0.13703,-0.52541,0.52428,0.47335,0.47437,227.88411
-0.42325,-0.00845,0.13702,-0.52539,0.52430,0.47336,0.47435,227.98464
-0.42325,-0.00850,0.13701,-0.52537,0.52432,0.47338,0.47433,228.08516
-0.42325,-0.00855,0.13700,-0.52535,0.52434,0.47340,0.47431,228.18568
-0.42325,-0.00859,0.13699,-0.52533,0.52436,0.47341,0.47429,228.28620
-0.42325,-0.00862,0.13698,-0.52531,0.52438,0.47343,0.47427,228.38673
-0.42325,-0.00864,0.13697,-0.52530,0.52440,0.47345,0.47425,228.48725
-0.42325,-0.00864,0.13695,-0.52528,0.52442,0.47346,0.47423,228.58777
-0.42325,-0.00864,0.13694,-0.52526,0.52445,0.47348,0.47421,228.68830
-0.42325,-0.00862,0.13693,-0.52524,0.52447,0.47350,0.47419,228.78882
-0.42325,-0.00860,0.13692,-0.52522,0.52449,0.47351,0.47418,228.88934
-0.42325,-0.00855,0.13691,-0.52520,0.52451,0.47353,0.47416,228.98986
-0.42325,-0.00850,0.13690,-0.52518,0.52453,0.47355,0.47414,229.09039
-0.42325,-0.00843,0.13689,-0.52516,0.52455,0.47357,0.47412,229.19091
-0.42325,-0.00835,0.13688,-0.52514,0.52457,0.47358,0.47410,229.29143
-0.42325,-0.00826,0.13687,-0.52512,0.52459,0.47360,0.47408,229.39196
-0.42325,-0.00815,0.13686,-0.52510,0.52461,0.47362,0.47406,229.49248
-0.42325,-0.00802,0.13685,-0.52508,0.52463,0.47363,0.47405,229.59300
-0.42325,-0.00789,0.13684,-0.52507,0.52465,0.47365,0.47403,229.69353
-0.42325,-0.00774,0.13683,-0.52505,0.52467,0.47367,0.47401,229.79405
-0.42325,-0.00758,0.13682,-0.52503,0.52469,0.47369,0.47399,229.89457
-0.42325,-0.00740,0.13681,-0.52501,0.52471,0.47370,0.47397,229.99510
-0.42325,-0.00722,0.13680,-0.52499,0.52473,0.47372,0.47395,230.09562
-0.42325,-0.00702,0.13679,-0.52497,0.52475,0.47374,0.47394,230.19614
-0.42325,-0.00681,0.13678,-0.52495,0.52477,0.47376,0.47392,230.29667
-0.42325,-0.00659,0.13677,-0.52493,0.52479,0.47378,0.47390,230.39719
-0.42325,-0.00636,0.13676,-0.52491,0.52481,0.47379,0.47388,230.49771
-0.42325,-0.00612,0.13675,-0.52489,0.52483,0.47381,0.47386,230.59824
-0.42325,-0.00587,0.13674,-0.52487,0.52485,0.47383,0.47385,230.69876
-0.42325,-0.00561,0.13673,-0.52485,0.52487,0.47385,0.47383,230.79928
-0.42325,-0.00535,0.13672,-0.52483,0.52489,0.47387,0.47381,230.89981
-0.42325,-0.00508,0.13671,-0.52481,0.52491,0.47388,0.47379,231.00033
-0.42325,-0.00481,0.13670,-0.52479,0.52493,0.47390,0.47378,231.10085
-0.42325,-0.00453,0.13669,-0.52477,0.52495,0.47392,0.47376,231.20138
-0.42325,-0.00425,0.13668,-0.52475,0.52497,0.47394,0.47374,231.30190
-0.42325,-0.00396,0.13667,-0.52473,0.52499,0.47396,0.47372,231.40242
-0.42325,-0.00368,0.13666,-0.52471,0.52501,0.47397,0.47371,231.50295
-0.42325,-0.00339,0.13665,-0.52469,0.52503,0.47399,0.47369,231.60347
-0.42325,-0.00311,0.13664,-0.52467,0.52504,0.47401,0.47367,231.70399
-0.42325,-0.00283,0.13663,-0.52465,0.52506,0.47403,0.47365,231.80452
-0.42325,-0.00255,0.13662,-0.52463,0.52508,0.47405,0.47364,231.90504
-0.42325,-0.00227,0.13661,-0.52461,0.52510,0.47407,0.47362,232.00556
-0.42325,-0.00200,0.13660,-0.52459,0.52512,0.47409,0.47360,232.10609
-0.42325,-0.00173,0.13659,-0.52457,0.52514,0.47410,0.47359,232.20661
-0.42325,-0.00147,0.13658,-0.52455,0.52516,0.47412,0.47357,232.30713
-0.42325,-0.00121,0.13657,-0.52453,0.52518,0.47414,0.47355,232.40766
-0.42325,-0.00097,0.13656,-0.52450,0.52520,0.47416,0.47353,232.50818
-0.42325,-0.00073,0.13655,-0.52448,0.52522,0.47418,0.47352,232.60870
-0.42325,-0.00050,0.13653,-0.52446,0.52524,0.47420,0.47350,232.70922
-0.42325,-0.00029,0.13652,-0.52444,0.52525,0.47422,0.47348,232.80975
-0.42325,-0.00008,0.13651,-0.52442,0.52527,0.47424,0.47347,232.91027
-0.42325,0.00011,0.13650,-0.52440,0.52529,0.47425,0.47345,233.01079
-0.42325,0.00030,0.13649,-0.52438,0.52531,0.47427,0.47343,233.11132
-0.42325,0.00047,0.13648,-0.52436,0.52533,0.47429,0.47342,233.21184
-0.42325,0.00063,0.13647,-0.52434,0.52535,0.47431,0.47340,233.31236
-0.42325,0.00077,0.13646,-0.52432,0.52537,0.47433,0.47338,233.41288
-0.42325,0.00090,0.13645,-0.52430,0.52539,0.47435,0.47337,233.51341
-0.42325,0.00102,0.13644,-0.52427,0.52540,0.47437,0.47335,233.61393
-0.42325,0.00113,0.13643,-0.52425,0.52542,0.47439,0.47333,233.71445
-0.42325,0.00122,0.13642,-0.52423,0.52544,0.47441,0.47332,233.81497
-0.42325,0.00130,0.13641,-0.52421,0.52546,0.47443,0.47330,233.91550
-0.42325,0.00136,0.13640,-0.52419,0.52548,0.47445,0.47329,234.01602
-0.42325,0.00141,0.13639,-0.52417,0.52550,0.47447,0.47327,234.11654
-0.42325,0.00145,0.13638,-0.52415,0.52551,0.47449,0.47325,234.21706
-0.42325,0.00148,0.13637,-0.52413,0.52553,0.47451,0.47324,234.31759
-0.42325,0.00149,0.13636,-0.52410,0.52555,0.47453,0.47322,234.41811
-0.42325,0.00150,0.13635,-0.52408,0.52557,0.47455,0.47320,234.51863
-0.42325,0.00149,0.13634,-0.52406,0.52559,0.47457,0.47319,234.61915
-0.42325,0.00147,0.13633,-0.52404,0.52560,0.47459,0.47317,234.71967
-0.42325,0.00144,0.13632,-0.52402,0.52562,0.47461,0.47316,234.82019
-0.42325,0.00140,0.13631,-0.52400,0.52564,0.47463,0.47314,234.92072
-0.42325,0.00136,0.13630,-0.52397,0.52566,0.47465,0.47313,235.02124
-0.42325,0.00130,0.13629,-0.52395,0.52567,0.47467,0.47311,235.12176
-0.42325,0.00124,0.13628,-0.52393,0.52569,0.47469,0.47309,235.22228
-0.42325,0.00117,0.13627,-0.52391,0.52571,0.47471,0.47308,235.32280
-0.42325,0.00110,0.13626,-0.52389,0.52573,0.47473,0.47306,235.42332
-0.42325,0.00103,0.13625,-0.52386,0.52575,0.47475,0.47305,235.52384
-0.42325,0.00095,0.13624,-0.52384,0.52576,0.47477,0.47303,235.62436
-0.42325,0.00086,0.13623,-0.52382,0.52578,0.47479,0.47302,235.72489
-0.42325,0.00078,0.13622,-0.52380,0.52580,0.47481,0.47300,235.82541
-0.42325,0.00070,0.13621,-0.52378,0.52582,0.47483,0.47299,235.92593
-0.42325,0.00062,0.13620,-0.52375,0.52583,0.47485,0.47297,236.02645
-0.42325,0.00053,0.13619,-0.52373,0.52585,0.47487,0.47296,236.12697
-0.42325,0.00046,0.13618,-0.52371,0.52587,0.47489,0.47294,236.22749
-0.42325,0.00038,0.13617,-0.52369,0.52588,0.47491,0.47293,236.32801
-0.42325,0.00031,0.13616,-0.52366,0.52590,0.47493,0.47291,236.42853
-0.42325,0.00024,0.13615,-0.52364,0.52592,0.47495,0.47289,236.52905
-0.42325,0.00019,0.13614,-0.52362,0.52594,0.47497,0.47288,236.62957
-0.42325,0.00013,0.13613,-0.52360,0.52595,0.47499,0.47287,236.73009
-0.42325,0.00009,0.13612,-0.52357,0.52597,0.47501,0.47285,236.83061
-0.42325,0.00005,0.13611,-0.52355,0.52599,0.47504,0.47284,236.93113
-0.42325,0.00003,0.13610,-0.52353,0.52600,0.47506,0.47282,237.03165
-0.42325,0.00001,0.13608,-0.52351,0.52602,0.47508,0.47281,237.13217
-0.42325,0.00001,0.13607,-0.52348,0.52604,0.47510,0.47279,237.23269
-0.42325,0.00001,0.13606,-0.52346,0.52605,0.47512,0.47278,237.33320
-0.42325,0.00003,0.13605,-0.52344,0.52607,0.47514,0.47276,237.43372
-0.42325,0.00006,0.13604,-0.52341,0.52609,0.47516,0.47275,237.53424
-0.42325,0.00010,0.13603,-0.52339,0.52610,0.47518,0.47273,237.63476
-0.42325,0.00016,0.13602,-0.52337,0.52612,0.47520,0.47272,237.73528
-0.42325,0.00023,0.13601,-0.52335,0.52614,0.47523,0.47270,237.83580
-0.42325,0.00031,0.13600,-0.52332,0.52615,0.47525,0.47269,237.93632
-0.42325,0.00040,0.13599,-0.52330,0.52617,0.47527,0.47268,238.03683
-0.42325,0.00051,0.13598,-0.52328,0.52619,0.47529,0.47266,238.13735
-0.42325,0.00063,0.13597,-0.52325,0.52620,0.47531,0.47265,238.23787
-0.42325,0.00077,0.13596,-0.52323,0.52622,0.47533,0.47263,238.33839
-0.42325,0.00091,0.13595,-0.52321,0.52624,0.47536,0.47262,238.43891
-0.42325,0.00107,0.13594,-0.52318,0.52625,0.47538,0.47260,238.53942
-0.42325,0.00124,0.13593,-0.52316,0.52627,0.47540,0.47259,238.63994
-0.42325,0.00143,0.13592,-0.52314,0.52628,0.47542,0.47258,238.74046
-0.42325,0.00163,0.13591,-0.52311,0.52630,0.47544,0.47256,238.84097
-0.42325,0.00183,0.13590,-0.52309,0.52632,0.47546,0.47255,238.94149
-0.42325,0.00205,0.13589,-0.52307,0.52633,0.47549,0.47253,239.04201
-0.42325,0.00228,0.13588,-0.52304,0.52635,0.47551,0.47252,239.14252
-0.42325,0.00251,0.13587,-0.52302,0.52636,0.47553,0.47251,239.24304
-0.42325,0.00276,0.13586,-0.52299,0.52638,0.47555,0.47249,239.34356
-0.42325,0.00301,0.13585,-0.52297,0.52640,0.47557,0.47248,239.44407
-0.42325,0.00327,0.13584,-0.52295,0.52641,0.47560,0.47247,239.54459
-0.42325,0.00353,0.13583,-0.52292,0.52643,0.47562,0.47245,239.64510
-0.42325,0.00380,0.13582,-0.52290,0.52644,0.47564,0.47244,239.74562
-0.42325,0.00408,0.13581,-0.52288,0.52646,0.47566,0.47243,239.84613
-0.42325,0.00435,0.13580,-0.52285,0.52647,0.47569,0.47241,239.94665
-0.42325,0.00463,0.13579,-0.52283,0.52649,0.47571,0.47240,240.04716
-0.42325,0.00492,0.13578,-0.52280,0.52651,0.47573,0.47239,240.14768
-0.42325,0.00520,0.13577,-0.52278,0.52652,0.47575,0.47237,240.24819
-0.42325,0.00548,0.13576,-0.52275,0.52654,0.47578,0.47236,240.34871
-0.42325,0.00576,0.13575,-0.52273,0.52655,0.47580,0.47235,240.44922
-0.42325,0.00603,0.13574,-0.52271,0.52657,0.47582,0.47233,240.54974
-0.42325,0.00631,0.13573,-0.52268,0.52658,0.47584,0.47232,240.65025
-0.42325,0.00658,0.13572,-0.52266,0.52660,0.47587,0.47231,240.75076
-0.42325,0.00684,0.13571,-0.52263,0.52661,0.47589,0.47229,240.85128
-0.42325,0.00710,0.13570,-0.52261,0.52663,0.47591,0.47228,240.95179
-0.42325,0.00735,0.13569,-0.52258,0.52664,0.47594,0.47227,241.05230
-0.42325,0.00759,0.13568,-0.52256,0.52666,0.47596,0.47226,241.15282
-0.42325,0.00782,0.13567,-0.52254,0.52667,0.47598,0.47224,241.25333
-0.42325,0.00805,0.13566,-0.52251,0.52669,0.47601,0.47223,241.35384
-0.42325,0.00826,0.13565,-0.52249,0.52670,0.47603,0.47222,241.45435
-0.42325,0.00847,0.13564,-0.52246,0.52672,0.47605,0.47221,241.55487
-0.42325,0.00866,0.13563,-0.52244,0.52673,0.47608,0.47219,241.65538
-0.42325,0.00884,0.13562,-0.52241,0.52675,0.47610,0.47218,241.75589
-0.42325,0.00901,0.13561,-0.52239,0.52676,0.47612,0.47217,241.85640
-0.42325,0.00917,0.13560,-0.52236,0.52678,0.47615,0.47216,241.95691
-0.42325,0.00931,0.13559,-0.52234,0.52679,0.47617,0.47214,242.05742
-0.42325,0.00944,0.13558,-0.52231,0.52681,0.47619,0.47213,242.15793
-0.42325,0.00956,0.13557,-0.52229,0.52682,0.47622,0.47212,242.25844
-0.42325,0.00967,0.13556,-0.52226,0.52683,0.47624,0.47211,242.35895
-0.42325,0.00976,0.13555,-0.52224,0.52685,0.47626,0.47209,242.45946
-0.42325,0.00984,0.13554,-0.52221,0.52686,0.47629,0.47208,242.55997
-0.42325,0.00991,0.13553,-0.52219,0.52688,0.47631,0.47207,242.66048
-0.42325,0.00996,0.13552,-0.52216,0.52689,0.47633,0.47206,242.76099
-0.42325,0.01000,0.13551,-0.52214,0.52691,0.47636,0.47205,242.86150
-0.42325,0.01003,0.13550,-0.52211,0.52692,0.47638,0.47203,242.96201
-0.42325,0.01005,0.13549,-0.52209,0.52693,0.47641,0.47202,243.06252
-0.42325,0.01005,0.13548,-0.52206,0.52695,0.47643,0.47201,243.16303
-0.42325,0.01005,0.13547,-0.52203,0.52696,0.47645,0.47200,243.26354
-0.42325,0.01003,0.13546,-0.52201,0.52698,0.47648,0.47199,243.36404
-0.42325,0.01000,0.13545,-0.52198,0.52699,0.47650,0.47197,243.46455
-0.42325,0.00997,0.13544,-0.52196,0.52700,0.47653,0.47196,243.56506
-0.42325,0.00993,0.13543,-0.52193,0.52702,0.47655,0.47195,243.66557
-0.42325,0.00988,0.13542,-0.52191,0.52703,0.47657,0.47194,243.76607
-0.42325,0.00982,0.13541,-0.52188,0.52705,0.47660,0.47193,243.86658
-0.42325,0.00976,0.13539,-0.52185,0.52706,0.47662,0.47192,243.96709
-0.42325,0.00969,0.13538,-0.52183,0.52707,0.47665,0.47190,244.06759
-0.42325,0.00962,0.13537,-0.52180,0.52709,0.47667,0.47189,244.16810
-0.42325,0.00954,0.13536,-0.52178,0.52710,0.47670,0.47188,244.26860
-0.42325,0.00946,0.13535,-0.52175,0.52711,0.47672,0.47187,244.36911
-0.42325,0.00938,0.13534,-0.52173,0.52713,0.47675,0.47186,244.46961
-0.42325,0.00931,0.13533,-0.52170,0.52714,0.47677,0.47185,244.57012
-0.42325,0.00923,0.13532,-0.52167,0.52716,0.47680,0.47184,244.67062
-0.42325,0.00915,0.13531,-0.52165,0.52717,0.47682,0.47183,244.77113
-0.42325,0.00908,0.13530,-0.52162,0.52718,0.47685,0.47182,244.87163
-0.42325,0.00900,0.13529,-0.52159,0.52720,0.47687,0.47180,244.97214
-0.42325,0.00894,0.13528,-0.52157,0.52721,0.47689,0.47179,245.07264
-0.42325,0.00888,0.13527,-0.52154,0.52722,0.47692,0.47178,245.17314
-0.42325,0.00882,0.13526,-0.52152,0.52723,0.47694,0.47177,245.27365
-0.42325,0.00877,0.13525,-0.52149,0.52725,0.47697,0.47176,245.37415
-0.42325,0.00873,0.13524,-0.52146,0.52726,0.47700,0.47175,245.47465
-0.42325,0.00870,0.13523,-0.52144,0.52727,0.47702,0.47174,245.57515
-0.42325,0.00867,0.13522,-0.52141,0.52729,0.47705,0.47173,245.67565
-0.42325,0.00866,0.13521,-0.52138,0.52730,0.47707,0.47172,245.77616
-0.42325,0.00866,0.13520,-0.52136,0.52731,0.47710,0.47171,245.87666
-0.42325,0.00866,0.13519,-0.52133,0.52733,0.47712,0.47170,245.97716
-0.42325,0.00868,0.13518,-0.52130,0.52734,0.47715,0.47169,246.07766
-0.42325,0.00871,0.13517,-0.52128,0.52735,0.47717,0.47168,246.17816
-0.42325,0.00876,0.13516,-0.52125,0.52736,0.47720,0.47167,246.27866
-0.42325,0.00881,0.13515,-0.52122,0.52738,0.47722,0.47166,246.37916
-0.42325,0.00888,0.13514,-0.52120,0.52739,0.47725,0.47164,246.47966
-0.42325,0.00896,0.13513,-0.52117,0.52740,0.47727,0.47163,246.58016
-0.42325,0.00906,0.13512,-0.52114,0.52741,0.47730,0.47162,246.68066
-0.42325,0.00917,0.13511,-0.52112,0.52743,0.47733,0.47161,246.78116
-0.42325,0.00929,0.13510,-0.52109,0.52744,0.47735,0.47160,246.88165
-0.42325,0.00942,0.13509,-0.52106,0.52745,0.47738,0.47159,246.98215
-0.42325,0.00956,0.13508,-0.52103,0.52746,0.47740,0.47158,247.08265
-0.42325,0.00972,0.13507,-0.52101,0.52748,0.47743,0.47157,247.18315
-0.42325,0.00989,0.13506,-0.52098,0.52749,0.47746,0.47156,247.28365
-0.42325,0.01007,0.13505,-0.52095,0.52750,0.47748,0.47155,247.38414
-0.42325,0.01027,0.13504,-0.52093,0.52751,0.47751,0.47154,247.48464
-0.42325,0.01047,0.13503,-0.52090,0.52752,0.47753,0.47153,247.58513
-0.42325,0.01069,0.13502,-0.52087,0.52754,0.47756,0.47152,247.68563
-0.42325,0.01091,0.13501,-0.52084,0.52755,0.47759,0.47152,247.78613
-0.42325,0.01114,0.13500,-0.52082,0.52756,0.47761,0.47151,247.88662
-0.42325,0.01138,0.13499,-0.52079,0.52757,0.47764,0.47150,247.98712
-0.42325,0.01163,0.13498,-0.52076,0.52758,0.47766,0.47149,248.08761
-0.42325,0.01189,0.13497,-0.52073,0.52760,0.47769,0.47148,248.18811
-0.42325,0.01215,0.13496,-0.52070,0.52761,0.47772,0.47147,248.28860
-0.42325,0.01242,0.13495,-0.52068,0.52762,0.47774,0.47146,248.38909
-0.42325,0.01269,0.13494,-0.52065,0.52763,0.47777,0.47145,248.48959
-0.42325,0.01296,0.13493,-0.52062,0.52764,0.47780,0.47144,248.59008
-0.42325,0.01323,0.13492,-0.52059,0.52766,0.47782,0.47143,248.69057
-0.42325,0.01351,0.13491,-0.52057,0.52767,0.47785,0.47142,248.79106
-0.42325,0.01379,0.13490,-0.52054,0.52768,0.47788,0.47141,248.89156
-0.42325,0.01406,0.13489,-0.52051,0.52769,0.47790,0.47140,248.99205
-0.42325,0.01434,0.13488,-0.52048,0.52770,0.47793,0.47139,249.09254
-0.42325,0.01461,0.13487,-0.52045,0.52771,0.47796,0.47138,249.19303
-0.42325,0.01488,0.13486,-0.52043,0.52772,0.47799,0.47138,249.29352
-0.42325,0.01515,0.13486,-0.52040,0.52774,0.47801,0.47137,249.39401
-0.42325,0.01541,0.13485,-0.52037,0.52775,0.47804,0.47136,249.49450
-0.42325,0.01566,0.13484,-0.52034,0.52776,0.47807,0.47135,249.59499
-0.42325,0.01591,0.13483,-0.52031,0.52777,0.47809,0.47134,249.69548
-0.42325,0.01615,0.13482,-0.52028,0.52778,0.47812,0.47133,249.79597
-0.42325,0.01638,0.13481,-0.52026,0.52779,0.47815,0.47132,249.89646
-0.42325,0.01660,0.13480,-0.52023,0.52780,0.47818,0.47131,249.99694
-0.42325,0.01681,0.13479,-0.52020,0.52781,0.47820,0.47130,250.09743
-0.42325,0.01702,0.13478,-0.52017,0.52782,0.47823,0.47130,250.19792
-0.42325,0.01721,0.13477,-0.52014,0.52783,0.47826,0.47129,250.29841
-0.42325,0.01739,0.13476,-0.52011,0.52785,0.47828,0.47128,250.39889
-0.42325,0.01756,0.13475,-0.52009,0.52786,0.47831,0.47127,250.49938
-0.42325,0.01771,0.13474,-0.52006,0.52787,0.47834,0.47126,250.59987
-0.42325,0.01786,0.13473,-0.52003,0.52788,0.47837,0.47125,250.70035
-0.42325,0.01799,0.13472,-0.52000,0.52789,0.47840,0.47125,250.80084
-0.42325,0.01811,0.13471,-0.51997,0.52790,0.47842,0.47124,250.90132
-0.42325,0.01821,0.13470,-0.51994,0.52791,0.47845,0.47123,251.00181
-0.42325,0.01830,0.13469,-0.51991,0.52792,0.47848,0.47122,251.10229
-0.42325,0.01838,0.13468,-0.51988,0.52793,0.47851,0.47121,251.20277
-0.42325,0.01845,0.13467,-0.51985,0.52794,0.47853,0.47120,251.30326
-0.42325,0.01851,0.13466,-0.51983,0.52795,0.47856,0.47120,251.40374
-0.42325,0.01855,0.13465,-0.51980,0.52796,0.47859,0.47119,251.50422
-0.42325,0.01858,0.13464,-0.51977,0.52797,0.47862,0.47118,251.60470
-0.42325,0.01860,0.13463,-0.51974,0.52798,0.47865,0.47117,251.70519
-0.42325,0.01861,0.13462,-0.51971,0.52799,0.47867,0.47117,251.80567
-0.42325,0.01860,0.13461,-0.51968,0.52800,0.47870,0.47116,251.90615
-0.42325,0.01859,0.13460,-0.51965,0.52801,0.47873,0.47115,252.00663
-0.42325,0.01857,0.13459,-0.51962,0.52802,0.47876,0.47114,252.10711
-0.42325,0.01854,0.13458,-0.51959,0.52803,0.47879,0.47113,252.20759
-0.42325,0.01850,0.13457,-0.51956,0.52804,0.47882,0.47113,252.30807
-0.42325,0.01845,0.13456,-0.51953,0.52805,0.47884,0.47112,252.40855
-0.42325,0.01840,0.13455,-0.51950,0.52806,0.47887,0.47111,252.50903
-0.42325,0.01834,0.13454,-0.51947,0.52807,0.47890,0.47110,252.60950
-0.42325,0.01828,0.13453,-0.51944,0.52808,0.47893,0.47110,252.70998
-0.42325,0.01821,0.13452,-0.51942,0.52809,0.47896,0.47109,252.81046
-0.42325,0.01814,0.13451,-0.51939,0.52810,0.47899,0.47108,252.91094
-0.42325,0.01806,0.13450,-0.51936,0.52811,0.47902,0.47107,253.01141
-0.42325,0.01799,0.13449,-0.51933,0.52812,0.47905,0.47107,253.11189
-0.42325,0.01791,0.13448,-0.51930,0.52813,0.47907,0.47106,253.21236
-0.42325,0.01784,0.13447,-0.51927,0.52814,0.47910,0.47105,253.31284
-0.42325,0.01776,0.13446,-0.51924,0.52815,0.47913,0.47105,253.41331
-0.42325,0.01769,0.13445,-0.51921,0.52816,0.47916,0.47104,253.51379
-0.42325,0.01763,0.13444,-0.51918,0.52817,0.47919,0.47103,253.61426
-0.42325,0.01756,0.13443,-0.51915,0.52818,0.47922,0.47102,253.71474
-0.42325,0.01751,0.13442,-0.51912,0.52819,0.47925,0.47102,253.81521
-0.42325,0.01745,0.13441,-0.51909,0.52820,0.47928,0.47101,253.91568
-0.42325,0.01741,0.13440,-0.51906,0.52821,0.47931,0.47100,254.01616
-0.42325,0.01737,0.13439,-0.51903,0.52821,0.47934,0.47100,254.11663
-0.42325,0.01734,0.13438,-0.51900,0.52822,0.47936,0.47099,254.21710
-0.42325,0.01732,0.13437,-0.51897,0.52823,0.47939,0.47098,254.31757
-0.42325,0.01731,0.13436,-0.51894,0.52824,0.47942,0.47098,254.41804
-0.42325,0.01731,0.13435,-0.51891,0.52825,0.47945,0.47097,254.51851
-0.42325,0.01732,0.13434,-0.51887,0.52826,0.47948,0.47096,254.61898
-0.42325,0.01734,0.13434,-0.51884,0.52827,0.47951,0.47096,254.71945
-0.42325,0.01737,0.13433,-0.51881,0.52828,0.47954,0.47095,254.81992
-0.42325,0.01741,0.13432,-0.51878,0.52829,0.47957,0.47094,254.92039
-0.42325,0.01747,0.13431,-0.51875,0.52830,0.47960,0.47094,255.02086
-0.42325,0.01754,0.13430,-0.51872,0.52830,0.47963,0.47093,255.12132
-0.42325,0.01762,0.13429,-0.51869,0.52831,0.47966,0.47093,255.22179
-0.42325,0.01771,0.13428,-0.51866,0.52832,0.47969,0.47092,255.32226
-0.42325,0.01782,0.13427,-0.51863,0.52833,0.47972,0.47091,255.42272
-0.42325,0.01794,0.13426,-0.51860,0.52834,0.47975,0.47091,255.52319
-0.42325,0.01807,0.13425,-0.51857,0.52835,0.47978,0.47090,255.62366
-0.42325,0.01821,0.13424,-0.51854,0.52836,0.47981,0.47089,255.72412
-0.42325,0.01837,0.13423,-0.51851,0.52836,0.47984,0.47089,255.82459
-0.42325,0.01854,0.13422,-0.51848,0.52837,0.47987,0.47088,255.92505
-0.42325,0.01872,0.13421,-0.51844,0.52838,0.47990,0.47088,256.02551
-0.42325,0.01891,0.13420,-0.51841,0.52839,0.47993,0.47087,256.12598
-0.42325,0.01911,0.13419,-0.51838,0.52840,0.47996,0.47086,256.22644
-0.42325,0.01932,0.13418,-0.51835,0.52841,0.47999,0.47086,256.32690
-0.42325,0.01954,0.13417,-0.51832,0.52841,0.48002,0.47085,256.42736
-0.42325,0.01977,0.13416,-0.51829,0.52842,0.48005,0.47085,256.52783
-0.42325,0.02001,0.13415,-0.51826,0.52843,0.48008,0.47084,256.62829
-0.42325,0.02026,0.13414,-0.51823,0.52844,0.48011,0.47084,256.72875
-0.42325,0.02051,0.13413,-0.51820,0.52845,0.48014,0.47083,256.82921
-0.42325,0.02076,0.13412,-0.51816,0.52845,0.48017,0.47082,256.92967
-0.42325,0.02103,0.13411,-0.51813,0.52846,0.48020,0.47082,257.03013
-0.42325,0.02129,0.13410,-0.51810,0.52847,0.48024,0.47081,257.13058
-0.42325,0.02156,0.13409,-0.51807,0.52848,0.48027,0.47081,257.23104
-0.42325,0.02183,0.13408,-0.51804,0.52848,0.48030,0.47080,257.33150
-0.42325,0.02211,0.13407,-0.51801,0.52849,0.48033,0.47080,257.43196
-0.42325,0.02238,0.13407,-0.51798,0.52850,0.48036,0.47079,257.53241
-0.42325,0.02265,0.13406,-0.51794,0.52851,0.48039,0.47079,257.63287
-0.42325,0.02292,0.13405,-0.51791,0.52852,0.48042,0.47078,257.73333
-0.42325,0.02319,0.13404,-0.51788,0.52852,0.48045,0.47078,257.83378
-0.42325,0.02346,0.13403,-0.51785,0.52853,0.48048,0.47077,257.93424
-0.42325,0.02372,0.13402,-0.51782,0.52854,0.48051,0.47077,258.03469
-0.42325,0.02398,0.13401,-0.51778,0.52854,0.48054,0.47076,258.13514
-0.42325,0.02423,0.13400,-0.51775,0.52855,0.48058,0.47076,258.23560
-0.42325,0.02447,0.13399,-0.51772,0.52856,0.48061,0.47075,258.33605
-0.42325,0.02471,0.13398,-0.51769,0.52857,0.48064,0.47075,258.43650
-0.42325,0.02494,0.13397,-0.51766,0.52857,0.48067,0.47074,258.53695
-0.42325,0.02516,0.13396,-0.51762,0.52858,0.48070,0.47074,258.63741
-0.42325,0.02537,0.13395,-0.51759,0.52859,0.48073,0.47073,258.73786
-0.42325,0.02557,0.13394,-0.51756,0.52860,0.48076,0.47073,258.83831
-0.42325,0.02576,0.13393,-0.51753,0.52860,0.48080,0.47072,258.93876
-0.42325,0.02593,0.13392,-0.51750,0.52861,0.48083,0.47072,259.03921
-0.42325,0.02610,0.13391,-0.51746,0.52862,0.48086,0.47071,259.13965
-0.42325,0.02626,0.13390,-0.51743,0.52862,0.48089,0.47071,259.24010
-0.42325,0.02640,0.13389,-0.51740,0.52863,0.48092,0.47070,259.34055
-0.42325,0.02653,0.13388,-0.51737,0.52864,0.48095,0.47070,259.44100
-0.42325,0.02665,0.13388,-0.51733,0.52864,0.48099,0.47070,259.54145
-0.42325,0.02676,0.13387,-0.51730,0.52865,0.48102,0.47069,259.64189
-0.42325,0.02685,0.13386,-0.51727,0.52866,0.48105,0.47069,259.74234
-0.42325,0.02693,0.13385,-0.51724,0.52866,0.48108,0.47068,259.84278
-0.42325,0.02700,0.13384,-0.51720,0.52867,0.48111,0.47068,259.94323
-0.42325,0.02706,0.13383,-0.51717,0.52868,0.48114,0.47067,260.04367
-0.42325,0.02710,0.13382,-0.51714,0.52868,0.48118,0.47067,260.14412
-0.42325,0.02713,0.13381,-0.51711,0.52869,0.48121,0.47067,260.24456
-0.42325,0.02715,0.13380,-0.51707,0.52870,0.48124,0.47066,260.34500
-0.42325,0.02716,0.13379,-0.51704,0.52870,0.48127,0.47066,260.44544
-0.42325,0.02716,0.13378,-0.51701,0.52871,0.48131,0.47065,260.54589
-0.42325,0.02715,0.13377,-0.51697,0.52871,0.48134,0.47065,260.64633
-0.42325,0.02713,0.13376,-0.51694,0.52872,0.48137,0.47065,260.74677
-0.42325,0.02711,0.13375,-0.51691,0.52873,0.48140,0.47064,260.84721
-0.42325,0.02707,0.13374,-0.51688,0.52873,0.48144,0.47064,260.94765
-0.42325,0.02703,0.13373,-0.51684,0.52874,0.48147,0.47063,261.04809
-0.42325,0.02698,0.13372,-0.51681,0.52875,0.48150,0.47063,261.14853
-0.42325,0.02692,0.13372,-0.51678,0.52875,0.48153,0.47063,261.24896
-0.42325,0.02686,0.13371,-0.51674,0.52876,0.48157,0.47062,261.34940
-0.42325,0.02680,0.13370,-0.51671,0.52876,0.48160,0.47062,261.44984
-0.42325,0.02673,0.13369,-0.51668,0.52877,0.48163,0.47062,261.55028
-0.42325,0.02666,0.13368,-0.51664,0.52878,0.48166,0.47061,261.65071
-0.42325,0.02659,0.13367,-0.51661,0.52878,0.48170,0.47061,261.75115
-0.42325,0.02652,0.13366,-0.51658,0.52879,0.48173,0.47061,261.85158
-0.42325,0.02645,0.13365,-0.51654,0.52879,0.48176,0.47060,261.95202
-0.42325,0.02638,0.13364,-0.51651,0.52880,0.48180,0.47060,262.05245
-0.42325,0.02631,0.13363,-0.51648,0.52880,0.48183,0.47060,262.15288
-0.42325,0.02625,0.13362,-0.51644,0.52881,0.48186,0.47059,262.25332
-0.42325,0.02619,0.13361,-0.51641,0.52881,0.48189,0.47059,262.35375
-0.42325,0.02613,0.13360,-0.51638,0.52882,0.48193,0.47059,262.45418
-0.42325,0.02608,0.13359,-0.51634,0.52883,0.48196,0.47058,262.55461
-0.42325,0.02604,0.13358,-0.51631,0.52883,0.48199,0.47058,262.65504
-0.42325,0.02601,0.13358,-0.51627,0.52884,0.48203,0.47058,262.75547
-0.42325,0.02598,0.13357,-0.51624,0.52884,0.48206,0.47057,262.85590
-0.42325,0.02596,0.13356,-0.51621,0.52885,0.48209,0.47057,262.95633
-0.42325,0.02595,0.13355,-0.51617,0.52885,0.48213,0.47057,263.05676
-0.42325,0.02595,0.13354,-0.51614,0.52886,0.48216,0.47057,263.15719
-0.42325,0.02596,0.13353,-0.51611,0.52886,0.48219,0.47056,263.25761
-0.42325,0.02599,0.13352,-0.51607,0.52887,0.48223,0.47056,263.35804
-0.42325,0.02602,0.13351,-0.51604,0.52887,0.48226,0.47056,263.45847
-0.42325,0.02606,0.13350,-0.51600,0.52888,0.48229,0.47055,263.55889
-0.42325,0.02612,0.13349,-0.51597,0.52888,0.48233,0.47055,263.65932
-0.42325,0.02619,0.13348,-0.51593,0.52889,0.48236,0.47055,263.75974
-0.42325,0.02627,0.13347,-0.51590,0.52889,0.48240,0.47055,263.86017
-0.42325,0.02637,0.13346,-0.51587,0.52890,0.48243,0.47054,263.96059
-0.42325,0.02647,0.13346,-0.51583,0.52890,0.48246,0.47054,264.06101
-0.42325,0.02659,0.13345,-0.51580,0.52891,0.48250,0.47054,264.16143
-0.42325,0.02672,0.13344,-0.51576,0.52891,0.48253,0.47054,264.26186
-0.42325,0.02686,0.13343,-0.51573,0.52892,0.48257,0.47053,264.36228
-0.42325,0.02702,0.13342,-0.51569,0.52892,0.48260,0.47053,264.46270
-0.42325,0.02719,0.13341,-0.51566,0.52893,0.48263,0.47053,264.56312
-0.42325,0.02736,0.13340,-0.51563,0.52893,0.48267,0.47053,264.66354
-0.42325,0.02755,0.13339,-0.51559,0.52893,0.48270,0.47052,264.76396
-0.42325,0.02775,0.13338,-0.51556,0.52894,0.48274,0.47052,264.86437
-0.42325,0.02796,0.13337,-0.51552,0.52894,0.48277,0.47052,264.96479
-0.42325,0.02818,0.13336,-0.51549,0.52895,0.48280,0.47052,265.06521
-0.42325,0.02840,0.13335,-0.51545,0.52895,0.48284,0.47052,265.16563
-0.42325,0.02864,0.13335,-0.51542,0.52896,0.48287,0.47051,265.26604
-0.42325,0.02888,0.13334,-0.51538,0.52896,0.48291,0.47051,265.36646
-0.42325,0.02913,0.13333,-0.51535,0.52896,0.48294,0.47051,265.46687
-0.42325,0.02938,0.13332,-0.51531,0.52897,0.48298,0.47051,265.56729
-0.42325,0.02964,0.13331,-0.51528,0.52897,0.48301,0.47051,265.66770
-0.42325,0.02990,0.13330,-0.51524,0.52898,0.48305,0.47050,265.76811
-0.42325,0.03017,0.13329,-0.51521,0.52898,0.48308,0.47050,265.86853
-0.42325,0.03043,0.13328,-0.51517,0.52898,0.48312,0.47050,265.96894
-0.42325,0.03070,0.13327,-0.51514,0.52899,0.48315,0.47050,266.06935
-0.42325,0.03097,0.13326,-0.51510,0.52899,0.48318,0.47050,266.16976
-0.42325,0.03124,0.13325,-0.51507,0.52900,0.48322,0.47050,266.27017
-0.42325,0.03151,0.13325,-0.51503,0.52900,0.48325,0.47049,266.37058
-0.42325,0.03177,0.13324,-0.51500,0.52900,0.48329,0.47049,266.47099
-0.42325,0.03203,0.13323,-0.51496,0.52901,0.48332,0.47049,266.57140
-0.42325,0.03229,0.13322,-0.51493,0.52901,0.48336,0.47049,266.67180
-0.42325,0.03255,0.13321,-0.51489,0.52901,0.48339,0.47049,266.77221
-0.42325,0.03279,0.13320,-0.51486,0.52902,0.48343,0.47049,266.87262
-0.42325,0.03303,0.13319,-0.51482,0.52902,0.48346,0.47049,266.97302
-0.42325,0.03327,0.13318,-0.51479,0.52903,0.48350,0.47049,267.07343
-0.42325,0.03349,0.13317,-0.51475,0.52903,0.48354,0.47048,267.17383
-0.42325,0.03371,0.13316,-0.51471,0.52903,0.48357,0.47048,267.27424
-0.42325,0.03392,0.13315,-0.51468,0.52904,0.48361,0.47048,267.37464
-0.42325,0.03412,0.13315,-0.51464,0.52904,0.48364,0.47048,267.47505
-0.42325,0.03430,0.13314,-0.51461,0.52904,0.48368,0.47048,267.57545
-0.42325,0.03448,0.13313,-0.51457,0.52905,0.48371,0.47048,267.67585
-0.42325,0.03465,0.13312,-0.51454,0.52905,0.48375,0.47048,267.77625
-0.42325,0.03480,0.13311,-0.51450,0.52905,0.48378,0.47048,267.87665
-0.42325,0.03495,0.13310,-0.51446,0.52905,0.48382,0.47048,267.97705
-0.42325,0.03508,0.13309,-0.51443,0.52906,0.48385,0.47047,268.07745
-0.42325,0.03520,0.13308,-0.51439,0.52906,0.48389,0.47047,268.17785
-0.42325,0.03530,0.13307,-0.51436,0.52906,0.48393,0.47047,268.27825
-0.42325,0.03540,0.13307,-0.51432,0.52907,0.48396,0.47047,268.37865
-0.42325,0.03548,0.13306,-0.51428,0.52907,0.48400,0.47047,268.47904
-0.42325,0.03555,0.13305,-0.51425,0.52907,0.48403,0.47047,268.57944
-0.42325,0.03560,0.13304,-0.51421,0.52908,0.48407,0.47047,268.67984
-0.42325,0.03565,0.13303,-0.51418,0.52908,0.48411,0.47047,268.78023
-0.42325,0.03569,0.13302,-0.51414,0.52908,0.48414,0.47047,268.88062
-0.42325,0.03571,0.13301,-0.51410,0.52908,0.48418,0.47047,268.98102
-0.42325,0.03572,0.13300,-0.51407,0.52909,0.48421,0.47047,269.08141
-0.42325,0.03572,0.13299,-0.51403,0.52909,0.48425,0.47047,269.18180
-0.42325,0.03572,0.13299,-0.51399,0.52909,0.48429,0.47047,269.28220
-0.42325,0.03570,0.13298,-0.51396,0.52909,0.48432,0.47047,269.38259
-0.42325,0.03568,0.13297,-0.51392,0.52910,0.48436,0.47047,269.48298
-0.42325,0.03564,0.13296,-0.51389,0.52910,0.48439,0.47047,269.58337
-0.42325,0.03560,0.13295,-0.51385,0.52910,0.48443,0.47047,269.68376
-0.42325,0.03556,0.13294,-0.51381,0.52910,0.48447,0.47047,269.78415
-0.42325,0.03551,0.13293,-0.51378,0.52911,0.48450,0.47047,269.88454
-0.42325,0.03545,0.13292,-0.51374,0.52911,0.48454,0.47047,269.98492
-0.42325,0.03539,0.13291,-0.51370,0.52911,0.48458,0.47047,270.08531
-0.42325,0.03533,0.13291,-0.51367,0.52911,0.48461,0.47047,270.18570
-0.42325,0.03526,0.13290,-0.51363,0.52911,0.48465,0.47047,270.28608
-0.42325,0.03519,0.13289,-0.51359,0.52912,0.48469,0.47047,270.38647
-0.42325,0.03513,0.13288,-0.51356,0.52912,0.48472,0.47047,270.48685
-0.42325,0.03506,0.13287,-0.51352,0.52912,0.48476,0.47047,270.58724
-0.42325,0.03499,0.13286,-0.51348,0.52912,0.48480,0.47047,270.68762
-0.42325,0.03493,0.13285,-0.51344,0.52912,0.48483,0.47047,270.78800
-0.42325,0.03487,0.13284,-0.51341,0.52913,0.48487,0.47047,270.88838
-0.42325,0.03481,0.13284,-0.51337,0.52913,0.48491,0.47047,270.98877
-0.42325,0.03476,0.13283,-0.51333,0.52913,0.48494,0.47047,271.08915
-0.42325,0.03472,0.13282,-0.51330,0.52913,0.48498,0.47047,271.18953
-0.42325,0.03468,0.13281,-0.51326,0.52913,0.48502,0.47047,271.28991
-0.42325,0.03464,0.13280,-0.51322,0.52913,0.48506,0.47047,271.39029
-0.42325,0.03462,0.13279,-0.51319,0.52914,0.48509,0.47047,271.49066
-0.42325,0.03460,0.13278,-0.51315,0.52914,0.48513,0.47047,271.59104
-0.42325,0.03460,0.13277,-0.51311,0.52914,0.48517,0.47047,271.69142
-0.42325,0.03460,0.13277,-0.51307,0.52914,0.48520,0.47047,271.79179
-0.42325,0.03461,0.13276,-0.51304,0.52914,0.48524,0.47047,271.89217
-0.42325,0.03464,0.13275,-0.51300,0.52914,0.48528,0.47047,271.99254
-0.42325,0.03467,0.13274,-0.51296,0.52915,0.48532,0.47047,272.09292
-0.42325,0.03472,0.13273,-0.51292,0.52915,0.48535,0.47047,272.19329
-0.42325,0.03477,0.13272,-0.51289,0.52915,0.48539,0.47047,272.29367
-0.42325,0.03484,0.13271,-0.51285,0.52915,0.48543,0.47047,272.39404
-0.42325,0.03492,0.13271,-0.51281,0.52915,0.48547,0.47048,272.49441
-0.42325,0.03502,0.13270,-0.51277,0.52915,0.48550,0.47048,272.59478
-0.42325,0.03512,0.13269,-0.51274,0.52915,0.48554,0.47048,272.69515
-0.42325,0.03524,0.13268,-0.51270,0.52915,0.48558,0.47048,272.79552
-0.42325,0.03537,0.13267,-0.51266,0.52915,0.48562,0.47048,272.89589
-0.42325,0.03551,0.13266,-0.51262,0.52916,0.48565,0.47048,272.99626
-0.42325,0.03567,0.13265,-0.51259,0.52916,0.48569,0.47048,273.09663
-0.42325,0.03583,0.13265,-0.51255,0.52916,0.48573,0.47048,273.19699
-0.42325,0.03601,0.13264,-0.51251,0.52916,0.48577,0.47048,273.29736
-0.42325,0.03619,0.13263,-0.51247,0.52916,0.48581,0.47049,273.39773
-0.42325,0.03639,0.13262,-0.51243,0.52916,0.48584,0.47049,273.49809
-0.42325,0.03659,0.13261,-0.51240,0.52916,0.48588,0.47049,273.59846
-0.42325,0.03681,0.13260,-0.51236,0.52916,0.48592,0.47049,273.69882
-0.42325,0.03703,0.13259,-0.51232,0.52916,0.48596,0.47049,273.79918
-0.42325,0.03726,0.13259,-0.51228,0.52916,0.48600,0.47049,273.89955
-0.42325,0.03750,0.13258,-0.51224,0.52916,0.48603,0.47049,273.99991
-0.42325,0.03775,0.13257,-0.51221,0.52916,0.48607,0.47049,274.10027
-0.42325,0.03800,0.13256,-0.51217,0.52916,0.48611,0.47050,274.20063
-0.42325,0.03825,0.13255,-0.51213,0.52916,0.48615,0.47050,274.30099
-0.42325,0.03851,0.13254,-0.51209,0.52916,0.48619,0.47050,274.40135
-0.42325,0.03877,0.13253,-0.51205,0.52917,0.48623,0.47050,274.50171
-0.42325,0.03903,0.13253,-0.51201,0.52917,0.48626,0.47050,274.60207
-0.42325,0.03930,0.13252,-0.51198,0.52917,0.48630,0.47050,274.70242
-0.42325,0.03956,0.13251,-0.51194,0.52917,0.48634,0.47051,274.80278
-0.42325,0.03983,0.13250,-0.51190,0.52917,0.48638,0.47051,274.90314
-0.42325,0.04009,0.13249,-0.51186,0.52917,0.48642,0.47051,275.00349
-0.42325,0.04035,0.13248,-0.51182,0.52917,0.48646,0.47051,275.10385
-0.42325,0.04061,0.13248,-0.51178,0.52917,0.48650,0.47051,275.20420
-0.42325,0.04087,0.13247,-0.51174,0.52917,0.48653,0.47052,275.30455
-0.42325,0.04112,0.13246,-0.51171,0.52917,0.48657,0.47052,275.40491
-0.42325,0.04136,0.13245,-0.51167,0.52917,0.48661,0.47052,275.50526
-0.42325,0.04160,0.13244,-0.51163,0.52917,0.48665,0.47052,275.60561
-0.42325,0.04183,0.13243,-0.51159,0.52917,0.48669,0.47052,275.70596
-0.42325,0.04205,0.13242,-0.51155,0.52917,0.48673,0.47053,275.80631
-0.42325,0.04227,0.13242,-0.51151,0.52917,0.48677,0.47053,275.90666
-0.42325,0.04247,0.13241,-0.51147,0.52917,0.48681,0.47053,276.00701
-0.42325,0.04267,0.13240,-0.51143,0.52917,0.48685,0.47053,276.10736
-0.42325,0.04286,0.13239,-0.51139,0.52917,0.48688,0.47053,276.20770
-0.42325,0.04303,0.13238,-0.51136,0.52916,0.48692,0.47054,276.30805
-0.42325,0.04320,0.13237,-0.51132,0.52916,0.48696,0.47054,276.40840
-0.42325,0.04335,0.13237,-0.51128,0.52916,0.48700,0.47054,276.50874
-0.42325,0.04349,0.13236,-0.51124,0.52916,0.48704,0.47054,276.60908
-0.42325,0.04362,0.13235,-0.51120,0.52916,0.48708,0.47055,276.70943
-0.42325,0.04374,0.13234,-0.51116,0.52916,0.48712,0.47055,276.80977
-0.42325,0.04385,0.13233,-0.51112,0.52916,0.48716,0.47055,276.91011
-0.42325,0.04394,0.13233,-0.51108,0.52916,0.48720,0.47055,277.01046
-0.42325,0.04403,0.13232,-0.51104,0.52916,0.48724,0.47056,277.11080
-0.42325,0.04410,0.13231,-0.51100,0.52916,0.48728,0.47056,277.21114
-0.42325,0.04416,0.13230,-0.51096,0.52916,0.48732,0.47056,277.31148
-0.42325,0.04420,0.13229,-0.51092,0.52916,0.48736,0.47056,277.41182
-0.42325,0.04424,0.13228,-0.51089,0.52916,0.48740,0.47057,277.51216
-0.42325,0.04426,0.13228,-0.51085,0.52916,0.48744,0.47057,277.61249
-0.42325,0.04428,0.13227,-0.51081,0.52916,0.48748,0.47057,277.71283
-0.42325,0.04428,0.13226,-0.51077,0.52915,0.48752,0.47058,277.81317
-0.42325,0.04428,0.13225,-0.51073,0.52915,0.48756,0.47058,277.91350
-0.42325,0.04427,0.13224,-0.51069,0.52915,0.48760,0.47058,278.01384
-0.42325,0.04424,0.13223,-0.51065,0.52915,0.48764,0.47058,278.11417
-0.42325,0.04422,0.13223,-0.51061,0.52915,0.48768,0.47059,278.21451
-0.42325,0.04418,0.13222,-0.51057,0.52915,0.48772,0.47059,278.31484
-0.42325,0.04414,0.13221,-0.51053,0.52915,0.48776,0.47059,278.41517
-0.42325,0.04409,0.13220,-0.51049,0.52915,0.48780,0.47060,278.51550
-0.42325,0.04404,0.13219,-0.51045,0.52914,0.48784,0.47060,278.61583
-0.42325,0.04398,0.13219,-0.51041,0.52914,0.48788,0.47060,278.71616
-0.42325,0.04392,0.13218,-0.51037,0.52914,0.48792,0.47061,278.81649
-0.42325,0.04386,0.13217,-0.51033,0.52914,0.48796,0.47061,278.91682
-0.42325,0.04380,0.13216,-0.51029,0.52914,0.48800,0.47061,279.01715
-0.42325,0.04373,0.13215,-0.51025,0.52914,0.48804,0.47062,279.11748
-0.42325,0.04367,0.13215,-0.51021,0.52914,0.48808,0.47062,279.21780
-0.42325,0.04361,0.13214,-0.51017,0.52913,0.48812,0.47062,279.31813
-0.42325,0.04355,0.13213,-0.51013,0.52913,0.48816,0.47063,279.41845
-0.42325,0.04349,0.13212,-0.51009,0.52913,0.48820,0.47063,279.51878
-0.42325,0.04344,0.13211,-0.51005,0.52913,0.48824,0.47063,279.61910
-0.42325,0.04339,0.13210,-0.51001,0.52913,0.48828,0.47064,279.71943
-0.42325,0.04335,0.13210,-0.50997,0.52913,0.48832,0.47064,279.81975
-0.42325,0.04331,0.13209,-0.50993,0.52912,0.48836,0.47064,279.92007
-0.42325,0.04328,0.13208,-0.50989,0.52912,0.48840,0.47065,280.02039
-0.42325,0.04326,0.13207,-0.50985,0.52912,0.48844,0.47065,280.12071
-0.42325,0.04325,0.13206,-0.50981,0.52912,0.48848,0.47065,280.22103
-0.42325,0.04324,0.13206,-0.50977,0.52912,0.48852,0.47066,280.32135
-0.42325,0.04324,0.13205,-0.50973,0.52911,0.48856,0.47066,280.42167
-0.42325,0.04326,0.13204,-0.50969,0.52911,0.48860,0.47067,280.52199
-0.42325,0.04328,0.13203,-0.50965,0.52911,0.48865,0.47067,280.62230
-0.42325,0.04332,0.13202,-0.50960,0.52911,0.48869,0.47067,280.72262
-0.42325,0.04337,0.13202,-0.50956,0.52911,0.48873,0.47068,280.82294
-0.42325,0.04342,0.13201,-0.50952,0.52910,0.48877,0.47068,280.92325
-0.42325,0.04349,0.13200,-0.50948,0.52910,0.48881,0.47069,281.02357
-0.42325,0.04358,0.13199,-0.50944,0.52910,0.48885,0.47069,281.12388
-0.42325,0.04367,0.13199,-0.50940,0.52910,0.48889,0.47069,281.22419
-0.42325,0.04377,0.13198,-0.50936,0.52909,0.48893,0.47070,281.32450
-0.42325,0.04389,0.13197,-0.50932,0.52909,0.48897,0.47070,281.42482
-0.42325,0.04402,0.13196,-0.50928,0.52909,0.48902,0.47071,281.52513
-0.42325,0.04416,0.13195,-0.50924,0.52909,0.48906,0.47071,281.62544
-0.42325,0.04431,0.13195,-0.50920,0.52908,0.48910,0.47071,281.72575
-0.42325,0.04447,0.13194,-0.50916,0.52908,0.48914,0.47072,281.82605
-0.42325,0.04465,0.13193,-0.50912,0.52908,0.48918,0.47072,281.92636
-0.42325,0.04483,0.13192,-0.50907,0.52908,0.48922,0.47073,282.02667
-0.42325,0.04503,0.13191,-0.50903,0.52907,0.48926,0.47073,282.12698
-0.42325,0.04523,0.13191,-0.50899,0.52907,0.48931,0.47074,282.22728
-0.42325,0.04544,0.13190,-0.50895,0.52907,0.48935,0.47074,282.32759
-0.42325,0.04566,0.13189,-0.50891,0.52907,0.48939,0.47074,282.42789
-0.42325,0.04589,0.13188,-0.50887,0.52906,0.48943,0.47075,282.52819
-0.42325,0.04612,0.13188,-0.50883,0.52906,0.48947,0.47075,282.62850
-0.42325,0.04636,0.13187,-0.50879,0.52906,0.48951,0.47076,282.72880
-0.42325,0.04661,0.13186,-0.50874,0.52905,0.48955,0.47076,282.82910
-0.42325,0.04686,0.13185,-0.50870,0.52905,0.48960,0.47077,282.92940
-0.42325,0.04712,0.13184,-0.50866,0.52905,0.48964,0.47077,283.02970
-0.42325,0.04737,0.13184,-0.50862,0.52904,0.48968,0.47078,283.13000
-0.42325,0.04763,0.13183,-0.50858,0.52904,0.48972,0.47078,283.23030
-0.42325,0.04789,0.13182,-0.50854,0.52904,0.48976,0.47079,283.33060
-0.42325,0.04816,0.13181,-0.50850,0.52903,0.48981,0.47079,283.43090
-0.42325,0.04842,0.13181,-0.50845,0.52903,0.48985,0.47080,283.53119
-0.42325,0.04868,0.13180,-0.50841,0.52903,0.48989,0.47080,283.63149
-0.42325,0.04893,0.13179,-0.50837,0.52902,0.48993,0.47081,283.73178
-0.42325,0.04919,0.13178,-0.50833,0.52902,0.48997,0.47081,283.83208
-0.42325,0.04944,0.13177,-0.50829,0.52902,0.49002,0.47081,283.93237
-0.42325,0.04969,0.13177,-0.50825,0.52901,0.49006,0.47082,284.03266
-0.42325,0.04993,0.13176,-0.50820,0.52901,0.49010,0.47082,284.13296
-0.42325,0.05016,0.13175,-0.50816,0.52901,0.49014,0.47083,284.23325
-0.42325,0.05039,0.13174,-0.50812,0.52900,0.49019,0.47084,284.33354
-0.42325,0.05061,0.13174,-0.50808,0.52900,0.49023,0.47084,284.43383
-0.42325,0.05082,0.13173,-0.50804,0.52900,0.49027,0.47085,284.53412
-0.42325,0.05103,0.13172,-0.50800,0.52899,0.49031,0.47085,284.63441
-0.42325,0.05122,0.13171,-0.50795,0.52899,0.49036,0.47086,284.73470
-0.42325,0.05141,0.13171,-0.50791,0.52899,0.49040,0.47086,284.83498
-0.42325,0.05158,0.13170,-0.50787,0.52898,0.49044,0.47087,284.93527
-0.42325,0.05175,0.13169,-0.50783,0.52898,0.49048,0.47087,285.03556
-0.42325,0.05190,0.13168,-0.50779,0.52897,0.49053,0.47088,285.13584
-0.42325,0.05204,0.13168,-0.50774,0.52897,0.49057,0.47088,285.23613
-0.42325,0.05217,0.13167,-0.50770,0.52897,0.49061,0.47089,285.33641
-0.42325,0.05229,0.13166,-0.50766,0.52896,0.49065,0.47089,285.43669
-0.42325,0.05240,0.13165,-0.50762,0.52896,0.49070,0.47090,285.53697
-0.42325,0.05249,0.13165,-0.50757,0.52895,0.49074,0.47090,285.63726
-0.42325,0.05257,0.13164,-0.50753,0.52895,0.49078,0.47091,285.73754
-0.42325,0.05265,0.13163,-0.50749,0.52895,0.49082,0.47092,285.83782
-0.42325,0.05271,0.13162,-0.50745,0.52894,0.49087,0.47092,285.93810
-0.42325,0.05276,0.13162,-0.50741,0.52894,0.49091,0.47093,286.03838
-0.42325,0.05279,0.13161,-0.50736,0.52893,0.49095,0.47093,286.13865
-0.42325,0.05282,0.13160,-0.50732,0.52893,0.49100,0.47094,286.23893
-0.42325,0.05284,0.13159,-0.50728,0.52892,0.49104,0.47094,286.33921
-0.42325,0.05285,0.13159,-0.50724,0.52892,0.49108,0.47095,286.43948
-0.42325,0.05284,0.13158,-0.50719,0.52892,0.49113,0.47095,286.53976
-0.42325,0.05283,0.13157,-0.50715,0.52891,0.49117,0.47096,286.64003
-0.42325,0.05282,0.13156,-0.50711,0.52891,0.49121,0.47097,286.74031
-0.42325,0.05279,0.13156,-0.50707,0.52890,0.49126,0.47097,286.84058
-0.42325,0.05276,0.13155,-0.50702,0.52890,0.49130,0.47098,286.94085
-0.42325,0.05272,0.13154,-0.50698,0.52889,0.49134,0.47098,287.04112
-0.42325,0.05267,0.13153,-0.50694,0.52889,0.49139,0.47099,287.14140
-0.42325,0.05262,0.13153,-0.50689,0.52888,0.49143,0.47100,287.24167
-0.42325,0.05257,0.13152,-0.50685,0.52888,0.49147,0.47100,287.34194
-0.42325,0.05251,0.13151,-0.50681,0.52887,0.49152,0.47101,287.44220
-0.42325,0.05246,0.13150,-0.50677,0.52887,0.49156,0.47101,287.54247
-0.42325,0.05240,0.13150,-0.50672,0.52887,0.49160,0.47102,287.64274
-0.42325,0.05234,0.13149,-0.50668,0.52886,0.49165,0.47103,287.74301
-0.42325,0.05228,0.13148,-0.50664,0.52886,0.49169,0.47103,287.84327
-0.42325,0.05222,0.13148,-0.50659,0.52885,0.49173,0.47104,287.94354
-0.42325,0.05216,0.13147,-0.50655,0.52885,0.49178,0.47105,288.04380
-0.42325,0.05211,0.13146,-0.50651,0.52884,0.49182,0.47105,288.14407
-0.42325,0.05206,0.13145,-0.50646,0.52884,0.49186,0.47106,288.24433
-0.42325,0.05202,0.13145,-0.50642,0.52883,0.49191,0.47106,288.34459
-0.42325,0.05198,0.13144,-0.50638,0.52883,0.49195,0.47107,288.44485
-0.42325,0.05194,0.13143,-0.50634,0.52882,0.49200,0.47108,288.54511
-0.42325,0.05192,0.13143,-0.50629,0.52881,0.49204,0.47108,288.64537
-0.42325,0.05190,0.13142,-0.50625,0.52881,0.49208,0.47109,288.74563
-0.42325,0.05189,0.13141,-0.50621,0.52880,0.49213,0.47110,288.84589
-0.42325,0.05188,0.13140,-0.50616,0.52880,0.49217,0.47110,288.94615
-0.42325,0.05189,0.13140,-0.50612,0.52879,0.49222,0.47111,289.04641
-0.42325,0.05190,0.13139,-0.50608,0.52879,0.49226,0.47112,289.14666
-0.42325,0.05193,0.13138,-0.50603,0.52878,0.49230,0.47112,289.24692
-0.42325,0.05197,0.13137,-0.50599,0.52878,0.49235,0.47113,289.34718
-0.42325,0.05202,0.13137,-0.50595,0.52877,0.49239,0.47114,289.44743
-0.42325,0.05207,0.13136,-0.50590,0.52877,0.49244,0.47114,289.54768
-0.42325,0.05214,0.13135,-0.50586,0.52876,0.49248,0.47115,289.64794
-0.42325,0.05223,0.13135,-0.50581,0.52876,0.49253,0.47116,289.74819
-0.42325,0.05232,0.13134,-0.50577,0.52875,0.49257,0.47116,289.84844
-0.42325,0.05242,0.13133,-0.50573,0.52874,0.49261,0.47117,289.94869
-0.42325,0.05254,0.13132,-0.50568,0.52874,0.49266,0.47118,290.04894
-0.42325,0.05267,0.13132,-0.50564,0.52873,0.49270,0.47118,290.14919
-0.42325,0.05281,0.13131,-0.50560,0.52873,0.49275,0.47119,290.24944
-0.42325,0.05296,0.13130,-0.50555,0.52872,0.49279,0.47120,290.34969
-0.42325,0.05312,0.13130,-0.50551,0.52872,0.49284,0.47120,290.44994
-0.42325,0.05329,0.13129,-0.50547,0.52871,0.49288,0.47121,290.55018
-0.42325,0.05347,0.13128,-0.50542,0.52870,0.49293,0.47122,290.65043
-0.42325,0.05366,0.13128,-0.50538,0.52870,0.49297,0.47123,290.75067
-0.42325,0.05386,0.13127,-0.50533,0.52869,0.49301,0.47123,290.85092
-0.42325,0.05407,0.13126,-0.50529,0.52869,0.49306,0.47124,290.95116
-0.42325,0.05429,0.13125,-0.50525,0.52868,0.49310,0.47125,291.05141
-0.42325,0.05451,0.13125,-0.50520,0.52867,0.49315,0.47125,291.15165
-0.42325,0.05474,0.13124,-0.50516,0.52867,0.49319,0.47126,291.25189
-0.42325,0.05498,0.13123,-0.50511,0.52866,0.49324,0.47127,291.35213
-0.42325,0.05522,0.13123,-0.50507,0.52865,0.49328,0.47128,291.45237
-0.42325,0.05547,0.13122,-0.50503,0.52865,0.49333,0.47128,291.55261
-0.42325,0.05572,0.13121,-0.50498,0.52864,0.49337,0.47129,291.65285
-0.42325,0.05598,0.13121,-0.50494,0.52864,0.49342,0.47130,291.75309
-0.42325,0.05623,0.13120,-0.50489,0.52863,0.49346,0.47131,291.85332
-0.42325,0.05649,0.13119,-0.50485,0.52862,0.49351,0.47131,291.95356
-0.42325,0.05675,0.13119,-0.50480,0.52862,0.49355,0.47132,292.05380
-0.42325,0.05701,0.13118,-0.50476,0.52861,0.49360,0.47133,292.15403
-0.42325,0.05726,0.13117,-0.50472,0.52860,0.49364,0.47134,292.25427
-0.42325,0.05752,0.13117,-0.50467,0.52860,0.49369,0.47134,292.35450
-0.42325,0.05777,0.13116,-0.50463,0.52859,0.49373,0.47135,292.45473
-0.42325,0.05802,0.13115,-0.50458,0.52858,0.49378,0.47136,292.55497
-0.42325,0.05826,0.13114,-0.50454,0.52858,0.49382,0.47137,292.65520
-0.42325,0.05850,0.13114,-0.50449,0.52857,0.49387,0.47137,292.75543
-0.42325,0.05873,0.13113,-0.50445,0.52856,0.49392,0.47138,292.85566
-0.42325,0.05896,0.13112,-0.50440,0.52856,0.49396,0.47139,292.95589
-0.42325,0.05917,0.13112,-0.50436,0.52855,0.49401,0.47140,293.05612
-0.42325,0.05938,0.13111,-0.50431,0.52854,0.49405,0.47140,293.15635
-0.42325,0.05959,0.13110,-0.50427,0.52854,0.49410,0.47141,293.25657
-0.42325,0.05978,0.13110,-0.50423,0.52853,0.49414,0.47142,293.35680
-0.42325,0.05996,0.13109,-0.50418,0.52852,0.49419,0.47143,293.45703
-0.42325,0.06013,0.13108,-0.50414,0.52852,0.49423,0.47144,293.55725
-0.42325,0.06030,0.13108,-0.50409,0.52851,0.49428,0.47144,293.65748
-0.42325,0.06045,0.13107,-0.50405,0.52850,0.49432,0.47145,293.75770
-0.42325,0.06059,0.13106,-0.50400,0.52849,0.49437,0.47146,293.85792
-0.42325,0.06072,0.13106,-0.50396,0.52849,0.49442,0.47147,293.95815
-0.42325,0.06084,0.13105,-0.50391,0.52848,0.49446,0.47147,294.05837
-0.42325,0.06095,0.13104,-0.50387,0.52847,0.49451,0.47148,294.15859
-0.42325,0.06104,0.13104,-0.50382,0.52847,0.49455,0.47149,294.25881
-0.42325,0.06112,0.13103,-0.50378,0.52846,0.49460,0.47150,294.35903
-0.42325,0.06120,0.13102,-0.50373,0.52845,0.49465,0.47151,294.45925
-0.42325,0.06126,0.13102,-0.50369,0.52844,0.49469,0.47152,294.55947
-0.42325,0.06131,0.13101,-0.50364,0.52844,0.49474,0.47152,294.65968
-0.42325,0.06135,0.13100,-0.50360,0.52843,0.49478,0.47153,294.75990
-0.42325,0.06138,0.13100,-0.50355,0.52842,0.49483,0.47154,294.86012
-0.42325,0.06140,0.13099,-0.50351,0.52841,0.49488,0.47155,294.96033
-0.42325,0.06141,0.13098,-0.50346,0.52841,0.49492,0.47156,295.06055
-0.42325,0.06141,0.13098,-0.50342,0.52840,0.49497,0.47156,295.16076
-0.42325,0.06140,0.13097,-0.50337,0.52839,0.49501,0.47157,295.26097
-0.42325,0.06139,0.13096,-0.50333,0.52838,0.49506,0.47158,295.36119
-0.42325,0.06136,0.13096,-0.50328,0.52838,0.49511,0.47159,295.46140
-0.42325,0.06133,0.13095,-0.50324,0.52837,0.49515,0.47160,295.56161
-0.42325,0.06130,0.13095,-0.50319,0.52836,0.49520,0.47161,295.66182
-0.42325,0.06126,0.13094,-0.50314,0.52835,0.49524,0.47162,295.76203
-0.42325,0.06121,0.13093,-0.50310,0.52835,0.49529,0.47162,295.86224
-0.42325,0.06116,0.13093,-0.50305,0.52834,0.49534,0.47163,295.96245
-0.42325,0.06111,0.13092,-0.50301,0.52833,0.49538,0.47164,296.06266
-0.42325,0.06105,0.13091,-0.50296,0.52832,0.49543,0.47165,296.16286
-0.42325,0.06100,0.13091,-0.50292,0.52831,0.49548,0.47166,296.26307
-0.42325,0.06094,0.13090,-0.50287,0.52831,0.49552,0.47167,296.36327
-0.42325,0.06089,0.13089,-0.50283,0.52830,0.49557,0.47168,296.46348
-0.42325,0.06083,0.13089,-0.50278,0.52829,0.49562,0.47168,296.56368
-0.42325,0.06078,0.13088,-0.50273,0.52828,0.49566,0.47169,296.66389
-0.42325,0.06073,0.13087,-0.50269,0.52827,0.49571,0.47170,296.76409
-0.42325,0.06068,0.13087,-0.50264,0.52827,0.49576,0.47171,296.86429
-0.42325,0.06064,0.13086,-0.50260,0.52826,0.49580,0.47172,296.96449
-0.42325,0.06061,0.13086,-0.50255,0.52825,0.49585,0.47173,297.06469
-0.42325,0.06057,0.13085,-0.50251,0.52824,0.49590,0.47174,297.16489
-0.42325,0.06055,0.13084,-0.50246,0.52823,0.49594,0.47175,297.26509
-0.42325,0.06053,0.13084,-0.50241,0.52823,0.49599,0.47175,297.36529
-0.42325,0.06052,0.13083,-0.50237,0.52822,0.49604,0.47176,297.46549
-0.42325,0.06052,0.13082,-0.50232,0.52821,0.49608,0.47177,297.56569
-0.42325,0.06053,0.13082,-0.50228,0.52820,0.49613,0.47178,297.66588
-0.42325,0.06055,0.13081,-0.50223,0.52819,0.49618,0.47179,297.76608
-0.42325,0.06058,0.13081,-0.50218,0.52818,0.49622,0.47180,297.86628
-0.42325,0.06061,0.13080,-0.50214,0.52817,0.49627,0.47181,297.96647
-0.42325,0.06066,0.13079,-0.50209,0.52817,0.49632,0.47182,298.06666
-0.42325,0.06072,0.13079,-0.50205,0.52816,0.49637,0.47183,298.16686
-0.42325,0.06079,0.13078,-0.50200,0.52815,0.49641,0.47184,298.26705
-0.42325,0.06087,0.13077,-0.50195,0.52814,0.49646,0.47184,298.36724
-0.42325,0.06097,0.13077,-0.50191,0.52813,0.49651,0.47185,298.46743
-0.42325,0.06107,0.13076,-0.50186,0.52812,0.49655,0.47186,298.56762
-0.42325,0.06119,0.13076,-0.50182,0.52811,0.49660,0.47187,298.66781
-0.42325,0.06131,0.13075,-0.50177,0.52811,0.49665,0.47188,298.76800
-0.42325,0.06145,0.13074,-0.50172,0.52810,0.49670,0.47189,298.86819
-0.42325,0.06160,0.13074,-0.50168,0.52809,0.49674,0.47190,298.96838
-0.42325,0.06176,0.13073,-0.50163,0.52808,0.49679,0.47191,299.06856
-0.42325,0.06193,0.13072,-0.50158,0.52807,0.49684,0.47192,299.16875
-0.42325,0.06211,0.13072,-0.50154,0.52806,0.49689,0.47193,299.26894
-0.42325,0.06230,0.13071,-0.50149,0.52805,0.49693,0.47194,299.36912
-0.42325,0.06250,0.13071,-0.50145,0.52804,0.49698,0.47195,299.46930
-0.42325,0.06270,0.13070,-0.50140,0.52803,0.49703,0.47196,299.56949
-0.42325,0.06292,0.13069,-0.50135,0.52803,0.49708,0.47197,299.66967
-0.42325,0.06314,0.13069,-0.50131,0.52802,0.49712,0.47197,299.76985
-0.42325,0.06337,0.13068,-0.50126,0.52801,0.49717,0.47198,299.87003
-0.42325,0.06360,0.13068,-0.50121,0.52800,0.49722,0.47199,299.97022
-0.42325,0.06384,0.13067,-0.50117,0.52799,0.49727,0.47200,300.07040
-0.42325,0.06408,0.13066,-0.50112,0.52798,0.49731,0.47201,300.17057
-0.42325,0.06433,0.13066,-0.50107,0.52797,0.49736,0.47202,300.27075
-0.42325,0.06458,0.13065,-0.50103,0.52796,0.49741,0.47203,300.37093
-0.42325,0.06483,0.13065,-0.50098,0.52795,0.49746,0.47204,300.47111
-0.42325,0.06509,0.13064,-0.50093,0.52794,0.49750,0.47205,300.57129
-0.42325,0.06534,0.13063,-0.50089,0.52793,0.49755,0.47206,300.67146
-0.42325,0.06560,0.13063,-0.50084,0.52792,0.49760,0.47207,300.77164
-0.42325,0.06585,0.13062,-0.50079,0.52791,0.49765,0.47208,300.87181
-0.42325,0.06610,0.13062,-0.50075,0.52791,0.49770,0.47209,300.97199
-0.42325,0.06635,0.13061,-0.50070,0.52790,0.49774,0.47210,301.07216
-0.42325,0.06659,0.13061,-0.50065,0.52789,0.49779,0.47211,301.17233
-0.42325,0.06683,0.13060,-0.50061,0.52788,0.49784,0.47212,301.27250
-0.42325,0.06707,0.13059,-0.50056,0.52787,0.49789,0.47213,301.37268
-0.42325,0.06730,0.13059,-0.50051,0.52786,0.49794,0.47214,301.47285
-0.42325,0.06752,0.13058,-0.50046,0.52785,0.49798,0.47215,301.57302
-0.42325,0.06774,0.13058,-0.50042,0.52784,0.49803,0.47216,301.67319
-0.42325,0.06794,0.13057,-0.50037,0.52783,0.49808,0.47217,301.77335
-0.42325,0.06814,0.13056,-0.50032,0.52782,0.49813,0.47218,301.87352
-0.42325,0.06833,0.13056,-0.50028,0.52781,0.49818,0.47219,301.97369
-0.42325,0.06852,0.13055,-0.50023,0.52780,0.49822,0.47220,302.07386
-0.42325,0.06869,0.13055,-0.50018,0.52779,0.49827,0.47221,302.17402
-0.42325,0.06885,0.13054,-0.50013,0.52778,0.49832,0.47222,302.27419
-0.42325,0.06900,0.13054,-0.50009,0.52777,0.49837,0.47223,302.37435
-0.42325,0.06914,0.13053,-0.50004,0.52776,0.49842,0.47224,302.47452
-0.42325,0.06927,0.13052,-0.49999,0.52775,0.49847,0.47225,302.57468
-0.42325,0.06939,0.13052,-0.49995,0.52774,0.49851,0.47226,302.67484
-0.42325,0.06950,0.13051,-0.49990,0.52773,0.49856,0.47227,302.77500
-0.42325,0.06959,0.13051,-0.49985,0.52772,0.49861,0.47228,302.87516
-0.42325,0.06968,0.13050,-0.49980,0.52771,0.49866,0.47229,302.97533
-0.42325,0.06975,0.13050,-0.49976,0.52770,0.49871,0.47230,303.07549
-0.42325,0.06981,0.13049,-0.49971,0.52769,0.49876,0.47231,303.17565
-0.42325,0.06986,0.13048,-0.49966,0.52768,0.49881,0.47232,303.27580
-0.42325,0.06991,0.13048,-0.49961,0.52767,0.49885,0.47233,303.37596
-0.42325,0.06994,0.13047,-0.49957,0.52766,0.49890,0.47234,303.47612
-0.42325,0.06996,0.13047,-0.49952,0.52765,0.49895,0.47235,303.57628
-0.42325,0.06997,0.13046,-0.49947,0.52764,0.49900,0.47236,303.67643
-0.42325,0.06997,0.13046,-0.49942,0.52763,0.49905,0.47237,303.77659
-0.42325,0.06997,0.13045,-0.49938,0.52762,0.49910,0.47238,303.87674
-0.42325,0.06996,0.13045,-0.49933,0.52761,0.49915,0.47239,303.97690
-0.42325,0.06994,0.13044,-0.49928,0.52760,0.49919,0.47240,304.07705
-0.42325,0.06991,0.13043,-0.49923,0.52759,0.49924,0.47241,304.17720
-0.42325,0.06988,0.13043,-0.49919,0.52758,0.49929,0.47242,304.27735
-0.42325,0.06984,0.13042,-0.49914,0.52756,0.49934,0.47244,304.37751
-0.42325,0.06980,0.13042,-0.49909,0.52755,0.49939,0.47245,304.47766
-0.42325,0.06975,0.13041,-0.49904,0.52754,0.49944,0.47246,304.57781
-0.42325,0.06970,0.13041,-0.49900,0.52753,0.49949,0.47247,304.67796
-0.42325,0.06965,0.13040,-0.49895,0.52752,0.49954,0.47248,304.77811
-0.42325,0.06960,0.13040,-0.49890,0.52751,0.49959,0.47249,304.87825
-0.42325,0.06955,0.13039,-0.49885,0.52750,0.49963,0.47250,304.97840
-0.42325,0.06950,0.13038,-0.49880,0.52749,0.49968,0.47251,305.07855
-0.42325,0.06944,0.13038,-0.49876,0.52748,0.49973,0.47252,305.17870
-0.42325,0.06940,0.13037,-0.49871,0.52747,0.49978,0.47253,305.27884
-0.42325,0.06935,0.13037,-0.49866,0.52746,0.49983,0.47254,305.37899
-0.42325,0.06931,0.13036,-0.49861,0.52745,0.49988,0.47255,305.47913
-0.42325,0.06927,0.13036,-0.49856,0.52744,0.49993,0.47256,305.57927
-0.42325,0.06923,0.13035,-0.49852,0.52742,0.49998,0.47257,305.67942
-0.42325,0.06921,0.13035,-0.49847,0.52741,0.50003,0.47258,305.77956
-0.42325,0.06918,0.13034,-0.49842,0.52740,0.50008,0.47260,305.87970
-0.42325,0.06917,0.13034,-0.49837,0.52739,0.50013,0.47261,305.97984
-0.42325,0.06916,0.13033,-0.49832,0.52738,0.50018,0.47262,306.07998
-0.42325,0.06916,0.13033,-0.49828,0.52737,0.50023,0.47263,306.18012
-0.42325,0.06917,0.13032,-0.49823,0.52736,0.50027,0.47264,306.28026
-0.42325,0.06919,0.13032,-0.49818,0.52735,0.50032,0.47265,306.38040
-0.42325,0.06922,0.13031,-0.49813,0.52734,0.50037,0.47266,306.48054
-0.42325,0.06926,0.13030,-0.49808,0.52733,0.50042,0.47267,306.58068
-0.42325,0.06931,0.13030,-0.49803,0.52731,0.50047,0.47268,306.68081
-0.42325,0.06937,0.13029,-0.49799,0.52730,0.50052,0.47269,306.78095
-0.42325,0.06944,0.13029,-0.49794,0.52729,0.50057,0.47271,306.88109
-0.42325,0.06952,0.13028,-0.49789,0.52728,0.50062,0.47272,306.98122
-0.42325,0.06961,0.13028,-0.49784,0.52727,0.50067,0.47273,307.08135
-0.42325,0.06972,0.13027,-0.49779,0.52726,0.50072,0.47274,307.18149
-0.42325,0.06983,0.13027,-0.49774,0.52725,0.50077,0.47275,307.28162
-0.42325,0.06996,0.13026,-0.49770,0.52723,0.50082,0.47276,307.38175
-0.42325,0.07010,0.13026,-0.49765,0.52722,0.50087,0.47277,307.48189
-0.42325,0.07024,0.13025,-0.49760,0.52721,0.50092,0.47278,307.58202
-0.42325,0.07040,0.13025,-0.49755,0.52720,0.50097,0.47279,307.68215
-0.42325,0.07057,0.13024,-0.49750,0.52719,0.50102,0.47281,307.78228
-0.42325,0.07075,0.13024,-0.49745,0.52718,0.50107,0.47282,307.88241
-0.42325,0.07093,0.13023,-0.49741,0.52717,0.50112,0.47283,307.98254
-0.42325,0.07113,0.13023,-0.49736,0.52715,0.50117,0.47284,308.08266
-0.42325,0.07133,0.13022,-0.49731,0.52714,0.50122,0.47285,308.18279
-0.42325,0.07154,0.13022,-0.49726,0.52713,0.50127,0.47286,308.28292
-0.42325,0.07176,0.13021,-0.49721,0.52712,0.50132,0.47287,308.38304
-0.42325,0.07199,0.13021,-0.49716,0.52711,0.50137,0.47288,308.48317
-0.42325,0.07222,0.13020,-0.49711,0.52710,0.50142,0.47290,308.58330
-0.42325,0.07245,0.13020,-0.49706,0.52708,0.50147,0.47291,308.68342
-0.42325,0.07269,0.13019,-0.49702,0.52707,0.50152,0.47292,308.78354
-0.42325,0.07294,0.13019,-0.49697,0.52706,0.50157,0.47293,308.88367
-0.42325,0.07318,0.13018,-0.49692,0.52705,0.50162,0.47294,308.98379
-0.42325,0.07343,0.13018,-0.49687,0.52704,0.50167,0.47295,309.08391
-0.42325,0.07368,0.13017,-0.49682,0.52702,0.50172,0.47296,309.18403
-0.42325,0.07393,0.13017,-0.49677,0.52701,0.50177,0.47298,309.28415
-0.42325,0.07419,0.13016,-0.49672,0.52700,0.50182,0.47299,309.38427
-0.42325,0.07443,0.13016,-0.49667,0.52699,0.50187,0.47300,309.48439
-0.42325,0.07468,0.13015,-0.49663,0.52698,0.50192,0.47301,309.58451
-0.42325,0.07493,0.13015,-0.49658,0.52696,0.50197,0.47302,309.68463
-0.42325,0.07517,0.13014,-0.49653,0.52695,0.50202,0.47303,309.78475
-0.42325,0.07541,0.13014,-0.49648,0.52694,0.50207,0.47304,309.88487
-0.42325,0.07564,0.13013,-0.49643,0.52693,0.50212,0.47306,309.98498
-0.42325,0.07586,0.13013,-0.49638,0.52692,0.50217,0.47307,310.08510
-0.42325,0.07608,0.13012,-0.49633,0.52690,0.50222,0.47308,310.18521
-0.42325,0.07630,0.13012,-0.49628,0.52689,0.50227,0.47309,310.28533
-0.42325,0.07650,0.13011,-0.49623,0.52688,0.50232,0.47310,310.38544
-0.42325,0.07670,0.13011,-0.49618,0.52687,0.50237,0.47311,310.48556
-0.42325,0.07689,0.13011,-0.49613,0.52685,0.50242,0.47313,310.58567
-0.42325,0.07707,0.13010,-0.49609,0.52684,0.50247,0.47314,310.68578
-0.42325,0.07724,0.13010,-0.49604,0.52683,0.50252,0.47315,310.78589
-0.42325,0.07740,0.13009,-0.49599,0.52682,0.50257,0.47316,310.88601
-0.42325,0.07755,0.13009,-0.49594,0.52680,0.50262,0.47317,310.98612
-0.42325,0.07769,0.13008,-0.49589,0.52679,0.50267,0.47319,311.08623
-0.42325,0.07782,0.13008,-0.49584,0.52678,0.50272,0.47320,311.18634
-0.42325,0.07794,0.13007,-0.49579,0.52677,0.50277,0.47321,311.28644
-0.42325,0.07805,0.13007,-0.49574,0.52675,0.50283,0.47322,311.38655
-0.42325,0.07814,0.13006,-0.49569,0.52674,0.50288,0.47323,311.48666
-0.42325,0.07823,0.13006,-0.49564,0.52673,0.50293,0.47324,311.58677
-0.42325,0.07830,0.13005,-0.49559,0.52672,0.50298,0.47326,311.68687
-0.42325,0.07837,0.13005,-0.49554,0.52670,0.50303,0.47327,311.78698
-0.42325,0.07842,0.13004,-0.49549,0.52669,0.50308,0.47328,311.88709
-0.42325,0.07846,0.13004,-0.49544,0.52668,0.50313,0.47329,311.98719
-0.42325,0.07850,0.13004,-0.49540,0.52667,0.50318,0.47330,312.08730
-0.42325,0.07852,0.13003,-0.49535,0.52665,0.50323,0.47332,312.18740
-0.42325,0.07854,0.13003,-0.49530,0.52664,0.50328,0.47333,312.28750
-0.42325,0.07854,0.13002,-0.49525,0.52663,0.50333,0.47334,312.38761
-0.42325,0.07854,0.13002,-0.49520,0.52661,0.50338,0.47335,312.48771
-0.42325,0.07853,0.13001,-0.49515,0.52660,0.50343,0.47336,312.58781
-0.42325,0.07851,0.13001,-0.49510,0.52659,0.50349,0.47338,312.68791
-0.42325,0.07849,0.13000,-0.49505,0.52658,0.50354,0.47339,312.78801
-0.42325,0.07846,0.13000,-0.49500,0.52656,0.50359,0.47340,312.88811
-0.42325,0.07842,0.12999,-0.49495,0.52655,0.50364,0.47341,312.98821
-0.42325,0.07839,0.12999,-0.49490,0.52654,0.50369,0.47342,313.08831
-0.42325,0.07834,0.12999,-0.49485,0.52652,0.50374,0.47344,313.18841
-0.42325,0.07830,0.12998,-0.49480,0.52651,0.50379,0.47345,313.28850
-0.42325,0.07825,0.12998,-0.49475,0.52650,0.50384,0.47346,313.38860
-0.42325,0.07820,0.12997,-0.49470,0.52648,0.50389,0.47347,313.48870
-0.42325,0.07815,0.12997,-0.49465,0.52647,0.50394,0.47349,313.58879
-0.42325,0.07810,0.12996,-0.49460,0.52646,0.50400,0.47350,313.68889
-0.42325,0.07806,0.12996,-0.49455,0.52644,0.50405,0.47351,313.78898
-0.42325,0.07801,0.12996,-0.49450,0.52643,0.50410,0.47352,313.88908
-0.42325,0.07797,0.12995,-0.49445,0.52642,0.50415,0.47353,313.98917
-0.42325,0.07793,0.12995,-0.49440,0.52641,0.50420,0.47355,314.08926
-0.42325,0.07789,0.12994,-0.49435,0.52639,0.50425,0.47356,314.18936
-0.42325,0.07786,0.12994,-0.49430,0.52638,0.50430,0.47357,314.28945
-0.42325,0.07784,0.12993,-0.49425,0.52637,0.50435,0.47358,314.38954
-0.42325,0.07782,0.12993,-0.49420,0.52635,0.50441,0.47360,314.48963
-0.42325,0.07780,0.12993,-0.49415,0.52634,0.50446,0.47361,314.58972
-0.42325,0.07780,0.12992,-0.49410,0.52632,0.50451,0.47362,314.68981
-0.42325,0.07780,0.12992,-0.49405,0.52631,0.50456,0.47363,314.78990
-0.42325,0.07781,0.12991,-0.49400,0.52630,0.50461,0.47365,314.88999
-0.42325,0.07784,0.12991,-0.49395,0.52628,0.50466,0.47366,314.99008
-0.42325,0.07787,0.12990,-0.49390,0.52627,0.50471,0.47367,315.09017
-0.42325,0.07791,0.12990,-0.49385,0.52626,0.50476,0.47368,315.19025
-0.42325,0.07796,0.12990,-0.49380,0.52624,0.50482,0.47370,315.29034
-0.42325,0.07802,0.12989,-0.49375,0.52623,0.50487,0.47371,315.39043
-0.42325,0.07809,0.12989,-0.49370,0.52622,0.50492,0.47372,315.49051
-0.42325,0.07817,0.12988,-0.49365,0.52620,0.50497,0.47373,315.59060
-0.42325,0.07826,0.12988,-0.49360,0.52619,0.50502,0.47375,315.69068
-0.42325,0.07836,0.12988,-0.49355,0.52618,0.50507,0.47376,315.79077
-0.42325,0.07848,0.12987,-0.49350,0.52616,0.50513,0.47377,315.89085
-0.42325,0.07860,0.12987,-0.49345,0.52615,0.50518,0.47378,315.99093
-0.42325,0.07874,0.12986,-0.49340,0.52613,0.50523,0.47380,316.09101
-0.42325,0.07888,0.12986,-0.49335,0.52612,0.50528,0.47381,316.19110
-0.42325,0.07904,0.12985,-0.49330,0.52611,0.50533,0.47382,316.29118
-0.42325,0.07921,0.12985,-0.49325,0.52609,0.50538,0.47383,316.39126
-0.42325,0.07938,0.12985,-0.49320,0.52608,0.50544,0.47385,316.49134
-0.42325,0.07957,0.12984,-0.49315,0.52607,0.50549,0.47386,316.59142
-0.42325,0.07976,0.12984,-0.49310,0.52605,0.50554,0.47387,316.69150
-0.42325,0.07996,0.12983,-0.49305,0.52604,0.50559,0.47388,316.79158
-0.42325,0.08017,0.12983,-0.49300,0.52602,0.50564,0.47390,316.89166
-0.42325,0.08038,0.12983,-0.49295,0.52601,0.50569,0.47391,316.99173
-0.42325,0.08061,0.12982,-0.49290,0.52600,0.50575,0.47392,317.09181
-0.42325,0.08083,0.12982,-0.49285,0.52598,0.50580,0.47394,317.19189
-0.42325,0.08107,0.12982,-0.49280,0.52597,0.50585,0.47395,317.29196
-0.42325,0.08130,0.12981,-0.49275,0.52595,0.50590,0.47396,317.39204
-0.42325,0.08154,0.12981,-0.49270,0.52594,0.50595,0.47397,317.49211
-0.42325,0.08179,0.12980,-0.49265,0.52592,0.50601,0.47399,317.59219
-0.42325,0.08203,0.12980,-0.49259,0.52591,0.50606,0.47400,317.69226
-0.42325,0.08228,0.12980,-0.49254,0.52590,0.50611,0.47401,317.79234
-0.42325,0.08253,0.12979,-0.49249,0.52588,0.50616,0.47402,317.89241
-0.42325,0.08278,0.12979,-0.49244,0.52587,0.50621,0.47404,317.99248
-0.42325,0.08302,0.12978,-0.49239,0.52585,0.50626,0.47405,318.09256
-0.42325,0.08327,0.12978,-0.49234,0.52584,0.50632,0.47406,318.19263
-0.42325,0.08351,0.12978,-0.49229,0.52583,0.50637,0.47408,318.29270
-0.42325,0.08375,0.12977,-0.49224,0.52581,0.50642,0.47409,318.39277
-0.42325,0.08398,0.12977,-0.49219,0.52580,0.50647,0.47410,318.49284
-0.42325,0.08421,0.12977,-0.49214,0.52578,0.50653,0.47411,318.59291
-0.42325,0.08443,0.12976,-0.49209,0.52577,0.50658,0.47413,318.69298
-0.42325,0.08465,0.12976,-0.49204,0.52575,0.50663,0.47414,318.79305
-0.42325,0.08486,0.12975,-0.49199,0.52574,0.50668,0.47415,318.89312
-0.42325,0.08507,0.12975,-0.49194,0.52572,0.50673,0.47417,318.99318
-0.42325,0.08526,0.12975,-0.49189,0.52571,0.50679,0.47418,319.09325
-0.42325,0.08545,0.12974,-0.49183,0.52570,0.50684,0.47419,319.19332
-0.42325,0.08563,0.12974,-0.49178,0.52568,0.50689,0.47421,319.29339
-0.42325,0.08580,0.12974,-0.49173,0.52567,0.50694,0.47422,319.39345
-0.42325,0.08596,0.12973,-0.49168,0.52565,0.50699,0.47423,319.49352
-0.42325,0.08610,0.12973,-0.49163,0.52564,0.50705,0.47424,319.59358
-0.42325,0.08624,0.12973,-0.49158,0.52562,0.50710,0.47426,319.69365
-0.42325,0.08637,0.12972,-0.49153,0.52561,0.50715,0.47427,319.79371
-0.42325,0.08649,0.12972,-0.49148,0.52559,0.50720,0.47428,319.89377
-0.42325,0.08660,0.12971,-0.49143,0.52558,0.50726,0.47430,319.99384
-0.42325,0.08670,0.12971,-0.49138,0.52556,0.50731,0.47431,320.09390
-0.42325,0.08678,0.12971,-0.49133,0.52555,0.50736,0.47432,320.19396
-0.42325,0.08686,0.12970,-0.49127,0.52553,0.50741,0.47434,320.29402
-0.42325,0.08692,0.12970,-0.49122,0.52552,0.50747,0.47435,320.39409
-0.42325,0.08698,0.12970,-0.49117,0.52550,0.50752,0.47436,320.49415
-0.42325,0.08702,0.12969,-0.49112,0.52549,0.50757,0.47437,320.59421
-0.42325,0.08706,0.12969,-0.49107,0.52547,0.50762,0.47439,320.69427
-0.42325,0.08708,0.12969,-0.49102,0.52546,0.50768,0.47440,320.79433
-0.42325,0.08710,0.12968,-0.49097,0.52545,0.50773,0.47441,320.89439
-0.42325,0.08711,0.12968,-0.49092,0.52543,0.50778,0.47443,320.99444
-0.42325,0.08711,0.12968,-0.49087,0.52542,0.50783,0.47444,321.09450
-0.42325,0.08710,0.12967,-0.49082,0.52540,0.50789,0.47445,321.19456
-0.42325,0.08709,0.12967,-0.49076,0.52539,0.50794,0.47447,321.29462
-0.42325,0.08707,0.12967,-0.49071,0.52537,0.50799,0.47448,321.39467
-0.42325,0.08704,0.12966,-0.49066,0.52536,0.50804,0.47449,321.49473
-0.42325,0.08701,0.12966,-0.49061,0.52534,0.50810,0.47451,321.59479
-0.42325,0.08697,0.12966,-0.49056,0.52533,0.50815,0.47452,321.69484
-0.42325,0.08693,0.12965,-0.49051,0.52531,0.50820,0.47453,321.79490
-0.42325,0.08689,0.12965,-0.49046,0.52530,0.50825,0.47455,321.89495
-0.42325,0.08685,0.12965,-0.49041,0.52528,0.50831,0.47456,321.99501
-0.42325,0.08680,0.12964,-0.49035,0.52526,0.50836,0.47457,322.09506
-0.42325,0.08676,0.12964,-0.49030,0.52525,0.50841,0.47459,322.19511
-0.42325,0.08671,0.12964,-0.49025,0.52523,0.50846,0.47460,322.29517
-0.42325,0.08667,0.12963,-0.49020,0.52522,0.50852,0.47461,322.39522
-0.42325,0.08663,0.12963,-0.49015,0.52520,0.50857,0.47463,322.49527
-0.42325,0.08659,0.12963,-0.49010,0.52519,0.50862,0.47464,322.59532
-0.42325,0.08655,0.12962,-0.49005,0.52517,0.50868,0.47465,322.69537
-0.42325,0.08652,0.12962,-0.49000,0.52516,0.50873,0.47467,322.79542
-0.42325,0.08649,0.12962,-0.48994,0.52514,0.50878,0.47468,322.89547
-0.42325,0.08646,0.12961,-0.48989,0.52513,0.50883,0.47469,322.99552
-0.42325,0.08645,0.12961,-0.48984,0.52511,0.50889,0.47471,323.09557
-0.42325,0.08644,0.12961,-0.48979,0.52510,0.50894,0.47472,323.19562
-0.42325,0.08644,0.12960,-0.48974,0.52508,0.50899,0.47473,323.29567
-0.42325,0.08644,0.12960,-0.48969,0.52507,0.50905,0.47475,323.39572
-0.42325,0.08645,0.12960,-0.48964,0.52505,0.50910,0.47476,323.49577
-0.42325,0.08648,0.12960,-0.48958,0.52503,0.50915,0.47477,323.59581
-0.42325,0.08651,0.12959,-0.48953,0.52502,0.50920,0.47479,323.69586
-0.42325,0.08655,0.12959,-0.48948,0.52500,0.50926,0.47480,323.79591
-0.42325,0.08660,0.12959,-0.48943,0.52499,0.50931,0.47481,323.89595
-0.42325,0.08666,0.12958,-0.48938,0.52497,0.50936,0.47483,323.99600
-0.42325,0.08673,0.12958,-0.48933,0.52496,0.50942,0.47484,324.09605
-0.42325,0.08681,0.12958,-0.48928,0.52494,0.50947,0.47485,324.19609
-0.42325,0.08691,0.12957,-0.48922,0.52493,0.50952,0.47487,324.29613
-0.42325,0.08701,0.12957,-0.48917,0.52491,0.50958,0.47488,324.39618
-0.42325,0.08712,0.12957,-0.48912,0.52489,0.50963,0.47489,324.49622
-0.42325,0.08725,0.12957,-0.48907,0.52488,0.50968,0.47491,324.59627
-0.42325,0.08738,0.12956,-0.48902,0.52486,0.50973,0.47492,324.69631
-0.42325,0.08753,0.12956,-0.48897,0.52485,0.50979,0.47494,324.79635
-0.42325,0.08768,0.12956,-0.48891,0.52483,0.50984,0.47495,324.89639
-0.42325,0.08784,0.12955,-0.48886,0.52482,0.50989,0.47496,324.99644
-0.42325,0.08802,0.12955,-0.48881,0.52480,0.50995,0.47498,325.09648
-0.42325,0.08820,0.12955,-0.48876,0.52478,0.51000,0.47499,325.19652
-0.42325,0.08839,0.12954,-0.48871,0.52477,0.51005,0.47500,325.29656
-0.42325,0.08859,0.12954,-0.48866,0.52475,0.51011,0.47502,325.39660
-0.42325,0.08879,0.12954,-0.48860,0.52474,0.51016,0.47503,325.49664
-0.42325,0.08901,0.12954,-0.48855,0.52472,0.51021,0.47504,325.59668
-0.42325,0.08923,0.12953,-0.48850,0.52471,0.51027,0.47506,325.69672
-0.42325,0.08945,0.12953,-0.48845,0.52469,0.51032,0.47507,325.79676
-0.42325,0.08968,0.12953,-0.48840,0.52467,0.51037,0.47508,325.89679
-0.42325,0.08991,0.12953,-0.48835,0.52466,0.51043,0.47510,325.99683
-0.42325,0.09015,0.12952,-0.48829,0.52464,0.51048,0.47511,326.09687
-0.42325,0.09039,0.12952,-0.48824,0.52463,0.51053,0.47513,326.19691
-0.42325,0.09063,0.12952,-0.48819,0.52461,0.51059,0.47514,326.29694
-0.42325,0.09088,0.12951,-0.48814,0.52459,0.51064,0.47515,326.39698
-0.42325,0.09112,0.12951,-0.48809,0.52458,0.51069,0.47517,326.49702
-0.42325,0.09137,0.12951,-0.48803,0.52456,0.51075,0.47518,326.59705
-0.42325,0.09161,0.12951,-0.48798,0.52455,0.51080,0.47519,326.69709
-0.42325,0.09185,0.12950,-0.48793,0.52453,0.51085,0.47521,326.79712
-0.42325,0.09209,0.12950,-0.48788,0.52451,0.51091,0.47522,326.89716
-0.42325,0.09232,0.12950,-0.48783,0.52450,0.51096,0.47523,326.99719
-0.42325,0.09255,0.12950,-0.48777,0.52448,0.51101,0.47525,327.09723
-0.42325,0.09278,0.12949,-0.48772,0.52447,0.51107,0.47526,327.19726
-0.42325,0.09300,0.12949,-0.48767,0.52445,0.51112,0.47528,327.29729
-0.42325,0.09322,0.12949,-0.48762,0.52443,0.51117,0.47529,327.39733
-0.42325,0.09343,0.12949,-0.48757,0.52442,0.51123,0.47530,327.49736
-0.42325,0.09363,0.12948,-0.48751,0.52440,0.51128,0.47532,327.59739
-0.42325,0.09382,0.12948,-0.48746,0.52438,0.51133,0.47533,327.69742
-0.42325,0.09401,0.12948,-0.48741,0.52437,0.51139,0.47534,327.79745
-0.42325,0.09418,0.12948,-0.48736,0.52435,0.51144,0.47536,327.89749
-0.42325,0.09435,0.12947,-0.48731,0.52434,0.51149,0.47537,327.99752
-0.42325,0.09451,0.12947,-0.48725,0.52432,0.51155,0.47539,328.09755
-0.42325,0.09466,0.12947,-0.48720,0.52430,0.51160,0.47540,328.19758
-0.42325,0.09480,0.12947,-0.48715,0.52429,0.51165,0.47541,328.29761
-0.42325,0.09493,0.12946,-0.48710,0.52427,0.51171,0.47543,328.39764
-0.42325,0.09504,0.12946,-0.48705,0.52425,0.51176,0.47544,328.49767
-0.42325,0.09515,0.12946,-0.48699,0.52424,0.51182,0.47545,328.59770
-0.42325,0.09525,0.12946,-0.48694,0.52422,0.51187,0.47547,328.69772
-0.42325,0.09534,0.12945,-0.48689,0.52420,0.51192,0.47548,328.79775
-0.42325,0.09541,0.12945,-0.48684,0.52419,0.51198,0.47550,328.89778
-0.42325,0.09548,0.12945,-0.48679,0.52417,0.51203,0.47551,328.99781
-0.42325,0.09554,0.12945,-0.48673,0.52415,0.51208,0.47552,329.09784
-0.42325,0.09558,0.12944,-0.48668,0.52414,0.51214,0.47554,329.19786
-0.42325,0.09562,0.12944,-0.48663,0.52412,0.51219,0.47555,329.29789
-0.42325,0.09565,0.12944,-0.48658,0.52411,0.51224,0.47557,329.39792
-0.42325,0.09567,0.12944,-0.48653,0.52409,0.51230,0.47558,329.49794
-0.42325,0.09568,0.12944,-0.48647,0.52407,0.51235,0.47559,329.59797
-0.42325,0.09568,0.12943,-0.48642,0.52406,0.51241,0.47561,329.69799
-0.42325,0.09567,0.12943,-0.48637,0.52404,0.51246,0.47562,329.79802
-0.42325,0.09566,0.12943,-0.48632,0.52402,0.51251,0.47563,329.89804
-0.42325,0.09565,0.12943,-0.48626,0.52401,0.51257,0.47565,329.99807
-0.42325,0.09562,0.12942,-0.48621,0.52399,0.51262,0.47566,330.09809
-0.42325,0.09559,0.12942,-0.48616,0.52397,0.51267,0.47568,330.19812
-0.42325,0.09556,0.12942,-0.48611,0.52396,0.51273,0.47569,330.29814
-0.42325,0.09553,0.12942,-0.48605,0.52394,0.51278,0.47570,330.39816
-0.42325,0.09549,0.12942,-0.48600,0.52392,0.51284,0.47572,330.49819
-0.42325,0.09545,0.12941,-0.48595,0.52391,0.51289,0.47573,330.59821
-0.42325,0.09540,0.12941,-0.48590,0.52389,0.51294,0.47575,330.69823
-0.42325,0.09536,0.12941,-0.48585,0.52387,0.51300,0.47576,330.79825
-0.42325,0.09532,0.12941,-0.48579,0.52385,0.51305,0.47577,330.89827
-0.42325,0.09528,0.12940,-0.48574,0.52384,0.51310,0.47579,330.99830
-0.42325,0.09524,0.12940,-0.48569,0.52382,0.51316,0.47580,331.09832
-0.42325,0.09520,0.12940,-0.48564,0.52380,0.51321,0.47582,331.19834
-0.42325,0.09517,0.12940,-0.48558,0.52379,0.51327,0.47583,331.29836
-0.42325,0.09514,0.12940,-0.48553,0.52377,0.51332,0.47584,331.39838
-0.42325,0.09511,0.12939,-0.48548,0.52375,0.51337,0.47586,331.49840
-0.42325,0.09509,0.12939,-0.48543,0.52374,0.51343,0.47587,331.59842
-0.42325,0.09508,0.12939,-0.48537,0.52372,0.51348,0.47588,331.69844
-0.42325,0.09507,0.12939,-0.48532,0.52370,0.51354,0.47590,331.79846
-0.42325,0.09507,0.12939,-0.48527,0.52369,0.51359,0.47591,331.89848
-0.42325,0.09508,0.12938,-0.48522,0.52367,0.51364,0.47593,331.99850
-0.42325,0.09509,0.12938,-0.48516,0.52365,0.51370,0.47594,332.09851
-0.42325,0.09512,0.12938,-0.48511,0.52364,0.51375,0.47595,332.19853
-0.42325,0.09515,0.12938,-0.48506,0.52362,0.51380,0.47597,332.29855
-0.42325,0.09519,0.12938,-0.48501,0.52360,0.51386,0.47598,332.39857
-0.42325,0.09524,0.12938,-0.48495,0.52358,0.51391,0.47600,332.49859
-0.42325,0.09531,0.12937,-0.48490,0.52357,0.51397,0.47601,332.59860
-0.42325,0.09538,0.12937,-0.48485,0.52355,0.51402,0.47602,332.69862
-0.42325,0.09546,0.12937,-0.48480,0.52353,0.51407,0.47604,332.79864
-0.42325,0.09555,0.12937,-0.48474,0.52352,0.51413,0.47605,332.89865
-0.42325,0.09565,0.12937,-0.48469,0.52350,0.51418,0.47607,332.99867
-0.42325,0.09577,0.12936,-0.48464,0.52348,0.51424,0.47608,333.09869
-0.42325,0.09589,0.12936,-0.48459,0.52346,0.51429,0.47609,333.19870
-0.42325,0.09602,0.12936,-0.48453,0.52345,0.51434,0.47611,333.29872
-0.42325,0.09617,0.12936,-0.48448,0.52343,0.51440,0.47612,333.39873
-0.42325,0.09632,0.12936,-0.48443,0.52341,0.51445,0.47614,333.49875
-0.42325,0.09648,0.12936,-0.48438,0.52340,0.51451,0.47615,333.59876
-0.42325,0.09665,0.12935,-0.48432,0.52338,0.51456,0.47616,333.69878
-0.42325,0.09683,0.12935,-0.48427,0.52336,0.51461,0.47618,333.79879
-0.42325,0.09702,0.12935,-0.48422,0.52334,0.51467,0.47619,333.89881
-0.42325,0.09722,0.12935,-0.48417,0.52333,0.51472,0.47621,333.99882
-0.42325,0.09742,0.12935,-0.48411,0.52331,0.51478,0.47622,334.09883
-0.42325,0.09763,0.12935,-0.48406,0.52329,0.51483,0.47623,334.19885
-0.42325,0.09785,0.12934,-0.48401,0.52328,0.51489,0.47625,334.29886
-0.42325,0.09807,0.12934,-0.48396,0.52326,0.51494,0.47626,334.39887
-0.42325,0.09829,0.12934,-0.48390,0.52324,0.51499,0.47628,334.49889
-0.42325,0.09852,0.12934,-0.48385,0.52322,0.51505,0.47629,334.59890
-0.42325,0.09876,0.12934,-0.48380,0.52321,0.51510,0.47630,334.69891
-0.42325,0.09900,0.12934,-0.48374,0.52319,0.51516,0.47632,334.79892
-0.42325,0.09923,0.12933,-0.48369,0.52317,0.51521,0.47633,334.89893
-0.42325,0.09947,0.12933,-0.48364,0.52315,0.51526,0.47635,334.99895
-0.42325,0.09972,0.12933,-0.48359,0.52314,0.51532,0.47636,335.09896
-0.42325,0.09996,0.12933,-0.48353,0.52312,0.51537,0.47637,335.19897
-0.42325,0.10020,0.12933,-0.48348,0.52310,0.51543,0.47639,335.29898
-0.42325,0.10043,0.12933,-0.48343,0.52308,0.51548,0.47640,335.39899
-0.42325,0.10067,0.12933,-0.48338,0.52307,0.51554,0.47642,335.49900
-0.42325,0.10090,0.12932,-0.48332,0.52305,0.51559,0.47643,335.59901
-0.42325,0.10113,0.12932,-0.48327,0.52303,0.51564,0.47644,335.69902
-0.42325,0.10135,0.12932,-0.48322,0.52301,0.51570,0.47646,335.79903
-0.42325,0.10157,0.12932,-0.48317,0.52300,0.51575,0.47647,335.89904
-0.42325,0.10179,0.12932,-0.48311,0.52298,0.51581,0.47649,335.99905
-0.42325,0.10199,0.12932,-0.48306,0.52296,0.51586,0.47650,336.09906
-0.42325,0.10219,0.12932,-0.48301,0.52294,0.51591,0.47651,336.19907
-0.42325,0.10238,0.12931,-0.48295,0.52293,0.51597,0.47653,336.29908
-0.42325,0.10257,0.12931,-0.48290,0.52291,0.51602,0.47654,336.39909
-0.42325,0.10274,0.12931,-0.48285,0.52289,0.51608,0.47656,336.49910
-0.42325,0.10291,0.12931,-0.48280,0.52287,0.51613,0.47657,336.59910
-0.42325,0.10307,0.12931,-0.48274,0.52286,0.51619,0.47658,336.69911
-0.42325,0.10321,0.12931,-0.48269,0.52284,0.51624,0.47660,336.79912
-0.42325,0.10335,0.12931,-0.48264,0.52282,0.51629,0.47661,336.89913
-0.42325,0.10348,0.12931,-0.48258,0.52280,0.51635,0.47663,336.99914
-0.42325,0.10360,0.12930,-0.48253,0.52279,0.51640,0.47664,337.09914
-0.42325,0.10371,0.12930,-0.48248,0.52277,0.51646,0.47665,337.19915
-0.42325,0.10380,0.12930,-0.48243,0.52275,0.51651,0.47667,337.29916
-0.42325,0.10389,0.12930,-0.48237,0.52273,0.51657,0.47668,337.39917
-0.42325,0.10397,0.12930,-0.48232,0.52272,0.51662,0.47670,337.49917
-0.42325,0.10404,0.12930,-0.48227,0.52270,0.51667,0.47671,337.59918
-0.42325,0.10409,0.12930,-0.48221,0.52268,0.51673,0.47672,337.69919
-0.42325,0.10414,0.12930,-0.48216,0.52266,0.51678,0.47674,337.79919
-0.42325,0.10418,0.12929,-0.48211,0.52264,0.51684,0.47675,337.89920
-0.42325,0.10421,0.12929,-0.48206,0.52263,0.51689,0.47677,337.99921
-0.42325,0.10423,0.12929,-0.48200,0.52261,0.51695,0.47678,338.09921
-0.42325,0.10424,0.12929,-0.48195,0.52259,0.51700,0.47679,338.19922
-0.42325,0.10425,0.12929,-0.48190,0.52257,0.51706,0.47681,338.29922
-0.42325,0.10425,0.12929,-0.48184,0.52256,0.51711,0.47682,338.39923
-0.42325,0.10424,0.12929,-0.48179,0.52254,0.51716,0.47684,338.49923
-0.42325,0.10422,0.12929,-0.48174,0.52252,0.51722,0.47685,338.59924
-0.42325,0.10420,0.12929,-0.48169,0.52250,0.51727,0.47686,338.69924
-0.42325,0.10418,0.12929,-0.48163,0.52248,0.51733,0.47688,338.79925
-0.42325,0.10415,0.12928,-0.48158,0.52247,0.51738,0.47689,338.89925
-0.42325,0.10412,0.12928,-0.48153,0.52245,0.51744,0.47691,338.99926
-0.42325,0.10408,0.12928,-0.48147,0.52243,0.51749,0.47692,339.09926
-0.42325,0.10404,0.12928,-0.48142,0.52241,0.51754,0.47693,339.19927
-0.42325,0.10401,0.12928,-0.48137,0.52239,0.51760,0.47695,339.29927
-0.42325,0.10397,0.12928,-0.48131,0.52238,0.51765,0.47696,339.39928
-0.42325,0.10393,0.12928,-0.48126,0.52236,0.51771,0.47698,339.49928
-0.42325,0.10389,0.12928,-0.48121,0.52234,0.51776,0.47699,339.59928
-0.42325,0.10385,0.12928,-0.48116,0.52232,0.51782,0.47700,339.69929
-0.42325,0.10382,0.12928,-0.48110,0.52230,0.51787,0.47702,339.79929
-0.42325,0.10379,0.12928,-0.48105,0.52229,0.51793,0.47703,339.89930
-0.42325,0.10376,0.12927,-0.48100,0.52227,0.51798,0.47705,339.99930
-0.42325,0.10374,0.12927,-0.48094,0.52225,0.51803,0.47706,340.09930
-0.42325,0.10372,0.12927,-0.48089,0.52223,0.51809,0.47707,340.19931
-0.42325,0.10371,0.12927,-0.48084,0.52222,0.51814,0.47709,340.29931
-0.42325,0.10370,0.12927,-0.48079,0.52220,0.51820,0.47710,340.39931
-0.42325,0.10371,0.12927,-0.48073,0.52218,0.51825,0.47712,340.49931
-0.42325,0.10371,0.12927,-0.48068,0.52216,0.51831,0.47713,340.59932
-0.42325,0.10373,0.12927,-0.48063,0.52214,0.51836,0.47714,340.69932
-0.42325,0.10376,0.12927,-0.48057,0.52212,0.51842,0.47716,340.79932
-0.42325,0.10379,0.12927,-0.48052,0.52211,0.51847,0.47717,340.89933
-0.42325,0.10383,0.12927,-0.48047,0.52209,0.51852,0.47719,340.99933
-0.42325,0.10389,0.12927,-0.48041,0.52207,0.51858,0.47720,341.09933
-0.42325,0.10395,0.12927,-0.48036,0.52205,0.51863,0.47721,341.19933
-0.42325,0.10402,0.12926,-0.48031,0.52203,0.51869,0.47723,341.29933
-0.42325,0.10410,0.12926,-0.48026,0.52202,0.51874,0.47724,341.39934
-0.42325,0.10419,0.12926,-0.48020,0.52200,0.51880,0.47726,341.49934
-0.42325,0.10430,0.12926,-0.48015,0.52198,0.51885,0.47727,341.59934
-0.42325,0.10441,0.12926,-0.48010,0.52196,0.51891,0.47728,341.69934
-0.42325,0.10453,0.12926,-0.48004,0.52194,0.51896,0.47730,341.79934
-0.42325,0.10466,0.12926,-0.47999,0.52193,0.51901,0.47731,341.89935
-0.42325,0.10480,0.12926,-0.47994,0.52191,0.51907,0.47733,341.99935
-0.42325,0.10496,0.12926,-0.47988,0.52189,0.51912,0.47734,342.09935
-0.42325,0.10512,0.12926,-0.47983,0.52187,0.51918,0.47735,342.19935
-0.42325,0.10529,0.12926,-0.47978,0.52185,0.51923,0.47737,342.29935
-0.42325,0.10546,0.12926,-0.47972,0.52184,0.51929,0.47738,342.39935
-0.42325,0.10565,0.12926,-0.47967,0.52182,0.51934,0.47740,342.49935
-0.42325,0.10584,0.12926,-0.47962,0.52180,0.51940,0.47741,342.59935
-0.42325,0.10604,0.12926,-0.47957,0.52178,0.51945,0.47742,342.69936
-0.42325,0.10625,0.12926,-0.47951,0.52176,0.51950,0.47744,342.79936
-0.42325,0.10646,0.12926,-0.47946,0.52174,0.51956,0.47745,342.89936
-0.42325,0.10668,0.12926,-0.47941,0.52173,0.51961,0.47747,342.99936
-0.42325,0.10691,0.12926,-0.47935,0.52171,0.51967,0.47748,343.09936
-0.42325,0.10713,0.12926,-0.47930,0.52169,0.51972,0.47749,343.19936
-0.42325,0.10737,0.12925,-0.47925,0.52167,0.51978,0.47751,343.29936
-0.42325,0.10760,0.12925,-0.47919,0.52165,0.51983,0.47752,343.39936
-0.42325,0.10784,0.12925,-0.47914,0.52163,0.51989,0.47753,343.49936
-0.42325,0.10807,0.12925,-0.47909,0.52162,0.51994,0.47755,343.59936
-0.42325,0.10831,0.12925,-0.47903,0.52160,0.52000,0.47756,343.69936
-0.42325,0.10855,0.12925,-0.47898,0.52158,0.52005,0.47758,343.79936
-0.42325,0.10878,0.12925,-0.47893,0.52156,0.52010,0.47759,343.89936
-0.42325,0.10902,0.12925,-0.47888,0.52154,0.52016,0.47760,343.99936
-0.42325,0.10925,0.12925,-0.47882,0.52152,0.52021,0.47762,344.09936
-0.42325,0.10948,0.12925,-0.47877,0.52151,0.52027,0.47763,344.19936
-0.42325,0.10971,0.12925,-0.47872,0.52149,0.52032,0.47765,344.29936
-0.42325,0.10993,0.12925,-0.47866,0.52147,0.52038,0.47766,344.39937
-0.42325,0.11014,0.12925,-0.47861,0.52145,0.52043,0.47767,344.49937
-0.42325,0.11035,0.12925,-0.47856,0.52143,0.52049,0.47769,344.59937
-0.42325,0.11056,0.12925,-0.47850,0.52141,0.52054,0.47770,344.69937
-0.42325,0.11076,0.12925,-0.47845,0.52140,0.52059,0.47772,344.79937
-0.42325,0.11095,0.12925,-0.47840,0.52138,0.52065,0.47773,344.89937
-0.42325,0.11113,0.12925,-0.47834,0.52136,0.52070,0.47774,344.99937
-0.42325,0.11130,0.12925,-0.47829,0.52134,0.52076,0.47776,345.09937
-0.42325,0.11147,0.12925,-0.47824,0.52132,0.52081,0.47777,345.19937
-0.42325,0.11162,0.12925,-0.47819,0.52130,0.52087,0.47778,345.29937
-0.42325,0.11177,0.12925,-0.47813,0.52129,0.52092,0.47780,345.39937
-0.42325,0.11191,0.12925,-0.47808,0.52127,0.52098,0.47781,345.49937
-0.42325,0.11204,0.12925,-0.47803,0.52125,0.52103,0.47783,345.59937
-0.42325,0.11215,0.12925,-0.47797,0.52123,0.52109,0.47784,345.69937
-0.42325,0.11226,0.12925,-0.47792,0.52121,0.52114,0.47785,345.79937
-0.42325,0.11236,0.12925,-0.47787,0.52119,0.52119,0.47787,345.89937
-0.42325,0.11245,0.12925,-0.47781,0.52118,0.52125,0.47788,345.99937
-0.42325,0.11253,0.12925,-0.47776,0.52116,0.52130,0.47789,346.09937
-0.42325,0.11260,0.12925,-0.47771,0.52114,0.52136,0.47791,346.19937
-0.42325,0.11265,0.12925,-0.47765,0.52112,0.52141,0.47792,346.29937
-0.42325,0.11270,0.12925,-0.47760,0.52110,0.52147,0.47794,346.39937
-0.42325,0.11274,0.12925,-0.47755,0.52108,0.52152,0.47795,346.49937
-0.42325,0.11278,0.12925,-0.47750,0.52106,0.52158,0.47796,346.59937
-0.42325,0.11280,0.12925,-0.47744,0.52105,0.52163,0.47798,346.69937
-0.42325,0.11281,0.12925,-0.47739,0.52103,0.52168,0.47799,346.79937
-0.42325,0.11282,0.12925,-0.47734,0.52101,0.52174,0.47800,346.89937
-0.42325,0.11282,0.12925,-0.47728,0.52099,0.52179,0.47802,346.99937
-0.42325,0.11282,0.12925,-0.47723,0.52097,0.52185,0.47803,347.09937
-0.42325,0.11280,0.12925,-0.47718,0.52095,0.52190,0.47805,347.19937
-0.42325,0.11279,0.12925,-0.47712,0.52094,0.52196,0.47806,347.29937
-0.42325,0.11276,0.12925,-0.47707,0.52092,0.52201,0.47807,347.39937
-0.42325,0.11274,0.12925,-0.47702,0.52090,0.52207,0.47809,347.49937
-0.42325,0.11271,0.12925,-0.47696,0.52088,0.52212,0.47810,347.59937
-0.42325,0.11268,0.12925,-0.47691,0.52086,0.52217,0.47811,347.69937
-0.42325,0.11264,0.12925,-0.47686,0.52084,0.52223,0.47813,347.79937
-0.42325,0.11261,0.12925,-0.47680,0.52082,0.52228,0.47814,347.89937
-0.42325,0.11257,0.12925,-0.47675,0.52081,0.52234,0.47815,347.99937
-0.42325,0.11253,0.12925,-0.47670,0.52079,0.52239,0.47817,348.09937
-0.42325,0.11250,0.12925,-0.47665,0.52077,0.52245,0.47818,348.19937
-0.42325,0.11247,0.12925,-0.47659,0.52075,0.52250,0.47820,348.29937
-0.42325,0.11244,0.12925,-0.47654,0.52073,0.52256,0.47821,348.39937
-0.42325,0.11241,0.12925,-0.47649,0.52071,0.52261,0.47822,348.49937
-0.42325,0.11238,0.12926,-0.47643,0.52069,0.52267,0.47824,348.59937
-0.42325,0.11236,0.12926,-0.47638,0.52068,0.52272,0.47825,348.69937
-0.42325,0.11235,0.12926,-0.47633,0.52066,0.52277,0.47826,348.79937
-0.42325,0.11234,0.12926,-0.47627,0.52064,0.52283,0.47828,348.89938
-0.42325,0.11234,0.12926,-0.47622,0.52062,0.52288,0.47829,348.99938
-0.42325,0.11234,0.12926,-0.47617,0.52060,0.52294,0.47830,349.09938
-0.42325,0.11235,0.12926,-0.47611,0.52058,0.52299,0.47832,349.19938
-0.42325,0.11237,0.12926,-0.47606,0.52056,0.52305,0.47833,349.29938
-0.42325,0.11240,0.12926,-0.47601,0.52055,0.52310,0.47834,349.39938
-0.42325,0.11243,0.12926,-0.47596,0.52053,0.52315,0.47836,349.49938
-0.42325,0.11247,0.12926,-0.47590,0.52051,0.52321,0.47837,349.59938
-0.42325,0.11253,0.12926,-0.47585,0.52049,0.52326,0.47839,349.69938
-0.42325,0.11259,0.12926,-0.47580,0.52047,0.52332,0.47840,349.79939
-0.42325,0.11266,0.12926,-0.47574,0.52045,0.52337,0.47841,349.89939
-0.42325,0.11274,0.12926,-0.47569,0.52043,0.52343,0.47843,349.99939
-0.42325,0.11284,0.12926,-0.47564,0.52042,0.52348,0.47844,350.09939
-0.42325,0.11294,0.12926,-0.47558,0.52040,0.52354,0.47845,350.19939
-0.42325,0.11305,0.12926,-0.47553,0.52038,0.52359,0.47847,350.29939
-0.42325,0.11317,0.12926,-0.47548,0.52036,0.52364,0.47848,350.39940
-0.42325,0.11330,0.12926,-0.47542,0.52034,0.52370,0.47849,350.49940
-0.42325,0.11344,0.12927,-0.47537,0.52032,0.52375,0.47851,350.59940
-0.42325,0.11359,0.12927,-0.47532,0.52030,0.52381,0.47852,350.69940
-0.42325,0.11375,0.12927,-0.47527,0.52029,0.52386,0.47853,350.79940
-0.42325,0.11392,0.12927,-0.47521,0.52027,0.52392,0.47855,350.89941
-0.42325,0.11410,0.12927,-0.47516,0.52025,0.52397,0.47856,350.99941
-0.42325,0.11428,0.12927,-0.47511,0.52023,0.52403,0.47857,351.09941
-0.42325,0.11447,0.12927,-0.47505,0.52021,0.52408,0.47859,351.19941
-0.42325,0.11467,0.12927,-0.47500,0.52019,0.52413,0.47860,351.29942
-0.42325,0.11487,0.12927,-0.47495,0.52017,0.52419,0.47861,351.39942
-0.42325,0.11508,0.12927,-0.47489,0.52015,0.52424,0.47863,351.49942
-0.42325,0.11530,0.12927,-0.47484,0.52014,0.52430,0.47864,351.59943
-0.42325,0.11552,0.12927,-0.47479,0.52012,0.52435,0.47865,351.69943
-0.42325,0.11574,0.12927,-0.47474,0.52010,0.52441,0.47867,351.79943
-0.42325,0.11597,0.12928,-0.47468,0.52008,0.52446,0.47868,351.89944
-0.42325,0.11620,0.12928,-0.47463,0.52006,0.52451,0.47869,351.99944
-0.42325,0.11644,0.12928,-0.47458,0.52004,0.52457,0.47871,352.09944
-0.42325,0.11667,0.12928,-0.47452,0.52002,0.52462,0.47872,352.19945
-0.42325,0.11690,0.12928,-0.47447,0.52001,0.52468,0.47873,352.29945
-0.42325,0.11714,0.12928,-0.47442,0.51999,0.52473,0.47875,352.39946
-0.42325,0.11737,0.12928,-0.47436,0.51997,0.52479,0.47876,352.49946
-0.42325,0.11760,0.12928,-0.47431,0.51995,0.52484,0.47877,352.59946
-0.42325,0.11783,0.12928,-0.47426,0.51993,0.52489,0.47879,352.69947
-0.42325,0.11806,0.12928,-0.47421,0.51991,0.52495,0.47880,352.79947
-0.42325,0.11828,0.12928,-0.47415,0.51989,0.52500,0.47881,352.89948
-0.42325,0.11850,0.12929,-0.47410,0.51987,0.52506,0.47883,352.99948
-0.42325,0.11871,0.12929,-0.47405,0.51986,0.52511,0.47884,353.09949
-0.42325,0.11892,0.12929,-0.47399,0.51984,0.52517,0.47885,353.19949
-0.42325,0.11913,0.12929,-0.47394,0.51982,0.52522,0.47887,353.29950
-0.42325,0.11932,0.12929,-0.47389,0.51980,0.52527,0.47888,353.39950
-0.42325,0.11951,0.12929,-0.47384,0.51978,0.52533,0.47889,353.49951
-0.42325,0.11969,0.12929,-0.47378,0.51976,0.52538,0.47890,353.59951
-0.42325,0.11986,0.12929,-0.47373,0.51974,0.52544,0.47892,353.69952
-0.42325,0.12003,0.12929,-0.47368,0.51973,0.52549,0.47893,353.79953
-0.42325,0.12018,0.12929,-0.47362,0.51971,0.52555,0.47894,353.89953
-0.42325,0.12033,0.12930,-0.47357,0.51969,0.52560,0.47896,353.99954
-0.42325,0.12047,0.12930,-0.47352,0.51967,0.52565,0.47897,354.09955
-0.42325,0.12059,0.12930,-0.47346,0.51965,0.52571,0.47898,354.19955
-0.42325,0.12071,0.12930,-0.47341,0.51963,0.52576,0.47900,354.29956
-0.42325,0.12082,0.12930,-0.47336,0.51961,0.52582,0.47901,354.39957
-0.42325,0.12092,0.12930,-0.47331,0.51959,0.52587,0.47902,354.49957
-0.42325,0.12101,0.12930,-0.47325,0.51958,0.52592,0.47904,354.59958
-0.42325,0.12108,0.12930,-0.47320,0.51956,0.52598,0.47905,354.69959
-0.42325,0.12115,0.12931,-0.47315,0.51954,0.52603,0.47906,354.79960
-0.42325,0.12121,0.12931,-0.47309,0.51952,0.52609,0.47907,354.89960
-0.42325,0.12127,0.12931,-0.47304,0.51950,0.52614,0.47909,354.99961
-0.42325,0.12131,0.12931,-0.47299,0.51948,0.52620,0.47910,355.09962
-0.42325,0.12134,0.12931,-0.47294,0.51946,0.52625,0.47911,355.19963
-0.42325,0.12137,0.12931,-0.47288,0.51945,0.52630,0.47913,355.29964
-0.42325,0.12138,0.12931,-0.47283,0.51943,0.52636,0.47914,355.39965
-0.42325,0.12139,0.12931,-0.47278,0.51941,0.52641,0.47915,355.49965
-0.42325,0.12140,0.12932,-0.47272,0.51939,0.52647,0.47917,355.59966
-0.42325,0.12139,0.12932,-0.47267,0.51937,0.52652,0.47918,355.69967
-0.42325,0.12138,0.12932,-0.47262,0.51935,0.52657,0.47919,355.79968
-0.42325,0.12137,0.12932,-0.47257,0.51933,0.52663,0.47920,355.89969
-0.42325,0.12135,0.12932,-0.47251,0.51931,0.52668,0.47922,355.99970
-0.42325,0.12133,0.12932,-0.47246,0.51930,0.52674,0.47923,356.09971
-0.42325,0.12130,0.12932,-0.47241,0.51928,0.52679,0.47924,356.19972
-0.42325,0.12127,0.12933,-0.47235,0.51926,0.52684,0.47926,356.29973
-0.42325,0.12124,0.12933,-0.47230,0.51924,0.52690,0.47927,356.39974
-0.42325,0.12121,0.12933,-0.47225,0.51922,0.52695,0.47928,356.49975
-0.42325,0.12117,0.12933,-0.47220,0.51920,0.52701,0.47929,356.59976
-0.42325,0.12114,0.12933,-0.47214,0.51918,0.52706,0.47931,356.69978
-0.42325,0.12111,0.12933,-0.47209,0.51917,0.52711,0.47932,356.79979
-0.42325,0.12108,0.12933,-0.47204,0.51915,0.52717,0.47933,356.89980
-0.42325,0.12105,0.12934,-0.47199,0.51913,0.52722,0.47934,356.99981
-0.42325,0.12103,0.12934,-0.47193,0.51911,0.52728,0.47936,357.09982
-0.42325,0.12100,0.12934,-0.47188,0.51909,0.52733,0.47937,357.19983
-0.42325,0.12099,0.12934,-0.47183,0.51907,0.52738,0.47938,357.29985
-0.42325,0.12097,0.12934,-0.47177,0.51905,0.52744,0.47940,357.39986
-0.42325,0.12097,0.12934,-0.47172,0.51904,0.52749,0.47941,357.49987
-0.42325,0.12097,0.12935,-0.47167,0.51902,0.52755,0.47942,357.59989
-0.42325,0.12097,0.12935,-0.47162,0.51900,0.52760,0.47943,357.69990
-0.42325,0.12098,0.12935,-0.47156,0.51898,0.52765,0.47945,357.79991
-0.42325,0.12100,0.12935,-0.47151,0.51896,0.52771,0.47946,357.89993
-0.42325,0.12103,0.12935,-0.47146,0.51894,0.52776,0.47947,357.99994
-0.42325,0.12107,0.12935,-0.47141,0.51892,0.52782,0.47948,358.09996
-0.42325,0.12111,0.12936,-0.47135,0.51890,0.52787,0.47950,358.19997
-0.42325,0.12117,0.12936,-0.47130,0.51889,0.52792,0.47951,358.29998
-0.42325,0.12123,0.12936,-0.47125,0.51887,0.52798,0.47952,358.40000
-0.42325,0.12130,0.12936,-0.47120,0.51885,0.52803,0.47953,358.50002
-0.42325,0.12139,0.12936,-0.47114,0.51883,0.52809,0.47955,358.60003
-0.42325,0.12148,0.12936,-0.47109,0.51881,0.52814,0.47956,358.70005
-0.42325,0.12158,0.12937,-0.47104,0.51879,0.52819,0.47957,358.80006
-0.42325,0.12169,0.12937,-0.47098,0.51877,0.52825,0.47958,358.90008
-0.42325,0.12181,0.12937,-0.47093,0.51876,0.52830,0.47960,359.00010
-0.42325,0.12194,0.12937,-0.47088,0.51874,0.52835,0.47961,359.10011
-0.42325,0.12208,0.12937,-0.47083,0.51872,0.52841,0.47962,359.20013
-0.42325,0.12223,0.12938,-0.47077,0.51870,0.52846,0.47963,359.30015
-0.42325,0.12239,0.12938,-0.47072,0.51868,0.52852,0.47965,359.40016
-0.42325,0.12255,0.12938,-0.47067,0.51866,0.52857,0.47966,359.50018
-0.42325,0.12273,0.12938,-0.47062,0.51864,0.52862,0.47967,359.60020
-0.42325,0.12291,0.12938,-0.47056,0.51863,0.52868,0.47968,359.70022
-0.42325,0.12310,0.12938,-0.47051,0.51861,0.52873,0.47970,359.80024
-0.42325,0.12329,0.12939,-0.47046,0.51859,0.52878,0.47971,359.90026
-0.42325,0.12349,0.12939,-0.47041,0.51857,0.52884,0.47972,360.00027
-0.42325,0.12370,0.12939,-0.47035,0.51855,0.52889,0.47973,360.10029
-0.42325,0.12392,0.12939,-0.47030,0.51853,0.52895,0.47975,360.20031
-0.42325,0.12413,0.12939,-0.47025,0.51851,0.52900,0.47976,360.30033
-0.42325,0.12435,0.12940,-0.47020,0.51850,0.52905,0.47977,360.40035
-0.42325,0.12458,0.12940,-0.47014,0.51848,0.52911,0.47978,360.50037
-0.42325,0.12481,0.12940,-0.47009,0.51846,0.52916,0.47979,360.60039
-0.42325,0.12504,0.12940,-0.47004,0.51844,0.52921,0.47981,360.70042
-0.42325,0.12527,0.12940,-0.46999,0.51842,0.52927,0.47982,360.80044
-0.42325,0.12550,0.12941,-0.46993,0.51840,0.52932,0.47983,360.90046
-0.42325,0.12573,0.12941,-0.46988,0.51838,0.52937,0.47984,361.00048
-0.42325,0.12596,0.12941,-0.46983,0.51837,0.52943,0.47986,361.10050
-0.42325,0.12619,0.12941,-0.46978,0.51835,0.52948,0.47987,361.20052
-0.42325,0.12642,0.12942,-0.46973,0.51833,0.52954,0.47988,361.30055
-0.42325,0.12664,0.12942,-0.46967,0.51831,0.52959,0.47989,361.40057
-0.42325,0.12686,0.12942,-0.46962,0.51829,0.52964,0.47990,361.50059
-0.42325,0.12708,0.12942,-0.46957,0.51827,0.52970,0.47992,361.60062
-0.42325,0.12729,0.12942,-0.46952,0.51826,0.52975,0.47993,361.70064
-0.42325,0.12749,0.12943,-0.46946,0.51824,0.52980,0.47994,361.80067
-0.42325,0.12769,0.12943,-0.46941,0.51822,0.52986,0.47995,361.90069
-0.42325,0.12789,0.12943,-0.46936,0.51820,0.52991,0.47996,362.00071
-0.42325,0.12807,0.12943,-0.46931,0.51818,0.52996,0.47998,362.10074
-0.42325,0.12825,0.12944,-0.46925,0.51816,0.53002,0.47999,362.20077
-0.42325,0.12842,0.12944,-0.46920,0.51814,0.53007,0.48000,362.30079
-0.42325,0.12859,0.12944,-0.46915,0.51813,0.53012,0.48001,362.40082
-0.42325,0.12874,0.12944,-0.46910,0.51811,0.53018,0.48002,362.50084
-0.42325,0.12889,0.12944,-0.46905,0.51809,0.53023,0.48004,362.60087
-0.42325,0.12902,0.12945,-0.46899,0.51807,0.53028,0.48005,362.70090
-0.42325,0.12915,0.12945,-0.46894,0.51805,0.53034,0.48006,362.80092
-0.42325,0.12927,0.12945,-0.46889,0.51803,0.53039,0.48007,362.90095
-0.42325,0.12938,0.12945,-0.46884,0.51802,0.53044,0.48008,363.00098
-0.42325,0.12947,0.12946,-0.46878,0.51800,0.53050,0.48010,363.10101
-0.42325,0.12956,0.12946,-0.46873,0.51798,0.53055,0.48011,363.20104
-0.42325,0.12964,0.12946,-0.46868,0.51796,0.53060,0.48012,363.30107
-0.42325,0.12971,0.12946,-0.46863,0.51794,0.53066,0.48013,363.40110
-0.42325,0.12978,0.12947,-0.46858,0.51792,0.53071,0.48014,363.50112
-0.42325,0.12983,0.12947,-0.46852,0.51791,0.53076,0.48016,363.60115
-0.42325,0.12987,0.12947,-0.46847,0.51789,0.53082,0.48017,363.70118
-0.42325,0.12991,0.12947,-0.46842,0.51787,0.53087,0.48018,363.80122
-0.42325,0.12993,0.12948,-0.46837,0.51785,0.53092,0.48019,363.90125
-0.42325,0.12995,0.12948,-0.46831,0.51783,0.53098,0.48020,364.00128
-0.42325,0.12997,0.12948,-0.46826,0.51781,0.53103,0.48021,364.10131
-0.42325,0.12997,0.12948,-0.46821,0.51780,0.53108,0.48023,364.20134
-0.42325,0.12997,0.12949,-0.46816,0.51778,0.53114,0.48024,364.30137
-0.42325,0.12996,0.12949,-0.46811,0.51776,0.53119,0.48025,364.40141
-0.42325,0.12995,0.12949,-0.46805,0.51774,0.53124,0.48026,364.50144
-0.42325,0.12994,0.12949,-0.46800,0.51772,0.53130,0.48027,364.60147
-0.42325,0.12991,0.12950,-0.46795,0.51770,0.53135,0.48028,364.70151
-0.42325,0.12989,0.12950,-0.46790,0.51769,0.53140,0.48030,364.80154
-0.42325,0.12987,0.12950,-0.46785,0.51767,0.53146,0.48031,364.90157
-0.42325,0.12984,0.12950,-0.46779,0.51765,0.53151,0.48032,365.00161
-0.42325,0.12981,0.12951,-0.46774,0.51763,0.53156,0.48033,365.10164
-0.42325,0.12978,0.12951,-0.46769,0.51761,0.53161,0.48034,365.20168
-0.42325,0.12975,0.12951,-0.46764,0.51759,0.53167,0.48035,365.30172
-0.42325,0.12972,0.12951,-0.46759,0.51758,0.53172,0.48036,365.40175
-0.42325,0.12969,0.12952,-0.46753,0.51756,0.53177,0.48038,365.50179
-0.42325,0.12967,0.12952,-0.46748,0.51754,0.53183,0.48039,365.60183
-0.42325,0.12964,0.12952,-0.46743,0.51752,0.53188,0.48040,365.70186
-0.42325,0.12963,0.12953,-0.46738,0.51750,0.53193,0.48041,365.80190
-0.42325,0.12961,0.12953,-0.46733,0.51749,0.53199,0.48042,365.90194
-0.42325,0.12960,0.12953,-0.46728,0.51747,0.53204,0.48043,366.00198
-0.42325,0.12960,0.12953,-0.46722,0.51745,0.53209,0.48044,366.10202
-0.42325,0.12960,0.12954,-0.46717,0.51743,0.53214,0.48046,366.20205
-0.42325,0.12960,0.12954,-0.46712,0.51741,0.53220,0.48047,366.30209
-0.42325,0.12962,0.12954,-0.46707,0.51739,0.53225,0.48048,366.40213
-0.42325,0.12964,0.12954,-0.46702,0.51738,0.53230,0.48049,366.50217
-0.42325,0.12967,0.12955,-0.46696,0.51736,0.53236,0.48050,366.60221
-0.42325,0.12971,0.12955,-0.46691,0.51734,0.53241,0.48051,366.70226
-0.42325,0.12975,0.12955,-0.46686,0.51732,0.53246,0.48052,366.80230
-0.42325,0.12981,0.12956,-0.46681,0.51730,0.53251,0.48053,366.90234
-0.42325,0.12987,0.12956,-0.46676,0.51729,0.53257,0.48055,367.00238
-0.42325,0.12994,0.12956,-0.46671,0.51727,0.53262,0.48056,367.10242
-0.42325,0.13003,0.12957,-0.46665,0.51725,0.53267,0.48057,367.20247
-0.42325,0.13012,0.12957,-0.46660,0.51723,0.53273,0.48058,367.30251
-0.42325,0.13022,0.12957,-0.46655,0.51721,0.53278,0.48059,367.40255
-0.42325,0.13033,0.12957,-0.46650,0.51720,0.53283,0.48060,367.50260
-0.42325,0.13045,0.12958,-0.46645,0.51718,0.53288,0.48061,367.60264
-0.42325,0.13058,0.12958,-0.46640,0.51716,0.53294,0.48062,367.70269
-0.42325,0.13072,0.12958,-0.46634,0.51714,0.53299,0.48063,367.80273
-0.42325,0.13086,0.12959,-0.46629,0.51712,0.53304,0.48065,367.90278
-0.42325,0.13102,0.12959,-0.46624,0.51711,0.53309,0.48066,368.00282
-0.42325,0.13118,0.12959,-0.46619,0.51709,0.53315,0.48067,368.10287
-0.42325,0.13136,0.12960,-0.46614,0.51707,0.53320,0.48068,368.20292
-0.42325,0.13154,0.12960,-0.46609,0.51705,0.53325,0.48069,368.30297
-0.42325,0.13172,0.12960,-0.46603,0.51703,0.53331,0.48070,368.40301
-0.42325,0.13192,0.12960,-0.46598,0.51702,0.53336,0.48071,368.50306
-0.42325,0.13211,0.12961,-0.46593,0.51700,0.53341,0.48072,368.60311
-0.42325,0.13232,0.12961,-0.46588,0.51698,0.53346,0.48073,368.70316
-0.42325,0.13253,0.12961,-0.46583,0.51696,0.53352,0.48074,368.80321
-0.42325,0.13275,0.12962,-0.46578,0.51694,0.53357,0.48076,368.90326
-0.42325,0.13296,0.12962,-0.46573,0.51693,0.53362,0.48077,369.00331
-0.42325,0.13319,0.12962,-0.46567,0.51691,0.53367,0.48078,369.10336
-0.42325,0.13341,0.12963,-0.46562,0.51689,0.53373,0.48079,369.20341
-0.42325,0.13364,0.12963,-0.46557,0.51687,0.53378,0.48080,369.30346
-0.42325,0.13386,0.12963,-0.46552,0.51686,0.53383,0.48081,369.40351
-0.42325,0.13409,0.12964,-0.46547,0.51684,0.53388,0.48082,369.50357
-0.42325,0.13432,0.12964,-0.46542,0.51682,0.53394,0.48083,369.60362
-0.42325,0.13455,0.12964,-0.46537,0.51680,0.53399,0.48084,369.70367
-0.42325,0.13478,0.12965,-0.46531,0.51678,0.53404,0.48085,369.80373
-0.42325,0.13500,0.12965,-0.46526,0.51677,0.53409,0.48086,369.90378
-0.42325,0.13522,0.12965,-0.46521,0.51675,0.53414,0.48087,370.00384
-0.42325,0.13544,0.12966,-0.46516,0.51673,0.53420,0.48088,370.10389
-0.42325,0.13565,0.12966,-0.46511,0.51671,0.53425,0.48089,370.20395
-0.42325,0.13586,0.12966,-0.46506,0.51669,0.53430,0.48090,370.30400
-0.42325,0.13606,0.12967,-0.46501,0.51668,0.53435,0.48092,370.40406
-0.42325,0.13626,0.12967,-0.46496,0.51666,0.53441,0.48093,370.50411
-0.42325,0.13645,0.12967,-0.46490,0.51664,0.53446,0.48094,370.60417
-0.42325,0.13664,0.12968,-0.46485,0.51662,0.53451,0.48095,370.70423
-0.42325,0.13682,0.12968,-0.46480,0.51661,0.53456,0.48096,370.80429
-0.42325,0.13699,0.12968,-0.46475,0.51659,0.53461,0.48097,370.90435
-0.42325,0.13715,0.12969,-0.46470,0.51657,0.53467,0.48098,371.00441
-0.42325,0.13730,0.12969,-0.46465,0.51655,0.53472,0.48099,371.10447
-0.42325,0.13745,0.12969,-0.46460,0.51654,0.53477,0.48100,371.20453
-0.42325,0.13758,0.12970,-0.46455,0.51652,0.53482,0.48101,371.30459
-0.42325,0.13771,0.12970,-0.46449,0.51650,0.53488,0.48102,371.40465
-0.42325,0.13783,0.12970,-0.46444,0.51648,0.53493,0.48103,371.50471
-0.42325,0.13793,0.12971,-0.46439,0.51647,0.53498,0.48104,371.60477
-0.42325,0.13803,0.12971,-0.46434,0.51645,0.53503,0.48105,371.70483
-0.42325,0.13812,0.12971,-0.46429,0.51643,0.53508,0.48106,371.80489
-0.42325,0.13820,0.12972,-0.46424,0.51641,0.53514,0.48107,371.90496
-0.42325,0.13828,0.12972,-0.46419,0.51640,0.53519,0.48108,372.00502
-0.42325,0.13834,0.12973,-0.46414,0.51638,0.53524,0.48109,372.10509
-0.42325,0.13839,0.12973,-0.46409,0.51636,0.53529,0.48110,372.20515
-0.42325,0.13844,0.12973,-0.46404,0.51634,0.53534,0.48111,372.30522
-0.42325,0.13847,0.12974,-0.46398,0.51633,0.53540,0.48112,372.40528
-0.42325,0.13850,0.12974,-0.46393,0.51631,0.53545,0.48113,372.50535
-0.42325,0.13852,0.12974,-0.46388,0.51629,0.53550,0.48114,372.60541
-0.42325,0.13854,0.12975,-0.46383,0.51627,0.53555,0.48115,372.70548
-0.42325,0.13855,0.12975,-0.46378,0.51626,0.53560,0.48116,372.80555
-0.42325,0.13855,0.12975,-0.46373,0.51624,0.53565,0.48117,372.90562
-0.42325,0.13854,0.12976,-0.46368,0.51622,0.53571,0.48118,373.00568
-0.42325,0.13853,0.12976,-0.46363,0.51620,0.53576,0.48119,373.10575
-0.42325,0.13852,0.12977,-0.46358,0.51619,0.53581,0.48120,373.20582
-0.42325,0.13850,0.12977,-0.46353,0.51617,0.53586,0.48121,373.30589
-0.42325,0.13848,0.12977,-0.46348,0.51615,0.53591,0.48122,373.40596
-0.42325,0.13846,0.12978,-0.46343,0.51613,0.53597,0.48123,373.50603
-0.42325,0.13843,0.12978,-0.46337,0.51612,0.53602,0.48124,373.60610
-0.42325,0.13841,0.12978,-0.46332,0.51610,0.53607,0.48125,373.70618
-0.42325,0.13838,0.12979,-0.46327,0.51608,0.53612,0.48126,373.80625
-0.42325,0.13835,0.12979,-0.46322,0.51606,0.53617,0.48127,373.90632
-0.42325,0.13833,0.12980,-0.46317,0.51605,0.53622,0.48128,374.00639
-0.42325,0.13830,0.12980,-0.46312,0.51603,0.53627,0.48129,374.10647
-0.42325,0.13828,0.12980,-0.46307,0.51601,0.53633,0.48130,374.20654
-0.42325,0.13826,0.12981,-0.46302,0.51600,0.53638,0.48131,374.30662
-0.42325,0.13825,0.12981,-0.46297,0.51598,0.53643,0.48132,374.40669
-0.42325,0.13823,0.12982,-0.46292,0.51596,0.53648,0.48133,374.50677
-0.42325,0.13823,0.12982,-0.46287,0.51594,0.53653,0.48134,374.60685
-0.42325,0.13822,0.12982,-0.46282,0.51593,0.53658,0.48135,374.70692
-0.42325,0.13823,0.12983,-0.46277,0.51591,0.53664,0.48136,374.80700
-0.42325,0.13824,0.12983,-0.46272,0.51589,0.53669,0.48137,374.90708
-0.42325,0.13825,0.12983,-0.46267,0.51588,0.53674,0.48138,375.00716
-0.42325,0.13827,0.12984,-0.46262,0.51586,0.53679,0.48139,375.10723
-0.42325,0.13831,0.12984,-0.46257,0.51584,0.53684,0.48140,375.20731
-0.42325,0.13834,0.12985,-0.46252,0.51582,0.53689,0.48141,375.30739
-0.42325,0.13839,0.12985,-0.46246,0.51581,0.53694,0.48142,375.40747
-0.42325,0.13845,0.12985,-0.46241,0.51579,0.53699,0.48142,375.50756
-0.42325,0.13851,0.12986,-0.46236,0.51577,0.53705,0.48143,375.60764
-0.42325,0.13858,0.12986,-0.46231,0.51576,0.53710,0.48144,375.70772
-0.42325,0.13867,0.12987,-0.46226,0.51574,0.53715,0.48145,375.80780
-0.42325,0.13876,0.12987,-0.46221,0.51572,0.53720,0.48146,375.90788
-0.42325,0.13886,0.12988,-0.46216,0.51571,0.53725,0.48147,376.00797
-0.42325,0.13897,0.12988,-0.46211,0.51569,0.53730,0.48148,376.10805
-0.42325,0.13909,0.12988,-0.46206,0.51567,0.53735,0.48149,376.20814
-0.42325,0.13922,0.12989,-0.46201,0.51565,0.53740,0.48150,376.30822
-0.42325,0.13935,0.12989,-0.46196,0.51564,0.53746,0.48151,376.40831
-0.42325,0.13950,0.12990,-0.46191,0.51562,0.53751,0.48152,376.50839
-0.42325,0.13965,0.12990,-0.46186,0.51560,0.53756,0.48153,376.60848
-0.42325,0.13981,0.12990,-0.46181,0.51559,0.53761,0.48154,376.70857
-0.42325,0.13998,0.12991,-0.46176,0.51557,0.53766,0.48155,376.80865
-0.42325,0.14016,0.12991,-0.46171,0.51555,0.53771,0.48155,376.90874
-0.42325,0.14035,0.12992,-0.46166,0.51554,0.53776,0.48156,377.00883
-0.42325,0.14054,0.12992,-0.46161,0.51552,0.53781,0.48157,377.10892
-0.42325,0.14074,0.12993,-0.46156,0.51550,0.53786,0.48158,377.20901
-0.42325,0.14094,0.12993,-0.46151,0.51549,0.53791,0.48159,377.30910
-0.42325,0.14115,0.12993,-0.46146,0.51547,0.53797,0.48160,377.40919
-0.42325,0.14136,0.12994,-0.46141,0.51545,0.53802,0.48161,377.50928
-0.42325,0.14157,0.12994,-0.46136,0.51544,0.53807,0.48162,377.60938
-0.42325,0.14179,0.12995,-0.46131,0.51542,0.53812,0.48163,377.70947
-0.42325,0.14201,0.12995,-0.46126,0.51540,0.53817,0.48164,377.80956
-0.42325,0.14224,0.12996,-0.46121,0.51539,0.53822,0.48164,377.90966
-0.42325,0.14246,0.12996,-0.46116,0.51537,0.53827,0.48165,378.00975
-0.42325,0.14269,0.12996,-0.46111,0.51535,0.53832,0.48166,378.10984
-0.42325,0.14291,0.12997,-0.46106,0.51534,0.53837,0.48167,378.20994
-0.42325,0.14314,0.12997,-0.46101,0.51532,0.53842,0.48168,378.31004
-0.42325,0.14336,0.12998,-0.46096,0.51530,0.53847,0.48169,378.41013
-0.42325,0.14358,0.12998,-0.46091,0.51529,0.53852,0.48170,378.51023
-0.42325,0.14380,0.12999,-0.46086,0.51527,0.53857,0.48171,378.61033
-0.42325,0.14402,0.12999,-0.46081,0.51525,0.53863,0.48171,378.71042
-0.42325,0.14423,0.12999,-0.46076,0.51524,0.53868,0.48172,378.81052
-0.42325,0.14443,0.13000,-0.46071,0.51522,0.53873,0.48173,378.91062
-0.42325,0.14464,0.13000,-0.46066,0.51520,0.53878,0.48174,379.01072
-0.42325,0.14483,0.13001,-0.46061,0.51519,0.53883,0.48175,379.11082
-0.42325,0.14502,0.13001,-0.46056,0.51517,0.53888,0.48176,379.21092
-0.42325,0.14520,0.13002,-0.46051,0.51515,0.53893,0.48177,379.31103
-0.42325,0.14538,0.13002,-0.46046,0.51514,0.53898,0.48177,379.41113
-0.42325,0.14555,0.13003,-0.46041,0.51512,0.53903,0.48178,379.51123
-0.42325,0.14571,0.13003,-0.46037,0.51511,0.53908,0.48179,379.61133
-0.42325,0.14586,0.13004,-0.46032,0.51509,0.53913,0.48180,379.71144
-0.42325,0.14601,0.13004,-0.46027,0.51507,0.53918,0.48181,379.81154
-0.42325,0.14614,0.13004,-0.46022,0.51506,0.53923,0.48182,379.91165
-0.42325,0.14627,0.13005,-0.46017,0.51504,0.53928,0.48183,380.01175
-0.42325,0.14639,0.13005,-0.46012,0.51502,0.53933,0.48183,380.11186
-0.42325,0.14649,0.13006,-0.46007,0.51501,0.53938,0.48184,380.21196
-0.42325,0.14659,0.13006,-0.46002,0.51499,0.53943,0.48185,380.31207
-0.42325,0.14668,0.13007,-0.45997,0.51498,0.53948,0.48186,380.41218
-0.42325,0.14676,0.13007,-0.45992,0.51496,0.53953,0.48187,380.51229
-0.42325,0.14684,0.13008,-0.45987,0.51494,0.53958,0.48188,380.61240
-0.42325,0.14690,0.13008,-0.45982,0.51493,0.53963,0.48188,380.71251
-0.42325,0.14696,0.13009,-0.45977,0.51491,0.53968,0.48189,380.81262
-0.42325,0.14700,0.13009,-0.45972,0.51489,0.53973,0.48190,380.91273
-0.42325,0.14704,0.13010,-0.45967,0.51488,0.53978,0.48191,381.01284
-0.42325,0.14707,0.13010,-0.45962,0.51486,0.53983,0.48192,381.11295
-0.42325,0.14710,0.13011,-0.45957,0.51485,0.53988,0.48192,381.21306
-0.42325,0.14711,0.13011,-0.45953,0.51483,0.53993,0.48193,381.31318
-0.42325,0.14712,0.13011,-0.45948,0.51481,0.53998,0.48194,381.41329
-0.42325,0.14713,0.13012,-0.45943,0.51480,0.54003,0.48195,381.51340
-0.42325,0.14712,0.13012,-0.45938,0.51478,0.54008,0.48196,381.61352
-0.42325,0.14712,0.13013,-0.45933,0.51477,0.54013,0.48196,381.71363
-0.42325,0.14711,0.13013,-0.45928,0.51475,0.54018,0.48197,381.81375
-0.42325,0.14709,0.13014,-0.45923,0.51473,0.54023,0.48198,381.91387
-0.42325,0.14707,0.13014,-0.45918,0.51472,0.54028,0.48199,382.01398
-0.42325,0.14705,0.13015,-0.45913,0.51470,0.54033,0.48200,382.11410
-0.42325,0.14703,0.13015,-0.45908,0.51469,0.54038,0.48200,382.21422
-0.42325,0.14701,0.13016,-0.45903,0.51467,0.54043,0.48201,382.31434
-0.42325,0.14698,0.13016,-0.45899,0.51466,0.54048,0.48202,382.41446
-0.42325,0.14696,0.13017,-0.45894,0.51464,0.54053,0.48203,382.51458
-0.42325,0.14694,0.13017,-0.45889,0.51462,0.54058,0.48203,382.61470
-0.42325,0.14692,0.13018,-0.45884,0.51461,0.54063,0.48204,382.71482
-0.42325,0.14690,0.13018,-0.45879,0.51459,0.54068,0.48205,382.81494
-0.42325,0.14688,0.13019,-0.45874,0.51458,0.54073,0.48206,382.91507
-0.42325,0.14686,0.13019,-0.45869,0.51456,0.54078,0.48206,383.01519
-0.42325,0.14685,0.13020,-0.45864,0.51454,0.54083,0.48207,383.11531
-0.42325,0.14685,0.13020,-0.45859,0.51453,0.54088,0.48208,383.21544
-0.42325,0.14685,0.13021,-0.45855,0.51451,0.54093,0.48209,383.31556
-0.42325,0.14685,0.13021,-0.45850,0.51450,0.54098,0.48209,383.41569
-0.42325,0.14687,0.13022,-0.45845,0.51448,0.54103,0.48210,383.51581
-0.42325,0.14688,0.13022,-0.45840,0.51447,0.54108,0.48211,383.61594
-0.42325,0.14691,0.13023,-0.45835,0.51445,0.54113,0.48212,383.71607
-0.42325,0.14694,0.13023,-0.45830,0.51444,0.54118,0.48212,383.81620
-0.42325,0.14698,0.13024,-0.45825,0.51442,0.54123,0.48213,383.91633
-0.42325,0.14703,0.13024,-0.45820,0.51440,0.54127,0.48214,384.01645
-0.42325,0.14708,0.13025,-0.45816,0.51439,0.54132,0.48215,384.11658
-0.42325,0.14715,0.13025,-0.45811,0.51437,0.54137,0.48215,384.21672
-0.42325,0.14722,0.13026,-0.45806,0.51436,0.54142,0.48216,384.31685
-0.42325,0.14731,0.13026,-0.45801,0.51434,0.54147,0.48217,384.41698
-0.42325,0.14740,0.13027,-0.45796,0.51433,0.54152,0.48218,384.51711
-0.42325,0.14750,0.13027,-0.45791,0.51431,0.54157,0.48218,384.61724
-0.42325,0.14761,0.13028,-0.45787,0.51430,0.54162,0.48219,384.71738
-0.42325,0.14772,0.13028,-0.45782,0.51428,0.54167,0.48220,384.81751
-0.42325,0.14785,0.13029,-0.45777,0.51427,0.54172,0.48220,384.91765
-0.42325,0.14799,0.13029,-0.45772,0.51425,0.54177,0.48221,385.01778
-0.42325,0.14813,0.13030,-0.45767,0.51424,0.54182,0.48222,385.11792
-0.42325,0.14828,0.13030,-0.45762,0.51422,0.54186,0.48222,385.21806
-0.42325,0.14845,0.13031,-0.45757,0.51421,0.54191,0.48223,385.31819
-0.42325,0.14861,0.13032,-0.45753,0.51419,0.54196,0.48224,385.41833
-0.42325,0.14879,0.13032,-0.45748,0.51417,0.54201,0.48225,385.51847
-0.42325,0.14897,0.13033,-0.45743,0.51416,0.54206,0.48225,385.61861
-0.42325,0.14916,0.13033,-0.45738,0.51414,0.54211,0.48226,385.71875
-0.42325,0.14935,0.13034,-0.45733,0.51413,0.54216,0.48227,385.81889
-0.42325,0.14956,0.13034,-0.45729,0.51411,0.54221,0.48227,385.91903
-0.42325,0.14976,0.13035,-0.45724,0.51410,0.54226,0.48228,386.01917
-0.42325,0.14997,0.13035,-0.45719,0.51408,0.54231,0.48229,386.11932
-0.42325,0.15018,0.13036,-0.45714,0.51407,0.54235,0.48229,386.21946
-0.42325,0.15040,0.13036,-0.45709,0.51405,0.54240,0.48230,386.31960
-0.42325,0.15062,0.13037,-0.45705,0.51404,0.54245,0.48231,386.41975
-0.42325,0.15084,0.13037,-0.45700,0.51402,0.54250,0.48231,386.51989
-0.42325,0.15106,0.13038,-0.45695,0.51401,0.54255,0.48232,386.62004
-0.42325,0.15128,0.13038,-0.45690,0.51399,0.54260,0.48233,386.72018
-0.42325,0.15151,0.13039,-0.45685,0.51398,0.54265,0.48233,386.82033
-0.42325,0.15173,0.13040,-0.45681,0.51396,0.54269,0.48234,386.92048
-0.42325,0.15195,0.13040,-0.45676,0.51395,0.54274,0.48235,387.02063
-0.42325,0.15217,0.13041,-0.45671,0.51394,0.54279,0.48235,387.12078
-0.42325,0.15238,0.13041,-0.45666,0.51392,0.54284,0.48236,387.22093
-0.42325,0.15260,0.13042,-0.45661,0.51391,0.54289,0.48237,387.32108
-0.42325,0.15280,0.13042,-0.45657,0.51389,0.54294,0.48237,387.42123
-0.42325,0.15301,0.13043,-0.45652,0.51388,0.54299,0.48238,387.52138
-0.42325,0.15321,0.13043,-0.45647,0.51386,0.54303,0.48238,387.62153
-0.42325,0.15340,0.13044,-0.45642,0.51385,0.54308,0.48239,387.72168
-0.42325,0.15359,0.13045,-0.45638,0.51383,0.54313,0.48240,387.82184
-0.42325,0.15377,0.13045,-0.45633,0.51382,0.54318,0.48240,387.92199
-0.42325,0.15394,0.13046,-0.45628,0.51380,0.54323,0.48241,388.02215
-0.42325,0.15411,0.13046,-0.45623,0.51379,0.54328,0.48242,388.12230
-0.42325,0.15427,0.13047,-0.45618,0.51377,0.54332,0.48242,388.22246
-0.42325,0.15442,0.13047,-0.45614,0.51376,0.54337,0.48243,388.32261
-0.42325,0.15457,0.13048,-0.45609,0.51375,0.54342,0.48243,388.42277
-0.42325,0.15470,0.13048,-0.45604,0.51373,0.54347,0.48244,388.52293
-0.42325,0.15483,0.13049,-0.45599,0.51372,0.54352,0.48245,388.62309
-0.42325,0.15495,0.13050,-0.45595,0.51370,0.54356,0.48245,388.72325
-0.42325,0.15505,0.13050,-0.45590,0.51369,0.54361,0.48246,388.82341
-0.42325,0.15515,0.13051,-0.45585,0.51367,0.54366,0.48246,388.92357
-0.42325,0.15524,0.13051,-0.45580,0.51366,0.54371,0.48247,389.02373
-0.42325,0.15533,0.13052,-0.45576,0.51364,0.54376,0.48248,389.12389
-0.42325,0.15540,0.13052,-0.45571,0.51363,0.54380,0.48248,389.22405
-0.42325,0.15546,0.13053,-0.45566,0.51362,0.54385,0.48249,389.32422
-0.42325,0.15552,0.13054,-0.45562,0.51360,0.54390,0.48249,389.42438
-0.42325,0.15557,0.13054,-0.45557,0.51359,0.54395,0.48250,389.52455
-0.42325,0.15561,0.13055,-0.45552,0.51357,0.54400,0.48251,389.62471
-0.42325,0.15564,0.13055,-0.45547,0.51356,0.54404,0.48251,389.72488
-0.42325,0.15567,0.13056,-0.45543,0.51354,0.54409,0.48252,389.82504
-0.42325,0.15569,0.13056,-0.45538,0.51353,0.54414,0.48252,389.92521
-0.42325,0.15570,0.13057,-0.45533,0.51352,0.54419,0.48253,390.02538
-0.42325,0.15570,0.13058,-0.45529,0.51350,0.54423,0.48253,390.12555
-0.42325,0.15571,0.13058,-0.45524,0.51349,0.54428,0.48254,390.22572
-0.42325,0.15570,0.13059,-0.45519,0.51347,0.54433,0.48254,390.32589
-0.42325,0.15569,0.13059,-0.45514,0.51346,0.54438,0.48255,390.42606
-0.42325,0.15568,0.13060,-0.45510,0.51345,0.54443,0.48256,390.52623
-0.42325,0.15567,0.13061,-0.45505,0.51343,0.54447,0.48256,390.62640
-0.42325,0.15565,0.13061,-0.45500,0.51342,0.54452,0.48257,390.72657
-0.42325,0.15563,0.13062,-0.45496,0.51340,0.54457,0.48257,390.82675
-0.42325,0.15561,0.13062,-0.45491,0.51339,0.54462,0.48258,390.92692
-0.42325,0.15559,0.13063,-0.45486,0.51338,0.54466,0.48258,391.02710
-0.42325,0.15557,0.13063,-0.45482,0.51336,0.54471,0.48259,391.12727
-0.42325,0.15555,0.13064,-0.45477,0.51335,0.54476,0.48259,391.22745
-0.42325,0.15553,0.13065,-0.45472,0.51334,0.54481,0.48260,391.32762
-0.42325,0.15551,0.13065,-0.45468,0.51332,0.54485,0.48260,391.42780
-0.42325,0.15550,0.13066,-0.45463,0.51331,0.54490,0.48261,391.52798
-0.42325,0.15548,0.13066,-0.45458,0.51329,0.54495,0.48261,391.62816
-0.42325,0.15548,0.13067,-0.45454,0.51328,0.54499,0.48262,391.72834
-0.42325,0.15547,0.13068,-0.45449,0.51327,0.54504,0.48262,391.82852
-0.42325,0.15547,0.13068,-0.45444,0.51325,0.54509,0.48263,391.92870
-0.42325,0.15548,0.13069,-0.45440,0.51324,0.54514,0.48263,392.02888
-0.42325,0.15550,0.13069,-0.45435,0.51323,0.54518,0.48264,392.12906
-0.42325,0.15551,0.13070,-0.45430,0.51321,0.54523,0.48264,392.22924
-0.42325,0.15554,0.13071,-0.45426,0.51320,0.54528,0.48265,392.32943
-0.42325,0.15557,0.13071,-0.45421,0.51319,0.54532,0.48265,392.42961
-0.42325,0.15562,0.13072,-0.45416,0.51317,0.54537,0.48266,392.52980
-0.42325,0.15566,0.13072,-0.45412,0.51316,0.54542,0.48266,392.62998
-0.42325,0.15572,0.13073,-0.45407,0.51315,0.54546,0.48267,392.73017
-0.42325,0.15579,0.13074,-0.45402,0.51313,0.54551,0.48267,392.83036
-0.42325,0.15586,0.13074,-0.45398,0.51312,0.54556,0.48268,392.93054
-0.42325,0.15594,0.13075,-0.45393,0.51311,0.54561,0.48268,393.03073
-0.42325,0.15603,0.13076,-0.45389,0.51309,0.54565,0.48269,393.13092
-0.42325,0.15613,0.13076,-0.45384,0.51308,0.54570,0.48269,393.23111
-0.42325,0.15624,0.13077,-0.45379,0.51307,0.54575,0.48270,393.33130
-0.42325,0.15636,0.13077,-0.45375,0.51305,0.54579,0.48270,393.43149
-0.42325,0.15649,0.13078,-0.45370,0.51304,0.54584,0.48271,393.53168
-0.42325,0.15662,0.13079,-0.45365,0.51303,0.54589,0.48271,393.63188
-0.42325,0.15676,0.13079,-0.45361,0.51301,0.54593,0.48272,393.73207
-0.42325,0.15692,0.13080,-0.45356,0.51300,0.54598,0.48272,393.83226
-0.42325,0.15708,0.13081,-0.45352,0.51299,0.54603,0.48272,393.93246
-0.42325,0.15724,0.13081,-0.45347,0.51297,0.54607,0.48273,394.03265
-0.42325,0.15742,0.13082,-0.45342,0.51296,0.54612,0.48273,394.13285
-0.42325,0.15760,0.13082,-0.45338,0.51295,0.54617,0.48274,394.23305
-0.42325,0.15778,0.13083,-0.45333,0.51294,0.54621,0.48274,394.33324
-0.42325,0.15797,0.13084,-0.45329,0.51292,0.54626,0.48275,394.43344
-0.42325,0.15817,0.13084,-0.45324,0.51291,0.54630,0.48275,394.53364
-0.42325,0.15837,0.13085,-0.45319,0.51290,0.54635,0.48276,394.63384
-0.42325,0.15858,0.13086,-0.45315,0.51288,0.54640,0.48276,394.73404
-0.42325,0.15879,0.13086,-0.45310,0.51287,0.54644,0.48276,394.83424
-0.42325,0.15901,0.13087,-0.45306,0.51286,0.54649,0.48277,394.93444
-0.42325,0.15922,0.13087,-0.45301,0.51285,0.54654,0.48277,395.03464
-0.42325,0.15944,0.13088,-0.45297,0.51283,0.54658,0.48278,395.13485
-0.42325,0.15966,0.13089,-0.45292,0.51282,0.54663,0.48278,395.23505
-0.42325,0.15988,0.13089,-0.45287,0.51281,0.54667,0.48278,395.33525
-0.42325,0.16010,0.13090,-0.45283,0.51279,0.54672,0.48279,395.43546
-0.42325,0.16032,0.13091,-0.45278,0.51278,0.54677,0.48279,395.53566
-0.42325,0.16054,0.13091,-0.45274,0.51277,0.54681,0.48280,395.63587
-0.42325,0.16075,0.13092,-0.45269,0.51276,0.54686,0.48280,395.73608
-0.42325,0.16096,0.13093,-0.45265,0.51274,0.54690,0.48280,395.83628
-0.42325,0.16117,0.13093,-0.45260,0.51273,0.54695,0.48281,395.93649
-0.42325,0.16138,0.13094,-0.45256,0.51272,0.54700,0.48281,396.03670
-0.42325,0.16158,0.13095,-0.45251,0.51271,0.54704,0.48282,396.13691
-0.42325,0.16178,0.13095,-0.45247,0.51269,0.54709,0.48282,396.23712
-0.42325,0.16197,0.13096,-0.45242,0.51268,0.54713,0.48282,396.33733
-0.42325,0.16216,0.13096,-0.45237,0.51267,0.54718,0.48283,396.43755
-0.42325,0.16234,0.13097,-0.45233,0.51266,0.54723,0.48283,396.53776
-0.42325,0.16251,0.13098,-0.45228,0.51265,0.54727,0.48283,396.63797
-0.42325,0.16268,0.13098,-0.45224,0.51263,0.54732,0.48284,396.73819
-0.42325,0.16284,0.13099,-0.45219,0.51262,0.54736,0.48284,396.83840
-0.42325,0.16299,0.13100,-0.45215,0.51261,0.54741,0.48284,396.93862
-0.42325,0.16313,0.13100,-0.45210,0.51260,0.54745,0.48285,397.03883
-0.42325,0.16326,0.13101,-0.45206,0.51258,0.54750,0.48285,397.13905
-0.42325,0.16339,0.13102,-0.45201,0.51257,0.54755,0.48285,397.23927
-0.42325,0.16351,0.13102,-0.45197,0.51256,0.54759,0.48286,397.33948
-0.42325,0.16361,0.13103,-0.45192,0.51255,0.54764,0.48286,397.43970
-0.42325,0.16371,0.13104,-0.45188,0.51254,0.54768,0.48286,397.53992
-0.42325,0.16381,0.13104,-0.45183,0.51252,0.54773,0.48287,397.64014
-0.42325,0.16389,0.13105,-0.45179,0.51251,0.54777,0.48287,397.74036
-0.42325,0.16396,0.13106,-0.45174,0.51250,0.54782,0.48287,397.84059
-0.42325,0.16403,0.13106,-0.45170,0.51249,0.54786,0.48288,397.94081
-0.42325,0.16409,0.13107,-0.45165,0.51248,0.54791,0.48288,398.04103
-0.42325,0.16414,0.13108,-0.45161,0.51246,0.54795,0.48288,398.14126
-0.42325,0.16418,0.13108,-0.45156,0.51245,0.54800,0.48289,398.24148
-0.42325,0.16421,0.13109,-0.45152,0.51244,0.54804,0.48289,398.34171
-0.42325,0.16424,0.13110,-0.45147,0.51243,0.54809,0.48289,398.44193
-0.42325,0.16426,0.13110,-0.45143,0.51242,0.54813,0.48290,398.54216
-0.42325,0.16427,0.13111,-0.45139,0.51241,0.54818,0.48290,398.64239
-0.42325,0.16428,0.13112,-0.45134,0.51239,0.54822,0.48290,398.74261
-0.42325,0.16429,0.13112,-0.45130,0.51238,0.54827,0.48290,398.84284
-0.42325,0.16429,0.13113,-0.45125,0.51237,0.54831,0.48291,398.94307
-0.42325,0.16428,0.13114,-0.45121,0.51236,0.54836,0.48291,399.04330
-0.42325,0.16427,0.13114,-0.45116,0.51235,0.54840,0.48291,399.14353
-0.42325,0.16426,0.13115,-0.45112,0.51234,0.54845,0.48292,399.24377
-0.42325,0.16424,0.13116,-0.45107,0.51232,0.54849,0.48292,399.34400
-0.42325,0.16423,0.13117,-0.45103,0.51231,0.54854,0.48292,399.44423
-0.42325,0.16421,0.13117,-0.45099,0.51230,0.54858,0.48292,399.54447
-0.42325,0.16419,0.13118,-0.45094,0.51229,0.54863,0.48293,399.64470
-0.42325,0.16417,0.13119,-0.45090,0.51228,0.54867,0.48293,399.74494
-0.42325,0.16415,0.13119,-0.45085,0.51227,0.54872,0.48293,399.84517
-0.42325,0.16414,0.13120,-0.45081,0.51226,0.54876,0.48293,399.94541
-0.42325,0.16412,0.13121,-0.45076,0.51225,0.54881,0.48294,400.04565
-0.42325,0.16411,0.13121,-0.45072,0.51223,0.54885,0.48294,400.14588
-0.42325,0.16410,0.13122,-0.45068,0.51222,0.54890,0.48294,400.24612
-0.42325,0.16410,0.13123,-0.45063,0.51221,0.54894,0.48294,400.34636
-0.42325,0.16410,0.13123,-0.45059,0.51220,0.54898,0.48295,400.44660
-0.42325,0.16410,0.13124,-0.45054,0.51219,0.54903,0.48295,400.54684
-0.42325,0.16411,0.13125,-0.45050,0.51218,0.54907,0.48295,400.64708
-0.42325,0.16412,0.13125,-0.45046,0.51217,0.54912,0.48295,400.74733
-0.42325,0.16414,0.13126,-0.45041,0.51216,0.54916,0.48296,400.84757
-0.42325,0.16417,0.13127,-0.45037,0.51215,0.54921,0.48296,400.94781
-0.42325,0.16421,0.13128,-0.45032,0.51213,0.54925,0.48296,401.04806
-0.42325,0.16425,0.13128,-0.45028,0.51212,0.54930,0.48296,401.14830
-0.42325,0.16430,0.13129,-0.45024,0.51211,0.54934,0.48296,401.24855
-0.42325,0.16436,0.13130,-0.45019,0.51210,0.54938,0.48297,401.34880
-0.42325,0.16442,0.13130,-0.45015,0.51209,0.54943,0.48297,401.44904
-0.42325,0.16450,0.13131,-0.45010,0.51208,0.54947,0.48297,401.54929
-0.42325,0.16458,0.13132,-0.45006,0.51207,0.54952,0.48297,401.64954
-0.42325,0.16467,0.13132,-0.45002,0.51206,0.54956,0.48297,401.74979
-0.42325,0.16477,0.13133,-0.44997,0.51205,0.54960,0.48298,401.85004
-0.42325,0.16488,0.13134,-0.44993,0.51204,0.54965,0.48298,401.95029
-0.42325,0.16500,0.13135,-0.44989,0.51203,0.54969,0.48298,402.05054
-0.42325,0.16512,0.13135,-0.44984,0.51202,0.54974,0.48298,402.15080
-0.42325,0.16526,0.13136,-0.44980,0.51201,0.54978,0.48298,402.25105
-0.42325,0.16540,0.13137,-0.44976,0.51200,0.54982,0.48299,402.35130
-0.42325,0.16555,0.13137,-0.44971,0.51198,0.54987,0.48299,402.45156
-0.42325,0.16570,0.13138,-0.44967,0.51197,0.54991,0.48299,402.55181
-0.42325,0.16587,0.13139,-0.44963,0.51196,0.54995,0.48299,402.65207
-0.42325,0.16604,0.13140,-0.44958,0.51195,0.55000,0.48299,402.75232
-0.42325,0.16622,0.13140,-0.44954,0.51194,0.55004,0.48299,402.85258
-0.42325,0.16640,0.13141,-0.44950,0.51193,0.55009,0.48300,402.95284
-0.42325,0.16659,0.13142,-0.44945,0.51192,0.55013,0.48300,403.05310
-0.42325,0.16679,0.13143,-0.44941,0.51191,0.55017,0.48300,403.15336
-0.42325,0.16699,0.13143,-0.44937,0.51190,0.55022,0.48300,403.25362
-0.42325,0.16719,0.13144,-0.44932,0.51189,0.55026,0.48300,403.35388
-0.42325,0.16740,0.13145,-0.44928,0.51188,0.55030,0.48300,403.45414
-0.42325,0.16761,0.13145,-0.44924,0.51187,0.55035,0.48300,403.55440
-0.42325,0.16783,0.13146,-0.44919,0.51186,0.55039,0.48300,403.65467
-0.42325,0.16804,0.13147,-0.44915,0.51185,0.55043,0.48301,403.75493
-0.42325,0.16826,0.13148,-0.44911,0.51184,0.55048,0.48301,403.85519
-0.42325,0.16847,0.13148,-0.44907,0.51183,0.55052,0.48301,403.95546
-0.42325,0.16869,0.13149,-0.44902,0.51182,0.55056,0.48301,404.05573
-0.42325,0.16891,0.13150,-0.44898,0.51181,0.55061,0.48301,404.15599
-0.42325,0.16912,0.13150,-0.44894,0.51180,0.55065,0.48301,404.25626
-0.42325,0.16934,0.13151,-0.44889,0.51179,0.55069,0.48301,404.35653
-0.42325,0.16955,0.13152,-0.44885,0.51178,0.55074,0.48301,404.45680
-0.42325,0.16975,0.13153,-0.44881,0.51177,0.55078,0.48302,404.55707
-0.42325,0.16996,0.13153,-0.44877,0.51176,0.55082,0.48302,404.65734
-0.42325,0.17016,0.13154,-0.44872,0.51175,0.55086,0.48302,404.75761
-0.42325,0.17035,0.13155,-0.44868,0.51174,0.55091,0.48302,404.85788
-0.42325,0.17054,0.13156,-0.44864,0.51173,0.55095,0.48302,404.95815
-0.42325,0.17073,0.13156,-0.44859,0.51172,0.55099,0.48302,405.05842
-0.42325,0.17091,0.13157,-0.44855,0.51171,0.55104,0.48302,405.15870
-0.42325,0.17108,0.13158,-0.44851,0.51170,0.55108,0.48302,405.25897
-0.42325,0.17124,0.13159,-0.44847,0.51170,0.55112,0.48302,405.35925
-0.42325,0.17140,0.13159,-0.44842,0.51169,0.55116,0.48302,405.45952
-0.42325,0.17155,0.13160,-0.44838,0.51168,0.55121,0.48302,405.55980
-0.42325,0.17169,0.13161,-0.44834,0.51167,0.55125,0.48302,405.66008
-0.42325,0.17183,0.13162,-0.44830,0.51166,0.55129,0.48302,405.76036
-0.42325,0.17195,0.13162,-0.44826,0.51165,0.55133,0.48302,405.86064
-0.42325,0.17207,0.13163,-0.44821,0.51164,0.55138,0.48303,405.96091
-0.42325,0.17218,0.13164,-0.44817,0.51163,0.55142,0.48303,406.06120
-0.42325,0.17228,0.13165,-0.44813,0.51162,0.55146,0.48303,406.16148
-0.42325,0.17237,0.13165,-0.44809,0.51161,0.55150,0.48303,406.26176
-0.42325,0.17245,0.13166,-0.44804,0.51160,0.55155,0.48303,406.36204
-0.42325,0.17253,0.13167,-0.44800,0.51159,0.55159,0.48303,406.46232
-0.42325,0.17259,0.13168,-0.44796,0.51158,0.55163,0.48303,406.56261
-0.42325,0.17265,0.13168,-0.44792,0.51158,0.55167,0.48303,406.66289
-0.42325,0.17270,0.13169,-0.44788,0.51157,0.55172,0.48303,406.76318
-0.42325,0.17275,0.13170,-0.44783,0.51156,0.55176,0.48303,406.86346
-0.42325,0.17278,0.13171,-0.44779,0.51155,0.55180,0.48303,406.96375
-0.42325,0.17281,0.13171,-0.44775,0.51154,0.55184,0.48303,407.06404
-0.42325,0.17284,0.13172,-0.44771,0.51153,0.55188,0.48303,407.16432
-0.42325,0.17285,0.13173,-0.44767,0.51152,0.55193,0.48303,407.26461
-0.42325,0.17286,0.13174,-0.44763,0.51151,0.55197,0.48303,407.36490
-0.42325,0.17287,0.13174,-0.44758,0.51150,0.55201,0.48303,407.46519
-0.42325,0.17287,0.13175,-0.44754,0.51150,0.55205,0.48303,407.56548
-0.42325,0.17287,0.13176,-0.44750,0.51149,0.55209,0.48303,407.66578
-0.42325,0.17286,0.13177,-0.44746,0.51148,0.55214,0.48303,407.76607
-0.42325,0.17285,0.13177,-0.44742,0.51147,0.55218,0.48303,407.86636
-0.42325,0.17284,0.13178,-0.44738,0.51146,0.55222,0.48303,407.96665
-0.42325,0.17282,0.13179,-0.44733,0.51145,0.55226,0.48303,408.06695
-0.42325,0.17281,0.13180,-0.44729,0.51144,0.55230,0.48303,408.16724
-0.42325,0.17279,0.13181,-0.44725,0.51144,0.55235,0.48303,408.26754
-0.42325,0.17278,0.13181,-0.44721,0.51143,0.55239,0.48303,408.36784
-0.42325,0.17276,0.13182,-0.44717,0.51142,0.55243,0.48303,408.46813
-0.42325,0.17275,0.13183,-0.44713,0.51141,0.55247,0.48303,408.56843
-0.42325,0.17274,0.13184,-0.44709,0.51140,0.55251,0.48303,408.66873
-0.42325,0.17273,0.13184,-0.44704,0.51139,0.55255,0.48302,408.76903
-0.42325,0.17272,0.13185,-0.44700,0.51139,0.55259,0.48302,408.86933
-0.42325,0.17272,0.13186,-0.44696,0.51138,0.55264,0.48302,408.96963
-0.42325,0.17272,0.13187,-0.44692,0.51137,0.55268,0.48302,409.06993
-0.42325,0.17272,0.13188,-0.44688,0.51136,0.55272,0.48302,409.17024
-0.42325,0.17274,0.13188,-0.44684,0.51135,0.55276,0.48302,409.27054
-0.42325,0.17275,0.13189,-0.44680,0.51134,0.55280,0.48302,409.37084
-0.42325,0.17277,0.13190,-0.44676,0.51134,0.55284,0.48302,409.47115
-0.42325,0.17280,0.13191,-0.44671,0.51133,0.55288,0.48302,409.57145
-0.42325,0.17284,0.13191,-0.44667,0.51132,0.55293,0.48302,409.67176
-0.42325,0.17288,0.13192,-0.44663,0.51131,0.55297,0.48302,409.77206
-0.42325,0.17293,0.13193,-0.44659,0.51130,0.55301,0.48302,409.87237
-0.42325,0.17299,0.13194,-0.44655,0.51130,0.55305,0.48302,409.97268
-0.42325,0.17306,0.13195,-0.44651,0.51129,0.55309,0.48301,410.07299
-0.42325,0.17313,0.13195,-0.44647,0.51128,0.55313,0.48301,410.17330
-0.42325,0.17322,0.13196,-0.44643,0.51127,0.55317,0.48301,410.27361
-0.42325,0.17331,0.13197,-0.44639,0.51127,0.55321,0.48301,410.37392
-0.42325,0.17341,0.13198,-0.44635,0.51126,0.55325,0.48301,410.47423
-0.42325,0.17351,0.13199,-0.44631,0.51125,0.55329,0.48301,410.57454
-0.42325,0.17363,0.13199,-0.44627,0.51124,0.55334,0.48301,410.67485
-0.42325,0.17376,0.13200,-0.44623,0.51124,0.55338,0.48301,410.77517
-0.42325,0.17389,0.13201,-0.44619,0.51123,0.55342,0.48301,410.87548
-0.42325,0.17403,0.13202,-0.44614,0.51122,0.55346,0.48300,410.97580
-0.42325,0.17418,0.13202,-0.44610,0.51121,0.55350,0.48300,411.07611
-0.42325,0.17433,0.13203,-0.44606,0.51121,0.55354,0.48300,411.17643
-0.42325,0.17450,0.13204,-0.44602,0.51120,0.55358,0.48300,411.27674
-0.42325,0.17467,0.13205,-0.44598,0.51119,0.55362,0.48300,411.37706
-0.42325,0.17484,0.13206,-0.44594,0.51118,0.55366,0.48300,411.47738
-0.42325,0.17502,0.13206,-0.44590,0.51118,0.55370,0.48300,411.57770
-0.42325,0.17521,0.13207,-0.44586,0.51117,0.55374,0.48299,411.67802
-0.42325,0.17541,0.13208,-0.44582,0.51116,0.55378,0.48299,411.77834
-0.42325,0.17560,0.13209,-0.44578,0.51116,0.55382,0.48299,411.87866
-0.42325,0.17580,0.13210,-0.44574,0.51115,0.55386,0.48299,411.97898
-0.42325,0.17601,0.13210,-0.44570,0.51114,0.55390,0.48299,412.07931
-0.42325,0.17622,0.13211,-0.44566,0.51113,0.55394,0.48299,412.17963
-0.42325,0.17643,0.13212,-0.44562,0.51113,0.55398,0.48298,412.27995
-0.42325,0.17664,0.13213,-0.44558,0.51112,0.55402,0.48298,412.38028
-0.42325,0.17686,0.13214,-0.44554,0.51111,0.55406,0.48298,412.48060
-0.42325,0.17707,0.13215,-0.44550,0.51111,0.55410,0.48298,412.58093
-0.42325,0.17728,0.13215,-0.44546,0.51110,0.55414,0.48298,412.68126
-0.42325,0.17750,0.13216,-0.44542,0.51109,0.55418,0.48298,412.78158
-0.42325,0.17771,0.13217,-0.44538,0.51109,0.55422,0.48297,412.88191
-0.42325,0.17792,0.13218,-0.44534,0.51108,0.55426,0.48297,412.98224
-0.42325,0.17813,0.13219,-0.44530,0.51107,0.55430,0.48297,413.08257
-0.42325,0.17834,0.13219,-0.44526,0.51107,0.55434,0.48297,413.18290
-0.42325,0.17854,0.13220,-0.44522,0.51106,0.55438,0.48296,413.28323
-0.42325,0.17873,0.13221,-0.44518,0.51105,0.55442,0.48296,413.38356
-0.42325,0.17893,0.13222,-0.44514,0.51105,0.55446,0.48296,413.48389
-0.42325,0.17912,0.13223,-0.44510,0.51104,0.55450,0.48296,413.58423
-0.42325,0.17930,0.13223,-0.44506,0.51103,0.55454,0.48296,413.68456
-0.42325,0.17948,0.13224,-0.44503,0.51103,0.55458,0.48295,413.78490
-0.42325,0.17965,0.13225,-0.44499,0.51102,0.55462,0.48295,413.88523
-0.42325,0.17981,0.13226,-0.44495,0.51101,0.55466,0.48295,413.98557
-0.42325,0.17996,0.13227,-0.44491,0.51101,0.55470,0.48295,414.08590
-0.42325,0.18011,0.13228,-0.44487,0.51100,0.55474,0.48294,414.18624
-0.42325,0.18025,0.13228,-0.44483,0.51100,0.55478,0.48294,414.28658
-0.42325,0.18039,0.13229,-0.44479,0.51099,0.55482,0.48294,414.38692
-0.42325,0.18051,0.13230,-0.44475,0.51098,0.55486,0.48294,414.48725
-0.42325,0.18063,0.13231,-0.44471,0.51098,0.55490,0.48293,414.58759
-0.42325,0.18074,0.13232,-0.44467,0.51097,0.55493,0.48293,414.68794
-0.42325,0.18084,0.13233,-0.44463,0.51097,0.55497,0.48293,414.78828
-0.42325,0.18093,0.13233,-0.44459,0.51096,0.55501,0.48293,414.88862
-0.42325,0.18102,0.13234,-0.44455,0.51095,0.55505,0.48292,414.98896
-0.42325,0.18109,0.13235,-0.44452,0.51095,0.55509,0.48292,415.08930
-0.42325,0.18116,0.13236,-0.44448,0.51094,0.55513,0.48292,415.18965
-0.42325,0.18122,0.13237,-0.44444,0.51094,0.55517,0.48291,415.28999
-0.42325,0.18127,0.13237,-0.44440,0.51093,0.55521,0.48291,415.39034
-0.42325,0.18132,0.13238,-0.44436,0.51092,0.55525,0.48291,415.49068
-0.42325,0.18135,0.13239,-0.44432,0.51092,0.55529,0.48291,415.59103
-0.42325,0.18139,0.13240,-0.44428,0.51091,0.55533,0.48290,415.69138
-0.42325,0.18141,0.13241,-0.44424,0.51091,0.55536,0.48290,415.79173
-0.42325,0.18143,0.13242,-0.44421,0.51090,0.55540,0.48290,415.89207
-0.42325,0.18144,0.13242,-0.44417,0.51090,0.55544,0.48289,415.99242
-0.42325,0.18145,0.13243,-0.44413,0.51089,0.55548,0.48289,416.09277
-0.42325,0.18145,0.13244,-0.44409,0.51089,0.55552,0.48289,416.19312
-0.42325,0.18145,0.13245,-0.44405,0.51088,0.55556,0.48288,416.29347
-0.42325,0.18145,0.13246,-0.44401,0.51088,0.55560,0.48288,416.39383
-0.42325,0.18144,0.13247,-0.44397,0.51087,0.55563,0.48288,416.49418
-0.42325,0.18143,0.13248,-0.44394,0.51086,0.55567,0.48287,416.59453
-0.42325,0.18142,0.13248,-0.44390,0.51086,0.55571,0.48287,416.69489
-0.42325,0.18141,0.13249,-0.44386,0.51085,0.55575,0.48287,416.79524
-0.42325,0.18140,0.13250,-0.44382,0.51085,0.55579,0.48286,416.89560
-0.42325,0.18138,0.13251,-0.44378,0.51084,0.55583,0.48286,416.99595
-0.42325,0.18137,0.13252,-0.44374,0.51084,0.55586,0.48286,417.09631
-0.42325,0.18136,0.13253,-0.44371,0.51083,0.55590,0.48285,417.19667
-0.42325,0.18135,0.13253,-0.44367,0.51083,0.55594,0.48285,417.29702
-0.42325,0.18134,0.13254,-0.44363,0.51082,0.55598,0.48284,417.39738
-0.42325,0.18134,0.13255,-0.44359,0.51082,0.55602,0.48284,417.49774
-0.42325,0.18134,0.13256,-0.44355,0.51081,0.55606,0.48284,417.59810
-0.42325,0.18134,0.13257,-0.44352,0.51081,0.55609,0.48283,417.69846
-0.42325,0.18135,0.13258,-0.44348,0.51080,0.55613,0.48283,417.79882
-0.42325,0.18136,0.13259,-0.44344,0.51080,0.55617,0.48283,417.89919
-0.42325,0.18138,0.13259,-0.44340,0.51079,0.55621,0.48282,417.99955
-0.42325,0.18140,0.13260,-0.44336,0.51079,0.55624,0.48282,418.09991
-0.42325,0.18143,0.13261,-0.44333,0.51079,0.55628,0.48281,418.20028
-0.42325,0.18147,0.13262,-0.44329,0.51078,0.55632,0.48281,418.30064
-0.42325,0.18152,0.13263,-0.44325,0.51078,0.55636,0.48281,418.40101
-0.42325,0.18157,0.13264,-0.44321,0.51077,0.55640,0.48280,418.50137
-0.42325,0.18163,0.13265,-0.44318,0.51077,0.55643,0.48280,418.60174
-0.42325,0.18169,0.13265,-0.44314,0.51076,0.55647,0.48279,418.70211
-0.42325,0.18177,0.13266,-0.44310,0.51076,0.55651,0.48279,418.80247
-0.42325,0.18185,0.13267,-0.44306,0.51075,0.55655,0.48279,418.90284
-0.42325,0.18194,0.13268,-0.44302,0.51075,0.55658,0.48278,419.00321
-0.42325,0.18204,0.13269,-0.44299,0.51075,0.55662,0.48278,419.10358
-0.42325,0.18215,0.13270,-0.44295,0.51074,0.55666,0.48277,419.20395
-0.42325,0.18226,0.13271,-0.44291,0.51074,0.55670,0.48277,419.30432
-0.42325,0.18239,0.13271,-0.44288,0.51073,0.55673,0.48276,419.40469
-0.42325,0.18252,0.13272,-0.44284,0.51073,0.55677,0.48276,419.50507
-0.42325,0.18266,0.13273,-0.44280,0.51073,0.55681,0.48275,419.60544
-0.42325,0.18281,0.13274,-0.44276,0.51072,0.55685,0.48275,419.70581
-0.42325,0.18296,0.13275,-0.44273,0.51072,0.55688,0.48275,419.80619
-0.42325,0.18312,0.13276,-0.44269,0.51071,0.55692,0.48274,419.90656
-0.42325,0.18329,0.13277,-0.44265,0.51071,0.55696,0.48274,420.00694
-0.42325,0.18346,0.13277,-0.44262,0.51071,0.55699,0.48273,420.10731
-0.42325,0.18364,0.13278,-0.44258,0.51070,0.55703,0.48273,420.20769
-0.42325,0.18383,0.13279,-0.44254,0.51070,0.55707,0.48272,420.30807
-0.42325,0.18402,0.13280,-0.44250,0.51069,0.55710,0.48272,420.40845
-0.42325,0.18422,0.13281,-0.44247,0.51069,0.55714,0.48271,420.50883
-0.42325,0.18442,0.13282,-0.44243,0.51069,0.55718,0.48271,420.60921
-0.42325,0.18462,0.13283,-0.44239,0.51068,0.55721,0.48270,420.70959
-0.42325,0.18482,0.13284,-0.44236,0.51068,0.55725,0.48270,420.80997
-0.42325,0.18503,0.13284,-0.44232,0.51068,0.55729,0.48269,420.91035
-0.42325,0.18524,0.13285,-0.44228,0.51067,0.55732,0.48269,421.01073
-0.42325,0.18545,0.13286,-0.44225,0.51067,0.55736,0.48268,421.11111
-0.42325,0.18567,0.13287,-0.44221,0.51067,0.55740,0.48268,421.21150
-0.42325,0.18588,0.13288,-0.44217,0.51066,0.55743,0.48267,421.31188
-0.42325,0.18609,0.13289,-0.44214,0.51066,0.55747,0.48267,421.41226
-0.42325,0.18630,0.13290,-0.44210,0.51066,0.55751,0.48266,421.51265
-0.42325,0.18651,0.13291,-0.44206,0.51065,0.55754,0.48266,421.61304
-0.42325,0.18671,0.13291,-0.44203,0.51065,0.55758,0.48265,421.71342
-0.42325,0.18692,0.13292,-0.44199,0.51065,0.55762,0.48265,421.81381
-0.42325,0.18712,0.13293,-0.44195,0.51064,0.55765,0.48264,421.91420
-0.42325,0.18731,0.13294,-0.44192,0.51064,0.55769,0.48263,422.01458
-0.42325,0.18750,0.13295,-0.44188,0.51064,0.55773,0.48263,422.11497
-0.42325,0.18769,0.13296,-0.44185,0.51064,0.55776,0.48262,422.21536
-0.42325,0.18787,0.13297,-0.44181,0.51063,0.55780,0.48262,422.31575
-0.42325,0.18804,0.13298,-0.44177,0.51063,0.55783,0.48261,422.41614
-0.42325,0.18821,0.13299,-0.44174,0.51063,0.55787,0.48261,422.51654
-0.42325,0.18838,0.13299,-0.44170,0.51062,0.55791,0.48260,422.61693
-0.42325,0.18853,0.13300,-0.44167,0.51062,0.55794,0.48260,422.71732
-0.42325,0.18868,0.13301,-0.44163,0.51062,0.55798,0.48259,422.81771
-0.42325,0.18882,0.13302,-0.44159,0.51062,0.55801,0.48258,422.91811
-0.42325,0.18895,0.13303,-0.44156,0.51061,0.55805,0.48258,423.01850
-0.42325,0.18908,0.13304,-0.44152,0.51061,0.55809,0.48257,423.11890
-0.42325,0.18919,0.13305,-0.44149,0.51061,0.55812,0.48257,423.21929
-0.42325,0.18930,0.13306,-0.44145,0.51061,0.55816,0.48256,423.31969
-0.42325,0.18940,0.13307,-0.44141,0.51060,0.55819,0.48255,423.42009
-0.42325,0.18950,0.13307,-0.44138,0.51060,0.55823,0.48255,423.52048
-0.42325,0.18958,0.13308,-0.44134,0.51060,0.55826,0.48254,423.62088
-0.42325,0.18966,0.13309,-0.44131,0.51060,0.55830,0.48254,423.72128
-0.42325,0.18973,0.13310,-0.44127,0.51059,0.55833,0.48253,423.82168
-0.42325,0.18979,0.13311,-0.44124,0.51059,0.55837,0.48252,423.92208
-0.42325,0.18984,0.13312,-0.44120,0.51059,0.55841,0.48252,424.02248
-0.42325,0.18989,0.13313,-0.44117,0.51059,0.55844,0.48251,424.12288
-0.42325,0.18993,0.13314,-0.44113,0.51059,0.55848,0.48250,424.22328
-0.42325,0.18996,0.13315,-0.44109,0.51058,0.55851,0.48250,424.32369
-0.42325,0.18999,0.13315,-0.44106,0.51058,0.55855,0.48249,424.42409
-0.42325,0.19001,0.13316,-0.44102,0.51058,0.55858,0.48249,424.52449
-0.42325,0.19002,0.13317,-0.44099,0.51058,0.55862,0.48248,424.62490
-0.42325,0.19003,0.13318,-0.44095,0.51058,0.55865,0.48247,424.72530
-0.42325,0.19004,0.13319,-0.44092,0.51057,0.55869,0.48247,424.82571
-0.42325,0.19004,0.13320,-0.44088,0.51057,0.55872,0.48246,424.92611
-0.42325,0.19004,0.13321,-0.44085,0.51057,0.55876,0.48245,425.02652
-0.42325,0.19003,0.13322,-0.44081,0.51057,0.55879,0.48245,425.12693
-0.42325,0.19003,0.13323,-0.44078,0.51057,0.55883,0.48244,425.22734
-0.42325,0.19002,0.13324,-0.44074,0.51057,0.55886,0.48243,425.32774
-0.42325,0.19001,0.13325,-0.44071,0.51057,0.55890,0.48243,425.42815
-0.42325,0.19000,0.13325,-0.44067,0.51056,0.55893,0.48242,425.52856
-0.42325,0.18999,0.13326,-0.44064,0.51056,0.55897,0.48241,425.62897
-0.42325,0.18998,0.13327,-0.44060,0.51056,0.55900,0.48241,425.72938
-0.42325,0.18997,0.13328,-0.44057,0.51056,0.55903,0.48240,425.82979
-0.42325,0.18996,0.13329,-0.44053,0.51056,0.55907,0.48239,425.93021
-0.42325,0.18996,0.13330,-0.44050,0.51056,0.55910,0.48238,426.03062
-0.42325,0.18996,0.13331,-0.44046,0.51056,0.55914,0.48238,426.13103
-0.42325,0.18996,0.13332,-0.44043,0.51055,0.55917,0.48237,426.23145
-0.42325,0.18996,0.13333,-0.44040,0.51055,0.55921,0.48236,426.33186
-0.42325,0.18997,0.13334,-0.44036,0.51055,0.55924,0.48236,426.43228
-0.42325,0.18999,0.13335,-0.44033,0.51055,0.55928,0.48235,426.53269
-0.42325,0.19001,0.13335,-0.44029,0.51055,0.55931,0.48234,426.63311
-0.42325,0.19003,0.13336,-0.44026,0.51055,0.55934,0.48233,426.73352
-0.42325,0.19006,0.13337,-0.44022,0.51055,0.55938,0.48233,426.83394
-0.42325,0.19010,0.13338,-0.44019,0.51055,0.55941,0.48232,426.93436
-0.42325,0.19015,0.13339,-0.44015,0.51055,0.55945,0.48231,427.03478
-0.42325,0.19020,0.13340,-0.44012,0.51055,0.55948,0.48230,427.13520
-0.42325,0.19026,0.13341,-0.44009,0.51055,0.55951,0.48230,427.23561
-0.42325,0.19033,0.13342,-0.44005,0.51054,0.55955,0.48229,427.33603
-0.42325,0.19040,0.13343,-0.44002,0.51054,0.55958,0.48228,427.43646
-0.42325,0.19049,0.13344,-0.43998,0.51054,0.55962,0.48227,427.53688
-0.42325,0.19058,0.13345,-0.43995,0.51054,0.55965,0.48227,427.63730
-0.42325,0.19068,0.13346,-0.43992,0.51054,0.55968,0.48226,427.73772
-0.42325,0.19078,0.13346,-0.43988,0.51054,0.55972,0.48225,427.83814
-0.42325,0.19090,0.13347,-0.43985,0.51054,0.55975,0.48224,427.93857
-0.42325,0.19102,0.13348,-0.43981,0.51054,0.55979,0.48224,428.03899
-0.42325,0.19115,0.13349,-0.43978,0.51054,0.55982,0.48223,428.13942
-0.42325,0.19129,0.13350,-0.43975,0.51054,0.55985,0.48222,428.23984
-0.42325,0.19144,0.13351,-0.43971,0.51054,0.55989,0.48221,428.34027
-0.42325,0.19159,0.13352,-0.43968,0.51054,0.55992,0.48220,428.44069
-0.42325,0.19175,0.13353,-0.43965,0.51054,0.55995,0.48220,428.54112
-0.42325,0.19191,0.13354,-0.43961,0.51054,0.55999,0.48219,428.64155
-0.42325,0.19209,0.13355,-0.43958,0.51054,0.56002,0.48218,428.74197
-0.42325,0.19226,0.13356,-0.43954,0.51054,0.56005,0.48217,428.84240
-0.42325,0.19245,0.13357,-0.43951,0.51054,0.56009,0.48216,428.94283
-0.42325,0.19264,0.13358,-0.43948,0.51054,0.56012,0.48216,429.04326
-0.42325,0.19283,0.13358,-0.43944,0.51054,0.56015,0.48215,429.14369
-0.42325,0.19303,0.13359,-0.43941,0.51054,0.56019,0.48214,429.24412
-0.42325,0.19323,0.13360,-0.43938,0.51054,0.56022,0.48213,429.34455
-0.42325,0.19343,0.13361,-0.43934,0.51054,0.56025,0.48212,429.44498
-0.42325,0.19364,0.13362,-0.43931,0.51054,0.56028,0.48211,429.54542
-0.42325,0.19384,0.13363,-0.43928,0.51054,0.56032,0.48211,429.64585
-0.42325,0.19405,0.13364,-0.43924,0.51054,0.56035,0.48210,429.74628
-0.42325,0.19426,0.13365,-0.43921,0.51054,0.56038,0.48209,429.84672
-0.42325,0.19447,0.13366,-0.43918,0.51054,0.56042,0.48208,429.94715
-0.42325,0.19468,0.13367,-0.43915,0.51054,0.56045,0.48207,430.04759
-0.42325,0.19489,0.13368,-0.43911,0.51054,0.56048,0.48206,430.14802
-0.42325,0.19509,0.13369,-0.43908,0.51055,0.56051,0.48205,430.24846
-0.42325,0.19530,0.13370,-0.43905,0.51055,0.56055,0.48205,430.34889
-0.42325,0.19550,0.13371,-0.43901,0.51055,0.56058,0.48204,430.44933
-0.42325,0.19570,0.13372,-0.43898,0.51055,0.56061,0.48203,430.54977
-0.42325,0.19589,0.13372,-0.43895,0.51055,0.56064,0.48202,430.65021
-0.42325,0.19608,0.13373,-0.43892,0.51055,0.56068,0.48201,430.75065
-0.42325,0.19626,0.13374,-0.43888,0.51055,0.56071,0.48200,430.85108
-0.42325,0.19644,0.13375,-0.43885,0.51055,0.56074,0.48199,430.95152
-0.42325,0.19662,0.13376,-0.43882,0.51055,0.56077,0.48198,431.05196
-0.42325,0.19678,0.13377,-0.43879,0.51055,0.56081,0.48197,431.15241
-0.42325,0.19694,0.13378,-0.43875,0.51055,0.56084,0.48196,431.25285
-0.42325,0.19710,0.13379,-0.43872,0.51056,0.56087,0.48196,431.35329
-0.42325,0.19724,0.13380,-0.43869,0.51056,0.56090,0.48195,431.45373
-0.42325,0.19738,0.13381,-0.43866,0.51056,0.56093,0.48194,431.55417
-0.42325,0.19752,0.13382,-0.43862,0.51056,0.56097,0.48193,431.65462
-0.42325,0.19764,0.13383,-0.43859,0.51056,0.56100,0.48192,431.75506
-0.42325,0.19776,0.13384,-0.43856,0.51056,0.56103,0.48191,431.85550
-0.42325,0.19787,0.13385,-0.43853,0.51056,0.56106,0.48190,431.95595
-0.42325,0.19797,0.13386,-0.43849,0.51057,0.56109,0.48189,432.05640
-0.42325,0.19806,0.13387,-0.43846,0.51057,0.56113,0.48188,432.15684
-0.42325,0.19815,0.13388,-0.43843,0.51057,0.56116,0.48187,432.25729
-0.42325,0.19822,0.13388,-0.43840,0.51057,0.56119,0.48186,432.35773
-0.42325,0.19829,0.13389,-0.43837,0.51057,0.56122,0.48185,432.45818
-0.42325,0.19836,0.13390,-0.43833,0.51057,0.56125,0.48184,432.55863
-0.42325,0.19841,0.13391,-0.43830,0.51058,0.56128,0.48183,432.65908
-0.42325,0.19846,0.13392,-0.43827,0.51058,0.56132,0.48182,432.75953
-0.42325,0.19850,0.13393,-0.43824,0.51058,0.56135,0.48181,432.85998
-0.42325,0.19853,0.13394,-0.43821,0.51058,0.56138,0.48180,432.96043
-0.42325,0.19856,0.13395,-0.43817,0.51058,0.56141,0.48179,433.06088
-0.42325,0.19859,0.13396,-0.43814,0.51059,0.56144,0.48178,433.16133
-0.42325,0.19860,0.13397,-0.43811,0.51059,0.56147,0.48177,433.26178
-0.42325,0.19862,0.13398,-0.43808,0.51059,0.56150,0.48176,433.36223
-0.42325,0.19862,0.13399,-0.43805,0.51059,0.56154,0.48175,433.46268
-0.42325,0.19863,0.13400,-0.43802,0.51059,0.56157,0.48174,433.56314
-0.42325,0.19863,0.13401,-0.43798,0.51060,0.56160,0.48173,433.66359
-0.42325,0.19863,0.13402,-0.43795,0.51060,0.56163,0.48172,433.76404
-0.42325,0.19862,0.13403,-0.43792,0.51060,0.56166,0.48171,433.86450
-0.42325,0.19862,0.13404,-0.43789,0.51060,0.56169,0.48170,433.96495
-0.42325,0.19861,0.13405,-0.43786,0.51061,0.56172,0.48169,434.06541
-0.42325,0.19860,0.13406,-0.43783,0.51061,0.56175,0.48168,434.16586
-0.42325,0.19859,0.13407,-0.43780,0.51061,0.56178,0.48167,434.26632
-0.42325,0.19859,0.13407,-0.43777,0.51061,0.56182,0.48166,434.36678
-0.42325,0.19858,0.13408,-0.43773,0.51062,0.56185,0.48165,434.46723
-0.42325,0.19857,0.13409,-0.43770,0.51062,0.56188,0.48164,434.56769
-0.42325,0.19857,0.13410,-0.43767,0.51062,0.56191,0.48163,434.66815
-0.42325,0.19857,0.13411,-0.43764,0.51062,0.56194,0.48162,434.76861
-0.42325,0.19858,0.13412,-0.43761,0.51063,0.56197,0.48161,434.86907
-0.42325,0.19858,0.13413,-0.43758,0.51063,0.56200,0.48160,434.96953
-0.42325,0.19859,0.13414,-0.43755,0.51063,0.56203,0.48159,435.06999
-0.42325,0.19861,0.13415,-0.43752,0.51064,0.56206,0.48158,435.17045
-0.42325,0.19863,0.13416,-0.43749,0.51064,0.56209,0.48157,435.27091
-0.42325,0.19866,0.13417,-0.43746,0.51064,0.56212,0.48156,435.37137
-0.42325,0.19869,0.13418,-0.43743,0.51065,0.56215,0.48155,435.47183
-0.42325,0.19873,0.13419,-0.43739,0.51065,0.56218,0.48154,435.57229
-0.42325,0.19878,0.13420,-0.43736,0.51065,0.56221,0.48152,435.67276
-0.42325,0.19883,0.13421,-0.43733,0.51065,0.56224,0.48151,435.77322
-0.42325,0.19889,0.13422,-0.43730,0.51066,0.56227,0.48150,435.87368
-0.42325,0.19896,0.13423,-0.43727,0.51066,0.56230,0.48149,435.97415
-0.42325,0.19904,0.13424,-0.43724,0.51067,0.56233,0.48148,436.07461
-0.42325,0.19912,0.13425,-0.43721,0.51067,0.56236,0.48147,436.17508
-0.42325,0.19921,0.13426,-0.43718,0.51067,0.56239,0.48146,436.27554
-0.42325,0.19931,0.13427,-0.43715,0.51068,0.56242,0.48145,436.37601
-0.42325,0.19942,0.13428,-0.43712,0.51068,0.56245,0.48144,436.47647
-0.42325,0.19953,0.13429,-0.43709,0.51068,0.56248,0.48142,436.57694
-0.42325,0.19965,0.13430,-0.43706,0.51069,0.56251,0.48141,436.67741
-0.42325,0.19978,0.13431,-0.43703,0.51069,0.56254,0.48140,436.77788
-0.42325,0.19992,0.13432,-0.43700,0.51069,0.56257,0.48139,436.87834
-0.42325,0.20006,0.13433,-0.43697,0.51070,0.56260,0.48138,436.97881
-0.42325,0.20021,0.13434,-0.43694,0.51070,0.56263,0.48137,437.07928
-0.42325,0.20037,0.13434,-0.43691,0.51071,0.56266,0.48136,437.17975
-0.42325,0.20054,0.13435,-0.43688,0.51071,0.56269,0.48134,437.28022
-0.42325,0.20071,0.13436,-0.43685,0.51071,0.56272,0.48133,437.38069
-0.42325,0.20088,0.13437,-0.43682,0.51072,0.56275,0.48132,437.48116
-0.42325,0.20107,0.13438,-0.43679,0.51072,0.56278,0.48131,437.58163
-0.42325,0.20125,0.13439,-0.43676,0.51073,0.56281,0.48130,437.68210
-0.42325,0.20144,0.13440,-0.43673,0.51073,0.56284,0.48129,437.78258
-0.42325,0.20164,0.13441,-0.43670,0.51073,0.56287,0.48127,437.88305
-0.42325,0.20184,0.13442,-0.43667,0.51074,0.56289,0.48126,437.98352
-0.42325,0.20204,0.13443,-0.43664,0.51074,0.56292,0.48125,438.08400
-0.42325,0.20224,0.13444,-0.43661,0.51075,0.56295,0.48124,438.18447
-0.42325,0.20244,0.13445,-0.43658,0.51075,0.56298,0.48123,438.28494
-0.42325,0.20265,0.13446,-0.43655,0.51076,0.56301,0.48121,438.38542
-0.42325,0.20286,0.13447,-0.43652,0.51076,0.56304,0.48120,438.48589
-0.42325,0.20306,0.13448,-0.43649,0.51077,0.56307,0.48119,438.58637
-0.42325,0.20327,0.13449,-0.43646,0.51077,0.56310,0.48118,438.68684
-0.42325,0.20348,0.13450,-0.43644,0.51078,0.56313,0.48117,438.78732
-0.42325,0.20368,0.13451,-0.43641,0.51078,0.56315,0.48115,438.88780
-0.42325,0.20388,0.13452,-0.43638,0.51079,0.56318,0.48114,438.98827
-0.42325,0.20408,0.13453,-0.43635,0.51079,0.56321,0.48113,439.08875
-0.42325,0.20427,0.13454,-0.43632,0.51080,0.56324,0.48112,439.18923
-0.42325,0.20447,0.13455,-0.43629,0.51080,0.56327,0.48111,439.28971
-0.42325,0.20465,0.13456,-0.43626,0.51081,0.56330,0.48109,439.39019
-0.42325,0.20484,0.13457,-0.43623,0.51081,0.56333,0.48108,439.49066
-0.42325,0.20501,0.13458,-0.43620,0.51082,0.56335,0.48107,439.59114
-0.42325,0.20519,0.13459,-0.43617,0.51082,0.56338,0.48106,439.69162
-0.42325,0.20535,0.13460,-0.43614,0.51083,0.56341,0.48104,439.79210
-0.42325,0.20551,0.13461,-0.43612,0.51083,0.56344,0.48103,439.89258
-0.42325,0.20567,0.13462,-0.43609,0.51084,0.56347,0.48102,439.99307
-0.42325,0.20581,0.13463,-0.43606,0.51084,0.56350,0.48100,440.09355
-0.42325,0.20595,0.13464,-0.43603,0.51085,0.56352,0.48099,440.19403
-0.42325,0.20608,0.13465,-0.43600,0.51085,0.56355,0.48098,440.29451
-0.42325,0.20621,0.13466,-0.43597,0.51086,0.56358,0.48097,440.39499
-0.42325,0.20632,0.13467,-0.43594,0.51086,0.56361,0.48095,440.49548
-0.42325,0.20643,0.13468,-0.43592,0.51087,0.56364,0.48094,440.59596
-0.42325,0.20653,0.13469,-0.43589,0.51088,0.56366,0.48093,440.69644
-0.42325,0.20663,0.13470,-0.43586,0.51088,0.56369,0.48091,440.79693
-0.42325,0.20671,0.13471,-0.43583,0.51089,0.56372,0.48090,440.89741
-0.42325,0.20679,0.13472,-0.43580,0.51089,0.56375,0.48089,440.99790
-0.42325,0.20686,0.13473,-0.43577,0.51090,0.56378,0.48088,441.09838
-0.42325,0.20693,0.13474,-0.43575,0.51090,0.56380,0.48086,441.19887
-0.42325,0.20698,0.13475,-0.43572,0.51091,0.56383,0.48085,441.29935
-0.42325,0.20703,0.13476,-0.43569,0.51092,0.56386,0.48084,441.39984
-0.42325,0.20707,0.13477,-0.43566,0.51092,0.56389,0.48082,441.50033
-0.42325,0.20711,0.13478,-0.43563,0.51093,0.56391,0.48081,441.60081
-0.42325,0.20714,0.13479,-0.43560,0.51093,0.56394,0.48080,441.70130
-0.42325,0.20716,0.13480,-0.43558,0.51094,0.56397,0.48078,441.80179
-0.42325,0.20718,0.13481,-0.43555,0.51095,0.56400,0.48077,441.90228
-0.42325,0.20720,0.13482,-0.43552,0.51095,0.56402,0.48076,442.00276
-0.42325,0.20721,0.13483,-0.43549,0.51096,0.56405,0.48074,442.10325
-0.42325,0.20722,0.13484,-0.43547,0.51097,0.56408,0.48073,442.20374
-0.42325,0.20722,0.13485,-0.43544,0.51097,0.56410,0.48071,442.30423
-0.42325,0.20722,0.13486,-0.43541,0.51098,0.56413,0.48070,442.40472
-0.42325,0.20722,0.13486,-0.43538,0.51099,0.56416,0.48069,442.50521
-0.42325,0.20721,0.13487,-0.43535,0.51099,0.56419,0.48067,442.60570
-0.42325,0.20721,0.13488,-0.43533,0.51100,0.56421,0.48066,442.70619
-0.42325,0.20720,0.13489,-0.43530,0.51101,0.56424,0.48065,442.80669
-0.42325,0.20720,0.13490,-0.43527,0.51101,0.56427,0.48063,442.90718
-0.42325,0.20719,0.13491,-0.43524,0.51102,0.56429,0.48062,443.00767
-0.42325,0.20719,0.13492,-0.43522,0.51103,0.56432,0.48060,443.10816
-0.42325,0.20719,0.13493,-0.43519,0.51103,0.56435,0.48059,443.20865
-0.42325,0.20719,0.13494,-0.43516,0.51104,0.56437,0.48058,443.30915
-0.42325,0.20719,0.13495,-0.43514,0.51105,0.56440,0.48056,443.40964
-0.42325,0.20719,0.13496,-0.43511,0.51105,0.56443,0.48055,443.51013
-0.42325,0.20720,0.13497,-0.43508,0.51106,0.56445,0.48053,443.61063
-0.42325,0.20722,0.13498,-0.43505,0.51107,0.56448,0.48052,443.71112
-0.42325,0.20723,0.13499,-0.43503,0.51108,0.56451,0.48051,443.81162
-0.42325,0.20726,0.13500,-0.43500,0.51108,0.56453,0.48049,443.91211
-0.42325,0.20729,0.13501,-0.43497,0.51109,0.56456,0.48048,444.01261
-0.42325,0.20732,0.13502,-0.43495,0.51110,0.56459,0.48046,444.11310
-0.42325,0.20736,0.13503,-0.43492,0.51111,0.56461,0.48045,444.21360
-0.42325,0.20741,0.13504,-0.43489,0.51111,0.56464,0.48043,444.31409
-0.42325,0.20746,0.13505,-0.43486,0.51112,0.56466,0.48042,444.41459
-0.42325,0.20752,0.13506,-0.43484,0.51113,0.56469,0.48041,444.51509
-0.42325,0.20759,0.13507,-0.43481,0.51114,0.56472,0.48039,444.61558
-0.42325,0.20767,0.13508,-0.43478,0.51114,0.56474,0.48038,444.71608
-0.42325,0.20775,0.13509,-0.43476,0.51115,0.56477,0.48036,444.81658
-0.42325,0.20784,0.13510,-0.43473,0.51116,0.56479,0.48035,444.91708
-0.42325,0.20794,0.13511,-0.43470,0.51117,0.56482,0.48033,445.01758
-0.42325,0.20805,0.13512,-0.43468,0.51117,0.56485,0.48032,445.11807
-0.42325,0.20816,0.13513,-0.43465,0.51118,0.56487,0.48030,445.21857
-0.42325,0.20828,0.13514,-0.43463,0.51119,0.56490,0.48029,445.31907
-0.42325,0.20841,0.13515,-0.43460,0.51120,0.56492,0.48027,445.41957
-0.42325,0.20855,0.13516,-0.43457,0.51121,0.56495,0.48026,445.52007
-0.42325,0.20869,0.13517,-0.43455,0.51122,0.56497,0.48024,445.62057
-0.42325,0.20884,0.13518,-0.43452,0.51122,0.56500,0.48023,445.72107
-0.42325,0.20900,0.13519,-0.43449,0.51123,0.56503,0.48021,445.82157
-0.42325,0.20916,0.13520,-0.43447,0.51124,0.56505,0.48020,445.92207
-0.42325,0.20933,0.13521,-0.43444,0.51125,0.56508,0.48018,446.02258
-0.42325,0.20950,0.13522,-0.43442,0.51126,0.56510,0.48017,446.12308
-0.42325,0.20968,0.13523,-0.43439,0.51127,0.56513,0.48015,446.22358
-0.42325,0.20987,0.13524,-0.43436,0.51127,0.56515,0.48014,446.32408
-0.42325,0.21006,0.13525,-0.43434,0.51128,0.56518,0.48012,446.42458
-0.42325,0.21025,0.13526,-0.43431,0.51129,0.56520,0.48011,446.52509
-0.42325,0.21044,0.13527,-0.43429,0.51130,0.56523,0.48009,446.62559
-0.42325,0.21064,0.13528,-0.43426,0.51131,0.56525,0.48008,446.72609
-0.42325,0.21084,0.13529,-0.43423,0.51132,0.56528,0.48006,446.82660
-0.42325,0.21105,0.13530,-0.43421,0.51133,0.56530,0.48004,446.92710
-0.42325,0.21125,0.13531,-0.43418,0.51133,0.56533,0.48003,447.02760
-0.42325,0.21145,0.13532,-0.43416,0.51134,0.56535,0.48001,447.12811
-0.42325,0.21166,0.13533,-0.43413,0.51135,0.56538,0.48000,447.22861
-0.42325,0.21186,0.13534,-0.43411,0.51136,0.56540,0.47998,447.32912
-0.42325,0.21207,0.13535,-0.43408,0.51137,0.56543,0.47997,447.42962
-0.42325,0.21227,0.13536,-0.43405,0.51138,0.56545,0.47995,447.53013
-0.42325,0.21247,0.13537,-0.43403,0.51139,0.56548,0.47993,447.63063
-0.42325,0.21266,0.13538,-0.43400,0.51140,0.56550,0.47992,447.73114
-0.42325,0.21286,0.13539,-0.43398,0.51141,0.56552,0.47990,447.83165
-0.42325,0.21305,0.13541,-0.43395,0.51142,0.56555,0.47989,447.93215
-0.42325,0.21323,0.13542,-0.43393,0.51143,0.56557,0.47987,448.03266
-0.42325,0.21341,0.13543,-0.43390,0.51144,0.56560,0.47985,448.13317
-0.42325,0.21359,0.13544,-0.43388,0.51144,0.56562,0.47984,448.23367
-0.42325,0.21376,0.13545,-0.43385,0.51145,0.56565,0.47982,448.33418
-0.42325,0.21392,0.13546,-0.43383,0.51146,0.56567,0.47981,448.43469
-0.42325,0.21408,0.13547,-0.43380,0.51147,0.56570,0.47979,448.53520
-0.42325,0.21423,0.13548,-0.43378,0.51148,0.56572,0.47977,448.63571
-0.42325,0.21438,0.13549,-0.43375,0.51149,0.56574,0.47976,448.73621
-0.42325,0.21452,0.13550,-0.43373,0.51150,0.56577,0.47974,448.83672
-0.42325,0.21465,0.13551,-0.43370,0.51151,0.56579,0.47973,448.93723
-0.42325,0.21477,0.13552,-0.43368,0.51152,0.56582,0.47971,449.03774
-0.42325,0.21489,0.13553,-0.43365,0.51153,0.56584,0.47969,449.13825
-0.42325,0.21500,0.13554,-0.43363,0.51154,0.56586,0.47968,449.23876
-0.42325,0.21510,0.13555,-0.43360,0.51155,0.56589,0.47966,449.33927
-0.42325,0.21519,0.13556,-0.43358,0.51156,0.56591,0.47964,449.43978
-0.42325,0.21528,0.13557,-0.43356,0.51157,0.56593,0.47963,449.54029
-0.42325,0.21536,0.13558,-0.43353,0.51158,0.56596,0.47961,449.64080
-0.42325,0.21543,0.13559,-0.43351,0.51159,0.56598,0.47959,449.74131
-0.42325,0.21550,0.13560,-0.43348,0.51160,0.56601,0.47958,449.84182
-0.42325,0.21555,0.13561,-0.43346,0.51161,0.56603,0.47956,449.94233
-0.42325,0.21560,0.13562,-0.43343,0.51162,0.56605,0.47954,450.04284
-0.42325,0.21565,0.13563,-0.43341,0.51163,0.56608,0.47953,450.14336
-0.42325,0.21569,0.13564,-0.43338,0.51165,0.56610,0.47951,450.24387
-0.42325,0.21572,0.13565,-0.43336,0.51166,0.56612,0.47949,450.34438
-0.42325,0.21574,0.13566,-0.43334,0.51167,0.56615,0.47947,450.44489
-0.42325,0.21577,0.13567,-0.43331,0.51168,0.56617,0.47946,450.54540
-0.42325,0.21578,0.13568,-0.43329,0.51169,0.56619,0.47944,450.64592
-0.42325,0.21579,0.13569,-0.43326,0.51170,0.56622,0.47942,450.74643
-0.42325,0.21580,0.13570,-0.43324,0.51171,0.56624,0.47941,450.84694
-0.42325,0.21581,0.13571,-0.43322,0.51172,0.56626,0.47939,450.94746
-0.42325,0.21581,0.13572,-0.43319,0.51173,0.56628,0.47937,451.04797
-0.42325,0.21581,0.13573,-0.43317,0.51174,0.56631,0.47935,451.14848
-0.42325,0.21581,0.13574,-0.43314,0.51175,0.56633,0.47934,451.24900
-0.42325,0.21581,0.13575,-0.43312,0.51176,0.56635,0.47932,451.34951
-0.42325,0.21580,0.13576,-0.43310,0.51178,0.56638,0.47930,451.45002
-0.42325,0.21580,0.13577,-0.43307,0.51179,0.56640,0.47929,451.55054
-0.42325,0.21580,0.13578,-0.43305,0.51180,0.56642,0.47927,451.65105
-0.42325,0.21580,0.13579,-0.43303,0.51181,0.56644,0.47925,451.75157
-0.42325,0.21580,0.13580,-0.43300,0.51182,0.56647,0.47923,451.85208
-0.42325,0.21580,0.13581,-0.43298,0.51183,0.56649,0.47922,451.95260
-0.42325,0.21580,0.13582,-0.43296,0.51184,0.56651,0.47920,452.05311
-0.42325,0.21581,0.13583,-0.43293,0.51186,0.56653,0.47918,452.15363
-0.42325,0.21582,0.13584,-0.43291,0.51187,0.56656,0.47916,452.25414
-0.42325,0.21584,0.13585,-0.43289,0.51188,0.56658,0.47914,452.35466
-0.42325,0.21586,0.13586,-0.43286,0.51189,0.56660,0.47913,452.45518
-0.42325,0.21588,0.13587,-0.43284,0.51190,0.56662,0.47911,452.55569
-0.42325,0.21591,0.13588,-0.43282,0.51191,0.56665,0.47909,452.65621
-0.42325,0.21595,0.13589,-0.43279,0.51193,0.56667,0.47907,452.75672
-0.42325,0.21599,0.13590,-0.43277,0.51194,0.56669,0.47906,452.85724
-0.42325,0.21604,0.13591,-0.43275,0.51195,0.56671,0.47904,452.95776
-0.42325,0.21609,0.13592,-0.43272,0.51196,0.56673,0.47902,453.05828
-0.42325,0.21616,0.13593,-0.43270,0.51197,0.56676,0.47900,453.15879
-0.42325,0.21622,0.13594,-0.43268,0.51198,0.56678,0.47898,453.25931
-0.42325,0.21630,0.13595,-0.43265,0.51200,0.56680,0.47896,453.35983
-0.42325,0.21638,0.13596,-0.43263,0.51201,0.56682,0.47895,453.46034
-0.42325,0.21647,0.13597,-0.43261,0.51202,0.56684,0.47893,453.56086
-0.42325,0.21657,0.13598,-0.43259,0.51203,0.56687,0.47891,453.66138
-0.42325,0.21668,0.13599,-0.43256,0.51205,0.56689,0.47889,453.76190
-0.42325,0.21679,0.13600,-0.43254,0.51206,0.56691,0.47887,453.86242
-0.42325,0.21691,0.13601,-0.43252,0.51207,0.56693,0.47885,453.96293
-0.42325,0.21704,0.13602,-0.43250,0.51208,0.56695,0.47884,454.06345
-0.42325,0.21718,0.13603,-0.43247,0.51210,0.56697,0.47882,454.16397
-0.42325,0.21732,0.13604,-0.43245,0.51211,0.56699,0.47880,454.26449
-0.42325,0.21747,0.13605,-0.43243,0.51212,0.56702,0.47878,454.36501
-0.42325,0.21762,0.13606,-0.43241,0.51213,0.56704,0.47876,454.46553
-0.42325,0.21778,0.13607,-0.43238,0.51215,0.56706,0.47874,454.56605
-0.42325,0.21795,0.13608,-0.43236,0.51216,0.56708,0.47872,454.66657
-0.42325,0.21812,0.13610,-0.43234,0.51217,0.56710,0.47871,454.76709
-0.42325,0.21830,0.13611,-0.43232,0.51219,0.56712,0.47869,454.86760
-0.42325,0.21848,0.13612,-0.43229,0.51220,0.56714,0.47867,454.96812
-0.42325,0.21867,0.13613,-0.43227,0.51221,0.56716,0.47865,455.06864
-0.42325,0.21886,0.13614,-0.43225,0.51222,0.56719,0.47863,455.16916
-0.42325,0.21905,0.13615,-0.43223,0.51224,0.56721,0.47861,455.26968
-0.42325,0.21925,0.13616,-0.43221,0.51225,0.56723,0.47859,455.37020
-0.42325,0.21945,0.13617,-0.43218,0.51226,0.56725,0.47857,455.47072
-0.42325,0.21965,0.13618,-0.43216,0.51228,0.56727,0.47855,455.57124
-0.42325,0.21985,0.13619,-0.43214,0.51229,0.56729,0.47853,455.67176
-0.42325,0.22005,0.13620,-0.43212,0.51230,0.56731,0.47852,455.77228
-0.42325,0.22025,0.13621,-0.43210,0.51232,0.56733,0.47850,455.87281
-0.42325,0.22045,0.13622,-0.43208,0.51233,0.56735,0.47848,455.97333
-0.42325,0.22065,0.13623,-0.43205,0.51234,0.56737,0.47846,456.07385
-0.42325,0.22085,0.13624,-0.43203,0.51236,0.56739,0.47844,456.17437
-0.42325,0.22105,0.13625,-0.43201,0.51237,0.56741,0.47842,456.27489
-0.42325,0.22124,0.13626,-0.43199,0.51239,0.56743,0.47840,456.37541
-0.42325,0.22144,0.13627,-0.43197,0.51240,0.56745,0.47838,456.47593
-0.42325,0.22162,0.13628,-0.43195,0.51241,0.56747,0.47836,456.57645
-0.42325,0.22181,0.13629,-0.43192,0.51243,0.56749,0.47834,456.67697
-0.42325,0.22199,0.13630,-0.43190,0.51244,0.56751,0.47832,456.77750
-0.42325,0.22216,0.13631,-0.43188,0.51245,0.56753,0.47830,456.87802
-0.42325,0.22233,0.13632,-0.43186,0.51247,0.56755,0.47828,456.97854
-0.42325,0.22249,0.13633,-0.43184,0.51248,0.56757,0.47826,457.07906
-0.42325,0.22265,0.13634,-0.43182,0.51250,0.56759,0.47824,457.17958
-0.42325,0.22280,0.13635,-0.43180,0.51251,0.56761,0.47822,457.28010
-0.42325,0.22295,0.13636,-0.43178,0.51253,0.56763,0.47820,457.38063
-0.42325,0.22309,0.13637,-0.43176,0.51254,0.56765,0.47818,457.48115
-0.42325,0.22322,0.13638,-0.43173,0.51255,0.56767,0.47816,457.58167
-0.42325,0.22334,0.13639,-0.43171,0.51257,0.56769,0.47814,457.68219
-0.42325,0.22346,0.13640,-0.43169,0.51258,0.56771,0.47812,457.78271
-0.42325,0.22357,0.13641,-0.43167,0.51260,0.56773,0.47810,457.88324
-0.42325,0.22367,0.13642,-0.43165,0.51261,0.56775,0.47808,457.98376
-0.42325,0.22376,0.13643,-0.43163,0.51263,0.56777,0.47806,458.08428
-0.42325,0.22385,0.13644,-0.43161,0.51264,0.56779,0.47804,458.18480
-0.42325,0.22393,0.13645,-0.43159,0.51266,0.56781,0.47802,458.28533
-0.42325,0.22400,0.13646,-0.43157,0.51267,0.56783,0.47800,458.38585
-0.42325,0.22407,0.13647,-0.43155,0.51269,0.56785,0.47798,458.48637
-0.42325,0.22412,0.13648,-0.43153,0.51270,0.56787,0.47796,458.58689
-0.42325,0.22418,0.13649,-0.43151,0.51271,0.56789,0.47794,458.68742
-0.42325,0.22422,0.13650,-0.43149,0.51273,0.56791,0.47792,458.78794
-0.42325,0.22426,0.13651,-0.43147,0.51274,0.56793,0.47790,458.88846
-0.42325,0.22429,0.13652,-0.43145,0.51276,0.56795,0.47788,458.98898
-0.42325,0.22432,0.13653,-0.43142,0.51278,0.56797,0.47786,459.08951
-0.42325,0.22435,0.13655,-0.43140,0.51279,0.56798,0.47784,459.19003
-0.42325,0.22437,0.13656,-0.43138,0.51281,0.56800,0.47782,459.29055
-0.42325,0.22438,0.13657,-0.43136,0.51282,0.56802,0.47780,459.39108
-0.42325,0.22439,0.13658,-0.43134,0.51284,0.56804,0.47778,459.49160
-0.42325,0.22440,0.13659,-0.43132,0.51285,0.56806,0.47776,459.59212
-0.42325,0.22440,0.13660,-0.43130,0.51287,0.56808,0.47774,459.69265
-0.42325,0.22441,0.13661,-0.43128,0.51288,0.56810,0.47771,459.79317
-0.42325,0.22441,0.13662,-0.43126,0.51290,0.56812,0.47769,459.89369
-0.42325,0.22441,0.13663,-0.43124,0.51291,0.56813,0.47767,459.99422
-0.42325,0.22441,0.13664,-0.43122,0.51293,0.56815,0.47765,460.09072
-0.42325,0.22441,0.13665,-0.43120,0.51295,0.56817,0.47763,460.18320
-0.42325,0.22441,0.13666,-0.43118,0.51296,0.56819,0.47761,460.27166
-0.42325,0.22441,0.13666,-0.43116,0.51298,0.56821,0.47759,460.35610
-0.42325,0.22441,0.13667,-0.43115,0.51299,0.56823,0.47757,460.43652
-0.42325,0.22441,0.13668,-0.43113,0.51301,0.56825,0.47755,460.51292
-0.42325,0.22442,0.13669,-0.43111,0.51302,0.56826,0.47752,460.58529
-0.42325,0.22442,0.13669,-0.43109,0.51304,0.56828,0.47750,460.65365
-0.42325,0.22443,0.13670,-0.43107,0.51306,0.56830,0.47748,460.71798
-0.42325,0.22445,0.13671,-0.43105,0.51307,0.56832,0.47746,460.77830
-0.42325,0.22446,0.13671,-0.43103,0.51309,0.56834,0.47744,460.83459
-0.42325,0.22448,0.13672,-0.43101,0.51311,0.56835,0.47742,460.88686
-0.42325,0.22451,0.13672,-0.43099,0.51312,0.56837,0.47740,460.93511
-0.42325,0.22454,0.13673,-0.43097,0.51314,0.56839,0.47738,460.97934
-0.42325,0.22457,0.13673,-0.43095,0.51315,0.56841,0.47735,461.01955
-0.42325,0.22460,0.13674,-0.43093,0.51317,0.56843,0.47733,461.05574
-0.42325,0.22464,0.13674,-0.43091,0.51319,0.56844,0.47731,461.08791
-0.42325,0.22469,0.13674,-0.43089,0.51320,0.56846,0.47729,461.11606
-0.42325,0.22473,0.13674,-0.43087,0.51322,0.56848,0.47727,461.14018
-0.42325,0.22478,0.13675,-0.43085,0.51324,0.56850,0.47725,461.16029
-0.42325,0.22484,0.13675,-0.43083,0.51325,0.56852,0.47722,461.17637
-0.42325,0.22489,0.13675,-0.43081,0.51327,0.56853,0.47720,461.18843
-0.42325,0.22496,0.13675,-0.43080,0.51328,0.56855,0.47718,461.19647
-0.42325,0.22502,0.13675,-0.43078,0.51330,0.56857,0.47716,461.20050
-0.42325,0.22508,0.13675,-0.43076,0.51332,0.56859,0.47714,461.20050
-0.42325,0.22515,0.13675,-0.43074,0.51333,0.56861,0.47712,461.20452
