x,y,z,qx,qy,qz,qw,u
0.12991,0.33564,0.14494,-0.43365,-0.51468,0.55002,-0.49450,0.00000
0.12991,0.33563,0.14494,-0.43367,-0.51467,0.55000,-0.49452,0.00804
0.12991,0.33562,0.14494,-0.43369,-0.51465,0.54998,-0.49454,0.02010
0.12991,0.33560,0.14494,-0.43371,-0.51463,0.54996,-0.49456,0.03619
0.12991,0.33558,0.14495,-0.43372,-0.51462,0.54994,-0.49458,0.05629
0.12991,0.33556,0.14495,-0.43374,-0.51460,0.54993,-0.49460,0.08042
0.12991,0.33553,0.14495,-0.43376,-0.51459,0.54991,-0.49463,0.10857
0.12991,0.33550,0.14495,-0.43378,-0.51457,0.54989,-0.49465,0.14073
0.12991,0.33546,0.14496,-0.43380,-0.51455,0.54987,-0.49467,0.17692
0.12991,0.33542,0.14496,-0.43382,-0.51454,0.54985,-0.49469,0.21713
0.12991,0.33538,0.14497,-0.43384,-0.51452,0.54983,-0.49471,0.26136
0.12992,0.33533,0.14497,-0.43386,-0.51450,0.54982,-0.49473,0.30961
0.12992,0.33528,0.14498,-0.43388,-0.51449,0.54979,-0.49475,0.36188
0.12992,0.33522,0.14498,-0.43390,-0.51447,0.54977,-0.49478,0.41818
0.12992,0.33516,0.14499,-0.43392,-0.51446,0.54975,-0.49479,0.47849
0.12992,0.33510,0.14500,-0.43394,-0.51444,0.54974,-0.49481,0.54283
0.12993,0.33503,0.14500,-0.43396,-0.51442,0.54972,-0.49483,0.61118
0.12993,0.33496,0.14500,-0.43398,-0.51441,0.54970,-0.49485,0.68356
0.12993,0.33488,0.14501,-0.43400,-0.51439,0.54968,-0.49487,0.75996
0.12993,0.33480,0.14502,-0.43402,-0.51438,0.54966,-0.49489,0.84038
0.12994,0.33472,0.14502,-0.43404,-0.51436,0.54964,-0.49491,0.92481
0.12994,0.33463,0.14503,-0.43406,-0.51433,0.54963,-0.49494,1.01328
0.12994,0.33454,0.14504,-0.43408,-0.51432,0.54960,-0.49496,1.10576
0.12994,0.33444,0.14505,-0.43410,-0.51431,0.54958,-0.49498,1.20226
0.12995,0.33434,0.14506,-0.43412,-0.51429,0.54956,-0.49500,1.30278
0.12995,0.33424,0.14507,-0.43414,-0.51428,0.54954,-0.49502,1.40331
0.12995,0.33414,0.14508,-0.43416,-0.51427,0.54952,-0.49503,1.50383
0.12996,0.33404,0.14509,-0.43418,-0.51425,0.54950,-0.49506,1.60435
0.12996,0.33394,0.14510,-0.43420,-0.51423,0.54949,-0.49507,1.70487
0.12996,0.33384,0.14511,-0.43422,-0.51421,0.54947,-0.49509,1.80540
0.12997,0.33374,0.14512,-0.43424,-0.51420,0.54945,-0.49511,1.90592
0.12997,0.33364,0.14512,-0.43426,-0.51419,0.54943,-0.49513,2.00644
0.12997,0.33354,0.14514,-0.43428,-0.51416,0.54941,-0.49516,2.10697
0.12998,0.33344,0.14515,-0.43430,-0.51415,0.54939,-0.49518,2.20749
0.12998,0.33334,0.14516,-0.43432,-0.51414,0.54937,-0.49520,2.30801
0.12998,0.33324,0.14517,-0.43434,-0.51412,0.54935,-0.49522,2.40854
0.12999,0.33314,0.14518,-0.43436,-0.51411,0.54933,-0.49524,2.50906
0.12999,0.33304,0.14519,-0.43438,-0.51410,0.54931,-0.49526,2.60958
0.12999,0.33294,0.14520,-0.43440,-0.51408,0.54929,-0.49528,2.71010
0.13000,0.33284,0.14521,-0.43442,-0.51407,0.54927,-0.49530,2.81063
0.13000,0.33274,0.14522,-0.43444,-0.51404,0.54925,-0.49532,2.91115
0.13000,0.33264,0.14523,-0.43446,-0.51403,0.54923,-0.49533,3.01167
0.13001,0.33254,0.14524,-0.43448,-0.51402,0.54921,-0.49535,3.11219
0.13001,0.33244,0.14525,-0.43450,-0.51400,0.54919,-0.49537,3.21272
0.13001,0.33234,0.14525,-0.43452,-0.51399,0.54917,-0.49539,3.31324
0.13002,0.33224,0.14526,-0.43454,-0.51398,0.54915,-0.49541,3.41376
0.13002,0.33214,0.14527,-0.43457,-0.51396,0.54913,-0.49543,3.51428
0.13002,0.33204,0.14528,-0.43459,-0.51394,0.54911,-0.49545,3.61480
0.13002,0.33194,0.14529,-0.43461,-0.51393,0.54909,-0.49547,3.71533
0.13003,0.33184,0.14530,-0.43463,-0.51391,0.54907,-0.49549,3.81585
0.13003,0.33174,0.14531,-0.43465,-0.51390,0.54905,-0.49551,3.91637
0.13003,0.33164,0.14532,-0.43467,-0.51389,0.54903,-0.49553,4.01689
0.13004,0.33154,0.14533,-0.43469,-0.51387,0.54901,-0.49555,4.11741
0.13004,0.33144,0.14534,-0.43471,-0.51386,0.54899,-0.49557,4.21794
0.13004,0.33134,0.14535,-0.43473,-0.51384,0.54897,-0.49559,4.31846
0.13005,0.33124,0.14536,-0.43476,-0.51383,0.54894,-0.49560,4.41898
0.13005,0.33114,0.14536,-0.43478,-0.51382,0.54892,-0.49562,4.51950
0.13005,0.33104,0.14537,-0.43480,-0.51380,0.54890,-0.49564,4.62002
0.13006,0.33094,0.14538,-0.43482,-0.51379,0.54888,-0.49566,4.72054
0.13006,0.33084,0.14539,-0.43484,-0.51377,0.54886,-0.49568,4.82106
0.13006,0.33074,0.14540,-0.43486,-0.51376,0.54884,-0.49569,4.92159
0.13007,0.33064,0.14541,-0.43488,-0.51375,0.54882,-0.49571,5.02211
0.13007,0.33054,0.14542,-0.43491,-0.51373,0.54880,-0.49573,5.12263
0.13007,0.33044,0.14543,-0.43493,-0.51372,0.54878,-0.49575,5.22315
0.13008,0.33034,0.14544,-0.43495,-0.51371,0.54875,-0.49577,5.32367
0.13008,0.33024,0.14545,-0.43497,-0.51370,0.54873,-0.49579,5.42419
0.13008,0.33014,0.14546,-0.43499,-0.51369,0.54871,-0.49581,5.52471
0.13009,0.33004,0.14547,-0.43501,-0.51367,0.54869,-0.49583,5.62523
0.13009,0.32994,0.14548,-0.43504,-0.51365,0.54867,-0.49585,5.72575
0.13009,0.32984,0.14548,-0.43506,-0.51364,0.54864,-0.49586,5.82627
0.13010,0.32974,0.14549,-0.43508,-0.51363,0.54862,-0.49588,5.92679
0.13010,0.32964,0.14550,-0.43510,-0.51361,0.54860,-0.49590,6.02731
0.13010,0.32954,0.14551,-0.43512,-0.51361,0.54859,-0.49592,6.12783
0.13011,0.32944,0.14552,-0.43515,-0.51359,0.54856,-0.49593,6.22835
0.13011,0.32934,0.14553,-0.43517,-0.51357,0.54854,-0.49595,6.32887
0.13011,0.32924,0.14554,-0.43519,-0.51357,0.54851,-0.49597,6.42939
0.13011,0.32914,0.14556,-0.43521,-0.51355,0.54849,-0.49599,6.52991
0.13012,0.32904,0.14557,-0.43524,-0.51354,0.54847,-0.49601,6.63043
0.13012,0.32894,0.14558,-0.43526,-0.51352,0.54845,-0.49603,6.73095
0.13012,0.32884,0.14559,-0.43528,-0.51351,0.54843,-0.49605,6.83147
0.13013,0.32874,0.14560,-0.43530,-0.51350,0.54841,-0.49606,6.93198
0.13013,0.32864,0.14561,-0.43533,-0.51348,0.54839,-0.49608,7.03250
0.13013,0.32854,0.14561,-0.43535,-0.51347,0.54837,-0.49610,7.13302
0.13014,0.32844,0.14562,-0.43537,-0.51346,0.54834,-0.49612,7.23354
0.13014,0.32834,0.14563,-0.43539,-0.51345,0.54832,-0.49614,7.33406
0.13014,0.32824,0.14564,-0.43542,-0.51344,0.54829,-0.49615,7.43458
0.13015,0.32814,0.14565,-0.43544,-0.51342,0.54827,-0.49617,7.53509
0.13015,0.32804,0.14566,-0.43546,-0.51341,0.54825,-0.49618,7.63561
0.13015,0.32794,0.14567,-0.43548,-0.51340,0.54823,-0.49620,7.73613
0.13016,0.32784,0.14568,-0.43551,-0.51339,0.54820,-0.49622,7.83665
0.13016,0.32774,0.14569,-0.43553,-0.51337,0.54818,-0.49624,7.93716
0.13016,0.32764,0.14570,-0.43555,-0.51336,0.54816,-0.49626,8.03768
0.13017,0.32754,0.14571,-0.43558,-0.51335,0.54814,-0.49627,8.13820
0.13017,0.32744,0.14572,-0.43560,-0.51334,0.54812,-0.49629,8.23872
0.13017,0.32734,0.14572,-0.43562,-0.51333,0.54809,-0.49631,8.33923
0.13018,0.32724,0.14573,-0.43564,-0.51332,0.54807,-0.49633,8.43975
0.13018,0.32714,0.14574,-0.43567,-0.51330,0.54805,-0.49635,8.54027
0.13018,0.32704,0.14575,-0.43569,-0.51329,0.54803,-0.49636,8.64078
0.13019,0.32694,0.14576,-0.43571,-0.51328,0.54801,-0.49638,8.74130
0.13019,0.32684,0.14577,-0.43574,-0.51327,0.54797,-0.49639,8.84181
0.13019,0.32674,0.14578,-0.43576,-0.51326,0.54795,-0.49641,8.94233
0.13020,0.32664,0.14579,-0.43578,-0.51324,0.54793,-0.49643,9.04285
0.13020,0.32654,0.14580,-0.43581,-0.51323,0.54791,-0.49644,9.14336
0.13020,0.32644,0.14581,-0.43583,-0.51322,0.54788,-0.49646,9.24388
0.13021,0.32634,0.14582,-0.43585,-0.51321,0.54786,-0.49648,9.34439
0.13021,0.32624,0.14583,-0.43588,-0.51320,0.54784,-0.49650,9.44491
0.13021,0.32614,0.14584,-0.43590,-0.51319,0.54782,-0.49651,9.54542
0.13021,0.32604,0.14584,-0.43593,-0.51318,0.54779,-0.49653,9.64594
0.13022,0.32594,0.14585,-0.43595,-0.51316,0.54777,-0.49655,9.74645
0.13022,0.32584,0.14586,-0.43597,-0.51315,0.54775,-0.49657,9.84696
0.13022,0.32574,0.14587,-0.43600,-0.51315,0.54772,-0.49658,9.94748
0.13023,0.32564,0.14588,-0.43602,-0.51313,0.54770,-0.49660,10.04799
0.13023,0.32554,0.14589,-0.43604,-0.51312,0.54768,-0.49662,10.14851
0.13023,0.32544,0.14590,-0.43606,-0.51311,0.54765,-0.49663,10.24902
0.13024,0.32534,0.14591,-0.43609,-0.51310,0.54763,-0.49664,10.34953
0.13024,0.32524,0.14592,-0.43612,-0.51309,0.54760,-0.49666,10.45004
0.13024,0.32514,0.14593,-0.43613,-0.51308,0.54758,-0.49668,10.55056
0.13025,0.32504,0.14594,-0.43616,-0.51308,0.54755,-0.49669,10.65107
0.13025,0.32494,0.14595,-0.43618,-0.51306,0.54753,-0.49671,10.75158
0.13025,0.32484,0.14596,-0.43620,-0.51305,0.54751,-0.49673,10.85209
0.13026,0.32474,0.14596,-0.43624,-0.51304,0.54748,-0.49674,10.95261
0.13026,0.32464,0.14597,-0.43626,-0.51303,0.54746,-0.49676,11.05312
0.13026,0.32454,0.14598,-0.43628,-0.51301,0.54744,-0.49678,11.15363
0.13027,0.32444,0.14599,-0.43631,-0.51300,0.54741,-0.49680,11.25414
0.13027,0.32434,0.14600,-0.43633,-0.51300,0.54739,-0.49681,11.35465
0.13027,0.32424,0.14601,-0.43635,-0.51298,0.54737,-0.49682,11.45516
0.13028,0.32414,0.14602,-0.43638,-0.51297,0.54734,-0.49685,11.55567
0.13028,0.32404,0.14603,-0.43640,-0.51296,0.54732,-0.49685,11.65618
0.13028,0.32394,0.14604,-0.43642,-0.51295,0.54729,-0.49687,11.75670
0.13029,0.32384,0.14605,-0.43645,-0.51294,0.54726,-0.49689,11.85721
0.13029,0.32374,0.14606,-0.43647,-0.51293,0.54724,-0.49690,11.95771
0.13029,0.32364,0.14607,-0.43650,-0.51292,0.54721,-0.49692,12.05822
0.13030,0.32354,0.14608,-0.43652,-0.51292,0.54719,-0.49693,12.15873
0.13030,0.32344,0.14608,-0.43655,-0.51290,0.54717,-0.49695,12.25924
0.13030,0.32334,0.14609,-0.43657,-0.51289,0.54714,-0.49697,12.35975
0.13031,0.32324,0.14610,-0.43659,-0.51289,0.54712,-0.49698,12.46026
0.13031,0.32314,0.14611,-0.43662,-0.51288,0.54709,-0.49700,12.56077
0.13031,0.32304,0.14612,-0.43664,-0.51286,0.54707,-0.49702,12.66128
0.13031,0.32294,0.14613,-0.43667,-0.51285,0.54705,-0.49703,12.76178
0.13032,0.32284,0.14614,-0.43669,-0.51285,0.54702,-0.49705,12.86229
0.13032,0.32274,0.14615,-0.43672,-0.51284,0.54700,-0.49706,12.96280
0.13032,0.32264,0.14616,-0.43675,-0.51283,0.54697,-0.49708,13.06331
0.13033,0.32254,0.14617,-0.43677,-0.51282,0.54694,-0.49709,13.16381
0.13033,0.32244,0.14618,-0.43680,-0.51281,0.54691,-0.49710,13.26432
0.13033,0.32234,0.14620,-0.43682,-0.51280,0.54689,-0.49712,13.36483
0.13034,0.32224,0.14620,-0.43685,-0.51280,0.54686,-0.49713,13.46533
0.13034,0.32214,0.14621,-0.43687,-0.51278,0.54684,-0.49715,13.56584
0.13034,0.32204,0.14622,-0.43690,-0.51277,0.54682,-0.49717,13.66635
0.13035,0.32194,0.14623,-0.43692,-0.51277,0.54679,-0.49718,13.76685
0.13035,0.32184,0.14624,-0.43695,-0.51275,0.54677,-0.49720,13.86736
0.13035,0.32174,0.14625,-0.43697,-0.51275,0.54674,-0.49721,13.96786
0.13036,0.32164,0.14626,-0.43700,-0.51273,0.54672,-0.49723,14.06837
0.13036,0.32154,0.14627,-0.43702,-0.51273,0.54669,-0.49724,14.16887
0.13036,0.32144,0.14628,-0.43705,-0.51272,0.54667,-0.49726,14.26937
0.13037,0.32134,0.14629,-0.43708,-0.51271,0.54663,-0.49727,14.36988
0.13037,0.32124,0.14630,-0.43710,-0.51270,0.54662,-0.49728,14.47038
0.13037,0.32114,0.14631,-0.43713,-0.51269,0.54658,-0.49730,14.57088
0.13038,0.32104,0.14632,-0.43715,-0.51269,0.54657,-0.49731,14.67139
0.13038,0.32094,0.14632,-0.43718,-0.51268,0.54653,-0.49733,14.77189
0.13038,0.32084,0.14633,-0.43721,-0.51267,0.54651,-0.49734,14.87239
0.13039,0.32074,0.14634,-0.43723,-0.51266,0.54648,-0.49736,14.97289
0.13039,0.32064,0.14635,-0.43726,-0.51265,0.54646,-0.49737,15.07340
0.13039,0.32054,0.14636,-0.43728,-0.51265,0.54643,-0.49739,15.17390
0.13040,0.32044,0.14637,-0.43731,-0.51264,0.54640,-0.49740,15.27440
0.13040,0.32034,0.14638,-0.43734,-0.51263,0.54638,-0.49742,15.37490
0.13040,0.32024,0.14639,-0.43736,-0.51262,0.54635,-0.49743,15.47540
0.13040,0.32014,0.14640,-0.43739,-0.51261,0.54633,-0.49745,15.57590
0.13041,0.32004,0.14641,-0.43741,-0.51261,0.54630,-0.49746,15.67640
0.13041,0.31994,0.14642,-0.43743,-0.51260,0.54628,-0.49747,15.77690
0.13041,0.31984,0.14643,-0.43747,-0.51259,0.54625,-0.49748,15.87740
0.13042,0.31974,0.14644,-0.43748,-0.51258,0.54623,-0.49750,15.97790
0.13042,0.31964,0.14644,-0.43752,-0.51257,0.54620,-0.49751,16.07840
0.13042,0.31954,0.14645,-0.43754,-0.51257,0.54616,-0.49753,16.17890
0.13043,0.31944,0.14646,-0.43756,-0.51256,0.54614,-0.49754,16.27940
0.13043,0.31934,0.14647,-0.43759,-0.51255,0.54611,-0.49756,16.37989
0.13043,0.31924,0.14648,-0.43762,-0.51254,0.54609,-0.49757,16.48039
0.13044,0.31914,0.14649,-0.43764,-0.51254,0.54606,-0.49759,16.58089
0.13044,0.31904,0.14650,-0.43767,-0.51253,0.54603,-0.49760,16.68139
0.13044,0.31894,0.14651,-0.43770,-0.51252,0.54601,-0.49762,16.78188
0.13045,0.31884,0.14652,-0.43772,-0.51251,0.54598,-0.49763,16.88238
0.13045,0.31874,0.14653,-0.43775,-0.51250,0.54596,-0.49764,16.98288
0.13045,0.31864,0.14654,-0.43778,-0.51250,0.54593,-0.49765,17.08337
0.13046,0.31854,0.14655,-0.43780,-0.51249,0.54590,-0.49767,17.18387
0.13046,0.31844,0.14656,-0.43783,-0.51248,0.54588,-0.49768,17.28436
0.13046,0.31834,0.14656,-0.43786,-0.51248,0.54585,-0.49769,17.38486
0.13047,0.31824,0.14657,-0.43789,-0.51247,0.54581,-0.49771,17.48535
0.13047,0.31814,0.14658,-0.43791,-0.51246,0.54580,-0.49772,17.58585
0.13047,0.31804,0.14659,-0.43794,-0.51245,0.54577,-0.49773,17.68634
0.13048,0.31794,0.14660,-0.43797,-0.51245,0.54573,-0.49775,17.78683
0.13048,0.31784,0.14661,-0.43799,-0.51244,0.54571,-0.49776,17.88733
0.13048,0.31774,0.14662,-0.43802,-0.51243,0.54568,-0.49778,17.98782
0.13049,0.31764,0.14663,-0.43805,-0.51243,0.54565,-0.49779,18.08831
0.13049,0.31754,0.14664,-0.43808,-0.51242,0.54563,-0.49780,18.18881
0.13049,0.31744,0.14665,-0.43810,-0.51241,0.54560,-0.49782,18.28930
0.13050,0.31734,0.14666,-0.43813,-0.51241,0.54557,-0.49783,18.38979
0.13050,0.31724,0.14667,-0.43816,-0.51240,0.54555,-0.49784,18.49028
0.13050,0.31714,0.14667,-0.43819,-0.51239,0.54552,-0.49785,18.59077
0.13050,0.31704,0.14668,-0.43821,-0.51239,0.54549,-0.49787,18.69126
0.13051,0.31694,0.14668,-0.43824,-0.51238,0.54546,-0.49788,18.79175
0.13051,0.31684,0.14669,-0.43827,-0.51237,0.54544,-0.49789,18.89224
0.13051,0.31674,0.14670,-0.43830,-0.51237,0.54541,-0.49790,18.99273
0.13052,0.31664,0.14671,-0.43833,-0.51236,0.54537,-0.49792,19.09322
0.13052,0.31654,0.14672,-0.43835,-0.51235,0.54536,-0.49793,19.19371
0.13052,0.31644,0.14673,-0.43837,-0.51235,0.54532,-0.49795,19.29420
0.13053,0.31634,0.14674,-0.43840,-0.51234,0.54529,-0.49796,19.39469
0.13053,0.31624,0.14675,-0.43843,-0.51233,0.54527,-0.49797,19.49517
0.13053,0.31614,0.14676,-0.43846,-0.51233,0.54524,-0.49798,19.59566
0.13054,0.31604,0.14677,-0.43848,-0.51232,0.54521,-0.49800,19.69615
0.13054,0.31594,0.14678,-0.43851,-0.51232,0.54518,-0.49801,19.79663
0.13054,0.31584,0.14678,-0.43854,-0.51231,0.54516,-0.49802,19.89712
0.13055,0.31574,0.14679,-0.43857,-0.51230,0.54513,-0.49803,19.99761
0.13055,0.31564,0.14680,-0.43860,-0.51230,0.54510,-0.49804,20.09809
0.13055,0.31554,0.14681,-0.43862,-0.51230,0.54507,-0.49806,20.19858
0.13056,0.31544,0.14682,-0.43865,-0.51229,0.54504,-0.49807,20.29906
0.13056,0.31534,0.14683,-0.43868,-0.51228,0.54501,-0.49808,20.39955
0.13056,0.31524,0.14684,-0.43871,-0.51227,0.54499,-0.49809,20.50003
0.13057,0.31514,0.14685,-0.43874,-0.51227,0.54495,-0.49811,20.60051
0.13057,0.31504,0.14686,-0.43877,-0.51226,0.54492,-0.49812,20.70100
0.13057,0.31494,0.14687,-0.43879,-0.51227,0.54490,-0.49813,20.80148
0.13058,0.31484,0.14688,-0.43882,-0.51225,0.54487,-0.49815,20.90196
0.13058,0.31474,0.14689,-0.43885,-0.51225,0.54484,-0.49816,21.00245
0.13058,0.31464,0.14690,-0.43888,-0.51224,0.54481,-0.49817,21.10293
0.13059,0.31454,0.14690,-0.43891,-0.51224,0.54478,-0.49818,21.20341
0.13059,0.31444,0.14691,-0.43894,-0.51223,0.54475,-0.49820,21.30389
0.13059,0.31434,0.14692,-0.43896,-0.51223,0.54472,-0.49820,21.40437
0.13060,0.31424,0.14693,-0.43900,-0.51222,0.54470,-0.49821,21.50485
0.13060,0.31414,0.14694,-0.43902,-0.51222,0.54467,-0.49823,21.60533
0.13060,0.31404,0.14695,-0.43905,-0.51221,0.54464,-0.49824,21.70581
0.13061,0.31394,0.14696,-0.43908,-0.51221,0.54461,-0.49825,21.80629
0.13061,0.31384,0.14697,-0.43911,-0.51221,0.54458,-0.49826,21.90677
0.13061,0.31374,0.14698,-0.43914,-0.51220,0.54456,-0.49827,22.00725
0.13061,0.31363,0.14699,-0.43916,-0.51219,0.54452,-0.49829,22.10772
0.13062,0.31353,0.14700,-0.43919,-0.51219,0.54449,-0.49830,22.20820
0.13062,0.31343,0.14701,-0.43922,-0.51219,0.54446,-0.49831,22.30868
0.13062,0.31333,0.14702,-0.43925,-0.51219,0.54443,-0.49832,22.40915
0.13063,0.31323,0.14702,-0.43928,-0.51218,0.54440,-0.49833,22.50963
0.13063,0.31313,0.14703,-0.43931,-0.51217,0.54437,-0.49834,22.61011
0.13063,0.31303,0.14704,-0.43934,-0.51217,0.54434,-0.49836,22.71058
0.13064,0.31293,0.14705,-0.43937,-0.51216,0.54431,-0.49836,22.81106
0.13064,0.31283,0.14706,-0.43939,-0.51216,0.54429,-0.49837,22.91153
0.13064,0.31273,0.14707,-0.43942,-0.51216,0.54425,-0.49839,23.01201
0.13065,0.31263,0.14708,-0.43945,-0.51215,0.54423,-0.49840,23.11248
0.13065,0.31253,0.14709,-0.43948,-0.51215,0.54420,-0.49841,23.21295
0.13065,0.31243,0.14710,-0.43951,-0.51214,0.54417,-0.49842,23.31343
0.13066,0.31233,0.14711,-0.43954,-0.51214,0.54414,-0.49843,23.41390
0.13066,0.31223,0.14712,-0.43957,-0.51214,0.54410,-0.49844,23.51437
0.13066,0.31213,0.14713,-0.43960,-0.51213,0.54407,-0.49846,23.61484
0.13067,0.31203,0.14713,-0.43963,-0.51213,0.54404,-0.49847,23.71531
0.13067,0.31193,0.14714,-0.43966,-0.51212,0.54401,-0.49848,23.81578
0.13067,0.31183,0.14715,-0.43969,-0.51212,0.54398,-0.49849,23.91625
0.13068,0.31173,0.14716,-0.43972,-0.51212,0.54395,-0.49850,24.01672
0.13068,0.31163,0.14716,-0.43975,-0.51211,0.54392,-0.49851,24.11719
0.13068,0.31153,0.14717,-0.43977,-0.51211,0.54390,-0.49852,24.21766
0.13069,0.31143,0.14718,-0.43981,-0.51210,0.54387,-0.49853,24.31813
0.13069,0.31133,0.14719,-0.43983,-0.51210,0.54384,-0.49854,24.41860
0.13069,0.31123,0.14720,-0.43986,-0.51210,0.54380,-0.49855,24.51907
0.13070,0.31113,0.14721,-0.43990,-0.51209,0.54378,-0.49856,24.61953
0.13070,0.31103,0.14722,-0.43992,-0.51209,0.54374,-0.49857,24.72000
0.13070,0.31093,0.14723,-0.43995,-0.51209,0.54371,-0.49858,24.82047
0.13071,0.31083,0.14724,-0.43998,-0.51208,0.54368,-0.49859,24.92093
0.13071,0.31073,0.14724,-0.44001,-0.51208,0.54365,-0.49861,25.02140
0.13071,0.31063,0.14725,-0.44004,-0.51207,0.54362,-0.49862,25.12186
0.13072,0.31053,0.14726,-0.44007,-0.51207,0.54359,-0.49863,25.22233
0.13072,0.31043,0.14727,-0.44010,-0.51207,0.54356,-0.49864,25.32279
0.13072,0.31033,0.14728,-0.44014,-0.51206,0.54353,-0.49864,25.42326
0.13072,0.31023,0.14729,-0.44017,-0.51206,0.54350,-0.49865,25.52372
0.13073,0.31013,0.14730,-0.44020,-0.51206,0.54347,-0.49866,25.62418
0.13073,0.31003,0.14731,-0.44023,-0.51205,0.54344,-0.49867,25.72464
0.13073,0.30993,0.14732,-0.44026,-0.51205,0.54341,-0.49868,25.82511
0.13074,0.30983,0.14733,-0.44029,-0.51205,0.54337,-0.49869,25.92557
0.13074,0.30973,0.14734,-0.44032,-0.51205,0.54334,-0.49870,26.02603
0.13074,0.30963,0.14735,-0.44035,-0.51204,0.54331,-0.49872,26.12649
0.13075,0.30953,0.14736,-0.44038,-0.51204,0.54327,-0.49873,26.22695
0.13075,0.30943,0.14736,-0.44041,-0.51204,0.54324,-0.49874,26.32741
0.13075,0.30933,0.14737,-0.44044,-0.51204,0.54321,-0.49875,26.42787
0.13076,0.30923,0.14738,-0.44047,-0.51204,0.54318,-0.49876,26.52833
0.13076,0.30913,0.14739,-0.44050,-0.51203,0.54315,-0.49877,26.62878
0.13076,0.30903,0.14740,-0.44053,-0.51203,0.54312,-0.49877,26.72924
0.13077,0.30893,0.14741,-0.44056,-0.51203,0.54309,-0.49879,26.82970
0.13077,0.30883,0.14741,-0.44059,-0.51202,0.54306,-0.49879,26.93016
0.13077,0.30873,0.14742,-0.44062,-0.51202,0.54303,-0.49880,27.03061
0.13078,0.30863,0.14743,-0.44065,-0.51202,0.54300,-0.49881,27.13107
0.13078,0.30853,0.14744,-0.44068,-0.51202,0.54297,-0.49882,27.23152
0.13078,0.30843,0.14745,-0.44071,-0.51202,0.54294,-0.49883,27.33198
0.13079,0.30833,0.14746,-0.44075,-0.51202,0.54289,-0.49884,27.43243
0.13079,0.30823,0.14747,-0.44078,-0.51202,0.54286,-0.49885,27.53289
0.13079,0.30813,0.14747,-0.44081,-0.51201,0.54284,-0.49886,27.63334
0.13080,0.30803,0.14748,-0.44084,-0.51201,0.54280,-0.49887,27.73379
0.13080,0.30793,0.14749,-0.44087,-0.51201,0.54277,-0.49888,27.83424
0.13080,0.30783,0.14750,-0.44090,-0.51201,0.54274,-0.49889,27.93470
0.13081,0.30773,0.14751,-0.44094,-0.51200,0.54271,-0.49890,28.03515
0.13081,0.30763,0.14752,-0.44097,-0.51200,0.54268,-0.49890,28.13560
0.13081,0.30753,0.14753,-0.44100,-0.51200,0.54264,-0.49892,28.23605
0.13082,0.30743,0.14754,-0.44103,-0.51200,0.54261,-0.49892,28.33650
0.13082,0.30733,0.14755,-0.44106,-0.51200,0.54258,-0.49893,28.43695
0.13082,0.30723,0.14756,-0.44109,-0.51200,0.54255,-0.49894,28.53740
0.13083,0.30713,0.14757,-0.44113,-0.51199,0.54252,-0.49895,28.63784
0.13083,0.30703,0.14758,-0.44115,-0.51199,0.54248,-0.49896,28.73829
0.13083,0.30693,0.14758,-0.44119,-0.51199,0.54245,-0.49897,28.83874
0.13084,0.30683,0.14758,-0.44121,-0.51199,0.54241,-0.49898,28.93919
0.13084,0.30673,0.14759,-0.44124,-0.51199,0.54238,-0.49899,29.03963
0.13084,0.30663,0.14760,-0.44128,-0.51199,0.54235,-0.49900,29.14008
0.13084,0.30653,0.14761,-0.44131,-0.51198,0.54232,-0.49901,29.24052
0.13085,0.30643,0.14762,-0.44134,-0.51198,0.54229,-0.49902,29.34097
0.13085,0.30633,0.14763,-0.44137,-0.51198,0.54225,-0.49903,29.44141
0.13085,0.30623,0.14764,-0.44141,-0.51198,0.54222,-0.49903,29.54186
0.13086,0.30613,0.14765,-0.44144,-0.51198,0.54219,-0.49903,29.64230
0.13086,0.30603,0.14766,-0.44147,-0.51198,0.54216,-0.49904,29.74274
0.13086,0.30593,0.14767,-0.44150,-0.51198,0.54213,-0.49905,29.84319
0.13087,0.30583,0.14768,-0.44153,-0.51198,0.54209,-0.49907,29.94363
0.13087,0.30573,0.14769,-0.44157,-0.51197,0.54206,-0.49907,30.04407
0.13087,0.30563,0.14769,-0.44160,-0.51197,0.54203,-0.49908,30.14451
0.13088,0.30553,0.14770,-0.44163,-0.51197,0.54199,-0.49909,30.24495
0.13088,0.30543,0.14771,-0.44167,-0.51197,0.54195,-0.49910,30.34539
0.13088,0.30533,0.14772,-0.44170,-0.51197,0.54192,-0.49911,30.44583
0.13089,0.30523,0.14773,-0.44172,-0.51197,0.54189,-0.49912,30.54627
0.13089,0.30513,0.14773,-0.44176,-0.51198,0.54186,-0.49912,30.64671
0.13089,0.30503,0.14774,-0.44180,-0.51198,0.54182,-0.49913,30.74714
0.13090,0.30493,0.14775,-0.44182,-0.51198,0.54179,-0.49914,30.84758
0.13090,0.30483,0.14776,-0.44185,-0.51198,0.54176,-0.49914,30.94802
0.13090,0.30473,0.14777,-0.44188,-0.51197,0.54173,-0.49916,31.04845
0.13091,0.30463,0.14778,-0.44192,-0.51197,0.54169,-0.49916,31.14889
0.13091,0.30453,0.14779,-0.44195,-0.51197,0.54166,-0.49917,31.24932
0.13091,0.30443,0.14780,-0.44198,-0.51197,0.54163,-0.49917,31.34976
0.13092,0.30433,0.14780,-0.44202,-0.51197,0.54159,-0.49918,31.45019
0.13092,0.30423,0.14781,-0.44205,-0.51197,0.54156,-0.49919,31.55062
0.13092,0.30413,0.14782,-0.44208,-0.51197,0.54153,-0.49920,31.65106
0.13093,0.30403,0.14783,-0.44212,-0.51197,0.54149,-0.49921,31.75149
0.13093,0.30393,0.14784,-0.44215,-0.51197,0.54145,-0.49922,31.85192
0.13093,0.30383,0.14785,-0.44218,-0.51197,0.54142,-0.49923,31.95235
0.13094,0.30373,0.14786,-0.44222,-0.51197,0.54139,-0.49923,32.05278
0.13094,0.30363,0.14786,-0.44225,-0.51197,0.54135,-0.49924,32.15321
0.13094,0.30353,0.14787,-0.44228,-0.51197,0.54132,-0.49925,32.25364
0.13095,0.30343,0.14788,-0.44231,-0.51197,0.54129,-0.49925,32.35407
0.13095,0.30333,0.14789,-0.44235,-0.51197,0.54125,-0.49926,32.45450
0.13095,0.30323,0.14790,-0.44238,-0.51197,0.54122,-0.49927,32.55493
0.13096,0.30313,0.14791,-0.44241,-0.51197,0.54119,-0.49927,32.65536
0.13096,0.30303,0.14791,-0.44245,-0.51197,0.54115,-0.49928,32.75578
0.13096,0.30293,0.14792,-0.44248,-0.51197,0.54111,-0.49929,32.85621
0.13096,0.30283,0.14793,-0.44251,-0.51197,0.54108,-0.49930,32.95663
0.13097,0.30273,0.14794,-0.44254,-0.51198,0.54105,-0.49930,33.05706
0.13097,0.30263,0.14795,-0.44258,-0.51197,0.54101,-0.49931,33.15748
0.13097,0.30253,0.14796,-0.44261,-0.51197,0.54098,-0.49932,33.25791
0.13098,0.30243,0.14797,-0.44264,-0.51198,0.54094,-0.49933,33.35833
0.13098,0.30233,0.14797,-0.44268,-0.51197,0.54091,-0.49934,33.45875
0.13098,0.30223,0.14798,-0.44271,-0.51198,0.54087,-0.49934,33.55918
0.13099,0.30213,0.14799,-0.44275,-0.51198,0.54084,-0.49935,33.65960
0.13099,0.30203,0.14800,-0.44278,-0.51197,0.54081,-0.49935,33.76002
0.13099,0.30193,0.14801,-0.44281,-0.51198,0.54077,-0.49937,33.86044
0.13100,0.30183,0.14801,-0.44285,-0.51198,0.54074,-0.49936,33.96086
0.13100,0.30173,0.14802,-0.44287,-0.51198,0.54071,-0.49937,34.06128
0.13100,0.30163,0.14803,-0.44291,-0.51198,0.54066,-0.49938,34.16170
0.13101,0.30153,0.14804,-0.44294,-0.51198,0.54063,-0.49939,34.26212
0.13101,0.30143,0.14805,-0.44298,-0.51199,0.54059,-0.49939,34.36253
0.13101,0.30133,0.14806,-0.44301,-0.51199,0.54056,-0.49940,34.46295
0.13102,0.30123,0.14807,-0.44304,-0.51199,0.54053,-0.49941,34.56337
0.13102,0.30113,0.14807,-0.44308,-0.51199,0.54049,-0.49942,34.66378
0.13102,0.30103,0.14808,-0.44311,-0.51199,0.54046,-0.49942,34.76420
0.13103,0.30093,0.14809,-0.44315,-0.51199,0.54042,-0.49943,34.86461
0.13103,0.30083,0.14810,-0.44318,-0.51199,0.54039,-0.49944,34.96503
0.13103,0.30073,0.14811,-0.44322,-0.51200,0.54035,-0.49943,35.06544
0.13104,0.30063,0.14812,-0.44325,-0.51200,0.54032,-0.49944,35.16585
0.13104,0.30053,0.14812,-0.44329,-0.51200,0.54028,-0.49945,35.26627
0.13104,0.30043,0.14813,-0.44332,-0.51200,0.54025,-0.49946,35.36668
0.13105,0.30033,0.14814,-0.44336,-0.51200,0.54021,-0.49946,35.46709
0.13105,0.30023,0.14815,-0.44339,-0.51200,0.54018,-0.49947,35.56750
0.13105,0.30013,0.14816,-0.44342,-0.51200,0.54014,-0.49948,35.66791
0.13106,0.30003,0.14816,-0.44346,-0.51201,0.54010,-0.49948,35.76832
0.13106,0.29993,0.14817,-0.44349,-0.51201,0.54007,-0.49949,35.86873
0.13106,0.29983,0.14818,-0.44352,-0.51201,0.54003,-0.49950,35.96914
0.13107,0.29973,0.14819,-0.44356,-0.51201,0.54000,-0.49950,36.06955
0.13107,0.29963,0.14820,-0.44359,-0.51201,0.53996,-0.49951,36.16995
0.13107,0.29953,0.14821,-0.44363,-0.51201,0.53993,-0.49951,36.27036
0.13108,0.29943,0.14822,-0.44366,-0.51202,0.53989,-0.49952,36.37077
0.13108,0.29933,0.14823,-0.44370,-0.51202,0.53986,-0.49952,36.47117
0.13108,0.29923,0.14823,-0.44373,-0.51202,0.53982,-0.49953,36.57158
0.13109,0.29913,0.14824,-0.44377,-0.51202,0.53979,-0.49953,36.67198
0.13109,0.29903,0.14825,-0.44380,-0.51203,0.53975,-0.49954,36.77238
0.13109,0.29893,0.14825,-0.44384,-0.51202,0.53971,-0.49955,36.87279
0.13110,0.29883,0.14826,-0.44387,-0.51204,0.53968,-0.49955,36.97319
0.13110,0.29873,0.14827,-0.44390,-0.51203,0.53964,-0.49956,37.07359
0.13110,0.29863,0.14828,-0.44394,-0.51204,0.53961,-0.49956,37.17399
0.13110,0.29853,0.14829,-0.44398,-0.51204,0.53956,-0.49957,37.27439
0.13111,0.29843,0.14830,-0.44401,-0.51204,0.53953,-0.49958,37.37479
0.13111,0.29833,0.14831,-0.44405,-0.51205,0.53949,-0.49958,37.47519
0.13111,0.29823,0.14832,-0.44408,-0.51205,0.53946,-0.49958,37.57559
0.13112,0.29813,0.14833,-0.44412,-0.51205,0.53942,-0.49959,37.67599
0.13112,0.29803,0.14833,-0.44415,-0.51205,0.53939,-0.49959,37.77639
0.13112,0.29793,0.14833,-0.44418,-0.51206,0.53935,-0.49960,37.87678
0.13113,0.29783,0.14834,-0.44422,-0.51206,0.53932,-0.49960,37.97718
0.13113,0.29773,0.14835,-0.44425,-0.51206,0.53928,-0.49961,38.07758
0.13113,0.29763,0.14836,-0.44429,-0.51206,0.53924,-0.49961,38.17797
0.13114,0.29753,0.14837,-0.44433,-0.51207,0.53920,-0.49962,38.27837
0.13114,0.29743,0.14838,-0.44436,-0.51207,0.53916,-0.49963,38.37876
0.13114,0.29733,0.14839,-0.44440,-0.51207,0.53913,-0.49963,38.47915
0.13115,0.29723,0.14840,-0.44443,-0.51207,0.53910,-0.49964,38.57955
0.13115,0.29713,0.14840,-0.44447,-0.51208,0.53905,-0.49964,38.67994
0.13115,0.29703,0.14841,-0.44450,-0.51208,0.53902,-0.49965,38.78033
0.13116,0.29693,0.14842,-0.44454,-0.51209,0.53898,-0.49965,38.88072
0.13116,0.29683,0.14843,-0.44457,-0.51209,0.53895,-0.49965,38.98111
0.13116,0.29673,0.14843,-0.44460,-0.51209,0.53891,-0.49966,39.08150
0.13117,0.29663,0.14844,-0.44464,-0.51210,0.53887,-0.49967,39.18189
0.13117,0.29653,0.14845,-0.44468,-0.51209,0.53884,-0.49967,39.28228
0.13117,0.29643,0.14846,-0.44471,-0.51211,0.53880,-0.49967,39.38267
0.13118,0.29633,0.14847,-0.44475,-0.51210,0.53876,-0.49968,39.48305
0.13118,0.29623,0.14847,-0.44479,-0.51211,0.53873,-0.49968,39.58344
0.13118,0.29613,0.14848,-0.44482,-0.51212,0.53869,-0.49969,39.68382
0.13119,0.29603,0.14849,-0.44486,-0.51212,0.53865,-0.49969,39.78421
0.13119,0.29593,0.14850,-0.44490,-0.51212,0.53861,-0.49970,39.88459
0.13119,0.29583,0.14851,-0.44493,-0.51213,0.53857,-0.49970,39.98498
0.13120,0.29573,0.14852,-0.44497,-0.51213,0.53854,-0.49971,40.08536
0.13120,0.29563,0.14853,-0.44501,-0.51213,0.53850,-0.49971,40.18574
0.13120,0.29553,0.14854,-0.44504,-0.51214,0.53846,-0.49972,40.28613
0.13121,0.29543,0.14853,-0.44507,-0.51214,0.53843,-0.49972,40.38651
0.13121,0.29533,0.14854,-0.44511,-0.51214,0.53839,-0.49972,40.48689
0.13121,0.29523,0.14855,-0.44514,-0.51215,0.53835,-0.49973,40.58727
0.13122,0.29513,0.14856,-0.44518,-0.51215,0.53832,-0.49973,40.68765
0.13122,0.29503,0.14857,-0.44522,-0.51215,0.53828,-0.49973,40.78803
0.13122,0.29493,0.14858,-0.44525,-0.51216,0.53824,-0.49974,40.88841
0.13123,0.29483,0.14859,-0.44529,-0.51216,0.53821,-0.49974,40.98878
0.13123,0.29473,0.14860,-0.44533,-0.51217,0.53816,-0.49975,41.08916
0.13123,0.29463,0.14860,-0.44536,-0.51217,0.53813,-0.49975,41.18954
0.13124,0.29453,0.14861,-0.44540,-0.51217,0.53809,-0.49976,41.28991
0.13124,0.29443,0.14862,-0.44544,-0.51218,0.53805,-0.49976,41.39029
0.13124,0.29433,0.14863,-0.44548,-0.51218,0.53801,-0.49977,41.49066
0.13125,0.29423,0.14864,-0.44551,-0.51219,0.53797,-0.49977,41.59103
0.13125,0.29413,0.14864,-0.44554,-0.51219,0.53794,-0.49977,41.69141
0.13125,0.29403,0.14865,-0.44558,-0.51220,0.53790,-0.49977,41.79178
0.13126,0.29393,0.14865,-0.44562,-0.51221,0.53786,-0.49978,41.89215
0.13126,0.29383,0.14866,-0.44565,-0.51221,0.53782,-0.49979,41.99252
0.13126,0.29373,0.14867,-0.44569,-0.51222,0.53779,-0.49978,42.09289
0.13127,0.29363,0.14868,-0.44573,-0.51222,0.53774,-0.49979,42.19326
0.13127,0.29353,0.14869,-0.44576,-0.51222,0.53771,-0.49979,42.29363
0.13127,0.29343,0.14870,-0.44580,-0.51223,0.53767,-0.49980,42.39400
0.13127,0.29333,0.14871,-0.44584,-0.51223,0.53763,-0.49980,42.49437
0.13128,0.29323,0.14871,-0.44588,-0.51224,0.53759,-0.49980,42.59474
0.13128,0.29313,0.14872,-0.44591,-0.51224,0.53755,-0.49981,42.69510
0.13128,0.29303,0.14873,-0.44595,-0.51225,0.53751,-0.49981,42.79547
0.13129,0.29293,0.14874,-0.44598,-0.51225,0.53748,-0.49982,42.89583
0.13129,0.29283,0.14874,-0.44602,-0.51226,0.53744,-0.49981,42.99620
0.13129,0.29273,0.14875,-0.44606,-0.51226,0.53740,-0.49982,43.09656
0.13130,0.29263,0.14876,-0.44609,-0.51227,0.53736,-0.49982,43.19693
0.13130,0.29253,0.14876,-0.44614,-0.51227,0.53732,-0.49983,43.29729
0.13130,0.29243,0.14877,-0.44617,-0.51227,0.53729,-0.49983,43.39765
0.13131,0.29233,0.14878,-0.44621,-0.51228,0.53725,-0.49983,43.49801
0.13131,0.29223,0.14879,-0.44625,-0.51228,0.53721,-0.49983,43.59837
0.13131,0.29213,0.14880,-0.44628,-0.51229,0.53717,-0.49984,43.69873
0.13132,0.29203,0.14881,-0.44632,-0.51230,0.53713,-0.49984,43.79909
0.13132,0.29193,0.14882,-0.44636,-0.51230,0.53709,-0.49985,43.89945
0.13132,0.29183,0.14882,-0.44640,-0.51230,0.53705,-0.49985,43.99981
0.13133,0.29173,0.14883,-0.44644,-0.51231,0.53701,-0.49985,44.10017
0.13133,0.29163,0.14884,-0.44647,-0.51232,0.53697,-0.49986,44.20052
0.13133,0.29153,0.14884,-0.44651,-0.51233,0.53693,-0.49986,44.30088
0.13134,0.29143,0.14885,-0.44655,-0.51233,0.53689,-0.49986,44.40123
0.13134,0.29133,0.14886,-0.44658,-0.51233,0.53686,-0.49986,44.50159
0.13134,0.29123,0.14886,-0.44662,-0.51234,0.53682,-0.49986,44.60194
0.13135,0.29113,0.14887,-0.44666,-0.51235,0.53678,-0.49986,44.70229
0.13135,0.29103,0.14888,-0.44669,-0.51236,0.53674,-0.49987,44.80265
0.13135,0.29093,0.14889,-0.44673,-0.51236,0.53670,-0.49987,44.90300
0.13136,0.29083,0.14890,-0.44677,-0.51237,0.53666,-0.49987,45.00335
0.13136,0.29073,0.14891,-0.44681,-0.51237,0.53662,-0.49988,45.10370
0.13136,0.29063,0.14892,-0.44685,-0.51238,0.53658,-0.49988,45.20405
0.13137,0.29053,0.14892,-0.44689,-0.51238,0.53654,-0.49988,45.30440
0.13137,0.29043,0.14893,-0.44692,-0.51239,0.53650,-0.49989,45.40475
0.13137,0.29033,0.14893,-0.44696,-0.51239,0.53646,-0.49989,45.50510
0.13138,0.29023,0.14894,-0.44700,-0.51240,0.53642,-0.49989,45.60544
0.13138,0.29013,0.14895,-0.44704,-0.51240,0.53638,-0.49990,45.70579
0.13138,0.29003,0.14896,-0.44707,-0.51241,0.53634,-0.49990,45.80614
0.13139,0.28993,0.14896,-0.44711,-0.51242,0.53630,-0.49989,45.90648
0.13139,0.28983,0.14897,-0.44715,-0.51242,0.53627,-0.49989,46.00683
0.13139,0.28973,0.14898,-0.44719,-0.51243,0.53622,-0.49990,46.10717
0.13140,0.28963,0.14899,-0.44723,-0.51243,0.53619,-0.49990,46.20751
0.13140,0.28953,0.14900,-0.44727,-0.51244,0.53614,-0.49990,46.30786
0.13140,0.28943,0.14900,-0.44730,-0.51245,0.53610,-0.49991,46.40820
0.13141,0.28933,0.14901,-0.44734,-0.51246,0.53606,-0.49991,46.50854
0.13141,0.28923,0.14902,-0.44738,-0.51247,0.53602,-0.49991,46.60888
0.13141,0.28913,0.14903,-0.44742,-0.51247,0.53599,-0.49991,46.70922
0.13142,0.28903,0.14903,-0.44746,-0.51248,0.53594,-0.49992,46.80956
0.13142,0.28893,0.14904,-0.44749,-0.51249,0.53590,-0.49992,46.90990
0.13142,0.28883,0.14904,-0.44754,-0.51249,0.53586,-0.49992,47.01023
0.13143,0.28873,0.14905,-0.44757,-0.51250,0.53582,-0.49992,47.11057
0.13143,0.28863,0.14906,-0.44761,-0.51250,0.53578,-0.49993,47.21091
0.13143,0.28853,0.14907,-0.44765,-0.51251,0.53574,-0.49992,47.31124
0.13144,0.28843,0.14908,-0.44769,-0.51252,0.53570,-0.49992,47.41158
0.13144,0.28833,0.14909,-0.44773,-0.51252,0.53567,-0.49992,47.51191
0.13144,0.28823,0.14909,-0.44777,-0.51253,0.53562,-0.49993,47.61225
0.13145,0.28813,0.14910,-0.44781,-0.51254,0.53558,-0.49993,47.71258
0.13145,0.28803,0.14911,-0.44785,-0.51254,0.53554,-0.49993,47.81291
0.13145,0.28793,0.14912,-0.44789,-0.51255,0.53550,-0.49993,47.91324
0.13146,0.28783,0.14913,-0.44792,-0.51256,0.53546,-0.49993,48.01357
0.13146,0.28773,0.14912,-0.44796,-0.51256,0.53542,-0.49994,48.11390
0.13146,0.28763,0.14913,-0.44799,-0.51257,0.53538,-0.49994,48.21423
0.13147,0.28753,0.14914,-0.44803,-0.51258,0.53534,-0.49994,48.31456
0.13147,0.28743,0.14915,-0.44807,-0.51259,0.53530,-0.49994,48.41489
0.13147,0.28733,0.14916,-0.44811,-0.51260,0.53526,-0.49994,48.51522
0.13148,0.28723,0.14916,-0.44815,-0.51261,0.53522,-0.49994,48.61555
0.13148,0.28713,0.14917,-0.44819,-0.51261,0.53518,-0.49994,48.71587
0.13148,0.28703,0.14918,-0.44823,-0.51262,0.53514,-0.49994,48.81620
0.13149,0.28693,0.14919,-0.44827,-0.51263,0.53510,-0.49994,48.91652
0.13149,0.28683,0.14920,-0.44831,-0.51263,0.53506,-0.49994,49.01685
0.13149,0.28673,0.14921,-0.44835,-0.51264,0.53501,-0.49995,49.11717
0.13150,0.28663,0.14921,-0.44838,-0.51265,0.53497,-0.49995,49.21749
0.13150,0.28653,0.14922,-0.44842,-0.51266,0.53493,-0.49995,49.31781
0.13150,0.28643,0.14922,-0.44846,-0.51266,0.53489,-0.49995,49.41813
0.13150,0.28633,0.14923,-0.44850,-0.51267,0.53485,-0.49995,49.51845
0.13151,0.28623,0.14924,-0.44854,-0.51268,0.53481,-0.49995,49.61877
0.13151,0.28613,0.14924,-0.44859,-0.51269,0.53476,-0.49995,49.71909
0.13151,0.28603,0.14925,-0.44863,-0.51269,0.53472,-0.49995,49.81941
0.13152,0.28593,0.14926,-0.44867,-0.51270,0.53468,-0.49995,49.91973
0.13152,0.28583,0.14927,-0.44871,-0.51271,0.53464,-0.49995,50.02005
0.13152,0.28573,0.14928,-0.44875,-0.51272,0.53460,-0.49995,50.12036
0.13153,0.28563,0.14928,-0.44879,-0.51273,0.53456,-0.49995,50.22068
0.13153,0.28553,0.14929,-0.44883,-0.51274,0.53451,-0.49995,50.32099
0.13153,0.28543,0.14930,-0.44886,-0.51275,0.53447,-0.49995,50.42131
0.13154,0.28533,0.14931,-0.44890,-0.51275,0.53443,-0.49996,50.52162
0.13154,0.28523,0.14930,-0.44894,-0.51276,0.53439,-0.49996,50.62193
0.13154,0.28513,0.14931,-0.44898,-0.51277,0.53435,-0.49996,50.72225
0.13155,0.28503,0.14932,-0.44902,-0.51278,0.53431,-0.49996,50.82256
0.13155,0.28493,0.14933,-0.44906,-0.51278,0.53427,-0.49996,50.92287
0.13155,0.28483,0.14934,-0.44910,-0.51279,0.53423,-0.49996,51.02318
0.13156,0.28473,0.14934,-0.44914,-0.51280,0.53418,-0.49996,51.12349
0.13156,0.28463,0.14935,-0.44918,-0.51281,0.53414,-0.49996,51.22380
0.13156,0.28453,0.14936,-0.44922,-0.51282,0.53410,-0.49995,51.32410
0.13157,0.28443,0.14937,-0.44927,-0.51282,0.53405,-0.49996,51.42441
0.13157,0.28433,0.14938,-0.44930,-0.51283,0.53401,-0.49996,51.52472
0.13157,0.28423,0.14938,-0.44934,-0.51284,0.53397,-0.49996,51.62502
0.13158,0.28413,0.14939,-0.44938,-0.51285,0.53393,-0.49996,51.72533
0.13158,0.28403,0.14940,-0.44942,-0.51286,0.53389,-0.49996,51.82563
0.13158,0.28393,0.14940,-0.44946,-0.51286,0.53385,-0.49996,51.92594
0.13159,0.28383,0.14940,-0.44950,-0.51288,0.53380,-0.49996,52.02624
0.13159,0.28373,0.14941,-0.44954,-0.51289,0.53376,-0.49996,52.12654
0.13159,0.28363,0.14942,-0.44958,-0.51290,0.53372,-0.49996,52.22684
0.13160,0.28353,0.14943,-0.44962,-0.51291,0.53368,-0.49996,52.32714
0.13160,0.28343,0.14944,-0.44967,-0.51291,0.53364,-0.49995,52.42744
0.13160,0.28333,0.14944,-0.44971,-0.51292,0.53360,-0.49995,52.52774
0.13161,0.28323,0.14945,-0.44975,-0.51293,0.53356,-0.49995,52.62804
0.13161,0.28313,0.14946,-0.44979,-0.51294,0.53351,-0.49995,52.72834
0.13161,0.28303,0.14947,-0.44982,-0.51295,0.53347,-0.49995,52.82864
0.13162,0.28293,0.14947,-0.44986,-0.51296,0.53343,-0.49995,52.92893
0.13162,0.28283,0.14948,-0.44990,-0.51296,0.53339,-0.49995,53.02923
0.13162,0.28273,0.14949,-0.44995,-0.51297,0.53334,-0.49995,53.12953
0.13163,0.28263,0.14949,-0.44999,-0.51298,0.53330,-0.49996,53.22982
0.13163,0.28253,0.14950,-0.45003,-0.51299,0.53325,-0.49996,53.33011
0.13163,0.28243,0.14950,-0.45007,-0.51300,0.53321,-0.49996,53.43041
0.13164,0.28233,0.14951,-0.45011,-0.51301,0.53317,-0.49995,53.53070
0.13164,0.28223,0.14952,-0.45014,-0.51302,0.53313,-0.49995,53.63099
0.13164,0.28213,0.14953,-0.45019,-0.51302,0.53309,-0.49995,53.73128
0.13165,0.28203,0.14953,-0.45023,-0.51304,0.53304,-0.49995,53.83157
0.13165,0.28193,0.14954,-0.45027,-0.51305,0.53300,-0.49995,53.93186
0.13165,0.28183,0.14955,-0.45031,-0.51306,0.53296,-0.49995,54.03215
0.13166,0.28173,0.14956,-0.45035,-0.51307,0.53291,-0.49995,54.13244
0.13166,0.28163,0.14956,-0.45039,-0.51308,0.53287,-0.49995,54.23273
0.13166,0.28153,0.14957,-0.45044,-0.51309,0.53282,-0.49995,54.33301
0.13167,0.28143,0.14958,-0.45048,-0.51310,0.53278,-0.49995,54.43330
0.13167,0.28133,0.14958,-0.45052,-0.51311,0.53274,-0.49995,54.53358
0.13167,0.28123,0.14958,-0.45056,-0.51311,0.53270,-0.49994,54.63387
0.13168,0.28113,0.14959,-0.45060,-0.51312,0.53266,-0.49994,54.73415
0.13168,0.28103,0.14960,-0.45065,-0.51313,0.53261,-0.49994,54.83443
0.13168,0.28093,0.14961,-0.45069,-0.51314,0.53257,-0.49994,54.93472
0.13169,0.28083,0.14961,-0.45072,-0.51315,0.53253,-0.49994,55.03500
0.13169,0.28073,0.14962,-0.45077,-0.51317,0.53248,-0.49994,55.13528
0.13169,0.28063,0.14963,-0.45081,-0.51317,0.53244,-0.49993,55.23556
0.13170,0.28053,0.14964,-0.45085,-0.51318,0.53240,-0.49993,55.33584
0.13170,0.28043,0.14964,-0.45089,-0.51319,0.53235,-0.49993,55.43612
0.13170,0.28033,0.14965,-0.45093,-0.51321,0.53231,-0.49993,55.53640
0.13171,0.28023,0.14966,-0.45097,-0.51322,0.53226,-0.49993,55.63667
0.13171,0.28013,0.14966,-0.45102,-0.51322,0.53222,-0.49993,55.73695
0.13171,0.28003,0.14966,-0.45105,-0.51323,0.53218,-0.49993,55.83723
0.13172,0.27993,0.14967,-0.45109,-0.51325,0.53213,-0.49993,55.93750
0.13172,0.27983,0.14968,-0.45113,-0.51326,0.53209,-0.49993,56.03778
0.13172,0.27973,0.14969,-0.45118,-0.51326,0.53205,-0.49993,56.13805
0.13173,0.27963,0.14969,-0.45122,-0.51327,0.53200,-0.49993,56.23832
0.13173,0.27953,0.14970,-0.45126,-0.51328,0.53196,-0.49993,56.33860
0.13173,0.27943,0.14971,-0.45130,-0.51329,0.53192,-0.49992,56.43887
0.13174,0.27933,0.14972,-0.45135,-0.51330,0.53188,-0.49991,56.53914
0.13174,0.27923,0.14972,-0.45139,-0.51331,0.53183,-0.49991,56.63941
0.13174,0.27913,0.14973,-0.45143,-0.51332,0.53179,-0.49991,56.73968
0.13175,0.27903,0.14974,-0.45148,-0.51333,0.53174,-0.49991,56.83995
0.13175,0.27893,0.14975,-0.45152,-0.51334,0.53169,-0.49991,56.94021
0.13175,0.27883,0.14974,-0.45156,-0.51335,0.53165,-0.49991,57.04048
0.13176,0.27873,0.14975,-0.45159,-0.51336,0.53161,-0.49991,57.14075
0.13176,0.27863,0.14976,-0.45164,-0.51337,0.53156,-0.49991,57.24101
0.13176,0.27853,0.14976,-0.45168,-0.51338,0.53152,-0.49991,57.34128
0.13177,0.27843,0.14977,-0.45172,-0.51340,0.53148,-0.49990,57.44154
0.13177,0.27833,0.14978,-0.45177,-0.51341,0.53143,-0.49990,57.54181
0.13177,0.27823,0.14979,-0.45181,-0.51342,0.53139,-0.49990,57.64207
0.13178,0.27813,0.14979,-0.45185,-0.51343,0.53135,-0.49989,57.74233
0.13178,0.27803,0.14980,-0.45190,-0.51344,0.53130,-0.49989,57.84260
0.13178,0.27793,0.14981,-0.45194,-0.51345,0.53126,-0.49989,57.94286
0.13179,0.27783,0.14981,-0.45197,-0.51346,0.53121,-0.49989,58.04312
0.13179,0.27773,0.14982,-0.45202,-0.51347,0.53117,-0.49988,58.14338
0.13179,0.27763,0.14983,-0.45206,-0.51348,0.53112,-0.49988,58.24363
0.13180,0.27753,0.14983,-0.45210,-0.51349,0.53108,-0.49988,58.34389
0.13180,0.27743,0.14983,-0.45214,-0.51350,0.53104,-0.49988,58.44415
0.13180,0.27733,0.14984,-0.45219,-0.51351,0.53099,-0.49988,58.54441
0.13181,0.27723,0.14985,-0.45223,-0.51353,0.53095,-0.49987,58.64466
0.13181,0.27713,0.14986,-0.45227,-0.51355,0.53090,-0.49987,58.74492
0.13181,0.27703,0.14986,-0.45232,-0.51355,0.53086,-0.49986,58.84517
0.13182,0.27693,0.14987,-0.45236,-0.51357,0.53081,-0.49987,58.94543
0.13182,0.27683,0.14988,-0.45239,-0.51358,0.53077,-0.49986,59.04568
0.13182,0.27673,0.14988,-0.45244,-0.51358,0.53072,-0.49986,59.14593
0.13183,0.27663,0.14989,-0.45248,-0.51360,0.53068,-0.49986,59.24618
0.13183,0.27653,0.14990,-0.45253,-0.51361,0.53063,-0.49985,59.34643
0.13183,0.27643,0.14991,-0.45257,-0.51362,0.53059,-0.49985,59.44668
0.13184,0.27633,0.14991,-0.45261,-0.51363,0.53054,-0.49985,59.54693
0.13184,0.27623,0.14991,-0.45266,-0.51364,0.53050,-0.49985,59.64718
0.13184,0.27613,0.14992,-0.45270,-0.51365,0.53045,-0.49985,59.74743
0.13185,0.27603,0.14992,-0.45274,-0.51366,0.53041,-0.49984,59.84768
0.13185,0.27593,0.14993,-0.45279,-0.51367,0.53036,-0.49984,59.94792
0.13185,0.27583,0.14994,-0.45283,-0.51368,0.53032,-0.49984,60.04817
0.13186,0.27573,0.14994,-0.45287,-0.51370,0.53027,-0.49983,60.14842
0.13186,0.27563,0.14995,-0.45291,-0.51371,0.53023,-0.49983,60.24866
0.13186,0.27553,0.14996,-0.45295,-0.51372,0.53019,-0.49982,60.34890
0.13187,0.27543,0.14997,-0.45300,-0.51373,0.53014,-0.49982,60.44915
0.13187,0.27533,0.14997,-0.45304,-0.51374,0.53009,-0.49982,60.54939
0.13187,0.27523,0.14998,-0.45309,-0.51376,0.53004,-0.49982,60.64963
0.13188,0.27513,0.14999,-0.45313,-0.51377,0.53001,-0.49981,60.74987
0.13188,0.27503,0.14999,-0.45317,-0.51378,0.52996,-0.49981,60.85011
0.13188,0.27493,0.14999,-0.45322,-0.51379,0.52991,-0.49981,60.95035
0.13189,0.27483,0.15000,-0.45325,-0.51380,0.52987,-0.49981,61.05059
0.13189,0.27473,0.15000,-0.45330,-0.51382,0.52982,-0.49980,61.15083
0.13189,0.27463,0.15001,-0.45334,-0.51383,0.52978,-0.49980,61.25107
0.13190,0.27453,0.15002,-0.45338,-0.51384,0.52973,-0.49980,61.35130
0.13190,0.27443,0.15002,-0.45343,-0.51385,0.52969,-0.49979,61.45154
0.13190,0.27433,0.15003,-0.45347,-0.51386,0.52964,-0.49979,61.55177
0.13191,0.27423,0.15004,-0.45352,-0.51387,0.52960,-0.49978,61.65201
0.13191,0.27413,0.15004,-0.45356,-0.51388,0.52955,-0.49978,61.75224
0.13191,0.27403,0.15005,-0.45360,-0.51390,0.52950,-0.49978,61.85248
0.13192,0.27393,0.15006,-0.45365,-0.51392,0.52946,-0.49977,61.95271
0.13192,0.27383,0.15007,-0.45368,-0.51393,0.52941,-0.49977,62.05294
0.13192,0.27373,0.15006,-0.45373,-0.51394,0.52936,-0.49977,62.15317
0.13193,0.27363,0.15007,-0.45377,-0.51395,0.52932,-0.49977,62.25340
0.13193,0.27353,0.15008,-0.45382,-0.51396,0.52927,-0.49976,62.35363
0.13193,0.27343,0.15008,-0.45386,-0.51397,0.52923,-0.49976,62.45386
0.13194,0.27333,0.15009,-0.45391,-0.51399,0.52918,-0.49976,62.55409
0.13194,0.27323,0.15010,-0.45395,-0.51400,0.52914,-0.49975,62.65432
0.13194,0.27313,0.15010,-0.45400,-0.51401,0.52909,-0.49975,62.75454
0.13195,0.27303,0.15011,-0.45404,-0.51402,0.52905,-0.49974,62.85477
0.13195,0.27293,0.15012,-0.45409,-0.51403,0.52900,-0.49974,62.95499
0.13195,0.27283,0.15012,-0.45412,-0.51405,0.52895,-0.49973,63.05522
0.13196,0.27273,0.15013,-0.45417,-0.51406,0.52890,-0.49973,63.15544
0.13196,0.27263,0.15014,-0.45421,-0.51407,0.52886,-0.49973,63.25567
0.13196,0.27253,0.15014,-0.45426,-0.51408,0.52881,-0.49972,63.35589
0.13197,0.27243,0.15014,-0.45430,-0.51409,0.52877,-0.49972,63.45611
0.13197,0.27233,0.15015,-0.45435,-0.51410,0.52872,-0.49972,63.55633
0.13197,0.27223,0.15015,-0.45439,-0.51412,0.52868,-0.49971,63.65655
0.13198,0.27213,0.15016,-0.45444,-0.51413,0.52863,-0.49971,63.75677
0.13198,0.27203,0.15017,-0.45447,-0.51414,0.52859,-0.49970,63.85699
0.13198,0.27193,0.15017,-0.45452,-0.51416,0.52854,-0.49970,63.95721
0.13199,0.27183,0.15018,-0.45456,-0.51418,0.52849,-0.49969,64.05743
0.13199,0.27173,0.15019,-0.45461,-0.51419,0.52844,-0.49969,64.15764
0.13199,0.27163,0.15019,-0.45465,-0.51420,0.52840,-0.49968,64.25786
0.13200,0.27153,0.15020,-0.45470,-0.51421,0.52835,-0.49968,64.35807
0.13200,0.27143,0.15021,-0.45474,-0.51422,0.52831,-0.49968,64.45829
0.13200,0.27133,0.15021,-0.45479,-0.51424,0.52826,-0.49967,64.55850
0.13201,0.27123,0.15022,-0.45483,-0.51425,0.52821,-0.49967,64.65872
0.13201,0.27113,0.15022,-0.45488,-0.51426,0.52816,-0.49966,64.75893
0.13201,0.27103,0.15022,-0.45492,-0.51427,0.52812,-0.49966,64.85914
0.13202,0.27093,0.15023,-0.45496,-0.51429,0.52807,-0.49966,64.95935
0.13202,0.27083,0.15023,-0.45500,-0.51430,0.52803,-0.49965,65.05956
0.13202,0.27073,0.15024,-0.45505,-0.51432,0.52798,-0.49965,65.15977
0.13203,0.27063,0.15025,-0.45509,-0.51433,0.52794,-0.49964,65.25998
0.13203,0.27053,0.15025,-0.45514,-0.51435,0.52789,-0.49963,65.36019
0.13203,0.27043,0.15026,-0.45518,-0.51436,0.52784,-0.49963,65.46040
0.13204,0.27033,0.15027,-0.45523,-0.51437,0.52780,-0.49962,65.56060
0.13204,0.27023,0.15027,-0.45528,-0.51438,0.52775,-0.49962,65.66081
0.13204,0.27013,0.15028,-0.45531,-0.51440,0.52770,-0.49962,65.76102
0.13205,0.27003,0.15029,-0.45536,-0.51441,0.52765,-0.49961,65.86122
0.13205,0.26993,0.15029,-0.45540,-0.51442,0.52760,-0.49961,65.96143
0.13205,0.26983,0.15029,-0.45545,-0.51443,0.52756,-0.49960,66.06163
0.13206,0.26973,0.15030,-0.45549,-0.51445,0.52751,-0.49960,66.16183
0.13206,0.26963,0.15030,-0.45554,-0.51446,0.52746,-0.49960,66.26203
0.13206,0.26953,0.15031,-0.45559,-0.51447,0.52742,-0.49959,66.36224
0.13207,0.26943,0.15031,-0.45563,-0.51449,0.52737,-0.49959,66.46244
0.13207,0.26933,0.15032,-0.45567,-0.51450,0.52733,-0.49957,66.56264
0.13207,0.26923,0.15033,-0.45572,-0.51452,0.52728,-0.49957,66.66284
0.13208,0.26913,0.15033,-0.45577,-0.51453,0.52723,-0.49957,66.76303
0.13208,0.26903,0.15034,-0.45580,-0.51455,0.52719,-0.49956,66.86323
0.13208,0.26893,0.15035,-0.45585,-0.51456,0.52713,-0.49956,66.96343
0.13209,0.26883,0.15035,-0.45590,-0.51457,0.52709,-0.49955,67.06363
0.13209,0.26873,0.15036,-0.45594,-0.51459,0.52704,-0.49955,67.16382
0.13209,0.26863,0.15035,-0.45599,-0.51460,0.52699,-0.49954,67.26402
0.13210,0.26853,0.15036,-0.45603,-0.51461,0.52694,-0.49954,67.36421
0.13210,0.26843,0.15037,-0.45608,-0.51462,0.52690,-0.49953,67.46441
0.13210,0.26833,0.15037,-0.45612,-0.51464,0.52685,-0.49953,67.56460
0.13211,0.26823,0.15038,-0.45617,-0.51466,0.52680,-0.49952,67.66479
0.13211,0.26813,0.15039,-0.45621,-0.51466,0.52676,-0.49952,67.76498
0.13211,0.26803,0.15039,-0.45625,-0.51468,0.52671,-0.49951,67.86517
0.13212,0.26793,0.15040,-0.45630,-0.51470,0.52666,-0.49951,67.96536
0.13212,0.26783,0.15040,-0.45635,-0.51470,0.52662,-0.49950,68.06555
0.13212,0.26773,0.15041,-0.45639,-0.51473,0.52657,-0.49949,68.16574
0.13213,0.26763,0.15042,-0.45644,-0.51474,0.52652,-0.49949,68.26593
0.13213,0.26753,0.15042,-0.45649,-0.51475,0.52647,-0.49948,68.36612
0.13213,0.26743,0.15043,-0.45652,-0.51477,0.52642,-0.49948,68.46631
0.13214,0.26733,0.15043,-0.45658,-0.51478,0.52637,-0.49947,68.56649
0.13214,0.26723,0.15043,-0.45662,-0.51479,0.52633,-0.49947,68.66668
0.13214,0.26713,0.15044,-0.45666,-0.51481,0.52628,-0.49946,68.76686
0.13215,0.26703,0.15044,-0.45671,-0.51482,0.52623,-0.49946,68.86705
0.13215,0.26693,0.15045,-0.45675,-0.51484,0.52618,-0.49945,68.96723
0.13215,0.26683,0.15046,-0.45680,-0.51485,0.52614,-0.49944,69.06741
0.13216,0.26673,0.15046,-0.45685,-0.51486,0.52609,-0.49944,69.16759
0.13216,0.26663,0.15047,-0.45689,-0.51488,0.52604,-0.49944,69.26778
0.13216,0.26653,0.15047,-0.45693,-0.51489,0.52600,-0.49942,69.36796
0.13217,0.26643,0.15048,-0.45698,-0.51490,0.52594,-0.49942,69.46814
0.13217,0.26633,0.15049,-0.45702,-0.51493,0.52590,-0.49941,69.56832
0.13217,0.26623,0.15049,-0.45707,-0.51494,0.52584,-0.49941,69.66850
0.13218,0.26613,0.15050,-0.45712,-0.51495,0.52580,-0.49940,69.76867
0.13218,0.26603,0.15049,-0.45716,-0.51497,0.52575,-0.49940,69.86885
0.13218,0.26593,0.15050,-0.45721,-0.51498,0.52570,-0.49939,69.96903
0.13219,0.26583,0.15051,-0.45726,-0.51499,0.52565,-0.49939,70.06920
0.13219,0.26573,0.15051,-0.45730,-0.51501,0.52561,-0.49938,70.16938
0.13219,0.26563,0.15052,-0.45734,-0.51502,0.52556,-0.49938,70.26955
0.13220,0.26553,0.15052,-0.45739,-0.51504,0.52551,-0.49936,70.36973
0.13220,0.26543,0.15053,-0.45744,-0.51505,0.52546,-0.49936,70.46990
0.13220,0.26533,0.15053,-0.45748,-0.51506,0.52542,-0.49935,70.57007
0.13221,0.26523,0.15054,-0.45753,-0.51508,0.52537,-0.49934,70.67025
0.13221,0.26513,0.15055,-0.45758,-0.51509,0.52532,-0.49934,70.77042
0.13221,0.26503,0.15055,-0.45762,-0.51512,0.52527,-0.49933,70.87059
0.13222,0.26493,0.15056,-0.45767,-0.51513,0.52522,-0.49933,70.97076
0.13222,0.26483,0.15056,-0.45772,-0.51514,0.52517,-0.49932,71.07093
0.13222,0.26473,0.15056,-0.45775,-0.51516,0.52512,-0.49932,71.17110
0.13223,0.26463,0.15057,-0.45781,-0.51517,0.52507,-0.49931,71.27126
0.13223,0.26453,0.15057,-0.45785,-0.51519,0.52503,-0.49930,71.37143
0.13223,0.26443,0.15058,-0.45790,-0.51520,0.52498,-0.49929,71.47160
0.13224,0.26433,0.15058,-0.45794,-0.51521,0.52493,-0.49929,71.57176
0.13224,0.26423,0.15059,-0.45799,-0.51523,0.52488,-0.49928,71.67193
0.13225,0.26413,0.15059,-0.45804,-0.51524,0.52484,-0.49927,71.77209
0.13225,0.26403,0.15060,-0.45808,-0.51526,0.52479,-0.49927,71.87226
0.13225,0.26393,0.15061,-0.45813,-0.51527,0.52474,-0.49926,71.97242
0.13226,0.26383,0.15061,-0.45817,-0.51529,0.52469,-0.49925,72.07258
0.13226,0.26373,0.15062,-0.45822,-0.51531,0.52463,-0.49925,72.17275
0.13226,0.26363,0.15062,-0.45826,-0.51532,0.52460,-0.49924,72.27291
0.13227,0.26353,0.15063,-0.45831,-0.51534,0.52454,-0.49924,72.37307
0.13227,0.26343,0.15062,-0.45836,-0.51535,0.52449,-0.49923,72.47323
0.13227,0.26333,0.15063,-0.45841,-0.51537,0.52444,-0.49922,72.57339
0.13228,0.26323,0.15064,-0.45845,-0.51538,0.52439,-0.49922,72.67355
0.13228,0.26313,0.15064,-0.45850,-0.51540,0.52434,-0.49921,72.77370
0.13228,0.26303,0.15065,-0.45854,-0.51541,0.52430,-0.49920,72.87386
0.13229,0.26293,0.15065,-0.45859,-0.51543,0.52425,-0.49919,72.97402
0.13229,0.26283,0.15066,-0.45863,-0.51544,0.52420,-0.49919,73.07417
0.13229,0.26273,0.15066,-0.45868,-0.51545,0.52415,-0.49918,73.17433
0.13230,0.26263,0.15067,-0.45873,-0.51547,0.52410,-0.49917,73.27448
0.13230,0.26253,0.15067,-0.45878,-0.51548,0.52405,-0.49917,73.37464
0.13230,0.26243,0.15068,-0.45882,-0.51550,0.52400,-0.49916,73.47479
0.13231,0.26233,0.15069,-0.45887,-0.51552,0.52396,-0.49915,73.57494
0.13231,0.26223,0.15068,-0.45891,-0.51554,0.52390,-0.49915,73.67510
0.13231,0.26213,0.15069,-0.45897,-0.51555,0.52385,-0.49914,73.77525
0.13232,0.26203,0.15069,-0.45901,-0.51557,0.52380,-0.49913,73.87540
0.13232,0.26193,0.15070,-0.45905,-0.51558,0.52375,-0.49913,73.97555
0.13232,0.26183,0.15070,-0.45910,-0.51560,0.52371,-0.49911,74.07570
0.13233,0.26173,0.15071,-0.45915,-0.51561,0.52366,-0.49911,74.17585
0.13233,0.26163,0.15071,-0.45920,-0.51563,0.52361,-0.49910,74.27600
0.13233,0.26153,0.15072,-0.45924,-0.51564,0.52356,-0.49910,74.37614
0.13234,0.26143,0.15073,-0.45929,-0.51566,0.52351,-0.49909,74.47629
0.13234,0.26133,0.15073,-0.45934,-0.51567,0.52346,-0.49908,74.57644
0.13234,0.26123,0.15074,-0.45938,-0.51569,0.52341,-0.49907,74.67658
0.13235,0.26113,0.15074,-0.45943,-0.51570,0.52336,-0.49907,74.77673
0.13235,0.26103,0.15075,-0.45947,-0.51572,0.52331,-0.49906,74.87687
0.13235,0.26093,0.15074,-0.45952,-0.51574,0.52326,-0.49905,74.97702
0.13236,0.26083,0.15075,-0.45957,-0.51576,0.52321,-0.49905,75.07716
0.13236,0.26073,0.15075,-0.45962,-0.51577,0.52316,-0.49904,75.17730
0.13236,0.26063,0.15076,-0.45967,-0.51579,0.52311,-0.49903,75.27744
0.13237,0.26053,0.15076,-0.45972,-0.51580,0.52306,-0.49902,75.37758
0.13237,0.26043,0.15077,-0.45975,-0.51582,0.52301,-0.49901,75.47773
0.13237,0.26033,0.15077,-0.45980,-0.51583,0.52297,-0.49900,75.57787
0.13238,0.26023,0.15078,-0.45985,-0.51585,0.52292,-0.49899,75.67800
0.13238,0.26013,0.15078,-0.45990,-0.51586,0.52286,-0.49899,75.77814
0.13238,0.26003,0.15079,-0.45995,-0.51588,0.52281,-0.49898,75.87828
0.13239,0.25993,0.15080,-0.45999,-0.51590,0.52277,-0.49897,75.97842
0.13239,0.25983,0.15080,-0.46004,-0.51591,0.52271,-0.49897,76.07856
0.13239,0.25973,0.15081,-0.46009,-0.51593,0.52266,-0.49896,76.17869
0.13240,0.25963,0.15080,-0.46014,-0.51595,0.52261,-0.49895,76.27883
0.13240,0.25953,0.15081,-0.46018,-0.51596,0.52256,-0.49895,76.37896
0.13240,0.25943,0.15081,-0.46023,-0.51598,0.52251,-0.49894,76.47910
0.13241,0.25933,0.15082,-0.46028,-0.51599,0.52246,-0.49893,76.57923
0.13241,0.25923,0.15082,-0.46032,-0.51601,0.52242,-0.49892,76.67936
0.13241,0.25913,0.15083,-0.46037,-0.51602,0.52237,-0.49891,76.77950
0.13242,0.25903,0.15083,-0.46042,-0.51604,0.52232,-0.49890,76.87963
0.13242,0.25893,0.15084,-0.46047,-0.51606,0.52227,-0.49889,76.97976
0.13242,0.25883,0.15084,-0.46051,-0.51607,0.52221,-0.49889,77.07989
0.13243,0.25873,0.15085,-0.46056,-0.51609,0.52216,-0.49888,77.18002
0.13243,0.25863,0.15085,-0.46061,-0.51610,0.52211,-0.49887,77.28015
0.13243,0.25853,0.15086,-0.46065,-0.51613,0.52206,-0.49886,77.38028
0.13244,0.25843,0.15086,-0.46070,-0.51614,0.52201,-0.49886,77.48041
0.13244,0.25833,0.15086,-0.46075,-0.51616,0.52196,-0.49885,77.58053
0.13245,0.25823,0.15086,-0.46080,-0.51617,0.52191,-0.49884,77.68066
0.13245,0.25813,0.15087,-0.46085,-0.51619,0.52186,-0.49883,77.78079
0.13245,0.25803,0.15087,-0.46089,-0.51621,0.52181,-0.49882,77.88091
0.13246,0.25793,0.15088,-0.46094,-0.51622,0.52176,-0.49881,77.98104
0.13246,0.25783,0.15088,-0.46098,-0.51624,0.52171,-0.49881,78.08116
0.13246,0.25773,0.15089,-0.46103,-0.51626,0.52166,-0.49880,78.18129
0.13247,0.25763,0.15089,-0.46108,-0.51627,0.52161,-0.49879,78.28141
0.13247,0.25753,0.15090,-0.46113,-0.51628,0.52157,-0.49878,78.38153
0.13247,0.25743,0.15090,-0.46118,-0.51630,0.52151,-0.49877,78.48165
0.13248,0.25733,0.15091,-0.46123,-0.51632,0.52146,-0.49876,78.58177
0.13248,0.25723,0.15091,-0.46127,-0.51633,0.52141,-0.49876,78.68190
0.13248,0.25713,0.15092,-0.46132,-0.51635,0.52136,-0.49874,78.78202
0.13249,0.25703,0.15091,-0.46137,-0.51637,0.52131,-0.49874,78.88214
0.13249,0.25693,0.15092,-0.46141,-0.51639,0.52126,-0.49873,78.98225
0.13249,0.25683,0.15092,-0.46146,-0.51640,0.52121,-0.49872,79.08237
0.13250,0.25673,0.15093,-0.46151,-0.51642,0.52116,-0.49871,79.18249
0.13250,0.25663,0.15093,-0.46156,-0.51644,0.52111,-0.49870,79.28261
0.13250,0.25653,0.15094,-0.46161,-0.51645,0.52106,-0.49869,79.38272
0.13251,0.25643,0.15094,-0.46166,-0.51647,0.52101,-0.49868,79.48284
0.13251,0.25633,0.15095,-0.46171,-0.51648,0.52096,-0.49867,79.58296
0.13251,0.25623,0.15095,-0.46175,-0.51650,0.52090,-0.49867,79.68307
0.13252,0.25613,0.15096,-0.46180,-0.51652,0.52085,-0.49866,79.78318
0.13252,0.25603,0.15096,-0.46185,-0.51653,0.52080,-0.49865,79.88330
0.13252,0.25593,0.15096,-0.46190,-0.51655,0.52075,-0.49864,79.98341
0.13253,0.25583,0.15096,-0.46195,-0.51657,0.52070,-0.49863,80.08352
0.13253,0.25573,0.15096,-0.46199,-0.51659,0.52065,-0.49863,80.18364
0.13253,0.25563,0.15097,-0.46204,-0.51661,0.52060,-0.49861,80.28375
0.13254,0.25553,0.15097,-0.46209,-0.51662,0.52055,-0.49861,80.38386
0.13254,0.25543,0.15098,-0.46213,-0.51664,0.52050,-0.49859,80.48397
0.13254,0.25533,0.15098,-0.46218,-0.51665,0.52045,-0.49859,80.58408
0.13255,0.25523,0.15099,-0.46223,-0.51667,0.52040,-0.49858,80.68419
0.13255,0.25513,0.15099,-0.46228,-0.51669,0.52034,-0.49857,80.78429
0.13255,0.25503,0.15100,-0.46233,-0.51670,0.52030,-0.49856,80.88440
0.13256,0.25493,0.15100,-0.46238,-0.51672,0.52024,-0.49855,80.98451
0.13256,0.25483,0.15101,-0.46242,-0.51674,0.52019,-0.49854,81.08462
0.13256,0.25473,0.15101,-0.46248,-0.51676,0.52014,-0.49853,81.18472
0.13257,0.25463,0.15102,-0.46252,-0.51677,0.52009,-0.49852,81.28483
0.13257,0.25453,0.15101,-0.46257,-0.51679,0.52004,-0.49852,81.38493
0.13257,0.25443,0.15101,-0.46262,-0.51681,0.51998,-0.49851,81.48504
0.13258,0.25433,0.15102,-0.46267,-0.51683,0.51993,-0.49850,81.58514
0.13258,0.25423,0.15102,-0.46272,-0.51684,0.51988,-0.49849,81.68524
0.13258,0.25413,0.15103,-0.46277,-0.51686,0.51983,-0.49847,81.78535
0.13259,0.25403,0.15103,-0.46281,-0.51688,0.51978,-0.49847,81.88545
0.13259,0.25393,0.15104,-0.46286,-0.51689,0.51973,-0.49846,81.98555
0.13260,0.25383,0.15104,-0.46290,-0.51691,0.51968,-0.49845,82.08565
0.13260,0.25373,0.15105,-0.46295,-0.51693,0.51963,-0.49844,82.18575
0.13260,0.25363,0.15105,-0.46300,-0.51695,0.51958,-0.49843,82.28585
0.13261,0.25353,0.15106,-0.46305,-0.51697,0.51953,-0.49842,82.38595
0.13261,0.25343,0.15106,-0.46310,-0.51699,0.51947,-0.49841,82.48605
0.13261,0.25333,0.15106,-0.46315,-0.51700,0.51942,-0.49841,82.58615
0.13262,0.25323,0.15106,-0.46320,-0.51702,0.51937,-0.49840,82.68625
0.13262,0.25313,0.15106,-0.46324,-0.51704,0.51932,-0.49838,82.78634
0.13262,0.25303,0.15107,-0.46329,-0.51705,0.51927,-0.49837,82.88644
0.13263,0.25293,0.15107,-0.46334,-0.51707,0.51922,-0.49836,82.98653
0.13263,0.25283,0.15108,-0.46339,-0.51708,0.51917,-0.49835,83.08663
0.13263,0.25273,0.15108,-0.46344,-0.51710,0.51912,-0.49834,83.18672
0.13264,0.25263,0.15108,-0.46349,-0.51713,0.51906,-0.49833,83.28682
0.13264,0.25253,0.15109,-0.46354,-0.51714,0.51901,-0.49832,83.38691
0.13264,0.25243,0.15109,-0.46359,-0.51716,0.51896,-0.49832,83.48701
0.13265,0.25233,0.15110,-0.46363,-0.51718,0.51890,-0.49831,83.58710
0.13265,0.25223,0.15110,-0.46368,-0.51719,0.51886,-0.49830,83.68719
0.13265,0.25213,0.15111,-0.46373,-0.51721,0.51880,-0.49829,83.78728
0.13266,0.25203,0.15111,-0.46378,-0.51723,0.51875,-0.49828,83.88737
0.13266,0.25193,0.15110,-0.46383,-0.51725,0.51870,-0.49826,83.98746
0.13266,0.25183,0.15111,-0.46388,-0.51726,0.51865,-0.49826,84.08755
0.13267,0.25173,0.15111,-0.46393,-0.51728,0.51860,-0.49824,84.18764
0.13267,0.25163,0.15112,-0.46398,-0.51730,0.51855,-0.49823,84.28773
0.13267,0.25153,0.15112,-0.46403,-0.51732,0.51849,-0.49823,84.38782
0.13268,0.25143,0.15113,-0.46407,-0.51733,0.51844,-0.49822,84.48791
0.13268,0.25133,0.15113,-0.46412,-0.51735,0.51839,-0.49821,84.58799
0.13268,0.25123,0.15113,-0.46417,-0.51737,0.51834,-0.49820,84.68808
0.13269,0.25113,0.15114,-0.46422,-0.51739,0.51829,-0.49819,84.78817
0.13269,0.25104,0.15114,-0.46427,-0.51741,0.51823,-0.49818,84.88825
0.13269,0.25093,0.15115,-0.46432,-0.51742,0.51818,-0.49817,84.98834
0.13270,0.25084,0.15115,-0.46437,-0.51744,0.51813,-0.49816,85.08842
0.13270,0.25074,0.15115,-0.46441,-0.51746,0.51808,-0.49815,85.18851
0.13270,0.25064,0.15115,-0.46447,-0.51747,0.51802,-0.49814,85.28859
0.13271,0.25054,0.15115,-0.46452,-0.51749,0.51797,-0.49812,85.38867
0.13271,0.25044,0.15116,-0.46457,-0.51751,0.51792,-0.49811,85.48876
0.13272,0.25034,0.15116,-0.46462,-0.51753,0.51787,-0.49810,85.58884
0.13272,0.25024,0.15117,-0.46467,-0.51754,0.51782,-0.49809,85.68892
0.13272,0.25014,0.15117,-0.46472,-0.51756,0.51777,-0.49808,85.78900
0.13273,0.25004,0.15117,-0.46476,-0.51758,0.51771,-0.49808,85.88908
0.13273,0.24994,0.15118,-0.46481,-0.51759,0.51766,-0.49807,85.98916
0.13273,0.24984,0.15118,0.46486,0.51762,-0.51760,0.49806,86.08924
0.13274,0.24974,0.15119,0.46491,0.51764,-0.51755,0.49805,86.18932
0.13274,0.24964,0.15119,0.46496,0.51765,-0.51750,0.49804,86.28940
0.13274,0.24954,0.15119,0.46501,0.51767,-0.51745,0.49803,86.38947
0.13275,0.24944,0.15119,0.46506,0.51769,-0.51740,0.49801,86.48955
0.13275,0.24934,0.15119,0.46510,0.51771,-0.51735,0.49800,86.58963
0.13275,0.24924,0.15119,0.46515,0.51772,-0.51730,0.49799,86.68971
0.13276,0.24914,0.15120,0.46521,0.51774,-0.51724,0.49798,86.78978
0.13276,0.24904,0.15120,0.46525,0.51776,-0.51719,0.49797,86.88986
0.13276,0.24894,0.15121,0.46530,0.51778,-0.51714,0.49796,86.98993
0.13277,0.24884,0.15121,0.46535,0.51780,-0.51709,0.49795,87.09001
0.13277,0.24874,0.15121,0.46540,0.51782,-0.51704,0.49794,87.19008
0.13277,0.24864,0.15122,0.46545,0.51784,-0.51698,0.49793,87.29015
0.13278,0.24854,0.15122,0.46551,0.51785,-0.51693,0.49792,87.39023
0.13278,0.24844,0.15123,0.46556,0.51787,-0.51687,0.49791,87.49030
0.13278,0.24834,0.15123,0.46560,0.51789,-0.51682,0.49790,87.59037
0.13279,0.24824,0.15123,0.46565,0.51791,-0.51677,0.49788,87.69044
0.13279,0.24814,0.15123,0.46570,0.51792,-0.51672,0.49787,87.79051
0.13279,0.24804,0.15123,0.46575,0.51794,-0.51667,0.49786,87.89058
0.13280,0.24794,0.15123,0.46580,0.51796,-0.51661,0.49785,87.99065
0.13280,0.24784,0.15124,0.46585,0.51798,-0.51656,0.49784,88.09072
0.13280,0.24774,0.15124,0.46590,0.51800,-0.51651,0.49783,88.19079
0.13281,0.24764,0.15125,0.46595,0.51802,-0.51646,0.49782,88.29086
0.13281,0.24754,0.15125,0.46599,0.51804,-0.51641,0.49781,88.39093
0.13282,0.24744,0.15125,0.46604,0.51806,-0.51635,0.49780,88.49099
0.13282,0.24734,0.15126,0.46609,0.51807,-0.51630,0.49779,88.59106
0.13282,0.24724,0.15126,0.46615,0.51809,-0.51624,0.49778,88.69113
0.13283,0.24714,0.15126,0.46620,0.51811,-0.51619,0.49777,88.79119
0.13283,0.24704,0.15127,0.46624,0.51813,-0.51614,0.49775,88.89126
0.13283,0.24694,0.15127,0.46629,0.51814,-0.51609,0.49774,88.99132
0.13284,0.24684,0.15126,0.46635,0.51816,-0.51603,0.49773,89.09139
0.13284,0.24674,0.15127,0.46639,0.51818,-0.51598,0.49772,89.19145
0.13284,0.24664,0.15127,0.46644,0.51820,-0.51593,0.49771,89.29152
0.13285,0.24654,0.15128,0.46649,0.51822,-0.51588,0.49770,89.39158
0.13285,0.24644,0.15128,0.46654,0.51824,-0.51583,0.49769,89.49164
0.13285,0.24634,0.15128,0.46659,0.51826,-0.51577,0.49768,89.59170
0.13286,0.24624,0.15129,0.46664,0.51828,-0.51571,0.49767,89.69177
0.13286,0.24614,0.15129,0.46669,0.51829,-0.51567,0.49766,89.79183
0.13286,0.24604,0.15129,0.46674,0.51831,-0.51561,0.49765,89.89189
0.13287,0.24594,0.15130,0.46679,0.51833,-0.51556,0.49763,89.99195
0.13287,0.24584,0.15130,0.46684,0.51835,-0.51550,0.49762,90.09201
0.13287,0.24574,0.15130,0.46689,0.51836,-0.51545,0.49762,90.19207
0.13288,0.24564,0.15131,0.46694,0.51838,-0.51540,0.49760,90.29213
0.13288,0.24554,0.15130,0.46699,0.51840,-0.51535,0.49759,90.39219
0.13288,0.24544,0.15130,0.46704,0.51842,-0.51529,0.49758,90.49224
0.13289,0.24534,0.15131,0.46709,0.51844,-0.51524,0.49757,90.59230
0.13289,0.24524,0.15131,0.46714,0.51845,-0.51519,0.49756,90.69236
0.13289,0.24514,0.15131,0.46719,0.51848,-0.51514,0.49754,90.79242
0.13290,0.24504,0.15132,0.46724,0.51850,-0.51509,0.49753,90.89247
0.13290,0.24494,0.15132,0.46729,0.51852,-0.51503,0.49752,90.99253
0.13291,0.24484,0.15132,0.46734,0.51853,-0.51498,0.49751,91.09258
0.13291,0.24474,0.15133,0.46739,0.51855,-0.51493,0.49750,91.19264
0.13291,0.24464,0.15133,0.46744,0.51857,-0.51487,0.49749,91.29269
0.13292,0.24454,0.15133,0.46749,0.51859,-0.51481,0.49747,91.39275
0.13292,0.24444,0.15134,0.46754,0.51860,-0.51476,0.49746,91.49280
0.13292,0.24434,0.15134,0.46759,0.51862,-0.51471,0.49745,91.59285
0.13293,0.24424,0.15133,0.46764,0.51864,-0.51466,0.49744,91.69291
0.13293,0.24414,0.15134,0.46769,0.51867,-0.51460,0.49743,91.79296
0.13293,0.24404,0.15134,0.46774,0.51869,-0.51455,0.49742,91.89301
0.13294,0.24394,0.15134,0.46779,0.51870,-0.51450,0.49741,91.99306
0.13294,0.24384,0.15135,0.46784,0.51872,-0.51444,0.49740,92.09311
0.13294,0.24374,0.15135,0.46789,0.51874,-0.51439,0.49738,92.19317
0.13295,0.24364,0.15135,0.46794,0.51876,-0.51434,0.49737,92.29322
0.13295,0.24354,0.15136,0.46799,0.51878,-0.51428,0.49736,92.39327
0.13295,0.24344,0.15136,0.46804,0.51879,-0.51424,0.49735,92.49332
0.13296,0.24334,0.15136,0.46809,0.51882,-0.51418,0.49734,92.59336
0.13296,0.24324,0.15137,0.46814,0.51884,-0.51412,0.49733,92.69341
0.13296,0.24314,0.15137,0.46819,0.51885,-0.51407,0.49731,92.79346
0.13297,0.24304,0.15137,0.46824,0.51887,-0.51402,0.49730,92.89351
0.13297,0.24294,0.15136,0.46829,0.51889,-0.51396,0.49729,92.99356
0.13297,0.24284,0.15137,0.46834,0.51891,-0.51391,0.49728,93.09360
0.13298,0.24274,0.15137,0.46839,0.51893,-0.51386,0.49727,93.19365
0.13298,0.24264,0.15137,0.46844,0.51895,-0.51381,0.49726,93.29370
0.13298,0.24254,0.15138,0.46850,0.51896,-0.51375,0.49724,93.39374
0.13299,0.24244,0.15138,0.46855,0.51898,-0.51370,0.49723,93.49379
0.13299,0.24234,0.15138,0.46859,0.51900,-0.51365,0.49722,93.59383
0.13300,0.24224,0.15139,0.46864,0.51902,-0.51359,0.49720,93.69388
0.13300,0.24214,0.15139,0.46869,0.51904,-0.51353,0.49720,93.79392
0.13300,0.24204,0.15139,0.46874,0.51906,-0.51349,0.49719,93.89396
0.13301,0.24194,0.15139,0.46880,0.51907,-0.51343,0.49717,93.99401
0.13301,0.24184,0.15140,0.46885,0.51910,-0.51337,0.49716,94.09405
0.13301,0.24174,0.15139,0.46890,0.51912,-0.51332,0.49715,94.19409
0.13302,0.24164,0.15139,0.46895,0.51914,-0.51327,0.49713,94.29414
0.13302,0.24154,0.15140,0.46899,0.51916,-0.51322,0.49712,94.39418
0.13302,0.24144,0.15140,0.46905,0.51917,-0.51316,0.49711,94.49422
0.13303,0.24134,0.15140,0.46910,0.51919,-0.51311,0.49710,94.59426
0.13303,0.24124,0.15141,0.46915,0.51921,-0.51306,0.49709,94.69430
0.13303,0.24114,0.15141,0.46920,0.51923,-0.51300,0.49708,94.79434
0.13304,0.24104,0.15141,0.46925,0.51925,-0.51294,0.49706,94.89438
0.13304,0.24094,0.15141,0.46930,0.51926,-0.51289,0.49706,94.99442
0.13304,0.24084,0.15142,0.46935,0.51929,-0.51285,0.49704,95.09446
0.13305,0.24074,0.15142,0.46940,0.51931,-0.51278,0.49702,95.19450
0.13305,0.24064,0.15142,0.46945,0.51933,-0.51273,0.49701,95.29454
0.13305,0.24054,0.15142,0.46950,0.51935,-0.51268,0.49700,95.39457
0.13306,0.24044,0.15142,0.46955,0.51936,-0.51262,0.49699,95.49461
0.13306,0.24034,0.15142,0.46960,0.51938,-0.51257,0.49698,95.59465
0.13306,0.24024,0.15142,0.46965,0.51940,-0.51252,0.49697,95.69469
0.13307,0.24014,0.15143,0.46970,0.51942,-0.51247,0.49695,95.79472
0.13307,0.24004,0.15143,0.46975,0.51944,-0.51241,0.49694,95.89476
0.13308,0.23994,0.15143,0.46980,0.51946,-0.51236,0.49693,95.99479
0.13308,0.23984,0.15143,0.46985,0.51948,-0.51231,0.49692,96.09483
0.13308,0.23974,0.15144,0.46991,0.51950,-0.51224,0.49690,96.19487
0.13309,0.23964,0.15144,0.46996,0.51951,-0.51219,0.49689,96.29490
0.13309,0.23954,0.15144,0.47001,0.51953,-0.51214,0.49688,96.39493
0.13309,0.23944,0.15144,0.47006,0.51956,-0.51208,0.49686,96.49497
0.13310,0.23934,0.15145,0.47010,0.51958,-0.51203,0.49685,96.59500
0.13310,0.23924,0.15145,0.47016,0.51959,-0.51198,0.49684,96.69504
0.13310,0.23914,0.15144,0.47021,0.51961,-0.51192,0.49683,96.79507
0.13311,0.23904,0.15144,0.47026,0.51963,-0.51187,0.49682,96.89510
0.13311,0.23894,0.15145,0.47031,0.51965,-0.51182,0.49681,96.99513
0.13311,0.23884,0.15145,0.47036,0.51968,-0.51176,0.49679,97.09517
0.13312,0.23874,0.15145,0.47042,0.51969,-0.51171,0.49678,97.19520
0.13312,0.23864,0.15145,0.47047,0.51971,-0.51166,0.49677,97.29523
0.13312,0.23854,0.15146,0.47052,0.51973,-0.51160,0.49676,97.39526
0.13313,0.23844,0.15146,0.47056,0.51975,-0.51155,0.49674,97.49529
0.13313,0.23834,0.15146,0.47061,0.51977,-0.51149,0.49673,97.59532
0.13313,0.23824,0.15146,0.47067,0.51979,-0.51144,0.49671,97.69535
0.13314,0.23814,0.15147,0.47072,0.51981,-0.51138,0.49670,97.79538
0.13314,0.23804,0.15147,0.47077,0.51982,-0.51133,0.49669,97.89541
0.13315,0.23794,0.15147,0.47082,0.51984,-0.51128,0.49668,97.99544
0.13315,0.23784,0.15146,0.47087,0.51986,-0.51122,0.49667,98.09547
0.13315,0.23774,0.15147,0.47092,0.51988,-0.51117,0.49665,98.19549
0.13316,0.23764,0.15147,0.47097,0.51990,-0.51112,0.49664,98.29552
0.13316,0.23754,0.15147,0.47102,0.51993,-0.51106,0.49663,98.39555
0.13316,0.23744,0.15147,0.47107,0.51994,-0.51101,0.49662,98.49558
0.13317,0.23734,0.15148,0.47113,0.51996,-0.51095,0.49661,98.59560
0.13317,0.23724,0.15148,0.47118,0.51998,-0.51090,0.49659,98.69563
0.13317,0.23714,0.15148,0.47123,0.52000,-0.51084,0.49657,98.79566
0.13318,0.23704,0.15148,0.47127,0.52002,-0.51079,0.49656,98.89568
0.13318,0.23694,0.15148,0.47133,0.52004,-0.51073,0.49655,98.99571
0.13318,0.23684,0.15149,0.47138,0.52005,-0.51068,0.49654,99.09573
0.13319,0.23674,0.15149,0.47143,0.52008,-0.51062,0.49652,99.19576
0.13319,0.23664,0.15149,0.47148,0.52010,-0.51057,0.49651,99.29578
0.13319,0.23654,0.15148,0.47153,0.52011,-0.51052,0.49650,99.39581
0.13320,0.23644,0.15149,0.47158,0.52013,-0.51046,0.49649,99.49583
0.13320,0.23634,0.15149,0.47163,0.52015,-0.51041,0.49647,99.59586
0.13320,0.23624,0.15149,0.47168,0.52018,-0.51036,0.49646,99.69588
0.13321,0.23614,0.15149,0.47173,0.52019,-0.51030,0.49645,99.79590
0.13321,0.23604,0.15149,0.47179,0.52021,-0.51025,0.49643,99.89593
0.13322,0.23594,0.15150,0.47184,0.52023,-0.51019,0.49642,99.99595
0.13322,0.23584,0.15150,0.47189,0.52025,-0.51013,0.49641,100.09597
0.13322,0.23574,0.15150,0.47194,0.52027,-0.51008,0.49639,100.19599
0.13323,0.23564,0.15150,0.47199,0.52029,-0.51003,0.49638,100.29602
0.13323,0.23554,0.15151,0.47204,0.52031,-0.50997,0.49637,100.39604
0.13323,0.23544,0.15151,0.47209,0.52032,-0.50992,0.49636,100.49606
0.13324,0.23534,0.15151,0.47214,0.52035,-0.50986,0.49635,100.59608
0.13324,0.23524,0.15150,0.47220,0.52037,-0.50981,0.49633,100.69610
0.13324,0.23514,0.15150,0.47225,0.52039,-0.50976,0.49632,100.79612
0.13325,0.23504,0.15151,0.47230,0.52041,-0.50970,0.49631,100.89614
0.13325,0.23494,0.15151,0.47234,0.52043,-0.50965,0.49629,100.99616
0.13325,0.23484,0.15151,0.47240,0.52044,-0.50960,0.49627,101.09618
0.13326,0.23474,0.15151,0.47245,0.52046,-0.50954,0.49626,101.19620
0.13326,0.23464,0.15151,0.47250,0.52048,-0.50949,0.49625,101.29622
0.13326,0.23454,0.15152,0.47255,0.52050,-0.50943,0.49624,101.39624
0.13327,0.23444,0.15152,0.47261,0.52052,-0.50937,0.49622,101.49626
0.13327,0.23434,0.15152,0.47266,0.52054,-0.50932,0.49621,101.59627
0.13327,0.23424,0.15152,0.47271,0.52057,-0.50926,0.49620,101.69629
0.13328,0.23414,0.15152,0.47276,0.52058,-0.50921,0.49619,101.79631
0.13328,0.23404,0.15151,0.47281,0.52060,-0.50916,0.49617,101.89633
0.13329,0.23394,0.15152,0.47286,0.52062,-0.50910,0.49616,101.99635
0.13329,0.23384,0.15152,0.47291,0.52064,-0.50905,0.49615,102.09636
0.13329,0.23374,0.15152,0.47296,0.52066,-0.50899,0.49614,102.19638
0.13330,0.23364,0.15152,0.47302,0.52068,-0.50894,0.49611,102.29640
0.13330,0.23354,0.15152,0.47306,0.52070,-0.50888,0.49610,102.39641
0.13330,0.23344,0.15153,0.47311,0.52072,-0.50883,0.49609,102.49643
0.13331,0.23334,0.15153,0.47316,0.52073,-0.50878,0.49608,102.59644
0.13331,0.23324,0.15153,0.47322,0.52075,-0.50872,0.49606,102.69646
0.13331,0.23314,0.15153,0.47327,0.52078,-0.50866,0.49605,102.79647
0.13332,0.23304,0.15153,0.47332,0.52080,-0.50861,0.49604,102.89649
0.13332,0.23294,0.15153,0.47337,0.52082,-0.50855,0.49603,102.99650
0.13332,0.23284,0.15154,0.47343,0.52084,-0.50850,0.49601,103.09652
0.13333,0.23274,0.15153,0.47347,0.52086,-0.50845,0.49599,103.19653
0.13333,0.23264,0.15153,0.47353,0.52087,-0.50839,0.49599,103.29655
0.13333,0.23254,0.15153,0.47358,0.52089,-0.50834,0.49597,103.39656
0.13334,0.23244,0.15153,0.47363,0.52091,-0.50828,0.49596,103.49657
0.13334,0.23234,0.15153,0.47368,0.52093,-0.50823,0.49594,103.59659
0.13335,0.23224,0.15154,0.47373,0.52095,-0.50818,0.49593,103.69660
0.13335,0.23214,0.15154,0.47378,0.52097,-0.50811,0.49592,103.79661
0.13335,0.23204,0.15154,0.47383,0.52100,-0.50806,0.49590,103.89663
0.13336,0.23194,0.15154,0.47389,0.52101,-0.50801,0.49589,103.99664
0.13336,0.23184,0.15154,0.47393,0.52103,-0.50795,0.49588,104.09665
0.13336,0.23174,0.15154,0.47399,0.52105,-0.50790,0.49587,104.19666
0.13337,0.23164,0.15155,0.47404,0.52107,-0.50784,0.49585,104.29668
0.13337,0.23154,0.15155,0.47409,0.52109,-0.50779,0.49584,104.39669
0.13337,0.23144,0.15154,0.47415,0.52111,-0.50773,0.49582,104.49670
0.13338,0.23134,0.15154,0.47420,0.52113,-0.50768,0.49580,104.59671
0.13338,0.23124,0.15154,0.47424,0.52115,-0.50763,0.49579,104.69672
0.13338,0.23114,0.15154,0.47430,0.52117,-0.50757,0.49578,104.79673
0.13339,0.23104,0.15154,0.47435,0.52118,-0.50752,0.49577,104.89674
0.13339,0.23094,0.15155,0.47440,0.52121,-0.50746,0.49575,104.99675
0.13339,0.23084,0.15155,0.47445,0.52123,-0.50741,0.49574,105.09676
0.13340,0.23074,0.15155,0.47450,0.52125,-0.50735,0.49573,105.19677
0.13340,0.23064,0.15155,0.47456,0.52127,-0.50729,0.49571,105.29678
0.13341,0.23054,0.15155,0.47460,0.52129,-0.50724,0.49570,105.39679
0.13341,0.23044,0.15155,0.47466,0.52130,-0.50718,0.49569,105.49680
0.13341,0.23034,0.15155,0.47471,0.52132,-0.50713,0.49567,105.59681
0.13342,0.23024,0.15156,0.47476,0.52134,-0.50708,0.49565,105.69682
0.13342,0.23014,0.15155,0.47481,0.52136,-0.50702,0.49565,105.79683
0.13342,0.23004,0.15155,0.47486,0.52138,-0.50697,0.49563,105.89684
0.13343,0.22994,0.15155,0.47492,0.52141,-0.50691,0.49561,105.99685
0.13343,0.22984,0.15155,0.47496,0.52143,-0.50686,0.49560,106.09685
0.13343,0.22974,0.15155,0.47501,0.52145,-0.50680,0.49559,106.19686
0.13344,0.22964,0.15155,0.47507,0.52146,-0.50674,0.49558,106.29687
0.13344,0.22954,0.15155,0.47512,0.52148,-0.50670,0.49556,106.39688
0.13344,0.22944,0.15156,0.47517,0.52150,-0.50664,0.49555,106.49689
0.13345,0.22934,0.15156,0.47522,0.52152,-0.50658,0.49554,106.59689
0.13345,0.22924,0.15156,0.47528,0.52154,-0.50652,0.49552,106.69690
0.13345,0.22914,0.15156,0.47532,0.52156,-0.50647,0.49551,106.79691
0.13346,0.22904,0.15156,0.47537,0.52158,-0.50642,0.49549,106.89692
0.13346,0.22894,0.15156,0.47543,0.52160,-0.50636,0.49548,106.99692
0.13347,0.22884,0.15155,0.47548,0.52162,-0.50631,0.49546,107.09693
0.13347,0.22874,0.15155,0.47553,0.52164,-0.50625,0.49545,107.19694
0.13347,0.22864,0.15156,0.47558,0.52166,-0.50620,0.49543,107.29694
0.13348,0.22854,0.15156,0.47564,0.52168,-0.50615,0.49542,107.39695
0.13348,0.22844,0.15156,0.47569,0.52170,-0.50609,0.49541,107.49695
0.13348,0.22834,0.15156,0.47573,0.52172,-0.50603,0.49540,107.59696
0.13349,0.22824,0.15156,0.47579,0.52174,-0.50597,0.49538,107.69697
0.13349,0.22814,0.15156,0.47584,0.52175,-0.50592,0.49537,107.79697
0.13349,0.22805,0.15156,0.47589,0.52177,-0.50586,0.49536,107.89698
0.13350,0.22795,0.15156,0.47595,0.52179,-0.50581,0.49534,107.99698
0.13350,0.22785,0.15156,0.47600,0.52181,-0.50576,0.49532,108.09699
0.13350,0.22775,0.15156,0.47605,0.52184,-0.50570,0.49531,108.19699
0.13351,0.22765,0.15157,0.47609,0.52186,-0.50565,0.49529,108.29700
0.13351,0.22755,0.15156,0.47615,0.52188,-0.50559,0.49528,108.39700
0.13351,0.22745,0.15156,0.47620,0.52189,-0.50554,0.49527,108.49701
0.13352,0.22735,0.15156,0.47625,0.52191,-0.50548,0.49525,108.59701
0.13352,0.22725,0.15156,0.47631,0.52193,-0.50543,0.49524,108.69701
0.13353,0.22715,0.15156,0.47636,0.52195,-0.50537,0.49523,108.79702
0.13353,0.22705,0.15156,0.47641,0.52197,-0.50532,0.49521,108.89702
0.13353,0.22695,0.15156,0.47646,0.52199,-0.50527,0.49520,108.99703
0.13354,0.22685,0.15156,0.47651,0.52201,-0.50520,0.49518,109.09703
0.13354,0.22675,0.15156,0.47656,0.52204,-0.50515,0.49516,109.19703
0.13354,0.22665,0.15156,0.47661,0.52205,-0.50510,0.49516,109.29704
0.13355,0.22655,0.15157,0.47667,0.52207,-0.50504,0.49514,109.39704
0.13355,0.22645,0.15157,0.47672,0.52209,-0.50499,0.49512,109.49704
0.13355,0.22635,0.15156,0.47677,0.52211,-0.50493,0.49511,109.59705
0.13356,0.22625,0.15156,0.47682,0.52213,-0.50488,0.49510,109.69705
0.13356,0.22615,0.15156,0.47687,0.52215,-0.50482,0.49508,109.79705
0.13356,0.22605,0.15156,0.47692,0.52217,-0.50477,0.49507,109.89706
0.13357,0.22595,0.15156,0.47697,0.52219,-0.50471,0.49506,109.99706
0.13357,0.22585,0.15156,0.47703,0.52221,-0.50466,0.49504,110.09706
0.13358,0.22575,0.15156,0.47708,0.52222,-0.50461,0.49503,110.19706
0.13358,0.22565,0.15156,0.47713,0.52225,-0.50455,0.49502,110.29707
0.13358,0.22555,0.15156,0.47718,0.52227,-0.50449,0.49499,110.39707
0.13359,0.22545,0.15156,0.47723,0.52229,-0.50443,0.49498,110.49707
0.13359,0.22535,0.15156,0.47728,0.52231,-0.50438,0.49497,110.59707
0.13359,0.22525,0.15157,0.47734,0.52233,-0.50432,0.49495,110.69708
0.13360,0.22515,0.15157,0.47739,0.52234,-0.50427,0.49494,110.79708
0.13360,0.22505,0.15156,0.47744,0.52236,-0.50421,0.49493,110.89708
0.13360,0.22495,0.15156,0.47750,0.52238,-0.50416,0.49491,110.99708
0.13361,0.22485,0.15156,0.47754,0.52240,-0.50411,0.49490,111.09708
0.13361,0.22475,0.15156,0.47759,0.52242,-0.50405,0.49489,111.19709
0.13361,0.22465,0.15156,0.47764,0.52245,-0.50400,0.49487,111.29709
0.13362,0.22455,0.15156,0.47770,0.52247,-0.50393,0.49486,111.39709
0.13362,0.22445,0.15156,0.47775,0.52248,-0.50389,0.49485,111.49709
0.13363,0.22435,0.15156,0.47780,0.52250,-0.50383,0.49483,111.59709
0.13363,0.22425,0.15156,0.47786,0.52252,-0.50377,0.49481,111.69709
0.13363,0.22415,0.15156,0.47791,0.52254,-0.50371,0.49480,111.79709
0.13364,0.22405,0.15156,0.47796,0.52256,-0.50366,0.49478,111.89710
0.13364,0.22395,0.15156,0.47801,0.52258,-0.50361,0.49477,111.99710
0.13364,0.22385,0.15156,0.47806,0.52260,-0.50355,0.49475,112.09710
0.13365,0.22375,0.15155,0.47811,0.52262,-0.50350,0.49474,112.19710
0.13365,0.22365,0.15155,0.47817,0.52264,-0.50344,0.49473,112.29710
0.13365,0.22355,0.15155,0.47822,0.52266,-0.50339,0.49471,112.39710
0.13366,0.22345,0.15155,0.47827,0.52268,-0.50333,0.49470,112.49710
0.13366,0.22335,0.15155,0.47832,0.52270,-0.50328,0.49469,112.59710
0.13366,0.22325,0.15156,0.47837,0.52272,-0.50322,0.49467,112.69710
0.13367,0.22315,0.15156,0.47842,0.52274,-0.50316,0.49465,112.79710
0.13367,0.22305,0.15156,0.47847,0.52275,-0.50311,0.49464,112.89710
0.13367,0.22295,0.15156,0.47853,0.52277,-0.50305,0.49462,112.99710
0.13368,0.22285,0.15156,0.47858,0.52279,-0.50300,0.49461,113.09710
0.13368,0.22275,0.15156,0.47863,0.52281,-0.50294,0.49460,113.19711
0.13369,0.22265,0.15156,0.47868,0.52283,-0.50289,0.49458,113.29711
0.13369,0.22255,0.15156,0.47873,0.52286,-0.50283,0.49457,113.39711
0.13369,0.22245,0.15155,0.47878,0.52288,-0.50278,0.49455,113.49711
0.13370,0.22235,0.15155,0.47884,0.52289,-0.50272,0.49454,113.59711
0.13370,0.22225,0.15155,0.47889,0.52291,-0.50267,0.49453,113.69711
0.13370,0.22215,0.15155,0.47894,0.52293,-0.50262,0.49451,113.79711
0.13371,0.22205,0.15155,0.47899,0.52295,-0.50256,0.49450,113.89711
0.13371,0.22195,0.15155,0.47904,0.52297,-0.50250,0.49448,113.99711
0.13371,0.22185,0.15155,0.47909,0.52299,-0.50245,0.49446,114.09711
0.13372,0.22175,0.15155,0.47914,0.52301,-0.50239,0.49445,114.19711
0.13372,0.22165,0.15155,0.47920,0.52302,-0.50233,0.49444,114.29711
0.13373,0.22155,0.15155,0.47925,0.52305,-0.50228,0.49442,114.39711
0.13373,0.22145,0.15155,0.47930,0.52307,-0.50222,0.49441,114.49711
0.13373,0.22135,0.15155,0.47936,0.52309,-0.50217,0.49439,114.59711
0.13374,0.22125,0.15155,0.47940,0.52311,-0.50212,0.49438,114.69711
0.13374,0.22115,0.15154,0.47945,0.52313,-0.50206,0.49437,114.79711
0.13374,0.22105,0.15154,0.47951,0.52314,-0.50201,0.49435,114.89711
0.13375,0.22095,0.15154,0.47956,0.52316,-0.50195,0.49434,114.99711
0.13375,0.22085,0.15154,0.47961,0.52318,-0.50190,0.49432,115.09711
0.13375,0.22075,0.15154,0.47966,0.52321,-0.50184,0.49431,115.19711
0.13376,0.22065,0.15154,0.47972,0.52322,-0.50178,0.49429,115.29711
0.13376,0.22055,0.15154,0.47977,0.52325,-0.50173,0.49427,115.39711
0.13376,0.22045,0.15154,0.47981,0.52327,-0.50167,0.49426,115.49711
0.13377,0.22035,0.15154,0.47987,0.52328,-0.50161,0.49425,115.59711
0.13377,0.22025,0.15154,0.47992,0.52330,-0.50156,0.49423,115.69711
0.13378,0.22015,0.15154,0.47997,0.52332,-0.50151,0.49422,115.79711
0.13378,0.22005,0.15154,0.48003,0.52334,-0.50145,0.49421,115.89711
0.13378,0.21995,0.15154,0.48008,0.52336,-0.50140,0.49419,115.99711
0.13379,0.21985,0.15153,0.48013,0.52338,-0.50134,0.49418,116.09711
0.13379,0.21975,0.15153,0.48019,0.52339,-0.50129,0.49416,116.19711
0.13379,0.21965,0.15153,0.48024,0.52341,-0.50123,0.49415,116.29711
0.13380,0.21955,0.15153,0.48028,0.52343,-0.50118,0.49413,116.39711
0.13380,0.21945,0.15153,0.48034,0.52346,-0.50112,0.49411,116.49711
0.13380,0.21935,0.15153,0.48039,0.52347,-0.50106,0.49410,116.59711
0.13381,0.21925,0.15153,0.48044,0.52350,-0.50101,0.49408,116.69711
0.13381,0.21915,0.15153,0.48049,0.52351,-0.50096,0.49407,116.79711
0.13381,0.21905,0.15153,0.48054,0.52353,-0.50090,0.49406,116.89711
0.13382,0.21895,0.15153,0.48060,0.52355,-0.50084,0.49404,116.99711
0.13382,0.21885,0.15153,0.48064,0.52357,-0.50079,0.49403,117.09711
0.13383,0.21875,0.15153,0.48070,0.52359,-0.50073,0.49401,117.19711
0.13383,0.21865,0.15153,0.48075,0.52361,-0.50068,0.49399,117.29711
0.13383,0.21855,0.15152,0.48080,0.52363,-0.50062,0.49399,117.39711
0.13384,0.21845,0.15152,0.48086,0.52365,-0.50057,0.49396,117.49711
0.13384,0.21835,0.15152,0.48091,0.52367,-0.50051,0.49395,117.59711
0.13384,0.21825,0.15152,0.48095,0.52369,-0.50046,0.49394,117.69711
0.13385,0.21815,0.15152,0.48101,0.52371,-0.50040,0.49392,117.79711
0.13385,0.21805,0.15152,0.48106,0.52373,-0.50034,0.49391,117.89711
0.13385,0.21795,0.15151,0.48111,0.52374,-0.50030,0.49389,117.99711
0.13386,0.21785,0.15151,0.48116,0.52376,-0.50024,0.49388,118.09712
0.13386,0.21775,0.15151,0.48122,0.52378,-0.50018,0.49387,118.19712
0.13387,0.21765,0.15151,0.48127,0.52380,-0.50012,0.49385,118.29712
0.13387,0.21755,0.15151,0.48131,0.52382,-0.50007,0.49384,118.39712
0.13387,0.21745,0.15151,0.48138,0.52384,-0.50001,0.49382,118.49712
0.13388,0.21735,0.15150,0.48142,0.52386,-0.49996,0.49381,118.59712
0.13388,0.21725,0.15150,0.48147,0.52388,-0.49991,0.49379,118.69712
0.13388,0.21715,0.15150,0.48153,0.52390,-0.49985,0.49377,118.79712
0.13389,0.21705,0.15150,0.48158,0.52392,-0.49980,0.49376,118.89712
0.13389,0.21695,0.15150,0.48163,0.52394,-0.49974,0.49375,118.99712
0.13389,0.21685,0.15150,0.48168,0.52395,-0.49969,0.49373,119.09713
0.13390,0.21675,0.15150,0.48173,0.52397,-0.49963,0.49372,119.19713
0.13390,0.21665,0.15150,0.48178,0.52399,-0.49958,0.49370,119.29713
0.13390,0.21655,0.15150,0.48183,0.52401,-0.49952,0.49369,119.39713
0.13391,0.21645,0.15150,0.48189,0.52403,-0.49946,0.49367,119.49713
0.13391,0.21635,0.15150,0.48194,0.52405,-0.49941,0.49366,119.59713
0.13392,0.21625,0.15150,0.48199,0.52407,-0.49935,0.49365,119.69714
0.13392,0.21615,0.15150,0.48205,0.52409,-0.49930,0.49362,119.79714
0.13392,0.21605,0.15149,0.48209,0.52411,-0.49924,0.49361,119.89714
0.13393,0.21595,0.15148,0.48214,0.52413,-0.49919,0.49360,119.99714
0.13393,0.21585,0.15148,0.48220,0.52415,-0.49913,0.49358,120.09714
0.13393,0.21575,0.15148,0.48225,0.52416,-0.49908,0.49357,120.19715
0.13394,0.21565,0.15148,0.48230,0.52418,-0.49902,0.49355,120.29715
0.13394,0.21555,0.15148,0.48235,0.52420,-0.49897,0.49354,120.39715
0.13394,0.21545,0.15148,0.48241,0.52422,-0.49891,0.49353,120.49715
0.13395,0.21535,0.15148,0.48245,0.52424,-0.49886,0.49351,120.59716
0.13395,0.21525,0.15148,0.48250,0.52426,-0.49881,0.49350,120.69716
0.13396,0.21515,0.15148,0.48256,0.52428,-0.49875,0.49348,120.79716
0.13396,0.21505,0.15148,0.48261,0.52430,-0.49869,0.49346,120.89717
0.13396,0.21495,0.15148,0.48266,0.52432,-0.49863,0.49345,120.99717
0.13397,0.21485,0.15148,0.48272,0.52434,-0.49858,0.49343,121.09717
0.13397,0.21475,0.15147,0.48277,0.52435,-0.49852,0.49342,121.19718
0.13397,0.21465,0.15146,0.48282,0.52437,-0.49847,0.49340,121.29718
0.13398,0.21455,0.15146,0.48287,0.52439,-0.49841,0.49339,121.39718
0.13398,0.21445,0.15146,0.48292,0.52441,-0.49836,0.49338,121.49719
0.13398,0.21435,0.15146,0.48297,0.52443,-0.49831,0.49336,121.59719
0.13399,0.21425,0.15146,0.48302,0.52445,-0.49825,0.49335,121.69719
0.13399,0.21415,0.15146,0.48308,0.52447,-0.49820,0.49333,121.79720
0.13399,0.21405,0.15146,0.48313,0.52449,-0.49814,0.49332,121.89720
0.13400,0.21395,0.15146,0.48317,0.52451,-0.49808,0.49330,121.99721
0.13400,0.21385,0.15146,0.48323,0.52452,-0.49803,0.49329,122.09721
0.13401,0.21375,0.15146,0.48328,0.52454,-0.49797,0.49327,122.19722
0.13401,0.21365,0.15146,0.48333,0.52456,-0.49792,0.49325,122.29722
0.13401,0.21355,0.15145,0.48338,0.52458,-0.49786,0.49324,122.39722
0.13402,0.21345,0.15144,0.48344,0.52460,-0.49781,0.49323,122.49723
0.13402,0.21335,0.15144,0.48349,0.52462,-0.49775,0.49321,122.59723
0.13402,0.21325,0.15144,0.48354,0.52464,-0.49770,0.49320,122.69724
0.13403,0.21316,0.15144,0.48360,0.52466,-0.49764,0.49318,122.79725
0.13403,0.21306,0.15144,0.48364,0.52468,-0.49759,0.49317,122.89725
0.13403,0.21296,0.15144,0.48369,0.52470,-0.49753,0.49316,122.99726
0.13404,0.21286,0.15144,0.48374,0.52471,-0.49748,0.49314,123.09726
0.13404,0.21276,0.15144,0.48380,0.52473,-0.49742,0.49312,123.19727
0.13405,0.21266,0.15144,0.48385,0.52475,-0.49737,0.49310,123.29727
0.13405,0.21256,0.15143,0.48390,0.52477,-0.49731,0.49309,123.39728
0.13405,0.21246,0.15143,0.48395,0.52478,-0.49725,0.49308,123.49729
0.13406,0.21236,0.15143,0.48400,0.52480,-0.49720,0.49306,123.59729
0.13406,0.21226,0.15143,0.48405,0.52483,-0.49714,0.49305,123.69730
0.13406,0.21216,0.15142,0.48410,0.52485,-0.49709,0.49303,123.79731
0.13407,0.21206,0.15142,0.48416,0.52486,-0.49704,0.49302,123.89732
0.13407,0.21196,0.15142,0.48421,0.52488,-0.49698,0.49301,123.99732
0.13407,0.21186,0.15142,0.48426,0.52490,-0.49693,0.49299,124.09733
0.13408,0.21176,0.15141,0.48431,0.52492,-0.49687,0.49297,124.19734
0.13408,0.21166,0.15141,0.48436,0.52494,-0.49682,0.49295,124.29735
0.13409,0.21156,0.15141,0.48441,0.52495,-0.49676,0.49295,124.39735
0.13409,0.21146,0.15141,0.48446,0.52497,-0.49671,0.49293,124.49736
0.13409,0.21136,0.15141,0.48452,0.52499,-0.49665,0.49291,124.59737
0.13410,0.21126,0.15141,0.48457,0.52501,-0.49659,0.49290,124.69738
0.13410,0.21116,0.15141,0.48462,0.52503,-0.49655,0.49288,124.79739
0.13410,0.21106,0.15141,0.48467,0.52505,-0.49649,0.49287,124.89740
0.13411,0.21096,0.15140,0.48472,0.52506,-0.49643,0.49286,124.99740
0.13411,0.21086,0.15139,0.48477,0.52509,-0.49637,0.49284,125.09741
0.13411,0.21076,0.15139,0.48482,0.52510,-0.49632,0.49283,125.19742
0.13412,0.21066,0.15139,0.48488,0.52512,-0.49627,0.49281,125.29743
0.13412,0.21056,0.15139,0.48493,0.52514,-0.49621,0.49280,125.39744
0.13413,0.21046,0.15139,0.48498,0.52516,-0.49616,0.49278,125.49745
0.13413,0.21036,0.15139,0.48503,0.52518,-0.49610,0.49277,125.59746
0.13413,0.21026,0.15138,0.48508,0.52519,-0.49605,0.49275,125.69747
0.13414,0.21016,0.15138,0.48513,0.52521,-0.49600,0.49273,125.79748
0.13414,0.21006,0.15138,0.48518,0.52524,-0.49594,0.49272,125.89750
0.13414,0.20996,0.15138,0.48523,0.52525,-0.49589,0.49271,125.99751
0.13415,0.20986,0.15138,0.48529,0.52527,-0.49583,0.49269,126.09752
0.13415,0.20976,0.15138,0.48534,0.52529,-0.49577,0.49268,126.19753
0.13415,0.20966,0.15138,0.48539,0.52531,-0.49571,0.49266,126.29754
0.13416,0.20956,0.15136,0.48545,0.52532,-0.49566,0.49265,126.39755
0.13416,0.20946,0.15136,0.48549,0.52534,-0.49561,0.49263,126.49756
0.13417,0.20936,0.15136,0.48554,0.52536,-0.49555,0.49262,126.59758
0.13417,0.20926,0.15136,0.48559,0.52538,-0.49550,0.49260,126.69759
0.13417,0.20916,0.15136,0.48565,0.52540,-0.49544,0.49258,126.79760
0.13418,0.20906,0.15136,0.48570,0.52541,-0.49539,0.49257,126.89761
0.13418,0.20896,0.15135,0.48575,0.52543,-0.49534,0.49256,126.99763
0.13418,0.20886,0.15135,0.48580,0.52545,-0.49528,0.49254,127.09764
0.13419,0.20876,0.15135,0.48585,0.52547,-0.49522,0.49253,127.19766
0.13419,0.20866,0.15135,0.48590,0.52549,-0.49517,0.49251,127.29767
0.13419,0.20856,0.15135,0.48595,0.52551,-0.49511,0.49250,127.39768
0.13420,0.20846,0.15135,0.48600,0.52552,-0.49506,0.49249,127.49770
0.13420,0.20836,0.15133,0.48606,0.52554,-0.49500,0.49247,127.59771
0.13421,0.20826,0.15133,0.48611,0.52556,-0.49495,0.49245,127.69773
0.13421,0.20816,0.15133,0.48616,0.52559,-0.49489,0.49244,127.79774
0.13421,0.20806,0.15133,0.48621,0.52560,-0.49484,0.49243,127.89776
0.13422,0.20796,0.15133,0.48626,0.52562,-0.49478,0.49241,127.99777
0.13422,0.20786,0.15133,0.48631,0.52564,-0.49473,0.49239,128.09779
0.13422,0.20776,0.15132,0.48636,0.52565,-0.49468,0.49238,128.19780
0.13423,0.20766,0.15132,0.48642,0.52567,-0.49462,0.49236,128.29782
0.13423,0.20756,0.15132,0.48647,0.52569,-0.49457,0.49235,128.39784
0.13423,0.20746,0.15132,0.48652,0.52571,-0.49451,0.49234,128.49785
0.13424,0.20736,0.15132,0.48657,0.52572,-0.49446,0.49232,128.59787
0.13424,0.20726,0.15131,0.48662,0.52574,-0.49440,0.49230,128.69789
0.13425,0.20716,0.15131,0.48667,0.52576,-0.49434,0.49229,128.79791
0.13425,0.20706,0.15130,0.48672,0.52578,-0.49429,0.49228,128.89792
0.13425,0.20696,0.15130,0.48677,0.52580,-0.49423,0.49226,128.99794
0.13426,0.20686,0.15130,0.48683,0.52582,-0.49418,0.49224,129.09796
0.13426,0.20676,0.15130,0.48688,0.52583,-0.49413,0.49223,129.19798
0.13426,0.20666,0.15129,0.48693,0.52585,-0.49407,0.49221,129.29800
0.13427,0.20656,0.15129,0.48697,0.52587,-0.49402,0.49220,129.39802
0.13427,0.20646,0.15129,0.48702,0.52589,-0.49396,0.49219,129.49804
0.13427,0.20636,0.15129,0.48708,0.52590,-0.49391,0.49217,129.59806
0.13428,0.20626,0.15129,0.48713,0.52592,-0.49386,0.49216,129.69807
0.13428,0.20616,0.15128,0.48718,0.52594,-0.49380,0.49214,129.79810
0.13429,0.20606,0.15128,0.48723,0.52596,-0.49375,0.49213,129.89812
0.13429,0.20596,0.15128,0.48728,0.52597,-0.49369,0.49211,129.99814
0.13429,0.20586,0.15128,0.48734,0.52600,-0.49363,0.49209,130.09816
0.13430,0.20576,0.15127,0.48738,0.52601,-0.49358,0.49208,130.19818
0.13430,0.20566,0.15126,0.48743,0.52603,-0.49352,0.49207,130.29820
0.13430,0.20556,0.15126,0.48749,0.52605,-0.49347,0.49205,130.39822
0.13431,0.20546,0.15126,0.48754,0.52606,-0.49342,0.49204,130.49824
0.13431,0.20536,0.15126,0.48759,0.52608,-0.49336,0.49202,130.59827
0.13432,0.20526,0.15125,0.48764,0.52610,-0.49331,0.49201,130.69829
0.13432,0.20516,0.15125,0.48769,0.52611,-0.49326,0.49200,130.79831
0.13432,0.20506,0.15125,0.48775,0.52613,-0.49320,0.49198,130.89834
0.13433,0.20496,0.15125,0.48779,0.52615,-0.49315,0.49196,130.99836
0.13433,0.20486,0.15125,0.48785,0.52617,-0.49309,0.49195,131.09838
0.13433,0.20476,0.15124,0.48789,0.52619,-0.49304,0.49194,131.19841
0.13434,0.20466,0.15124,0.48795,0.52620,-0.49298,0.49192,131.29843
0.13434,0.20456,0.15124,0.48800,0.52622,-0.49293,0.49191,131.39846
0.13434,0.20446,0.15123,0.48805,0.52624,-0.49287,0.49189,131.49848
0.13435,0.20436,0.15122,0.48809,0.52626,-0.49282,0.49188,131.59851
0.13435,0.20426,0.15122,0.48815,0.52627,-0.49276,0.49186,131.69853
0.13436,0.20416,0.15122,0.48820,0.52629,-0.49271,0.49185,131.79856
0.13436,0.20406,0.15122,0.48825,0.52631,-0.49265,0.49183,131.89859
0.13436,0.20396,0.15122,0.48830,0.52633,-0.49260,0.49182,131.99861
0.13437,0.20386,0.15121,0.48835,0.52634,-0.49255,0.49181,132.09864
0.13437,0.20376,0.15121,0.48841,0.52637,-0.49249,0.49179,132.19867
0.13437,0.20366,0.15121,0.48846,0.52638,-0.49244,0.49178,132.29869
0.13438,0.20356,0.15121,0.48851,0.52640,-0.49239,0.49175,132.39872
0.13438,0.20346,0.15120,0.48855,0.52642,-0.49233,0.49174,132.49875
0.13438,0.20336,0.15120,0.48861,0.52643,-0.49227,0.49173,132.59878
0.13439,0.20326,0.15120,0.48866,0.52645,-0.49222,0.49171,132.69881
0.13439,0.20316,0.15119,0.48871,0.52646,-0.49217,0.49170,132.79884
0.13440,0.20306,0.15118,0.48876,0.52648,-0.49211,0.49169,132.89887
0.13440,0.20296,0.15118,0.48881,0.52651,-0.49205,0.49167,132.99890
0.13440,0.20286,0.15118,0.48887,0.52651,-0.49200,0.49166,133.09893
0.13441,0.20276,0.15118,0.48891,0.52654,-0.49195,0.49164,133.19896
0.13441,0.20266,0.15117,0.48896,0.52656,-0.49189,0.49163,133.29899
0.13441,0.20256,0.15117,0.48901,0.52657,-0.49184,0.49162,133.39902
0.13442,0.20246,0.15117,0.48906,0.52659,-0.49179,0.49160,133.49905
0.13442,0.20236,0.15117,0.48912,0.52661,-0.49173,0.49158,133.59908
0.13443,0.20226,0.15116,0.48917,0.52662,-0.49168,0.49157,133.69912
0.13443,0.20216,0.15116,0.48922,0.52664,-0.49163,0.49155,133.79915
0.13443,0.20206,0.15116,0.48927,0.52665,-0.49157,0.49154,133.89918
0.13444,0.20196,0.15116,0.48932,0.52668,-0.49152,0.49152,133.99921
0.13444,0.20186,0.15114,0.48937,0.52669,-0.49146,0.49151,134.09925
0.13444,0.20176,0.15114,0.48942,0.52670,-0.49140,0.49150,134.19928
0.13445,0.20166,0.15114,0.48947,0.52673,-0.49135,0.49148,134.29932
0.13445,0.20156,0.15114,0.48952,0.52674,-0.49130,0.49147,134.39935
0.13445,0.20146,0.15113,0.48957,0.52676,-0.49124,0.49146,134.49939
0.13446,0.20136,0.15113,0.48962,0.52678,-0.49119,0.49144,134.59942
0.13446,0.20127,0.15113,0.48967,0.52679,-0.49114,0.49142,134.69946
0.13447,0.20117,0.15113,0.48972,0.52681,-0.49108,0.49141,134.79949
0.13447,0.20107,0.15112,0.48977,0.52683,-0.49103,0.49139,134.89953
0.13447,0.20097,0.15112,0.48982,0.52684,-0.49098,0.49138,134.99957
0.13448,0.20087,0.15112,0.48987,0.52687,-0.49092,0.49136,135.09960
0.13448,0.20077,0.15111,0.48993,0.52687,-0.49087,0.49135,135.19964
0.13448,0.20067,0.15111,0.48997,0.52689,-0.49081,0.49134,135.29968
0.13449,0.20057,0.15110,0.49003,0.52691,-0.49076,0.49132,135.39972
0.13449,0.20047,0.15110,0.49007,0.52693,-0.49070,0.49131,135.49976
0.13449,0.20037,0.15109,0.49012,0.52695,-0.49065,0.49129,135.59980
0.13450,0.20027,0.15109,0.49017,0.52696,-0.49060,0.49128,135.69984
0.13450,0.20017,0.15109,0.49023,0.52698,-0.49054,0.49126,135.79988
0.13451,0.20007,0.15109,0.49028,0.52699,-0.49049,0.49125,135.89992
0.13451,0.19997,0.15108,0.49033,0.52701,-0.49043,0.49123,135.99996
0.13451,0.19987,0.15108,0.49038,0.52703,-0.49038,0.49122,136.10000
0.13452,0.19977,0.15108,0.49043,0.52705,-0.49033,0.49120,136.20004
0.13452,0.19967,0.15107,0.49048,0.52707,-0.49027,0.49119,136.30008
0.13452,0.19957,0.15107,0.49053,0.52708,-0.49022,0.49118,136.40012
0.13453,0.19947,0.15107,0.49058,0.52710,-0.49017,0.49116,136.50017
0.13453,0.19937,0.15106,0.49063,0.52711,-0.49012,0.49115,136.60021
0.13454,0.19927,0.15105,0.49068,0.52713,-0.49006,0.49114,136.70025
0.13454,0.19917,0.15105,0.49073,0.52715,-0.49001,0.49112,136.80030
0.13454,0.19907,0.15105,0.49078,0.52716,-0.48995,0.49111,136.90034
0.13455,0.19897,0.15104,0.49083,0.52718,-0.48989,0.49109,137.00038
0.13455,0.19887,0.15104,0.49088,0.52719,-0.48984,0.49107,137.10043
0.13455,0.19877,0.15104,0.49093,0.52721,-0.48979,0.49106,137.20047
0.13456,0.19867,0.15103,0.49098,0.52723,-0.48973,0.49105,137.30052
0.13456,0.19857,0.15103,0.49103,0.52725,-0.48968,0.49103,137.40057
0.13456,0.19847,0.15103,0.49108,0.52726,-0.48963,0.49102,137.50061
0.13457,0.19837,0.15102,0.49113,0.52727,-0.48958,0.49101,137.60066
0.13457,0.19827,0.15102,0.49118,0.52730,-0.48952,0.49099,137.70071
0.13458,0.19817,0.15102,0.49123,0.52731,-0.48947,0.49098,137.80076
0.13458,0.19807,0.15102,0.49128,0.52733,-0.48941,0.49096,137.90080
0.13458,0.19797,0.15100,0.49133,0.52734,-0.48936,0.49095,138.00085
0.13459,0.19787,0.15100,0.49138,0.52736,-0.48931,0.49093,138.10090
0.13459,0.19777,0.15100,0.49143,0.52737,-0.48925,0.49092,138.20095
0.13459,0.19767,0.15099,0.49148,0.52739,-0.48920,0.49090,138.30100
0.13460,0.19757,0.15099,0.49154,0.52740,-0.48914,0.49089,138.40105
0.13460,0.19747,0.15099,0.49158,0.52742,-0.48909,0.49088,138.50110
0.13461,0.19737,0.15098,0.49163,0.52744,-0.48904,0.49086,138.60115
0.13461,0.19727,0.15098,0.49168,0.52746,-0.48898,0.49085,138.70120
0.13461,0.19717,0.15098,0.49173,0.52747,-0.48893,0.49084,138.80126
0.13462,0.19707,0.15097,0.49178,0.52749,-0.48888,0.49082,138.90131
0.13462,0.19697,0.15097,0.49183,0.52751,-0.48883,0.49080,139.00136
0.13462,0.19687,0.15097,0.49189,0.52752,-0.48877,0.49079,139.10141
0.13463,0.19677,0.15095,0.49193,0.52754,-0.48872,0.49077,139.20147
0.13463,0.19667,0.15095,0.49198,0.52755,-0.48867,0.49076,139.30152
0.13463,0.19657,0.15095,0.49203,0.52757,-0.48861,0.49075,139.40158
0.13464,0.19647,0.15094,0.49208,0.52759,-0.48856,0.49073,139.50163
0.13464,0.19637,0.15094,0.49213,0.52760,-0.48850,0.49072,139.60169
0.13465,0.19627,0.15094,0.49218,0.52762,-0.48845,0.49071,139.70174
0.13465,0.19617,0.15093,0.49223,0.52764,-0.48839,0.49069,139.80180
0.13465,0.19607,0.15093,0.49228,0.52765,-0.48834,0.49068,139.90186
0.13466,0.19597,0.15093,0.49233,0.52767,-0.48829,0.49066,140.00191
0.13466,0.19587,0.15092,0.49238,0.52768,-0.48824,0.49065,140.10197
0.13466,0.19577,0.15092,0.49243,0.52770,-0.48818,0.49064,140.20203
0.13467,0.19567,0.15092,0.49248,0.52771,-0.48813,0.49062,140.30209
0.13467,0.19557,0.15091,0.49253,0.52773,-0.48808,0.49060,140.40215
0.13468,0.19547,0.15090,0.49258,0.52774,-0.48803,0.49059,140.50221
0.13468,0.19537,0.15090,0.49263,0.52776,-0.48797,0.49058,140.60227
0.13468,0.19527,0.15089,0.49268,0.52778,-0.48792,0.49056,140.70233
0.13469,0.19517,0.15089,0.49273,0.52780,-0.48787,0.49055,140.80239
0.13469,0.19507,0.15089,0.49278,0.52780,-0.48781,0.49054,140.90245
0.13469,0.19497,0.15088,0.49283,0.52782,-0.48775,0.49053,141.00251
0.13470,0.19487,0.15088,0.49288,0.52784,-0.48770,0.49051,141.10257
0.13470,0.19477,0.15088,0.49293,0.52785,-0.48765,0.49050,141.20264
0.13471,0.19467,0.15087,0.49298,0.52787,-0.48760,0.49048,141.30270
0.13471,0.19457,0.15087,0.49303,0.52788,-0.48755,0.49047,141.40276
0.13471,0.19447,0.15086,0.49308,0.52790,-0.48749,0.49045,141.50283
0.13472,0.19437,0.15086,0.49313,0.52791,-0.48744,0.49044,141.60289
0.13472,0.19427,0.15086,0.49317,0.52794,-0.48739,0.49042,141.70296
0.13472,0.19417,0.15084,0.49322,0.52795,-0.48734,0.49041,141.80302
0.13473,0.19407,0.15084,0.49327,0.52797,-0.48728,0.49040,141.90309
0.13473,0.19397,0.15084,0.49333,0.52798,-0.48723,0.49038,142.00316
0.13474,0.19387,0.15083,0.49338,0.52800,-0.48717,0.49037,142.10322
0.13474,0.19377,0.15083,0.49343,0.52801,-0.48712,0.49036,142.20329
0.13474,0.19367,0.15083,0.49347,0.52802,-0.48707,0.49035,142.30336
0.13475,0.19357,0.15082,0.49353,0.52804,-0.48701,0.49033,142.40343
0.13475,0.19347,0.15082,0.49357,0.52805,-0.48696,0.49032,142.50349
0.13475,0.19337,0.15081,0.49362,0.52807,-0.48691,0.49030,142.60356
0.13476,0.19327,0.15081,0.49367,0.52808,-0.48686,0.49028,142.70363
0.13476,0.19317,0.15081,0.49372,0.52811,-0.48680,0.49027,142.80370
0.13476,0.19307,0.15080,0.49377,0.52812,-0.48675,0.49026,142.90378
0.13477,0.19297,0.15080,0.49382,0.52813,-0.48670,0.49025,143.00385
0.13477,0.19287,0.15079,0.49387,0.52815,-0.48665,0.49023,143.10392
0.13478,0.19277,0.15078,0.49392,0.52816,-0.48660,0.49022,143.20399
0.13478,0.19267,0.15078,0.49396,0.52818,-0.48654,0.49021,143.30406
0.13478,0.19257,0.15077,0.49402,0.52819,-0.48649,0.49019,143.40414
0.13479,0.19247,0.15077,0.49407,0.52821,-0.48643,0.49018,143.50421
0.13479,0.19237,0.15077,0.49412,0.52822,-0.48638,0.49016,143.60428
0.13479,0.19227,0.15076,0.49417,0.52823,-0.48633,0.49015,143.70436
0.13480,0.19217,0.15076,0.49422,0.52825,-0.48628,0.49013,143.80444
0.13480,0.19207,0.15075,0.49427,0.52827,-0.48622,0.49012,143.90451
0.13481,0.19197,0.15075,0.49431,0.52828,-0.48617,0.49011,144.00459
0.13481,0.19187,0.15075,0.49436,0.52829,-0.48612,0.49010,144.10466
0.13481,0.19177,0.15074,0.49441,0.52831,-0.48607,0.49008,144.20474
0.13482,0.19167,0.15074,0.49446,0.52833,-0.48602,0.49007,144.30482
0.13482,0.19157,0.15073,0.49451,0.52834,-0.48596,0.49006,144.40490
0.13482,0.19147,0.15072,0.49456,0.52836,-0.48591,0.49004,144.50498
0.13483,0.19137,0.15072,0.49461,0.52837,-0.48586,0.49003,144.60506
0.13483,0.19127,0.15071,0.49466,0.52838,-0.48581,0.49002,144.70514
0.13484,0.19117,0.15071,0.49470,0.52840,-0.48576,0.49000,144.80522
0.13484,0.19107,0.15071,0.49475,0.52841,-0.48571,0.48999,144.90530
0.13484,0.19098,0.15070,0.49480,0.52844,-0.48565,0.48997,145.00538
0.13485,0.19088,0.15070,0.49485,0.52845,-0.48560,0.48996,145.10546
0.13485,0.19078,0.15069,0.49490,0.52846,-0.48554,0.48995,145.20554
0.13485,0.19068,0.15069,0.49495,0.52848,-0.48549,0.48993,145.30563
0.13486,0.19058,0.15068,0.49500,0.52849,-0.48544,0.48992,145.40571
0.13486,0.19048,0.15068,0.49504,0.52851,-0.48539,0.48991,145.50579
0.13487,0.19038,0.15068,0.49510,0.52852,-0.48533,0.48990,145.60588
0.13487,0.19028,0.15066,0.49515,0.52853,-0.48528,0.48988,145.70596
0.13487,0.19018,0.15066,0.49519,0.52855,-0.48523,0.48987,145.80605
0.13488,0.19008,0.15065,0.49524,0.52856,-0.48518,0.48986,145.90613
0.13488,0.18998,0.15065,0.49529,0.52857,-0.48513,0.48984,146.00622
0.13488,0.18988,0.15065,0.49534,0.52859,-0.48508,0.48982,146.10631
0.13489,0.18978,0.15064,0.49539,0.52861,-0.48503,0.48981,146.20640
0.13489,0.18968,0.15064,0.49544,0.52862,-0.48497,0.48980,146.30648
0.13490,0.18958,0.15063,0.49548,0.52864,-0.48492,0.48979,146.40657
0.13490,0.18948,0.15063,0.49554,0.52865,-0.48487,0.48977,146.50666
0.13490,0.18938,0.15062,0.49558,0.52866,-0.48482,0.48976,146.60675
0.13491,0.18928,0.15062,0.49563,0.52868,-0.48476,0.48975,146.70684
0.13491,0.18918,0.15062,0.49568,0.52869,-0.48471,0.48974,146.80693
0.13491,0.18908,0.15061,0.49573,0.52870,-0.48466,0.48972,146.90703
0.13492,0.18898,0.15060,0.49578,0.52872,-0.48460,0.48971,147.00712
0.13492,0.18888,0.15059,0.49583,0.52874,-0.48455,0.48970,147.10721
0.13493,0.18878,0.15059,0.49588,0.52875,-0.48450,0.48969,147.20730
0.13493,0.18868,0.15058,0.49592,0.52876,-0.48445,0.48967,147.30740
0.13493,0.18858,0.15058,0.49597,0.52878,-0.48440,0.48965,147.40749
0.13494,0.18848,0.15058,0.49602,0.52879,-0.48435,0.48964,147.50759
0.13494,0.18838,0.15057,0.49607,0.52881,-0.48430,0.48963,147.60768
0.13494,0.18828,0.15057,0.49612,0.52882,-0.48424,0.48962,147.70778
0.13495,0.18818,0.15056,0.49617,0.52883,-0.48420,0.48960,147.80787
0.13495,0.18808,0.15056,0.49622,0.52885,-0.48414,0.48959,147.90797
0.13496,0.18798,0.15055,0.49627,0.52886,-0.48408,0.48958,148.00807
0.13496,0.18788,0.15055,0.49632,0.52887,-0.48403,0.48957,148.10817
0.13496,0.18778,0.15055,0.49636,0.52889,-0.48398,0.48955,148.20827
0.13497,0.18768,0.15053,0.49641,0.52890,-0.48393,0.48953,148.30836
0.13497,0.18758,0.15053,0.49646,0.52892,-0.48388,0.48952,148.40846
0.13497,0.18748,0.15052,0.49651,0.52893,-0.48383,0.48951,148.50856
0.13498,0.18738,0.15052,0.49656,0.52894,-0.48378,0.48950,148.60867
0.13498,0.18728,0.15051,0.49660,0.52895,-0.48373,0.48949,148.70877
0.13498,0.18718,0.15051,0.49666,0.52897,-0.48368,0.48947,148.80887
0.13499,0.18708,0.15050,0.49670,0.52899,-0.48362,0.48946,148.90897
0.13499,0.18698,0.15050,0.49675,0.52900,-0.48357,0.48945,149.00908
0.13500,0.18688,0.15049,0.49680,0.52901,-0.48352,0.48944,149.10918
0.13500,0.18678,0.15049,0.49685,0.52902,-0.48346,0.48943,149.20928
0.13500,0.18668,0.15049,0.49689,0.52904,-0.48342,0.48941,149.30939
0.13501,0.18658,0.15048,0.49694,0.52906,-0.48337,0.48940,149.40949
0.13501,0.18648,0.15048,0.49699,0.52907,-0.48331,0.48939,149.50960
0.13501,0.18638,0.15046,0.49703,0.52908,-0.48326,0.48937,149.60971
0.13502,0.18628,0.15046,0.49708,0.52909,-0.48321,0.48936,149.70981
0.13502,0.18618,0.15045,0.49713,0.52911,-0.48316,0.48934,149.80992
0.13503,0.18608,0.15045,0.49718,0.52912,-0.48311,0.48933,149.91003
0.13503,0.18598,0.15044,0.49723,0.52914,-0.48306,0.48932,150.01014
0.13503,0.18588,0.15044,0.49728,0.52915,-0.48301,0.48931,150.11025
0.13504,0.18578,0.15043,0.49733,0.52916,-0.48296,0.48930,150.21036
0.13504,0.18568,0.15043,0.49738,0.52917,-0.48291,0.48928,150.31047
0.13504,0.18558,0.15042,0.49742,0.52919,-0.48285,0.48926,150.41058
0.13505,0.18548,0.15042,0.49748,0.52920,-0.48280,0.48925,150.51069
0.13505,0.18538,0.15041,0.49752,0.52921,-0.48275,0.48924,150.61080
0.13506,0.18528,0.15041,0.49757,0.52923,-0.48270,0.48924,150.71092
0.13506,0.18518,0.15041,0.49761,0.52924,-0.48265,0.48922,150.81103
0.13506,0.18508,0.15039,0.49766,0.52926,-0.48260,0.48920,150.91115
0.13507,0.18498,0.15039,0.49771,0.52927,-0.48254,0.48919,151.01126
0.13507,0.18488,0.15038,0.49776,0.52928,-0.48249,0.48918,151.11138
0.13507,0.18478,0.15038,0.49781,0.52929,-0.48244,0.48917,151.21149
0.13508,0.18468,0.15037,0.49785,0.52931,-0.48239,0.48916,151.31161
0.13508,0.18458,0.15037,0.49790,0.52932,-0.48234,0.48915,151.41173
0.13509,0.18448,0.15036,0.49795,0.52933,-0.48229,0.48913,151.51184
0.13509,0.18438,0.15036,0.49800,0.52934,-0.48224,0.48912,151.61196
0.13509,0.18428,0.15035,0.49804,0.52936,-0.48219,0.48911,151.71208
0.13510,0.18418,0.15035,0.49809,0.52937,-0.48214,0.48909,151.81220
0.13510,0.18408,0.15034,0.49814,0.52939,-0.48209,0.48908,151.91232
0.13510,0.18398,0.15034,0.49819,0.52940,-0.48204,0.48907,152.01244
0.13511,0.18388,0.15032,0.49824,0.52941,-0.48198,0.48906,152.11256
0.13511,0.18378,0.15032,0.49829,0.52942,-0.48194,0.48904,152.21269
0.13512,0.18368,0.15031,0.49833,0.52944,-0.48188,0.48903,152.31281
0.13512,0.18358,0.15031,0.49838,0.52945,-0.48183,0.48902,152.41293
0.13512,0.18348,0.15030,0.49842,0.52946,-0.48178,0.48901,152.51305
0.13513,0.18338,0.15030,0.49847,0.52947,-0.48173,0.48900,152.61318
0.13513,0.18328,0.15029,0.49852,0.52948,-0.48168,0.48899,152.71330
0.13513,0.18318,0.15029,0.49857,0.52950,-0.48163,0.48897,152.81343
0.13514,0.18308,0.15028,0.49862,0.52951,-0.48158,0.48895,152.91356
0.13514,0.18298,0.15028,0.49867,0.52953,-0.48153,0.48894,153.01368
0.13515,0.18288,0.15027,0.49871,0.52954,-0.48148,0.48893,153.11381
0.13515,0.18278,0.15027,0.49876,0.52955,-0.48143,0.48892,153.21394
0.13515,0.18268,0.15026,0.49880,0.52956,-0.48138,0.48891,153.31407
0.13516,0.18258,0.15025,0.49885,0.52957,-0.48133,0.48890,153.41420
0.13516,0.18248,0.15024,0.49890,0.52959,-0.48127,0.48889,153.51433
0.13516,0.18238,0.15024,0.49895,0.52960,-0.48122,0.48888,153.61446
0.13517,0.18228,0.15023,0.49900,0.52961,-0.48117,0.48886,153.71459
0.13517,0.18218,0.15023,0.49905,0.52962,-0.48112,0.48885,153.81472
0.13518,0.18208,0.15022,0.49909,0.52964,-0.48108,0.48884,153.91485
0.13518,0.18198,0.15022,0.49914,0.52965,-0.48102,0.48883,154.01499
0.13518,0.18189,0.15021,0.49918,0.52966,-0.48097,0.48881,154.11512
0.13519,0.18179,0.15021,0.49923,0.52968,-0.48092,0.48880,154.21525
0.13519,0.18169,0.15020,0.49928,0.52969,-0.48087,0.48879,154.31539
0.13520,0.18159,0.15020,0.49933,0.52969,-0.48083,0.48878,154.41552
0.13520,0.18149,0.15019,0.49937,0.52971,-0.48078,0.48877,154.51566
0.13520,0.18139,0.15019,0.49942,0.52972,-0.48073,0.48876,154.61580
0.13521,0.18129,0.15017,0.49947,0.52973,-0.48068,0.48874,154.71593
0.13521,0.18119,0.15016,0.49952,0.52974,-0.48063,0.48873,154.81607
0.13521,0.18109,0.15016,0.49956,0.52976,-0.48057,0.48871,154.91621
0.13522,0.18099,0.15015,0.49961,0.52977,-0.48052,0.48870,155.01635
0.13522,0.18089,0.15015,0.49965,0.52978,-0.48047,0.48869,155.11649
0.13523,0.18079,0.15014,0.49970,0.52979,-0.48042,0.48868,155.21663
0.13523,0.18069,0.15014,0.49975,0.52980,-0.48037,0.48867,155.31677
0.13523,0.18059,0.15013,0.49980,0.52981,-0.48032,0.48866,155.41691
0.13524,0.18049,0.15013,0.49985,0.52983,-0.48027,0.48865,155.51706
0.13524,0.18039,0.15012,0.49989,0.52984,-0.48022,0.48864,155.61720
0.13524,0.18029,0.15012,0.49994,0.52985,-0.48017,0.48863,155.71734
0.13525,0.18019,0.15011,0.49998,0.52986,-0.48012,0.48862,155.81749
0.13525,0.18009,0.15011,0.50003,0.52987,-0.48008,0.48860,155.91763
0.13526,0.17999,0.15009,0.50008,0.52989,-0.48003,0.48858,156.01778
0.13526,0.17989,0.15009,0.50012,0.52990,-0.47998,0.48858,156.11793
0.13526,0.17979,0.15008,0.50017,0.52991,-0.47993,0.48856,156.21807
0.13527,0.17969,0.15007,0.50022,0.52992,-0.47988,0.48855,156.31822
0.13527,0.17959,0.15007,0.50027,0.52993,-0.47982,0.48854,156.41837
0.13527,0.17949,0.15006,0.50031,0.52994,-0.47977,0.48853,156.51852
0.13528,0.17939,0.15006,0.50036,0.52996,-0.47972,0.48852,156.61867
0.13528,0.17929,0.15005,0.50040,0.52997,-0.47967,0.48851,156.71882
0.13529,0.17919,0.15005,0.50045,0.52998,-0.47962,0.48850,156.81897
0.13529,0.17909,0.15004,0.50050,0.52999,-0.47958,0.48849,156.91912
0.13529,0.17899,0.15004,0.50054,0.53000,-0.47953,0.48848,157.01927
0.13530,0.17889,0.15003,0.50059,0.53001,-0.47948,0.48847,157.11942
0.13530,0.17879,0.15002,0.50064,0.53002,-0.47943,0.48846,157.21958
0.13530,0.17869,0.15001,0.50069,0.53003,-0.47938,0.48844,157.31973
0.13531,0.17859,0.15000,0.50073,0.53004,-0.47933,0.48844,157.41989
0.13531,0.17849,0.15000,0.50078,0.53005,-0.47928,0.48842,157.52004
0.13532,0.17839,0.14999,0.50082,0.53006,-0.47923,0.48841,157.62020
0.13532,0.17829,0.14999,0.50087,0.53008,-0.47919,0.48839,157.72036
0.13532,0.17819,0.14998,0.50091,0.53010,-0.47914,0.48838,157.82051
0.13533,0.17809,0.14998,0.50096,0.53011,-0.47908,0.48837,157.92067
0.13533,0.17799,0.14997,0.50101,0.53012,-0.47903,0.48836,158.02083
0.13534,0.17789,0.14996,0.50106,0.53013,-0.47898,0.48835,158.12099
0.13534,0.17779,0.14996,0.50110,0.53014,-0.47893,0.48834,158.22115
0.13534,0.17769,0.14995,0.50115,0.53015,-0.47888,0.48833,158.32131
0.13535,0.17759,0.14995,0.50119,0.53016,-0.47884,0.48831,158.42147
0.13535,0.17749,0.14994,0.50124,0.53017,-0.47879,0.48830,158.52163
0.13535,0.17739,0.14993,0.50128,0.53018,-0.47874,0.48829,158.62180
0.13536,0.17729,0.14992,0.50133,0.53019,-0.47869,0.48828,158.72196
0.13536,0.17719,0.14991,0.50138,0.53020,-0.47864,0.48827,158.82212
0.13537,0.17709,0.14991,0.50142,0.53022,-0.47859,0.48826,158.92229
0.13537,0.17699,0.14990,0.50147,0.53022,-0.47855,0.48825,159.02245
0.13537,0.17689,0.14990,0.50152,0.53023,-0.47849,0.48824,159.12262
0.13538,0.17679,0.14989,0.50156,0.53025,-0.47844,0.48823,159.22279
0.13538,0.17669,0.14989,0.50160,0.53026,-0.47840,0.48822,159.32295
0.13538,0.17659,0.14988,0.50165,0.53027,-0.47834,0.48821,159.42312
0.13539,0.17649,0.14987,0.50170,0.53027,-0.47830,0.48820,159.52329
0.13539,0.17639,0.14987,0.50174,0.53028,-0.47825,0.48819,159.62346
0.13540,0.17629,0.14986,0.50179,0.53029,-0.47820,0.48818,159.72363
0.13540,0.17619,0.14986,0.50184,0.53030,-0.47815,0.48816,159.82380
0.13540,0.17609,0.14984,0.50189,0.53031,-0.47810,0.48815,159.92397
0.13541,0.17599,0.14983,0.50193,0.53033,-0.47805,0.48814,160.02414
0.13541,0.17589,0.14983,0.50198,0.53033,-0.47801,0.48813,160.12432
0.13541,0.17579,0.14982,0.50202,0.53035,-0.47796,0.48812,160.22449
0.13542,0.17569,0.14982,0.50207,0.53036,-0.47791,0.48811,160.32466
0.13542,0.17559,0.14981,0.50211,0.53037,-0.47786,0.48810,160.42484
0.13543,0.17549,0.14981,0.50216,0.53038,-0.47782,0.48809,160.52501
0.13543,0.17539,0.14980,0.50220,0.53039,-0.47777,0.48808,160.62519
0.13543,0.17529,0.14979,0.50225,0.53040,-0.47771,0.48807,160.72537
0.13544,0.17519,0.14979,0.50230,0.53041,-0.47766,0.48806,160.82554
0.13544,0.17509,0.14978,0.50234,0.53042,-0.47761,0.48805,160.92572
0.13544,0.17499,0.14978,0.50238,0.53043,-0.47757,0.48804,161.02590
0.13545,0.17489,0.14977,0.50243,0.53044,-0.47752,0.48803,161.12608
0.13545,0.17479,0.14975,0.50247,0.53045,-0.47747,0.48802,161.22626
0.13546,0.17469,0.14975,0.50252,0.53046,-0.47742,0.48801,161.32644
0.13546,0.17459,0.14974,0.50257,0.53046,-0.47738,0.48800,161.42662
0.13546,0.17449,0.14974,0.50261,0.53048,-0.47733,0.48799,161.52680
0.13547,0.17439,0.14973,0.50266,0.53049,-0.47728,0.48798,161.62699
0.13547,0.17429,0.14972,0.50271,0.53050,-0.47723,0.48797,161.72717
0.13548,0.17419,0.14972,0.50275,0.53051,-0.47719,0.48796,161.82735
0.13548,0.17409,0.14971,0.50280,0.53052,-0.47714,0.48794,161.92754
0.13548,0.17399,0.14971,0.50284,0.53053,-0.47709,0.48794,162.02772
0.13549,0.17389,0.14970,0.50289,0.53054,-0.47704,0.48792,162.12791
0.13549,0.17379,0.14969,0.50293,0.53055,-0.47699,0.48791,162.22810
0.13549,0.17369,0.14969,0.50297,0.53055,-0.47695,0.48790,162.32829
0.13550,0.17359,0.14968,0.50302,0.53056,-0.47690,0.48789,162.42847
0.13550,0.17350,0.14966,0.50307,0.53057,-0.47684,0.48789,162.52866
0.13551,0.17340,0.14966,0.50311,0.53058,-0.47680,0.48788,162.62885
0.13551,0.17330,0.14965,0.50316,0.53059,-0.47675,0.48787,162.72904
0.13551,0.17320,0.14965,0.50320,0.53061,-0.47670,0.48786,162.82923
0.13552,0.17310,0.14964,0.50324,0.53061,-0.47666,0.48784,162.92943
0.13552,0.17300,0.14963,0.50330,0.53062,-0.47661,0.48784,163.02962
0.13552,0.17290,0.14963,0.50334,0.53063,-0.47656,0.48783,163.12981
0.13553,0.17280,0.14962,0.50338,0.53064,-0.47651,0.48781,163.23000
0.13553,0.17270,0.14961,0.50342,0.53065,-0.47647,0.48780,163.33020
0.13554,0.17260,0.14961,0.50347,0.53066,-0.47642,0.48779,163.43039
0.13554,0.17250,0.14960,0.50352,0.53067,-0.47637,0.48778,163.53059
0.13554,0.17240,0.14960,0.50356,0.53068,-0.47632,0.48778,163.63079
0.13555,0.17230,0.14959,0.50361,0.53068,-0.47627,0.48777,163.73098
0.13555,0.17220,0.14957,0.50365,0.53070,-0.47623,0.48776,163.83118
0.13555,0.17210,0.14957,0.50369,0.53070,-0.47618,0.48775,163.93138
0.13556,0.17200,0.14956,0.50374,0.53071,-0.47613,0.48774,164.03158
0.13556,0.17190,0.14955,0.50378,0.53073,-0.47608,0.48773,164.13178
0.13557,0.17180,0.14955,0.50383,0.53073,-0.47604,0.48771,164.23198
0.13557,0.17170,0.14954,0.50387,0.53074,-0.47599,0.48771,164.33218
0.13557,0.17160,0.14954,0.50392,0.53075,-0.47594,0.48770,164.43238
0.13558,0.17150,0.14953,0.50396,0.53076,-0.47590,0.48769,164.53259
0.13558,0.17140,0.14952,0.50401,0.53077,-0.47585,0.48768,164.63279
0.13559,0.17130,0.14952,0.50406,0.53078,-0.47580,0.48767,164.73300
0.13559,0.17120,0.14951,0.50410,0.53078,-0.47576,0.48766,164.83320
0.13559,0.17110,0.14950,0.50415,0.53079,-0.47571,0.48765,164.93341
0.13560,0.17100,0.14950,0.50419,0.53080,-0.47566,0.48764,165.03361
0.13560,0.17090,0.14948,0.50423,0.53081,-0.47561,0.48763,165.13382
0.13560,0.17080,0.14947,0.50427,0.53082,-0.47556,0.48762,165.23403
0.13561,0.17070,0.14947,0.50432,0.53083,-0.47551,0.48762,165.33424
0.13561,0.17060,0.14946,0.50436,0.53084,-0.47547,0.48760,165.43444
0.13562,0.17050,0.14945,0.50441,0.53085,-0.47542,0.48759,165.53465
0.13562,0.17040,0.14945,0.50446,0.53085,-0.47538,0.48758,165.63486
0.13562,0.17030,0.14944,0.50450,0.53086,-0.47533,0.48757,165.73508
0.13563,0.17020,0.14944,0.50454,0.53087,-0.47528,0.48757,165.83529
0.13563,0.17010,0.14943,0.50458,0.53088,-0.47524,0.48756,165.93550
0.13564,0.17000,0.14942,0.50463,0.53089,-0.47519,0.48755,166.03571
0.13564,0.16990,0.14942,0.50468,0.53089,-0.47514,0.48754,166.13593
0.13564,0.16980,0.14941,0.50472,0.53090,-0.47510,0.48753,166.23614
0.13565,0.16970,0.14940,0.50476,0.53091,-0.47505,0.48752,166.33636
0.13565,0.16960,0.14939,0.50481,0.53092,-0.47500,0.48751,166.43657
0.13565,0.16950,0.14938,0.50485,0.53093,-0.47496,0.48751,166.53679
0.13566,0.16940,0.14937,0.50490,0.53094,-0.47491,0.48749,166.63701
0.13566,0.16930,0.14937,0.50494,0.53095,-0.47486,0.48748,166.73723
0.13567,0.16920,0.14936,0.50499,0.53096,-0.47481,0.48747,166.83745
0.13567,0.16910,0.14935,0.50502,0.53096,-0.47477,0.48747,166.93767
0.13567,0.16900,0.14935,0.50507,0.53097,-0.47472,0.48746,167.03789
0.13568,0.16890,0.14934,0.50511,0.53098,-0.47468,0.48745,167.13811
0.13568,0.16880,0.14933,0.50516,0.53098,-0.47463,0.48744,167.23833
0.13568,0.16870,0.14933,0.50520,0.53099,-0.47458,0.48743,167.33855
0.13569,0.16860,0.14932,0.50525,0.53100,-0.47454,0.48742,167.43877
0.13569,0.16850,0.14931,0.50529,0.53101,-0.47449,0.48741,167.53900
0.13570,0.16840,0.14931,0.50534,0.53101,-0.47445,0.48740,167.63922
0.13570,0.16830,0.14929,0.50538,0.53102,-0.47440,0.48739,167.73945
0.13570,0.16820,0.14928,0.50542,0.53103,-0.47435,0.48738,167.83967
0.13571,0.16810,0.14928,0.50547,0.53103,-0.47431,0.48738,167.93990
0.13571,0.16800,0.14927,0.50551,0.53104,-0.47425,0.48737,168.04013
0.13572,0.16790,0.14926,0.50555,0.53105,-0.47421,0.48736,168.14036
0.13572,0.16780,0.14926,0.50560,0.53106,-0.47417,0.48735,168.24059
0.13572,0.16770,0.14925,0.50564,0.53107,-0.47412,0.48734,168.34081
0.13573,0.16760,0.14924,0.50568,0.53108,-0.47407,0.48734,168.44105
0.13573,0.16750,0.14924,0.50573,0.53108,-0.47403,0.48733,168.54128
0.13573,0.16740,0.14923,0.50577,0.53109,-0.47398,0.48732,168.64151
0.13574,0.16730,0.14922,0.50582,0.53110,-0.47394,0.48730,168.74174
0.13574,0.16720,0.14921,0.50586,0.53110,-0.47389,0.48731,168.84197
0.13575,0.16710,0.14921,0.50590,0.53111,-0.47385,0.48729,168.94221
0.13575,0.16700,0.14919,0.50594,0.53112,-0.47380,0.48728,169.04244
0.13575,0.16690,0.14918,0.50599,0.53113,-0.47376,0.48727,169.14268
0.13576,0.16680,0.14918,0.50603,0.53113,-0.47371,0.48727,169.24291
0.13576,0.16670,0.14917,0.50607,0.53114,-0.47367,0.48726,169.34315
0.13577,0.16660,0.14916,0.50612,0.53115,-0.47362,0.48725,169.44339
0.13577,0.16650,0.14916,0.50616,0.53116,-0.47358,0.48724,169.54363
0.13577,0.16640,0.14915,0.50621,0.53116,-0.47352,0.48723,169.64386
0.13578,0.16630,0.14914,0.50625,0.53117,-0.47348,0.48723,169.74410
0.13578,0.16620,0.14914,0.50629,0.53118,-0.47343,0.48722,169.84434
0.13578,0.16610,0.14913,0.50633,0.53118,-0.47339,0.48721,169.94458
0.13579,0.16600,0.14912,0.50638,0.53119,-0.47334,0.48720,170.04483
0.13579,0.16590,0.14912,0.50642,0.53120,-0.47330,0.48719,170.14507
0.13580,0.16580,0.14910,0.50646,0.53120,-0.47325,0.48718,170.24531
0.13580,0.16570,0.14909,0.50650,0.53121,-0.47321,0.48718,170.34556
0.13580,0.16561,0.14908,0.50655,0.53121,-0.47316,0.48717,170.44580
0.13581,0.16551,0.14908,0.50659,0.53122,-0.47312,0.48716,170.54605
0.13581,0.16541,0.14907,0.50664,0.53123,-0.47307,0.48716,170.64629
0.13581,0.16531,0.14906,0.50668,0.53123,-0.47303,0.48715,170.74654
0.13582,0.16521,0.14906,0.50672,0.53125,-0.47298,0.48714,170.84679
0.13582,0.16511,0.14905,0.50677,0.53125,-0.47294,0.48713,170.94703
0.13583,0.16501,0.14904,0.50680,0.53126,-0.47289,0.48712,171.04728
0.13583,0.16491,0.14904,0.50684,0.53127,-0.47284,0.48711,171.14753
0.13583,0.16481,0.14903,0.50689,0.53127,-0.47280,0.48710,171.24778
0.13584,0.16471,0.14902,0.50693,0.53128,-0.47275,0.48710,171.34803
0.13584,0.16461,0.14901,0.50697,0.53128,-0.47271,0.48709,171.44828
0.13585,0.16451,0.14900,0.50702,0.53129,-0.47266,0.48708,171.54854
0.13585,0.16441,0.14899,0.50706,0.53129,-0.47262,0.48708,171.64879
0.13585,0.16431,0.14898,0.50711,0.53130,-0.47258,0.48707,171.74904
0.13586,0.16421,0.14898,0.50715,0.53131,-0.47253,0.48706,171.84930
0.13586,0.16411,0.14897,0.50719,0.53131,-0.47249,0.48706,171.94955
0.13586,0.16401,0.14896,0.50723,0.53132,-0.47244,0.48705,172.04981
0.13587,0.16391,0.14895,0.50728,0.53133,-0.47240,0.48704,172.15007
0.13587,0.16381,0.14895,0.50731,0.53133,-0.47235,0.48703,172.25032
0.13588,0.16371,0.14894,0.50736,0.53134,-0.47231,0.48702,172.35058
0.13588,0.16361,0.14893,0.50740,0.53135,-0.47226,0.48701,172.45084
0.13588,0.16351,0.14892,0.50744,0.53135,-0.47222,0.48701,172.55110
0.13589,0.16341,0.14892,0.50749,0.53136,-0.47217,0.48700,172.65136
0.13589,0.16331,0.14891,0.50753,0.53136,-0.47213,0.48700,172.75162
0.13590,0.16321,0.14889,0.50757,0.53137,-0.47208,0.48699,172.85188
0.13590,0.16311,0.14889,0.50762,0.53137,-0.47204,0.48698,172.95215
0.13590,0.16301,0.14888,0.50766,0.53138,-0.47199,0.48698,173.05241
0.13591,0.16291,0.14887,0.50770,0.53138,-0.47195,0.48697,173.15267
0.13591,0.16281,0.14886,0.50774,0.53139,-0.47191,0.48696,173.25294
0.13591,0.16271,0.14886,0.50778,0.53139,-0.47186,0.48696,173.35320
0.13592,0.16261,0.14885,0.50782,0.53140,-0.47182,0.48694,173.45347
0.13592,0.16251,0.14884,0.50786,0.53141,-0.47178,0.48694,173.55373
0.13593,0.16241,0.14884,0.50791,0.53141,-0.47173,0.48693,173.65400
0.13593,0.16231,0.14883,0.50795,0.53142,-0.47169,0.48692,173.75427
0.13593,0.16221,0.14882,0.50799,0.53142,-0.47164,0.48692,173.85454
0.13594,0.16211,0.14881,0.50803,0.53143,-0.47160,0.48691,173.95481
0.13594,0.16201,0.14881,0.50808,0.53144,-0.47155,0.48690,174.05508
0.13595,0.16191,0.14879,0.50812,0.53144,-0.47151,0.48690,174.15535
0.13595,0.16181,0.14878,0.50816,0.53145,-0.47146,0.48689,174.25562
0.13595,0.16171,0.14877,0.50820,0.53145,-0.47142,0.48688,174.35589
0.13596,0.16161,0.14877,0.50824,0.53145,-0.47138,0.48688,174.45617
0.13596,0.16151,0.14876,0.50828,0.53146,-0.47133,0.48687,174.55644
0.13596,0.16141,0.14875,0.50832,0.53146,-0.47129,0.48687,174.65672
0.13597,0.16131,0.14874,0.50837,0.53147,-0.47125,0.48685,174.75699
0.13597,0.16121,0.14874,0.50841,0.53147,-0.47120,0.48685,174.85727
0.13598,0.16111,0.14873,0.50845,0.53148,-0.47116,0.48684,174.95754
0.13598,0.16101,0.14872,0.50849,0.53148,-0.47112,0.48684,175.05782
0.13598,0.16091,0.14871,0.50854,0.53149,-0.47107,0.48683,175.15810
0.13599,0.16081,0.14871,0.50857,0.53149,-0.47103,0.48683,175.25838
0.13599,0.16071,0.14870,0.50862,0.53150,-0.47099,0.48682,175.35866
0.13600,0.16061,0.14868,0.50865,0.53151,-0.47095,0.48681,175.45894
0.13600,0.16051,0.14867,0.50870,0.53151,-0.47090,0.48681,175.55922
0.13600,0.16041,0.14867,0.50874,0.53152,-0.47085,0.48679,175.65950
0.13601,0.16031,0.14866,0.50878,0.53152,-0.47081,0.48679,175.75978
0.13601,0.16021,0.14865,0.50882,0.53152,-0.47077,0.48679,175.86007
0.13601,0.16011,0.14864,0.50886,0.53153,-0.47072,0.48678,175.96035
0.13602,0.16001,0.14864,0.50891,0.53153,-0.47068,0.48677,176.06063
0.13602,0.15991,0.14863,0.50894,0.53154,-0.47064,0.48677,176.16092
0.13603,0.15981,0.14862,0.50899,0.53154,-0.47059,0.48676,176.26120
0.13603,0.15971,0.14861,0.50903,0.53154,-0.47055,0.48676,176.36149
0.13603,0.15961,0.14861,0.50907,0.53155,-0.47051,0.48675,176.46178
0.13604,0.15951,0.14860,0.50911,0.53155,-0.47047,0.48674,176.56207
0.13604,0.15941,0.14859,0.50916,0.53156,-0.47042,0.48674,176.66236
0.13605,0.15931,0.14857,0.50919,0.53157,-0.47038,0.48673,176.76264
0.13605,0.15921,0.14857,0.50923,0.53157,-0.47034,0.48673,176.86294
0.13605,0.15911,0.14856,0.50927,0.53158,-0.47030,0.48671,176.96323
0.13606,0.15901,0.14855,0.50931,0.53158,-0.47025,0.48671,177.06352
0.13606,0.15891,0.14854,0.50936,0.53158,-0.47021,0.48670,177.16381
0.13606,0.15881,0.14854,0.50940,0.53159,-0.47016,0.48670,177.26410
0.13607,0.15871,0.14853,0.50944,0.53159,-0.47012,0.48669,177.36440
0.13607,0.15861,0.14852,0.50948,0.53159,-0.47008,0.48669,177.46469
0.13608,0.15851,0.14851,0.50952,0.53160,-0.47003,0.48668,177.56499
0.13608,0.15841,0.14850,0.50956,0.53160,-0.46999,0.48668,177.66528
0.13608,0.15831,0.14850,0.50960,0.53160,-0.46995,0.48668,177.76558
0.13609,0.15821,0.14849,0.50964,0.53161,-0.46991,0.48666,177.86588
0.13609,0.15812,0.14848,0.50968,0.53161,-0.46987,0.48666,177.96617
0.13610,0.15802,0.14846,0.50972,0.53162,-0.46982,0.48666,178.06647
0.13610,0.15792,0.14846,0.50976,0.53162,-0.46978,0.48665,178.16677
0.13610,0.15782,0.14845,0.50980,0.53163,-0.46974,0.48664,178.26707
0.13611,0.15772,0.14844,0.50984,0.53163,-0.46970,0.48664,178.36737
0.13611,0.15762,0.14843,0.50989,0.53163,-0.46966,0.48663,178.46767
0.13612,0.15752,0.14842,0.50993,0.53164,-0.46960,0.48663,178.56798
0.13612,0.15742,0.14842,0.50997,0.53164,-0.46957,0.48662,178.66828
0.13612,0.15732,0.14841,0.51001,0.53164,-0.46952,0.48662,178.76858
0.13613,0.15722,0.14840,0.51005,0.53165,-0.46948,0.48661,178.86889
0.13613,0.15712,0.14839,0.51008,0.53165,-0.46944,0.48661,178.96919
0.13613,0.15702,0.14839,0.51012,0.53165,-0.46940,0.48661,179.06950
0.13614,0.15692,0.14838,0.51016,0.53165,-0.46936,0.48660,179.16981
0.13614,0.15682,0.14837,0.51021,0.53166,-0.46931,0.48659,179.27011
0.13615,0.15672,0.14835,0.51025,0.53166,-0.46927,0.48658,179.37042
0.13615,0.15662,0.14834,0.51029,0.53166,-0.46923,0.48658,179.47073
0.13615,0.15652,0.14834,0.51033,0.53167,-0.46919,0.48657,179.57104
0.13616,0.15642,0.14833,0.51037,0.53167,-0.46915,0.48657,179.67135
0.13616,0.15632,0.14832,0.51041,0.53167,-0.46911,0.48657,179.77166
0.13617,0.15622,0.14831,0.51045,0.53168,-0.46907,0.48656,179.87197
0.13617,0.15612,0.14830,0.51049,0.53168,-0.46903,0.48656,179.97228
0.13617,0.15602,0.14830,0.51053,0.53169,-0.46898,0.48655,180.07260
0.13618,0.15592,0.14829,0.51057,0.53169,-0.46894,0.48655,180.17291
0.13618,0.15582,0.14828,0.51061,0.53169,-0.46889,0.48655,180.27322
0.13618,0.15572,0.14827,0.51065,0.53169,-0.46886,0.48654,180.37354
0.13619,0.15562,0.14827,0.51068,0.53170,-0.46881,0.48653,180.47385
0.13619,0.15552,0.14826,0.51073,0.53170,-0.46877,0.48652,180.57417
0.13620,0.15542,0.14824,0.51077,0.53170,-0.46873,0.48652,180.67449
0.13620,0.15532,0.14823,0.51081,0.53170,-0.46869,0.48652,180.77480
0.13620,0.15522,0.14822,0.51085,0.53170,-0.46865,0.48651,180.87512
0.13621,0.15512,0.14822,0.51089,0.53171,-0.46861,0.48651,180.97544
0.13621,0.15502,0.14821,0.51093,0.53171,-0.46856,0.48651,181.07576
0.13622,0.15492,0.14820,0.51097,0.53172,-0.46852,0.48650,181.17608
0.13622,0.15482,0.14819,0.51101,0.53172,-0.46848,0.48650,181.27640
0.13622,0.15472,0.14818,0.51105,0.53172,-0.46844,0.48649,181.37673
0.13623,0.15462,0.14818,0.51108,0.53173,-0.46840,0.48648,181.47705
0.13623,0.15452,0.14817,0.51112,0.53173,-0.46835,0.48648,181.57737
0.13623,0.15442,0.14816,0.51116,0.53173,-0.46832,0.48647,181.67769
0.13624,0.15432,0.14815,0.51120,0.53173,-0.46827,0.48647,181.77802
0.13624,0.15422,0.14814,0.51124,0.53173,-0.46823,0.48647,181.87834
0.13625,0.15412,0.14812,0.51128,0.53173,-0.46819,0.48646,181.97867
0.13625,0.15402,0.14812,0.51132,0.53174,-0.46815,0.48646,182.07900
0.13625,0.15392,0.14811,0.51136,0.53174,-0.46811,0.48646,182.17933
0.13626,0.15382,0.14810,0.51140,0.53174,-0.46807,0.48645,182.27965
0.13626,0.15372,0.14809,0.51144,0.53174,-0.46803,0.48645,182.37998
0.13627,0.15362,0.14808,0.51148,0.53174,-0.46799,0.48645,182.48031
0.13627,0.15352,0.14808,0.51152,0.53174,-0.46795,0.48644,182.58064
0.13627,0.15342,0.14807,0.51156,0.53174,-0.46791,0.48644,182.68097
0.13628,0.15332,0.14806,0.51159,0.53175,-0.46787,0.48643,182.78130
0.13628,0.15322,0.14805,0.51163,0.53175,-0.46782,0.48643,182.88164
0.13629,0.15312,0.14804,0.51167,0.53175,-0.46779,0.48642,182.98197
0.13629,0.15302,0.14804,0.51171,0.53175,-0.46774,0.48642,183.08230
0.13629,0.15292,0.14803,0.51175,0.53175,-0.46770,0.48642,183.18264
0.13630,0.15282,0.14801,0.51179,0.53176,-0.46766,0.48641,183.28297
0.13630,0.15272,0.14800,0.51183,0.53176,-0.46762,0.48641,183.38331
0.13630,0.15262,0.14799,0.51187,0.53176,-0.46758,0.48641,183.48364
0.13631,0.15252,0.14798,0.51191,0.53176,-0.46754,0.48640,183.58398
0.13631,0.15242,0.14798,0.51195,0.53176,-0.46750,0.48640,183.68432
0.13632,0.15232,0.14797,0.51198,0.53177,-0.46746,0.48640,183.78466
0.13632,0.15222,0.14796,0.51202,0.53177,-0.46742,0.48639,183.88500
0.13632,0.15212,0.14795,0.51206,0.53177,-0.46738,0.48639,183.98534
0.13633,0.15202,0.14794,0.51210,0.53177,-0.46734,0.48638,184.08568
0.13633,0.15192,0.14793,0.51213,0.53177,-0.46730,0.48638,184.18602
0.13634,0.15182,0.14793,0.51217,0.53177,-0.46726,0.48638,184.28636
0.13634,0.15172,0.14792,0.51221,0.53178,-0.46722,0.48637,184.38670
0.13634,0.15162,0.14791,0.51225,0.53178,-0.46718,0.48637,184.48705
0.13635,0.15152,0.14789,0.51229,0.53178,-0.46714,0.48637,184.58739
0.13635,0.15142,0.14788,0.51233,0.53177,-0.46710,0.48637,184.68773
0.13635,0.15132,0.14788,0.51237,0.53178,-0.46706,0.48636,184.78808
0.13636,0.15122,0.14787,0.51241,0.53178,-0.46702,0.48636,184.88843
0.13636,0.15112,0.14786,0.51244,0.53178,-0.46698,0.48636,184.98877
0.13637,0.15103,0.14785,0.51248,0.53178,-0.46694,0.48636,185.08912
0.13637,0.15093,0.14784,0.51252,0.53178,-0.46690,0.48635,185.18947
0.13637,0.15083,0.14783,0.51256,0.53178,-0.46686,0.48634,185.28982
0.13638,0.15073,0.14783,0.51260,0.53178,-0.46682,0.48634,185.39016
0.13638,0.15063,0.14782,0.51264,0.53178,-0.46678,0.48634,185.49051
0.13639,0.15053,0.14781,0.51267,0.53178,-0.46674,0.48634,185.59087
0.13639,0.15043,0.14780,0.51271,0.53178,-0.46671,0.48633,185.69122
0.13639,0.15033,0.14779,0.51275,0.53178,-0.46667,0.48633,185.79157
0.13640,0.15023,0.14777,0.51278,0.53178,-0.46663,0.48633,185.89192
0.13640,0.15013,0.14776,0.51282,0.53178,-0.46659,0.48633,185.99227
0.13641,0.15003,0.14776,0.51286,0.53178,-0.46655,0.48633,186.09263
0.13641,0.14993,0.14775,0.51290,0.53179,-0.46651,0.48632,186.19298
0.13641,0.14983,0.14774,0.51294,0.53179,-0.46647,0.48632,186.29334
0.13642,0.14973,0.14773,0.51298,0.53179,-0.46643,0.48631,186.39369
0.13642,0.14963,0.14772,0.51302,0.53178,-0.46639,0.48631,186.49405
0.13642,0.14953,0.14771,0.51305,0.53179,-0.46635,0.48631,186.59441
0.13643,0.14943,0.14771,0.51309,0.53179,-0.46631,0.48631,186.69477
0.13643,0.14933,0.14770,0.51313,0.53179,-0.46627,0.48630,186.79513
0.13644,0.14923,0.14769,0.51317,0.53179,-0.46623,0.48630,186.89548
0.13644,0.14913,0.14768,0.51320,0.53179,-0.46619,0.48630,186.99584
0.13644,0.14903,0.14767,0.51324,0.53179,-0.46616,0.48630,187.09620
0.13645,0.14893,0.14765,0.51327,0.53179,-0.46612,0.48630,187.19657
0.13645,0.14883,0.14764,0.51331,0.53179,-0.46608,0.48630,187.29693
0.13646,0.14873,0.14764,0.51335,0.53179,-0.46604,0.48629,187.39729
0.13646,0.14863,0.14763,0.51339,0.53179,-0.46600,0.48628,187.49765
0.13646,0.14853,0.14762,0.51343,0.53179,-0.46596,0.48628,187.59802
0.13647,0.14843,0.14761,0.51346,0.53179,-0.46593,0.48628,187.69838
0.13647,0.14833,0.14760,0.51350,0.53179,-0.46588,0.48628,187.79875
0.13648,0.14823,0.14759,0.51354,0.53179,-0.46584,0.48628,187.89911
0.13648,0.14813,0.14758,0.51358,0.53179,-0.46580,0.48628,187.99948
0.13648,0.14803,0.14758,0.51361,0.53178,-0.46577,0.48628,188.09985
0.13649,0.14793,0.14757,0.51365,0.53178,-0.46573,0.48628,188.20022
0.13649,0.14783,0.14756,0.51369,0.53179,-0.46569,0.48627,188.30058
0.13649,0.14773,0.14755,0.51373,0.53179,-0.46565,0.48627,188.40095
0.13650,0.14763,0.14753,0.51376,0.53179,-0.46561,0.48627,188.50132
0.13650,0.14753,0.14752,0.51379,0.53179,-0.46558,0.48626,188.60169
0.13651,0.14743,0.14751,0.51383,0.53179,-0.46554,0.48626,188.70206
0.13651,0.14733,0.14751,0.51387,0.53179,-0.46550,0.48626,188.80244
0.13651,0.14723,0.14750,0.51391,0.53179,-0.46546,0.48626,188.90281
0.13652,0.14713,0.14749,0.51394,0.53178,-0.46543,0.48626,189.00318
0.13652,0.14703,0.14748,0.51398,0.53178,-0.46539,0.48626,189.10356
0.13653,0.14693,0.14747,0.51402,0.53178,-0.46535,0.48626,189.20393
0.13653,0.14683,0.14746,0.51406,0.53178,-0.46530,0.48626,189.30430
0.13653,0.14673,0.14745,0.51409,0.53178,-0.46527,0.48626,189.40468
0.13654,0.14663,0.14745,0.51413,0.53178,-0.46523,0.48626,189.50506
0.13654,0.14653,0.14744,0.51417,0.53178,-0.46519,0.48625,189.60543
0.13655,0.14643,0.14743,0.51421,0.53177,-0.46516,0.48624,189.70581
0.13655,0.14633,0.14741,0.51424,0.53177,-0.46512,0.48625,189.80619
0.13655,0.14623,0.14740,0.51428,0.53177,-0.46508,0.48624,189.90657
0.13656,0.14613,0.14739,0.51431,0.53177,-0.46504,0.48624,190.00695
0.13656,0.14603,0.14738,0.51434,0.53177,-0.46501,0.48624,190.10733
0.13656,0.14593,0.14737,0.51438,0.53177,-0.46497,0.48624,190.20771
0.13657,0.14583,0.14737,0.51442,0.53177,-0.46493,0.48624,190.30809
0.13657,0.14573,0.14736,0.51445,0.53177,-0.46490,0.48624,190.40847
0.13658,0.14563,0.14735,0.51449,0.53177,-0.46486,0.48624,190.50885
0.13658,0.14553,0.14734,0.51453,0.53177,-0.46482,0.48624,190.60924
0.13658,0.14543,0.14733,0.51457,0.53176,-0.46478,0.48623,190.70962
0.13659,0.14533,0.14732,0.51460,0.53176,-0.46475,0.48624,190.81001
0.13659,0.14523,0.14731,0.51464,0.53176,-0.46471,0.48624,190.91039
0.13660,0.14513,0.14730,0.51468,0.53176,-0.46467,0.48623,191.01078
0.13660,0.14503,0.14729,0.51471,0.53176,-0.46463,0.48623,191.11116
0.13660,0.14493,0.14728,0.51475,0.53176,-0.46459,0.48623,191.21155
0.13661,0.14483,0.14727,0.51478,0.53175,-0.46456,0.48623,191.31194
0.13661,0.14473,0.14726,0.51482,0.53175,-0.46452,0.48623,191.41233
0.13662,0.14463,0.14725,0.51485,0.53175,-0.46448,0.48623,191.51272
0.13662,0.14453,0.14724,0.51489,0.53175,-0.46445,0.48623,191.61311
0.13662,0.14443,0.14723,0.51493,0.53174,-0.46441,0.48623,191.71350
0.13663,0.14433,0.14722,0.51496,0.53174,-0.46438,0.48623,191.81389
0.13663,0.14423,0.14721,0.51499,0.53174,-0.46434,0.48623,191.91428
0.13663,0.14414,0.14721,0.51503,0.53174,-0.46430,0.48623,192.01467
0.13664,0.14404,0.14720,0.51507,0.53173,-0.46427,0.48623,192.11506
0.13664,0.14394,0.14719,0.51510,0.53174,-0.46423,0.48623,192.21546
0.13665,0.14384,0.14718,0.51514,0.53174,-0.46419,0.48622,192.31585
0.13665,0.14374,0.14716,0.51518,0.53173,-0.46415,0.48622,192.41624
0.13665,0.14364,0.14715,0.51521,0.53173,-0.46412,0.48623,192.51664
0.13666,0.14354,0.14714,0.51525,0.53172,-0.46408,0.48623,192.61704
0.13666,0.14344,0.14713,0.51528,0.53173,-0.46404,0.48623,192.71743
0.13667,0.14334,0.14712,0.51532,0.53173,-0.46400,0.48623,192.81783
0.13667,0.14324,0.14712,0.51535,0.53172,-0.46397,0.48623,192.91823
0.13667,0.14314,0.14711,0.51539,0.53172,-0.46393,0.48623,193.01862
0.13668,0.14304,0.14710,0.51542,0.53172,-0.46390,0.48622,193.11902
0.13668,0.14294,0.14709,0.51546,0.53171,-0.46386,0.48623,193.21942
0.13669,0.14284,0.14708,0.51549,0.53171,-0.46383,0.48622,193.31982
0.13669,0.14274,0.14707,0.51553,0.53171,-0.46379,0.48622,193.42022
0.13669,0.14264,0.14706,0.51556,0.53170,-0.46376,0.48622,193.52062
0.13670,0.14254,0.14705,0.51560,0.53170,-0.46372,0.48622,193.62103
0.13670,0.14244,0.14703,0.51563,0.53170,-0.46368,0.48623,193.72143
0.13670,0.14234,0.14703,0.51567,0.53169,-0.46365,0.48623,193.82183
0.13671,0.14224,0.14702,0.51570,0.53169,-0.46361,0.48623,193.92224
0.13671,0.14214,0.14701,0.51574,0.53169,-0.46357,0.48623,194.02264
0.13672,0.14204,0.14700,0.51578,0.53168,-0.46354,0.48623,194.12304
0.13672,0.14194,0.14699,0.51581,0.53168,-0.46350,0.48623,194.22345
0.13672,0.14184,0.14698,0.51585,0.53168,-0.46346,0.48623,194.32386
0.13673,0.14174,0.14697,0.51588,0.53168,-0.46343,0.48623,194.42426
0.13673,0.14164,0.14696,0.51591,0.53167,-0.46339,0.48623,194.52467
0.13674,0.14154,0.14695,0.51594,0.53167,-0.46336,0.48623,194.62508
0.13674,0.14144,0.14694,0.51599,0.53167,-0.46332,0.48623,194.72549
0.13674,0.14134,0.14693,0.51601,0.53167,-0.46329,0.48623,194.82589
0.13675,0.14124,0.14692,0.51606,0.53166,-0.46325,0.48623,194.92630
0.13675,0.14114,0.14691,0.51608,0.53166,-0.46322,0.48623,195.02671
0.13676,0.14104,0.14690,0.51612,0.53166,-0.46318,0.48623,195.12713
0.13676,0.14094,0.14689,0.51615,0.53165,-0.46315,0.48624,195.22754
0.13676,0.14084,0.14688,0.51619,0.53165,-0.46311,0.48624,195.32795
0.13677,0.14074,0.14687,0.51622,0.53165,-0.46308,0.48624,195.42836
0.13677,0.14064,0.14686,0.51626,0.53164,-0.46304,0.48624,195.52877
0.13678,0.14054,0.14685,0.51629,0.53164,-0.46301,0.48624,195.62919
0.13678,0.14044,0.14684,0.51633,0.53163,-0.46297,0.48624,195.72960
0.13678,0.14034,0.14683,0.51636,0.53163,-0.46293,0.48624,195.83002
0.13679,0.14024,0.14682,0.51640,0.53162,-0.46290,0.48624,195.93043
0.13679,0.14014,0.14682,0.51643,0.53162,-0.46286,0.48624,196.03085
0.13679,0.14004,0.14681,0.51647,0.53162,-0.46283,0.48624,196.13127
0.13680,0.13994,0.14679,0.51650,0.53161,-0.46279,0.48625,196.23168
0.13680,0.13984,0.14678,0.51653,0.53161,-0.46276,0.48625,196.33210
0.13681,0.13974,0.14677,0.51657,0.53161,-0.46272,0.48625,196.43252
0.13681,0.13964,0.14676,0.51660,0.53160,-0.46269,0.48625,196.53294
0.13681,0.13954,0.14675,0.51664,0.53160,-0.46266,0.48625,196.63336
0.13682,0.13944,0.14674,0.51667,0.53160,-0.46262,0.48626,196.73378
0.13682,0.13934,0.14673,0.51670,0.53159,-0.46259,0.48626,196.83420
0.13683,0.13924,0.14672,0.51674,0.53159,-0.46255,0.48626,196.93462
0.13683,0.13914,0.14671,0.51677,0.53159,-0.46252,0.48625,197.03504
0.13683,0.13904,0.14670,0.51680,0.53158,-0.46249,0.48626,197.13546
0.13684,0.13894,0.14670,0.51684,0.53158,-0.46244,0.48626,197.23589
0.13684,0.13884,0.14669,0.51687,0.53157,-0.46242,0.48626,197.33631
0.13685,0.13874,0.14668,0.51690,0.53157,-0.46238,0.48626,197.43673
0.13685,0.13864,0.14666,0.51694,0.53156,-0.46234,0.48627,197.53716
0.13685,0.13854,0.14665,0.51697,0.53156,-0.46231,0.48627,197.63758
0.13686,0.13844,0.14664,0.51701,0.53155,-0.46227,0.48627,197.73801
0.13686,0.13834,0.14663,0.51704,0.53155,-0.46224,0.48627,197.83843
0.13687,0.13824,0.14662,0.51708,0.53154,-0.46221,0.48627,197.93886
0.13687,0.13814,0.14661,0.51711,0.53154,-0.46217,0.48628,198.03929
0.13687,0.13804,0.14660,0.51714,0.53153,-0.46214,0.48628,198.13972
0.13688,0.13794,0.14659,0.51717,0.53153,-0.46211,0.48628,198.24014
0.13688,0.13784,0.14658,0.51721,0.53152,-0.46207,0.48628,198.34057
0.13689,0.13774,0.14657,0.51724,0.53152,-0.46204,0.48628,198.44100
0.13689,0.13764,0.14657,0.51727,0.53151,-0.46201,0.48629,198.54143
0.13689,0.13754,0.14656,0.51731,0.53151,-0.46197,0.48629,198.64186
0.13690,0.13745,0.14655,0.51734,0.53150,-0.46194,0.48629,198.74229
0.13690,0.13735,0.14653,0.51737,0.53150,-0.46191,0.48629,198.84273
0.13690,0.13725,0.14652,0.51740,0.53150,-0.46187,0.48630,198.94316
0.13691,0.13715,0.14651,0.51744,0.53149,-0.46183,0.48630,199.04359
0.13691,0.13705,0.14650,0.51747,0.53149,-0.46180,0.48630,199.14402
0.13692,0.13695,0.14649,0.51750,0.53148,-0.46177,0.48631,199.24446
0.13692,0.13685,0.14648,0.51754,0.53148,-0.46173,0.48630,199.34489
0.13692,0.13675,0.14647,0.51757,0.53147,-0.46170,0.48630,199.44533
0.13693,0.13665,0.14646,0.51760,0.53146,-0.46167,0.48631,199.54576
0.13693,0.13655,0.14645,0.51764,0.53146,-0.46163,0.48631,199.64620
0.13694,0.13645,0.14644,0.51767,0.53145,-0.46160,0.48632,199.74664
0.13694,0.13635,0.14643,0.51770,0.53145,-0.46157,0.48632,199.84707
0.13694,0.13625,0.14642,0.51774,0.53144,-0.46154,0.48632,199.94751
0.13695,0.13615,0.14642,0.51777,0.53143,-0.46150,0.48633,200.04795
0.13695,0.13605,0.14640,0.51780,0.53143,-0.46147,0.48633,200.14839
0.13696,0.13595,0.14639,0.51784,0.53142,-0.46144,0.48633,200.24883
0.13696,0.13585,0.14638,0.51786,0.53142,-0.46140,0.48633,200.34927
0.13696,0.13575,0.14637,0.51790,0.53141,-0.46137,0.48634,200.44971
0.13697,0.13565,0.14636,0.51793,0.53140,-0.46134,0.48635,200.55015
0.13697,0.13555,0.14635,0.51796,0.53140,-0.46130,0.48634,200.65059
0.13697,0.13545,0.14634,0.51799,0.53139,-0.46127,0.48634,200.75103
0.13698,0.13535,0.14633,0.51803,0.53138,-0.46124,0.48635,200.85147
0.13698,0.13525,0.14632,0.51806,0.53138,-0.46120,0.48635,200.95192
0.13699,0.13515,0.14631,0.51809,0.53137,-0.46117,0.48636,201.05236
0.13699,0.13505,0.14630,0.51812,0.53137,-0.46114,0.48636,201.15280
0.13699,0.13495,0.14629,0.51815,0.53136,-0.46111,0.48636,201.25325
0.13700,0.13485,0.14628,0.51819,0.53135,-0.46107,0.48637,201.35369
0.13700,0.13475,0.14626,0.51822,0.53135,-0.46104,0.48637,201.45414
0.13701,0.13465,0.14625,0.51825,0.53134,-0.46101,0.48638,201.55458
0.13701,0.13455,0.14624,0.51828,0.53134,-0.46098,0.48638,201.65503
0.13701,0.13445,0.14624,0.51832,0.53133,-0.46094,0.48638,201.75548
0.13702,0.13435,0.14623,0.51835,0.53133,-0.46091,0.48638,201.85592
0.13702,0.13425,0.14622,0.51838,0.53132,-0.46088,0.48639,201.95637
0.13703,0.13415,0.14621,0.51841,0.53131,-0.46085,0.48639,202.05682
0.13703,0.13405,0.14620,0.51845,0.53131,-0.46081,0.48639,202.15727
0.13703,0.13395,0.14619,0.51848,0.53130,-0.46078,0.48640,202.25772
0.13704,0.13385,0.14618,0.51851,0.53129,-0.46075,0.48640,202.35817
0.13704,0.13375,0.14617,0.51854,0.53129,-0.46072,0.48641,202.45862
0.13705,0.13365,0.14616,0.51858,0.53128,-0.46068,0.48641,202.55907
0.13705,0.13355,0.14615,0.51861,0.53127,-0.46065,0.48642,202.65952
0.13705,0.13345,0.14613,0.51863,0.53127,-0.46062,0.48642,202.75997
0.13706,0.13335,0.14612,0.51866,0.53126,-0.46059,0.48642,202.86042
0.13706,0.13325,0.14611,0.51870,0.53125,-0.46056,0.48643,202.96088
0.13707,0.13315,0.14610,0.51873,0.53124,-0.46053,0.48643,203.06133
0.13707,0.13305,0.14609,0.51876,0.53124,-0.46050,0.48643,203.16178
0.13707,0.13295,0.14608,0.51879,0.53123,-0.46047,0.48644,203.26224
0.13708,0.13285,0.14607,0.51883,0.53122,-0.46043,0.48644,203.36269
0.13708,0.13275,0.14606,0.51885,0.53121,-0.46040,0.48645,203.46315
0.13708,0.13265,0.14605,0.51888,0.53121,-0.46037,0.48645,203.56360
0.13709,0.13255,0.14604,0.51892,0.53120,-0.46033,0.48646,203.66406
0.13709,0.13245,0.14604,0.51895,0.53119,-0.46031,0.48646,203.76452
0.13710,0.13235,0.14603,0.51898,0.53118,-0.46027,0.48647,203.86497
0.13710,0.13225,0.14602,0.51901,0.53118,-0.46024,0.48647,203.96543
0.13710,0.13215,0.14600,0.51904,0.53117,-0.46021,0.48648,204.06589
0.13711,0.13205,0.14599,0.51907,0.53117,-0.46018,0.48648,204.16635
0.13711,0.13195,0.14598,0.51910,0.53116,-0.46015,0.48649,204.26681
0.13712,0.13185,0.14597,0.51914,0.53114,-0.46012,0.48649,204.36727
0.13712,0.13175,0.14596,0.51917,0.53114,-0.46009,0.48649,204.46773
0.13712,0.13165,0.14595,0.51920,0.53113,-0.46006,0.48650,204.56819
0.13713,0.13155,0.14594,0.51923,0.53113,-0.46003,0.48650,204.66865
0.13713,0.13145,0.14593,0.51926,0.53112,-0.45999,0.48651,204.76911
0.13714,0.13135,0.14592,0.51929,0.53111,-0.45996,0.48651,204.86957
0.13714,0.13125,0.14591,0.51932,0.53111,-0.45993,0.48652,204.97003
0.13714,0.13115,0.14590,0.51935,0.53110,-0.45990,0.48653,205.07050
0.13715,0.13105,0.14589,0.51939,0.53109,-0.45987,0.48653,205.17096
0.13715,0.13096,0.14588,0.51942,0.53108,-0.45984,0.48654,205.27142
0.13716,0.13086,0.14586,0.51945,0.53107,-0.45981,0.48654,205.37189
0.13716,0.13076,0.14585,0.51948,0.53106,-0.45978,0.48655,205.47235
0.13716,0.13066,0.14584,0.51950,0.53106,-0.45974,0.48655,205.57282
0.13717,0.13056,0.14583,0.51953,0.53105,-0.45971,0.48655,205.67328
0.13717,0.13046,0.14582,0.51956,0.53104,-0.45968,0.48656,205.77375
0.13718,0.13036,0.14581,0.51960,0.53103,-0.45965,0.48656,205.87422
0.13718,0.13026,0.14580,0.51963,0.53102,-0.45962,0.48657,205.97468
0.13718,0.13016,0.14579,0.51965,0.53101,-0.45959,0.48658,206.07515
0.13719,0.13006,0.14578,0.51969,0.53100,-0.45956,0.48658,206.17562
0.13719,0.12996,0.14577,0.51971,0.53100,-0.45953,0.48659,206.27609
0.13719,0.12986,0.14576,0.51974,0.53099,-0.45950,0.48660,206.37655
0.13720,0.12976,0.14575,0.51977,0.53098,-0.45948,0.48660,206.47702
0.13720,0.12966,0.14575,0.51980,0.53097,-0.45945,0.48661,206.57749
0.13721,0.12956,0.14573,0.51984,0.53096,-0.45941,0.48661,206.67796
0.13721,0.12946,0.14572,0.51987,0.53095,-0.45939,0.48661,206.77843
0.13721,0.12936,0.14571,0.51990,0.53094,-0.45935,0.48662,206.87890
0.13722,0.12926,0.14570,0.51993,0.53093,-0.45932,0.48663,206.97938
0.13722,0.12916,0.14569,0.51996,0.53092,-0.45929,0.48663,207.07985
0.13723,0.12906,0.14568,0.51999,0.53091,-0.45926,0.48664,207.18032
0.13723,0.12896,0.14567,0.52002,0.53091,-0.45923,0.48665,207.28079
0.13723,0.12886,0.14566,0.52005,0.53090,-0.45920,0.48665,207.38126
0.13724,0.12876,0.14565,0.52008,0.53089,-0.45917,0.48666,207.48174
0.13724,0.12866,0.14564,0.52011,0.53088,-0.45914,0.48667,207.58221
0.13725,0.12856,0.14563,0.52014,0.53088,-0.45911,0.48667,207.68269
0.13725,0.12846,0.14562,0.52016,0.53086,-0.45909,0.48667,207.78316
0.13725,0.12836,0.14561,0.52019,0.53085,-0.45906,0.48668,207.88363
0.13726,0.12826,0.14559,0.52022,0.53084,-0.45903,0.48669,207.98411
0.13726,0.12816,0.14558,0.52026,0.53084,-0.45900,0.48669,208.08459
0.13727,0.12806,0.14557,0.52028,0.53083,-0.45897,0.48670,208.18506
0.13727,0.12796,0.14556,0.52031,0.53082,-0.45894,0.48671,208.28554
0.13727,0.12786,0.14555,0.52034,0.53081,-0.45890,0.48672,208.38602
0.13728,0.12776,0.14554,0.52037,0.53080,-0.45888,0.48672,208.48649
0.13728,0.12766,0.14553,0.52039,0.53079,-0.45886,0.48673,208.58697
0.13729,0.12756,0.14552,0.52042,0.53078,-0.45882,0.48674,208.68745
0.13729,0.12746,0.14551,0.52046,0.53077,-0.45880,0.48674,208.78793
0.13729,0.12736,0.14550,0.52049,0.53076,-0.45877,0.48675,208.88841
0.13730,0.12726,0.14549,0.52051,0.53075,-0.45873,0.48676,208.98889
0.13730,0.12716,0.14548,0.52054,0.53074,-0.45870,0.48677,209.08937
0.13730,0.12706,0.14547,0.52057,0.53073,-0.45867,0.48677,209.18985
0.13731,0.12696,0.14545,0.52060,0.53072,-0.45865,0.48677,209.29033
0.13731,0.12686,0.14544,0.52063,0.53071,-0.45862,0.48678,209.39081
0.13732,0.12676,0.14543,0.52066,0.53070,-0.45859,0.48679,209.49129
0.13732,0.12666,0.14542,0.52069,0.53069,-0.45856,0.48680,209.59177
0.13732,0.12656,0.14541,0.52072,0.53068,-0.45853,0.48680,209.69225
0.13733,0.12646,0.14540,0.52075,0.53067,-0.45851,0.48681,209.79274
0.13733,0.12636,0.14539,0.52078,0.53066,-0.45848,0.48682,209.89322
0.13734,0.12626,0.14538,0.52080,0.53065,-0.45845,0.48683,209.99370
0.13734,0.12616,0.14537,0.52083,0.53064,-0.45842,0.48684,210.09419
0.13734,0.12606,0.14536,0.52086,0.53063,-0.45839,0.48685,210.19467
0.13735,0.12596,0.14535,0.52089,0.53062,-0.45836,0.48684,210.29515
0.13735,0.12586,0.14534,0.52092,0.53061,-0.45833,0.48685,210.39564
0.13736,0.12576,0.14533,0.52095,0.53060,-0.45830,0.48686,210.49612
0.13736,0.12566,0.14531,0.52098,0.53059,-0.45827,0.48687,210.59661
0.13736,0.12556,0.14530,0.52100,0.53058,-0.45825,0.48688,210.69710
0.13737,0.12546,0.14529,0.52103,0.53056,-0.45822,0.48689,210.79758
0.13737,0.12536,0.14528,0.52106,0.53056,-0.45819,0.48689,210.89807
0.13738,0.12526,0.14527,0.52109,0.53055,-0.45816,0.48690,210.99856
0.13738,0.12516,0.14526,0.52112,0.53053,-0.45814,0.48691,211.09904
0.13738,0.12506,0.14525,0.52115,0.53052,-0.45811,0.48692,211.19953
0.13739,0.12496,0.14524,0.52118,0.53051,-0.45808,0.48693,211.30002
0.13739,0.12486,0.14523,0.52120,0.53050,-0.45805,0.48693,211.40051
0.13740,0.12476,0.14522,0.52122,0.53049,-0.45803,0.48694,211.50100
0.13740,0.12466,0.14521,0.52126,0.53049,-0.45800,0.48695,211.60148
0.13740,0.12457,0.14520,0.52129,0.53048,-0.45797,0.48695,211.70197
0.13741,0.12447,0.14519,0.52132,0.53046,-0.45795,0.48696,211.80246
0.13741,0.12437,0.14518,0.52134,0.53045,-0.45791,0.48697,211.90295
0.13741,0.12427,0.14517,0.52137,0.53044,-0.45789,0.48698,212.00344
0.13742,0.12417,0.14516,0.52140,0.53043,-0.45786,0.48699,212.10394
0.13742,0.12407,0.14515,0.52142,0.53042,-0.45783,0.48700,212.20443
0.13743,0.12397,0.14514,0.52145,0.53040,-0.45780,0.48701,212.30492
0.13743,0.12387,0.14513,0.52148,0.53039,-0.45777,0.48702,212.40541
0.13743,0.12377,0.14512,0.52150,0.53038,-0.45775,0.48703,212.50590
0.13744,0.12367,0.14511,0.52153,0.53037,-0.45772,0.48704,212.60640
0.13744,0.12357,0.14510,0.52157,0.53036,-0.45769,0.48704,212.70689
0.13745,0.12347,0.14509,0.52159,0.53035,-0.45767,0.48704,212.80738
0.13745,0.12337,0.14508,0.52162,0.53034,-0.45764,0.48705,212.90788
0.13745,0.12327,0.14507,0.52164,0.53033,-0.45761,0.48706,213.00837
0.13746,0.12317,0.14506,0.52167,0.53031,-0.45759,0.48707,213.10886
0.13746,0.12307,0.14504,0.52170,0.53030,-0.45756,0.48708,213.20936
0.13747,0.12297,0.14503,0.52173,0.53029,-0.45753,0.48709,213.30985
0.13747,0.12287,0.14502,0.52175,0.53028,-0.45751,0.48710,213.41035
0.13747,0.12277,0.14501,0.52178,0.53027,-0.45748,0.48711,213.51084
0.13748,0.12267,0.14500,0.52181,0.53025,-0.45745,0.48712,213.61134
0.13748,0.12257,0.14499,0.52184,0.53024,-0.45742,0.48713,213.71184
0.13749,0.12247,0.14498,0.52186,0.53023,-0.45740,0.48714,213.81233
0.13749,0.12237,0.14497,0.52189,0.53022,-0.45737,0.48715,213.91283
0.13749,0.12227,0.14496,0.52192,0.53021,-0.45734,0.48715,214.01333
0.13750,0.12217,0.14495,0.52194,0.53019,-0.45732,0.48717,214.11382
0.13750,0.12207,0.14494,0.52197,0.53018,-0.45729,0.48717,214.21432
0.13751,0.12197,0.14493,0.52200,0.53017,-0.45727,0.48718,214.31482
0.13751,0.12187,0.14492,0.52203,0.53016,-0.45724,0.48719,214.41532
0.13751,0.12177,0.14490,0.52205,0.53014,-0.45721,0.48720,214.51582
0.13752,0.12167,0.14489,0.52208,0.53013,-0.45719,0.48721,214.61632
0.13752,0.12157,0.14488,0.52211,0.53012,-0.45716,0.48722,214.71681
0.13753,0.12147,0.14487,0.52213,0.53011,-0.45714,0.48723,214.81731
0.13753,0.12137,0.14486,0.52216,0.53009,-0.45711,0.48724,214.91781
0.13753,0.12127,0.14485,0.52219,0.53008,-0.45709,0.48725,215.01831
0.13754,0.12117,0.14484,0.52221,0.53007,-0.45706,0.48726,215.11881
0.13754,0.12107,0.14483,0.52224,0.53006,-0.45703,0.48727,215.21932
0.13754,0.12097,0.14482,0.52227,0.53004,-0.45700,0.48728,215.31982
0.13755,0.12087,0.14481,0.52229,0.53004,-0.45698,0.48729,215.42032
0.13755,0.12077,0.14480,0.52232,0.53002,-0.45695,0.48729,215.52082
0.13756,0.12067,0.14479,0.52235,0.53000,-0.45692,0.48731,215.62132
0.13756,0.12057,0.14478,0.52237,0.52999,-0.45690,0.48732,215.72182
0.13756,0.12047,0.14476,0.52240,0.52998,-0.45687,0.48733,215.82233
0.13757,0.12037,0.14475,0.52243,0.52996,-0.45685,0.48734,215.92283
0.13757,0.12027,0.14474,0.52245,0.52996,-0.45682,0.48735,216.02333
0.13758,0.12017,0.14473,0.52247,0.52994,-0.45680,0.48736,216.12384
0.13758,0.12007,0.14472,0.52251,0.52993,-0.45677,0.48737,216.22434
0.13758,0.11997,0.14471,0.52253,0.52992,-0.45675,0.48738,216.32484
0.13759,0.11987,0.14470,0.52256,0.52990,-0.45672,0.48739,216.42535
0.13759,0.11977,0.14469,0.52258,0.52989,-0.45670,0.48740,216.52585
0.13760,0.11967,0.14468,0.52261,0.52988,-0.45667,0.48741,216.62636
0.13760,0.11957,0.14467,0.52263,0.52986,-0.45664,0.48742,216.72686
0.13760,0.11947,0.14466,0.52266,0.52985,-0.45662,0.48743,216.82737
0.13761,0.11937,0.14465,0.52268,0.52983,-0.45659,0.48744,216.92787
0.13761,0.11927,0.14464,0.52270,0.52982,-0.45657,0.48745,217.02838
0.13762,0.11917,0.14462,0.52274,0.52981,-0.45654,0.48746,217.12888
0.13762,0.11907,0.14461,0.52276,0.52979,-0.45652,0.48747,217.22939
0.13762,0.11897,0.14459,0.52278,0.52979,-0.45649,0.48748,217.32990
0.13763,0.11887,0.14458,0.52281,0.52976,-0.45647,0.48750,217.43040
0.13763,0.11877,0.14457,0.52283,0.52976,-0.45644,0.48751,217.53091
0.13764,0.11867,0.14456,0.52286,0.52974,-0.45642,0.48752,217.63142
0.13764,0.11857,0.14455,0.52288,0.52973,-0.45640,0.48753,217.73192
0.13764,0.11847,0.14454,0.52291,0.52972,-0.45637,0.48753,217.83243
0.13765,0.11837,0.14453,0.52294,0.52970,-0.45635,0.48755,217.93294
0.13765,0.11827,0.14452,0.52296,0.52969,-0.45632,0.48756,218.03345
0.13766,0.11818,0.14451,0.52299,0.52967,-0.45630,0.48757,218.13396
0.13766,0.11808,0.14450,0.52301,0.52966,-0.45628,0.48758,218.23446
0.13766,0.11798,0.14449,0.52304,0.52965,-0.45625,0.48759,218.33497
0.13767,0.11788,0.14447,0.52306,0.52963,-0.45623,0.48760,218.43548
0.13767,0.11778,0.14446,0.52309,0.52962,-0.45619,0.48762,218.53599
0.13768,0.11768,0.14445,0.52311,0.52960,-0.45618,0.48763,218.63650
0.13768,0.11758,0.14444,0.52314,0.52959,-0.45615,0.48764,218.73701
0.13768,0.11748,0.14443,0.52316,0.52957,-0.45613,0.48765,218.83752
0.13769,0.11738,0.14442,0.52319,0.52956,-0.45610,0.48766,218.93803
0.13769,0.11728,0.14441,0.52321,0.52954,-0.45608,0.48768,219.03854
0.13769,0.11718,0.14440,0.52324,0.52953,-0.45605,0.48768,219.13905
0.13770,0.11708,0.14439,0.52326,0.52952,-0.45603,0.48769,219.23956
0.13770,0.11698,0.14438,0.52329,0.52950,-0.45601,0.48770,219.34007
0.13771,0.11688,0.14437,0.52331,0.52949,-0.45598,0.48772,219.44059
0.13771,0.11678,0.14436,0.52334,0.52947,-0.45596,0.48773,219.54110
0.13771,0.11668,0.14435,0.52336,0.52946,-0.45594,0.48774,219.64161
0.13772,0.11658,0.14433,0.52339,0.52944,-0.45591,0.48775,219.74212
0.13772,0.11648,0.14432,0.52341,0.52943,-0.45589,0.48777,219.84263
0.13773,0.11638,0.14431,0.52344,0.52941,-0.45587,0.48778,219.94315
0.13773,0.11628,0.14430,0.52346,0.52940,-0.45584,0.48779,220.04366
0.13773,0.11618,0.14429,0.52348,0.52938,-0.45582,0.48780,220.14417
0.13774,0.11608,0.14428,0.52351,0.52937,-0.45579,0.48781,220.24468
0.13774,0.11598,0.14427,0.52353,0.52935,-0.45577,0.48783,220.34520
0.13775,0.11588,0.14426,0.52356,0.52934,-0.45574,0.48783,220.44571
0.13775,0.11578,0.14425,0.52358,0.52932,-0.45572,0.48785,220.54622
0.13775,0.11568,0.14424,0.52361,0.52931,-0.45570,0.48786,220.64674
0.13776,0.11558,0.14423,0.52363,0.52929,-0.45567,0.48787,220.74725
0.13776,0.11548,0.14422,0.52366,0.52928,-0.45565,0.48789,220.84777
0.13777,0.11538,0.14421,0.52368,0.52926,-0.45563,0.48790,220.94828
0.13777,0.11528,0.14419,0.52370,0.52924,-0.45560,0.48791,221.04880
0.13777,0.11518,0.14418,0.52373,0.52923,-0.45558,0.48793,221.14931
0.13778,0.11508,0.14417,0.52375,0.52921,-0.45556,0.48794,221.24982
0.13778,0.11498,0.14416,0.52378,0.52920,-0.45554,0.48795,221.35034
0.13779,0.11488,0.14415,0.52380,0.52918,-0.45552,0.48797,221.45086
0.13779,0.11478,0.14414,0.52382,0.52917,-0.45549,0.48798,221.55137
0.13779,0.11468,0.14413,0.52385,0.52915,-0.45547,0.48799,221.65189
0.13780,0.11458,0.14412,0.52387,0.52914,-0.45544,0.48800,221.75240
0.13780,0.11448,0.14411,0.52389,0.52912,-0.45543,0.48801,221.85292
0.13781,0.11438,0.14410,0.52392,0.52910,-0.45540,0.48802,221.95343
0.13781,0.11428,0.14409,0.52394,0.52909,-0.45537,0.48804,222.05395
0.13781,0.11418,0.14408,0.52397,0.52907,-0.45535,0.48805,222.15447
0.13782,0.11408,0.14407,0.52399,0.52906,-0.45533,0.48806,222.25498
0.13782,0.11398,0.14405,0.52401,0.52904,-0.45531,0.48808,222.35550
0.13782,0.11388,0.14404,0.52404,0.52902,-0.45528,0.48809,222.45602
0.13783,0.11378,0.14403,0.52406,0.52901,-0.45526,0.48811,222.55653
0.13783,0.11368,0.14402,0.52408,0.52899,-0.45524,0.48812,222.65705
0.13784,0.11358,0.14401,0.52411,0.52898,-0.45522,0.48813,222.75757
0.13784,0.11348,0.14400,0.52413,0.52896,-0.45520,0.48814,222.85809
0.13784,0.11338,0.14399,0.52415,0.52894,-0.45518,0.48816,222.95860
0.13785,0.11328,0.14398,0.52418,0.52893,-0.45515,0.48817,223.05912
0.13785,0.11318,0.14397,0.52420,0.52891,-0.45513,0.48818,223.15964
0.13786,0.11308,0.14396,0.52422,0.52889,-0.45511,0.48820,223.26016
0.13786,0.11298,0.14395,0.52425,0.52888,-0.45508,0.48821,223.36068
0.13786,0.11288,0.14394,0.52427,0.52886,-0.45507,0.48822,223.46119
0.13787,0.11278,0.14393,0.52429,0.52884,-0.45505,0.48824,223.56171
0.13787,0.11268,0.14391,0.52431,0.52883,-0.45503,0.48825,223.66223
0.13788,0.11258,0.14390,0.52434,0.52881,-0.45499,0.48827,223.76275
0.13788,0.11248,0.14389,0.52436,0.52880,-0.45498,0.48828,223.86327
0.13788,0.11238,0.14388,0.52438,0.52878,-0.45495,0.48830,223.96379
0.13789,0.11228,0.14387,0.52441,0.52876,-0.45493,0.48831,224.06431
0.13789,0.11218,0.14385,0.52443,0.52874,-0.45491,0.48833,224.16483
0.13790,0.11208,0.14384,0.52445,0.52873,-0.45489,0.48833,224.26535
0.13790,0.11198,0.14383,0.52447,0.52871,-0.45487,0.48835,224.36587
0.13790,0.11189,0.14382,0.52450,0.52869,-0.45485,0.48836,224.46639
0.13791,0.11179,0.14381,0.52451,0.52868,-0.45483,0.48838,224.56691
0.13791,0.11169,0.14380,0.52454,0.52866,-0.45481,0.48839,224.66743
0.13792,0.11159,0.14379,0.52456,0.52865,-0.45478,0.48841,224.76795
0.13792,0.11149,0.14378,0.52459,0.52863,-0.45476,0.48842,224.86847
0.13792,0.11139,0.14376,0.52461,0.52861,-0.45474,0.48844,224.96899
0.13793,0.11129,0.14375,0.52463,0.52860,-0.45472,0.48845,225.06951
0.13793,0.11119,0.14374,0.52465,0.52858,-0.45470,0.48847,225.17003
0.13794,0.11109,0.14373,0.52468,0.52856,-0.45468,0.48848,225.27055
0.13794,0.11099,0.14372,0.52470,0.52854,-0.45465,0.48849,225.37107
0.13794,0.11089,0.14371,0.52472,0.52852,-0.45464,0.48851,225.47159
0.13795,0.11079,0.14370,0.52474,0.52850,-0.45461,0.48853,225.57211
0.13795,0.11069,0.14369,0.52476,0.52849,-0.45460,0.48854,225.67263
0.13796,0.11059,0.14368,0.52479,0.52847,-0.45457,0.48855,225.77315
0.13796,0.11049,0.14367,0.52481,0.52845,-0.45455,0.48856,225.87367
0.13796,0.11039,0.14366,0.52483,0.52843,-0.45453,0.48858,225.97419
0.13797,0.11029,0.14365,0.52485,0.52841,-0.45451,0.48860,226.07472
0.13797,0.11019,0.14364,0.52487,0.52840,-0.45449,0.48861,226.17524
0.13797,0.11009,0.14362,0.52490,0.52838,-0.45447,0.48863,226.27576
0.13798,0.10999,0.14361,0.52492,0.52836,-0.45445,0.48864,226.37628
0.13798,0.10989,0.14360,0.52494,0.52834,-0.45443,0.48866,226.47680
0.13799,0.10979,0.14359,0.52496,0.52832,-0.45441,0.48868,226.57732
0.13799,0.10969,0.14358,0.52498,0.52831,-0.45439,0.48869,226.67785
0.13799,0.10959,0.14357,0.52500,0.52829,-0.45437,0.48871,226.77837
0.13800,0.10949,0.14356,0.52503,0.52827,-0.45435,0.48871,226.87889
0.13800,0.10939,0.14355,0.52505,0.52825,-0.45433,0.48873,226.97941
0.13801,0.10929,0.14354,0.52507,0.52823,-0.45430,0.48875,227.07993
0.13801,0.10919,0.14353,0.52509,0.52822,-0.45428,0.48876,227.18046
0.13801,0.10909,0.14352,0.52511,0.52820,-0.45426,0.48878,227.28098
0.13802,0.10899,0.14351,0.52513,0.52819,-0.45425,0.48879,227.38150
0.13802,0.10889,0.14350,0.52515,0.52817,-0.45422,0.48881,227.48202
0.13803,0.10879,0.14348,0.52518,0.52814,-0.45420,0.48883,227.58255
0.13803,0.10869,0.14347,0.52520,0.52813,-0.45418,0.48884,227.68307
0.13803,0.10859,0.14346,0.52522,0.52811,-0.45416,0.48886,227.78359
0.13804,0.10849,0.14345,0.52524,0.52809,-0.45415,0.48887,227.88411
0.13804,0.10839,0.14344,0.52526,0.52807,-0.45413,0.48889,227.98464
0.13805,0.10829,0.14343,0.52528,0.52805,-0.45411,0.48890,228.08516
0.13805,0.10819,0.14342,0.52530,0.52803,-0.45409,0.48892,228.18568
0.13805,0.10809,0.14341,0.52532,0.52802,-0.45407,0.48894,228.28620
0.13806,0.10799,0.14340,0.52534,0.52800,-0.45405,0.48895,228.38673
0.13806,0.10789,0.14339,0.52536,0.52798,-0.45403,0.48897,228.48725
0.13807,0.10779,0.14337,0.52538,0.52797,-0.45401,0.48898,228.58777
0.13807,0.10769,0.14336,0.52541,0.52794,-0.45398,0.48900,228.68830
0.13807,0.10759,0.14335,0.52543,0.52792,-0.45396,0.48902,228.78882
0.13808,0.10749,0.14333,0.52545,0.52790,-0.45395,0.48903,228.88934
0.13808,0.10739,0.14332,0.52547,0.52788,-0.45393,0.48905,228.98986
0.13809,0.10729,0.14331,0.52549,0.52786,-0.45391,0.48907,229.09039
0.13809,0.10719,0.14330,0.52551,0.52784,-0.45389,0.48909,229.19091
0.13809,0.10709,0.14329,0.52553,0.52783,-0.45387,0.48910,229.29143
0.13810,0.10699,0.14328,0.52555,0.52781,-0.45385,0.48912,229.39196
0.13810,0.10689,0.14327,0.52557,0.52779,-0.45383,0.48914,229.49248
0.13811,0.10679,0.14326,0.52559,0.52777,-0.45382,0.48915,229.59300
0.13811,0.10669,0.14325,0.52561,0.52775,-0.45380,0.48916,229.69353
0.13811,0.10659,0.14324,0.52563,0.52773,-0.45378,0.48918,229.79405
0.13812,0.10649,0.14323,0.52565,0.52771,-0.45376,0.48920,229.89457
0.13812,0.10639,0.14322,0.52567,0.52770,-0.45374,0.48921,229.99510
0.13812,0.10629,0.14321,0.52569,0.52768,-0.45372,0.48923,230.09562
0.13813,0.10619,0.14319,0.52571,0.52765,-0.45371,0.48925,230.19614
0.13813,0.10609,0.14318,0.52573,0.52763,-0.45368,0.48927,230.29667
0.13814,0.10599,0.14317,0.52575,0.52761,-0.45366,0.48929,230.39719
0.13814,0.10589,0.14316,0.52577,0.52760,-0.45365,0.48930,230.49771
0.13814,0.10579,0.14315,0.52579,0.52758,-0.45363,0.48932,230.59824
0.13815,0.10570,0.14314,0.52581,0.52755,-0.45361,0.48933,230.69876
0.13815,0.10560,0.14313,0.52583,0.52753,-0.45359,0.48935,230.79928
0.13816,0.10550,0.14312,0.52585,0.52751,-0.45357,0.48937,230.89981
0.13816,0.10540,0.14311,0.52587,0.52750,-0.45355,0.48938,231.00033
0.13816,0.10530,0.14310,0.52589,0.52747,-0.45354,0.48940,231.10085
0.13817,0.10520,0.14309,0.52591,0.52745,-0.45352,0.48942,231.20138
0.13817,0.10510,0.14308,0.52593,0.52743,-0.45350,0.48944,231.30190
0.13818,0.10500,0.14307,0.52595,0.52741,-0.45348,0.48946,231.40242
0.13818,0.10490,0.14305,0.52597,0.52739,-0.45347,0.48947,231.50295
0.13818,0.10480,0.14304,0.52599,0.52737,-0.45345,0.48949,231.60347
0.13819,0.10470,0.14303,0.52600,0.52735,-0.45343,0.48951,231.70399
0.13819,0.10460,0.14302,0.52602,0.52733,-0.45341,0.48953,231.80452
0.13820,0.10450,0.14301,0.52604,0.52731,-0.45340,0.48955,231.90504
0.13820,0.10440,0.14300,0.52606,0.52729,-0.45338,0.48956,232.00556
0.13820,0.10430,0.14299,0.52608,0.52727,-0.45335,0.48958,232.10609
0.13821,0.10420,0.14298,0.52610,0.52725,-0.45334,0.48959,232.20661
0.13821,0.10410,0.14297,0.52612,0.52723,-0.45332,0.48961,232.30713
0.13822,0.10400,0.14296,0.52614,0.52721,-0.45330,0.48963,232.40766
0.13822,0.10390,0.14295,0.52616,0.52718,-0.45328,0.48965,232.50818
0.13822,0.10380,0.14294,0.52618,0.52716,-0.45327,0.48967,232.60870
0.13823,0.10370,0.14292,0.52620,0.52714,-0.45325,0.48969,232.70922
0.13823,0.10360,0.14290,0.52622,0.52712,-0.45323,0.48971,232.80975
0.13824,0.10350,0.14289,0.52623,0.52710,-0.45322,0.48973,232.91027
0.13824,0.10340,0.14288,0.52626,0.52708,-0.45320,0.48974,233.01079
0.13824,0.10330,0.14287,0.52628,0.52706,-0.45318,0.48976,233.11132
0.13825,0.10320,0.14286,0.52629,0.52704,-0.45317,0.48978,233.21184
0.13825,0.10310,0.14285,0.52631,0.52702,-0.45315,0.48980,233.31236
0.13826,0.10300,0.14284,0.52633,0.52700,-0.45313,0.48981,233.41288
0.13826,0.10290,0.14283,0.52635,0.52698,-0.45311,0.48983,233.51341
0.13826,0.10280,0.14282,0.52637,0.52695,-0.45310,0.48986,233.61393
0.13827,0.10270,0.14281,0.52639,0.52693,-0.45308,0.48987,233.71445
0.13827,0.10260,0.14280,0.52640,0.52691,-0.45307,0.48989,233.81497
0.13827,0.10250,0.14279,0.52642,0.52689,-0.45304,0.48991,233.91550
0.13828,0.10240,0.14278,0.52644,0.52687,-0.45303,0.48993,234.01602
0.13828,0.10230,0.14276,0.52646,0.52685,-0.45301,0.48995,234.11654
0.13829,0.10220,0.14275,0.52648,0.52683,-0.45299,0.48997,234.21706
0.13829,0.10210,0.14274,0.52649,0.52681,-0.45298,0.48999,234.31759
0.13829,0.10200,0.14273,0.52652,0.52678,-0.45296,0.49001,234.41811
0.13830,0.10190,0.14272,0.52654,0.52676,-0.45294,0.49003,234.51863
0.13830,0.10180,0.14271,0.52655,0.52674,-0.45293,0.49004,234.61915
0.13831,0.10170,0.14270,0.52657,0.52672,-0.45291,0.49007,234.71967
0.13831,0.10160,0.14269,0.52658,0.52670,-0.45290,0.49008,234.82019
0.13831,0.10150,0.14268,0.52660,0.52668,-0.45288,0.49010,234.92072
0.13832,0.10140,0.14267,0.52663,0.52665,-0.45287,0.49012,235.02124
0.13832,0.10130,0.14266,0.52664,0.52663,-0.45285,0.49014,235.12176
0.13833,0.10120,0.14265,0.52666,0.52661,-0.45283,0.49016,235.22228
0.13833,0.10110,0.14264,0.52668,0.52659,-0.45282,0.49018,235.32280
0.13833,0.10100,0.14262,0.52670,0.52657,-0.45279,0.49020,235.42332
0.13834,0.10090,0.14261,0.52672,0.52654,-0.45278,0.49022,235.52384
0.13834,0.10080,0.14260,0.52673,0.52652,-0.45277,0.49024,235.62436
0.13835,0.10070,0.14259,0.52675,0.52650,-0.45275,0.49026,235.72489
0.13835,0.10060,0.14258,0.52677,0.52648,-0.45273,0.49028,235.82541
0.13835,0.10050,0.14257,0.52678,0.52646,-0.45272,0.49029,235.92593
0.13836,0.10040,0.14256,0.52680,0.52643,-0.45270,0.49032,236.02645
0.13836,0.10030,0.14255,0.52682,0.52641,-0.45269,0.49033,236.12697
0.13837,0.10020,0.14254,0.52684,0.52639,-0.45267,0.49035,236.22749
0.13837,0.10010,0.14253,0.52685,0.52637,-0.45266,0.49037,236.32801
0.13837,0.10000,0.14252,0.52687,0.52634,-0.45264,0.49039,236.42853
0.13838,0.09990,0.14251,0.52689,0.52632,-0.45262,0.49041,236.52905
0.13838,0.09980,0.14249,0.52691,0.52630,-0.45261,0.49043,236.62957
0.13839,0.09970,0.14248,0.52692,0.52628,-0.45260,0.49045,236.73009
0.13839,0.09960,0.14247,0.52694,0.52625,-0.45258,0.49047,236.83061
0.13839,0.09950,0.14246,0.52696,0.52623,-0.45257,0.49050,236.93113
0.13840,0.09941,0.14245,0.52697,0.52621,-0.45255,0.49052,237.03165
0.13840,0.09931,0.14243,0.52699,0.52619,-0.45253,0.49053,237.13217
0.13841,0.09921,0.14242,0.52701,0.52616,-0.45252,0.49056,237.23269
0.13841,0.09911,0.14241,0.52702,0.52614,-0.45251,0.49058,237.33320
0.13841,0.09901,0.14240,0.52704,0.52612,-0.45248,0.49060,237.43372
0.13842,0.09891,0.14239,0.52706,0.52609,-0.45247,0.49061,237.53424
0.13842,0.09881,0.14238,0.52708,0.52607,-0.45246,0.49064,237.63476
0.13842,0.09871,0.14237,0.52709,0.52605,-0.45244,0.49065,237.73528
0.13843,0.09861,0.14236,0.52711,0.52603,-0.45242,0.49068,237.83580
0.13843,0.09851,0.14234,0.52712,0.52600,-0.45241,0.49070,237.93632
0.13844,0.09841,0.14233,0.52714,0.52598,-0.45240,0.49072,238.03683
0.13844,0.09831,0.14232,0.52716,0.52596,-0.45238,0.49074,238.13735
0.13844,0.09821,0.14231,0.52718,0.52593,-0.45237,0.49076,238.23787
0.13845,0.09811,0.14230,0.52720,0.52591,-0.45235,0.49078,238.33839
0.13845,0.09801,0.14229,0.52721,0.52588,-0.45234,0.49080,238.43891
0.13846,0.09791,0.14228,0.52723,0.52586,-0.45232,0.49083,238.53942
0.13846,0.09781,0.14227,0.52724,0.52584,-0.45231,0.49085,238.63994
0.13846,0.09771,0.14226,0.52725,0.52582,-0.45230,0.49086,238.74046
0.13847,0.09761,0.14225,0.52728,0.52579,-0.45228,0.49089,238.84097
0.13847,0.09751,0.14224,0.52730,0.52577,-0.45227,0.49090,238.94149
0.13848,0.09741,0.14223,0.52731,0.52575,-0.45225,0.49093,239.04201
0.13848,0.09731,0.14222,0.52733,0.52572,-0.45223,0.49095,239.14252
0.13848,0.09721,0.14220,0.52734,0.52570,-0.45222,0.49097,239.24304
0.13849,0.09711,0.14219,0.52736,0.52567,-0.45221,0.49099,239.34356
0.13849,0.09701,0.14218,0.52738,0.52565,-0.45219,0.49101,239.44407
0.13850,0.09691,0.14217,0.52739,0.52562,-0.45218,0.49104,239.54459
0.13850,0.09681,0.14216,0.52741,0.52560,-0.45216,0.49106,239.64510
0.13850,0.09671,0.14215,0.52742,0.52558,-0.45215,0.49108,239.74562
0.13851,0.09661,0.14214,0.52744,0.52555,-0.45214,0.49110,239.84613
0.13851,0.09651,0.14213,0.52745,0.52553,-0.45212,0.49113,239.94665
0.13852,0.09641,0.14212,0.52747,0.52550,-0.45211,0.49114,240.04716
0.13852,0.09631,0.14211,0.52749,0.52547,-0.45210,0.49116,240.14768
0.13852,0.09621,0.14210,0.52750,0.52546,-0.45208,0.49119,240.24819
0.13853,0.09611,0.14209,0.52752,0.52542,-0.45207,0.49121,240.34871
0.13853,0.09601,0.14208,0.52753,0.52540,-0.45206,0.49123,240.44922
0.13854,0.09591,0.14206,0.52755,0.52538,-0.45204,0.49125,240.54974
0.13854,0.09581,0.14205,0.52756,0.52536,-0.45203,0.49127,240.65025
0.13854,0.09571,0.14204,0.52758,0.52533,-0.45201,0.49130,240.75076
0.13855,0.09561,0.14203,0.52759,0.52531,-0.45200,0.49132,240.85128
0.13855,0.09551,0.14202,0.52761,0.52528,-0.45198,0.49134,240.95179
0.13855,0.09541,0.14201,0.52762,0.52525,-0.45197,0.49137,241.05230
0.13856,0.09531,0.14200,0.52764,0.52523,-0.45196,0.49139,241.15282
0.13856,0.09521,0.14199,0.52765,0.52521,-0.45194,0.49141,241.25333
0.13857,0.09511,0.14198,0.52767,0.52518,-0.45193,0.49143,241.35384
0.13857,0.09501,0.14197,0.52768,0.52516,-0.45192,0.49145,241.45435
0.13857,0.09491,0.14196,0.52770,0.52513,-0.45191,0.49147,241.55487
0.13858,0.09481,0.14195,0.52771,0.52511,-0.45189,0.49150,241.65538
0.13858,0.09471,0.14194,0.52773,0.52508,-0.45188,0.49152,241.75589
0.13859,0.09461,0.14192,0.52774,0.52506,-0.45187,0.49154,241.85640
0.13859,0.09451,0.14191,0.52776,0.52503,-0.45186,0.49157,241.95691
0.13859,0.09441,0.14190,0.52777,0.52501,-0.45184,0.49159,242.05742
0.13860,0.09431,0.14189,0.52779,0.52498,-0.45183,0.49161,242.15793
0.13860,0.09421,0.14188,0.52780,0.52496,-0.45182,0.49164,242.25844
0.13861,0.09411,0.14187,0.52782,0.52493,-0.45181,0.49166,242.35895
0.13861,0.09401,0.14186,0.52784,0.52491,-0.45179,0.49168,242.45946
0.13861,0.09391,0.14185,0.52785,0.52488,-0.45178,0.49171,242.55997
0.13862,0.09381,0.14184,0.52786,0.52486,-0.45176,0.49172,242.66048
0.13862,0.09371,0.14183,0.52788,0.52483,-0.45176,0.49175,242.76099
0.13863,0.09361,0.14182,0.52789,0.52480,-0.45174,0.49177,242.86150
0.13863,0.09351,0.14181,0.52791,0.52478,-0.45172,0.49180,242.96201
0.13863,0.09341,0.14180,0.52792,0.52476,-0.45171,0.49182,243.06252
0.13864,0.09331,0.14178,0.52794,0.52473,-0.45170,0.49184,243.16303
0.13864,0.09321,0.14177,0.52795,0.52470,-0.45169,0.49186,243.26354
0.13865,0.09312,0.14176,0.52797,0.52467,-0.45168,0.49189,243.36404
0.13865,0.09302,0.14175,0.52798,0.52465,-0.45166,0.49191,243.46455
0.13865,0.09292,0.14174,0.52799,0.52463,-0.45165,0.49194,243.56506
0.13866,0.09282,0.14173,0.52801,0.52460,-0.45164,0.49196,243.66557
0.13866,0.09272,0.14172,0.52802,0.52458,-0.45163,0.49198,243.76607
0.13867,0.09262,0.14171,0.52804,0.52454,-0.45162,0.49201,243.86658
0.13867,0.09252,0.14169,0.52805,0.52452,-0.45161,0.49203,243.96709
0.13867,0.09242,0.14168,0.52806,0.52450,-0.45159,0.49206,244.06759
0.13868,0.09232,0.14167,0.52808,0.52447,-0.45158,0.49208,244.16810
0.13868,0.09222,0.14166,0.52809,0.52444,-0.45157,0.49210,244.26860
0.13869,0.09212,0.14165,0.52810,0.52442,-0.45156,0.49213,244.36911
0.13869,0.09202,0.14163,0.52812,0.52439,-0.45154,0.49215,244.46961
0.13869,0.09192,0.14162,0.52813,0.52436,-0.45153,0.49217,244.57012
0.13870,0.09182,0.14161,0.52815,0.52433,-0.45152,0.49220,244.67062
0.13870,0.09172,0.14160,0.52816,0.52431,-0.45151,0.49222,244.77113
0.13871,0.09162,0.14159,0.52817,0.52428,-0.45150,0.49225,244.87163
0.13871,0.09152,0.14158,0.52820,0.52425,-0.45148,0.49227,244.97214
0.13871,0.09142,0.14157,0.52821,0.52423,-0.45147,0.49229,245.07264
0.13872,0.09132,0.14156,0.52822,0.52420,-0.45146,0.49232,245.17314
0.13872,0.09122,0.14155,0.52823,0.52418,-0.45145,0.49234,245.27365
0.13872,0.09112,0.14154,0.52825,0.52415,-0.45144,0.49237,245.37415
0.13873,0.09102,0.14153,0.52826,0.52412,-0.45143,0.49240,245.47465
0.13873,0.09092,0.14152,0.52827,0.52410,-0.45142,0.49242,245.57515
0.13874,0.09082,0.14151,0.52828,0.52407,-0.45141,0.49244,245.67565
0.13874,0.09072,0.14149,0.52830,0.52404,-0.45140,0.49246,245.77616
0.13874,0.09062,0.14148,0.52831,0.52402,-0.45139,0.49249,245.87666
0.13875,0.09052,0.14147,0.52833,0.52399,-0.45137,0.49251,245.97716
0.13875,0.09042,0.14146,0.52834,0.52396,-0.45136,0.49254,246.07766
0.13876,0.09032,0.14145,0.52835,0.52394,-0.45135,0.49256,246.17816
0.13876,0.09022,0.14144,0.52836,0.52391,-0.45134,0.49259,246.27866
0.13876,0.09012,0.14143,0.52838,0.52388,-0.45133,0.49261,246.37916
0.13877,0.09002,0.14142,0.52839,0.52386,-0.45131,0.49264,246.47966
0.13877,0.08992,0.14141,0.52840,0.52383,-0.45130,0.49266,246.58016
0.13878,0.08982,0.14140,0.52841,0.52380,-0.45129,0.49269,246.68066
0.13878,0.08972,0.14139,0.52843,0.52378,-0.45128,0.49271,246.78116
0.13878,0.08962,0.14138,0.52844,0.52375,-0.45127,0.49274,246.88165
0.13879,0.08952,0.14137,0.52845,0.52372,-0.45126,0.49277,246.98215
0.13879,0.08942,0.14135,0.52847,0.52369,-0.45125,0.49279,247.08265
0.13880,0.08932,0.14134,0.52848,0.52367,-0.45124,0.49281,247.18315
0.13880,0.08922,0.14133,0.52849,0.52364,-0.45123,0.49284,247.28365
0.13880,0.08912,0.14132,0.52851,0.52361,-0.45122,0.49286,247.38414
0.13881,0.08902,0.14131,0.52851,0.52359,-0.45121,0.49289,247.48464
0.13881,0.08892,0.14130,0.52853,0.52356,-0.45120,0.49291,247.58513
0.13882,0.08882,0.14129,0.52855,0.52353,-0.45119,0.49294,247.68563
0.13882,0.08872,0.14128,0.52855,0.52349,-0.45118,0.49297,247.78613
0.13882,0.08862,0.14127,0.52856,0.52347,-0.45117,0.49299,247.88662
0.13883,0.08852,0.14126,0.52858,0.52344,-0.45116,0.49302,247.98712
0.13883,0.08842,0.14125,0.52859,0.52342,-0.45116,0.49304,248.08761
0.13883,0.08832,0.14124,0.52861,0.52338,-0.45114,0.49307,248.18811
0.13884,0.08822,0.14123,0.52862,0.52335,-0.45113,0.49310,248.28860
0.13884,0.08812,0.14121,0.52863,0.52333,-0.45112,0.49311,248.38909
0.13885,0.08802,0.14120,0.52864,0.52330,-0.45111,0.49314,248.48959
0.13885,0.08792,0.14119,0.52865,0.52327,-0.45110,0.49317,248.59008
0.13885,0.08782,0.14118,0.52867,0.52324,-0.45109,0.49319,248.69057
0.13886,0.08772,0.14117,0.52868,0.52322,-0.45108,0.49322,248.79106
0.13886,0.08762,0.14116,0.52869,0.52319,-0.45107,0.49325,248.89156
0.13887,0.08752,0.14115,0.52870,0.52316,-0.45106,0.49327,248.99205
0.13887,0.08742,0.14114,0.52871,0.52313,-0.45105,0.49330,249.09254
0.13887,0.08732,0.14113,0.52872,0.52310,-0.45104,0.49333,249.19303
0.13888,0.08722,0.14112,0.52873,0.52308,-0.45104,0.49336,249.29352
0.13888,0.08712,0.14112,0.52875,0.52305,-0.45102,0.49338,249.39401
0.13889,0.08702,0.14111,0.52876,0.52302,-0.45101,0.49340,249.49450
0.13889,0.08692,0.14110,0.52877,0.52299,-0.45100,0.49343,249.59499
0.13889,0.08683,0.14108,0.52879,0.52296,-0.45100,0.49346,249.69548
0.13890,0.08673,0.14107,0.52880,0.52293,-0.45099,0.49349,249.79597
0.13890,0.08663,0.14106,0.52880,0.52291,-0.45097,0.49351,249.89646
0.13891,0.08653,0.14105,0.52881,0.52288,-0.45096,0.49354,249.99694
0.13891,0.08643,0.14104,0.52883,0.52285,-0.45096,0.49356,250.09743
0.13891,0.08633,0.14103,0.52884,0.52282,-0.45095,0.49359,250.19792
0.13892,0.08623,0.14102,0.52885,0.52279,-0.45094,0.49362,250.29841
0.13892,0.08613,0.14101,0.52887,0.52276,-0.45093,0.49364,250.39889
0.13893,0.08603,0.14100,0.52888,0.52274,-0.45092,0.49367,250.49938
0.13893,0.08593,0.14099,0.52889,0.52271,-0.45091,0.49370,250.59987
0.13893,0.08583,0.14098,0.52890,0.52268,-0.45090,0.49373,250.70035
0.13894,0.08573,0.14097,0.52891,0.52264,-0.45090,0.49375,250.80084
0.13894,0.08563,0.14096,0.52892,0.52262,-0.45089,0.49378,250.90132
0.13894,0.08553,0.14094,0.52893,0.52259,-0.45088,0.49381,251.00181
0.13895,0.08543,0.14093,0.52894,0.52256,-0.45087,0.49384,251.10229
0.13895,0.08533,0.14092,0.52895,0.52253,-0.45086,0.49387,251.20277
0.13896,0.08523,0.14091,0.52897,0.52250,-0.45085,0.49389,251.30326
0.13896,0.08513,0.14090,0.52897,0.52247,-0.45084,0.49391,251.40374
0.13896,0.08503,0.14089,0.52898,0.52244,-0.45083,0.49394,251.50422
0.13897,0.08493,0.14088,0.52899,0.52241,-0.45082,0.49397,251.60470
0.13897,0.08483,0.14087,0.52900,0.52238,-0.45081,0.49400,251.70519
0.13898,0.08473,0.14086,0.52901,0.52235,-0.45081,0.49402,251.80567
0.13898,0.08463,0.14085,0.52903,0.52232,-0.45080,0.49405,251.90615
0.13898,0.08453,0.14084,0.52904,0.52229,-0.45079,0.49408,252.00663
0.13899,0.08443,0.14083,0.52905,0.52226,-0.45078,0.49411,252.10711
0.13899,0.08433,0.14082,0.52906,0.52223,-0.45077,0.49414,252.20759
0.13900,0.08423,0.14080,0.52907,0.52220,-0.45077,0.49417,252.30807
0.13900,0.08413,0.14079,0.52908,0.52217,-0.45076,0.49419,252.40855
0.13900,0.08403,0.14078,0.52909,0.52214,-0.45075,0.49422,252.50903
0.13901,0.08393,0.14077,0.52910,0.52211,-0.45074,0.49425,252.60950
0.13901,0.08383,0.14076,0.52911,0.52208,-0.45074,0.49427,252.70998
0.13902,0.08373,0.14075,0.52912,0.52206,-0.45073,0.49430,252.81046
0.13902,0.08363,0.14074,0.52913,0.52203,-0.45072,0.49433,252.91094
0.13902,0.08353,0.14073,0.52914,0.52200,-0.45071,0.49436,253.01141
0.13903,0.08343,0.14072,0.52915,0.52197,-0.45070,0.49439,253.11189
0.13903,0.08333,0.14071,0.52916,0.52194,-0.45070,0.49441,253.21236
0.13904,0.08323,0.14070,0.52917,0.52191,-0.45069,0.49444,253.31284
0.13904,0.08313,0.14069,0.52918,0.52188,-0.45068,0.49447,253.41331
0.13904,0.08303,0.14068,0.52919,0.52185,-0.45067,0.49450,253.51379
0.13905,0.08293,0.14066,0.52920,0.52182,-0.45066,0.49453,253.61426
0.13905,0.08283,0.14065,0.52921,0.52179,-0.45065,0.49456,253.71474
0.13906,0.08273,0.14064,0.52922,0.52175,-0.45065,0.49458,253.81521
0.13906,0.08263,0.14063,0.52923,0.52172,-0.45064,0.49461,253.91568
0.13906,0.08253,0.14062,0.52924,0.52169,-0.45063,0.49464,254.01616
0.13907,0.08243,0.14061,0.52924,0.52166,-0.45063,0.49467,254.11663
0.13907,0.08233,0.14060,0.52926,0.52164,-0.45062,0.49469,254.21710
0.13907,0.08223,0.14059,0.52927,0.52161,-0.45061,0.49472,254.31757
0.13908,0.08213,0.14058,0.52928,0.52157,-0.45061,0.49475,254.41804
0.13908,0.08203,0.14057,0.52929,0.52154,-0.45060,0.49478,254.51851
0.13909,0.08193,0.14056,0.52930,0.52151,-0.45059,0.49481,254.61898
0.13909,0.08183,0.14056,0.52931,0.52147,-0.45059,0.49484,254.71945
0.13909,0.08173,0.14055,0.52932,0.52144,-0.45058,0.49487,254.81992
0.13910,0.08163,0.14053,0.52933,0.52141,-0.45057,0.49490,254.92039
0.13910,0.08153,0.14052,0.52934,0.52138,-0.45056,0.49493,255.02086
0.13911,0.08143,0.14051,0.52934,0.52135,-0.45056,0.49496,255.12132
0.13911,0.08133,0.14050,0.52935,0.52132,-0.45055,0.49499,255.22179
0.13911,0.08123,0.14049,0.52936,0.52129,-0.45054,0.49502,255.32226
0.13912,0.08113,0.14048,0.52937,0.52126,-0.45053,0.49505,255.42272
0.13912,0.08103,0.14047,0.52938,0.52123,-0.45053,0.49507,255.52319
0.13913,0.08093,0.14046,0.52939,0.52120,-0.45052,0.49510,255.62366
0.13913,0.08083,0.14045,0.52940,0.52117,-0.45051,0.49513,255.72412
0.13913,0.08073,0.14044,0.52940,0.52114,-0.45051,0.49516,255.82459
0.13914,0.08063,0.14043,0.52942,0.52111,-0.45050,0.49519,255.92505
0.13914,0.08053,0.14042,0.52943,0.52107,-0.45050,0.49522,256.02551
0.13915,0.08044,0.14041,0.52944,0.52104,-0.45049,0.49525,256.12598
0.13915,0.08034,0.14039,0.52945,0.52101,-0.45048,0.49528,256.22644
0.13915,0.08024,0.14038,0.52946,0.52098,-0.45048,0.49531,256.32690
0.13916,0.08014,0.14037,0.52946,0.52095,-0.45047,0.49534,256.42736
0.13916,0.08004,0.14036,0.52947,0.52092,-0.45047,0.49537,256.52783
0.13917,0.07994,0.14035,0.52948,0.52089,-0.45046,0.49540,256.62829
0.13917,0.07984,0.14034,0.52949,0.52085,-0.45045,0.49542,256.72875
0.13917,0.07974,0.14033,0.52950,0.52082,-0.45044,0.49545,256.82921
0.13918,0.07964,0.14032,0.52951,0.52079,-0.45044,0.49549,256.92967
0.13918,0.07954,0.14031,0.52951,0.52076,-0.45044,0.49552,257.03013
0.13918,0.07944,0.14030,0.52952,0.52072,-0.45042,0.49555,257.13058
0.13919,0.07934,0.14029,0.52953,0.52069,-0.45042,0.49558,257.23104
0.13919,0.07924,0.14028,0.52953,0.52066,-0.45041,0.49561,257.33150
0.13920,0.07914,0.14027,0.52954,0.52063,-0.45041,0.49564,257.43196
0.13920,0.07904,0.14026,0.52955,0.52060,-0.45040,0.49567,257.53241
0.13920,0.07894,0.14025,0.52957,0.52056,-0.45040,0.49570,257.63287
0.13921,0.07884,0.14024,0.52958,0.52053,-0.45039,0.49573,257.73333
0.13921,0.07874,0.14023,0.52958,0.52050,-0.45039,0.49576,257.83378
0.13922,0.07864,0.14022,0.52959,0.52047,-0.45038,0.49579,257.93424
0.13922,0.07854,0.14021,0.52960,0.52044,-0.45038,0.49581,258.03469
0.13922,0.07844,0.14020,0.52960,0.52040,-0.45037,0.49585,258.13514
0.13923,0.07834,0.14019,0.52961,0.52037,-0.45037,0.49588,258.23560
0.13923,0.07824,0.14018,0.52962,0.52034,-0.45036,0.49591,258.33605
0.13924,0.07814,0.14017,0.52963,0.52031,-0.45035,0.49594,258.43650
0.13924,0.07804,0.14016,0.52963,0.52028,-0.45035,0.49597,258.53695
0.13924,0.07794,0.14015,0.52964,0.52024,-0.45035,0.49600,258.63741
0.13925,0.07784,0.14014,0.52965,0.52021,-0.45034,0.49603,258.73786
0.13925,0.07774,0.14012,0.52966,0.52018,-0.45033,0.49606,258.83831
0.13926,0.07764,0.14011,0.52966,0.52014,-0.45032,0.49610,258.93876
0.13926,0.07754,0.14010,0.52967,0.52011,-0.45032,0.49613,259.03921
0.13926,0.07744,0.14009,0.52969,0.52007,-0.45031,0.49616,259.13965
0.13927,0.07734,0.14008,0.52969,0.52004,-0.45031,0.49619,259.24010
0.13927,0.07724,0.14007,0.52970,0.52001,-0.45030,0.49622,259.34055
0.13928,0.07714,0.14006,0.52971,0.51998,-0.45030,0.49625,259.44100
0.13928,0.07704,0.14006,0.52971,0.51994,-0.45030,0.49629,259.54145
0.13928,0.07694,0.14005,0.52972,0.51991,-0.45029,0.49632,259.64189
0.13929,0.07684,0.14004,0.52973,0.51988,-0.45029,0.49634,259.74234
0.13929,0.07674,0.14003,0.52973,0.51985,-0.45028,0.49637,259.84278
0.13929,0.07664,0.14002,0.52974,0.51981,-0.45028,0.49640,259.94323
0.13930,0.07654,0.14001,0.52975,0.51978,-0.45027,0.49643,260.04367
0.13930,0.07644,0.13999,0.52975,0.51975,-0.45027,0.49647,260.14412
0.13931,0.07634,0.13998,0.52976,0.51972,-0.45026,0.49650,260.24456
0.13931,0.07624,0.13997,0.52977,0.51968,-0.45026,0.49653,260.34500
0.13931,0.07614,0.13996,0.52977,0.51965,-0.45026,0.49656,260.44544
0.13932,0.07604,0.13995,0.52978,0.51962,-0.45024,0.49660,260.54589
0.13932,0.07594,0.13994,0.52979,0.51958,-0.45025,0.49663,260.64633
0.13933,0.07584,0.13993,0.52980,0.51955,-0.45024,0.49666,260.74677
0.13933,0.07574,0.13992,0.52981,0.51952,-0.45023,0.49669,260.84721
0.13933,0.07564,0.13991,0.52980,0.51948,-0.45023,0.49672,260.94765
0.13934,0.07554,0.13990,0.52982,0.51945,-0.45022,0.49676,261.04809
0.13934,0.07544,0.13989,0.52983,0.51941,-0.45022,0.49678,261.14853
0.13935,0.07534,0.13989,0.52983,0.51938,-0.45022,0.49681,261.24896
0.13935,0.07524,0.13988,0.52984,0.51934,-0.45021,0.49685,261.34940
0.13935,0.07514,0.13986,0.52984,0.51931,-0.45021,0.49688,261.44984
0.13936,0.07504,0.13985,0.52985,0.51928,-0.45021,0.49691,261.55028
0.13936,0.07494,0.13984,0.52986,0.51924,-0.45020,0.49694,261.65071
0.13937,0.07484,0.13983,0.52986,0.51921,-0.45020,0.49698,261.75115
0.13937,0.07474,0.13982,0.52987,0.51918,-0.45020,0.49701,261.85158
0.13937,0.07464,0.13981,0.52988,0.51914,-0.45019,0.49704,261.95202
0.13938,0.07454,0.13980,0.52988,0.51911,-0.45019,0.49708,262.05245
0.13938,0.07444,0.13979,0.52988,0.51908,-0.45019,0.49711,262.15288
0.13938,0.07434,0.13978,0.52990,0.51904,-0.45018,0.49714,262.25332
0.13939,0.07424,0.13977,0.52990,0.51901,-0.45018,0.49717,262.35375
0.13939,0.07414,0.13976,0.52990,0.51898,-0.45017,0.49720,262.45418
0.13940,0.07404,0.13975,0.52992,0.51894,-0.45016,0.49723,262.55461
0.13940,0.07395,0.13974,0.52992,0.51891,-0.45016,0.49726,262.65504
0.13940,0.07385,0.13973,0.52993,0.51887,-0.45016,0.49730,262.75547
0.13941,0.07375,0.13972,0.52993,0.51884,-0.45015,0.49733,262.85590
0.13941,0.07365,0.13971,0.52994,0.51881,-0.45015,0.49736,262.95633
0.13942,0.07355,0.13970,0.52994,0.51877,-0.45015,0.49740,263.05676
0.13942,0.07345,0.13969,0.52995,0.51873,-0.45015,0.49743,263.15719
0.13942,0.07335,0.13968,0.52995,0.51871,-0.45014,0.49746,263.25761
0.13943,0.07325,0.13967,0.52996,0.51866,-0.45014,0.49750,263.35804
0.13943,0.07315,0.13966,0.52996,0.51863,-0.45014,0.49753,263.45847
0.13944,0.07305,0.13965,0.52998,0.51860,-0.45013,0.49756,263.55889
0.13944,0.07295,0.13964,0.52998,0.51856,-0.45013,0.49760,263.65932
0.13944,0.07285,0.13963,0.52999,0.51852,-0.45013,0.49763,263.75974
0.13945,0.07275,0.13962,0.52999,0.51849,-0.45013,0.49766,263.86017
0.13945,0.07265,0.13961,0.53000,0.51846,-0.45012,0.49769,263.96059
0.13945,0.07255,0.13960,0.53000,0.51842,-0.45012,0.49773,264.06101
0.13946,0.07245,0.13959,0.53001,0.51839,-0.45011,0.49776,264.16143
0.13946,0.07235,0.13958,0.53001,0.51835,-0.45012,0.49779,264.26186
0.13947,0.07225,0.13957,0.53002,0.51832,-0.45010,0.49783,264.36228
0.13947,0.07215,0.13956,0.53002,0.51828,-0.45011,0.49786,264.46270
0.13947,0.07205,0.13955,0.53003,0.51825,-0.45010,0.49789,264.56312
0.13948,0.07195,0.13954,0.53003,0.51821,-0.45010,0.49793,264.66354
0.13948,0.07185,0.13953,0.53004,0.51818,-0.45009,0.49796,264.76396
0.13949,0.07175,0.13952,0.53004,0.51814,-0.45009,0.49800,264.86437
0.13949,0.07165,0.13951,0.53005,0.51811,-0.45009,0.49803,264.96479
0.13949,0.07155,0.13950,0.53005,0.51807,-0.45009,0.49806,265.06521
0.13950,0.07145,0.13949,0.53006,0.51803,-0.45009,0.49810,265.16563
0.13950,0.07135,0.13949,0.53007,0.51800,-0.45008,0.49813,265.26604
0.13951,0.07125,0.13947,0.53007,0.51796,-0.45008,0.49817,265.36646
0.13951,0.07115,0.13946,0.53007,0.51793,-0.45008,0.49820,265.46687
0.13951,0.07105,0.13945,0.53008,0.51789,-0.45008,0.49823,265.56729
0.13952,0.07095,0.13944,0.53008,0.51786,-0.45008,0.49826,265.66770
0.13952,0.07085,0.13943,0.53009,0.51782,-0.45007,0.49830,265.76811
0.13953,0.07075,0.13942,0.53009,0.51779,-0.45007,0.49833,265.86853
0.13953,0.07065,0.13941,0.53009,0.51775,-0.45007,0.49837,265.96894
0.13953,0.07055,0.13940,0.53010,0.51772,-0.45006,0.49840,266.06935
0.13954,0.07045,0.13939,0.53011,0.51768,-0.45007,0.49843,266.16976
0.13954,0.07035,0.13938,0.53011,0.51765,-0.45006,0.49847,266.27017
0.13954,0.07025,0.13938,0.53012,0.51761,-0.45006,0.49850,266.37058
0.13955,0.07015,0.13937,0.53012,0.51758,-0.45005,0.49854,266.47099
0.13955,0.07005,0.13936,0.53013,0.51754,-0.45005,0.49857,266.57140
0.13956,0.06995,0.13934,0.53013,0.51751,-0.45005,0.49861,266.67180
0.13956,0.06985,0.13933,0.53013,0.51747,-0.45005,0.49864,266.77221
0.13956,0.06975,0.13932,0.53014,0.51743,-0.45005,0.49867,266.87262
0.13957,0.06965,0.13931,0.53014,0.51740,-0.45005,0.49871,266.97302
0.13957,0.06955,0.13930,0.53015,0.51736,-0.45005,0.49874,267.07343
0.13958,0.06945,0.13929,0.53015,0.51732,-0.45004,0.49878,267.17383
0.13958,0.06935,0.13928,0.53015,0.51729,-0.45004,0.49881,267.27424
0.13958,0.06925,0.13927,0.53016,0.51725,-0.45004,0.49885,267.37464
0.13959,0.06915,0.13927,0.53016,0.51721,-0.45004,0.49888,267.47505
0.13959,0.06905,0.13926,0.53016,0.51718,-0.45004,0.49892,267.57545
0.13960,0.06895,0.13925,0.53017,0.51714,-0.45004,0.49895,267.67585
0.13960,0.06885,0.13924,0.53017,0.51711,-0.45003,0.49899,267.77625
0.13960,0.06875,0.13923,0.53018,0.51707,-0.45004,0.49902,267.87665
0.13961,0.06865,0.13921,0.53018,0.51703,-0.45004,0.49906,267.97705
0.13961,0.06855,0.13920,0.53019,0.51700,-0.45003,0.49909,268.07745
0.13962,0.06845,0.13919,0.53019,0.51696,-0.45003,0.49913,268.17785
0.13962,0.06835,0.13918,0.53019,0.51693,-0.45002,0.49917,268.27825
0.13962,0.06825,0.13918,0.53020,0.51689,-0.45002,0.49919,268.37865
0.13963,0.06815,0.13917,0.53020,0.51685,-0.45002,0.49923,268.47904
0.13963,0.06805,0.13916,0.53020,0.51682,-0.45002,0.49926,268.57944
0.13963,0.06795,0.13915,0.53021,0.51677,-0.45002,0.49930,268.67984
0.13964,0.06785,0.13914,0.53021,0.51674,-0.45002,0.49934,268.78023
0.13964,0.06775,0.13913,0.53021,0.51670,-0.45002,0.49937,268.88062
0.13965,0.06765,0.13912,0.53022,0.51666,-0.45002,0.49941,268.98102
0.13965,0.06755,0.13911,0.53022,0.51663,-0.45002,0.49944,269.08141
0.13965,0.06745,0.13910,0.53023,0.51659,-0.45002,0.49948,269.18180
0.13966,0.06735,0.13909,0.53023,0.51655,-0.45002,0.49952,269.28220
0.13966,0.06725,0.13908,0.53023,0.51652,-0.45002,0.49955,269.38259
0.13967,0.06716,0.13907,0.53024,0.51648,-0.45002,0.49959,269.48298
0.13967,0.06706,0.13906,0.53024,0.51645,-0.45002,0.49962,269.58337
0.13967,0.06696,0.13905,0.53024,0.51641,-0.45002,0.49966,269.68376
0.13968,0.06686,0.13904,0.53024,0.51637,-0.45002,0.49970,269.78415
0.13968,0.06676,0.13903,0.53025,0.51634,-0.45001,0.49972,269.88454
0.13969,0.06666,0.13902,0.53025,0.51630,-0.45001,0.49976,269.98492
0.13969,0.06656,0.13901,0.53025,0.51626,-0.45001,0.49980,270.08531
0.13969,0.06646,0.13901,0.53025,0.51623,-0.45001,0.49983,270.18570
0.13970,0.06636,0.13900,0.53025,0.51619,-0.45001,0.49987,270.28608
0.13970,0.06626,0.13899,0.53026,0.51614,-0.45001,0.49991,270.38647
0.13970,0.06616,0.13898,0.53026,0.51611,-0.45001,0.49994,270.48685
0.13971,0.06606,0.13896,0.53027,0.51607,-0.45001,0.49998,270.58724
0.13971,0.06596,0.13895,0.53027,0.51603,-0.45001,0.50002,270.68762
0.13972,0.06586,0.13894,0.53027,0.51599,-0.45001,0.50005,270.78800
0.13972,0.06576,0.13893,0.53028,0.51596,-0.45001,0.50009,270.88838
0.13972,0.06566,0.13893,0.53028,0.51592,-0.45001,0.50013,270.98877
0.13973,0.06556,0.13892,0.53028,0.51588,-0.45001,0.50016,271.08915
0.13973,0.06546,0.13891,0.53028,0.51585,-0.45001,0.50020,271.18953
0.13974,0.06536,0.13890,0.53028,0.51581,-0.45001,0.50024,271.28991
0.13974,0.06526,0.13889,0.53028,0.51577,-0.45001,0.50027,271.39029
0.13974,0.06516,0.13888,0.53029,0.51574,-0.45000,0.50030,271.49066
0.13975,0.06506,0.13887,0.53029,0.51570,-0.45000,0.50034,271.59104
0.13975,0.06496,0.13886,0.53030,0.51566,-0.45000,0.50038,271.69142
0.13976,0.06486,0.13886,0.53030,0.51562,-0.45001,0.50041,271.79179
0.13976,0.06476,0.13884,0.53030,0.51559,-0.45000,0.50045,271.89217
0.13976,0.06466,0.13883,0.53030,0.51555,-0.45000,0.50049,271.99254
0.13977,0.06456,0.13882,0.53031,0.51550,-0.45000,0.50053,272.09292
0.13977,0.06446,0.13881,0.53031,0.51547,-0.45000,0.50056,272.19329
0.13978,0.06436,0.13880,0.53031,0.51543,-0.45000,0.50060,272.29367
0.13978,0.06426,0.13879,0.53031,0.51539,-0.45000,0.50064,272.39404
0.13978,0.06416,0.13879,0.53031,0.51535,-0.45001,0.50068,272.49441
0.13979,0.06406,0.13878,0.53032,0.51531,-0.45001,0.50071,272.59478
0.13979,0.06396,0.13877,0.53031,0.51528,-0.45001,0.50075,272.69515
0.13979,0.06386,0.13876,0.53032,0.51524,-0.45001,0.50078,272.79552
0.13980,0.06376,0.13875,0.53032,0.51520,-0.45001,0.50082,272.89589
0.13980,0.06366,0.13874,0.53033,0.51516,-0.45001,0.50085,272.99626
0.13981,0.06356,0.13873,0.53033,0.51513,-0.45001,0.50089,273.09663
0.13981,0.06346,0.13872,0.53033,0.51509,-0.45001,0.50093,273.19699
0.13981,0.06336,0.13871,0.53033,0.51505,-0.45001,0.50097,273.29736
0.13982,0.06326,0.13870,0.53033,0.51500,-0.45001,0.50101,273.39773
0.13982,0.06316,0.13869,0.53033,0.51497,-0.45002,0.50104,273.49809
0.13983,0.06306,0.13868,0.53033,0.51493,-0.45001,0.50108,273.59846
0.13983,0.06296,0.13867,0.53033,0.51489,-0.45001,0.50112,273.69882
0.13983,0.06286,0.13866,0.53033,0.51485,-0.45001,0.50116,273.79918
0.13984,0.06276,0.13866,0.53034,0.51481,-0.45001,0.50120,273.89955
0.13984,0.06266,0.13865,0.53034,0.51478,-0.45002,0.50123,273.99991
0.13984,0.06256,0.13864,0.53034,0.51474,-0.45001,0.50127,274.10027
0.13985,0.06246,0.13863,0.53034,0.51470,-0.45002,0.50131,274.20063
0.13985,0.06236,0.13862,0.53034,0.51466,-0.45002,0.50135,274.30099
0.13986,0.06226,0.13860,0.53034,0.51462,-0.45002,0.50138,274.40135
0.13986,0.06216,0.13859,0.53035,0.51458,-0.45002,0.50142,274.50171
0.13986,0.06206,0.13859,0.53035,0.51454,-0.45002,0.50145,274.60207
0.13987,0.06196,0.13858,0.53035,0.51451,-0.45002,0.50149,274.70242
0.13987,0.06186,0.13857,0.53035,0.51446,-0.45003,0.50153,274.80278
0.13988,0.06176,0.13856,0.53035,0.51442,-0.45003,0.50157,274.90314
0.13988,0.06166,0.13855,0.53035,0.51438,-0.45003,0.50161,275.00349
0.13988,0.06156,0.13854,0.53035,0.51434,-0.45003,0.50165,275.10385
0.13989,0.06146,0.13854,0.53036,0.51430,-0.45003,0.50169,275.20420
0.13989,0.06136,0.13853,0.53036,0.51426,-0.45004,0.50172,275.30455
0.13990,0.06126,0.13852,0.53036,0.51423,-0.45003,0.50176,275.40491
0.13990,0.06116,0.13851,0.53036,0.51419,-0.45003,0.50180,275.50526
0.13990,0.06106,0.13850,0.53036,0.51415,-0.45003,0.50184,275.60561
0.13991,0.06096,0.13848,0.53036,0.51411,-0.45003,0.50188,275.70596
0.13991,0.06086,0.13847,0.53036,0.51407,-0.45004,0.50191,275.80631
0.13991,0.06076,0.13847,0.53036,0.51403,-0.45004,0.50195,275.90666
0.13992,0.06066,0.13846,0.53036,0.51399,-0.45004,0.50199,276.00701
0.13992,0.06056,0.13845,0.53036,0.51395,-0.45004,0.50203,276.10736
0.13993,0.06046,0.13844,0.53037,0.51391,-0.45004,0.50206,276.20770
0.13993,0.06037,0.13843,0.53036,0.51388,-0.45005,0.50210,276.30805
0.13993,0.06027,0.13842,0.53036,0.51384,-0.45005,0.50214,276.40840
0.13994,0.06017,0.13842,0.53036,0.51380,-0.45005,0.50218,276.50874
0.13994,0.06007,0.13841,0.53036,0.51376,-0.45005,0.50222,276.60908
0.13995,0.05997,0.13840,0.53036,0.51371,-0.45006,0.50226,276.70943
0.13995,0.05987,0.13839,0.53036,0.51367,-0.45006,0.50230,276.80977
0.13995,0.05977,0.13838,0.53036,0.51363,-0.45006,0.50234,276.91011
0.13996,0.05967,0.13837,0.53036,0.51359,-0.45006,0.50238,277.01046
0.13996,0.05957,0.13836,0.53036,0.51355,-0.45007,0.50242,277.11080
0.13997,0.05947,0.13835,0.53036,0.51351,-0.45007,0.50246,277.21114
0.13997,0.05937,0.13834,0.53037,0.51347,-0.45007,0.50250,277.31148
0.13997,0.05927,0.13833,0.53037,0.51343,-0.45007,0.50253,277.41182
0.13998,0.05917,0.13832,0.53036,0.51339,-0.45007,0.50257,277.51216
0.13998,0.05907,0.13832,0.53036,0.51335,-0.45007,0.50261,277.61249
0.13998,0.05897,0.13831,0.53037,0.51331,-0.45007,0.50265,277.71283
0.13999,0.05887,0.13830,0.53036,0.51327,-0.45008,0.50269,277.81317
0.13999,0.05877,0.13829,0.53036,0.51323,-0.45008,0.50273,277.91350
0.14000,0.05867,0.13828,0.53036,0.51319,-0.45008,0.50277,278.01384
0.14000,0.05857,0.13827,0.53036,0.51315,-0.45008,0.50281,278.11417
0.14000,0.05847,0.13827,0.53036,0.51311,-0.45009,0.50285,278.21451
0.14001,0.05837,0.13825,0.53036,0.51307,-0.45009,0.50289,278.31484
0.14001,0.05827,0.13824,0.53036,0.51303,-0.45009,0.50293,278.41517
0.14002,0.05817,0.13823,0.53036,0.51299,-0.45010,0.50296,278.51550
0.14002,0.05807,0.13822,0.53036,0.51295,-0.45010,0.50301,278.61583
0.14002,0.05797,0.13822,0.53036,0.51291,-0.45010,0.50305,278.71616
0.14003,0.05787,0.13821,0.53036,0.51287,-0.45011,0.50308,278.81649
0.14003,0.05777,0.13820,0.53036,0.51283,-0.45011,0.50312,278.91682
0.14004,0.05767,0.13819,0.53036,0.51279,-0.45011,0.50316,279.01715
0.14004,0.05757,0.13818,0.53036,0.51274,-0.45011,0.50320,279.11748
0.14004,0.05747,0.13818,0.53036,0.51270,-0.45011,0.50324,279.21780
0.14005,0.05737,0.13817,0.53035,0.51267,-0.45012,0.50328,279.31813
0.14005,0.05727,0.13816,0.53035,0.51262,-0.45012,0.50332,279.41845
0.14005,0.05717,0.13815,0.53036,0.51258,-0.45012,0.50336,279.51878
0.14006,0.05707,0.13813,0.53036,0.51254,-0.45012,0.50340,279.61910
0.14006,0.05697,0.13812,0.53036,0.51250,-0.45013,0.50344,279.71943
0.14007,0.05687,0.13812,0.53036,0.51246,-0.45013,0.50348,279.81975
0.14007,0.05677,0.13811,0.53035,0.51242,-0.45013,0.50352,279.92007
0.14007,0.05667,0.13810,0.53035,0.51238,-0.45014,0.50356,280.02039
0.14008,0.05657,0.13809,0.53035,0.51234,-0.45014,0.50360,280.12071
0.14008,0.05647,0.13808,0.53035,0.51230,-0.45014,0.50364,280.22103
0.14009,0.05637,0.13808,0.53035,0.51226,-0.45015,0.50367,280.32135
0.14009,0.05627,0.13807,0.53035,0.51222,-0.45015,0.50372,280.42167
0.14009,0.05617,0.13806,0.53034,0.51218,-0.45016,0.50375,280.52199
0.14010,0.05607,0.13805,0.53034,0.51213,-0.45016,0.50380,280.62230
0.14010,0.05597,0.13804,0.53035,0.51209,-0.45016,0.50384,280.72262
0.14010,0.05587,0.13804,0.53035,0.51204,-0.45017,0.50388,280.82294
0.14011,0.05577,0.13802,0.53034,0.51201,-0.45017,0.50392,280.92325
0.14011,0.05567,0.13801,0.53034,0.51196,-0.45018,0.50396,281.02357
0.14012,0.05557,0.13800,0.53034,0.51192,-0.45018,0.50400,281.12388
0.14012,0.05547,0.13800,0.53034,0.51188,-0.45018,0.50404,281.22419
0.14012,0.05537,0.13799,0.53033,0.51184,-0.45019,0.50408,281.32450
0.14013,0.05527,0.13798,0.53034,0.51180,-0.45019,0.50412,281.42482
0.14013,0.05517,0.13797,0.53033,0.51176,-0.45019,0.50416,281.52513
0.14014,0.05507,0.13796,0.53033,0.51172,-0.45019,0.50420,281.62544
0.14014,0.05497,0.13796,0.53033,0.51168,-0.45019,0.50425,281.72575
0.14014,0.05487,0.13795,0.53033,0.51164,-0.45020,0.50428,281.82605
0.14015,0.05477,0.13794,0.53033,0.51160,-0.45020,0.50432,281.92636
0.14015,0.05467,0.13793,0.53033,0.51155,-0.45021,0.50436,282.02667
0.14016,0.05457,0.13792,0.53032,0.51151,-0.45021,0.50441,282.12698
0.14016,0.05447,0.13791,0.53032,0.51146,-0.45022,0.50445,282.22728
0.14016,0.05437,0.13790,0.53032,0.51142,-0.45022,0.50449,282.32759
0.14017,0.05427,0.13789,0.53032,0.51138,-0.45022,0.50453,282.42789
0.14017,0.05417,0.13788,0.53031,0.51134,-0.45023,0.50457,282.52819
0.14017,0.05407,0.13788,0.53032,0.51130,-0.45023,0.50461,282.62850
0.14018,0.05397,0.13787,0.53031,0.51126,-0.45024,0.50465,282.72880
0.14018,0.05387,0.13786,0.53031,0.51121,-0.45024,0.50469,282.82910
0.14019,0.05377,0.13785,0.53031,0.51117,-0.45025,0.50474,282.92940
0.14019,0.05367,0.13784,0.53031,0.51113,-0.45025,0.50478,283.02970
0.14019,0.05357,0.13784,0.53030,0.51109,-0.45026,0.50482,283.13000
0.14020,0.05347,0.13783,0.53030,0.51105,-0.45026,0.50486,283.23030
0.14020,0.05337,0.13782,0.53030,0.51100,-0.45026,0.50489,283.33060
0.14021,0.05327,0.13781,0.53029,0.51096,-0.45026,0.50494,283.43090
0.14021,0.05318,0.13780,0.53030,0.51091,-0.45027,0.50498,283.53119
0.14021,0.05308,0.13779,0.53030,0.51087,-0.45027,0.50502,283.63149
0.14022,0.05298,0.13778,0.53029,0.51083,-0.45028,0.50506,283.73178
0.14022,0.05288,0.13777,0.53029,0.51079,-0.45028,0.50510,283.83208
0.14022,0.05278,0.13776,0.53029,0.51075,-0.45028,0.50515,283.93237
0.14023,0.05268,0.13776,0.53028,0.51071,-0.45029,0.50519,284.03266
0.14023,0.05258,0.13775,0.53028,0.51066,-0.45029,0.50523,284.13296
0.14024,0.05248,0.13774,0.53028,0.51062,-0.45030,0.50527,284.23325
0.14024,0.05238,0.13773,0.53027,0.51058,-0.45031,0.50532,284.33354
0.14024,0.05228,0.13773,0.53027,0.51054,-0.45031,0.50536,284.43383
0.14025,0.05218,0.13772,0.53027,0.51049,-0.45032,0.50539,284.53412
0.14025,0.05208,0.13771,0.53027,0.51046,-0.45032,0.50544,284.63441
0.14026,0.05198,0.13770,0.53027,0.51040,-0.45033,0.50548,284.73470
0.14026,0.05188,0.13769,0.53027,0.51036,-0.45033,0.50552,284.83498
0.14026,0.05178,0.13768,0.53026,0.51032,-0.45034,0.50556,284.93527
0.14027,0.05168,0.13767,0.53026,0.51028,-0.45034,0.50560,285.03556
0.14027,0.05158,0.13766,0.53025,0.51024,-0.45034,0.50565,285.13584
0.14027,0.05148,0.13766,0.53025,0.51019,-0.45035,0.50569,285.23613
0.14028,0.05138,0.13765,0.53025,0.51015,-0.45035,0.50573,285.33641
0.14028,0.05128,0.13764,0.53025,0.51011,-0.45036,0.50577,285.43669
0.14029,0.05118,0.13763,0.53024,0.51007,-0.45036,0.50582,285.53697
0.14029,0.05108,0.13763,0.53024,0.51002,-0.45036,0.50586,285.63726
0.14029,0.05098,0.13762,0.53024,0.50998,-0.45037,0.50590,285.73754
0.14030,0.05088,0.13761,0.53024,0.50993,-0.45038,0.50594,285.83782
0.14030,0.05078,0.13760,0.53023,0.50989,-0.45038,0.50599,285.93810
0.14031,0.05068,0.13760,0.53023,0.50985,-0.45039,0.50602,286.03838
0.14031,0.05058,0.13758,0.53022,0.50981,-0.45039,0.50607,286.13865
0.14031,0.05048,0.13757,0.53022,0.50976,-0.45040,0.50611,286.23893
0.14032,0.05038,0.13756,0.53021,0.50972,-0.45040,0.50616,286.33921
0.14032,0.05028,0.13756,0.53021,0.50968,-0.45041,0.50619,286.43948
0.14032,0.05018,0.13755,0.53022,0.50963,-0.45041,0.50624,286.53976
0.14033,0.05008,0.13754,0.53021,0.50959,-0.45042,0.50628,286.64003
0.14033,0.04998,0.13753,0.53021,0.50955,-0.45043,0.50632,286.74031
0.14034,0.04988,0.13753,0.53020,0.50951,-0.45042,0.50637,286.84058
0.14034,0.04978,0.13752,0.53020,0.50946,-0.45043,0.50641,286.94085
0.14034,0.04968,0.13751,0.53019,0.50942,-0.45044,0.50645,287.04112
0.14035,0.04958,0.13750,0.53019,0.50937,-0.45044,0.50650,287.14140
0.14035,0.04948,0.13750,0.53018,0.50933,-0.45045,0.50654,287.24167
0.14036,0.04938,0.13749,0.53019,0.50928,-0.45045,0.50658,287.34194
0.14036,0.04928,0.13747,0.53017,0.50924,-0.45046,0.50663,287.44220
0.14036,0.04918,0.13746,0.53018,0.50920,-0.45046,0.50667,287.54247
0.14037,0.04908,0.13746,0.53018,0.50915,-0.45047,0.50671,287.64274
0.14037,0.04898,0.13745,0.53017,0.50911,-0.45048,0.50675,287.74301
0.14037,0.04888,0.13744,0.53017,0.50907,-0.45048,0.50679,287.84327
0.14038,0.04878,0.13744,0.53016,0.50902,-0.45049,0.50684,287.94354
0.14038,0.04868,0.13743,0.53016,0.50897,-0.45050,0.50688,288.04380
0.14039,0.04858,0.13742,0.53015,0.50894,-0.45050,0.50692,288.14407
0.14039,0.04848,0.13741,0.53015,0.50889,-0.45051,0.50696,288.24433
0.14039,0.04838,0.13741,0.53015,0.50885,-0.45051,0.50701,288.34459
0.14040,0.04828,0.13740,0.53014,0.50880,-0.45052,0.50705,288.44485
0.14040,0.04818,0.13739,0.53013,0.50876,-0.45052,0.50710,288.54511
0.14040,0.04808,0.13739,0.53013,0.50872,-0.45053,0.50714,288.64537
0.14041,0.04798,0.13737,0.53013,0.50867,-0.45054,0.50718,288.74563
0.14041,0.04788,0.13736,0.53012,0.50863,-0.45054,0.50723,288.84589
0.14042,0.04778,0.13735,0.53012,0.50858,-0.45055,0.50727,288.94615
0.14042,0.04768,0.13735,0.53011,0.50854,-0.45055,0.50732,289.04641
0.14042,0.04758,0.13734,0.53011,0.50850,-0.45056,0.50735,289.14666
0.14043,0.04748,0.13733,0.53011,0.50845,-0.45057,0.50740,289.24692
0.14043,0.04738,0.13732,0.53010,0.50841,-0.45057,0.50744,289.34718
0.14044,0.04728,0.13732,0.53010,0.50836,-0.45058,0.50748,289.44743
0.14044,0.04718,0.13731,0.53010,0.50831,-0.45058,0.50753,289.54768
0.14044,0.04708,0.13730,0.53009,0.50827,-0.45059,0.50757,289.64794
0.14045,0.04698,0.13730,0.53009,0.50822,-0.45060,0.50762,289.74819
0.14045,0.04688,0.13729,0.53008,0.50818,-0.45060,0.50766,289.84844
0.14046,0.04678,0.13728,0.53007,0.50814,-0.45061,0.50770,289.94869
0.14046,0.04668,0.13726,0.53007,0.50809,-0.45062,0.50775,290.04894
0.14046,0.04658,0.13726,0.53007,0.50805,-0.45062,0.50779,290.14919
0.14047,0.04648,0.13725,0.53006,0.50801,-0.45063,0.50784,290.24944
0.14047,0.04638,0.13724,0.53006,0.50796,-0.45064,0.50788,290.34969
0.14047,0.04628,0.13724,0.53006,0.50792,-0.45064,0.50793,290.44994
0.14048,0.04618,0.13723,0.53005,0.50788,-0.45065,0.50797,290.55018
0.14048,0.04608,0.13722,0.53004,0.50782,-0.45066,0.50802,290.65043
0.14049,0.04598,0.13722,0.53004,0.50778,-0.45066,0.50805,290.75067
0.14049,0.04588,0.13721,0.53003,0.50774,-0.45067,0.50810,290.85092
0.14049,0.04578,0.13720,0.53003,0.50769,-0.45067,0.50814,290.95116
0.14050,0.04569,0.13719,0.53002,0.50765,-0.45068,0.50818,291.05141
0.14050,0.04559,0.13719,0.53002,0.50760,-0.45069,0.50824,291.15165
0.14050,0.04549,0.13718,0.53002,0.50756,-0.45069,0.50827,291.25189
0.14051,0.04539,0.13716,0.53001,0.50751,-0.45070,0.50832,291.35213
0.14051,0.04529,0.13716,0.53000,0.50747,-0.45071,0.50836,291.45237
0.14052,0.04519,0.13715,0.53000,0.50743,-0.45071,0.50841,291.55261
0.14052,0.04509,0.13714,0.52999,0.50738,-0.45072,0.50845,291.65285
0.14052,0.04499,0.13714,0.52999,0.50733,-0.45073,0.50850,291.75309
0.14053,0.04489,0.13713,0.52998,0.50729,-0.45074,0.50854,291.85332
0.14053,0.04479,0.13712,0.52997,0.50724,-0.45074,0.50859,291.95356
0.14054,0.04469,0.13712,0.52998,0.50719,-0.45075,0.50863,292.05380
0.14054,0.04459,0.13711,0.52997,0.50715,-0.45076,0.50868,292.15403
0.14054,0.04449,0.13710,0.52996,0.50711,-0.45077,0.50872,292.25427
0.14055,0.04439,0.13710,0.52996,0.50706,-0.45077,0.50877,292.35450
0.14055,0.04429,0.13709,0.52995,0.50702,-0.45078,0.50881,292.45473
0.14055,0.04419,0.13708,0.52994,0.50697,-0.45079,0.50886,292.55497
0.14056,0.04409,0.13706,0.52994,0.50693,-0.45080,0.50889,292.65520
0.14056,0.04399,0.13706,0.52993,0.50688,-0.45080,0.50894,292.75543
0.14057,0.04389,0.13705,0.52992,0.50684,-0.45081,0.50899,292.85566
0.14057,0.04379,0.13704,0.52993,0.50679,-0.45081,0.50903,292.95589
0.14057,0.04369,0.13704,0.52991,0.50674,-0.45082,0.50908,293.05612
0.14058,0.04359,0.13703,0.52991,0.50670,-0.45083,0.50912,293.15635
0.14058,0.04349,0.13702,0.52991,0.50665,-0.45083,0.50917,293.25657
0.14059,0.04339,0.13702,0.52990,0.50661,-0.45084,0.50921,293.35680
0.14059,0.04329,0.13701,0.52989,0.50656,-0.45085,0.50926,293.45703
0.14059,0.04319,0.13700,0.52989,0.50652,-0.45086,0.50930,293.55725
0.14060,0.04309,0.13700,0.52988,0.50647,-0.45086,0.50935,293.65748
0.14060,0.04299,0.13699,0.52988,0.50643,-0.45087,0.50939,293.75770
0.14060,0.04289,0.13698,0.52987,0.50638,-0.45088,0.50944,293.85792
0.14061,0.04279,0.13697,0.52986,0.50633,-0.45089,0.50948,293.95815
0.14061,0.04269,0.13696,0.52986,0.50629,-0.45089,0.50953,294.05837
0.14062,0.04259,0.13695,0.52985,0.50624,-0.45090,0.50957,294.15859
0.14062,0.04249,0.13695,0.52985,0.50619,-0.45091,0.50961,294.25881
0.14062,0.04239,0.13694,0.52984,0.50615,-0.45092,0.50966,294.35903
0.14063,0.04229,0.13693,0.52983,0.50610,-0.45093,0.50971,294.45925
0.14063,0.04219,0.13693,0.52982,0.50606,-0.45094,0.50975,294.55947
0.14063,0.04209,0.13692,0.52982,0.50601,-0.45094,0.50980,294.65968
0.14064,0.04199,0.13691,0.52982,0.50597,-0.45095,0.50984,294.75990
0.14064,0.04189,0.13691,0.52981,0.50592,-0.45096,0.50989,294.86012
0.14065,0.04179,0.13690,0.52980,0.50588,-0.45096,0.50994,294.96033
0.14065,0.04169,0.13689,0.52980,0.50583,-0.45097,0.50998,295.06055
0.14065,0.04159,0.13689,0.52979,0.50578,-0.45097,0.51003,295.16076
0.14066,0.04149,0.13687,0.52978,0.50574,-0.45099,0.51007,295.26097
0.14066,0.04139,0.13686,0.52977,0.50569,-0.45099,0.51012,295.36119
0.14067,0.04129,0.13686,0.52977,0.50564,-0.45100,0.51016,295.46140
0.14067,0.04119,0.13685,0.52976,0.50560,-0.45101,0.51020,295.56161
0.14067,0.04109,0.13685,0.52976,0.50555,-0.45102,0.51025,295.66182
0.14068,0.04099,0.13684,0.52975,0.50550,-0.45103,0.51030,295.76203
0.14068,0.04089,0.13683,0.52975,0.50546,-0.45103,0.51034,295.86224
0.14068,0.04079,0.13683,0.52974,0.50541,-0.45104,0.51039,295.96245
0.14069,0.04069,0.13682,0.52973,0.50537,-0.45105,0.51043,296.06266
0.14069,0.04059,0.13681,0.52972,0.50532,-0.45106,0.51048,296.16286
0.14070,0.04049,0.13681,0.52971,0.50527,-0.45107,0.51053,296.26307
0.14070,0.04039,0.13680,0.52971,0.50522,-0.45108,0.51057,296.36327
0.14070,0.04029,0.13678,0.52970,0.50518,-0.45109,0.51062,296.46348
0.14071,0.04019,0.13678,0.52970,0.50513,-0.45109,0.51067,296.56368
0.14071,0.04009,0.13677,0.52969,0.50508,-0.45110,0.51071,296.66389
0.14072,0.03999,0.13676,0.52968,0.50504,-0.45111,0.51076,296.76409
0.14072,0.03989,0.13676,0.52968,0.50499,-0.45111,0.51081,296.86429
0.14072,0.03979,0.13675,0.52967,0.50495,-0.45112,0.51085,296.96449
0.14073,0.03969,0.13675,0.52966,0.50490,-0.45113,0.51090,297.06469
0.14073,0.03959,0.13674,0.52965,0.50485,-0.45114,0.51094,297.16489
0.14073,0.03949,0.13673,0.52965,0.50481,-0.45115,0.51099,297.26509
0.14074,0.03939,0.13673,0.52965,0.50476,-0.45115,0.51103,297.36529
0.14074,0.03929,0.13672,0.52964,0.50471,-0.45116,0.51108,297.46549
0.14075,0.03919,0.13671,0.52963,0.50467,-0.45117,0.51112,297.56569
0.14075,0.03909,0.13671,0.52962,0.50462,-0.45118,0.51117,297.66588
0.14075,0.03899,0.13669,0.52961,0.50457,-0.45119,0.51122,297.76608
0.14076,0.03889,0.13669,0.52960,0.50452,-0.45120,0.51126,297.86628
0.14076,0.03879,0.13668,0.52959,0.50448,-0.45121,0.51131,297.96647
0.14076,0.03869,0.13667,0.52959,0.50443,-0.45122,0.51136,298.06666
0.14077,0.03859,0.13667,0.52958,0.50438,-0.45123,0.51141,298.16686
0.14077,0.03849,0.13666,0.52958,0.50434,-0.45124,0.51145,298.26705
0.14078,0.03839,0.13665,0.52957,0.50429,-0.45124,0.51150,298.36724
0.14078,0.03829,0.13665,0.52956,0.50424,-0.45125,0.51155,298.46743
0.14078,0.03819,0.13664,0.52955,0.50420,-0.45126,0.51159,298.56762
0.14079,0.03809,0.13664,0.52954,0.50415,-0.45127,0.51164,298.66781
0.14079,0.03799,0.13663,0.52954,0.50410,-0.45127,0.51168,298.76800
0.14080,0.03790,0.13662,0.52953,0.50405,-0.45128,0.51173,298.86819
0.14080,0.03780,0.13662,0.52952,0.50401,-0.45129,0.51177,298.96838
0.14080,0.03770,0.13660,0.52952,0.50396,-0.45130,0.51182,299.06856
0.14081,0.03760,0.13659,0.52951,0.50391,-0.45131,0.51187,299.16875
0.14081,0.03750,0.13659,0.52950,0.50387,-0.45132,0.51192,299.26894
0.14081,0.03740,0.13658,0.52949,0.50382,-0.45133,0.51196,299.36912
0.14082,0.03730,0.13658,0.52948,0.50377,-0.45134,0.51201,299.46930
0.14082,0.03720,0.13657,0.52947,0.50372,-0.45135,0.51206,299.56949
0.14083,0.03710,0.13656,0.52947,0.50367,-0.45136,0.51211,299.66967
0.14083,0.03700,0.13656,0.52946,0.50363,-0.45136,0.51215,299.76985
0.14083,0.03690,0.13655,0.52946,0.50358,-0.45137,0.51220,299.87003
0.14084,0.03680,0.13655,0.52945,0.50353,-0.45138,0.51225,299.97022
0.14084,0.03670,0.13654,0.52944,0.50349,-0.45139,0.51229,300.07040
0.14084,0.03660,0.13653,0.52943,0.50344,-0.45140,0.51234,300.17057
0.14085,0.03650,0.13653,0.52942,0.50339,-0.45141,0.51239,300.27075
0.14085,0.03640,0.13651,0.52941,0.50335,-0.45142,0.51243,300.37093
0.14086,0.03630,0.13651,0.52940,0.50330,-0.45143,0.51248,300.47111
0.14086,0.03620,0.13650,0.52940,0.50325,-0.45144,0.51253,300.57129
0.14086,0.03610,0.13649,0.52939,0.50320,-0.45145,0.51257,300.67146
0.14087,0.03600,0.13649,0.52938,0.50315,-0.45146,0.51262,300.77164
0.14087,0.03590,0.13648,0.52937,0.50310,-0.45147,0.51267,300.87181
0.14087,0.03580,0.13648,0.52937,0.50306,-0.45147,0.51272,300.97199
0.14088,0.03570,0.13647,0.52936,0.50301,-0.45148,0.51276,301.07216
0.14088,0.03560,0.13647,0.52935,0.50296,-0.45149,0.51281,301.17233
0.14089,0.03550,0.13646,0.52934,0.50292,-0.45150,0.51286,301.27250
0.14089,0.03540,0.13645,0.52933,0.50286,-0.45151,0.51291,301.37268
0.14089,0.03530,0.13645,0.52932,0.50281,-0.45152,0.51296,301.47285
0.14090,0.03520,0.13644,0.52932,0.50277,-0.45153,0.51300,301.57302
0.14090,0.03510,0.13643,0.52931,0.50272,-0.45154,0.51305,301.67319
0.14090,0.03500,0.13642,0.52930,0.50267,-0.45155,0.51309,301.77335
0.14091,0.03490,0.13641,0.52929,0.50262,-0.45156,0.51314,301.87352
0.14091,0.03480,0.13641,0.52928,0.50258,-0.45157,0.51319,301.97369
0.14092,0.03470,0.13640,0.52927,0.50253,-0.45158,0.51323,302.07386
0.14092,0.03460,0.13640,0.52926,0.50248,-0.45159,0.51328,302.17402
0.14092,0.03450,0.13639,0.52926,0.50243,-0.45160,0.51333,302.27419
0.14093,0.03440,0.13639,0.52924,0.50239,-0.45161,0.51338,302.37435
0.14093,0.03430,0.13638,0.52924,0.50234,-0.45162,0.51343,302.47452
0.14094,0.03420,0.13637,0.52923,0.50228,-0.45163,0.51348,302.57468
0.14094,0.03410,0.13637,0.52922,0.50224,-0.45164,0.51352,302.67484
0.14094,0.03400,0.13636,0.52921,0.50219,-0.45165,0.51357,302.77500
0.14095,0.03390,0.13636,0.52920,0.50214,-0.45166,0.51362,302.87516
0.14095,0.03380,0.13634,0.52919,0.50209,-0.45167,0.51367,302.97533
0.14095,0.03370,0.13634,0.52918,0.50205,-0.45167,0.51372,303.07549
0.14096,0.03360,0.13633,0.52917,0.50200,-0.45168,0.51377,303.17565
0.14096,0.03350,0.13632,0.52917,0.50195,-0.45169,0.51381,303.27580
0.14097,0.03340,0.13632,0.52916,0.50190,-0.45171,0.51386,303.37596
0.14097,0.03330,0.13631,0.52915,0.50186,-0.45171,0.51390,303.47612
0.14097,0.03320,0.13631,0.52914,0.50181,-0.45172,0.51395,303.57628
0.14098,0.03310,0.13630,0.52913,0.50175,-0.45173,0.51400,303.67643
0.14098,0.03300,0.13630,0.52912,0.50170,-0.45174,0.51405,303.77659
0.14098,0.03290,0.13629,0.52911,0.50166,-0.45175,0.51410,303.87674
0.14099,0.03280,0.13629,0.52910,0.50161,-0.45176,0.51415,303.97690
0.14099,0.03270,0.13628,0.52910,0.50156,-0.45177,0.51419,304.07705
0.14100,0.03260,0.13627,0.52909,0.50151,-0.45178,0.51424,304.17720
0.14100,0.03250,0.13626,0.52908,0.50147,-0.45179,0.51429,304.27735
0.14100,0.03240,0.13625,0.52906,0.50142,-0.45181,0.51434,304.37751
0.14101,0.03230,0.13625,0.52905,0.50137,-0.45182,0.51439,304.47766
0.14101,0.03220,0.13624,0.52904,0.50132,-0.45183,0.51444,304.57781
0.14101,0.03210,0.13624,0.52903,0.50127,-0.45184,0.51449,304.67796
0.14102,0.03200,0.13623,0.52902,0.50122,-0.45185,0.51453,304.77811
0.14102,0.03190,0.13623,0.52902,0.50117,-0.45186,0.51458,304.87825
0.14103,0.03180,0.13622,0.52901,0.50112,-0.45187,0.51463,304.97840
0.14103,0.03170,0.13621,0.52900,0.50107,-0.45188,0.51468,305.07855
0.14103,0.03160,0.13621,0.52899,0.50103,-0.45188,0.51472,305.17870
0.14104,0.03150,0.13620,0.52898,0.50098,-0.45189,0.51477,305.27884
0.14104,0.03140,0.13620,0.52897,0.50093,-0.45190,0.51482,305.37899
0.14104,0.03130,0.13619,0.52896,0.50088,-0.45191,0.51487,305.47913
0.14105,0.03120,0.13618,0.52896,0.50083,-0.45192,0.51492,305.57927
0.14105,0.03110,0.13617,0.52894,0.50078,-0.45193,0.51497,305.67942
0.14106,0.03100,0.13617,0.52893,0.50073,-0.45194,0.51502,305.77956
0.14106,0.03090,0.13616,0.52892,0.50068,-0.45196,0.51507,305.87970
0.14106,0.03080,0.13616,0.52891,0.50063,-0.45197,0.51512,305.97984
0.14107,0.03070,0.13615,0.52890,0.50058,-0.45198,0.51517,306.07998
0.14107,0.03060,0.13615,0.52889,0.50054,-0.45199,0.51521,306.18012
0.14108,0.03050,0.13614,0.52888,0.50049,-0.45200,0.51526,306.28026
0.14108,0.03040,0.13614,0.52888,0.50044,-0.45201,0.51531,306.38040
0.14108,0.03030,0.13613,0.52887,0.50039,-0.45202,0.51536,306.48054
0.14109,0.03020,0.13612,0.52886,0.50034,-0.45203,0.51541,306.58068
0.14109,0.03010,0.13612,0.52884,0.50029,-0.45204,0.51546,306.68081
0.14109,0.03000,0.13611,0.52883,0.50024,-0.45205,0.51550,306.78095
0.14110,0.02990,0.13610,0.52882,0.50019,-0.45207,0.51555,306.88109
0.14110,0.02980,0.13609,0.52881,0.50014,-0.45208,0.51560,306.98122
0.14111,0.02970,0.13609,0.52880,0.50009,-0.45209,0.51565,307.08135
0.14111,0.02960,0.13608,0.52880,0.50004,-0.45209,0.51570,307.18149
0.14111,0.02950,0.13608,0.52879,0.49999,-0.45210,0.51575,307.28162
0.14112,0.02941,0.13607,0.52877,0.49995,-0.45211,0.51580,307.38175
0.14112,0.02931,0.13607,0.52876,0.49990,-0.45212,0.51585,307.48189
0.14112,0.02921,0.13606,0.52875,0.49985,-0.45213,0.51590,307.58202
0.14113,0.02911,0.13606,0.52874,0.49979,-0.45214,0.51595,307.68215
0.14113,0.02901,0.13605,0.52873,0.49974,-0.45216,0.51600,307.78228
0.14114,0.02891,0.13605,0.52872,0.49969,-0.45217,0.51605,307.88241
0.14114,0.02881,0.13604,0.52871,0.49965,-0.45218,0.51609,307.98254
0.14114,0.02871,0.13604,0.52870,0.49960,-0.45219,0.51614,308.08266
0.14115,0.02861,0.13602,0.52869,0.49955,-0.45220,0.51619,308.18279
0.14115,0.02851,0.13602,0.52868,0.49950,-0.45221,0.51624,308.28292
0.14115,0.02841,0.13601,0.52867,0.49945,-0.45222,0.51629,308.38304
0.14116,0.02831,0.13601,0.52866,0.49940,-0.45223,0.51634,308.48317
0.14116,0.02821,0.13600,0.52865,0.49934,-0.45225,0.51639,308.58330
0.14117,0.02811,0.13600,0.52864,0.49929,-0.45226,0.51644,308.68342
0.14117,0.02801,0.13599,0.52862,0.49925,-0.45227,0.51649,308.78354
0.14117,0.02791,0.13599,0.52862,0.49920,-0.45228,0.51654,308.88367
0.14118,0.02781,0.13598,0.52861,0.49915,-0.45229,0.51659,308.98379
0.14118,0.02771,0.13598,0.52860,0.49910,-0.45229,0.51664,309.08391
0.14118,0.02761,0.13597,0.52858,0.49905,-0.45231,0.51669,309.18403
0.14119,0.02751,0.13597,0.52857,0.49900,-0.45232,0.51674,309.28415
0.14119,0.02741,0.13596,0.52856,0.49895,-0.45233,0.51679,309.38427
0.14120,0.02731,0.13595,0.52856,0.49889,-0.45234,0.51684,309.48439
0.14120,0.02721,0.13594,0.52854,0.49885,-0.45235,0.51688,309.58451
0.14120,0.02711,0.13594,0.52853,0.49880,-0.45236,0.51693,309.68463
0.14121,0.02701,0.13593,0.52852,0.49875,-0.45237,0.51698,309.78475
0.14121,0.02691,0.13593,0.52851,0.49870,-0.45238,0.51703,309.88487
0.14121,0.02681,0.13592,0.52850,0.49865,-0.45240,0.51708,309.98498
0.14122,0.02671,0.13592,0.52849,0.49860,-0.45241,0.51713,310.08510
0.14122,0.02661,0.13591,0.52848,0.49855,-0.45242,0.51718,310.18521
0.14123,0.02651,0.13591,0.52847,0.49850,-0.45243,0.51723,310.28533
0.14123,0.02641,0.13590,0.52846,0.49845,-0.45244,0.51728,310.38544
0.14123,0.02631,0.13590,0.52845,0.49840,-0.45245,0.51733,310.48556
0.14124,0.02621,0.13590,0.52843,0.49834,-0.45247,0.51738,310.58567
0.14124,0.02611,0.13589,0.52842,0.49830,-0.45248,0.51743,310.68578
0.14124,0.02601,0.13588,0.52841,0.49825,-0.45249,0.51748,310.78589
0.14125,0.02591,0.13587,0.52840,0.49820,-0.45250,0.51753,310.88601
0.14125,0.02581,0.13587,0.52839,0.49815,-0.45251,0.51758,310.98612
0.14126,0.02571,0.13586,0.52838,0.49810,-0.45253,0.51763,311.08623
0.14126,0.02561,0.13586,0.52837,0.49805,-0.45254,0.51768,311.18634
0.14126,0.02551,0.13585,0.52836,0.49800,-0.45255,0.51772,311.28644
0.14127,0.02541,0.13585,0.52834,0.49794,-0.45256,0.51778,311.38655
0.14127,0.02531,0.13584,0.52833,0.49789,-0.45256,0.51783,311.48666
0.14127,0.02521,0.13584,0.52832,0.49784,-0.45257,0.51788,311.58677
0.14128,0.02511,0.13583,0.52831,0.49779,-0.45259,0.51793,311.68687
0.14128,0.02501,0.13583,0.52830,0.49774,-0.45260,0.51798,311.78698
0.14129,0.02491,0.13582,0.52829,0.49769,-0.45261,0.51803,311.88709
0.14129,0.02481,0.13582,0.52828,0.49764,-0.45262,0.51808,311.98719
0.14129,0.02471,0.13581,0.52827,0.49760,-0.45263,0.51813,312.08730
0.14130,0.02461,0.13580,0.52825,0.49755,-0.45265,0.51818,312.18740
0.14130,0.02451,0.13580,0.52824,0.49749,-0.45266,0.51823,312.28750
0.14130,0.02441,0.13579,0.52823,0.49744,-0.45267,0.51828,312.38761
0.14131,0.02431,0.13579,0.52822,0.49739,-0.45268,0.51833,312.48771
0.14131,0.02421,0.13578,0.52821,0.49734,-0.45269,0.51838,312.58781
0.14132,0.02411,0.13578,0.52819,0.49729,-0.45271,0.51843,312.68791
0.14132,0.02401,0.13577,0.52819,0.49724,-0.45272,0.51848,312.78801
0.14132,0.02391,0.13577,0.52817,0.49719,-0.45273,0.51853,312.88811
0.14133,0.02381,0.13576,0.52816,0.49714,-0.45274,0.51858,312.98821
0.14133,0.02371,0.13576,0.52815,0.49709,-0.45275,0.51863,313.08831
0.14133,0.02361,0.13576,0.52813,0.49704,-0.45277,0.51868,313.18841
0.14134,0.02351,0.13574,0.52813,0.49698,-0.45278,0.51873,313.28850
0.14134,0.02341,0.13574,0.52812,0.49693,-0.45279,0.51878,313.38860
0.14135,0.02331,0.13573,0.52810,0.49688,-0.45280,0.51883,313.48870
0.14135,0.02321,0.13573,0.52809,0.49683,-0.45282,0.51888,313.58879
0.14135,0.02311,0.13572,0.52808,0.49678,-0.45282,0.51894,313.68889
0.14136,0.02301,0.13572,0.52806,0.49673,-0.45283,0.51899,313.78898
0.14136,0.02291,0.13572,0.52805,0.49668,-0.45284,0.51904,313.88908
0.14136,0.02281,0.13571,0.52805,0.49663,-0.45285,0.51909,313.98917
0.14137,0.02271,0.13571,0.52803,0.49657,-0.45287,0.51914,314.08926
0.14137,0.02261,0.13570,0.52802,0.49653,-0.45288,0.51919,314.18936
0.14138,0.02251,0.13570,0.52801,0.49647,-0.45289,0.51924,314.28945
0.14138,0.02241,0.13569,0.52800,0.49642,-0.45290,0.51929,314.38954
0.14138,0.02231,0.13569,0.52798,0.49637,-0.45292,0.51934,314.48963
0.14139,0.02221,0.13568,0.52797,0.49632,-0.45293,0.51939,314.58972
0.14139,0.02211,0.13567,0.52796,0.49627,-0.45294,0.51944,314.68981
0.14139,0.02201,0.13567,0.52795,0.49622,-0.45295,0.51949,314.78990
0.14140,0.02191,0.13566,0.52794,0.49617,-0.45297,0.51954,314.88999
0.14140,0.02181,0.13566,0.52792,0.49612,-0.45298,0.51959,314.99008
0.14141,0.02171,0.13565,0.52791,0.49607,-0.45299,0.51964,315.09017
0.14141,0.02161,0.13565,0.52790,0.49602,-0.45300,0.51969,315.19025
0.14141,0.02151,0.13565,0.52788,0.49596,-0.45302,0.51975,315.29034
0.14142,0.02141,0.13564,0.52787,0.49591,-0.45303,0.51980,315.39043
0.14142,0.02131,0.13564,0.52786,0.49586,-0.45304,0.51985,315.49051
0.14142,0.02121,0.13563,0.52785,0.49581,-0.45305,0.51990,315.59060
0.14143,0.02111,0.13563,0.52784,0.49576,-0.45306,0.51995,315.69068
0.14143,0.02101,0.13563,0.52783,0.49571,-0.45307,0.52000,315.79077
0.14144,0.02091,0.13561,0.52781,0.49566,-0.45308,0.52006,315.89085
0.14144,0.02081,0.13561,0.52780,0.49560,-0.45309,0.52010,315.99093
0.14144,0.02071,0.13560,0.52778,0.49555,-0.45311,0.52015,316.09101
0.14145,0.02061,0.13560,0.52777,0.49550,-0.45312,0.52020,316.19110
0.14145,0.02051,0.13559,0.52777,0.49545,-0.45313,0.52025,316.29118
0.14145,0.02041,0.13559,0.52775,0.49540,-0.45314,0.52030,316.39126
0.14146,0.02031,0.13559,0.52774,0.49535,-0.45316,0.52036,316.49134
0.14146,0.02022,0.13558,0.52773,0.49530,-0.45317,0.52041,316.59142
0.14146,0.02012,0.13558,0.52771,0.49525,-0.45318,0.52046,316.69150
0.14147,0.02002,0.13557,0.52770,0.49520,-0.45319,0.52051,316.79158
0.14147,0.01992,0.13557,0.52768,0.49515,-0.45321,0.52056,316.89166
0.14148,0.01982,0.13557,0.52768,0.49509,-0.45322,0.52061,316.99173
0.14148,0.01972,0.13556,0.52766,0.49504,-0.45323,0.52067,317.09181
0.14148,0.01962,0.13555,0.52765,0.49499,-0.45325,0.52072,317.19189
0.14149,0.01952,0.13555,0.52764,0.49494,-0.45326,0.52076,317.29196
0.14149,0.01942,0.13554,0.52762,0.49489,-0.45327,0.52082,317.39204
0.14149,0.01932,0.13554,0.52761,0.49484,-0.45328,0.52087,317.49211
0.14150,0.01922,0.13553,0.52759,0.49478,-0.45329,0.52092,317.59219
0.14150,0.01912,0.13553,0.52758,0.49473,-0.45331,0.52097,317.69226
0.14151,0.01902,0.13553,0.52758,0.49468,-0.45332,0.52102,317.79234
0.14151,0.01892,0.13552,0.52756,0.49463,-0.45333,0.52108,317.89241
0.14151,0.01882,0.13552,0.52755,0.49457,-0.45334,0.52112,317.99248
0.14152,0.01872,0.13551,0.52753,0.49452,-0.45336,0.52117,318.09256
0.14152,0.01862,0.13551,0.52752,0.49447,-0.45336,0.52123,318.19263
0.14152,0.01852,0.13551,0.52751,0.49442,-0.45338,0.52128,318.29270
0.14153,0.01842,0.13550,0.52749,0.49437,-0.45339,0.52133,318.39277
0.14153,0.01832,0.13549,0.52749,0.49432,-0.45340,0.52138,318.49284
0.14154,0.01822,0.13549,0.52747,0.49427,-0.45341,0.52144,318.59291
0.14154,0.01812,0.13548,0.52746,0.49421,-0.45343,0.52149,318.69298
0.14154,0.01802,0.13548,0.52744,0.49416,-0.45344,0.52154,318.79305
0.14155,0.01792,0.13547,0.52743,0.49411,-0.45345,0.52159,318.89312
0.14155,0.01782,0.13547,0.52741,0.49406,-0.45347,0.52164,318.99318
0.14155,0.01772,0.13547,0.52740,0.49401,-0.45348,0.52169,319.09325
0.14156,0.01762,0.13546,0.52739,0.49395,-0.45349,0.52174,319.19332
0.14156,0.01752,0.13546,0.52738,0.49390,-0.45351,0.52179,319.29339
0.14157,0.01742,0.13546,0.52737,0.49385,-0.45352,0.52184,319.39345
0.14157,0.01732,0.13545,0.52735,0.49380,-0.45353,0.52190,319.49352
0.14157,0.01722,0.13545,0.52734,0.49374,-0.45354,0.52195,319.59358
0.14158,0.01712,0.13545,0.52732,0.49369,-0.45356,0.52200,319.69365
0.14158,0.01702,0.13543,0.52731,0.49364,-0.45357,0.52205,319.79371
0.14158,0.01692,0.13543,0.52730,0.49359,-0.45358,0.52210,319.89377
0.14159,0.01682,0.13542,0.52728,0.49354,-0.45359,0.52216,319.99384
0.14159,0.01672,0.13542,0.52727,0.49349,-0.45360,0.52221,320.09390
0.14159,0.01662,0.13542,0.52726,0.49344,-0.45361,0.52226,320.19396
0.14160,0.01652,0.13541,0.52724,0.49338,-0.45364,0.52231,320.29402
0.14160,0.01642,0.13541,0.52723,0.49333,-0.45364,0.52237,320.39409
0.14161,0.01632,0.13541,0.52721,0.49328,-0.45365,0.52242,320.49415
0.14161,0.01622,0.13540,0.52721,0.49323,-0.45366,0.52247,320.59421
0.14161,0.01612,0.13540,0.52719,0.49317,-0.45368,0.52252,320.69427
0.14162,0.01602,0.13540,0.52718,0.49312,-0.45369,0.52257,320.79433
0.14162,0.01592,0.13539,0.52717,0.49307,-0.45370,0.52262,320.89439
0.14162,0.01582,0.13539,0.52715,0.49302,-0.45372,0.52267,320.99444
0.14163,0.01572,0.13538,0.52714,0.49297,-0.45373,0.52272,321.09450
0.14163,0.01562,0.13537,0.52712,0.49292,-0.45374,0.52278,321.19456
0.14164,0.01552,0.13537,0.52711,0.49285,-0.45376,0.52283,321.29462
0.14164,0.01542,0.13537,0.52710,0.49281,-0.45377,0.52288,321.39467
0.14164,0.01532,0.13536,0.52709,0.49275,-0.45378,0.52293,321.49473
0.14165,0.01522,0.13536,0.52707,0.49270,-0.45380,0.52299,321.59479
0.14165,0.01512,0.13536,0.52706,0.49265,-0.45381,0.52304,321.69484
0.14165,0.01502,0.13535,0.52704,0.49260,-0.45382,0.52309,321.79490
0.14166,0.01492,0.13535,0.52703,0.49255,-0.45383,0.52314,321.89495
0.14166,0.01482,0.13535,0.52701,0.49250,-0.45384,0.52319,321.99501
0.14167,0.01472,0.13534,0.52700,0.49244,-0.45386,0.52325,322.09506
0.14167,0.01462,0.13534,0.52699,0.49239,-0.45388,0.52330,322.19511
0.14167,0.01452,0.13534,0.52697,0.49234,-0.45389,0.52335,322.29517
0.14168,0.01442,0.13532,0.52696,0.49228,-0.45389,0.52340,322.39522
0.14168,0.01432,0.13532,0.52694,0.49223,-0.45391,0.52345,322.49527
0.14168,0.01422,0.13532,0.52693,0.49218,-0.45392,0.52350,322.59532
0.14169,0.01412,0.13531,0.52691,0.49213,-0.45393,0.52356,322.69537
0.14169,0.01402,0.13531,0.52690,0.49208,-0.45395,0.52361,322.79542
0.14169,0.01392,0.13531,0.52689,0.49202,-0.45396,0.52366,322.89547
0.14170,0.01382,0.13530,0.52688,0.49197,-0.45397,0.52371,322.99552
0.14170,0.01372,0.13530,0.52686,0.49191,-0.45399,0.52377,323.09557
0.14171,0.01362,0.13530,0.52685,0.49186,-0.45400,0.52382,323.19562
0.14171,0.01352,0.13529,0.52683,0.49181,-0.45401,0.52387,323.29567
0.14171,0.01342,0.13529,0.52682,0.49176,-0.45403,0.52392,323.39572
0.14172,0.01332,0.13529,0.52680,0.49171,-0.45404,0.52398,323.49577
0.14172,0.01322,0.13529,0.52679,0.49165,-0.45405,0.52403,323.59581
0.14172,0.01312,0.13527,0.52678,0.49160,-0.45407,0.52408,323.69586
0.14173,0.01302,0.13527,0.52676,0.49155,-0.45408,0.52414,323.79591
0.14173,0.01292,0.13527,0.52675,0.49150,-0.45409,0.52419,323.89595
0.14174,0.01282,0.13526,0.52673,0.49145,-0.45411,0.52423,323.99600
0.14174,0.01272,0.13526,0.52672,0.49139,-0.45411,0.52429,324.09605
0.14174,0.01262,0.13526,0.52670,0.49134,-0.45413,0.52434,324.19609
0.14175,0.01252,0.13525,0.52670,0.49128,-0.45415,0.52439,324.29613
0.14175,0.01242,0.13525,0.52668,0.49123,-0.45415,0.52445,324.39618
0.14175,0.01232,0.13525,0.52666,0.49118,-0.45417,0.52450,324.49622
0.14176,0.01222,0.13525,0.52665,0.49113,-0.45418,0.52455,324.59627
0.14176,0.01212,0.13524,0.52663,0.49108,-0.45420,0.52460,324.69631
0.14176,0.01202,0.13524,0.52662,0.49102,-0.45421,0.52466,324.79635
0.14177,0.01192,0.13524,0.52661,0.49097,-0.45422,0.52471,324.89639
0.14177,0.01182,0.13522,0.52660,0.49091,-0.45423,0.52476,324.99644
0.14178,0.01172,0.13522,0.52657,0.49086,-0.45425,0.52482,325.09648
0.14178,0.01162,0.13522,0.52656,0.49081,-0.45426,0.52487,325.19652
0.14178,0.01152,0.13521,0.52655,0.49076,-0.45427,0.52492,325.29656
0.14179,0.01142,0.13521,0.52653,0.49071,-0.45429,0.52497,325.39660
0.14179,0.01132,0.13521,0.52652,0.49065,-0.45430,0.52502,325.49664
0.14179,0.01122,0.13521,0.52651,0.49060,-0.45431,0.52508,325.59668
0.14180,0.01112,0.13520,0.52649,0.49054,-0.45433,0.52513,325.69672
0.14180,0.01102,0.13520,0.52648,0.49049,-0.45434,0.52518,325.79676
0.14181,0.01092,0.13520,0.52646,0.49044,-0.45435,0.52523,325.89679
0.14181,0.01082,0.13520,0.52645,0.49039,-0.45436,0.52529,325.99683
0.14181,0.01072,0.13519,0.52643,0.49033,-0.45438,0.52534,326.09687
0.14182,0.01062,0.13518,0.52642,0.49028,-0.45440,0.52539,326.19691
0.14182,0.01052,0.13518,0.52640,0.49023,-0.45440,0.52545,326.29694
0.14182,0.01042,0.13517,0.52639,0.49018,-0.45442,0.52550,326.39698
0.14183,0.01032,0.13517,0.52637,0.49012,-0.45443,0.52555,326.49702
0.14183,0.01022,0.13517,0.52636,0.49006,-0.45445,0.52561,326.59705
0.14183,0.01012,0.13517,0.52635,0.49001,-0.45445,0.52566,326.69709
0.14184,0.01002,0.13516,0.52633,0.48996,-0.45447,0.52571,326.79712
0.14184,0.00993,0.13516,0.52631,0.48991,-0.45448,0.52577,326.89716
0.14185,0.00983,0.13516,0.52630,0.48986,-0.45449,0.52581,326.99719
0.14185,0.00973,0.13516,0.52629,0.48980,-0.45451,0.52587,327.09723
0.14185,0.00963,0.13515,0.52627,0.48975,-0.45452,0.52592,327.19726
0.14186,0.00953,0.13515,0.52626,0.48969,-0.45454,0.52597,327.29729
0.14186,0.00943,0.13515,0.52624,0.48965,-0.45455,0.52602,327.39733
0.14186,0.00933,0.13514,0.52623,0.48959,-0.45456,0.52608,327.49736
0.14187,0.00923,0.13513,0.52621,0.48953,-0.45458,0.52613,327.59739
0.14187,0.00913,0.13513,0.52620,0.48948,-0.45459,0.52618,327.69742
0.14188,0.00903,0.13513,0.52618,0.48943,-0.45460,0.52624,327.79745
0.14188,0.00893,0.13513,0.52617,0.48938,-0.45462,0.52629,327.89749
0.14188,0.00883,0.13512,0.52616,0.48933,-0.45463,0.52634,327.99752
0.14189,0.00873,0.13512,0.52614,0.48927,-0.45465,0.52640,328.09755
0.14189,0.00863,0.13512,0.52612,0.48922,-0.45466,0.52645,328.19758
0.14189,0.00853,0.13512,0.52611,0.48917,-0.45467,0.52650,328.29761
0.14190,0.00843,0.13511,0.52609,0.48911,-0.45469,0.52655,328.39764
0.14190,0.00833,0.13511,0.52607,0.48906,-0.45470,0.52661,328.49767
0.14190,0.00823,0.13511,0.52607,0.48900,-0.45471,0.52666,328.59770
0.14191,0.00813,0.13511,0.52605,0.48895,-0.45473,0.52671,328.69772
0.14191,0.00803,0.13509,0.52603,0.48890,-0.45474,0.52677,328.79775
0.14192,0.00793,0.13509,0.52602,0.48884,-0.45475,0.52682,328.89778
0.14192,0.00783,0.13509,0.52600,0.48880,-0.45476,0.52687,328.99781
0.14192,0.00773,0.13509,0.52599,0.48874,-0.45478,0.52693,329.09784
0.14193,0.00763,0.13508,0.52597,0.48868,-0.45479,0.52698,329.19786
0.14193,0.00753,0.13508,0.52596,0.48863,-0.45480,0.52703,329.29789
0.14193,0.00743,0.13508,0.52594,0.48858,-0.45482,0.52708,329.39792
0.14194,0.00733,0.13508,0.52593,0.48853,-0.45483,0.52714,329.49794
0.14194,0.00723,0.13508,0.52591,0.48847,-0.45484,0.52719,329.59797
0.14195,0.00713,0.13507,0.52590,0.48841,-0.45486,0.52724,329.69799
0.14195,0.00703,0.13507,0.52588,0.48837,-0.45487,0.52730,329.79802
0.14195,0.00693,0.13507,0.52586,0.48832,-0.45488,0.52735,329.89804
0.14196,0.00683,0.13507,0.52585,0.48825,-0.45490,0.52740,329.99807
0.14196,0.00673,0.13505,0.52584,0.48820,-0.45491,0.52746,330.09809
0.14196,0.00663,0.13505,0.52582,0.48815,-0.45493,0.52751,330.19812
0.14197,0.00653,0.13505,0.52581,0.48810,-0.45494,0.52756,330.29814
0.14197,0.00643,0.13505,0.52579,0.48804,-0.45495,0.52762,330.39816
0.14197,0.00633,0.13505,0.52577,0.48799,-0.45497,0.52767,330.49819
0.14198,0.00623,0.13504,0.52576,0.48794,-0.45498,0.52772,330.59821
0.14198,0.00613,0.13504,0.52574,0.48788,-0.45500,0.52777,330.69823
0.14199,0.00603,0.13504,0.52572,0.48783,-0.45500,0.52783,330.79825
0.14199,0.00593,0.13504,0.52571,0.48778,-0.45502,0.52788,330.89827
0.14199,0.00583,0.13503,0.52570,0.48772,-0.45504,0.52793,330.99830
0.14200,0.00573,0.13503,0.52568,0.48767,-0.45504,0.52799,331.09832
0.14200,0.00563,0.13503,0.52566,0.48762,-0.45506,0.52804,331.19834
0.14200,0.00553,0.13503,0.52565,0.48756,-0.45507,0.52810,331.29836
0.14201,0.00543,0.13502,0.52564,0.48751,-0.45508,0.52815,331.39838
0.14201,0.00533,0.13501,0.52562,0.48746,-0.45510,0.52820,331.49840
0.14201,0.00523,0.13501,0.52561,0.48740,-0.45511,0.52825,331.59842
0.14202,0.00513,0.13501,0.52559,0.48735,-0.45512,0.52831,331.69844
0.14202,0.00503,0.13501,0.52557,0.48729,-0.45514,0.52836,331.79846
0.14203,0.00493,0.13501,0.52556,0.48724,-0.45515,0.52841,331.89848
0.14203,0.00483,0.13500,0.52554,0.48719,-0.45517,0.52846,331.99850
0.14203,0.00473,0.13500,0.52553,0.48713,-0.45518,0.52852,332.09851
0.14204,0.00463,0.13500,0.52552,0.48708,-0.45519,0.52857,332.19853
0.14204,0.00453,0.13500,0.52550,0.48703,-0.45521,0.52862,332.29855
0.14204,0.00443,0.13500,0.52548,0.48698,-0.45522,0.52868,332.39857
0.14205,0.00433,0.13500,0.52546,0.48692,-0.45524,0.52873,332.49859
0.14205,0.00423,0.13499,0.52545,0.48686,-0.45525,0.52879,332.59860
0.14205,0.00413,0.13498,0.52543,0.48681,-0.45526,0.52884,332.69862
0.14206,0.00403,0.13498,0.52542,0.48676,-0.45528,0.52889,332.79864
0.14206,0.00393,0.13498,0.52541,0.48670,-0.45529,0.52895,332.89865
0.14207,0.00383,0.13498,0.52539,0.48665,-0.45531,0.52900,332.99867
0.14207,0.00373,0.13497,0.52537,0.48660,-0.45532,0.52906,333.09869
0.14207,0.00363,0.13497,0.52535,0.48655,-0.45533,0.52911,333.19870
0.14208,0.00353,0.13497,0.52534,0.48649,-0.45535,0.52916,333.29872
0.14208,0.00343,0.13497,0.52532,0.48643,-0.45536,0.52921,333.39873
0.14208,0.00333,0.13497,0.52531,0.48638,-0.45537,0.52926,333.49875
0.14209,0.00323,0.13497,0.52529,0.48633,-0.45538,0.52932,333.59876
0.14209,0.00313,0.13496,0.52528,0.48627,-0.45539,0.52937,333.69878
0.14209,0.00303,0.13496,0.52526,0.48622,-0.45541,0.52942,333.79879
0.14210,0.00293,0.13496,0.52524,0.48617,-0.45542,0.52948,333.89881
0.14210,0.00283,0.13495,0.52523,0.48611,-0.45544,0.52953,333.99882
0.14211,0.00273,0.13495,0.52521,0.48606,-0.45545,0.52959,334.09883
0.14211,0.00263,0.13495,0.52520,0.48601,-0.45546,0.52964,334.19885
0.14211,0.00253,0.13494,0.52518,0.48595,-0.45548,0.52969,334.29886
0.14212,0.00243,0.13494,0.52517,0.48590,-0.45549,0.52975,334.39887
0.14212,0.00233,0.13494,0.52515,0.48584,-0.45551,0.52980,334.49889
0.14212,0.00223,0.13494,0.52513,0.48579,-0.45552,0.52986,334.59890
0.14213,0.00213,0.13494,0.52512,0.48574,-0.45553,0.52991,334.69891
0.14213,0.00203,0.13494,0.52510,0.48568,-0.45555,0.52996,334.79892
0.14213,0.00193,0.13493,0.52509,0.48563,-0.45556,0.53002,334.89893
0.14214,0.00183,0.13493,0.52507,0.48558,-0.45558,0.53006,334.99895
0.14214,0.00173,0.13493,0.52506,0.48552,-0.45559,0.53012,335.09896
0.14215,0.00163,0.13493,0.52504,0.48546,-0.45560,0.53017,335.19897
0.14215,0.00153,0.13492,0.52502,0.48541,-0.45562,0.53023,335.29898
0.14215,0.00143,0.13492,0.52500,0.48536,-0.45563,0.53028,335.39899
0.14216,0.00133,0.13492,0.52499,0.48530,-0.45564,0.53034,335.49900
0.14216,0.00123,0.13491,0.52498,0.48525,-0.45566,0.53039,335.59901
0.14216,0.00113,0.13491,0.52496,0.48520,-0.45567,0.53044,335.69902
0.14217,0.00103,0.13491,0.52494,0.48514,-0.45568,0.53050,335.79903
0.14217,0.00093,0.13491,0.52493,0.48509,-0.45569,0.53055,335.89904
0.14217,0.00083,0.13491,0.52491,0.48503,-0.45571,0.53061,335.99905
0.14218,0.00073,0.13491,0.52489,0.48498,-0.45572,0.53066,336.09906
0.14218,0.00063,0.13491,0.52488,0.48493,-0.45573,0.53071,336.19907
0.14219,0.00053,0.13490,0.52486,0.48487,-0.45575,0.53076,336.29908
0.14219,0.00043,0.13490,0.52485,0.48482,-0.45576,0.53082,336.39909
0.14219,0.00033,0.13489,0.52483,0.48476,-0.45578,0.53087,336.49910
0.14220,0.00023,0.13489,0.52481,0.48472,-0.45579,0.53092,336.59910
0.14220,0.00013,0.13489,0.52480,0.48465,-0.45580,0.53098,336.69911
0.14220,0.00003,0.13489,0.52478,0.48460,-0.45582,0.53103,336.79912
0.14221,-0.00007,0.13489,0.52476,0.48455,-0.45583,0.53108,336.89913
0.14221,-0.00017,0.13489,0.52475,0.48449,-0.45585,0.53114,336.99914
0.14221,-0.00027,0.13488,0.52474,0.48444,-0.45586,0.53119,337.09914
0.14222,-0.00037,0.13488,0.52472,0.48439,-0.45587,0.53125,337.19915
0.14222,-0.00047,0.13488,0.52470,0.48434,-0.45589,0.53130,337.29916
0.14223,-0.00057,0.13488,0.52468,0.48428,-0.45590,0.53136,337.39917
0.14223,-0.00067,0.13488,0.52467,0.48422,-0.45591,0.53141,337.49917
0.14223,-0.00077,0.13488,0.52465,0.48417,-0.45593,0.53146,337.59918
0.14224,-0.00087,0.13488,0.52464,0.48411,-0.45594,0.53152,337.69919
0.14224,-0.00097,0.13487,0.52462,0.48406,-0.45596,0.53157,337.79919
0.14224,-0.00107,0.13486,0.52460,0.48401,-0.45597,0.53163,337.89920
0.14225,-0.00117,0.13486,0.52459,0.48396,-0.45598,0.53167,337.99921
0.14225,-0.00127,0.13486,0.52457,0.48390,-0.45599,0.53173,338.09921
0.14225,-0.00137,0.13486,0.52455,0.48385,-0.45601,0.53178,338.19922
0.14226,-0.00147,0.13486,0.52453,0.48379,-0.45602,0.53184,338.29922
0.14226,-0.00157,0.13486,0.52452,0.48373,-0.45603,0.53189,338.39923
0.14227,-0.00167,0.13486,0.52451,0.48368,-0.45605,0.53194,338.49923
0.14227,-0.00177,0.13486,0.52449,0.48363,-0.45606,0.53200,338.59924
0.14227,-0.00187,0.13486,0.52447,0.48358,-0.45607,0.53205,338.69924
0.14228,-0.00197,0.13486,0.52445,0.48352,-0.45609,0.53211,338.79925
0.14228,-0.00206,0.13485,0.52444,0.48347,-0.45610,0.53216,338.89925
0.14228,-0.00216,0.13485,0.52442,0.48341,-0.45612,0.53221,338.99926
0.14229,-0.00226,0.13484,0.52441,0.48336,-0.45613,0.53227,339.09926
0.14229,-0.00236,0.13484,0.52439,0.48331,-0.45614,0.53232,339.19927
0.14229,-0.00246,0.13484,0.52437,0.48325,-0.45616,0.53238,339.29927
0.14230,-0.00256,0.13484,0.52436,0.48319,-0.45617,0.53243,339.39928
0.14230,-0.00266,0.13484,0.52434,0.48314,-0.45619,0.53248,339.49928
0.14231,-0.00276,0.13484,0.52432,0.48309,-0.45620,0.53254,339.59928
0.14231,-0.00286,0.13484,0.52430,0.48304,-0.45621,0.53259,339.69929
0.14231,-0.00296,0.13484,0.52429,0.48298,-0.45623,0.53265,339.79929
0.14232,-0.00306,0.13484,0.52427,0.48292,-0.45624,0.53270,339.89930
0.14232,-0.00316,0.13483,0.52426,0.48287,-0.45625,0.53275,339.99930
0.14232,-0.00326,0.13483,0.52424,0.48282,-0.45627,0.53280,340.09930
0.14233,-0.00336,0.13483,0.52422,0.48276,-0.45628,0.53286,340.19931
0.14233,-0.00346,0.13483,0.52421,0.48271,-0.45629,0.53291,340.29931
0.14233,-0.00356,0.13482,0.52419,0.48266,-0.45630,0.53297,340.39931
0.14234,-0.00366,0.13482,0.52417,0.48260,-0.45632,0.53302,340.49931
0.14234,-0.00376,0.13482,0.52416,0.48255,-0.45633,0.53308,340.59932
0.14234,-0.00386,0.13482,0.52414,0.48250,-0.45634,0.53313,340.69932
0.14235,-0.00396,0.13482,0.52412,0.48243,-0.45636,0.53319,340.79932
0.14235,-0.00406,0.13482,0.52411,0.48238,-0.45637,0.53324,340.89933
0.14236,-0.00416,0.13482,0.52409,0.48233,-0.45639,0.53328,340.99933
0.14236,-0.00426,0.13482,0.52407,0.48227,-0.45640,0.53335,341.09933
0.14236,-0.00436,0.13482,0.52406,0.48222,-0.45641,0.53340,341.19933
0.14237,-0.00446,0.13481,0.52404,0.48217,-0.45643,0.53345,341.29933
0.14237,-0.00456,0.13481,0.52403,0.48212,-0.45644,0.53350,341.39934
0.14237,-0.00466,0.13481,0.52401,0.48205,-0.45646,0.53356,341.49934
0.14238,-0.00476,0.13481,0.52399,0.48200,-0.45647,0.53361,341.59934
0.14238,-0.00486,0.13480,0.52397,0.48195,-0.45648,0.53367,341.69934
0.14238,-0.00496,0.13480,0.52395,0.48189,-0.45650,0.53372,341.79934
0.14239,-0.00506,0.13480,0.52395,0.48184,-0.45651,0.53377,341.89935
0.14239,-0.00516,0.13480,0.52392,0.48179,-0.45653,0.53383,341.99935
0.14240,-0.00526,0.13480,0.52391,0.48173,-0.45654,0.53388,342.09935
0.14240,-0.00536,0.13480,0.52389,0.48168,-0.45655,0.53394,342.19935
0.14240,-0.00546,0.13480,0.52387,0.48163,-0.45657,0.53399,342.29935
0.14241,-0.00556,0.13480,0.52386,0.48156,-0.45658,0.53405,342.39935
0.14241,-0.00566,0.13480,0.52384,0.48151,-0.45659,0.53409,342.49935
0.14241,-0.00576,0.13480,0.52382,0.48146,-0.45660,0.53415,342.59935
0.14242,-0.00586,0.13480,0.52381,0.48141,-0.45661,0.53420,342.69936
0.14242,-0.00596,0.13480,0.52379,0.48135,-0.45664,0.53426,342.79936
0.14242,-0.00606,0.13480,0.52377,0.48130,-0.45664,0.53431,342.89936
0.14243,-0.00616,0.13479,0.52376,0.48125,-0.45666,0.53436,342.99936
0.14243,-0.00626,0.13479,0.52374,0.48119,-0.45667,0.53442,343.09936
0.14243,-0.00636,0.13479,0.52372,0.48114,-0.45668,0.53447,343.19936
0.14244,-0.00646,0.13478,0.52370,0.48108,-0.45670,0.53453,343.29936
0.14244,-0.00656,0.13478,0.52369,0.48102,-0.45671,0.53458,343.39936
0.14245,-0.00666,0.13478,0.52367,0.48097,-0.45672,0.53464,343.49936
0.14245,-0.00676,0.13478,0.52366,0.48092,-0.45674,0.53469,343.59936
0.14245,-0.00686,0.13478,0.52364,0.48086,-0.45675,0.53475,343.69936
0.14246,-0.00696,0.13478,0.52362,0.48081,-0.45677,0.53480,343.79936
0.14246,-0.00706,0.13478,0.52360,0.48076,-0.45678,0.53485,343.89936
0.14246,-0.00716,0.13478,0.52359,0.48071,-0.45679,0.53491,343.99936
0.14247,-0.00726,0.13478,0.52357,0.48065,-0.45681,0.53496,344.09936
0.14247,-0.00736,0.13478,0.52356,0.48059,-0.45682,0.53501,344.19936
0.14247,-0.00746,0.13477,0.52354,0.48054,-0.45684,0.53506,344.29936
0.14248,-0.00756,0.13477,0.52352,0.48048,-0.45685,0.53512,344.39937
0.14248,-0.00766,0.13477,0.52350,0.48043,-0.45686,0.53517,344.49937
0.14249,-0.00776,0.13477,0.52348,0.48038,-0.45687,0.53523,344.59937
0.14249,-0.00786,0.13477,0.52347,0.48032,-0.45689,0.53528,344.69937
0.14249,-0.00796,0.13477,0.52346,0.48026,-0.45690,0.53533,344.79937
0.14250,-0.00806,0.13477,0.52344,0.48021,-0.45691,0.53539,344.89937
0.14250,-0.00816,0.13477,0.52342,0.48016,-0.45693,0.53544,344.99937
0.14250,-0.00826,0.13477,0.52340,0.48010,-0.45694,0.53550,345.09937
0.14251,-0.00836,0.13477,0.52338,0.48005,-0.45695,0.53555,345.19937
0.14251,-0.00846,0.13477,0.52336,0.48000,-0.45696,0.53561,345.29937
0.14251,-0.00856,0.13477,0.52335,0.47994,-0.45698,0.53566,345.39937
0.14252,-0.00866,0.13476,0.52333,0.47988,-0.45699,0.53571,345.49937
0.14252,-0.00876,0.13476,0.52332,0.47983,-0.45701,0.53576,345.59937
0.14252,-0.00886,0.13476,0.52330,0.47977,-0.45702,0.53582,345.69937
0.14253,-0.00896,0.13476,0.52328,0.47972,-0.45703,0.53588,345.79937
0.14253,-0.00906,0.13476,0.52326,0.47967,-0.45705,0.53592,345.89937
0.14254,-0.00916,0.13476,0.52325,0.47961,-0.45706,0.53598,345.99937
0.14254,-0.00926,0.13476,0.52324,0.47956,-0.45707,0.53603,346.09937
0.14254,-0.00936,0.13476,0.52321,0.47951,-0.45709,0.53609,346.19937
0.14255,-0.00946,0.13476,0.52320,0.47945,-0.45710,0.53614,346.29937
0.14255,-0.00956,0.13476,0.52318,0.47939,-0.45712,0.53620,346.39937
0.14255,-0.00966,0.13476,0.52316,0.47934,-0.45713,0.53625,346.49937
0.14256,-0.00976,0.13476,0.52314,0.47929,-0.45714,0.53631,346.59937
0.14256,-0.00986,0.13476,0.52313,0.47923,-0.45716,0.53636,346.69937
0.14256,-0.00996,0.13475,0.52312,0.47918,-0.45717,0.53641,346.79937
0.14257,-0.01006,0.13475,0.52310,0.47913,-0.45718,0.53647,346.89937
0.14257,-0.01016,0.13475,0.52308,0.47907,-0.45720,0.53652,346.99937
0.14257,-0.01026,0.13475,0.52306,0.47902,-0.45721,0.53658,347.09937
0.14258,-0.01036,0.13475,0.52304,0.47897,-0.45723,0.53663,347.19937
0.14258,-0.01046,0.13475,0.52303,0.47890,-0.45723,0.53668,347.29937
0.14259,-0.01056,0.13475,0.52301,0.47885,-0.45724,0.53673,347.39937
0.14259,-0.01066,0.13475,0.52299,0.47880,-0.45726,0.53679,347.49937
0.14259,-0.01076,0.13475,0.52298,0.47874,-0.45727,0.53684,347.59937
0.14260,-0.01086,0.13475,0.52296,0.47869,-0.45729,0.53689,347.69937
0.14260,-0.01096,0.13475,0.52294,0.47864,-0.45730,0.53695,347.79937
0.14260,-0.01106,0.13475,0.52292,0.47858,-0.45732,0.53700,347.89937
0.14261,-0.01116,0.13475,0.52291,0.47853,-0.45732,0.53706,347.99937
0.14261,-0.01126,0.13474,0.52289,0.47847,-0.45734,0.53711,348.09937
0.14261,-0.01136,0.13474,0.52287,0.47842,-0.45735,0.53717,348.19937
0.14262,-0.01146,0.13474,0.52286,0.47836,-0.45737,0.53722,348.29937
0.14262,-0.01156,0.13474,0.52284,0.47831,-0.45738,0.53728,348.39937
0.14262,-0.01166,0.13474,0.52282,0.47826,-0.45739,0.53733,348.49937
0.14263,-0.01176,0.13475,0.52280,0.47820,-0.45741,0.53739,348.59937
0.14263,-0.01186,0.13475,0.52279,0.47815,-0.45742,0.53743,348.69937
0.14264,-0.01196,0.13475,0.52277,0.47810,-0.45743,0.53749,348.79937
0.14264,-0.01206,0.13475,0.52275,0.47803,-0.45745,0.53754,348.89938
0.14264,-0.01216,0.13475,0.52274,0.47798,-0.45746,0.53759,348.99938
0.14265,-0.01226,0.13475,0.52272,0.47793,-0.45747,0.53765,349.09938
0.14265,-0.01236,0.13475,0.52270,0.47787,-0.45749,0.53770,349.19938
0.14265,-0.01246,0.13475,0.52268,0.47782,-0.45750,0.53776,349.29938
0.14266,-0.01256,0.13474,0.52267,0.47777,-0.45751,0.53781,349.39938
0.14266,-0.01266,0.13474,0.52265,0.47772,-0.45752,0.53786,349.49938
0.14266,-0.01276,0.13474,0.52264,0.47766,-0.45754,0.53792,349.59938
0.14267,-0.01286,0.13474,0.52262,0.47760,-0.45755,0.53797,349.69938
0.14267,-0.01296,0.13474,0.52260,0.47755,-0.45756,0.53803,349.79939
0.14267,-0.01306,0.13474,0.52258,0.47749,-0.45758,0.53808,349.89939
0.14268,-0.01316,0.13474,0.52256,0.47744,-0.45759,0.53814,349.99939
0.14268,-0.01326,0.13474,0.52255,0.47739,-0.45760,0.53818,350.09939
0.14269,-0.01336,0.13474,0.52253,0.47733,-0.45761,0.53825,350.19939
0.14269,-0.01346,0.13474,0.52251,0.47728,-0.45763,0.53829,350.29939
0.14269,-0.01356,0.13474,0.52250,0.47723,-0.45764,0.53835,350.39940
0.14270,-0.01366,0.13474,0.52248,0.47717,-0.45765,0.53841,350.49940
0.14270,-0.01376,0.13475,0.52246,0.47711,-0.45767,0.53845,350.59940
0.14270,-0.01386,0.13474,0.52244,0.47706,-0.45768,0.53851,350.69940
0.14271,-0.01396,0.13474,0.52243,0.47701,-0.45769,0.53856,350.79940
0.14271,-0.01406,0.13474,0.52241,0.47695,-0.45771,0.53862,350.89941
0.14271,-0.01416,0.13474,0.52239,0.47690,-0.45772,0.53867,350.99941
0.14272,-0.01426,0.13474,0.52237,0.47685,-0.45773,0.53873,351.09941
0.14272,-0.01436,0.13474,0.52236,0.47679,-0.45775,0.53878,351.19941
0.14272,-0.01446,0.13474,0.52234,0.47674,-0.45776,0.53883,351.29942
0.14273,-0.01456,0.13474,0.52232,0.47668,-0.45777,0.53889,351.39942
0.14273,-0.01466,0.13474,0.52230,0.47662,-0.45779,0.53894,351.49942
0.14274,-0.01476,0.13474,0.52229,0.47657,-0.45780,0.53900,351.59943
0.14274,-0.01486,0.13474,0.52227,0.47652,-0.45781,0.53905,351.69943
0.14274,-0.01496,0.13474,0.52225,0.47647,-0.45782,0.53910,351.79943
0.14275,-0.01506,0.13475,0.52224,0.47641,-0.45784,0.53916,351.89944
0.14275,-0.01516,0.13474,0.52222,0.47636,-0.45785,0.53921,351.99944
0.14275,-0.01526,0.13474,0.52220,0.47630,-0.45786,0.53926,352.09944
0.14276,-0.01536,0.13474,0.52218,0.47625,-0.45788,0.53932,352.19945
0.14276,-0.01546,0.13474,0.52217,0.47619,-0.45788,0.53937,352.29945
0.14276,-0.01556,0.13474,0.52215,0.47614,-0.45790,0.53942,352.39946
0.14277,-0.01566,0.13474,0.52214,0.47608,-0.45791,0.53948,352.49946
0.14277,-0.01576,0.13474,0.52212,0.47603,-0.45792,0.53953,352.59946
0.14277,-0.01586,0.13474,0.52210,0.47598,-0.45794,0.53958,352.69947
0.14278,-0.01596,0.13474,0.52208,0.47593,-0.45795,0.53964,352.79947
0.14278,-0.01606,0.13474,0.52206,0.47587,-0.45796,0.53969,352.89948
0.14278,-0.01616,0.13475,0.52204,0.47581,-0.45798,0.53975,352.99948
0.14279,-0.01626,0.13475,0.52203,0.47576,-0.45799,0.53980,353.09949
0.14279,-0.01636,0.13475,0.52202,0.47570,-0.45800,0.53986,353.19949
0.14280,-0.01646,0.13474,0.52200,0.47565,-0.45802,0.53990,353.29950
0.14280,-0.01656,0.13474,0.52198,0.47560,-0.45803,0.53996,353.39950
0.14280,-0.01666,0.13474,0.52196,0.47555,-0.45804,0.54001,353.49951
0.14281,-0.01676,0.13474,0.52194,0.47549,-0.45805,0.54007,353.59951
0.14281,-0.01686,0.13474,0.52192,0.47543,-0.45807,0.54012,353.69952
0.14281,-0.01695,0.13474,0.52191,0.47538,-0.45808,0.54017,353.79953
0.14282,-0.01705,0.13474,0.52190,0.47532,-0.45809,0.54023,353.89953
0.14282,-0.01715,0.13475,0.52188,0.47527,-0.45811,0.54028,353.99954
0.14282,-0.01725,0.13475,0.52186,0.47522,-0.45812,0.54033,354.09955
0.14283,-0.01735,0.13475,0.52184,0.47516,-0.45813,0.54039,354.19955
0.14283,-0.01745,0.13475,0.52182,0.47511,-0.45815,0.54044,354.29956
0.14283,-0.01755,0.13475,0.52180,0.47506,-0.45815,0.54050,354.39957
0.14284,-0.01765,0.13474,0.52179,0.47501,-0.45817,0.54055,354.49957
0.14284,-0.01775,0.13474,0.52178,0.47494,-0.45818,0.54060,354.59958
0.14285,-0.01785,0.13474,0.52176,0.47489,-0.45819,0.54066,354.69959
0.14285,-0.01795,0.13475,0.52174,0.47484,-0.45820,0.54071,354.79960
0.14285,-0.01805,0.13475,0.52172,0.47478,-0.45821,0.54077,354.89960
0.14286,-0.01815,0.13475,0.52170,0.47473,-0.45823,0.54081,354.99961
0.14286,-0.01825,0.13475,0.52168,0.47468,-0.45824,0.54087,355.09962
0.14286,-0.01835,0.13475,0.52166,0.47463,-0.45825,0.54092,355.19963
0.14287,-0.01845,0.13475,0.52166,0.47457,-0.45827,0.54097,355.29964
0.14287,-0.01855,0.13475,0.52164,0.47451,-0.45828,0.54103,355.39965
0.14287,-0.01865,0.13475,0.52162,0.47446,-0.45829,0.54108,355.49965
0.14288,-0.01875,0.13476,0.52160,0.47440,-0.45831,0.54114,355.59966
0.14288,-0.01885,0.13476,0.52158,0.47435,-0.45832,0.54119,355.69967
0.14288,-0.01895,0.13475,0.52156,0.47430,-0.45833,0.54124,355.79968
0.14289,-0.01905,0.13475,0.52154,0.47425,-0.45834,0.54130,355.89969
0.14289,-0.01915,0.13475,0.52153,0.47419,-0.45836,0.54135,355.99970
0.14289,-0.01925,0.13475,0.52151,0.47413,-0.45837,0.54141,356.09971
0.14290,-0.01935,0.13475,0.52150,0.47408,-0.45838,0.54146,356.19972
0.14290,-0.01945,0.13476,0.52148,0.47402,-0.45840,0.54151,356.29973
0.14291,-0.01955,0.13476,0.52146,0.47397,-0.45841,0.54156,356.39974
0.14291,-0.01965,0.13476,0.52144,0.47392,-0.45842,0.54162,356.49975
0.14291,-0.01975,0.13476,0.52142,0.47387,-0.45843,0.54167,356.59976
0.14292,-0.01985,0.13476,0.52141,0.47381,-0.45845,0.54172,356.69978
0.14292,-0.01995,0.13476,0.52140,0.47376,-0.45846,0.54177,356.79979
0.14292,-0.02005,0.13476,0.52138,0.47370,-0.45846,0.54183,356.89980
0.14293,-0.02015,0.13477,0.52136,0.47365,-0.45848,0.54188,356.99981
0.14293,-0.02025,0.13476,0.52134,0.47359,-0.45849,0.54194,357.09982
0.14293,-0.02035,0.13476,0.52132,0.47354,-0.45850,0.54199,357.19983
0.14294,-0.02045,0.13476,0.52131,0.47349,-0.45852,0.54204,357.29985
0.14294,-0.02055,0.13476,0.52129,0.47343,-0.45853,0.54210,357.39986
0.14294,-0.02065,0.13476,0.52128,0.47338,-0.45854,0.54215,357.49987
0.14295,-0.02075,0.13477,0.52126,0.47333,-0.45855,0.54221,357.59989
0.14295,-0.02085,0.13477,0.52124,0.47328,-0.45856,0.54226,357.69990
0.14295,-0.02095,0.13477,0.52122,0.47322,-0.45858,0.54231,357.79991
0.14296,-0.02105,0.13477,0.52120,0.47316,-0.45859,0.54237,357.89993
0.14296,-0.02115,0.13477,0.52118,0.47311,-0.45860,0.54242,357.99994
0.14297,-0.02125,0.13477,0.52116,0.47306,-0.45861,0.54247,358.09996
0.14297,-0.02135,0.13478,0.52115,0.47300,-0.45863,0.54252,358.19997
0.14297,-0.02145,0.13478,0.52114,0.47295,-0.45864,0.54257,358.29998
0.14298,-0.02155,0.13477,0.52112,0.47290,-0.45865,0.54263,358.40000
0.14298,-0.02165,0.13477,0.52110,0.47285,-0.45866,0.54268,358.50002
0.14298,-0.02175,0.13477,0.52108,0.47278,-0.45868,0.54274,358.60003
0.14299,-0.02185,0.13477,0.52106,0.47273,-0.45869,0.54279,358.70005
0.14299,-0.02195,0.13478,0.52105,0.47268,-0.45870,0.54284,358.80006
0.14299,-0.02205,0.13478,0.52103,0.47262,-0.45871,0.54290,358.90008
0.14300,-0.02215,0.13478,0.52102,0.47257,-0.45873,0.54295,359.00010
0.14300,-0.02225,0.13478,0.52100,0.47252,-0.45874,0.54300,359.10011
0.14300,-0.02235,0.13478,0.52098,0.47247,-0.45874,0.54306,359.20013
0.14301,-0.02245,0.13479,0.52096,0.47241,-0.45876,0.54311,359.30015
0.14301,-0.02255,0.13479,0.52094,0.47235,-0.45877,0.54316,359.40016
0.14301,-0.02265,0.13479,0.52092,0.47230,-0.45878,0.54322,359.50018
0.14302,-0.02275,0.13479,0.52091,0.47225,-0.45880,0.54327,359.60020
0.14302,-0.02285,0.13478,0.52090,0.47219,-0.45880,0.54332,359.70022
0.14303,-0.02295,0.13478,0.52088,0.47214,-0.45882,0.54337,359.80024
0.14303,-0.02305,0.13479,0.52086,0.47209,-0.45883,0.54342,359.90026
0.14303,-0.02315,0.13479,0.52084,0.47204,-0.45884,0.54348,360.00027
0.14304,-0.02325,0.13479,0.52083,0.47198,-0.45885,0.54353,360.10029
0.14304,-0.02335,0.13479,0.52080,0.47192,-0.45887,0.54359,360.20031
0.14304,-0.02345,0.13479,0.52079,0.47187,-0.45888,0.54364,360.30033
0.14305,-0.02355,0.13480,0.52078,0.47182,-0.45889,0.54369,360.40035
0.14305,-0.02365,0.13480,0.52076,0.47176,-0.45890,0.54375,360.50037
0.14305,-0.02375,0.13480,0.52074,0.47171,-0.45891,0.54380,360.60039
0.14306,-0.02385,0.13480,0.52072,0.47166,-0.45893,0.54385,360.70042
0.14306,-0.02395,0.13480,0.52070,0.47161,-0.45894,0.54391,360.80044
0.14306,-0.02405,0.13481,0.52069,0.47155,-0.45895,0.54396,360.90046
0.14307,-0.02415,0.13480,0.52067,0.47150,-0.45896,0.54401,361.00048
0.14307,-0.02425,0.13480,0.52065,0.47144,-0.45898,0.54406,361.10050
0.14307,-0.02435,0.13480,0.52064,0.47139,-0.45899,0.54411,361.20052
0.14308,-0.02445,0.13481,0.52062,0.47134,-0.45899,0.54417,361.30055
0.14308,-0.02455,0.13481,0.52060,0.47128,-0.45901,0.54422,361.40057
0.14308,-0.02465,0.13481,0.52058,0.47123,-0.45902,0.54427,361.50059
0.14309,-0.02475,0.13481,0.52056,0.47118,-0.45903,0.54433,361.60062
0.14309,-0.02485,0.13481,0.52055,0.47112,-0.45904,0.54438,361.70064
0.14309,-0.02495,0.13482,0.52054,0.47107,-0.45906,0.54443,361.80067
0.14310,-0.02505,0.13482,0.52052,0.47101,-0.45906,0.54449,361.90069
0.14310,-0.02515,0.13482,0.52050,0.47096,-0.45908,0.54454,362.00071
0.14311,-0.02525,0.13482,0.52048,0.47091,-0.45909,0.54459,362.10074
0.14311,-0.02535,0.13482,0.52046,0.47085,-0.45910,0.54465,362.20077
0.14311,-0.02545,0.13482,0.52045,0.47080,-0.45911,0.54470,362.30079
0.14312,-0.02555,0.13482,0.52044,0.47075,-0.45912,0.54475,362.40082
0.14312,-0.02565,0.13482,0.52042,0.47070,-0.45913,0.54480,362.50084
0.14312,-0.02575,0.13482,0.52040,0.47064,-0.45915,0.54485,362.60087
0.14313,-0.02585,0.13483,0.52038,0.47059,-0.45916,0.54491,362.70090
0.14313,-0.02595,0.13483,0.52036,0.47053,-0.45917,0.54496,362.80092
0.14313,-0.02605,0.13483,0.52034,0.47048,-0.45918,0.54501,362.90095
0.14314,-0.02615,0.13483,0.52033,0.47043,-0.45919,0.54506,363.00098
0.14314,-0.02625,0.13484,0.52031,0.47037,-0.45921,0.54512,363.10101
0.14314,-0.02635,0.13484,0.52030,0.47032,-0.45922,0.54517,363.20104
0.14315,-0.02645,0.13484,0.52028,0.47027,-0.45923,0.54522,363.30107
0.14315,-0.02655,0.13484,0.52026,0.47022,-0.45924,0.54528,363.40110
0.14315,-0.02665,0.13484,0.52024,0.47017,-0.45925,0.54533,363.50112
0.14316,-0.02675,0.13484,0.52023,0.47010,-0.45927,0.54538,363.60115
0.14316,-0.02685,0.13484,0.52021,0.47005,-0.45928,0.54543,363.70118
0.14317,-0.02695,0.13484,0.52019,0.47000,-0.45929,0.54549,363.80122
0.14317,-0.02705,0.13485,0.52018,0.46995,-0.45930,0.54554,363.90125
0.14317,-0.02715,0.13485,0.52016,0.46989,-0.45931,0.54560,364.00128
0.14318,-0.02725,0.13485,0.52014,0.46984,-0.45932,0.54565,364.10131
0.14318,-0.02735,0.13485,0.52013,0.46979,-0.45933,0.54569,364.20134
0.14318,-0.02745,0.13486,0.52011,0.46973,-0.45934,0.54575,364.30137
0.14319,-0.02755,0.13486,0.52009,0.46968,-0.45935,0.54580,364.40141
0.14319,-0.02765,0.13486,0.52008,0.46962,-0.45937,0.54585,364.50144
0.14319,-0.02775,0.13486,0.52006,0.46957,-0.45937,0.54591,364.60147
0.14320,-0.02785,0.13487,0.52004,0.46952,-0.45939,0.54596,364.70151
0.14320,-0.02795,0.13486,0.52003,0.46947,-0.45940,0.54601,364.80154
0.14320,-0.02805,0.13486,0.52001,0.46941,-0.45941,0.54607,364.90157
0.14321,-0.02815,0.13486,0.51999,0.46936,-0.45942,0.54612,365.00161
0.14321,-0.02825,0.13487,0.51997,0.46931,-0.45943,0.54617,365.10164
0.14321,-0.02835,0.13487,0.51996,0.46926,-0.45944,0.54622,365.20168
0.14322,-0.02845,0.13487,0.51994,0.46920,-0.45945,0.54628,365.30172
0.14322,-0.02855,0.13487,0.51993,0.46915,-0.45946,0.54633,365.40175
0.14322,-0.02865,0.13488,0.51991,0.46909,-0.45948,0.54638,365.50179
0.14323,-0.02875,0.13488,0.51989,0.46904,-0.45949,0.54643,365.60183
0.14323,-0.02885,0.13488,0.51987,0.46899,-0.45950,0.54648,365.70186
0.14323,-0.02895,0.13489,0.51985,0.46894,-0.45951,0.54653,365.80190
0.14324,-0.02905,0.13489,0.51984,0.46888,-0.45952,0.54659,365.90194
0.14324,-0.02915,0.13489,0.51982,0.46883,-0.45953,0.54664,366.00198
0.14325,-0.02925,0.13488,0.51981,0.46878,-0.45954,0.54669,366.10202
0.14325,-0.02935,0.13489,0.51979,0.46872,-0.45956,0.54674,366.20205
0.14325,-0.02945,0.13489,0.51977,0.46867,-0.45957,0.54680,366.30209
0.14326,-0.02955,0.13489,0.51975,0.46862,-0.45958,0.54685,366.40213
0.14326,-0.02965,0.13489,0.51974,0.46857,-0.45959,0.54690,366.50217
0.14326,-0.02975,0.13490,0.51972,0.46851,-0.45960,0.54696,366.60221
0.14327,-0.02985,0.13490,0.51970,0.46846,-0.45961,0.54701,366.70226
0.14327,-0.02995,0.13490,0.51969,0.46841,-0.45962,0.54706,366.80230
0.14327,-0.03005,0.13491,0.51967,0.46836,-0.45963,0.54711,366.90234
0.14328,-0.03015,0.13491,0.51965,0.46830,-0.45964,0.54716,367.00238
0.14328,-0.03025,0.13491,0.51964,0.46825,-0.45965,0.54721,367.10242
0.14328,-0.03035,0.13492,0.51962,0.46819,-0.45966,0.54726,367.20247
0.14329,-0.03045,0.13492,0.51960,0.46814,-0.45967,0.54732,367.30251
0.14329,-0.03055,0.13491,0.51958,0.46809,-0.45968,0.54737,367.40255
0.14329,-0.03065,0.13491,0.51957,0.46804,-0.45969,0.54742,367.50260
0.14330,-0.03075,0.13492,0.51956,0.46799,-0.45970,0.54747,367.60264
0.14330,-0.03085,0.13492,0.51954,0.46793,-0.45971,0.54753,367.70269
0.14330,-0.03095,0.13492,0.51952,0.46788,-0.45972,0.54758,367.80273
0.14331,-0.03105,0.13493,0.51950,0.46782,-0.45974,0.54763,367.90278
0.14331,-0.03115,0.13493,0.51949,0.46777,-0.45975,0.54768,368.00282
0.14331,-0.03125,0.13493,0.51947,0.46772,-0.45976,0.54774,368.10287
0.14332,-0.03135,0.13494,0.51945,0.46767,-0.45977,0.54779,368.20292
0.14332,-0.03145,0.13494,0.51944,0.46762,-0.45978,0.54784,368.30297
0.14333,-0.03155,0.13494,0.51942,0.46756,-0.45979,0.54790,368.40301
0.14333,-0.03165,0.13494,0.51941,0.46750,-0.45980,0.54794,368.50306
0.14333,-0.03175,0.13495,0.51939,0.46745,-0.45981,0.54799,368.60311
0.14334,-0.03185,0.13494,0.51937,0.46740,-0.45982,0.54805,368.70316
0.14334,-0.03195,0.13494,0.51935,0.46735,-0.45983,0.54810,368.80321
0.14334,-0.03205,0.13495,0.51933,0.46730,-0.45985,0.54815,368.90326
0.14335,-0.03215,0.13495,0.51932,0.46725,-0.45985,0.54820,369.00331
0.14335,-0.03225,0.13495,0.51931,0.46719,-0.45987,0.54825,369.10336
0.14335,-0.03235,0.13496,0.51929,0.46714,-0.45987,0.54831,369.20341
0.14336,-0.03245,0.13496,0.51927,0.46708,-0.45988,0.54836,369.30346
0.14336,-0.03255,0.13496,0.51926,0.46703,-0.45989,0.54841,369.40351
0.14336,-0.03265,0.13497,0.51924,0.46698,-0.45990,0.54846,369.50357
0.14337,-0.03275,0.13497,0.51922,0.46693,-0.45991,0.54852,369.60362
0.14337,-0.03285,0.13497,0.51920,0.46688,-0.45992,0.54857,369.70367
0.14337,-0.03295,0.13498,0.51919,0.46682,-0.45993,0.54862,369.80373
0.14338,-0.03305,0.13497,0.51918,0.46677,-0.45994,0.54867,369.90378
0.14338,-0.03315,0.13497,0.51916,0.46672,-0.45995,0.54872,370.00384
0.14338,-0.03325,0.13498,0.51914,0.46667,-0.45996,0.54877,370.10389
0.14339,-0.03335,0.13498,0.51912,0.46662,-0.45997,0.54882,370.20395
0.14339,-0.03345,0.13498,0.51910,0.46656,-0.45998,0.54888,370.30400
0.14339,-0.03355,0.13499,0.51909,0.46651,-0.46000,0.54892,370.40406
0.14340,-0.03365,0.13499,0.51907,0.46646,-0.46001,0.54898,370.50411
0.14340,-0.03375,0.13499,0.51906,0.46640,-0.46002,0.54903,370.60417
0.14340,-0.03385,0.13500,0.51904,0.46635,-0.46003,0.54908,370.70423
0.14341,-0.03395,0.13500,0.51903,0.46630,-0.46004,0.54913,370.80429
0.14341,-0.03405,0.13500,0.51901,0.46625,-0.46005,0.54918,370.90435
0.14342,-0.03415,0.13501,0.51899,0.46619,-0.46006,0.54924,371.00441
0.14342,-0.03425,0.13501,0.51897,0.46614,-0.46007,0.54929,371.10447
0.14342,-0.03435,0.13500,0.51896,0.46609,-0.46008,0.54933,371.20453
0.14343,-0.03445,0.13501,0.51894,0.46604,-0.46009,0.54939,371.30459
0.14343,-0.03455,0.13501,0.51893,0.46598,-0.46010,0.54945,371.40465
0.14343,-0.03465,0.13501,0.51891,0.46593,-0.46011,0.54950,371.50471
0.14344,-0.03475,0.13502,0.51890,0.46588,-0.46011,0.54954,371.60477
0.14344,-0.03485,0.13502,0.51888,0.46583,-0.46013,0.54959,371.70483
0.14344,-0.03495,0.13502,0.51886,0.46578,-0.46014,0.54964,371.80489
0.14345,-0.03505,0.13503,0.51884,0.46572,-0.46014,0.54970,371.90496
0.14345,-0.03515,0.13503,0.51883,0.46567,-0.46015,0.54975,372.00502
0.14345,-0.03525,0.13504,0.51881,0.46562,-0.46016,0.54980,372.10509
0.14346,-0.03535,0.13504,0.51880,0.46557,-0.46017,0.54985,372.20515
0.14346,-0.03545,0.13504,0.51878,0.46552,-0.46018,0.54990,372.30522
0.14346,-0.03555,0.13505,0.51877,0.46546,-0.46019,0.54996,372.40528
0.14347,-0.03565,0.13504,0.51875,0.46541,-0.46020,0.55001,372.50535
0.14347,-0.03575,0.13504,0.51873,0.46536,-0.46021,0.55006,372.60541
0.14347,-0.03585,0.13505,0.51872,0.46531,-0.46022,0.55011,372.70548
0.14348,-0.03595,0.13505,0.51870,0.46525,-0.46023,0.55016,372.80555
0.14348,-0.03605,0.13505,0.51869,0.46520,-0.46024,0.55021,372.90562
0.14348,-0.03615,0.13506,0.51867,0.46515,-0.46025,0.55026,373.00568
0.14349,-0.03625,0.13506,0.51865,0.46510,-0.46026,0.55031,373.10575
0.14349,-0.03635,0.13507,0.51864,0.46505,-0.46027,0.55036,373.20582
0.14349,-0.03645,0.13507,0.51862,0.46500,-0.46028,0.55041,373.30589
0.14350,-0.03655,0.13507,0.51860,0.46495,-0.46029,0.55046,373.40596
0.14350,-0.03665,0.13508,0.51858,0.46489,-0.46030,0.55052,373.50603
0.14351,-0.03675,0.13508,0.51857,0.46483,-0.46031,0.55057,373.60610
0.14351,-0.03685,0.13508,0.51856,0.46478,-0.46032,0.55062,373.70618
0.14351,-0.03695,0.13508,0.51854,0.46473,-0.46033,0.55067,373.80625
0.14352,-0.03705,0.13508,0.51852,0.46468,-0.46034,0.55072,373.90632
0.14352,-0.03715,0.13509,0.51851,0.46463,-0.46035,0.55077,374.00639
0.14352,-0.03725,0.13509,0.51849,0.46458,-0.46036,0.55082,374.10647
0.14353,-0.03735,0.13509,0.51847,0.46453,-0.46037,0.55088,374.20654
0.14353,-0.03745,0.13510,0.51846,0.46447,-0.46037,0.55092,374.30662
0.14353,-0.03755,0.13510,0.51844,0.46442,-0.46038,0.55097,374.40669
0.14354,-0.03765,0.13511,0.51843,0.46437,-0.46039,0.55102,374.50677
0.14354,-0.03775,0.13511,0.51841,0.46432,-0.46040,0.55107,374.60685
0.14354,-0.03785,0.13511,0.51840,0.46427,-0.46041,0.55112,374.70692
0.14355,-0.03795,0.13512,0.51838,0.46422,-0.46042,0.55118,374.80700
0.14355,-0.03805,0.13512,0.51836,0.46417,-0.46043,0.55123,374.90708
0.14355,-0.03815,0.13512,0.51835,0.46411,-0.46044,0.55128,375.00716
0.14356,-0.03825,0.13512,0.51833,0.46406,-0.46045,0.55133,375.10723
0.14356,-0.03835,0.13512,0.51831,0.46401,-0.46046,0.55138,375.20731
0.14356,-0.03845,0.13513,0.51830,0.46396,-0.46047,0.55143,375.30739
0.14357,-0.03855,0.13513,0.51829,0.46390,-0.46048,0.55148,375.40747
0.14357,-0.03865,0.13513,0.51827,0.46385,-0.46048,0.55153,375.50756
0.14357,-0.03875,0.13514,0.51825,0.46380,-0.46049,0.55159,375.60764
0.14358,-0.03885,0.13514,0.51824,0.46375,-0.46050,0.55164,375.70772
0.14358,-0.03895,0.13515,0.51822,0.46370,-0.46051,0.55169,375.80780
0.14358,-0.03905,0.13515,0.51821,0.46365,-0.46052,0.55174,375.90788
0.14359,-0.03915,0.13516,0.51820,0.46360,-0.46053,0.55178,376.00797
0.14359,-0.03925,0.13516,0.51818,0.46355,-0.46054,0.55183,376.10805
0.14359,-0.03935,0.13516,0.51816,0.46350,-0.46055,0.55188,376.20814
0.14360,-0.03945,0.13517,0.51814,0.46344,-0.46056,0.55193,376.30822
0.14360,-0.03955,0.13516,0.51813,0.46339,-0.46056,0.55199,376.40831
0.14360,-0.03965,0.13517,0.51811,0.46334,-0.46057,0.55204,376.50839
0.14361,-0.03975,0.13517,0.51809,0.46329,-0.46059,0.55209,376.60848
0.14361,-0.03985,0.13517,0.51808,0.46324,-0.46059,0.55214,376.70857
0.14362,-0.03995,0.13518,0.51807,0.46319,-0.46060,0.55219,376.80865
0.14362,-0.04005,0.13518,0.51805,0.46314,-0.46061,0.55224,376.90874
0.14362,-0.04015,0.13519,0.51804,0.46308,-0.46061,0.55229,377.00883
0.14363,-0.04025,0.13519,0.51802,0.46303,-0.46062,0.55234,377.10892
0.14363,-0.04035,0.13520,0.51800,0.46298,-0.46064,0.55239,377.20901
0.14363,-0.04044,0.13520,0.51799,0.46293,-0.46064,0.55244,377.30910
0.14364,-0.04054,0.13520,0.51797,0.46288,-0.46065,0.55249,377.40919
0.14364,-0.04064,0.13521,0.51796,0.46283,-0.46066,0.55254,377.50928
0.14364,-0.04074,0.13520,0.51794,0.46278,-0.46067,0.55259,377.60938
0.14365,-0.04084,0.13521,0.51793,0.46272,-0.46068,0.55264,377.70947
0.14365,-0.04094,0.13521,0.51791,0.46267,-0.46069,0.55269,377.80956
0.14365,-0.04104,0.13522,0.51790,0.46262,-0.46069,0.55274,377.90966
0.14366,-0.04114,0.13522,0.51788,0.46257,-0.46070,0.55279,378.00975
0.14366,-0.04124,0.13522,0.51786,0.46252,-0.46071,0.55284,378.10984
0.14366,-0.04134,0.13523,0.51785,0.46247,-0.46072,0.55289,378.20994
0.14367,-0.04144,0.13523,0.51784,0.46242,-0.46073,0.55294,378.31004
0.14367,-0.04154,0.13524,0.51782,0.46237,-0.46074,0.55299,378.41013
0.14367,-0.04164,0.13524,0.51781,0.46232,-0.46075,0.55304,378.51023
0.14368,-0.04174,0.13525,0.51779,0.46227,-0.46076,0.55309,378.61033
0.14368,-0.04184,0.13525,0.51777,0.46222,-0.46076,0.55315,378.71042
0.14368,-0.04194,0.13525,0.51776,0.46216,-0.46077,0.55319,378.81052
0.14369,-0.04204,0.13525,0.51774,0.46211,-0.46078,0.55324,378.91062
0.14369,-0.04214,0.13525,0.51773,0.46206,-0.46079,0.55329,379.01072
0.14369,-0.04224,0.13526,0.51771,0.46201,-0.46079,0.55334,379.11082
0.14370,-0.04234,0.13526,0.51770,0.46196,-0.46080,0.55339,379.21092
0.14370,-0.04244,0.13527,0.51768,0.46191,-0.46082,0.55344,379.31103
0.14370,-0.04254,0.13527,0.51767,0.46186,-0.46082,0.55349,379.41113
0.14371,-0.04264,0.13528,0.51765,0.46181,-0.46083,0.55354,379.51123
0.14371,-0.04274,0.13528,0.51764,0.46176,-0.46083,0.55359,379.61133
0.14371,-0.04284,0.13529,0.51762,0.46171,-0.46084,0.55364,379.71144
0.14372,-0.04294,0.13529,0.51760,0.46166,-0.46085,0.55369,379.81154
0.14372,-0.04304,0.13529,0.51759,0.46161,-0.46086,0.55373,379.91165
0.14372,-0.04314,0.13530,0.51758,0.46156,-0.46087,0.55379,380.01175
0.14373,-0.04324,0.13530,0.51756,0.46151,-0.46087,0.55384,380.11186
0.14373,-0.04334,0.13530,0.51755,0.46146,-0.46088,0.55389,380.21196
0.14374,-0.04344,0.13530,0.51753,0.46141,-0.46089,0.55394,380.31207
0.14374,-0.04354,0.13531,0.51752,0.46135,-0.46090,0.55398,380.41218
0.14374,-0.04364,0.13531,0.51750,0.46130,-0.46091,0.55403,380.51229
0.14375,-0.04374,0.13532,0.51748,0.46125,-0.46092,0.55408,380.61240
0.14375,-0.04384,0.13532,0.51748,0.46120,-0.46092,0.55413,380.71251
0.14375,-0.04394,0.13533,0.51746,0.46115,-0.46093,0.55418,380.81262
0.14376,-0.04404,0.13533,0.51744,0.46110,-0.46094,0.55423,380.91273
0.14376,-0.04414,0.13534,0.51743,0.46105,-0.46095,0.55428,381.01284
0.14376,-0.04424,0.13534,0.51741,0.46100,-0.46096,0.55433,381.11295
0.14377,-0.04434,0.13535,0.51740,0.46095,-0.46096,0.55438,381.21306
0.14377,-0.04444,0.13535,0.51738,0.46091,-0.46097,0.55443,381.31318
0.14377,-0.04454,0.13535,0.51737,0.46085,-0.46098,0.55448,381.41329
0.14378,-0.04464,0.13535,0.51735,0.46080,-0.46099,0.55453,381.51340
0.14378,-0.04474,0.13535,0.51734,0.46075,-0.46100,0.55458,381.61352
0.14378,-0.04484,0.13536,0.51733,0.46070,-0.46100,0.55463,381.71363
0.14379,-0.04494,0.13536,0.51731,0.46065,-0.46101,0.55468,381.81375
0.14379,-0.04504,0.13537,0.51729,0.46060,-0.46102,0.55473,381.91387
0.14379,-0.04514,0.13537,0.51728,0.46055,-0.46102,0.55477,382.01398
0.14380,-0.04524,0.13538,0.51726,0.46050,-0.46103,0.55482,382.11410
0.14380,-0.04534,0.13538,0.51726,0.46045,-0.46103,0.55487,382.21422
0.14380,-0.04544,0.13539,0.51724,0.46040,-0.46104,0.55492,382.31434
0.14381,-0.04554,0.13539,0.51722,0.46035,-0.46105,0.55497,382.41446
0.14381,-0.04564,0.13540,0.51721,0.46030,-0.46106,0.55502,382.51458
0.14381,-0.04574,0.13540,0.51719,0.46025,-0.46106,0.55507,382.61470
0.14382,-0.04584,0.13541,0.51718,0.46020,-0.46107,0.55512,382.71482
0.14382,-0.04594,0.13540,0.51716,0.46015,-0.46108,0.55517,382.81494
0.14382,-0.04604,0.13541,0.51715,0.46010,-0.46109,0.55522,382.91507
0.14383,-0.04614,0.13541,0.51714,0.46005,-0.46109,0.55527,383.01519
0.14383,-0.04624,0.13542,0.51712,0.46000,-0.46110,0.55532,383.11531
0.14383,-0.04634,0.13542,0.51711,0.45994,-0.46111,0.55536,383.21544
0.14384,-0.04644,0.13543,0.51709,0.45990,-0.46112,0.55541,383.31556
0.14384,-0.04654,0.13543,0.51708,0.45985,-0.46112,0.55546,383.41569
0.14384,-0.04664,0.13544,0.51706,0.45980,-0.46113,0.55551,383.51581
0.14385,-0.04674,0.13544,0.51705,0.45975,-0.46114,0.55556,383.61594
0.14385,-0.04684,0.13545,0.51703,0.45970,-0.46115,0.55561,383.71607
0.14385,-0.04694,0.13545,0.51702,0.45965,-0.46115,0.55566,383.81620
0.14386,-0.04704,0.13546,0.51700,0.45960,-0.46116,0.55571,383.91633
0.14386,-0.04714,0.13545,0.51699,0.45955,-0.46117,0.55575,384.01645
0.14386,-0.04724,0.13546,0.51698,0.45950,-0.46117,0.55580,384.11658
0.14387,-0.04734,0.13546,0.51696,0.45945,-0.46118,0.55585,384.21672
0.14387,-0.04744,0.13547,0.51695,0.45940,-0.46118,0.55590,384.31685
0.14387,-0.04754,0.13547,0.51693,0.45935,-0.46120,0.55595,384.41698
0.14388,-0.04764,0.13548,0.51692,0.45930,-0.46120,0.55599,384.51711
0.14388,-0.04774,0.13548,0.51691,0.45925,-0.46121,0.55605,384.61724
0.14388,-0.04784,0.13549,0.51689,0.45920,-0.46121,0.55609,384.71738
0.14389,-0.04794,0.13549,0.51687,0.45915,-0.46122,0.55614,384.81751
0.14389,-0.04804,0.13550,0.51687,0.45910,-0.46122,0.55619,384.91765
0.14390,-0.04814,0.13550,0.51685,0.45905,-0.46123,0.55624,385.01778
0.14390,-0.04824,0.13551,0.51684,0.45900,-0.46124,0.55629,385.11792
0.14390,-0.04834,0.13551,0.51682,0.45895,-0.46124,0.55633,385.21806
0.14391,-0.04844,0.13551,0.51681,0.45890,-0.46125,0.55638,385.31819
0.14391,-0.04854,0.13552,0.51679,0.45886,-0.46126,0.55643,385.41833
0.14391,-0.04864,0.13552,0.51677,0.45881,-0.46127,0.55648,385.51847
0.14392,-0.04874,0.13553,0.51677,0.45876,-0.46127,0.55653,385.61861
0.14392,-0.04884,0.13553,0.51675,0.45871,-0.46128,0.55658,385.71875
0.14392,-0.04894,0.13554,0.51674,0.45865,-0.46129,0.55663,385.81889
0.14393,-0.04904,0.13554,0.51672,0.45861,-0.46129,0.55668,385.91903
0.14393,-0.04914,0.13555,0.51671,0.45856,-0.46130,0.55672,386.01917
0.14393,-0.04924,0.13555,0.51669,0.45851,-0.46131,0.55677,386.11932
0.14394,-0.04934,0.13556,0.51668,0.45846,-0.46131,0.55682,386.21946
0.14394,-0.04944,0.13556,0.51667,0.45841,-0.46132,0.55687,386.31960
0.14394,-0.04954,0.13557,0.51665,0.45837,-0.46132,0.55691,386.41975
0.14395,-0.04964,0.13557,0.51664,0.45832,-0.46133,0.55696,386.51989
0.14395,-0.04974,0.13557,0.51663,0.45827,-0.46133,0.55701,386.62004
0.14395,-0.04984,0.13557,0.51661,0.45821,-0.46134,0.55706,386.72018
0.14396,-0.04994,0.13558,0.51660,0.45816,-0.46134,0.55711,386.82033
0.14396,-0.05004,0.13559,0.51658,0.45812,-0.46136,0.55715,386.92048
0.14396,-0.05014,0.13559,0.51657,0.45807,-0.46136,0.55720,387.02063
0.14397,-0.05024,0.13560,0.51656,0.45802,-0.46136,0.55725,387.12078
0.14397,-0.05034,0.13560,0.51654,0.45797,-0.46137,0.55730,387.22093
0.14397,-0.05044,0.13561,0.51653,0.45792,-0.46138,0.55734,387.32108
0.14398,-0.05054,0.13561,0.51652,0.45788,-0.46138,0.55739,387.42123
0.14398,-0.05064,0.13562,0.51650,0.45782,-0.46139,0.55744,387.52138
0.14398,-0.05074,0.13562,0.51649,0.45778,-0.46139,0.55749,387.62153
0.14399,-0.05084,0.13563,0.51648,0.45772,-0.46140,0.55753,387.72168
0.14399,-0.05094,0.13564,0.51646,0.45768,-0.46141,0.55758,387.82184
0.14399,-0.05104,0.13563,0.51645,0.45763,-0.46141,0.55763,387.92199
0.14400,-0.05114,0.13564,0.51643,0.45758,-0.46142,0.55768,388.02215
0.14400,-0.05124,0.13564,0.51642,0.45753,-0.46143,0.55773,388.12230
0.14400,-0.05134,0.13565,0.51641,0.45748,-0.46143,0.55777,388.22246
0.14401,-0.05144,0.13565,0.51640,0.45744,-0.46144,0.55782,388.32261
0.14401,-0.05154,0.13566,0.51639,0.45739,-0.46144,0.55787,388.42277
0.14401,-0.05164,0.13566,0.51637,0.45734,-0.46145,0.55792,388.52293
0.14402,-0.05174,0.13567,0.51636,0.45728,-0.46146,0.55797,388.62309
0.14402,-0.05184,0.13568,0.51634,0.45724,-0.46146,0.55801,388.72325
0.14402,-0.05194,0.13568,0.51633,0.45719,-0.46147,0.55806,388.82341
0.14403,-0.05204,0.13569,0.51632,0.45714,-0.46147,0.55811,388.92357
0.14403,-0.05214,0.13569,0.51631,0.45709,-0.46148,0.55815,389.02373
0.14403,-0.05224,0.13570,0.51629,0.45705,-0.46148,0.55820,389.12389
0.14404,-0.05234,0.13569,0.51628,0.45700,-0.46149,0.55824,389.22405
0.14404,-0.05244,0.13570,0.51627,0.45695,-0.46149,0.55829,389.32422
0.14404,-0.05254,0.13571,0.51625,0.45691,-0.46149,0.55834,389.42438
0.14405,-0.05264,0.13571,0.51624,0.45685,-0.46150,0.55839,389.52455
0.14405,-0.05274,0.13572,0.51622,0.45680,-0.46151,0.55844,389.62471
0.14405,-0.05284,0.13572,0.51622,0.45675,-0.46151,0.55848,389.72488
0.14406,-0.05294,0.13573,0.51619,0.45671,-0.46152,0.55853,389.82504
0.14406,-0.05304,0.13573,0.51619,0.45666,-0.46152,0.55858,389.92521
0.14406,-0.05314,0.13574,0.51618,0.45661,-0.46153,0.55863,390.02538
0.14407,-0.05324,0.13575,0.51616,0.45657,-0.46153,0.55867,390.12555
0.14407,-0.05334,0.13575,0.51615,0.45652,-0.46154,0.55872,390.22572
0.14407,-0.05344,0.13576,0.51613,0.45647,-0.46154,0.55877,390.32589
0.14408,-0.05354,0.13575,0.51612,0.45642,-0.46155,0.55881,390.42606
0.14408,-0.05364,0.13576,0.51611,0.45637,-0.46156,0.55886,390.52623
0.14408,-0.05374,0.13577,0.51610,0.45632,-0.46156,0.55891,390.62640
0.14409,-0.05384,0.13577,0.51608,0.45627,-0.46157,0.55895,390.72657
0.14409,-0.05394,0.13578,0.51607,0.45623,-0.46157,0.55900,390.82675
0.14409,-0.05404,0.13578,0.51606,0.45618,-0.46158,0.55905,390.92692
0.14410,-0.05414,0.13579,0.51605,0.45613,-0.46158,0.55909,391.02710
0.14410,-0.05424,0.13579,0.51603,0.45609,-0.46159,0.55914,391.12727
0.14410,-0.05434,0.13580,0.51602,0.45604,-0.46159,0.55919,391.22745
0.14411,-0.05444,0.13581,0.51601,0.45598,-0.46159,0.55924,391.32762
0.14411,-0.05454,0.13581,0.51599,0.45594,-0.46160,0.55928,391.42780
0.14411,-0.05464,0.13582,0.51598,0.45589,-0.46160,0.55933,391.52798
0.14412,-0.05474,0.13582,0.51597,0.45584,-0.46161,0.55938,391.62816
0.14412,-0.05484,0.13582,0.51596,0.45580,-0.46162,0.55942,391.72834
0.14412,-0.05494,0.13583,0.51595,0.45575,-0.46161,0.55947,391.82852
0.14413,-0.05504,0.13583,0.51593,0.45570,-0.46163,0.55951,391.92870
0.14413,-0.05514,0.13584,0.51592,0.45566,-0.46162,0.55956,392.02888
0.14414,-0.05524,0.13584,0.51591,0.45561,-0.46163,0.55960,392.12906
0.14414,-0.05534,0.13585,0.51589,0.45556,-0.46164,0.55965,392.22924
0.14414,-0.05544,0.13586,0.51588,0.45551,-0.46164,0.55970,392.32943
0.14415,-0.05554,0.13586,0.51588,0.45546,-0.46164,0.55974,392.42961
0.14415,-0.05564,0.13587,0.51586,0.45541,-0.46165,0.55979,392.52980
0.14415,-0.05574,0.13587,0.51585,0.45537,-0.46165,0.55984,392.62998
0.14416,-0.05584,0.13588,0.51584,0.45532,-0.46166,0.55988,392.73017
0.14416,-0.05594,0.13589,0.51582,0.45527,-0.46166,0.55993,392.83036
0.14416,-0.05604,0.13589,0.51581,0.45523,-0.46167,0.55998,392.93054
0.14417,-0.05614,0.13589,0.51580,0.45518,-0.46167,0.56002,393.03073
0.14417,-0.05624,0.13590,0.51578,0.45514,-0.46168,0.56007,393.13092
0.14417,-0.05634,0.13590,0.51577,0.45509,-0.46168,0.56011,393.23111
0.14418,-0.05644,0.13591,0.51576,0.45503,-0.46169,0.56016,393.33130
0.14418,-0.05654,0.13591,0.51575,0.45499,-0.46169,0.56020,393.43149
0.14418,-0.05664,0.13592,0.51574,0.45494,-0.46170,0.56025,393.53168
0.14419,-0.05674,0.13593,0.51573,0.45489,-0.46170,0.56030,393.63188
0.14419,-0.05684,0.13593,0.51571,0.45485,-0.46171,0.56034,393.73207
0.14419,-0.05694,0.13594,0.51570,0.45480,-0.46171,0.56039,393.83226
0.14420,-0.05704,0.13595,0.51569,0.45476,-0.46170,0.56044,393.93246
0.14420,-0.05714,0.13595,0.51567,0.45471,-0.46172,0.56048,394.03265
0.14420,-0.05724,0.13596,0.51566,0.45466,-0.46172,0.56053,394.13285
0.14421,-0.05734,0.13596,0.51565,0.45461,-0.46172,0.56057,394.23305
0.14421,-0.05744,0.13596,0.51565,0.45456,-0.46172,0.56062,394.33324
0.14421,-0.05754,0.13597,0.51562,0.45452,-0.46173,0.56066,394.43344
0.14422,-0.05764,0.13597,0.51562,0.45447,-0.46173,0.56071,394.53364
0.14422,-0.05774,0.13598,0.51561,0.45442,-0.46174,0.56075,394.63384
0.14422,-0.05784,0.13599,0.51559,0.45438,-0.46174,0.56080,394.73404
0.14423,-0.05794,0.13599,0.51558,0.45433,-0.46174,0.56085,394.83424
0.14423,-0.05804,0.13600,0.51557,0.45429,-0.46175,0.56089,394.93444
0.14423,-0.05814,0.13600,0.51556,0.45424,-0.46175,0.56094,395.03464
0.14424,-0.05824,0.13601,0.51554,0.45419,-0.46176,0.56098,395.13485
0.14424,-0.05834,0.13602,0.51553,0.45414,-0.46176,0.56103,395.23505
0.14424,-0.05844,0.13602,0.51553,0.45410,-0.46176,0.56107,395.33525
0.14425,-0.05854,0.13603,0.51551,0.45405,-0.46177,0.56112,395.43546
0.14425,-0.05864,0.13603,0.51550,0.45400,-0.46177,0.56117,395.53566
0.14425,-0.05874,0.13603,0.51549,0.45396,-0.46178,0.56121,395.63587
0.14426,-0.05884,0.13604,0.51548,0.45391,-0.46178,0.56126,395.73608
0.14426,-0.05894,0.13605,0.51546,0.45387,-0.46178,0.56130,395.83628
0.14426,-0.05904,0.13605,0.51545,0.45382,-0.46179,0.56135,395.93649
0.14427,-0.05914,0.13606,0.51544,0.45377,-0.46179,0.56139,396.03670
0.14427,-0.05924,0.13607,0.51543,0.45372,-0.46180,0.56143,396.13691
0.14427,-0.05934,0.13607,0.51542,0.45368,-0.46180,0.56148,396.23712
0.14428,-0.05944,0.13608,0.51541,0.45364,-0.46180,0.56153,396.33733
0.14428,-0.05954,0.13608,0.51540,0.45358,-0.46181,0.56157,396.43755
0.14428,-0.05964,0.13609,0.51539,0.45354,-0.46180,0.56162,396.53776
0.14429,-0.05974,0.13610,0.51538,0.45349,-0.46181,0.56166,396.63797
0.14429,-0.05984,0.13610,0.51536,0.45345,-0.46181,0.56171,396.73819
0.14429,-0.05994,0.13610,0.51535,0.45340,-0.46182,0.56175,396.83840
0.14430,-0.06004,0.13611,0.51534,0.45336,-0.46181,0.56180,396.93862
0.14430,-0.06014,0.13611,0.51533,0.45331,-0.46182,0.56184,397.03883
0.14430,-0.06024,0.13612,0.51532,0.45327,-0.46182,0.56189,397.13905
0.14431,-0.06034,0.13613,0.51531,0.45321,-0.46182,0.56194,397.23927
0.14431,-0.06044,0.13613,0.51530,0.45317,-0.46183,0.56197,397.33948
0.14431,-0.06054,0.13614,0.51529,0.45312,-0.46183,0.56202,397.43970
0.14432,-0.06064,0.13615,0.51528,0.45308,-0.46183,0.56206,397.53992
0.14432,-0.06074,0.13615,0.51526,0.45303,-0.46184,0.56211,397.64014
0.14432,-0.06084,0.13616,0.51525,0.45299,-0.46184,0.56215,397.74036
0.14433,-0.06094,0.13617,0.51524,0.45294,-0.46184,0.56220,397.84059
0.14433,-0.06104,0.13617,0.51523,0.45290,-0.46185,0.56224,397.94081
0.14433,-0.06114,0.13618,0.51522,0.45285,-0.46185,0.56229,398.04103
0.14434,-0.06124,0.13618,0.51521,0.45281,-0.46185,0.56233,398.14126
0.14434,-0.06134,0.13618,0.51520,0.45275,-0.46186,0.56238,398.24148
0.14434,-0.06144,0.13619,0.51519,0.45271,-0.46186,0.56242,398.34171
0.14435,-0.06154,0.13620,0.51518,0.45266,-0.46186,0.56247,398.44193
0.14435,-0.06164,0.13620,0.51517,0.45262,-0.46187,0.56251,398.54216
0.14435,-0.06174,0.13621,0.51516,0.45258,-0.46186,0.56255,398.64239
0.14436,-0.06184,0.13622,0.51515,0.45253,-0.46187,0.56260,398.74261
0.14436,-0.06194,0.13622,0.51513,0.45249,-0.46187,0.56265,398.84284
0.14436,-0.06204,0.13623,0.51513,0.45244,-0.46188,0.56269,398.94307
0.14437,-0.06214,0.13624,0.51511,0.45240,-0.46187,0.56273,399.04330
0.14437,-0.06224,0.13624,0.51511,0.45235,-0.46188,0.56277,399.14353
0.14437,-0.06234,0.13625,0.51509,0.45230,-0.46188,0.56282,399.24377
0.14438,-0.06244,0.13626,0.51508,0.45226,-0.46189,0.56286,399.34400
0.14438,-0.06254,0.13626,0.51507,0.45221,-0.46188,0.56291,399.44423
0.14438,-0.06264,0.13626,0.51506,0.45217,-0.46188,0.56295,399.54447
0.14439,-0.06274,0.13627,0.51505,0.45212,-0.46189,0.56300,399.64470
0.14439,-0.06284,0.13628,0.51504,0.45208,-0.46189,0.56304,399.74494
0.14439,-0.06294,0.13628,0.51503,0.45203,-0.46189,0.56309,399.84517
0.14440,-0.06304,0.13629,0.51502,0.45199,-0.46189,0.56313,399.94541
0.14440,-0.06314,0.13630,0.51501,0.45193,-0.46190,0.56317,400.04565
0.14440,-0.06324,0.13630,0.51500,0.45190,-0.46190,0.56322,400.14588
0.14441,-0.06334,0.13631,0.51499,0.45185,-0.46190,0.56326,400.24612
0.14441,-0.06344,0.13632,0.51498,0.45181,-0.46190,0.56331,400.34636
0.14441,-0.06354,0.13632,0.51497,0.45176,-0.46191,0.56334,400.44660
0.14442,-0.06364,0.13633,0.51496,0.45171,-0.46191,0.56339,400.54684
0.14442,-0.06374,0.13634,0.51495,0.45167,-0.46191,0.56343,400.64708
0.14442,-0.06384,0.13633,0.51494,0.45163,-0.46191,0.56348,400.74733
0.14443,-0.06394,0.13634,0.51493,0.45158,-0.46192,0.56352,400.84757
0.14443,-0.06404,0.13635,0.51492,0.45153,-0.46191,0.56357,400.94781
0.14443,-0.06414,0.13636,0.51491,0.45149,-0.46192,0.56361,401.04806
0.14444,-0.06424,0.13636,0.51490,0.45145,-0.46192,0.56366,401.14830
0.14444,-0.06434,0.13637,0.51489,0.45141,-0.46192,0.56370,401.24855
0.14444,-0.06444,0.13638,0.51488,0.45135,-0.46193,0.56374,401.34880
0.14445,-0.06454,0.13638,0.51487,0.45131,-0.46192,0.56379,401.44904
0.14445,-0.06464,0.13639,0.51486,0.45126,-0.46193,0.56383,401.54929
0.14445,-0.06474,0.13640,0.51485,0.45122,-0.46192,0.56387,401.64954
0.14446,-0.06484,0.13640,0.51484,0.45118,-0.46192,0.56391,401.74979
0.14446,-0.06494,0.13641,0.51483,0.45113,-0.46193,0.56395,401.85004
0.14446,-0.06504,0.13641,0.51482,0.45109,-0.46193,0.56400,401.95029
0.14447,-0.06514,0.13642,0.51481,0.45105,-0.46193,0.56404,402.05054
0.14447,-0.06524,0.13642,0.51481,0.45100,-0.46193,0.56409,402.15080
0.14447,-0.06534,0.13643,0.51480,0.45095,-0.46193,0.56413,402.25105
0.14448,-0.06544,0.13644,0.51479,0.45091,-0.46194,0.56417,402.35130
0.14448,-0.06554,0.13644,0.51477,0.45086,-0.46194,0.56422,402.45156
0.14448,-0.06564,0.13645,0.51476,0.45082,-0.46194,0.56426,402.55181
0.14449,-0.06574,0.13646,0.51475,0.45078,-0.46194,0.56430,402.65207
0.14449,-0.06584,0.13647,0.51474,0.45073,-0.46194,0.56435,402.75232
0.14449,-0.06594,0.13647,0.51474,0.45069,-0.46194,0.56439,402.85258
0.14450,-0.06604,0.13648,0.51472,0.45065,-0.46195,0.56443,402.95284
0.14450,-0.06614,0.13649,0.51472,0.45060,-0.46195,0.56448,403.05310
0.14450,-0.06624,0.13650,0.51471,0.45056,-0.46195,0.56451,403.15336
0.14451,-0.06634,0.13649,0.51470,0.45051,-0.46195,0.56456,403.25362
0.14451,-0.06644,0.13650,0.51469,0.45047,-0.46195,0.56460,403.35388
0.14451,-0.06654,0.13651,0.51468,0.45043,-0.46195,0.56464,403.45414
0.14452,-0.06664,0.13651,0.51467,0.45038,-0.46195,0.56469,403.55440
0.14452,-0.06674,0.13652,0.51466,0.45033,-0.46195,0.56473,403.65467
0.14452,-0.06684,0.13653,0.51465,0.45029,-0.46196,0.56477,403.75493
0.14453,-0.06694,0.13654,0.51464,0.45025,-0.46195,0.56482,403.85519
0.14453,-0.06704,0.13654,0.51463,0.45021,-0.46195,0.56486,403.95546
0.14453,-0.06714,0.13655,0.51463,0.45016,-0.46196,0.56490,404.05573
0.14454,-0.06724,0.13656,0.51462,0.45012,-0.46195,0.56495,404.15599
0.14454,-0.06734,0.13656,0.51461,0.45008,-0.46195,0.56499,404.25626
0.14454,-0.06744,0.13657,0.51460,0.45003,-0.46196,0.56503,404.35653
0.14455,-0.06754,0.13658,0.51459,0.44998,-0.46195,0.56508,404.45680
0.14455,-0.06764,0.13658,0.51458,0.44994,-0.46196,0.56511,404.55707
0.14455,-0.06774,0.13658,0.51457,0.44990,-0.46196,0.56515,404.65734
0.14456,-0.06784,0.13659,0.51456,0.44985,-0.46196,0.56519,404.75761
0.14456,-0.06794,0.13660,0.51455,0.44981,-0.46196,0.56524,404.85788
0.14456,-0.06804,0.13661,0.51454,0.44977,-0.46196,0.56528,404.95815
0.14457,-0.06814,0.13661,0.51454,0.44972,-0.46196,0.56532,405.05842
0.14457,-0.06824,0.13662,0.51453,0.44968,-0.46196,0.56537,405.15870
0.14457,-0.06834,0.13663,0.51452,0.44964,-0.46196,0.56541,405.25897
0.14458,-0.06844,0.13664,0.51452,0.44960,-0.46196,0.56545,405.35925
0.14458,-0.06854,0.13664,0.51451,0.44955,-0.46196,0.56549,405.45952
0.14458,-0.06864,0.13665,0.51450,0.44950,-0.46196,0.56554,405.55980
0.14459,-0.06874,0.13666,0.51449,0.44946,-0.46196,0.56558,405.66008
0.14459,-0.06884,0.13667,0.51448,0.44942,-0.46196,0.56562,405.76036
0.14459,-0.06894,0.13666,0.51447,0.44938,-0.46196,0.56566,405.86064
0.14460,-0.06904,0.13667,0.51446,0.44933,-0.46197,0.56570,405.96091
0.14460,-0.06914,0.13668,0.51445,0.44929,-0.46197,0.56574,406.06120
0.14460,-0.06924,0.13669,0.51445,0.44925,-0.46197,0.56578,406.16148
0.14461,-0.06934,0.13669,0.51444,0.44921,-0.46197,0.56582,406.26176
0.14461,-0.06944,0.13670,0.51443,0.44916,-0.46197,0.56587,406.36204
0.14461,-0.06954,0.13671,0.51442,0.44912,-0.46197,0.56591,406.46232
0.14462,-0.06964,0.13672,0.51441,0.44908,-0.46197,0.56595,406.56261
0.14462,-0.06974,0.13672,0.51441,0.44903,-0.46196,0.56599,406.66289
0.14462,-0.06984,0.13673,0.51440,0.44899,-0.46196,0.56603,406.76318
0.14463,-0.06994,0.13674,0.51439,0.44894,-0.46196,0.56608,406.86346
0.14463,-0.07004,0.13675,0.51438,0.44890,-0.46196,0.56612,406.96375
0.14463,-0.07014,0.13674,0.51437,0.44886,-0.46196,0.56616,407.06404
0.14464,-0.07024,0.13675,0.51437,0.44882,-0.46196,0.56620,407.16432
0.14464,-0.07034,0.13676,0.51435,0.44878,-0.46196,0.56624,407.26461
0.14464,-0.07044,0.13677,0.51435,0.44874,-0.46196,0.56628,407.36490
0.14465,-0.07054,0.13677,0.51434,0.44869,-0.46196,0.56632,407.46519
0.14465,-0.07064,0.13678,0.51434,0.44865,-0.46196,0.56636,407.56548
0.14465,-0.07074,0.13679,0.51433,0.44861,-0.46196,0.56640,407.66578
0.14466,-0.07084,0.13680,0.51432,0.44856,-0.46196,0.56645,407.76607
0.14466,-0.07094,0.13680,0.51431,0.44852,-0.46196,0.56649,407.86636
0.14466,-0.07104,0.13681,0.51430,0.44848,-0.46196,0.56653,407.96665
0.14467,-0.07114,0.13682,0.51429,0.44843,-0.46196,0.56657,408.06695
0.14467,-0.07124,0.13683,0.51429,0.44839,-0.46196,0.56661,408.16724
0.14467,-0.07134,0.13684,0.51428,0.44835,-0.46195,0.56665,408.26754
0.14468,-0.07144,0.13683,0.51427,0.44831,-0.46195,0.56669,408.36784
0.14468,-0.07154,0.13684,0.51426,0.44827,-0.46195,0.56673,408.46813
0.14468,-0.07164,0.13685,0.51426,0.44823,-0.46195,0.56677,408.56843
0.14469,-0.07174,0.13686,0.51425,0.44819,-0.46195,0.56681,408.66873
0.14469,-0.07184,0.13686,0.51424,0.44814,-0.46195,0.56686,408.76903
0.14469,-0.07194,0.13687,0.51424,0.44810,-0.46195,0.56689,408.86933
0.14470,-0.07204,0.13688,0.51423,0.44805,-0.46194,0.56694,408.96963
0.14470,-0.07214,0.13689,0.51422,0.44801,-0.46194,0.56698,409.06993
0.14470,-0.07224,0.13690,0.51421,0.44797,-0.46194,0.56702,409.17024
0.14471,-0.07234,0.13690,0.51420,0.44793,-0.46194,0.56706,409.27054
0.14471,-0.07244,0.13691,0.51420,0.44789,-0.46194,0.56710,409.37084
0.14471,-0.07254,0.13692,0.51419,0.44785,-0.46194,0.56714,409.47115
0.14471,-0.07264,0.13693,0.51419,0.44780,-0.46194,0.56718,409.57145
0.14472,-0.07274,0.13692,0.51418,0.44776,-0.46194,0.56723,409.67176
0.14472,-0.07284,0.13693,0.51417,0.44772,-0.46194,0.56727,409.77206
0.14472,-0.07294,0.13694,0.51416,0.44768,-0.46194,0.56731,409.87237
0.14473,-0.07304,0.13695,0.51416,0.44763,-0.46194,0.56734,409.97268
0.14473,-0.07314,0.13696,0.51415,0.44760,-0.46193,0.56739,410.07299
0.14473,-0.07324,0.13696,0.51414,0.44755,-0.46193,0.56742,410.17330
0.14474,-0.07334,0.13697,0.51413,0.44751,-0.46193,0.56746,410.27361
0.14474,-0.07344,0.13698,0.51413,0.44747,-0.46193,0.56750,410.37392
0.14474,-0.07354,0.13699,0.51412,0.44743,-0.46193,0.56754,410.47423
0.14475,-0.07364,0.13700,0.51412,0.44739,-0.46193,0.56758,410.57454
0.14475,-0.07374,0.13700,0.51410,0.44735,-0.46193,0.56763,410.67485
0.14475,-0.07384,0.13701,0.51410,0.44730,-0.46192,0.56766,410.77517
0.14476,-0.07394,0.13702,0.51409,0.44726,-0.46192,0.56770,410.87548
0.14476,-0.07404,0.13702,0.51409,0.44722,-0.46192,0.56775,410.97580
0.14476,-0.07414,0.13702,0.51408,0.44718,-0.46192,0.56779,411.07611
0.14477,-0.07424,0.13703,0.51408,0.44713,-0.46191,0.56783,411.17643
0.14477,-0.07434,0.13704,0.51407,0.44709,-0.46191,0.56787,411.27674
0.14477,-0.07444,0.13705,0.51406,0.44705,-0.46191,0.56791,411.37706
0.14478,-0.07454,0.13706,0.51405,0.44701,-0.46192,0.56795,411.47738
0.14478,-0.07464,0.13706,0.51405,0.44697,-0.46191,0.56798,411.57770
0.14478,-0.07474,0.13707,0.51405,0.44693,-0.46190,0.56802,411.67802
0.14479,-0.07484,0.13708,0.51404,0.44689,-0.46190,0.56806,411.77834
0.14479,-0.07494,0.13709,0.51404,0.44685,-0.46190,0.56810,411.87866
0.14479,-0.07504,0.13710,0.51403,0.44681,-0.46190,0.56814,411.97898
0.14480,-0.07514,0.13710,0.51402,0.44677,-0.46190,0.56818,412.07931
0.14480,-0.07524,0.13711,0.51401,0.44673,-0.46190,0.56822,412.17963
0.14480,-0.07534,0.13711,0.51401,0.44669,-0.46189,0.56826,412.27995
0.14481,-0.07544,0.13712,0.51400,0.44665,-0.46189,0.56830,412.38028
0.14481,-0.07554,0.13713,0.51399,0.44661,-0.46189,0.56834,412.48060
0.14481,-0.07564,0.13714,0.51399,0.44656,-0.46189,0.56838,412.58093
0.14482,-0.07574,0.13714,0.51398,0.44652,-0.46189,0.56842,412.68126
0.14482,-0.07584,0.13715,0.51398,0.44648,-0.46189,0.56846,412.78158
0.14482,-0.07594,0.13716,0.51398,0.44644,-0.46188,0.56849,412.88191
0.14483,-0.07604,0.13717,0.51397,0.44640,-0.46188,0.56853,412.98224
0.14483,-0.07614,0.13718,0.51396,0.44636,-0.46188,0.56857,413.08257
0.14483,-0.07624,0.13718,0.51396,0.44632,-0.46188,0.56861,413.18290
0.14484,-0.07634,0.13719,0.51395,0.44628,-0.46187,0.56865,413.28323
0.14484,-0.07644,0.13720,0.51394,0.44624,-0.46187,0.56869,413.38356
0.14484,-0.07654,0.13720,0.51394,0.44620,-0.46187,0.56873,413.48389
0.14485,-0.07664,0.13721,0.51393,0.44616,-0.46187,0.56877,413.58423
0.14485,-0.07674,0.13721,0.51392,0.44612,-0.46187,0.56881,413.68456
0.14485,-0.07684,0.13722,0.51392,0.44608,-0.46185,0.56885,413.78490
0.14486,-0.07694,0.13723,0.51391,0.44604,-0.46185,0.56889,413.88523
0.14486,-0.07704,0.13724,0.51390,0.44600,-0.46185,0.56893,413.98557
0.14486,-0.07714,0.13725,0.51390,0.44596,-0.46185,0.56896,414.08590
0.14487,-0.07724,0.13726,0.51390,0.44592,-0.46184,0.56900,414.18624
0.14487,-0.07734,0.13726,0.51390,0.44588,-0.46184,0.56904,414.28658
0.14487,-0.07744,0.13727,0.51389,0.44584,-0.46184,0.56908,414.38692
0.14488,-0.07754,0.13728,0.51388,0.44580,-0.46184,0.56912,414.48725
0.14488,-0.07764,0.13729,0.51388,0.44576,-0.46183,0.56916,414.58759
0.14488,-0.07774,0.13730,0.51387,0.44572,-0.46183,0.56919,414.68794
0.14489,-0.07784,0.13730,0.51387,0.44568,-0.46183,0.56923,414.78828
0.14489,-0.07794,0.13730,0.51386,0.44563,-0.46183,0.56927,414.88862
0.14489,-0.07804,0.13731,0.51386,0.44560,-0.46182,0.56931,414.98896
0.14490,-0.07814,0.13732,0.51385,0.44556,-0.46182,0.56935,415.08930
0.14490,-0.07824,0.13733,0.51384,0.44552,-0.46182,0.56939,415.18965
0.14490,-0.07834,0.13734,0.51384,0.44548,-0.46181,0.56943,415.28999
0.14491,-0.07844,0.13734,0.51384,0.44544,-0.46181,0.56946,415.39034
0.14491,-0.07854,0.13735,0.51383,0.44540,-0.46181,0.56950,415.49068
0.14491,-0.07864,0.13736,0.51383,0.44536,-0.46180,0.56954,415.59103
0.14492,-0.07874,0.13737,0.51382,0.44532,-0.46180,0.56958,415.69138
0.14492,-0.07884,0.13738,0.51382,0.44528,-0.46180,0.56961,415.79173
0.14492,-0.07894,0.13739,0.51381,0.44525,-0.46179,0.56965,415.89207
0.14493,-0.07904,0.13739,0.51381,0.44520,-0.46178,0.56969,415.99242
0.14493,-0.07914,0.13739,0.51380,0.44516,-0.46178,0.56973,416.09277
0.14493,-0.07924,0.13740,0.51380,0.44512,-0.46178,0.56977,416.19312
0.14494,-0.07934,0.13741,0.51379,0.44508,-0.46177,0.56981,416.29347
0.14494,-0.07944,0.13742,0.51379,0.44504,-0.46177,0.56985,416.39383
0.14494,-0.07954,0.13743,0.51379,0.44500,-0.46177,0.56988,416.49418
0.14495,-0.07964,0.13744,0.51378,0.44497,-0.46176,0.56992,416.59453
0.14495,-0.07974,0.13744,0.51378,0.44493,-0.46176,0.56995,416.69489
0.14495,-0.07984,0.13745,0.51377,0.44489,-0.46176,0.56999,416.79524
0.14496,-0.07994,0.13746,0.51377,0.44485,-0.46175,0.57003,416.89560
0.14496,-0.08004,0.13747,0.51376,0.44481,-0.46175,0.57007,416.99595
0.14496,-0.08014,0.13748,0.51376,0.44477,-0.46175,0.57010,417.09631
0.14496,-0.08024,0.13749,0.51375,0.44474,-0.46174,0.57014,417.19667
0.14497,-0.08034,0.13749,0.51375,0.44469,-0.46174,0.57018,417.29702
0.14497,-0.08044,0.13749,0.51374,0.44466,-0.46173,0.57022,417.39738
0.14498,-0.08054,0.13750,0.51374,0.44461,-0.46173,0.57026,417.49774
0.14498,-0.08064,0.13751,0.51373,0.44457,-0.46173,0.57030,417.59810
0.14498,-0.08074,0.13752,0.51373,0.44454,-0.46172,0.57033,417.69846
0.14498,-0.08084,0.13753,0.51373,0.44450,-0.46172,0.57037,417.79882
0.14499,-0.08094,0.13754,0.51372,0.44446,-0.46172,0.57041,417.89919
0.14499,-0.08104,0.13754,0.51372,0.44442,-0.46171,0.57045,417.99955
0.14499,-0.08114,0.13755,0.51372,0.44438,-0.46171,0.57048,418.09991
0.14500,-0.08124,0.13756,0.51372,0.44435,-0.46170,0.57051,418.20028
0.14500,-0.08134,0.13757,0.51371,0.44431,-0.46170,0.57055,418.30064
0.14500,-0.08144,0.13758,0.51371,0.44426,-0.46169,0.57059,418.40101
0.14501,-0.08154,0.13759,0.51370,0.44423,-0.46168,0.57063,418.50137
0.14501,-0.08164,0.13759,0.51370,0.44419,-0.46168,0.57066,418.60174
0.14501,-0.08174,0.13759,0.51369,0.44416,-0.46167,0.57070,418.70211
0.14502,-0.08184,0.13760,0.51369,0.44411,-0.46167,0.57074,418.80247
0.14502,-0.08194,0.13761,0.51368,0.44407,-0.46167,0.57078,418.90284
0.14502,-0.08204,0.13762,0.51369,0.44403,-0.46166,0.57081,419.00321
0.14503,-0.08214,0.13763,0.51368,0.44400,-0.46166,0.57085,419.10358
0.14503,-0.08224,0.13764,0.51368,0.44396,-0.46165,0.57089,419.20395
0.14503,-0.08234,0.13765,0.51367,0.44392,-0.46165,0.57092,419.30432
0.14504,-0.08244,0.13765,0.51367,0.44389,-0.46164,0.57096,419.40469
0.14504,-0.08254,0.13766,0.51367,0.44385,-0.46164,0.57099,419.50507
0.14504,-0.08264,0.13767,0.51367,0.44381,-0.46163,0.57103,419.60544
0.14505,-0.08274,0.13768,0.51366,0.44377,-0.46163,0.57107,419.70581
0.14505,-0.08284,0.13769,0.51366,0.44373,-0.46163,0.57110,419.80619
0.14505,-0.08294,0.13769,0.51365,0.44370,-0.46162,0.57114,419.90656
0.14506,-0.08304,0.13770,0.51365,0.44365,-0.46162,0.57118,420.00694
0.14506,-0.08314,0.13770,0.51365,0.44362,-0.46161,0.57121,420.10731
0.14506,-0.08324,0.13771,0.51364,0.44358,-0.46161,0.57125,420.20769
0.14507,-0.08334,0.13772,0.51364,0.44354,-0.46160,0.57129,420.30807
0.14507,-0.08344,0.13773,0.51364,0.44350,-0.46160,0.57132,420.40845
0.14507,-0.08354,0.13774,0.51364,0.44347,-0.46159,0.57136,420.50883
0.14508,-0.08364,0.13775,0.51363,0.44343,-0.46158,0.57139,420.60921
0.14508,-0.08374,0.13776,0.51363,0.44339,-0.46158,0.57143,420.70959
0.14508,-0.08384,0.13777,0.51363,0.44336,-0.46157,0.57146,420.80997
0.14509,-0.08394,0.13777,0.51363,0.44332,-0.46156,0.57150,420.91035
0.14509,-0.08404,0.13778,0.51362,0.44328,-0.46157,0.57154,421.01073
0.14509,-0.08414,0.13779,0.51362,0.44325,-0.46155,0.57157,421.11111
0.14510,-0.08424,0.13779,0.51362,0.44320,-0.46155,0.57161,421.21150
0.14510,-0.08434,0.13780,0.51361,0.44317,-0.46155,0.57165,421.31188
0.14510,-0.08444,0.13781,0.51361,0.44313,-0.46154,0.57168,421.41226
0.14511,-0.08454,0.13782,0.51361,0.44309,-0.46153,0.57172,421.51265
0.14511,-0.08464,0.13783,0.51361,0.44305,-0.46153,0.57175,421.61304
0.14511,-0.08474,0.13783,0.51360,0.44302,-0.46152,0.57179,421.71342
0.14512,-0.08484,0.13784,0.51360,0.44298,-0.46152,0.57182,421.81381
0.14512,-0.08494,0.13785,0.51360,0.44294,-0.46151,0.57186,421.91420
0.14512,-0.08504,0.13786,0.51360,0.44291,-0.46150,0.57190,422.01458
0.14513,-0.08514,0.13787,0.51360,0.44287,-0.46150,0.57193,422.11497
0.14513,-0.08524,0.13788,0.51360,0.44284,-0.46149,0.57196,422.21536
0.14513,-0.08534,0.13789,0.51359,0.44280,-0.46149,0.57200,422.31575
0.14514,-0.08544,0.13790,0.51359,0.44276,-0.46148,0.57204,422.41614
0.14514,-0.08554,0.13790,0.51359,0.44272,-0.46147,0.57207,422.51654
0.14514,-0.08564,0.13790,0.51358,0.44269,-0.46147,0.57211,422.61693
0.14515,-0.08574,0.13791,0.51358,0.44265,-0.46146,0.57214,422.71732
0.14515,-0.08584,0.13792,0.51358,0.44261,-0.46145,0.57218,422.81771
0.14515,-0.08594,0.13793,0.51358,0.44258,-0.46145,0.57221,422.91811
0.14515,-0.08604,0.13794,0.51357,0.44254,-0.46144,0.57225,423.01850
0.14516,-0.08614,0.13795,0.51357,0.44250,-0.46143,0.57229,423.11890
0.14516,-0.08624,0.13796,0.51357,0.44247,-0.46143,0.57232,423.21929
0.14516,-0.08634,0.13797,0.51357,0.44243,-0.46142,0.57235,423.31969
0.14517,-0.08644,0.13798,0.51357,0.44239,-0.46142,0.57239,423.42009
0.14517,-0.08654,0.13798,0.51357,0.44236,-0.46141,0.57242,423.52048
0.14517,-0.08664,0.13799,0.51357,0.44232,-0.46140,0.57246,423.62088
0.14518,-0.08674,0.13799,0.51356,0.44229,-0.46140,0.57249,423.72128
0.14518,-0.08684,0.13800,0.51356,0.44225,-0.46139,0.57253,423.82168
0.14518,-0.08694,0.13801,0.51356,0.44222,-0.46138,0.57256,423.92208
0.14519,-0.08704,0.13802,0.51356,0.44217,-0.46138,0.57260,424.02248
0.14519,-0.08714,0.13803,0.51356,0.44214,-0.46137,0.57263,424.12288
0.14519,-0.08724,0.13804,0.51356,0.44210,-0.46136,0.57267,424.22328
0.14520,-0.08734,0.13805,0.51355,0.44207,-0.46136,0.57270,424.32369
0.14520,-0.08744,0.13805,0.51355,0.44203,-0.46135,0.57274,424.42409
0.14520,-0.08754,0.13806,0.51355,0.44199,-0.46135,0.57277,424.52449
0.14521,-0.08764,0.13807,0.51355,0.44196,-0.46134,0.57280,424.62490
0.14521,-0.08774,0.13808,0.51356,0.44192,-0.46133,0.57284,424.72530
0.14521,-0.08784,0.13809,0.51354,0.44189,-0.46133,0.57287,424.82571
0.14522,-0.08794,0.13810,0.51355,0.44185,-0.46132,0.57291,424.92611
0.14522,-0.08804,0.13810,0.51355,0.44182,-0.46131,0.57294,425.02652
0.14522,-0.08814,0.13811,0.51355,0.44178,-0.46131,0.57297,425.12693
0.14523,-0.08824,0.13812,0.51355,0.44175,-0.46129,0.57301,425.22734
0.14523,-0.08834,0.13813,0.51355,0.44171,-0.46129,0.57304,425.32774
0.14523,-0.08844,0.13814,0.51355,0.44167,-0.46128,0.57308,425.42815
0.14524,-0.08854,0.13814,0.51354,0.44164,-0.46128,0.57311,425.52856
0.14524,-0.08864,0.13815,0.51354,0.44160,-0.46126,0.57315,425.62897
0.14524,-0.08874,0.13816,0.51354,0.44156,-0.46126,0.57318,425.72938
0.14525,-0.08884,0.13817,0.51354,0.44153,-0.46125,0.57321,425.82979
0.14525,-0.08894,0.13818,0.51354,0.44149,-0.46124,0.57325,425.93021
0.14525,-0.08904,0.13819,0.51354,0.44146,-0.46123,0.57328,426.03062
0.14526,-0.08914,0.13820,0.51354,0.44142,-0.46123,0.57331,426.13103
0.14526,-0.08924,0.13821,0.51354,0.44139,-0.46122,0.57335,426.23145
0.14526,-0.08934,0.13821,0.51353,0.44136,-0.46121,0.57338,426.33186
0.14527,-0.08944,0.13822,0.51354,0.44132,-0.46121,0.57341,426.43228
0.14527,-0.08954,0.13823,0.51353,0.44129,-0.46120,0.57345,426.53269
0.14527,-0.08964,0.13823,0.51354,0.44125,-0.46119,0.57348,426.63311
0.14528,-0.08974,0.13824,0.51354,0.44122,-0.46118,0.57351,426.73352
0.14528,-0.08984,0.13825,0.51354,0.44118,-0.46118,0.57355,426.83394
0.14528,-0.08994,0.13826,0.51354,0.44115,-0.46117,0.57358,426.93436
0.14529,-0.09004,0.13827,0.51354,0.44111,-0.46116,0.57362,427.03478
0.14529,-0.09014,0.13828,0.51354,0.44108,-0.46115,0.57365,427.13520
0.14529,-0.09024,0.13829,0.51354,0.44104,-0.46114,0.57368,427.23561
0.14529,-0.09034,0.13830,0.51353,0.44101,-0.46114,0.57372,427.33603
0.14530,-0.09044,0.13831,0.51353,0.44098,-0.46113,0.57375,427.43646
0.14530,-0.09054,0.13832,0.51353,0.44093,-0.46112,0.57379,427.53688
0.14530,-0.09064,0.13832,0.51353,0.44090,-0.46111,0.57381,427.63730
0.14531,-0.09074,0.13833,0.51353,0.44087,-0.46110,0.57384,427.73772
0.14531,-0.09084,0.13833,0.51353,0.44083,-0.46109,0.57388,427.83814
0.14531,-0.09094,0.13834,0.51354,0.44080,-0.46108,0.57391,427.93857
0.14532,-0.09104,0.13835,0.51353,0.44076,-0.46108,0.57395,428.03899
0.14532,-0.09114,0.13836,0.51354,0.44073,-0.46107,0.57398,428.13942
0.14532,-0.09124,0.13837,0.51354,0.44070,-0.46106,0.57401,428.23984
0.14533,-0.09134,0.13838,0.51354,0.44066,-0.46105,0.57405,428.34027
0.14533,-0.09144,0.13839,0.51354,0.44063,-0.46104,0.57408,428.44069
0.14533,-0.09154,0.13840,0.51354,0.44060,-0.46104,0.57411,428.54112
0.14534,-0.09164,0.13841,0.51354,0.44056,-0.46103,0.57415,428.64155
0.14534,-0.09174,0.13842,0.51354,0.44053,-0.46102,0.57418,428.74197
0.14534,-0.09184,0.13842,0.51354,0.44049,-0.46101,0.57421,428.84240
0.14535,-0.09194,0.13843,0.51354,0.44045,-0.46100,0.57424,428.94283
0.14535,-0.09204,0.13844,0.51354,0.44042,-0.46100,0.57427,429.04326
0.14535,-0.09214,0.13844,0.51354,0.44038,-0.46099,0.57430,429.14369
0.14536,-0.09224,0.13845,0.51354,0.44035,-0.46098,0.57434,429.24412
0.14536,-0.09234,0.13846,0.51354,0.44032,-0.46097,0.57437,429.34455
0.14536,-0.09244,0.13847,0.51355,0.44028,-0.46096,0.57440,429.44498
0.14537,-0.09254,0.13848,0.51355,0.44025,-0.46095,0.57443,429.54542
0.14537,-0.09264,0.13849,0.51354,0.44022,-0.46094,0.57447,429.64585
0.14537,-0.09274,0.13850,0.51355,0.44018,-0.46094,0.57450,429.74628
0.14538,-0.09284,0.13851,0.51355,0.44015,-0.46093,0.57453,429.84672
0.14538,-0.09294,0.13852,0.51355,0.44012,-0.46091,0.57457,429.94715
0.14538,-0.09304,0.13853,0.51355,0.44009,-0.46090,0.57460,430.04759
0.14539,-0.09314,0.13853,0.51355,0.44005,-0.46090,0.57463,430.14802
0.14539,-0.09324,0.13854,0.51356,0.44002,-0.46088,0.57466,430.24846
0.14539,-0.09334,0.13855,0.51355,0.43998,-0.46088,0.57469,430.34889
0.14540,-0.09344,0.13856,0.51356,0.43994,-0.46087,0.57472,430.44933
0.14540,-0.09354,0.13857,0.51356,0.43991,-0.46086,0.57475,430.54977
0.14540,-0.09364,0.13857,0.51356,0.43988,-0.46085,0.57478,430.65021
0.14541,-0.09374,0.13858,0.51356,0.43985,-0.46084,0.57482,430.75065
0.14541,-0.09384,0.13859,0.51356,0.43981,-0.46083,0.57485,430.85108
0.14541,-0.09394,0.13860,0.51356,0.43978,-0.46082,0.57488,430.95152
0.14542,-0.09404,0.13861,0.51356,0.43975,-0.46081,0.57491,431.05196
0.14542,-0.09414,0.13862,0.51356,0.43972,-0.46080,0.57495,431.15241
0.14542,-0.09424,0.13863,0.51357,0.43968,-0.46079,0.57498,431.25285
0.14543,-0.09434,0.13864,0.51357,0.43965,-0.46079,0.57500,431.35329
0.14543,-0.09444,0.13864,0.51357,0.43962,-0.46078,0.57503,431.45373
0.14543,-0.09454,0.13865,0.51357,0.43959,-0.46077,0.57506,431.55417
0.14543,-0.09464,0.13866,0.51358,0.43955,-0.46076,0.57510,431.65462
0.14544,-0.09474,0.13867,0.51358,0.43952,-0.46075,0.57513,431.75506
0.14544,-0.09484,0.13868,0.51358,0.43949,-0.46074,0.57516,431.85550
0.14544,-0.09494,0.13869,0.51358,0.43946,-0.46073,0.57519,431.95595
0.14545,-0.09504,0.13870,0.51359,0.43942,-0.46072,0.57522,432.05640
0.14545,-0.09514,0.13871,0.51359,0.43938,-0.46070,0.57526,432.15684
0.14545,-0.09524,0.13872,0.51359,0.43935,-0.46069,0.57529,432.25729
0.14546,-0.09534,0.13872,0.51359,0.43932,-0.46068,0.57532,432.35773
0.14546,-0.09544,0.13873,0.51359,0.43929,-0.46067,0.57535,432.45818
0.14546,-0.09554,0.13874,0.51359,0.43926,-0.46067,0.57538,432.55863
0.14547,-0.09564,0.13875,0.51360,0.43922,-0.46065,0.57541,432.65908
0.14547,-0.09574,0.13875,0.51360,0.43919,-0.46064,0.57544,432.75953
0.14547,-0.09584,0.13876,0.51360,0.43916,-0.46063,0.57547,432.85998
0.14548,-0.09594,0.13877,0.51360,0.43913,-0.46062,0.57550,432.96043
0.14548,-0.09604,0.13878,0.51361,0.43909,-0.46061,0.57554,433.06088
0.14548,-0.09614,0.13879,0.51361,0.43906,-0.46060,0.57556,433.16133
0.14549,-0.09624,0.13880,0.51362,0.43903,-0.46059,0.57559,433.26178
0.14549,-0.09634,0.13881,0.51362,0.43900,-0.46058,0.57562,433.36223
0.14549,-0.09644,0.13882,0.51362,0.43897,-0.46057,0.57566,433.46268
0.14550,-0.09654,0.13883,0.51362,0.43894,-0.46056,0.57569,433.56314
0.14550,-0.09664,0.13884,0.51363,0.43890,-0.46055,0.57572,433.66359
0.14550,-0.09674,0.13885,0.51363,0.43887,-0.46054,0.57575,433.76404
0.14551,-0.09684,0.13886,0.51363,0.43884,-0.46053,0.57578,433.86450
0.14551,-0.09694,0.13886,0.51363,0.43881,-0.46052,0.57581,433.96495
0.14551,-0.09704,0.13887,0.51364,0.43877,-0.46051,0.57584,434.06541
0.14552,-0.09714,0.13888,0.51364,0.43874,-0.46050,0.57587,434.16586
0.14552,-0.09724,0.13889,0.51364,0.43871,-0.46049,0.57590,434.26632
0.14552,-0.09734,0.13889,0.51364,0.43868,-0.46047,0.57593,434.36678
0.14553,-0.09744,0.13890,0.51365,0.43864,-0.46046,0.57596,434.46723
0.14553,-0.09754,0.13891,0.51365,0.43861,-0.46045,0.57599,434.56769
0.14553,-0.09764,0.13892,0.51365,0.43858,-0.46044,0.57602,434.66815
0.14554,-0.09774,0.13893,0.51365,0.43855,-0.46043,0.57605,434.76861
0.14554,-0.09784,0.13894,0.51366,0.43852,-0.46042,0.57608,434.86907
0.14554,-0.09794,0.13895,0.51366,0.43849,-0.46041,0.57611,434.96953
0.14555,-0.09804,0.13896,0.51366,0.43846,-0.46040,0.57614,435.06999
0.14555,-0.09814,0.13897,0.51367,0.43843,-0.46039,0.57616,435.17045
0.14555,-0.09824,0.13897,0.51367,0.43840,-0.46038,0.57619,435.27091
0.14555,-0.09834,0.13898,0.51367,0.43837,-0.46037,0.57622,435.37137
0.14556,-0.09844,0.13899,0.51368,0.43833,-0.46036,0.57625,435.47183
0.14556,-0.09854,0.13900,0.51369,0.43830,-0.46035,0.57628,435.57229
0.14556,-0.09864,0.13901,0.51369,0.43827,-0.46033,0.57632,435.67276
0.14557,-0.09874,0.13902,0.51369,0.43824,-0.46032,0.57635,435.77322
0.14557,-0.09884,0.13903,0.51370,0.43821,-0.46031,0.57637,435.87368
0.14557,-0.09894,0.13904,0.51370,0.43818,-0.46030,0.57640,435.97415
0.14558,-0.09904,0.13905,0.51371,0.43814,-0.46029,0.57643,436.07461
0.14558,-0.09914,0.13906,0.51371,0.43811,-0.46028,0.57646,436.17508
0.14558,-0.09924,0.13907,0.51371,0.43808,-0.46027,0.57649,436.27554
0.14559,-0.09934,0.13908,0.51372,0.43805,-0.46025,0.57652,436.37601
0.14559,-0.09944,0.13909,0.51372,0.43802,-0.46024,0.57655,436.47647
0.14559,-0.09954,0.13909,0.51372,0.43799,-0.46023,0.57658,436.57694
0.14560,-0.09964,0.13910,0.51373,0.43796,-0.46021,0.57661,436.67741
0.14560,-0.09974,0.13911,0.51373,0.43793,-0.46020,0.57664,436.77788
0.14560,-0.09984,0.13912,0.51373,0.43790,-0.46019,0.57667,436.87834
0.14561,-0.09994,0.13913,0.51374,0.43787,-0.46018,0.57669,436.97881
0.14561,-0.10004,0.13914,0.51374,0.43784,-0.46017,0.57672,437.07928
0.14561,-0.10014,0.13914,0.51375,0.43781,-0.46016,0.57675,437.17975
0.14562,-0.10024,0.13915,0.51375,0.43778,-0.46014,0.57678,437.28022
0.14562,-0.10034,0.13916,0.51376,0.43775,-0.46013,0.57681,437.38069
0.14562,-0.10044,0.13917,0.51376,0.43772,-0.46012,0.57684,437.48116
0.14563,-0.10054,0.13918,0.51376,0.43769,-0.46011,0.57687,437.58163
0.14563,-0.10064,0.13919,0.51377,0.43765,-0.46010,0.57690,437.68210
0.14563,-0.10074,0.13920,0.51377,0.43762,-0.46009,0.57692,437.78258
0.14564,-0.10084,0.13920,0.51378,0.43760,-0.46007,0.57696,437.88305
0.14564,-0.10094,0.13921,0.51379,0.43757,-0.46006,0.57698,437.98352
0.14564,-0.10105,0.13922,0.51379,0.43754,-0.46005,0.57701,438.08400
0.14565,-0.10115,0.13923,0.51380,0.43750,-0.46004,0.57703,438.18447
0.14565,-0.10125,0.13924,0.51380,0.43747,-0.46003,0.57706,438.28494
0.14565,-0.10135,0.13925,0.51381,0.43744,-0.46001,0.57709,438.38542
0.14566,-0.10145,0.13926,0.51381,0.43741,-0.46000,0.57712,438.48589
0.14566,-0.10155,0.13927,0.51382,0.43738,-0.45998,0.57715,438.58637
0.14566,-0.10165,0.13928,0.51382,0.43735,-0.45997,0.57718,438.68684
0.14566,-0.10175,0.13929,0.51383,0.43733,-0.45996,0.57720,438.78732
0.14567,-0.10185,0.13930,0.51383,0.43730,-0.45994,0.57723,438.88780
0.14567,-0.10195,0.13931,0.51384,0.43727,-0.45993,0.57726,438.98827
0.14567,-0.10205,0.13931,0.51384,0.43724,-0.45992,0.57729,439.08875
0.14568,-0.10215,0.13932,0.51385,0.43721,-0.45991,0.57731,439.18923
0.14568,-0.10225,0.13933,0.51385,0.43718,-0.45990,0.57734,439.28971
0.14568,-0.10235,0.13934,0.51386,0.43715,-0.45988,0.57737,439.39019
0.14569,-0.10245,0.13935,0.51386,0.43712,-0.45987,0.57740,439.49066
0.14569,-0.10255,0.13936,0.51387,0.43709,-0.45986,0.57742,439.59114
0.14569,-0.10265,0.13937,0.51387,0.43706,-0.45985,0.57745,439.69162
0.14570,-0.10275,0.13938,0.51389,0.43703,-0.45983,0.57748,439.79210
0.14570,-0.10285,0.13939,0.51388,0.43700,-0.45982,0.57751,439.89258
0.14570,-0.10295,0.13940,0.51389,0.43697,-0.45980,0.57754,439.99307
0.14571,-0.10305,0.13941,0.51390,0.43694,-0.45979,0.57757,440.09355
0.14571,-0.10315,0.13942,0.51391,0.43692,-0.45978,0.57759,440.19403
0.14571,-0.10325,0.13943,0.51391,0.43688,-0.45977,0.57762,440.29451
0.14572,-0.10335,0.13943,0.51392,0.43685,-0.45975,0.57765,440.39499
0.14572,-0.10345,0.13944,0.51392,0.43682,-0.45974,0.57768,440.49548
0.14572,-0.10355,0.13945,0.51393,0.43680,-0.45972,0.57770,440.59596
0.14573,-0.10365,0.13946,0.51394,0.43677,-0.45971,0.57772,440.69644
0.14573,-0.10375,0.13947,0.51394,0.43674,-0.45970,0.57776,440.79693
0.14573,-0.10385,0.13948,0.51395,0.43671,-0.45968,0.57778,440.89741
0.14574,-0.10395,0.13949,0.51395,0.43668,-0.45967,0.57781,440.99790
0.14574,-0.10405,0.13950,0.51396,0.43665,-0.45966,0.57784,441.09838
0.14574,-0.10415,0.13951,0.51396,0.43663,-0.45964,0.57786,441.19887
0.14575,-0.10425,0.13952,0.51397,0.43660,-0.45963,0.57789,441.29935
0.14575,-0.10435,0.13953,0.51398,0.43657,-0.45962,0.57792,441.39984
0.14575,-0.10445,0.13954,0.51398,0.43654,-0.45960,0.57795,441.50033
0.14576,-0.10455,0.13955,0.51399,0.43651,-0.45959,0.57797,441.60081
0.14576,-0.10465,0.13955,0.51399,0.43648,-0.45958,0.57800,441.70130
0.14576,-0.10475,0.13956,0.51400,0.43646,-0.45956,0.57803,441.80179
0.14576,-0.10485,0.13957,0.51401,0.43642,-0.45955,0.57805,441.90228
0.14577,-0.10495,0.13958,0.51401,0.43640,-0.45954,0.57808,442.00276
0.14577,-0.10505,0.13959,0.51402,0.43637,-0.45952,0.57810,442.10325
0.14577,-0.10515,0.13960,0.51403,0.43634,-0.45950,0.57813,442.20374
0.14578,-0.10525,0.13961,0.51404,0.43632,-0.45949,0.57816,442.30423
0.14578,-0.10535,0.13962,0.51404,0.43629,-0.45948,0.57818,442.40472
0.14578,-0.10545,0.13962,0.51405,0.43625,-0.45946,0.57821,442.50521
0.14579,-0.10555,0.13963,0.51406,0.43622,-0.45945,0.57824,442.60570
0.14579,-0.10565,0.13964,0.51407,0.43620,-0.45943,0.57826,442.70619
0.14579,-0.10575,0.13965,0.51407,0.43617,-0.45942,0.57829,442.80669
0.14580,-0.10585,0.13966,0.51408,0.43614,-0.45940,0.57832,442.90718
0.14580,-0.10595,0.13966,0.51409,0.43611,-0.45939,0.57834,443.00767
0.14580,-0.10605,0.13967,0.51410,0.43609,-0.45937,0.57837,443.10816
0.14581,-0.10615,0.13968,0.51410,0.43606,-0.45936,0.57840,443.20865
0.14581,-0.10625,0.13969,0.51411,0.43603,-0.45935,0.57842,443.30915
0.14581,-0.10635,0.13970,0.51412,0.43601,-0.45933,0.57844,443.40964
0.14582,-0.10645,0.13971,0.51412,0.43598,-0.45932,0.57847,443.51013
0.14582,-0.10655,0.13972,0.51413,0.43595,-0.45930,0.57849,443.61063
0.14582,-0.10665,0.13973,0.51414,0.43592,-0.45929,0.57852,443.71112
0.14583,-0.10675,0.13974,0.51415,0.43590,-0.45928,0.57855,443.81162
0.14583,-0.10685,0.13975,0.51415,0.43587,-0.45926,0.57857,443.91211
0.14583,-0.10695,0.13976,0.51416,0.43584,-0.45925,0.57860,444.01261
0.14584,-0.10705,0.13977,0.51417,0.43582,-0.45923,0.57863,444.11310
0.14584,-0.10715,0.13977,0.51418,0.43579,-0.45922,0.57865,444.21360
0.14584,-0.10725,0.13978,0.51418,0.43576,-0.45920,0.57868,444.31409
0.14585,-0.10735,0.13979,0.51419,0.43573,-0.45919,0.57870,444.41459
0.14585,-0.10745,0.13980,0.51420,0.43570,-0.45917,0.57872,444.51509
0.14585,-0.10755,0.13981,0.51421,0.43567,-0.45915,0.57875,444.61558
0.14586,-0.10765,0.13982,0.51421,0.43565,-0.45915,0.57878,444.71608
0.14586,-0.10775,0.13983,0.51422,0.43562,-0.45912,0.57880,444.81658
0.14586,-0.10785,0.13984,0.51423,0.43560,-0.45911,0.57882,444.91708
0.14587,-0.10795,0.13985,0.51424,0.43556,-0.45909,0.57885,445.01758
0.14587,-0.10805,0.13986,0.51424,0.43554,-0.45908,0.57888,445.11807
0.14587,-0.10815,0.13987,0.51426,0.43552,-0.45906,0.57890,445.21857
0.14587,-0.10825,0.13988,0.51426,0.43549,-0.45905,0.57893,445.31907
0.14588,-0.10835,0.13989,0.51428,0.43546,-0.45903,0.57895,445.41957
0.14588,-0.10845,0.13989,0.51428,0.43543,-0.45902,0.57898,445.52007
0.14588,-0.10855,0.13990,0.51429,0.43541,-0.45900,0.57900,445.62057
0.14589,-0.10865,0.13991,0.51430,0.43538,-0.45899,0.57903,445.72107
0.14589,-0.10875,0.13992,0.51431,0.43535,-0.45897,0.57906,445.82157
0.14589,-0.10885,0.13993,0.51431,0.43533,-0.45896,0.57907,445.92207
0.14590,-0.10895,0.13994,0.51433,0.43530,-0.45894,0.57910,446.02258
0.14590,-0.10905,0.13995,0.51433,0.43528,-0.45893,0.57912,446.12308
0.14590,-0.10915,0.13996,0.51434,0.43525,-0.45891,0.57915,446.22358
0.14591,-0.10925,0.13997,0.51435,0.43522,-0.45890,0.57917,446.32408
0.14591,-0.10935,0.13998,0.51436,0.43520,-0.45888,0.57920,446.42458
0.14591,-0.10945,0.13999,0.51437,0.43517,-0.45887,0.57922,446.52509
0.14592,-0.10955,0.14000,0.51438,0.43515,-0.45884,0.57925,446.62559
0.14592,-0.10965,0.14001,0.51439,0.43512,-0.45883,0.57927,446.72609
0.14592,-0.10975,0.14001,0.51440,0.43509,-0.45881,0.57930,446.82660
0.14593,-0.10985,0.14002,0.51441,0.43507,-0.45879,0.57932,446.92710
0.14593,-0.10995,0.14003,0.51441,0.43504,-0.45878,0.57935,447.02760
0.14593,-0.11005,0.14004,0.51442,0.43502,-0.45876,0.57937,447.12811
0.14594,-0.11015,0.14005,0.51443,0.43499,-0.45875,0.57939,447.22861
0.14594,-0.11025,0.14006,0.51444,0.43497,-0.45873,0.57941,447.32912
0.14594,-0.11035,0.14007,0.51445,0.43493,-0.45872,0.57944,447.42962
0.14595,-0.11045,0.14008,0.51446,0.43491,-0.45870,0.57946,447.53013
0.14595,-0.11055,0.14009,0.51447,0.43488,-0.45868,0.57949,447.63063
0.14595,-0.11065,0.14010,0.51448,0.43485,-0.45867,0.57951,447.73114
0.14596,-0.11075,0.14011,0.51449,0.43484,-0.45865,0.57953,447.83165
0.14596,-0.11085,0.14013,0.51450,0.43480,-0.45864,0.57956,447.93215
0.14596,-0.11095,0.14014,0.51451,0.43478,-0.45862,0.57958,448.03266
0.14596,-0.11105,0.14014,0.51452,0.43475,-0.45860,0.57961,448.13317
0.14597,-0.11115,0.14015,0.51452,0.43473,-0.45859,0.57963,448.23367
0.14597,-0.11125,0.14016,0.51453,0.43470,-0.45857,0.57966,448.33418
0.14597,-0.11135,0.14017,0.51454,0.43468,-0.45856,0.57967,448.43469
0.14598,-0.11145,0.14018,0.51455,0.43465,-0.45854,0.57970,448.53520
0.14598,-0.11155,0.14019,0.51456,0.43463,-0.45852,0.57972,448.63571
0.14598,-0.11165,0.14020,0.51458,0.43460,-0.45851,0.57974,448.73621
0.14599,-0.11175,0.14021,0.51458,0.43458,-0.45848,0.57977,448.83672
0.14599,-0.11185,0.14022,0.51459,0.43455,-0.45847,0.57979,448.93723
0.14599,-0.11195,0.14023,0.51460,0.43453,-0.45845,0.57982,449.03774
0.14600,-0.11205,0.14024,0.51462,0.43450,-0.45843,0.57984,449.13825
0.14600,-0.11215,0.14025,0.51463,0.43448,-0.45842,0.57986,449.23876
0.14600,-0.11225,0.14025,0.51464,0.43445,-0.45840,0.57989,449.33927
0.14601,-0.11235,0.14026,0.51465,0.43443,-0.45838,0.57991,449.43978
0.14601,-0.11245,0.14027,0.51466,0.43441,-0.45837,0.57993,449.54029
0.14601,-0.11255,0.14028,0.51467,0.43438,-0.45835,0.57996,449.64080
0.14602,-0.11265,0.14029,0.51468,0.43436,-0.45833,0.57998,449.74131
0.14602,-0.11275,0.14030,0.51469,0.43433,-0.45832,0.58000,449.84182
0.14602,-0.11285,0.14031,0.51470,0.43431,-0.45830,0.58002,449.94233
0.14603,-0.11295,0.14032,0.51471,0.43428,-0.45828,0.58005,450.04284
0.14603,-0.11305,0.14033,0.51472,0.43426,-0.45827,0.58007,450.14336
0.14603,-0.11315,0.14034,0.51474,0.43423,-0.45825,0.58009,450.24387
0.14604,-0.11325,0.14035,0.51475,0.43421,-0.45823,0.58011,450.34438
0.14604,-0.11335,0.14036,0.51476,0.43418,-0.45821,0.58014,450.44489
0.14604,-0.11345,0.14037,0.51477,0.43416,-0.45820,0.58016,450.54540
0.14605,-0.11355,0.14037,0.51478,0.43414,-0.45818,0.58018,450.64592
0.14605,-0.11365,0.14038,0.51479,0.43411,-0.45816,0.58021,450.74643
0.14605,-0.11375,0.14039,0.51480,0.43408,-0.45814,0.58022,450.84694
0.14605,-0.11385,0.14040,0.51481,0.43406,-0.45812,0.58024,450.94746
0.14606,-0.11395,0.14041,0.51482,0.43404,-0.45811,0.58027,451.04797
0.14606,-0.11405,0.14042,0.51483,0.43401,-0.45808,0.58029,451.14848
0.14606,-0.11415,0.14043,0.51484,0.43399,-0.45807,0.58031,451.24900
0.14607,-0.11425,0.14044,0.51485,0.43397,-0.45805,0.58033,451.34951
0.14607,-0.11435,0.14045,0.51487,0.43394,-0.45803,0.58036,451.45002
0.14607,-0.11445,0.14046,0.51488,0.43391,-0.45802,0.58038,451.55054
0.14608,-0.11455,0.14047,0.51489,0.43389,-0.45800,0.58040,451.65105
0.14608,-0.11465,0.14048,0.51490,0.43387,-0.45798,0.58042,451.75157
0.14608,-0.11475,0.14049,0.51491,0.43384,-0.45796,0.58045,451.85208
0.14609,-0.11485,0.14049,0.51492,0.43382,-0.45795,0.58047,451.95260
0.14609,-0.11495,0.14050,0.51493,0.43380,-0.45793,0.58049,452.05311
0.14609,-0.11505,0.14051,0.51495,0.43377,-0.45791,0.58051,452.15363
0.14610,-0.11515,0.14052,0.51496,0.43375,-0.45789,0.58053,452.25414
0.14610,-0.11525,0.14053,0.51497,0.43373,-0.45787,0.58055,452.35466
0.14610,-0.11535,0.14054,0.51498,0.43370,-0.45786,0.58057,452.45518
0.14611,-0.11545,0.14055,0.51499,0.43368,-0.45784,0.58059,452.55569
0.14611,-0.11555,0.14056,0.51500,0.43366,-0.45781,0.58062,452.65621
0.14611,-0.11565,0.14057,0.51502,0.43363,-0.45779,0.58064,452.75672
0.14612,-0.11575,0.14058,0.51503,0.43361,-0.45778,0.58066,452.85724
0.14612,-0.11585,0.14059,0.51504,0.43359,-0.45776,0.58068,452.95776
0.14612,-0.11595,0.14060,0.51505,0.43356,-0.45775,0.58070,453.05828
0.14613,-0.11605,0.14061,0.51506,0.43354,-0.45772,0.58073,453.15879
0.14613,-0.11615,0.14061,0.51507,0.43352,-0.45770,0.58075,453.25931
0.14613,-0.11625,0.14062,0.51509,0.43349,-0.45768,0.58077,453.35983
0.14614,-0.11635,0.14063,0.51510,0.43347,-0.45767,0.58078,453.46034
0.14614,-0.11645,0.14064,0.51511,0.43345,-0.45765,0.58080,453.56086
0.14614,-0.11655,0.14065,0.51512,0.43343,-0.45763,0.58083,453.66138
0.14615,-0.11665,0.14066,0.51514,0.43340,-0.45761,0.58085,453.76190
0.14615,-0.11675,0.14067,0.51515,0.43338,-0.45759,0.58087,453.86242
0.14615,-0.11685,0.14068,0.51517,0.43336,-0.45757,0.58089,453.96293
0.14615,-0.11695,0.14069,0.51517,0.43334,-0.45756,0.58091,454.06345
0.14616,-0.11705,0.14070,0.51519,0.43331,-0.45754,0.58093,454.16397
0.14616,-0.11715,0.14071,0.51521,0.43329,-0.45752,0.58095,454.26449
0.14616,-0.11725,0.14072,0.51521,0.43327,-0.45750,0.58098,454.36501
0.14617,-0.11735,0.14072,0.51522,0.43325,-0.45748,0.58100,454.46553
0.14617,-0.11745,0.14073,0.51525,0.43322,-0.45746,0.58102,454.56605
0.14617,-0.11755,0.14074,0.51526,0.43320,-0.45744,0.58104,454.66657
0.14618,-0.11765,0.14076,0.51527,0.43317,-0.45742,0.58105,454.76709
0.14618,-0.11775,0.14077,0.51528,0.43315,-0.45740,0.58107,454.86760
0.14618,-0.11785,0.14078,0.51530,0.43313,-0.45739,0.58109,454.96812
0.14619,-0.11795,0.14079,0.51531,0.43311,-0.45737,0.58111,455.06864
0.14619,-0.11805,0.14080,0.51532,0.43308,-0.45734,0.58114,455.16916
0.14619,-0.11815,0.14081,0.51533,0.43306,-0.45732,0.58116,455.26968
0.14620,-0.11825,0.14082,0.51535,0.43304,-0.45730,0.58118,455.37020
0.14620,-0.11835,0.14083,0.51536,0.43302,-0.45728,0.58120,455.47072
0.14620,-0.11845,0.14084,0.51538,0.43299,-0.45726,0.58122,455.57124
0.14621,-0.11855,0.14085,0.51539,0.43297,-0.45724,0.58124,455.67176
0.14621,-0.11865,0.14085,0.51540,0.43295,-0.45723,0.58126,455.77228
0.14621,-0.11875,0.14086,0.51541,0.43293,-0.45721,0.58127,455.87281
0.14622,-0.11885,0.14087,0.51543,0.43291,-0.45719,0.58129,455.97333
0.14622,-0.11895,0.14088,0.51544,0.43288,-0.45717,0.58132,456.07385
0.14622,-0.11905,0.14089,0.51546,0.43286,-0.45715,0.58133,456.17437
0.14623,-0.11915,0.14090,0.51547,0.43284,-0.45713,0.58135,456.27489
0.14623,-0.11925,0.14091,0.51549,0.43282,-0.45711,0.58137,456.37541
0.14623,-0.11935,0.14092,0.51550,0.43280,-0.45709,0.58139,456.47593
0.14624,-0.11945,0.14093,0.51551,0.43278,-0.45707,0.58141,456.57645
0.14624,-0.11955,0.14094,0.51553,0.43275,-0.45705,0.58143,456.67697
0.14624,-0.11965,0.14095,0.51554,0.43273,-0.45703,0.58145,456.77750
0.14624,-0.11975,0.14096,0.51555,0.43271,-0.45701,0.58147,456.87802
0.14625,-0.11985,0.14097,0.51557,0.43269,-0.45699,0.58149,456.97854
0.14625,-0.11995,0.14097,0.51558,0.43267,-0.45697,0.58151,457.07906
0.14625,-0.12005,0.14098,0.51560,0.43265,-0.45694,0.58153,457.17958
0.14626,-0.12015,0.14099,0.51561,0.43263,-0.45692,0.58155,457.28010
0.14626,-0.12025,0.14100,0.51563,0.43261,-0.45690,0.58156,457.38063
0.14626,-0.12035,0.14101,0.51564,0.43259,-0.45688,0.58158,457.48115
0.14627,-0.12045,0.14102,0.51565,0.43256,-0.45686,0.58161,457.58167
0.14627,-0.12055,0.14103,0.51567,0.43254,-0.45684,0.58162,457.68219
0.14627,-0.12065,0.14104,0.51568,0.43252,-0.45682,0.58164,457.78271
0.14628,-0.12075,0.14105,0.51570,0.43250,-0.45680,0.58166,457.88324
0.14628,-0.12085,0.14106,0.51571,0.43248,-0.45678,0.58168,457.98376
0.14628,-0.12095,0.14107,0.51573,0.43246,-0.45676,0.58170,458.08428
0.14629,-0.12105,0.14108,0.51574,0.43244,-0.45674,0.58172,458.18480
0.14629,-0.12115,0.14109,0.51576,0.43242,-0.45672,0.58174,458.28533
0.14629,-0.12125,0.14109,0.51577,0.43240,-0.45670,0.58176,458.38585
0.14630,-0.12135,0.14110,0.51579,0.43238,-0.45667,0.58177,458.48637
0.14630,-0.12145,0.14111,0.51580,0.43236,-0.45666,0.58179,458.58689
0.14630,-0.12155,0.14112,0.51581,0.43234,-0.45664,0.58181,458.68742
0.14631,-0.12165,0.14113,0.51583,0.43232,-0.45661,0.58183,458.78794
0.14631,-0.12175,0.14114,0.51584,0.43230,-0.45659,0.58185,458.88846
0.14631,-0.12185,0.14115,0.51586,0.43228,-0.45657,0.58187,458.98898
0.14632,-0.12195,0.14116,0.51588,0.43225,-0.45655,0.58189,459.08951
0.14632,-0.12205,0.14118,0.51589,0.43223,-0.45653,0.58190,459.19003
0.14632,-0.12215,0.14119,0.51591,0.43221,-0.45651,0.58192,459.29055
0.14633,-0.12225,0.14120,0.51592,0.43219,-0.45649,0.58194,459.39108
0.14633,-0.12235,0.14121,0.51594,0.43217,-0.45647,0.58196,459.49160
0.14633,-0.12245,0.14121,0.51595,0.43215,-0.45645,0.58198,459.59212
0.14633,-0.12255,0.14122,0.51597,0.43213,-0.45643,0.58199,459.69265
0.14634,-0.12265,0.14123,0.51598,0.43211,-0.45640,0.58202,459.79317
0.14634,-0.12275,0.14124,0.51600,0.43209,-0.45638,0.58203,459.89369
0.14634,-0.12285,0.14125,0.51601,0.43207,-0.45636,0.58205,459.99422
0.14635,-0.12295,0.14126,0.51603,0.43205,-0.45634,0.58206,460.09072
0.14635,-0.12304,0.14127,0.51605,0.43203,-0.45632,0.58208,460.18320
0.14635,-0.12313,0.14128,0.51606,0.43201,-0.45630,0.58210,460.27166
0.14636,-0.12321,0.14128,0.51608,0.43198,-0.45628,0.58212,460.35610
0.14636,-0.12329,0.14129,0.51609,0.43197,-0.45625,0.58214,460.43652
0.14636,-0.12337,0.14130,0.51611,0.43195,-0.45623,0.58215,460.51292
0.14636,-0.12344,0.14131,0.51612,0.43194,-0.45621,0.58217,460.58529
0.14637,-0.12351,0.14131,0.51614,0.43192,-0.45618,0.58219,460.65365
0.14637,-0.12357,0.14132,0.51616,0.43189,-0.45616,0.58220,460.71798
0.14637,-0.12363,0.14133,0.51617,0.43187,-0.45614,0.58222,460.77830
0.14637,-0.12369,0.14133,0.51619,0.43185,-0.45612,0.58224,460.83459
0.14637,-0.12374,0.14133,0.51621,0.43183,-0.45610,0.58225,460.88686
0.14637,-0.12379,0.14133,0.51622,0.43181,-0.45608,0.58227,460.93511
0.14638,-0.12383,0.14134,0.51624,0.43179,-0.45606,0.58229,460.97934
0.14638,-0.12387,0.14134,0.51625,0.43178,-0.45603,0.58231,461.01955
0.14638,-0.12391,0.14135,0.51627,0.43175,-0.45601,0.58233,461.05574
0.14638,-0.12394,0.14135,0.51629,0.43173,-0.45599,0.58234,461.08791
0.14638,-0.12397,0.14135,0.51630,0.43172,-0.45597,0.58236,461.11606
0.14638,-0.12399,0.14135,0.51632,0.43169,-0.45595,0.58238,461.14018
0.14638,-0.12401,0.14136,0.51634,0.43167,-0.45593,0.58239,461.16029
0.14638,-0.12403,0.14136,0.51635,0.43165,-0.45590,0.58242,461.17637
0.14638,-0.12404,0.14136,0.51637,0.43164,-0.45588,0.58243,461.18843
0.14638,-0.12405,0.14136,0.51638,0.43162,-0.45586,0.58245,461.19647
0.14638,-0.12405,0.14136,0.51640,0.43160,-0.45584,0.58246,461.20050
0.14638,-0.12405,0.14136,0.51642,0.43158,-0.45581,0.58248,461.20050
0.14638,-0.12405,0.14136,0.51643,0.43156,-0.45579,0.58250,461.20452
